2026-03-04T00:00:00.191+01:00 INFO payment-scheduler host=payment-scheduler-5b8f6c-p9qmz corrId=- scheduler heartbeat lag_ms=46
2026-03-04T00:00:00.299+01:00 INFO api-gateway host=api-gateway-7c9d5b-t6zvn corrId=- health probe ok status=200 latency_ms=29
2026-03-04T00:00:16.000+01:00 INFO config-service host=config-service-a41e92-t6zvn corrId=- configuration refreshed version=v105
2026-03-04T00:05:00.683+01:00 INFO api-gateway host=api-gateway-7c9d5b-t6zvn corrId=- health probe ok status=200 latency_ms=36
2026-03-04T00:10:00.157+01:00 INFO payment-scheduler host=payment-scheduler-7c9d5b-t6zvn corrId=- scheduler heartbeat lag_ms=116
2026-03-04T00:10:00.364+01:00 INFO api-gateway host=api-gateway-7c9d5b-t6zvn corrId=- health probe ok status=200 latency_ms=19
2026-03-04T00:15:00.796+01:00 INFO api-gateway host=api-gateway-5b8f6c-p9qmz corrId=- health probe ok status=200 latency_ms=7
2026-03-04T00:20:00.372+01:00 INFO payment-scheduler host=payment-scheduler-5b8f6c-x2k4p corrId=- scheduler heartbeat lag_ms=9
2026-03-04T00:20:00.725+01:00 INFO api-gateway host=api-gateway-a41e92-p9qmz corrId=- health probe ok status=200 latency_ms=21
2026-03-04T00:25:00.899+01:00 INFO api-gateway host=api-gateway-7c9d5b-x2k4p corrId=- health probe ok status=200 latency_ms=37
2026-03-04T00:30:00.240+01:00 INFO payment-scheduler host=payment-scheduler-7c9d5b-t6zvn corrId=- scheduler heartbeat lag_ms=93
2026-03-04T00:30:00.730+01:00 INFO api-gateway host=api-gateway-7c9d5b-p9qmz corrId=- health probe ok status=200 latency_ms=16
2026-03-04T00:35:00.610+01:00 INFO api-gateway host=api-gateway-7c9d5b-p9qmz corrId=- health probe ok status=200 latency_ms=17
2026-03-04T00:36:19.000+01:00 INFO valuation-service host=valuation-service-5b8f6c-p9qmz corrId=- jvm gc pause pause_ms=14
2026-03-04T00:40:00.091+01:00 INFO api-gateway host=api-gateway-a41e92-p9qmz corrId=- health probe ok status=200 latency_ms=35
2026-03-04T00:40:00.320+01:00 INFO payment-scheduler host=payment-scheduler-a41e92-t6zvn corrId=- scheduler heartbeat lag_ms=109
2026-03-04T00:44:26.000+01:00 INFO valuation-service host=valuation-service-7c9d5b-t6zvn corrId=- jvm gc pause pause_ms=71
2026-03-04T00:45:00.521+01:00 INFO api-gateway host=api-gateway-7c9d5b-x2k4p corrId=- health probe ok status=200 latency_ms=34
2026-03-04T00:50:00.256+01:00 INFO payment-scheduler host=payment-scheduler-7c9d5b-p9qmz corrId=- scheduler heartbeat lag_ms=2
2026-03-04T00:50:00.717+01:00 INFO api-gateway host=api-gateway-5b8f6c-t6zvn corrId=- health probe ok status=200 latency_ms=22
2026-03-04T00:55:00.498+01:00 INFO api-gateway host=api-gateway-5b8f6c-x2k4p corrId=- health probe ok status=200 latency_ms=18
2026-03-04T01:00:00.558+01:00 INFO payment-scheduler host=payment-scheduler-7c9d5b-p9qmz corrId=- scheduler heartbeat lag_ms=76
2026-03-04T01:00:00.845+01:00 INFO api-gateway host=api-gateway-5b8f6c-t6zvn corrId=- health probe ok status=200 latency_ms=32
2026-03-04T01:00:27.000+01:00 INFO config-service host=config-service-5b8f6c-x2k4p corrId=- configuration refreshed version=v115
2026-03-04T01:05:00.478+01:00 INFO api-gateway host=api-gateway-7c9d5b-x2k4p corrId=- health probe ok status=200 latency_ms=25
2026-03-04T01:10:00.221+01:00 INFO payment-scheduler host=payment-scheduler-5b8f6c-x2k4p corrId=- scheduler heartbeat lag_ms=26
2026-03-04T01:10:00.471+01:00 INFO api-gateway host=api-gateway-5b8f6c-x2k4p corrId=- health probe ok status=200 latency_ms=19
2026-03-04T01:15:00.080+01:00 INFO api-gateway host=api-gateway-5b8f6c-p9qmz corrId=- health probe ok status=200 latency_ms=30
2026-03-04T01:20:00.774+01:00 INFO api-gateway host=api-gateway-7c9d5b-p9qmz corrId=- health probe ok status=200 latency_ms=5
2026-03-04T01:20:00.876+01:00 INFO payment-scheduler host=payment-scheduler-5b8f6c-t6zvn corrId=- scheduler heartbeat lag_ms=10
2026-03-04T01:25:00.604+01:00 INFO api-gateway host=api-gateway-a41e92-p9qmz corrId=- health probe ok status=200 latency_ms=21
2026-03-04T01:29:17.000+01:00 INFO valuation-service host=valuation-service-a41e92-x2k4p corrId=- jvm gc pause pause_ms=34
2026-03-04T01:30:00.195+01:00 INFO payment-scheduler host=payment-scheduler-5b8f6c-t6zvn corrId=- scheduler heartbeat lag_ms=5
2026-03-04T01:30:00.744+01:00 INFO api-gateway host=api-gateway-5b8f6c-x2k4p corrId=- health probe ok status=200 latency_ms=40
2026-03-04T01:31:33.000+01:00 INFO valuation-service host=valuation-service-7c9d5b-x2k4p corrId=- jvm gc pause pause_ms=86
2026-03-04T01:35:00.754+01:00 INFO api-gateway host=api-gateway-5b8f6c-t6zvn corrId=- health probe ok status=200 latency_ms=17
2026-03-04T01:38:36.000+01:00 INFO valuation-service host=valuation-service-5b8f6c-p9qmz corrId=- jvm gc pause pause_ms=27
2026-03-04T01:40:00.260+01:00 INFO api-gateway host=api-gateway-a41e92-p9qmz corrId=- health probe ok status=200 latency_ms=14
2026-03-04T01:40:00.306+01:00 INFO payment-scheduler host=payment-scheduler-7c9d5b-x2k4p corrId=- scheduler heartbeat lag_ms=119
2026-03-04T01:45:00.675+01:00 INFO api-gateway host=api-gateway-7c9d5b-p9qmz corrId=- health probe ok status=200 latency_ms=18
2026-03-04T01:50:00.005+01:00 INFO api-gateway host=api-gateway-a41e92-t6zvn corrId=- health probe ok status=200 latency_ms=6
2026-03-04T01:50:00.693+01:00 INFO payment-scheduler host=payment-scheduler-7c9d5b-x2k4p corrId=- scheduler heartbeat lag_ms=81
2026-03-04T01:55:00.593+01:00 INFO api-gateway host=api-gateway-7c9d5b-t6zvn corrId=- health probe ok status=200 latency_ms=23
2026-03-04T02:00:00.379+01:00 INFO api-gateway host=api-gateway-7c9d5b-t6zvn corrId=- health probe ok status=200 latency_ms=14
2026-03-04T02:00:00.439+01:00 INFO payment-scheduler host=payment-scheduler-7c9d5b-t6zvn corrId=- scheduler heartbeat lag_ms=93
2026-03-04T02:00:48.000+01:00 INFO config-service host=config-service-7c9d5b-x2k4p corrId=- configuration refreshed version=v112
2026-03-04T02:02:16.566+01:00 INFO payment-scheduler host=payment-scheduler-a41e92-p9qmz corrId=c-9b04ab3712090935 instalment collection started loan_id=LN380766757 due_date=2026-03-21
2026-03-04T02:02:16.703+01:00 INFO payment-service host=payment-service-7c9d5b-t6zvn corrId=c-9b04ab3712090935 direct debit mandate verified loan_id=LN380766757 mandate_id=MD3561022
2026-03-04T02:02:16.719+01:00 INFO payment-service host=payment-service-a41e92-t6zvn corrId=c-9b04ab3712090935 payment instruction sent loan_id=LN380766757 amount_dkk=4250.90
2026-03-04T02:02:16.789+01:00 INFO ledger-service host=ledger-service-a41e92-p9qmz corrId=c-9b04ab3712090935 ledger posting accepted loan_id=LN380766757 amount_dkk=4250.90 posting_id=PST-4b34449981
2026-03-04T02:02:16.832+01:00 INFO payment-service host=payment-service-5b8f6c-p9qmz corrId=c-9b04ab3712090935 payment settled loan_id=LN380766757 amount_dkk=4250.90
2026-03-04T02:02:16.934+01:00 INFO notification-service host=notification-service-5b8f6c-p9qmz corrId=c-9b04ab3712090935 payment receipt sent loan_id=LN380766757 channel=DIGITAL_POST
2026-03-04T02:04:21.163+01:00 INFO payment-scheduler host=payment-scheduler-7c9d5b-x2k4p corrId=c-a436a7557819d851 instalment collection started loan_id=LN535737108 due_date=2026-03-28
2026-03-04T02:04:21.217+01:00 INFO payment-service host=payment-service-a41e92-t6zvn corrId=c-a436a7557819d851 direct debit mandate verified loan_id=LN535737108 mandate_id=MD3022161
2026-03-04T02:04:21.248+01:00 INFO payment-service host=payment-service-7c9d5b-t6zvn corrId=c-a436a7557819d851 payment instruction sent loan_id=LN535737108 amount_dkk=16717.68
2026-03-04T02:04:21.310+01:00 INFO ledger-service host=ledger-service-a41e92-p9qmz corrId=c-a436a7557819d851 ledger posting accepted loan_id=LN535737108 amount_dkk=16717.68 posting_id=PST-25401bf2ae
2026-03-04T02:04:21.385+01:00 INFO payment-service host=payment-service-7c9d5b-t6zvn corrId=c-a436a7557819d851 payment settled loan_id=LN535737108 amount_dkk=16717.68
2026-03-04T02:04:21.490+01:00 INFO notification-service host=notification-service-5b8f6c-p9qmz corrId=c-a436a7557819d851 payment receipt sent loan_id=LN535737108 channel=DIGITAL_POST
2026-03-04T02:05:00.143+01:00 INFO api-gateway host=api-gateway-5b8f6c-t6zvn corrId=- health probe ok status=200 latency_ms=35
2026-03-04T02:05:39.646+01:00 INFO payment-scheduler host=payment-scheduler-7c9d5b-t6zvn corrId=c-cfdab22e4173e530 instalment collection started loan_id=LN376980718 due_date=2026-03-02
2026-03-04T02:05:39.717+01:00 INFO payment-service host=payment-service-7c9d5b-p9qmz corrId=c-cfdab22e4173e530 direct debit mandate verified loan_id=LN376980718 mandate_id=MD1763632
2026-03-04T02:05:39.817+01:00 INFO payment-service host=payment-service-a41e92-x2k4p corrId=c-cfdab22e4173e530 payment instruction sent loan_id=LN376980718 amount_dkk=15315.69
2026-03-04T02:05:39.948+01:00 INFO ledger-service host=ledger-service-5b8f6c-x2k4p corrId=c-cfdab22e4173e530 ledger posting accepted loan_id=LN376980718 amount_dkk=15315.69 posting_id=PST-fbae5460a4
2026-03-04T02:05:39.970+01:00 INFO payment-service host=payment-service-7c9d5b-x2k4p corrId=c-cfdab22e4173e530 payment settled loan_id=LN376980718 amount_dkk=15315.69
2026-03-04T02:05:40.053+01:00 INFO notification-service host=notification-service-7c9d5b-t6zvn corrId=c-cfdab22e4173e530 payment receipt sent loan_id=LN376980718 channel=DIGITAL_POST
2026-03-04T02:06:01.369+01:00 INFO payment-scheduler host=payment-scheduler-5b8f6c-x2k4p corrId=c-f1d72b1b3d194091 instalment collection started loan_id=LN744539462 due_date=2026-03-13
2026-03-04T02:06:01.391+01:00 INFO payment-service host=payment-service-a41e92-p9qmz corrId=c-f1d72b1b3d194091 direct debit mandate verified loan_id=LN744539462 mandate_id=MD9920217
2026-03-04T02:06:01.404+01:00 INFO payment-service host=payment-service-5b8f6c-t6zvn corrId=c-f1d72b1b3d194091 payment instruction sent loan_id=LN744539462 amount_dkk=16479.79
2026-03-04T02:06:01.513+01:00 INFO ledger-service host=ledger-service-5b8f6c-p9qmz corrId=c-f1d72b1b3d194091 ledger posting accepted loan_id=LN744539462 amount_dkk=16479.79 posting_id=PST-92eb79162a
2026-03-04T02:06:01.555+01:00 INFO payment-service host=payment-service-7c9d5b-x2k4p corrId=c-f1d72b1b3d194091 payment settled loan_id=LN744539462 amount_dkk=16479.79
2026-03-04T02:06:01.573+01:00 INFO notification-service host=notification-service-5b8f6c-p9qmz corrId=c-f1d72b1b3d194091 payment receipt sent loan_id=LN744539462 channel=EMAIL
2026-03-04T02:06:19.081+01:00 INFO payment-scheduler host=payment-scheduler-7c9d5b-p9qmz corrId=c-b88f8019fb4f4834 instalment collection started loan_id=LN882137838 due_date=2026-03-22
2026-03-04T02:06:19.183+01:00 INFO payment-service host=payment-service-7c9d5b-x2k4p corrId=c-b88f8019fb4f4834 direct debit mandate verified loan_id=LN882137838 mandate_id=MD6254984
2026-03-04T02:06:19.266+01:00 INFO payment-service host=payment-service-7c9d5b-p9qmz corrId=c-b88f8019fb4f4834 payment instruction sent loan_id=LN882137838 amount_dkk=8998.74
2026-03-04T02:06:19.368+01:00 INFO ledger-service host=ledger-service-5b8f6c-x2k4p corrId=c-b88f8019fb4f4834 ledger posting accepted loan_id=LN882137838 amount_dkk=8998.74 posting_id=PST-2abd720d61
2026-03-04T02:06:19.485+01:00 INFO payment-service host=payment-service-7c9d5b-p9qmz corrId=c-b88f8019fb4f4834 payment settled loan_id=LN882137838 amount_dkk=8998.74
2026-03-04T02:06:19.497+01:00 INFO notification-service host=notification-service-7c9d5b-x2k4p corrId=c-b88f8019fb4f4834 payment receipt sent loan_id=LN882137838 channel=DIGITAL_POST
2026-03-04T02:06:45.795+01:00 INFO payment-scheduler host=payment-scheduler-7c9d5b-t6zvn corrId=c-87f8358d5aece4cb instalment collection started loan_id=LN054196842 due_date=2026-03-19
2026-03-04T02:06:45.931+01:00 INFO payment-service host=payment-service-a41e92-x2k4p corrId=c-87f8358d5aece4cb direct debit mandate verified loan_id=LN054196842 mandate_id=MD7805142
2026-03-04T02:06:45.942+01:00 INFO payment-service host=payment-service-5b8f6c-x2k4p corrId=c-87f8358d5aece4cb payment instruction sent loan_id=LN054196842 amount_dkk=10350.34
2026-03-04T02:06:45.948+01:00 INFO ledger-service host=ledger-service-a41e92-p9qmz corrId=c-87f8358d5aece4cb ledger posting accepted loan_id=LN054196842 amount_dkk=10350.34 posting_id=PST-0e59cb8bdd
2026-03-04T02:06:45.959+01:00 INFO payment-service host=payment-service-a41e92-p9qmz corrId=c-87f8358d5aece4cb payment settled loan_id=LN054196842 amount_dkk=10350.34
2026-03-04T02:06:46.072+01:00 INFO notification-service host=notification-service-a41e92-p9qmz corrId=c-87f8358d5aece4cb payment receipt sent loan_id=LN054196842 channel=DIGITAL_POST
2026-03-04T02:09:03.793+01:00 INFO payment-scheduler host=payment-scheduler-a41e92-t6zvn corrId=c-f7a5be439e342cb1 instalment collection started loan_id=LN308171262 due_date=2026-03-22
2026-03-04T02:09:03.807+01:00 INFO payment-service host=payment-service-7c9d5b-p9qmz corrId=c-f7a5be439e342cb1 direct debit mandate verified loan_id=LN308171262 mandate_id=MD8491277
2026-03-04T02:09:03.842+01:00 INFO payment-service host=payment-service-7c9d5b-p9qmz corrId=c-f7a5be439e342cb1 payment instruction sent loan_id=LN308171262 amount_dkk=11531.78
2026-03-04T02:09:03.898+01:00 INFO ledger-service host=ledger-service-7c9d5b-t6zvn corrId=c-f7a5be439e342cb1 ledger posting accepted loan_id=LN308171262 amount_dkk=11531.78 posting_id=PST-b12706d1ae
2026-03-04T02:09:03.911+01:00 INFO payment-service host=payment-service-5b8f6c-x2k4p corrId=c-f7a5be439e342cb1 payment settled loan_id=LN308171262 amount_dkk=11531.78
2026-03-04T02:09:04.036+01:00 INFO notification-service host=notification-service-a41e92-x2k4p corrId=c-f7a5be439e342cb1 payment receipt sent loan_id=LN308171262 channel=EMAIL
2026-03-04T02:10:00.116+01:00 INFO payment-scheduler host=payment-scheduler-5b8f6c-p9qmz corrId=- scheduler heartbeat lag_ms=49
2026-03-04T02:10:00.874+01:00 INFO api-gateway host=api-gateway-5b8f6c-p9qmz corrId=- health probe ok status=200 latency_ms=19
2026-03-04T02:10:25.525+01:00 INFO payment-scheduler host=payment-scheduler-a41e92-p9qmz corrId=c-1a57dc2f09a68962 instalment collection started loan_id=LN306402698 due_date=2026-03-01
2026-03-04T02:10:25.590+01:00 INFO payment-service host=payment-service-a41e92-t6zvn corrId=c-1a57dc2f09a68962 direct debit mandate verified loan_id=LN306402698 mandate_id=MD5544609
2026-03-04T02:10:25.710+01:00 INFO payment-service host=payment-service-5b8f6c-x2k4p corrId=c-1a57dc2f09a68962 payment instruction sent loan_id=LN306402698 amount_dkk=15003.75
2026-03-04T02:10:25.795+01:00 INFO ledger-service host=ledger-service-a41e92-t6zvn corrId=c-1a57dc2f09a68962 ledger posting accepted loan_id=LN306402698 amount_dkk=15003.75 posting_id=PST-78fe49aab4
2026-03-04T02:10:25.834+01:00 INFO payment-service host=payment-service-a41e92-p9qmz corrId=c-1a57dc2f09a68962 payment settled loan_id=LN306402698 amount_dkk=15003.75
2026-03-04T02:10:25.897+01:00 INFO notification-service host=notification-service-5b8f6c-x2k4p corrId=c-1a57dc2f09a68962 payment receipt sent loan_id=LN306402698 channel=EMAIL
2026-03-04T02:12:09.455+01:00 INFO payment-scheduler host=payment-scheduler-7c9d5b-x2k4p corrId=c-d3ad526f9d8a595f instalment collection started loan_id=LN099470825 due_date=2026-03-15
2026-03-04T02:12:09.550+01:00 INFO payment-service host=payment-service-a41e92-x2k4p corrId=c-d3ad526f9d8a595f direct debit mandate verified loan_id=LN099470825 mandate_id=MD3060168
2026-03-04T02:12:09.681+01:00 INFO payment-service host=payment-service-7c9d5b-x2k4p corrId=c-d3ad526f9d8a595f payment instruction sent loan_id=LN099470825 amount_dkk=13890.39
2026-03-04T02:12:09.764+01:00 INFO ledger-service host=ledger-service-a41e92-t6zvn corrId=c-d3ad526f9d8a595f ledger posting accepted loan_id=LN099470825 amount_dkk=13890.39 posting_id=PST-5657ff7f6c
2026-03-04T02:12:09.772+01:00 INFO payment-service host=payment-service-a41e92-x2k4p corrId=c-d3ad526f9d8a595f payment settled loan_id=LN099470825 amount_dkk=13890.39
2026-03-04T02:12:09.786+01:00 INFO notification-service host=notification-service-5b8f6c-t6zvn corrId=c-d3ad526f9d8a595f payment receipt sent loan_id=LN099470825 channel=DIGITAL_POST
2026-03-04T02:12:45.050+01:00 INFO payment-scheduler host=payment-scheduler-5b8f6c-p9qmz corrId=c-29a0470358999129 instalment collection started loan_id=LN331577220 due_date=2026-03-03
2026-03-04T02:12:45.189+01:00 INFO payment-service host=payment-service-7c9d5b-t6zvn corrId=c-29a0470358999129 direct debit mandate verified loan_id=LN331577220 mandate_id=MD6826577
2026-03-04T02:12:45.204+01:00 INFO payment-service host=payment-service-7c9d5b-x2k4p corrId=c-29a0470358999129 payment instruction sent loan_id=LN331577220 amount_dkk=13533.76
2026-03-04T02:12:45.285+01:00 INFO ledger-service host=ledger-service-5b8f6c-p9qmz corrId=c-29a0470358999129 ledger posting accepted loan_id=LN331577220 amount_dkk=13533.76 posting_id=PST-4e64007b9b
2026-03-04T02:12:45.313+01:00 INFO payment-service host=payment-service-5b8f6c-x2k4p corrId=c-29a0470358999129 payment settled loan_id=LN331577220 amount_dkk=13533.76
2026-03-04T02:12:45.364+01:00 INFO notification-service host=notification-service-7c9d5b-p9qmz corrId=c-29a0470358999129 payment receipt sent loan_id=LN331577220 channel=DIGITAL_POST
2026-03-04T02:13:20.120+01:00 INFO payment-scheduler host=payment-scheduler-5b8f6c-t6zvn corrId=c-a3a6ac9ee6a2c8f3 instalment collection started loan_id=LN998818256 due_date=2026-03-01
2026-03-04T02:13:20.255+01:00 INFO payment-service host=payment-service-a41e92-t6zvn corrId=c-a3a6ac9ee6a2c8f3 direct debit mandate verified loan_id=LN998818256 mandate_id=MD7093502
2026-03-04T02:13:20.286+01:00 INFO payment-service host=payment-service-7c9d5b-t6zvn corrId=c-a3a6ac9ee6a2c8f3 payment instruction sent loan_id=LN998818256 amount_dkk=16533.56
2026-03-04T02:13:20.425+01:00 INFO ledger-service host=ledger-service-5b8f6c-x2k4p corrId=c-a3a6ac9ee6a2c8f3 ledger posting accepted loan_id=LN998818256 amount_dkk=16533.56 posting_id=PST-aff08f2d89
2026-03-04T02:13:20.467+01:00 INFO payment-service host=payment-service-7c9d5b-p9qmz corrId=c-a3a6ac9ee6a2c8f3 payment settled loan_id=LN998818256 amount_dkk=16533.56
2026-03-04T02:13:20.491+01:00 INFO notification-service host=notification-service-7c9d5b-x2k4p corrId=c-a3a6ac9ee6a2c8f3 payment receipt sent loan_id=LN998818256 channel=EMAIL
2026-03-04T02:14:13.516+01:00 INFO payment-scheduler host=payment-scheduler-7c9d5b-p9qmz corrId=c-0b611ee1396c2f11 instalment collection started loan_id=LN641020959 due_date=2026-03-08
2026-03-04T02:14:13.593+01:00 INFO payment-service host=payment-service-a41e92-p9qmz corrId=c-0b611ee1396c2f11 direct debit mandate verified loan_id=LN641020959 mandate_id=MD9179902
2026-03-04T02:14:13.646+01:00 INFO payment-service host=payment-service-7c9d5b-x2k4p corrId=c-0b611ee1396c2f11 payment instruction sent loan_id=LN641020959 amount_dkk=7786.67
2026-03-04T02:14:13.730+01:00 INFO ledger-service host=ledger-service-a41e92-t6zvn corrId=c-0b611ee1396c2f11 ledger posting accepted loan_id=LN641020959 amount_dkk=7786.67 posting_id=PST-3975e21f27
2026-03-04T02:14:13.843+01:00 INFO payment-service host=payment-service-5b8f6c-p9qmz corrId=c-0b611ee1396c2f11 payment settled loan_id=LN641020959 amount_dkk=7786.67
2026-03-04T02:14:13.913+01:00 INFO notification-service host=notification-service-5b8f6c-x2k4p corrId=c-0b611ee1396c2f11 payment receipt sent loan_id=LN641020959 channel=DIGITAL_POST
2026-03-04T02:14:42.861+01:00 INFO payment-scheduler host=payment-scheduler-a41e92-t6zvn corrId=c-b972aaf27869b763 instalment collection started loan_id=LN849736503 due_date=2026-03-05
2026-03-04T02:14:42.877+01:00 INFO payment-service host=payment-service-7c9d5b-x2k4p corrId=c-b972aaf27869b763 direct debit mandate verified loan_id=LN849736503 mandate_id=MD8240786
2026-03-04T02:14:42.987+01:00 INFO payment-service host=payment-service-5b8f6c-t6zvn corrId=c-b972aaf27869b763 payment instruction sent loan_id=LN849736503 amount_dkk=12408.99
2026-03-04T02:14:42.999+01:00 INFO ledger-service host=ledger-service-7c9d5b-t6zvn corrId=c-b972aaf27869b763 ledger posting accepted loan_id=LN849736503 amount_dkk=12408.99 posting_id=PST-5d8fd4520e
2026-03-04T02:14:43.008+01:00 INFO payment-service host=payment-service-a41e92-t6zvn corrId=c-b972aaf27869b763 payment settled loan_id=LN849736503 amount_dkk=12408.99
2026-03-04T02:14:43.083+01:00 INFO notification-service host=notification-service-a41e92-x2k4p corrId=c-b972aaf27869b763 payment receipt sent loan_id=LN849736503 channel=EMAIL
2026-03-04T02:14:54.716+01:00 INFO payment-scheduler host=payment-scheduler-5b8f6c-x2k4p corrId=c-b09248eff32c1baa instalment collection started loan_id=LN981933821 due_date=2026-03-27
2026-03-04T02:14:54.826+01:00 INFO payment-service host=payment-service-7c9d5b-x2k4p corrId=c-b09248eff32c1baa direct debit mandate verified loan_id=LN981933821 mandate_id=MD4759834
2026-03-04T02:14:54.849+01:00 INFO payment-service host=payment-service-5b8f6c-p9qmz corrId=c-b09248eff32c1baa payment instruction sent loan_id=LN981933821 amount_dkk=5967.20
2026-03-04T02:14:54.884+01:00 INFO ledger-service host=ledger-service-a41e92-p9qmz corrId=c-b09248eff32c1baa ledger posting accepted loan_id=LN981933821 amount_dkk=5967.20 posting_id=PST-79a5294e76
2026-03-04T02:14:54.909+01:00 INFO payment-service host=payment-service-7c9d5b-t6zvn corrId=c-b09248eff32c1baa payment settled loan_id=LN981933821 amount_dkk=5967.20
2026-03-04T02:14:55.027+01:00 INFO notification-service host=notification-service-5b8f6c-x2k4p corrId=c-b09248eff32c1baa payment receipt sent loan_id=LN981933821 channel=DIGITAL_POST
2026-03-04T02:15:00.202+01:00 INFO api-gateway host=api-gateway-5b8f6c-t6zvn corrId=- health probe ok status=200 latency_ms=22
2026-03-04T02:15:01.329+01:00 INFO payment-scheduler host=payment-scheduler-7c9d5b-t6zvn corrId=c-883c768f1eda579b instalment collection started loan_id=LN447072067 due_date=2026-03-26
2026-03-04T02:15:01.443+01:00 INFO payment-service host=payment-service-5b8f6c-t6zvn corrId=c-883c768f1eda579b direct debit mandate verified loan_id=LN447072067 mandate_id=MD2840285
2026-03-04T02:15:01.564+01:00 INFO payment-service host=payment-service-a41e92-p9qmz corrId=c-883c768f1eda579b payment instruction sent loan_id=LN447072067 amount_dkk=6052.11
2026-03-04T02:15:01.676+01:00 INFO ledger-service host=ledger-service-a41e92-t6zvn corrId=c-883c768f1eda579b ledger posting accepted loan_id=LN447072067 amount_dkk=6052.11 posting_id=PST-977a0885ae
2026-03-04T02:15:01.777+01:00 INFO payment-service host=payment-service-7c9d5b-x2k4p corrId=c-883c768f1eda579b payment settled loan_id=LN447072067 amount_dkk=6052.11
2026-03-04T02:15:01.884+01:00 INFO notification-service host=notification-service-5b8f6c-p9qmz corrId=c-883c768f1eda579b payment receipt sent loan_id=LN447072067 channel=DIGITAL_POST
2026-03-04T02:15:05.188+01:00 INFO payment-scheduler host=payment-scheduler-5b8f6c-x2k4p corrId=c-c1b8517b810980bd instalment collection started loan_id=LN976207850 due_date=2026-03-11
2026-03-04T02:15:05.268+01:00 INFO payment-service host=payment-service-a41e92-t6zvn corrId=c-c1b8517b810980bd direct debit mandate verified loan_id=LN976207850 mandate_id=MD3827200
2026-03-04T02:15:05.362+01:00 INFO payment-service host=payment-service-5b8f6c-x2k4p corrId=c-c1b8517b810980bd payment instruction sent loan_id=LN976207850 amount_dkk=11042.61
2026-03-04T02:15:05.421+01:00 INFO ledger-service host=ledger-service-5b8f6c-t6zvn corrId=c-c1b8517b810980bd ledger posting accepted loan_id=LN976207850 amount_dkk=11042.61 posting_id=PST-b8c2b34c59
2026-03-04T02:15:05.503+01:00 INFO payment-service host=payment-service-5b8f6c-x2k4p corrId=c-c1b8517b810980bd payment settled loan_id=LN976207850 amount_dkk=11042.61
2026-03-04T02:15:05.579+01:00 INFO notification-service host=notification-service-5b8f6c-p9qmz corrId=c-c1b8517b810980bd payment receipt sent loan_id=LN976207850 channel=DIGITAL_POST
2026-03-04T02:16:11.138+01:00 INFO payment-scheduler host=payment-scheduler-a41e92-x2k4p corrId=c-af3c65ecb9c1dfa2 instalment collection started loan_id=LN979175639 due_date=2026-03-04
2026-03-04T02:16:11.257+01:00 INFO payment-service host=payment-service-a41e92-x2k4p corrId=c-af3c65ecb9c1dfa2 direct debit mandate verified loan_id=LN979175639 mandate_id=MD7387569
2026-03-04T02:16:11.360+01:00 INFO payment-service host=payment-service-5b8f6c-x2k4p corrId=c-af3c65ecb9c1dfa2 payment instruction sent loan_id=LN979175639 amount_dkk=14653.98
2026-03-04T02:16:11.499+01:00 INFO ledger-service host=ledger-service-a41e92-p9qmz corrId=c-af3c65ecb9c1dfa2 ledger posting accepted loan_id=LN979175639 amount_dkk=14653.98 posting_id=PST-6f124b2fd5
2026-03-04T02:16:11.579+01:00 INFO payment-service host=payment-service-a41e92-t6zvn corrId=c-af3c65ecb9c1dfa2 payment settled loan_id=LN979175639 amount_dkk=14653.98
2026-03-04T02:16:11.585+01:00 INFO notification-service host=notification-service-7c9d5b-x2k4p corrId=c-af3c65ecb9c1dfa2 payment receipt sent loan_id=LN979175639 channel=EMAIL
2026-03-04T02:16:20.515+01:00 INFO payment-scheduler host=payment-scheduler-5b8f6c-t6zvn corrId=c-86c8020163b0fd1d instalment collection started loan_id=LN468107049 due_date=2026-03-02
2026-03-04T02:16:20.631+01:00 INFO payment-service host=payment-service-5b8f6c-t6zvn corrId=c-86c8020163b0fd1d direct debit mandate verified loan_id=LN468107049 mandate_id=MD9941259
2026-03-04T02:16:20.641+01:00 INFO payment-service host=payment-service-a41e92-t6zvn corrId=c-86c8020163b0fd1d payment instruction sent loan_id=LN468107049 amount_dkk=11523.99
2026-03-04T02:16:20.722+01:00 INFO ledger-service host=ledger-service-5b8f6c-t6zvn corrId=c-86c8020163b0fd1d ledger posting accepted loan_id=LN468107049 amount_dkk=11523.99 posting_id=PST-2b329c6d6a
2026-03-04T02:16:20.815+01:00 INFO payment-service host=payment-service-5b8f6c-t6zvn corrId=c-86c8020163b0fd1d payment settled loan_id=LN468107049 amount_dkk=11523.99
2026-03-04T02:16:20.922+01:00 INFO notification-service host=notification-service-5b8f6c-p9qmz corrId=c-86c8020163b0fd1d payment receipt sent loan_id=LN468107049 channel=EMAIL
2026-03-04T02:16:31.663+01:00 INFO payment-scheduler host=payment-scheduler-5b8f6c-t6zvn corrId=c-2cfa744017fe0c9f instalment collection started loan_id=LN712016366 due_date=2026-03-03
2026-03-04T02:16:31.786+01:00 INFO payment-service host=payment-service-a41e92-x2k4p corrId=c-2cfa744017fe0c9f direct debit mandate verified loan_id=LN712016366 mandate_id=MD1200156
2026-03-04T02:16:31.822+01:00 INFO payment-service host=payment-service-5b8f6c-p9qmz corrId=c-2cfa744017fe0c9f payment instruction sent loan_id=LN712016366 amount_dkk=2734.01
2026-03-04T02:16:31.859+01:00 INFO ledger-service host=ledger-service-a41e92-t6zvn corrId=c-2cfa744017fe0c9f ledger posting accepted loan_id=LN712016366 amount_dkk=2734.01 posting_id=PST-d3331011ee
2026-03-04T02:16:31.945+01:00 INFO payment-service host=payment-service-7c9d5b-t6zvn corrId=c-2cfa744017fe0c9f payment settled loan_id=LN712016366 amount_dkk=2734.01
2026-03-04T02:16:32.014+01:00 INFO notification-service host=notification-service-a41e92-p9qmz corrId=c-2cfa744017fe0c9f payment receipt sent loan_id=LN712016366 channel=DIGITAL_POST
2026-03-04T02:16:35.196+01:00 INFO payment-scheduler host=payment-scheduler-a41e92-t6zvn corrId=c-5b9a0f99ea0dfdfe instalment collection started loan_id=LN855974362 due_date=2026-03-23
2026-03-04T02:16:35.328+01:00 INFO payment-service host=payment-service-a41e92-t6zvn corrId=c-5b9a0f99ea0dfdfe direct debit mandate verified loan_id=LN855974362 mandate_id=MD3841063
2026-03-04T02:16:35.402+01:00 INFO payment-service host=payment-service-5b8f6c-x2k4p corrId=c-5b9a0f99ea0dfdfe payment instruction sent loan_id=LN855974362 amount_dkk=16055.96
2026-03-04T02:16:35.488+01:00 INFO ledger-service host=ledger-service-a41e92-p9qmz corrId=c-5b9a0f99ea0dfdfe ledger posting accepted loan_id=LN855974362 amount_dkk=16055.96 posting_id=PST-c25f16105b
2026-03-04T02:16:35.542+01:00 INFO payment-service host=payment-service-5b8f6c-t6zvn corrId=c-5b9a0f99ea0dfdfe payment settled loan_id=LN855974362 amount_dkk=16055.96
2026-03-04T02:16:35.678+01:00 INFO notification-service host=notification-service-5b8f6c-p9qmz corrId=c-5b9a0f99ea0dfdfe payment receipt sent loan_id=LN855974362 channel=DIGITAL_POST
2026-03-04T02:16:46.465+01:00 INFO payment-scheduler host=payment-scheduler-7c9d5b-t6zvn corrId=c-ef565083f802a7e8 instalment collection started loan_id=LN611837513 due_date=2026-03-15
2026-03-04T02:16:46.590+01:00 INFO payment-service host=payment-service-5b8f6c-t6zvn corrId=c-ef565083f802a7e8 direct debit mandate verified loan_id=LN611837513 mandate_id=MD1618017
2026-03-04T02:16:46.709+01:00 INFO payment-service host=payment-service-5b8f6c-p9qmz corrId=c-ef565083f802a7e8 payment instruction sent loan_id=LN611837513 amount_dkk=17436.60
2026-03-04T02:16:46.847+01:00 INFO ledger-service host=ledger-service-7c9d5b-p9qmz corrId=c-ef565083f802a7e8 ledger posting accepted loan_id=LN611837513 amount_dkk=17436.60 posting_id=PST-f1d0a4a05f
2026-03-04T02:16:46.863+01:00 INFO payment-service host=payment-service-7c9d5b-t6zvn corrId=c-ef565083f802a7e8 payment settled loan_id=LN611837513 amount_dkk=17436.60
2026-03-04T02:16:46.935+01:00 INFO notification-service host=notification-service-5b8f6c-p9qmz corrId=c-ef565083f802a7e8 payment receipt sent loan_id=LN611837513 channel=EMAIL
2026-03-04T02:17:14.166+01:00 INFO payment-scheduler host=payment-scheduler-a41e92-t6zvn corrId=c-c7823c426a8a4048 instalment collection started loan_id=LN781520184 due_date=2026-03-08
2026-03-04T02:17:14.232+01:00 INFO payment-service host=payment-service-5b8f6c-p9qmz corrId=c-c7823c426a8a4048 direct debit mandate verified loan_id=LN781520184 mandate_id=MD0911218
2026-03-04T02:17:14.370+01:00 INFO payment-service host=payment-service-7c9d5b-p9qmz corrId=c-c7823c426a8a4048 payment instruction sent loan_id=LN781520184 amount_dkk=9151.88
2026-03-04T02:17:14.505+01:00 INFO ledger-service host=ledger-service-7c9d5b-p9qmz corrId=c-c7823c426a8a4048 ledger posting accepted loan_id=LN781520184 amount_dkk=9151.88 posting_id=PST-76a3776686
2026-03-04T02:17:14.613+01:00 INFO payment-service host=payment-service-a41e92-t6zvn corrId=c-c7823c426a8a4048 payment settled loan_id=LN781520184 amount_dkk=9151.88
2026-03-04T02:17:14.712+01:00 INFO notification-service host=notification-service-5b8f6c-x2k4p corrId=c-c7823c426a8a4048 payment receipt sent loan_id=LN781520184 channel=DIGITAL_POST
2026-03-04T02:18:03.047+01:00 INFO payment-scheduler host=payment-scheduler-5b8f6c-x2k4p corrId=c-56ee62fd40449672 instalment collection started loan_id=LN859050995 due_date=2026-03-22
2026-03-04T02:18:03.158+01:00 INFO payment-service host=payment-service-7c9d5b-t6zvn corrId=c-56ee62fd40449672 direct debit mandate verified loan_id=LN859050995 mandate_id=MD0766630
2026-03-04T02:18:03.203+01:00 INFO payment-service host=payment-service-a41e92-x2k4p corrId=c-56ee62fd40449672 payment instruction sent loan_id=LN859050995 amount_dkk=4415.85
2026-03-04T02:18:03.323+01:00 INFO ledger-service host=ledger-service-7c9d5b-x2k4p corrId=c-56ee62fd40449672 ledger posting accepted loan_id=LN859050995 amount_dkk=4415.85 posting_id=PST-2ccaf1ec6f
2026-03-04T02:18:03.357+01:00 INFO payment-service host=payment-service-7c9d5b-p9qmz corrId=c-56ee62fd40449672 payment settled loan_id=LN859050995 amount_dkk=4415.85
2026-03-04T02:18:03.389+01:00 INFO notification-service host=notification-service-a41e92-t6zvn corrId=c-56ee62fd40449672 payment receipt sent loan_id=LN859050995 channel=DIGITAL_POST
2026-03-04T02:18:34.419+01:00 INFO payment-scheduler host=payment-scheduler-7c9d5b-x2k4p corrId=c-fd0837b8760a4b97 instalment collection started loan_id=LN222749718 due_date=2026-03-19
2026-03-04T02:18:34.458+01:00 INFO payment-service host=payment-service-a41e92-x2k4p corrId=c-fd0837b8760a4b97 direct debit mandate verified loan_id=LN222749718 mandate_id=MD6205366
2026-03-04T02:18:34.529+01:00 INFO payment-service host=payment-service-7c9d5b-p9qmz corrId=c-fd0837b8760a4b97 payment instruction sent loan_id=LN222749718 amount_dkk=17180.32
2026-03-04T02:18:34.617+01:00 INFO ledger-service host=ledger-service-a41e92-x2k4p corrId=c-fd0837b8760a4b97 ledger posting accepted loan_id=LN222749718 amount_dkk=17180.32 posting_id=PST-b07e7540c0
2026-03-04T02:18:34.685+01:00 INFO payment-service host=payment-service-a41e92-x2k4p corrId=c-fd0837b8760a4b97 payment settled loan_id=LN222749718 amount_dkk=17180.32
2026-03-04T02:18:34.743+01:00 INFO notification-service host=notification-service-7c9d5b-p9qmz corrId=c-fd0837b8760a4b97 payment receipt sent loan_id=LN222749718 channel=EMAIL
2026-03-04T02:18:38.581+01:00 INFO payment-scheduler host=payment-scheduler-a41e92-x2k4p corrId=c-fcd726ea4894c80c instalment collection started loan_id=LN728451403 due_date=2026-03-03
2026-03-04T02:18:38.681+01:00 INFO payment-service host=payment-service-a41e92-x2k4p corrId=c-fcd726ea4894c80c direct debit mandate verified loan_id=LN728451403 mandate_id=MD1282006
2026-03-04T02:18:38.703+01:00 INFO payment-service host=payment-service-5b8f6c-p9qmz corrId=c-fcd726ea4894c80c payment instruction sent loan_id=LN728451403 amount_dkk=4404.79
2026-03-04T02:18:38.722+01:00 INFO ledger-service host=ledger-service-5b8f6c-x2k4p corrId=c-fcd726ea4894c80c ledger posting accepted loan_id=LN728451403 amount_dkk=4404.79 posting_id=PST-d45d5d88ac
2026-03-04T02:18:38.820+01:00 INFO payment-service host=payment-service-7c9d5b-t6zvn corrId=c-fcd726ea4894c80c payment settled loan_id=LN728451403 amount_dkk=4404.79
2026-03-04T02:18:38.887+01:00 INFO notification-service host=notification-service-a41e92-p9qmz corrId=c-fcd726ea4894c80c payment receipt sent loan_id=LN728451403 channel=DIGITAL_POST
2026-03-04T02:19:24.991+01:00 INFO payment-scheduler host=payment-scheduler-5b8f6c-p9qmz corrId=c-2d1f3f3fad041795 instalment collection started loan_id=LN238235088 due_date=2026-03-13
2026-03-04T02:19:25.119+01:00 INFO payment-service host=payment-service-a41e92-x2k4p corrId=c-2d1f3f3fad041795 direct debit mandate verified loan_id=LN238235088 mandate_id=MD7683383
2026-03-04T02:19:25.182+01:00 INFO payment-service host=payment-service-a41e92-t6zvn corrId=c-2d1f3f3fad041795 payment instruction sent loan_id=LN238235088 amount_dkk=6979.65
2026-03-04T02:19:25.199+01:00 INFO ledger-service host=ledger-service-7c9d5b-t6zvn corrId=c-2d1f3f3fad041795 ledger posting accepted loan_id=LN238235088 amount_dkk=6979.65 posting_id=PST-4e8c787ea9
2026-03-04T02:19:25.308+01:00 INFO payment-service host=payment-service-a41e92-t6zvn corrId=c-2d1f3f3fad041795 payment settled loan_id=LN238235088 amount_dkk=6979.65
2026-03-04T02:19:25.380+01:00 INFO notification-service host=notification-service-7c9d5b-p9qmz corrId=c-2d1f3f3fad041795 payment receipt sent loan_id=LN238235088 channel=EMAIL
2026-03-04T02:20:00.040+01:00 INFO payment-scheduler host=payment-scheduler-a41e92-x2k4p corrId=- scheduler heartbeat lag_ms=108
2026-03-04T02:20:00.149+01:00 INFO api-gateway host=api-gateway-7c9d5b-t6zvn corrId=- health probe ok status=200 latency_ms=39
2026-03-04T02:20:04.979+01:00 INFO payment-scheduler host=payment-scheduler-a41e92-t6zvn corrId=c-536e66fd771a1eb2 instalment collection started loan_id=LN179924688 due_date=2026-03-08
2026-03-04T02:20:05.107+01:00 INFO payment-service host=payment-service-a41e92-t6zvn corrId=c-536e66fd771a1eb2 direct debit mandate verified loan_id=LN179924688 mandate_id=MD1757939
2026-03-04T02:20:05.201+01:00 INFO payment-service host=payment-service-5b8f6c-p9qmz corrId=c-536e66fd771a1eb2 payment instruction sent loan_id=LN179924688 amount_dkk=15503.08
2026-03-04T02:20:05.262+01:00 INFO ledger-service host=ledger-service-a41e92-p9qmz corrId=c-536e66fd771a1eb2 ledger posting accepted loan_id=LN179924688 amount_dkk=15503.08 posting_id=PST-f3cc501cbd
2026-03-04T02:20:05.376+01:00 INFO payment-service host=payment-service-5b8f6c-x2k4p corrId=c-536e66fd771a1eb2 payment settled loan_id=LN179924688 amount_dkk=15503.08
2026-03-04T02:20:05.503+01:00 INFO notification-service host=notification-service-7c9d5b-p9qmz corrId=c-536e66fd771a1eb2 payment receipt sent loan_id=LN179924688 channel=DIGITAL_POST
2026-03-04T02:20:55.517+01:00 INFO payment-scheduler host=payment-scheduler-5b8f6c-x2k4p corrId=c-4ffc768a9b328f9f instalment collection started loan_id=LN306451743 due_date=2026-03-17
2026-03-04T02:20:55.634+01:00 INFO payment-service host=payment-service-5b8f6c-t6zvn corrId=c-4ffc768a9b328f9f direct debit mandate verified loan_id=LN306451743 mandate_id=MD4792798
2026-03-04T02:20:55.698+01:00 INFO payment-service host=payment-service-5b8f6c-x2k4p corrId=c-4ffc768a9b328f9f payment instruction sent loan_id=LN306451743 amount_dkk=4666.42
2026-03-04T02:20:55.806+01:00 INFO ledger-service host=ledger-service-7c9d5b-x2k4p corrId=c-4ffc768a9b328f9f ledger posting accepted loan_id=LN306451743 amount_dkk=4666.42 posting_id=PST-90ba68049d
2026-03-04T02:20:55.918+01:00 INFO payment-service host=payment-service-7c9d5b-t6zvn corrId=c-4ffc768a9b328f9f payment settled loan_id=LN306451743 amount_dkk=4666.42
2026-03-04T02:20:55.932+01:00 INFO notification-service host=notification-service-7c9d5b-p9qmz corrId=c-4ffc768a9b328f9f payment receipt sent loan_id=LN306451743 channel=DIGITAL_POST
2026-03-04T02:21:29.969+01:00 INFO payment-scheduler host=payment-scheduler-5b8f6c-x2k4p corrId=c-79adffb1e8e81d0e instalment collection started loan_id=LN669139391 due_date=2026-03-19
2026-03-04T02:21:30.079+01:00 INFO payment-service host=payment-service-5b8f6c-t6zvn corrId=c-79adffb1e8e81d0e direct debit mandate verified loan_id=LN669139391 mandate_id=MD6629206
2026-03-04T02:21:30.191+01:00 INFO payment-service host=payment-service-7c9d5b-x2k4p corrId=c-79adffb1e8e81d0e payment instruction sent loan_id=LN669139391 amount_dkk=11889.75
2026-03-04T02:21:30.228+01:00 INFO ledger-service host=ledger-service-7c9d5b-x2k4p corrId=c-79adffb1e8e81d0e ledger posting accepted loan_id=LN669139391 amount_dkk=11889.75 posting_id=PST-588c267202
2026-03-04T02:21:30.242+01:00 INFO payment-service host=payment-service-5b8f6c-t6zvn corrId=c-79adffb1e8e81d0e payment settled loan_id=LN669139391 amount_dkk=11889.75
2026-03-04T02:21:30.254+01:00 INFO notification-service host=notification-service-7c9d5b-p9qmz corrId=c-79adffb1e8e81d0e payment receipt sent loan_id=LN669139391 channel=DIGITAL_POST
2026-03-04T02:21:58.060+01:00 INFO payment-scheduler host=payment-scheduler-7c9d5b-t6zvn corrId=c-a93e42ca411f1731 instalment collection started loan_id=LN092014042 due_date=2026-03-02
2026-03-04T02:21:58.074+01:00 INFO payment-service host=payment-service-a41e92-x2k4p corrId=c-a93e42ca411f1731 direct debit mandate verified loan_id=LN092014042 mandate_id=MD3540593
2026-03-04T02:21:58.135+01:00 INFO payment-service host=payment-service-7c9d5b-p9qmz corrId=c-a93e42ca411f1731 payment instruction sent loan_id=LN092014042 amount_dkk=16128.86
2026-03-04T02:21:58.264+01:00 INFO ledger-service host=ledger-service-a41e92-p9qmz corrId=c-a93e42ca411f1731 ledger posting accepted loan_id=LN092014042 amount_dkk=16128.86 posting_id=PST-58d48d0d65
2026-03-04T02:21:58.317+01:00 INFO payment-service host=payment-service-a41e92-p9qmz corrId=c-a93e42ca411f1731 payment settled loan_id=LN092014042 amount_dkk=16128.86
2026-03-04T02:21:58.384+01:00 INFO notification-service host=notification-service-5b8f6c-p9qmz corrId=c-a93e42ca411f1731 payment receipt sent loan_id=LN092014042 channel=EMAIL
2026-03-04T02:22:18.725+01:00 INFO payment-scheduler host=payment-scheduler-5b8f6c-p9qmz corrId=c-45b27876622921d9 instalment collection started loan_id=LN963995448 due_date=2026-03-23
2026-03-04T02:22:18.857+01:00 INFO payment-service host=payment-service-5b8f6c-p9qmz corrId=c-45b27876622921d9 direct debit mandate verified loan_id=LN963995448 mandate_id=MD8847845
2026-03-04T02:22:18.870+01:00 INFO payment-service host=payment-service-a41e92-t6zvn corrId=c-45b27876622921d9 payment instruction sent loan_id=LN963995448 amount_dkk=15208.22
2026-03-04T02:22:18.888+01:00 INFO ledger-service host=ledger-service-a41e92-x2k4p corrId=c-45b27876622921d9 ledger posting accepted loan_id=LN963995448 amount_dkk=15208.22 posting_id=PST-2e9f0d7e5e
2026-03-04T02:22:18.910+01:00 INFO payment-service host=payment-service-7c9d5b-t6zvn corrId=c-45b27876622921d9 payment settled loan_id=LN963995448 amount_dkk=15208.22
2026-03-04T02:22:19.035+01:00 INFO notification-service host=notification-service-5b8f6c-t6zvn corrId=c-45b27876622921d9 payment receipt sent loan_id=LN963995448 channel=DIGITAL_POST
2026-03-04T02:22:32.186+01:00 INFO payment-scheduler host=payment-scheduler-7c9d5b-t6zvn corrId=c-ff3e5951738ba620 instalment collection started loan_id=LN648174212 due_date=2026-03-05
2026-03-04T02:22:32.316+01:00 INFO payment-service host=payment-service-5b8f6c-t6zvn corrId=c-ff3e5951738ba620 direct debit mandate verified loan_id=LN648174212 mandate_id=MD9242095
2026-03-04T02:22:32.373+01:00 INFO payment-service host=payment-service-7c9d5b-t6zvn corrId=c-ff3e5951738ba620 payment instruction sent loan_id=LN648174212 amount_dkk=17290.72
2026-03-04T02:22:32.410+01:00 INFO ledger-service host=ledger-service-7c9d5b-x2k4p corrId=c-ff3e5951738ba620 ledger posting accepted loan_id=LN648174212 amount_dkk=17290.72 posting_id=PST-f2f4220224
2026-03-04T02:22:32.428+01:00 INFO payment-service host=payment-service-a41e92-p9qmz corrId=c-ff3e5951738ba620 payment settled loan_id=LN648174212 amount_dkk=17290.72
2026-03-04T02:22:32.475+01:00 INFO notification-service host=notification-service-7c9d5b-p9qmz corrId=c-ff3e5951738ba620 payment receipt sent loan_id=LN648174212 channel=DIGITAL_POST
2026-03-04T02:23:00.966+01:00 INFO payment-scheduler host=payment-scheduler-a41e92-p9qmz corrId=c-d50a27ce9f5ae354 instalment collection started loan_id=LN058308333 due_date=2026-03-13
2026-03-04T02:23:01.048+01:00 INFO payment-service host=payment-service-5b8f6c-x2k4p corrId=c-d50a27ce9f5ae354 direct debit mandate verified loan_id=LN058308333 mandate_id=MD2930459
2026-03-04T02:23:01.143+01:00 INFO payment-service host=payment-service-a41e92-p9qmz corrId=c-d50a27ce9f5ae354 payment instruction sent loan_id=LN058308333 amount_dkk=16821.81
2026-03-04T02:23:01.264+01:00 INFO ledger-service host=ledger-service-5b8f6c-x2k4p corrId=c-d50a27ce9f5ae354 ledger posting accepted loan_id=LN058308333 amount_dkk=16821.81 posting_id=PST-b653de8f80
2026-03-04T02:23:01.377+01:00 INFO payment-service host=payment-service-a41e92-x2k4p corrId=c-d50a27ce9f5ae354 payment settled loan_id=LN058308333 amount_dkk=16821.81
2026-03-04T02:23:01.515+01:00 INFO notification-service host=notification-service-a41e92-p9qmz corrId=c-d50a27ce9f5ae354 payment receipt sent loan_id=LN058308333 channel=DIGITAL_POST
2026-03-04T02:23:04.617+01:00 INFO payment-scheduler host=payment-scheduler-5b8f6c-p9qmz corrId=c-51b95adf2cfaa6ac instalment collection started loan_id=LN166190460 due_date=2026-03-24
2026-03-04T02:23:04.636+01:00 INFO payment-service host=payment-service-a41e92-t6zvn corrId=c-51b95adf2cfaa6ac direct debit mandate verified loan_id=LN166190460 mandate_id=MD2700668
2026-03-04T02:23:04.708+01:00 INFO payment-service host=payment-service-5b8f6c-p9qmz corrId=c-51b95adf2cfaa6ac payment instruction sent loan_id=LN166190460 amount_dkk=7968.59
2026-03-04T02:23:04.810+01:00 INFO ledger-service host=ledger-service-7c9d5b-x2k4p corrId=c-51b95adf2cfaa6ac ledger posting accepted loan_id=LN166190460 amount_dkk=7968.59 posting_id=PST-7da3c76361
2026-03-04T02:23:04.823+01:00 INFO payment-service host=payment-service-a41e92-t6zvn corrId=c-51b95adf2cfaa6ac payment settled loan_id=LN166190460 amount_dkk=7968.59
2026-03-04T02:23:04.846+01:00 INFO notification-service host=notification-service-5b8f6c-t6zvn corrId=c-51b95adf2cfaa6ac payment receipt sent loan_id=LN166190460 channel=EMAIL
2026-03-04T02:23:47.240+01:00 INFO payment-scheduler host=payment-scheduler-5b8f6c-t6zvn corrId=c-135900516effc370 instalment collection started loan_id=LN301153258 due_date=2026-03-25
2026-03-04T02:23:47.348+01:00 INFO payment-service host=payment-service-a41e92-t6zvn corrId=c-135900516effc370 direct debit mandate verified loan_id=LN301153258 mandate_id=MD8096446
2026-03-04T02:23:47.393+01:00 INFO payment-service host=payment-service-a41e92-t6zvn corrId=c-135900516effc370 payment instruction sent loan_id=LN301153258 amount_dkk=2754.84
2026-03-04T02:23:47.451+01:00 INFO ledger-service host=ledger-service-5b8f6c-t6zvn corrId=c-135900516effc370 ledger posting accepted loan_id=LN301153258 amount_dkk=2754.84 posting_id=PST-a3f7df3790
2026-03-04T02:23:47.477+01:00 INFO payment-service host=payment-service-5b8f6c-x2k4p corrId=c-135900516effc370 payment settled loan_id=LN301153258 amount_dkk=2754.84
2026-03-04T02:23:47.532+01:00 INFO notification-service host=notification-service-7c9d5b-t6zvn corrId=c-135900516effc370 payment receipt sent loan_id=LN301153258 channel=EMAIL
2026-03-04T02:23:50.078+01:00 INFO payment-scheduler host=payment-scheduler-a41e92-x2k4p corrId=c-9e3e50ae0a9f8ade instalment collection started loan_id=LN176736724 due_date=2026-03-12
2026-03-04T02:23:50.217+01:00 INFO payment-service host=payment-service-5b8f6c-p9qmz corrId=c-9e3e50ae0a9f8ade direct debit mandate verified loan_id=LN176736724 mandate_id=MD1074265
2026-03-04T02:23:50.270+01:00 INFO payment-service host=payment-service-5b8f6c-x2k4p corrId=c-9e3e50ae0a9f8ade payment instruction sent loan_id=LN176736724 amount_dkk=12255.14
2026-03-04T02:23:50.333+01:00 INFO ledger-service host=ledger-service-a41e92-t6zvn corrId=c-9e3e50ae0a9f8ade ledger posting accepted loan_id=LN176736724 amount_dkk=12255.14 posting_id=PST-4e63cdaf29
2026-03-04T02:23:50.379+01:00 INFO payment-service host=payment-service-7c9d5b-x2k4p corrId=c-9e3e50ae0a9f8ade payment settled loan_id=LN176736724 amount_dkk=12255.14
2026-03-04T02:23:50.446+01:00 INFO notification-service host=notification-service-5b8f6c-x2k4p corrId=c-9e3e50ae0a9f8ade payment receipt sent loan_id=LN176736724 channel=EMAIL
2026-03-04T02:23:56.637+01:00 INFO payment-scheduler host=payment-scheduler-a41e92-x2k4p corrId=c-534788a32b47079c instalment collection started loan_id=LN359658123 due_date=2026-03-20
2026-03-04T02:23:56.704+01:00 INFO payment-service host=payment-service-7c9d5b-p9qmz corrId=c-534788a32b47079c direct debit mandate verified loan_id=LN359658123 mandate_id=MD2083527
2026-03-04T02:23:56.761+01:00 INFO payment-service host=payment-service-a41e92-x2k4p corrId=c-534788a32b47079c payment instruction sent loan_id=LN359658123 amount_dkk=5196.86
2026-03-04T02:23:56.821+01:00 INFO ledger-service host=ledger-service-7c9d5b-p9qmz corrId=c-534788a32b47079c ledger posting accepted loan_id=LN359658123 amount_dkk=5196.86 posting_id=PST-dcf5bf4d7b
2026-03-04T02:23:56.931+01:00 INFO payment-service host=payment-service-a41e92-x2k4p corrId=c-534788a32b47079c payment settled loan_id=LN359658123 amount_dkk=5196.86
2026-03-04T02:23:57.013+01:00 INFO notification-service host=notification-service-7c9d5b-p9qmz corrId=c-534788a32b47079c payment receipt sent loan_id=LN359658123 channel=DIGITAL_POST
2026-03-04T02:24:29.314+01:00 INFO payment-scheduler host=payment-scheduler-7c9d5b-x2k4p corrId=c-8ab70dca0c5f993b instalment collection started loan_id=LN335826661 due_date=2026-03-13
2026-03-04T02:24:29.417+01:00 INFO payment-service host=payment-service-7c9d5b-x2k4p corrId=c-8ab70dca0c5f993b direct debit mandate verified loan_id=LN335826661 mandate_id=MD8247016
2026-03-04T02:24:29.488+01:00 INFO payment-service host=payment-service-7c9d5b-t6zvn corrId=c-8ab70dca0c5f993b payment instruction sent loan_id=LN335826661 amount_dkk=11584.21
2026-03-04T02:24:29.600+01:00 INFO ledger-service host=ledger-service-a41e92-p9qmz corrId=c-8ab70dca0c5f993b ledger posting accepted loan_id=LN335826661 amount_dkk=11584.21 posting_id=PST-226faf4dd3
2026-03-04T02:24:29.682+01:00 INFO payment-service host=payment-service-7c9d5b-t6zvn corrId=c-8ab70dca0c5f993b payment settled loan_id=LN335826661 amount_dkk=11584.21
2026-03-04T02:24:29.781+01:00 INFO notification-service host=notification-service-7c9d5b-t6zvn corrId=c-8ab70dca0c5f993b payment receipt sent loan_id=LN335826661 channel=DIGITAL_POST
2026-03-04T02:24:56.594+01:00 INFO payment-scheduler host=payment-scheduler-5b8f6c-p9qmz corrId=c-c2a4ec43a76ad4b4 instalment collection started loan_id=LN954042590 due_date=2026-03-13
2026-03-04T02:24:56.701+01:00 INFO payment-service host=payment-service-5b8f6c-t6zvn corrId=c-c2a4ec43a76ad4b4 direct debit mandate verified loan_id=LN954042590 mandate_id=MD7451180
2026-03-04T02:24:56.772+01:00 INFO payment-service host=payment-service-7c9d5b-x2k4p corrId=c-c2a4ec43a76ad4b4 payment instruction sent loan_id=LN954042590 amount_dkk=15780.08
2026-03-04T02:24:56.803+01:00 INFO ledger-service host=ledger-service-5b8f6c-t6zvn corrId=c-c2a4ec43a76ad4b4 ledger posting accepted loan_id=LN954042590 amount_dkk=15780.08 posting_id=PST-a9e6a3ba49
2026-03-04T02:24:56.866+01:00 INFO payment-service host=payment-service-a41e92-x2k4p corrId=c-c2a4ec43a76ad4b4 payment settled loan_id=LN954042590 amount_dkk=15780.08
2026-03-04T02:24:56.970+01:00 INFO notification-service host=notification-service-a41e92-p9qmz corrId=c-c2a4ec43a76ad4b4 payment receipt sent loan_id=LN954042590 channel=DIGITAL_POST
2026-03-04T02:25:00.089+01:00 INFO api-gateway host=api-gateway-7c9d5b-x2k4p corrId=- health probe ok status=200 latency_ms=28
2026-03-04T02:25:11.756+01:00 INFO payment-scheduler host=payment-scheduler-5b8f6c-p9qmz corrId=c-33487e263c0c37c9 instalment collection started loan_id=LN154342657 due_date=2026-03-27
2026-03-04T02:25:11.795+01:00 INFO payment-service host=payment-service-7c9d5b-p9qmz corrId=c-33487e263c0c37c9 direct debit mandate verified loan_id=LN154342657 mandate_id=MD5846423
2026-03-04T02:25:11.843+01:00 INFO payment-service host=payment-service-7c9d5b-p9qmz corrId=c-33487e263c0c37c9 payment instruction sent loan_id=LN154342657 amount_dkk=3528.17
2026-03-04T02:25:11.936+01:00 INFO ledger-service host=ledger-service-a41e92-p9qmz corrId=c-33487e263c0c37c9 ledger posting accepted loan_id=LN154342657 amount_dkk=3528.17 posting_id=PST-29cf1acd31
2026-03-04T02:25:12.053+01:00 INFO payment-service host=payment-service-a41e92-x2k4p corrId=c-33487e263c0c37c9 payment settled loan_id=LN154342657 amount_dkk=3528.17
2026-03-04T02:25:12.084+01:00 INFO notification-service host=notification-service-5b8f6c-p9qmz corrId=c-33487e263c0c37c9 payment receipt sent loan_id=LN154342657 channel=DIGITAL_POST
2026-03-04T02:25:30.414+01:00 INFO payment-scheduler host=payment-scheduler-5b8f6c-x2k4p corrId=c-37dfb77b1e2b360e instalment collection started loan_id=LN448814464 due_date=2026-03-16
2026-03-04T02:25:30.422+01:00 INFO payment-service host=payment-service-7c9d5b-p9qmz corrId=c-37dfb77b1e2b360e direct debit mandate verified loan_id=LN448814464 mandate_id=MD2984571
2026-03-04T02:25:30.476+01:00 INFO payment-service host=payment-service-a41e92-x2k4p corrId=c-37dfb77b1e2b360e payment instruction sent loan_id=LN448814464 amount_dkk=13023.48
2026-03-04T02:25:30.605+01:00 INFO ledger-service host=ledger-service-a41e92-p9qmz corrId=c-37dfb77b1e2b360e ledger posting accepted loan_id=LN448814464 amount_dkk=13023.48 posting_id=PST-d8b6ff29b6
2026-03-04T02:25:30.634+01:00 INFO payment-service host=payment-service-a41e92-t6zvn corrId=c-37dfb77b1e2b360e payment settled loan_id=LN448814464 amount_dkk=13023.48
2026-03-04T02:25:30.665+01:00 INFO notification-service host=notification-service-a41e92-p9qmz corrId=c-37dfb77b1e2b360e payment receipt sent loan_id=LN448814464 channel=DIGITAL_POST
2026-03-04T02:26:04.979+01:00 INFO payment-scheduler host=payment-scheduler-5b8f6c-t6zvn corrId=c-b452ea2bc38e7451 instalment collection started loan_id=LN279202371 due_date=2026-03-11
2026-03-04T02:26:05.010+01:00 INFO payment-service host=payment-service-5b8f6c-x2k4p corrId=c-b452ea2bc38e7451 direct debit mandate verified loan_id=LN279202371 mandate_id=MD6916757
2026-03-04T02:26:05.063+01:00 INFO payment-service host=payment-service-5b8f6c-t6zvn corrId=c-b452ea2bc38e7451 payment instruction sent loan_id=LN279202371 amount_dkk=14422.52
2026-03-04T02:26:05.119+01:00 INFO ledger-service host=ledger-service-7c9d5b-x2k4p corrId=c-b452ea2bc38e7451 ledger posting accepted loan_id=LN279202371 amount_dkk=14422.52 posting_id=PST-c95417f60a
2026-03-04T02:26:05.223+01:00 INFO payment-service host=payment-service-a41e92-x2k4p corrId=c-b452ea2bc38e7451 payment settled loan_id=LN279202371 amount_dkk=14422.52
2026-03-04T02:26:05.311+01:00 INFO notification-service host=notification-service-a41e92-t6zvn corrId=c-b452ea2bc38e7451 payment receipt sent loan_id=LN279202371 channel=DIGITAL_POST
2026-03-04T02:27:07.384+01:00 INFO payment-scheduler host=payment-scheduler-a41e92-t6zvn corrId=c-e114b3044b81e266 instalment collection started loan_id=LN928284563 due_date=2026-03-10
2026-03-04T02:27:07.498+01:00 INFO payment-service host=payment-service-5b8f6c-x2k4p corrId=c-e114b3044b81e266 direct debit mandate verified loan_id=LN928284563 mandate_id=MD5961989
2026-03-04T02:27:07.542+01:00 INFO payment-service host=payment-service-5b8f6c-p9qmz corrId=c-e114b3044b81e266 payment instruction sent loan_id=LN928284563 amount_dkk=4863.54
2026-03-04T02:27:07.597+01:00 INFO ledger-service host=ledger-service-a41e92-x2k4p corrId=c-e114b3044b81e266 ledger posting accepted loan_id=LN928284563 amount_dkk=4863.54 posting_id=PST-856ca17605
2026-03-04T02:27:07.646+01:00 INFO payment-service host=payment-service-7c9d5b-x2k4p corrId=c-e114b3044b81e266 payment settled loan_id=LN928284563 amount_dkk=4863.54
2026-03-04T02:27:07.691+01:00 INFO notification-service host=notification-service-5b8f6c-x2k4p corrId=c-e114b3044b81e266 payment receipt sent loan_id=LN928284563 channel=DIGITAL_POST
2026-03-04T02:27:14.255+01:00 INFO payment-scheduler host=payment-scheduler-7c9d5b-p9qmz corrId=c-a2327c3454553d6e instalment collection started loan_id=LN800014969 due_date=2026-03-17
2026-03-04T02:27:14.277+01:00 INFO payment-service host=payment-service-5b8f6c-x2k4p corrId=c-a2327c3454553d6e direct debit mandate verified loan_id=LN800014969 mandate_id=MD2828858
2026-03-04T02:27:14.337+01:00 INFO payment-service host=payment-service-5b8f6c-t6zvn corrId=c-a2327c3454553d6e payment instruction sent loan_id=LN800014969 amount_dkk=5759.52
2026-03-04T02:27:14.351+01:00 INFO ledger-service host=ledger-service-a41e92-p9qmz corrId=c-a2327c3454553d6e ledger posting accepted loan_id=LN800014969 amount_dkk=5759.52 posting_id=PST-a1a3e8fcc0
2026-03-04T02:27:14.422+01:00 INFO payment-service host=payment-service-5b8f6c-t6zvn corrId=c-a2327c3454553d6e payment settled loan_id=LN800014969 amount_dkk=5759.52
2026-03-04T02:27:14.441+01:00 INFO notification-service host=notification-service-5b8f6c-t6zvn corrId=c-a2327c3454553d6e payment receipt sent loan_id=LN800014969 channel=EMAIL
2026-03-04T02:27:34.656+01:00 INFO payment-scheduler host=payment-scheduler-7c9d5b-x2k4p corrId=c-eb85eaf78d648e6b instalment collection started loan_id=LN573541772 due_date=2026-03-10
2026-03-04T02:27:34.775+01:00 INFO payment-service host=payment-service-a41e92-p9qmz corrId=c-eb85eaf78d648e6b direct debit mandate verified loan_id=LN573541772 mandate_id=MD4521477
2026-03-04T02:27:34.836+01:00 INFO payment-service host=payment-service-5b8f6c-p9qmz corrId=c-eb85eaf78d648e6b payment instruction sent loan_id=LN573541772 amount_dkk=9861.19
2026-03-04T02:27:34.923+01:00 INFO ledger-service host=ledger-service-a41e92-x2k4p corrId=c-eb85eaf78d648e6b ledger posting accepted loan_id=LN573541772 amount_dkk=9861.19 posting_id=PST-907225b396
2026-03-04T02:27:34.952+01:00 INFO payment-service host=payment-service-a41e92-t6zvn corrId=c-eb85eaf78d648e6b payment settled loan_id=LN573541772 amount_dkk=9861.19
2026-03-04T02:27:35.063+01:00 INFO notification-service host=notification-service-a41e92-p9qmz corrId=c-eb85eaf78d648e6b payment receipt sent loan_id=LN573541772 channel=EMAIL
2026-03-04T02:28:49.575+01:00 INFO payment-scheduler host=payment-scheduler-7c9d5b-p9qmz corrId=c-dbcd068452a23096 instalment collection started loan_id=LN226457542 due_date=2026-03-17
2026-03-04T02:28:49.641+01:00 INFO payment-service host=payment-service-7c9d5b-x2k4p corrId=c-dbcd068452a23096 direct debit mandate verified loan_id=LN226457542 mandate_id=MD9389506
2026-03-04T02:28:49.743+01:00 INFO payment-service host=payment-service-5b8f6c-p9qmz corrId=c-dbcd068452a23096 payment instruction sent loan_id=LN226457542 amount_dkk=5365.51
2026-03-04T02:28:49.831+01:00 INFO ledger-service host=ledger-service-5b8f6c-t6zvn corrId=c-dbcd068452a23096 ledger posting accepted loan_id=LN226457542 amount_dkk=5365.51 posting_id=PST-5028968cf7
2026-03-04T02:28:49.946+01:00 INFO payment-service host=payment-service-7c9d5b-p9qmz corrId=c-dbcd068452a23096 payment settled loan_id=LN226457542 amount_dkk=5365.51
2026-03-04T02:28:50.050+01:00 INFO notification-service host=notification-service-a41e92-p9qmz corrId=c-dbcd068452a23096 payment receipt sent loan_id=LN226457542 channel=EMAIL
2026-03-04T02:29:37.220+01:00 INFO payment-scheduler host=payment-scheduler-a41e92-t6zvn corrId=c-0b431fc1507226aa instalment collection started loan_id=LN787605416 due_date=2026-03-19
2026-03-04T02:29:37.352+01:00 INFO payment-service host=payment-service-a41e92-x2k4p corrId=c-0b431fc1507226aa direct debit mandate verified loan_id=LN787605416 mandate_id=MD7790641
2026-03-04T02:29:37.436+01:00 INFO payment-service host=payment-service-5b8f6c-x2k4p corrId=c-0b431fc1507226aa payment instruction sent loan_id=LN787605416 amount_dkk=14089.71
2026-03-04T02:29:37.447+01:00 INFO ledger-service host=ledger-service-5b8f6c-x2k4p corrId=c-0b431fc1507226aa ledger posting accepted loan_id=LN787605416 amount_dkk=14089.71 posting_id=PST-cf856d46b1
2026-03-04T02:29:37.563+01:00 INFO payment-service host=payment-service-a41e92-x2k4p corrId=c-0b431fc1507226aa payment settled loan_id=LN787605416 amount_dkk=14089.71
2026-03-04T02:29:37.660+01:00 INFO notification-service host=notification-service-a41e92-p9qmz corrId=c-0b431fc1507226aa payment receipt sent loan_id=LN787605416 channel=DIGITAL_POST
2026-03-04T02:29:40.831+01:00 INFO payment-scheduler host=payment-scheduler-7c9d5b-x2k4p corrId=c-97546b0a830f008e instalment collection started loan_id=LN558168407 due_date=2026-03-17
2026-03-04T02:29:40.901+01:00 INFO payment-service host=payment-service-7c9d5b-t6zvn corrId=c-97546b0a830f008e direct debit mandate verified loan_id=LN558168407 mandate_id=MD3561206
2026-03-04T02:29:40.921+01:00 INFO payment-service host=payment-service-7c9d5b-x2k4p corrId=c-97546b0a830f008e payment instruction sent loan_id=LN558168407 amount_dkk=16061.22
2026-03-04T02:29:40.940+01:00 INFO ledger-service host=ledger-service-a41e92-t6zvn corrId=c-97546b0a830f008e ledger posting accepted loan_id=LN558168407 amount_dkk=16061.22 posting_id=PST-4be747d7d2
2026-03-04T02:29:40.972+01:00 INFO payment-service host=payment-service-5b8f6c-p9qmz corrId=c-97546b0a830f008e payment settled loan_id=LN558168407 amount_dkk=16061.22
2026-03-04T02:29:41.057+01:00 INFO notification-service host=notification-service-7c9d5b-x2k4p corrId=c-97546b0a830f008e payment receipt sent loan_id=LN558168407 channel=EMAIL
2026-03-04T02:30:00.451+01:00 INFO payment-scheduler host=payment-scheduler-5b8f6c-x2k4p corrId=- scheduler heartbeat lag_ms=111
2026-03-04T02:30:00.468+01:00 INFO api-gateway host=api-gateway-5b8f6c-t6zvn corrId=- health probe ok status=200 latency_ms=16
2026-03-04T02:30:53.068+01:00 INFO payment-scheduler host=payment-scheduler-7c9d5b-t6zvn corrId=c-0ac12a37f9c487c6 instalment collection started loan_id=LN744935840 due_date=2026-03-07
2026-03-04T02:30:53.103+01:00 INFO payment-service host=payment-service-5b8f6c-p9qmz corrId=c-0ac12a37f9c487c6 direct debit mandate verified loan_id=LN744935840 mandate_id=MD7903460
2026-03-04T02:30:53.151+01:00 INFO payment-service host=payment-service-5b8f6c-x2k4p corrId=c-0ac12a37f9c487c6 payment instruction sent loan_id=LN744935840 amount_dkk=8539.98
2026-03-04T02:30:53.204+01:00 INFO ledger-service host=ledger-service-7c9d5b-p9qmz corrId=c-0ac12a37f9c487c6 ledger posting accepted loan_id=LN744935840 amount_dkk=8539.98 posting_id=PST-34c2e08b67
2026-03-04T02:30:53.254+01:00 INFO payment-service host=payment-service-a41e92-x2k4p corrId=c-0ac12a37f9c487c6 payment settled loan_id=LN744935840 amount_dkk=8539.98
2026-03-04T02:30:53.367+01:00 INFO notification-service host=notification-service-a41e92-p9qmz corrId=c-0ac12a37f9c487c6 payment receipt sent loan_id=LN744935840 channel=EMAIL
2026-03-04T02:30:53.911+01:00 INFO payment-scheduler host=payment-scheduler-5b8f6c-x2k4p corrId=c-2f96dd2ff3668ab7 instalment collection started loan_id=LN444515332 due_date=2026-03-18
2026-03-04T02:30:54.019+01:00 INFO payment-service host=payment-service-a41e92-t6zvn corrId=c-2f96dd2ff3668ab7 direct debit mandate verified loan_id=LN444515332 mandate_id=MD5282203
2026-03-04T02:30:54.033+01:00 INFO payment-service host=payment-service-a41e92-x2k4p corrId=c-2f96dd2ff3668ab7 payment instruction sent loan_id=LN444515332 amount_dkk=12283.85
2026-03-04T02:30:54.168+01:00 INFO ledger-service host=ledger-service-7c9d5b-t6zvn corrId=c-2f96dd2ff3668ab7 ledger posting accepted loan_id=LN444515332 amount_dkk=12283.85 posting_id=PST-b3d9ec98d8
2026-03-04T02:30:54.202+01:00 INFO payment-service host=payment-service-5b8f6c-t6zvn corrId=c-2f96dd2ff3668ab7 payment settled loan_id=LN444515332 amount_dkk=12283.85
2026-03-04T02:30:54.329+01:00 INFO notification-service host=notification-service-7c9d5b-x2k4p corrId=c-2f96dd2ff3668ab7 payment receipt sent loan_id=LN444515332 channel=DIGITAL_POST
2026-03-04T02:32:11.724+01:00 INFO payment-scheduler host=payment-scheduler-7c9d5b-t6zvn corrId=c-28a518de415badad instalment collection started loan_id=LN783623702 due_date=2026-03-25
2026-03-04T02:32:11.737+01:00 INFO payment-service host=payment-service-a41e92-p9qmz corrId=c-28a518de415badad direct debit mandate verified loan_id=LN783623702 mandate_id=MD7931403
2026-03-04T02:32:11.844+01:00 INFO payment-service host=payment-service-a41e92-p9qmz corrId=c-28a518de415badad payment instruction sent loan_id=LN783623702 amount_dkk=12684.46
2026-03-04T02:32:11.953+01:00 INFO ledger-service host=ledger-service-7c9d5b-x2k4p corrId=c-28a518de415badad ledger posting accepted loan_id=LN783623702 amount_dkk=12684.46 posting_id=PST-0a6a581d81
2026-03-04T02:32:12.027+01:00 INFO payment-service host=payment-service-5b8f6c-x2k4p corrId=c-28a518de415badad payment settled loan_id=LN783623702 amount_dkk=12684.46
2026-03-04T02:32:12.042+01:00 INFO notification-service host=notification-service-a41e92-x2k4p corrId=c-28a518de415badad payment receipt sent loan_id=LN783623702 channel=DIGITAL_POST
2026-03-04T02:32:30.506+01:00 INFO payment-scheduler host=payment-scheduler-5b8f6c-x2k4p corrId=c-a36ac5aa8f0f1d11 instalment collection started loan_id=LN911934125 due_date=2026-03-01
2026-03-04T02:32:30.616+01:00 INFO payment-service host=payment-service-7c9d5b-p9qmz corrId=c-a36ac5aa8f0f1d11 direct debit mandate verified loan_id=LN911934125 mandate_id=MD1345056
2026-03-04T02:32:30.657+01:00 INFO payment-service host=payment-service-a41e92-p9qmz corrId=c-a36ac5aa8f0f1d11 payment instruction sent loan_id=LN911934125 amount_dkk=4081.91
2026-03-04T02:32:30.689+01:00 INFO ledger-service host=ledger-service-7c9d5b-p9qmz corrId=c-a36ac5aa8f0f1d11 ledger posting accepted loan_id=LN911934125 amount_dkk=4081.91 posting_id=PST-136fa75dde
2026-03-04T02:32:30.747+01:00 INFO payment-service host=payment-service-5b8f6c-t6zvn corrId=c-a36ac5aa8f0f1d11 payment settled loan_id=LN911934125 amount_dkk=4081.91
2026-03-04T02:32:30.850+01:00 INFO payment-scheduler host=payment-scheduler-7c9d5b-x2k4p corrId=c-044db995da36957b instalment collection started loan_id=LN819549515 due_date=2026-03-06
2026-03-04T02:32:30.856+01:00 INFO notification-service host=notification-service-5b8f6c-x2k4p corrId=c-a36ac5aa8f0f1d11 payment receipt sent loan_id=LN911934125 channel=DIGITAL_POST
2026-03-04T02:32:30.872+01:00 INFO payment-service host=payment-service-a41e92-x2k4p corrId=c-044db995da36957b direct debit mandate verified loan_id=LN819549515 mandate_id=MD7678373
2026-03-04T02:32:30.893+01:00 INFO payment-service host=payment-service-a41e92-t6zvn corrId=c-044db995da36957b payment instruction sent loan_id=LN819549515 amount_dkk=3079.38
2026-03-04T02:32:30.967+01:00 INFO ledger-service host=ledger-service-a41e92-p9qmz corrId=c-044db995da36957b ledger posting accepted loan_id=LN819549515 amount_dkk=3079.38 posting_id=PST-78b8a85d29
2026-03-04T02:32:31.048+01:00 INFO payment-service host=payment-service-7c9d5b-p9qmz corrId=c-044db995da36957b payment settled loan_id=LN819549515 amount_dkk=3079.38
2026-03-04T02:32:31.055+01:00 INFO notification-service host=notification-service-7c9d5b-x2k4p corrId=c-044db995da36957b payment receipt sent loan_id=LN819549515 channel=EMAIL
2026-03-04T02:32:32.654+01:00 INFO payment-scheduler host=payment-scheduler-5b8f6c-p9qmz corrId=c-46b57a734c5eb386 instalment collection started loan_id=LN080355219 due_date=2026-03-18
2026-03-04T02:32:32.748+01:00 INFO payment-service host=payment-service-a41e92-x2k4p corrId=c-46b57a734c5eb386 direct debit mandate verified loan_id=LN080355219 mandate_id=MD7059618
2026-03-04T02:32:32.830+01:00 INFO payment-service host=payment-service-a41e92-p9qmz corrId=c-46b57a734c5eb386 payment instruction sent loan_id=LN080355219 amount_dkk=16904.46
2026-03-04T02:32:32.960+01:00 INFO ledger-service host=ledger-service-7c9d5b-p9qmz corrId=c-46b57a734c5eb386 ledger posting accepted loan_id=LN080355219 amount_dkk=16904.46 posting_id=PST-016594e414
2026-03-04T02:32:32.982+01:00 INFO payment-service host=payment-service-a41e92-p9qmz corrId=c-46b57a734c5eb386 payment settled loan_id=LN080355219 amount_dkk=16904.46
2026-03-04T02:32:33.062+01:00 INFO notification-service host=notification-service-7c9d5b-t6zvn corrId=c-46b57a734c5eb386 payment receipt sent loan_id=LN080355219 channel=DIGITAL_POST
2026-03-04T02:32:55.399+01:00 INFO payment-scheduler host=payment-scheduler-a41e92-p9qmz corrId=c-9aae9d5fd21a2d6d instalment collection started loan_id=LN295153712 due_date=2026-03-04
2026-03-04T02:32:55.457+01:00 INFO payment-service host=payment-service-5b8f6c-t6zvn corrId=c-9aae9d5fd21a2d6d direct debit mandate verified loan_id=LN295153712 mandate_id=MD3894056
2026-03-04T02:32:55.504+01:00 INFO payment-service host=payment-service-7c9d5b-p9qmz corrId=c-9aae9d5fd21a2d6d payment instruction sent loan_id=LN295153712 amount_dkk=12521.52
2026-03-04T02:32:55.618+01:00 INFO ledger-service host=ledger-service-7c9d5b-p9qmz corrId=c-9aae9d5fd21a2d6d ledger posting accepted loan_id=LN295153712 amount_dkk=12521.52 posting_id=PST-6cf67957e6
2026-03-04T02:32:55.717+01:00 INFO payment-service host=payment-service-5b8f6c-x2k4p corrId=c-9aae9d5fd21a2d6d payment settled loan_id=LN295153712 amount_dkk=12521.52
2026-03-04T02:32:55.745+01:00 INFO notification-service host=notification-service-5b8f6c-p9qmz corrId=c-9aae9d5fd21a2d6d payment receipt sent loan_id=LN295153712 channel=DIGITAL_POST
2026-03-04T02:32:58.703+01:00 INFO payment-scheduler host=payment-scheduler-7c9d5b-p9qmz corrId=c-ea915dea11ccef69 instalment collection started loan_id=LN395991575 due_date=2026-03-16
2026-03-04T02:32:58.730+01:00 INFO payment-service host=payment-service-a41e92-x2k4p corrId=c-ea915dea11ccef69 direct debit mandate verified loan_id=LN395991575 mandate_id=MD3003358
2026-03-04T02:32:58.745+01:00 INFO payment-service host=payment-service-7c9d5b-x2k4p corrId=c-ea915dea11ccef69 payment instruction sent loan_id=LN395991575 amount_dkk=11206.28
2026-03-04T02:32:58.872+01:00 INFO ledger-service host=ledger-service-a41e92-x2k4p corrId=c-ea915dea11ccef69 ledger posting accepted loan_id=LN395991575 amount_dkk=11206.28 posting_id=PST-98ba5c4393
2026-03-04T02:32:58.970+01:00 INFO payment-service host=payment-service-5b8f6c-t6zvn corrId=c-ea915dea11ccef69 payment settled loan_id=LN395991575 amount_dkk=11206.28
2026-03-04T02:32:59.006+01:00 INFO notification-service host=notification-service-7c9d5b-x2k4p corrId=c-ea915dea11ccef69 payment receipt sent loan_id=LN395991575 channel=DIGITAL_POST
2026-03-04T02:33:16.589+01:00 INFO payment-scheduler host=payment-scheduler-a41e92-x2k4p corrId=c-f7b2a35815a6145c instalment collection started loan_id=LN014663032 due_date=2026-03-10
2026-03-04T02:33:16.669+01:00 INFO payment-service host=payment-service-5b8f6c-x2k4p corrId=c-f7b2a35815a6145c direct debit mandate verified loan_id=LN014663032 mandate_id=MD2668358
2026-03-04T02:33:16.717+01:00 INFO payment-service host=payment-service-5b8f6c-x2k4p corrId=c-f7b2a35815a6145c payment instruction sent loan_id=LN014663032 amount_dkk=16920.11
2026-03-04T02:33:16.774+01:00 INFO ledger-service host=ledger-service-7c9d5b-x2k4p corrId=c-f7b2a35815a6145c ledger posting accepted loan_id=LN014663032 amount_dkk=16920.11 posting_id=PST-b9763c3b29
2026-03-04T02:33:16.902+01:00 INFO payment-service host=payment-service-a41e92-p9qmz corrId=c-f7b2a35815a6145c payment settled loan_id=LN014663032 amount_dkk=16920.11
2026-03-04T02:33:16.982+01:00 INFO notification-service host=notification-service-7c9d5b-x2k4p corrId=c-f7b2a35815a6145c payment receipt sent loan_id=LN014663032 channel=DIGITAL_POST
2026-03-04T02:33:35.752+01:00 INFO payment-scheduler host=payment-scheduler-5b8f6c-t6zvn corrId=c-76461f79f41bb198 instalment collection started loan_id=LN290257433 due_date=2026-03-28
2026-03-04T02:33:35.770+01:00 INFO payment-service host=payment-service-5b8f6c-x2k4p corrId=c-76461f79f41bb198 direct debit mandate verified loan_id=LN290257433 mandate_id=MD7416459
2026-03-04T02:33:35.882+01:00 INFO payment-service host=payment-service-5b8f6c-p9qmz corrId=c-76461f79f41bb198 payment instruction sent loan_id=LN290257433 amount_dkk=11787.51
2026-03-04T02:33:35.969+01:00 INFO ledger-service host=ledger-service-7c9d5b-t6zvn corrId=c-76461f79f41bb198 ledger posting accepted loan_id=LN290257433 amount_dkk=11787.51 posting_id=PST-0b30a693c3
2026-03-04T02:33:36.093+01:00 INFO payment-service host=payment-service-a41e92-t6zvn corrId=c-76461f79f41bb198 payment settled loan_id=LN290257433 amount_dkk=11787.51
2026-03-04T02:33:36.148+01:00 INFO notification-service host=notification-service-5b8f6c-t6zvn corrId=c-76461f79f41bb198 payment receipt sent loan_id=LN290257433 channel=DIGITAL_POST
2026-03-04T02:33:52.057+01:00 INFO payment-scheduler host=payment-scheduler-7c9d5b-p9qmz corrId=c-bbc7972e2211561e instalment collection started loan_id=LN022085004 due_date=2026-03-24
2026-03-04T02:33:52.192+01:00 INFO payment-service host=payment-service-a41e92-x2k4p corrId=c-bbc7972e2211561e direct debit mandate verified loan_id=LN022085004 mandate_id=MD5353639
2026-03-04T02:33:52.297+01:00 INFO payment-service host=payment-service-a41e92-t6zvn corrId=c-bbc7972e2211561e payment instruction sent loan_id=LN022085004 amount_dkk=15289.08
2026-03-04T02:33:52.363+01:00 INFO ledger-service host=ledger-service-a41e92-p9qmz corrId=c-bbc7972e2211561e ledger posting accepted loan_id=LN022085004 amount_dkk=15289.08 posting_id=PST-dd1024fc97
2026-03-04T02:33:52.477+01:00 INFO payment-service host=payment-service-a41e92-x2k4p corrId=c-bbc7972e2211561e payment settled loan_id=LN022085004 amount_dkk=15289.08
2026-03-04T02:33:52.539+01:00 INFO notification-service host=notification-service-5b8f6c-t6zvn corrId=c-bbc7972e2211561e payment receipt sent loan_id=LN022085004 channel=EMAIL
2026-03-04T02:33:56.709+01:00 INFO payment-scheduler host=payment-scheduler-a41e92-t6zvn corrId=c-d7b26643693b01d5 instalment collection started loan_id=LN548254089 due_date=2026-03-24
2026-03-04T02:33:56.745+01:00 INFO payment-service host=payment-service-7c9d5b-x2k4p corrId=c-d7b26643693b01d5 direct debit mandate verified loan_id=LN548254089 mandate_id=MD8159297
2026-03-04T02:33:56.850+01:00 INFO payment-service host=payment-service-5b8f6c-p9qmz corrId=c-d7b26643693b01d5 payment instruction sent loan_id=LN548254089 amount_dkk=12570.46
2026-03-04T02:33:56.949+01:00 INFO ledger-service host=ledger-service-a41e92-x2k4p corrId=c-d7b26643693b01d5 ledger posting accepted loan_id=LN548254089 amount_dkk=12570.46 posting_id=PST-2a41014ba1
2026-03-04T02:33:57.079+01:00 INFO payment-service host=payment-service-a41e92-t6zvn corrId=c-d7b26643693b01d5 payment settled loan_id=LN548254089 amount_dkk=12570.46
2026-03-04T02:33:57.115+01:00 INFO notification-service host=notification-service-7c9d5b-t6zvn corrId=c-d7b26643693b01d5 payment receipt sent loan_id=LN548254089 channel=EMAIL
2026-03-04T02:34:14.024+01:00 INFO payment-scheduler host=payment-scheduler-5b8f6c-x2k4p corrId=c-1beb7a4449850aa1 instalment collection started loan_id=LN017436556 due_date=2026-03-21
2026-03-04T02:34:14.128+01:00 INFO payment-service host=payment-service-7c9d5b-x2k4p corrId=c-1beb7a4449850aa1 direct debit mandate verified loan_id=LN017436556 mandate_id=MD7865830
2026-03-04T02:34:14.200+01:00 INFO payment-scheduler host=payment-scheduler-7c9d5b-x2k4p corrId=c-6bb12083a15fb032 instalment collection started loan_id=LN849993014 due_date=2026-03-28
2026-03-04T02:34:14.224+01:00 INFO payment-service host=payment-service-7c9d5b-p9qmz corrId=c-1beb7a4449850aa1 payment instruction sent loan_id=LN017436556 amount_dkk=16628.07
2026-03-04T02:34:14.228+01:00 INFO payment-service host=payment-service-a41e92-t6zvn corrId=c-6bb12083a15fb032 direct debit mandate verified loan_id=LN849993014 mandate_id=MD1589104
2026-03-04T02:34:14.234+01:00 INFO payment-service host=payment-service-5b8f6c-t6zvn corrId=c-6bb12083a15fb032 payment instruction sent loan_id=LN849993014 amount_dkk=15894.02
2026-03-04T02:34:14.271+01:00 INFO ledger-service host=ledger-service-a41e92-p9qmz corrId=c-1beb7a4449850aa1 ledger posting accepted loan_id=LN017436556 amount_dkk=16628.07 posting_id=PST-ca7cb3c5b4
2026-03-04T02:34:14.321+01:00 INFO ledger-service host=ledger-service-5b8f6c-t6zvn corrId=c-6bb12083a15fb032 ledger posting accepted loan_id=LN849993014 amount_dkk=15894.02 posting_id=PST-50f315e04c
2026-03-04T02:34:14.327+01:00 INFO payment-service host=payment-service-a41e92-t6zvn corrId=c-6bb12083a15fb032 payment settled loan_id=LN849993014 amount_dkk=15894.02
2026-03-04T02:34:14.346+01:00 INFO notification-service host=notification-service-a41e92-p9qmz corrId=c-6bb12083a15fb032 payment receipt sent loan_id=LN849993014 channel=EMAIL
2026-03-04T02:34:14.408+01:00 INFO payment-service host=payment-service-7c9d5b-p9qmz corrId=c-1beb7a4449850aa1 payment settled loan_id=LN017436556 amount_dkk=16628.07
2026-03-04T02:34:14.520+01:00 INFO notification-service host=notification-service-5b8f6c-p9qmz corrId=c-1beb7a4449850aa1 payment receipt sent loan_id=LN017436556 channel=EMAIL
2026-03-04T02:34:19.415+01:00 INFO payment-scheduler host=payment-scheduler-5b8f6c-x2k4p corrId=c-c2597dcee1c328b7 instalment collection started loan_id=LN368582714 due_date=2026-03-16
2026-03-04T02:34:19.505+01:00 INFO payment-service host=payment-service-5b8f6c-x2k4p corrId=c-c2597dcee1c328b7 direct debit mandate verified loan_id=LN368582714 mandate_id=MD5384891
2026-03-04T02:34:19.621+01:00 INFO payment-service host=payment-service-7c9d5b-t6zvn corrId=c-c2597dcee1c328b7 payment instruction sent loan_id=LN368582714 amount_dkk=16859.87
2026-03-04T02:34:19.738+01:00 INFO ledger-service host=ledger-service-7c9d5b-p9qmz corrId=c-c2597dcee1c328b7 ledger posting accepted loan_id=LN368582714 amount_dkk=16859.87 posting_id=PST-a1b14b617a
2026-03-04T02:34:19.753+01:00 INFO payment-service host=payment-service-a41e92-p9qmz corrId=c-c2597dcee1c328b7 payment settled loan_id=LN368582714 amount_dkk=16859.87
2026-03-04T02:34:19.792+01:00 INFO notification-service host=notification-service-a41e92-x2k4p corrId=c-c2597dcee1c328b7 payment receipt sent loan_id=LN368582714 channel=EMAIL
2026-03-04T02:34:42.085+01:00 INFO payment-scheduler host=payment-scheduler-a41e92-t6zvn corrId=c-066dd336b223b3fb instalment collection started loan_id=LN234485018 due_date=2026-03-17
2026-03-04T02:34:42.121+01:00 INFO payment-service host=payment-service-a41e92-p9qmz corrId=c-066dd336b223b3fb direct debit mandate verified loan_id=LN234485018 mandate_id=MD8400269
2026-03-04T02:34:42.181+01:00 INFO payment-service host=payment-service-a41e92-x2k4p corrId=c-066dd336b223b3fb payment instruction sent loan_id=LN234485018 amount_dkk=13264.56
2026-03-04T02:34:42.297+01:00 WARN ledger-service host=ledger-service-a41e92-t6zvn corrId=c-066dd336b223b3fb ledger posting retried loan_id=LN234485018 attempt=1
2026-03-04T02:34:42.422+01:00 INFO ledger-service host=ledger-service-7c9d5b-x2k4p corrId=c-066dd336b223b3fb ledger posting accepted loan_id=LN234485018 amount_dkk=13264.56 posting_id=PST-d13fec6ada
2026-03-04T02:34:42.513+01:00 INFO payment-service host=payment-service-7c9d5b-t6zvn corrId=c-066dd336b223b3fb payment settled loan_id=LN234485018 amount_dkk=13264.56
2026-03-04T02:34:42.635+01:00 INFO notification-service host=notification-service-7c9d5b-t6zvn corrId=c-066dd336b223b3fb payment receipt sent loan_id=LN234485018 channel=DIGITAL_POST
2026-03-04T02:34:56.528+01:00 INFO payment-scheduler host=payment-scheduler-7c9d5b-p9qmz corrId=c-f54caac4698b846c instalment collection started loan_id=LN522119158 due_date=2026-03-17
2026-03-04T02:34:56.590+01:00 INFO payment-service host=payment-service-7c9d5b-x2k4p corrId=c-f54caac4698b846c direct debit mandate verified loan_id=LN522119158 mandate_id=MD5335294
2026-03-04T02:34:56.680+01:00 INFO payment-service host=payment-service-5b8f6c-t6zvn corrId=c-f54caac4698b846c payment instruction sent loan_id=LN522119158 amount_dkk=9504.68
2026-03-04T02:34:56.706+01:00 INFO ledger-service host=ledger-service-7c9d5b-p9qmz corrId=c-f54caac4698b846c ledger posting accepted loan_id=LN522119158 amount_dkk=9504.68 posting_id=PST-88c792eb03
2026-03-04T02:34:56.813+01:00 INFO payment-service host=payment-service-a41e92-x2k4p corrId=c-f54caac4698b846c payment settled loan_id=LN522119158 amount_dkk=9504.68
2026-03-04T02:34:56.918+01:00 INFO notification-service host=notification-service-7c9d5b-t6zvn corrId=c-f54caac4698b846c payment receipt sent loan_id=LN522119158 channel=DIGITAL_POST
2026-03-04T02:35:00.138+01:00 INFO api-gateway host=api-gateway-7c9d5b-x2k4p corrId=- health probe ok status=200 latency_ms=25
2026-03-04T02:35:06.113+01:00 INFO payment-scheduler host=payment-scheduler-a41e92-p9qmz corrId=c-163069fb15a8cea0 instalment collection started loan_id=LN521965517 due_date=2026-03-18
2026-03-04T02:35:06.191+01:00 INFO payment-service host=payment-service-5b8f6c-x2k4p corrId=c-163069fb15a8cea0 direct debit mandate verified loan_id=LN521965517 mandate_id=MD6715049
2026-03-04T02:35:06.296+01:00 INFO payment-service host=payment-service-5b8f6c-x2k4p corrId=c-163069fb15a8cea0 payment instruction sent loan_id=LN521965517 amount_dkk=5830.94
2026-03-04T02:35:06.303+01:00 INFO ledger-service host=ledger-service-a41e92-t6zvn corrId=c-163069fb15a8cea0 ledger posting accepted loan_id=LN521965517 amount_dkk=5830.94 posting_id=PST-064ff329dd
2026-03-04T02:35:06.404+01:00 INFO payment-service host=payment-service-a41e92-x2k4p corrId=c-163069fb15a8cea0 payment settled loan_id=LN521965517 amount_dkk=5830.94
2026-03-04T02:35:06.478+01:00 INFO notification-service host=notification-service-5b8f6c-x2k4p corrId=c-163069fb15a8cea0 payment receipt sent loan_id=LN521965517 channel=DIGITAL_POST
2026-03-04T02:35:09.759+01:00 INFO payment-scheduler host=payment-scheduler-5b8f6c-t6zvn corrId=c-b25c67a864d8cc39 instalment collection started loan_id=LN581435830 due_date=2026-03-09
2026-03-04T02:35:09.882+01:00 INFO payment-service host=payment-service-5b8f6c-p9qmz corrId=c-b25c67a864d8cc39 direct debit mandate verified loan_id=LN581435830 mandate_id=MD0691329
2026-03-04T02:35:10.016+01:00 INFO payment-service host=payment-service-a41e92-x2k4p corrId=c-b25c67a864d8cc39 payment instruction sent loan_id=LN581435830 amount_dkk=3205.14
2026-03-04T02:35:10.150+01:00 INFO ledger-service host=ledger-service-7c9d5b-t6zvn corrId=c-b25c67a864d8cc39 ledger posting accepted loan_id=LN581435830 amount_dkk=3205.14 posting_id=PST-8f14ac5262
2026-03-04T02:35:10.267+01:00 INFO payment-service host=payment-service-5b8f6c-t6zvn corrId=c-b25c67a864d8cc39 payment settled loan_id=LN581435830 amount_dkk=3205.14
2026-03-04T02:35:10.279+01:00 INFO notification-service host=notification-service-5b8f6c-p9qmz corrId=c-b25c67a864d8cc39 payment receipt sent loan_id=LN581435830 channel=DIGITAL_POST
2026-03-04T02:35:38.104+01:00 INFO payment-scheduler host=payment-scheduler-a41e92-x2k4p corrId=c-8542dc317d441614 instalment collection started loan_id=LN223347168 due_date=2026-03-27
2026-03-04T02:35:38.116+01:00 INFO payment-service host=payment-service-5b8f6c-p9qmz corrId=c-8542dc317d441614 direct debit mandate verified loan_id=LN223347168 mandate_id=MD7780002
2026-03-04T02:35:38.123+01:00 INFO payment-service host=payment-service-5b8f6c-x2k4p corrId=c-8542dc317d441614 payment instruction sent loan_id=LN223347168 amount_dkk=8930.79
2026-03-04T02:35:38.237+01:00 INFO ledger-service host=ledger-service-5b8f6c-p9qmz corrId=c-8542dc317d441614 ledger posting accepted loan_id=LN223347168 amount_dkk=8930.79 posting_id=PST-2b91da15ba
2026-03-04T02:35:38.257+01:00 INFO payment-service host=payment-service-5b8f6c-t6zvn corrId=c-8542dc317d441614 payment settled loan_id=LN223347168 amount_dkk=8930.79
2026-03-04T02:35:38.288+01:00 INFO notification-service host=notification-service-5b8f6c-x2k4p corrId=c-8542dc317d441614 payment receipt sent loan_id=LN223347168 channel=EMAIL
2026-03-04T02:35:41.493+01:00 INFO payment-scheduler host=payment-scheduler-5b8f6c-x2k4p corrId=c-f22ed5aba6fdf2d8 instalment collection started loan_id=LN656699289 due_date=2026-03-28
2026-03-04T02:35:41.602+01:00 INFO payment-service host=payment-service-7c9d5b-x2k4p corrId=c-f22ed5aba6fdf2d8 direct debit mandate verified loan_id=LN656699289 mandate_id=MD5048518
2026-03-04T02:35:41.659+01:00 INFO payment-service host=payment-service-a41e92-p9qmz corrId=c-f22ed5aba6fdf2d8 payment instruction sent loan_id=LN656699289 amount_dkk=11705.19
2026-03-04T02:35:41.671+01:00 INFO ledger-service host=ledger-service-5b8f6c-t6zvn corrId=c-f22ed5aba6fdf2d8 ledger posting accepted loan_id=LN656699289 amount_dkk=11705.19 posting_id=PST-b98d3f3bff
2026-03-04T02:35:41.762+01:00 INFO payment-service host=payment-service-5b8f6c-t6zvn corrId=c-f22ed5aba6fdf2d8 payment settled loan_id=LN656699289 amount_dkk=11705.19
2026-03-04T02:35:41.772+01:00 INFO notification-service host=notification-service-a41e92-t6zvn corrId=c-f22ed5aba6fdf2d8 payment receipt sent loan_id=LN656699289 channel=DIGITAL_POST
2026-03-04T02:35:57.189+01:00 INFO payment-scheduler host=payment-scheduler-7c9d5b-p9qmz corrId=c-20b50d9110358d77 instalment collection started loan_id=LN171552146 due_date=2026-03-20
2026-03-04T02:35:57.215+01:00 INFO payment-service host=payment-service-a41e92-t6zvn corrId=c-20b50d9110358d77 direct debit mandate verified loan_id=LN171552146 mandate_id=MD5607081
2026-03-04T02:35:57.309+01:00 INFO payment-service host=payment-service-7c9d5b-t6zvn corrId=c-20b50d9110358d77 payment instruction sent loan_id=LN171552146 amount_dkk=16015.98
2026-03-04T02:35:57.404+01:00 INFO ledger-service host=ledger-service-5b8f6c-t6zvn corrId=c-20b50d9110358d77 ledger posting accepted loan_id=LN171552146 amount_dkk=16015.98 posting_id=PST-3e66bb362f
2026-03-04T02:35:57.523+01:00 INFO payment-service host=payment-service-a41e92-p9qmz corrId=c-20b50d9110358d77 payment settled loan_id=LN171552146 amount_dkk=16015.98
2026-03-04T02:35:57.555+01:00 INFO notification-service host=notification-service-7c9d5b-t6zvn corrId=c-20b50d9110358d77 payment receipt sent loan_id=LN171552146 channel=DIGITAL_POST
2026-03-04T02:36:54.691+01:00 INFO payment-scheduler host=payment-scheduler-5b8f6c-x2k4p corrId=c-91dc50eb392334f6 instalment collection started loan_id=LN831633253 due_date=2026-03-21
2026-03-04T02:36:54.825+01:00 INFO payment-service host=payment-service-a41e92-t6zvn corrId=c-91dc50eb392334f6 direct debit mandate verified loan_id=LN831633253 mandate_id=MD6981763
2026-03-04T02:36:54.929+01:00 INFO payment-service host=payment-service-5b8f6c-x2k4p corrId=c-91dc50eb392334f6 payment instruction sent loan_id=LN831633253 amount_dkk=17217.29
2026-03-04T02:36:54.958+01:00 INFO ledger-service host=ledger-service-5b8f6c-t6zvn corrId=c-91dc50eb392334f6 ledger posting accepted loan_id=LN831633253 amount_dkk=17217.29 posting_id=PST-83886743e1
2026-03-04T02:36:55.042+01:00 INFO payment-service host=payment-service-a41e92-t6zvn corrId=c-91dc50eb392334f6 payment settled loan_id=LN831633253 amount_dkk=17217.29
2026-03-04T02:36:55.054+01:00 INFO notification-service host=notification-service-5b8f6c-t6zvn corrId=c-91dc50eb392334f6 payment receipt sent loan_id=LN831633253 channel=EMAIL
2026-03-04T02:37:02.019+01:00 INFO payment-scheduler host=payment-scheduler-a41e92-t6zvn corrId=c-ec5be7585b59f34e instalment collection started loan_id=LN711721883 due_date=2026-03-09
2026-03-04T02:37:02.123+01:00 INFO payment-service host=payment-service-a41e92-p9qmz corrId=c-ec5be7585b59f34e direct debit mandate verified loan_id=LN711721883 mandate_id=MD3512842
2026-03-04T02:37:02.164+01:00 INFO payment-service host=payment-service-7c9d5b-x2k4p corrId=c-ec5be7585b59f34e payment instruction sent loan_id=LN711721883 amount_dkk=3690.09
2026-03-04T02:37:02.255+01:00 INFO ledger-service host=ledger-service-a41e92-t6zvn corrId=c-ec5be7585b59f34e ledger posting accepted loan_id=LN711721883 amount_dkk=3690.09 posting_id=PST-0f99b8d91c
2026-03-04T02:37:02.392+01:00 INFO payment-service host=payment-service-a41e92-p9qmz corrId=c-ec5be7585b59f34e payment settled loan_id=LN711721883 amount_dkk=3690.09
2026-03-04T02:37:02.413+01:00 INFO notification-service host=notification-service-a41e92-p9qmz corrId=c-ec5be7585b59f34e payment receipt sent loan_id=LN711721883 channel=DIGITAL_POST
2026-03-04T02:37:02.563+01:00 INFO payment-scheduler host=payment-scheduler-7c9d5b-p9qmz corrId=c-1bcfc3d0df30d288 instalment collection started loan_id=LN369351996 due_date=2026-03-12
2026-03-04T02:37:02.602+01:00 INFO payment-service host=payment-service-7c9d5b-t6zvn corrId=c-1bcfc3d0df30d288 direct debit mandate verified loan_id=LN369351996 mandate_id=MD5659217
2026-03-04T02:37:02.615+01:00 INFO payment-service host=payment-service-5b8f6c-t6zvn corrId=c-1bcfc3d0df30d288 payment instruction sent loan_id=LN369351996 amount_dkk=16747.77
2026-03-04T02:37:02.699+01:00 INFO ledger-service host=ledger-service-5b8f6c-x2k4p corrId=c-1bcfc3d0df30d288 ledger posting accepted loan_id=LN369351996 amount_dkk=16747.77 posting_id=PST-d7eeb108a8
2026-03-04T02:37:02.833+01:00 INFO payment-service host=payment-service-7c9d5b-p9qmz corrId=c-1bcfc3d0df30d288 payment settled loan_id=LN369351996 amount_dkk=16747.77
2026-03-04T02:37:02.955+01:00 INFO notification-service host=notification-service-a41e92-x2k4p corrId=c-1bcfc3d0df30d288 payment receipt sent loan_id=LN369351996 channel=DIGITAL_POST
2026-03-04T02:37:03.944+01:00 INFO payment-scheduler host=payment-scheduler-7c9d5b-p9qmz corrId=c-08097d5ce7723d5e instalment collection started loan_id=LN571951758 due_date=2026-03-28
2026-03-04T02:37:03.982+01:00 INFO payment-service host=payment-service-5b8f6c-x2k4p corrId=c-08097d5ce7723d5e direct debit mandate verified loan_id=LN571951758 mandate_id=MD4235747
2026-03-04T02:37:04.071+01:00 INFO payment-service host=payment-service-a41e92-t6zvn corrId=c-08097d5ce7723d5e payment instruction sent loan_id=LN571951758 amount_dkk=15154.56
2026-03-04T02:37:04.205+01:00 INFO ledger-service host=ledger-service-5b8f6c-t6zvn corrId=c-08097d5ce7723d5e ledger posting accepted loan_id=LN571951758 amount_dkk=15154.56 posting_id=PST-f3afc6d4bc
2026-03-04T02:37:04.238+01:00 INFO payment-service host=payment-service-7c9d5b-p9qmz corrId=c-08097d5ce7723d5e payment settled loan_id=LN571951758 amount_dkk=15154.56
2026-03-04T02:37:04.300+01:00 INFO notification-service host=notification-service-7c9d5b-t6zvn corrId=c-08097d5ce7723d5e payment receipt sent loan_id=LN571951758 channel=EMAIL
2026-03-04T02:37:23.519+01:00 INFO payment-scheduler host=payment-scheduler-a41e92-x2k4p corrId=c-bc2f4a941000072f instalment collection started loan_id=LN666195871 due_date=2026-03-21
2026-03-04T02:37:23.598+01:00 INFO payment-service host=payment-service-7c9d5b-p9qmz corrId=c-bc2f4a941000072f direct debit mandate verified loan_id=LN666195871 mandate_id=MD0398145
2026-03-04T02:37:23.643+01:00 INFO payment-service host=payment-service-a41e92-t6zvn corrId=c-bc2f4a941000072f payment instruction sent loan_id=LN666195871 amount_dkk=9524.13
2026-03-04T02:37:23.719+01:00 INFO ledger-service host=ledger-service-5b8f6c-p9qmz corrId=c-bc2f4a941000072f ledger posting accepted loan_id=LN666195871 amount_dkk=9524.13 posting_id=PST-d0ab988941
2026-03-04T02:37:23.849+01:00 INFO payment-service host=payment-service-7c9d5b-p9qmz corrId=c-bc2f4a941000072f payment settled loan_id=LN666195871 amount_dkk=9524.13
2026-03-04T02:37:23.924+01:00 INFO notification-service host=notification-service-5b8f6c-x2k4p corrId=c-bc2f4a941000072f payment receipt sent loan_id=LN666195871 channel=DIGITAL_POST
2026-03-04T02:37:29.112+01:00 INFO payment-scheduler host=payment-scheduler-a41e92-x2k4p corrId=c-23f0a414577db608 instalment collection started loan_id=LN761054541 due_date=2026-03-04
2026-03-04T02:37:29.217+01:00 INFO payment-service host=payment-service-7c9d5b-x2k4p corrId=c-23f0a414577db608 direct debit mandate verified loan_id=LN761054541 mandate_id=MD5877935
2026-03-04T02:37:29.242+01:00 INFO payment-service host=payment-service-a41e92-t6zvn corrId=c-23f0a414577db608 payment instruction sent loan_id=LN761054541 amount_dkk=9825.53
2026-03-04T02:37:29.332+01:00 INFO ledger-service host=ledger-service-5b8f6c-t6zvn corrId=c-23f0a414577db608 ledger posting accepted loan_id=LN761054541 amount_dkk=9825.53 posting_id=PST-9d3b908d01
2026-03-04T02:37:29.432+01:00 INFO payment-service host=payment-service-a41e92-x2k4p corrId=c-23f0a414577db608 payment settled loan_id=LN761054541 amount_dkk=9825.53
2026-03-04T02:37:29.489+01:00 INFO notification-service host=notification-service-7c9d5b-x2k4p corrId=c-23f0a414577db608 payment receipt sent loan_id=LN761054541 channel=DIGITAL_POST
2026-03-04T02:37:32.623+01:00 INFO payment-scheduler host=payment-scheduler-5b8f6c-t6zvn corrId=c-86a3bc93e03db870 instalment collection started loan_id=LN380945383 due_date=2026-03-28
2026-03-04T02:37:32.648+01:00 INFO payment-service host=payment-service-7c9d5b-x2k4p corrId=c-86a3bc93e03db870 direct debit mandate verified loan_id=LN380945383 mandate_id=MD5313573
2026-03-04T02:37:32.788+01:00 INFO payment-service host=payment-service-5b8f6c-t6zvn corrId=c-86a3bc93e03db870 payment instruction sent loan_id=LN380945383 amount_dkk=6909.65
2026-03-04T02:37:32.860+01:00 INFO ledger-service host=ledger-service-7c9d5b-x2k4p corrId=c-86a3bc93e03db870 ledger posting accepted loan_id=LN380945383 amount_dkk=6909.65 posting_id=PST-b236f91cfd
2026-03-04T02:37:32.886+01:00 INFO payment-service host=payment-service-7c9d5b-x2k4p corrId=c-86a3bc93e03db870 payment settled loan_id=LN380945383 amount_dkk=6909.65
2026-03-04T02:37:33.011+01:00 INFO notification-service host=notification-service-5b8f6c-p9qmz corrId=c-86a3bc93e03db870 payment receipt sent loan_id=LN380945383 channel=DIGITAL_POST
2026-03-04T02:37:40.937+01:00 INFO payment-scheduler host=payment-scheduler-a41e92-t6zvn corrId=c-adb508fa89142819 instalment collection started loan_id=LN147593824 due_date=2026-03-11
2026-03-04T02:37:41.026+01:00 INFO payment-service host=payment-service-7c9d5b-t6zvn corrId=c-adb508fa89142819 direct debit mandate verified loan_id=LN147593824 mandate_id=MD1815105
2026-03-04T02:37:41.149+01:00 INFO payment-service host=payment-service-5b8f6c-p9qmz corrId=c-adb508fa89142819 payment instruction sent loan_id=LN147593824 amount_dkk=14477.24
2026-03-04T02:37:41.258+01:00 INFO ledger-service host=ledger-service-5b8f6c-x2k4p corrId=c-adb508fa89142819 ledger posting accepted loan_id=LN147593824 amount_dkk=14477.24 posting_id=PST-8883b4acd7
2026-03-04T02:37:41.364+01:00 INFO payment-service host=payment-service-7c9d5b-x2k4p corrId=c-adb508fa89142819 payment settled loan_id=LN147593824 amount_dkk=14477.24
2026-03-04T02:37:41.432+01:00 INFO notification-service host=notification-service-7c9d5b-x2k4p corrId=c-adb508fa89142819 payment receipt sent loan_id=LN147593824 channel=DIGITAL_POST
2026-03-04T02:37:52.338+01:00 INFO payment-scheduler host=payment-scheduler-7c9d5b-p9qmz corrId=c-c7db05d3b58cc937 instalment collection started loan_id=LN271328546 due_date=2026-03-27
2026-03-04T02:37:52.416+01:00 INFO payment-service host=payment-service-7c9d5b-x2k4p corrId=c-c7db05d3b58cc937 direct debit mandate verified loan_id=LN271328546 mandate_id=MD3524908
2026-03-04T02:37:52.451+01:00 INFO payment-service host=payment-service-5b8f6c-p9qmz corrId=c-c7db05d3b58cc937 payment instruction sent loan_id=LN271328546 amount_dkk=11659.08
2026-03-04T02:37:52.503+01:00 INFO ledger-service host=ledger-service-7c9d5b-x2k4p corrId=c-c7db05d3b58cc937 ledger posting accepted loan_id=LN271328546 amount_dkk=11659.08 posting_id=PST-0ba16f0944
2026-03-04T02:37:52.526+01:00 INFO payment-service host=payment-service-5b8f6c-p9qmz corrId=c-c7db05d3b58cc937 payment settled loan_id=LN271328546 amount_dkk=11659.08
2026-03-04T02:37:52.540+01:00 INFO notification-service host=notification-service-a41e92-t6zvn corrId=c-c7db05d3b58cc937 payment receipt sent loan_id=LN271328546 channel=DIGITAL_POST
2026-03-04T02:38:13.189+01:00 INFO payment-scheduler host=payment-scheduler-7c9d5b-t6zvn corrId=c-0d7476190127364f instalment collection started loan_id=LN966220725 due_date=2026-03-11
2026-03-04T02:38:13.263+01:00 INFO payment-service host=payment-service-5b8f6c-p9qmz corrId=c-0d7476190127364f direct debit mandate verified loan_id=LN966220725 mandate_id=MD1798189
2026-03-04T02:38:13.391+01:00 INFO payment-service host=payment-service-5b8f6c-t6zvn corrId=c-0d7476190127364f payment instruction sent loan_id=LN966220725 amount_dkk=8288.01
2026-03-04T02:38:13.426+01:00 INFO ledger-service host=ledger-service-a41e92-t6zvn corrId=c-0d7476190127364f ledger posting accepted loan_id=LN966220725 amount_dkk=8288.01 posting_id=PST-27d64cc586
2026-03-04T02:38:13.474+01:00 INFO payment-service host=payment-service-7c9d5b-p9qmz corrId=c-0d7476190127364f payment settled loan_id=LN966220725 amount_dkk=8288.01
2026-03-04T02:38:13.496+01:00 INFO notification-service host=notification-service-5b8f6c-x2k4p corrId=c-0d7476190127364f payment receipt sent loan_id=LN966220725 channel=EMAIL
2026-03-04T02:38:19.465+01:00 INFO payment-scheduler host=payment-scheduler-7c9d5b-t6zvn corrId=c-115e7bf9d5c655d9 instalment collection started loan_id=LN106738743 due_date=2026-03-20
2026-03-04T02:38:19.571+01:00 INFO payment-service host=payment-service-7c9d5b-p9qmz corrId=c-115e7bf9d5c655d9 direct debit mandate verified loan_id=LN106738743 mandate_id=MD4588405
2026-03-04T02:38:19.684+01:00 INFO payment-service host=payment-service-5b8f6c-t6zvn corrId=c-115e7bf9d5c655d9 payment instruction sent loan_id=LN106738743 amount_dkk=7865.15
2026-03-04T02:38:19.787+01:00 INFO ledger-service host=ledger-service-7c9d5b-t6zvn corrId=c-115e7bf9d5c655d9 ledger posting accepted loan_id=LN106738743 amount_dkk=7865.15 posting_id=PST-bfab0d21f7
2026-03-04T02:38:19.893+01:00 INFO payment-service host=payment-service-7c9d5b-p9qmz corrId=c-115e7bf9d5c655d9 payment settled loan_id=LN106738743 amount_dkk=7865.15
2026-03-04T02:38:19.994+01:00 INFO notification-service host=notification-service-a41e92-x2k4p corrId=c-115e7bf9d5c655d9 payment receipt sent loan_id=LN106738743 channel=DIGITAL_POST
2026-03-04T02:38:51.513+01:00 INFO payment-scheduler host=payment-scheduler-a41e92-t6zvn corrId=c-4de3877fda51ffad instalment collection started loan_id=LN385980274 due_date=2026-03-15
2026-03-04T02:38:51.527+01:00 INFO payment-service host=payment-service-5b8f6c-p9qmz corrId=c-4de3877fda51ffad direct debit mandate verified loan_id=LN385980274 mandate_id=MD1714734
2026-03-04T02:38:51.662+01:00 INFO payment-service host=payment-service-7c9d5b-t6zvn corrId=c-4de3877fda51ffad payment instruction sent loan_id=LN385980274 amount_dkk=12175.22
2026-03-04T02:38:51.784+01:00 INFO ledger-service host=ledger-service-a41e92-t6zvn corrId=c-4de3877fda51ffad ledger posting accepted loan_id=LN385980274 amount_dkk=12175.22 posting_id=PST-07665da21d
2026-03-04T02:38:51.858+01:00 INFO payment-service host=payment-service-a41e92-x2k4p corrId=c-4de3877fda51ffad payment settled loan_id=LN385980274 amount_dkk=12175.22
2026-03-04T02:38:51.967+01:00 INFO notification-service host=notification-service-7c9d5b-p9qmz corrId=c-4de3877fda51ffad payment receipt sent loan_id=LN385980274 channel=DIGITAL_POST
2026-03-04T02:39:13.570+01:00 INFO payment-scheduler host=payment-scheduler-5b8f6c-t6zvn corrId=c-cd34ed8b524b7362 instalment collection started loan_id=LN999722044 due_date=2026-03-04
2026-03-04T02:39:13.697+01:00 INFO payment-service host=payment-service-a41e92-x2k4p corrId=c-cd34ed8b524b7362 direct debit mandate verified loan_id=LN999722044 mandate_id=MD0392101
2026-03-04T02:39:13.804+01:00 INFO payment-service host=payment-service-7c9d5b-t6zvn corrId=c-cd34ed8b524b7362 payment instruction sent loan_id=LN999722044 amount_dkk=2680.16
2026-03-04T02:39:13.830+01:00 INFO ledger-service host=ledger-service-7c9d5b-p9qmz corrId=c-cd34ed8b524b7362 ledger posting accepted loan_id=LN999722044 amount_dkk=2680.16 posting_id=PST-d339009f09
2026-03-04T02:39:13.886+01:00 INFO payment-service host=payment-service-5b8f6c-x2k4p corrId=c-cd34ed8b524b7362 payment settled loan_id=LN999722044 amount_dkk=2680.16
2026-03-04T02:39:13.978+01:00 INFO notification-service host=notification-service-7c9d5b-x2k4p corrId=c-cd34ed8b524b7362 payment receipt sent loan_id=LN999722044 channel=EMAIL
2026-03-04T02:39:16.197+01:00 INFO payment-scheduler host=payment-scheduler-7c9d5b-t6zvn corrId=c-79f44b059137efe9 instalment collection started loan_id=LN145879162 due_date=2026-03-06
2026-03-04T02:39:16.308+01:00 INFO payment-service host=payment-service-a41e92-p9qmz corrId=c-79f44b059137efe9 direct debit mandate verified loan_id=LN145879162 mandate_id=MD9653810
2026-03-04T02:39:16.440+01:00 INFO payment-service host=payment-service-5b8f6c-t6zvn corrId=c-79f44b059137efe9 payment instruction sent loan_id=LN145879162 amount_dkk=14558.53
2026-03-04T02:39:16.470+01:00 INFO ledger-service host=ledger-service-a41e92-t6zvn corrId=c-79f44b059137efe9 ledger posting accepted loan_id=LN145879162 amount_dkk=14558.53 posting_id=PST-2bdc857428
2026-03-04T02:39:16.592+01:00 INFO payment-service host=payment-service-a41e92-x2k4p corrId=c-79f44b059137efe9 payment settled loan_id=LN145879162 amount_dkk=14558.53
2026-03-04T02:39:16.700+01:00 INFO notification-service host=notification-service-a41e92-p9qmz corrId=c-79f44b059137efe9 payment receipt sent loan_id=LN145879162 channel=EMAIL
2026-03-04T02:39:26.874+01:00 INFO payment-scheduler host=payment-scheduler-7c9d5b-t6zvn corrId=c-56ea7d9d7c0966fc instalment collection started loan_id=LN821339061 due_date=2026-03-13
2026-03-04T02:39:26.926+01:00 INFO payment-service host=payment-service-7c9d5b-t6zvn corrId=c-56ea7d9d7c0966fc direct debit mandate verified loan_id=LN821339061 mandate_id=MD8382145
2026-03-04T02:39:27.025+01:00 INFO payment-service host=payment-service-a41e92-p9qmz corrId=c-56ea7d9d7c0966fc payment instruction sent loan_id=LN821339061 amount_dkk=3944.61
2026-03-04T02:39:27.093+01:00 INFO ledger-service host=ledger-service-7c9d5b-x2k4p corrId=c-56ea7d9d7c0966fc ledger posting accepted loan_id=LN821339061 amount_dkk=3944.61 posting_id=PST-2896de7aca
2026-03-04T02:39:27.108+01:00 INFO payment-service host=payment-service-a41e92-t6zvn corrId=c-56ea7d9d7c0966fc payment settled loan_id=LN821339061 amount_dkk=3944.61
2026-03-04T02:39:27.219+01:00 INFO notification-service host=notification-service-7c9d5b-p9qmz corrId=c-56ea7d9d7c0966fc payment receipt sent loan_id=LN821339061 channel=DIGITAL_POST
2026-03-04T02:39:31.979+01:00 INFO payment-scheduler host=payment-scheduler-a41e92-x2k4p corrId=c-ef66b9927be8f87a instalment collection started loan_id=LN702036546 due_date=2026-03-14
2026-03-04T02:39:32.068+01:00 INFO payment-service host=payment-service-a41e92-x2k4p corrId=c-ef66b9927be8f87a direct debit mandate verified loan_id=LN702036546 mandate_id=MD9646672
2026-03-04T02:39:32.125+01:00 INFO payment-scheduler host=payment-scheduler-a41e92-t6zvn corrId=c-b6287f1effd47efc instalment collection started loan_id=LN793970740 due_date=2026-03-09
2026-03-04T02:39:32.173+01:00 INFO payment-service host=payment-service-7c9d5b-p9qmz corrId=c-ef66b9927be8f87a payment instruction sent loan_id=LN702036546 amount_dkk=8048.80
2026-03-04T02:39:32.193+01:00 INFO payment-service host=payment-service-a41e92-x2k4p corrId=c-b6287f1effd47efc direct debit mandate verified loan_id=LN793970740 mandate_id=MD2737166
2026-03-04T02:39:32.250+01:00 INFO payment-service host=payment-service-a41e92-x2k4p corrId=c-b6287f1effd47efc payment instruction sent loan_id=LN793970740 amount_dkk=10623.27
2026-03-04T02:39:32.258+01:00 INFO ledger-service host=ledger-service-5b8f6c-p9qmz corrId=c-b6287f1effd47efc ledger posting accepted loan_id=LN793970740 amount_dkk=10623.27 posting_id=PST-014e19b9ea
2026-03-04T02:39:32.287+01:00 INFO ledger-service host=ledger-service-5b8f6c-t6zvn corrId=c-ef66b9927be8f87a ledger posting accepted loan_id=LN702036546 amount_dkk=8048.80 posting_id=PST-e34ec951c8
2026-03-04T02:39:32.293+01:00 INFO payment-service host=payment-service-5b8f6c-t6zvn corrId=c-b6287f1effd47efc payment settled loan_id=LN793970740 amount_dkk=10623.27
2026-03-04T02:39:32.337+01:00 INFO payment-service host=payment-service-5b8f6c-x2k4p corrId=c-ef66b9927be8f87a payment settled loan_id=LN702036546 amount_dkk=8048.80
2026-03-04T02:39:32.349+01:00 INFO notification-service host=notification-service-7c9d5b-t6zvn corrId=c-b6287f1effd47efc payment receipt sent loan_id=LN793970740 channel=DIGITAL_POST
2026-03-04T02:39:32.464+01:00 INFO notification-service host=notification-service-5b8f6c-x2k4p corrId=c-ef66b9927be8f87a payment receipt sent loan_id=LN702036546 channel=DIGITAL_POST
2026-03-04T02:39:34.175+01:00 INFO payment-scheduler host=payment-scheduler-a41e92-x2k4p corrId=c-4b6c49a06325b275 instalment collection started loan_id=LN578710475 due_date=2026-03-02
2026-03-04T02:39:34.228+01:00 INFO payment-service host=payment-service-a41e92-x2k4p corrId=c-4b6c49a06325b275 direct debit mandate verified loan_id=LN578710475 mandate_id=MD7752884
2026-03-04T02:39:34.312+01:00 INFO payment-service host=payment-service-7c9d5b-x2k4p corrId=c-4b6c49a06325b275 payment instruction sent loan_id=LN578710475 amount_dkk=4572.61
2026-03-04T02:39:34.433+01:00 INFO ledger-service host=ledger-service-5b8f6c-t6zvn corrId=c-4b6c49a06325b275 ledger posting accepted loan_id=LN578710475 amount_dkk=4572.61 posting_id=PST-d2305e59fa
2026-03-04T02:39:34.554+01:00 INFO payment-service host=payment-service-7c9d5b-p9qmz corrId=c-4b6c49a06325b275 payment settled loan_id=LN578710475 amount_dkk=4572.61
2026-03-04T02:39:34.563+01:00 INFO notification-service host=notification-service-5b8f6c-p9qmz corrId=c-4b6c49a06325b275 payment receipt sent loan_id=LN578710475 channel=DIGITAL_POST
2026-03-04T02:40:00.460+01:00 INFO api-gateway host=api-gateway-7c9d5b-p9qmz corrId=- health probe ok status=200 latency_ms=13
2026-03-04T02:40:00.483+01:00 INFO payment-scheduler host=payment-scheduler-7c9d5b-x2k4p corrId=- scheduler heartbeat lag_ms=10
2026-03-04T02:40:07.271+01:00 INFO payment-scheduler host=payment-scheduler-a41e92-x2k4p corrId=c-d5d287baa4928cf4 instalment collection started loan_id=LN281859607 due_date=2026-03-13
2026-03-04T02:40:07.354+01:00 INFO payment-service host=payment-service-7c9d5b-t6zvn corrId=c-d5d287baa4928cf4 direct debit mandate verified loan_id=LN281859607 mandate_id=MD9854262
2026-03-04T02:40:07.399+01:00 INFO payment-service host=payment-service-7c9d5b-t6zvn corrId=c-d5d287baa4928cf4 payment instruction sent loan_id=LN281859607 amount_dkk=17649.74
2026-03-04T02:40:07.418+01:00 INFO ledger-service host=ledger-service-7c9d5b-t6zvn corrId=c-d5d287baa4928cf4 ledger posting accepted loan_id=LN281859607 amount_dkk=17649.74 posting_id=PST-2e5f02b771
2026-03-04T02:40:07.539+01:00 INFO payment-service host=payment-service-7c9d5b-x2k4p corrId=c-d5d287baa4928cf4 payment settled loan_id=LN281859607 amount_dkk=17649.74
2026-03-04T02:40:07.653+01:00 INFO notification-service host=notification-service-5b8f6c-t6zvn corrId=c-d5d287baa4928cf4 payment receipt sent loan_id=LN281859607 channel=DIGITAL_POST
2026-03-04T02:40:16.765+01:00 INFO payment-scheduler host=payment-scheduler-7c9d5b-t6zvn corrId=c-f6056189c5ba26ce instalment collection started loan_id=LN213848482 due_date=2026-03-18
2026-03-04T02:40:16.787+01:00 INFO payment-service host=payment-service-5b8f6c-p9qmz corrId=c-f6056189c5ba26ce direct debit mandate verified loan_id=LN213848482 mandate_id=MD2455718
2026-03-04T02:40:16.796+01:00 INFO payment-service host=payment-service-5b8f6c-x2k4p corrId=c-f6056189c5ba26ce payment instruction sent loan_id=LN213848482 amount_dkk=17137.02
2026-03-04T02:40:16.875+01:00 INFO ledger-service host=ledger-service-7c9d5b-t6zvn corrId=c-f6056189c5ba26ce ledger posting accepted loan_id=LN213848482 amount_dkk=17137.02 posting_id=PST-05b3a176e3
2026-03-04T02:40:16.989+01:00 INFO payment-service host=payment-service-5b8f6c-t6zvn corrId=c-f6056189c5ba26ce payment settled loan_id=LN213848482 amount_dkk=17137.02
2026-03-04T02:40:17.031+01:00 INFO notification-service host=notification-service-a41e92-t6zvn corrId=c-f6056189c5ba26ce payment receipt sent loan_id=LN213848482 channel=DIGITAL_POST
2026-03-04T02:40:48.198+01:00 INFO payment-scheduler host=payment-scheduler-7c9d5b-x2k4p corrId=c-800ffb620bdc1060 instalment collection started loan_id=LN668257101 due_date=2026-03-09
2026-03-04T02:40:48.327+01:00 INFO payment-service host=payment-service-a41e92-t6zvn corrId=c-800ffb620bdc1060 direct debit mandate verified loan_id=LN668257101 mandate_id=MD5054219
2026-03-04T02:40:48.460+01:00 INFO payment-service host=payment-service-7c9d5b-p9qmz corrId=c-800ffb620bdc1060 payment instruction sent loan_id=LN668257101 amount_dkk=9618.42
2026-03-04T02:40:48.498+01:00 INFO ledger-service host=ledger-service-7c9d5b-p9qmz corrId=c-800ffb620bdc1060 ledger posting accepted loan_id=LN668257101 amount_dkk=9618.42 posting_id=PST-8fe5e7cb39
2026-03-04T02:40:48.636+01:00 INFO payment-service host=payment-service-7c9d5b-t6zvn corrId=c-800ffb620bdc1060 payment settled loan_id=LN668257101 amount_dkk=9618.42
2026-03-04T02:40:48.722+01:00 INFO notification-service host=notification-service-5b8f6c-t6zvn corrId=c-800ffb620bdc1060 payment receipt sent loan_id=LN668257101 channel=DIGITAL_POST
2026-03-04T02:41:12.378+01:00 INFO payment-scheduler host=payment-scheduler-5b8f6c-x2k4p corrId=c-6708153e2ea4820b instalment collection started loan_id=LN354870010 due_date=2026-03-10
2026-03-04T02:41:12.385+01:00 INFO payment-service host=payment-service-7c9d5b-t6zvn corrId=c-6708153e2ea4820b direct debit mandate verified loan_id=LN354870010 mandate_id=MD8006813
2026-03-04T02:41:12.469+01:00 INFO payment-service host=payment-service-7c9d5b-t6zvn corrId=c-6708153e2ea4820b payment instruction sent loan_id=LN354870010 amount_dkk=13676.61
2026-03-04T02:41:12.560+01:00 INFO ledger-service host=ledger-service-7c9d5b-x2k4p corrId=c-6708153e2ea4820b ledger posting accepted loan_id=LN354870010 amount_dkk=13676.61 posting_id=PST-14395abc05
2026-03-04T02:41:12.672+01:00 INFO payment-service host=payment-service-5b8f6c-x2k4p corrId=c-6708153e2ea4820b payment settled loan_id=LN354870010 amount_dkk=13676.61
2026-03-04T02:41:12.710+01:00 INFO payment-scheduler host=payment-scheduler-5b8f6c-x2k4p corrId=c-fce1b036d0bd9156 instalment collection started loan_id=LN376475204 due_date=2026-03-07
2026-03-04T02:41:12.735+01:00 INFO notification-service host=notification-service-5b8f6c-t6zvn corrId=c-6708153e2ea4820b payment receipt sent loan_id=LN354870010 channel=DIGITAL_POST
2026-03-04T02:41:12.835+01:00 INFO payment-service host=payment-service-a41e92-x2k4p corrId=c-fce1b036d0bd9156 direct debit mandate verified loan_id=LN376475204 mandate_id=MD6902284
2026-03-04T02:41:12.965+01:00 INFO payment-service host=payment-service-a41e92-x2k4p corrId=c-fce1b036d0bd9156 payment instruction sent loan_id=LN376475204 amount_dkk=7557.37
2026-03-04T02:41:13.051+01:00 INFO ledger-service host=ledger-service-a41e92-x2k4p corrId=c-fce1b036d0bd9156 ledger posting accepted loan_id=LN376475204 amount_dkk=7557.37 posting_id=PST-1c035b412f
2026-03-04T02:41:13.163+01:00 INFO payment-service host=payment-service-5b8f6c-t6zvn corrId=c-fce1b036d0bd9156 payment settled loan_id=LN376475204 amount_dkk=7557.37
2026-03-04T02:41:13.233+01:00 INFO notification-service host=notification-service-5b8f6c-t6zvn corrId=c-fce1b036d0bd9156 payment receipt sent loan_id=LN376475204 channel=EMAIL
2026-03-04T02:42:15.756+01:00 INFO payment-scheduler host=payment-scheduler-7c9d5b-p9qmz corrId=c-8fa6f5ab4be6d5a0 instalment collection started loan_id=LN055463105 due_date=2026-03-06
2026-03-04T02:42:15.800+01:00 INFO payment-service host=payment-service-5b8f6c-p9qmz corrId=c-8fa6f5ab4be6d5a0 direct debit mandate verified loan_id=LN055463105 mandate_id=MD8724900
2026-03-04T02:42:15.808+01:00 INFO payment-service host=payment-service-5b8f6c-p9qmz corrId=c-8fa6f5ab4be6d5a0 payment instruction sent loan_id=LN055463105 amount_dkk=9297.08
2026-03-04T02:42:15.817+01:00 INFO ledger-service host=ledger-service-a41e92-t6zvn corrId=c-8fa6f5ab4be6d5a0 ledger posting accepted loan_id=LN055463105 amount_dkk=9297.08 posting_id=PST-fc4e24fc7d
2026-03-04T02:42:15.828+01:00 INFO payment-service host=payment-service-5b8f6c-p9qmz corrId=c-8fa6f5ab4be6d5a0 payment settled loan_id=LN055463105 amount_dkk=9297.08
2026-03-04T02:42:15.921+01:00 INFO notification-service host=notification-service-5b8f6c-p9qmz corrId=c-8fa6f5ab4be6d5a0 payment receipt sent loan_id=LN055463105 channel=EMAIL
2026-03-04T02:42:17.125+01:00 INFO payment-scheduler host=payment-scheduler-5b8f6c-t6zvn corrId=c-b365e1c726cfb940 instalment collection started loan_id=LN881893528 due_date=2026-03-06
2026-03-04T02:42:17.243+01:00 INFO payment-service host=payment-service-a41e92-x2k4p corrId=c-b365e1c726cfb940 direct debit mandate verified loan_id=LN881893528 mandate_id=MD3022464
2026-03-04T02:42:17.255+01:00 INFO payment-service host=payment-service-5b8f6c-t6zvn corrId=c-b365e1c726cfb940 payment instruction sent loan_id=LN881893528 amount_dkk=9203.01
2026-03-04T02:42:17.269+01:00 INFO ledger-service host=ledger-service-5b8f6c-t6zvn corrId=c-b365e1c726cfb940 ledger posting accepted loan_id=LN881893528 amount_dkk=9203.01 posting_id=PST-818f8705ec
2026-03-04T02:42:17.380+01:00 INFO payment-service host=payment-service-a41e92-x2k4p corrId=c-b365e1c726cfb940 payment settled loan_id=LN881893528 amount_dkk=9203.01
2026-03-04T02:42:17.497+01:00 INFO notification-service host=notification-service-7c9d5b-x2k4p corrId=c-b365e1c726cfb940 payment receipt sent loan_id=LN881893528 channel=DIGITAL_POST
2026-03-04T02:42:31.207+01:00 INFO payment-scheduler host=payment-scheduler-a41e92-t6zvn corrId=c-ce34806ea260d38b instalment collection started loan_id=LN100216852 due_date=2026-03-15
2026-03-04T02:42:31.245+01:00 INFO payment-service host=payment-service-7c9d5b-t6zvn corrId=c-ce34806ea260d38b direct debit mandate verified loan_id=LN100216852 mandate_id=MD5165791
2026-03-04T02:42:31.329+01:00 INFO payment-service host=payment-service-7c9d5b-p9qmz corrId=c-ce34806ea260d38b payment instruction sent loan_id=LN100216852 amount_dkk=15124.23
2026-03-04T02:42:31.390+01:00 INFO ledger-service host=ledger-service-5b8f6c-x2k4p corrId=c-ce34806ea260d38b ledger posting accepted loan_id=LN100216852 amount_dkk=15124.23 posting_id=PST-002c38abc1
2026-03-04T02:42:31.485+01:00 INFO payment-service host=payment-service-5b8f6c-x2k4p corrId=c-ce34806ea260d38b payment settled loan_id=LN100216852 amount_dkk=15124.23
2026-03-04T02:42:31.564+01:00 INFO notification-service host=notification-service-5b8f6c-p9qmz corrId=c-ce34806ea260d38b payment receipt sent loan_id=LN100216852 channel=DIGITAL_POST
2026-03-04T02:42:38.655+01:00 INFO payment-scheduler host=payment-scheduler-7c9d5b-p9qmz corrId=c-bae264035413cfe0 instalment collection started loan_id=LN701987697 due_date=2026-03-02
2026-03-04T02:42:38.719+01:00 INFO payment-service host=payment-service-5b8f6c-p9qmz corrId=c-bae264035413cfe0 direct debit mandate verified loan_id=LN701987697 mandate_id=MD9032450
2026-03-04T02:42:38.791+01:00 INFO payment-service host=payment-service-a41e92-x2k4p corrId=c-bae264035413cfe0 payment instruction sent loan_id=LN701987697 amount_dkk=7358.87
2026-03-04T02:42:38.879+01:00 INFO ledger-service host=ledger-service-5b8f6c-p9qmz corrId=c-bae264035413cfe0 ledger posting accepted loan_id=LN701987697 amount_dkk=7358.87 posting_id=PST-97bceed3b7
2026-03-04T02:42:38.974+01:00 INFO payment-service host=payment-service-7c9d5b-x2k4p corrId=c-bae264035413cfe0 payment settled loan_id=LN701987697 amount_dkk=7358.87
2026-03-04T02:42:39.073+01:00 INFO notification-service host=notification-service-5b8f6c-t6zvn corrId=c-bae264035413cfe0 payment receipt sent loan_id=LN701987697 channel=DIGITAL_POST
2026-03-04T02:43:20.769+01:00 INFO payment-scheduler host=payment-scheduler-7c9d5b-x2k4p corrId=c-8a4d91fd62651b56 instalment collection started loan_id=LN473552561 due_date=2026-03-14
2026-03-04T02:43:20.809+01:00 INFO payment-service host=payment-service-7c9d5b-t6zvn corrId=c-8a4d91fd62651b56 direct debit mandate verified loan_id=LN473552561 mandate_id=MD6500409
2026-03-04T02:43:20.893+01:00 INFO payment-service host=payment-service-7c9d5b-p9qmz corrId=c-8a4d91fd62651b56 payment instruction sent loan_id=LN473552561 amount_dkk=10837.91
2026-03-04T02:43:21.031+01:00 INFO ledger-service host=ledger-service-5b8f6c-x2k4p corrId=c-8a4d91fd62651b56 ledger posting accepted loan_id=LN473552561 amount_dkk=10837.91 posting_id=PST-fa7b8c81f2
2026-03-04T02:43:21.051+01:00 INFO payment-service host=payment-service-5b8f6c-p9qmz corrId=c-8a4d91fd62651b56 payment settled loan_id=LN473552561 amount_dkk=10837.91
2026-03-04T02:43:21.090+01:00 INFO notification-service host=notification-service-5b8f6c-p9qmz corrId=c-8a4d91fd62651b56 payment receipt sent loan_id=LN473552561 channel=DIGITAL_POST
2026-03-04T02:43:44.396+01:00 INFO payment-scheduler host=payment-scheduler-7c9d5b-t6zvn corrId=c-c012406cd519e39f instalment collection started loan_id=LN759523826 due_date=2026-03-12
2026-03-04T02:43:44.448+01:00 INFO payment-service host=payment-service-5b8f6c-x2k4p corrId=c-c012406cd519e39f direct debit mandate verified loan_id=LN759523826 mandate_id=MD3592104
2026-03-04T02:43:44.499+01:00 INFO payment-service host=payment-service-a41e92-t6zvn corrId=c-c012406cd519e39f payment instruction sent loan_id=LN759523826 amount_dkk=3603.05
2026-03-04T02:43:44.604+01:00 INFO ledger-service host=ledger-service-5b8f6c-p9qmz corrId=c-c012406cd519e39f ledger posting accepted loan_id=LN759523826 amount_dkk=3603.05 posting_id=PST-039165e8cf
2026-03-04T02:43:44.624+01:00 INFO payment-service host=payment-service-a41e92-x2k4p corrId=c-c012406cd519e39f payment settled loan_id=LN759523826 amount_dkk=3603.05
2026-03-04T02:43:44.638+01:00 INFO notification-service host=notification-service-a41e92-p9qmz corrId=c-c012406cd519e39f payment receipt sent loan_id=LN759523826 channel=DIGITAL_POST
2026-03-04T02:43:53.961+01:00 INFO payment-scheduler host=payment-scheduler-a41e92-x2k4p corrId=c-dd2822d986b7a2f6 instalment collection started loan_id=LN945140312 due_date=2026-03-18
2026-03-04T02:43:53.994+01:00 INFO payment-service host=payment-service-5b8f6c-x2k4p corrId=c-dd2822d986b7a2f6 direct debit mandate verified loan_id=LN945140312 mandate_id=MD3499663
2026-03-04T02:43:54.010+01:00 INFO payment-service host=payment-service-a41e92-p9qmz corrId=c-dd2822d986b7a2f6 payment instruction sent loan_id=LN945140312 amount_dkk=7283.44
2026-03-04T02:43:54.028+01:00 INFO ledger-service host=ledger-service-5b8f6c-p9qmz corrId=c-dd2822d986b7a2f6 ledger posting accepted loan_id=LN945140312 amount_dkk=7283.44 posting_id=PST-25b9cc6105
2026-03-04T02:43:54.128+01:00 INFO payment-service host=payment-service-7c9d5b-p9qmz corrId=c-dd2822d986b7a2f6 payment settled loan_id=LN945140312 amount_dkk=7283.44
2026-03-04T02:43:54.253+01:00 INFO notification-service host=notification-service-5b8f6c-p9qmz corrId=c-dd2822d986b7a2f6 payment receipt sent loan_id=LN945140312 channel=EMAIL
2026-03-04T02:44:11.179+01:00 INFO payment-scheduler host=payment-scheduler-7c9d5b-p9qmz corrId=c-f29da125871ce267 instalment collection started loan_id=LN345871100 due_date=2026-03-21
2026-03-04T02:44:11.209+01:00 INFO payment-service host=payment-service-7c9d5b-t6zvn corrId=c-f29da125871ce267 direct debit mandate verified loan_id=LN345871100 mandate_id=MD7826918
2026-03-04T02:44:11.220+01:00 INFO payment-service host=payment-service-5b8f6c-t6zvn corrId=c-f29da125871ce267 payment instruction sent loan_id=LN345871100 amount_dkk=15598.37
2026-03-04T02:44:11.336+01:00 INFO ledger-service host=ledger-service-7c9d5b-p9qmz corrId=c-f29da125871ce267 ledger posting accepted loan_id=LN345871100 amount_dkk=15598.37 posting_id=PST-faeaa92797
2026-03-04T02:44:11.424+01:00 INFO payment-service host=payment-service-7c9d5b-x2k4p corrId=c-f29da125871ce267 payment settled loan_id=LN345871100 amount_dkk=15598.37
2026-03-04T02:44:11.435+01:00 INFO notification-service host=notification-service-7c9d5b-p9qmz corrId=c-f29da125871ce267 payment receipt sent loan_id=LN345871100 channel=EMAIL
2026-03-04T02:44:15.805+01:00 INFO payment-scheduler host=payment-scheduler-7c9d5b-x2k4p corrId=c-a61e256e3fbf74be instalment collection started loan_id=LN358527789 due_date=2026-03-16
2026-03-04T02:44:15.940+01:00 INFO payment-service host=payment-service-5b8f6c-t6zvn corrId=c-a61e256e3fbf74be direct debit mandate verified loan_id=LN358527789 mandate_id=MD9925170
2026-03-04T02:44:16.050+01:00 INFO payment-service host=payment-service-5b8f6c-t6zvn corrId=c-a61e256e3fbf74be payment instruction sent loan_id=LN358527789 amount_dkk=14200.39
2026-03-04T02:44:16.059+01:00 INFO ledger-service host=ledger-service-5b8f6c-x2k4p corrId=c-a61e256e3fbf74be ledger posting accepted loan_id=LN358527789 amount_dkk=14200.39 posting_id=PST-19afcd074b
2026-03-04T02:44:16.095+01:00 INFO payment-service host=payment-service-a41e92-x2k4p corrId=c-a61e256e3fbf74be payment settled loan_id=LN358527789 amount_dkk=14200.39
2026-03-04T02:44:16.161+01:00 INFO notification-service host=notification-service-5b8f6c-x2k4p corrId=c-a61e256e3fbf74be payment receipt sent loan_id=LN358527789 channel=EMAIL
2026-03-04T02:44:18.293+01:00 INFO payment-scheduler host=payment-scheduler-7c9d5b-p9qmz corrId=c-3a1df82b98b8de92 instalment collection started loan_id=LN892329364 due_date=2026-03-23
2026-03-04T02:44:18.403+01:00 INFO payment-service host=payment-service-7c9d5b-p9qmz corrId=c-3a1df82b98b8de92 direct debit mandate verified loan_id=LN892329364 mandate_id=MD3140141
2026-03-04T02:44:18.516+01:00 INFO payment-service host=payment-service-5b8f6c-x2k4p corrId=c-3a1df82b98b8de92 payment instruction sent loan_id=LN892329364 amount_dkk=2949.99
2026-03-04T02:44:18.579+01:00 INFO ledger-service host=ledger-service-7c9d5b-t6zvn corrId=c-3a1df82b98b8de92 ledger posting accepted loan_id=LN892329364 amount_dkk=2949.99 posting_id=PST-8fd927b771
2026-03-04T02:44:18.694+01:00 INFO payment-service host=payment-service-7c9d5b-p9qmz corrId=c-3a1df82b98b8de92 payment settled loan_id=LN892329364 amount_dkk=2949.99
2026-03-04T02:44:18.765+01:00 INFO notification-service host=notification-service-7c9d5b-x2k4p corrId=c-3a1df82b98b8de92 payment receipt sent loan_id=LN892329364 channel=EMAIL
2026-03-04T02:44:55.362+01:00 INFO payment-scheduler host=payment-scheduler-5b8f6c-x2k4p corrId=c-074b13a228630cf5 instalment collection started loan_id=LN079220908 due_date=2026-03-19
2026-03-04T02:44:55.440+01:00 INFO payment-service host=payment-service-5b8f6c-p9qmz corrId=c-074b13a228630cf5 direct debit mandate verified loan_id=LN079220908 mandate_id=MD0206965
2026-03-04T02:44:55.503+01:00 INFO payment-service host=payment-service-5b8f6c-p9qmz corrId=c-074b13a228630cf5 payment instruction sent loan_id=LN079220908 amount_dkk=6336.76
2026-03-04T02:44:55.570+01:00 INFO ledger-service host=ledger-service-7c9d5b-p9qmz corrId=c-074b13a228630cf5 ledger posting accepted loan_id=LN079220908 amount_dkk=6336.76 posting_id=PST-3bec36c910
2026-03-04T02:44:55.665+01:00 INFO payment-service host=payment-service-7c9d5b-t6zvn corrId=c-074b13a228630cf5 payment settled loan_id=LN079220908 amount_dkk=6336.76
2026-03-04T02:44:55.775+01:00 INFO notification-service host=notification-service-a41e92-p9qmz corrId=c-074b13a228630cf5 payment receipt sent loan_id=LN079220908 channel=DIGITAL_POST
2026-03-04T02:45:00.462+01:00 INFO api-gateway host=api-gateway-a41e92-x2k4p corrId=- health probe ok status=200 latency_ms=17
2026-03-04T02:45:06.152+01:00 INFO payment-scheduler host=payment-scheduler-a41e92-p9qmz corrId=c-09d960eaa9adf4a8 instalment collection started loan_id=LN599312172 due_date=2026-03-26
2026-03-04T02:45:06.186+01:00 INFO payment-service host=payment-service-7c9d5b-x2k4p corrId=c-09d960eaa9adf4a8 direct debit mandate verified loan_id=LN599312172 mandate_id=MD1184912
2026-03-04T02:45:06.241+01:00 INFO payment-service host=payment-service-5b8f6c-t6zvn corrId=c-09d960eaa9adf4a8 payment instruction sent loan_id=LN599312172 amount_dkk=4665.64
2026-03-04T02:45:06.362+01:00 INFO ledger-service host=ledger-service-a41e92-t6zvn corrId=c-09d960eaa9adf4a8 ledger posting accepted loan_id=LN599312172 amount_dkk=4665.64 posting_id=PST-9ddc783df9
2026-03-04T02:45:06.373+01:00 INFO payment-service host=payment-service-7c9d5b-t6zvn corrId=c-09d960eaa9adf4a8 payment settled loan_id=LN599312172 amount_dkk=4665.64
2026-03-04T02:45:06.397+01:00 INFO notification-service host=notification-service-a41e92-t6zvn corrId=c-09d960eaa9adf4a8 payment receipt sent loan_id=LN599312172 channel=DIGITAL_POST
2026-03-04T02:45:25.752+01:00 INFO payment-scheduler host=payment-scheduler-a41e92-t6zvn corrId=c-a218c61934097f5c instalment collection started loan_id=LN163271318 due_date=2026-03-08
2026-03-04T02:45:25.840+01:00 INFO payment-service host=payment-service-7c9d5b-p9qmz corrId=c-a218c61934097f5c direct debit mandate verified loan_id=LN163271318 mandate_id=MD2719185
2026-03-04T02:45:25.978+01:00 INFO payment-service host=payment-service-7c9d5b-p9qmz corrId=c-a218c61934097f5c payment instruction sent loan_id=LN163271318 amount_dkk=5348.91
2026-03-04T02:45:26.036+01:00 INFO ledger-service host=ledger-service-7c9d5b-p9qmz corrId=c-a218c61934097f5c ledger posting accepted loan_id=LN163271318 amount_dkk=5348.91 posting_id=PST-fc11df5a73
2026-03-04T02:45:26.126+01:00 INFO payment-service host=payment-service-5b8f6c-t6zvn corrId=c-a218c61934097f5c payment settled loan_id=LN163271318 amount_dkk=5348.91
2026-03-04T02:45:26.164+01:00 INFO notification-service host=notification-service-5b8f6c-t6zvn corrId=c-a218c61934097f5c payment receipt sent loan_id=LN163271318 channel=DIGITAL_POST
2026-03-04T02:45:48.418+01:00 INFO payment-scheduler host=payment-scheduler-a41e92-t6zvn corrId=c-4d20b163e4479769 instalment collection started loan_id=LN490247347 due_date=2026-03-07
2026-03-04T02:45:48.548+01:00 INFO payment-service host=payment-service-7c9d5b-t6zvn corrId=c-4d20b163e4479769 direct debit mandate verified loan_id=LN490247347 mandate_id=MD2279211
2026-03-04T02:45:48.670+01:00 INFO payment-service host=payment-service-5b8f6c-t6zvn corrId=c-4d20b163e4479769 payment instruction sent loan_id=LN490247347 amount_dkk=17991.81
2026-03-04T02:45:48.721+01:00 INFO ledger-service host=ledger-service-7c9d5b-t6zvn corrId=c-4d20b163e4479769 ledger posting accepted loan_id=LN490247347 amount_dkk=17991.81 posting_id=PST-5edd5d6f7c
2026-03-04T02:45:48.766+01:00 INFO payment-service host=payment-service-7c9d5b-t6zvn corrId=c-4d20b163e4479769 payment settled loan_id=LN490247347 amount_dkk=17991.81
2026-03-04T02:45:48.802+01:00 INFO notification-service host=notification-service-5b8f6c-x2k4p corrId=c-4d20b163e4479769 payment receipt sent loan_id=LN490247347 channel=DIGITAL_POST
2026-03-04T02:45:56.688+01:00 INFO payment-scheduler host=payment-scheduler-a41e92-p9qmz corrId=c-4da072a1ae736405 instalment collection started loan_id=LN655983863 due_date=2026-03-03
2026-03-04T02:45:56.735+01:00 INFO payment-service host=payment-service-5b8f6c-x2k4p corrId=c-4da072a1ae736405 direct debit mandate verified loan_id=LN655983863 mandate_id=MD2280861
2026-03-04T02:45:56.809+01:00 INFO payment-service host=payment-service-7c9d5b-p9qmz corrId=c-4da072a1ae736405 payment instruction sent loan_id=LN655983863 amount_dkk=15641.29
2026-03-04T02:45:56.842+01:00 INFO ledger-service host=ledger-service-5b8f6c-p9qmz corrId=c-4da072a1ae736405 ledger posting accepted loan_id=LN655983863 amount_dkk=15641.29 posting_id=PST-6f5dad5e8f
2026-03-04T02:45:56.870+01:00 INFO payment-service host=payment-service-a41e92-p9qmz corrId=c-4da072a1ae736405 payment settled loan_id=LN655983863 amount_dkk=15641.29
2026-03-04T02:45:56.915+01:00 INFO notification-service host=notification-service-7c9d5b-p9qmz corrId=c-4da072a1ae736405 payment receipt sent loan_id=LN655983863 channel=EMAIL
2026-03-04T02:46:49.876+01:00 INFO payment-scheduler host=payment-scheduler-5b8f6c-x2k4p corrId=c-1ff610828de84c7f instalment collection started loan_id=LN432623935 due_date=2026-03-22
2026-03-04T02:46:49.894+01:00 INFO payment-service host=payment-service-5b8f6c-p9qmz corrId=c-1ff610828de84c7f direct debit mandate verified loan_id=LN432623935 mandate_id=MD6487425
2026-03-04T02:46:50.015+01:00 INFO payment-service host=payment-service-7c9d5b-t6zvn corrId=c-1ff610828de84c7f payment instruction sent loan_id=LN432623935 amount_dkk=3389.19
2026-03-04T02:46:50.102+01:00 INFO ledger-service host=ledger-service-7c9d5b-t6zvn corrId=c-1ff610828de84c7f ledger posting accepted loan_id=LN432623935 amount_dkk=3389.19 posting_id=PST-b631cef79a
2026-03-04T02:46:50.220+01:00 INFO payment-service host=payment-service-5b8f6c-t6zvn corrId=c-1ff610828de84c7f payment settled loan_id=LN432623935 amount_dkk=3389.19
2026-03-04T02:46:50.351+01:00 INFO notification-service host=notification-service-5b8f6c-x2k4p corrId=c-1ff610828de84c7f payment receipt sent loan_id=LN432623935 channel=EMAIL
2026-03-04T02:47:38.520+01:00 INFO payment-scheduler host=payment-scheduler-5b8f6c-x2k4p corrId=c-2653263ed977face instalment collection started loan_id=LN936162448 due_date=2026-03-24
2026-03-04T02:47:38.583+01:00 INFO payment-service host=payment-service-a41e92-p9qmz corrId=c-2653263ed977face direct debit mandate verified loan_id=LN936162448 mandate_id=MD5296933
2026-03-04T02:47:38.693+01:00 INFO payment-service host=payment-service-7c9d5b-x2k4p corrId=c-2653263ed977face payment instruction sent loan_id=LN936162448 amount_dkk=17966.69
2026-03-04T02:47:38.816+01:00 WARN ledger-service host=ledger-service-a41e92-x2k4p corrId=c-2653263ed977face ledger posting retried loan_id=LN936162448 attempt=1
2026-03-04T02:47:38.922+01:00 INFO ledger-service host=ledger-service-a41e92-p9qmz corrId=c-2653263ed977face ledger posting accepted loan_id=LN936162448 amount_dkk=17966.69 posting_id=PST-8481e1386a
2026-03-04T02:47:39.032+01:00 INFO payment-service host=payment-service-a41e92-p9qmz corrId=c-2653263ed977face payment settled loan_id=LN936162448 amount_dkk=17966.69
2026-03-04T02:47:39.045+01:00 INFO notification-service host=notification-service-7c9d5b-t6zvn corrId=c-2653263ed977face payment receipt sent loan_id=LN936162448 channel=DIGITAL_POST
2026-03-04T02:48:05.908+01:00 INFO payment-scheduler host=payment-scheduler-7c9d5b-t6zvn corrId=c-5d5991af88746071 instalment collection started loan_id=LN091604967 due_date=2026-03-27
2026-03-04T02:48:05.947+01:00 INFO payment-service host=payment-service-5b8f6c-p9qmz corrId=c-5d5991af88746071 direct debit mandate verified loan_id=LN091604967 mandate_id=MD6905129
2026-03-04T02:48:05.965+01:00 INFO payment-service host=payment-service-7c9d5b-t6zvn corrId=c-5d5991af88746071 payment instruction sent loan_id=LN091604967 amount_dkk=14791.39
2026-03-04T02:48:06.071+01:00 INFO ledger-service host=ledger-service-7c9d5b-p9qmz corrId=c-5d5991af88746071 ledger posting accepted loan_id=LN091604967 amount_dkk=14791.39 posting_id=PST-656c4d83b5
2026-03-04T02:48:06.159+01:00 INFO payment-service host=payment-service-5b8f6c-x2k4p corrId=c-5d5991af88746071 payment settled loan_id=LN091604967 amount_dkk=14791.39
2026-03-04T02:48:06.170+01:00 INFO notification-service host=notification-service-7c9d5b-x2k4p corrId=c-5d5991af88746071 payment receipt sent loan_id=LN091604967 channel=EMAIL
2026-03-04T02:48:06.516+01:00 INFO payment-scheduler host=payment-scheduler-7c9d5b-t6zvn corrId=c-dd8fd81d996b5781 instalment collection started loan_id=LN564810024 due_date=2026-03-07
2026-03-04T02:48:06.581+01:00 INFO payment-service host=payment-service-5b8f6c-p9qmz corrId=c-dd8fd81d996b5781 direct debit mandate verified loan_id=LN564810024 mandate_id=MD7398131
2026-03-04T02:48:06.616+01:00 INFO payment-service host=payment-service-5b8f6c-x2k4p corrId=c-dd8fd81d996b5781 payment instruction sent loan_id=LN564810024 amount_dkk=11963.05
2026-03-04T02:48:06.641+01:00 INFO ledger-service host=ledger-service-a41e92-p9qmz corrId=c-dd8fd81d996b5781 ledger posting accepted loan_id=LN564810024 amount_dkk=11963.05 posting_id=PST-99da1f7231
2026-03-04T02:48:06.655+01:00 INFO payment-service host=payment-service-5b8f6c-x2k4p corrId=c-dd8fd81d996b5781 payment settled loan_id=LN564810024 amount_dkk=11963.05
2026-03-04T02:48:06.769+01:00 INFO notification-service host=notification-service-7c9d5b-x2k4p corrId=c-dd8fd81d996b5781 payment receipt sent loan_id=LN564810024 channel=EMAIL
2026-03-04T02:48:09.368+01:00 INFO payment-scheduler host=payment-scheduler-a41e92-t6zvn corrId=c-5970ceaa1142ec3d instalment collection started loan_id=LN925477165 due_date=2026-03-24
2026-03-04T02:48:09.451+01:00 INFO payment-service host=payment-service-5b8f6c-t6zvn corrId=c-5970ceaa1142ec3d direct debit mandate verified loan_id=LN925477165 mandate_id=MD9579454
2026-03-04T02:48:09.522+01:00 INFO payment-service host=payment-service-a41e92-t6zvn corrId=c-5970ceaa1142ec3d payment instruction sent loan_id=LN925477165 amount_dkk=5711.60
2026-03-04T02:48:09.567+01:00 INFO ledger-service host=ledger-service-a41e92-p9qmz corrId=c-5970ceaa1142ec3d ledger posting accepted loan_id=LN925477165 amount_dkk=5711.60 posting_id=PST-6c1bfeaa9b
2026-03-04T02:48:09.703+01:00 INFO payment-service host=payment-service-a41e92-p9qmz corrId=c-5970ceaa1142ec3d payment settled loan_id=LN925477165 amount_dkk=5711.60
2026-03-04T02:48:09.708+01:00 INFO notification-service host=notification-service-7c9d5b-x2k4p corrId=c-5970ceaa1142ec3d payment receipt sent loan_id=LN925477165 channel=EMAIL
2026-03-04T02:48:44.651+01:00 INFO payment-scheduler host=payment-scheduler-7c9d5b-p9qmz corrId=c-36e2cd12b530f616 instalment collection started loan_id=LN694049488 due_date=2026-03-18
2026-03-04T02:48:44.733+01:00 INFO payment-service host=payment-service-5b8f6c-p9qmz corrId=c-36e2cd12b530f616 direct debit mandate verified loan_id=LN694049488 mandate_id=MD7083262
2026-03-04T02:48:44.864+01:00 INFO payment-service host=payment-service-5b8f6c-p9qmz corrId=c-36e2cd12b530f616 payment instruction sent loan_id=LN694049488 amount_dkk=11240.07
2026-03-04T02:48:44.922+01:00 INFO ledger-service host=ledger-service-7c9d5b-x2k4p corrId=c-36e2cd12b530f616 ledger posting accepted loan_id=LN694049488 amount_dkk=11240.07 posting_id=PST-31ecc0122a
2026-03-04T02:48:44.933+01:00 INFO payment-service host=payment-service-a41e92-x2k4p corrId=c-36e2cd12b530f616 payment settled loan_id=LN694049488 amount_dkk=11240.07
2026-03-04T02:48:44.939+01:00 INFO notification-service host=notification-service-5b8f6c-p9qmz corrId=c-36e2cd12b530f616 payment receipt sent loan_id=LN694049488 channel=EMAIL
2026-03-04T02:49:27.782+01:00 INFO payment-scheduler host=payment-scheduler-5b8f6c-p9qmz corrId=c-6611fa53ab2415fc instalment collection started loan_id=LN272461833 due_date=2026-03-11
2026-03-04T02:49:27.867+01:00 INFO payment-service host=payment-service-7c9d5b-t6zvn corrId=c-6611fa53ab2415fc direct debit mandate verified loan_id=LN272461833 mandate_id=MD6711252
2026-03-04T02:49:27.977+01:00 INFO payment-service host=payment-service-5b8f6c-t6zvn corrId=c-6611fa53ab2415fc payment instruction sent loan_id=LN272461833 amount_dkk=10200.97
2026-03-04T02:49:28.104+01:00 INFO ledger-service host=ledger-service-5b8f6c-x2k4p corrId=c-6611fa53ab2415fc ledger posting accepted loan_id=LN272461833 amount_dkk=10200.97 posting_id=PST-3c86fc829b
2026-03-04T02:49:28.110+01:00 INFO payment-service host=payment-service-5b8f6c-t6zvn corrId=c-6611fa53ab2415fc payment settled loan_id=LN272461833 amount_dkk=10200.97
2026-03-04T02:49:28.178+01:00 INFO notification-service host=notification-service-7c9d5b-x2k4p corrId=c-6611fa53ab2415fc payment receipt sent loan_id=LN272461833 channel=EMAIL
2026-03-04T02:49:39.618+01:00 INFO payment-scheduler host=payment-scheduler-a41e92-t6zvn corrId=c-cfd1ce5ed60f7a85 instalment collection started loan_id=LN628543449 due_date=2026-03-09
2026-03-04T02:49:39.706+01:00 INFO payment-service host=payment-service-7c9d5b-t6zvn corrId=c-cfd1ce5ed60f7a85 direct debit mandate verified loan_id=LN628543449 mandate_id=MD1271336
2026-03-04T02:49:39.775+01:00 INFO payment-service host=payment-service-7c9d5b-t6zvn corrId=c-cfd1ce5ed60f7a85 payment instruction sent loan_id=LN628543449 amount_dkk=10345.01
2026-03-04T02:49:39.887+01:00 INFO ledger-service host=ledger-service-7c9d5b-x2k4p corrId=c-cfd1ce5ed60f7a85 ledger posting accepted loan_id=LN628543449 amount_dkk=10345.01 posting_id=PST-1b575cfa6b
2026-03-04T02:49:39.933+01:00 INFO payment-service host=payment-service-5b8f6c-p9qmz corrId=c-cfd1ce5ed60f7a85 payment settled loan_id=LN628543449 amount_dkk=10345.01
2026-03-04T02:49:39.938+01:00 INFO notification-service host=notification-service-a41e92-t6zvn corrId=c-cfd1ce5ed60f7a85 payment receipt sent loan_id=LN628543449 channel=EMAIL
2026-03-04T02:49:48.349+01:00 INFO payment-scheduler host=payment-scheduler-a41e92-p9qmz corrId=c-f9692dd844b0fb20 instalment collection started loan_id=LN401950992 due_date=2026-03-20
2026-03-04T02:49:48.484+01:00 INFO payment-service host=payment-service-7c9d5b-t6zvn corrId=c-f9692dd844b0fb20 direct debit mandate verified loan_id=LN401950992 mandate_id=MD2275918
2026-03-04T02:49:48.618+01:00 INFO payment-service host=payment-service-7c9d5b-p9qmz corrId=c-f9692dd844b0fb20 payment instruction sent loan_id=LN401950992 amount_dkk=3149.38
2026-03-04T02:49:48.631+01:00 INFO ledger-service host=ledger-service-7c9d5b-p9qmz corrId=c-f9692dd844b0fb20 ledger posting accepted loan_id=LN401950992 amount_dkk=3149.38 posting_id=PST-25c1282f1f
2026-03-04T02:49:48.664+01:00 INFO payment-service host=payment-service-a41e92-p9qmz corrId=c-f9692dd844b0fb20 payment settled loan_id=LN401950992 amount_dkk=3149.38
2026-03-04T02:49:48.780+01:00 INFO notification-service host=notification-service-7c9d5b-t6zvn corrId=c-f9692dd844b0fb20 payment receipt sent loan_id=LN401950992 channel=EMAIL
2026-03-04T02:49:51.856+01:00 INFO payment-scheduler host=payment-scheduler-5b8f6c-p9qmz corrId=c-93984775018c07a3 instalment collection started loan_id=LN951605278 due_date=2026-03-20
2026-03-04T02:49:51.891+01:00 INFO payment-service host=payment-service-5b8f6c-p9qmz corrId=c-93984775018c07a3 direct debit mandate verified loan_id=LN951605278 mandate_id=MD2513498
2026-03-04T02:49:51.942+01:00 INFO payment-service host=payment-service-a41e92-p9qmz corrId=c-93984775018c07a3 payment instruction sent loan_id=LN951605278 amount_dkk=5495.18
2026-03-04T02:49:52.004+01:00 INFO ledger-service host=ledger-service-7c9d5b-x2k4p corrId=c-93984775018c07a3 ledger posting accepted loan_id=LN951605278 amount_dkk=5495.18 posting_id=PST-c3a202b69e
2026-03-04T02:49:52.035+01:00 INFO payment-service host=payment-service-7c9d5b-t6zvn corrId=c-93984775018c07a3 payment settled loan_id=LN951605278 amount_dkk=5495.18
2026-03-04T02:49:52.112+01:00 INFO notification-service host=notification-service-a41e92-p9qmz corrId=c-93984775018c07a3 payment receipt sent loan_id=LN951605278 channel=DIGITAL_POST
2026-03-04T02:49:58.828+01:00 INFO payment-scheduler host=payment-scheduler-7c9d5b-p9qmz corrId=c-15ad8263f0720b83 instalment collection started loan_id=LN446729533 due_date=2026-03-02
2026-03-04T02:49:58.892+01:00 INFO payment-service host=payment-service-5b8f6c-p9qmz corrId=c-15ad8263f0720b83 direct debit mandate verified loan_id=LN446729533 mandate_id=MD7740352
2026-03-04T02:49:58.948+01:00 INFO payment-service host=payment-service-a41e92-p9qmz corrId=c-15ad8263f0720b83 payment instruction sent loan_id=LN446729533 amount_dkk=17502.26
2026-03-04T02:49:59.025+01:00 WARN ledger-service host=ledger-service-a41e92-t6zvn corrId=c-15ad8263f0720b83 ledger posting retried loan_id=LN446729533 attempt=1
2026-03-04T02:49:59.137+01:00 INFO ledger-service host=ledger-service-5b8f6c-t6zvn corrId=c-15ad8263f0720b83 ledger posting accepted loan_id=LN446729533 amount_dkk=17502.26 posting_id=PST-bb75d3afdd
2026-03-04T02:49:59.155+01:00 INFO payment-service host=payment-service-5b8f6c-x2k4p corrId=c-15ad8263f0720b83 payment settled loan_id=LN446729533 amount_dkk=17502.26
2026-03-04T02:49:59.184+01:00 INFO notification-service host=notification-service-5b8f6c-t6zvn corrId=c-15ad8263f0720b83 payment receipt sent loan_id=LN446729533 channel=DIGITAL_POST
2026-03-04T02:50:00.198+01:00 INFO api-gateway host=api-gateway-a41e92-t6zvn corrId=- health probe ok status=200 latency_ms=26
2026-03-04T02:50:00.721+01:00 INFO payment-scheduler host=payment-scheduler-a41e92-p9qmz corrId=- scheduler heartbeat lag_ms=118
2026-03-04T02:50:03.305+01:00 INFO payment-scheduler host=payment-scheduler-7c9d5b-x2k4p corrId=c-8b572af9060455d1 instalment collection started loan_id=LN837408105 due_date=2026-03-12
2026-03-04T02:50:03.376+01:00 INFO payment-service host=payment-service-5b8f6c-x2k4p corrId=c-8b572af9060455d1 direct debit mandate verified loan_id=LN837408105 mandate_id=MD1716447
2026-03-04T02:50:03.398+01:00 INFO payment-service host=payment-service-5b8f6c-x2k4p corrId=c-8b572af9060455d1 payment instruction sent loan_id=LN837408105 amount_dkk=14878.06
2026-03-04T02:50:03.531+01:00 INFO ledger-service host=ledger-service-5b8f6c-t6zvn corrId=c-8b572af9060455d1 ledger posting accepted loan_id=LN837408105 amount_dkk=14878.06 posting_id=PST-f43bcf6096
2026-03-04T02:50:03.642+01:00 INFO payment-service host=payment-service-a41e92-t6zvn corrId=c-8b572af9060455d1 payment settled loan_id=LN837408105 amount_dkk=14878.06
2026-03-04T02:50:03.763+01:00 INFO notification-service host=notification-service-a41e92-t6zvn corrId=c-8b572af9060455d1 payment receipt sent loan_id=LN837408105 channel=EMAIL
2026-03-04T02:50:22.476+01:00 INFO payment-scheduler host=payment-scheduler-7c9d5b-x2k4p corrId=c-f8f4b6ac9dec1906 instalment collection started loan_id=LN492635668 due_date=2026-03-10
2026-03-04T02:50:22.517+01:00 INFO payment-service host=payment-service-a41e92-x2k4p corrId=c-f8f4b6ac9dec1906 direct debit mandate verified loan_id=LN492635668 mandate_id=MD7777258
2026-03-04T02:50:22.534+01:00 INFO payment-service host=payment-service-5b8f6c-t6zvn corrId=c-f8f4b6ac9dec1906 payment instruction sent loan_id=LN492635668 amount_dkk=8231.10
2026-03-04T02:50:22.609+01:00 INFO ledger-service host=ledger-service-a41e92-p9qmz corrId=c-f8f4b6ac9dec1906 ledger posting accepted loan_id=LN492635668 amount_dkk=8231.10 posting_id=PST-72a50c0620
2026-03-04T02:50:22.665+01:00 INFO payment-service host=payment-service-5b8f6c-p9qmz corrId=c-f8f4b6ac9dec1906 payment settled loan_id=LN492635668 amount_dkk=8231.10
2026-03-04T02:50:22.757+01:00 INFO notification-service host=notification-service-5b8f6c-x2k4p corrId=c-f8f4b6ac9dec1906 payment receipt sent loan_id=LN492635668 channel=DIGITAL_POST
2026-03-04T02:50:34.343+01:00 INFO payment-scheduler host=payment-scheduler-a41e92-p9qmz corrId=c-fe7b0df7b69e28e6 instalment collection started loan_id=LN963201755 due_date=2026-03-12
2026-03-04T02:50:34.376+01:00 INFO payment-service host=payment-service-a41e92-p9qmz corrId=c-fe7b0df7b69e28e6 direct debit mandate verified loan_id=LN963201755 mandate_id=MD7796765
2026-03-04T02:50:34.501+01:00 INFO payment-service host=payment-service-a41e92-t6zvn corrId=c-fe7b0df7b69e28e6 payment instruction sent loan_id=LN963201755 amount_dkk=3066.24
2026-03-04T02:50:34.513+01:00 INFO ledger-service host=ledger-service-7c9d5b-x2k4p corrId=c-fe7b0df7b69e28e6 ledger posting accepted loan_id=LN963201755 amount_dkk=3066.24 posting_id=PST-274afbceb6
2026-03-04T02:50:34.563+01:00 INFO payment-service host=payment-service-7c9d5b-x2k4p corrId=c-fe7b0df7b69e28e6 payment settled loan_id=LN963201755 amount_dkk=3066.24
2026-03-04T02:50:34.622+01:00 INFO notification-service host=notification-service-7c9d5b-p9qmz corrId=c-fe7b0df7b69e28e6 payment receipt sent loan_id=LN963201755 channel=DIGITAL_POST
2026-03-04T02:50:37.084+01:00 INFO payment-scheduler host=payment-scheduler-5b8f6c-t6zvn corrId=c-6ab06c4bbf79de1c instalment collection started loan_id=LN484562879 due_date=2026-03-16
2026-03-04T02:50:37.126+01:00 INFO payment-service host=payment-service-7c9d5b-x2k4p corrId=c-6ab06c4bbf79de1c direct debit mandate verified loan_id=LN484562879 mandate_id=MD0764678
2026-03-04T02:50:37.256+01:00 INFO payment-service host=payment-service-5b8f6c-t6zvn corrId=c-6ab06c4bbf79de1c payment instruction sent loan_id=LN484562879 amount_dkk=11516.10
2026-03-04T02:50:37.365+01:00 INFO ledger-service host=ledger-service-7c9d5b-p9qmz corrId=c-6ab06c4bbf79de1c ledger posting accepted loan_id=LN484562879 amount_dkk=11516.10 posting_id=PST-4baa7fde20
2026-03-04T02:50:37.426+01:00 INFO payment-service host=payment-service-a41e92-x2k4p corrId=c-6ab06c4bbf79de1c payment settled loan_id=LN484562879 amount_dkk=11516.10
2026-03-04T02:50:37.546+01:00 INFO notification-service host=notification-service-5b8f6c-x2k4p corrId=c-6ab06c4bbf79de1c payment receipt sent loan_id=LN484562879 channel=DIGITAL_POST
2026-03-04T02:50:48.504+01:00 INFO payment-scheduler host=payment-scheduler-a41e92-t6zvn corrId=c-b0b275db7d00a8e8 instalment collection started loan_id=LN302747880 due_date=2026-03-23
2026-03-04T02:50:48.585+01:00 INFO payment-service host=payment-service-a41e92-t6zvn corrId=c-b0b275db7d00a8e8 direct debit mandate verified loan_id=LN302747880 mandate_id=MD9843348
2026-03-04T02:50:48.613+01:00 INFO payment-service host=payment-service-a41e92-x2k4p corrId=c-b0b275db7d00a8e8 payment instruction sent loan_id=LN302747880 amount_dkk=4534.44
2026-03-04T02:50:48.751+01:00 INFO ledger-service host=ledger-service-5b8f6c-x2k4p corrId=c-b0b275db7d00a8e8 ledger posting accepted loan_id=LN302747880 amount_dkk=4534.44 posting_id=PST-8ea8c365d5
2026-03-04T02:50:48.794+01:00 INFO payment-service host=payment-service-5b8f6c-t6zvn corrId=c-b0b275db7d00a8e8 payment settled loan_id=LN302747880 amount_dkk=4534.44
2026-03-04T02:50:48.838+01:00 INFO notification-service host=notification-service-5b8f6c-p9qmz corrId=c-b0b275db7d00a8e8 payment receipt sent loan_id=LN302747880 channel=EMAIL
2026-03-04T02:50:51.072+01:00 INFO payment-scheduler host=payment-scheduler-7c9d5b-p9qmz corrId=c-27c7f1ebfcc898f9 instalment collection started loan_id=LN747878185 due_date=2026-03-22
2026-03-04T02:50:51.127+01:00 INFO payment-service host=payment-service-a41e92-p9qmz corrId=c-27c7f1ebfcc898f9 direct debit mandate verified loan_id=LN747878185 mandate_id=MD3048356
2026-03-04T02:50:51.231+01:00 INFO payment-service host=payment-service-5b8f6c-p9qmz corrId=c-27c7f1ebfcc898f9 payment instruction sent loan_id=LN747878185 amount_dkk=5001.38
2026-03-04T02:50:51.315+01:00 INFO ledger-service host=ledger-service-7c9d5b-p9qmz corrId=c-27c7f1ebfcc898f9 ledger posting accepted loan_id=LN747878185 amount_dkk=5001.38 posting_id=PST-93586adff5
2026-03-04T02:50:51.412+01:00 INFO payment-service host=payment-service-a41e92-t6zvn corrId=c-27c7f1ebfcc898f9 payment settled loan_id=LN747878185 amount_dkk=5001.38
2026-03-04T02:50:51.488+01:00 INFO notification-service host=notification-service-7c9d5b-t6zvn corrId=c-27c7f1ebfcc898f9 payment receipt sent loan_id=LN747878185 channel=DIGITAL_POST
2026-03-04T02:51:04.362+01:00 INFO payment-scheduler host=payment-scheduler-7c9d5b-x2k4p corrId=c-3aef27fa13567573 instalment collection started loan_id=LN807742700 due_date=2026-03-15
2026-03-04T02:51:04.369+01:00 INFO payment-service host=payment-service-7c9d5b-p9qmz corrId=c-3aef27fa13567573 direct debit mandate verified loan_id=LN807742700 mandate_id=MD0488760
2026-03-04T02:51:04.481+01:00 INFO payment-service host=payment-service-7c9d5b-t6zvn corrId=c-3aef27fa13567573 payment instruction sent loan_id=LN807742700 amount_dkk=13788.16
2026-03-04T02:51:04.515+01:00 INFO ledger-service host=ledger-service-5b8f6c-t6zvn corrId=c-3aef27fa13567573 ledger posting accepted loan_id=LN807742700 amount_dkk=13788.16 posting_id=PST-928956a451
2026-03-04T02:51:04.549+01:00 INFO payment-service host=payment-service-5b8f6c-t6zvn corrId=c-3aef27fa13567573 payment settled loan_id=LN807742700 amount_dkk=13788.16
2026-03-04T02:51:04.682+01:00 INFO notification-service host=notification-service-a41e92-p9qmz corrId=c-3aef27fa13567573 payment receipt sent loan_id=LN807742700 channel=DIGITAL_POST
2026-03-04T02:51:11.345+01:00 INFO payment-scheduler host=payment-scheduler-7c9d5b-t6zvn corrId=c-6685a625afccde7c instalment collection started loan_id=LN618468154 due_date=2026-03-03
2026-03-04T02:51:11.463+01:00 INFO payment-service host=payment-service-a41e92-x2k4p corrId=c-6685a625afccde7c direct debit mandate verified loan_id=LN618468154 mandate_id=MD9148363
2026-03-04T02:51:11.499+01:00 INFO payment-service host=payment-service-a41e92-x2k4p corrId=c-6685a625afccde7c payment instruction sent loan_id=LN618468154 amount_dkk=4904.39
2026-03-04T02:51:11.585+01:00 INFO ledger-service host=ledger-service-7c9d5b-p9qmz corrId=c-6685a625afccde7c ledger posting accepted loan_id=LN618468154 amount_dkk=4904.39 posting_id=PST-3698d822cd
2026-03-04T02:51:11.661+01:00 INFO payment-service host=payment-service-7c9d5b-t6zvn corrId=c-6685a625afccde7c payment settled loan_id=LN618468154 amount_dkk=4904.39
2026-03-04T02:51:11.774+01:00 INFO notification-service host=notification-service-5b8f6c-p9qmz corrId=c-6685a625afccde7c payment receipt sent loan_id=LN618468154 channel=DIGITAL_POST
2026-03-04T02:51:41.408+01:00 INFO payment-scheduler host=payment-scheduler-7c9d5b-x2k4p corrId=c-1a5360bf559ddbe2 instalment collection started loan_id=LN437378828 due_date=2026-03-28
2026-03-04T02:51:41.513+01:00 INFO payment-service host=payment-service-7c9d5b-t6zvn corrId=c-1a5360bf559ddbe2 direct debit mandate verified loan_id=LN437378828 mandate_id=MD8847225
2026-03-04T02:51:41.540+01:00 INFO payment-service host=payment-service-a41e92-t6zvn corrId=c-1a5360bf559ddbe2 payment instruction sent loan_id=LN437378828 amount_dkk=8901.00
2026-03-04T02:51:41.559+01:00 INFO ledger-service host=ledger-service-a41e92-p9qmz corrId=c-1a5360bf559ddbe2 ledger posting accepted loan_id=LN437378828 amount_dkk=8901.00 posting_id=PST-b7fb1960d3
2026-03-04T02:51:41.580+01:00 INFO payment-service host=payment-service-7c9d5b-x2k4p corrId=c-1a5360bf559ddbe2 payment settled loan_id=LN437378828 amount_dkk=8901.00
2026-03-04T02:51:41.676+01:00 INFO notification-service host=notification-service-5b8f6c-t6zvn corrId=c-1a5360bf559ddbe2 payment receipt sent loan_id=LN437378828 channel=DIGITAL_POST
2026-03-04T02:51:53.083+01:00 INFO payment-scheduler host=payment-scheduler-5b8f6c-p9qmz corrId=c-84c56d3dda915721 instalment collection started loan_id=LN619760974 due_date=2026-03-25
2026-03-04T02:51:53.101+01:00 INFO payment-service host=payment-service-a41e92-x2k4p corrId=c-84c56d3dda915721 direct debit mandate verified loan_id=LN619760974 mandate_id=MD2206528
2026-03-04T02:51:53.203+01:00 INFO payment-service host=payment-service-5b8f6c-t6zvn corrId=c-84c56d3dda915721 payment instruction sent loan_id=LN619760974 amount_dkk=15179.22
2026-03-04T02:51:53.233+01:00 INFO ledger-service host=ledger-service-7c9d5b-p9qmz corrId=c-84c56d3dda915721 ledger posting accepted loan_id=LN619760974 amount_dkk=15179.22 posting_id=PST-013762b267
2026-03-04T02:51:53.340+01:00 INFO payment-service host=payment-service-a41e92-x2k4p corrId=c-84c56d3dda915721 payment settled loan_id=LN619760974 amount_dkk=15179.22
2026-03-04T02:51:53.357+01:00 INFO notification-service host=notification-service-a41e92-x2k4p corrId=c-84c56d3dda915721 payment receipt sent loan_id=LN619760974 channel=DIGITAL_POST
2026-03-04T02:52:15.011+01:00 INFO payment-scheduler host=payment-scheduler-5b8f6c-p9qmz corrId=c-790f5ec717edd661 instalment collection started loan_id=LN689470889 due_date=2026-03-22
2026-03-04T02:52:15.036+01:00 INFO payment-service host=payment-service-5b8f6c-p9qmz corrId=c-790f5ec717edd661 direct debit mandate verified loan_id=LN689470889 mandate_id=MD1523022
2026-03-04T02:52:15.155+01:00 INFO payment-service host=payment-service-a41e92-p9qmz corrId=c-790f5ec717edd661 payment instruction sent loan_id=LN689470889 amount_dkk=5656.15
2026-03-04T02:52:15.238+01:00 INFO ledger-service host=ledger-service-7c9d5b-t6zvn corrId=c-790f5ec717edd661 ledger posting accepted loan_id=LN689470889 amount_dkk=5656.15 posting_id=PST-e8d9dbe960
2026-03-04T02:52:15.376+01:00 INFO payment-service host=payment-service-7c9d5b-t6zvn corrId=c-790f5ec717edd661 payment settled loan_id=LN689470889 amount_dkk=5656.15
2026-03-04T02:52:15.399+01:00 INFO notification-service host=notification-service-5b8f6c-p9qmz corrId=c-790f5ec717edd661 payment receipt sent loan_id=LN689470889 channel=DIGITAL_POST
2026-03-04T02:52:23.712+01:00 INFO payment-scheduler host=payment-scheduler-a41e92-x2k4p corrId=c-b82fecbe8fbd1627 instalment collection started loan_id=LN464451624 due_date=2026-03-20
2026-03-04T02:52:23.749+01:00 INFO payment-service host=payment-service-5b8f6c-t6zvn corrId=c-b82fecbe8fbd1627 direct debit mandate verified loan_id=LN464451624 mandate_id=MD4948304
2026-03-04T02:52:23.802+01:00 INFO payment-service host=payment-service-7c9d5b-x2k4p corrId=c-b82fecbe8fbd1627 payment instruction sent loan_id=LN464451624 amount_dkk=15491.02
2026-03-04T02:52:23.890+01:00 INFO ledger-service host=ledger-service-7c9d5b-x2k4p corrId=c-b82fecbe8fbd1627 ledger posting accepted loan_id=LN464451624 amount_dkk=15491.02 posting_id=PST-7b74c40f7d
2026-03-04T02:52:23.973+01:00 INFO payment-service host=payment-service-5b8f6c-p9qmz corrId=c-b82fecbe8fbd1627 payment settled loan_id=LN464451624 amount_dkk=15491.02
2026-03-04T02:52:24.041+01:00 INFO notification-service host=notification-service-7c9d5b-p9qmz corrId=c-b82fecbe8fbd1627 payment receipt sent loan_id=LN464451624 channel=DIGITAL_POST
2026-03-04T02:52:27.936+01:00 INFO payment-scheduler host=payment-scheduler-5b8f6c-x2k4p corrId=c-5c24c72bd3418796 instalment collection started loan_id=LN098603845 due_date=2026-03-17
2026-03-04T02:52:28.065+01:00 INFO payment-service host=payment-service-5b8f6c-t6zvn corrId=c-5c24c72bd3418796 direct debit mandate verified loan_id=LN098603845 mandate_id=MD3209248
2026-03-04T02:52:28.093+01:00 INFO payment-service host=payment-service-5b8f6c-t6zvn corrId=c-5c24c72bd3418796 payment instruction sent loan_id=LN098603845 amount_dkk=12570.90
2026-03-04T02:52:28.119+01:00 INFO ledger-service host=ledger-service-5b8f6c-p9qmz corrId=c-5c24c72bd3418796 ledger posting accepted loan_id=LN098603845 amount_dkk=12570.90 posting_id=PST-dd868f1511
2026-03-04T02:52:28.149+01:00 INFO payment-service host=payment-service-7c9d5b-x2k4p corrId=c-5c24c72bd3418796 payment settled loan_id=LN098603845 amount_dkk=12570.90
2026-03-04T02:52:28.179+01:00 INFO notification-service host=notification-service-7c9d5b-t6zvn corrId=c-5c24c72bd3418796 payment receipt sent loan_id=LN098603845 channel=DIGITAL_POST
2026-03-04T02:53:05.766+01:00 INFO payment-scheduler host=payment-scheduler-5b8f6c-t6zvn corrId=c-431c94111cc255f7 instalment collection started loan_id=LN687268023 due_date=2026-03-15
2026-03-04T02:53:05.796+01:00 INFO payment-service host=payment-service-a41e92-p9qmz corrId=c-431c94111cc255f7 direct debit mandate verified loan_id=LN687268023 mandate_id=MD7008376
2026-03-04T02:53:05.809+01:00 INFO payment-service host=payment-service-a41e92-p9qmz corrId=c-431c94111cc255f7 payment instruction sent loan_id=LN687268023 amount_dkk=6562.12
2026-03-04T02:53:05.840+01:00 INFO ledger-service host=ledger-service-5b8f6c-t6zvn corrId=c-431c94111cc255f7 ledger posting accepted loan_id=LN687268023 amount_dkk=6562.12 posting_id=PST-85cc94043f
2026-03-04T02:53:05.945+01:00 INFO payment-service host=payment-service-a41e92-p9qmz corrId=c-431c94111cc255f7 payment settled loan_id=LN687268023 amount_dkk=6562.12
2026-03-04T02:53:05.959+01:00 INFO notification-service host=notification-service-5b8f6c-x2k4p corrId=c-431c94111cc255f7 payment receipt sent loan_id=LN687268023 channel=EMAIL
2026-03-04T02:53:10.940+01:00 INFO payment-scheduler host=payment-scheduler-5b8f6c-x2k4p corrId=c-7dfcc515255e707a instalment collection started loan_id=LN703309046 due_date=2026-03-19
2026-03-04T02:53:10.961+01:00 INFO payment-service host=payment-service-a41e92-x2k4p corrId=c-7dfcc515255e707a direct debit mandate verified loan_id=LN703309046 mandate_id=MD1079716
2026-03-04T02:53:11.074+01:00 INFO payment-service host=payment-service-5b8f6c-p9qmz corrId=c-7dfcc515255e707a payment instruction sent loan_id=LN703309046 amount_dkk=7646.08
2026-03-04T02:53:11.212+01:00 INFO ledger-service host=ledger-service-a41e92-x2k4p corrId=c-7dfcc515255e707a ledger posting accepted loan_id=LN703309046 amount_dkk=7646.08 posting_id=PST-e0877eb718
2026-03-04T02:53:11.268+01:00 INFO payment-service host=payment-service-a41e92-x2k4p corrId=c-7dfcc515255e707a payment settled loan_id=LN703309046 amount_dkk=7646.08
2026-03-04T02:53:11.389+01:00 INFO notification-service host=notification-service-a41e92-t6zvn corrId=c-7dfcc515255e707a payment receipt sent loan_id=LN703309046 channel=DIGITAL_POST
2026-03-04T02:53:22.788+01:00 INFO payment-scheduler host=payment-scheduler-7c9d5b-p9qmz corrId=c-6803d133090af342 instalment collection started loan_id=LN980260698 due_date=2026-03-26
2026-03-04T02:53:22.914+01:00 INFO payment-service host=payment-service-7c9d5b-t6zvn corrId=c-6803d133090af342 direct debit mandate verified loan_id=LN980260698 mandate_id=MD7887882
2026-03-04T02:53:22.962+01:00 INFO payment-service host=payment-service-a41e92-t6zvn corrId=c-6803d133090af342 payment instruction sent loan_id=LN980260698 amount_dkk=12905.22
2026-03-04T02:53:22.996+01:00 INFO ledger-service host=ledger-service-7c9d5b-x2k4p corrId=c-6803d133090af342 ledger posting accepted loan_id=LN980260698 amount_dkk=12905.22 posting_id=PST-6a5fc04ab5
2026-03-04T02:53:23.132+01:00 INFO payment-service host=payment-service-5b8f6c-x2k4p corrId=c-6803d133090af342 payment settled loan_id=LN980260698 amount_dkk=12905.22
2026-03-04T02:53:23.272+01:00 INFO notification-service host=notification-service-5b8f6c-t6zvn corrId=c-6803d133090af342 payment receipt sent loan_id=LN980260698 channel=EMAIL
2026-03-04T02:53:26.008+01:00 INFO payment-scheduler host=payment-scheduler-a41e92-p9qmz corrId=c-2c0992d25a9f343b instalment collection started loan_id=LN173895551 due_date=2026-03-05
2026-03-04T02:53:26.064+01:00 INFO payment-service host=payment-service-5b8f6c-t6zvn corrId=c-2c0992d25a9f343b direct debit mandate verified loan_id=LN173895551 mandate_id=MD0765819
2026-03-04T02:53:26.154+01:00 INFO payment-service host=payment-service-7c9d5b-t6zvn corrId=c-2c0992d25a9f343b payment instruction sent loan_id=LN173895551 amount_dkk=4081.01
2026-03-04T02:53:26.216+01:00 INFO ledger-service host=ledger-service-5b8f6c-t6zvn corrId=c-2c0992d25a9f343b ledger posting accepted loan_id=LN173895551 amount_dkk=4081.01 posting_id=PST-ba96e2b015
2026-03-04T02:53:26.334+01:00 INFO payment-service host=payment-service-5b8f6c-t6zvn corrId=c-2c0992d25a9f343b payment settled loan_id=LN173895551 amount_dkk=4081.01
2026-03-04T02:53:26.456+01:00 INFO notification-service host=notification-service-7c9d5b-p9qmz corrId=c-2c0992d25a9f343b payment receipt sent loan_id=LN173895551 channel=DIGITAL_POST
2026-03-04T02:53:50.875+01:00 INFO payment-scheduler host=payment-scheduler-5b8f6c-x2k4p corrId=c-d5fa4ab4e6411c92 instalment collection started loan_id=LN676510140 due_date=2026-03-01
2026-03-04T02:53:50.983+01:00 INFO payment-service host=payment-service-7c9d5b-x2k4p corrId=c-d5fa4ab4e6411c92 direct debit mandate verified loan_id=LN676510140 mandate_id=MD3856059
2026-03-04T02:53:51.046+01:00 INFO payment-service host=payment-service-7c9d5b-p9qmz corrId=c-d5fa4ab4e6411c92 payment instruction sent loan_id=LN676510140 amount_dkk=9498.29
2026-03-04T02:53:51.072+01:00 INFO ledger-service host=ledger-service-5b8f6c-p9qmz corrId=c-d5fa4ab4e6411c92 ledger posting accepted loan_id=LN676510140 amount_dkk=9498.29 posting_id=PST-814d9a18e6
2026-03-04T02:53:51.141+01:00 INFO payment-service host=payment-service-5b8f6c-x2k4p corrId=c-d5fa4ab4e6411c92 payment settled loan_id=LN676510140 amount_dkk=9498.29
2026-03-04T02:53:51.248+01:00 INFO notification-service host=notification-service-7c9d5b-x2k4p corrId=c-d5fa4ab4e6411c92 payment receipt sent loan_id=LN676510140 channel=DIGITAL_POST
2026-03-04T02:54:31.409+01:00 INFO payment-scheduler host=payment-scheduler-5b8f6c-x2k4p corrId=c-1e73e208bdbf18fc instalment collection started loan_id=LN382735265 due_date=2026-03-06
2026-03-04T02:54:31.487+01:00 INFO payment-service host=payment-service-5b8f6c-t6zvn corrId=c-1e73e208bdbf18fc direct debit mandate verified loan_id=LN382735265 mandate_id=MD6448662
2026-03-04T02:54:31.600+01:00 INFO payment-service host=payment-service-5b8f6c-p9qmz corrId=c-1e73e208bdbf18fc payment instruction sent loan_id=LN382735265 amount_dkk=12290.60
2026-03-04T02:54:31.682+01:00 INFO ledger-service host=ledger-service-a41e92-p9qmz corrId=c-1e73e208bdbf18fc ledger posting accepted loan_id=LN382735265 amount_dkk=12290.60 posting_id=PST-33cb6f9b59
2026-03-04T02:54:31.752+01:00 INFO payment-service host=payment-service-5b8f6c-p9qmz corrId=c-1e73e208bdbf18fc payment settled loan_id=LN382735265 amount_dkk=12290.60
2026-03-04T02:54:31.855+01:00 INFO notification-service host=notification-service-7c9d5b-t6zvn corrId=c-1e73e208bdbf18fc payment receipt sent loan_id=LN382735265 channel=EMAIL
2026-03-04T02:54:45.897+01:00 INFO payment-scheduler host=payment-scheduler-a41e92-p9qmz corrId=c-095da8704107b5ae instalment collection started loan_id=LN217918043 due_date=2026-03-02
2026-03-04T02:54:45.993+01:00 INFO payment-service host=payment-service-a41e92-t6zvn corrId=c-095da8704107b5ae direct debit mandate verified loan_id=LN217918043 mandate_id=MD2381355
2026-03-04T02:54:46.089+01:00 INFO payment-service host=payment-service-5b8f6c-t6zvn corrId=c-095da8704107b5ae payment instruction sent loan_id=LN217918043 amount_dkk=5773.62
2026-03-04T02:54:46.220+01:00 INFO ledger-service host=ledger-service-7c9d5b-p9qmz corrId=c-095da8704107b5ae ledger posting accepted loan_id=LN217918043 amount_dkk=5773.62 posting_id=PST-7438373bcf
2026-03-04T02:54:46.272+01:00 INFO payment-service host=payment-service-5b8f6c-p9qmz corrId=c-095da8704107b5ae payment settled loan_id=LN217918043 amount_dkk=5773.62
2026-03-04T02:54:46.335+01:00 INFO notification-service host=notification-service-5b8f6c-p9qmz corrId=c-095da8704107b5ae payment receipt sent loan_id=LN217918043 channel=DIGITAL_POST
2026-03-04T02:55:00.272+01:00 INFO api-gateway host=api-gateway-7c9d5b-x2k4p corrId=- health probe ok status=200 latency_ms=11
2026-03-04T02:55:02.018+01:00 INFO payment-scheduler host=payment-scheduler-5b8f6c-t6zvn corrId=c-3deeda1519bcd2ac instalment collection started loan_id=LN211988465 due_date=2026-03-28
2026-03-04T02:55:02.094+01:00 INFO payment-service host=payment-service-7c9d5b-x2k4p corrId=c-3deeda1519bcd2ac direct debit mandate verified loan_id=LN211988465 mandate_id=MD2804533
2026-03-04T02:55:02.209+01:00 INFO payment-service host=payment-service-a41e92-x2k4p corrId=c-3deeda1519bcd2ac payment instruction sent loan_id=LN211988465 amount_dkk=17918.14
2026-03-04T02:55:02.272+01:00 INFO ledger-service host=ledger-service-a41e92-t6zvn corrId=c-3deeda1519bcd2ac ledger posting accepted loan_id=LN211988465 amount_dkk=17918.14 posting_id=PST-0d2fe046c7
2026-03-04T02:55:02.319+01:00 INFO payment-service host=payment-service-a41e92-p9qmz corrId=c-3deeda1519bcd2ac payment settled loan_id=LN211988465 amount_dkk=17918.14
2026-03-04T02:55:02.351+01:00 INFO notification-service host=notification-service-a41e92-x2k4p corrId=c-3deeda1519bcd2ac payment receipt sent loan_id=LN211988465 channel=EMAIL
2026-03-04T02:55:21.848+01:00 INFO payment-scheduler host=payment-scheduler-a41e92-x2k4p corrId=c-9df3849e8f86e754 instalment collection started loan_id=LN642365227 due_date=2026-03-15
2026-03-04T02:55:21.900+01:00 INFO payment-service host=payment-service-7c9d5b-x2k4p corrId=c-9df3849e8f86e754 direct debit mandate verified loan_id=LN642365227 mandate_id=MD2049951
2026-03-04T02:55:21.963+01:00 INFO payment-service host=payment-service-5b8f6c-t6zvn corrId=c-9df3849e8f86e754 payment instruction sent loan_id=LN642365227 amount_dkk=13687.25
2026-03-04T02:55:22.051+01:00 INFO ledger-service host=ledger-service-a41e92-x2k4p corrId=c-9df3849e8f86e754 ledger posting accepted loan_id=LN642365227 amount_dkk=13687.25 posting_id=PST-c76cd8df80
2026-03-04T02:55:22.175+01:00 INFO payment-service host=payment-service-5b8f6c-t6zvn corrId=c-9df3849e8f86e754 payment settled loan_id=LN642365227 amount_dkk=13687.25
2026-03-04T02:55:22.215+01:00 INFO notification-service host=notification-service-5b8f6c-p9qmz corrId=c-9df3849e8f86e754 payment receipt sent loan_id=LN642365227 channel=DIGITAL_POST
2026-03-04T02:55:37.017+01:00 INFO payment-scheduler host=payment-scheduler-5b8f6c-x2k4p corrId=c-438e572ff583397a instalment collection started loan_id=LN189593670 due_date=2026-03-07
2026-03-04T02:55:37.023+01:00 INFO payment-service host=payment-service-7c9d5b-t6zvn corrId=c-438e572ff583397a direct debit mandate verified loan_id=LN189593670 mandate_id=MD7546959
2026-03-04T02:55:37.029+01:00 INFO payment-service host=payment-service-7c9d5b-t6zvn corrId=c-438e572ff583397a payment instruction sent loan_id=LN189593670 amount_dkk=17448.45
2026-03-04T02:55:37.070+01:00 INFO ledger-service host=ledger-service-7c9d5b-t6zvn corrId=c-438e572ff583397a ledger posting accepted loan_id=LN189593670 amount_dkk=17448.45 posting_id=PST-ae967c8c09
2026-03-04T02:55:37.103+01:00 INFO payment-service host=payment-service-5b8f6c-p9qmz corrId=c-438e572ff583397a payment settled loan_id=LN189593670 amount_dkk=17448.45
2026-03-04T02:55:37.180+01:00 INFO notification-service host=notification-service-5b8f6c-p9qmz corrId=c-438e572ff583397a payment receipt sent loan_id=LN189593670 channel=DIGITAL_POST
2026-03-04T02:56:10.975+01:00 INFO payment-scheduler host=payment-scheduler-a41e92-p9qmz corrId=c-1c02b83349649656 instalment collection started loan_id=LN056802995 due_date=2026-03-23
2026-03-04T02:56:11.056+01:00 INFO payment-service host=payment-service-7c9d5b-t6zvn corrId=c-1c02b83349649656 direct debit mandate verified loan_id=LN056802995 mandate_id=MD0465624
2026-03-04T02:56:11.139+01:00 INFO payment-service host=payment-service-7c9d5b-t6zvn corrId=c-1c02b83349649656 payment instruction sent loan_id=LN056802995 amount_dkk=14021.09
2026-03-04T02:56:11.254+01:00 INFO ledger-service host=ledger-service-5b8f6c-x2k4p corrId=c-1c02b83349649656 ledger posting accepted loan_id=LN056802995 amount_dkk=14021.09 posting_id=PST-8aacfeb1d6
2026-03-04T02:56:11.334+01:00 INFO payment-service host=payment-service-a41e92-t6zvn corrId=c-1c02b83349649656 payment settled loan_id=LN056802995 amount_dkk=14021.09
2026-03-04T02:56:11.458+01:00 INFO notification-service host=notification-service-7c9d5b-t6zvn corrId=c-1c02b83349649656 payment receipt sent loan_id=LN056802995 channel=EMAIL
2026-03-04T02:56:14.917+01:00 INFO payment-scheduler host=payment-scheduler-a41e92-x2k4p corrId=c-1c3b2b946a40a083 instalment collection started loan_id=LN688405535 due_date=2026-03-14
2026-03-04T02:56:14.998+01:00 INFO payment-service host=payment-service-7c9d5b-t6zvn corrId=c-1c3b2b946a40a083 direct debit mandate verified loan_id=LN688405535 mandate_id=MD0617709
2026-03-04T02:56:15.029+01:00 INFO payment-service host=payment-service-7c9d5b-t6zvn corrId=c-1c3b2b946a40a083 payment instruction sent loan_id=LN688405535 amount_dkk=13336.39
2026-03-04T02:56:15.052+01:00 INFO ledger-service host=ledger-service-5b8f6c-x2k4p corrId=c-1c3b2b946a40a083 ledger posting accepted loan_id=LN688405535 amount_dkk=13336.39 posting_id=PST-4ae5ca4453
2026-03-04T02:56:15.120+01:00 INFO payment-service host=payment-service-7c9d5b-x2k4p corrId=c-1c3b2b946a40a083 payment settled loan_id=LN688405535 amount_dkk=13336.39
2026-03-04T02:56:15.234+01:00 INFO notification-service host=notification-service-5b8f6c-p9qmz corrId=c-1c3b2b946a40a083 payment receipt sent loan_id=LN688405535 channel=DIGITAL_POST
2026-03-04T02:56:22.127+01:00 INFO payment-scheduler host=payment-scheduler-5b8f6c-p9qmz corrId=c-87d920de3bdb3bf6 instalment collection started loan_id=LN749474862 due_date=2026-03-13
2026-03-04T02:56:22.207+01:00 INFO payment-service host=payment-service-7c9d5b-t6zvn corrId=c-87d920de3bdb3bf6 direct debit mandate verified loan_id=LN749474862 mandate_id=MD0579342
2026-03-04T02:56:22.256+01:00 INFO payment-service host=payment-service-7c9d5b-x2k4p corrId=c-87d920de3bdb3bf6 payment instruction sent loan_id=LN749474862 amount_dkk=3171.79
2026-03-04T02:56:22.276+01:00 WARN ledger-service host=ledger-service-5b8f6c-p9qmz corrId=c-87d920de3bdb3bf6 ledger posting retried loan_id=LN749474862 attempt=1
2026-03-04T02:56:22.385+01:00 INFO ledger-service host=ledger-service-a41e92-p9qmz corrId=c-87d920de3bdb3bf6 ledger posting accepted loan_id=LN749474862 amount_dkk=3171.79 posting_id=PST-cd2fb4bbb7
2026-03-04T02:56:22.483+01:00 INFO payment-service host=payment-service-5b8f6c-p9qmz corrId=c-87d920de3bdb3bf6 payment settled loan_id=LN749474862 amount_dkk=3171.79
2026-03-04T02:56:22.558+01:00 INFO notification-service host=notification-service-5b8f6c-x2k4p corrId=c-87d920de3bdb3bf6 payment receipt sent loan_id=LN749474862 channel=DIGITAL_POST
2026-03-04T02:56:42.161+01:00 INFO payment-scheduler host=payment-scheduler-7c9d5b-t6zvn corrId=c-718c7111ae8577aa instalment collection started loan_id=LN084012025 due_date=2026-03-01
2026-03-04T02:56:42.189+01:00 INFO payment-service host=payment-service-a41e92-t6zvn corrId=c-718c7111ae8577aa direct debit mandate verified loan_id=LN084012025 mandate_id=MD7797231
2026-03-04T02:56:42.316+01:00 INFO payment-service host=payment-service-5b8f6c-x2k4p corrId=c-718c7111ae8577aa payment instruction sent loan_id=LN084012025 amount_dkk=14980.99
2026-03-04T02:56:42.381+01:00 INFO ledger-service host=ledger-service-a41e92-x2k4p corrId=c-718c7111ae8577aa ledger posting accepted loan_id=LN084012025 amount_dkk=14980.99 posting_id=PST-71d4fbc2d5
2026-03-04T02:56:42.443+01:00 INFO payment-service host=payment-service-a41e92-x2k4p corrId=c-718c7111ae8577aa payment settled loan_id=LN084012025 amount_dkk=14980.99
2026-03-04T02:56:42.473+01:00 INFO notification-service host=notification-service-5b8f6c-p9qmz corrId=c-718c7111ae8577aa payment receipt sent loan_id=LN084012025 channel=DIGITAL_POST
2026-03-04T02:56:44.257+01:00 INFO payment-scheduler host=payment-scheduler-a41e92-x2k4p corrId=c-827e373de6d4ce91 instalment collection started loan_id=LN665959739 due_date=2026-03-24
2026-03-04T02:56:44.322+01:00 INFO payment-service host=payment-service-a41e92-t6zvn corrId=c-827e373de6d4ce91 direct debit mandate verified loan_id=LN665959739 mandate_id=MD2751566
2026-03-04T02:56:44.350+01:00 INFO payment-service host=payment-service-a41e92-x2k4p corrId=c-827e373de6d4ce91 payment instruction sent loan_id=LN665959739 amount_dkk=3372.81
2026-03-04T02:56:44.477+01:00 INFO ledger-service host=ledger-service-5b8f6c-x2k4p corrId=c-827e373de6d4ce91 ledger posting accepted loan_id=LN665959739 amount_dkk=3372.81 posting_id=PST-f05aa548f0
2026-03-04T02:56:44.566+01:00 INFO payment-service host=payment-service-a41e92-t6zvn corrId=c-827e373de6d4ce91 payment settled loan_id=LN665959739 amount_dkk=3372.81
2026-03-04T02:56:44.615+01:00 INFO notification-service host=notification-service-5b8f6c-x2k4p corrId=c-827e373de6d4ce91 payment receipt sent loan_id=LN665959739 channel=EMAIL
2026-03-04T02:56:48.557+01:00 INFO payment-scheduler host=payment-scheduler-a41e92-t6zvn corrId=c-e155120fef22924e instalment collection started loan_id=LN613858101 due_date=2026-03-23
2026-03-04T02:56:48.672+01:00 INFO payment-service host=payment-service-a41e92-x2k4p corrId=c-e155120fef22924e direct debit mandate verified loan_id=LN613858101 mandate_id=MD6043301
2026-03-04T02:56:48.774+01:00 INFO payment-service host=payment-service-7c9d5b-p9qmz corrId=c-e155120fef22924e payment instruction sent loan_id=LN613858101 amount_dkk=8715.13
2026-03-04T02:56:48.843+01:00 INFO ledger-service host=ledger-service-7c9d5b-x2k4p corrId=c-e155120fef22924e ledger posting accepted loan_id=LN613858101 amount_dkk=8715.13 posting_id=PST-07ca9df294
2026-03-04T02:56:48.949+01:00 INFO payment-service host=payment-service-a41e92-x2k4p corrId=c-e155120fef22924e payment settled loan_id=LN613858101 amount_dkk=8715.13
2026-03-04T02:56:49.036+01:00 INFO notification-service host=notification-service-5b8f6c-t6zvn corrId=c-e155120fef22924e payment receipt sent loan_id=LN613858101 channel=DIGITAL_POST
2026-03-04T02:56:49.163+01:00 INFO payment-scheduler host=payment-scheduler-7c9d5b-p9qmz corrId=c-f159486b6185c014 instalment collection started loan_id=LN520968790 due_date=2026-03-27
2026-03-04T02:56:49.280+01:00 INFO payment-service host=payment-service-7c9d5b-p9qmz corrId=c-f159486b6185c014 direct debit mandate verified loan_id=LN520968790 mandate_id=MD6318710
2026-03-04T02:56:49.320+01:00 INFO payment-service host=payment-service-5b8f6c-x2k4p corrId=c-f159486b6185c014 payment instruction sent loan_id=LN520968790 amount_dkk=2742.88
2026-03-04T02:56:49.448+01:00 INFO ledger-service host=ledger-service-a41e92-t6zvn corrId=c-f159486b6185c014 ledger posting accepted loan_id=LN520968790 amount_dkk=2742.88 posting_id=PST-ef215ee8ec
2026-03-04T02:56:49.481+01:00 INFO payment-service host=payment-service-7c9d5b-x2k4p corrId=c-f159486b6185c014 payment settled loan_id=LN520968790 amount_dkk=2742.88
2026-03-04T02:56:49.521+01:00 INFO notification-service host=notification-service-7c9d5b-p9qmz corrId=c-f159486b6185c014 payment receipt sent loan_id=LN520968790 channel=DIGITAL_POST
2026-03-04T02:58:15.250+01:00 INFO payment-scheduler host=payment-scheduler-a41e92-p9qmz corrId=c-504764e18341ba3d instalment collection started loan_id=LN662369280 due_date=2026-03-07
2026-03-04T02:58:15.318+01:00 INFO payment-service host=payment-service-5b8f6c-t6zvn corrId=c-504764e18341ba3d direct debit mandate verified loan_id=LN662369280 mandate_id=MD2432788
2026-03-04T02:58:15.419+01:00 INFO payment-service host=payment-service-5b8f6c-x2k4p corrId=c-504764e18341ba3d payment instruction sent loan_id=LN662369280 amount_dkk=8265.96
2026-03-04T02:58:15.482+01:00 INFO ledger-service host=ledger-service-a41e92-t6zvn corrId=c-504764e18341ba3d ledger posting accepted loan_id=LN662369280 amount_dkk=8265.96 posting_id=PST-66fa10a1fc
2026-03-04T02:58:15.546+01:00 INFO payment-service host=payment-service-5b8f6c-t6zvn corrId=c-504764e18341ba3d payment settled loan_id=LN662369280 amount_dkk=8265.96
2026-03-04T02:58:15.601+01:00 INFO notification-service host=notification-service-7c9d5b-p9qmz corrId=c-504764e18341ba3d payment receipt sent loan_id=LN662369280 channel=DIGITAL_POST
2026-03-04T02:59:24.627+01:00 INFO payment-scheduler host=payment-scheduler-7c9d5b-t6zvn corrId=c-dda1f615021509ad instalment collection started loan_id=LN320478306 due_date=2026-03-01
2026-03-04T02:59:24.696+01:00 INFO payment-service host=payment-service-a41e92-x2k4p corrId=c-dda1f615021509ad direct debit mandate verified loan_id=LN320478306 mandate_id=MD3124927
2026-03-04T02:59:24.835+01:00 INFO payment-service host=payment-service-5b8f6c-t6zvn corrId=c-dda1f615021509ad payment instruction sent loan_id=LN320478306 amount_dkk=8593.31
2026-03-04T02:59:24.931+01:00 INFO ledger-service host=ledger-service-7c9d5b-p9qmz corrId=c-dda1f615021509ad ledger posting accepted loan_id=LN320478306 amount_dkk=8593.31 posting_id=PST-342cdf33a9
2026-03-04T02:59:25.049+01:00 INFO payment-service host=payment-service-7c9d5b-x2k4p corrId=c-dda1f615021509ad payment settled loan_id=LN320478306 amount_dkk=8593.31
2026-03-04T02:59:25.131+01:00 INFO notification-service host=notification-service-5b8f6c-t6zvn corrId=c-dda1f615021509ad payment receipt sent loan_id=LN320478306 channel=EMAIL
2026-03-04T02:59:32.780+01:00 INFO payment-scheduler host=payment-scheduler-5b8f6c-x2k4p corrId=c-dbf493d927605a5b instalment collection started loan_id=LN742418190 due_date=2026-03-06
2026-03-04T02:59:32.867+01:00 INFO payment-service host=payment-service-a41e92-x2k4p corrId=c-dbf493d927605a5b direct debit mandate verified loan_id=LN742418190 mandate_id=MD0832184
2026-03-04T02:59:32.950+01:00 INFO payment-service host=payment-service-7c9d5b-t6zvn corrId=c-dbf493d927605a5b payment instruction sent loan_id=LN742418190 amount_dkk=5351.94
2026-03-04T02:59:33.007+01:00 INFO ledger-service host=ledger-service-a41e92-t6zvn corrId=c-dbf493d927605a5b ledger posting accepted loan_id=LN742418190 amount_dkk=5351.94 posting_id=PST-ff2b4fcbad
2026-03-04T02:59:33.080+01:00 INFO payment-scheduler host=payment-scheduler-a41e92-p9qmz corrId=c-3d9f5c67345086a1 instalment collection started loan_id=LN624522258 due_date=2026-03-05
2026-03-04T02:59:33.094+01:00 INFO payment-service host=payment-service-7c9d5b-x2k4p corrId=c-dbf493d927605a5b payment settled loan_id=LN742418190 amount_dkk=5351.94
2026-03-04T02:59:33.130+01:00 INFO notification-service host=notification-service-5b8f6c-t6zvn corrId=c-dbf493d927605a5b payment receipt sent loan_id=LN742418190 channel=DIGITAL_POST
2026-03-04T02:59:33.210+01:00 INFO payment-service host=payment-service-5b8f6c-x2k4p corrId=c-3d9f5c67345086a1 direct debit mandate verified loan_id=LN624522258 mandate_id=MD7242875
2026-03-04T02:59:33.286+01:00 INFO payment-service host=payment-service-a41e92-x2k4p corrId=c-3d9f5c67345086a1 payment instruction sent loan_id=LN624522258 amount_dkk=10126.94
2026-03-04T02:59:33.322+01:00 INFO ledger-service host=ledger-service-5b8f6c-t6zvn corrId=c-3d9f5c67345086a1 ledger posting accepted loan_id=LN624522258 amount_dkk=10126.94 posting_id=PST-e2f9971c89
2026-03-04T02:59:33.431+01:00 INFO payment-service host=payment-service-7c9d5b-x2k4p corrId=c-3d9f5c67345086a1 payment settled loan_id=LN624522258 amount_dkk=10126.94
2026-03-04T02:59:33.517+01:00 INFO notification-service host=notification-service-7c9d5b-p9qmz corrId=c-3d9f5c67345086a1 payment receipt sent loan_id=LN624522258 channel=DIGITAL_POST
2026-03-04T02:59:53.923+01:00 INFO payment-scheduler host=payment-scheduler-5b8f6c-t6zvn corrId=c-1d2aa22065a7d731 instalment collection started loan_id=LN958001497 due_date=2026-03-27
2026-03-04T02:59:53.945+01:00 INFO payment-service host=payment-service-a41e92-t6zvn corrId=c-1d2aa22065a7d731 direct debit mandate verified loan_id=LN958001497 mandate_id=MD3181118
2026-03-04T02:59:53.981+01:00 INFO payment-service host=payment-service-5b8f6c-t6zvn corrId=c-1d2aa22065a7d731 payment instruction sent loan_id=LN958001497 amount_dkk=14775.22
2026-03-04T02:59:54.005+01:00 INFO ledger-service host=ledger-service-7c9d5b-x2k4p corrId=c-1d2aa22065a7d731 ledger posting accepted loan_id=LN958001497 amount_dkk=14775.22 posting_id=PST-bfbb91ce98
2026-03-04T02:59:54.032+01:00 INFO payment-service host=payment-service-7c9d5b-p9qmz corrId=c-1d2aa22065a7d731 payment settled loan_id=LN958001497 amount_dkk=14775.22
2026-03-04T02:59:54.086+01:00 INFO notification-service host=notification-service-5b8f6c-t6zvn corrId=c-1d2aa22065a7d731 payment receipt sent loan_id=LN958001497 channel=EMAIL
2026-03-04T03:00:00.585+01:00 INFO payment-scheduler host=payment-scheduler-a41e92-p9qmz corrId=- scheduler heartbeat lag_ms=97
2026-03-04T03:00:00.710+01:00 INFO api-gateway host=api-gateway-a41e92-p9qmz corrId=- health probe ok status=200 latency_ms=16
2026-03-04T03:00:05.108+01:00 INFO payment-scheduler host=payment-scheduler-a41e92-x2k4p corrId=c-8e4baf83f626f310 instalment collection started loan_id=LN851327655 due_date=2026-03-28
2026-03-04T03:00:05.169+01:00 INFO payment-service host=payment-service-5b8f6c-t6zvn corrId=c-8e4baf83f626f310 direct debit mandate verified loan_id=LN851327655 mandate_id=MD1234036
2026-03-04T03:00:05.248+01:00 INFO payment-service host=payment-service-7c9d5b-p9qmz corrId=c-8e4baf83f626f310 payment instruction sent loan_id=LN851327655 amount_dkk=7046.35
2026-03-04T03:00:05.319+01:00 INFO ledger-service host=ledger-service-5b8f6c-x2k4p corrId=c-8e4baf83f626f310 ledger posting accepted loan_id=LN851327655 amount_dkk=7046.35 posting_id=PST-c16472ed1f
2026-03-04T03:00:05.389+01:00 INFO payment-service host=payment-service-a41e92-t6zvn corrId=c-8e4baf83f626f310 payment settled loan_id=LN851327655 amount_dkk=7046.35
2026-03-04T03:00:05.410+01:00 INFO notification-service host=notification-service-a41e92-x2k4p corrId=c-8e4baf83f626f310 payment receipt sent loan_id=LN851327655 channel=DIGITAL_POST
2026-03-04T03:00:07.392+01:00 INFO payment-scheduler host=payment-scheduler-a41e92-t6zvn corrId=c-81e90fd3ecf824fe instalment collection started loan_id=LN551258877 due_date=2026-03-26
2026-03-04T03:00:07.497+01:00 INFO payment-service host=payment-service-5b8f6c-p9qmz corrId=c-81e90fd3ecf824fe direct debit mandate verified loan_id=LN551258877 mandate_id=MD7795417
2026-03-04T03:00:07.537+01:00 INFO payment-service host=payment-service-5b8f6c-x2k4p corrId=c-81e90fd3ecf824fe payment instruction sent loan_id=LN551258877 amount_dkk=16107.73
2026-03-04T03:00:07.634+01:00 INFO ledger-service host=ledger-service-7c9d5b-t6zvn corrId=c-81e90fd3ecf824fe ledger posting accepted loan_id=LN551258877 amount_dkk=16107.73 posting_id=PST-68520e3dc2
2026-03-04T03:00:07.643+01:00 INFO payment-service host=payment-service-7c9d5b-p9qmz corrId=c-81e90fd3ecf824fe payment settled loan_id=LN551258877 amount_dkk=16107.73
2026-03-04T03:00:07.748+01:00 INFO notification-service host=notification-service-7c9d5b-p9qmz corrId=c-81e90fd3ecf824fe payment receipt sent loan_id=LN551258877 channel=DIGITAL_POST
2026-03-04T03:00:32.000+01:00 INFO config-service host=config-service-5b8f6c-t6zvn corrId=- configuration refreshed version=v133
2026-03-04T03:00:49.855+01:00 INFO payment-scheduler host=payment-scheduler-5b8f6c-p9qmz corrId=c-cb7994e67f8685fe instalment collection started loan_id=LN879494250 due_date=2026-03-11
2026-03-04T03:00:49.924+01:00 INFO payment-service host=payment-service-a41e92-t6zvn corrId=c-cb7994e67f8685fe direct debit mandate verified loan_id=LN879494250 mandate_id=MD2355391
2026-03-04T03:00:50.053+01:00 INFO payment-service host=payment-service-a41e92-t6zvn corrId=c-cb7994e67f8685fe payment instruction sent loan_id=LN879494250 amount_dkk=13994.90
2026-03-04T03:00:50.080+01:00 INFO ledger-service host=ledger-service-7c9d5b-t6zvn corrId=c-cb7994e67f8685fe ledger posting accepted loan_id=LN879494250 amount_dkk=13994.90 posting_id=PST-b772c04c16
2026-03-04T03:00:50.127+01:00 INFO payment-service host=payment-service-7c9d5b-p9qmz corrId=c-cb7994e67f8685fe payment settled loan_id=LN879494250 amount_dkk=13994.90
2026-03-04T03:00:50.234+01:00 INFO notification-service host=notification-service-a41e92-p9qmz corrId=c-cb7994e67f8685fe payment receipt sent loan_id=LN879494250 channel=DIGITAL_POST
2026-03-04T03:01:17.998+01:00 INFO payment-scheduler host=payment-scheduler-7c9d5b-t6zvn corrId=c-19363002d7623dc6 instalment collection started loan_id=LN574891873 due_date=2026-03-09
2026-03-04T03:01:18.133+01:00 INFO payment-service host=payment-service-a41e92-t6zvn corrId=c-19363002d7623dc6 direct debit mandate verified loan_id=LN574891873 mandate_id=MD4256692
2026-03-04T03:01:18.255+01:00 INFO payment-service host=payment-service-7c9d5b-t6zvn corrId=c-19363002d7623dc6 payment instruction sent loan_id=LN574891873 amount_dkk=6370.10
2026-03-04T03:01:18.334+01:00 INFO ledger-service host=ledger-service-7c9d5b-x2k4p corrId=c-19363002d7623dc6 ledger posting accepted loan_id=LN574891873 amount_dkk=6370.10 posting_id=PST-5205a4c080
2026-03-04T03:01:18.401+01:00 INFO payment-service host=payment-service-7c9d5b-p9qmz corrId=c-19363002d7623dc6 payment settled loan_id=LN574891873 amount_dkk=6370.10
2026-03-04T03:01:18.471+01:00 INFO notification-service host=notification-service-5b8f6c-p9qmz corrId=c-19363002d7623dc6 payment receipt sent loan_id=LN574891873 channel=DIGITAL_POST
2026-03-04T03:01:32.215+01:00 INFO payment-scheduler host=payment-scheduler-7c9d5b-x2k4p corrId=c-8d1e4a9490166f14 instalment collection started loan_id=LN424174286 due_date=2026-03-14
2026-03-04T03:01:32.319+01:00 INFO payment-service host=payment-service-a41e92-t6zvn corrId=c-8d1e4a9490166f14 direct debit mandate verified loan_id=LN424174286 mandate_id=MD7186294
2026-03-04T03:01:32.404+01:00 INFO payment-service host=payment-service-7c9d5b-t6zvn corrId=c-8d1e4a9490166f14 payment instruction sent loan_id=LN424174286 amount_dkk=13751.80
2026-03-04T03:01:32.412+01:00 INFO ledger-service host=ledger-service-a41e92-p9qmz corrId=c-8d1e4a9490166f14 ledger posting accepted loan_id=LN424174286 amount_dkk=13751.80 posting_id=PST-2bb14b639c
2026-03-04T03:01:32.420+01:00 INFO payment-service host=payment-service-a41e92-x2k4p corrId=c-8d1e4a9490166f14 payment settled loan_id=LN424174286 amount_dkk=13751.80
2026-03-04T03:01:32.554+01:00 INFO notification-service host=notification-service-a41e92-x2k4p corrId=c-8d1e4a9490166f14 payment receipt sent loan_id=LN424174286 channel=EMAIL
2026-03-04T03:01:55.714+01:00 INFO payment-scheduler host=payment-scheduler-7c9d5b-t6zvn corrId=c-2967e15f83167b6d instalment collection started loan_id=LN596803168 due_date=2026-03-09
2026-03-04T03:01:55.745+01:00 INFO payment-service host=payment-service-5b8f6c-x2k4p corrId=c-2967e15f83167b6d direct debit mandate verified loan_id=LN596803168 mandate_id=MD5322416
2026-03-04T03:01:55.793+01:00 INFO payment-service host=payment-service-a41e92-p9qmz corrId=c-2967e15f83167b6d payment instruction sent loan_id=LN596803168 amount_dkk=8191.98
2026-03-04T03:01:55.809+01:00 INFO ledger-service host=ledger-service-a41e92-x2k4p corrId=c-2967e15f83167b6d ledger posting accepted loan_id=LN596803168 amount_dkk=8191.98 posting_id=PST-d6aa2aad9e
2026-03-04T03:01:55.824+01:00 INFO payment-service host=payment-service-7c9d5b-p9qmz corrId=c-2967e15f83167b6d payment settled loan_id=LN596803168 amount_dkk=8191.98
2026-03-04T03:01:55.878+01:00 INFO payment-scheduler host=payment-scheduler-5b8f6c-t6zvn corrId=c-81484aee10771b4b instalment collection started loan_id=LN105107814 due_date=2026-03-16
2026-03-04T03:01:55.906+01:00 INFO notification-service host=notification-service-7c9d5b-p9qmz corrId=c-2967e15f83167b6d payment receipt sent loan_id=LN596803168 channel=EMAIL
2026-03-04T03:01:55.968+01:00 INFO payment-service host=payment-service-a41e92-t6zvn corrId=c-81484aee10771b4b direct debit mandate verified loan_id=LN105107814 mandate_id=MD8315656
2026-03-04T03:01:56.065+01:00 INFO payment-service host=payment-service-7c9d5b-t6zvn corrId=c-81484aee10771b4b payment instruction sent loan_id=LN105107814 amount_dkk=13150.87
2026-03-04T03:01:56.149+01:00 INFO ledger-service host=ledger-service-a41e92-t6zvn corrId=c-81484aee10771b4b ledger posting accepted loan_id=LN105107814 amount_dkk=13150.87 posting_id=PST-0f62dc6c1c
2026-03-04T03:01:56.240+01:00 INFO payment-service host=payment-service-7c9d5b-t6zvn corrId=c-81484aee10771b4b payment settled loan_id=LN105107814 amount_dkk=13150.87
2026-03-04T03:01:56.366+01:00 INFO notification-service host=notification-service-5b8f6c-t6zvn corrId=c-81484aee10771b4b payment receipt sent loan_id=LN105107814 channel=EMAIL
2026-03-04T03:01:59.740+01:00 INFO payment-scheduler host=payment-scheduler-a41e92-p9qmz corrId=c-b1615ffa934eed58 instalment collection started loan_id=LN043373339 due_date=2026-03-27
2026-03-04T03:01:59.811+01:00 INFO payment-service host=payment-service-a41e92-x2k4p corrId=c-b1615ffa934eed58 direct debit mandate verified loan_id=LN043373339 mandate_id=MD3079337
2026-03-04T03:01:59.887+01:00 INFO payment-service host=payment-service-7c9d5b-p9qmz corrId=c-b1615ffa934eed58 payment instruction sent loan_id=LN043373339 amount_dkk=5059.95
2026-03-04T03:01:59.922+01:00 INFO ledger-service host=ledger-service-a41e92-t6zvn corrId=c-b1615ffa934eed58 ledger posting accepted loan_id=LN043373339 amount_dkk=5059.95 posting_id=PST-ba71a1194a
2026-03-04T03:02:00.031+01:00 INFO payment-service host=payment-service-a41e92-x2k4p corrId=c-b1615ffa934eed58 payment settled loan_id=LN043373339 amount_dkk=5059.95
2026-03-04T03:02:00.136+01:00 INFO notification-service host=notification-service-5b8f6c-p9qmz corrId=c-b1615ffa934eed58 payment receipt sent loan_id=LN043373339 channel=DIGITAL_POST
2026-03-04T03:03:00.158+01:00 INFO payment-scheduler host=payment-scheduler-5b8f6c-x2k4p corrId=c-bdb9a91cf5601de5 instalment collection started loan_id=LN798389172 due_date=2026-03-05
2026-03-04T03:03:00.205+01:00 INFO payment-service host=payment-service-7c9d5b-t6zvn corrId=c-bdb9a91cf5601de5 direct debit mandate verified loan_id=LN798389172 mandate_id=MD7307043
2026-03-04T03:03:00.213+01:00 INFO payment-service host=payment-service-7c9d5b-x2k4p corrId=c-bdb9a91cf5601de5 payment instruction sent loan_id=LN798389172 amount_dkk=5216.18
2026-03-04T03:03:00.255+01:00 INFO ledger-service host=ledger-service-a41e92-x2k4p corrId=c-bdb9a91cf5601de5 ledger posting accepted loan_id=LN798389172 amount_dkk=5216.18 posting_id=PST-e08d724489
2026-03-04T03:03:00.277+01:00 INFO payment-service host=payment-service-7c9d5b-t6zvn corrId=c-bdb9a91cf5601de5 payment settled loan_id=LN798389172 amount_dkk=5216.18
2026-03-04T03:03:00.390+01:00 INFO notification-service host=notification-service-7c9d5b-t6zvn corrId=c-bdb9a91cf5601de5 payment receipt sent loan_id=LN798389172 channel=DIGITAL_POST
2026-03-04T03:03:15.718+01:00 INFO payment-scheduler host=payment-scheduler-a41e92-p9qmz corrId=c-eadd11c13ef2311f instalment collection started loan_id=LN248008766 due_date=2026-03-12
2026-03-04T03:03:15.729+01:00 INFO payment-service host=payment-service-a41e92-t6zvn corrId=c-eadd11c13ef2311f direct debit mandate verified loan_id=LN248008766 mandate_id=MD8076958
2026-03-04T03:03:15.795+01:00 INFO payment-service host=payment-service-5b8f6c-t6zvn corrId=c-eadd11c13ef2311f payment instruction sent loan_id=LN248008766 amount_dkk=10407.98
2026-03-04T03:03:15.861+01:00 INFO ledger-service host=ledger-service-5b8f6c-x2k4p corrId=c-eadd11c13ef2311f ledger posting accepted loan_id=LN248008766 amount_dkk=10407.98 posting_id=PST-216420a468
2026-03-04T03:03:15.976+01:00 INFO payment-service host=payment-service-a41e92-x2k4p corrId=c-eadd11c13ef2311f payment settled loan_id=LN248008766 amount_dkk=10407.98
2026-03-04T03:03:16.099+01:00 INFO notification-service host=notification-service-5b8f6c-p9qmz corrId=c-eadd11c13ef2311f payment receipt sent loan_id=LN248008766 channel=DIGITAL_POST
2026-03-04T03:03:34.766+01:00 INFO payment-scheduler host=payment-scheduler-7c9d5b-p9qmz corrId=c-ccefe6ec6649ac11 instalment collection started loan_id=LN333213666 due_date=2026-03-21
2026-03-04T03:03:34.782+01:00 INFO payment-service host=payment-service-7c9d5b-x2k4p corrId=c-ccefe6ec6649ac11 direct debit mandate verified loan_id=LN333213666 mandate_id=MD1403468
2026-03-04T03:03:34.857+01:00 INFO payment-service host=payment-service-7c9d5b-p9qmz corrId=c-ccefe6ec6649ac11 payment instruction sent loan_id=LN333213666 amount_dkk=11604.72
2026-03-04T03:03:34.912+01:00 INFO ledger-service host=ledger-service-a41e92-x2k4p corrId=c-ccefe6ec6649ac11 ledger posting accepted loan_id=LN333213666 amount_dkk=11604.72 posting_id=PST-7189d00169
2026-03-04T03:03:34.951+01:00 INFO payment-service host=payment-service-5b8f6c-p9qmz corrId=c-ccefe6ec6649ac11 payment settled loan_id=LN333213666 amount_dkk=11604.72
2026-03-04T03:03:34.993+01:00 INFO notification-service host=notification-service-a41e92-p9qmz corrId=c-ccefe6ec6649ac11 payment receipt sent loan_id=LN333213666 channel=EMAIL
2026-03-04T03:04:10.380+01:00 INFO payment-scheduler host=payment-scheduler-7c9d5b-p9qmz corrId=c-8b883cace3a1f1c4 instalment collection started loan_id=LN523591950 due_date=2026-03-24
2026-03-04T03:04:10.392+01:00 INFO payment-service host=payment-service-5b8f6c-p9qmz corrId=c-8b883cace3a1f1c4 direct debit mandate verified loan_id=LN523591950 mandate_id=MD3764750
2026-03-04T03:04:10.421+01:00 INFO payment-service host=payment-service-7c9d5b-x2k4p corrId=c-8b883cace3a1f1c4 payment instruction sent loan_id=LN523591950 amount_dkk=17330.99
2026-03-04T03:04:10.496+01:00 INFO ledger-service host=ledger-service-5b8f6c-x2k4p corrId=c-8b883cace3a1f1c4 ledger posting accepted loan_id=LN523591950 amount_dkk=17330.99 posting_id=PST-273d4a32d8
2026-03-04T03:04:10.590+01:00 INFO payment-service host=payment-service-a41e92-x2k4p corrId=c-8b883cace3a1f1c4 payment settled loan_id=LN523591950 amount_dkk=17330.99
2026-03-04T03:04:10.623+01:00 INFO notification-service host=notification-service-7c9d5b-p9qmz corrId=c-8b883cace3a1f1c4 payment receipt sent loan_id=LN523591950 channel=DIGITAL_POST
2026-03-04T03:04:44.649+01:00 INFO payment-scheduler host=payment-scheduler-a41e92-t6zvn corrId=c-a4add943dd18cfa5 instalment collection started loan_id=LN124754509 due_date=2026-03-07
2026-03-04T03:04:44.768+01:00 INFO payment-service host=payment-service-5b8f6c-x2k4p corrId=c-a4add943dd18cfa5 direct debit mandate verified loan_id=LN124754509 mandate_id=MD2385305
2026-03-04T03:04:44.870+01:00 INFO payment-service host=payment-service-a41e92-p9qmz corrId=c-a4add943dd18cfa5 payment instruction sent loan_id=LN124754509 amount_dkk=8091.97
2026-03-04T03:04:44.926+01:00 INFO ledger-service host=ledger-service-5b8f6c-p9qmz corrId=c-a4add943dd18cfa5 ledger posting accepted loan_id=LN124754509 amount_dkk=8091.97 posting_id=PST-5d46fa5f84
2026-03-04T03:04:44.980+01:00 INFO payment-service host=payment-service-a41e92-t6zvn corrId=c-a4add943dd18cfa5 payment settled loan_id=LN124754509 amount_dkk=8091.97
2026-03-04T03:04:45.044+01:00 INFO notification-service host=notification-service-5b8f6c-p9qmz corrId=c-a4add943dd18cfa5 payment receipt sent loan_id=LN124754509 channel=DIGITAL_POST
2026-03-04T03:05:00.042+01:00 INFO api-gateway host=api-gateway-7c9d5b-t6zvn corrId=- health probe ok status=200 latency_ms=24
2026-03-04T03:05:54.226+01:00 INFO payment-scheduler host=payment-scheduler-5b8f6c-p9qmz corrId=c-3a1f912cae93574c instalment collection started loan_id=LN581157475 due_date=2026-03-04
2026-03-04T03:05:54.244+01:00 INFO payment-service host=payment-service-5b8f6c-p9qmz corrId=c-3a1f912cae93574c direct debit mandate verified loan_id=LN581157475 mandate_id=MD8813547
2026-03-04T03:05:54.316+01:00 INFO payment-service host=payment-service-5b8f6c-p9qmz corrId=c-3a1f912cae93574c payment instruction sent loan_id=LN581157475 amount_dkk=15678.96
2026-03-04T03:05:54.341+01:00 INFO ledger-service host=ledger-service-7c9d5b-p9qmz corrId=c-3a1f912cae93574c ledger posting accepted loan_id=LN581157475 amount_dkk=15678.96 posting_id=PST-23bd6c3c69
2026-03-04T03:05:54.398+01:00 INFO payment-service host=payment-service-5b8f6c-p9qmz corrId=c-3a1f912cae93574c payment settled loan_id=LN581157475 amount_dkk=15678.96
2026-03-04T03:05:54.511+01:00 INFO notification-service host=notification-service-a41e92-t6zvn corrId=c-3a1f912cae93574c payment receipt sent loan_id=LN581157475 channel=DIGITAL_POST
2026-03-04T03:06:48.308+01:00 INFO payment-scheduler host=payment-scheduler-7c9d5b-x2k4p corrId=c-96b8e8a925875f3c instalment collection started loan_id=LN710620155 due_date=2026-03-14
2026-03-04T03:06:48.382+01:00 INFO payment-service host=payment-service-5b8f6c-p9qmz corrId=c-96b8e8a925875f3c direct debit mandate verified loan_id=LN710620155 mandate_id=MD2521614
2026-03-04T03:06:48.452+01:00 INFO payment-service host=payment-service-5b8f6c-t6zvn corrId=c-96b8e8a925875f3c payment instruction sent loan_id=LN710620155 amount_dkk=13123.54
2026-03-04T03:06:48.475+01:00 INFO ledger-service host=ledger-service-a41e92-t6zvn corrId=c-96b8e8a925875f3c ledger posting accepted loan_id=LN710620155 amount_dkk=13123.54 posting_id=PST-ab69bb2115
2026-03-04T03:06:48.554+01:00 INFO payment-service host=payment-service-a41e92-t6zvn corrId=c-96b8e8a925875f3c payment settled loan_id=LN710620155 amount_dkk=13123.54
2026-03-04T03:06:48.620+01:00 INFO notification-service host=notification-service-a41e92-p9qmz corrId=c-96b8e8a925875f3c payment receipt sent loan_id=LN710620155 channel=DIGITAL_POST
2026-03-04T03:06:48.897+01:00 INFO payment-scheduler host=payment-scheduler-5b8f6c-t6zvn corrId=c-2e276f82a01628bc instalment collection started loan_id=LN430281596 due_date=2026-03-24
2026-03-04T03:06:49.022+01:00 INFO payment-service host=payment-service-a41e92-p9qmz corrId=c-2e276f82a01628bc direct debit mandate verified loan_id=LN430281596 mandate_id=MD3104382
2026-03-04T03:06:49.079+01:00 INFO payment-service host=payment-service-7c9d5b-x2k4p corrId=c-2e276f82a01628bc payment instruction sent loan_id=LN430281596 amount_dkk=9166.93
2026-03-04T03:06:49.197+01:00 INFO ledger-service host=ledger-service-a41e92-x2k4p corrId=c-2e276f82a01628bc ledger posting accepted loan_id=LN430281596 amount_dkk=9166.93 posting_id=PST-b47be29859
2026-03-04T03:06:49.256+01:00 INFO payment-service host=payment-service-5b8f6c-x2k4p corrId=c-2e276f82a01628bc payment settled loan_id=LN430281596 amount_dkk=9166.93
2026-03-04T03:06:49.294+01:00 INFO notification-service host=notification-service-a41e92-p9qmz corrId=c-2e276f82a01628bc payment receipt sent loan_id=LN430281596 channel=DIGITAL_POST
2026-03-04T03:06:49.338+01:00 INFO payment-scheduler host=payment-scheduler-7c9d5b-t6zvn corrId=c-afad62ad90f0bfd1 instalment collection started loan_id=LN009392081 due_date=2026-03-26
2026-03-04T03:06:49.437+01:00 INFO payment-service host=payment-service-7c9d5b-x2k4p corrId=c-afad62ad90f0bfd1 direct debit mandate verified loan_id=LN009392081 mandate_id=MD6128319
2026-03-04T03:06:49.569+01:00 INFO payment-service host=payment-service-7c9d5b-p9qmz corrId=c-afad62ad90f0bfd1 payment instruction sent loan_id=LN009392081 amount_dkk=11582.43
2026-03-04T03:06:49.616+01:00 INFO ledger-service host=ledger-service-5b8f6c-x2k4p corrId=c-afad62ad90f0bfd1 ledger posting accepted loan_id=LN009392081 amount_dkk=11582.43 posting_id=PST-043b847738
2026-03-04T03:06:49.725+01:00 INFO payment-service host=payment-service-a41e92-t6zvn corrId=c-afad62ad90f0bfd1 payment settled loan_id=LN009392081 amount_dkk=11582.43
2026-03-04T03:06:49.745+01:00 INFO notification-service host=notification-service-a41e92-x2k4p corrId=c-afad62ad90f0bfd1 payment receipt sent loan_id=LN009392081 channel=DIGITAL_POST
2026-03-04T03:07:15.138+01:00 INFO payment-scheduler host=payment-scheduler-5b8f6c-x2k4p corrId=c-4545db29a496c3ef instalment collection started loan_id=LN673577268 due_date=2026-03-27
2026-03-04T03:07:15.192+01:00 INFO payment-service host=payment-service-a41e92-x2k4p corrId=c-4545db29a496c3ef direct debit mandate verified loan_id=LN673577268 mandate_id=MD2548607
2026-03-04T03:07:15.227+01:00 INFO payment-service host=payment-service-5b8f6c-x2k4p corrId=c-4545db29a496c3ef payment instruction sent loan_id=LN673577268 amount_dkk=8180.91
2026-03-04T03:07:15.329+01:00 INFO ledger-service host=ledger-service-7c9d5b-t6zvn corrId=c-4545db29a496c3ef ledger posting accepted loan_id=LN673577268 amount_dkk=8180.91 posting_id=PST-7a368976f5
2026-03-04T03:07:15.373+01:00 INFO payment-service host=payment-service-5b8f6c-p9qmz corrId=c-4545db29a496c3ef payment settled loan_id=LN673577268 amount_dkk=8180.91
2026-03-04T03:07:15.387+01:00 INFO notification-service host=notification-service-7c9d5b-p9qmz corrId=c-4545db29a496c3ef payment receipt sent loan_id=LN673577268 channel=EMAIL
2026-03-04T03:07:19.047+01:00 INFO payment-scheduler host=payment-scheduler-7c9d5b-p9qmz corrId=c-765dbdfe0945a1b4 instalment collection started loan_id=LN989568311 due_date=2026-03-11
2026-03-04T03:07:19.073+01:00 INFO payment-service host=payment-service-7c9d5b-t6zvn corrId=c-765dbdfe0945a1b4 direct debit mandate verified loan_id=LN989568311 mandate_id=MD1783354
2026-03-04T03:07:19.186+01:00 INFO payment-service host=payment-service-5b8f6c-t6zvn corrId=c-765dbdfe0945a1b4 payment instruction sent loan_id=LN989568311 amount_dkk=6051.30
2026-03-04T03:07:19.229+01:00 INFO ledger-service host=ledger-service-5b8f6c-x2k4p corrId=c-765dbdfe0945a1b4 ledger posting accepted loan_id=LN989568311 amount_dkk=6051.30 posting_id=PST-6ff468917d
2026-03-04T03:07:19.313+01:00 INFO payment-service host=payment-service-a41e92-t6zvn corrId=c-765dbdfe0945a1b4 payment settled loan_id=LN989568311 amount_dkk=6051.30
2026-03-04T03:07:19.319+01:00 INFO notification-service host=notification-service-5b8f6c-x2k4p corrId=c-765dbdfe0945a1b4 payment receipt sent loan_id=LN989568311 channel=DIGITAL_POST
2026-03-04T03:08:24.792+01:00 INFO payment-scheduler host=payment-scheduler-5b8f6c-x2k4p corrId=c-7915600ab6f91c70 instalment collection started loan_id=LN011638752 due_date=2026-03-11
2026-03-04T03:08:24.911+01:00 INFO payment-service host=payment-service-a41e92-x2k4p corrId=c-7915600ab6f91c70 direct debit mandate verified loan_id=LN011638752 mandate_id=MD7574370
2026-03-04T03:08:24.953+01:00 INFO payment-service host=payment-service-7c9d5b-t6zvn corrId=c-7915600ab6f91c70 payment instruction sent loan_id=LN011638752 amount_dkk=3712.58
2026-03-04T03:08:25.035+01:00 INFO ledger-service host=ledger-service-7c9d5b-t6zvn corrId=c-7915600ab6f91c70 ledger posting accepted loan_id=LN011638752 amount_dkk=3712.58 posting_id=PST-69e9c5374e
2026-03-04T03:08:25.149+01:00 INFO payment-service host=payment-service-a41e92-x2k4p corrId=c-7915600ab6f91c70 payment settled loan_id=LN011638752 amount_dkk=3712.58
2026-03-04T03:08:25.274+01:00 INFO notification-service host=notification-service-7c9d5b-p9qmz corrId=c-7915600ab6f91c70 payment receipt sent loan_id=LN011638752 channel=EMAIL
2026-03-04T03:10:00.148+01:00 INFO payment-scheduler host=payment-scheduler-5b8f6c-p9qmz corrId=- scheduler heartbeat lag_ms=14
2026-03-04T03:10:00.539+01:00 INFO api-gateway host=api-gateway-a41e92-p9qmz corrId=- health probe ok status=200 latency_ms=6
2026-03-04T03:10:15.343+01:00 INFO payment-scheduler host=payment-scheduler-a41e92-t6zvn corrId=c-009e862dde3dd475 instalment collection started loan_id=LN380131853 due_date=2026-03-12
2026-03-04T03:10:15.441+01:00 INFO payment-service host=payment-service-a41e92-t6zvn corrId=c-009e862dde3dd475 direct debit mandate verified loan_id=LN380131853 mandate_id=MD2155389
2026-03-04T03:10:15.485+01:00 INFO payment-service host=payment-service-a41e92-p9qmz corrId=c-009e862dde3dd475 payment instruction sent loan_id=LN380131853 amount_dkk=17215.03
2026-03-04T03:10:15.496+01:00 INFO ledger-service host=ledger-service-7c9d5b-t6zvn corrId=c-009e862dde3dd475 ledger posting accepted loan_id=LN380131853 amount_dkk=17215.03 posting_id=PST-ab066c877a
2026-03-04T03:10:15.536+01:00 INFO payment-service host=payment-service-7c9d5b-x2k4p corrId=c-009e862dde3dd475 payment settled loan_id=LN380131853 amount_dkk=17215.03
2026-03-04T03:10:15.642+01:00 INFO notification-service host=notification-service-7c9d5b-p9qmz corrId=c-009e862dde3dd475 payment receipt sent loan_id=LN380131853 channel=DIGITAL_POST
2026-03-04T03:10:27.082+01:00 INFO payment-scheduler host=payment-scheduler-5b8f6c-p9qmz corrId=c-148f10c5d6c252ff instalment collection started loan_id=LN319911275 due_date=2026-03-26
2026-03-04T03:10:27.090+01:00 INFO payment-service host=payment-service-a41e92-t6zvn corrId=c-148f10c5d6c252ff direct debit mandate verified loan_id=LN319911275 mandate_id=MD8652603
2026-03-04T03:10:27.103+01:00 INFO payment-service host=payment-service-7c9d5b-t6zvn corrId=c-148f10c5d6c252ff payment instruction sent loan_id=LN319911275 amount_dkk=15911.07
2026-03-04T03:10:27.168+01:00 INFO ledger-service host=ledger-service-a41e92-x2k4p corrId=c-148f10c5d6c252ff ledger posting accepted loan_id=LN319911275 amount_dkk=15911.07 posting_id=PST-84489aea3a
2026-03-04T03:10:27.260+01:00 INFO payment-service host=payment-service-7c9d5b-t6zvn corrId=c-148f10c5d6c252ff payment settled loan_id=LN319911275 amount_dkk=15911.07
2026-03-04T03:10:27.269+01:00 INFO notification-service host=notification-service-a41e92-x2k4p corrId=c-148f10c5d6c252ff payment receipt sent loan_id=LN319911275 channel=DIGITAL_POST
2026-03-04T03:11:33.146+01:00 INFO payment-scheduler host=payment-scheduler-a41e92-x2k4p corrId=c-2ce6a31148085513 instalment collection started loan_id=LN004208779 due_date=2026-03-10
2026-03-04T03:11:33.263+01:00 INFO payment-service host=payment-service-5b8f6c-x2k4p corrId=c-2ce6a31148085513 direct debit mandate verified loan_id=LN004208779 mandate_id=MD3564882
2026-03-04T03:11:33.331+01:00 INFO payment-service host=payment-service-a41e92-x2k4p corrId=c-2ce6a31148085513 payment instruction sent loan_id=LN004208779 amount_dkk=11964.13
2026-03-04T03:11:33.461+01:00 INFO ledger-service host=ledger-service-7c9d5b-x2k4p corrId=c-2ce6a31148085513 ledger posting accepted loan_id=LN004208779 amount_dkk=11964.13 posting_id=PST-9e5d72a6e6
2026-03-04T03:11:33.468+01:00 INFO payment-service host=payment-service-7c9d5b-t6zvn corrId=c-2ce6a31148085513 payment settled loan_id=LN004208779 amount_dkk=11964.13
2026-03-04T03:11:33.513+01:00 INFO notification-service host=notification-service-a41e92-p9qmz corrId=c-2ce6a31148085513 payment receipt sent loan_id=LN004208779 channel=EMAIL
2026-03-04T03:11:38.582+01:00 INFO payment-scheduler host=payment-scheduler-7c9d5b-t6zvn corrId=c-83ff955b52c62f27 instalment collection started loan_id=LN197789333 due_date=2026-03-21
2026-03-04T03:11:38.613+01:00 INFO payment-service host=payment-service-5b8f6c-p9qmz corrId=c-83ff955b52c62f27 direct debit mandate verified loan_id=LN197789333 mandate_id=MD6059903
2026-03-04T03:11:38.633+01:00 INFO payment-service host=payment-service-5b8f6c-x2k4p corrId=c-83ff955b52c62f27 payment instruction sent loan_id=LN197789333 amount_dkk=4662.26
2026-03-04T03:11:38.642+01:00 INFO ledger-service host=ledger-service-7c9d5b-p9qmz corrId=c-83ff955b52c62f27 ledger posting accepted loan_id=LN197789333 amount_dkk=4662.26 posting_id=PST-3b6bcbe88a
2026-03-04T03:11:38.659+01:00 INFO payment-service host=payment-service-7c9d5b-t6zvn corrId=c-83ff955b52c62f27 payment settled loan_id=LN197789333 amount_dkk=4662.26
2026-03-04T03:11:38.758+01:00 INFO notification-service host=notification-service-7c9d5b-x2k4p corrId=c-83ff955b52c62f27 payment receipt sent loan_id=LN197789333 channel=DIGITAL_POST
2026-03-04T03:11:57.756+01:00 INFO payment-scheduler host=payment-scheduler-5b8f6c-x2k4p corrId=c-53a9ea52b537f66a instalment collection started loan_id=LN160890416 due_date=2026-03-24
2026-03-04T03:11:57.876+01:00 INFO payment-service host=payment-service-7c9d5b-x2k4p corrId=c-53a9ea52b537f66a direct debit mandate verified loan_id=LN160890416 mandate_id=MD8254437
2026-03-04T03:11:57.962+01:00 INFO payment-service host=payment-service-7c9d5b-p9qmz corrId=c-53a9ea52b537f66a payment instruction sent loan_id=LN160890416 amount_dkk=10232.71
2026-03-04T03:11:58.037+01:00 INFO ledger-service host=ledger-service-a41e92-x2k4p corrId=c-53a9ea52b537f66a ledger posting accepted loan_id=LN160890416 amount_dkk=10232.71 posting_id=PST-426fcaab76
2026-03-04T03:11:58.145+01:00 INFO payment-service host=payment-service-5b8f6c-x2k4p corrId=c-53a9ea52b537f66a payment settled loan_id=LN160890416 amount_dkk=10232.71
2026-03-04T03:11:58.161+01:00 INFO notification-service host=notification-service-5b8f6c-x2k4p corrId=c-53a9ea52b537f66a payment receipt sent loan_id=LN160890416 channel=DIGITAL_POST
2026-03-04T03:12:42.116+01:00 INFO payment-scheduler host=payment-scheduler-a41e92-t6zvn corrId=c-e0dc690f7aee2e6c instalment collection started loan_id=LN568347422 due_date=2026-03-16
2026-03-04T03:12:42.238+01:00 INFO payment-service host=payment-service-a41e92-x2k4p corrId=c-e0dc690f7aee2e6c direct debit mandate verified loan_id=LN568347422 mandate_id=MD1439891
2026-03-04T03:12:42.283+01:00 INFO payment-service host=payment-service-a41e92-t6zvn corrId=c-e0dc690f7aee2e6c payment instruction sent loan_id=LN568347422 amount_dkk=14483.75
2026-03-04T03:12:42.400+01:00 INFO ledger-service host=ledger-service-a41e92-p9qmz corrId=c-e0dc690f7aee2e6c ledger posting accepted loan_id=LN568347422 amount_dkk=14483.75 posting_id=PST-d6cf9b4fde
2026-03-04T03:12:42.481+01:00 INFO payment-service host=payment-service-5b8f6c-p9qmz corrId=c-e0dc690f7aee2e6c payment settled loan_id=LN568347422 amount_dkk=14483.75
2026-03-04T03:12:42.620+01:00 INFO notification-service host=notification-service-a41e92-t6zvn corrId=c-e0dc690f7aee2e6c payment receipt sent loan_id=LN568347422 channel=DIGITAL_POST
2026-03-04T03:12:51.598+01:00 INFO payment-scheduler host=payment-scheduler-a41e92-x2k4p corrId=c-b85ca8d617037c8e instalment collection started loan_id=LN543074174 due_date=2026-03-11
2026-03-04T03:12:51.700+01:00 INFO payment-service host=payment-service-5b8f6c-x2k4p corrId=c-b85ca8d617037c8e direct debit mandate verified loan_id=LN543074174 mandate_id=MD2706208
2026-03-04T03:12:51.770+01:00 INFO payment-service host=payment-service-7c9d5b-p9qmz corrId=c-b85ca8d617037c8e payment instruction sent loan_id=LN543074174 amount_dkk=12018.46
2026-03-04T03:12:51.864+01:00 INFO ledger-service host=ledger-service-a41e92-t6zvn corrId=c-b85ca8d617037c8e ledger posting accepted loan_id=LN543074174 amount_dkk=12018.46 posting_id=PST-1790c54c1e
2026-03-04T03:12:51.898+01:00 INFO payment-service host=payment-service-7c9d5b-t6zvn corrId=c-b85ca8d617037c8e payment settled loan_id=LN543074174 amount_dkk=12018.46
2026-03-04T03:12:51.977+01:00 INFO notification-service host=notification-service-7c9d5b-t6zvn corrId=c-b85ca8d617037c8e payment receipt sent loan_id=LN543074174 channel=DIGITAL_POST
2026-03-04T03:13:04.220+01:00 INFO payment-scheduler host=payment-scheduler-7c9d5b-t6zvn corrId=c-67ba076639b96aa5 instalment collection started loan_id=LN146604372 due_date=2026-03-14
2026-03-04T03:13:04.236+01:00 INFO payment-service host=payment-service-a41e92-t6zvn corrId=c-67ba076639b96aa5 direct debit mandate verified loan_id=LN146604372 mandate_id=MD5691319
2026-03-04T03:13:04.309+01:00 INFO payment-service host=payment-service-7c9d5b-x2k4p corrId=c-67ba076639b96aa5 payment instruction sent loan_id=LN146604372 amount_dkk=5778.19
2026-03-04T03:13:04.364+01:00 INFO ledger-service host=ledger-service-7c9d5b-p9qmz corrId=c-67ba076639b96aa5 ledger posting accepted loan_id=LN146604372 amount_dkk=5778.19 posting_id=PST-74bd6f408d
2026-03-04T03:13:04.412+01:00 INFO payment-service host=payment-service-7c9d5b-x2k4p corrId=c-67ba076639b96aa5 payment settled loan_id=LN146604372 amount_dkk=5778.19
2026-03-04T03:13:04.427+01:00 INFO notification-service host=notification-service-7c9d5b-p9qmz corrId=c-67ba076639b96aa5 payment receipt sent loan_id=LN146604372 channel=DIGITAL_POST
2026-03-04T03:13:37.836+01:00 INFO payment-scheduler host=payment-scheduler-7c9d5b-t6zvn corrId=c-0b57b6e440b609bd instalment collection started loan_id=LN586152269 due_date=2026-03-06
2026-03-04T03:13:37.947+01:00 INFO payment-service host=payment-service-5b8f6c-t6zvn corrId=c-0b57b6e440b609bd direct debit mandate verified loan_id=LN586152269 mandate_id=MD4658509
2026-03-04T03:13:37.967+01:00 INFO payment-service host=payment-service-7c9d5b-p9qmz corrId=c-0b57b6e440b609bd payment instruction sent loan_id=LN586152269 amount_dkk=3305.64
2026-03-04T03:13:38.107+01:00 INFO ledger-service host=ledger-service-a41e92-t6zvn corrId=c-0b57b6e440b609bd ledger posting accepted loan_id=LN586152269 amount_dkk=3305.64 posting_id=PST-1d6372a6ed
2026-03-04T03:13:38.194+01:00 INFO payment-service host=payment-service-7c9d5b-t6zvn corrId=c-0b57b6e440b609bd payment settled loan_id=LN586152269 amount_dkk=3305.64
2026-03-04T03:13:38.285+01:00 INFO notification-service host=notification-service-7c9d5b-p9qmz corrId=c-0b57b6e440b609bd payment receipt sent loan_id=LN586152269 channel=DIGITAL_POST
2026-03-04T03:13:43.829+01:00 INFO payment-scheduler host=payment-scheduler-7c9d5b-t6zvn corrId=c-bf1a2d2bca8a0a89 instalment collection started loan_id=LN516936039 due_date=2026-03-10
2026-03-04T03:13:43.951+01:00 INFO payment-service host=payment-service-5b8f6c-t6zvn corrId=c-bf1a2d2bca8a0a89 direct debit mandate verified loan_id=LN516936039 mandate_id=MD0776128
2026-03-04T03:13:43.969+01:00 INFO payment-service host=payment-service-7c9d5b-p9qmz corrId=c-bf1a2d2bca8a0a89 payment instruction sent loan_id=LN516936039 amount_dkk=7733.61
2026-03-04T03:13:43.998+01:00 INFO ledger-service host=ledger-service-5b8f6c-p9qmz corrId=c-bf1a2d2bca8a0a89 ledger posting accepted loan_id=LN516936039 amount_dkk=7733.61 posting_id=PST-0ca65adb17
2026-03-04T03:13:44.044+01:00 INFO payment-service host=payment-service-5b8f6c-x2k4p corrId=c-bf1a2d2bca8a0a89 payment settled loan_id=LN516936039 amount_dkk=7733.61
2026-03-04T03:13:44.145+01:00 INFO notification-service host=notification-service-a41e92-p9qmz corrId=c-bf1a2d2bca8a0a89 payment receipt sent loan_id=LN516936039 channel=DIGITAL_POST
2026-03-04T03:14:21.796+01:00 INFO payment-scheduler host=payment-scheduler-a41e92-x2k4p corrId=c-047276d98fe5646d instalment collection started loan_id=LN349330911 due_date=2026-03-10
2026-03-04T03:14:21.920+01:00 INFO payment-service host=payment-service-5b8f6c-t6zvn corrId=c-047276d98fe5646d direct debit mandate verified loan_id=LN349330911 mandate_id=MD8909367
2026-03-04T03:14:22.032+01:00 INFO payment-service host=payment-service-a41e92-p9qmz corrId=c-047276d98fe5646d payment instruction sent loan_id=LN349330911 amount_dkk=6166.88
2026-03-04T03:14:22.080+01:00 INFO ledger-service host=ledger-service-7c9d5b-x2k4p corrId=c-047276d98fe5646d ledger posting accepted loan_id=LN349330911 amount_dkk=6166.88 posting_id=PST-4111f6b25d
2026-03-04T03:14:22.146+01:00 INFO payment-service host=payment-service-a41e92-x2k4p corrId=c-047276d98fe5646d payment settled loan_id=LN349330911 amount_dkk=6166.88
2026-03-04T03:14:22.268+01:00 INFO notification-service host=notification-service-5b8f6c-p9qmz corrId=c-047276d98fe5646d payment receipt sent loan_id=LN349330911 channel=DIGITAL_POST
2026-03-04T03:14:22.357+01:00 INFO payment-scheduler host=payment-scheduler-7c9d5b-x2k4p corrId=c-87a143cf777fc829 instalment collection started loan_id=LN309345761 due_date=2026-03-05
2026-03-04T03:14:22.449+01:00 INFO payment-service host=payment-service-a41e92-x2k4p corrId=c-87a143cf777fc829 direct debit mandate verified loan_id=LN309345761 mandate_id=MD1610949
2026-03-04T03:14:22.472+01:00 INFO payment-service host=payment-service-5b8f6c-x2k4p corrId=c-87a143cf777fc829 payment instruction sent loan_id=LN309345761 amount_dkk=12029.43
2026-03-04T03:14:22.494+01:00 INFO ledger-service host=ledger-service-7c9d5b-p9qmz corrId=c-87a143cf777fc829 ledger posting accepted loan_id=LN309345761 amount_dkk=12029.43 posting_id=PST-c110e1c7df
2026-03-04T03:14:22.551+01:00 INFO payment-service host=payment-service-a41e92-p9qmz corrId=c-87a143cf777fc829 payment settled loan_id=LN309345761 amount_dkk=12029.43
2026-03-04T03:14:22.665+01:00 INFO notification-service host=notification-service-7c9d5b-p9qmz corrId=c-87a143cf777fc829 payment receipt sent loan_id=LN309345761 channel=DIGITAL_POST
2026-03-04T03:14:50.470+01:00 INFO payment-scheduler host=payment-scheduler-5b8f6c-t6zvn corrId=c-896ffe21694375a8 instalment collection started loan_id=LN537533065 due_date=2026-03-20
2026-03-04T03:14:50.569+01:00 INFO payment-service host=payment-service-7c9d5b-x2k4p corrId=c-896ffe21694375a8 direct debit mandate verified loan_id=LN537533065 mandate_id=MD7478038
2026-03-04T03:14:50.614+01:00 INFO payment-service host=payment-service-7c9d5b-p9qmz corrId=c-896ffe21694375a8 payment instruction sent loan_id=LN537533065 amount_dkk=13201.27
2026-03-04T03:14:50.635+01:00 INFO ledger-service host=ledger-service-7c9d5b-x2k4p corrId=c-896ffe21694375a8 ledger posting accepted loan_id=LN537533065 amount_dkk=13201.27 posting_id=PST-b4bc77cddc
2026-03-04T03:14:50.752+01:00 INFO payment-service host=payment-service-a41e92-x2k4p corrId=c-896ffe21694375a8 payment settled loan_id=LN537533065 amount_dkk=13201.27
2026-03-04T03:14:50.808+01:00 INFO notification-service host=notification-service-7c9d5b-x2k4p corrId=c-896ffe21694375a8 payment receipt sent loan_id=LN537533065 channel=DIGITAL_POST
2026-03-04T03:14:52.729+01:00 INFO payment-scheduler host=payment-scheduler-7c9d5b-x2k4p corrId=c-44612887141bf23a instalment collection started loan_id=LN762069352 due_date=2026-03-02
2026-03-04T03:14:52.821+01:00 INFO payment-service host=payment-service-5b8f6c-t6zvn corrId=c-44612887141bf23a direct debit mandate verified loan_id=LN762069352 mandate_id=MD3577809
2026-03-04T03:14:52.894+01:00 INFO payment-service host=payment-service-a41e92-p9qmz corrId=c-44612887141bf23a payment instruction sent loan_id=LN762069352 amount_dkk=9622.67
2026-03-04T03:14:52.936+01:00 INFO ledger-service host=ledger-service-5b8f6c-p9qmz corrId=c-44612887141bf23a ledger posting accepted loan_id=LN762069352 amount_dkk=9622.67 posting_id=PST-70d48de180
2026-03-04T03:14:52.981+01:00 INFO payment-service host=payment-service-5b8f6c-t6zvn corrId=c-44612887141bf23a payment settled loan_id=LN762069352 amount_dkk=9622.67
2026-03-04T03:14:53.069+01:00 INFO notification-service host=notification-service-7c9d5b-p9qmz corrId=c-44612887141bf23a payment receipt sent loan_id=LN762069352 channel=DIGITAL_POST
2026-03-04T03:15:00.629+01:00 INFO api-gateway host=api-gateway-a41e92-p9qmz corrId=- health probe ok status=200 latency_ms=34
2026-03-04T03:15:35.457+01:00 INFO payment-scheduler host=payment-scheduler-5b8f6c-x2k4p corrId=c-9a0964f7ad200cc6 instalment collection started loan_id=LN496380181 due_date=2026-03-17
2026-03-04T03:15:35.509+01:00 INFO payment-service host=payment-service-a41e92-t6zvn corrId=c-9a0964f7ad200cc6 direct debit mandate verified loan_id=LN496380181 mandate_id=MD8639899
2026-03-04T03:15:35.539+01:00 INFO payment-service host=payment-service-5b8f6c-x2k4p corrId=c-9a0964f7ad200cc6 payment instruction sent loan_id=LN496380181 amount_dkk=10914.95
2026-03-04T03:15:35.610+01:00 INFO ledger-service host=ledger-service-5b8f6c-p9qmz corrId=c-9a0964f7ad200cc6 ledger posting accepted loan_id=LN496380181 amount_dkk=10914.95 posting_id=PST-ee4b951666
2026-03-04T03:15:35.720+01:00 INFO payment-service host=payment-service-5b8f6c-x2k4p corrId=c-9a0964f7ad200cc6 payment settled loan_id=LN496380181 amount_dkk=10914.95
2026-03-04T03:15:35.776+01:00 INFO notification-service host=notification-service-a41e92-p9qmz corrId=c-9a0964f7ad200cc6 payment receipt sent loan_id=LN496380181 channel=DIGITAL_POST
2026-03-04T03:16:10.810+01:00 INFO payment-scheduler host=payment-scheduler-5b8f6c-p9qmz corrId=c-f95fe3fa20eb35d8 instalment collection started loan_id=LN031840358 due_date=2026-03-23
2026-03-04T03:16:10.894+01:00 INFO payment-service host=payment-service-a41e92-x2k4p corrId=c-f95fe3fa20eb35d8 direct debit mandate verified loan_id=LN031840358 mandate_id=MD8138348
2026-03-04T03:16:11.018+01:00 INFO payment-service host=payment-service-a41e92-x2k4p corrId=c-f95fe3fa20eb35d8 payment instruction sent loan_id=LN031840358 amount_dkk=9665.60
2026-03-04T03:16:11.052+01:00 INFO ledger-service host=ledger-service-7c9d5b-p9qmz corrId=c-f95fe3fa20eb35d8 ledger posting accepted loan_id=LN031840358 amount_dkk=9665.60 posting_id=PST-be25855746
2026-03-04T03:16:11.149+01:00 INFO payment-service host=payment-service-5b8f6c-t6zvn corrId=c-f95fe3fa20eb35d8 payment settled loan_id=LN031840358 amount_dkk=9665.60
2026-03-04T03:16:11.204+01:00 INFO notification-service host=notification-service-7c9d5b-x2k4p corrId=c-f95fe3fa20eb35d8 payment receipt sent loan_id=LN031840358 channel=DIGITAL_POST
2026-03-04T03:16:26.574+01:00 INFO payment-scheduler host=payment-scheduler-5b8f6c-p9qmz corrId=c-0c84d6a51c02c161 instalment collection started loan_id=LN754629651 due_date=2026-03-05
2026-03-04T03:16:26.705+01:00 INFO payment-service host=payment-service-a41e92-t6zvn corrId=c-0c84d6a51c02c161 direct debit mandate verified loan_id=LN754629651 mandate_id=MD2433697
2026-03-04T03:16:26.773+01:00 INFO payment-service host=payment-service-7c9d5b-x2k4p corrId=c-0c84d6a51c02c161 payment instruction sent loan_id=LN754629651 amount_dkk=6031.46
2026-03-04T03:16:26.800+01:00 INFO ledger-service host=ledger-service-5b8f6c-x2k4p corrId=c-0c84d6a51c02c161 ledger posting accepted loan_id=LN754629651 amount_dkk=6031.46 posting_id=PST-9ca8cfc4b6
2026-03-04T03:16:26.920+01:00 INFO payment-service host=payment-service-a41e92-x2k4p corrId=c-0c84d6a51c02c161 payment settled loan_id=LN754629651 amount_dkk=6031.46
2026-03-04T03:16:27.016+01:00 INFO notification-service host=notification-service-5b8f6c-p9qmz corrId=c-0c84d6a51c02c161 payment receipt sent loan_id=LN754629651 channel=DIGITAL_POST
2026-03-04T03:17:07.402+01:00 INFO payment-scheduler host=payment-scheduler-7c9d5b-p9qmz corrId=c-7365b4c30018e90a instalment collection started loan_id=LN225787014 due_date=2026-03-10
2026-03-04T03:17:07.408+01:00 INFO payment-service host=payment-service-5b8f6c-x2k4p corrId=c-7365b4c30018e90a direct debit mandate verified loan_id=LN225787014 mandate_id=MD8334769
2026-03-04T03:17:07.544+01:00 INFO payment-service host=payment-service-7c9d5b-t6zvn corrId=c-7365b4c30018e90a payment instruction sent loan_id=LN225787014 amount_dkk=4559.68
2026-03-04T03:17:07.638+01:00 INFO ledger-service host=ledger-service-a41e92-t6zvn corrId=c-7365b4c30018e90a ledger posting accepted loan_id=LN225787014 amount_dkk=4559.68 posting_id=PST-9de4ca03ad
2026-03-04T03:17:07.677+01:00 INFO payment-service host=payment-service-5b8f6c-p9qmz corrId=c-7365b4c30018e90a payment settled loan_id=LN225787014 amount_dkk=4559.68
2026-03-04T03:17:07.705+01:00 INFO notification-service host=notification-service-a41e92-t6zvn corrId=c-7365b4c30018e90a payment receipt sent loan_id=LN225787014 channel=EMAIL
2026-03-04T03:18:01.197+01:00 INFO payment-scheduler host=payment-scheduler-a41e92-x2k4p corrId=c-bf388055c63477e6 instalment collection started loan_id=LN130936226 due_date=2026-03-17
2026-03-04T03:18:01.219+01:00 INFO payment-service host=payment-service-5b8f6c-t6zvn corrId=c-bf388055c63477e6 direct debit mandate verified loan_id=LN130936226 mandate_id=MD8799284
2026-03-04T03:18:01.244+01:00 INFO payment-service host=payment-service-5b8f6c-x2k4p corrId=c-bf388055c63477e6 payment instruction sent loan_id=LN130936226 amount_dkk=16082.36
2026-03-04T03:18:01.330+01:00 INFO ledger-service host=ledger-service-5b8f6c-x2k4p corrId=c-bf388055c63477e6 ledger posting accepted loan_id=LN130936226 amount_dkk=16082.36 posting_id=PST-728f5d4c4c
2026-03-04T03:18:01.395+01:00 INFO payment-service host=payment-service-a41e92-p9qmz corrId=c-bf388055c63477e6 payment settled loan_id=LN130936226 amount_dkk=16082.36
2026-03-04T03:18:01.457+01:00 INFO notification-service host=notification-service-5b8f6c-p9qmz corrId=c-bf388055c63477e6 payment receipt sent loan_id=LN130936226 channel=DIGITAL_POST
2026-03-04T03:19:16.303+01:00 INFO payment-scheduler host=payment-scheduler-a41e92-t6zvn corrId=c-9e9bc583d4d64a88 instalment collection started loan_id=LN716326393 due_date=2026-03-13
2026-03-04T03:19:16.420+01:00 INFO payment-service host=payment-service-5b8f6c-p9qmz corrId=c-9e9bc583d4d64a88 direct debit mandate verified loan_id=LN716326393 mandate_id=MD0979686
2026-03-04T03:19:16.446+01:00 INFO payment-service host=payment-service-a41e92-p9qmz corrId=c-9e9bc583d4d64a88 payment instruction sent loan_id=LN716326393 amount_dkk=9654.56
2026-03-04T03:19:16.518+01:00 INFO ledger-service host=ledger-service-a41e92-t6zvn corrId=c-9e9bc583d4d64a88 ledger posting accepted loan_id=LN716326393 amount_dkk=9654.56 posting_id=PST-a2bfcb154e
2026-03-04T03:19:16.536+01:00 INFO payment-service host=payment-service-a41e92-p9qmz corrId=c-9e9bc583d4d64a88 payment settled loan_id=LN716326393 amount_dkk=9654.56
2026-03-04T03:19:16.619+01:00 INFO notification-service host=notification-service-5b8f6c-x2k4p corrId=c-9e9bc583d4d64a88 payment receipt sent loan_id=LN716326393 channel=DIGITAL_POST
2026-03-04T03:19:49.608+01:00 INFO payment-scheduler host=payment-scheduler-5b8f6c-p9qmz corrId=c-88ee7d2d7a78670f instalment collection started loan_id=LN796861208 due_date=2026-03-25
2026-03-04T03:19:49.674+01:00 INFO payment-service host=payment-service-7c9d5b-t6zvn corrId=c-88ee7d2d7a78670f direct debit mandate verified loan_id=LN796861208 mandate_id=MD5663480
2026-03-04T03:19:49.756+01:00 INFO payment-service host=payment-service-a41e92-x2k4p corrId=c-88ee7d2d7a78670f payment instruction sent loan_id=LN796861208 amount_dkk=8539.83
2026-03-04T03:19:49.888+01:00 INFO ledger-service host=ledger-service-a41e92-t6zvn corrId=c-88ee7d2d7a78670f ledger posting accepted loan_id=LN796861208 amount_dkk=8539.83 posting_id=PST-5344fb04a7
2026-03-04T03:19:49.993+01:00 INFO payment-service host=payment-service-5b8f6c-t6zvn corrId=c-88ee7d2d7a78670f payment settled loan_id=LN796861208 amount_dkk=8539.83
2026-03-04T03:19:50.042+01:00 INFO notification-service host=notification-service-5b8f6c-t6zvn corrId=c-88ee7d2d7a78670f payment receipt sent loan_id=LN796861208 channel=DIGITAL_POST
2026-03-04T03:20:00.613+01:00 INFO payment-scheduler host=payment-scheduler-a41e92-p9qmz corrId=- scheduler heartbeat lag_ms=61
2026-03-04T03:20:00.762+01:00 INFO api-gateway host=api-gateway-a41e92-p9qmz corrId=- health probe ok status=200 latency_ms=16
2026-03-04T03:20:26.401+01:00 INFO payment-scheduler host=payment-scheduler-5b8f6c-x2k4p corrId=c-cd9e566098efc6f4 instalment collection started loan_id=LN840299775 due_date=2026-03-07
2026-03-04T03:20:26.459+01:00 INFO payment-service host=payment-service-5b8f6c-t6zvn corrId=c-cd9e566098efc6f4 direct debit mandate verified loan_id=LN840299775 mandate_id=MD1213644
2026-03-04T03:20:26.576+01:00 INFO payment-service host=payment-service-7c9d5b-x2k4p corrId=c-cd9e566098efc6f4 payment instruction sent loan_id=LN840299775 amount_dkk=5174.07
2026-03-04T03:20:26.587+01:00 WARN ledger-service host=ledger-service-5b8f6c-p9qmz corrId=c-cd9e566098efc6f4 ledger posting retried loan_id=LN840299775 attempt=1
2026-03-04T03:20:26.685+01:00 INFO ledger-service host=ledger-service-a41e92-p9qmz corrId=c-cd9e566098efc6f4 ledger posting accepted loan_id=LN840299775 amount_dkk=5174.07 posting_id=PST-113afacb64
2026-03-04T03:20:26.816+01:00 INFO payment-service host=payment-service-5b8f6c-p9qmz corrId=c-cd9e566098efc6f4 payment settled loan_id=LN840299775 amount_dkk=5174.07
2026-03-04T03:20:26.890+01:00 INFO notification-service host=notification-service-7c9d5b-t6zvn corrId=c-cd9e566098efc6f4 payment receipt sent loan_id=LN840299775 channel=DIGITAL_POST
2026-03-04T03:21:10.806+01:00 INFO payment-scheduler host=payment-scheduler-7c9d5b-t6zvn corrId=c-9641b96c215c9c67 instalment collection started loan_id=LN862732181 due_date=2026-03-25
2026-03-04T03:21:10.902+01:00 INFO payment-service host=payment-service-a41e92-x2k4p corrId=c-9641b96c215c9c67 direct debit mandate verified loan_id=LN862732181 mandate_id=MD3860055
2026-03-04T03:21:10.955+01:00 INFO payment-service host=payment-service-a41e92-x2k4p corrId=c-9641b96c215c9c67 payment instruction sent loan_id=LN862732181 amount_dkk=6612.64
2026-03-04T03:21:11.012+01:00 INFO ledger-service host=ledger-service-a41e92-p9qmz corrId=c-9641b96c215c9c67 ledger posting accepted loan_id=LN862732181 amount_dkk=6612.64 posting_id=PST-e8b75dc350
2026-03-04T03:21:11.111+01:00 INFO payment-service host=payment-service-7c9d5b-t6zvn corrId=c-9641b96c215c9c67 payment settled loan_id=LN862732181 amount_dkk=6612.64
2026-03-04T03:21:11.179+01:00 INFO notification-service host=notification-service-a41e92-x2k4p corrId=c-9641b96c215c9c67 payment receipt sent loan_id=LN862732181 channel=EMAIL
2026-03-04T03:21:37.560+01:00 INFO payment-scheduler host=payment-scheduler-5b8f6c-x2k4p corrId=c-9b1b1a2ab3e33347 instalment collection started loan_id=LN537007971 due_date=2026-03-03
2026-03-04T03:21:37.658+01:00 INFO payment-service host=payment-service-5b8f6c-t6zvn corrId=c-9b1b1a2ab3e33347 direct debit mandate verified loan_id=LN537007971 mandate_id=MD9332185
2026-03-04T03:21:37.685+01:00 INFO payment-service host=payment-service-5b8f6c-x2k4p corrId=c-9b1b1a2ab3e33347 payment instruction sent loan_id=LN537007971 amount_dkk=15865.54
2026-03-04T03:21:37.796+01:00 INFO ledger-service host=ledger-service-5b8f6c-t6zvn corrId=c-9b1b1a2ab3e33347 ledger posting accepted loan_id=LN537007971 amount_dkk=15865.54 posting_id=PST-17bf608970
2026-03-04T03:21:37.847+01:00 INFO payment-service host=payment-service-7c9d5b-p9qmz corrId=c-9b1b1a2ab3e33347 payment settled loan_id=LN537007971 amount_dkk=15865.54
2026-03-04T03:21:37.911+01:00 INFO notification-service host=notification-service-5b8f6c-t6zvn corrId=c-9b1b1a2ab3e33347 payment receipt sent loan_id=LN537007971 channel=DIGITAL_POST
2026-03-04T03:22:53.738+01:00 INFO payment-scheduler host=payment-scheduler-a41e92-t6zvn corrId=c-eae6280482f10455 instalment collection started loan_id=LN527035858 due_date=2026-03-23
2026-03-04T03:22:53.817+01:00 INFO payment-service host=payment-service-5b8f6c-t6zvn corrId=c-eae6280482f10455 direct debit mandate verified loan_id=LN527035858 mandate_id=MD1011309
2026-03-04T03:22:53.956+01:00 INFO payment-service host=payment-service-7c9d5b-x2k4p corrId=c-eae6280482f10455 payment instruction sent loan_id=LN527035858 amount_dkk=4202.21
2026-03-04T03:22:54.025+01:00 INFO ledger-service host=ledger-service-7c9d5b-x2k4p corrId=c-eae6280482f10455 ledger posting accepted loan_id=LN527035858 amount_dkk=4202.21 posting_id=PST-09bc17ec24
2026-03-04T03:22:54.073+01:00 INFO payment-service host=payment-service-a41e92-p9qmz corrId=c-eae6280482f10455 payment settled loan_id=LN527035858 amount_dkk=4202.21
2026-03-04T03:22:54.194+01:00 INFO notification-service host=notification-service-5b8f6c-p9qmz corrId=c-eae6280482f10455 payment receipt sent loan_id=LN527035858 channel=DIGITAL_POST
2026-03-04T03:25:00.788+01:00 INFO api-gateway host=api-gateway-a41e92-t6zvn corrId=- health probe ok status=200 latency_ms=34
2026-03-04T03:27:11.325+01:00 INFO payment-scheduler host=payment-scheduler-7c9d5b-t6zvn corrId=c-98924942fd4154ae instalment collection started loan_id=LN625031655 due_date=2026-03-23
2026-03-04T03:27:11.372+01:00 INFO payment-service host=payment-service-5b8f6c-p9qmz corrId=c-98924942fd4154ae direct debit mandate verified loan_id=LN625031655 mandate_id=MD6007524
2026-03-04T03:27:11.464+01:00 INFO payment-service host=payment-service-7c9d5b-x2k4p corrId=c-98924942fd4154ae payment instruction sent loan_id=LN625031655 amount_dkk=8928.17
2026-03-04T03:27:11.470+01:00 INFO ledger-service host=ledger-service-7c9d5b-p9qmz corrId=c-98924942fd4154ae ledger posting accepted loan_id=LN625031655 amount_dkk=8928.17 posting_id=PST-63198091fd
2026-03-04T03:27:11.545+01:00 INFO payment-service host=payment-service-7c9d5b-x2k4p corrId=c-98924942fd4154ae payment settled loan_id=LN625031655 amount_dkk=8928.17
2026-03-04T03:27:11.632+01:00 INFO notification-service host=notification-service-5b8f6c-p9qmz corrId=c-98924942fd4154ae payment receipt sent loan_id=LN625031655 channel=EMAIL
2026-03-04T03:30:00.537+01:00 INFO payment-scheduler host=payment-scheduler-5b8f6c-x2k4p corrId=- scheduler heartbeat lag_ms=41
2026-03-04T03:30:00.582+01:00 INFO api-gateway host=api-gateway-7c9d5b-t6zvn corrId=- health probe ok status=200 latency_ms=14
2026-03-04T03:35:00.087+01:00 INFO api-gateway host=api-gateway-a41e92-x2k4p corrId=- health probe ok status=200 latency_ms=24
2026-03-04T03:40:00.498+01:00 INFO payment-scheduler host=payment-scheduler-a41e92-t6zvn corrId=- scheduler heartbeat lag_ms=59
2026-03-04T03:40:00.705+01:00 INFO api-gateway host=api-gateway-7c9d5b-x2k4p corrId=- health probe ok status=200 latency_ms=39
2026-03-04T03:45:00.581+01:00 INFO api-gateway host=api-gateway-5b8f6c-x2k4p corrId=- health probe ok status=200 latency_ms=33
2026-03-04T03:50:00.559+01:00 INFO api-gateway host=api-gateway-5b8f6c-x2k4p corrId=- health probe ok status=200 latency_ms=33
2026-03-04T03:50:00.788+01:00 INFO payment-scheduler host=payment-scheduler-a41e92-p9qmz corrId=- scheduler heartbeat lag_ms=119
2026-03-04T03:55:00.872+01:00 INFO api-gateway host=api-gateway-a41e92-p9qmz corrId=- health probe ok status=200 latency_ms=33
2026-03-04T04:00:00.168+01:00 INFO payment-scheduler host=payment-scheduler-7c9d5b-t6zvn corrId=- scheduler heartbeat lag_ms=57
2026-03-04T04:00:00.657+01:00 INFO api-gateway host=api-gateway-a41e92-p9qmz corrId=- health probe ok status=200 latency_ms=37
2026-03-04T04:00:01.000+01:00 INFO config-service host=config-service-7c9d5b-x2k4p corrId=- configuration refreshed version=v123
2026-03-04T04:05:00.178+01:00 INFO api-gateway host=api-gateway-7c9d5b-t6zvn corrId=- health probe ok status=200 latency_ms=4
2026-03-04T04:10:00.025+01:00 INFO api-gateway host=api-gateway-a41e92-t6zvn corrId=- health probe ok status=200 latency_ms=40
2026-03-04T04:10:00.707+01:00 INFO payment-scheduler host=payment-scheduler-a41e92-t6zvn corrId=- scheduler heartbeat lag_ms=47
2026-03-04T04:14:55.000+01:00 INFO valuation-service host=valuation-service-a41e92-t6zvn corrId=- jvm gc pause pause_ms=43
2026-03-04T04:15:00.804+01:00 INFO api-gateway host=api-gateway-5b8f6c-t6zvn corrId=- health probe ok status=200 latency_ms=15
2026-03-04T04:20:00.144+01:00 INFO payment-scheduler host=payment-scheduler-7c9d5b-x2k4p corrId=- scheduler heartbeat lag_ms=71
2026-03-04T04:20:00.460+01:00 INFO api-gateway host=api-gateway-7c9d5b-x2k4p corrId=- health probe ok status=200 latency_ms=22
2026-03-04T04:25:00.856+01:00 INFO api-gateway host=api-gateway-7c9d5b-t6zvn corrId=- health probe ok status=200 latency_ms=30
2026-03-04T04:30:00.239+01:00 INFO payment-scheduler host=payment-scheduler-a41e92-x2k4p corrId=- scheduler heartbeat lag_ms=117
2026-03-04T04:30:00.551+01:00 INFO api-gateway host=api-gateway-5b8f6c-x2k4p corrId=- health probe ok status=200 latency_ms=3
2026-03-04T04:35:00.346+01:00 INFO api-gateway host=api-gateway-a41e92-t6zvn corrId=- health probe ok status=200 latency_ms=26
2026-03-04T04:40:00.233+01:00 INFO api-gateway host=api-gateway-5b8f6c-t6zvn corrId=- health probe ok status=200 latency_ms=27
2026-03-04T04:40:00.634+01:00 INFO payment-scheduler host=payment-scheduler-a41e92-t6zvn corrId=- scheduler heartbeat lag_ms=114
2026-03-04T04:45:00.390+01:00 INFO api-gateway host=api-gateway-a41e92-x2k4p corrId=- health probe ok status=200 latency_ms=29
2026-03-04T04:50:00.865+01:00 INFO payment-scheduler host=payment-scheduler-a41e92-t6zvn corrId=- scheduler heartbeat lag_ms=35
2026-03-04T04:50:00.878+01:00 INFO api-gateway host=api-gateway-7c9d5b-p9qmz corrId=- health probe ok status=200 latency_ms=19
2026-03-04T04:55:00.799+01:00 INFO api-gateway host=api-gateway-5b8f6c-x2k4p corrId=- health probe ok status=200 latency_ms=5
2026-03-04T05:00:00.650+01:00 INFO payment-scheduler host=payment-scheduler-a41e92-t6zvn corrId=- scheduler heartbeat lag_ms=82
2026-03-04T05:00:00.679+01:00 INFO api-gateway host=api-gateway-7c9d5b-x2k4p corrId=- health probe ok status=200 latency_ms=24
2026-03-04T05:00:44.000+01:00 INFO config-service host=config-service-5b8f6c-t6zvn corrId=- configuration refreshed version=v140
2026-03-04T05:05:00.720+01:00 INFO api-gateway host=api-gateway-5b8f6c-t6zvn corrId=- health probe ok status=200 latency_ms=17
2026-03-04T05:10:00.032+01:00 INFO payment-scheduler host=payment-scheduler-5b8f6c-x2k4p corrId=- scheduler heartbeat lag_ms=85
2026-03-04T05:10:00.272+01:00 INFO api-gateway host=api-gateway-7c9d5b-t6zvn corrId=- health probe ok status=200 latency_ms=4
2026-03-04T05:15:00.842+01:00 INFO api-gateway host=api-gateway-a41e92-x2k4p corrId=- health probe ok status=200 latency_ms=15
2026-03-04T05:20:00.604+01:00 INFO payment-scheduler host=payment-scheduler-7c9d5b-p9qmz corrId=- scheduler heartbeat lag_ms=14
2026-03-04T05:20:00.646+01:00 INFO api-gateway host=api-gateway-7c9d5b-t6zvn corrId=- health probe ok status=200 latency_ms=14
2026-03-04T05:25:00.028+01:00 INFO api-gateway host=api-gateway-5b8f6c-x2k4p corrId=- health probe ok status=200 latency_ms=5
2026-03-04T05:30:00.267+01:00 INFO api-gateway host=api-gateway-5b8f6c-x2k4p corrId=- health probe ok status=200 latency_ms=4
2026-03-04T05:30:00.791+01:00 INFO payment-scheduler host=payment-scheduler-a41e92-t6zvn corrId=- scheduler heartbeat lag_ms=71
2026-03-04T05:35:00.293+01:00 INFO api-gateway host=api-gateway-5b8f6c-p9qmz corrId=- health probe ok status=200 latency_ms=2
2026-03-04T05:40:00.425+01:00 INFO payment-scheduler host=payment-scheduler-7c9d5b-p9qmz corrId=- scheduler heartbeat lag_ms=116
2026-03-04T05:40:00.716+01:00 INFO api-gateway host=api-gateway-a41e92-x2k4p corrId=- health probe ok status=200 latency_ms=16
2026-03-04T05:45:00.334+01:00 INFO api-gateway host=api-gateway-7c9d5b-p9qmz corrId=- health probe ok status=200 latency_ms=18
2026-03-04T05:50:00.339+01:00 INFO payment-scheduler host=payment-scheduler-a41e92-x2k4p corrId=- scheduler heartbeat lag_ms=72
2026-03-04T05:50:00.744+01:00 INFO api-gateway host=api-gateway-7c9d5b-t6zvn corrId=- health probe ok status=200 latency_ms=29
2026-03-04T05:55:00.246+01:00 INFO api-gateway host=api-gateway-5b8f6c-p9qmz corrId=- health probe ok status=200 latency_ms=24
2026-03-04T06:00:00.004+01:00 INFO payment-scheduler host=payment-scheduler-7c9d5b-t6zvn corrId=- scheduler heartbeat lag_ms=10
2026-03-04T06:00:00.322+01:00 INFO api-gateway host=api-gateway-a41e92-x2k4p corrId=- health probe ok status=200 latency_ms=8
2026-03-04T06:00:44.000+01:00 INFO config-service host=config-service-a41e92-p9qmz corrId=- configuration refreshed version=v104
2026-03-04T06:05:00.774+01:00 INFO api-gateway host=api-gateway-7c9d5b-t6zvn corrId=- health probe ok status=200 latency_ms=9
2026-03-04T06:10:00.033+01:00 INFO payment-scheduler host=payment-scheduler-5b8f6c-x2k4p corrId=- scheduler heartbeat lag_ms=103
2026-03-04T06:10:00.690+01:00 INFO api-gateway host=api-gateway-5b8f6c-x2k4p corrId=- health probe ok status=200 latency_ms=20
2026-03-04T06:15:00.055+01:00 INFO api-gateway host=api-gateway-5b8f6c-p9qmz corrId=- health probe ok status=200 latency_ms=20
2026-03-04T06:20:00.210+01:00 INFO payment-scheduler host=payment-scheduler-7c9d5b-t6zvn corrId=- scheduler heartbeat lag_ms=47
2026-03-04T06:20:00.886+01:00 INFO api-gateway host=api-gateway-7c9d5b-t6zvn corrId=- health probe ok status=200 latency_ms=2
2026-03-04T06:25:00.127+01:00 INFO api-gateway host=api-gateway-a41e92-t6zvn corrId=- health probe ok status=200 latency_ms=39
2026-03-04T06:30:00.017+01:00 INFO api-gateway host=api-gateway-5b8f6c-t6zvn corrId=- health probe ok status=200 latency_ms=5
2026-03-04T06:30:00.095+01:00 INFO payment-scheduler host=payment-scheduler-5b8f6c-x2k4p corrId=- scheduler heartbeat lag_ms=119
2026-03-04T06:31:37.000+01:00 INFO valuation-service host=valuation-service-5b8f6c-x2k4p corrId=- jvm gc pause pause_ms=47
2026-03-04T06:35:00.743+01:00 INFO api-gateway host=api-gateway-7c9d5b-t6zvn corrId=- health probe ok status=200 latency_ms=12
2026-03-04T06:40:00.446+01:00 INFO payment-scheduler host=payment-scheduler-7c9d5b-t6zvn corrId=- scheduler heartbeat lag_ms=40
2026-03-04T06:40:00.794+01:00 INFO api-gateway host=api-gateway-a41e92-x2k4p corrId=- health probe ok status=200 latency_ms=22
2026-03-04T06:45:00.590+01:00 INFO api-gateway host=api-gateway-7c9d5b-x2k4p corrId=- health probe ok status=200 latency_ms=31
2026-03-04T06:50:00.216+01:00 INFO payment-scheduler host=payment-scheduler-5b8f6c-x2k4p corrId=- scheduler heartbeat lag_ms=41
2026-03-04T06:50:00.235+01:00 INFO api-gateway host=api-gateway-5b8f6c-x2k4p corrId=- health probe ok status=200 latency_ms=3
2026-03-04T06:55:00.331+01:00 INFO api-gateway host=api-gateway-a41e92-x2k4p corrId=- health probe ok status=200 latency_ms=17
2026-03-04T07:00:00.249+01:00 INFO payment-scheduler host=payment-scheduler-7c9d5b-x2k4p corrId=- scheduler heartbeat lag_ms=83
2026-03-04T07:00:00.603+01:00 INFO api-gateway host=api-gateway-5b8f6c-p9qmz corrId=- health probe ok status=200 latency_ms=12
2026-03-04T07:00:21.000+01:00 INFO config-service host=config-service-7c9d5b-x2k4p corrId=- configuration refreshed version=v103
2026-03-04T07:05:00.253+01:00 INFO api-gateway host=api-gateway-5b8f6c-t6zvn corrId=- health probe ok status=200 latency_ms=11
2026-03-04T07:10:00.156+01:00 INFO payment-scheduler host=payment-scheduler-5b8f6c-p9qmz corrId=- scheduler heartbeat lag_ms=85
2026-03-04T07:10:00.304+01:00 INFO api-gateway host=api-gateway-a41e92-x2k4p corrId=- health probe ok status=200 latency_ms=34
2026-03-04T07:15:00.222+01:00 INFO api-gateway host=api-gateway-5b8f6c-p9qmz corrId=- health probe ok status=200 latency_ms=14
2026-03-04T07:20:00.103+01:00 INFO api-gateway host=api-gateway-5b8f6c-t6zvn corrId=- health probe ok status=200 latency_ms=20
2026-03-04T07:20:00.721+01:00 INFO payment-scheduler host=payment-scheduler-5b8f6c-t6zvn corrId=- scheduler heartbeat lag_ms=27
2026-03-04T07:25:00.424+01:00 INFO api-gateway host=api-gateway-7c9d5b-x2k4p corrId=- health probe ok status=200 latency_ms=35
2026-03-04T07:30:00.334+01:00 INFO payment-scheduler host=payment-scheduler-7c9d5b-x2k4p corrId=- scheduler heartbeat lag_ms=42
2026-03-04T07:30:00.434+01:00 INFO api-gateway host=api-gateway-a41e92-x2k4p corrId=- health probe ok status=200 latency_ms=34
2026-03-04T07:35:00.541+01:00 INFO api-gateway host=api-gateway-5b8f6c-x2k4p corrId=- health probe ok status=200 latency_ms=37
2026-03-04T07:40:00.656+01:00 INFO payment-scheduler host=payment-scheduler-a41e92-x2k4p corrId=- scheduler heartbeat lag_ms=93
2026-03-04T07:40:00.829+01:00 INFO api-gateway host=api-gateway-5b8f6c-x2k4p corrId=- health probe ok status=200 latency_ms=12
2026-03-04T07:45:00.823+01:00 INFO api-gateway host=api-gateway-5b8f6c-t6zvn corrId=- health probe ok status=200 latency_ms=35
2026-03-04T07:50:00.399+01:00 INFO api-gateway host=api-gateway-a41e92-p9qmz corrId=- health probe ok status=200 latency_ms=40
2026-03-04T07:50:00.445+01:00 INFO payment-scheduler host=payment-scheduler-5b8f6c-t6zvn corrId=- scheduler heartbeat lag_ms=74
2026-03-04T07:55:00.795+01:00 INFO api-gateway host=api-gateway-5b8f6c-x2k4p corrId=- health probe ok status=200 latency_ms=38
2026-03-04T08:00:00.358+01:00 INFO api-gateway host=api-gateway-5b8f6c-t6zvn corrId=- health probe ok status=200 latency_ms=24
2026-03-04T08:00:00.681+01:00 INFO payment-scheduler host=payment-scheduler-a41e92-p9qmz corrId=- scheduler heartbeat lag_ms=5
2026-03-04T08:00:25.000+01:00 INFO config-service host=config-service-a41e92-x2k4p corrId=- configuration refreshed version=v103
2026-03-04T08:05:00.210+01:00 INFO api-gateway host=api-gateway-5b8f6c-p9qmz corrId=- health probe ok status=200 latency_ms=30
2026-03-04T08:10:00.156+01:00 INFO payment-scheduler host=payment-scheduler-5b8f6c-x2k4p corrId=- scheduler heartbeat lag_ms=65
2026-03-04T08:10:00.188+01:00 INFO api-gateway host=api-gateway-5b8f6c-x2k4p corrId=- health probe ok status=200 latency_ms=34
2026-03-04T08:15:00.298+01:00 INFO api-gateway host=api-gateway-a41e92-t6zvn corrId=- health probe ok status=200 latency_ms=4
2026-03-04T08:20:00.195+01:00 INFO payment-scheduler host=payment-scheduler-a41e92-t6zvn corrId=- scheduler heartbeat lag_ms=39
2026-03-04T08:20:00.492+01:00 INFO api-gateway host=api-gateway-5b8f6c-p9qmz corrId=- health probe ok status=200 latency_ms=38
2026-03-04T08:21:54.887+01:00 INFO portal-bff host=portal-bff-5b8f6c-x2k4p corrId=c-0c07a3bc5881d3d0 loan application submitted application_id=APP-2026-461691 customer_segment=RETAIL
2026-03-04T08:21:55.012+01:00 INFO identity-service host=identity-service-7c9d5b-x2k4p corrId=c-0c07a3bc5881d3d0 MitID session validated customer_id=C67697882
2026-03-04T08:21:55.099+01:00 INFO customer-service host=customer-service-a41e92-x2k4p corrId=c-0c07a3bc5881d3d0 KYC profile loaded customer_id=C67697882 risk_class=MEDIUM
2026-03-04T08:21:55.225+01:00 INFO valuation-service host=valuation-service-a41e92-x2k4p corrId=c-0c07a3bc5881d3d0 property valuation requested property_id=P3328576 provider=valuta-ejd
2026-03-04T08:21:55.714+01:00 INFO valuation-service host=valuation-service-a41e92-t6zvn corrId=c-0c07a3bc5881d3d0 property valuation received property_id=P3328576 value_dkk=4590000 latency_ms=412
2026-03-04T08:21:55.787+01:00 INFO credit-service host=credit-service-5b8f6c-p9qmz corrId=c-0c07a3bc5881d3d0 credit assessment completed application_id=APP-2026-461691 score=840 decision=APPROVED
2026-03-04T08:21:55.806+01:00 INFO offer-service host=offer-service-a41e92-x2k4p corrId=c-0c07a3bc5881d3d0 loan offer generated application_id=APP-2026-461691 loan_type=FLEX_5Y principal_dkk=1210000
2026-03-04T08:21:55.894+01:00 INFO document-service host=document-service-a41e92-t6zvn corrId=c-0c07a3bc5881d3d0 offer document stored application_id=APP-2026-461691 doc_id=DOC-340a5dc3
2026-03-04T08:21:55.950+01:00 INFO portal-bff host=portal-bff-7c9d5b-p9qmz corrId=c-0c07a3bc5881d3d0 application completed application_id=APP-2026-461691 status=OFFER_ISSUED
2026-03-04T08:24:10.577+01:00 INFO portal-bff host=portal-bff-a41e92-p9qmz corrId=c-468b8ed71bf5236f conversion quote requested loan_id=LN061861115 target_product=FIXED_30Y
2026-03-04T08:24:10.667+01:00 INFO identity-service host=identity-service-a41e92-p9qmz corrId=c-468b8ed71bf5236f MitID session validated customer_id=C85761951
2026-03-04T08:24:10.694+01:00 INFO pricing-service host=pricing-service-5b8f6c-p9qmz corrId=c-468b8ed71bf5236f bond price fetched series=BND4.0-2056 price=94.814
2026-03-04T08:24:10.703+01:00 INFO pricing-service host=pricing-service-a41e92-t6zvn corrId=c-468b8ed71bf5236f conversion cost calculated loan_id=LN061861115 cost_dkk=82473.09
2026-03-04T08:24:10.736+01:00 INFO quote-service host=quote-service-a41e92-p9qmz corrId=c-468b8ed71bf5236f conversion quote issued quote_id=Q82405961 loan_id=LN061861115
2026-03-04T08:25:00.595+01:00 INFO api-gateway host=api-gateway-7c9d5b-t6zvn corrId=- health probe ok status=200 latency_ms=11
2026-03-04T08:30:00.038+01:00 INFO api-gateway host=api-gateway-7c9d5b-t6zvn corrId=- health probe ok status=200 latency_ms=15
2026-03-04T08:30:00.811+01:00 INFO payment-scheduler host=payment-scheduler-5b8f6c-p9qmz corrId=- scheduler heartbeat lag_ms=69
2026-03-04T08:30:21.148+01:00 INFO portal-bff host=portal-bff-5b8f6c-p9qmz corrId=c-49ec38f7f0d3f9d7 conversion quote requested loan_id=LN475134916 target_product=FIXED_30Y
2026-03-04T08:30:21.232+01:00 INFO identity-service host=identity-service-7c9d5b-p9qmz corrId=c-49ec38f7f0d3f9d7 MitID session validated customer_id=C41745354
2026-03-04T08:30:21.318+01:00 INFO pricing-service host=pricing-service-a41e92-x2k4p corrId=c-49ec38f7f0d3f9d7 bond price fetched series=BND3.0-2056 price=89.038
2026-03-04T08:30:21.380+01:00 INFO pricing-service host=pricing-service-7c9d5b-x2k4p corrId=c-49ec38f7f0d3f9d7 conversion cost calculated loan_id=LN475134916 cost_dkk=40704.22
2026-03-04T08:30:21.401+01:00 INFO quote-service host=quote-service-a41e92-x2k4p corrId=c-49ec38f7f0d3f9d7 conversion quote issued quote_id=Q69987187 loan_id=LN475134916
2026-03-04T08:34:22.214+01:00 INFO portal-bff host=portal-bff-7c9d5b-t6zvn corrId=c-97fc35cfb08cb0e2 conversion quote requested loan_id=LN010383981 target_product=FIXED_30Y
2026-03-04T08:34:22.348+01:00 INFO identity-service host=identity-service-7c9d5b-p9qmz corrId=c-97fc35cfb08cb0e2 MitID session validated customer_id=C43164148
2026-03-04T08:34:22.390+01:00 INFO pricing-service host=pricing-service-7c9d5b-x2k4p corrId=c-97fc35cfb08cb0e2 bond price fetched series=BND4.0-2056 price=88.151
2026-03-04T08:34:22.523+01:00 INFO pricing-service host=pricing-service-5b8f6c-t6zvn corrId=c-97fc35cfb08cb0e2 conversion cost calculated loan_id=LN010383981 cost_dkk=84841.14
2026-03-04T08:34:22.534+01:00 INFO quote-service host=quote-service-5b8f6c-t6zvn corrId=c-97fc35cfb08cb0e2 conversion quote issued quote_id=Q14222840 loan_id=LN010383981
2026-03-04T08:35:00.121+01:00 INFO api-gateway host=api-gateway-5b8f6c-x2k4p corrId=- health probe ok status=200 latency_ms=21
2026-03-04T08:37:36.281+01:00 INFO portal-bff host=portal-bff-5b8f6c-x2k4p corrId=c-8f207fd006e7ef4c conversion quote requested loan_id=LN203144849 target_product=FIXED_30Y
2026-03-04T08:37:36.294+01:00 INFO identity-service host=identity-service-7c9d5b-x2k4p corrId=c-8f207fd006e7ef4c MitID session validated customer_id=C66352742
2026-03-04T08:37:36.409+01:00 INFO pricing-service host=pricing-service-7c9d5b-t6zvn corrId=c-8f207fd006e7ef4c bond price fetched series=BND3.0-2056 price=92.404
2026-03-04T08:37:36.498+01:00 INFO pricing-service host=pricing-service-a41e92-x2k4p corrId=c-8f207fd006e7ef4c conversion cost calculated loan_id=LN203144849 cost_dkk=18086.90
2026-03-04T08:37:36.619+01:00 INFO quote-service host=quote-service-5b8f6c-t6zvn corrId=c-8f207fd006e7ef4c conversion quote issued quote_id=Q79400509 loan_id=LN203144849
2026-03-04T08:40:00.380+01:00 INFO payment-scheduler host=payment-scheduler-a41e92-x2k4p corrId=- scheduler heartbeat lag_ms=60
2026-03-04T08:40:00.442+01:00 INFO api-gateway host=api-gateway-a41e92-p9qmz corrId=- health probe ok status=200 latency_ms=33
2026-03-04T08:45:00.563+01:00 INFO api-gateway host=api-gateway-7c9d5b-p9qmz corrId=- health probe ok status=200 latency_ms=21
2026-03-04T08:50:00.031+01:00 INFO payment-scheduler host=payment-scheduler-a41e92-x2k4p corrId=- scheduler heartbeat lag_ms=12
2026-03-04T08:50:00.391+01:00 INFO api-gateway host=api-gateway-a41e92-t6zvn corrId=- health probe ok status=200 latency_ms=29
2026-03-04T08:50:55.178+01:00 INFO portal-bff host=portal-bff-5b8f6c-t6zvn corrId=c-fa78b5f4b48a5ca7 conversion quote requested loan_id=LN790276589 target_product=FLEX_5Y
2026-03-04T08:50:55.274+01:00 INFO identity-service host=identity-service-a41e92-x2k4p corrId=c-fa78b5f4b48a5ca7 MitID session validated customer_id=C58520925
2026-03-04T08:50:55.346+01:00 INFO pricing-service host=pricing-service-7c9d5b-x2k4p corrId=c-fa78b5f4b48a5ca7 bond price fetched series=BND3.0-2056 price=89.805
2026-03-04T08:50:55.452+01:00 INFO pricing-service host=pricing-service-5b8f6c-p9qmz corrId=c-fa78b5f4b48a5ca7 conversion cost calculated loan_id=LN790276589 cost_dkk=52569.87
2026-03-04T08:50:55.513+01:00 INFO quote-service host=quote-service-5b8f6c-p9qmz corrId=c-fa78b5f4b48a5ca7 conversion quote issued quote_id=Q85098018 loan_id=LN790276589
2026-03-04T08:54:53.000+01:00 INFO valuation-service host=valuation-service-5b8f6c-p9qmz corrId=- jvm gc pause pause_ms=66
2026-03-04T08:55:00.031+01:00 INFO api-gateway host=api-gateway-a41e92-t6zvn corrId=- health probe ok status=200 latency_ms=20
2026-03-04T08:55:45.175+01:00 INFO portal-bff host=portal-bff-a41e92-t6zvn corrId=c-f040740bac78174a conversion quote requested loan_id=LN107651207 target_product=FLEX_5Y
2026-03-04T08:55:45.184+01:00 INFO identity-service host=identity-service-7c9d5b-t6zvn corrId=c-f040740bac78174a MitID session validated customer_id=C56754764
2026-03-04T08:55:45.240+01:00 INFO pricing-service host=pricing-service-7c9d5b-p9qmz corrId=c-f040740bac78174a bond price fetched series=BND4.0-2056 price=96.593
2026-03-04T08:55:45.301+01:00 INFO pricing-service host=pricing-service-5b8f6c-p9qmz corrId=c-f040740bac78174a conversion cost calculated loan_id=LN107651207 cost_dkk=57721.63
2026-03-04T08:55:45.324+01:00 INFO quote-service host=quote-service-a41e92-t6zvn corrId=c-f040740bac78174a conversion quote issued quote_id=Q15138894 loan_id=LN107651207
2026-03-04T08:55:45.830+01:00 INFO portal-bff host=portal-bff-7c9d5b-x2k4p corrId=c-fb56443dcf46fdda conversion quote requested loan_id=LN565845656 target_product=FLEX_1Y
2026-03-04T08:55:45.893+01:00 INFO identity-service host=identity-service-a41e92-t6zvn corrId=c-fb56443dcf46fdda MitID session validated customer_id=C68055036
2026-03-04T08:55:45.972+01:00 INFO pricing-service host=pricing-service-a41e92-x2k4p corrId=c-fb56443dcf46fdda bond price fetched series=BND3.0-2053 price=88.548
2026-03-04T08:55:46.100+01:00 INFO pricing-service host=pricing-service-a41e92-p9qmz corrId=c-fb56443dcf46fdda conversion cost calculated loan_id=LN565845656 cost_dkk=33558.17
2026-03-04T08:55:46.184+01:00 INFO quote-service host=quote-service-a41e92-t6zvn corrId=c-fb56443dcf46fdda conversion quote issued quote_id=Q67866315 loan_id=LN565845656
2026-03-04T09:00:00.285+01:00 INFO api-gateway host=api-gateway-a41e92-t6zvn corrId=- health probe ok status=200 latency_ms=15
2026-03-04T09:00:00.840+01:00 INFO payment-scheduler host=payment-scheduler-7c9d5b-x2k4p corrId=- scheduler heartbeat lag_ms=93
2026-03-04T09:00:36.000+01:00 INFO config-service host=config-service-7c9d5b-p9qmz corrId=- configuration refreshed version=v121
2026-03-04T09:01:00.500+01:00 INFO portal-bff host=portal-bff-a41e92-x2k4p corrId=c-4246b8e7ae4ee6e1 loan application submitted application_id=APP-2026-250903 customer_segment=PRIVATE
2026-03-04T09:01:00.515+01:00 INFO identity-service host=identity-service-7c9d5b-p9qmz corrId=c-4246b8e7ae4ee6e1 MitID session validated customer_id=C69598558
2026-03-04T09:01:00.585+01:00 INFO customer-service host=customer-service-5b8f6c-p9qmz corrId=c-4246b8e7ae4ee6e1 KYC profile loaded customer_id=C69598558 risk_class=HIGH
2026-03-04T09:01:00.632+01:00 INFO valuation-service host=valuation-service-a41e92-t6zvn corrId=c-4246b8e7ae4ee6e1 property valuation requested property_id=P6351945 provider=bolig-vurdering
2026-03-04T09:01:01.480+01:00 INFO valuation-service host=valuation-service-7c9d5b-t6zvn corrId=c-4246b8e7ae4ee6e1 property valuation received property_id=P6351945 value_dkk=1060000 latency_ms=714
2026-03-04T09:01:01.501+01:00 INFO credit-service host=credit-service-7c9d5b-x2k4p corrId=c-4246b8e7ae4ee6e1 credit assessment completed application_id=APP-2026-250903 score=645 decision=APPROVED
2026-03-04T09:01:01.516+01:00 INFO offer-service host=offer-service-7c9d5b-t6zvn corrId=c-4246b8e7ae4ee6e1 loan offer generated application_id=APP-2026-250903 loan_type=FIXED_20Y_IO principal_dkk=3705000
2026-03-04T09:01:01.621+01:00 INFO document-service host=document-service-7c9d5b-x2k4p corrId=c-4246b8e7ae4ee6e1 offer document stored application_id=APP-2026-250903 doc_id=DOC-198a2ca8
2026-03-04T09:01:01.664+01:00 INFO portal-bff host=portal-bff-7c9d5b-x2k4p corrId=c-4246b8e7ae4ee6e1 application completed application_id=APP-2026-250903 status=OFFER_ISSUED
2026-03-04T09:05:00.495+01:00 INFO api-gateway host=api-gateway-5b8f6c-t6zvn corrId=- health probe ok status=200 latency_ms=28
2026-03-04T09:07:43.819+01:00 INFO portal-bff host=portal-bff-5b8f6c-p9qmz corrId=c-da80d624c81d88eb conversion quote requested loan_id=LN198894533 target_product=FLEX_1Y
2026-03-04T09:07:43.879+01:00 INFO identity-service host=identity-service-7c9d5b-x2k4p corrId=c-da80d624c81d88eb MitID session validated customer_id=C29295669
2026-03-04T09:07:43.952+01:00 INFO pricing-service host=pricing-service-5b8f6c-p9qmz corrId=c-da80d624c81d88eb bond price fetched series=BND3.0-2053 price=88.088
2026-03-04T09:07:43.986+01:00 INFO pricing-service host=pricing-service-5b8f6c-x2k4p corrId=c-da80d624c81d88eb conversion cost calculated loan_id=LN198894533 cost_dkk=13295.52
2026-03-04T09:07:44.124+01:00 INFO quote-service host=quote-service-a41e92-t6zvn corrId=c-da80d624c81d88eb conversion quote issued quote_id=Q60730912 loan_id=LN198894533
2026-03-04T09:10:00.231+01:00 INFO payment-scheduler host=payment-scheduler-5b8f6c-x2k4p corrId=- scheduler heartbeat lag_ms=52
2026-03-04T09:10:00.512+01:00 INFO api-gateway host=api-gateway-5b8f6c-p9qmz corrId=- health probe ok status=200 latency_ms=6
2026-03-04T09:10:09.874+01:00 INFO portal-bff host=portal-bff-a41e92-x2k4p corrId=c-8b9f1aedbb8711c9 loan application submitted application_id=APP-2026-793357 customer_segment=RETAIL
2026-03-04T09:10:09.904+01:00 INFO identity-service host=identity-service-7c9d5b-t6zvn corrId=c-8b9f1aedbb8711c9 MitID session validated customer_id=C33973574
2026-03-04T09:10:09.993+01:00 INFO customer-service host=customer-service-7c9d5b-t6zvn corrId=c-8b9f1aedbb8711c9 KYC profile loaded customer_id=C33973574 risk_class=LOW
2026-03-04T09:10:10.124+01:00 INFO valuation-service host=valuation-service-5b8f6c-t6zvn corrId=c-8b9f1aedbb8711c9 property valuation requested property_id=P5986744 provider=valuta-ejd
2026-03-04T09:10:10.443+01:00 INFO valuation-service host=valuation-service-a41e92-t6zvn corrId=c-8b9f1aedbb8711c9 property valuation received property_id=P5986744 value_dkk=4980000 latency_ms=284
2026-03-04T09:10:10.531+01:00 INFO credit-service host=credit-service-5b8f6c-p9qmz corrId=c-8b9f1aedbb8711c9 credit assessment completed application_id=APP-2026-793357 score=729 decision=APPROVED
2026-03-04T09:10:10.627+01:00 INFO offer-service host=offer-service-7c9d5b-t6zvn corrId=c-8b9f1aedbb8711c9 loan offer generated application_id=APP-2026-793357 loan_type=FIXED_20Y_IO principal_dkk=4420000
2026-03-04T09:10:10.736+01:00 INFO document-service host=document-service-7c9d5b-x2k4p corrId=c-8b9f1aedbb8711c9 offer document stored application_id=APP-2026-793357 doc_id=DOC-7e2e09cf
2026-03-04T09:10:10.760+01:00 INFO portal-bff host=portal-bff-7c9d5b-t6zvn corrId=c-8b9f1aedbb8711c9 application completed application_id=APP-2026-793357 status=OFFER_ISSUED
2026-03-04T09:12:14.352+01:00 INFO portal-bff host=portal-bff-a41e92-p9qmz corrId=c-972431b5366cbfe1 conversion quote requested loan_id=LN916180801 target_product=FLEX_1Y
2026-03-04T09:12:14.457+01:00 INFO identity-service host=identity-service-a41e92-p9qmz corrId=c-972431b5366cbfe1 MitID session validated customer_id=C98572424
2026-03-04T09:12:14.578+01:00 INFO pricing-service host=pricing-service-a41e92-p9qmz corrId=c-972431b5366cbfe1 bond price fetched series=BND3.0-2056 price=98.187
2026-03-04T09:12:14.678+01:00 INFO pricing-service host=pricing-service-7c9d5b-x2k4p corrId=c-972431b5366cbfe1 conversion cost calculated loan_id=LN916180801 cost_dkk=36287.75
2026-03-04T09:12:14.708+01:00 INFO quote-service host=quote-service-a41e92-p9qmz corrId=c-972431b5366cbfe1 conversion quote issued quote_id=Q90937219 loan_id=LN916180801
2026-03-04T09:15:00.714+01:00 INFO api-gateway host=api-gateway-a41e92-p9qmz corrId=- health probe ok status=200 latency_ms=26
2026-03-04T09:19:46.005+01:00 INFO portal-bff host=portal-bff-7c9d5b-p9qmz corrId=c-01ba1b41b303e757 conversion quote requested loan_id=LN429981893 target_product=FIXED_30Y
2026-03-04T09:19:46.044+01:00 INFO identity-service host=identity-service-5b8f6c-t6zvn corrId=c-01ba1b41b303e757 MitID session validated customer_id=C90314017
2026-03-04T09:19:46.105+01:00 INFO pricing-service host=pricing-service-5b8f6c-x2k4p corrId=c-01ba1b41b303e757 bond price fetched series=BND4.0-2056 price=95.294
2026-03-04T09:19:46.111+01:00 INFO pricing-service host=pricing-service-5b8f6c-x2k4p corrId=c-01ba1b41b303e757 conversion cost calculated loan_id=LN429981893 cost_dkk=70898.36
2026-03-04T09:19:46.179+01:00 INFO quote-service host=quote-service-7c9d5b-x2k4p corrId=c-01ba1b41b303e757 conversion quote issued quote_id=Q26505829 loan_id=LN429981893
2026-03-04T09:20:00.282+01:00 INFO payment-scheduler host=payment-scheduler-a41e92-x2k4p corrId=- scheduler heartbeat lag_ms=114
2026-03-04T09:20:00.672+01:00 INFO api-gateway host=api-gateway-5b8f6c-p9qmz corrId=- health probe ok status=200 latency_ms=38
2026-03-04T09:20:52.000+01:00 INFO valuation-service host=valuation-service-5b8f6c-x2k4p corrId=- jvm gc pause pause_ms=84
2026-03-04T09:23:28.439+01:00 INFO portal-bff host=portal-bff-5b8f6c-x2k4p corrId=c-2d633554853348b0 loan application submitted application_id=APP-2026-191561 customer_segment=RETAIL
2026-03-04T09:23:28.523+01:00 INFO identity-service host=identity-service-a41e92-p9qmz corrId=c-2d633554853348b0 MitID session validated customer_id=C77552977
2026-03-04T09:23:28.575+01:00 INFO customer-service host=customer-service-5b8f6c-p9qmz corrId=c-2d633554853348b0 KYC profile loaded customer_id=C77552977 risk_class=MEDIUM
2026-03-04T09:23:28.691+01:00 INFO valuation-service host=valuation-service-7c9d5b-p9qmz corrId=c-2d633554853348b0 property valuation requested property_id=P8069966 provider=bolig-vurdering
2026-03-04T09:23:29.393+01:00 INFO valuation-service host=valuation-service-a41e92-p9qmz corrId=c-2d633554853348b0 property valuation received property_id=P8069966 value_dkk=5070000 latency_ms=665
2026-03-04T09:23:29.513+01:00 INFO credit-service host=credit-service-5b8f6c-x2k4p corrId=c-2d633554853348b0 credit assessment completed application_id=APP-2026-191561 score=717 decision=APPROVED
2026-03-04T09:23:29.591+01:00 INFO offer-service host=offer-service-7c9d5b-x2k4p corrId=c-2d633554853348b0 loan offer generated application_id=APP-2026-191561 loan_type=FIXED_20Y_IO principal_dkk=1595000
2026-03-04T09:23:29.718+01:00 INFO document-service host=document-service-a41e92-x2k4p corrId=c-2d633554853348b0 offer document stored application_id=APP-2026-191561 doc_id=DOC-67e2d014
2026-03-04T09:23:29.732+01:00 INFO portal-bff host=portal-bff-7c9d5b-x2k4p corrId=c-2d633554853348b0 application completed application_id=APP-2026-191561 status=OFFER_ISSUED
2026-03-04T09:25:00.627+01:00 INFO api-gateway host=api-gateway-7c9d5b-t6zvn corrId=- health probe ok status=200 latency_ms=33
2026-03-04T09:26:33.455+01:00 INFO portal-bff host=portal-bff-7c9d5b-x2k4p corrId=c-e34844140ddc6f82 loan application submitted application_id=APP-2026-676739 customer_segment=RETAIL
2026-03-04T09:26:33.535+01:00 INFO identity-service host=identity-service-a41e92-p9qmz corrId=c-e34844140ddc6f82 MitID session validated customer_id=C26223150
2026-03-04T09:26:33.645+01:00 INFO customer-service host=customer-service-5b8f6c-x2k4p corrId=c-e34844140ddc6f82 KYC profile loaded customer_id=C26223150 risk_class=LOW
2026-03-04T09:26:33.695+01:00 INFO valuation-service host=valuation-service-5b8f6c-x2k4p corrId=c-e34844140ddc6f82 property valuation requested property_id=P0247676 provider=bolig-vurdering
2026-03-04T09:26:34.687+01:00 INFO valuation-service host=valuation-service-5b8f6c-p9qmz corrId=c-e34844140ddc6f82 property valuation received property_id=P0247676 value_dkk=1070000 latency_ms=880
2026-03-04T09:26:34.782+01:00 INFO credit-service host=credit-service-a41e92-x2k4p corrId=c-e34844140ddc6f82 credit assessment completed application_id=APP-2026-676739 score=709 decision=APPROVED
2026-03-04T09:26:34.897+01:00 INFO offer-service host=offer-service-5b8f6c-t6zvn corrId=c-e34844140ddc6f82 loan offer generated application_id=APP-2026-676739 loan_type=FIXED_20Y_IO principal_dkk=5720000
2026-03-04T09:26:34.955+01:00 INFO document-service host=document-service-7c9d5b-t6zvn corrId=c-e34844140ddc6f82 offer document stored application_id=APP-2026-676739 doc_id=DOC-b370a51c
2026-03-04T09:26:35.041+01:00 INFO portal-bff host=portal-bff-7c9d5b-p9qmz corrId=c-e34844140ddc6f82 application completed application_id=APP-2026-676739 status=OFFER_ISSUED
2026-03-04T09:30:00.467+01:00 INFO payment-scheduler host=payment-scheduler-7c9d5b-p9qmz corrId=- scheduler heartbeat lag_ms=48
2026-03-04T09:30:00.766+01:00 INFO api-gateway host=api-gateway-5b8f6c-p9qmz corrId=- health probe ok status=200 latency_ms=10
2026-03-04T09:35:00.257+01:00 INFO api-gateway host=api-gateway-a41e92-p9qmz corrId=- health probe ok status=200 latency_ms=37
2026-03-04T09:35:57.046+01:00 INFO portal-bff host=portal-bff-5b8f6c-p9qmz corrId=c-049075b99d41fce2 loan application submitted application_id=APP-2026-404517 customer_segment=RETAIL
2026-03-04T09:35:57.144+01:00 INFO identity-service host=identity-service-a41e92-x2k4p corrId=c-049075b99d41fce2 MitID session validated customer_id=C18647932
2026-03-04T09:35:57.241+01:00 INFO customer-service host=customer-service-7c9d5b-x2k4p corrId=c-049075b99d41fce2 KYC profile loaded customer_id=C18647932 risk_class=LOW
2026-03-04T09:35:57.332+01:00 INFO valuation-service host=valuation-service-a41e92-p9qmz corrId=c-049075b99d41fce2 property valuation requested property_id=P2126939 provider=bolig-vurdering
2026-03-04T09:35:58.068+01:00 INFO valuation-service host=valuation-service-5b8f6c-x2k4p corrId=c-049075b99d41fce2 property valuation received property_id=P2126939 value_dkk=4170000 latency_ms=706
2026-03-04T09:35:58.172+01:00 INFO credit-service host=credit-service-a41e92-t6zvn corrId=c-049075b99d41fce2 credit assessment completed application_id=APP-2026-404517 score=640 decision=APPROVED
2026-03-04T09:35:58.206+01:00 INFO offer-service host=offer-service-7c9d5b-t6zvn corrId=c-049075b99d41fce2 loan offer generated application_id=APP-2026-404517 loan_type=FLEX_1Y principal_dkk=405000
2026-03-04T09:35:58.304+01:00 INFO document-service host=document-service-a41e92-t6zvn corrId=c-049075b99d41fce2 offer document stored application_id=APP-2026-404517 doc_id=DOC-eec8563f
2026-03-04T09:35:58.440+01:00 INFO portal-bff host=portal-bff-5b8f6c-x2k4p corrId=c-049075b99d41fce2 application completed application_id=APP-2026-404517 status=OFFER_ISSUED
2026-03-04T09:40:00.006+01:00 INFO payment-scheduler host=payment-scheduler-7c9d5b-p9qmz corrId=- scheduler heartbeat lag_ms=93
2026-03-04T09:40:00.262+01:00 INFO api-gateway host=api-gateway-5b8f6c-t6zvn corrId=- health probe ok status=200 latency_ms=3
2026-03-04T09:45:00.622+01:00 INFO api-gateway host=api-gateway-5b8f6c-p9qmz corrId=- health probe ok status=200 latency_ms=4
2026-03-04T09:47:31.305+01:00 INFO portal-bff host=portal-bff-5b8f6c-x2k4p corrId=c-e832eea0ca69f68d loan application submitted application_id=APP-2026-607724 customer_segment=RETAIL
2026-03-04T09:47:31.358+01:00 INFO identity-service host=identity-service-a41e92-p9qmz corrId=c-e832eea0ca69f68d MitID session validated customer_id=C34759606
2026-03-04T09:47:31.380+01:00 INFO customer-service host=customer-service-7c9d5b-t6zvn corrId=c-e832eea0ca69f68d KYC profile loaded customer_id=C34759606 risk_class=LOW
2026-03-04T09:47:31.452+01:00 INFO valuation-service host=valuation-service-5b8f6c-x2k4p corrId=c-e832eea0ca69f68d property valuation served from cache property_id=P3323060 value_dkk=5080000
2026-03-04T09:47:31.584+01:00 INFO credit-service host=credit-service-a41e92-p9qmz corrId=c-e832eea0ca69f68d credit assessment completed application_id=APP-2026-607724 score=503 decision=APPROVED
2026-03-04T09:47:31.656+01:00 INFO offer-service host=offer-service-5b8f6c-x2k4p corrId=c-e832eea0ca69f68d loan offer generated application_id=APP-2026-607724 loan_type=FIXED_30Y principal_dkk=2585000
2026-03-04T09:47:31.773+01:00 INFO document-service host=document-service-5b8f6c-p9qmz corrId=c-e832eea0ca69f68d offer document stored application_id=APP-2026-607724 doc_id=DOC-a3c6654a
2026-03-04T09:47:31.795+01:00 INFO portal-bff host=portal-bff-5b8f6c-t6zvn corrId=c-e832eea0ca69f68d application completed application_id=APP-2026-607724 status=OFFER_ISSUED
2026-03-04T09:48:07.892+01:00 INFO portal-bff host=portal-bff-7c9d5b-p9qmz corrId=c-7cc3a95ec35587b9 loan application submitted application_id=APP-2026-256054 customer_segment=PRIVATE
2026-03-04T09:48:08.015+01:00 INFO identity-service host=identity-service-7c9d5b-p9qmz corrId=c-7cc3a95ec35587b9 MitID session validated customer_id=C68883284
2026-03-04T09:48:08.134+01:00 INFO customer-service host=customer-service-a41e92-x2k4p corrId=c-7cc3a95ec35587b9 KYC profile loaded customer_id=C68883284 risk_class=HIGH
2026-03-04T09:48:08.141+01:00 INFO valuation-service host=valuation-service-5b8f6c-t6zvn corrId=c-7cc3a95ec35587b9 property valuation requested property_id=P5111360 provider=valuta-ejd
2026-03-04T09:48:08.797+01:00 INFO valuation-service host=valuation-service-a41e92-t6zvn corrId=c-7cc3a95ec35587b9 property valuation received property_id=P5111360 value_dkk=8250000 latency_ms=635
2026-03-04T09:48:08.923+01:00 INFO credit-service host=credit-service-a41e92-t6zvn corrId=c-7cc3a95ec35587b9 credit assessment completed application_id=APP-2026-256054 score=840 decision=APPROVED
2026-03-04T09:48:09.040+01:00 INFO offer-service host=offer-service-5b8f6c-t6zvn corrId=c-7cc3a95ec35587b9 loan offer generated application_id=APP-2026-256054 loan_type=FLEX_1Y principal_dkk=5270000
2026-03-04T09:48:09.138+01:00 INFO document-service host=document-service-5b8f6c-t6zvn corrId=c-7cc3a95ec35587b9 offer document stored application_id=APP-2026-256054 doc_id=DOC-fce319a6
2026-03-04T09:48:09.178+01:00 INFO portal-bff host=portal-bff-5b8f6c-p9qmz corrId=c-7cc3a95ec35587b9 application completed application_id=APP-2026-256054 status=OFFER_ISSUED
2026-03-04T09:50:00.359+01:00 INFO payment-scheduler host=payment-scheduler-5b8f6c-p9qmz corrId=- scheduler heartbeat lag_ms=70
2026-03-04T09:50:00.795+01:00 INFO api-gateway host=api-gateway-a41e92-x2k4p corrId=- health probe ok status=200 latency_ms=36
2026-03-04T09:52:01.914+01:00 INFO portal-bff host=portal-bff-a41e92-p9qmz corrId=c-a518a4ff40e1f0c9 conversion quote requested loan_id=LN155466933 target_product=FLEX_1Y
2026-03-04T09:52:02.020+01:00 INFO identity-service host=identity-service-5b8f6c-p9qmz corrId=c-a518a4ff40e1f0c9 MitID session validated customer_id=C15724564
2026-03-04T09:52:02.091+01:00 INFO pricing-service host=pricing-service-a41e92-t6zvn corrId=c-a518a4ff40e1f0c9 bond price fetched series=BND4.0-2053 price=88.404
2026-03-04T09:52:02.229+01:00 INFO pricing-service host=pricing-service-a41e92-t6zvn corrId=c-a518a4ff40e1f0c9 conversion cost calculated loan_id=LN155466933 cost_dkk=25525.71
2026-03-04T09:52:02.351+01:00 INFO quote-service host=quote-service-7c9d5b-x2k4p corrId=c-a518a4ff40e1f0c9 conversion quote issued quote_id=Q95775298 loan_id=LN155466933
2026-03-04T09:54:51.581+01:00 INFO offer-service host=offer-service-5b8f6c-p9qmz corrId=c-fb6f5e587e50e313 offer accepted application_id=APP-2026-502955
2026-03-04T09:54:51.711+01:00 INFO ledger-service host=ledger-service-7c9d5b-p9qmz corrId=c-fb6f5e587e50e313 funds reserved application_id=APP-2026-502955 amount_dkk=1135000
2026-03-04T09:54:51.801+01:00 INFO payment-service host=payment-service-a41e92-x2k4p corrId=c-fb6f5e587e50e313 payout instruction sent application_id=APP-2026-502955 amount_dkk=1135000
2026-03-04T09:54:51.919+01:00 INFO ledger-service host=ledger-service-a41e92-p9qmz corrId=c-fb6f5e587e50e313 payout booked application_id=APP-2026-502955 posting_id=PST-28ad424e3a
2026-03-04T09:54:51.984+01:00 INFO notification-service host=notification-service-5b8f6c-t6zvn corrId=c-fb6f5e587e50e313 payout confirmation sent application_id=APP-2026-502955
2026-03-04T09:55:00.391+01:00 INFO api-gateway host=api-gateway-7c9d5b-t6zvn corrId=- health probe ok status=200 latency_ms=10
2026-03-04T09:55:21.017+01:00 INFO portal-bff host=portal-bff-5b8f6c-t6zvn corrId=c-38bbb49f1d255c10 conversion quote requested loan_id=LN791260879 target_product=FIXED_30Y
2026-03-04T09:55:21.092+01:00 INFO identity-service host=identity-service-5b8f6c-x2k4p corrId=c-38bbb49f1d255c10 MitID session validated customer_id=C78208417
2026-03-04T09:55:21.148+01:00 INFO pricing-service host=pricing-service-5b8f6c-t6zvn corrId=c-38bbb49f1d255c10 bond price fetched series=BND3.0-2056 price=97.666
2026-03-04T09:55:21.205+01:00 INFO pricing-service host=pricing-service-7c9d5b-t6zvn corrId=c-38bbb49f1d255c10 conversion cost calculated loan_id=LN791260879 cost_dkk=17299.09
2026-03-04T09:55:21.224+01:00 INFO quote-service host=quote-service-5b8f6c-p9qmz corrId=c-38bbb49f1d255c10 conversion quote issued quote_id=Q68630725 loan_id=LN791260879
2026-03-04T09:57:05.301+01:00 INFO portal-bff host=portal-bff-a41e92-p9qmz corrId=c-da06c0960e3369ed conversion quote requested loan_id=LN918758547 target_product=FLEX_5Y
2026-03-04T09:57:05.426+01:00 INFO identity-service host=identity-service-a41e92-p9qmz corrId=c-da06c0960e3369ed MitID session validated customer_id=C84087022
2026-03-04T09:57:05.537+01:00 INFO pricing-service host=pricing-service-a41e92-x2k4p corrId=c-da06c0960e3369ed bond price fetched series=BND2.5-2053 price=88.664
2026-03-04T09:57:05.627+01:00 INFO pricing-service host=pricing-service-5b8f6c-t6zvn corrId=c-da06c0960e3369ed conversion cost calculated loan_id=LN918758547 cost_dkk=64381.87
2026-03-04T09:57:05.668+01:00 INFO quote-service host=quote-service-a41e92-x2k4p corrId=c-da06c0960e3369ed conversion quote issued quote_id=Q25934889 loan_id=LN918758547
2026-03-04T09:58:18.256+01:00 INFO portal-bff host=portal-bff-a41e92-x2k4p corrId=c-5b45c87c40c1080d loan application submitted application_id=APP-2026-352451 customer_segment=RETAIL
2026-03-04T09:58:18.358+01:00 INFO identity-service host=identity-service-a41e92-x2k4p corrId=c-5b45c87c40c1080d MitID session validated customer_id=C05058310
2026-03-04T09:58:18.460+01:00 INFO customer-service host=customer-service-5b8f6c-x2k4p corrId=c-5b45c87c40c1080d KYC profile loaded customer_id=C05058310 risk_class=LOW
2026-03-04T09:58:18.488+01:00 INFO valuation-service host=valuation-service-7c9d5b-p9qmz corrId=c-5b45c87c40c1080d property valuation served from cache property_id=P4205239 value_dkk=4530000
2026-03-04T09:58:18.592+01:00 INFO credit-service host=credit-service-a41e92-p9qmz corrId=c-5b45c87c40c1080d credit assessment completed application_id=APP-2026-352451 score=422 decision=APPROVED
2026-03-04T09:58:18.689+01:00 INFO offer-service host=offer-service-7c9d5b-t6zvn corrId=c-5b45c87c40c1080d loan offer generated application_id=APP-2026-352451 loan_type=FLEX_5Y principal_dkk=955000
2026-03-04T09:58:18.757+01:00 INFO document-service host=document-service-7c9d5b-t6zvn corrId=c-5b45c87c40c1080d offer document stored application_id=APP-2026-352451 doc_id=DOC-8b7352c9
2026-03-04T09:58:18.802+01:00 INFO portal-bff host=portal-bff-5b8f6c-p9qmz corrId=c-5b45c87c40c1080d application completed application_id=APP-2026-352451 status=OFFER_ISSUED
2026-03-04T09:59:36.799+01:00 INFO portal-bff host=portal-bff-7c9d5b-p9qmz corrId=c-4848a77dc370ae7d loan application submitted application_id=APP-2026-271841 customer_segment=SME
2026-03-04T09:59:36.891+01:00 INFO identity-service host=identity-service-5b8f6c-p9qmz corrId=c-4848a77dc370ae7d MitID session validated customer_id=C71793901
2026-03-04T09:59:36.962+01:00 INFO customer-service host=customer-service-7c9d5b-x2k4p corrId=c-4848a77dc370ae7d KYC profile loaded customer_id=C71793901 risk_class=HIGH
2026-03-04T09:59:37.054+01:00 INFO valuation-service host=valuation-service-7c9d5b-t6zvn corrId=c-4848a77dc370ae7d property valuation requested property_id=P2258901 provider=bolig-vurdering
2026-03-04T09:59:37.613+01:00 INFO valuation-service host=valuation-service-7c9d5b-x2k4p corrId=c-4848a77dc370ae7d property valuation received property_id=P2258901 value_dkk=3560000 latency_ms=545
2026-03-04T09:59:37.657+01:00 INFO credit-service host=credit-service-5b8f6c-x2k4p corrId=c-4848a77dc370ae7d credit assessment completed application_id=APP-2026-271841 score=587 decision=APPROVED
2026-03-04T09:59:37.765+01:00 INFO offer-service host=offer-service-7c9d5b-p9qmz corrId=c-4848a77dc370ae7d loan offer generated application_id=APP-2026-271841 loan_type=FIXED_30Y principal_dkk=4920000
2026-03-04T09:59:37.896+01:00 INFO document-service host=document-service-7c9d5b-t6zvn corrId=c-4848a77dc370ae7d offer document stored application_id=APP-2026-271841 doc_id=DOC-5f5e533e
2026-03-04T09:59:37.906+01:00 INFO portal-bff host=portal-bff-a41e92-x2k4p corrId=c-4848a77dc370ae7d application completed application_id=APP-2026-271841 status=OFFER_ISSUED
2026-03-04T10:00:00.323+01:00 INFO api-gateway host=api-gateway-7c9d5b-p9qmz corrId=- health probe ok status=200 latency_ms=10
2026-03-04T10:00:00.399+01:00 INFO payment-scheduler host=payment-scheduler-5b8f6c-t6zvn corrId=- scheduler heartbeat lag_ms=30
2026-03-04T10:00:04.000+01:00 INFO config-service host=config-service-5b8f6c-x2k4p corrId=- configuration refreshed version=v101
2026-03-04T10:01:47.779+01:00 INFO portal-bff host=portal-bff-a41e92-t6zvn corrId=c-18dec78236befb4b conversion quote requested loan_id=LN294170839 target_product=FIXED_30Y
2026-03-04T10:01:47.858+01:00 INFO identity-service host=identity-service-a41e92-t6zvn corrId=c-18dec78236befb4b MitID session validated customer_id=C53557067
2026-03-04T10:01:47.994+01:00 INFO pricing-service host=pricing-service-7c9d5b-x2k4p corrId=c-18dec78236befb4b bond price fetched series=BND2.5-2053 price=88.882
2026-03-04T10:01:48.067+01:00 INFO pricing-service host=pricing-service-a41e92-t6zvn corrId=c-18dec78236befb4b conversion cost calculated loan_id=LN294170839 cost_dkk=67399.10
2026-03-04T10:01:48.111+01:00 INFO quote-service host=quote-service-7c9d5b-x2k4p corrId=c-18dec78236befb4b conversion quote issued quote_id=Q72197799 loan_id=LN294170839
2026-03-04T10:02:54.643+01:00 INFO offer-service host=offer-service-5b8f6c-x2k4p corrId=c-86cbc0c8fca0d0f6 offer accepted application_id=APP-2026-328378
2026-03-04T10:02:54.723+01:00 INFO ledger-service host=ledger-service-5b8f6c-p9qmz corrId=c-86cbc0c8fca0d0f6 funds reserved application_id=APP-2026-328378 amount_dkk=840000
2026-03-04T10:02:54.847+01:00 INFO payment-service host=payment-service-5b8f6c-t6zvn corrId=c-86cbc0c8fca0d0f6 payout instruction sent application_id=APP-2026-328378 amount_dkk=840000
2026-03-04T10:02:54.967+01:00 INFO ledger-service host=ledger-service-5b8f6c-p9qmz corrId=c-86cbc0c8fca0d0f6 payout booked application_id=APP-2026-328378 posting_id=PST-17a414ce08
2026-03-04T10:02:55.101+01:00 INFO notification-service host=notification-service-a41e92-t6zvn corrId=c-86cbc0c8fca0d0f6 payout confirmation sent application_id=APP-2026-328378
2026-03-04T10:03:28.077+01:00 INFO portal-bff host=portal-bff-a41e92-x2k4p corrId=c-e9ee3862fba6ee77 conversion quote requested loan_id=LN353149772 target_product=FIXED_30Y
2026-03-04T10:03:28.131+01:00 INFO identity-service host=identity-service-5b8f6c-x2k4p corrId=c-e9ee3862fba6ee77 MitID session validated customer_id=C15338549
2026-03-04T10:03:28.227+01:00 INFO pricing-service host=pricing-service-7c9d5b-p9qmz corrId=c-e9ee3862fba6ee77 bond price fetched series=BND2.5-2053 price=100.292
2026-03-04T10:03:28.239+01:00 INFO pricing-service host=pricing-service-5b8f6c-p9qmz corrId=c-e9ee3862fba6ee77 conversion cost calculated loan_id=LN353149772 cost_dkk=48868.51
2026-03-04T10:03:28.286+01:00 INFO quote-service host=quote-service-5b8f6c-x2k4p corrId=c-e9ee3862fba6ee77 conversion quote issued quote_id=Q60487401 loan_id=LN353149772
2026-03-04T10:04:18.907+01:00 INFO portal-bff host=portal-bff-7c9d5b-x2k4p corrId=c-42cb5fc765a6b4e4 loan application submitted application_id=APP-2026-114665 customer_segment=RETAIL
2026-03-04T10:04:18.975+01:00 INFO identity-service host=identity-service-a41e92-p9qmz corrId=c-42cb5fc765a6b4e4 MitID session validated customer_id=C27991156
2026-03-04T10:04:19.070+01:00 INFO customer-service host=customer-service-a41e92-x2k4p corrId=c-42cb5fc765a6b4e4 KYC profile loaded customer_id=C27991156 risk_class=HIGH
2026-03-04T10:04:19.167+01:00 INFO valuation-service host=valuation-service-5b8f6c-t6zvn corrId=c-42cb5fc765a6b4e4 property valuation requested property_id=P7175916 provider=bolig-vurdering
2026-03-04T10:04:19.815+01:00 INFO valuation-service host=valuation-service-5b8f6c-t6zvn corrId=c-42cb5fc765a6b4e4 property valuation received property_id=P7175916 value_dkk=2750000 latency_ms=579
2026-03-04T10:04:19.843+01:00 INFO credit-service host=credit-service-7c9d5b-p9qmz corrId=c-42cb5fc765a6b4e4 credit assessment completed application_id=APP-2026-114665 score=617 decision=APPROVED
2026-03-04T10:04:19.851+01:00 INFO offer-service host=offer-service-a41e92-x2k4p corrId=c-42cb5fc765a6b4e4 loan offer generated application_id=APP-2026-114665 loan_type=FLEX_1Y principal_dkk=1065000
2026-03-04T10:04:19.898+01:00 INFO document-service host=document-service-a41e92-p9qmz corrId=c-42cb5fc765a6b4e4 offer document stored application_id=APP-2026-114665 doc_id=DOC-dfc6d12c
2026-03-04T10:04:20.017+01:00 INFO portal-bff host=portal-bff-a41e92-x2k4p corrId=c-42cb5fc765a6b4e4 application completed application_id=APP-2026-114665 status=OFFER_ISSUED
2026-03-04T10:04:22.353+01:00 INFO portal-bff host=portal-bff-7c9d5b-p9qmz corrId=c-573ce1393044d8e2 loan application submitted application_id=APP-2026-512182 customer_segment=RETAIL
2026-03-04T10:04:22.394+01:00 INFO identity-service host=identity-service-a41e92-x2k4p corrId=c-573ce1393044d8e2 MitID session validated customer_id=C35952531
2026-03-04T10:04:22.497+01:00 INFO customer-service host=customer-service-a41e92-x2k4p corrId=c-573ce1393044d8e2 KYC profile loaded customer_id=C35952531 risk_class=LOW
2026-03-04T10:04:22.566+01:00 INFO valuation-service host=valuation-service-5b8f6c-t6zvn corrId=c-573ce1393044d8e2 property valuation requested property_id=P1648453 provider=valuta-ejd
2026-03-04T10:04:23.272+01:00 INFO valuation-service host=valuation-service-a41e92-p9qmz corrId=c-573ce1393044d8e2 property valuation received property_id=P1648453 value_dkk=8960000 latency_ms=694
2026-03-04T10:04:23.289+01:00 INFO credit-service host=credit-service-7c9d5b-t6zvn corrId=c-573ce1393044d8e2 credit assessment completed application_id=APP-2026-512182 score=700 decision=APPROVED
2026-03-04T10:04:23.423+01:00 INFO offer-service host=offer-service-a41e92-p9qmz corrId=c-573ce1393044d8e2 loan offer generated application_id=APP-2026-512182 loan_type=FIXED_30Y principal_dkk=1565000
2026-03-04T10:04:23.541+01:00 INFO document-service host=document-service-5b8f6c-t6zvn corrId=c-573ce1393044d8e2 offer document stored application_id=APP-2026-512182 doc_id=DOC-f205f25c
2026-03-04T10:04:23.640+01:00 INFO portal-bff host=portal-bff-5b8f6c-t6zvn corrId=c-573ce1393044d8e2 application completed application_id=APP-2026-512182 status=OFFER_ISSUED
2026-03-04T10:05:00.589+01:00 INFO api-gateway host=api-gateway-a41e92-p9qmz corrId=- health probe ok status=200 latency_ms=31
2026-03-04T10:05:19.428+01:00 INFO portal-bff host=portal-bff-a41e92-t6zvn corrId=c-df0520aa573de941 conversion quote requested loan_id=LN010831666 target_product=FLEX_5Y
2026-03-04T10:05:19.482+01:00 INFO identity-service host=identity-service-a41e92-p9qmz corrId=c-df0520aa573de941 MitID session validated customer_id=C33591973
2026-03-04T10:05:19.533+01:00 INFO pricing-service host=pricing-service-5b8f6c-p9qmz corrId=c-df0520aa573de941 bond price fetched series=BND3.0-2053 price=94.317
2026-03-04T10:05:19.640+01:00 INFO pricing-service host=pricing-service-a41e92-p9qmz corrId=c-df0520aa573de941 conversion cost calculated loan_id=LN010831666 cost_dkk=67617.49
2026-03-04T10:05:19.775+01:00 INFO quote-service host=quote-service-a41e92-p9qmz corrId=c-df0520aa573de941 conversion quote issued quote_id=Q30453353 loan_id=LN010831666
2026-03-04T10:09:57.603+01:00 INFO portal-bff host=portal-bff-5b8f6c-x2k4p corrId=c-88f9280f4eb2947e conversion quote requested loan_id=LN303200659 target_product=FLEX_5Y
2026-03-04T10:09:57.638+01:00 INFO identity-service host=identity-service-5b8f6c-x2k4p corrId=c-88f9280f4eb2947e MitID session validated customer_id=C54731084
2026-03-04T10:09:57.778+01:00 INFO pricing-service host=pricing-service-a41e92-x2k4p corrId=c-88f9280f4eb2947e bond price fetched series=BND3.0-2053 price=90.531
2026-03-04T10:09:57.803+01:00 INFO pricing-service host=pricing-service-7c9d5b-t6zvn corrId=c-88f9280f4eb2947e conversion cost calculated loan_id=LN303200659 cost_dkk=18345.66
2026-03-04T10:09:57.839+01:00 INFO quote-service host=quote-service-5b8f6c-t6zvn corrId=c-88f9280f4eb2947e conversion quote issued quote_id=Q94242494 loan_id=LN303200659
2026-03-04T10:10:00.275+01:00 INFO payment-scheduler host=payment-scheduler-7c9d5b-p9qmz corrId=- scheduler heartbeat lag_ms=119
2026-03-04T10:10:00.845+01:00 INFO api-gateway host=api-gateway-5b8f6c-t6zvn corrId=- health probe ok status=200 latency_ms=12
2026-03-04T10:10:50.225+01:00 INFO portal-bff host=portal-bff-5b8f6c-x2k4p corrId=c-db3880837cdaf843 loan application submitted application_id=APP-2026-666144 customer_segment=SME
2026-03-04T10:10:50.251+01:00 INFO identity-service host=identity-service-7c9d5b-x2k4p corrId=c-db3880837cdaf843 MitID session validated customer_id=C71579460
2026-03-04T10:10:50.265+01:00 INFO customer-service host=customer-service-a41e92-x2k4p corrId=c-db3880837cdaf843 KYC profile loaded customer_id=C71579460 risk_class=HIGH
2026-03-04T10:10:50.270+01:00 INFO valuation-service host=valuation-service-a41e92-t6zvn corrId=c-db3880837cdaf843 property valuation requested property_id=P0457429 provider=valuta-ejd
2026-03-04T10:10:50.929+01:00 INFO valuation-service host=valuation-service-a41e92-t6zvn corrId=c-db3880837cdaf843 property valuation received property_id=P0457429 value_dkk=3300000 latency_ms=523
2026-03-04T10:10:50.990+01:00 INFO credit-service host=credit-service-7c9d5b-x2k4p corrId=c-db3880837cdaf843 credit assessment completed application_id=APP-2026-666144 score=615 decision=APPROVED
2026-03-04T10:10:51.093+01:00 INFO offer-service host=offer-service-7c9d5b-t6zvn corrId=c-db3880837cdaf843 loan offer generated application_id=APP-2026-666144 loan_type=FLEX_1Y principal_dkk=560000
2026-03-04T10:10:51.103+01:00 INFO document-service host=document-service-a41e92-p9qmz corrId=c-db3880837cdaf843 offer document stored application_id=APP-2026-666144 doc_id=DOC-8941aa3a
2026-03-04T10:10:51.146+01:00 INFO portal-bff host=portal-bff-7c9d5b-p9qmz corrId=c-db3880837cdaf843 application completed application_id=APP-2026-666144 status=OFFER_ISSUED
2026-03-04T10:12:04.760+01:00 INFO portal-bff host=portal-bff-7c9d5b-p9qmz corrId=c-72e90d0340f18d2c conversion quote requested loan_id=LN421935739 target_product=FIXED_30Y
2026-03-04T10:12:04.778+01:00 INFO identity-service host=identity-service-7c9d5b-x2k4p corrId=c-72e90d0340f18d2c MitID session validated customer_id=C08929110
2026-03-04T10:12:04.904+01:00 INFO pricing-service host=pricing-service-a41e92-t6zvn corrId=c-72e90d0340f18d2c bond price fetched series=BND3.0-2056 price=98.666
2026-03-04T10:12:04.963+01:00 INFO pricing-service host=pricing-service-7c9d5b-x2k4p corrId=c-72e90d0340f18d2c conversion cost calculated loan_id=LN421935739 cost_dkk=89668.35
2026-03-04T10:12:05.015+01:00 INFO quote-service host=quote-service-7c9d5b-x2k4p corrId=c-72e90d0340f18d2c conversion quote issued quote_id=Q51331391 loan_id=LN421935739
2026-03-04T10:13:03.182+01:00 INFO portal-bff host=portal-bff-5b8f6c-p9qmz corrId=c-aebdb9d023c41c5e loan application submitted application_id=APP-2026-069825 customer_segment=SME
2026-03-04T10:13:03.305+01:00 INFO identity-service host=identity-service-5b8f6c-t6zvn corrId=c-aebdb9d023c41c5e MitID session validated customer_id=C18974088
2026-03-04T10:13:03.381+01:00 INFO customer-service host=customer-service-7c9d5b-x2k4p corrId=c-aebdb9d023c41c5e KYC profile loaded customer_id=C18974088 risk_class=LOW
2026-03-04T10:13:03.388+01:00 INFO valuation-service host=valuation-service-a41e92-t6zvn corrId=c-aebdb9d023c41c5e property valuation requested property_id=P8688591 provider=valuta-ejd
2026-03-04T10:13:04.208+01:00 INFO valuation-service host=valuation-service-a41e92-x2k4p corrId=c-aebdb9d023c41c5e property valuation received property_id=P8688591 value_dkk=6300000 latency_ms=720
2026-03-04T10:13:04.314+01:00 INFO credit-service host=credit-service-7c9d5b-t6zvn corrId=c-aebdb9d023c41c5e credit assessment completed application_id=APP-2026-069825 score=528 decision=APPROVED
2026-03-04T10:13:04.332+01:00 INFO offer-service host=offer-service-5b8f6c-p9qmz corrId=c-aebdb9d023c41c5e loan offer generated application_id=APP-2026-069825 loan_type=FIXED_30Y principal_dkk=1750000
2026-03-04T10:13:04.362+01:00 INFO document-service host=document-service-5b8f6c-x2k4p corrId=c-aebdb9d023c41c5e offer document stored application_id=APP-2026-069825 doc_id=DOC-90204b2d
2026-03-04T10:13:04.456+01:00 INFO portal-bff host=portal-bff-7c9d5b-x2k4p corrId=c-aebdb9d023c41c5e application completed application_id=APP-2026-069825 status=OFFER_ISSUED
2026-03-04T10:13:49.570+01:00 INFO portal-bff host=portal-bff-a41e92-x2k4p corrId=c-a360af401500f4a4 conversion quote requested loan_id=LN730305558 target_product=FLEX_5Y
2026-03-04T10:13:49.704+01:00 INFO identity-service host=identity-service-5b8f6c-p9qmz corrId=c-a360af401500f4a4 MitID session validated customer_id=C98405227
2026-03-04T10:13:49.771+01:00 INFO pricing-service host=pricing-service-5b8f6c-t6zvn corrId=c-a360af401500f4a4 bond price fetched series=BND4.0-2056 price=91.089
2026-03-04T10:13:49.827+01:00 INFO pricing-service host=pricing-service-a41e92-x2k4p corrId=c-a360af401500f4a4 conversion cost calculated loan_id=LN730305558 cost_dkk=59729.95
2026-03-04T10:13:49.834+01:00 INFO quote-service host=quote-service-a41e92-t6zvn corrId=c-a360af401500f4a4 conversion quote issued quote_id=Q11096482 loan_id=LN730305558
2026-03-04T10:15:00.738+01:00 INFO api-gateway host=api-gateway-5b8f6c-p9qmz corrId=- health probe ok status=200 latency_ms=40
2026-03-04T10:16:09.228+01:00 INFO portal-bff host=portal-bff-7c9d5b-x2k4p corrId=c-c5235ec99449a144 loan application submitted application_id=APP-2026-888263 customer_segment=PRIVATE
2026-03-04T10:16:09.331+01:00 INFO identity-service host=identity-service-7c9d5b-x2k4p corrId=c-c5235ec99449a144 MitID session validated customer_id=C03766176
2026-03-04T10:16:09.367+01:00 INFO customer-service host=customer-service-5b8f6c-t6zvn corrId=c-c5235ec99449a144 KYC profile loaded customer_id=C03766176 risk_class=LOW
2026-03-04T10:16:09.386+01:00 INFO valuation-service host=valuation-service-5b8f6c-t6zvn corrId=c-c5235ec99449a144 property valuation requested property_id=P2252998 provider=bolig-vurdering
2026-03-04T10:16:10.401+01:00 INFO valuation-service host=valuation-service-5b8f6c-t6zvn corrId=c-c5235ec99449a144 property valuation received property_id=P2252998 value_dkk=6730000 latency_ms=935
2026-03-04T10:16:10.430+01:00 INFO credit-service host=credit-service-7c9d5b-t6zvn corrId=c-c5235ec99449a144 credit assessment completed application_id=APP-2026-888263 score=629 decision=APPROVED
2026-03-04T10:16:10.538+01:00 INFO offer-service host=offer-service-5b8f6c-t6zvn corrId=c-c5235ec99449a144 loan offer generated application_id=APP-2026-888263 loan_type=FLEX_5Y principal_dkk=4165000
2026-03-04T10:16:10.608+01:00 INFO document-service host=document-service-5b8f6c-t6zvn corrId=c-c5235ec99449a144 offer document stored application_id=APP-2026-888263 doc_id=DOC-38c730ff
2026-03-04T10:16:10.745+01:00 INFO portal-bff host=portal-bff-5b8f6c-x2k4p corrId=c-c5235ec99449a144 application completed application_id=APP-2026-888263 status=OFFER_ISSUED
2026-03-04T10:17:32.231+01:00 INFO portal-bff host=portal-bff-7c9d5b-x2k4p corrId=c-0f65d9b76cb8aebe loan application submitted application_id=APP-2026-170216 customer_segment=RETAIL
2026-03-04T10:17:32.364+01:00 INFO identity-service host=identity-service-7c9d5b-p9qmz corrId=c-0f65d9b76cb8aebe MitID session validated customer_id=C55944722
2026-03-04T10:17:32.470+01:00 INFO customer-service host=customer-service-5b8f6c-t6zvn corrId=c-0f65d9b76cb8aebe KYC profile loaded customer_id=C55944722 risk_class=HIGH
2026-03-04T10:17:32.516+01:00 INFO valuation-service host=valuation-service-a41e92-p9qmz corrId=c-0f65d9b76cb8aebe property valuation requested property_id=P7367441 provider=valuta-ejd
2026-03-04T10:17:33.361+01:00 INFO valuation-service host=valuation-service-7c9d5b-x2k4p corrId=c-0f65d9b76cb8aebe property valuation received property_id=P7367441 value_dkk=3310000 latency_ms=790
2026-03-04T10:17:33.494+01:00 INFO credit-service host=credit-service-5b8f6c-t6zvn corrId=c-0f65d9b76cb8aebe credit assessment completed application_id=APP-2026-170216 score=549 decision=APPROVED
2026-03-04T10:17:33.529+01:00 INFO offer-service host=offer-service-a41e92-x2k4p corrId=c-0f65d9b76cb8aebe loan offer generated application_id=APP-2026-170216 loan_type=FIXED_20Y_IO principal_dkk=1725000
2026-03-04T10:17:33.581+01:00 INFO document-service host=document-service-7c9d5b-p9qmz corrId=c-0f65d9b76cb8aebe offer document stored application_id=APP-2026-170216 doc_id=DOC-25c880b8
2026-03-04T10:17:33.700+01:00 INFO portal-bff host=portal-bff-a41e92-t6zvn corrId=c-0f65d9b76cb8aebe application completed application_id=APP-2026-170216 status=OFFER_ISSUED
2026-03-04T10:20:00.500+01:00 INFO api-gateway host=api-gateway-a41e92-x2k4p corrId=- health probe ok status=200 latency_ms=37
2026-03-04T10:20:00.608+01:00 INFO payment-scheduler host=payment-scheduler-5b8f6c-t6zvn corrId=- scheduler heartbeat lag_ms=54
2026-03-04T10:20:48.295+01:00 INFO offer-service host=offer-service-a41e92-t6zvn corrId=c-a4e91841eac9d372 offer accepted application_id=APP-2026-501375
2026-03-04T10:20:48.345+01:00 INFO ledger-service host=ledger-service-7c9d5b-t6zvn corrId=c-a4e91841eac9d372 funds reserved application_id=APP-2026-501375 amount_dkk=5790000
2026-03-04T10:20:48.402+01:00 INFO payment-service host=payment-service-5b8f6c-p9qmz corrId=c-a4e91841eac9d372 payout instruction sent application_id=APP-2026-501375 amount_dkk=5790000
2026-03-04T10:20:48.425+01:00 INFO ledger-service host=ledger-service-7c9d5b-t6zvn corrId=c-a4e91841eac9d372 payout booked application_id=APP-2026-501375 posting_id=PST-dcdb89a2d1
2026-03-04T10:20:48.542+01:00 INFO notification-service host=notification-service-a41e92-p9qmz corrId=c-a4e91841eac9d372 payout confirmation sent application_id=APP-2026-501375
2026-03-04T10:20:56.601+01:00 INFO portal-bff host=portal-bff-a41e92-x2k4p corrId=c-ea8d0e2bbf37e23f conversion quote requested loan_id=LN116922871 target_product=FLEX_5Y
2026-03-04T10:20:56.662+01:00 INFO identity-service host=identity-service-a41e92-x2k4p corrId=c-ea8d0e2bbf37e23f MitID session validated customer_id=C84800320
2026-03-04T10:20:56.731+01:00 INFO pricing-service host=pricing-service-7c9d5b-p9qmz corrId=c-ea8d0e2bbf37e23f bond price fetched series=BND2.5-2056 price=88.285
2026-03-04T10:20:56.793+01:00 INFO pricing-service host=pricing-service-a41e92-p9qmz corrId=c-ea8d0e2bbf37e23f conversion cost calculated loan_id=LN116922871 cost_dkk=75098.71
2026-03-04T10:20:56.800+01:00 INFO quote-service host=quote-service-a41e92-x2k4p corrId=c-ea8d0e2bbf37e23f conversion quote issued quote_id=Q46863350 loan_id=LN116922871
2026-03-04T10:21:12.147+01:00 INFO portal-bff host=portal-bff-5b8f6c-x2k4p corrId=c-cac7758a79615c47 conversion quote requested loan_id=LN225682922 target_product=FLEX_1Y
2026-03-04T10:21:12.271+01:00 INFO identity-service host=identity-service-7c9d5b-t6zvn corrId=c-cac7758a79615c47 MitID session validated customer_id=C14139588
2026-03-04T10:21:12.369+01:00 INFO pricing-service host=pricing-service-5b8f6c-p9qmz corrId=c-cac7758a79615c47 bond price fetched series=BND2.5-2053 price=91.426
2026-03-04T10:21:12.498+01:00 INFO pricing-service host=pricing-service-a41e92-p9qmz corrId=c-cac7758a79615c47 conversion cost calculated loan_id=LN225682922 cost_dkk=63322.43
2026-03-04T10:21:12.546+01:00 INFO quote-service host=quote-service-7c9d5b-t6zvn corrId=c-cac7758a79615c47 conversion quote issued quote_id=Q69767725 loan_id=LN225682922
2026-03-04T10:21:15.582+01:00 INFO portal-bff host=portal-bff-5b8f6c-p9qmz corrId=c-8b2d45595f4265e0 loan application submitted application_id=APP-2026-362394 customer_segment=SME
2026-03-04T10:21:15.655+01:00 INFO identity-service host=identity-service-5b8f6c-p9qmz corrId=c-8b2d45595f4265e0 MitID session validated customer_id=C62464059
2026-03-04T10:21:15.671+01:00 INFO customer-service host=customer-service-a41e92-x2k4p corrId=c-8b2d45595f4265e0 KYC profile loaded customer_id=C62464059 risk_class=MEDIUM
2026-03-04T10:21:15.771+01:00 INFO valuation-service host=valuation-service-7c9d5b-t6zvn corrId=c-8b2d45595f4265e0 property valuation requested property_id=P1277351 provider=bolig-vurdering
2026-03-04T10:21:16.395+01:00 INFO valuation-service host=valuation-service-a41e92-t6zvn corrId=c-8b2d45595f4265e0 property valuation received property_id=P1277351 value_dkk=6150000 latency_ms=540
2026-03-04T10:21:16.487+01:00 INFO credit-service host=credit-service-a41e92-t6zvn corrId=c-8b2d45595f4265e0 credit assessment completed application_id=APP-2026-362394 score=612 decision=APPROVED
2026-03-04T10:21:16.513+01:00 INFO offer-service host=offer-service-5b8f6c-p9qmz corrId=c-8b2d45595f4265e0 loan offer generated application_id=APP-2026-362394 loan_type=FLEX_1Y principal_dkk=3000000
2026-03-04T10:21:16.589+01:00 INFO document-service host=document-service-5b8f6c-t6zvn corrId=c-8b2d45595f4265e0 offer document stored application_id=APP-2026-362394 doc_id=DOC-e87e4f03
2026-03-04T10:21:16.692+01:00 INFO portal-bff host=portal-bff-5b8f6c-x2k4p corrId=c-8b2d45595f4265e0 application completed application_id=APP-2026-362394 status=OFFER_ISSUED
2026-03-04T10:24:41.550+01:00 INFO offer-service host=offer-service-5b8f6c-p9qmz corrId=c-3d528611e516e60a offer accepted application_id=APP-2026-434406
2026-03-04T10:24:41.616+01:00 INFO ledger-service host=ledger-service-7c9d5b-t6zvn corrId=c-3d528611e516e60a funds reserved application_id=APP-2026-434406 amount_dkk=5730000
2026-03-04T10:24:41.714+01:00 INFO payment-service host=payment-service-5b8f6c-p9qmz corrId=c-3d528611e516e60a payout instruction sent application_id=APP-2026-434406 amount_dkk=5730000
2026-03-04T10:24:41.743+01:00 INFO ledger-service host=ledger-service-5b8f6c-p9qmz corrId=c-3d528611e516e60a payout booked application_id=APP-2026-434406 posting_id=PST-3785358f3f
2026-03-04T10:24:41.875+01:00 INFO notification-service host=notification-service-7c9d5b-t6zvn corrId=c-3d528611e516e60a payout confirmation sent application_id=APP-2026-434406
2026-03-04T10:25:00.393+01:00 INFO api-gateway host=api-gateway-7c9d5b-x2k4p corrId=- health probe ok status=200 latency_ms=2
2026-03-04T10:26:09.675+01:00 INFO offer-service host=offer-service-5b8f6c-x2k4p corrId=c-d10e160f9097f0b8 offer accepted application_id=APP-2026-348438
2026-03-04T10:26:09.719+01:00 INFO ledger-service host=ledger-service-7c9d5b-p9qmz corrId=c-d10e160f9097f0b8 funds reserved application_id=APP-2026-348438 amount_dkk=2775000
2026-03-04T10:26:09.740+01:00 INFO payment-service host=payment-service-5b8f6c-p9qmz corrId=c-d10e160f9097f0b8 payout instruction sent application_id=APP-2026-348438 amount_dkk=2775000
2026-03-04T10:26:09.866+01:00 INFO ledger-service host=ledger-service-7c9d5b-x2k4p corrId=c-d10e160f9097f0b8 payout booked application_id=APP-2026-348438 posting_id=PST-1c38e8438c
2026-03-04T10:26:09.899+01:00 INFO notification-service host=notification-service-a41e92-t6zvn corrId=c-d10e160f9097f0b8 payout confirmation sent application_id=APP-2026-348438
2026-03-04T10:27:30.000+01:00 INFO valuation-service host=valuation-service-a41e92-p9qmz corrId=- jvm gc pause pause_ms=56
2026-03-04T10:27:45.538+01:00 INFO portal-bff host=portal-bff-7c9d5b-p9qmz corrId=c-25aefe4c96b2fe6c loan application submitted application_id=APP-2026-474579 customer_segment=RETAIL
2026-03-04T10:27:45.575+01:00 INFO identity-service host=identity-service-a41e92-t6zvn corrId=c-25aefe4c96b2fe6c MitID session validated customer_id=C03471961
2026-03-04T10:27:45.690+01:00 INFO customer-service host=customer-service-5b8f6c-p9qmz corrId=c-25aefe4c96b2fe6c KYC profile loaded customer_id=C03471961 risk_class=LOW
2026-03-04T10:27:45.728+01:00 INFO valuation-service host=valuation-service-5b8f6c-x2k4p corrId=c-25aefe4c96b2fe6c property valuation served from cache property_id=P6678932 value_dkk=3500000
2026-03-04T10:27:45.792+01:00 INFO credit-service host=credit-service-5b8f6c-x2k4p corrId=c-25aefe4c96b2fe6c credit assessment completed application_id=APP-2026-474579 score=682 decision=APPROVED
2026-03-04T10:27:45.903+01:00 INFO offer-service host=offer-service-5b8f6c-x2k4p corrId=c-25aefe4c96b2fe6c loan offer generated application_id=APP-2026-474579 loan_type=FIXED_20Y_IO principal_dkk=4375000
2026-03-04T10:27:45.976+01:00 INFO document-service host=document-service-7c9d5b-p9qmz corrId=c-25aefe4c96b2fe6c offer document stored application_id=APP-2026-474579 doc_id=DOC-3e3035fc
2026-03-04T10:27:46.014+01:00 INFO portal-bff host=portal-bff-7c9d5b-t6zvn corrId=c-25aefe4c96b2fe6c application completed application_id=APP-2026-474579 status=OFFER_ISSUED
2026-03-04T10:28:34.000+01:00 INFO valuation-service host=valuation-service-7c9d5b-p9qmz corrId=- jvm gc pause pause_ms=44
2026-03-04T10:29:50.961+01:00 INFO offer-service host=offer-service-a41e92-x2k4p corrId=c-2889ab4c76cdaa9c offer accepted application_id=APP-2026-806899
2026-03-04T10:29:51.046+01:00 INFO ledger-service host=ledger-service-5b8f6c-t6zvn corrId=c-2889ab4c76cdaa9c funds reserved application_id=APP-2026-806899 amount_dkk=2095000
2026-03-04T10:29:51.149+01:00 INFO payment-service host=payment-service-5b8f6c-t6zvn corrId=c-2889ab4c76cdaa9c payout instruction sent application_id=APP-2026-806899 amount_dkk=2095000
2026-03-04T10:29:51.170+01:00 INFO ledger-service host=ledger-service-5b8f6c-x2k4p corrId=c-2889ab4c76cdaa9c payout booked application_id=APP-2026-806899 posting_id=PST-4b6902fc46
2026-03-04T10:29:51.210+01:00 INFO notification-service host=notification-service-a41e92-x2k4p corrId=c-2889ab4c76cdaa9c payout confirmation sent application_id=APP-2026-806899
2026-03-04T10:30:00.100+01:00 INFO payment-scheduler host=payment-scheduler-a41e92-t6zvn corrId=- scheduler heartbeat lag_ms=9
2026-03-04T10:30:00.662+01:00 INFO api-gateway host=api-gateway-7c9d5b-t6zvn corrId=- health probe ok status=200 latency_ms=25
2026-03-04T10:32:16.872+01:00 INFO offer-service host=offer-service-5b8f6c-t6zvn corrId=c-ae8f56b01f900945 offer accepted application_id=APP-2026-395963
2026-03-04T10:32:16.964+01:00 INFO ledger-service host=ledger-service-7c9d5b-t6zvn corrId=c-ae8f56b01f900945 funds reserved application_id=APP-2026-395963 amount_dkk=4520000
2026-03-04T10:32:17.038+01:00 INFO payment-service host=payment-service-5b8f6c-t6zvn corrId=c-ae8f56b01f900945 payout instruction sent application_id=APP-2026-395963 amount_dkk=4520000
2026-03-04T10:32:17.100+01:00 INFO ledger-service host=ledger-service-7c9d5b-x2k4p corrId=c-ae8f56b01f900945 payout booked application_id=APP-2026-395963 posting_id=PST-fa7c7f0638
2026-03-04T10:32:17.222+01:00 INFO notification-service host=notification-service-5b8f6c-p9qmz corrId=c-ae8f56b01f900945 payout confirmation sent application_id=APP-2026-395963
2026-03-04T10:33:08.172+01:00 INFO portal-bff host=portal-bff-a41e92-p9qmz corrId=c-fb28ad7fa6bea0ac loan application submitted application_id=APP-2026-373924 customer_segment=RETAIL
2026-03-04T10:33:08.226+01:00 INFO identity-service host=identity-service-7c9d5b-x2k4p corrId=c-fb28ad7fa6bea0ac MitID session validated customer_id=C40035533
2026-03-04T10:33:08.352+01:00 INFO customer-service host=customer-service-a41e92-t6zvn corrId=c-fb28ad7fa6bea0ac KYC profile loaded customer_id=C40035533 risk_class=HIGH
2026-03-04T10:33:08.465+01:00 INFO valuation-service host=valuation-service-7c9d5b-x2k4p corrId=c-fb28ad7fa6bea0ac property valuation served from cache property_id=P6847273 value_dkk=930000
2026-03-04T10:33:08.497+01:00 INFO credit-service host=credit-service-5b8f6c-p9qmz corrId=c-fb28ad7fa6bea0ac credit assessment completed application_id=APP-2026-373924 score=580 decision=APPROVED
2026-03-04T10:33:08.551+01:00 INFO offer-service host=offer-service-7c9d5b-p9qmz corrId=c-fb28ad7fa6bea0ac loan offer generated application_id=APP-2026-373924 loan_type=FLEX_5Y principal_dkk=1555000
2026-03-04T10:33:08.606+01:00 INFO document-service host=document-service-5b8f6c-p9qmz corrId=c-fb28ad7fa6bea0ac offer document stored application_id=APP-2026-373924 doc_id=DOC-e3fac860
2026-03-04T10:33:08.655+01:00 INFO portal-bff host=portal-bff-7c9d5b-p9qmz corrId=c-fb28ad7fa6bea0ac application completed application_id=APP-2026-373924 status=OFFER_ISSUED
2026-03-04T10:33:43.098+01:00 INFO portal-bff host=portal-bff-5b8f6c-t6zvn corrId=c-3373544da8a830f0 conversion quote requested loan_id=LN319551130 target_product=FLEX_5Y
2026-03-04T10:33:43.202+01:00 INFO identity-service host=identity-service-7c9d5b-t6zvn corrId=c-3373544da8a830f0 MitID session validated customer_id=C09097138
2026-03-04T10:33:43.293+01:00 INFO pricing-service host=pricing-service-7c9d5b-x2k4p corrId=c-3373544da8a830f0 bond price fetched series=BND3.0-2053 price=88.146
2026-03-04T10:33:43.317+01:00 INFO pricing-service host=pricing-service-7c9d5b-x2k4p corrId=c-3373544da8a830f0 conversion cost calculated loan_id=LN319551130 cost_dkk=57054.35
2026-03-04T10:33:43.443+01:00 INFO quote-service host=quote-service-a41e92-t6zvn corrId=c-3373544da8a830f0 conversion quote issued quote_id=Q21247721 loan_id=LN319551130
2026-03-04T10:35:00.170+01:00 INFO api-gateway host=api-gateway-7c9d5b-x2k4p corrId=- health probe ok status=200 latency_ms=22
2026-03-04T10:35:18.500+01:00 INFO offer-service host=offer-service-5b8f6c-t6zvn corrId=c-2a54db8996a22970 offer accepted application_id=APP-2026-815889
2026-03-04T10:35:18.534+01:00 INFO ledger-service host=ledger-service-a41e92-p9qmz corrId=c-2a54db8996a22970 funds reserved application_id=APP-2026-815889 amount_dkk=5935000
2026-03-04T10:35:18.604+01:00 INFO payment-service host=payment-service-a41e92-t6zvn corrId=c-2a54db8996a22970 payout instruction sent application_id=APP-2026-815889 amount_dkk=5935000
2026-03-04T10:35:18.708+01:00 INFO ledger-service host=ledger-service-a41e92-x2k4p corrId=c-2a54db8996a22970 payout booked application_id=APP-2026-815889 posting_id=PST-fd2b269bd1
2026-03-04T10:35:18.799+01:00 INFO notification-service host=notification-service-5b8f6c-x2k4p corrId=c-2a54db8996a22970 payout confirmation sent application_id=APP-2026-815889
2026-03-04T10:36:36.537+01:00 INFO portal-bff host=portal-bff-5b8f6c-x2k4p corrId=c-899dc9161edb3182 conversion quote requested loan_id=LN383881687 target_product=FLEX_1Y
2026-03-04T10:36:36.667+01:00 INFO identity-service host=identity-service-a41e92-x2k4p corrId=c-899dc9161edb3182 MitID session validated customer_id=C45111215
2026-03-04T10:36:36.677+01:00 INFO pricing-service host=pricing-service-a41e92-t6zvn corrId=c-899dc9161edb3182 bond price fetched series=BND4.0-2056 price=97.858
2026-03-04T10:36:36.691+01:00 INFO pricing-service host=pricing-service-7c9d5b-p9qmz corrId=c-899dc9161edb3182 conversion cost calculated loan_id=LN383881687 cost_dkk=36090.72
2026-03-04T10:36:36.805+01:00 INFO quote-service host=quote-service-5b8f6c-x2k4p corrId=c-899dc9161edb3182 conversion quote issued quote_id=Q16288303 loan_id=LN383881687
2026-03-04T10:40:00.516+01:00 INFO payment-scheduler host=payment-scheduler-7c9d5b-p9qmz corrId=- scheduler heartbeat lag_ms=19
2026-03-04T10:40:00.611+01:00 INFO api-gateway host=api-gateway-5b8f6c-t6zvn corrId=- health probe ok status=200 latency_ms=30
2026-03-04T10:42:53.925+01:00 INFO portal-bff host=portal-bff-7c9d5b-t6zvn corrId=c-2d877057693277e0 conversion quote requested loan_id=LN717999042 target_product=FLEX_1Y
2026-03-04T10:42:53.936+01:00 INFO identity-service host=identity-service-7c9d5b-x2k4p corrId=c-2d877057693277e0 MitID session validated customer_id=C85785012
2026-03-04T10:42:54.015+01:00 INFO pricing-service host=pricing-service-7c9d5b-x2k4p corrId=c-2d877057693277e0 bond price fetched series=BND2.5-2053 price=101.663
2026-03-04T10:42:54.029+01:00 INFO pricing-service host=pricing-service-5b8f6c-p9qmz corrId=c-2d877057693277e0 conversion cost calculated loan_id=LN717999042 cost_dkk=49849.02
2026-03-04T10:42:54.118+01:00 INFO quote-service host=quote-service-7c9d5b-t6zvn corrId=c-2d877057693277e0 conversion quote issued quote_id=Q40187901 loan_id=LN717999042
2026-03-04T10:43:35.789+01:00 INFO offer-service host=offer-service-7c9d5b-t6zvn corrId=c-5fd052d8e71df1ef offer accepted application_id=APP-2026-807851
2026-03-04T10:43:35.822+01:00 INFO ledger-service host=ledger-service-7c9d5b-t6zvn corrId=c-5fd052d8e71df1ef funds reserved application_id=APP-2026-807851 amount_dkk=4070000
2026-03-04T10:43:35.842+01:00 INFO payment-service host=payment-service-7c9d5b-x2k4p corrId=c-5fd052d8e71df1ef payout instruction sent application_id=APP-2026-807851 amount_dkk=4070000
2026-03-04T10:43:35.910+01:00 INFO ledger-service host=ledger-service-7c9d5b-x2k4p corrId=c-5fd052d8e71df1ef payout booked application_id=APP-2026-807851 posting_id=PST-8b376ebb4d
2026-03-04T10:43:36.048+01:00 INFO notification-service host=notification-service-7c9d5b-x2k4p corrId=c-5fd052d8e71df1ef payout confirmation sent application_id=APP-2026-807851
2026-03-04T10:45:00.421+01:00 INFO api-gateway host=api-gateway-7c9d5b-t6zvn corrId=- health probe ok status=200 latency_ms=11
2026-03-04T10:45:10.013+01:00 INFO portal-bff host=portal-bff-a41e92-p9qmz corrId=c-a680b4422e956c45 loan application submitted application_id=APP-2026-735339 customer_segment=PRIVATE
2026-03-04T10:45:10.086+01:00 INFO identity-service host=identity-service-5b8f6c-x2k4p corrId=c-a680b4422e956c45 MitID session validated customer_id=C94930532
2026-03-04T10:45:10.091+01:00 INFO customer-service host=customer-service-5b8f6c-x2k4p corrId=c-a680b4422e956c45 KYC profile loaded customer_id=C94930532 risk_class=HIGH
2026-03-04T10:45:10.221+01:00 INFO valuation-service host=valuation-service-5b8f6c-t6zvn corrId=c-a680b4422e956c45 property valuation requested property_id=P8976996 provider=bolig-vurdering
2026-03-04T10:45:10.722+01:00 INFO valuation-service host=valuation-service-a41e92-x2k4p corrId=c-a680b4422e956c45 property valuation received property_id=P8976996 value_dkk=2890000 latency_ms=470
2026-03-04T10:45:10.831+01:00 INFO credit-service host=credit-service-7c9d5b-t6zvn corrId=c-a680b4422e956c45 credit assessment completed application_id=APP-2026-735339 score=537 decision=APPROVED
2026-03-04T10:45:10.837+01:00 INFO offer-service host=offer-service-7c9d5b-p9qmz corrId=c-a680b4422e956c45 loan offer generated application_id=APP-2026-735339 loan_type=FLEX_1Y principal_dkk=4920000
2026-03-04T10:45:10.902+01:00 INFO document-service host=document-service-5b8f6c-t6zvn corrId=c-a680b4422e956c45 offer document stored application_id=APP-2026-735339 doc_id=DOC-903a0535
2026-03-04T10:45:10.950+01:00 INFO portal-bff host=portal-bff-a41e92-t6zvn corrId=c-a680b4422e956c45 application completed application_id=APP-2026-735339 status=OFFER_ISSUED
2026-03-04T10:46:40.700+01:00 INFO portal-bff host=portal-bff-a41e92-x2k4p corrId=c-4ee2bc8331f37c9c conversion quote requested loan_id=LN576471234 target_product=FLEX_5Y
2026-03-04T10:46:40.819+01:00 INFO identity-service host=identity-service-7c9d5b-p9qmz corrId=c-4ee2bc8331f37c9c MitID session validated customer_id=C20856219
2026-03-04T10:46:40.827+01:00 INFO pricing-service host=pricing-service-7c9d5b-p9qmz corrId=c-4ee2bc8331f37c9c bond price fetched series=BND4.0-2053 price=96.041
2026-03-04T10:46:40.912+01:00 INFO pricing-service host=pricing-service-5b8f6c-p9qmz corrId=c-4ee2bc8331f37c9c conversion cost calculated loan_id=LN576471234 cost_dkk=31046.04
2026-03-04T10:46:40.942+01:00 INFO quote-service host=quote-service-5b8f6c-t6zvn corrId=c-4ee2bc8331f37c9c conversion quote issued quote_id=Q51804960 loan_id=LN576471234
2026-03-04T10:49:40.000+01:00 INFO valuation-service host=valuation-service-7c9d5b-p9qmz corrId=- jvm gc pause pause_ms=68
2026-03-04T10:50:00.307+01:00 INFO api-gateway host=api-gateway-7c9d5b-p9qmz corrId=- health probe ok status=200 latency_ms=18
2026-03-04T10:50:00.651+01:00 INFO payment-scheduler host=payment-scheduler-5b8f6c-t6zvn corrId=- scheduler heartbeat lag_ms=0
2026-03-04T10:50:41.717+01:00 INFO portal-bff host=portal-bff-7c9d5b-t6zvn corrId=c-69714b9a0024bd11 loan application submitted application_id=APP-2026-438328 customer_segment=SME
2026-03-04T10:50:41.778+01:00 INFO identity-service host=identity-service-7c9d5b-p9qmz corrId=c-69714b9a0024bd11 MitID session validated customer_id=C16697420
2026-03-04T10:50:41.903+01:00 INFO customer-service host=customer-service-7c9d5b-t6zvn corrId=c-69714b9a0024bd11 KYC profile loaded customer_id=C16697420 risk_class=HIGH
2026-03-04T10:50:41.991+01:00 INFO valuation-service host=valuation-service-a41e92-p9qmz corrId=c-69714b9a0024bd11 property valuation served from cache property_id=P5786892 value_dkk=3120000
2026-03-04T10:50:42.104+01:00 INFO credit-service host=credit-service-a41e92-p9qmz corrId=c-69714b9a0024bd11 credit assessment completed application_id=APP-2026-438328 score=547 decision=APPROVED
2026-03-04T10:50:42.159+01:00 INFO offer-service host=offer-service-7c9d5b-t6zvn corrId=c-69714b9a0024bd11 loan offer generated application_id=APP-2026-438328 loan_type=FIXED_20Y_IO principal_dkk=3910000
2026-03-04T10:50:42.229+01:00 INFO document-service host=document-service-7c9d5b-p9qmz corrId=c-69714b9a0024bd11 offer document stored application_id=APP-2026-438328 doc_id=DOC-beeb6a1a
2026-03-04T10:50:42.339+01:00 INFO portal-bff host=portal-bff-5b8f6c-t6zvn corrId=c-69714b9a0024bd11 application completed application_id=APP-2026-438328 status=OFFER_ISSUED
2026-03-04T10:52:49.054+01:00 INFO portal-bff host=portal-bff-7c9d5b-t6zvn corrId=c-1c3131757e1fc3e2 conversion quote requested loan_id=LN341433613 target_product=FLEX_5Y
2026-03-04T10:52:49.152+01:00 INFO identity-service host=identity-service-5b8f6c-t6zvn corrId=c-1c3131757e1fc3e2 MitID session validated customer_id=C95136690
2026-03-04T10:52:49.262+01:00 INFO pricing-service host=pricing-service-7c9d5b-p9qmz corrId=c-1c3131757e1fc3e2 bond price fetched series=BND2.5-2053 price=101.480
2026-03-04T10:52:49.303+01:00 INFO pricing-service host=pricing-service-7c9d5b-x2k4p corrId=c-1c3131757e1fc3e2 conversion cost calculated loan_id=LN341433613 cost_dkk=55240.53
2026-03-04T10:52:49.325+01:00 INFO quote-service host=quote-service-5b8f6c-t6zvn corrId=c-1c3131757e1fc3e2 conversion quote issued quote_id=Q14837355 loan_id=LN341433613
2026-03-04T10:55:00.892+01:00 INFO api-gateway host=api-gateway-5b8f6c-p9qmz corrId=- health probe ok status=200 latency_ms=13
2026-03-04T10:55:58.753+01:00 INFO portal-bff host=portal-bff-a41e92-p9qmz corrId=c-e0305a143ec43c60 loan application submitted application_id=APP-2026-194470 customer_segment=PRIVATE
2026-03-04T10:55:58.864+01:00 INFO identity-service host=identity-service-7c9d5b-p9qmz corrId=c-e0305a143ec43c60 MitID session validated customer_id=C97555858
2026-03-04T10:55:58.937+01:00 INFO customer-service host=customer-service-5b8f6c-t6zvn corrId=c-e0305a143ec43c60 KYC profile loaded customer_id=C97555858 risk_class=LOW
2026-03-04T10:55:59.047+01:00 INFO valuation-service host=valuation-service-5b8f6c-x2k4p corrId=c-e0305a143ec43c60 property valuation requested property_id=P7400294 provider=valuta-ejd
2026-03-04T10:55:59.840+01:00 INFO valuation-service host=valuation-service-7c9d5b-t6zvn corrId=c-e0305a143ec43c60 property valuation received property_id=P7400294 value_dkk=4740000 latency_ms=718
2026-03-04T10:55:59.925+01:00 INFO credit-service host=credit-service-a41e92-x2k4p corrId=c-e0305a143ec43c60 credit assessment completed application_id=APP-2026-194470 score=853 decision=APPROVED
2026-03-04T10:56:00.056+01:00 INFO offer-service host=offer-service-5b8f6c-p9qmz corrId=c-e0305a143ec43c60 loan offer generated application_id=APP-2026-194470 loan_type=FIXED_30Y principal_dkk=890000
2026-03-04T10:56:00.092+01:00 INFO document-service host=document-service-7c9d5b-p9qmz corrId=c-e0305a143ec43c60 offer document stored application_id=APP-2026-194470 doc_id=DOC-f4be3625
2026-03-04T10:56:00.125+01:00 INFO portal-bff host=portal-bff-5b8f6c-p9qmz corrId=c-e0305a143ec43c60 application completed application_id=APP-2026-194470 status=OFFER_ISSUED
2026-03-04T10:56:00.561+01:00 INFO offer-service host=offer-service-7c9d5b-p9qmz corrId=c-1e6beb0fa2493644 offer accepted application_id=APP-2026-420406
2026-03-04T10:56:00.693+01:00 INFO ledger-service host=ledger-service-7c9d5b-x2k4p corrId=c-1e6beb0fa2493644 funds reserved application_id=APP-2026-420406 amount_dkk=1920000
2026-03-04T10:56:00.813+01:00 INFO payment-service host=payment-service-5b8f6c-p9qmz corrId=c-1e6beb0fa2493644 payout instruction sent application_id=APP-2026-420406 amount_dkk=1920000
2026-03-04T10:56:00.819+01:00 INFO ledger-service host=ledger-service-5b8f6c-x2k4p corrId=c-1e6beb0fa2493644 payout booked application_id=APP-2026-420406 posting_id=PST-1de3bd5040
2026-03-04T10:56:00.844+01:00 INFO notification-service host=notification-service-7c9d5b-p9qmz corrId=c-1e6beb0fa2493644 payout confirmation sent application_id=APP-2026-420406
2026-03-04T10:58:48.929+01:00 INFO offer-service host=offer-service-5b8f6c-t6zvn corrId=c-9000210bdb464ed0 offer accepted application_id=APP-2026-978248
2026-03-04T10:58:49.063+01:00 INFO ledger-service host=ledger-service-5b8f6c-x2k4p corrId=c-9000210bdb464ed0 funds reserved application_id=APP-2026-978248 amount_dkk=4890000
2026-03-04T10:58:49.122+01:00 INFO payment-service host=payment-service-7c9d5b-t6zvn corrId=c-9000210bdb464ed0 payout instruction sent application_id=APP-2026-978248 amount_dkk=4890000
2026-03-04T10:58:49.188+01:00 INFO ledger-service host=ledger-service-7c9d5b-p9qmz corrId=c-9000210bdb464ed0 payout booked application_id=APP-2026-978248 posting_id=PST-5386fba8e7
2026-03-04T10:58:49.288+01:00 INFO notification-service host=notification-service-5b8f6c-t6zvn corrId=c-9000210bdb464ed0 payout confirmation sent application_id=APP-2026-978248
2026-03-04T10:58:50.776+01:00 INFO portal-bff host=portal-bff-5b8f6c-p9qmz corrId=c-61f938bda062c8cf conversion quote requested loan_id=LN200795707 target_product=FLEX_5Y
2026-03-04T10:58:50.897+01:00 INFO identity-service host=identity-service-5b8f6c-t6zvn corrId=c-61f938bda062c8cf MitID session validated customer_id=C68129865
2026-03-04T10:58:50.956+01:00 INFO pricing-service host=pricing-service-7c9d5b-t6zvn corrId=c-61f938bda062c8cf bond price fetched series=BND2.5-2056 price=95.895
2026-03-04T10:58:51.090+01:00 INFO pricing-service host=pricing-service-7c9d5b-p9qmz corrId=c-61f938bda062c8cf conversion cost calculated loan_id=LN200795707 cost_dkk=41315.37
2026-03-04T10:58:51.185+01:00 INFO quote-service host=quote-service-5b8f6c-p9qmz corrId=c-61f938bda062c8cf conversion quote issued quote_id=Q72937889 loan_id=LN200795707
2026-03-04T10:59:31.910+01:00 INFO offer-service host=offer-service-a41e92-x2k4p corrId=c-5ad9edadb44e1a5a offer accepted application_id=APP-2026-016723
2026-03-04T10:59:32.030+01:00 INFO ledger-service host=ledger-service-7c9d5b-t6zvn corrId=c-5ad9edadb44e1a5a funds reserved application_id=APP-2026-016723 amount_dkk=2780000
2026-03-04T10:59:32.143+01:00 INFO payment-service host=payment-service-a41e92-x2k4p corrId=c-5ad9edadb44e1a5a payout instruction sent application_id=APP-2026-016723 amount_dkk=2780000
2026-03-04T10:59:32.278+01:00 INFO ledger-service host=ledger-service-a41e92-t6zvn corrId=c-5ad9edadb44e1a5a payout booked application_id=APP-2026-016723 posting_id=PST-6192c1ac7b
2026-03-04T10:59:32.375+01:00 INFO notification-service host=notification-service-7c9d5b-x2k4p corrId=c-5ad9edadb44e1a5a payout confirmation sent application_id=APP-2026-016723
2026-03-04T10:59:59.664+01:00 INFO portal-bff host=portal-bff-5b8f6c-p9qmz corrId=c-749d9774742251c4 conversion quote requested loan_id=LN223162213 target_product=FLEX_5Y
2026-03-04T10:59:59.776+01:00 INFO identity-service host=identity-service-7c9d5b-x2k4p corrId=c-749d9774742251c4 MitID session validated customer_id=C43759079
2026-03-04T10:59:59.853+01:00 INFO pricing-service host=pricing-service-a41e92-t6zvn corrId=c-749d9774742251c4 bond price fetched series=BND3.0-2053 price=99.451
2026-03-04T10:59:59.924+01:00 INFO pricing-service host=pricing-service-5b8f6c-t6zvn corrId=c-749d9774742251c4 conversion cost calculated loan_id=LN223162213 cost_dkk=9038.69
2026-03-04T10:59:59.986+01:00 INFO quote-service host=quote-service-5b8f6c-x2k4p corrId=c-749d9774742251c4 conversion quote issued quote_id=Q07781347 loan_id=LN223162213
2026-03-04T11:00:00.218+01:00 INFO api-gateway host=api-gateway-5b8f6c-p9qmz corrId=- health probe ok status=200 latency_ms=16
2026-03-04T11:00:00.768+01:00 INFO payment-scheduler host=payment-scheduler-5b8f6c-t6zvn corrId=- scheduler heartbeat lag_ms=87
2026-03-04T11:00:48.000+01:00 INFO config-service host=config-service-a41e92-x2k4p corrId=- configuration refreshed version=v112
2026-03-04T11:00:48.359+01:00 INFO portal-bff host=portal-bff-7c9d5b-p9qmz corrId=c-a7c33c56f4290132 loan application submitted application_id=APP-2026-561228 customer_segment=PRIVATE
2026-03-04T11:00:48.446+01:00 INFO identity-service host=identity-service-7c9d5b-t6zvn corrId=c-a7c33c56f4290132 MitID session validated customer_id=C40474130
2026-03-04T11:00:48.567+01:00 INFO customer-service host=customer-service-5b8f6c-t6zvn corrId=c-a7c33c56f4290132 KYC profile loaded customer_id=C40474130 risk_class=LOW
2026-03-04T11:00:48.703+01:00 INFO valuation-service host=valuation-service-5b8f6c-x2k4p corrId=c-a7c33c56f4290132 property valuation served from cache property_id=P8905831 value_dkk=8070000
2026-03-04T11:00:48.726+01:00 INFO credit-service host=credit-service-a41e92-x2k4p corrId=c-a7c33c56f4290132 credit assessment completed application_id=APP-2026-561228 score=737 decision=APPROVED
2026-03-04T11:00:48.770+01:00 INFO offer-service host=offer-service-a41e92-x2k4p corrId=c-a7c33c56f4290132 loan offer generated application_id=APP-2026-561228 loan_type=FIXED_20Y_IO principal_dkk=5220000
2026-03-04T11:00:48.885+01:00 INFO document-service host=document-service-a41e92-t6zvn corrId=c-a7c33c56f4290132 offer document stored application_id=APP-2026-561228 doc_id=DOC-10962cbd
2026-03-04T11:00:48.989+01:00 INFO portal-bff host=portal-bff-a41e92-x2k4p corrId=c-a7c33c56f4290132 application completed application_id=APP-2026-561228 status=OFFER_ISSUED
2026-03-04T11:02:41.477+01:00 INFO portal-bff host=portal-bff-a41e92-t6zvn corrId=c-d375f399650c3c04 loan application submitted application_id=APP-2026-916299 customer_segment=PRIVATE
2026-03-04T11:02:41.579+01:00 INFO identity-service host=identity-service-7c9d5b-t6zvn corrId=c-d375f399650c3c04 MitID session validated customer_id=C38480825
2026-03-04T11:02:41.637+01:00 INFO customer-service host=customer-service-7c9d5b-p9qmz corrId=c-d375f399650c3c04 KYC profile loaded customer_id=C38480825 risk_class=LOW
2026-03-04T11:02:41.754+01:00 INFO valuation-service host=valuation-service-7c9d5b-x2k4p corrId=c-d375f399650c3c04 property valuation requested property_id=P9129264 provider=valuta-ejd
2026-03-04T11:02:42.721+01:00 INFO valuation-service host=valuation-service-a41e92-p9qmz corrId=c-d375f399650c3c04 property valuation received property_id=P9129264 value_dkk=2520000 latency_ms=932
2026-03-04T11:02:42.797+01:00 INFO credit-service host=credit-service-a41e92-x2k4p corrId=c-d375f399650c3c04 credit assessment completed application_id=APP-2026-916299 score=425 decision=APPROVED
2026-03-04T11:02:42.867+01:00 INFO offer-service host=offer-service-5b8f6c-p9qmz corrId=c-d375f399650c3c04 loan offer generated application_id=APP-2026-916299 loan_type=FIXED_30Y principal_dkk=2440000
2026-03-04T11:02:42.945+01:00 INFO document-service host=document-service-7c9d5b-t6zvn corrId=c-d375f399650c3c04 offer document stored application_id=APP-2026-916299 doc_id=DOC-cdcf006e
2026-03-04T11:02:42.985+01:00 INFO portal-bff host=portal-bff-5b8f6c-p9qmz corrId=c-d375f399650c3c04 application completed application_id=APP-2026-916299 status=OFFER_ISSUED
2026-03-04T11:03:39.197+01:00 INFO portal-bff host=portal-bff-a41e92-t6zvn corrId=c-c6d01cfbf5ab14c6 loan application submitted application_id=APP-2026-000385 customer_segment=RETAIL
2026-03-04T11:03:39.255+01:00 INFO identity-service host=identity-service-7c9d5b-p9qmz corrId=c-c6d01cfbf5ab14c6 MitID session validated customer_id=C97224527
2026-03-04T11:03:39.299+01:00 INFO customer-service host=customer-service-7c9d5b-x2k4p corrId=c-c6d01cfbf5ab14c6 KYC profile loaded customer_id=C97224527 risk_class=LOW
2026-03-04T11:03:39.392+01:00 INFO valuation-service host=valuation-service-7c9d5b-p9qmz corrId=c-c6d01cfbf5ab14c6 property valuation served from cache property_id=P4290740 value_dkk=750000
2026-03-04T11:03:39.446+01:00 INFO credit-service host=credit-service-a41e92-t6zvn corrId=c-c6d01cfbf5ab14c6 credit assessment completed application_id=APP-2026-000385 score=821 decision=APPROVED
2026-03-04T11:03:39.533+01:00 INFO offer-service host=offer-service-a41e92-x2k4p corrId=c-c6d01cfbf5ab14c6 loan offer generated application_id=APP-2026-000385 loan_type=FIXED_30Y principal_dkk=5100000
2026-03-04T11:03:39.547+01:00 INFO document-service host=document-service-a41e92-t6zvn corrId=c-c6d01cfbf5ab14c6 offer document stored application_id=APP-2026-000385 doc_id=DOC-78c3d7f9
2026-03-04T11:03:39.604+01:00 INFO portal-bff host=portal-bff-7c9d5b-x2k4p corrId=c-c6d01cfbf5ab14c6 application completed application_id=APP-2026-000385 status=OFFER_ISSUED
2026-03-04T11:04:02.786+01:00 INFO offer-service host=offer-service-5b8f6c-t6zvn corrId=c-e5a1ee16270c8478 offer accepted application_id=APP-2026-425915
2026-03-04T11:04:02.807+01:00 INFO ledger-service host=ledger-service-a41e92-x2k4p corrId=c-e5a1ee16270c8478 funds reserved application_id=APP-2026-425915 amount_dkk=3605000
2026-03-04T11:04:02.883+01:00 INFO payment-service host=payment-service-7c9d5b-t6zvn corrId=c-e5a1ee16270c8478 payout instruction sent application_id=APP-2026-425915 amount_dkk=3605000
2026-03-04T11:04:02.899+01:00 INFO ledger-service host=ledger-service-7c9d5b-x2k4p corrId=c-e5a1ee16270c8478 payout booked application_id=APP-2026-425915 posting_id=PST-2514a541b5
2026-03-04T11:04:02.943+01:00 INFO notification-service host=notification-service-7c9d5b-t6zvn corrId=c-e5a1ee16270c8478 payout confirmation sent application_id=APP-2026-425915
2026-03-04T11:05:00.200+01:00 INFO api-gateway host=api-gateway-a41e92-x2k4p corrId=- health probe ok status=200 latency_ms=12
2026-03-04T11:06:04.774+01:00 INFO offer-service host=offer-service-5b8f6c-p9qmz corrId=c-89e75c301be9c445 offer accepted application_id=APP-2026-521643
2026-03-04T11:06:04.873+01:00 INFO ledger-service host=ledger-service-a41e92-x2k4p corrId=c-89e75c301be9c445 funds reserved application_id=APP-2026-521643 amount_dkk=1600000
2026-03-04T11:06:04.894+01:00 INFO payment-service host=payment-service-a41e92-x2k4p corrId=c-89e75c301be9c445 payout instruction sent application_id=APP-2026-521643 amount_dkk=1600000
2026-03-04T11:06:05.033+01:00 INFO ledger-service host=ledger-service-a41e92-t6zvn corrId=c-89e75c301be9c445 payout booked application_id=APP-2026-521643 posting_id=PST-fdad2ed604
2026-03-04T11:06:05.045+01:00 INFO notification-service host=notification-service-7c9d5b-t6zvn corrId=c-89e75c301be9c445 payout confirmation sent application_id=APP-2026-521643
2026-03-04T11:09:11.925+01:00 INFO portal-bff host=portal-bff-a41e92-t6zvn corrId=c-07c0edf046021bd3 loan application submitted application_id=APP-2026-050548 customer_segment=RETAIL
2026-03-04T11:09:12.010+01:00 INFO identity-service host=identity-service-5b8f6c-t6zvn corrId=c-07c0edf046021bd3 MitID session validated customer_id=C47215936
2026-03-04T11:09:12.036+01:00 INFO customer-service host=customer-service-a41e92-p9qmz corrId=c-07c0edf046021bd3 KYC profile loaded customer_id=C47215936 risk_class=LOW
2026-03-04T11:09:12.148+01:00 INFO valuation-service host=valuation-service-5b8f6c-p9qmz corrId=c-07c0edf046021bd3 property valuation served from cache property_id=P5559978 value_dkk=5750000
2026-03-04T11:09:12.233+01:00 INFO credit-service host=credit-service-a41e92-x2k4p corrId=c-07c0edf046021bd3 credit assessment completed application_id=APP-2026-050548 score=554 decision=APPROVED
2026-03-04T11:09:12.287+01:00 INFO offer-service host=offer-service-a41e92-x2k4p corrId=c-07c0edf046021bd3 loan offer generated application_id=APP-2026-050548 loan_type=FIXED_20Y_IO principal_dkk=1170000
2026-03-04T11:09:12.318+01:00 INFO document-service host=document-service-5b8f6c-t6zvn corrId=c-07c0edf046021bd3 offer document stored application_id=APP-2026-050548 doc_id=DOC-97d7a6db
2026-03-04T11:09:12.381+01:00 INFO portal-bff host=portal-bff-a41e92-p9qmz corrId=c-07c0edf046021bd3 application completed application_id=APP-2026-050548 status=OFFER_ISSUED
2026-03-04T11:09:47.467+01:00 INFO portal-bff host=portal-bff-a41e92-t6zvn corrId=c-25c1d1ab15ec083f loan application submitted application_id=APP-2026-292357 customer_segment=RETAIL
2026-03-04T11:09:47.603+01:00 INFO identity-service host=identity-service-5b8f6c-t6zvn corrId=c-25c1d1ab15ec083f MitID session validated customer_id=C15729613
2026-03-04T11:09:47.611+01:00 INFO customer-service host=customer-service-5b8f6c-x2k4p corrId=c-25c1d1ab15ec083f KYC profile loaded customer_id=C15729613 risk_class=HIGH
2026-03-04T11:09:47.734+01:00 INFO valuation-service host=valuation-service-5b8f6c-p9qmz corrId=c-25c1d1ab15ec083f property valuation requested property_id=P3295569 provider=bolig-vurdering
2026-03-04T11:09:48.411+01:00 INFO valuation-service host=valuation-service-7c9d5b-p9qmz corrId=c-25c1d1ab15ec083f property valuation received property_id=P3295569 value_dkk=920000 latency_ms=572
2026-03-04T11:09:48.550+01:00 INFO credit-service host=credit-service-7c9d5b-x2k4p corrId=c-25c1d1ab15ec083f credit assessment completed application_id=APP-2026-292357 score=611 decision=APPROVED
2026-03-04T11:09:48.616+01:00 INFO offer-service host=offer-service-5b8f6c-p9qmz corrId=c-25c1d1ab15ec083f loan offer generated application_id=APP-2026-292357 loan_type=FIXED_30Y principal_dkk=3440000
2026-03-04T11:09:48.749+01:00 INFO document-service host=document-service-5b8f6c-t6zvn corrId=c-25c1d1ab15ec083f offer document stored application_id=APP-2026-292357 doc_id=DOC-f08f20b3
2026-03-04T11:09:48.868+01:00 INFO portal-bff host=portal-bff-5b8f6c-x2k4p corrId=c-25c1d1ab15ec083f application completed application_id=APP-2026-292357 status=OFFER_ISSUED
2026-03-04T11:10:00.131+01:00 INFO payment-scheduler host=payment-scheduler-7c9d5b-p9qmz corrId=- scheduler heartbeat lag_ms=49
2026-03-04T11:10:00.184+01:00 INFO api-gateway host=api-gateway-5b8f6c-p9qmz corrId=- health probe ok status=200 latency_ms=31
2026-03-04T11:11:10.633+01:00 INFO portal-bff host=portal-bff-7c9d5b-t6zvn corrId=c-3515034458557287 loan application submitted application_id=APP-2026-335419 customer_segment=RETAIL
2026-03-04T11:11:10.667+01:00 INFO identity-service host=identity-service-5b8f6c-x2k4p corrId=c-3515034458557287 MitID session validated customer_id=C83867041
2026-03-04T11:11:10.781+01:00 INFO customer-service host=customer-service-7c9d5b-p9qmz corrId=c-3515034458557287 KYC profile loaded customer_id=C83867041 risk_class=LOW
2026-03-04T11:11:10.892+01:00 INFO valuation-service host=valuation-service-5b8f6c-x2k4p corrId=c-3515034458557287 property valuation requested property_id=P9960189 provider=valuta-ejd
2026-03-04T11:11:11.900+01:00 INFO valuation-service host=valuation-service-a41e92-t6zvn corrId=c-3515034458557287 property valuation received property_id=P9960189 value_dkk=7410000 latency_ms=888
2026-03-04T11:11:11.942+01:00 INFO credit-service host=credit-service-7c9d5b-p9qmz corrId=c-3515034458557287 credit assessment completed application_id=APP-2026-335419 score=869 decision=APPROVED
2026-03-04T11:11:12.012+01:00 INFO offer-service host=offer-service-5b8f6c-x2k4p corrId=c-3515034458557287 loan offer generated application_id=APP-2026-335419 loan_type=FIXED_20Y_IO principal_dkk=2450000
2026-03-04T11:11:12.140+01:00 INFO document-service host=document-service-a41e92-p9qmz corrId=c-3515034458557287 offer document stored application_id=APP-2026-335419 doc_id=DOC-959161fe
2026-03-04T11:11:12.212+01:00 INFO portal-bff host=portal-bff-5b8f6c-x2k4p corrId=c-3515034458557287 application completed application_id=APP-2026-335419 status=OFFER_ISSUED
2026-03-04T11:11:36.274+01:00 INFO portal-bff host=portal-bff-a41e92-t6zvn corrId=c-e4b1c1ed58e594b4 loan application submitted application_id=APP-2026-600103 customer_segment=PRIVATE
2026-03-04T11:11:36.351+01:00 INFO identity-service host=identity-service-5b8f6c-x2k4p corrId=c-e4b1c1ed58e594b4 MitID session validated customer_id=C27736732
2026-03-04T11:11:36.485+01:00 INFO customer-service host=customer-service-a41e92-x2k4p corrId=c-e4b1c1ed58e594b4 KYC profile loaded customer_id=C27736732 risk_class=MEDIUM
2026-03-04T11:11:36.585+01:00 INFO valuation-service host=valuation-service-a41e92-t6zvn corrId=c-e4b1c1ed58e594b4 property valuation requested property_id=P7336995 provider=valuta-ejd
2026-03-04T11:11:37.311+01:00 INFO valuation-service host=valuation-service-7c9d5b-p9qmz corrId=c-e4b1c1ed58e594b4 property valuation received property_id=P7336995 value_dkk=4620000 latency_ms=679
2026-03-04T11:11:37.325+01:00 INFO credit-service host=credit-service-5b8f6c-p9qmz corrId=c-e4b1c1ed58e594b4 credit assessment completed application_id=APP-2026-600103 score=662 decision=APPROVED
2026-03-04T11:11:37.412+01:00 INFO offer-service host=offer-service-7c9d5b-p9qmz corrId=c-e4b1c1ed58e594b4 loan offer generated application_id=APP-2026-600103 loan_type=FIXED_20Y_IO principal_dkk=2540000
2026-03-04T11:11:37.501+01:00 INFO document-service host=document-service-a41e92-t6zvn corrId=c-e4b1c1ed58e594b4 offer document stored application_id=APP-2026-600103 doc_id=DOC-358cc92c
2026-03-04T11:11:37.631+01:00 INFO portal-bff host=portal-bff-5b8f6c-p9qmz corrId=c-e4b1c1ed58e594b4 application completed application_id=APP-2026-600103 status=OFFER_ISSUED
2026-03-04T11:11:55.591+01:00 INFO portal-bff host=portal-bff-7c9d5b-p9qmz corrId=c-0b43388ca4106508 loan application submitted application_id=APP-2026-186418 customer_segment=RETAIL
2026-03-04T11:11:55.601+01:00 INFO identity-service host=identity-service-7c9d5b-t6zvn corrId=c-0b43388ca4106508 MitID session validated customer_id=C75761125
2026-03-04T11:11:55.611+01:00 INFO customer-service host=customer-service-5b8f6c-p9qmz corrId=c-0b43388ca4106508 KYC profile loaded customer_id=C75761125 risk_class=MEDIUM
2026-03-04T11:11:55.676+01:00 INFO valuation-service host=valuation-service-7c9d5b-t6zvn corrId=c-0b43388ca4106508 property valuation requested property_id=P5524752 provider=valuta-ejd
2026-03-04T11:11:56.124+01:00 INFO valuation-service host=valuation-service-5b8f6c-p9qmz corrId=c-0b43388ca4106508 property valuation received property_id=P5524752 value_dkk=3940000 latency_ms=367
2026-03-04T11:11:56.137+01:00 INFO credit-service host=credit-service-7c9d5b-p9qmz corrId=c-0b43388ca4106508 credit assessment completed application_id=APP-2026-186418 score=480 decision=APPROVED
2026-03-04T11:11:56.176+01:00 INFO offer-service host=offer-service-a41e92-x2k4p corrId=c-0b43388ca4106508 loan offer generated application_id=APP-2026-186418 loan_type=FIXED_20Y_IO principal_dkk=2350000
2026-03-04T11:11:56.219+01:00 INFO document-service host=document-service-5b8f6c-t6zvn corrId=c-0b43388ca4106508 offer document stored application_id=APP-2026-186418 doc_id=DOC-e7ae7fdd
2026-03-04T11:11:56.338+01:00 INFO portal-bff host=portal-bff-5b8f6c-p9qmz corrId=c-0b43388ca4106508 application completed application_id=APP-2026-186418 status=OFFER_ISSUED
2026-03-04T11:12:40.951+01:00 INFO portal-bff host=portal-bff-5b8f6c-t6zvn corrId=c-81db3435257c5739 loan application submitted application_id=APP-2026-654570 customer_segment=PRIVATE
2026-03-04T11:12:40.963+01:00 INFO identity-service host=identity-service-5b8f6c-p9qmz corrId=c-81db3435257c5739 MitID session validated customer_id=C16129638
2026-03-04T11:12:41.041+01:00 INFO customer-service host=customer-service-7c9d5b-x2k4p corrId=c-81db3435257c5739 KYC profile loaded customer_id=C16129638 risk_class=LOW
2026-03-04T11:12:41.046+01:00 INFO valuation-service host=valuation-service-a41e92-t6zvn corrId=c-81db3435257c5739 property valuation requested property_id=P8603956 provider=bolig-vurdering
2026-03-04T11:12:41.421+01:00 INFO valuation-service host=valuation-service-7c9d5b-p9qmz corrId=c-81db3435257c5739 property valuation received property_id=P8603956 value_dkk=1010000 latency_ms=266
2026-03-04T11:12:41.485+01:00 INFO credit-service host=credit-service-5b8f6c-x2k4p corrId=c-81db3435257c5739 credit assessment completed application_id=APP-2026-654570 score=509 decision=APPROVED
2026-03-04T11:12:41.500+01:00 INFO offer-service host=offer-service-a41e92-x2k4p corrId=c-81db3435257c5739 loan offer generated application_id=APP-2026-654570 loan_type=FLEX_1Y principal_dkk=2485000
2026-03-04T11:12:41.594+01:00 INFO document-service host=document-service-7c9d5b-p9qmz corrId=c-81db3435257c5739 offer document stored application_id=APP-2026-654570 doc_id=DOC-067d601b
2026-03-04T11:12:41.624+01:00 INFO portal-bff host=portal-bff-7c9d5b-p9qmz corrId=c-81db3435257c5739 application completed application_id=APP-2026-654570 status=OFFER_ISSUED
2026-03-04T11:14:41.419+01:00 INFO portal-bff host=portal-bff-7c9d5b-x2k4p corrId=c-a713b2536d41fcbb loan application submitted application_id=APP-2026-499874 customer_segment=PRIVATE
2026-03-04T11:14:41.504+01:00 INFO offer-service host=offer-service-a41e92-p9qmz corrId=c-19707fc9b0342b29 offer accepted application_id=APP-2026-125781
2026-03-04T11:14:41.531+01:00 INFO identity-service host=identity-service-5b8f6c-t6zvn corrId=c-a713b2536d41fcbb MitID session validated customer_id=C20763648
2026-03-04T11:14:41.591+01:00 INFO customer-service host=customer-service-5b8f6c-x2k4p corrId=c-a713b2536d41fcbb KYC profile loaded customer_id=C20763648 risk_class=HIGH
2026-03-04T11:14:41.597+01:00 INFO ledger-service host=ledger-service-a41e92-p9qmz corrId=c-19707fc9b0342b29 funds reserved application_id=APP-2026-125781 amount_dkk=4460000
2026-03-04T11:14:41.606+01:00 INFO valuation-service host=valuation-service-7c9d5b-x2k4p corrId=c-a713b2536d41fcbb property valuation requested property_id=P1294612 provider=valuta-ejd
2026-03-04T11:14:41.671+01:00 INFO payment-service host=payment-service-a41e92-p9qmz corrId=c-19707fc9b0342b29 payout instruction sent application_id=APP-2026-125781 amount_dkk=4460000
2026-03-04T11:14:41.735+01:00 INFO ledger-service host=ledger-service-5b8f6c-t6zvn corrId=c-19707fc9b0342b29 payout booked application_id=APP-2026-125781 posting_id=PST-c38fb99f50
2026-03-04T11:14:41.814+01:00 INFO notification-service host=notification-service-7c9d5b-t6zvn corrId=c-19707fc9b0342b29 payout confirmation sent application_id=APP-2026-125781
2026-03-04T11:14:42.335+01:00 INFO valuation-service host=valuation-service-5b8f6c-x2k4p corrId=c-a713b2536d41fcbb property valuation received property_id=P1294612 value_dkk=7500000 latency_ms=632
2026-03-04T11:14:42.437+01:00 INFO credit-service host=credit-service-5b8f6c-t6zvn corrId=c-a713b2536d41fcbb credit assessment completed application_id=APP-2026-499874 score=468 decision=APPROVED
2026-03-04T11:14:42.534+01:00 INFO offer-service host=offer-service-a41e92-x2k4p corrId=c-a713b2536d41fcbb loan offer generated application_id=APP-2026-499874 loan_type=FIXED_30Y principal_dkk=1795000
2026-03-04T11:14:42.671+01:00 INFO document-service host=document-service-5b8f6c-x2k4p corrId=c-a713b2536d41fcbb offer document stored application_id=APP-2026-499874 doc_id=DOC-c9d2ca26
2026-03-04T11:14:42.693+01:00 INFO portal-bff host=portal-bff-7c9d5b-x2k4p corrId=c-a713b2536d41fcbb application completed application_id=APP-2026-499874 status=OFFER_ISSUED
2026-03-04T11:15:00.379+01:00 INFO api-gateway host=api-gateway-a41e92-x2k4p corrId=- health probe ok status=200 latency_ms=2
2026-03-04T11:16:20.543+01:00 INFO portal-bff host=portal-bff-5b8f6c-t6zvn corrId=c-c7fe4f69f5c25740 loan application submitted application_id=APP-2026-174244 customer_segment=RETAIL
2026-03-04T11:16:20.663+01:00 INFO identity-service host=identity-service-a41e92-t6zvn corrId=c-c7fe4f69f5c25740 MitID session validated customer_id=C92602441
2026-03-04T11:16:20.800+01:00 INFO customer-service host=customer-service-7c9d5b-p9qmz corrId=c-c7fe4f69f5c25740 KYC profile loaded customer_id=C92602441 risk_class=MEDIUM
2026-03-04T11:16:20.806+01:00 INFO valuation-service host=valuation-service-a41e92-x2k4p corrId=c-c7fe4f69f5c25740 property valuation requested property_id=P8336893 provider=bolig-vurdering
2026-03-04T11:16:21.024+01:00 INFO valuation-service host=valuation-service-7c9d5b-x2k4p corrId=c-c7fe4f69f5c25740 property valuation received property_id=P8336893 value_dkk=2480000 latency_ms=210
2026-03-04T11:16:21.162+01:00 INFO credit-service host=credit-service-a41e92-x2k4p corrId=c-c7fe4f69f5c25740 credit assessment completed application_id=APP-2026-174244 score=822 decision=APPROVED
2026-03-04T11:16:21.236+01:00 INFO offer-service host=offer-service-a41e92-x2k4p corrId=c-c7fe4f69f5c25740 loan offer generated application_id=APP-2026-174244 loan_type=FIXED_30Y principal_dkk=2825000
2026-03-04T11:16:21.287+01:00 INFO document-service host=document-service-5b8f6c-p9qmz corrId=c-c7fe4f69f5c25740 offer document stored application_id=APP-2026-174244 doc_id=DOC-7fcdcb86
2026-03-04T11:16:21.307+01:00 INFO portal-bff host=portal-bff-7c9d5b-p9qmz corrId=c-c7fe4f69f5c25740 application completed application_id=APP-2026-174244 status=OFFER_ISSUED
2026-03-04T11:17:18.459+01:00 INFO portal-bff host=portal-bff-a41e92-x2k4p corrId=c-f86c052f34508689 loan application submitted application_id=APP-2026-124376 customer_segment=RETAIL
2026-03-04T11:17:18.510+01:00 INFO identity-service host=identity-service-7c9d5b-x2k4p corrId=c-f86c052f34508689 MitID session validated customer_id=C01495568
2026-03-04T11:17:18.618+01:00 INFO customer-service host=customer-service-a41e92-t6zvn corrId=c-f86c052f34508689 KYC profile loaded customer_id=C01495568 risk_class=MEDIUM
2026-03-04T11:17:18.754+01:00 INFO valuation-service host=valuation-service-7c9d5b-p9qmz corrId=c-f86c052f34508689 property valuation requested property_id=P2778618 provider=valuta-ejd
2026-03-04T11:17:19.232+01:00 INFO portal-bff host=portal-bff-a41e92-p9qmz corrId=c-36670cd45d1a2ac4 loan application submitted application_id=APP-2026-505764 customer_segment=SME
2026-03-04T11:17:19.346+01:00 INFO identity-service host=identity-service-a41e92-x2k4p corrId=c-36670cd45d1a2ac4 MitID session validated customer_id=C04393584
2026-03-04T11:17:19.449+01:00 INFO customer-service host=customer-service-7c9d5b-p9qmz corrId=c-36670cd45d1a2ac4 KYC profile loaded customer_id=C04393584 risk_class=HIGH
2026-03-04T11:17:19.516+01:00 INFO valuation-service host=valuation-service-a41e92-p9qmz corrId=c-36670cd45d1a2ac4 property valuation requested property_id=P7731303 provider=valuta-ejd
2026-03-04T11:17:19.661+01:00 INFO valuation-service host=valuation-service-7c9d5b-t6zvn corrId=c-f86c052f34508689 property valuation received property_id=P2778618 value_dkk=8410000 latency_ms=820
2026-03-04T11:17:19.695+01:00 INFO credit-service host=credit-service-7c9d5b-x2k4p corrId=c-f86c052f34508689 credit assessment completed application_id=APP-2026-124376 score=698 decision=APPROVED
2026-03-04T11:17:19.774+01:00 INFO offer-service host=offer-service-5b8f6c-t6zvn corrId=c-f86c052f34508689 loan offer generated application_id=APP-2026-124376 loan_type=FLEX_1Y principal_dkk=3840000
2026-03-04T11:17:19.817+01:00 INFO document-service host=document-service-7c9d5b-x2k4p corrId=c-f86c052f34508689 offer document stored application_id=APP-2026-124376 doc_id=DOC-b2ce9b59
2026-03-04T11:17:19.852+01:00 INFO valuation-service host=valuation-service-5b8f6c-p9qmz corrId=c-36670cd45d1a2ac4 property valuation received property_id=P7731303 value_dkk=1270000 latency_ms=198
2026-03-04T11:17:19.908+01:00 INFO portal-bff host=portal-bff-a41e92-x2k4p corrId=c-f86c052f34508689 application completed application_id=APP-2026-124376 status=OFFER_ISSUED
2026-03-04T11:17:19.974+01:00 INFO credit-service host=credit-service-7c9d5b-t6zvn corrId=c-36670cd45d1a2ac4 credit assessment completed application_id=APP-2026-505764 score=665 decision=APPROVED
2026-03-04T11:17:20.035+01:00 INFO offer-service host=offer-service-5b8f6c-p9qmz corrId=c-36670cd45d1a2ac4 loan offer generated application_id=APP-2026-505764 loan_type=FIXED_20Y_IO principal_dkk=645000
2026-03-04T11:17:20.150+01:00 INFO document-service host=document-service-7c9d5b-p9qmz corrId=c-36670cd45d1a2ac4 offer document stored application_id=APP-2026-505764 doc_id=DOC-b666b22f
2026-03-04T11:17:20.250+01:00 INFO portal-bff host=portal-bff-7c9d5b-t6zvn corrId=c-36670cd45d1a2ac4 application completed application_id=APP-2026-505764 status=OFFER_ISSUED
2026-03-04T11:20:00.429+01:00 INFO api-gateway host=api-gateway-a41e92-t6zvn corrId=- health probe ok status=200 latency_ms=26
2026-03-04T11:20:00.890+01:00 INFO payment-scheduler host=payment-scheduler-7c9d5b-t6zvn corrId=- scheduler heartbeat lag_ms=24
2026-03-04T11:20:51.044+01:00 INFO portal-bff host=portal-bff-7c9d5b-t6zvn corrId=c-66b33a1d5971f6fc loan application submitted application_id=APP-2026-211672 customer_segment=PRIVATE
2026-03-04T11:20:51.091+01:00 INFO identity-service host=identity-service-a41e92-x2k4p corrId=c-66b33a1d5971f6fc MitID session validated customer_id=C90579738
2026-03-04T11:20:51.153+01:00 INFO customer-service host=customer-service-7c9d5b-p9qmz corrId=c-66b33a1d5971f6fc KYC profile loaded customer_id=C90579738 risk_class=LOW
2026-03-04T11:20:51.203+01:00 INFO valuation-service host=valuation-service-7c9d5b-p9qmz corrId=c-66b33a1d5971f6fc property valuation served from cache property_id=P4766499 value_dkk=3810000
2026-03-04T11:20:51.342+01:00 INFO credit-service host=credit-service-5b8f6c-p9qmz corrId=c-66b33a1d5971f6fc credit assessment completed application_id=APP-2026-211672 score=577 decision=APPROVED
2026-03-04T11:20:51.391+01:00 INFO offer-service host=offer-service-a41e92-x2k4p corrId=c-66b33a1d5971f6fc loan offer generated application_id=APP-2026-211672 loan_type=FLEX_1Y principal_dkk=4800000
2026-03-04T11:20:51.453+01:00 INFO document-service host=document-service-7c9d5b-x2k4p corrId=c-66b33a1d5971f6fc offer document stored application_id=APP-2026-211672 doc_id=DOC-1a3ee52a
2026-03-04T11:20:51.580+01:00 INFO portal-bff host=portal-bff-a41e92-x2k4p corrId=c-66b33a1d5971f6fc application completed application_id=APP-2026-211672 status=OFFER_ISSUED
2026-03-04T11:24:56.310+01:00 INFO portal-bff host=portal-bff-5b8f6c-t6zvn corrId=c-1379cdd3b321dd55 loan application submitted application_id=APP-2026-792061 customer_segment=RETAIL
2026-03-04T11:24:56.439+01:00 INFO identity-service host=identity-service-a41e92-p9qmz corrId=c-1379cdd3b321dd55 MitID session validated customer_id=C06550488
2026-03-04T11:24:56.556+01:00 INFO customer-service host=customer-service-a41e92-x2k4p corrId=c-1379cdd3b321dd55 KYC profile loaded customer_id=C06550488 risk_class=HIGH
2026-03-04T11:24:56.678+01:00 INFO valuation-service host=valuation-service-5b8f6c-t6zvn corrId=c-1379cdd3b321dd55 property valuation requested property_id=P5959083 provider=valuta-ejd
2026-03-04T11:24:57.579+01:00 INFO valuation-service host=valuation-service-7c9d5b-p9qmz corrId=c-1379cdd3b321dd55 property valuation received property_id=P5959083 value_dkk=4720000 latency_ms=885
2026-03-04T11:24:57.597+01:00 INFO credit-service host=credit-service-5b8f6c-p9qmz corrId=c-1379cdd3b321dd55 credit assessment completed application_id=APP-2026-792061 score=659 decision=APPROVED
2026-03-04T11:24:57.728+01:00 INFO offer-service host=offer-service-7c9d5b-p9qmz corrId=c-1379cdd3b321dd55 loan offer generated application_id=APP-2026-792061 loan_type=FLEX_1Y principal_dkk=1270000
2026-03-04T11:24:57.857+01:00 INFO document-service host=document-service-a41e92-t6zvn corrId=c-1379cdd3b321dd55 offer document stored application_id=APP-2026-792061 doc_id=DOC-cf46b83f
2026-03-04T11:24:57.992+01:00 INFO portal-bff host=portal-bff-a41e92-t6zvn corrId=c-1379cdd3b321dd55 application completed application_id=APP-2026-792061 status=OFFER_ISSUED
2026-03-04T11:25:00.577+01:00 INFO api-gateway host=api-gateway-7c9d5b-t6zvn corrId=- health probe ok status=200 latency_ms=23
2026-03-04T11:27:27.775+01:00 INFO portal-bff host=portal-bff-7c9d5b-x2k4p corrId=c-fb2d101b690cda9c conversion quote requested loan_id=LN258006479 target_product=FLEX_1Y
2026-03-04T11:27:27.848+01:00 INFO identity-service host=identity-service-a41e92-x2k4p corrId=c-fb2d101b690cda9c MitID session validated customer_id=C56058569
2026-03-04T11:27:27.901+01:00 INFO pricing-service host=pricing-service-5b8f6c-x2k4p corrId=c-fb2d101b690cda9c bond price fetched series=BND2.5-2053 price=91.033
2026-03-04T11:27:27.978+01:00 INFO pricing-service host=pricing-service-7c9d5b-x2k4p corrId=c-fb2d101b690cda9c conversion cost calculated loan_id=LN258006479 cost_dkk=68791.09
2026-03-04T11:27:28.060+01:00 INFO quote-service host=quote-service-7c9d5b-t6zvn corrId=c-fb2d101b690cda9c conversion quote issued quote_id=Q01453973 loan_id=LN258006479
2026-03-04T11:27:56.879+01:00 INFO portal-bff host=portal-bff-7c9d5b-p9qmz corrId=c-94e21e79a94ce5f0 conversion quote requested loan_id=LN397076775 target_product=FIXED_30Y
2026-03-04T11:27:56.909+01:00 INFO identity-service host=identity-service-5b8f6c-p9qmz corrId=c-94e21e79a94ce5f0 MitID session validated customer_id=C38931710
2026-03-04T11:27:56.980+01:00 INFO pricing-service host=pricing-service-a41e92-p9qmz corrId=c-94e21e79a94ce5f0 bond price fetched series=BND2.5-2056 price=91.978
2026-03-04T11:27:57.110+01:00 INFO pricing-service host=pricing-service-7c9d5b-p9qmz corrId=c-94e21e79a94ce5f0 conversion cost calculated loan_id=LN397076775 cost_dkk=77230.56
2026-03-04T11:27:57.219+01:00 INFO quote-service host=quote-service-5b8f6c-t6zvn corrId=c-94e21e79a94ce5f0 conversion quote issued quote_id=Q76717317 loan_id=LN397076775
2026-03-04T11:28:09.213+01:00 INFO portal-bff host=portal-bff-5b8f6c-x2k4p corrId=c-24be0e9849dc2b99 conversion quote requested loan_id=LN605160254 target_product=FLEX_5Y
2026-03-04T11:28:09.228+01:00 INFO identity-service host=identity-service-7c9d5b-x2k4p corrId=c-24be0e9849dc2b99 MitID session validated customer_id=C00421647
2026-03-04T11:28:09.358+01:00 INFO pricing-service host=pricing-service-5b8f6c-p9qmz corrId=c-24be0e9849dc2b99 bond price fetched series=BND2.5-2053 price=95.522
2026-03-04T11:28:09.416+01:00 INFO pricing-service host=pricing-service-5b8f6c-x2k4p corrId=c-24be0e9849dc2b99 conversion cost calculated loan_id=LN605160254 cost_dkk=46142.23
2026-03-04T11:28:09.533+01:00 INFO quote-service host=quote-service-a41e92-p9qmz corrId=c-24be0e9849dc2b99 conversion quote issued quote_id=Q35418178 loan_id=LN605160254
2026-03-04T11:29:26.275+01:00 INFO portal-bff host=portal-bff-a41e92-t6zvn corrId=c-e9211bc3910c3d59 loan application submitted application_id=APP-2026-689228 customer_segment=PRIVATE
2026-03-04T11:29:26.412+01:00 INFO identity-service host=identity-service-a41e92-p9qmz corrId=c-e9211bc3910c3d59 MitID session validated customer_id=C36150706
2026-03-04T11:29:26.513+01:00 INFO customer-service host=customer-service-a41e92-x2k4p corrId=c-e9211bc3910c3d59 KYC profile loaded customer_id=C36150706 risk_class=LOW
2026-03-04T11:29:26.531+01:00 INFO valuation-service host=valuation-service-5b8f6c-x2k4p corrId=c-e9211bc3910c3d59 property valuation requested property_id=P9981900 provider=valuta-ejd
2026-03-04T11:29:26.928+01:00 INFO valuation-service host=valuation-service-7c9d5b-p9qmz corrId=c-e9211bc3910c3d59 property valuation received property_id=P9981900 value_dkk=5320000 latency_ms=353
2026-03-04T11:29:26.972+01:00 INFO credit-service host=credit-service-7c9d5b-t6zvn corrId=c-e9211bc3910c3d59 credit assessment completed application_id=APP-2026-689228 score=565 decision=APPROVED
2026-03-04T11:29:27.055+01:00 INFO offer-service host=offer-service-7c9d5b-p9qmz corrId=c-e9211bc3910c3d59 loan offer generated application_id=APP-2026-689228 loan_type=FIXED_30Y principal_dkk=1340000
2026-03-04T11:29:27.092+01:00 INFO document-service host=document-service-7c9d5b-p9qmz corrId=c-e9211bc3910c3d59 offer document stored application_id=APP-2026-689228 doc_id=DOC-8a5b01a6
2026-03-04T11:29:27.163+01:00 INFO portal-bff host=portal-bff-5b8f6c-p9qmz corrId=c-e9211bc3910c3d59 application completed application_id=APP-2026-689228 status=OFFER_ISSUED
2026-03-04T11:29:31.936+01:00 INFO portal-bff host=portal-bff-a41e92-x2k4p corrId=c-f03cf0c8b47c54f5 loan application submitted application_id=APP-2026-551660 customer_segment=RETAIL
2026-03-04T11:29:31.990+01:00 INFO identity-service host=identity-service-7c9d5b-x2k4p corrId=c-f03cf0c8b47c54f5 MitID session validated customer_id=C51828038
2026-03-04T11:29:32.094+01:00 INFO customer-service host=customer-service-7c9d5b-x2k4p corrId=c-f03cf0c8b47c54f5 KYC profile loaded customer_id=C51828038 risk_class=LOW
2026-03-04T11:29:32.132+01:00 INFO valuation-service host=valuation-service-5b8f6c-x2k4p corrId=c-f03cf0c8b47c54f5 property valuation served from cache property_id=P6438527 value_dkk=4630000
2026-03-04T11:29:32.234+01:00 INFO credit-service host=credit-service-5b8f6c-x2k4p corrId=c-f03cf0c8b47c54f5 credit assessment completed application_id=APP-2026-551660 score=447 decision=APPROVED
2026-03-04T11:29:32.298+01:00 INFO offer-service host=offer-service-7c9d5b-x2k4p corrId=c-f03cf0c8b47c54f5 loan offer generated application_id=APP-2026-551660 loan_type=FLEX_1Y principal_dkk=5840000
2026-03-04T11:29:32.356+01:00 INFO document-service host=document-service-7c9d5b-p9qmz corrId=c-f03cf0c8b47c54f5 offer document stored application_id=APP-2026-551660 doc_id=DOC-1e457d8e
2026-03-04T11:29:32.397+01:00 INFO portal-bff host=portal-bff-a41e92-p9qmz corrId=c-f03cf0c8b47c54f5 application completed application_id=APP-2026-551660 status=OFFER_ISSUED
2026-03-04T11:30:00.100+01:00 INFO api-gateway host=api-gateway-5b8f6c-x2k4p corrId=- health probe ok status=200 latency_ms=16
2026-03-04T11:30:00.552+01:00 INFO payment-scheduler host=payment-scheduler-a41e92-p9qmz corrId=- scheduler heartbeat lag_ms=3
2026-03-04T11:30:22.099+01:00 INFO portal-bff host=portal-bff-a41e92-p9qmz corrId=c-a631fdc69841bf28 loan application submitted application_id=APP-2026-032913 customer_segment=RETAIL
2026-03-04T11:30:22.200+01:00 INFO identity-service host=identity-service-7c9d5b-t6zvn corrId=c-a631fdc69841bf28 MitID session validated customer_id=C19766263
2026-03-04T11:30:22.260+01:00 INFO customer-service host=customer-service-a41e92-t6zvn corrId=c-a631fdc69841bf28 KYC profile loaded customer_id=C19766263 risk_class=MEDIUM
2026-03-04T11:30:22.371+01:00 INFO valuation-service host=valuation-service-a41e92-x2k4p corrId=c-a631fdc69841bf28 property valuation requested property_id=P5743637 provider=valuta-ejd
2026-03-04T11:30:22.844+01:00 INFO valuation-service host=valuation-service-7c9d5b-p9qmz corrId=c-a631fdc69841bf28 property valuation received property_id=P5743637 value_dkk=8850000 latency_ms=434
2026-03-04T11:30:22.948+01:00 INFO credit-service host=credit-service-5b8f6c-p9qmz corrId=c-a631fdc69841bf28 credit assessment completed application_id=APP-2026-032913 score=603 decision=APPROVED
2026-03-04T11:30:22.973+01:00 INFO offer-service host=offer-service-7c9d5b-x2k4p corrId=c-a631fdc69841bf28 loan offer generated application_id=APP-2026-032913 loan_type=FLEX_1Y principal_dkk=535000
2026-03-04T11:30:23.008+01:00 INFO document-service host=document-service-a41e92-x2k4p corrId=c-a631fdc69841bf28 offer document stored application_id=APP-2026-032913 doc_id=DOC-d61d1df2
2026-03-04T11:30:23.056+01:00 INFO portal-bff host=portal-bff-a41e92-p9qmz corrId=c-a631fdc69841bf28 application completed application_id=APP-2026-032913 status=OFFER_ISSUED
2026-03-04T11:31:04.462+01:00 INFO portal-bff host=portal-bff-7c9d5b-p9qmz corrId=c-6063567b1fdadaab conversion quote requested loan_id=LN123605659 target_product=FIXED_30Y
2026-03-04T11:31:04.554+01:00 INFO identity-service host=identity-service-5b8f6c-x2k4p corrId=c-6063567b1fdadaab MitID session validated customer_id=C03815994
2026-03-04T11:31:04.683+01:00 INFO pricing-service host=pricing-service-a41e92-x2k4p corrId=c-6063567b1fdadaab bond price fetched series=BND4.0-2053 price=93.539
2026-03-04T11:31:04.774+01:00 INFO pricing-service host=pricing-service-7c9d5b-x2k4p corrId=c-6063567b1fdadaab conversion cost calculated loan_id=LN123605659 cost_dkk=56411.40
2026-03-04T11:31:04.892+01:00 INFO quote-service host=quote-service-5b8f6c-x2k4p corrId=c-6063567b1fdadaab conversion quote issued quote_id=Q45323244 loan_id=LN123605659
2026-03-04T11:31:11.148+01:00 INFO portal-bff host=portal-bff-a41e92-p9qmz corrId=c-55bd395a212fafa2 loan application submitted application_id=APP-2026-639827 customer_segment=SME
2026-03-04T11:31:11.285+01:00 INFO identity-service host=identity-service-a41e92-t6zvn corrId=c-55bd395a212fafa2 MitID session validated customer_id=C83377777
2026-03-04T11:31:11.365+01:00 INFO customer-service host=customer-service-5b8f6c-x2k4p corrId=c-55bd395a212fafa2 KYC profile loaded customer_id=C83377777 risk_class=LOW
2026-03-04T11:31:11.424+01:00 INFO valuation-service host=valuation-service-a41e92-p9qmz corrId=c-55bd395a212fafa2 property valuation served from cache property_id=P6792125 value_dkk=5660000
2026-03-04T11:31:11.442+01:00 INFO credit-service host=credit-service-5b8f6c-x2k4p corrId=c-55bd395a212fafa2 credit assessment completed application_id=APP-2026-639827 score=718 decision=APPROVED
2026-03-04T11:31:11.565+01:00 INFO offer-service host=offer-service-7c9d5b-p9qmz corrId=c-55bd395a212fafa2 loan offer generated application_id=APP-2026-639827 loan_type=FIXED_20Y_IO principal_dkk=3820000
2026-03-04T11:31:11.695+01:00 INFO document-service host=document-service-a41e92-p9qmz corrId=c-55bd395a212fafa2 offer document stored application_id=APP-2026-639827 doc_id=DOC-6eb3a30b
2026-03-04T11:31:11.700+01:00 INFO portal-bff host=portal-bff-7c9d5b-x2k4p corrId=c-55bd395a212fafa2 application completed application_id=APP-2026-639827 status=OFFER_ISSUED
2026-03-04T11:34:58.076+01:00 INFO portal-bff host=portal-bff-a41e92-p9qmz corrId=c-6c2458cb1b6192fa conversion quote requested loan_id=LN259650041 target_product=FLEX_1Y
2026-03-04T11:34:58.197+01:00 INFO identity-service host=identity-service-5b8f6c-t6zvn corrId=c-6c2458cb1b6192fa MitID session validated customer_id=C96759480
2026-03-04T11:34:58.274+01:00 INFO pricing-service host=pricing-service-7c9d5b-x2k4p corrId=c-6c2458cb1b6192fa bond price fetched series=BND2.5-2056 price=89.189
2026-03-04T11:34:58.314+01:00 INFO pricing-service host=pricing-service-7c9d5b-p9qmz corrId=c-6c2458cb1b6192fa conversion cost calculated loan_id=LN259650041 cost_dkk=6631.83
2026-03-04T11:34:58.390+01:00 INFO quote-service host=quote-service-7c9d5b-p9qmz corrId=c-6c2458cb1b6192fa conversion quote issued quote_id=Q17483722 loan_id=LN259650041
2026-03-04T11:35:00.732+01:00 INFO api-gateway host=api-gateway-7c9d5b-x2k4p corrId=- health probe ok status=200 latency_ms=29
2026-03-04T11:35:03.128+01:00 INFO portal-bff host=portal-bff-5b8f6c-x2k4p corrId=c-2ee124d2aa5f7307 conversion quote requested loan_id=LN742731433 target_product=FIXED_30Y
2026-03-04T11:35:03.136+01:00 INFO identity-service host=identity-service-a41e92-p9qmz corrId=c-2ee124d2aa5f7307 MitID session validated customer_id=C86128396
2026-03-04T11:35:03.207+01:00 INFO pricing-service host=pricing-service-a41e92-p9qmz corrId=c-2ee124d2aa5f7307 bond price fetched series=BND3.0-2053 price=98.206
2026-03-04T11:35:03.293+01:00 INFO pricing-service host=pricing-service-5b8f6c-t6zvn corrId=c-2ee124d2aa5f7307 conversion cost calculated loan_id=LN742731433 cost_dkk=85632.31
2026-03-04T11:35:03.342+01:00 INFO quote-service host=quote-service-5b8f6c-x2k4p corrId=c-2ee124d2aa5f7307 conversion quote issued quote_id=Q34580978 loan_id=LN742731433
2026-03-04T11:36:51.925+01:00 INFO portal-bff host=portal-bff-7c9d5b-t6zvn corrId=c-380f48926f08e19f loan application submitted application_id=APP-2026-528146 customer_segment=RETAIL
2026-03-04T11:36:51.979+01:00 INFO identity-service host=identity-service-7c9d5b-x2k4p corrId=c-380f48926f08e19f MitID session validated customer_id=C95433711
2026-03-04T11:36:52.099+01:00 INFO customer-service host=customer-service-7c9d5b-x2k4p corrId=c-380f48926f08e19f KYC profile loaded customer_id=C95433711 risk_class=LOW
2026-03-04T11:36:52.197+01:00 INFO valuation-service host=valuation-service-a41e92-p9qmz corrId=c-380f48926f08e19f property valuation requested property_id=P7617371 provider=bolig-vurdering
2026-03-04T11:36:52.954+01:00 INFO valuation-service host=valuation-service-7c9d5b-p9qmz corrId=c-380f48926f08e19f property valuation received property_id=P7617371 value_dkk=1840000 latency_ms=620
2026-03-04T11:36:52.963+01:00 INFO credit-service host=credit-service-a41e92-x2k4p corrId=c-380f48926f08e19f credit assessment completed application_id=APP-2026-528146 score=523 decision=APPROVED
2026-03-04T11:36:53.096+01:00 INFO offer-service host=offer-service-7c9d5b-x2k4p corrId=c-380f48926f08e19f loan offer generated application_id=APP-2026-528146 loan_type=FIXED_30Y principal_dkk=5465000
2026-03-04T11:36:53.179+01:00 INFO document-service host=document-service-7c9d5b-x2k4p corrId=c-380f48926f08e19f offer document stored application_id=APP-2026-528146 doc_id=DOC-cfb66f12
2026-03-04T11:36:53.262+01:00 INFO portal-bff host=portal-bff-a41e92-t6zvn corrId=c-380f48926f08e19f application completed application_id=APP-2026-528146 status=OFFER_ISSUED
2026-03-04T11:37:10.457+01:00 INFO portal-bff host=portal-bff-7c9d5b-p9qmz corrId=c-3f005d0c6b2a410c loan application submitted application_id=APP-2026-031467 customer_segment=RETAIL
2026-03-04T11:37:10.587+01:00 INFO identity-service host=identity-service-a41e92-t6zvn corrId=c-3f005d0c6b2a410c MitID session validated customer_id=C43623868
2026-03-04T11:37:10.673+01:00 INFO customer-service host=customer-service-a41e92-t6zvn corrId=c-3f005d0c6b2a410c KYC profile loaded customer_id=C43623868 risk_class=LOW
2026-03-04T11:37:10.683+01:00 INFO valuation-service host=valuation-service-a41e92-x2k4p corrId=c-3f005d0c6b2a410c property valuation requested property_id=P9753886 provider=valuta-ejd
2026-03-04T11:37:11.141+01:00 INFO valuation-service host=valuation-service-5b8f6c-t6zvn corrId=c-3f005d0c6b2a410c property valuation received property_id=P9753886 value_dkk=7140000 latency_ms=382
2026-03-04T11:37:11.247+01:00 INFO credit-service host=credit-service-7c9d5b-t6zvn corrId=c-3f005d0c6b2a410c credit assessment completed application_id=APP-2026-031467 score=449 decision=APPROVED
2026-03-04T11:37:11.318+01:00 INFO offer-service host=offer-service-5b8f6c-t6zvn corrId=c-3f005d0c6b2a410c loan offer generated application_id=APP-2026-031467 loan_type=FIXED_30Y principal_dkk=2200000
2026-03-04T11:37:11.330+01:00 INFO document-service host=document-service-5b8f6c-p9qmz corrId=c-3f005d0c6b2a410c offer document stored application_id=APP-2026-031467 doc_id=DOC-450c7e8e
2026-03-04T11:37:11.409+01:00 INFO portal-bff host=portal-bff-7c9d5b-p9qmz corrId=c-3f005d0c6b2a410c application completed application_id=APP-2026-031467 status=OFFER_ISSUED
2026-03-04T11:38:32.155+01:00 INFO portal-bff host=portal-bff-a41e92-t6zvn corrId=c-c27136edfcec68f0 conversion quote requested loan_id=LN249194380 target_product=FIXED_30Y
2026-03-04T11:38:32.243+01:00 INFO identity-service host=identity-service-7c9d5b-p9qmz corrId=c-c27136edfcec68f0 MitID session validated customer_id=C20665483
2026-03-04T11:38:32.381+01:00 INFO pricing-service host=pricing-service-5b8f6c-t6zvn corrId=c-c27136edfcec68f0 bond price fetched series=BND2.5-2053 price=95.992
2026-03-04T11:38:32.485+01:00 INFO pricing-service host=pricing-service-5b8f6c-p9qmz corrId=c-c27136edfcec68f0 conversion cost calculated loan_id=LN249194380 cost_dkk=33648.26
2026-03-04T11:38:32.603+01:00 INFO quote-service host=quote-service-a41e92-p9qmz corrId=c-c27136edfcec68f0 conversion quote issued quote_id=Q79751711 loan_id=LN249194380
2026-03-04T11:38:54.482+01:00 INFO offer-service host=offer-service-a41e92-t6zvn corrId=c-15e8ab196b78b12e offer accepted application_id=APP-2026-925476
2026-03-04T11:38:54.526+01:00 INFO ledger-service host=ledger-service-a41e92-p9qmz corrId=c-15e8ab196b78b12e funds reserved application_id=APP-2026-925476 amount_dkk=5045000
2026-03-04T11:38:54.662+01:00 INFO payment-service host=payment-service-a41e92-p9qmz corrId=c-15e8ab196b78b12e payout instruction sent application_id=APP-2026-925476 amount_dkk=5045000
2026-03-04T11:38:54.729+01:00 INFO ledger-service host=ledger-service-a41e92-x2k4p corrId=c-15e8ab196b78b12e payout booked application_id=APP-2026-925476 posting_id=PST-9ec870b2c3
2026-03-04T11:38:54.808+01:00 INFO notification-service host=notification-service-7c9d5b-x2k4p corrId=c-15e8ab196b78b12e payout confirmation sent application_id=APP-2026-925476
2026-03-04T11:39:16.786+01:00 INFO portal-bff host=portal-bff-5b8f6c-t6zvn corrId=c-03d4afeb020846f4 conversion quote requested loan_id=LN570832215 target_product=FIXED_30Y
2026-03-04T11:39:16.824+01:00 INFO identity-service host=identity-service-a41e92-x2k4p corrId=c-03d4afeb020846f4 MitID session validated customer_id=C86749996
2026-03-04T11:39:16.956+01:00 INFO pricing-service host=pricing-service-a41e92-x2k4p corrId=c-03d4afeb020846f4 bond price fetched series=BND4.0-2056 price=96.893
2026-03-04T11:39:17.069+01:00 INFO pricing-service host=pricing-service-a41e92-t6zvn corrId=c-03d4afeb020846f4 conversion cost calculated loan_id=LN570832215 cost_dkk=45518.15
2026-03-04T11:39:17.131+01:00 INFO quote-service host=quote-service-7c9d5b-t6zvn corrId=c-03d4afeb020846f4 conversion quote issued quote_id=Q47055413 loan_id=LN570832215
2026-03-04T11:40:00.220+01:00 INFO payment-scheduler host=payment-scheduler-7c9d5b-p9qmz corrId=- scheduler heartbeat lag_ms=112
2026-03-04T11:40:00.438+01:00 INFO api-gateway host=api-gateway-7c9d5b-x2k4p corrId=- health probe ok status=200 latency_ms=12
2026-03-04T11:40:50.220+01:00 INFO portal-bff host=portal-bff-a41e92-t6zvn corrId=c-21e5568962245177 loan application submitted application_id=APP-2026-038487 customer_segment=SME
2026-03-04T11:40:50.282+01:00 INFO identity-service host=identity-service-5b8f6c-x2k4p corrId=c-21e5568962245177 MitID session validated customer_id=C57859054
2026-03-04T11:40:50.347+01:00 INFO customer-service host=customer-service-7c9d5b-p9qmz corrId=c-21e5568962245177 KYC profile loaded customer_id=C57859054 risk_class=HIGH
2026-03-04T11:40:50.414+01:00 INFO valuation-service host=valuation-service-5b8f6c-t6zvn corrId=c-21e5568962245177 property valuation requested property_id=P3101901 provider=valuta-ejd
2026-03-04T11:40:50.617+01:00 INFO valuation-service host=valuation-service-5b8f6c-t6zvn corrId=c-21e5568962245177 property valuation received property_id=P3101901 value_dkk=8280000 latency_ms=190
2026-03-04T11:40:50.636+01:00 INFO credit-service host=credit-service-7c9d5b-p9qmz corrId=c-21e5568962245177 credit assessment completed application_id=APP-2026-038487 score=878 decision=APPROVED
2026-03-04T11:40:50.665+01:00 INFO offer-service host=offer-service-7c9d5b-p9qmz corrId=c-21e5568962245177 loan offer generated application_id=APP-2026-038487 loan_type=FIXED_30Y principal_dkk=4490000
2026-03-04T11:40:50.703+01:00 INFO document-service host=document-service-7c9d5b-x2k4p corrId=c-21e5568962245177 offer document stored application_id=APP-2026-038487 doc_id=DOC-175eb3de
2026-03-04T11:40:50.833+01:00 INFO portal-bff host=portal-bff-5b8f6c-x2k4p corrId=c-21e5568962245177 application completed application_id=APP-2026-038487 status=OFFER_ISSUED
2026-03-04T11:42:18.045+01:00 INFO portal-bff host=portal-bff-7c9d5b-p9qmz corrId=c-336d71535ffa0c2c loan application submitted application_id=APP-2026-670178 customer_segment=PRIVATE
2026-03-04T11:42:18.138+01:00 INFO identity-service host=identity-service-5b8f6c-x2k4p corrId=c-336d71535ffa0c2c MitID session validated customer_id=C00071476
2026-03-04T11:42:18.202+01:00 INFO customer-service host=customer-service-5b8f6c-x2k4p corrId=c-336d71535ffa0c2c KYC profile loaded customer_id=C00071476 risk_class=LOW
2026-03-04T11:42:18.332+01:00 INFO valuation-service host=valuation-service-5b8f6c-p9qmz corrId=c-336d71535ffa0c2c property valuation requested property_id=P2223303 provider=valuta-ejd
2026-03-04T11:42:18.757+01:00 INFO valuation-service host=valuation-service-5b8f6c-t6zvn corrId=c-336d71535ffa0c2c property valuation received property_id=P2223303 value_dkk=6130000 latency_ms=294
2026-03-04T11:42:18.854+01:00 INFO credit-service host=credit-service-7c9d5b-x2k4p corrId=c-336d71535ffa0c2c credit assessment completed application_id=APP-2026-670178 score=616 decision=APPROVED
2026-03-04T11:42:18.968+01:00 INFO offer-service host=offer-service-7c9d5b-x2k4p corrId=c-336d71535ffa0c2c loan offer generated application_id=APP-2026-670178 loan_type=FIXED_30Y principal_dkk=2580000
2026-03-04T11:42:19.002+01:00 INFO document-service host=document-service-a41e92-p9qmz corrId=c-336d71535ffa0c2c offer document stored application_id=APP-2026-670178 doc_id=DOC-93e72496
2026-03-04T11:42:19.069+01:00 INFO portal-bff host=portal-bff-a41e92-t6zvn corrId=c-336d71535ffa0c2c application completed application_id=APP-2026-670178 status=OFFER_ISSUED
2026-03-04T11:43:53.978+01:00 INFO offer-service host=offer-service-a41e92-p9qmz corrId=c-4ecaecf6bcfa594e offer accepted application_id=APP-2026-547254
2026-03-04T11:43:54.092+01:00 INFO ledger-service host=ledger-service-a41e92-t6zvn corrId=c-4ecaecf6bcfa594e funds reserved application_id=APP-2026-547254 amount_dkk=1420000
2026-03-04T11:43:54.163+01:00 INFO payment-service host=payment-service-5b8f6c-p9qmz corrId=c-4ecaecf6bcfa594e payout instruction sent application_id=APP-2026-547254 amount_dkk=1420000
2026-03-04T11:43:54.186+01:00 INFO ledger-service host=ledger-service-5b8f6c-t6zvn corrId=c-4ecaecf6bcfa594e payout booked application_id=APP-2026-547254 posting_id=PST-af57d7cb0a
2026-03-04T11:43:54.263+01:00 INFO notification-service host=notification-service-5b8f6c-p9qmz corrId=c-4ecaecf6bcfa594e payout confirmation sent application_id=APP-2026-547254
2026-03-04T11:44:10.334+01:00 INFO portal-bff host=portal-bff-7c9d5b-t6zvn corrId=c-9f87c07b517e180c conversion quote requested loan_id=LN473786749 target_product=FLEX_5Y
2026-03-04T11:44:10.409+01:00 INFO identity-service host=identity-service-7c9d5b-t6zvn corrId=c-9f87c07b517e180c MitID session validated customer_id=C33850512
2026-03-04T11:44:10.502+01:00 INFO pricing-service host=pricing-service-7c9d5b-x2k4p corrId=c-9f87c07b517e180c bond price fetched series=BND3.0-2053 price=99.029
2026-03-04T11:44:10.570+01:00 INFO pricing-service host=pricing-service-a41e92-p9qmz corrId=c-9f87c07b517e180c conversion cost calculated loan_id=LN473786749 cost_dkk=48278.54
2026-03-04T11:44:10.679+01:00 INFO quote-service host=quote-service-a41e92-x2k4p corrId=c-9f87c07b517e180c conversion quote issued quote_id=Q73077149 loan_id=LN473786749
2026-03-04T11:45:00.779+01:00 INFO api-gateway host=api-gateway-5b8f6c-p9qmz corrId=- health probe ok status=200 latency_ms=32
2026-03-04T11:45:08.564+01:00 INFO portal-bff host=portal-bff-5b8f6c-t6zvn corrId=c-e02664a4432eab1a conversion quote requested loan_id=LN931287605 target_product=FIXED_30Y
2026-03-04T11:45:08.657+01:00 INFO identity-service host=identity-service-7c9d5b-x2k4p corrId=c-e02664a4432eab1a MitID session validated customer_id=C26666705
2026-03-04T11:45:08.750+01:00 INFO pricing-service host=pricing-service-7c9d5b-x2k4p corrId=c-e02664a4432eab1a bond price fetched series=BND2.5-2053 price=90.115
2026-03-04T11:45:08.882+01:00 INFO pricing-service host=pricing-service-a41e92-x2k4p corrId=c-e02664a4432eab1a conversion cost calculated loan_id=LN931287605 cost_dkk=13585.96
2026-03-04T11:45:08.937+01:00 INFO quote-service host=quote-service-a41e92-p9qmz corrId=c-e02664a4432eab1a conversion quote issued quote_id=Q64033809 loan_id=LN931287605
2026-03-04T11:45:29.904+01:00 INFO portal-bff host=portal-bff-7c9d5b-x2k4p corrId=c-e1a77cfbb5a09033 conversion quote requested loan_id=LN835795005 target_product=FLEX_5Y
2026-03-04T11:45:29.964+01:00 INFO identity-service host=identity-service-7c9d5b-x2k4p corrId=c-e1a77cfbb5a09033 MitID session validated customer_id=C32061059
2026-03-04T11:45:30.092+01:00 INFO pricing-service host=pricing-service-7c9d5b-x2k4p corrId=c-e1a77cfbb5a09033 bond price fetched series=BND4.0-2056 price=93.490
2026-03-04T11:45:30.163+01:00 INFO pricing-service host=pricing-service-7c9d5b-x2k4p corrId=c-e1a77cfbb5a09033 conversion cost calculated loan_id=LN835795005 cost_dkk=67713.40
2026-03-04T11:45:30.203+01:00 INFO quote-service host=quote-service-5b8f6c-p9qmz corrId=c-e1a77cfbb5a09033 conversion quote issued quote_id=Q36856849 loan_id=LN835795005
2026-03-04T11:46:27.316+01:00 INFO portal-bff host=portal-bff-5b8f6c-x2k4p corrId=c-047fed677bd8562a loan application submitted application_id=APP-2026-308450 customer_segment=RETAIL
2026-03-04T11:46:27.369+01:00 INFO identity-service host=identity-service-7c9d5b-t6zvn corrId=c-047fed677bd8562a MitID session validated customer_id=C18914420
2026-03-04T11:46:27.423+01:00 INFO customer-service host=customer-service-5b8f6c-t6zvn corrId=c-047fed677bd8562a KYC profile loaded customer_id=C18914420 risk_class=MEDIUM
2026-03-04T11:46:27.556+01:00 INFO valuation-service host=valuation-service-7c9d5b-p9qmz corrId=c-047fed677bd8562a property valuation requested property_id=P6304536 provider=bolig-vurdering
2026-03-04T11:46:28.381+01:00 INFO valuation-service host=valuation-service-a41e92-x2k4p corrId=c-047fed677bd8562a property valuation received property_id=P6304536 value_dkk=2470000 latency_ms=810
2026-03-04T11:46:28.497+01:00 INFO credit-service host=credit-service-7c9d5b-x2k4p corrId=c-047fed677bd8562a credit assessment completed application_id=APP-2026-308450 score=788 decision=APPROVED
2026-03-04T11:46:28.576+01:00 INFO offer-service host=offer-service-a41e92-p9qmz corrId=c-047fed677bd8562a loan offer generated application_id=APP-2026-308450 loan_type=FIXED_30Y principal_dkk=5385000
2026-03-04T11:46:28.712+01:00 INFO document-service host=document-service-a41e92-p9qmz corrId=c-047fed677bd8562a offer document stored application_id=APP-2026-308450 doc_id=DOC-fe82968f
2026-03-04T11:46:28.771+01:00 INFO portal-bff host=portal-bff-5b8f6c-p9qmz corrId=c-047fed677bd8562a application completed application_id=APP-2026-308450 status=OFFER_ISSUED
2026-03-04T11:46:35.562+01:00 INFO portal-bff host=portal-bff-a41e92-p9qmz corrId=c-6e02a3f73e80508d loan application submitted application_id=APP-2026-729398 customer_segment=RETAIL
2026-03-04T11:46:35.699+01:00 INFO identity-service host=identity-service-a41e92-t6zvn corrId=c-6e02a3f73e80508d MitID session validated customer_id=C10045665
2026-03-04T11:46:35.809+01:00 INFO customer-service host=customer-service-7c9d5b-x2k4p corrId=c-6e02a3f73e80508d KYC profile loaded customer_id=C10045665 risk_class=MEDIUM
2026-03-04T11:46:35.877+01:00 INFO valuation-service host=valuation-service-a41e92-p9qmz corrId=c-6e02a3f73e80508d property valuation requested property_id=P7109275 provider=bolig-vurdering
2026-03-04T11:46:36.324+01:00 INFO valuation-service host=valuation-service-5b8f6c-x2k4p corrId=c-6e02a3f73e80508d property valuation received property_id=P7109275 value_dkk=6520000 latency_ms=341
2026-03-04T11:46:36.436+01:00 INFO credit-service host=credit-service-7c9d5b-t6zvn corrId=c-6e02a3f73e80508d credit assessment completed application_id=APP-2026-729398 score=621 decision=APPROVED
2026-03-04T11:46:36.533+01:00 INFO offer-service host=offer-service-a41e92-t6zvn corrId=c-6e02a3f73e80508d loan offer generated application_id=APP-2026-729398 loan_type=FIXED_20Y_IO principal_dkk=3430000
2026-03-04T11:46:36.630+01:00 INFO document-service host=document-service-a41e92-t6zvn corrId=c-6e02a3f73e80508d offer document stored application_id=APP-2026-729398 doc_id=DOC-103af572
2026-03-04T11:46:36.767+01:00 INFO portal-bff host=portal-bff-5b8f6c-t6zvn corrId=c-6e02a3f73e80508d application completed application_id=APP-2026-729398 status=OFFER_ISSUED
2026-03-04T11:46:46.251+01:00 INFO portal-bff host=portal-bff-a41e92-p9qmz corrId=c-ab48c3e33443a9c6 conversion quote requested loan_id=LN361684014 target_product=FIXED_30Y
2026-03-04T11:46:46.263+01:00 INFO identity-service host=identity-service-a41e92-p9qmz corrId=c-ab48c3e33443a9c6 MitID session validated customer_id=C66308992
2026-03-04T11:46:46.355+01:00 INFO pricing-service host=pricing-service-7c9d5b-x2k4p corrId=c-ab48c3e33443a9c6 bond price fetched series=BND4.0-2053 price=93.204
2026-03-04T11:46:46.409+01:00 INFO pricing-service host=pricing-service-a41e92-x2k4p corrId=c-ab48c3e33443a9c6 conversion cost calculated loan_id=LN361684014 cost_dkk=87044.00
2026-03-04T11:46:46.462+01:00 INFO quote-service host=quote-service-7c9d5b-t6zvn corrId=c-ab48c3e33443a9c6 conversion quote issued quote_id=Q38131182 loan_id=LN361684014
2026-03-04T11:47:24.102+01:00 INFO portal-bff host=portal-bff-a41e92-t6zvn corrId=c-4846f286b14f0e9c conversion quote requested loan_id=LN550612508 target_product=FIXED_30Y
2026-03-04T11:47:24.148+01:00 INFO identity-service host=identity-service-5b8f6c-t6zvn corrId=c-4846f286b14f0e9c MitID session validated customer_id=C90120190
2026-03-04T11:47:24.165+01:00 INFO pricing-service host=pricing-service-7c9d5b-p9qmz corrId=c-4846f286b14f0e9c bond price fetched series=BND4.0-2053 price=96.079
2026-03-04T11:47:24.177+01:00 INFO pricing-service host=pricing-service-5b8f6c-x2k4p corrId=c-4846f286b14f0e9c conversion cost calculated loan_id=LN550612508 cost_dkk=15897.37
2026-03-04T11:47:24.272+01:00 INFO quote-service host=quote-service-7c9d5b-x2k4p corrId=c-4846f286b14f0e9c conversion quote issued quote_id=Q77567817 loan_id=LN550612508
2026-03-04T11:47:52.264+01:00 INFO portal-bff host=portal-bff-7c9d5b-t6zvn corrId=c-e9fa884a8f4d344e loan application submitted application_id=APP-2026-151481 customer_segment=PRIVATE
2026-03-04T11:47:52.299+01:00 INFO identity-service host=identity-service-7c9d5b-t6zvn corrId=c-e9fa884a8f4d344e MitID session validated customer_id=C13814922
2026-03-04T11:47:52.320+01:00 INFO customer-service host=customer-service-7c9d5b-p9qmz corrId=c-e9fa884a8f4d344e KYC profile loaded customer_id=C13814922 risk_class=LOW
2026-03-04T11:47:52.448+01:00 INFO valuation-service host=valuation-service-7c9d5b-t6zvn corrId=c-e9fa884a8f4d344e property valuation requested property_id=P1158165 provider=valuta-ejd
2026-03-04T11:47:53.423+01:00 INFO valuation-service host=valuation-service-7c9d5b-p9qmz corrId=c-e9fa884a8f4d344e property valuation received property_id=P1158165 value_dkk=5100000 latency_ms=932
2026-03-04T11:47:53.494+01:00 INFO credit-service host=credit-service-a41e92-t6zvn corrId=c-e9fa884a8f4d344e credit assessment completed application_id=APP-2026-151481 score=783 decision=APPROVED
2026-03-04T11:47:53.541+01:00 INFO offer-service host=offer-service-5b8f6c-x2k4p corrId=c-e9fa884a8f4d344e loan offer generated application_id=APP-2026-151481 loan_type=FLEX_5Y principal_dkk=3645000
2026-03-04T11:47:53.576+01:00 INFO document-service host=document-service-5b8f6c-t6zvn corrId=c-e9fa884a8f4d344e offer document stored application_id=APP-2026-151481 doc_id=DOC-02b8577f
2026-03-04T11:47:53.672+01:00 INFO portal-bff host=portal-bff-a41e92-p9qmz corrId=c-e9fa884a8f4d344e application completed application_id=APP-2026-151481 status=OFFER_ISSUED
2026-03-04T11:48:11.315+01:00 INFO portal-bff host=portal-bff-5b8f6c-t6zvn corrId=c-d3bd19a0779ee256 conversion quote requested loan_id=LN407811170 target_product=FLEX_5Y
2026-03-04T11:48:11.439+01:00 INFO identity-service host=identity-service-7c9d5b-x2k4p corrId=c-d3bd19a0779ee256 MitID session validated customer_id=C38979392
2026-03-04T11:48:11.564+01:00 INFO pricing-service host=pricing-service-7c9d5b-t6zvn corrId=c-d3bd19a0779ee256 bond price fetched series=BND2.5-2056 price=99.816
2026-03-04T11:48:11.598+01:00 INFO pricing-service host=pricing-service-a41e92-t6zvn corrId=c-d3bd19a0779ee256 conversion cost calculated loan_id=LN407811170 cost_dkk=54713.41
2026-03-04T11:48:11.736+01:00 INFO quote-service host=quote-service-5b8f6c-x2k4p corrId=c-d3bd19a0779ee256 conversion quote issued quote_id=Q54558601 loan_id=LN407811170
2026-03-04T11:50:00.674+01:00 INFO api-gateway host=api-gateway-5b8f6c-p9qmz corrId=- health probe ok status=200 latency_ms=26
2026-03-04T11:50:00.896+01:00 INFO payment-scheduler host=payment-scheduler-a41e92-p9qmz corrId=- scheduler heartbeat lag_ms=72
2026-03-04T11:50:36.057+01:00 INFO portal-bff host=portal-bff-5b8f6c-t6zvn corrId=c-264d98f01ab474b2 loan application submitted application_id=APP-2026-660664 customer_segment=PRIVATE
2026-03-04T11:50:36.134+01:00 INFO identity-service host=identity-service-a41e92-x2k4p corrId=c-264d98f01ab474b2 MitID session validated customer_id=C99945410
2026-03-04T11:50:36.207+01:00 INFO customer-service host=customer-service-7c9d5b-p9qmz corrId=c-264d98f01ab474b2 KYC profile loaded customer_id=C99945410 risk_class=HIGH
2026-03-04T11:50:36.249+01:00 INFO valuation-service host=valuation-service-7c9d5b-p9qmz corrId=c-264d98f01ab474b2 property valuation requested property_id=P7043003 provider=valuta-ejd
2026-03-04T11:50:36.599+01:00 INFO valuation-service host=valuation-service-a41e92-x2k4p corrId=c-264d98f01ab474b2 property valuation received property_id=P7043003 value_dkk=2200000 latency_ms=237
2026-03-04T11:50:36.705+01:00 INFO credit-service host=credit-service-a41e92-p9qmz corrId=c-264d98f01ab474b2 credit assessment completed application_id=APP-2026-660664 score=711 decision=APPROVED
2026-03-04T11:50:36.750+01:00 INFO offer-service host=offer-service-7c9d5b-t6zvn corrId=c-264d98f01ab474b2 loan offer generated application_id=APP-2026-660664 loan_type=FIXED_30Y principal_dkk=1855000
2026-03-04T11:50:36.859+01:00 INFO document-service host=document-service-a41e92-x2k4p corrId=c-264d98f01ab474b2 offer document stored application_id=APP-2026-660664 doc_id=DOC-26c70730
2026-03-04T11:50:36.978+01:00 INFO portal-bff host=portal-bff-a41e92-x2k4p corrId=c-264d98f01ab474b2 application completed application_id=APP-2026-660664 status=OFFER_ISSUED
2026-03-04T11:55:00.535+01:00 INFO api-gateway host=api-gateway-5b8f6c-x2k4p corrId=- health probe ok status=200 latency_ms=33
2026-03-04T11:55:08.395+01:00 INFO portal-bff host=portal-bff-5b8f6c-p9qmz corrId=c-e0d463d795c893ea conversion quote requested loan_id=LN292550713 target_product=FLEX_5Y
2026-03-04T11:55:08.512+01:00 INFO identity-service host=identity-service-a41e92-p9qmz corrId=c-e0d463d795c893ea MitID session validated customer_id=C89902969
2026-03-04T11:55:08.519+01:00 INFO pricing-service host=pricing-service-5b8f6c-p9qmz corrId=c-e0d463d795c893ea bond price fetched series=BND2.5-2053 price=99.281
2026-03-04T11:55:08.543+01:00 INFO pricing-service host=pricing-service-5b8f6c-p9qmz corrId=c-e0d463d795c893ea conversion cost calculated loan_id=LN292550713 cost_dkk=80360.17
2026-03-04T11:55:08.636+01:00 INFO quote-service host=quote-service-a41e92-p9qmz corrId=c-e0d463d795c893ea conversion quote issued quote_id=Q01075130 loan_id=LN292550713
2026-03-04T11:55:13.306+01:00 INFO portal-bff host=portal-bff-5b8f6c-t6zvn corrId=c-0aeeeed8f40716cf loan application submitted application_id=APP-2026-876348 customer_segment=SME
2026-03-04T11:55:13.350+01:00 INFO identity-service host=identity-service-a41e92-x2k4p corrId=c-0aeeeed8f40716cf MitID session validated customer_id=C07377049
2026-03-04T11:55:13.447+01:00 INFO customer-service host=customer-service-a41e92-p9qmz corrId=c-0aeeeed8f40716cf KYC profile loaded customer_id=C07377049 risk_class=MEDIUM
2026-03-04T11:55:13.497+01:00 INFO valuation-service host=valuation-service-5b8f6c-x2k4p corrId=c-0aeeeed8f40716cf property valuation requested property_id=P2378602 provider=valuta-ejd
2026-03-04T11:55:14.493+01:00 INFO valuation-service host=valuation-service-5b8f6c-x2k4p corrId=c-0aeeeed8f40716cf property valuation received property_id=P2378602 value_dkk=6910000 latency_ms=901
2026-03-04T11:55:14.518+01:00 INFO credit-service host=credit-service-a41e92-x2k4p corrId=c-0aeeeed8f40716cf credit assessment completed application_id=APP-2026-876348 score=470 decision=APPROVED
2026-03-04T11:55:14.602+01:00 INFO offer-service host=offer-service-7c9d5b-x2k4p corrId=c-0aeeeed8f40716cf loan offer generated application_id=APP-2026-876348 loan_type=FLEX_5Y principal_dkk=2125000
2026-03-04T11:55:14.649+01:00 INFO document-service host=document-service-a41e92-x2k4p corrId=c-0aeeeed8f40716cf offer document stored application_id=APP-2026-876348 doc_id=DOC-20242e78
2026-03-04T11:55:14.723+01:00 INFO portal-bff host=portal-bff-5b8f6c-t6zvn corrId=c-0aeeeed8f40716cf application completed application_id=APP-2026-876348 status=OFFER_ISSUED
2026-03-04T11:55:16.447+01:00 INFO portal-bff host=portal-bff-a41e92-p9qmz corrId=c-834a0363a8d0322d loan application submitted application_id=APP-2026-622074 customer_segment=PRIVATE
2026-03-04T11:55:16.563+01:00 INFO identity-service host=identity-service-7c9d5b-x2k4p corrId=c-834a0363a8d0322d MitID session validated customer_id=C37445518
2026-03-04T11:55:16.627+01:00 INFO customer-service host=customer-service-7c9d5b-p9qmz corrId=c-834a0363a8d0322d KYC profile loaded customer_id=C37445518 risk_class=LOW
2026-03-04T11:55:16.736+01:00 INFO valuation-service host=valuation-service-7c9d5b-x2k4p corrId=c-834a0363a8d0322d property valuation requested property_id=P0068194 provider=valuta-ejd
2026-03-04T11:55:17.608+01:00 INFO valuation-service host=valuation-service-7c9d5b-t6zvn corrId=c-834a0363a8d0322d property valuation received property_id=P0068194 value_dkk=8360000 latency_ms=740
2026-03-04T11:55:17.726+01:00 INFO credit-service host=credit-service-a41e92-t6zvn corrId=c-834a0363a8d0322d credit assessment completed application_id=APP-2026-622074 score=774 decision=APPROVED
2026-03-04T11:55:17.738+01:00 INFO offer-service host=offer-service-7c9d5b-x2k4p corrId=c-834a0363a8d0322d loan offer generated application_id=APP-2026-622074 loan_type=FIXED_30Y principal_dkk=1165000
2026-03-04T11:55:17.836+01:00 INFO document-service host=document-service-5b8f6c-x2k4p corrId=c-834a0363a8d0322d offer document stored application_id=APP-2026-622074 doc_id=DOC-bc5cc5ac
2026-03-04T11:55:17.898+01:00 INFO portal-bff host=portal-bff-7c9d5b-t6zvn corrId=c-834a0363a8d0322d application completed application_id=APP-2026-622074 status=OFFER_ISSUED
2026-03-04T11:55:46.325+01:00 INFO portal-bff host=portal-bff-7c9d5b-x2k4p corrId=c-e0e36a4e68c87067 loan application submitted application_id=APP-2026-535420 customer_segment=RETAIL
2026-03-04T11:55:46.426+01:00 INFO identity-service host=identity-service-7c9d5b-x2k4p corrId=c-e0e36a4e68c87067 MitID session validated customer_id=C79082475
2026-03-04T11:55:46.560+01:00 INFO customer-service host=customer-service-a41e92-p9qmz corrId=c-e0e36a4e68c87067 KYC profile loaded customer_id=C79082475 risk_class=MEDIUM
2026-03-04T11:55:46.604+01:00 INFO valuation-service host=valuation-service-7c9d5b-x2k4p corrId=c-e0e36a4e68c87067 property valuation requested property_id=P2129297 provider=valuta-ejd
2026-03-04T11:55:47.546+01:00 INFO valuation-service host=valuation-service-5b8f6c-x2k4p corrId=c-e0e36a4e68c87067 property valuation received property_id=P2129297 value_dkk=4880000 latency_ms=826
2026-03-04T11:55:47.571+01:00 INFO credit-service host=credit-service-a41e92-x2k4p corrId=c-e0e36a4e68c87067 credit assessment completed application_id=APP-2026-535420 score=556 decision=APPROVED
2026-03-04T11:55:47.657+01:00 INFO offer-service host=offer-service-a41e92-p9qmz corrId=c-e0e36a4e68c87067 loan offer generated application_id=APP-2026-535420 loan_type=FLEX_5Y principal_dkk=4125000
2026-03-04T11:55:47.688+01:00 INFO document-service host=document-service-5b8f6c-x2k4p corrId=c-e0e36a4e68c87067 offer document stored application_id=APP-2026-535420 doc_id=DOC-8f6f24ef
2026-03-04T11:55:47.768+01:00 INFO portal-bff host=portal-bff-7c9d5b-t6zvn corrId=c-e0e36a4e68c87067 application completed application_id=APP-2026-535420 status=OFFER_ISSUED
2026-03-04T11:55:56.016+01:00 INFO portal-bff host=portal-bff-a41e92-t6zvn corrId=c-04fa13a6189cac72 loan application submitted application_id=APP-2026-996291 customer_segment=RETAIL
2026-03-04T11:55:56.139+01:00 INFO identity-service host=identity-service-5b8f6c-x2k4p corrId=c-04fa13a6189cac72 MitID session validated customer_id=C02691655
2026-03-04T11:55:56.251+01:00 INFO customer-service host=customer-service-5b8f6c-x2k4p corrId=c-04fa13a6189cac72 KYC profile loaded customer_id=C02691655 risk_class=LOW
2026-03-04T11:55:56.359+01:00 INFO valuation-service host=valuation-service-7c9d5b-t6zvn corrId=c-04fa13a6189cac72 property valuation served from cache property_id=P5182324 value_dkk=7850000
2026-03-04T11:55:56.491+01:00 INFO credit-service host=credit-service-7c9d5b-p9qmz corrId=c-04fa13a6189cac72 credit assessment completed application_id=APP-2026-996291 score=839 decision=APPROVED
2026-03-04T11:55:56.542+01:00 INFO offer-service host=offer-service-a41e92-x2k4p corrId=c-04fa13a6189cac72 loan offer generated application_id=APP-2026-996291 loan_type=FIXED_20Y_IO principal_dkk=500000
2026-03-04T11:55:56.555+01:00 INFO document-service host=document-service-7c9d5b-p9qmz corrId=c-04fa13a6189cac72 offer document stored application_id=APP-2026-996291 doc_id=DOC-cdcc8628
2026-03-04T11:55:56.593+01:00 INFO portal-bff host=portal-bff-a41e92-x2k4p corrId=c-04fa13a6189cac72 application completed application_id=APP-2026-996291 status=OFFER_ISSUED
2026-03-04T11:56:49.693+01:00 INFO portal-bff host=portal-bff-5b8f6c-p9qmz corrId=c-f13e98ccd6cc53dc conversion quote requested loan_id=LN228620845 target_product=FLEX_5Y
2026-03-04T11:56:49.788+01:00 INFO identity-service host=identity-service-5b8f6c-x2k4p corrId=c-f13e98ccd6cc53dc MitID session validated customer_id=C35079071
2026-03-04T11:56:49.867+01:00 INFO pricing-service host=pricing-service-7c9d5b-p9qmz corrId=c-f13e98ccd6cc53dc bond price fetched series=BND2.5-2056 price=99.701
2026-03-04T11:56:49.890+01:00 INFO pricing-service host=pricing-service-5b8f6c-p9qmz corrId=c-f13e98ccd6cc53dc conversion cost calculated loan_id=LN228620845 cost_dkk=41264.06
2026-03-04T11:56:49.957+01:00 INFO quote-service host=quote-service-5b8f6c-x2k4p corrId=c-f13e98ccd6cc53dc conversion quote issued quote_id=Q40104405 loan_id=LN228620845
2026-03-04T11:57:03.700+01:00 INFO offer-service host=offer-service-a41e92-t6zvn corrId=c-882806e3718a73dd offer accepted application_id=APP-2026-825790
2026-03-04T11:57:03.795+01:00 INFO ledger-service host=ledger-service-7c9d5b-x2k4p corrId=c-882806e3718a73dd funds reserved application_id=APP-2026-825790 amount_dkk=3995000
2026-03-04T11:57:03.851+01:00 INFO payment-service host=payment-service-a41e92-x2k4p corrId=c-882806e3718a73dd payout instruction sent application_id=APP-2026-825790 amount_dkk=3995000
2026-03-04T11:57:03.976+01:00 INFO ledger-service host=ledger-service-7c9d5b-x2k4p corrId=c-882806e3718a73dd payout booked application_id=APP-2026-825790 posting_id=PST-781a5afbf8
2026-03-04T11:57:04.099+01:00 INFO notification-service host=notification-service-5b8f6c-t6zvn corrId=c-882806e3718a73dd payout confirmation sent application_id=APP-2026-825790
2026-03-04T11:57:33.878+01:00 INFO portal-bff host=portal-bff-5b8f6c-t6zvn corrId=c-3ad047eba035b679 loan application submitted application_id=APP-2026-104791 customer_segment=PRIVATE
2026-03-04T11:57:33.885+01:00 INFO identity-service host=identity-service-5b8f6c-t6zvn corrId=c-3ad047eba035b679 MitID session validated customer_id=C85263875
2026-03-04T11:57:33.908+01:00 INFO customer-service host=customer-service-7c9d5b-p9qmz corrId=c-3ad047eba035b679 KYC profile loaded customer_id=C85263875 risk_class=HIGH
2026-03-04T11:57:33.955+01:00 INFO valuation-service host=valuation-service-5b8f6c-t6zvn corrId=c-3ad047eba035b679 property valuation served from cache property_id=P9469638 value_dkk=1930000
2026-03-04T11:57:34.090+01:00 INFO credit-service host=credit-service-7c9d5b-t6zvn corrId=c-3ad047eba035b679 credit assessment completed application_id=APP-2026-104791 score=560 decision=APPROVED
2026-03-04T11:57:34.201+01:00 INFO offer-service host=offer-service-7c9d5b-x2k4p corrId=c-3ad047eba035b679 loan offer generated application_id=APP-2026-104791 loan_type=FLEX_1Y principal_dkk=5870000
2026-03-04T11:57:34.244+01:00 INFO document-service host=document-service-7c9d5b-x2k4p corrId=c-3ad047eba035b679 offer document stored application_id=APP-2026-104791 doc_id=DOC-ad8634a1
2026-03-04T11:57:34.280+01:00 INFO portal-bff host=portal-bff-5b8f6c-p9qmz corrId=c-3ad047eba035b679 application completed application_id=APP-2026-104791 status=OFFER_ISSUED
2026-03-04T11:57:47.264+01:00 INFO portal-bff host=portal-bff-5b8f6c-p9qmz corrId=c-5d3c754f7da1856d conversion quote requested loan_id=LN103438973 target_product=FLEX_1Y
2026-03-04T11:57:47.399+01:00 INFO identity-service host=identity-service-a41e92-t6zvn corrId=c-5d3c754f7da1856d MitID session validated customer_id=C48682205
2026-03-04T11:57:47.431+01:00 INFO pricing-service host=pricing-service-a41e92-t6zvn corrId=c-5d3c754f7da1856d bond price fetched series=BND3.0-2056 price=96.354
2026-03-04T11:57:47.474+01:00 INFO pricing-service host=pricing-service-7c9d5b-x2k4p corrId=c-5d3c754f7da1856d conversion cost calculated loan_id=LN103438973 cost_dkk=10019.81
2026-03-04T11:57:47.570+01:00 INFO quote-service host=quote-service-a41e92-x2k4p corrId=c-5d3c754f7da1856d conversion quote issued quote_id=Q94356727 loan_id=LN103438973
2026-03-04T11:58:22.189+01:00 INFO portal-bff host=portal-bff-7c9d5b-x2k4p corrId=c-933056af20151e85 conversion quote requested loan_id=LN677668981 target_product=FLEX_1Y
2026-03-04T11:58:22.326+01:00 INFO identity-service host=identity-service-a41e92-p9qmz corrId=c-933056af20151e85 MitID session validated customer_id=C73372364
2026-03-04T11:58:22.447+01:00 INFO pricing-service host=pricing-service-7c9d5b-p9qmz corrId=c-933056af20151e85 bond price fetched series=BND3.0-2056 price=94.087
2026-03-04T11:58:22.485+01:00 INFO pricing-service host=pricing-service-5b8f6c-t6zvn corrId=c-933056af20151e85 conversion cost calculated loan_id=LN677668981 cost_dkk=8246.40
2026-03-04T11:58:22.596+01:00 INFO quote-service host=quote-service-a41e92-x2k4p corrId=c-933056af20151e85 conversion quote issued quote_id=Q18151075 loan_id=LN677668981
2026-03-04T12:00:00.368+01:00 INFO api-gateway host=api-gateway-a41e92-x2k4p corrId=- health probe ok status=200 latency_ms=30
2026-03-04T12:00:00.627+01:00 INFO payment-scheduler host=payment-scheduler-a41e92-p9qmz corrId=- scheduler heartbeat lag_ms=3
2026-03-04T12:00:45.000+01:00 INFO config-service host=config-service-7c9d5b-x2k4p corrId=- configuration refreshed version=v118
2026-03-04T12:00:49.794+01:00 INFO portal-bff host=portal-bff-7c9d5b-t6zvn corrId=c-a3d53c1f12a29a2a conversion quote requested loan_id=LN359697726 target_product=FLEX_5Y
2026-03-04T12:00:49.844+01:00 INFO identity-service host=identity-service-7c9d5b-p9qmz corrId=c-a3d53c1f12a29a2a MitID session validated customer_id=C10942643
2026-03-04T12:00:49.975+01:00 INFO pricing-service host=pricing-service-7c9d5b-p9qmz corrId=c-a3d53c1f12a29a2a bond price fetched series=BND2.5-2053 price=94.880
2026-03-04T12:00:50.003+01:00 INFO pricing-service host=pricing-service-a41e92-x2k4p corrId=c-a3d53c1f12a29a2a conversion cost calculated loan_id=LN359697726 cost_dkk=58340.78
2026-03-04T12:00:50.015+01:00 INFO quote-service host=quote-service-a41e92-p9qmz corrId=c-a3d53c1f12a29a2a conversion quote issued quote_id=Q10853480 loan_id=LN359697726
2026-03-04T12:04:52.289+01:00 INFO portal-bff host=portal-bff-7c9d5b-p9qmz corrId=c-1a3a3161f0589aa7 loan application submitted application_id=APP-2026-847389 customer_segment=SME
2026-03-04T12:04:52.333+01:00 INFO identity-service host=identity-service-a41e92-p9qmz corrId=c-1a3a3161f0589aa7 MitID session validated customer_id=C54497394
2026-03-04T12:04:52.411+01:00 INFO customer-service host=customer-service-a41e92-p9qmz corrId=c-1a3a3161f0589aa7 KYC profile loaded customer_id=C54497394 risk_class=MEDIUM
2026-03-04T12:04:52.463+01:00 INFO valuation-service host=valuation-service-a41e92-p9qmz corrId=c-1a3a3161f0589aa7 property valuation requested property_id=P0828098 provider=bolig-vurdering
2026-03-04T12:04:53.210+01:00 INFO valuation-service host=valuation-service-5b8f6c-p9qmz corrId=c-1a3a3161f0589aa7 property valuation received property_id=P0828098 value_dkk=3470000 latency_ms=671
2026-03-04T12:04:53.345+01:00 INFO credit-service host=credit-service-a41e92-t6zvn corrId=c-1a3a3161f0589aa7 credit assessment completed application_id=APP-2026-847389 score=588 decision=APPROVED
2026-03-04T12:04:53.385+01:00 INFO offer-service host=offer-service-7c9d5b-p9qmz corrId=c-1a3a3161f0589aa7 loan offer generated application_id=APP-2026-847389 loan_type=FIXED_30Y principal_dkk=1115000
2026-03-04T12:04:53.520+01:00 INFO document-service host=document-service-a41e92-x2k4p corrId=c-1a3a3161f0589aa7 offer document stored application_id=APP-2026-847389 doc_id=DOC-cf17b125
2026-03-04T12:04:53.641+01:00 INFO portal-bff host=portal-bff-7c9d5b-p9qmz corrId=c-1a3a3161f0589aa7 application completed application_id=APP-2026-847389 status=OFFER_ISSUED
2026-03-04T12:05:00.552+01:00 INFO api-gateway host=api-gateway-a41e92-x2k4p corrId=- health probe ok status=200 latency_ms=15
2026-03-04T12:05:01.420+01:00 INFO portal-bff host=portal-bff-a41e92-p9qmz corrId=c-bed422077589c328 conversion quote requested loan_id=LN449927964 target_product=FIXED_30Y
2026-03-04T12:05:01.519+01:00 INFO identity-service host=identity-service-a41e92-t6zvn corrId=c-bed422077589c328 MitID session validated customer_id=C28022385
2026-03-04T12:05:01.611+01:00 INFO pricing-service host=pricing-service-7c9d5b-x2k4p corrId=c-bed422077589c328 bond price fetched series=BND4.0-2056 price=97.427
2026-03-04T12:05:01.722+01:00 INFO pricing-service host=pricing-service-7c9d5b-t6zvn corrId=c-bed422077589c328 conversion cost calculated loan_id=LN449927964 cost_dkk=4842.04
2026-03-04T12:05:01.768+01:00 INFO quote-service host=quote-service-a41e92-t6zvn corrId=c-bed422077589c328 conversion quote issued quote_id=Q91624916 loan_id=LN449927964
2026-03-04T12:05:02.601+01:00 INFO portal-bff host=portal-bff-5b8f6c-t6zvn corrId=c-c380f380ae06da09 loan application submitted application_id=APP-2026-198596 customer_segment=SME
2026-03-04T12:05:02.674+01:00 INFO identity-service host=identity-service-a41e92-t6zvn corrId=c-c380f380ae06da09 MitID session validated customer_id=C29916602
2026-03-04T12:05:02.790+01:00 INFO customer-service host=customer-service-7c9d5b-p9qmz corrId=c-c380f380ae06da09 KYC profile loaded customer_id=C29916602 risk_class=HIGH
2026-03-04T12:05:02.821+01:00 INFO valuation-service host=valuation-service-5b8f6c-p9qmz corrId=c-c380f380ae06da09 property valuation served from cache property_id=P0926270 value_dkk=1160000
2026-03-04T12:05:02.922+01:00 INFO credit-service host=credit-service-5b8f6c-x2k4p corrId=c-c380f380ae06da09 credit assessment completed application_id=APP-2026-198596 score=716 decision=APPROVED
2026-03-04T12:05:03.027+01:00 INFO offer-service host=offer-service-7c9d5b-x2k4p corrId=c-c380f380ae06da09 loan offer generated application_id=APP-2026-198596 loan_type=FIXED_30Y principal_dkk=5355000
2026-03-04T12:05:03.152+01:00 INFO document-service host=document-service-5b8f6c-p9qmz corrId=c-c380f380ae06da09 offer document stored application_id=APP-2026-198596 doc_id=DOC-cc05091b
2026-03-04T12:05:03.163+01:00 INFO portal-bff host=portal-bff-7c9d5b-t6zvn corrId=c-c380f380ae06da09 application completed application_id=APP-2026-198596 status=OFFER_ISSUED
2026-03-04T12:05:57.531+01:00 INFO portal-bff host=portal-bff-5b8f6c-x2k4p corrId=c-69f2abfc381bd84c loan application submitted application_id=APP-2026-914711 customer_segment=RETAIL
2026-03-04T12:05:57.561+01:00 INFO identity-service host=identity-service-a41e92-t6zvn corrId=c-69f2abfc381bd84c MitID session validated customer_id=C41814197
2026-03-04T12:05:57.618+01:00 INFO customer-service host=customer-service-7c9d5b-x2k4p corrId=c-69f2abfc381bd84c KYC profile loaded customer_id=C41814197 risk_class=LOW
2026-03-04T12:05:57.723+01:00 INFO valuation-service host=valuation-service-a41e92-p9qmz corrId=c-69f2abfc381bd84c property valuation requested property_id=P5390833 provider=bolig-vurdering
2026-03-04T12:05:57.959+01:00 INFO valuation-service host=valuation-service-a41e92-t6zvn corrId=c-69f2abfc381bd84c property valuation received property_id=P5390833 value_dkk=4990000 latency_ms=214
2026-03-04T12:05:58.072+01:00 INFO credit-service host=credit-service-a41e92-x2k4p corrId=c-69f2abfc381bd84c credit assessment completed application_id=APP-2026-914711 score=819 decision=APPROVED
2026-03-04T12:05:58.158+01:00 INFO offer-service host=offer-service-a41e92-p9qmz corrId=c-69f2abfc381bd84c loan offer generated application_id=APP-2026-914711 loan_type=FLEX_1Y principal_dkk=5770000
2026-03-04T12:05:58.296+01:00 INFO document-service host=document-service-5b8f6c-p9qmz corrId=c-69f2abfc381bd84c offer document stored application_id=APP-2026-914711 doc_id=DOC-04b6f419
2026-03-04T12:05:58.381+01:00 INFO portal-bff host=portal-bff-5b8f6c-p9qmz corrId=c-69f2abfc381bd84c application completed application_id=APP-2026-914711 status=OFFER_ISSUED
2026-03-04T12:08:32.286+01:00 INFO portal-bff host=portal-bff-a41e92-t6zvn corrId=c-3152cca6eef3c03a loan application submitted application_id=APP-2026-276687 customer_segment=RETAIL
2026-03-04T12:08:32.373+01:00 INFO identity-service host=identity-service-a41e92-t6zvn corrId=c-3152cca6eef3c03a MitID session validated customer_id=C20455249
2026-03-04T12:08:32.396+01:00 INFO customer-service host=customer-service-5b8f6c-p9qmz corrId=c-3152cca6eef3c03a KYC profile loaded customer_id=C20455249 risk_class=MEDIUM
2026-03-04T12:08:32.517+01:00 INFO valuation-service host=valuation-service-7c9d5b-x2k4p corrId=c-3152cca6eef3c03a property valuation requested property_id=P5882656 provider=valuta-ejd
2026-03-04T12:08:32.829+01:00 INFO valuation-service host=valuation-service-7c9d5b-t6zvn corrId=c-3152cca6eef3c03a property valuation received property_id=P5882656 value_dkk=1590000 latency_ms=194
2026-03-04T12:08:32.881+01:00 INFO credit-service host=credit-service-5b8f6c-t6zvn corrId=c-3152cca6eef3c03a credit assessment completed application_id=APP-2026-276687 score=446 decision=APPROVED
2026-03-04T12:08:32.929+01:00 INFO offer-service host=offer-service-7c9d5b-x2k4p corrId=c-3152cca6eef3c03a loan offer generated application_id=APP-2026-276687 loan_type=FIXED_20Y_IO principal_dkk=5830000
2026-03-04T12:08:32.964+01:00 INFO document-service host=document-service-a41e92-t6zvn corrId=c-3152cca6eef3c03a offer document stored application_id=APP-2026-276687 doc_id=DOC-9bc3a7c7
2026-03-04T12:08:33.039+01:00 INFO portal-bff host=portal-bff-7c9d5b-p9qmz corrId=c-3152cca6eef3c03a application completed application_id=APP-2026-276687 status=OFFER_ISSUED
2026-03-04T12:09:44.488+01:00 INFO portal-bff host=portal-bff-7c9d5b-x2k4p corrId=c-d2219560bc976c30 conversion quote requested loan_id=LN847095349 target_product=FIXED_30Y
2026-03-04T12:09:44.527+01:00 INFO identity-service host=identity-service-5b8f6c-p9qmz corrId=c-d2219560bc976c30 MitID session validated customer_id=C61061955
2026-03-04T12:09:44.533+01:00 INFO pricing-service host=pricing-service-7c9d5b-t6zvn corrId=c-d2219560bc976c30 bond price fetched series=BND2.5-2056 price=89.646
2026-03-04T12:09:44.594+01:00 INFO pricing-service host=pricing-service-a41e92-t6zvn corrId=c-d2219560bc976c30 conversion cost calculated loan_id=LN847095349 cost_dkk=43779.73
2026-03-04T12:09:44.664+01:00 INFO quote-service host=quote-service-5b8f6c-t6zvn corrId=c-d2219560bc976c30 conversion quote issued quote_id=Q72880061 loan_id=LN847095349
2026-03-04T12:10:00.059+01:00 INFO payment-scheduler host=payment-scheduler-5b8f6c-p9qmz corrId=- scheduler heartbeat lag_ms=88
2026-03-04T12:10:00.803+01:00 INFO api-gateway host=api-gateway-a41e92-t6zvn corrId=- health probe ok status=200 latency_ms=24
2026-03-04T12:14:39.475+01:00 INFO portal-bff host=portal-bff-5b8f6c-t6zvn corrId=c-5bfc45570df3fac6 conversion quote requested loan_id=LN408282665 target_product=FLEX_5Y
2026-03-04T12:14:39.488+01:00 INFO identity-service host=identity-service-5b8f6c-t6zvn corrId=c-5bfc45570df3fac6 MitID session validated customer_id=C97365797
2026-03-04T12:14:39.532+01:00 INFO pricing-service host=pricing-service-7c9d5b-t6zvn corrId=c-5bfc45570df3fac6 bond price fetched series=BND4.0-2056 price=101.724
2026-03-04T12:14:39.605+01:00 INFO pricing-service host=pricing-service-7c9d5b-t6zvn corrId=c-5bfc45570df3fac6 conversion cost calculated loan_id=LN408282665 cost_dkk=5733.05
2026-03-04T12:14:39.705+01:00 INFO quote-service host=quote-service-7c9d5b-x2k4p corrId=c-5bfc45570df3fac6 conversion quote issued quote_id=Q30440837 loan_id=LN408282665
2026-03-04T12:15:00.252+01:00 INFO api-gateway host=api-gateway-7c9d5b-t6zvn corrId=- health probe ok status=200 latency_ms=20
2026-03-04T12:15:56.380+01:00 INFO portal-bff host=portal-bff-5b8f6c-t6zvn corrId=c-3206321eca31f24f conversion quote requested loan_id=LN046399925 target_product=FIXED_30Y
2026-03-04T12:15:56.462+01:00 INFO identity-service host=identity-service-7c9d5b-p9qmz corrId=c-3206321eca31f24f MitID session validated customer_id=C98336518
2026-03-04T12:15:56.559+01:00 INFO pricing-service host=pricing-service-7c9d5b-t6zvn corrId=c-3206321eca31f24f bond price fetched series=BND2.5-2053 price=98.428
2026-03-04T12:15:56.649+01:00 INFO pricing-service host=pricing-service-a41e92-x2k4p corrId=c-3206321eca31f24f conversion cost calculated loan_id=LN046399925 cost_dkk=87927.08
2026-03-04T12:15:56.699+01:00 INFO quote-service host=quote-service-7c9d5b-p9qmz corrId=c-3206321eca31f24f conversion quote issued quote_id=Q36662108 loan_id=LN046399925
2026-03-04T12:16:52.042+01:00 INFO portal-bff host=portal-bff-7c9d5b-p9qmz corrId=c-3dc0f95eaad09352 loan application submitted application_id=APP-2026-802220 customer_segment=RETAIL
2026-03-04T12:16:52.112+01:00 WARN identity-service host=identity-service-7c9d5b-p9qmz corrId=c-3dc0f95eaad09352 MitID token refresh attempt=1
2026-03-04T12:16:52.187+01:00 INFO identity-service host=identity-service-5b8f6c-x2k4p corrId=c-3dc0f95eaad09352 MitID session validated customer_id=C23686562
2026-03-04T12:16:52.254+01:00 INFO customer-service host=customer-service-5b8f6c-x2k4p corrId=c-3dc0f95eaad09352 KYC profile loaded customer_id=C23686562 risk_class=LOW
2026-03-04T12:16:52.383+01:00 INFO valuation-service host=valuation-service-5b8f6c-t6zvn corrId=c-3dc0f95eaad09352 property valuation requested property_id=P2853356 provider=bolig-vurdering
2026-03-04T12:16:52.996+01:00 INFO valuation-service host=valuation-service-7c9d5b-p9qmz corrId=c-3dc0f95eaad09352 property valuation received property_id=P2853356 value_dkk=8950000 latency_ms=495
2026-03-04T12:16:53.005+01:00 INFO credit-service host=credit-service-5b8f6c-p9qmz corrId=c-3dc0f95eaad09352 credit assessment completed application_id=APP-2026-802220 score=867 decision=APPROVED
2026-03-04T12:16:53.097+01:00 INFO offer-service host=offer-service-a41e92-p9qmz corrId=c-3dc0f95eaad09352 loan offer generated application_id=APP-2026-802220 loan_type=FLEX_5Y principal_dkk=5725000
2026-03-04T12:16:53.186+01:00 INFO document-service host=document-service-5b8f6c-x2k4p corrId=c-3dc0f95eaad09352 offer document stored application_id=APP-2026-802220 doc_id=DOC-181d92b3
2026-03-04T12:16:53.324+01:00 INFO portal-bff host=portal-bff-5b8f6c-t6zvn corrId=c-3dc0f95eaad09352 application completed application_id=APP-2026-802220 status=OFFER_ISSUED
2026-03-04T12:17:04.633+01:00 INFO portal-bff host=portal-bff-7c9d5b-p9qmz corrId=c-b15144e6e4651a1e loan application submitted application_id=APP-2026-069364 customer_segment=RETAIL
2026-03-04T12:17:04.730+01:00 INFO identity-service host=identity-service-7c9d5b-t6zvn corrId=c-b15144e6e4651a1e MitID session validated customer_id=C46755225
2026-03-04T12:17:04.789+01:00 INFO customer-service host=customer-service-7c9d5b-p9qmz corrId=c-b15144e6e4651a1e KYC profile loaded customer_id=C46755225 risk_class=LOW
2026-03-04T12:17:04.821+01:00 INFO valuation-service host=valuation-service-7c9d5b-t6zvn corrId=c-b15144e6e4651a1e property valuation requested property_id=P0324433 provider=bolig-vurdering
2026-03-04T12:17:05.351+01:00 INFO valuation-service host=valuation-service-7c9d5b-x2k4p corrId=c-b15144e6e4651a1e property valuation received property_id=P0324433 value_dkk=5990000 latency_ms=440
2026-03-04T12:17:05.398+01:00 INFO credit-service host=credit-service-7c9d5b-x2k4p corrId=c-b15144e6e4651a1e credit assessment completed application_id=APP-2026-069364 score=763 decision=APPROVED
2026-03-04T12:17:05.434+01:00 INFO offer-service host=offer-service-a41e92-t6zvn corrId=c-b15144e6e4651a1e loan offer generated application_id=APP-2026-069364 loan_type=FIXED_30Y principal_dkk=1520000
2026-03-04T12:17:05.572+01:00 INFO document-service host=document-service-5b8f6c-t6zvn corrId=c-b15144e6e4651a1e offer document stored application_id=APP-2026-069364 doc_id=DOC-59bffe05
2026-03-04T12:17:05.589+01:00 INFO portal-bff host=portal-bff-5b8f6c-p9qmz corrId=c-b15144e6e4651a1e application completed application_id=APP-2026-069364 status=OFFER_ISSUED
2026-03-04T12:17:14.507+01:00 INFO portal-bff host=portal-bff-7c9d5b-t6zvn corrId=c-ca7888a83bcf81bf loan application submitted application_id=APP-2026-878945 customer_segment=PRIVATE
2026-03-04T12:17:14.572+01:00 INFO identity-service host=identity-service-5b8f6c-p9qmz corrId=c-ca7888a83bcf81bf MitID session validated customer_id=C55473156
2026-03-04T12:17:14.629+01:00 INFO customer-service host=customer-service-a41e92-t6zvn corrId=c-ca7888a83bcf81bf KYC profile loaded customer_id=C55473156 risk_class=LOW
2026-03-04T12:17:14.659+01:00 INFO valuation-service host=valuation-service-7c9d5b-t6zvn corrId=c-ca7888a83bcf81bf property valuation requested property_id=P4740637 provider=valuta-ejd
2026-03-04T12:17:15.149+01:00 INFO valuation-service host=valuation-service-a41e92-p9qmz corrId=c-ca7888a83bcf81bf property valuation received property_id=P4740637 value_dkk=3860000 latency_ms=421
2026-03-04T12:17:15.229+01:00 INFO credit-service host=credit-service-a41e92-x2k4p corrId=c-ca7888a83bcf81bf credit assessment completed application_id=APP-2026-878945 score=744 decision=APPROVED
2026-03-04T12:17:15.319+01:00 INFO offer-service host=offer-service-5b8f6c-x2k4p corrId=c-ca7888a83bcf81bf loan offer generated application_id=APP-2026-878945 loan_type=FLEX_1Y principal_dkk=1940000
2026-03-04T12:17:15.370+01:00 INFO document-service host=document-service-7c9d5b-x2k4p corrId=c-ca7888a83bcf81bf offer document stored application_id=APP-2026-878945 doc_id=DOC-b52cda05
2026-03-04T12:17:15.509+01:00 INFO portal-bff host=portal-bff-7c9d5b-x2k4p corrId=c-ca7888a83bcf81bf application completed application_id=APP-2026-878945 status=OFFER_ISSUED
2026-03-04T12:18:21.719+01:00 INFO offer-service host=offer-service-a41e92-x2k4p corrId=c-e94e1cc9e1d20809 offer accepted application_id=APP-2026-453659
2026-03-04T12:18:21.808+01:00 INFO ledger-service host=ledger-service-5b8f6c-x2k4p corrId=c-e94e1cc9e1d20809 funds reserved application_id=APP-2026-453659 amount_dkk=4165000
2026-03-04T12:18:21.850+01:00 INFO payment-service host=payment-service-5b8f6c-t6zvn corrId=c-e94e1cc9e1d20809 payout instruction sent application_id=APP-2026-453659 amount_dkk=4165000
2026-03-04T12:18:21.951+01:00 INFO ledger-service host=ledger-service-5b8f6c-t6zvn corrId=c-e94e1cc9e1d20809 payout booked application_id=APP-2026-453659 posting_id=PST-01fd76ca90
2026-03-04T12:18:21.973+01:00 INFO portal-bff host=portal-bff-7c9d5b-p9qmz corrId=c-85762a9dbbfca3ef conversion quote requested loan_id=LN059333313 target_product=FLEX_1Y
2026-03-04T12:18:22.019+01:00 INFO notification-service host=notification-service-5b8f6c-x2k4p corrId=c-e94e1cc9e1d20809 payout confirmation sent application_id=APP-2026-453659
2026-03-04T12:18:22.021+01:00 INFO identity-service host=identity-service-5b8f6c-x2k4p corrId=c-85762a9dbbfca3ef MitID session validated customer_id=C82705480
2026-03-04T12:18:22.112+01:00 INFO pricing-service host=pricing-service-a41e92-x2k4p corrId=c-85762a9dbbfca3ef bond price fetched series=BND4.0-2056 price=100.684
2026-03-04T12:18:22.184+01:00 INFO pricing-service host=pricing-service-a41e92-t6zvn corrId=c-85762a9dbbfca3ef conversion cost calculated loan_id=LN059333313 cost_dkk=40604.12
2026-03-04T12:18:22.312+01:00 INFO quote-service host=quote-service-a41e92-p9qmz corrId=c-85762a9dbbfca3ef conversion quote issued quote_id=Q86340178 loan_id=LN059333313
2026-03-04T12:20:00.570+01:00 INFO payment-scheduler host=payment-scheduler-7c9d5b-p9qmz corrId=- scheduler heartbeat lag_ms=2
2026-03-04T12:20:00.673+01:00 INFO api-gateway host=api-gateway-a41e92-p9qmz corrId=- health probe ok status=200 latency_ms=11
2026-03-04T12:20:08.846+01:00 INFO offer-service host=offer-service-5b8f6c-p9qmz corrId=c-46cb5d28bd3aee2f offer accepted application_id=APP-2026-169705
2026-03-04T12:20:08.863+01:00 INFO ledger-service host=ledger-service-5b8f6c-x2k4p corrId=c-46cb5d28bd3aee2f funds reserved application_id=APP-2026-169705 amount_dkk=5020000
2026-03-04T12:20:08.966+01:00 INFO payment-service host=payment-service-5b8f6c-t6zvn corrId=c-46cb5d28bd3aee2f payout instruction sent application_id=APP-2026-169705 amount_dkk=5020000
2026-03-04T12:20:09.077+01:00 INFO ledger-service host=ledger-service-7c9d5b-p9qmz corrId=c-46cb5d28bd3aee2f payout booked application_id=APP-2026-169705 posting_id=PST-d69a84a75e
2026-03-04T12:20:09.143+01:00 INFO notification-service host=notification-service-5b8f6c-x2k4p corrId=c-46cb5d28bd3aee2f payout confirmation sent application_id=APP-2026-169705
2026-03-04T12:20:20.331+01:00 INFO portal-bff host=portal-bff-a41e92-p9qmz corrId=c-d148ea2d0701a182 conversion quote requested loan_id=LN068841546 target_product=FLEX_1Y
2026-03-04T12:20:20.438+01:00 INFO identity-service host=identity-service-a41e92-x2k4p corrId=c-d148ea2d0701a182 MitID session validated customer_id=C61889995
2026-03-04T12:20:20.511+01:00 INFO pricing-service host=pricing-service-a41e92-x2k4p corrId=c-d148ea2d0701a182 bond price fetched series=BND3.0-2056 price=99.083
2026-03-04T12:20:20.532+01:00 INFO pricing-service host=pricing-service-5b8f6c-x2k4p corrId=c-d148ea2d0701a182 conversion cost calculated loan_id=LN068841546 cost_dkk=4121.32
2026-03-04T12:20:20.594+01:00 INFO quote-service host=quote-service-a41e92-p9qmz corrId=c-d148ea2d0701a182 conversion quote issued quote_id=Q86262412 loan_id=LN068841546
2026-03-04T12:20:54.692+01:00 INFO portal-bff host=portal-bff-a41e92-t6zvn corrId=c-18548af7e5b4cfdb loan application submitted application_id=APP-2026-818031 customer_segment=PRIVATE
2026-03-04T12:20:54.741+01:00 INFO identity-service host=identity-service-5b8f6c-p9qmz corrId=c-18548af7e5b4cfdb MitID session validated customer_id=C76941480
2026-03-04T12:20:54.863+01:00 INFO customer-service host=customer-service-5b8f6c-t6zvn corrId=c-18548af7e5b4cfdb KYC profile loaded customer_id=C76941480 risk_class=MEDIUM
2026-03-04T12:20:54.885+01:00 INFO valuation-service host=valuation-service-5b8f6c-p9qmz corrId=c-18548af7e5b4cfdb property valuation requested property_id=P4403859 provider=bolig-vurdering
2026-03-04T12:20:54.939+01:00 ERROR valuation-service host=valuation-service-a41e92-t6zvn corrId=c-18548af7e5b4cfdb property valuation failed property_id=P4403859 provider=bolig-vurdering reason=PROVIDER_TIMEOUT after_ms=10000
2026-03-04T12:20:54.985+01:00 INFO credit-service host=credit-service-a41e92-p9qmz corrId=c-18548af7e5b4cfdb credit assessment completed application_id=APP-2026-818031 score=605 decision=APPROVED
2026-03-04T12:20:55.029+01:00 INFO offer-service host=offer-service-7c9d5b-x2k4p corrId=c-18548af7e5b4cfdb loan offer generated application_id=APP-2026-818031 loan_type=FIXED_30Y principal_dkk=3045000
2026-03-04T12:20:55.101+01:00 INFO document-service host=document-service-5b8f6c-x2k4p corrId=c-18548af7e5b4cfdb offer document stored application_id=APP-2026-818031 doc_id=DOC-f43ee6b6
2026-03-04T12:20:55.109+01:00 INFO portal-bff host=portal-bff-7c9d5b-t6zvn corrId=c-18548af7e5b4cfdb application completed application_id=APP-2026-818031 status=OFFER_ISSUED
2026-03-04T12:21:21.126+01:00 INFO portal-bff host=portal-bff-7c9d5b-t6zvn corrId=c-35e76259a795dd87 loan application submitted application_id=APP-2026-352977 customer_segment=SME
2026-03-04T12:21:21.240+01:00 INFO identity-service host=identity-service-7c9d5b-p9qmz corrId=c-35e76259a795dd87 MitID session validated customer_id=C71219621
2026-03-04T12:21:21.355+01:00 INFO customer-service host=customer-service-7c9d5b-t6zvn corrId=c-35e76259a795dd87 KYC profile loaded customer_id=C71219621 risk_class=MEDIUM
2026-03-04T12:21:21.462+01:00 INFO valuation-service host=valuation-service-a41e92-x2k4p corrId=c-35e76259a795dd87 property valuation requested property_id=P8569175 provider=bolig-vurdering
2026-03-04T12:21:22.473+01:00 INFO valuation-service host=valuation-service-a41e92-p9qmz corrId=c-35e76259a795dd87 property valuation received property_id=P8569175 value_dkk=8450000 latency_ms=943
2026-03-04T12:21:22.533+01:00 INFO credit-service host=credit-service-7c9d5b-x2k4p corrId=c-35e76259a795dd87 credit assessment completed application_id=APP-2026-352977 score=864 decision=APPROVED
2026-03-04T12:21:22.655+01:00 INFO offer-service host=offer-service-a41e92-t6zvn corrId=c-35e76259a795dd87 loan offer generated application_id=APP-2026-352977 loan_type=FLEX_1Y principal_dkk=3115000
2026-03-04T12:21:22.679+01:00 INFO document-service host=document-service-a41e92-p9qmz corrId=c-35e76259a795dd87 offer document stored application_id=APP-2026-352977 doc_id=DOC-09fbfaf5
2026-03-04T12:21:22.749+01:00 INFO portal-bff host=portal-bff-5b8f6c-t6zvn corrId=c-35e76259a795dd87 application completed application_id=APP-2026-352977 status=OFFER_ISSUED
2026-03-04T12:22:22.853+01:00 INFO portal-bff host=portal-bff-5b8f6c-t6zvn corrId=c-16237f28e4ae4f4c conversion quote requested loan_id=LN375450155 target_product=FLEX_5Y
2026-03-04T12:22:22.982+01:00 INFO identity-service host=identity-service-7c9d5b-p9qmz corrId=c-16237f28e4ae4f4c MitID session validated customer_id=C26236660
2026-03-04T12:22:23.056+01:00 INFO pricing-service host=pricing-service-7c9d5b-t6zvn corrId=c-16237f28e4ae4f4c bond price fetched series=BND3.0-2056 price=97.662
2026-03-04T12:22:23.172+01:00 INFO pricing-service host=pricing-service-a41e92-t6zvn corrId=c-16237f28e4ae4f4c conversion cost calculated loan_id=LN375450155 cost_dkk=17223.56
2026-03-04T12:22:23.279+01:00 INFO quote-service host=quote-service-7c9d5b-p9qmz corrId=c-16237f28e4ae4f4c conversion quote issued quote_id=Q49412911 loan_id=LN375450155
2026-03-04T12:24:58.322+01:00 INFO portal-bff host=portal-bff-5b8f6c-t6zvn corrId=c-acbc4815de21c3d9 loan application submitted application_id=APP-2026-869375 customer_segment=PRIVATE
2026-03-04T12:24:58.418+01:00 INFO identity-service host=identity-service-5b8f6c-t6zvn corrId=c-acbc4815de21c3d9 MitID session validated customer_id=C28802878
2026-03-04T12:24:58.520+01:00 INFO customer-service host=customer-service-5b8f6c-x2k4p corrId=c-acbc4815de21c3d9 KYC profile loaded customer_id=C28802878 risk_class=LOW
2026-03-04T12:24:58.554+01:00 INFO valuation-service host=valuation-service-a41e92-t6zvn corrId=c-acbc4815de21c3d9 property valuation requested property_id=P8769441 provider=valuta-ejd
2026-03-04T12:24:58.859+01:00 INFO valuation-service host=valuation-service-7c9d5b-p9qmz corrId=c-acbc4815de21c3d9 property valuation received property_id=P8769441 value_dkk=5320000 latency_ms=193
2026-03-04T12:24:58.980+01:00 INFO credit-service host=credit-service-a41e92-x2k4p corrId=c-acbc4815de21c3d9 credit assessment completed application_id=APP-2026-869375 score=690 decision=APPROVED
2026-03-04T12:24:59.040+01:00 INFO offer-service host=offer-service-7c9d5b-p9qmz corrId=c-acbc4815de21c3d9 loan offer generated application_id=APP-2026-869375 loan_type=FLEX_1Y principal_dkk=1545000
2026-03-04T12:24:59.176+01:00 INFO document-service host=document-service-a41e92-x2k4p corrId=c-acbc4815de21c3d9 offer document stored application_id=APP-2026-869375 doc_id=DOC-3488c55f
2026-03-04T12:24:59.222+01:00 INFO portal-bff host=portal-bff-7c9d5b-p9qmz corrId=c-acbc4815de21c3d9 application completed application_id=APP-2026-869375 status=OFFER_ISSUED
2026-03-04T12:25:00.609+01:00 INFO api-gateway host=api-gateway-7c9d5b-x2k4p corrId=- health probe ok status=200 latency_ms=22
2026-03-04T12:25:41.423+01:00 INFO offer-service host=offer-service-a41e92-x2k4p corrId=c-d9462a49a5d4f311 offer accepted application_id=APP-2026-359309
2026-03-04T12:25:41.469+01:00 INFO ledger-service host=ledger-service-7c9d5b-x2k4p corrId=c-d9462a49a5d4f311 funds reserved application_id=APP-2026-359309 amount_dkk=4135000
2026-03-04T12:25:41.590+01:00 INFO payment-service host=payment-service-5b8f6c-p9qmz corrId=c-d9462a49a5d4f311 payout instruction sent application_id=APP-2026-359309 amount_dkk=4135000
2026-03-04T12:25:41.694+01:00 INFO ledger-service host=ledger-service-a41e92-p9qmz corrId=c-d9462a49a5d4f311 payout booked application_id=APP-2026-359309 posting_id=PST-0a6cdf72d8
2026-03-04T12:25:41.754+01:00 INFO notification-service host=notification-service-7c9d5b-t6zvn corrId=c-d9462a49a5d4f311 payout confirmation sent application_id=APP-2026-359309
2026-03-04T12:25:54.346+01:00 INFO portal-bff host=portal-bff-7c9d5b-x2k4p corrId=c-ec919e7b76b744ad conversion quote requested loan_id=LN072286615 target_product=FIXED_30Y
2026-03-04T12:25:54.444+01:00 INFO identity-service host=identity-service-7c9d5b-x2k4p corrId=c-ec919e7b76b744ad MitID session validated customer_id=C99192265
2026-03-04T12:25:54.458+01:00 INFO pricing-service host=pricing-service-7c9d5b-x2k4p corrId=c-ec919e7b76b744ad bond price fetched series=BND3.0-2053 price=90.827
2026-03-04T12:25:54.486+01:00 INFO pricing-service host=pricing-service-5b8f6c-x2k4p corrId=c-ec919e7b76b744ad conversion cost calculated loan_id=LN072286615 cost_dkk=79013.69
2026-03-04T12:25:54.543+01:00 INFO quote-service host=quote-service-a41e92-p9qmz corrId=c-ec919e7b76b744ad conversion quote issued quote_id=Q55303147 loan_id=LN072286615
2026-03-04T12:26:50.238+01:00 INFO portal-bff host=portal-bff-7c9d5b-x2k4p corrId=c-270566b6f69fdefa loan application submitted application_id=APP-2026-444103 customer_segment=RETAIL
2026-03-04T12:26:50.303+01:00 INFO identity-service host=identity-service-7c9d5b-t6zvn corrId=c-270566b6f69fdefa MitID session validated customer_id=C28526037
2026-03-04T12:26:50.325+01:00 INFO customer-service host=customer-service-a41e92-x2k4p corrId=c-270566b6f69fdefa KYC profile loaded customer_id=C28526037 risk_class=LOW
2026-03-04T12:26:50.344+01:00 INFO valuation-service host=valuation-service-7c9d5b-p9qmz corrId=c-270566b6f69fdefa property valuation served from cache property_id=P2123178 value_dkk=1210000
2026-03-04T12:26:50.466+01:00 INFO credit-service host=credit-service-5b8f6c-p9qmz corrId=c-270566b6f69fdefa credit assessment completed application_id=APP-2026-444103 score=698 decision=APPROVED
2026-03-04T12:26:50.479+01:00 INFO offer-service host=offer-service-7c9d5b-t6zvn corrId=c-270566b6f69fdefa loan offer generated application_id=APP-2026-444103 loan_type=FIXED_30Y principal_dkk=1580000
2026-03-04T12:26:50.489+01:00 INFO document-service host=document-service-a41e92-p9qmz corrId=c-270566b6f69fdefa offer document stored application_id=APP-2026-444103 doc_id=DOC-16d0d7cf
2026-03-04T12:26:50.571+01:00 INFO portal-bff host=portal-bff-5b8f6c-p9qmz corrId=c-270566b6f69fdefa application completed application_id=APP-2026-444103 status=OFFER_ISSUED
2026-03-04T12:28:08.981+01:00 INFO portal-bff host=portal-bff-a41e92-p9qmz corrId=c-707f7d3bc50a8254 loan application submitted application_id=APP-2026-652738 customer_segment=SME
2026-03-04T12:28:09.105+01:00 INFO identity-service host=identity-service-a41e92-p9qmz corrId=c-707f7d3bc50a8254 MitID session validated customer_id=C85562746
2026-03-04T12:28:09.225+01:00 INFO customer-service host=customer-service-5b8f6c-p9qmz corrId=c-707f7d3bc50a8254 KYC profile loaded customer_id=C85562746 risk_class=LOW
2026-03-04T12:28:09.297+01:00 INFO valuation-service host=valuation-service-7c9d5b-p9qmz corrId=c-707f7d3bc50a8254 property valuation requested property_id=P4699216 provider=bolig-vurdering
2026-03-04T12:28:10.249+01:00 INFO valuation-service host=valuation-service-a41e92-t6zvn corrId=c-707f7d3bc50a8254 property valuation received property_id=P4699216 value_dkk=5730000 latency_ms=851
2026-03-04T12:28:10.343+01:00 INFO credit-service host=credit-service-5b8f6c-p9qmz corrId=c-707f7d3bc50a8254 credit assessment completed application_id=APP-2026-652738 score=772 decision=APPROVED
2026-03-04T12:28:10.378+01:00 INFO offer-service host=offer-service-a41e92-t6zvn corrId=c-707f7d3bc50a8254 loan offer generated application_id=APP-2026-652738 loan_type=FIXED_20Y_IO principal_dkk=835000
2026-03-04T12:28:10.458+01:00 INFO document-service host=document-service-5b8f6c-t6zvn corrId=c-707f7d3bc50a8254 offer document stored application_id=APP-2026-652738 doc_id=DOC-1f5aa634
2026-03-04T12:28:10.566+01:00 INFO portal-bff host=portal-bff-7c9d5b-p9qmz corrId=c-707f7d3bc50a8254 application completed application_id=APP-2026-652738 status=OFFER_ISSUED
2026-03-04T12:29:00.904+01:00 INFO portal-bff host=portal-bff-7c9d5b-t6zvn corrId=c-a85c767229a20790 loan application submitted application_id=APP-2026-514461 customer_segment=RETAIL
2026-03-04T12:29:01.000+01:00 INFO identity-service host=identity-service-7c9d5b-p9qmz corrId=c-a85c767229a20790 MitID session validated customer_id=C48883274
2026-03-04T12:29:01.034+01:00 INFO customer-service host=customer-service-5b8f6c-x2k4p corrId=c-a85c767229a20790 KYC profile loaded customer_id=C48883274 risk_class=LOW
2026-03-04T12:29:01.053+01:00 INFO valuation-service host=valuation-service-7c9d5b-t6zvn corrId=c-a85c767229a20790 property valuation served from cache property_id=P5136020 value_dkk=650000
2026-03-04T12:29:01.115+01:00 INFO credit-service host=credit-service-5b8f6c-t6zvn corrId=c-a85c767229a20790 credit assessment completed application_id=APP-2026-514461 score=726 decision=APPROVED
2026-03-04T12:29:01.123+01:00 INFO offer-service host=offer-service-7c9d5b-x2k4p corrId=c-a85c767229a20790 loan offer generated application_id=APP-2026-514461 loan_type=FLEX_5Y principal_dkk=4205000
2026-03-04T12:29:01.227+01:00 INFO document-service host=document-service-5b8f6c-x2k4p corrId=c-a85c767229a20790 offer document stored application_id=APP-2026-514461 doc_id=DOC-fb2f39c1
2026-03-04T12:29:01.309+01:00 INFO portal-bff host=portal-bff-5b8f6c-x2k4p corrId=c-a85c767229a20790 application completed application_id=APP-2026-514461 status=OFFER_ISSUED
2026-03-04T12:29:39.049+01:00 INFO portal-bff host=portal-bff-5b8f6c-x2k4p corrId=c-96a3fa4e1e46c190 loan application submitted application_id=APP-2026-747486 customer_segment=PRIVATE
2026-03-04T12:29:39.177+01:00 INFO identity-service host=identity-service-5b8f6c-p9qmz corrId=c-96a3fa4e1e46c190 MitID session validated customer_id=C26684258
2026-03-04T12:29:39.247+01:00 INFO customer-service host=customer-service-7c9d5b-x2k4p corrId=c-96a3fa4e1e46c190 KYC profile loaded customer_id=C26684258 risk_class=LOW
2026-03-04T12:29:39.277+01:00 INFO valuation-service host=valuation-service-a41e92-t6zvn corrId=c-96a3fa4e1e46c190 property valuation served from cache property_id=P2485606 value_dkk=8030000
2026-03-04T12:29:39.365+01:00 INFO credit-service host=credit-service-5b8f6c-x2k4p corrId=c-96a3fa4e1e46c190 credit assessment completed application_id=APP-2026-747486 score=804 decision=APPROVED
2026-03-04T12:29:39.502+01:00 INFO offer-service host=offer-service-7c9d5b-x2k4p corrId=c-96a3fa4e1e46c190 loan offer generated application_id=APP-2026-747486 loan_type=FLEX_5Y principal_dkk=615000
2026-03-04T12:29:39.525+01:00 INFO document-service host=document-service-a41e92-x2k4p corrId=c-96a3fa4e1e46c190 offer document stored application_id=APP-2026-747486 doc_id=DOC-b0824be7
2026-03-04T12:29:39.566+01:00 INFO portal-bff host=portal-bff-7c9d5b-x2k4p corrId=c-96a3fa4e1e46c190 application completed application_id=APP-2026-747486 status=OFFER_ISSUED
2026-03-04T12:29:53.660+01:00 INFO portal-bff host=portal-bff-5b8f6c-p9qmz corrId=c-2e5c20e2c639edc7 conversion quote requested loan_id=LN279595737 target_product=FLEX_5Y
2026-03-04T12:29:53.743+01:00 INFO identity-service host=identity-service-a41e92-x2k4p corrId=c-2e5c20e2c639edc7 MitID session validated customer_id=C87909009
2026-03-04T12:29:53.762+01:00 INFO pricing-service host=pricing-service-5b8f6c-x2k4p corrId=c-2e5c20e2c639edc7 bond price fetched series=BND2.5-2056 price=91.915
2026-03-04T12:29:53.796+01:00 INFO pricing-service host=pricing-service-7c9d5b-x2k4p corrId=c-2e5c20e2c639edc7 conversion cost calculated loan_id=LN279595737 cost_dkk=70932.56
2026-03-04T12:29:53.803+01:00 INFO quote-service host=quote-service-a41e92-p9qmz corrId=c-2e5c20e2c639edc7 conversion quote issued quote_id=Q67221516 loan_id=LN279595737
2026-03-04T12:30:00.647+01:00 INFO payment-scheduler host=payment-scheduler-5b8f6c-x2k4p corrId=- scheduler heartbeat lag_ms=62
2026-03-04T12:30:00.821+01:00 INFO api-gateway host=api-gateway-a41e92-p9qmz corrId=- health probe ok status=200 latency_ms=22
2026-03-04T12:30:03.437+01:00 INFO portal-bff host=portal-bff-5b8f6c-t6zvn corrId=c-909b99f89ad2fbb9 loan application submitted application_id=APP-2026-590452 customer_segment=PRIVATE
2026-03-04T12:30:03.443+01:00 INFO identity-service host=identity-service-a41e92-x2k4p corrId=c-909b99f89ad2fbb9 MitID session validated customer_id=C03691730
2026-03-04T12:30:03.577+01:00 INFO customer-service host=customer-service-a41e92-x2k4p corrId=c-909b99f89ad2fbb9 KYC profile loaded customer_id=C03691730 risk_class=LOW
2026-03-04T12:30:03.688+01:00 INFO valuation-service host=valuation-service-a41e92-t6zvn corrId=c-909b99f89ad2fbb9 property valuation requested property_id=P7920332 provider=valuta-ejd
2026-03-04T12:30:04.599+01:00 INFO valuation-service host=valuation-service-7c9d5b-p9qmz corrId=c-909b99f89ad2fbb9 property valuation received property_id=P7920332 value_dkk=5490000 latency_ms=813
2026-03-04T12:30:04.645+01:00 INFO credit-service host=credit-service-5b8f6c-t6zvn corrId=c-909b99f89ad2fbb9 credit assessment completed application_id=APP-2026-590452 score=625 decision=APPROVED
2026-03-04T12:30:04.690+01:00 INFO offer-service host=offer-service-5b8f6c-t6zvn corrId=c-909b99f89ad2fbb9 loan offer generated application_id=APP-2026-590452 loan_type=FLEX_1Y principal_dkk=4495000
2026-03-04T12:30:04.798+01:00 INFO document-service host=document-service-7c9d5b-p9qmz corrId=c-909b99f89ad2fbb9 offer document stored application_id=APP-2026-590452 doc_id=DOC-e04eee5b
2026-03-04T12:30:04.904+01:00 INFO portal-bff host=portal-bff-5b8f6c-p9qmz corrId=c-909b99f89ad2fbb9 application completed application_id=APP-2026-590452 status=OFFER_ISSUED
2026-03-04T12:30:08.874+01:00 INFO offer-service host=offer-service-7c9d5b-x2k4p corrId=c-3fa8616cbef3ebe5 offer accepted application_id=APP-2026-605087
2026-03-04T12:30:09.003+01:00 INFO ledger-service host=ledger-service-a41e92-t6zvn corrId=c-3fa8616cbef3ebe5 funds reserved application_id=APP-2026-605087 amount_dkk=485000
2026-03-04T12:30:09.063+01:00 INFO payment-service host=payment-service-7c9d5b-p9qmz corrId=c-3fa8616cbef3ebe5 payout instruction sent application_id=APP-2026-605087 amount_dkk=485000
2026-03-04T12:30:09.178+01:00 INFO ledger-service host=ledger-service-5b8f6c-t6zvn corrId=c-3fa8616cbef3ebe5 payout booked application_id=APP-2026-605087 posting_id=PST-6424370c46
2026-03-04T12:30:09.232+01:00 INFO notification-service host=notification-service-7c9d5b-t6zvn corrId=c-3fa8616cbef3ebe5 payout confirmation sent application_id=APP-2026-605087
2026-03-04T12:30:30.877+01:00 INFO portal-bff host=portal-bff-5b8f6c-x2k4p corrId=c-271a2c80b6c4e611 loan application submitted application_id=APP-2026-313021 customer_segment=PRIVATE
2026-03-04T12:30:30.883+01:00 INFO identity-service host=identity-service-a41e92-p9qmz corrId=c-271a2c80b6c4e611 MitID session validated customer_id=C63613518
2026-03-04T12:30:30.995+01:00 INFO customer-service host=customer-service-a41e92-p9qmz corrId=c-271a2c80b6c4e611 KYC profile loaded customer_id=C63613518 risk_class=HIGH
2026-03-04T12:30:31.051+01:00 INFO valuation-service host=valuation-service-5b8f6c-p9qmz corrId=c-271a2c80b6c4e611 property valuation requested property_id=P7573729 provider=valuta-ejd
2026-03-04T12:30:31.741+01:00 INFO valuation-service host=valuation-service-5b8f6c-p9qmz corrId=c-271a2c80b6c4e611 property valuation received property_id=P7573729 value_dkk=2370000 latency_ms=584
2026-03-04T12:30:31.878+01:00 INFO credit-service host=credit-service-a41e92-p9qmz corrId=c-271a2c80b6c4e611 credit assessment completed application_id=APP-2026-313021 score=515 decision=APPROVED
2026-03-04T12:30:32.008+01:00 INFO offer-service host=offer-service-7c9d5b-t6zvn corrId=c-271a2c80b6c4e611 loan offer generated application_id=APP-2026-313021 loan_type=FLEX_5Y principal_dkk=2185000
2026-03-04T12:30:32.054+01:00 INFO document-service host=document-service-5b8f6c-p9qmz corrId=c-271a2c80b6c4e611 offer document stored application_id=APP-2026-313021 doc_id=DOC-7f268d3c
2026-03-04T12:30:32.080+01:00 INFO portal-bff host=portal-bff-5b8f6c-t6zvn corrId=c-271a2c80b6c4e611 application completed application_id=APP-2026-313021 status=OFFER_ISSUED
2026-03-04T12:32:19.804+01:00 INFO portal-bff host=portal-bff-7c9d5b-x2k4p corrId=c-d89c645632fc16ea conversion quote requested loan_id=LN991979217 target_product=FLEX_5Y
2026-03-04T12:32:19.902+01:00 INFO identity-service host=identity-service-a41e92-p9qmz corrId=c-d89c645632fc16ea MitID session validated customer_id=C14900155
2026-03-04T12:32:19.943+01:00 INFO pricing-service host=pricing-service-5b8f6c-p9qmz corrId=c-d89c645632fc16ea bond price fetched series=BND4.0-2053 price=96.679
2026-03-04T12:32:20.004+01:00 INFO pricing-service host=pricing-service-7c9d5b-t6zvn corrId=c-d89c645632fc16ea conversion cost calculated loan_id=LN991979217 cost_dkk=32148.36
2026-03-04T12:32:20.118+01:00 INFO quote-service host=quote-service-5b8f6c-p9qmz corrId=c-d89c645632fc16ea conversion quote issued quote_id=Q47455115 loan_id=LN991979217
2026-03-04T12:33:10.997+01:00 INFO portal-bff host=portal-bff-5b8f6c-p9qmz corrId=c-17629b71f7b4786c loan application submitted application_id=APP-2026-017776 customer_segment=RETAIL
2026-03-04T12:33:11.020+01:00 INFO identity-service host=identity-service-a41e92-x2k4p corrId=c-17629b71f7b4786c MitID session validated customer_id=C60750400
2026-03-04T12:33:11.065+01:00 INFO customer-service host=customer-service-7c9d5b-t6zvn corrId=c-17629b71f7b4786c KYC profile loaded customer_id=C60750400 risk_class=HIGH
2026-03-04T12:33:11.072+01:00 INFO valuation-service host=valuation-service-a41e92-p9qmz corrId=c-17629b71f7b4786c property valuation requested property_id=P4143376 provider=valuta-ejd
2026-03-04T12:33:12.018+01:00 INFO valuation-service host=valuation-service-7c9d5b-x2k4p corrId=c-17629b71f7b4786c property valuation received property_id=P4143376 value_dkk=2620000 latency_ms=813
2026-03-04T12:33:12.035+01:00 INFO credit-service host=credit-service-a41e92-p9qmz corrId=c-17629b71f7b4786c credit assessment completed application_id=APP-2026-017776 score=584 decision=APPROVED
2026-03-04T12:33:12.120+01:00 INFO offer-service host=offer-service-7c9d5b-x2k4p corrId=c-17629b71f7b4786c loan offer generated application_id=APP-2026-017776 loan_type=FIXED_20Y_IO principal_dkk=785000
2026-03-04T12:33:12.125+01:00 INFO document-service host=document-service-a41e92-x2k4p corrId=c-17629b71f7b4786c offer document stored application_id=APP-2026-017776 doc_id=DOC-f6fe25e3
2026-03-04T12:33:12.160+01:00 INFO portal-bff host=portal-bff-7c9d5b-t6zvn corrId=c-17629b71f7b4786c application completed application_id=APP-2026-017776 status=OFFER_ISSUED
2026-03-04T12:34:01.694+01:00 INFO portal-bff host=portal-bff-5b8f6c-x2k4p corrId=c-033e1d29bf79bc6b conversion quote requested loan_id=LN721149266 target_product=FIXED_30Y
2026-03-04T12:34:01.739+01:00 INFO identity-service host=identity-service-5b8f6c-x2k4p corrId=c-033e1d29bf79bc6b MitID session validated customer_id=C70718414
2026-03-04T12:34:01.846+01:00 INFO pricing-service host=pricing-service-7c9d5b-p9qmz corrId=c-033e1d29bf79bc6b bond price fetched series=BND3.0-2053 price=99.078
2026-03-04T12:34:01.888+01:00 INFO pricing-service host=pricing-service-a41e92-p9qmz corrId=c-033e1d29bf79bc6b conversion cost calculated loan_id=LN721149266 cost_dkk=84487.61
2026-03-04T12:34:01.921+01:00 INFO quote-service host=quote-service-7c9d5b-x2k4p corrId=c-033e1d29bf79bc6b conversion quote issued quote_id=Q88151677 loan_id=LN721149266
2026-03-04T12:35:00.882+01:00 INFO api-gateway host=api-gateway-5b8f6c-x2k4p corrId=- health probe ok status=200 latency_ms=4
2026-03-04T12:35:53.132+01:00 INFO portal-bff host=portal-bff-7c9d5b-x2k4p corrId=c-30645df5e6e41a95 loan application submitted application_id=APP-2026-214431 customer_segment=RETAIL
2026-03-04T12:35:53.218+01:00 INFO identity-service host=identity-service-7c9d5b-p9qmz corrId=c-30645df5e6e41a95 MitID session validated customer_id=C86024353
2026-03-04T12:35:53.255+01:00 INFO customer-service host=customer-service-7c9d5b-x2k4p corrId=c-30645df5e6e41a95 KYC profile loaded customer_id=C86024353 risk_class=LOW
2026-03-04T12:35:53.350+01:00 INFO valuation-service host=valuation-service-5b8f6c-t6zvn corrId=c-30645df5e6e41a95 property valuation served from cache property_id=P6974475 value_dkk=8860000
2026-03-04T12:35:53.375+01:00 INFO credit-service host=credit-service-a41e92-p9qmz corrId=c-30645df5e6e41a95 credit assessment completed application_id=APP-2026-214431 score=648 decision=APPROVED
2026-03-04T12:35:53.393+01:00 INFO offer-service host=offer-service-a41e92-x2k4p corrId=c-30645df5e6e41a95 loan offer generated application_id=APP-2026-214431 loan_type=FLEX_1Y principal_dkk=2800000
2026-03-04T12:35:53.531+01:00 INFO document-service host=document-service-7c9d5b-t6zvn corrId=c-30645df5e6e41a95 offer document stored application_id=APP-2026-214431 doc_id=DOC-567f7ea3
2026-03-04T12:35:53.576+01:00 INFO portal-bff host=portal-bff-a41e92-t6zvn corrId=c-30645df5e6e41a95 application completed application_id=APP-2026-214431 status=OFFER_ISSUED
2026-03-04T12:35:55.471+01:00 INFO portal-bff host=portal-bff-7c9d5b-x2k4p corrId=c-d7b3566c94ac881c conversion quote requested loan_id=LN487634943 target_product=FIXED_30Y
2026-03-04T12:35:55.509+01:00 INFO identity-service host=identity-service-5b8f6c-p9qmz corrId=c-d7b3566c94ac881c MitID session validated customer_id=C40838025
2026-03-04T12:35:55.618+01:00 INFO pricing-service host=pricing-service-5b8f6c-x2k4p corrId=c-d7b3566c94ac881c bond price fetched series=BND3.0-2053 price=92.405
2026-03-04T12:35:55.668+01:00 INFO pricing-service host=pricing-service-a41e92-p9qmz corrId=c-d7b3566c94ac881c conversion cost calculated loan_id=LN487634943 cost_dkk=36116.69
2026-03-04T12:35:55.799+01:00 INFO quote-service host=quote-service-7c9d5b-x2k4p corrId=c-d7b3566c94ac881c conversion quote issued quote_id=Q83156601 loan_id=LN487634943
2026-03-04T12:37:44.021+01:00 INFO portal-bff host=portal-bff-7c9d5b-x2k4p corrId=c-c5b661d7d1a65a25 loan application submitted application_id=APP-2026-732497 customer_segment=PRIVATE
2026-03-04T12:37:44.143+01:00 INFO identity-service host=identity-service-a41e92-t6zvn corrId=c-c5b661d7d1a65a25 MitID session validated customer_id=C52091206
2026-03-04T12:37:44.235+01:00 INFO customer-service host=customer-service-5b8f6c-x2k4p corrId=c-c5b661d7d1a65a25 KYC profile loaded customer_id=C52091206 risk_class=MEDIUM
2026-03-04T12:37:44.328+01:00 INFO valuation-service host=valuation-service-5b8f6c-x2k4p corrId=c-c5b661d7d1a65a25 property valuation requested property_id=P7041630 provider=valuta-ejd
2026-03-04T12:37:44.776+01:00 INFO valuation-service host=valuation-service-a41e92-x2k4p corrId=c-c5b661d7d1a65a25 property valuation received property_id=P7041630 value_dkk=6900000 latency_ms=413
2026-03-04T12:37:44.853+01:00 INFO credit-service host=credit-service-7c9d5b-t6zvn corrId=c-c5b661d7d1a65a25 credit assessment completed application_id=APP-2026-732497 score=747 decision=APPROVED
2026-03-04T12:37:44.938+01:00 INFO offer-service host=offer-service-7c9d5b-p9qmz corrId=c-c5b661d7d1a65a25 loan offer generated application_id=APP-2026-732497 loan_type=FIXED_30Y principal_dkk=1150000
2026-03-04T12:37:44.946+01:00 INFO document-service host=document-service-5b8f6c-x2k4p corrId=c-c5b661d7d1a65a25 offer document stored application_id=APP-2026-732497 doc_id=DOC-8b3b64fb
2026-03-04T12:37:45.022+01:00 INFO portal-bff host=portal-bff-5b8f6c-p9qmz corrId=c-c5b661d7d1a65a25 application completed application_id=APP-2026-732497 status=OFFER_ISSUED
2026-03-04T12:37:57.481+01:00 INFO portal-bff host=portal-bff-5b8f6c-x2k4p corrId=c-a4ef5d3eafdaea46 conversion quote requested loan_id=LN291014716 target_product=FLEX_1Y
2026-03-04T12:37:57.589+01:00 INFO identity-service host=identity-service-a41e92-x2k4p corrId=c-a4ef5d3eafdaea46 MitID session validated customer_id=C71503197
2026-03-04T12:37:57.597+01:00 INFO pricing-service host=pricing-service-7c9d5b-p9qmz corrId=c-a4ef5d3eafdaea46 bond price fetched series=BND2.5-2056 price=97.015
2026-03-04T12:37:57.639+01:00 INFO pricing-service host=pricing-service-a41e92-t6zvn corrId=c-a4ef5d3eafdaea46 conversion cost calculated loan_id=LN291014716 cost_dkk=50931.10
2026-03-04T12:37:57.696+01:00 INFO quote-service host=quote-service-5b8f6c-x2k4p corrId=c-a4ef5d3eafdaea46 conversion quote issued quote_id=Q38129012 loan_id=LN291014716
2026-03-04T12:39:23.180+01:00 INFO offer-service host=offer-service-5b8f6c-p9qmz corrId=c-bc62189d1920589a offer accepted application_id=APP-2026-796595
2026-03-04T12:39:23.235+01:00 INFO ledger-service host=ledger-service-a41e92-p9qmz corrId=c-bc62189d1920589a funds reserved application_id=APP-2026-796595 amount_dkk=820000
2026-03-04T12:39:23.285+01:00 INFO payment-service host=payment-service-7c9d5b-p9qmz corrId=c-bc62189d1920589a payout instruction sent application_id=APP-2026-796595 amount_dkk=820000
2026-03-04T12:39:23.314+01:00 INFO ledger-service host=ledger-service-5b8f6c-x2k4p corrId=c-bc62189d1920589a payout booked application_id=APP-2026-796595 posting_id=PST-f9bf4b14e7
2026-03-04T12:39:23.448+01:00 INFO notification-service host=notification-service-7c9d5b-x2k4p corrId=c-bc62189d1920589a payout confirmation sent application_id=APP-2026-796595
2026-03-04T12:40:00.485+01:00 INFO payment-scheduler host=payment-scheduler-7c9d5b-t6zvn corrId=- scheduler heartbeat lag_ms=91
2026-03-04T12:40:00.585+01:00 INFO api-gateway host=api-gateway-a41e92-t6zvn corrId=- health probe ok status=200 latency_ms=9
2026-03-04T12:40:20.692+01:00 INFO offer-service host=offer-service-5b8f6c-x2k4p corrId=c-d16c7d77a8d53ad9 offer accepted application_id=APP-2026-885816
2026-03-04T12:40:20.831+01:00 INFO ledger-service host=ledger-service-5b8f6c-p9qmz corrId=c-d16c7d77a8d53ad9 funds reserved application_id=APP-2026-885816 amount_dkk=2180000
2026-03-04T12:40:20.902+01:00 INFO payment-service host=payment-service-7c9d5b-p9qmz corrId=c-d16c7d77a8d53ad9 payout instruction sent application_id=APP-2026-885816 amount_dkk=2180000
2026-03-04T12:40:21.033+01:00 INFO ledger-service host=ledger-service-5b8f6c-p9qmz corrId=c-d16c7d77a8d53ad9 payout booked application_id=APP-2026-885816 posting_id=PST-891b68b049
2026-03-04T12:40:21.135+01:00 INFO notification-service host=notification-service-a41e92-p9qmz corrId=c-d16c7d77a8d53ad9 payout confirmation sent application_id=APP-2026-885816
2026-03-04T12:40:30.125+01:00 INFO portal-bff host=portal-bff-7c9d5b-x2k4p corrId=c-1495aa4ba1346a7b loan application submitted application_id=APP-2026-554039 customer_segment=PRIVATE
2026-03-04T12:40:30.219+01:00 INFO identity-service host=identity-service-5b8f6c-x2k4p corrId=c-1495aa4ba1346a7b MitID session validated customer_id=C35707233
2026-03-04T12:40:30.324+01:00 INFO customer-service host=customer-service-a41e92-t6zvn corrId=c-1495aa4ba1346a7b KYC profile loaded customer_id=C35707233 risk_class=LOW
2026-03-04T12:40:30.416+01:00 INFO valuation-service host=valuation-service-a41e92-t6zvn corrId=c-1495aa4ba1346a7b property valuation requested property_id=P8455554 provider=valuta-ejd
2026-03-04T12:40:31.014+01:00 INFO valuation-service host=valuation-service-7c9d5b-x2k4p corrId=c-1495aa4ba1346a7b property valuation received property_id=P8455554 value_dkk=3800000 latency_ms=501
2026-03-04T12:40:31.109+01:00 INFO credit-service host=credit-service-5b8f6c-x2k4p corrId=c-1495aa4ba1346a7b credit assessment completed application_id=APP-2026-554039 score=559 decision=APPROVED
2026-03-04T12:40:31.129+01:00 INFO offer-service host=offer-service-a41e92-p9qmz corrId=c-1495aa4ba1346a7b loan offer generated application_id=APP-2026-554039 loan_type=FIXED_30Y principal_dkk=4910000
2026-03-04T12:40:31.193+01:00 INFO document-service host=document-service-7c9d5b-x2k4p corrId=c-1495aa4ba1346a7b offer document stored application_id=APP-2026-554039 doc_id=DOC-3118f9cf
2026-03-04T12:40:31.243+01:00 INFO portal-bff host=portal-bff-7c9d5b-x2k4p corrId=c-1495aa4ba1346a7b application completed application_id=APP-2026-554039 status=OFFER_ISSUED
2026-03-04T12:41:20.758+01:00 INFO offer-service host=offer-service-a41e92-x2k4p corrId=c-0b76ea39d4a4dce5 offer accepted application_id=APP-2026-573529
2026-03-04T12:41:20.777+01:00 INFO ledger-service host=ledger-service-7c9d5b-t6zvn corrId=c-0b76ea39d4a4dce5 funds reserved application_id=APP-2026-573529 amount_dkk=2120000
2026-03-04T12:41:20.803+01:00 INFO payment-service host=payment-service-5b8f6c-t6zvn corrId=c-0b76ea39d4a4dce5 payout instruction sent application_id=APP-2026-573529 amount_dkk=2120000
2026-03-04T12:41:20.940+01:00 INFO ledger-service host=ledger-service-a41e92-x2k4p corrId=c-0b76ea39d4a4dce5 payout booked application_id=APP-2026-573529 posting_id=PST-85c46e0d53
2026-03-04T12:41:20.973+01:00 INFO notification-service host=notification-service-a41e92-x2k4p corrId=c-0b76ea39d4a4dce5 payout confirmation sent application_id=APP-2026-573529
2026-03-04T12:45:00.346+01:00 INFO api-gateway host=api-gateway-7c9d5b-p9qmz corrId=- health probe ok status=200 latency_ms=2
2026-03-04T12:45:03.214+01:00 INFO portal-bff host=portal-bff-5b8f6c-x2k4p corrId=c-c044f7992bd9ed22 loan application submitted application_id=APP-2026-323785 customer_segment=SME
2026-03-04T12:45:03.224+01:00 INFO identity-service host=identity-service-a41e92-x2k4p corrId=c-c044f7992bd9ed22 MitID session validated customer_id=C06224541
2026-03-04T12:45:03.317+01:00 INFO customer-service host=customer-service-5b8f6c-t6zvn corrId=c-c044f7992bd9ed22 KYC profile loaded customer_id=C06224541 risk_class=HIGH
2026-03-04T12:45:03.389+01:00 INFO valuation-service host=valuation-service-5b8f6c-t6zvn corrId=c-c044f7992bd9ed22 property valuation requested property_id=P2681826 provider=valuta-ejd
2026-03-04T12:45:04.003+01:00 INFO valuation-service host=valuation-service-5b8f6c-p9qmz corrId=c-c044f7992bd9ed22 property valuation received property_id=P2681826 value_dkk=2290000 latency_ms=608
2026-03-04T12:45:04.029+01:00 INFO credit-service host=credit-service-5b8f6c-t6zvn corrId=c-c044f7992bd9ed22 credit assessment completed application_id=APP-2026-323785 score=528 decision=APPROVED
2026-03-04T12:45:04.069+01:00 INFO offer-service host=offer-service-7c9d5b-t6zvn corrId=c-c044f7992bd9ed22 loan offer generated application_id=APP-2026-323785 loan_type=FLEX_1Y principal_dkk=3650000
2026-03-04T12:45:04.204+01:00 INFO document-service host=document-service-a41e92-p9qmz corrId=c-c044f7992bd9ed22 offer document stored application_id=APP-2026-323785 doc_id=DOC-2f99a6e1
2026-03-04T12:45:04.336+01:00 INFO portal-bff host=portal-bff-7c9d5b-t6zvn corrId=c-c044f7992bd9ed22 application completed application_id=APP-2026-323785 status=OFFER_ISSUED
2026-03-04T12:45:23.376+01:00 INFO portal-bff host=portal-bff-a41e92-t6zvn corrId=c-dfcf2f7691d12099 conversion quote requested loan_id=LN258129776 target_product=FIXED_30Y
2026-03-04T12:45:23.472+01:00 INFO identity-service host=identity-service-5b8f6c-t6zvn corrId=c-dfcf2f7691d12099 MitID session validated customer_id=C68842378
2026-03-04T12:45:23.581+01:00 INFO pricing-service host=pricing-service-7c9d5b-p9qmz corrId=c-dfcf2f7691d12099 bond price fetched series=BND3.0-2056 price=99.146
2026-03-04T12:45:23.640+01:00 INFO pricing-service host=pricing-service-7c9d5b-p9qmz corrId=c-dfcf2f7691d12099 conversion cost calculated loan_id=LN258129776 cost_dkk=75496.71
2026-03-04T12:45:23.669+01:00 INFO quote-service host=quote-service-5b8f6c-x2k4p corrId=c-dfcf2f7691d12099 conversion quote issued quote_id=Q81949066 loan_id=LN258129776
2026-03-04T12:48:58.311+01:00 INFO portal-bff host=portal-bff-a41e92-p9qmz corrId=c-80d47074597e6400 loan application submitted application_id=APP-2026-736405 customer_segment=SME
2026-03-04T12:48:58.349+01:00 INFO identity-service host=identity-service-a41e92-x2k4p corrId=c-80d47074597e6400 MitID session validated customer_id=C54756037
2026-03-04T12:48:58.427+01:00 INFO customer-service host=customer-service-7c9d5b-x2k4p corrId=c-80d47074597e6400 KYC profile loaded customer_id=C54756037 risk_class=MEDIUM
2026-03-04T12:48:58.477+01:00 INFO valuation-service host=valuation-service-a41e92-x2k4p corrId=c-80d47074597e6400 property valuation requested property_id=P6006848 provider=bolig-vurdering
2026-03-04T12:48:58.930+01:00 INFO valuation-service host=valuation-service-7c9d5b-t6zvn corrId=c-80d47074597e6400 property valuation received property_id=P6006848 value_dkk=3550000 latency_ms=373
2026-03-04T12:48:58.970+01:00 INFO credit-service host=credit-service-5b8f6c-x2k4p corrId=c-80d47074597e6400 credit assessment completed application_id=APP-2026-736405 score=668 decision=APPROVED
2026-03-04T12:48:58.979+01:00 INFO offer-service host=offer-service-a41e92-p9qmz corrId=c-80d47074597e6400 loan offer generated application_id=APP-2026-736405 loan_type=FIXED_30Y principal_dkk=1190000
2026-03-04T12:48:59.104+01:00 INFO document-service host=document-service-7c9d5b-p9qmz corrId=c-80d47074597e6400 offer document stored application_id=APP-2026-736405 doc_id=DOC-c81278fc
2026-03-04T12:48:59.163+01:00 INFO portal-bff host=portal-bff-a41e92-x2k4p corrId=c-80d47074597e6400 application completed application_id=APP-2026-736405 status=OFFER_ISSUED
2026-03-04T12:49:07.750+01:00 INFO portal-bff host=portal-bff-5b8f6c-t6zvn corrId=c-7bab1aae663e13f6 loan application submitted application_id=APP-2026-332142 customer_segment=RETAIL
2026-03-04T12:49:07.836+01:00 INFO identity-service host=identity-service-5b8f6c-t6zvn corrId=c-7bab1aae663e13f6 MitID session validated customer_id=C39975666
2026-03-04T12:49:07.958+01:00 INFO customer-service host=customer-service-7c9d5b-p9qmz corrId=c-7bab1aae663e13f6 KYC profile loaded customer_id=C39975666 risk_class=LOW
2026-03-04T12:49:07.982+01:00 INFO valuation-service host=valuation-service-7c9d5b-t6zvn corrId=c-7bab1aae663e13f6 property valuation served from cache property_id=P5558002 value_dkk=8610000
2026-03-04T12:49:08.057+01:00 INFO credit-service host=credit-service-a41e92-p9qmz corrId=c-7bab1aae663e13f6 credit assessment completed application_id=APP-2026-332142 score=564 decision=APPROVED
2026-03-04T12:49:08.081+01:00 INFO offer-service host=offer-service-7c9d5b-x2k4p corrId=c-7bab1aae663e13f6 loan offer generated application_id=APP-2026-332142 loan_type=FIXED_20Y_IO principal_dkk=3890000
2026-03-04T12:49:08.117+01:00 INFO document-service host=document-service-5b8f6c-p9qmz corrId=c-7bab1aae663e13f6 offer document stored application_id=APP-2026-332142 doc_id=DOC-9d857d12
2026-03-04T12:49:08.221+01:00 INFO portal-bff host=portal-bff-5b8f6c-p9qmz corrId=c-7bab1aae663e13f6 application completed application_id=APP-2026-332142 status=OFFER_ISSUED
2026-03-04T12:49:47.167+01:00 INFO portal-bff host=portal-bff-5b8f6c-x2k4p corrId=c-c4273ff69e3383f6 loan application submitted application_id=APP-2026-305121 customer_segment=RETAIL
2026-03-04T12:49:47.189+01:00 INFO identity-service host=identity-service-5b8f6c-x2k4p corrId=c-c4273ff69e3383f6 MitID session validated customer_id=C54280196
2026-03-04T12:49:47.246+01:00 INFO customer-service host=customer-service-7c9d5b-x2k4p corrId=c-c4273ff69e3383f6 KYC profile loaded customer_id=C54280196 risk_class=LOW
2026-03-04T12:49:47.263+01:00 INFO valuation-service host=valuation-service-a41e92-t6zvn corrId=c-c4273ff69e3383f6 property valuation requested property_id=P7190642 provider=bolig-vurdering
2026-03-04T12:49:47.898+01:00 INFO valuation-service host=valuation-service-5b8f6c-x2k4p corrId=c-c4273ff69e3383f6 property valuation received property_id=P7190642 value_dkk=2930000 latency_ms=563
2026-03-04T12:49:48.010+01:00 INFO credit-service host=credit-service-a41e92-t6zvn corrId=c-c4273ff69e3383f6 credit assessment completed application_id=APP-2026-305121 score=870 decision=APPROVED
2026-03-04T12:49:48.039+01:00 INFO offer-service host=offer-service-7c9d5b-t6zvn corrId=c-c4273ff69e3383f6 loan offer generated application_id=APP-2026-305121 loan_type=FIXED_30Y principal_dkk=2945000
2026-03-04T12:49:48.077+01:00 INFO document-service host=document-service-a41e92-x2k4p corrId=c-c4273ff69e3383f6 offer document stored application_id=APP-2026-305121 doc_id=DOC-a8f5955d
2026-03-04T12:49:48.195+01:00 INFO portal-bff host=portal-bff-a41e92-x2k4p corrId=c-c4273ff69e3383f6 application completed application_id=APP-2026-305121 status=OFFER_ISSUED
2026-03-04T12:49:54.970+01:00 INFO portal-bff host=portal-bff-a41e92-x2k4p corrId=c-a3a41dcd6f574aec conversion quote requested loan_id=LN933298396 target_product=FIXED_30Y
2026-03-04T12:49:54.993+01:00 INFO identity-service host=identity-service-5b8f6c-p9qmz corrId=c-a3a41dcd6f574aec MitID session validated customer_id=C55251023
2026-03-04T12:49:55.042+01:00 INFO pricing-service host=pricing-service-5b8f6c-t6zvn corrId=c-a3a41dcd6f574aec bond price fetched series=BND4.0-2053 price=88.353
2026-03-04T12:49:55.113+01:00 INFO pricing-service host=pricing-service-a41e92-t6zvn corrId=c-a3a41dcd6f574aec conversion cost calculated loan_id=LN933298396 cost_dkk=85248.77
2026-03-04T12:49:55.252+01:00 INFO quote-service host=quote-service-a41e92-x2k4p corrId=c-a3a41dcd6f574aec conversion quote issued quote_id=Q09144950 loan_id=LN933298396
2026-03-04T12:50:00.221+01:00 INFO api-gateway host=api-gateway-7c9d5b-t6zvn corrId=- health probe ok status=200 latency_ms=29
2026-03-04T12:50:00.483+01:00 INFO payment-scheduler host=payment-scheduler-7c9d5b-x2k4p corrId=- scheduler heartbeat lag_ms=77
2026-03-04T12:51:12.456+01:00 INFO portal-bff host=portal-bff-7c9d5b-p9qmz corrId=c-76b38e7daff52507 conversion quote requested loan_id=LN837336814 target_product=FIXED_30Y
2026-03-04T12:51:12.466+01:00 INFO identity-service host=identity-service-7c9d5b-x2k4p corrId=c-76b38e7daff52507 MitID session validated customer_id=C73228861
2026-03-04T12:51:12.504+01:00 INFO pricing-service host=pricing-service-5b8f6c-t6zvn corrId=c-76b38e7daff52507 bond price fetched series=BND2.5-2053 price=95.647
2026-03-04T12:51:12.612+01:00 INFO pricing-service host=pricing-service-5b8f6c-x2k4p corrId=c-76b38e7daff52507 conversion cost calculated loan_id=LN837336814 cost_dkk=7337.48
2026-03-04T12:51:12.663+01:00 INFO quote-service host=quote-service-5b8f6c-p9qmz corrId=c-76b38e7daff52507 conversion quote issued quote_id=Q58044684 loan_id=LN837336814
2026-03-04T12:51:13.855+01:00 INFO portal-bff host=portal-bff-a41e92-x2k4p corrId=c-936a4ab547a33cb7 loan application submitted application_id=APP-2026-300701 customer_segment=RETAIL
2026-03-04T12:51:13.900+01:00 INFO identity-service host=identity-service-7c9d5b-x2k4p corrId=c-936a4ab547a33cb7 MitID session validated customer_id=C44813434
2026-03-04T12:51:13.949+01:00 INFO customer-service host=customer-service-7c9d5b-x2k4p corrId=c-936a4ab547a33cb7 KYC profile loaded customer_id=C44813434 risk_class=MEDIUM
2026-03-04T12:51:14.079+01:00 INFO valuation-service host=valuation-service-a41e92-x2k4p corrId=c-936a4ab547a33cb7 property valuation requested property_id=P0749724 provider=bolig-vurdering
2026-03-04T12:51:15.050+01:00 INFO valuation-service host=valuation-service-a41e92-t6zvn corrId=c-936a4ab547a33cb7 property valuation received property_id=P0749724 value_dkk=8360000 latency_ms=932
2026-03-04T12:51:15.114+01:00 INFO credit-service host=credit-service-7c9d5b-x2k4p corrId=c-936a4ab547a33cb7 credit assessment completed application_id=APP-2026-300701 score=833 decision=APPROVED
2026-03-04T12:51:15.161+01:00 INFO offer-service host=offer-service-a41e92-p9qmz corrId=c-936a4ab547a33cb7 loan offer generated application_id=APP-2026-300701 loan_type=FLEX_5Y principal_dkk=2235000
2026-03-04T12:51:15.249+01:00 INFO document-service host=document-service-7c9d5b-p9qmz corrId=c-936a4ab547a33cb7 offer document stored application_id=APP-2026-300701 doc_id=DOC-5358d230
2026-03-04T12:51:15.302+01:00 INFO portal-bff host=portal-bff-5b8f6c-p9qmz corrId=c-936a4ab547a33cb7 application completed application_id=APP-2026-300701 status=OFFER_ISSUED
2026-03-04T12:52:55.347+01:00 INFO portal-bff host=portal-bff-a41e92-p9qmz corrId=c-d9733ed8b93fbae0 loan application submitted application_id=APP-2026-892345 customer_segment=SME
2026-03-04T12:52:55.376+01:00 INFO identity-service host=identity-service-a41e92-x2k4p corrId=c-d9733ed8b93fbae0 MitID session validated customer_id=C70804806
2026-03-04T12:52:55.422+01:00 INFO customer-service host=customer-service-7c9d5b-p9qmz corrId=c-d9733ed8b93fbae0 KYC profile loaded customer_id=C70804806 risk_class=LOW
2026-03-04T12:52:55.475+01:00 INFO valuation-service host=valuation-service-7c9d5b-x2k4p corrId=c-d9733ed8b93fbae0 property valuation requested property_id=P1078751 provider=valuta-ejd
2026-03-04T12:52:55.601+01:00 ERROR valuation-service host=valuation-service-7c9d5b-t6zvn corrId=c-d9733ed8b93fbae0 property valuation failed property_id=P1078751 provider=valuta-ejd reason=PROVIDER_TIMEOUT after_ms=10000
2026-03-04T12:52:55.728+01:00 INFO credit-service host=credit-service-a41e92-t6zvn corrId=c-d9733ed8b93fbae0 credit assessment completed application_id=APP-2026-892345 score=774 decision=APPROVED
2026-03-04T12:52:55.742+01:00 INFO offer-service host=offer-service-7c9d5b-t6zvn corrId=c-d9733ed8b93fbae0 loan offer generated application_id=APP-2026-892345 loan_type=FLEX_1Y principal_dkk=5385000
2026-03-04T12:52:55.820+01:00 INFO document-service host=document-service-5b8f6c-p9qmz corrId=c-d9733ed8b93fbae0 offer document stored application_id=APP-2026-892345 doc_id=DOC-77c9cc5f
2026-03-04T12:52:55.929+01:00 INFO portal-bff host=portal-bff-5b8f6c-t6zvn corrId=c-d9733ed8b93fbae0 application completed application_id=APP-2026-892345 status=OFFER_ISSUED
2026-03-04T12:55:00.799+01:00 INFO api-gateway host=api-gateway-a41e92-x2k4p corrId=- health probe ok status=200 latency_ms=33
2026-03-04T12:55:36.428+01:00 INFO portal-bff host=portal-bff-a41e92-p9qmz corrId=c-431cf57367042bab loan application submitted application_id=APP-2026-510591 customer_segment=PRIVATE
2026-03-04T12:55:36.523+01:00 INFO identity-service host=identity-service-7c9d5b-x2k4p corrId=c-431cf57367042bab MitID session validated customer_id=C52456235
2026-03-04T12:55:36.652+01:00 INFO customer-service host=customer-service-a41e92-p9qmz corrId=c-431cf57367042bab KYC profile loaded customer_id=C52456235 risk_class=MEDIUM
2026-03-04T12:55:36.670+01:00 INFO valuation-service host=valuation-service-5b8f6c-p9qmz corrId=c-431cf57367042bab property valuation requested property_id=P0732966 provider=bolig-vurdering
2026-03-04T12:55:37.068+01:00 INFO valuation-service host=valuation-service-7c9d5b-p9qmz corrId=c-431cf57367042bab property valuation received property_id=P0732966 value_dkk=3070000 latency_ms=340
2026-03-04T12:55:37.091+01:00 INFO credit-service host=credit-service-7c9d5b-x2k4p corrId=c-431cf57367042bab credit assessment completed application_id=APP-2026-510591 score=799 decision=APPROVED
2026-03-04T12:55:37.204+01:00 INFO offer-service host=offer-service-7c9d5b-x2k4p corrId=c-431cf57367042bab loan offer generated application_id=APP-2026-510591 loan_type=FLEX_1Y principal_dkk=5870000
2026-03-04T12:55:37.285+01:00 INFO document-service host=document-service-a41e92-t6zvn corrId=c-431cf57367042bab offer document stored application_id=APP-2026-510591 doc_id=DOC-d920971a
2026-03-04T12:55:37.330+01:00 INFO portal-bff host=portal-bff-a41e92-x2k4p corrId=c-431cf57367042bab application completed application_id=APP-2026-510591 status=OFFER_ISSUED
2026-03-04T12:56:12.000+01:00 INFO valuation-service host=valuation-service-a41e92-t6zvn corrId=- jvm gc pause pause_ms=29
2026-03-04T12:59:35.282+01:00 INFO portal-bff host=portal-bff-7c9d5b-p9qmz corrId=c-e14e8206bed5acd8 loan application submitted application_id=APP-2026-051781 customer_segment=SME
2026-03-04T12:59:35.377+01:00 INFO identity-service host=identity-service-a41e92-p9qmz corrId=c-e14e8206bed5acd8 MitID session validated customer_id=C63632948
2026-03-04T12:59:35.504+01:00 INFO customer-service host=customer-service-7c9d5b-p9qmz corrId=c-e14e8206bed5acd8 KYC profile loaded customer_id=C63632948 risk_class=LOW
2026-03-04T12:59:35.548+01:00 INFO valuation-service host=valuation-service-7c9d5b-x2k4p corrId=c-e14e8206bed5acd8 property valuation requested property_id=P1340078 provider=bolig-vurdering
2026-03-04T12:59:36.172+01:00 INFO valuation-service host=valuation-service-a41e92-t6zvn corrId=c-e14e8206bed5acd8 property valuation received property_id=P1340078 value_dkk=7820000 latency_ms=501
2026-03-04T12:59:36.274+01:00 INFO credit-service host=credit-service-7c9d5b-x2k4p corrId=c-e14e8206bed5acd8 credit assessment completed application_id=APP-2026-051781 score=543 decision=APPROVED
2026-03-04T12:59:36.404+01:00 INFO offer-service host=offer-service-7c9d5b-p9qmz corrId=c-e14e8206bed5acd8 loan offer generated application_id=APP-2026-051781 loan_type=FLEX_1Y principal_dkk=3960000
2026-03-04T12:59:36.476+01:00 INFO document-service host=document-service-7c9d5b-t6zvn corrId=c-e14e8206bed5acd8 offer document stored application_id=APP-2026-051781 doc_id=DOC-626d2752
2026-03-04T12:59:36.605+01:00 INFO portal-bff host=portal-bff-a41e92-t6zvn corrId=c-e14e8206bed5acd8 application completed application_id=APP-2026-051781 status=OFFER_ISSUED
2026-03-04T13:00:00.616+01:00 INFO api-gateway host=api-gateway-7c9d5b-x2k4p corrId=- health probe ok status=200 latency_ms=11
2026-03-04T13:00:00.845+01:00 INFO payment-scheduler host=payment-scheduler-a41e92-p9qmz corrId=- scheduler heartbeat lag_ms=104
2026-03-04T13:00:05.000+01:00 INFO config-service host=config-service-a41e92-t6zvn corrId=- configuration refreshed version=v133
2026-03-04T13:01:42.454+01:00 INFO portal-bff host=portal-bff-5b8f6c-x2k4p corrId=c-479d28c0a47fffa8 loan application submitted application_id=APP-2026-444828 customer_segment=RETAIL
2026-03-04T13:01:42.586+01:00 INFO identity-service host=identity-service-a41e92-t6zvn corrId=c-479d28c0a47fffa8 MitID session validated customer_id=C10415855
2026-03-04T13:01:42.599+01:00 INFO customer-service host=customer-service-7c9d5b-p9qmz corrId=c-479d28c0a47fffa8 KYC profile loaded customer_id=C10415855 risk_class=MEDIUM
2026-03-04T13:01:42.738+01:00 INFO valuation-service host=valuation-service-a41e92-x2k4p corrId=c-479d28c0a47fffa8 property valuation served from cache property_id=P4666715 value_dkk=5410000
2026-03-04T13:01:42.840+01:00 INFO credit-service host=credit-service-a41e92-t6zvn corrId=c-479d28c0a47fffa8 credit assessment completed application_id=APP-2026-444828 score=603 decision=APPROVED
2026-03-04T13:01:42.914+01:00 INFO offer-service host=offer-service-a41e92-p9qmz corrId=c-479d28c0a47fffa8 loan offer generated application_id=APP-2026-444828 loan_type=FIXED_20Y_IO principal_dkk=745000
2026-03-04T13:01:43.011+01:00 INFO document-service host=document-service-5b8f6c-x2k4p corrId=c-479d28c0a47fffa8 offer document stored application_id=APP-2026-444828 doc_id=DOC-6ca93d16
2026-03-04T13:01:43.084+01:00 INFO portal-bff host=portal-bff-7c9d5b-x2k4p corrId=c-479d28c0a47fffa8 application completed application_id=APP-2026-444828 status=OFFER_ISSUED
2026-03-04T13:03:27.609+01:00 INFO portal-bff host=portal-bff-5b8f6c-p9qmz corrId=c-d7294ee400e7655f loan application submitted application_id=APP-2026-223898 customer_segment=PRIVATE
2026-03-04T13:03:27.740+01:00 INFO identity-service host=identity-service-5b8f6c-x2k4p corrId=c-d7294ee400e7655f MitID session validated customer_id=C20852390
2026-03-04T13:03:27.757+01:00 INFO customer-service host=customer-service-a41e92-t6zvn corrId=c-d7294ee400e7655f KYC profile loaded customer_id=C20852390 risk_class=HIGH
2026-03-04T13:03:27.787+01:00 INFO valuation-service host=valuation-service-a41e92-t6zvn corrId=c-d7294ee400e7655f property valuation served from cache property_id=P5233425 value_dkk=5830000
2026-03-04T13:03:27.879+01:00 INFO credit-service host=credit-service-5b8f6c-p9qmz corrId=c-d7294ee400e7655f credit assessment completed application_id=APP-2026-223898 score=609 decision=APPROVED
2026-03-04T13:03:27.972+01:00 INFO offer-service host=offer-service-5b8f6c-t6zvn corrId=c-d7294ee400e7655f loan offer generated application_id=APP-2026-223898 loan_type=FLEX_5Y principal_dkk=2040000
2026-03-04T13:03:28.057+01:00 INFO document-service host=document-service-5b8f6c-p9qmz corrId=c-d7294ee400e7655f offer document stored application_id=APP-2026-223898 doc_id=DOC-ef232be3
2026-03-04T13:03:28.127+01:00 INFO portal-bff host=portal-bff-7c9d5b-t6zvn corrId=c-d7294ee400e7655f application completed application_id=APP-2026-223898 status=OFFER_ISSUED
2026-03-04T13:04:15.053+01:00 INFO portal-bff host=portal-bff-a41e92-x2k4p corrId=c-7289d66e6affb780 conversion quote requested loan_id=LN822551403 target_product=FIXED_30Y
2026-03-04T13:04:15.140+01:00 INFO identity-service host=identity-service-7c9d5b-p9qmz corrId=c-7289d66e6affb780 MitID session validated customer_id=C57374854
2026-03-04T13:04:15.241+01:00 INFO pricing-service host=pricing-service-7c9d5b-t6zvn corrId=c-7289d66e6affb780 bond price fetched series=BND4.0-2053 price=97.342
2026-03-04T13:04:15.354+01:00 INFO pricing-service host=pricing-service-5b8f6c-p9qmz corrId=c-7289d66e6affb780 conversion cost calculated loan_id=LN822551403 cost_dkk=61865.15
2026-03-04T13:04:15.468+01:00 INFO quote-service host=quote-service-a41e92-x2k4p corrId=c-7289d66e6affb780 conversion quote issued quote_id=Q20790375 loan_id=LN822551403
2026-03-04T13:04:47.758+01:00 INFO portal-bff host=portal-bff-5b8f6c-p9qmz corrId=c-dcac72e45f114bd6 conversion quote requested loan_id=LN466946482 target_product=FLEX_1Y
2026-03-04T13:04:47.852+01:00 INFO identity-service host=identity-service-a41e92-t6zvn corrId=c-dcac72e45f114bd6 MitID session validated customer_id=C27716380
2026-03-04T13:04:47.949+01:00 INFO pricing-service host=pricing-service-7c9d5b-t6zvn corrId=c-dcac72e45f114bd6 bond price fetched series=BND2.5-2053 price=95.084
2026-03-04T13:04:48.014+01:00 INFO pricing-service host=pricing-service-7c9d5b-x2k4p corrId=c-dcac72e45f114bd6 conversion cost calculated loan_id=LN466946482 cost_dkk=66755.73
2026-03-04T13:04:48.081+01:00 INFO quote-service host=quote-service-a41e92-p9qmz corrId=c-dcac72e45f114bd6 conversion quote issued quote_id=Q63031335 loan_id=LN466946482
2026-03-04T13:05:00.395+01:00 INFO api-gateway host=api-gateway-7c9d5b-p9qmz corrId=- health probe ok status=200 latency_ms=2
2026-03-04T13:05:08.028+01:00 INFO portal-bff host=portal-bff-a41e92-x2k4p corrId=c-db87b91be3856e44 conversion quote requested loan_id=LN253396828 target_product=FIXED_30Y
2026-03-04T13:05:08.051+01:00 INFO identity-service host=identity-service-5b8f6c-x2k4p corrId=c-db87b91be3856e44 MitID session validated customer_id=C02840241
2026-03-04T13:05:08.171+01:00 INFO pricing-service host=pricing-service-7c9d5b-x2k4p corrId=c-db87b91be3856e44 bond price fetched series=BND3.0-2056 price=100.697
2026-03-04T13:05:08.282+01:00 INFO pricing-service host=pricing-service-5b8f6c-t6zvn corrId=c-db87b91be3856e44 conversion cost calculated loan_id=LN253396828 cost_dkk=80143.78
2026-03-04T13:05:08.301+01:00 INFO quote-service host=quote-service-a41e92-p9qmz corrId=c-db87b91be3856e44 conversion quote issued quote_id=Q86072103 loan_id=LN253396828
2026-03-04T13:05:29.937+01:00 INFO portal-bff host=portal-bff-a41e92-t6zvn corrId=c-fdfe9b48d21925cc loan application submitted application_id=APP-2026-734710 customer_segment=RETAIL
2026-03-04T13:05:29.998+01:00 INFO identity-service host=identity-service-7c9d5b-x2k4p corrId=c-fdfe9b48d21925cc MitID session validated customer_id=C16507783
2026-03-04T13:05:30.068+01:00 INFO customer-service host=customer-service-a41e92-t6zvn corrId=c-fdfe9b48d21925cc KYC profile loaded customer_id=C16507783 risk_class=LOW
2026-03-04T13:05:30.129+01:00 INFO valuation-service host=valuation-service-7c9d5b-t6zvn corrId=c-fdfe9b48d21925cc property valuation requested property_id=P7112671 provider=valuta-ejd
2026-03-04T13:05:30.762+01:00 INFO valuation-service host=valuation-service-a41e92-p9qmz corrId=c-fdfe9b48d21925cc property valuation received property_id=P7112671 value_dkk=4100000 latency_ms=615
2026-03-04T13:05:30.836+01:00 INFO credit-service host=credit-service-5b8f6c-t6zvn corrId=c-fdfe9b48d21925cc credit assessment completed application_id=APP-2026-734710 score=439 decision=APPROVED
2026-03-04T13:05:30.972+01:00 INFO offer-service host=offer-service-a41e92-x2k4p corrId=c-fdfe9b48d21925cc loan offer generated application_id=APP-2026-734710 loan_type=FLEX_1Y principal_dkk=3550000
2026-03-04T13:05:31.053+01:00 INFO document-service host=document-service-a41e92-t6zvn corrId=c-fdfe9b48d21925cc offer document stored application_id=APP-2026-734710 doc_id=DOC-8286a9b8
2026-03-04T13:05:31.125+01:00 INFO portal-bff host=portal-bff-5b8f6c-x2k4p corrId=c-fdfe9b48d21925cc application completed application_id=APP-2026-734710 status=OFFER_ISSUED
2026-03-04T13:06:46.061+01:00 INFO offer-service host=offer-service-7c9d5b-t6zvn corrId=c-946c098fd648f3cc offer accepted application_id=APP-2026-746267
2026-03-04T13:06:46.070+01:00 INFO ledger-service host=ledger-service-a41e92-x2k4p corrId=c-946c098fd648f3cc funds reserved application_id=APP-2026-746267 amount_dkk=3285000
2026-03-04T13:06:46.137+01:00 INFO payment-service host=payment-service-5b8f6c-p9qmz corrId=c-946c098fd648f3cc payout instruction sent application_id=APP-2026-746267 amount_dkk=3285000
2026-03-04T13:06:46.157+01:00 INFO ledger-service host=ledger-service-a41e92-x2k4p corrId=c-946c098fd648f3cc payout booked application_id=APP-2026-746267 posting_id=PST-abcca574d2
2026-03-04T13:06:46.283+01:00 INFO notification-service host=notification-service-7c9d5b-x2k4p corrId=c-946c098fd648f3cc payout confirmation sent application_id=APP-2026-746267
2026-03-04T13:07:38.782+01:00 INFO portal-bff host=portal-bff-7c9d5b-p9qmz corrId=c-f76e30495d7fa18c loan application submitted application_id=APP-2026-574792 customer_segment=SME
2026-03-04T13:07:38.828+01:00 INFO identity-service host=identity-service-7c9d5b-t6zvn corrId=c-f76e30495d7fa18c MitID session validated customer_id=C47129287
2026-03-04T13:07:38.883+01:00 INFO customer-service host=customer-service-7c9d5b-x2k4p corrId=c-f76e30495d7fa18c KYC profile loaded customer_id=C47129287 risk_class=HIGH
2026-03-04T13:07:38.911+01:00 INFO valuation-service host=valuation-service-7c9d5b-x2k4p corrId=c-f76e30495d7fa18c property valuation requested property_id=P9931031 provider=valuta-ejd
2026-03-04T13:07:39.666+01:00 INFO valuation-service host=valuation-service-7c9d5b-t6zvn corrId=c-f76e30495d7fa18c property valuation received property_id=P9931031 value_dkk=1520000 latency_ms=637
2026-03-04T13:07:39.778+01:00 INFO credit-service host=credit-service-5b8f6c-x2k4p corrId=c-f76e30495d7fa18c credit assessment completed application_id=APP-2026-574792 score=665 decision=APPROVED
2026-03-04T13:07:39.819+01:00 INFO offer-service host=offer-service-7c9d5b-t6zvn corrId=c-f76e30495d7fa18c loan offer generated application_id=APP-2026-574792 loan_type=FLEX_1Y principal_dkk=2310000
2026-03-04T13:07:39.891+01:00 INFO document-service host=document-service-a41e92-x2k4p corrId=c-f76e30495d7fa18c offer document stored application_id=APP-2026-574792 doc_id=DOC-432c10bc
2026-03-04T13:07:40.010+01:00 INFO portal-bff host=portal-bff-5b8f6c-p9qmz corrId=c-f76e30495d7fa18c application completed application_id=APP-2026-574792 status=OFFER_ISSUED
2026-03-04T13:10:00.771+01:00 INFO api-gateway host=api-gateway-a41e92-t6zvn corrId=- health probe ok status=200 latency_ms=34
2026-03-04T13:10:00.817+01:00 INFO payment-scheduler host=payment-scheduler-5b8f6c-p9qmz corrId=- scheduler heartbeat lag_ms=15
2026-03-04T13:11:08.349+01:00 INFO portal-bff host=portal-bff-a41e92-x2k4p corrId=c-7485740ee4914839 loan application submitted application_id=APP-2026-085342 customer_segment=PRIVATE
2026-03-04T13:11:08.454+01:00 INFO identity-service host=identity-service-5b8f6c-x2k4p corrId=c-7485740ee4914839 MitID session validated customer_id=C35628874
2026-03-04T13:11:08.563+01:00 INFO customer-service host=customer-service-a41e92-x2k4p corrId=c-7485740ee4914839 KYC profile loaded customer_id=C35628874 risk_class=LOW
2026-03-04T13:11:08.578+01:00 INFO valuation-service host=valuation-service-7c9d5b-x2k4p corrId=c-7485740ee4914839 property valuation requested property_id=P8187002 provider=bolig-vurdering
2026-03-04T13:11:09.057+01:00 INFO valuation-service host=valuation-service-7c9d5b-x2k4p corrId=c-7485740ee4914839 property valuation received property_id=P8187002 value_dkk=8980000 latency_ms=426
2026-03-04T13:11:09.159+01:00 INFO credit-service host=credit-service-a41e92-x2k4p corrId=c-7485740ee4914839 credit assessment completed application_id=APP-2026-085342 score=778 decision=APPROVED
2026-03-04T13:11:09.265+01:00 INFO offer-service host=offer-service-7c9d5b-p9qmz corrId=c-7485740ee4914839 loan offer generated application_id=APP-2026-085342 loan_type=FLEX_1Y principal_dkk=1935000
2026-03-04T13:11:09.360+01:00 INFO document-service host=document-service-7c9d5b-p9qmz corrId=c-7485740ee4914839 offer document stored application_id=APP-2026-085342 doc_id=DOC-192a4e04
2026-03-04T13:11:09.457+01:00 INFO portal-bff host=portal-bff-a41e92-x2k4p corrId=c-7485740ee4914839 application completed application_id=APP-2026-085342 status=OFFER_ISSUED
2026-03-04T13:12:27.006+01:00 INFO offer-service host=offer-service-7c9d5b-t6zvn corrId=c-ad83a52896aa637a offer accepted application_id=APP-2026-083475
2026-03-04T13:12:27.056+01:00 INFO ledger-service host=ledger-service-5b8f6c-p9qmz corrId=c-ad83a52896aa637a funds reserved application_id=APP-2026-083475 amount_dkk=5330000
2026-03-04T13:12:27.154+01:00 INFO payment-service host=payment-service-5b8f6c-t6zvn corrId=c-ad83a52896aa637a payout instruction sent application_id=APP-2026-083475 amount_dkk=5330000
2026-03-04T13:12:27.218+01:00 INFO ledger-service host=ledger-service-7c9d5b-t6zvn corrId=c-ad83a52896aa637a payout booked application_id=APP-2026-083475 posting_id=PST-f32bf2861a
2026-03-04T13:12:27.280+01:00 INFO notification-service host=notification-service-a41e92-x2k4p corrId=c-ad83a52896aa637a payout confirmation sent application_id=APP-2026-083475
2026-03-04T13:15:00.850+01:00 INFO api-gateway host=api-gateway-7c9d5b-p9qmz corrId=- health probe ok status=200 latency_ms=7
2026-03-04T13:17:17.200+01:00 INFO portal-bff host=portal-bff-7c9d5b-p9qmz corrId=c-dcb6bec143e54226 conversion quote requested loan_id=LN262391326 target_product=FLEX_5Y
2026-03-04T13:17:17.231+01:00 INFO identity-service host=identity-service-5b8f6c-t6zvn corrId=c-dcb6bec143e54226 MitID session validated customer_id=C77801614
2026-03-04T13:17:17.318+01:00 INFO pricing-service host=pricing-service-7c9d5b-p9qmz corrId=c-dcb6bec143e54226 bond price fetched series=BND4.0-2056 price=98.627
2026-03-04T13:17:17.383+01:00 INFO pricing-service host=pricing-service-5b8f6c-x2k4p corrId=c-dcb6bec143e54226 conversion cost calculated loan_id=LN262391326 cost_dkk=89154.83
2026-03-04T13:17:17.438+01:00 INFO quote-service host=quote-service-a41e92-p9qmz corrId=c-dcb6bec143e54226 conversion quote issued quote_id=Q11191408 loan_id=LN262391326
2026-03-04T13:17:45.715+01:00 INFO portal-bff host=portal-bff-5b8f6c-t6zvn corrId=c-a27257848a0f5634 loan application submitted application_id=APP-2026-869927 customer_segment=RETAIL
2026-03-04T13:17:45.827+01:00 INFO identity-service host=identity-service-5b8f6c-t6zvn corrId=c-a27257848a0f5634 MitID session validated customer_id=C75313161
2026-03-04T13:17:45.954+01:00 INFO customer-service host=customer-service-a41e92-p9qmz corrId=c-a27257848a0f5634 KYC profile loaded customer_id=C75313161 risk_class=LOW
2026-03-04T13:17:45.977+01:00 INFO valuation-service host=valuation-service-7c9d5b-t6zvn corrId=c-a27257848a0f5634 property valuation requested property_id=P2474657 provider=bolig-vurdering
2026-03-04T13:17:46.440+01:00 INFO valuation-service host=valuation-service-a41e92-p9qmz corrId=c-a27257848a0f5634 property valuation received property_id=P2474657 value_dkk=5640000 latency_ms=376
2026-03-04T13:17:46.575+01:00 INFO credit-service host=credit-service-a41e92-p9qmz corrId=c-a27257848a0f5634 credit assessment completed application_id=APP-2026-869927 score=590 decision=APPROVED
2026-03-04T13:17:46.610+01:00 INFO offer-service host=offer-service-5b8f6c-p9qmz corrId=c-a27257848a0f5634 loan offer generated application_id=APP-2026-869927 loan_type=FLEX_1Y principal_dkk=5805000
2026-03-04T13:17:46.668+01:00 INFO document-service host=document-service-7c9d5b-t6zvn corrId=c-a27257848a0f5634 offer document stored application_id=APP-2026-869927 doc_id=DOC-99cc1374
2026-03-04T13:17:46.742+01:00 INFO portal-bff host=portal-bff-5b8f6c-t6zvn corrId=c-a27257848a0f5634 application completed application_id=APP-2026-869927 status=OFFER_ISSUED
2026-03-04T13:17:52.272+01:00 INFO portal-bff host=portal-bff-a41e92-t6zvn corrId=c-48b67c5a046f47f3 loan application submitted application_id=APP-2026-743723 customer_segment=SME
2026-03-04T13:17:52.406+01:00 WARN identity-service host=identity-service-7c9d5b-p9qmz corrId=c-48b67c5a046f47f3 MitID token refresh attempt=1
2026-03-04T13:17:52.424+01:00 INFO identity-service host=identity-service-7c9d5b-x2k4p corrId=c-48b67c5a046f47f3 MitID session validated customer_id=C10218358
2026-03-04T13:17:52.477+01:00 INFO customer-service host=customer-service-5b8f6c-x2k4p corrId=c-48b67c5a046f47f3 KYC profile loaded customer_id=C10218358 risk_class=MEDIUM
2026-03-04T13:17:52.537+01:00 INFO valuation-service host=valuation-service-7c9d5b-x2k4p corrId=c-48b67c5a046f47f3 property valuation requested property_id=P9892400 provider=valuta-ejd
2026-03-04T13:17:53.366+01:00 INFO valuation-service host=valuation-service-5b8f6c-x2k4p corrId=c-48b67c5a046f47f3 property valuation received property_id=P9892400 value_dkk=6650000 latency_ms=744
2026-03-04T13:17:53.445+01:00 INFO credit-service host=credit-service-a41e92-t6zvn corrId=c-48b67c5a046f47f3 credit assessment completed application_id=APP-2026-743723 score=738 decision=APPROVED
2026-03-04T13:17:53.478+01:00 INFO offer-service host=offer-service-7c9d5b-t6zvn corrId=c-48b67c5a046f47f3 loan offer generated application_id=APP-2026-743723 loan_type=FIXED_20Y_IO principal_dkk=5245000
2026-03-04T13:17:53.526+01:00 INFO document-service host=document-service-5b8f6c-p9qmz corrId=c-48b67c5a046f47f3 offer document stored application_id=APP-2026-743723 doc_id=DOC-8711bc13
2026-03-04T13:17:53.550+01:00 INFO portal-bff host=portal-bff-a41e92-x2k4p corrId=c-48b67c5a046f47f3 application completed application_id=APP-2026-743723 status=OFFER_ISSUED
2026-03-04T13:18:24.000+01:00 INFO valuation-service host=valuation-service-5b8f6c-t6zvn corrId=- jvm gc pause pause_ms=18
2026-03-04T13:18:25.337+01:00 INFO portal-bff host=portal-bff-a41e92-t6zvn corrId=c-35e8d08f77bda759 conversion quote requested loan_id=LN674709936 target_product=FLEX_5Y
2026-03-04T13:18:25.427+01:00 INFO identity-service host=identity-service-7c9d5b-x2k4p corrId=c-35e8d08f77bda759 MitID session validated customer_id=C85868267
2026-03-04T13:18:25.536+01:00 INFO pricing-service host=pricing-service-5b8f6c-x2k4p corrId=c-35e8d08f77bda759 bond price fetched series=BND3.0-2056 price=94.437
2026-03-04T13:18:25.585+01:00 INFO pricing-service host=pricing-service-a41e92-t6zvn corrId=c-35e8d08f77bda759 conversion cost calculated loan_id=LN674709936 cost_dkk=28528.25
2026-03-04T13:18:25.612+01:00 INFO quote-service host=quote-service-a41e92-p9qmz corrId=c-35e8d08f77bda759 conversion quote issued quote_id=Q00688851 loan_id=LN674709936
2026-03-04T13:18:28.135+01:00 INFO portal-bff host=portal-bff-a41e92-p9qmz corrId=c-0346bd8797112111 loan application submitted application_id=APP-2026-276752 customer_segment=RETAIL
2026-03-04T13:18:28.227+01:00 INFO identity-service host=identity-service-5b8f6c-p9qmz corrId=c-0346bd8797112111 MitID session validated customer_id=C54914313
2026-03-04T13:18:28.308+01:00 INFO customer-service host=customer-service-a41e92-p9qmz corrId=c-0346bd8797112111 KYC profile loaded customer_id=C54914313 risk_class=HIGH
2026-03-04T13:18:28.373+01:00 INFO valuation-service host=valuation-service-7c9d5b-p9qmz corrId=c-0346bd8797112111 property valuation requested property_id=P9643568 provider=valuta-ejd
2026-03-04T13:18:28.763+01:00 INFO valuation-service host=valuation-service-a41e92-p9qmz corrId=c-0346bd8797112111 property valuation received property_id=P9643568 value_dkk=1120000 latency_ms=370
2026-03-04T13:18:28.814+01:00 INFO credit-service host=credit-service-7c9d5b-x2k4p corrId=c-0346bd8797112111 credit assessment completed application_id=APP-2026-276752 score=580 decision=APPROVED
2026-03-04T13:18:28.885+01:00 INFO offer-service host=offer-service-5b8f6c-p9qmz corrId=c-0346bd8797112111 loan offer generated application_id=APP-2026-276752 loan_type=FLEX_5Y principal_dkk=4900000
2026-03-04T13:18:28.913+01:00 INFO document-service host=document-service-7c9d5b-p9qmz corrId=c-0346bd8797112111 offer document stored application_id=APP-2026-276752 doc_id=DOC-6ae5d851
2026-03-04T13:18:29.037+01:00 INFO portal-bff host=portal-bff-5b8f6c-t6zvn corrId=c-0346bd8797112111 application completed application_id=APP-2026-276752 status=OFFER_ISSUED
2026-03-04T13:19:22.143+01:00 INFO portal-bff host=portal-bff-7c9d5b-t6zvn corrId=c-0e5f35b831854fde loan application submitted application_id=APP-2026-150062 customer_segment=RETAIL
2026-03-04T13:19:22.152+01:00 INFO identity-service host=identity-service-7c9d5b-t6zvn corrId=c-0e5f35b831854fde MitID session validated customer_id=C10884175
2026-03-04T13:19:22.211+01:00 INFO customer-service host=customer-service-7c9d5b-x2k4p corrId=c-0e5f35b831854fde KYC profile loaded customer_id=C10884175 risk_class=HIGH
2026-03-04T13:19:22.294+01:00 INFO valuation-service host=valuation-service-7c9d5b-t6zvn corrId=c-0e5f35b831854fde property valuation served from cache property_id=P3221134 value_dkk=1110000
2026-03-04T13:19:22.384+01:00 INFO credit-service host=credit-service-7c9d5b-t6zvn corrId=c-0e5f35b831854fde credit assessment completed application_id=APP-2026-150062 score=704 decision=APPROVED
2026-03-04T13:19:22.516+01:00 INFO offer-service host=offer-service-5b8f6c-p9qmz corrId=c-0e5f35b831854fde loan offer generated application_id=APP-2026-150062 loan_type=FLEX_1Y principal_dkk=2880000
2026-03-04T13:19:22.639+01:00 INFO document-service host=document-service-5b8f6c-t6zvn corrId=c-0e5f35b831854fde offer document stored application_id=APP-2026-150062 doc_id=DOC-bc14863b
2026-03-04T13:19:22.660+01:00 INFO portal-bff host=portal-bff-a41e92-t6zvn corrId=c-0e5f35b831854fde application completed application_id=APP-2026-150062 status=OFFER_ISSUED
2026-03-04T13:19:53.198+01:00 INFO portal-bff host=portal-bff-7c9d5b-x2k4p corrId=c-da18a618fcf34519 loan application submitted application_id=APP-2026-926206 customer_segment=RETAIL
2026-03-04T13:19:53.294+01:00 INFO identity-service host=identity-service-a41e92-x2k4p corrId=c-da18a618fcf34519 MitID session validated customer_id=C42662179
2026-03-04T13:19:53.419+01:00 INFO customer-service host=customer-service-7c9d5b-t6zvn corrId=c-da18a618fcf34519 KYC profile loaded customer_id=C42662179 risk_class=LOW
2026-03-04T13:19:53.486+01:00 INFO valuation-service host=valuation-service-a41e92-x2k4p corrId=c-da18a618fcf34519 property valuation requested property_id=P6205819 provider=valuta-ejd
2026-03-04T13:19:53.872+01:00 INFO valuation-service host=valuation-service-7c9d5b-p9qmz corrId=c-da18a618fcf34519 property valuation received property_id=P6205819 value_dkk=3840000 latency_ms=364
2026-03-04T13:19:53.930+01:00 INFO credit-service host=credit-service-a41e92-x2k4p corrId=c-da18a618fcf34519 credit assessment completed application_id=APP-2026-926206 score=726 decision=APPROVED
2026-03-04T13:19:54.046+01:00 INFO offer-service host=offer-service-7c9d5b-t6zvn corrId=c-da18a618fcf34519 loan offer generated application_id=APP-2026-926206 loan_type=FIXED_20Y_IO principal_dkk=1905000
2026-03-04T13:19:54.063+01:00 INFO document-service host=document-service-7c9d5b-x2k4p corrId=c-da18a618fcf34519 offer document stored application_id=APP-2026-926206 doc_id=DOC-c46f8d43
2026-03-04T13:19:54.185+01:00 INFO portal-bff host=portal-bff-7c9d5b-t6zvn corrId=c-da18a618fcf34519 application completed application_id=APP-2026-926206 status=OFFER_ISSUED
2026-03-04T13:20:00.733+01:00 INFO payment-scheduler host=payment-scheduler-7c9d5b-x2k4p corrId=- scheduler heartbeat lag_ms=18
2026-03-04T13:20:00.782+01:00 INFO api-gateway host=api-gateway-7c9d5b-p9qmz corrId=- health probe ok status=200 latency_ms=31
2026-03-04T13:20:27.780+01:00 INFO portal-bff host=portal-bff-5b8f6c-x2k4p corrId=c-274b441bb09cf7d7 loan application submitted application_id=APP-2026-389977 customer_segment=SME
2026-03-04T13:20:27.913+01:00 WARN identity-service host=identity-service-a41e92-p9qmz corrId=c-274b441bb09cf7d7 MitID token refresh attempt=1
2026-03-04T13:20:27.930+01:00 INFO identity-service host=identity-service-7c9d5b-t6zvn corrId=c-274b441bb09cf7d7 MitID session validated customer_id=C77082312
2026-03-04T13:20:27.953+01:00 INFO customer-service host=customer-service-5b8f6c-p9qmz corrId=c-274b441bb09cf7d7 KYC profile loaded customer_id=C77082312 risk_class=HIGH
2026-03-04T13:20:28.011+01:00 INFO valuation-service host=valuation-service-a41e92-p9qmz corrId=c-274b441bb09cf7d7 property valuation served from cache property_id=P8274390 value_dkk=4860000
2026-03-04T13:20:28.024+01:00 INFO credit-service host=credit-service-5b8f6c-p9qmz corrId=c-274b441bb09cf7d7 credit assessment completed application_id=APP-2026-389977 score=801 decision=APPROVED
2026-03-04T13:20:28.071+01:00 INFO offer-service host=offer-service-a41e92-t6zvn corrId=c-274b441bb09cf7d7 loan offer generated application_id=APP-2026-389977 loan_type=FIXED_30Y principal_dkk=5895000
2026-03-04T13:20:28.200+01:00 INFO document-service host=document-service-5b8f6c-p9qmz corrId=c-274b441bb09cf7d7 offer document stored application_id=APP-2026-389977 doc_id=DOC-3bd2c141
2026-03-04T13:20:28.328+01:00 INFO portal-bff host=portal-bff-5b8f6c-p9qmz corrId=c-274b441bb09cf7d7 application completed application_id=APP-2026-389977 status=OFFER_ISSUED
2026-03-04T13:21:32.693+01:00 INFO portal-bff host=portal-bff-a41e92-t6zvn corrId=c-c6d113b5c13558eb loan application submitted application_id=APP-2026-531950 customer_segment=RETAIL
2026-03-04T13:21:32.772+01:00 INFO identity-service host=identity-service-a41e92-x2k4p corrId=c-c6d113b5c13558eb MitID session validated customer_id=C03279427
2026-03-04T13:21:32.859+01:00 INFO customer-service host=customer-service-5b8f6c-p9qmz corrId=c-c6d113b5c13558eb KYC profile loaded customer_id=C03279427 risk_class=MEDIUM
2026-03-04T13:21:32.943+01:00 INFO valuation-service host=valuation-service-7c9d5b-x2k4p corrId=c-c6d113b5c13558eb property valuation served from cache property_id=P8920781 value_dkk=2310000
2026-03-04T13:21:33.034+01:00 INFO credit-service host=credit-service-5b8f6c-x2k4p corrId=c-c6d113b5c13558eb credit assessment completed application_id=APP-2026-531950 score=586 decision=APPROVED
2026-03-04T13:21:33.072+01:00 INFO offer-service host=offer-service-5b8f6c-p9qmz corrId=c-c6d113b5c13558eb loan offer generated application_id=APP-2026-531950 loan_type=FIXED_30Y principal_dkk=4225000
2026-03-04T13:21:33.111+01:00 INFO document-service host=document-service-a41e92-t6zvn corrId=c-c6d113b5c13558eb offer document stored application_id=APP-2026-531950 doc_id=DOC-b942deed
2026-03-04T13:21:33.131+01:00 INFO portal-bff host=portal-bff-a41e92-p9qmz corrId=c-c6d113b5c13558eb application completed application_id=APP-2026-531950 status=OFFER_ISSUED
2026-03-04T13:21:56.955+01:00 INFO offer-service host=offer-service-5b8f6c-t6zvn corrId=c-674eee7bf1c5190c offer accepted application_id=APP-2026-403523
2026-03-04T13:21:56.993+01:00 INFO ledger-service host=ledger-service-a41e92-p9qmz corrId=c-674eee7bf1c5190c funds reserved application_id=APP-2026-403523 amount_dkk=720000
2026-03-04T13:21:57.090+01:00 INFO payment-service host=payment-service-7c9d5b-t6zvn corrId=c-674eee7bf1c5190c payout instruction sent application_id=APP-2026-403523 amount_dkk=720000
2026-03-04T13:21:57.223+01:00 INFO ledger-service host=ledger-service-7c9d5b-x2k4p corrId=c-674eee7bf1c5190c payout booked application_id=APP-2026-403523 posting_id=PST-25106e535e
2026-03-04T13:21:57.362+01:00 INFO notification-service host=notification-service-7c9d5b-x2k4p corrId=c-674eee7bf1c5190c payout confirmation sent application_id=APP-2026-403523
2026-03-04T13:22:15.774+01:00 INFO portal-bff host=portal-bff-a41e92-t6zvn corrId=c-4626d1a1d0373a51 loan application submitted application_id=APP-2026-605927 customer_segment=SME
2026-03-04T13:22:15.910+01:00 INFO identity-service host=identity-service-5b8f6c-t6zvn corrId=c-4626d1a1d0373a51 MitID session validated customer_id=C80340078
2026-03-04T13:22:15.936+01:00 INFO customer-service host=customer-service-5b8f6c-x2k4p corrId=c-4626d1a1d0373a51 KYC profile loaded customer_id=C80340078 risk_class=LOW
2026-03-04T13:22:15.975+01:00 INFO valuation-service host=valuation-service-5b8f6c-t6zvn corrId=c-4626d1a1d0373a51 property valuation requested property_id=P7373937 provider=valuta-ejd
2026-03-04T13:22:16.783+01:00 INFO valuation-service host=valuation-service-7c9d5b-t6zvn corrId=c-4626d1a1d0373a51 property valuation received property_id=P7373937 value_dkk=2380000 latency_ms=740
2026-03-04T13:22:16.881+01:00 INFO credit-service host=credit-service-5b8f6c-t6zvn corrId=c-4626d1a1d0373a51 credit assessment completed application_id=APP-2026-605927 score=869 decision=APPROVED
2026-03-04T13:22:16.993+01:00 INFO offer-service host=offer-service-a41e92-x2k4p corrId=c-4626d1a1d0373a51 loan offer generated application_id=APP-2026-605927 loan_type=FIXED_30Y principal_dkk=5010000
2026-03-04T13:22:17.065+01:00 INFO document-service host=document-service-a41e92-t6zvn corrId=c-4626d1a1d0373a51 offer document stored application_id=APP-2026-605927 doc_id=DOC-62a366ae
2026-03-04T13:22:17.165+01:00 INFO portal-bff host=portal-bff-7c9d5b-x2k4p corrId=c-4626d1a1d0373a51 application completed application_id=APP-2026-605927 status=OFFER_ISSUED
2026-03-04T13:23:55.586+01:00 INFO portal-bff host=portal-bff-7c9d5b-t6zvn corrId=c-b92e60f151b36fa8 loan application submitted application_id=APP-2026-167787 customer_segment=RETAIL
2026-03-04T13:23:55.632+01:00 INFO identity-service host=identity-service-a41e92-p9qmz corrId=c-b92e60f151b36fa8 MitID session validated customer_id=C55952712
2026-03-04T13:23:55.727+01:00 INFO customer-service host=customer-service-5b8f6c-x2k4p corrId=c-b92e60f151b36fa8 KYC profile loaded customer_id=C55952712 risk_class=MEDIUM
2026-03-04T13:23:55.806+01:00 INFO valuation-service host=valuation-service-5b8f6c-t6zvn corrId=c-b92e60f151b36fa8 property valuation requested property_id=P4613297 provider=valuta-ejd
2026-03-04T13:23:56.156+01:00 INFO valuation-service host=valuation-service-7c9d5b-t6zvn corrId=c-b92e60f151b36fa8 property valuation received property_id=P4613297 value_dkk=4430000 latency_ms=272
2026-03-04T13:23:56.238+01:00 INFO credit-service host=credit-service-5b8f6c-p9qmz corrId=c-b92e60f151b36fa8 credit assessment completed application_id=APP-2026-167787 score=567 decision=APPROVED
2026-03-04T13:23:56.341+01:00 INFO offer-service host=offer-service-a41e92-x2k4p corrId=c-b92e60f151b36fa8 loan offer generated application_id=APP-2026-167787 loan_type=FIXED_30Y principal_dkk=4350000
2026-03-04T13:23:56.434+01:00 INFO document-service host=document-service-5b8f6c-t6zvn corrId=c-b92e60f151b36fa8 offer document stored application_id=APP-2026-167787 doc_id=DOC-45a44c54
2026-03-04T13:23:56.480+01:00 INFO portal-bff host=portal-bff-7c9d5b-x2k4p corrId=c-b92e60f151b36fa8 application completed application_id=APP-2026-167787 status=OFFER_ISSUED
2026-03-04T13:25:00.351+01:00 INFO api-gateway host=api-gateway-5b8f6c-x2k4p corrId=- health probe ok status=200 latency_ms=24
2026-03-04T13:26:23.895+01:00 INFO portal-bff host=portal-bff-a41e92-x2k4p corrId=c-321548f9bd15fcc6 loan application submitted application_id=APP-2026-258369 customer_segment=RETAIL
2026-03-04T13:26:24.007+01:00 INFO identity-service host=identity-service-a41e92-t6zvn corrId=c-321548f9bd15fcc6 MitID session validated customer_id=C19642939
2026-03-04T13:26:24.069+01:00 INFO customer-service host=customer-service-7c9d5b-x2k4p corrId=c-321548f9bd15fcc6 KYC profile loaded customer_id=C19642939 risk_class=HIGH
2026-03-04T13:26:24.115+01:00 INFO valuation-service host=valuation-service-a41e92-x2k4p corrId=c-321548f9bd15fcc6 property valuation served from cache property_id=P8917818 value_dkk=2230000
2026-03-04T13:26:24.131+01:00 INFO credit-service host=credit-service-7c9d5b-x2k4p corrId=c-321548f9bd15fcc6 credit assessment completed application_id=APP-2026-258369 score=661 decision=APPROVED
2026-03-04T13:26:24.149+01:00 INFO offer-service host=offer-service-a41e92-t6zvn corrId=c-321548f9bd15fcc6 loan offer generated application_id=APP-2026-258369 loan_type=FIXED_20Y_IO principal_dkk=5985000
2026-03-04T13:26:24.255+01:00 INFO document-service host=document-service-5b8f6c-x2k4p corrId=c-321548f9bd15fcc6 offer document stored application_id=APP-2026-258369 doc_id=DOC-0dcae7a7
2026-03-04T13:26:24.330+01:00 INFO portal-bff host=portal-bff-5b8f6c-p9qmz corrId=c-321548f9bd15fcc6 application completed application_id=APP-2026-258369 status=OFFER_ISSUED
2026-03-04T13:27:34.175+01:00 INFO portal-bff host=portal-bff-7c9d5b-p9qmz corrId=c-35fda40af962adf6 loan application submitted application_id=APP-2026-176004 customer_segment=RETAIL
2026-03-04T13:27:34.193+01:00 WARN identity-service host=identity-service-5b8f6c-t6zvn corrId=c-35fda40af962adf6 MitID token refresh attempt=1
2026-03-04T13:27:34.301+01:00 INFO identity-service host=identity-service-5b8f6c-t6zvn corrId=c-35fda40af962adf6 MitID session validated customer_id=C83959472
2026-03-04T13:27:34.404+01:00 INFO customer-service host=customer-service-a41e92-t6zvn corrId=c-35fda40af962adf6 KYC profile loaded customer_id=C83959472 risk_class=LOW
2026-03-04T13:27:34.480+01:00 INFO valuation-service host=valuation-service-a41e92-x2k4p corrId=c-35fda40af962adf6 property valuation requested property_id=P5510632 provider=bolig-vurdering
2026-03-04T13:27:35.356+01:00 INFO valuation-service host=valuation-service-a41e92-x2k4p corrId=c-35fda40af962adf6 property valuation received property_id=P5510632 value_dkk=8120000 latency_ms=769
2026-03-04T13:27:35.443+01:00 INFO credit-service host=credit-service-5b8f6c-p9qmz corrId=c-35fda40af962adf6 credit assessment completed application_id=APP-2026-176004 score=769 decision=APPROVED
2026-03-04T13:27:35.475+01:00 INFO offer-service host=offer-service-a41e92-t6zvn corrId=c-35fda40af962adf6 loan offer generated application_id=APP-2026-176004 loan_type=FIXED_30Y principal_dkk=5990000
2026-03-04T13:27:35.482+01:00 INFO document-service host=document-service-a41e92-p9qmz corrId=c-35fda40af962adf6 offer document stored application_id=APP-2026-176004 doc_id=DOC-e5890c7c
2026-03-04T13:27:35.493+01:00 INFO portal-bff host=portal-bff-7c9d5b-x2k4p corrId=c-35fda40af962adf6 application completed application_id=APP-2026-176004 status=OFFER_ISSUED
2026-03-04T13:28:35.126+01:00 INFO portal-bff host=portal-bff-5b8f6c-x2k4p corrId=c-042a5bad26497dd6 loan application submitted application_id=APP-2026-802715 customer_segment=SME
2026-03-04T13:28:35.244+01:00 INFO identity-service host=identity-service-a41e92-x2k4p corrId=c-042a5bad26497dd6 MitID session validated customer_id=C25364383
2026-03-04T13:28:35.361+01:00 INFO customer-service host=customer-service-a41e92-t6zvn corrId=c-042a5bad26497dd6 KYC profile loaded customer_id=C25364383 risk_class=MEDIUM
2026-03-04T13:28:35.416+01:00 INFO valuation-service host=valuation-service-a41e92-t6zvn corrId=c-042a5bad26497dd6 property valuation served from cache property_id=P4570985 value_dkk=6610000
2026-03-04T13:28:35.459+01:00 INFO credit-service host=credit-service-7c9d5b-x2k4p corrId=c-042a5bad26497dd6 credit assessment completed application_id=APP-2026-802715 score=713 decision=APPROVED
2026-03-04T13:28:35.545+01:00 INFO offer-service host=offer-service-a41e92-t6zvn corrId=c-042a5bad26497dd6 loan offer generated application_id=APP-2026-802715 loan_type=FIXED_30Y principal_dkk=2380000
2026-03-04T13:28:35.595+01:00 INFO document-service host=document-service-5b8f6c-p9qmz corrId=c-042a5bad26497dd6 offer document stored application_id=APP-2026-802715 doc_id=DOC-ce3acbc0
2026-03-04T13:28:35.706+01:00 INFO portal-bff host=portal-bff-5b8f6c-t6zvn corrId=c-042a5bad26497dd6 application completed application_id=APP-2026-802715 status=OFFER_ISSUED
2026-03-04T13:30:00.399+01:00 INFO api-gateway host=api-gateway-a41e92-p9qmz corrId=- health probe ok status=200 latency_ms=14
2026-03-04T13:30:00.821+01:00 INFO payment-scheduler host=payment-scheduler-7c9d5b-x2k4p corrId=- scheduler heartbeat lag_ms=106
2026-03-04T13:30:58.833+01:00 INFO portal-bff host=portal-bff-5b8f6c-x2k4p corrId=c-7134101ece08d5c8 loan application submitted application_id=APP-2026-438045 customer_segment=RETAIL
2026-03-04T13:30:58.872+01:00 INFO identity-service host=identity-service-a41e92-x2k4p corrId=c-7134101ece08d5c8 MitID session validated customer_id=C06794975
2026-03-04T13:30:58.920+01:00 INFO customer-service host=customer-service-5b8f6c-p9qmz corrId=c-7134101ece08d5c8 KYC profile loaded customer_id=C06794975 risk_class=MEDIUM
2026-03-04T13:30:59.045+01:00 INFO valuation-service host=valuation-service-a41e92-t6zvn corrId=c-7134101ece08d5c8 property valuation requested property_id=P9662268 provider=valuta-ejd
2026-03-04T13:30:59.383+01:00 INFO valuation-service host=valuation-service-a41e92-t6zvn corrId=c-7134101ece08d5c8 property valuation received property_id=P9662268 value_dkk=7960000 latency_ms=328
2026-03-04T13:30:59.468+01:00 INFO credit-service host=credit-service-5b8f6c-t6zvn corrId=c-7134101ece08d5c8 credit assessment completed application_id=APP-2026-438045 score=578 decision=APPROVED
2026-03-04T13:30:59.607+01:00 INFO offer-service host=offer-service-a41e92-p9qmz corrId=c-7134101ece08d5c8 loan offer generated application_id=APP-2026-438045 loan_type=FLEX_5Y principal_dkk=3785000
2026-03-04T13:30:59.615+01:00 INFO document-service host=document-service-7c9d5b-x2k4p corrId=c-7134101ece08d5c8 offer document stored application_id=APP-2026-438045 doc_id=DOC-0cec63cd
2026-03-04T13:30:59.683+01:00 INFO portal-bff host=portal-bff-5b8f6c-t6zvn corrId=c-7134101ece08d5c8 application completed application_id=APP-2026-438045 status=OFFER_ISSUED
2026-03-04T13:32:34.626+01:00 INFO portal-bff host=portal-bff-5b8f6c-t6zvn corrId=c-30539e856fbc8322 loan application submitted application_id=APP-2026-140443 customer_segment=SME
2026-03-04T13:32:34.679+01:00 INFO identity-service host=identity-service-a41e92-p9qmz corrId=c-30539e856fbc8322 MitID session validated customer_id=C05286112
2026-03-04T13:32:34.777+01:00 INFO customer-service host=customer-service-a41e92-x2k4p corrId=c-30539e856fbc8322 KYC profile loaded customer_id=C05286112 risk_class=LOW
2026-03-04T13:32:34.840+01:00 INFO valuation-service host=valuation-service-7c9d5b-p9qmz corrId=c-30539e856fbc8322 property valuation served from cache property_id=P8196707 value_dkk=6370000
2026-03-04T13:32:34.915+01:00 INFO credit-service host=credit-service-a41e92-t6zvn corrId=c-30539e856fbc8322 credit assessment completed application_id=APP-2026-140443 score=544 decision=APPROVED
2026-03-04T13:32:35.054+01:00 INFO offer-service host=offer-service-7c9d5b-x2k4p corrId=c-30539e856fbc8322 loan offer generated application_id=APP-2026-140443 loan_type=FLEX_1Y principal_dkk=1415000
2026-03-04T13:32:35.149+01:00 INFO document-service host=document-service-5b8f6c-p9qmz corrId=c-30539e856fbc8322 offer document stored application_id=APP-2026-140443 doc_id=DOC-7d66082f
2026-03-04T13:32:35.235+01:00 INFO portal-bff host=portal-bff-5b8f6c-t6zvn corrId=c-30539e856fbc8322 application completed application_id=APP-2026-140443 status=OFFER_ISSUED
2026-03-04T13:35:00.080+01:00 INFO api-gateway host=api-gateway-5b8f6c-t6zvn corrId=- health probe ok status=200 latency_ms=18
2026-03-04T13:37:05.147+01:00 INFO portal-bff host=portal-bff-7c9d5b-p9qmz corrId=c-15c0f15b1b4ee32d loan application submitted application_id=APP-2026-162014 customer_segment=RETAIL
2026-03-04T13:37:05.259+01:00 INFO identity-service host=identity-service-5b8f6c-x2k4p corrId=c-15c0f15b1b4ee32d MitID session validated customer_id=C68832079
2026-03-04T13:37:05.348+01:00 INFO customer-service host=customer-service-a41e92-t6zvn corrId=c-15c0f15b1b4ee32d KYC profile loaded customer_id=C68832079 risk_class=HIGH
2026-03-04T13:37:05.405+01:00 INFO valuation-service host=valuation-service-a41e92-x2k4p corrId=c-15c0f15b1b4ee32d property valuation requested property_id=P9179186 provider=valuta-ejd
2026-03-04T13:37:06.239+01:00 INFO valuation-service host=valuation-service-a41e92-p9qmz corrId=c-15c0f15b1b4ee32d property valuation received property_id=P9179186 value_dkk=4360000 latency_ms=795
2026-03-04T13:37:06.300+01:00 INFO credit-service host=credit-service-7c9d5b-t6zvn corrId=c-15c0f15b1b4ee32d credit assessment completed application_id=APP-2026-162014 score=713 decision=APPROVED
2026-03-04T13:37:06.366+01:00 INFO offer-service host=offer-service-5b8f6c-t6zvn corrId=c-15c0f15b1b4ee32d loan offer generated application_id=APP-2026-162014 loan_type=FIXED_20Y_IO principal_dkk=5055000
2026-03-04T13:37:06.415+01:00 INFO document-service host=document-service-5b8f6c-t6zvn corrId=c-15c0f15b1b4ee32d offer document stored application_id=APP-2026-162014 doc_id=DOC-f0281560
2026-03-04T13:37:06.547+01:00 INFO portal-bff host=portal-bff-7c9d5b-x2k4p corrId=c-15c0f15b1b4ee32d application completed application_id=APP-2026-162014 status=OFFER_ISSUED
2026-03-04T13:37:10.409+01:00 INFO portal-bff host=portal-bff-7c9d5b-x2k4p corrId=c-417c9050e3bd5070 loan application submitted application_id=APP-2026-044974 customer_segment=RETAIL
2026-03-04T13:37:10.507+01:00 INFO identity-service host=identity-service-5b8f6c-x2k4p corrId=c-417c9050e3bd5070 MitID session validated customer_id=C17069173
2026-03-04T13:37:10.592+01:00 INFO customer-service host=customer-service-7c9d5b-x2k4p corrId=c-417c9050e3bd5070 KYC profile loaded customer_id=C17069173 risk_class=LOW
2026-03-04T13:37:10.695+01:00 INFO valuation-service host=valuation-service-5b8f6c-t6zvn corrId=c-417c9050e3bd5070 property valuation requested property_id=P0318725 provider=bolig-vurdering
2026-03-04T13:37:10.976+01:00 INFO portal-bff host=portal-bff-a41e92-t6zvn corrId=c-12b11a4da05b3f84 conversion quote requested loan_id=LN658689948 target_product=FIXED_30Y
2026-03-04T13:37:10.994+01:00 INFO identity-service host=identity-service-a41e92-t6zvn corrId=c-12b11a4da05b3f84 MitID session validated customer_id=C91927870
2026-03-04T13:37:11.001+01:00 INFO pricing-service host=pricing-service-7c9d5b-p9qmz corrId=c-12b11a4da05b3f84 bond price fetched series=BND3.0-2053 price=95.663
2026-03-04T13:37:11.086+01:00 INFO valuation-service host=valuation-service-a41e92-p9qmz corrId=c-417c9050e3bd5070 property valuation received property_id=P0318725 value_dkk=3910000 latency_ms=316
2026-03-04T13:37:11.121+01:00 INFO credit-service host=credit-service-7c9d5b-x2k4p corrId=c-417c9050e3bd5070 credit assessment completed application_id=APP-2026-044974 score=782 decision=APPROVED
2026-03-04T13:37:11.126+01:00 INFO pricing-service host=pricing-service-a41e92-x2k4p corrId=c-12b11a4da05b3f84 conversion cost calculated loan_id=LN658689948 cost_dkk=6894.47
2026-03-04T13:37:11.182+01:00 INFO offer-service host=offer-service-7c9d5b-x2k4p corrId=c-417c9050e3bd5070 loan offer generated application_id=APP-2026-044974 loan_type=FIXED_30Y principal_dkk=4900000
2026-03-04T13:37:11.252+01:00 INFO quote-service host=quote-service-7c9d5b-t6zvn corrId=c-12b11a4da05b3f84 conversion quote issued quote_id=Q56731419 loan_id=LN658689948
2026-03-04T13:37:11.301+01:00 INFO document-service host=document-service-5b8f6c-p9qmz corrId=c-417c9050e3bd5070 offer document stored application_id=APP-2026-044974 doc_id=DOC-b5059d0e
2026-03-04T13:37:11.308+01:00 INFO portal-bff host=portal-bff-5b8f6c-t6zvn corrId=c-417c9050e3bd5070 application completed application_id=APP-2026-044974 status=OFFER_ISSUED
2026-03-04T13:38:19.531+01:00 INFO portal-bff host=portal-bff-a41e92-p9qmz corrId=c-6d127450171f8fb8 loan application submitted application_id=APP-2026-816212 customer_segment=RETAIL
2026-03-04T13:38:19.661+01:00 WARN identity-service host=identity-service-a41e92-t6zvn corrId=c-6d127450171f8fb8 MitID token refresh attempt=1
2026-03-04T13:38:19.730+01:00 INFO identity-service host=identity-service-7c9d5b-t6zvn corrId=c-6d127450171f8fb8 MitID session validated customer_id=C87393802
2026-03-04T13:38:19.822+01:00 INFO customer-service host=customer-service-5b8f6c-p9qmz corrId=c-6d127450171f8fb8 KYC profile loaded customer_id=C87393802 risk_class=MEDIUM
2026-03-04T13:38:19.935+01:00 INFO valuation-service host=valuation-service-7c9d5b-p9qmz corrId=c-6d127450171f8fb8 property valuation requested property_id=P0855776 provider=valuta-ejd
2026-03-04T13:38:20.256+01:00 INFO valuation-service host=valuation-service-5b8f6c-x2k4p corrId=c-6d127450171f8fb8 property valuation received property_id=P0855776 value_dkk=4730000 latency_ms=255
2026-03-04T13:38:20.369+01:00 INFO credit-service host=credit-service-a41e92-x2k4p corrId=c-6d127450171f8fb8 credit assessment completed application_id=APP-2026-816212 score=491 decision=APPROVED
2026-03-04T13:38:20.462+01:00 INFO offer-service host=offer-service-5b8f6c-p9qmz corrId=c-6d127450171f8fb8 loan offer generated application_id=APP-2026-816212 loan_type=FIXED_20Y_IO principal_dkk=3760000
2026-03-04T13:38:20.512+01:00 INFO document-service host=document-service-7c9d5b-p9qmz corrId=c-6d127450171f8fb8 offer document stored application_id=APP-2026-816212 doc_id=DOC-b59e790f
2026-03-04T13:38:20.598+01:00 INFO portal-bff host=portal-bff-a41e92-p9qmz corrId=c-6d127450171f8fb8 application completed application_id=APP-2026-816212 status=OFFER_ISSUED
2026-03-04T13:39:33.570+01:00 INFO portal-bff host=portal-bff-7c9d5b-x2k4p corrId=c-bd92e3f296b9d911 loan application submitted application_id=APP-2026-876541 customer_segment=RETAIL
2026-03-04T13:39:33.585+01:00 INFO identity-service host=identity-service-a41e92-p9qmz corrId=c-bd92e3f296b9d911 MitID session validated customer_id=C97785904
2026-03-04T13:39:33.593+01:00 INFO customer-service host=customer-service-5b8f6c-p9qmz corrId=c-bd92e3f296b9d911 KYC profile loaded customer_id=C97785904 risk_class=LOW
2026-03-04T13:39:33.704+01:00 INFO valuation-service host=valuation-service-5b8f6c-t6zvn corrId=c-bd92e3f296b9d911 property valuation requested property_id=P5056824 provider=valuta-ejd
2026-03-04T13:39:34.636+01:00 INFO valuation-service host=valuation-service-5b8f6c-p9qmz corrId=c-bd92e3f296b9d911 property valuation received property_id=P5056824 value_dkk=7260000 latency_ms=900
2026-03-04T13:39:34.721+01:00 INFO credit-service host=credit-service-7c9d5b-t6zvn corrId=c-bd92e3f296b9d911 credit assessment completed application_id=APP-2026-876541 score=587 decision=APPROVED
2026-03-04T13:39:34.737+01:00 INFO offer-service host=offer-service-7c9d5b-x2k4p corrId=c-bd92e3f296b9d911 loan offer generated application_id=APP-2026-876541 loan_type=FLEX_5Y principal_dkk=2840000
2026-03-04T13:39:34.822+01:00 INFO document-service host=document-service-5b8f6c-t6zvn corrId=c-bd92e3f296b9d911 offer document stored application_id=APP-2026-876541 doc_id=DOC-918f2034
2026-03-04T13:39:34.866+01:00 INFO portal-bff host=portal-bff-5b8f6c-t6zvn corrId=c-bd92e3f296b9d911 application completed application_id=APP-2026-876541 status=OFFER_ISSUED
2026-03-04T13:40:00.359+01:00 INFO payment-scheduler host=payment-scheduler-7c9d5b-x2k4p corrId=- scheduler heartbeat lag_ms=34
2026-03-04T13:40:00.674+01:00 INFO api-gateway host=api-gateway-5b8f6c-t6zvn corrId=- health probe ok status=200 latency_ms=39
2026-03-04T13:43:27.571+01:00 INFO portal-bff host=portal-bff-7c9d5b-t6zvn corrId=c-d6c3306ab0409106 conversion quote requested loan_id=LN749541005 target_product=FLEX_5Y
2026-03-04T13:43:27.623+01:00 INFO identity-service host=identity-service-7c9d5b-p9qmz corrId=c-d6c3306ab0409106 MitID session validated customer_id=C46731016
2026-03-04T13:43:27.683+01:00 INFO pricing-service host=pricing-service-a41e92-x2k4p corrId=c-d6c3306ab0409106 bond price fetched series=BND3.0-2056 price=93.050
2026-03-04T13:43:27.703+01:00 INFO pricing-service host=pricing-service-5b8f6c-p9qmz corrId=c-d6c3306ab0409106 conversion cost calculated loan_id=LN749541005 cost_dkk=8446.62
2026-03-04T13:43:27.778+01:00 INFO quote-service host=quote-service-7c9d5b-p9qmz corrId=c-d6c3306ab0409106 conversion quote issued quote_id=Q17462891 loan_id=LN749541005
2026-03-04T13:43:56.492+01:00 INFO portal-bff host=portal-bff-a41e92-x2k4p corrId=c-3db17ea9f352afdc loan application submitted application_id=APP-2026-585204 customer_segment=RETAIL
2026-03-04T13:43:56.591+01:00 INFO identity-service host=identity-service-5b8f6c-x2k4p corrId=c-3db17ea9f352afdc MitID session validated customer_id=C95764266
2026-03-04T13:43:56.620+01:00 INFO customer-service host=customer-service-7c9d5b-t6zvn corrId=c-3db17ea9f352afdc KYC profile loaded customer_id=C95764266 risk_class=HIGH
2026-03-04T13:43:56.663+01:00 INFO valuation-service host=valuation-service-5b8f6c-x2k4p corrId=c-3db17ea9f352afdc property valuation requested property_id=P7741599 provider=valuta-ejd
2026-03-04T13:43:57.403+01:00 INFO valuation-service host=valuation-service-5b8f6c-t6zvn corrId=c-3db17ea9f352afdc property valuation received property_id=P7741599 value_dkk=5440000 latency_ms=664
2026-03-04T13:43:57.461+01:00 INFO credit-service host=credit-service-a41e92-t6zvn corrId=c-3db17ea9f352afdc credit assessment completed application_id=APP-2026-585204 score=829 decision=APPROVED
2026-03-04T13:43:57.557+01:00 INFO offer-service host=offer-service-5b8f6c-x2k4p corrId=c-3db17ea9f352afdc loan offer generated application_id=APP-2026-585204 loan_type=FLEX_1Y principal_dkk=2400000
2026-03-04T13:43:57.566+01:00 INFO document-service host=document-service-7c9d5b-p9qmz corrId=c-3db17ea9f352afdc offer document stored application_id=APP-2026-585204 doc_id=DOC-53679658
2026-03-04T13:43:57.675+01:00 INFO portal-bff host=portal-bff-5b8f6c-x2k4p corrId=c-3db17ea9f352afdc application completed application_id=APP-2026-585204 status=OFFER_ISSUED
2026-03-04T13:43:58.591+01:00 INFO portal-bff host=portal-bff-5b8f6c-x2k4p corrId=c-7a601d4c0721a15b loan application submitted application_id=APP-2026-551621 customer_segment=RETAIL
2026-03-04T13:43:58.694+01:00 INFO identity-service host=identity-service-a41e92-x2k4p corrId=c-7a601d4c0721a15b MitID session validated customer_id=C29586135
2026-03-04T13:43:58.817+01:00 INFO customer-service host=customer-service-a41e92-p9qmz corrId=c-7a601d4c0721a15b KYC profile loaded customer_id=C29586135 risk_class=HIGH
2026-03-04T13:43:58.836+01:00 INFO valuation-service host=valuation-service-5b8f6c-t6zvn corrId=c-7a601d4c0721a15b property valuation requested property_id=P3327159 provider=valuta-ejd
2026-03-04T13:43:59.655+01:00 INFO valuation-service host=valuation-service-7c9d5b-x2k4p corrId=c-7a601d4c0721a15b property valuation received property_id=P3327159 value_dkk=6740000 latency_ms=697
2026-03-04T13:43:59.679+01:00 INFO credit-service host=credit-service-5b8f6c-t6zvn corrId=c-7a601d4c0721a15b credit assessment completed application_id=APP-2026-551621 score=843 decision=APPROVED
2026-03-04T13:43:59.784+01:00 INFO offer-service host=offer-service-a41e92-x2k4p corrId=c-7a601d4c0721a15b loan offer generated application_id=APP-2026-551621 loan_type=FIXED_30Y principal_dkk=3125000
2026-03-04T13:43:59.866+01:00 INFO document-service host=document-service-a41e92-t6zvn corrId=c-7a601d4c0721a15b offer document stored application_id=APP-2026-551621 doc_id=DOC-dc77ee40
2026-03-04T13:43:59.987+01:00 INFO portal-bff host=portal-bff-5b8f6c-p9qmz corrId=c-7a601d4c0721a15b application completed application_id=APP-2026-551621 status=OFFER_ISSUED
2026-03-04T13:44:07.556+01:00 INFO offer-service host=offer-service-a41e92-x2k4p corrId=c-51743e67563f06be offer accepted application_id=APP-2026-262234
2026-03-04T13:44:07.628+01:00 INFO ledger-service host=ledger-service-7c9d5b-x2k4p corrId=c-51743e67563f06be funds reserved application_id=APP-2026-262234 amount_dkk=5010000
2026-03-04T13:44:07.723+01:00 INFO payment-service host=payment-service-a41e92-x2k4p corrId=c-51743e67563f06be payout instruction sent application_id=APP-2026-262234 amount_dkk=5010000
2026-03-04T13:44:07.769+01:00 INFO ledger-service host=ledger-service-5b8f6c-x2k4p corrId=c-51743e67563f06be payout booked application_id=APP-2026-262234 posting_id=PST-4b2967e5af
2026-03-04T13:44:07.885+01:00 INFO notification-service host=notification-service-7c9d5b-t6zvn corrId=c-51743e67563f06be payout confirmation sent application_id=APP-2026-262234
2026-03-04T13:44:26.147+01:00 INFO portal-bff host=portal-bff-5b8f6c-p9qmz corrId=c-c0f0b0a2d7ff0dad loan application submitted application_id=APP-2026-667384 customer_segment=RETAIL
2026-03-04T13:44:26.286+01:00 INFO identity-service host=identity-service-a41e92-t6zvn corrId=c-c0f0b0a2d7ff0dad MitID session validated customer_id=C64088999
2026-03-04T13:44:26.311+01:00 INFO customer-service host=customer-service-5b8f6c-x2k4p corrId=c-c0f0b0a2d7ff0dad KYC profile loaded customer_id=C64088999 risk_class=MEDIUM
2026-03-04T13:44:26.342+01:00 INFO valuation-service host=valuation-service-7c9d5b-p9qmz corrId=c-c0f0b0a2d7ff0dad property valuation requested property_id=P1210218 provider=bolig-vurdering
2026-03-04T13:44:26.665+01:00 INFO valuation-service host=valuation-service-a41e92-p9qmz corrId=c-c0f0b0a2d7ff0dad property valuation received property_id=P1210218 value_dkk=8970000 latency_ms=237
2026-03-04T13:44:26.688+01:00 INFO credit-service host=credit-service-5b8f6c-p9qmz corrId=c-c0f0b0a2d7ff0dad credit assessment completed application_id=APP-2026-667384 score=534 decision=APPROVED
2026-03-04T13:44:26.749+01:00 INFO offer-service host=offer-service-7c9d5b-x2k4p corrId=c-c0f0b0a2d7ff0dad loan offer generated application_id=APP-2026-667384 loan_type=FIXED_20Y_IO principal_dkk=2950000
2026-03-04T13:44:26.880+01:00 INFO document-service host=document-service-a41e92-p9qmz corrId=c-c0f0b0a2d7ff0dad offer document stored application_id=APP-2026-667384 doc_id=DOC-ae73d558
2026-03-04T13:44:26.925+01:00 INFO portal-bff host=portal-bff-7c9d5b-p9qmz corrId=c-c0f0b0a2d7ff0dad application completed application_id=APP-2026-667384 status=OFFER_ISSUED
2026-03-04T13:44:30.454+01:00 INFO portal-bff host=portal-bff-5b8f6c-t6zvn corrId=c-ba05cb71f973c71e loan application submitted application_id=APP-2026-860885 customer_segment=SME
2026-03-04T13:44:30.569+01:00 INFO identity-service host=identity-service-a41e92-t6zvn corrId=c-ba05cb71f973c71e MitID session validated customer_id=C26313858
2026-03-04T13:44:30.592+01:00 INFO customer-service host=customer-service-5b8f6c-p9qmz corrId=c-ba05cb71f973c71e KYC profile loaded customer_id=C26313858 risk_class=HIGH
2026-03-04T13:44:30.716+01:00 INFO valuation-service host=valuation-service-a41e92-x2k4p corrId=c-ba05cb71f973c71e property valuation served from cache property_id=P8994736 value_dkk=4340000
2026-03-04T13:44:30.832+01:00 INFO credit-service host=credit-service-5b8f6c-t6zvn corrId=c-ba05cb71f973c71e credit assessment completed application_id=APP-2026-860885 score=516 decision=APPROVED
2026-03-04T13:44:30.946+01:00 INFO offer-service host=offer-service-5b8f6c-t6zvn corrId=c-ba05cb71f973c71e loan offer generated application_id=APP-2026-860885 loan_type=FLEX_1Y principal_dkk=745000
2026-03-04T13:44:31.040+01:00 INFO document-service host=document-service-5b8f6c-t6zvn corrId=c-ba05cb71f973c71e offer document stored application_id=APP-2026-860885 doc_id=DOC-62b742a4
2026-03-04T13:44:31.058+01:00 INFO portal-bff host=portal-bff-a41e92-t6zvn corrId=c-ba05cb71f973c71e application completed application_id=APP-2026-860885 status=OFFER_ISSUED
2026-03-04T13:45:00.402+01:00 INFO api-gateway host=api-gateway-a41e92-t6zvn corrId=- health probe ok status=200 latency_ms=4
2026-03-04T13:45:37.141+01:00 INFO portal-bff host=portal-bff-a41e92-x2k4p corrId=c-6ca4361fe7768e7c conversion quote requested loan_id=LN135270098 target_product=FLEX_5Y
2026-03-04T13:45:37.278+01:00 INFO identity-service host=identity-service-7c9d5b-p9qmz corrId=c-6ca4361fe7768e7c MitID session validated customer_id=C49037665
2026-03-04T13:45:37.350+01:00 INFO pricing-service host=pricing-service-a41e92-t6zvn corrId=c-6ca4361fe7768e7c bond price fetched series=BND3.0-2056 price=92.391
2026-03-04T13:45:37.438+01:00 INFO pricing-service host=pricing-service-7c9d5b-p9qmz corrId=c-6ca4361fe7768e7c conversion cost calculated loan_id=LN135270098 cost_dkk=82070.98
2026-03-04T13:45:37.473+01:00 INFO quote-service host=quote-service-7c9d5b-t6zvn corrId=c-6ca4361fe7768e7c conversion quote issued quote_id=Q82293661 loan_id=LN135270098
2026-03-04T13:46:47.581+01:00 INFO portal-bff host=portal-bff-5b8f6c-t6zvn corrId=c-234f301bb35b8bc8 loan application submitted application_id=APP-2026-547000 customer_segment=RETAIL
2026-03-04T13:46:47.710+01:00 INFO identity-service host=identity-service-a41e92-x2k4p corrId=c-234f301bb35b8bc8 MitID session validated customer_id=C71137460
2026-03-04T13:46:47.817+01:00 INFO customer-service host=customer-service-7c9d5b-p9qmz corrId=c-234f301bb35b8bc8 KYC profile loaded customer_id=C71137460 risk_class=LOW
2026-03-04T13:46:47.901+01:00 INFO valuation-service host=valuation-service-a41e92-t6zvn corrId=c-234f301bb35b8bc8 property valuation requested property_id=P6634192 provider=valuta-ejd
2026-03-04T13:46:48.464+01:00 INFO valuation-service host=valuation-service-7c9d5b-p9qmz corrId=c-234f301bb35b8bc8 property valuation received property_id=P6634192 value_dkk=2190000 latency_ms=491
2026-03-04T13:46:48.601+01:00 INFO credit-service host=credit-service-7c9d5b-t6zvn corrId=c-234f301bb35b8bc8 credit assessment completed application_id=APP-2026-547000 score=813 decision=APPROVED
2026-03-04T13:46:48.675+01:00 INFO offer-service host=offer-service-5b8f6c-t6zvn corrId=c-234f301bb35b8bc8 loan offer generated application_id=APP-2026-547000 loan_type=FLEX_5Y principal_dkk=5670000
2026-03-04T13:46:48.797+01:00 INFO document-service host=document-service-7c9d5b-t6zvn corrId=c-234f301bb35b8bc8 offer document stored application_id=APP-2026-547000 doc_id=DOC-34c03192
2026-03-04T13:46:48.932+01:00 INFO portal-bff host=portal-bff-a41e92-p9qmz corrId=c-234f301bb35b8bc8 application completed application_id=APP-2026-547000 status=OFFER_ISSUED
2026-03-04T13:48:51.604+01:00 INFO portal-bff host=portal-bff-5b8f6c-p9qmz corrId=c-6dcd30198a2e3d93 conversion quote requested loan_id=LN425738781 target_product=FIXED_30Y
2026-03-04T13:48:51.635+01:00 INFO identity-service host=identity-service-a41e92-t6zvn corrId=c-6dcd30198a2e3d93 MitID session validated customer_id=C82295190
2026-03-04T13:48:51.749+01:00 INFO pricing-service host=pricing-service-a41e92-x2k4p corrId=c-6dcd30198a2e3d93 bond price fetched series=BND4.0-2056 price=93.750
2026-03-04T13:48:51.828+01:00 INFO pricing-service host=pricing-service-a41e92-p9qmz corrId=c-6dcd30198a2e3d93 conversion cost calculated loan_id=LN425738781 cost_dkk=9112.51
2026-03-04T13:48:51.862+01:00 INFO quote-service host=quote-service-5b8f6c-t6zvn corrId=c-6dcd30198a2e3d93 conversion quote issued quote_id=Q22683257 loan_id=LN425738781
2026-03-04T13:50:00.380+01:00 INFO api-gateway host=api-gateway-a41e92-p9qmz corrId=- health probe ok status=200 latency_ms=9
2026-03-04T13:50:00.568+01:00 INFO payment-scheduler host=payment-scheduler-5b8f6c-x2k4p corrId=- scheduler heartbeat lag_ms=45
2026-03-04T13:50:02.572+01:00 INFO portal-bff host=portal-bff-7c9d5b-p9qmz corrId=c-10ebf20460324fc9 loan application submitted application_id=APP-2026-712138 customer_segment=PRIVATE
2026-03-04T13:50:02.580+01:00 INFO identity-service host=identity-service-a41e92-p9qmz corrId=c-10ebf20460324fc9 MitID session validated customer_id=C13512345
2026-03-04T13:50:02.678+01:00 INFO customer-service host=customer-service-7c9d5b-t6zvn corrId=c-10ebf20460324fc9 KYC profile loaded customer_id=C13512345 risk_class=LOW
2026-03-04T13:50:02.716+01:00 INFO valuation-service host=valuation-service-5b8f6c-x2k4p corrId=c-10ebf20460324fc9 property valuation requested property_id=P6984430 provider=valuta-ejd
2026-03-04T13:50:03.695+01:00 INFO valuation-service host=valuation-service-5b8f6c-p9qmz corrId=c-10ebf20460324fc9 property valuation received property_id=P6984430 value_dkk=3780000 latency_ms=861
2026-03-04T13:50:03.777+01:00 INFO credit-service host=credit-service-a41e92-p9qmz corrId=c-10ebf20460324fc9 credit assessment completed application_id=APP-2026-712138 score=649 decision=APPROVED
2026-03-04T13:50:03.894+01:00 INFO offer-service host=offer-service-7c9d5b-p9qmz corrId=c-10ebf20460324fc9 loan offer generated application_id=APP-2026-712138 loan_type=FIXED_20Y_IO principal_dkk=5730000
2026-03-04T13:50:03.908+01:00 INFO document-service host=document-service-7c9d5b-p9qmz corrId=c-10ebf20460324fc9 offer document stored application_id=APP-2026-712138 doc_id=DOC-512fef63
2026-03-04T13:50:03.980+01:00 INFO portal-bff host=portal-bff-5b8f6c-t6zvn corrId=c-10ebf20460324fc9 application completed application_id=APP-2026-712138 status=OFFER_ISSUED
2026-03-04T13:50:28.260+01:00 INFO portal-bff host=portal-bff-a41e92-x2k4p corrId=c-4bea320d048529de conversion quote requested loan_id=LN238931513 target_product=FLEX_5Y
2026-03-04T13:50:28.286+01:00 INFO identity-service host=identity-service-7c9d5b-x2k4p corrId=c-4bea320d048529de MitID session validated customer_id=C42610781
2026-03-04T13:50:28.413+01:00 INFO pricing-service host=pricing-service-7c9d5b-p9qmz corrId=c-4bea320d048529de bond price fetched series=BND4.0-2056 price=89.290
2026-03-04T13:50:28.438+01:00 INFO pricing-service host=pricing-service-5b8f6c-x2k4p corrId=c-4bea320d048529de conversion cost calculated loan_id=LN238931513 cost_dkk=82578.92
2026-03-04T13:50:28.470+01:00 INFO quote-service host=quote-service-5b8f6c-p9qmz corrId=c-4bea320d048529de conversion quote issued quote_id=Q65156722 loan_id=LN238931513
2026-03-04T13:51:17.475+01:00 INFO portal-bff host=portal-bff-5b8f6c-x2k4p corrId=c-860d6fd3099dc374 loan application submitted application_id=APP-2026-078750 customer_segment=RETAIL
2026-03-04T13:51:17.537+01:00 INFO identity-service host=identity-service-a41e92-t6zvn corrId=c-860d6fd3099dc374 MitID session validated customer_id=C75294511
2026-03-04T13:51:17.557+01:00 INFO customer-service host=customer-service-a41e92-t6zvn corrId=c-860d6fd3099dc374 KYC profile loaded customer_id=C75294511 risk_class=HIGH
2026-03-04T13:51:17.583+01:00 INFO valuation-service host=valuation-service-a41e92-t6zvn corrId=c-860d6fd3099dc374 property valuation requested property_id=P3331200 provider=valuta-ejd
2026-03-04T13:51:17.974+01:00 INFO valuation-service host=valuation-service-7c9d5b-t6zvn corrId=c-860d6fd3099dc374 property valuation received property_id=P3331200 value_dkk=5410000 latency_ms=363
2026-03-04T13:51:18.103+01:00 INFO credit-service host=credit-service-5b8f6c-x2k4p corrId=c-860d6fd3099dc374 credit assessment completed application_id=APP-2026-078750 score=782 decision=APPROVED
2026-03-04T13:51:18.120+01:00 INFO offer-service host=offer-service-7c9d5b-x2k4p corrId=c-860d6fd3099dc374 loan offer generated application_id=APP-2026-078750 loan_type=FIXED_30Y principal_dkk=4245000
2026-03-04T13:51:18.254+01:00 INFO document-service host=document-service-a41e92-t6zvn corrId=c-860d6fd3099dc374 offer document stored application_id=APP-2026-078750 doc_id=DOC-758fd4a4
2026-03-04T13:51:18.315+01:00 INFO portal-bff host=portal-bff-7c9d5b-t6zvn corrId=c-860d6fd3099dc374 application completed application_id=APP-2026-078750 status=OFFER_ISSUED
2026-03-04T13:53:34.871+01:00 INFO offer-service host=offer-service-5b8f6c-p9qmz corrId=c-9354cb10bf556f04 offer accepted application_id=APP-2026-163377
2026-03-04T13:53:34.994+01:00 INFO ledger-service host=ledger-service-a41e92-p9qmz corrId=c-9354cb10bf556f04 funds reserved application_id=APP-2026-163377 amount_dkk=1915000
2026-03-04T13:53:35.065+01:00 INFO payment-service host=payment-service-a41e92-p9qmz corrId=c-9354cb10bf556f04 payout instruction sent application_id=APP-2026-163377 amount_dkk=1915000
2026-03-04T13:53:35.136+01:00 INFO ledger-service host=ledger-service-5b8f6c-t6zvn corrId=c-9354cb10bf556f04 payout booked application_id=APP-2026-163377 posting_id=PST-79826760da
2026-03-04T13:53:35.247+01:00 INFO notification-service host=notification-service-5b8f6c-x2k4p corrId=c-9354cb10bf556f04 payout confirmation sent application_id=APP-2026-163377
2026-03-04T13:55:00.716+01:00 INFO api-gateway host=api-gateway-a41e92-p9qmz corrId=- health probe ok status=200 latency_ms=32
2026-03-04T13:56:55.544+01:00 INFO portal-bff host=portal-bff-5b8f6c-p9qmz corrId=c-68e313bb59fc5dc7 loan application submitted application_id=APP-2026-799124 customer_segment=RETAIL
2026-03-04T13:56:55.594+01:00 INFO identity-service host=identity-service-5b8f6c-x2k4p corrId=c-68e313bb59fc5dc7 MitID session validated customer_id=C20855418
2026-03-04T13:56:55.644+01:00 INFO customer-service host=customer-service-7c9d5b-p9qmz corrId=c-68e313bb59fc5dc7 KYC profile loaded customer_id=C20855418 risk_class=LOW
2026-03-04T13:56:55.687+01:00 INFO valuation-service host=valuation-service-5b8f6c-p9qmz corrId=c-68e313bb59fc5dc7 property valuation requested property_id=P1466021 provider=bolig-vurdering
2026-03-04T13:56:56.576+01:00 INFO valuation-service host=valuation-service-5b8f6c-p9qmz corrId=c-68e313bb59fc5dc7 property valuation received property_id=P1466021 value_dkk=8100000 latency_ms=775
2026-03-04T13:56:56.624+01:00 INFO credit-service host=credit-service-a41e92-p9qmz corrId=c-68e313bb59fc5dc7 credit assessment completed application_id=APP-2026-799124 score=863 decision=APPROVED
2026-03-04T13:56:56.759+01:00 INFO offer-service host=offer-service-5b8f6c-x2k4p corrId=c-68e313bb59fc5dc7 loan offer generated application_id=APP-2026-799124 loan_type=FLEX_1Y principal_dkk=3055000
2026-03-04T13:56:56.899+01:00 INFO document-service host=document-service-5b8f6c-t6zvn corrId=c-68e313bb59fc5dc7 offer document stored application_id=APP-2026-799124 doc_id=DOC-60c9b7d2
2026-03-04T13:56:56.931+01:00 INFO portal-bff host=portal-bff-a41e92-t6zvn corrId=c-68e313bb59fc5dc7 application completed application_id=APP-2026-799124 status=OFFER_ISSUED
2026-03-04T13:58:46.765+01:00 INFO portal-bff host=portal-bff-7c9d5b-t6zvn corrId=c-277f1dac7a540cc1 loan application submitted application_id=APP-2026-775727 customer_segment=RETAIL
2026-03-04T13:58:46.868+01:00 INFO identity-service host=identity-service-7c9d5b-p9qmz corrId=c-277f1dac7a540cc1 MitID session validated customer_id=C37564964
2026-03-04T13:58:46.994+01:00 INFO customer-service host=customer-service-5b8f6c-p9qmz corrId=c-277f1dac7a540cc1 KYC profile loaded customer_id=C37564964 risk_class=MEDIUM
2026-03-04T13:58:47.076+01:00 INFO valuation-service host=valuation-service-5b8f6c-p9qmz corrId=c-277f1dac7a540cc1 property valuation served from cache property_id=P4299289 value_dkk=770000
2026-03-04T13:58:47.202+01:00 INFO credit-service host=credit-service-5b8f6c-p9qmz corrId=c-277f1dac7a540cc1 credit assessment completed application_id=APP-2026-775727 score=869 decision=APPROVED
2026-03-04T13:58:47.330+01:00 INFO offer-service host=offer-service-a41e92-t6zvn corrId=c-277f1dac7a540cc1 loan offer generated application_id=APP-2026-775727 loan_type=FLEX_1Y principal_dkk=5735000
2026-03-04T13:58:47.367+01:00 INFO document-service host=document-service-7c9d5b-x2k4p corrId=c-277f1dac7a540cc1 offer document stored application_id=APP-2026-775727 doc_id=DOC-2f0b34a4
2026-03-04T13:58:47.470+01:00 INFO portal-bff host=portal-bff-7c9d5b-x2k4p corrId=c-277f1dac7a540cc1 application completed application_id=APP-2026-775727 status=OFFER_ISSUED
2026-03-04T14:00:00.168+01:00 INFO payment-scheduler host=payment-scheduler-7c9d5b-p9qmz corrId=- scheduler heartbeat lag_ms=23
2026-03-04T14:00:00.820+01:00 INFO api-gateway host=api-gateway-5b8f6c-t6zvn corrId=- health probe ok status=200 latency_ms=19
2026-03-04T14:00:36.992+01:00 INFO portal-bff host=portal-bff-7c9d5b-p9qmz corrId=c-4636f480d7597a95 loan application submitted application_id=APP-2026-721266 customer_segment=RETAIL
2026-03-04T14:00:37.103+01:00 INFO identity-service host=identity-service-a41e92-t6zvn corrId=c-4636f480d7597a95 MitID session validated customer_id=C07988854
2026-03-04T14:00:37.119+01:00 INFO customer-service host=customer-service-5b8f6c-t6zvn corrId=c-4636f480d7597a95 KYC profile loaded customer_id=C07988854 risk_class=LOW
2026-03-04T14:00:37.192+01:00 INFO valuation-service host=valuation-service-a41e92-x2k4p corrId=c-4636f480d7597a95 property valuation requested property_id=P3102180 provider=valuta-ejd
2026-03-04T14:00:37.770+01:00 INFO valuation-service host=valuation-service-5b8f6c-p9qmz corrId=c-4636f480d7597a95 property valuation received property_id=P3102180 value_dkk=790000 latency_ms=529
2026-03-04T14:00:37.817+01:00 INFO credit-service host=credit-service-5b8f6c-p9qmz corrId=c-4636f480d7597a95 credit assessment completed application_id=APP-2026-721266 score=480 decision=APPROVED
2026-03-04T14:00:37.855+01:00 INFO offer-service host=offer-service-7c9d5b-p9qmz corrId=c-4636f480d7597a95 loan offer generated application_id=APP-2026-721266 loan_type=FIXED_20Y_IO principal_dkk=5485000
2026-03-04T14:00:37.874+01:00 INFO document-service host=document-service-5b8f6c-p9qmz corrId=c-4636f480d7597a95 offer document stored application_id=APP-2026-721266 doc_id=DOC-d3992a16
2026-03-04T14:00:37.966+01:00 INFO portal-bff host=portal-bff-7c9d5b-x2k4p corrId=c-4636f480d7597a95 application completed application_id=APP-2026-721266 status=OFFER_ISSUED
2026-03-04T14:00:47.912+01:00 INFO offer-service host=offer-service-7c9d5b-t6zvn corrId=c-07a528c3ee42a934 offer accepted application_id=APP-2026-095712
2026-03-04T14:00:47.939+01:00 INFO ledger-service host=ledger-service-5b8f6c-p9qmz corrId=c-07a528c3ee42a934 funds reserved application_id=APP-2026-095712 amount_dkk=5510000
2026-03-04T14:00:47.986+01:00 INFO payment-service host=payment-service-7c9d5b-t6zvn corrId=c-07a528c3ee42a934 payout instruction sent application_id=APP-2026-095712 amount_dkk=5510000
2026-03-04T14:00:48.066+01:00 INFO ledger-service host=ledger-service-5b8f6c-p9qmz corrId=c-07a528c3ee42a934 payout booked application_id=APP-2026-095712 posting_id=PST-ea2535807a
2026-03-04T14:00:48.136+01:00 INFO notification-service host=notification-service-7c9d5b-t6zvn corrId=c-07a528c3ee42a934 payout confirmation sent application_id=APP-2026-095712
2026-03-04T14:00:53.000+01:00 INFO config-service host=config-service-a41e92-t6zvn corrId=- configuration refreshed version=v115
2026-03-04T14:00:59.439+01:00 INFO portal-bff host=portal-bff-7c9d5b-x2k4p corrId=c-a2c4117702145e6d conversion quote requested loan_id=LN061281443 target_product=FLEX_1Y
2026-03-04T14:00:59.562+01:00 INFO identity-service host=identity-service-a41e92-x2k4p corrId=c-a2c4117702145e6d MitID session validated customer_id=C88872180
2026-03-04T14:00:59.608+01:00 INFO pricing-service host=pricing-service-5b8f6c-x2k4p corrId=c-a2c4117702145e6d bond price fetched series=BND2.5-2053 price=93.240
2026-03-04T14:00:59.742+01:00 INFO pricing-service host=pricing-service-7c9d5b-p9qmz corrId=c-a2c4117702145e6d conversion cost calculated loan_id=LN061281443 cost_dkk=59378.63
2026-03-04T14:00:59.805+01:00 INFO quote-service host=quote-service-a41e92-t6zvn corrId=c-a2c4117702145e6d conversion quote issued quote_id=Q11648250 loan_id=LN061281443
2026-03-04T14:05:00.072+01:00 INFO api-gateway host=api-gateway-5b8f6c-p9qmz corrId=- health probe ok status=200 latency_ms=8
2026-03-04T14:05:25.416+01:00 INFO portal-bff host=portal-bff-a41e92-t6zvn corrId=c-f3e7abbd77b31ea3 conversion quote requested loan_id=LN878442350 target_product=FLEX_5Y
2026-03-04T14:05:25.487+01:00 INFO identity-service host=identity-service-5b8f6c-t6zvn corrId=c-f3e7abbd77b31ea3 MitID session validated customer_id=C40449417
2026-03-04T14:05:25.617+01:00 INFO pricing-service host=pricing-service-5b8f6c-p9qmz corrId=c-f3e7abbd77b31ea3 bond price fetched series=BND4.0-2056 price=96.668
2026-03-04T14:05:25.691+01:00 INFO pricing-service host=pricing-service-a41e92-p9qmz corrId=c-f3e7abbd77b31ea3 conversion cost calculated loan_id=LN878442350 cost_dkk=25235.32
2026-03-04T14:05:25.735+01:00 INFO quote-service host=quote-service-7c9d5b-t6zvn corrId=c-f3e7abbd77b31ea3 conversion quote issued quote_id=Q82480986 loan_id=LN878442350
2026-03-04T14:08:05.387+01:00 INFO portal-bff host=portal-bff-5b8f6c-p9qmz corrId=c-332b803dfa0cfb3d loan application submitted application_id=APP-2026-889759 customer_segment=SME
2026-03-04T14:08:05.504+01:00 INFO identity-service host=identity-service-7c9d5b-x2k4p corrId=c-332b803dfa0cfb3d MitID session validated customer_id=C89150481
2026-03-04T14:08:05.547+01:00 INFO customer-service host=customer-service-a41e92-p9qmz corrId=c-332b803dfa0cfb3d KYC profile loaded customer_id=C89150481 risk_class=LOW
2026-03-04T14:08:05.590+01:00 INFO valuation-service host=valuation-service-5b8f6c-p9qmz corrId=c-332b803dfa0cfb3d property valuation served from cache property_id=P3171311 value_dkk=2760000
2026-03-04T14:08:05.620+01:00 INFO credit-service host=credit-service-a41e92-t6zvn corrId=c-332b803dfa0cfb3d credit assessment completed application_id=APP-2026-889759 score=786 decision=APPROVED
2026-03-04T14:08:05.630+01:00 INFO offer-service host=offer-service-5b8f6c-x2k4p corrId=c-332b803dfa0cfb3d loan offer generated application_id=APP-2026-889759 loan_type=FIXED_30Y principal_dkk=2905000
2026-03-04T14:08:05.649+01:00 INFO document-service host=document-service-5b8f6c-p9qmz corrId=c-332b803dfa0cfb3d offer document stored application_id=APP-2026-889759 doc_id=DOC-b414f3ad
2026-03-04T14:08:05.705+01:00 INFO portal-bff host=portal-bff-a41e92-p9qmz corrId=c-332b803dfa0cfb3d application completed application_id=APP-2026-889759 status=OFFER_ISSUED
2026-03-04T14:10:00.190+01:00 INFO payment-scheduler host=payment-scheduler-a41e92-p9qmz corrId=- scheduler heartbeat lag_ms=97
2026-03-04T14:10:00.648+01:00 INFO api-gateway host=api-gateway-5b8f6c-t6zvn corrId=- health probe ok status=200 latency_ms=36
2026-03-04T14:10:13.088+01:00 INFO portal-bff host=portal-bff-7c9d5b-t6zvn corrId=c-bdf08428f6357ae5 loan application submitted application_id=APP-2026-531925 customer_segment=SME
2026-03-04T14:10:13.111+01:00 INFO identity-service host=identity-service-7c9d5b-x2k4p corrId=c-bdf08428f6357ae5 MitID session validated customer_id=C67924071
2026-03-04T14:10:13.137+01:00 INFO customer-service host=customer-service-7c9d5b-x2k4p corrId=c-bdf08428f6357ae5 KYC profile loaded customer_id=C67924071 risk_class=HIGH
2026-03-04T14:10:13.219+01:00 INFO valuation-service host=valuation-service-5b8f6c-p9qmz corrId=c-bdf08428f6357ae5 property valuation requested property_id=P9695358 provider=valuta-ejd
2026-03-04T14:10:13.576+01:00 INFO valuation-service host=valuation-service-7c9d5b-t6zvn corrId=c-bdf08428f6357ae5 property valuation received property_id=P9695358 value_dkk=5050000 latency_ms=310
2026-03-04T14:10:13.686+01:00 INFO credit-service host=credit-service-7c9d5b-x2k4p corrId=c-bdf08428f6357ae5 credit assessment completed application_id=APP-2026-531925 score=554 decision=APPROVED
2026-03-04T14:10:13.822+01:00 INFO offer-service host=offer-service-5b8f6c-p9qmz corrId=c-bdf08428f6357ae5 loan offer generated application_id=APP-2026-531925 loan_type=FIXED_20Y_IO principal_dkk=4695000
2026-03-04T14:10:13.866+01:00 INFO document-service host=document-service-5b8f6c-p9qmz corrId=c-bdf08428f6357ae5 offer document stored application_id=APP-2026-531925 doc_id=DOC-96e9c384
2026-03-04T14:10:13.919+01:00 INFO portal-bff host=portal-bff-5b8f6c-p9qmz corrId=c-bdf08428f6357ae5 application completed application_id=APP-2026-531925 status=OFFER_ISSUED
2026-03-04T14:10:57.892+01:00 INFO portal-bff host=portal-bff-a41e92-t6zvn corrId=c-3452de9c83a4a748 conversion quote requested loan_id=LN014914772 target_product=FIXED_30Y
2026-03-04T14:10:57.901+01:00 INFO identity-service host=identity-service-a41e92-p9qmz corrId=c-3452de9c83a4a748 MitID session validated customer_id=C20168512
2026-03-04T14:10:58.028+01:00 INFO pricing-service host=pricing-service-5b8f6c-t6zvn corrId=c-3452de9c83a4a748 bond price fetched series=BND4.0-2056 price=97.047
2026-03-04T14:10:58.037+01:00 INFO pricing-service host=pricing-service-a41e92-t6zvn corrId=c-3452de9c83a4a748 conversion cost calculated loan_id=LN014914772 cost_dkk=58397.36
2026-03-04T14:10:58.149+01:00 INFO quote-service host=quote-service-7c9d5b-p9qmz corrId=c-3452de9c83a4a748 conversion quote issued quote_id=Q22150929 loan_id=LN014914772
2026-03-04T14:11:43.034+01:00 INFO portal-bff host=portal-bff-a41e92-p9qmz corrId=c-52236273135d3947 loan application submitted application_id=APP-2026-711386 customer_segment=SME
2026-03-04T14:11:43.156+01:00 INFO identity-service host=identity-service-7c9d5b-p9qmz corrId=c-52236273135d3947 MitID session validated customer_id=C96482388
2026-03-04T14:11:43.207+01:00 INFO customer-service host=customer-service-a41e92-t6zvn corrId=c-52236273135d3947 KYC profile loaded customer_id=C96482388 risk_class=MEDIUM
2026-03-04T14:11:43.336+01:00 INFO valuation-service host=valuation-service-5b8f6c-t6zvn corrId=c-52236273135d3947 property valuation requested property_id=P4561917 provider=valuta-ejd
2026-03-04T14:11:44.263+01:00 INFO valuation-service host=valuation-service-7c9d5b-p9qmz corrId=c-52236273135d3947 property valuation received property_id=P4561917 value_dkk=7030000 latency_ms=913
2026-03-04T14:11:44.386+01:00 INFO credit-service host=credit-service-7c9d5b-t6zvn corrId=c-52236273135d3947 credit assessment completed application_id=APP-2026-711386 score=435 decision=APPROVED
2026-03-04T14:11:44.401+01:00 INFO offer-service host=offer-service-5b8f6c-t6zvn corrId=c-52236273135d3947 loan offer generated application_id=APP-2026-711386 loan_type=FLEX_1Y principal_dkk=3535000
2026-03-04T14:11:44.480+01:00 INFO document-service host=document-service-a41e92-p9qmz corrId=c-52236273135d3947 offer document stored application_id=APP-2026-711386 doc_id=DOC-b0e655ec
2026-03-04T14:11:44.596+01:00 INFO portal-bff host=portal-bff-7c9d5b-t6zvn corrId=c-52236273135d3947 application completed application_id=APP-2026-711386 status=OFFER_ISSUED
2026-03-04T14:15:00.112+01:00 INFO api-gateway host=api-gateway-a41e92-p9qmz corrId=- health probe ok status=200 latency_ms=26
2026-03-04T14:20:00.785+01:00 INFO payment-scheduler host=payment-scheduler-7c9d5b-p9qmz corrId=- scheduler heartbeat lag_ms=56
2026-03-04T14:20:00.860+01:00 INFO api-gateway host=api-gateway-a41e92-t6zvn corrId=- health probe ok status=200 latency_ms=27
2026-03-04T14:24:51.998+01:00 INFO portal-bff host=portal-bff-7c9d5b-x2k4p corrId=c-328adfdee3f63bea loan application submitted application_id=APP-2026-286586 customer_segment=PRIVATE
2026-03-04T14:24:52.089+01:00 INFO identity-service host=identity-service-a41e92-t6zvn corrId=c-328adfdee3f63bea MitID session validated customer_id=C22931374
2026-03-04T14:24:52.144+01:00 INFO customer-service host=customer-service-7c9d5b-p9qmz corrId=c-328adfdee3f63bea KYC profile loaded customer_id=C22931374 risk_class=HIGH
2026-03-04T14:24:52.177+01:00 INFO valuation-service host=valuation-service-a41e92-t6zvn corrId=c-328adfdee3f63bea property valuation requested property_id=P8696970 provider=bolig-vurdering
2026-03-04T14:24:52.757+01:00 INFO valuation-service host=valuation-service-a41e92-t6zvn corrId=c-328adfdee3f63bea property valuation received property_id=P8696970 value_dkk=6050000 latency_ms=492
2026-03-04T14:24:52.860+01:00 INFO credit-service host=credit-service-a41e92-x2k4p corrId=c-328adfdee3f63bea credit assessment completed application_id=APP-2026-286586 score=608 decision=APPROVED
2026-03-04T14:24:52.869+01:00 INFO offer-service host=offer-service-a41e92-x2k4p corrId=c-328adfdee3f63bea loan offer generated application_id=APP-2026-286586 loan_type=FIXED_20Y_IO principal_dkk=2260000
2026-03-04T14:24:52.989+01:00 INFO document-service host=document-service-7c9d5b-t6zvn corrId=c-328adfdee3f63bea offer document stored application_id=APP-2026-286586 doc_id=DOC-acb5a6b2
2026-03-04T14:24:53.097+01:00 INFO portal-bff host=portal-bff-5b8f6c-p9qmz corrId=c-328adfdee3f63bea application completed application_id=APP-2026-286586 status=OFFER_ISSUED
2026-03-04T14:25:00.622+01:00 INFO api-gateway host=api-gateway-7c9d5b-x2k4p corrId=- health probe ok status=200 latency_ms=6
2026-03-04T14:25:26.215+01:00 INFO portal-bff host=portal-bff-7c9d5b-p9qmz corrId=c-e2482e19083c6b04 conversion quote requested loan_id=LN618929237 target_product=FLEX_5Y
2026-03-04T14:25:26.332+01:00 INFO identity-service host=identity-service-7c9d5b-p9qmz corrId=c-e2482e19083c6b04 MitID session validated customer_id=C94259005
2026-03-04T14:25:26.433+01:00 INFO pricing-service host=pricing-service-a41e92-x2k4p corrId=c-e2482e19083c6b04 bond price fetched series=BND3.0-2056 price=93.937
2026-03-04T14:25:26.495+01:00 INFO pricing-service host=pricing-service-5b8f6c-t6zvn corrId=c-e2482e19083c6b04 conversion cost calculated loan_id=LN618929237 cost_dkk=78647.29
2026-03-04T14:25:26.511+01:00 INFO quote-service host=quote-service-5b8f6c-x2k4p corrId=c-e2482e19083c6b04 conversion quote issued quote_id=Q75550250 loan_id=LN618929237
2026-03-04T14:26:26.028+01:00 INFO portal-bff host=portal-bff-a41e92-t6zvn corrId=c-c6f427dae378e6c1 loan application submitted application_id=APP-2026-375931 customer_segment=RETAIL
2026-03-04T14:26:26.093+01:00 INFO identity-service host=identity-service-7c9d5b-p9qmz corrId=c-c6f427dae378e6c1 MitID session validated customer_id=C01718857
2026-03-04T14:26:26.229+01:00 INFO customer-service host=customer-service-5b8f6c-t6zvn corrId=c-c6f427dae378e6c1 KYC profile loaded customer_id=C01718857 risk_class=HIGH
2026-03-04T14:26:26.259+01:00 INFO valuation-service host=valuation-service-7c9d5b-p9qmz corrId=c-c6f427dae378e6c1 property valuation requested property_id=P1335964 provider=bolig-vurdering
2026-03-04T14:26:27.076+01:00 INFO valuation-service host=valuation-service-a41e92-x2k4p corrId=c-c6f427dae378e6c1 property valuation received property_id=P1335964 value_dkk=3970000 latency_ms=807
2026-03-04T14:26:27.119+01:00 INFO credit-service host=credit-service-a41e92-t6zvn corrId=c-c6f427dae378e6c1 credit assessment completed application_id=APP-2026-375931 score=585 decision=APPROVED
2026-03-04T14:26:27.251+01:00 INFO offer-service host=offer-service-7c9d5b-p9qmz corrId=c-c6f427dae378e6c1 loan offer generated application_id=APP-2026-375931 loan_type=FIXED_30Y principal_dkk=4170000
2026-03-04T14:26:27.279+01:00 INFO document-service host=document-service-5b8f6c-p9qmz corrId=c-c6f427dae378e6c1 offer document stored application_id=APP-2026-375931 doc_id=DOC-c4159e2f
2026-03-04T14:26:27.352+01:00 INFO portal-bff host=portal-bff-a41e92-t6zvn corrId=c-c6f427dae378e6c1 application completed application_id=APP-2026-375931 status=OFFER_ISSUED
2026-03-04T14:27:20.419+01:00 INFO portal-bff host=portal-bff-7c9d5b-t6zvn corrId=c-022bfea1056c00cc loan application submitted application_id=APP-2026-341383 customer_segment=PRIVATE
2026-03-04T14:27:20.530+01:00 INFO identity-service host=identity-service-7c9d5b-p9qmz corrId=c-022bfea1056c00cc MitID session validated customer_id=C57979804
2026-03-04T14:27:20.618+01:00 INFO customer-service host=customer-service-5b8f6c-x2k4p corrId=c-022bfea1056c00cc KYC profile loaded customer_id=C57979804 risk_class=LOW
2026-03-04T14:27:20.699+01:00 INFO valuation-service host=valuation-service-a41e92-t6zvn corrId=c-022bfea1056c00cc property valuation requested property_id=P4213299 provider=bolig-vurdering
2026-03-04T14:27:21.421+01:00 INFO valuation-service host=valuation-service-a41e92-p9qmz corrId=c-022bfea1056c00cc property valuation received property_id=P4213299 value_dkk=1430000 latency_ms=600
2026-03-04T14:27:21.441+01:00 INFO credit-service host=credit-service-5b8f6c-p9qmz corrId=c-022bfea1056c00cc credit assessment completed application_id=APP-2026-341383 score=832 decision=APPROVED
2026-03-04T14:27:21.573+01:00 INFO offer-service host=offer-service-7c9d5b-p9qmz corrId=c-022bfea1056c00cc loan offer generated application_id=APP-2026-341383 loan_type=FIXED_30Y principal_dkk=620000
2026-03-04T14:27:21.710+01:00 INFO document-service host=document-service-a41e92-p9qmz corrId=c-022bfea1056c00cc offer document stored application_id=APP-2026-341383 doc_id=DOC-92a3870e
2026-03-04T14:27:21.720+01:00 INFO portal-bff host=portal-bff-a41e92-p9qmz corrId=c-022bfea1056c00cc application completed application_id=APP-2026-341383 status=OFFER_ISSUED
2026-03-04T14:27:59.325+01:00 INFO portal-bff host=portal-bff-a41e92-x2k4p corrId=c-311fcf794a177d89 conversion quote requested loan_id=LN770899418 target_product=FLEX_5Y
2026-03-04T14:27:59.416+01:00 INFO identity-service host=identity-service-a41e92-x2k4p corrId=c-311fcf794a177d89 MitID session validated customer_id=C33131359
2026-03-04T14:27:59.435+01:00 INFO pricing-service host=pricing-service-5b8f6c-t6zvn corrId=c-311fcf794a177d89 bond price fetched series=BND2.5-2056 price=95.527
2026-03-04T14:27:59.459+01:00 INFO pricing-service host=pricing-service-5b8f6c-t6zvn corrId=c-311fcf794a177d89 conversion cost calculated loan_id=LN770899418 cost_dkk=6835.99
2026-03-04T14:27:59.537+01:00 INFO quote-service host=quote-service-7c9d5b-p9qmz corrId=c-311fcf794a177d89 conversion quote issued quote_id=Q48528390 loan_id=LN770899418
2026-03-04T14:30:00.116+01:00 INFO payment-scheduler host=payment-scheduler-7c9d5b-x2k4p corrId=- scheduler heartbeat lag_ms=79
2026-03-04T14:30:00.849+01:00 INFO api-gateway host=api-gateway-a41e92-t6zvn corrId=- health probe ok status=200 latency_ms=12
2026-03-04T14:35:00.771+01:00 INFO api-gateway host=api-gateway-a41e92-t6zvn corrId=- health probe ok status=200 latency_ms=7
2026-03-04T14:39:06.391+01:00 INFO portal-bff host=portal-bff-7c9d5b-x2k4p corrId=c-49030d2b88270ed6 loan application submitted application_id=APP-2026-974743 customer_segment=SME
2026-03-04T14:39:06.506+01:00 WARN identity-service host=identity-service-5b8f6c-x2k4p corrId=c-49030d2b88270ed6 MitID token refresh attempt=1
2026-03-04T14:39:06.598+01:00 INFO identity-service host=identity-service-7c9d5b-p9qmz corrId=c-49030d2b88270ed6 MitID session validated customer_id=C26230094
2026-03-04T14:39:06.651+01:00 INFO customer-service host=customer-service-a41e92-x2k4p corrId=c-49030d2b88270ed6 KYC profile loaded customer_id=C26230094 risk_class=MEDIUM
2026-03-04T14:39:06.692+01:00 INFO valuation-service host=valuation-service-a41e92-t6zvn corrId=c-49030d2b88270ed6 property valuation requested property_id=P2420712 provider=bolig-vurdering
2026-03-04T14:39:07.155+01:00 INFO valuation-service host=valuation-service-a41e92-t6zvn corrId=c-49030d2b88270ed6 property valuation received property_id=P2420712 value_dkk=2760000 latency_ms=415
2026-03-04T14:39:07.171+01:00 INFO credit-service host=credit-service-7c9d5b-x2k4p corrId=c-49030d2b88270ed6 credit assessment completed application_id=APP-2026-974743 score=800 decision=APPROVED
2026-03-04T14:39:07.252+01:00 INFO offer-service host=offer-service-5b8f6c-p9qmz corrId=c-49030d2b88270ed6 loan offer generated application_id=APP-2026-974743 loan_type=FIXED_30Y principal_dkk=5170000
2026-03-04T14:39:07.327+01:00 INFO document-service host=document-service-a41e92-p9qmz corrId=c-49030d2b88270ed6 offer document stored application_id=APP-2026-974743 doc_id=DOC-440b8389
2026-03-04T14:39:07.377+01:00 INFO portal-bff host=portal-bff-5b8f6c-x2k4p corrId=c-49030d2b88270ed6 application completed application_id=APP-2026-974743 status=OFFER_ISSUED
2026-03-04T14:39:58.037+01:00 INFO portal-bff host=portal-bff-a41e92-t6zvn corrId=c-260f311b843912e3 loan application submitted application_id=APP-2026-080893 customer_segment=SME
2026-03-04T14:39:58.096+01:00 INFO identity-service host=identity-service-5b8f6c-t6zvn corrId=c-260f311b843912e3 MitID session validated customer_id=C20900426
2026-03-04T14:39:58.123+01:00 INFO customer-service host=customer-service-7c9d5b-x2k4p corrId=c-260f311b843912e3 KYC profile loaded customer_id=C20900426 risk_class=MEDIUM
2026-03-04T14:39:58.241+01:00 INFO valuation-service host=valuation-service-5b8f6c-x2k4p corrId=c-260f311b843912e3 property valuation requested property_id=P4424141 provider=valuta-ejd
2026-03-04T14:39:58.811+01:00 INFO valuation-service host=valuation-service-7c9d5b-t6zvn corrId=c-260f311b843912e3 property valuation received property_id=P4424141 value_dkk=4800000 latency_ms=484
2026-03-04T14:39:58.907+01:00 INFO credit-service host=credit-service-5b8f6c-x2k4p corrId=c-260f311b843912e3 credit assessment completed application_id=APP-2026-080893 score=807 decision=APPROVED
2026-03-04T14:39:58.924+01:00 INFO offer-service host=offer-service-a41e92-x2k4p corrId=c-260f311b843912e3 loan offer generated application_id=APP-2026-080893 loan_type=FIXED_30Y principal_dkk=3815000
2026-03-04T14:39:58.955+01:00 INFO document-service host=document-service-5b8f6c-x2k4p corrId=c-260f311b843912e3 offer document stored application_id=APP-2026-080893 doc_id=DOC-6485c3c7
2026-03-04T14:39:58.981+01:00 INFO portal-bff host=portal-bff-a41e92-t6zvn corrId=c-260f311b843912e3 application completed application_id=APP-2026-080893 status=OFFER_ISSUED
2026-03-04T14:40:00.299+01:00 INFO payment-scheduler host=payment-scheduler-7c9d5b-t6zvn corrId=- scheduler heartbeat lag_ms=81
2026-03-04T14:40:00.665+01:00 INFO api-gateway host=api-gateway-a41e92-x2k4p corrId=- health probe ok status=200 latency_ms=6
2026-03-04T14:40:18.501+01:00 INFO portal-bff host=portal-bff-5b8f6c-x2k4p corrId=c-e23ad5582f67e633 loan application submitted application_id=APP-2026-889956 customer_segment=SME
2026-03-04T14:40:18.599+01:00 INFO identity-service host=identity-service-7c9d5b-t6zvn corrId=c-e23ad5582f67e633 MitID session validated customer_id=C64688974
2026-03-04T14:40:18.689+01:00 INFO customer-service host=customer-service-a41e92-t6zvn corrId=c-e23ad5582f67e633 KYC profile loaded customer_id=C64688974 risk_class=HIGH
2026-03-04T14:40:18.810+01:00 INFO valuation-service host=valuation-service-5b8f6c-t6zvn corrId=c-e23ad5582f67e633 property valuation served from cache property_id=P4000950 value_dkk=4960000
2026-03-04T14:40:18.930+01:00 INFO credit-service host=credit-service-a41e92-x2k4p corrId=c-e23ad5582f67e633 credit assessment completed application_id=APP-2026-889956 score=427 decision=APPROVED
2026-03-04T14:40:19.003+01:00 INFO offer-service host=offer-service-a41e92-p9qmz corrId=c-e23ad5582f67e633 loan offer generated application_id=APP-2026-889956 loan_type=FIXED_30Y principal_dkk=4420000
2026-03-04T14:40:19.078+01:00 INFO document-service host=document-service-a41e92-x2k4p corrId=c-e23ad5582f67e633 offer document stored application_id=APP-2026-889956 doc_id=DOC-34a1c5a0
2026-03-04T14:40:19.158+01:00 INFO portal-bff host=portal-bff-a41e92-p9qmz corrId=c-e23ad5582f67e633 application completed application_id=APP-2026-889956 status=OFFER_ISSUED
2026-03-04T14:40:43.043+01:00 INFO portal-bff host=portal-bff-5b8f6c-t6zvn corrId=c-afc24c5702a5e382 loan application submitted application_id=APP-2026-000885 customer_segment=PRIVATE
2026-03-04T14:40:43.108+01:00 INFO identity-service host=identity-service-a41e92-t6zvn corrId=c-afc24c5702a5e382 MitID session validated customer_id=C26130674
2026-03-04T14:40:43.138+01:00 INFO customer-service host=customer-service-a41e92-p9qmz corrId=c-afc24c5702a5e382 KYC profile loaded customer_id=C26130674 risk_class=LOW
2026-03-04T14:40:43.186+01:00 INFO valuation-service host=valuation-service-a41e92-t6zvn corrId=c-afc24c5702a5e382 property valuation requested property_id=P1967077 provider=valuta-ejd
2026-03-04T14:40:43.731+01:00 INFO valuation-service host=valuation-service-5b8f6c-x2k4p corrId=c-afc24c5702a5e382 property valuation received property_id=P1967077 value_dkk=3930000 latency_ms=424
2026-03-04T14:40:43.858+01:00 INFO credit-service host=credit-service-a41e92-t6zvn corrId=c-afc24c5702a5e382 credit assessment completed application_id=APP-2026-000885 score=710 decision=APPROVED
2026-03-04T14:40:43.994+01:00 INFO offer-service host=offer-service-5b8f6c-t6zvn corrId=c-afc24c5702a5e382 loan offer generated application_id=APP-2026-000885 loan_type=FIXED_30Y principal_dkk=5005000
2026-03-04T14:40:44.031+01:00 INFO document-service host=document-service-a41e92-t6zvn corrId=c-afc24c5702a5e382 offer document stored application_id=APP-2026-000885 doc_id=DOC-967e4b87
2026-03-04T14:40:44.081+01:00 INFO portal-bff host=portal-bff-a41e92-x2k4p corrId=c-afc24c5702a5e382 application completed application_id=APP-2026-000885 status=OFFER_ISSUED
2026-03-04T14:45:00.858+01:00 INFO api-gateway host=api-gateway-5b8f6c-x2k4p corrId=- health probe ok status=200 latency_ms=20
2026-03-04T14:45:08.853+01:00 INFO portal-bff host=portal-bff-7c9d5b-p9qmz corrId=c-1c77c7ff08997692 loan application submitted application_id=APP-2026-068181 customer_segment=PRIVATE
2026-03-04T14:45:08.982+01:00 INFO identity-service host=identity-service-7c9d5b-t6zvn corrId=c-1c77c7ff08997692 MitID session validated customer_id=C41093397
2026-03-04T14:45:09.045+01:00 INFO customer-service host=customer-service-5b8f6c-p9qmz corrId=c-1c77c7ff08997692 KYC profile loaded customer_id=C41093397 risk_class=MEDIUM
2026-03-04T14:45:09.102+01:00 INFO valuation-service host=valuation-service-7c9d5b-x2k4p corrId=c-1c77c7ff08997692 property valuation served from cache property_id=P9982367 value_dkk=6280000
2026-03-04T14:45:09.166+01:00 INFO credit-service host=credit-service-5b8f6c-t6zvn corrId=c-1c77c7ff08997692 credit assessment completed application_id=APP-2026-068181 score=642 decision=APPROVED
2026-03-04T14:45:09.181+01:00 INFO offer-service host=offer-service-7c9d5b-t6zvn corrId=c-1c77c7ff08997692 loan offer generated application_id=APP-2026-068181 loan_type=FLEX_1Y principal_dkk=5640000
2026-03-04T14:45:09.314+01:00 INFO document-service host=document-service-5b8f6c-t6zvn corrId=c-1c77c7ff08997692 offer document stored application_id=APP-2026-068181 doc_id=DOC-bd9999e3
2026-03-04T14:45:09.390+01:00 INFO portal-bff host=portal-bff-7c9d5b-x2k4p corrId=c-1c77c7ff08997692 application completed application_id=APP-2026-068181 status=OFFER_ISSUED
2026-03-04T14:46:16.376+01:00 INFO portal-bff host=portal-bff-a41e92-x2k4p corrId=c-6c77eeb94517614e loan application submitted application_id=APP-2026-127044 customer_segment=RETAIL
2026-03-04T14:46:16.440+01:00 INFO identity-service host=identity-service-7c9d5b-x2k4p corrId=c-6c77eeb94517614e MitID session validated customer_id=C88934169
2026-03-04T14:46:16.510+01:00 INFO customer-service host=customer-service-5b8f6c-t6zvn corrId=c-6c77eeb94517614e KYC profile loaded customer_id=C88934169 risk_class=LOW
2026-03-04T14:46:16.553+01:00 INFO valuation-service host=valuation-service-5b8f6c-t6zvn corrId=c-6c77eeb94517614e property valuation requested property_id=P4735510 provider=bolig-vurdering
2026-03-04T14:46:17.376+01:00 INFO valuation-service host=valuation-service-7c9d5b-t6zvn corrId=c-6c77eeb94517614e property valuation received property_id=P4735510 value_dkk=4130000 latency_ms=736
2026-03-04T14:46:17.397+01:00 INFO credit-service host=credit-service-a41e92-x2k4p corrId=c-6c77eeb94517614e credit assessment completed application_id=APP-2026-127044 score=596 decision=APPROVED
2026-03-04T14:46:17.455+01:00 INFO offer-service host=offer-service-a41e92-t6zvn corrId=c-6c77eeb94517614e loan offer generated application_id=APP-2026-127044 loan_type=FLEX_1Y principal_dkk=4645000
2026-03-04T14:46:17.531+01:00 INFO document-service host=document-service-5b8f6c-t6zvn corrId=c-6c77eeb94517614e offer document stored application_id=APP-2026-127044 doc_id=DOC-bbe18979
2026-03-04T14:46:17.554+01:00 INFO portal-bff host=portal-bff-7c9d5b-p9qmz corrId=c-6c77eeb94517614e application completed application_id=APP-2026-127044 status=OFFER_ISSUED
2026-03-04T14:47:49.739+01:00 INFO portal-bff host=portal-bff-5b8f6c-x2k4p corrId=c-201d428926f14455 conversion quote requested loan_id=LN202885714 target_product=FLEX_5Y
2026-03-04T14:47:49.760+01:00 INFO identity-service host=identity-service-7c9d5b-x2k4p corrId=c-201d428926f14455 MitID session validated customer_id=C45115823
2026-03-04T14:47:49.878+01:00 INFO pricing-service host=pricing-service-5b8f6c-p9qmz corrId=c-201d428926f14455 bond price fetched series=BND3.0-2056 price=94.414
2026-03-04T14:47:49.891+01:00 INFO pricing-service host=pricing-service-a41e92-t6zvn corrId=c-201d428926f14455 conversion cost calculated loan_id=LN202885714 cost_dkk=7407.85
2026-03-04T14:47:49.930+01:00 INFO quote-service host=quote-service-a41e92-p9qmz corrId=c-201d428926f14455 conversion quote issued quote_id=Q43566702 loan_id=LN202885714
2026-03-04T14:48:09.298+01:00 INFO portal-bff host=portal-bff-a41e92-x2k4p corrId=c-e748567248ecf846 conversion quote requested loan_id=LN487306211 target_product=FLEX_1Y
2026-03-04T14:48:09.418+01:00 INFO identity-service host=identity-service-a41e92-x2k4p corrId=c-e748567248ecf846 MitID session validated customer_id=C33063580
2026-03-04T14:48:09.451+01:00 INFO pricing-service host=pricing-service-5b8f6c-t6zvn corrId=c-e748567248ecf846 bond price fetched series=BND2.5-2056 price=100.785
2026-03-04T14:48:09.489+01:00 INFO pricing-service host=pricing-service-5b8f6c-x2k4p corrId=c-e748567248ecf846 conversion cost calculated loan_id=LN487306211 cost_dkk=66874.35
2026-03-04T14:48:09.567+01:00 INFO quote-service host=quote-service-5b8f6c-p9qmz corrId=c-e748567248ecf846 conversion quote issued quote_id=Q69487953 loan_id=LN487306211
2026-03-04T14:48:55.565+01:00 INFO portal-bff host=portal-bff-5b8f6c-x2k4p corrId=c-d439c5ab1a6567ec loan application submitted application_id=APP-2026-199122 customer_segment=RETAIL
2026-03-04T14:48:55.580+01:00 INFO identity-service host=identity-service-a41e92-p9qmz corrId=c-d439c5ab1a6567ec MitID session validated customer_id=C69732576
2026-03-04T14:48:55.665+01:00 INFO customer-service host=customer-service-7c9d5b-t6zvn corrId=c-d439c5ab1a6567ec KYC profile loaded customer_id=C69732576 risk_class=HIGH
2026-03-04T14:48:55.794+01:00 INFO valuation-service host=valuation-service-a41e92-t6zvn corrId=c-d439c5ab1a6567ec property valuation requested property_id=P0349817 provider=bolig-vurdering
2026-03-04T14:48:56.476+01:00 INFO valuation-service host=valuation-service-7c9d5b-t6zvn corrId=c-d439c5ab1a6567ec property valuation received property_id=P0349817 value_dkk=8220000 latency_ms=593
2026-03-04T14:48:56.482+01:00 INFO credit-service host=credit-service-a41e92-t6zvn corrId=c-d439c5ab1a6567ec credit assessment completed application_id=APP-2026-199122 score=856 decision=APPROVED
2026-03-04T14:48:56.498+01:00 INFO offer-service host=offer-service-5b8f6c-x2k4p corrId=c-d439c5ab1a6567ec loan offer generated application_id=APP-2026-199122 loan_type=FLEX_1Y principal_dkk=1935000
2026-03-04T14:48:56.559+01:00 INFO document-service host=document-service-a41e92-p9qmz corrId=c-d439c5ab1a6567ec offer document stored application_id=APP-2026-199122 doc_id=DOC-9d4fb59d
2026-03-04T14:48:56.603+01:00 INFO portal-bff host=portal-bff-7c9d5b-t6zvn corrId=c-d439c5ab1a6567ec application completed application_id=APP-2026-199122 status=OFFER_ISSUED
2026-03-04T14:49:55.751+01:00 INFO portal-bff host=portal-bff-a41e92-t6zvn corrId=c-5fa7b6db41b37225 conversion quote requested loan_id=LN041485205 target_product=FLEX_5Y
2026-03-04T14:49:55.758+01:00 INFO identity-service host=identity-service-5b8f6c-t6zvn corrId=c-5fa7b6db41b37225 MitID session validated customer_id=C34884401
2026-03-04T14:49:55.827+01:00 INFO pricing-service host=pricing-service-a41e92-t6zvn corrId=c-5fa7b6db41b37225 bond price fetched series=BND3.0-2053 price=100.890
2026-03-04T14:49:55.899+01:00 INFO pricing-service host=pricing-service-7c9d5b-p9qmz corrId=c-5fa7b6db41b37225 conversion cost calculated loan_id=LN041485205 cost_dkk=47009.88
2026-03-04T14:49:55.971+01:00 INFO quote-service host=quote-service-7c9d5b-x2k4p corrId=c-5fa7b6db41b37225 conversion quote issued quote_id=Q18123795 loan_id=LN041485205
2026-03-04T14:50:00.013+01:00 INFO api-gateway host=api-gateway-5b8f6c-x2k4p corrId=- health probe ok status=200 latency_ms=34
2026-03-04T14:50:00.452+01:00 INFO payment-scheduler host=payment-scheduler-a41e92-t6zvn corrId=- scheduler heartbeat lag_ms=29
2026-03-04T14:51:04.438+01:00 INFO portal-bff host=portal-bff-7c9d5b-p9qmz corrId=c-95b9928e09d0fa60 loan application submitted application_id=APP-2026-510426 customer_segment=SME
2026-03-04T14:51:04.531+01:00 INFO identity-service host=identity-service-a41e92-p9qmz corrId=c-95b9928e09d0fa60 MitID session validated customer_id=C82479997
2026-03-04T14:51:04.558+01:00 INFO customer-service host=customer-service-a41e92-t6zvn corrId=c-95b9928e09d0fa60 KYC profile loaded customer_id=C82479997 risk_class=HIGH
2026-03-04T14:51:04.691+01:00 INFO valuation-service host=valuation-service-7c9d5b-t6zvn corrId=c-95b9928e09d0fa60 property valuation requested property_id=P2971899 provider=valuta-ejd
2026-03-04T14:51:05.492+01:00 INFO valuation-service host=valuation-service-a41e92-x2k4p corrId=c-95b9928e09d0fa60 property valuation received property_id=P2971899 value_dkk=2940000 latency_ms=737
2026-03-04T14:51:05.498+01:00 INFO credit-service host=credit-service-7c9d5b-p9qmz corrId=c-95b9928e09d0fa60 credit assessment completed application_id=APP-2026-510426 score=494 decision=APPROVED
2026-03-04T14:51:05.523+01:00 INFO offer-service host=offer-service-5b8f6c-p9qmz corrId=c-95b9928e09d0fa60 loan offer generated application_id=APP-2026-510426 loan_type=FLEX_1Y principal_dkk=4085000
2026-03-04T14:51:05.547+01:00 INFO document-service host=document-service-5b8f6c-t6zvn corrId=c-95b9928e09d0fa60 offer document stored application_id=APP-2026-510426 doc_id=DOC-064b29b3
2026-03-04T14:51:05.612+01:00 INFO portal-bff host=portal-bff-5b8f6c-x2k4p corrId=c-95b9928e09d0fa60 application completed application_id=APP-2026-510426 status=OFFER_ISSUED
2026-03-04T14:53:51.064+01:00 INFO portal-bff host=portal-bff-5b8f6c-t6zvn corrId=c-146f8b4f41f7f745 loan application submitted application_id=APP-2026-996412 customer_segment=RETAIL
2026-03-04T14:53:51.166+01:00 INFO identity-service host=identity-service-a41e92-t6zvn corrId=c-146f8b4f41f7f745 MitID session validated customer_id=C45766577
2026-03-04T14:53:51.222+01:00 INFO customer-service host=customer-service-a41e92-t6zvn corrId=c-146f8b4f41f7f745 KYC profile loaded customer_id=C45766577 risk_class=LOW
2026-03-04T14:53:51.352+01:00 INFO valuation-service host=valuation-service-a41e92-x2k4p corrId=c-146f8b4f41f7f745 property valuation served from cache property_id=P5862545 value_dkk=7270000
2026-03-04T14:53:51.380+01:00 INFO credit-service host=credit-service-7c9d5b-t6zvn corrId=c-146f8b4f41f7f745 credit assessment completed application_id=APP-2026-996412 score=743 decision=APPROVED
2026-03-04T14:53:51.491+01:00 INFO offer-service host=offer-service-a41e92-x2k4p corrId=c-146f8b4f41f7f745 loan offer generated application_id=APP-2026-996412 loan_type=FIXED_30Y principal_dkk=480000
2026-03-04T14:53:51.628+01:00 INFO document-service host=document-service-5b8f6c-p9qmz corrId=c-146f8b4f41f7f745 offer document stored application_id=APP-2026-996412 doc_id=DOC-ff99f228
2026-03-04T14:53:51.744+01:00 INFO portal-bff host=portal-bff-5b8f6c-t6zvn corrId=c-146f8b4f41f7f745 application completed application_id=APP-2026-996412 status=OFFER_ISSUED
2026-03-04T14:55:00.440+01:00 INFO api-gateway host=api-gateway-7c9d5b-x2k4p corrId=- health probe ok status=200 latency_ms=24
2026-03-04T14:56:02.816+01:00 INFO portal-bff host=portal-bff-a41e92-p9qmz corrId=c-cd5d7f205c5e593b conversion quote requested loan_id=LN458326251 target_product=FIXED_30Y
2026-03-04T14:56:02.946+01:00 INFO identity-service host=identity-service-5b8f6c-x2k4p corrId=c-cd5d7f205c5e593b MitID session validated customer_id=C41325259
2026-03-04T14:56:03.030+01:00 INFO pricing-service host=pricing-service-a41e92-p9qmz corrId=c-cd5d7f205c5e593b bond price fetched series=BND2.5-2056 price=98.300
2026-03-04T14:56:03.133+01:00 INFO pricing-service host=pricing-service-a41e92-x2k4p corrId=c-cd5d7f205c5e593b conversion cost calculated loan_id=LN458326251 cost_dkk=68827.62
2026-03-04T14:56:03.200+01:00 INFO quote-service host=quote-service-a41e92-x2k4p corrId=c-cd5d7f205c5e593b conversion quote issued quote_id=Q67660789 loan_id=LN458326251
2026-03-04T14:57:56.327+01:00 INFO offer-service host=offer-service-7c9d5b-x2k4p corrId=c-9fccf37edcb597a9 offer accepted application_id=APP-2026-132204
2026-03-04T14:57:56.442+01:00 INFO ledger-service host=ledger-service-7c9d5b-x2k4p corrId=c-9fccf37edcb597a9 funds reserved application_id=APP-2026-132204 amount_dkk=4080000
2026-03-04T14:57:56.579+01:00 INFO payment-service host=payment-service-a41e92-x2k4p corrId=c-9fccf37edcb597a9 payout instruction sent application_id=APP-2026-132204 amount_dkk=4080000
2026-03-04T14:57:56.644+01:00 INFO ledger-service host=ledger-service-7c9d5b-p9qmz corrId=c-9fccf37edcb597a9 payout booked application_id=APP-2026-132204 posting_id=PST-ae83ff17d6
2026-03-04T14:57:56.729+01:00 INFO notification-service host=notification-service-5b8f6c-t6zvn corrId=c-9fccf37edcb597a9 payout confirmation sent application_id=APP-2026-132204
2026-03-04T15:00:00.129+01:00 INFO payment-scheduler host=payment-scheduler-5b8f6c-x2k4p corrId=- scheduler heartbeat lag_ms=39
2026-03-04T15:00:00.374+01:00 INFO api-gateway host=api-gateway-7c9d5b-p9qmz corrId=- health probe ok status=200 latency_ms=4
2026-03-04T15:00:04.000+01:00 INFO config-service host=config-service-5b8f6c-t6zvn corrId=- configuration refreshed version=v113
2026-03-04T15:01:24.026+01:00 INFO portal-bff host=portal-bff-7c9d5b-p9qmz corrId=c-547058f48d23c3ee conversion quote requested loan_id=LN250862663 target_product=FIXED_30Y
2026-03-04T15:01:24.073+01:00 INFO identity-service host=identity-service-a41e92-p9qmz corrId=c-547058f48d23c3ee MitID session validated customer_id=C50998815
2026-03-04T15:01:24.089+01:00 INFO pricing-service host=pricing-service-a41e92-p9qmz corrId=c-547058f48d23c3ee bond price fetched series=BND3.0-2056 price=96.109
2026-03-04T15:01:24.112+01:00 INFO pricing-service host=pricing-service-7c9d5b-x2k4p corrId=c-547058f48d23c3ee conversion cost calculated loan_id=LN250862663 cost_dkk=61259.08
2026-03-04T15:01:24.186+01:00 INFO quote-service host=quote-service-7c9d5b-x2k4p corrId=c-547058f48d23c3ee conversion quote issued quote_id=Q22160190 loan_id=LN250862663
2026-03-04T15:02:23.044+01:00 INFO portal-bff host=portal-bff-5b8f6c-t6zvn corrId=c-6f16c920018e3252 loan application submitted application_id=APP-2026-614142 customer_segment=PRIVATE
2026-03-04T15:02:23.166+01:00 INFO identity-service host=identity-service-5b8f6c-p9qmz corrId=c-6f16c920018e3252 MitID session validated customer_id=C79243645
2026-03-04T15:02:23.283+01:00 INFO customer-service host=customer-service-7c9d5b-x2k4p corrId=c-6f16c920018e3252 KYC profile loaded customer_id=C79243645 risk_class=MEDIUM
2026-03-04T15:02:23.328+01:00 INFO valuation-service host=valuation-service-5b8f6c-x2k4p corrId=c-6f16c920018e3252 property valuation requested property_id=P5712895 provider=valuta-ejd
2026-03-04T15:02:23.758+01:00 INFO valuation-service host=valuation-service-5b8f6c-x2k4p corrId=c-6f16c920018e3252 property valuation received property_id=P5712895 value_dkk=3370000 latency_ms=405
2026-03-04T15:02:23.894+01:00 INFO credit-service host=credit-service-5b8f6c-p9qmz corrId=c-6f16c920018e3252 credit assessment completed application_id=APP-2026-614142 score=730 decision=APPROVED
2026-03-04T15:02:23.931+01:00 INFO offer-service host=offer-service-5b8f6c-t6zvn corrId=c-6f16c920018e3252 loan offer generated application_id=APP-2026-614142 loan_type=FLEX_5Y principal_dkk=5575000
2026-03-04T15:02:23.966+01:00 INFO document-service host=document-service-5b8f6c-p9qmz corrId=c-6f16c920018e3252 offer document stored application_id=APP-2026-614142 doc_id=DOC-fbcf98c4
2026-03-04T15:02:24.091+01:00 INFO portal-bff host=portal-bff-5b8f6c-x2k4p corrId=c-6f16c920018e3252 application completed application_id=APP-2026-614142 status=OFFER_ISSUED
2026-03-04T15:03:43.809+01:00 INFO portal-bff host=portal-bff-7c9d5b-t6zvn corrId=c-cb5720a102ce2729 conversion quote requested loan_id=LN985764530 target_product=FIXED_30Y
2026-03-04T15:03:43.925+01:00 INFO identity-service host=identity-service-a41e92-x2k4p corrId=c-cb5720a102ce2729 MitID session validated customer_id=C42114153
2026-03-04T15:03:43.932+01:00 INFO pricing-service host=pricing-service-a41e92-p9qmz corrId=c-cb5720a102ce2729 bond price fetched series=BND2.5-2056 price=90.517
2026-03-04T15:03:44.052+01:00 INFO pricing-service host=pricing-service-5b8f6c-p9qmz corrId=c-cb5720a102ce2729 conversion cost calculated loan_id=LN985764530 cost_dkk=13262.83
2026-03-04T15:03:44.158+01:00 INFO quote-service host=quote-service-7c9d5b-x2k4p corrId=c-cb5720a102ce2729 conversion quote issued quote_id=Q12132303 loan_id=LN985764530
2026-03-04T15:05:00.395+01:00 INFO api-gateway host=api-gateway-a41e92-x2k4p corrId=- health probe ok status=200 latency_ms=14
2026-03-04T15:06:48.781+01:00 INFO portal-bff host=portal-bff-a41e92-t6zvn corrId=c-202f2f2ac803d774 conversion quote requested loan_id=LN613278499 target_product=FLEX_1Y
2026-03-04T15:06:48.888+01:00 INFO identity-service host=identity-service-5b8f6c-p9qmz corrId=c-202f2f2ac803d774 MitID session validated customer_id=C28154225
2026-03-04T15:06:48.971+01:00 INFO pricing-service host=pricing-service-5b8f6c-t6zvn corrId=c-202f2f2ac803d774 bond price fetched series=BND4.0-2056 price=90.273
2026-03-04T15:06:49.034+01:00 INFO pricing-service host=pricing-service-a41e92-t6zvn corrId=c-202f2f2ac803d774 conversion cost calculated loan_id=LN613278499 cost_dkk=71668.04
2026-03-04T15:06:49.063+01:00 INFO quote-service host=quote-service-5b8f6c-x2k4p corrId=c-202f2f2ac803d774 conversion quote issued quote_id=Q62240586 loan_id=LN613278499
2026-03-04T15:10:00.370+01:00 INFO payment-scheduler host=payment-scheduler-5b8f6c-x2k4p corrId=- scheduler heartbeat lag_ms=49
2026-03-04T15:10:00.466+01:00 INFO api-gateway host=api-gateway-a41e92-x2k4p corrId=- health probe ok status=200 latency_ms=31
2026-03-04T15:13:48.332+01:00 INFO portal-bff host=portal-bff-a41e92-t6zvn corrId=c-9829e6306c6fb4fd loan application submitted application_id=APP-2026-914821 customer_segment=SME
2026-03-04T15:13:48.436+01:00 INFO identity-service host=identity-service-a41e92-t6zvn corrId=c-9829e6306c6fb4fd MitID session validated customer_id=C49645854
2026-03-04T15:13:48.506+01:00 INFO customer-service host=customer-service-7c9d5b-t6zvn corrId=c-9829e6306c6fb4fd KYC profile loaded customer_id=C49645854 risk_class=LOW
2026-03-04T15:13:48.599+01:00 INFO valuation-service host=valuation-service-7c9d5b-x2k4p corrId=c-9829e6306c6fb4fd property valuation served from cache property_id=P1242613 value_dkk=6920000
2026-03-04T15:13:48.689+01:00 INFO credit-service host=credit-service-7c9d5b-t6zvn corrId=c-9829e6306c6fb4fd credit assessment completed application_id=APP-2026-914821 score=728 decision=APPROVED
2026-03-04T15:13:48.755+01:00 INFO offer-service host=offer-service-7c9d5b-p9qmz corrId=c-9829e6306c6fb4fd loan offer generated application_id=APP-2026-914821 loan_type=FLEX_5Y principal_dkk=2970000
2026-03-04T15:13:48.890+01:00 INFO document-service host=document-service-a41e92-x2k4p corrId=c-9829e6306c6fb4fd offer document stored application_id=APP-2026-914821 doc_id=DOC-46a8e6bf
2026-03-04T15:13:48.984+01:00 INFO portal-bff host=portal-bff-7c9d5b-t6zvn corrId=c-9829e6306c6fb4fd application completed application_id=APP-2026-914821 status=OFFER_ISSUED
2026-03-04T15:15:00.318+01:00 INFO api-gateway host=api-gateway-5b8f6c-x2k4p corrId=- health probe ok status=200 latency_ms=26
2026-03-04T15:15:14.529+01:00 INFO portal-bff host=portal-bff-7c9d5b-t6zvn corrId=c-60298a5f6f4e16a1 loan application submitted application_id=APP-2026-678734 customer_segment=PRIVATE
2026-03-04T15:15:14.589+01:00 INFO identity-service host=identity-service-a41e92-x2k4p corrId=c-60298a5f6f4e16a1 MitID session validated customer_id=C65863523
2026-03-04T15:15:14.716+01:00 INFO customer-service host=customer-service-5b8f6c-t6zvn corrId=c-60298a5f6f4e16a1 KYC profile loaded customer_id=C65863523 risk_class=HIGH
2026-03-04T15:15:14.798+01:00 INFO valuation-service host=valuation-service-5b8f6c-x2k4p corrId=c-60298a5f6f4e16a1 property valuation requested property_id=P1701262 provider=bolig-vurdering
2026-03-04T15:15:15.316+01:00 INFO valuation-service host=valuation-service-7c9d5b-p9qmz corrId=c-60298a5f6f4e16a1 property valuation received property_id=P1701262 value_dkk=1850000 latency_ms=411
2026-03-04T15:15:15.353+01:00 INFO credit-service host=credit-service-5b8f6c-p9qmz corrId=c-60298a5f6f4e16a1 credit assessment completed application_id=APP-2026-678734 score=786 decision=APPROVED
2026-03-04T15:15:15.489+01:00 INFO offer-service host=offer-service-7c9d5b-t6zvn corrId=c-60298a5f6f4e16a1 loan offer generated application_id=APP-2026-678734 loan_type=FIXED_20Y_IO principal_dkk=5100000
2026-03-04T15:15:15.625+01:00 INFO document-service host=document-service-a41e92-x2k4p corrId=c-60298a5f6f4e16a1 offer document stored application_id=APP-2026-678734 doc_id=DOC-fa8b006e
2026-03-04T15:15:15.635+01:00 INFO portal-bff host=portal-bff-a41e92-t6zvn corrId=c-60298a5f6f4e16a1 application completed application_id=APP-2026-678734 status=OFFER_ISSUED
2026-03-04T15:15:54.115+01:00 INFO portal-bff host=portal-bff-5b8f6c-p9qmz corrId=c-cf3c975db6580d08 loan application submitted application_id=APP-2026-647349 customer_segment=RETAIL
2026-03-04T15:15:54.161+01:00 INFO identity-service host=identity-service-7c9d5b-p9qmz corrId=c-cf3c975db6580d08 MitID session validated customer_id=C98911252
2026-03-04T15:15:54.238+01:00 INFO customer-service host=customer-service-5b8f6c-x2k4p corrId=c-cf3c975db6580d08 KYC profile loaded customer_id=C98911252 risk_class=LOW
2026-03-04T15:15:54.272+01:00 INFO valuation-service host=valuation-service-7c9d5b-p9qmz corrId=c-cf3c975db6580d08 property valuation served from cache property_id=P1710255 value_dkk=4100000
2026-03-04T15:15:54.289+01:00 INFO credit-service host=credit-service-5b8f6c-p9qmz corrId=c-cf3c975db6580d08 credit assessment completed application_id=APP-2026-647349 score=839 decision=APPROVED
2026-03-04T15:15:54.361+01:00 INFO offer-service host=offer-service-7c9d5b-t6zvn corrId=c-cf3c975db6580d08 loan offer generated application_id=APP-2026-647349 loan_type=FIXED_30Y principal_dkk=4525000
2026-03-04T15:15:54.499+01:00 INFO document-service host=document-service-7c9d5b-p9qmz corrId=c-cf3c975db6580d08 offer document stored application_id=APP-2026-647349 doc_id=DOC-45af3a2b
2026-03-04T15:15:54.601+01:00 INFO portal-bff host=portal-bff-5b8f6c-p9qmz corrId=c-cf3c975db6580d08 application completed application_id=APP-2026-647349 status=OFFER_ISSUED
2026-03-04T15:17:53.108+01:00 INFO portal-bff host=portal-bff-5b8f6c-x2k4p corrId=c-47cb4334675cacf7 loan application submitted application_id=APP-2026-913548 customer_segment=SME
2026-03-04T15:17:53.187+01:00 WARN identity-service host=identity-service-7c9d5b-t6zvn corrId=c-47cb4334675cacf7 MitID token refresh attempt=1
2026-03-04T15:17:53.257+01:00 INFO identity-service host=identity-service-5b8f6c-t6zvn corrId=c-47cb4334675cacf7 MitID session validated customer_id=C66641795
2026-03-04T15:17:53.356+01:00 INFO customer-service host=customer-service-5b8f6c-p9qmz corrId=c-47cb4334675cacf7 KYC profile loaded customer_id=C66641795 risk_class=MEDIUM
2026-03-04T15:17:53.375+01:00 INFO valuation-service host=valuation-service-5b8f6c-p9qmz corrId=c-47cb4334675cacf7 property valuation requested property_id=P4226844 provider=bolig-vurdering
2026-03-04T15:17:53.900+01:00 INFO valuation-service host=valuation-service-7c9d5b-x2k4p corrId=c-47cb4334675cacf7 property valuation received property_id=P4226844 value_dkk=3690000 latency_ms=502
2026-03-04T15:17:53.921+01:00 INFO credit-service host=credit-service-7c9d5b-x2k4p corrId=c-47cb4334675cacf7 credit assessment completed application_id=APP-2026-913548 score=446 decision=APPROVED
2026-03-04T15:17:53.986+01:00 INFO offer-service host=offer-service-5b8f6c-t6zvn corrId=c-47cb4334675cacf7 loan offer generated application_id=APP-2026-913548 loan_type=FLEX_1Y principal_dkk=3080000
2026-03-04T15:17:54.049+01:00 INFO document-service host=document-service-5b8f6c-x2k4p corrId=c-47cb4334675cacf7 offer document stored application_id=APP-2026-913548 doc_id=DOC-bb51b2cf
2026-03-04T15:17:54.079+01:00 INFO portal-bff host=portal-bff-7c9d5b-t6zvn corrId=c-47cb4334675cacf7 application completed application_id=APP-2026-913548 status=OFFER_ISSUED
2026-03-04T15:20:00.432+01:00 INFO payment-scheduler host=payment-scheduler-7c9d5b-t6zvn corrId=- scheduler heartbeat lag_ms=41
2026-03-04T15:20:00.688+01:00 INFO api-gateway host=api-gateway-7c9d5b-p9qmz corrId=- health probe ok status=200 latency_ms=23
2026-03-04T15:20:32.782+01:00 INFO portal-bff host=portal-bff-a41e92-t6zvn corrId=c-b66ac6f75a68a7e5 conversion quote requested loan_id=LN423547340 target_product=FLEX_1Y
2026-03-04T15:20:32.914+01:00 INFO identity-service host=identity-service-7c9d5b-t6zvn corrId=c-b66ac6f75a68a7e5 MitID session validated customer_id=C39341863
2026-03-04T15:20:33.001+01:00 INFO pricing-service host=pricing-service-a41e92-t6zvn corrId=c-b66ac6f75a68a7e5 bond price fetched series=BND4.0-2053 price=90.556
2026-03-04T15:20:33.023+01:00 INFO pricing-service host=pricing-service-7c9d5b-p9qmz corrId=c-b66ac6f75a68a7e5 conversion cost calculated loan_id=LN423547340 cost_dkk=45783.97
2026-03-04T15:20:33.048+01:00 INFO quote-service host=quote-service-7c9d5b-x2k4p corrId=c-b66ac6f75a68a7e5 conversion quote issued quote_id=Q48568399 loan_id=LN423547340
2026-03-04T15:25:00.346+01:00 INFO api-gateway host=api-gateway-5b8f6c-t6zvn corrId=- health probe ok status=200 latency_ms=8
2026-03-04T15:26:40.566+01:00 INFO portal-bff host=portal-bff-5b8f6c-p9qmz corrId=c-a0f1f8f1cb150c67 loan application submitted application_id=APP-2026-609963 customer_segment=SME
2026-03-04T15:26:40.589+01:00 INFO identity-service host=identity-service-7c9d5b-p9qmz corrId=c-a0f1f8f1cb150c67 MitID session validated customer_id=C23020277
2026-03-04T15:26:40.704+01:00 INFO customer-service host=customer-service-7c9d5b-p9qmz corrId=c-a0f1f8f1cb150c67 KYC profile loaded customer_id=C23020277 risk_class=MEDIUM
2026-03-04T15:26:40.783+01:00 INFO valuation-service host=valuation-service-7c9d5b-x2k4p corrId=c-a0f1f8f1cb150c67 property valuation served from cache property_id=P9918400 value_dkk=6380000
2026-03-04T15:26:40.915+01:00 INFO credit-service host=credit-service-7c9d5b-t6zvn corrId=c-a0f1f8f1cb150c67 credit assessment completed application_id=APP-2026-609963 score=759 decision=APPROVED
2026-03-04T15:26:40.926+01:00 INFO offer-service host=offer-service-5b8f6c-x2k4p corrId=c-a0f1f8f1cb150c67 loan offer generated application_id=APP-2026-609963 loan_type=FLEX_1Y principal_dkk=3610000
2026-03-04T15:26:41.050+01:00 INFO document-service host=document-service-a41e92-t6zvn corrId=c-a0f1f8f1cb150c67 offer document stored application_id=APP-2026-609963 doc_id=DOC-9506838f
2026-03-04T15:26:41.064+01:00 INFO portal-bff host=portal-bff-a41e92-t6zvn corrId=c-a0f1f8f1cb150c67 application completed application_id=APP-2026-609963 status=OFFER_ISSUED
2026-03-04T15:27:00.211+01:00 INFO portal-bff host=portal-bff-7c9d5b-x2k4p corrId=c-26ec4078ffef0a06 loan application submitted application_id=APP-2026-330398 customer_segment=SME
2026-03-04T15:27:00.295+01:00 INFO identity-service host=identity-service-a41e92-t6zvn corrId=c-26ec4078ffef0a06 MitID session validated customer_id=C14193511
2026-03-04T15:27:00.338+01:00 INFO customer-service host=customer-service-a41e92-x2k4p corrId=c-26ec4078ffef0a06 KYC profile loaded customer_id=C14193511 risk_class=LOW
2026-03-04T15:27:00.446+01:00 INFO valuation-service host=valuation-service-5b8f6c-p9qmz corrId=c-26ec4078ffef0a06 property valuation requested property_id=P0326073 provider=bolig-vurdering
2026-03-04T15:27:00.984+01:00 INFO valuation-service host=valuation-service-5b8f6c-p9qmz corrId=c-26ec4078ffef0a06 property valuation received property_id=P0326073 value_dkk=1220000 latency_ms=468
2026-03-04T15:27:01.035+01:00 INFO credit-service host=credit-service-7c9d5b-t6zvn corrId=c-26ec4078ffef0a06 credit assessment completed application_id=APP-2026-330398 score=457 decision=APPROVED
2026-03-04T15:27:01.110+01:00 INFO offer-service host=offer-service-7c9d5b-x2k4p corrId=c-26ec4078ffef0a06 loan offer generated application_id=APP-2026-330398 loan_type=FLEX_5Y principal_dkk=2900000
2026-03-04T15:27:01.169+01:00 INFO document-service host=document-service-5b8f6c-p9qmz corrId=c-26ec4078ffef0a06 offer document stored application_id=APP-2026-330398 doc_id=DOC-d34546f3
2026-03-04T15:27:01.239+01:00 INFO portal-bff host=portal-bff-a41e92-p9qmz corrId=c-26ec4078ffef0a06 application completed application_id=APP-2026-330398 status=OFFER_ISSUED
2026-03-04T15:30:00.006+01:00 INFO payment-scheduler host=payment-scheduler-5b8f6c-p9qmz corrId=- scheduler heartbeat lag_ms=35
2026-03-04T15:30:00.584+01:00 INFO api-gateway host=api-gateway-7c9d5b-x2k4p corrId=- health probe ok status=200 latency_ms=12
2026-03-04T15:33:05.858+01:00 INFO portal-bff host=portal-bff-a41e92-p9qmz corrId=c-8ebc9b83b73ec3a5 loan application submitted application_id=APP-2026-138454 customer_segment=SME
2026-03-04T15:33:05.865+01:00 INFO identity-service host=identity-service-5b8f6c-p9qmz corrId=c-8ebc9b83b73ec3a5 MitID session validated customer_id=C90896546
2026-03-04T15:33:05.978+01:00 INFO customer-service host=customer-service-5b8f6c-x2k4p corrId=c-8ebc9b83b73ec3a5 KYC profile loaded customer_id=C90896546 risk_class=MEDIUM
2026-03-04T15:33:06.099+01:00 INFO valuation-service host=valuation-service-5b8f6c-t6zvn corrId=c-8ebc9b83b73ec3a5 property valuation served from cache property_id=P5617437 value_dkk=4570000
2026-03-04T15:33:06.141+01:00 INFO credit-service host=credit-service-5b8f6c-t6zvn corrId=c-8ebc9b83b73ec3a5 credit assessment completed application_id=APP-2026-138454 score=639 decision=APPROVED
2026-03-04T15:33:06.266+01:00 INFO offer-service host=offer-service-a41e92-p9qmz corrId=c-8ebc9b83b73ec3a5 loan offer generated application_id=APP-2026-138454 loan_type=FIXED_30Y principal_dkk=5150000
2026-03-04T15:33:06.339+01:00 INFO document-service host=document-service-a41e92-x2k4p corrId=c-8ebc9b83b73ec3a5 offer document stored application_id=APP-2026-138454 doc_id=DOC-52d74790
2026-03-04T15:33:06.455+01:00 INFO portal-bff host=portal-bff-a41e92-p9qmz corrId=c-8ebc9b83b73ec3a5 application completed application_id=APP-2026-138454 status=OFFER_ISSUED
2026-03-04T15:33:59.965+01:00 INFO portal-bff host=portal-bff-a41e92-p9qmz corrId=c-9bb403fa9dbd54d3 conversion quote requested loan_id=LN044738676 target_product=FLEX_5Y
2026-03-04T15:34:00.091+01:00 INFO identity-service host=identity-service-7c9d5b-t6zvn corrId=c-9bb403fa9dbd54d3 MitID session validated customer_id=C51110730
2026-03-04T15:34:00.177+01:00 INFO pricing-service host=pricing-service-7c9d5b-t6zvn corrId=c-9bb403fa9dbd54d3 bond price fetched series=BND3.0-2056 price=88.771
2026-03-04T15:34:00.248+01:00 INFO pricing-service host=pricing-service-7c9d5b-x2k4p corrId=c-9bb403fa9dbd54d3 conversion cost calculated loan_id=LN044738676 cost_dkk=12568.54
2026-03-04T15:34:00.267+01:00 INFO quote-service host=quote-service-5b8f6c-p9qmz corrId=c-9bb403fa9dbd54d3 conversion quote issued quote_id=Q55764741 loan_id=LN044738676
2026-03-04T15:35:00.013+01:00 INFO api-gateway host=api-gateway-7c9d5b-x2k4p corrId=- health probe ok status=200 latency_ms=38
2026-03-04T15:36:17.229+01:00 INFO offer-service host=offer-service-5b8f6c-p9qmz corrId=c-18151709adb26bd0 offer accepted application_id=APP-2026-772609
2026-03-04T15:36:17.293+01:00 INFO ledger-service host=ledger-service-a41e92-p9qmz corrId=c-18151709adb26bd0 funds reserved application_id=APP-2026-772609 amount_dkk=1355000
2026-03-04T15:36:17.315+01:00 INFO payment-service host=payment-service-a41e92-t6zvn corrId=c-18151709adb26bd0 payout instruction sent application_id=APP-2026-772609 amount_dkk=1355000
2026-03-04T15:36:17.399+01:00 INFO ledger-service host=ledger-service-a41e92-x2k4p corrId=c-18151709adb26bd0 payout booked application_id=APP-2026-772609 posting_id=PST-7fd1eca277
2026-03-04T15:36:17.417+01:00 INFO notification-service host=notification-service-7c9d5b-x2k4p corrId=c-18151709adb26bd0 payout confirmation sent application_id=APP-2026-772609
2026-03-04T15:40:00.063+01:00 INFO api-gateway host=api-gateway-a41e92-x2k4p corrId=- health probe ok status=200 latency_ms=28
2026-03-04T15:40:00.446+01:00 INFO payment-scheduler host=payment-scheduler-7c9d5b-x2k4p corrId=- scheduler heartbeat lag_ms=65
2026-03-04T15:41:29.554+01:00 INFO portal-bff host=portal-bff-a41e92-p9qmz corrId=c-e2fd626b26caff78 conversion quote requested loan_id=LN310624213 target_product=FIXED_30Y
2026-03-04T15:41:29.563+01:00 INFO identity-service host=identity-service-5b8f6c-t6zvn corrId=c-e2fd626b26caff78 MitID session validated customer_id=C73740153
2026-03-04T15:41:29.699+01:00 INFO pricing-service host=pricing-service-5b8f6c-x2k4p corrId=c-e2fd626b26caff78 bond price fetched series=BND2.5-2056 price=95.264
2026-03-04T15:41:29.733+01:00 INFO pricing-service host=pricing-service-5b8f6c-p9qmz corrId=c-e2fd626b26caff78 conversion cost calculated loan_id=LN310624213 cost_dkk=78908.90
2026-03-04T15:41:29.796+01:00 INFO quote-service host=quote-service-5b8f6c-x2k4p corrId=c-e2fd626b26caff78 conversion quote issued quote_id=Q49290633 loan_id=LN310624213
2026-03-04T15:41:47.199+01:00 INFO portal-bff host=portal-bff-5b8f6c-p9qmz corrId=c-10925d769a584976 conversion quote requested loan_id=LN024738669 target_product=FIXED_30Y
2026-03-04T15:41:47.288+01:00 INFO identity-service host=identity-service-5b8f6c-p9qmz corrId=c-10925d769a584976 MitID session validated customer_id=C31395380
2026-03-04T15:41:47.394+01:00 INFO pricing-service host=pricing-service-7c9d5b-t6zvn corrId=c-10925d769a584976 bond price fetched series=BND4.0-2056 price=89.675
2026-03-04T15:41:47.503+01:00 INFO pricing-service host=pricing-service-5b8f6c-x2k4p corrId=c-10925d769a584976 conversion cost calculated loan_id=LN024738669 cost_dkk=47108.17
2026-03-04T15:41:47.543+01:00 INFO quote-service host=quote-service-7c9d5b-t6zvn corrId=c-10925d769a584976 conversion quote issued quote_id=Q46583625 loan_id=LN024738669
2026-03-04T15:45:00.059+01:00 INFO api-gateway host=api-gateway-7c9d5b-x2k4p corrId=- health probe ok status=200 latency_ms=12
2026-03-04T15:45:23.951+01:00 INFO portal-bff host=portal-bff-7c9d5b-x2k4p corrId=c-57634ccc542f3f74 loan application submitted application_id=APP-2026-802403 customer_segment=SME
2026-03-04T15:45:24.072+01:00 INFO identity-service host=identity-service-7c9d5b-t6zvn corrId=c-57634ccc542f3f74 MitID session validated customer_id=C37451457
2026-03-04T15:45:24.088+01:00 INFO customer-service host=customer-service-5b8f6c-x2k4p corrId=c-57634ccc542f3f74 KYC profile loaded customer_id=C37451457 risk_class=LOW
2026-03-04T15:45:24.200+01:00 INFO valuation-service host=valuation-service-7c9d5b-p9qmz corrId=c-57634ccc542f3f74 property valuation requested property_id=P4537920 provider=bolig-vurdering
2026-03-04T15:45:24.611+01:00 INFO valuation-service host=valuation-service-7c9d5b-x2k4p corrId=c-57634ccc542f3f74 property valuation received property_id=P4537920 value_dkk=1500000 latency_ms=300
2026-03-04T15:45:24.746+01:00 INFO credit-service host=credit-service-7c9d5b-x2k4p corrId=c-57634ccc542f3f74 credit assessment completed application_id=APP-2026-802403 score=754 decision=APPROVED
2026-03-04T15:45:24.760+01:00 INFO offer-service host=offer-service-5b8f6c-x2k4p corrId=c-57634ccc542f3f74 loan offer generated application_id=APP-2026-802403 loan_type=FLEX_5Y principal_dkk=4725000
2026-03-04T15:45:24.766+01:00 INFO document-service host=document-service-5b8f6c-p9qmz corrId=c-57634ccc542f3f74 offer document stored application_id=APP-2026-802403 doc_id=DOC-f2b8d187
2026-03-04T15:45:24.804+01:00 INFO portal-bff host=portal-bff-5b8f6c-x2k4p corrId=c-57634ccc542f3f74 application completed application_id=APP-2026-802403 status=OFFER_ISSUED
2026-03-04T15:50:00.684+01:00 INFO api-gateway host=api-gateway-5b8f6c-p9qmz corrId=- health probe ok status=200 latency_ms=15
2026-03-04T15:50:00.761+01:00 INFO payment-scheduler host=payment-scheduler-7c9d5b-t6zvn corrId=- scheduler heartbeat lag_ms=10
2026-03-04T15:50:01.427+01:00 INFO portal-bff host=portal-bff-a41e92-t6zvn corrId=c-1f1ce7129ff72620 loan application submitted application_id=APP-2026-808271 customer_segment=SME
2026-03-04T15:50:01.473+01:00 INFO identity-service host=identity-service-7c9d5b-t6zvn corrId=c-1f1ce7129ff72620 MitID session validated customer_id=C20446426
2026-03-04T15:50:01.566+01:00 INFO customer-service host=customer-service-5b8f6c-t6zvn corrId=c-1f1ce7129ff72620 KYC profile loaded customer_id=C20446426 risk_class=HIGH
2026-03-04T15:50:01.587+01:00 INFO valuation-service host=valuation-service-7c9d5b-p9qmz corrId=c-1f1ce7129ff72620 property valuation requested property_id=P9667515 provider=bolig-vurdering
2026-03-04T15:50:02.608+01:00 INFO valuation-service host=valuation-service-a41e92-t6zvn corrId=c-1f1ce7129ff72620 property valuation received property_id=P9667515 value_dkk=4700000 latency_ms=883
2026-03-04T15:50:02.613+01:00 INFO credit-service host=credit-service-a41e92-p9qmz corrId=c-1f1ce7129ff72620 credit assessment completed application_id=APP-2026-808271 score=849 decision=APPROVED
2026-03-04T15:50:02.739+01:00 INFO offer-service host=offer-service-a41e92-p9qmz corrId=c-1f1ce7129ff72620 loan offer generated application_id=APP-2026-808271 loan_type=FLEX_1Y principal_dkk=1990000
2026-03-04T15:50:02.757+01:00 INFO document-service host=document-service-a41e92-t6zvn corrId=c-1f1ce7129ff72620 offer document stored application_id=APP-2026-808271 doc_id=DOC-ba967f82
2026-03-04T15:50:02.771+01:00 INFO portal-bff host=portal-bff-a41e92-p9qmz corrId=c-1f1ce7129ff72620 application completed application_id=APP-2026-808271 status=OFFER_ISSUED
2026-03-04T15:50:03.238+01:00 INFO portal-bff host=portal-bff-7c9d5b-t6zvn corrId=c-5b6c94c836829eaf conversion quote requested loan_id=LN283228748 target_product=FIXED_30Y
2026-03-04T15:50:03.265+01:00 INFO identity-service host=identity-service-7c9d5b-t6zvn corrId=c-5b6c94c836829eaf MitID session validated customer_id=C31684506
2026-03-04T15:50:03.313+01:00 INFO pricing-service host=pricing-service-a41e92-p9qmz corrId=c-5b6c94c836829eaf bond price fetched series=BND2.5-2056 price=89.472
2026-03-04T15:50:03.340+01:00 INFO pricing-service host=pricing-service-5b8f6c-p9qmz corrId=c-5b6c94c836829eaf conversion cost calculated loan_id=LN283228748 cost_dkk=17605.90
2026-03-04T15:50:03.423+01:00 INFO quote-service host=quote-service-a41e92-t6zvn corrId=c-5b6c94c836829eaf conversion quote issued quote_id=Q70338549 loan_id=LN283228748
2026-03-04T15:51:20.185+01:00 INFO portal-bff host=portal-bff-a41e92-p9qmz corrId=c-d1b9d493027973bb conversion quote requested loan_id=LN122780254 target_product=FLEX_5Y
2026-03-04T15:51:20.323+01:00 INFO identity-service host=identity-service-a41e92-x2k4p corrId=c-d1b9d493027973bb MitID session validated customer_id=C26851720
2026-03-04T15:51:20.450+01:00 INFO pricing-service host=pricing-service-7c9d5b-p9qmz corrId=c-d1b9d493027973bb bond price fetched series=BND3.0-2053 price=88.563
2026-03-04T15:51:20.483+01:00 INFO pricing-service host=pricing-service-7c9d5b-p9qmz corrId=c-d1b9d493027973bb conversion cost calculated loan_id=LN122780254 cost_dkk=43533.70
2026-03-04T15:51:20.554+01:00 INFO quote-service host=quote-service-5b8f6c-t6zvn corrId=c-d1b9d493027973bb conversion quote issued quote_id=Q59874940 loan_id=LN122780254
2026-03-04T15:54:25.745+01:00 INFO portal-bff host=portal-bff-a41e92-p9qmz corrId=c-7f3f1056e241d4e0 conversion quote requested loan_id=LN033811917 target_product=FLEX_5Y
2026-03-04T15:54:25.844+01:00 INFO identity-service host=identity-service-5b8f6c-p9qmz corrId=c-7f3f1056e241d4e0 MitID session validated customer_id=C22029561
2026-03-04T15:54:25.950+01:00 INFO pricing-service host=pricing-service-7c9d5b-p9qmz corrId=c-7f3f1056e241d4e0 bond price fetched series=BND2.5-2053 price=91.194
2026-03-04T15:54:25.967+01:00 INFO pricing-service host=pricing-service-5b8f6c-p9qmz corrId=c-7f3f1056e241d4e0 conversion cost calculated loan_id=LN033811917 cost_dkk=49690.45
2026-03-04T15:54:25.974+01:00 INFO quote-service host=quote-service-a41e92-t6zvn corrId=c-7f3f1056e241d4e0 conversion quote issued quote_id=Q34012326 loan_id=LN033811917
2026-03-04T15:54:50.227+01:00 INFO portal-bff host=portal-bff-7c9d5b-x2k4p corrId=c-927df0ad6a165a4a loan application submitted application_id=APP-2026-480599 customer_segment=SME
2026-03-04T15:54:50.296+01:00 INFO identity-service host=identity-service-a41e92-t6zvn corrId=c-927df0ad6a165a4a MitID session validated customer_id=C18437333
2026-03-04T15:54:50.376+01:00 INFO customer-service host=customer-service-5b8f6c-p9qmz corrId=c-927df0ad6a165a4a KYC profile loaded customer_id=C18437333 risk_class=HIGH
2026-03-04T15:54:50.411+01:00 INFO valuation-service host=valuation-service-5b8f6c-x2k4p corrId=c-927df0ad6a165a4a property valuation served from cache property_id=P2759179 value_dkk=1650000
2026-03-04T15:54:50.476+01:00 INFO credit-service host=credit-service-7c9d5b-x2k4p corrId=c-927df0ad6a165a4a credit assessment completed application_id=APP-2026-480599 score=652 decision=APPROVED
2026-03-04T15:54:50.521+01:00 INFO offer-service host=offer-service-7c9d5b-x2k4p corrId=c-927df0ad6a165a4a loan offer generated application_id=APP-2026-480599 loan_type=FIXED_30Y principal_dkk=4415000
2026-03-04T15:54:50.599+01:00 INFO document-service host=document-service-7c9d5b-p9qmz corrId=c-927df0ad6a165a4a offer document stored application_id=APP-2026-480599 doc_id=DOC-29659cc3
2026-03-04T15:54:50.659+01:00 INFO portal-bff host=portal-bff-7c9d5b-p9qmz corrId=c-927df0ad6a165a4a application completed application_id=APP-2026-480599 status=OFFER_ISSUED
2026-03-04T15:55:00.628+01:00 INFO api-gateway host=api-gateway-5b8f6c-t6zvn corrId=- health probe ok status=200 latency_ms=10
2026-03-04T15:56:00.489+01:00 INFO portal-bff host=portal-bff-7c9d5b-p9qmz corrId=c-abc7a820485ad91d loan application submitted application_id=APP-2026-875170 customer_segment=PRIVATE
2026-03-04T15:56:00.578+01:00 INFO identity-service host=identity-service-a41e92-p9qmz corrId=c-abc7a820485ad91d MitID session validated customer_id=C57243303
2026-03-04T15:56:00.661+01:00 INFO customer-service host=customer-service-5b8f6c-t6zvn corrId=c-abc7a820485ad91d KYC profile loaded customer_id=C57243303 risk_class=LOW
2026-03-04T15:56:00.707+01:00 INFO valuation-service host=valuation-service-5b8f6c-x2k4p corrId=c-abc7a820485ad91d property valuation requested property_id=P0550271 provider=bolig-vurdering
2026-03-04T15:56:01.503+01:00 INFO valuation-service host=valuation-service-7c9d5b-t6zvn corrId=c-abc7a820485ad91d property valuation received property_id=P0550271 value_dkk=5920000 latency_ms=680
2026-03-04T15:56:01.512+01:00 INFO credit-service host=credit-service-a41e92-t6zvn corrId=c-abc7a820485ad91d credit assessment completed application_id=APP-2026-875170 score=733 decision=APPROVED
2026-03-04T15:56:01.610+01:00 INFO offer-service host=offer-service-a41e92-p9qmz corrId=c-abc7a820485ad91d loan offer generated application_id=APP-2026-875170 loan_type=FLEX_1Y principal_dkk=3585000
2026-03-04T15:56:01.624+01:00 INFO document-service host=document-service-a41e92-x2k4p corrId=c-abc7a820485ad91d offer document stored application_id=APP-2026-875170 doc_id=DOC-ef7fa507
2026-03-04T15:56:01.752+01:00 INFO portal-bff host=portal-bff-5b8f6c-p9qmz corrId=c-abc7a820485ad91d application completed application_id=APP-2026-875170 status=OFFER_ISSUED
2026-03-04T15:58:58.279+01:00 INFO portal-bff host=portal-bff-5b8f6c-p9qmz corrId=c-0c25f964aeee9017 loan application submitted application_id=APP-2026-429688 customer_segment=RETAIL
2026-03-04T15:58:58.376+01:00 INFO identity-service host=identity-service-5b8f6c-t6zvn corrId=c-0c25f964aeee9017 MitID session validated customer_id=C00929428
2026-03-04T15:58:58.496+01:00 INFO customer-service host=customer-service-a41e92-x2k4p corrId=c-0c25f964aeee9017 KYC profile loaded customer_id=C00929428 risk_class=HIGH
2026-03-04T15:58:58.594+01:00 INFO valuation-service host=valuation-service-7c9d5b-t6zvn corrId=c-0c25f964aeee9017 property valuation served from cache property_id=P3112828 value_dkk=8430000
2026-03-04T15:58:58.710+01:00 INFO credit-service host=credit-service-7c9d5b-x2k4p corrId=c-0c25f964aeee9017 credit assessment completed application_id=APP-2026-429688 score=580 decision=APPROVED
2026-03-04T15:58:58.831+01:00 INFO offer-service host=offer-service-5b8f6c-p9qmz corrId=c-0c25f964aeee9017 loan offer generated application_id=APP-2026-429688 loan_type=FIXED_30Y principal_dkk=1080000
2026-03-04T15:58:58.959+01:00 INFO document-service host=document-service-5b8f6c-p9qmz corrId=c-0c25f964aeee9017 offer document stored application_id=APP-2026-429688 doc_id=DOC-675e3db5
2026-03-04T15:58:59.040+01:00 INFO portal-bff host=portal-bff-5b8f6c-t6zvn corrId=c-0c25f964aeee9017 application completed application_id=APP-2026-429688 status=OFFER_ISSUED
2026-03-04T16:00:00.343+01:00 INFO payment-scheduler host=payment-scheduler-7c9d5b-x2k4p corrId=- scheduler heartbeat lag_ms=80
2026-03-04T16:00:00.572+01:00 INFO api-gateway host=api-gateway-7c9d5b-x2k4p corrId=- health probe ok status=200 latency_ms=14
2026-03-04T16:00:40.000+01:00 INFO config-service host=config-service-a41e92-x2k4p corrId=- configuration refreshed version=v131
2026-03-04T16:03:48.654+01:00 INFO portal-bff host=portal-bff-a41e92-x2k4p corrId=c-abcec6c8957b53e4 loan application submitted application_id=APP-2026-074565 customer_segment=RETAIL
2026-03-04T16:03:48.746+01:00 INFO identity-service host=identity-service-7c9d5b-t6zvn corrId=c-abcec6c8957b53e4 MitID session validated customer_id=C59669725
2026-03-04T16:03:48.853+01:00 INFO customer-service host=customer-service-5b8f6c-x2k4p corrId=c-abcec6c8957b53e4 KYC profile loaded customer_id=C59669725 risk_class=LOW
2026-03-04T16:03:48.985+01:00 INFO valuation-service host=valuation-service-a41e92-p9qmz corrId=c-abcec6c8957b53e4 property valuation served from cache property_id=P1234878 value_dkk=3130000
2026-03-04T16:03:48.996+01:00 INFO credit-service host=credit-service-a41e92-x2k4p corrId=c-abcec6c8957b53e4 credit assessment completed application_id=APP-2026-074565 score=529 decision=APPROVED
2026-03-04T16:03:49.033+01:00 INFO offer-service host=offer-service-5b8f6c-t6zvn corrId=c-abcec6c8957b53e4 loan offer generated application_id=APP-2026-074565 loan_type=FLEX_1Y principal_dkk=1815000
2026-03-04T16:03:49.088+01:00 INFO document-service host=document-service-a41e92-p9qmz corrId=c-abcec6c8957b53e4 offer document stored application_id=APP-2026-074565 doc_id=DOC-a77607df
2026-03-04T16:03:49.098+01:00 INFO portal-bff host=portal-bff-5b8f6c-x2k4p corrId=c-abcec6c8957b53e4 application completed application_id=APP-2026-074565 status=OFFER_ISSUED
2026-03-04T16:05:00.328+01:00 INFO api-gateway host=api-gateway-7c9d5b-t6zvn corrId=- health probe ok status=200 latency_ms=30
2026-03-04T16:07:30.669+01:00 INFO portal-bff host=portal-bff-5b8f6c-t6zvn corrId=c-691237819d6f903e loan application submitted application_id=APP-2026-352448 customer_segment=SME
2026-03-04T16:07:30.769+01:00 INFO identity-service host=identity-service-5b8f6c-x2k4p corrId=c-691237819d6f903e MitID session validated customer_id=C93081293
2026-03-04T16:07:30.893+01:00 INFO customer-service host=customer-service-a41e92-t6zvn corrId=c-691237819d6f903e KYC profile loaded customer_id=C93081293 risk_class=LOW
2026-03-04T16:07:31.013+01:00 INFO valuation-service host=valuation-service-5b8f6c-t6zvn corrId=c-691237819d6f903e property valuation requested property_id=P9786513 provider=bolig-vurdering
2026-03-04T16:07:31.442+01:00 INFO valuation-service host=valuation-service-5b8f6c-t6zvn corrId=c-691237819d6f903e property valuation received property_id=P9786513 value_dkk=5470000 latency_ms=322
2026-03-04T16:07:31.572+01:00 INFO credit-service host=credit-service-a41e92-x2k4p corrId=c-691237819d6f903e credit assessment completed application_id=APP-2026-352448 score=867 decision=APPROVED
2026-03-04T16:07:31.615+01:00 INFO offer-service host=offer-service-7c9d5b-p9qmz corrId=c-691237819d6f903e loan offer generated application_id=APP-2026-352448 loan_type=FIXED_30Y principal_dkk=2570000
2026-03-04T16:07:31.731+01:00 INFO document-service host=document-service-7c9d5b-x2k4p corrId=c-691237819d6f903e offer document stored application_id=APP-2026-352448 doc_id=DOC-47dd2c0f
2026-03-04T16:07:31.777+01:00 INFO portal-bff host=portal-bff-7c9d5b-p9qmz corrId=c-691237819d6f903e application completed application_id=APP-2026-352448 status=OFFER_ISSUED
2026-03-04T16:08:50.658+01:00 INFO portal-bff host=portal-bff-7c9d5b-p9qmz corrId=c-e9abfec7f87cdb32 loan application submitted application_id=APP-2026-867457 customer_segment=RETAIL
2026-03-04T16:08:50.677+01:00 INFO identity-service host=identity-service-a41e92-p9qmz corrId=c-e9abfec7f87cdb32 MitID session validated customer_id=C89337902
2026-03-04T16:08:50.724+01:00 INFO customer-service host=customer-service-7c9d5b-x2k4p corrId=c-e9abfec7f87cdb32 KYC profile loaded customer_id=C89337902 risk_class=MEDIUM
2026-03-04T16:08:50.732+01:00 INFO valuation-service host=valuation-service-5b8f6c-p9qmz corrId=c-e9abfec7f87cdb32 property valuation requested property_id=P0837446 provider=valuta-ejd
2026-03-04T16:08:51.369+01:00 INFO valuation-service host=valuation-service-7c9d5b-t6zvn corrId=c-e9abfec7f87cdb32 property valuation received property_id=P0837446 value_dkk=7380000 latency_ms=502
2026-03-04T16:08:51.476+01:00 INFO credit-service host=credit-service-a41e92-p9qmz corrId=c-e9abfec7f87cdb32 credit assessment completed application_id=APP-2026-867457 score=503 decision=APPROVED
2026-03-04T16:08:51.545+01:00 INFO offer-service host=offer-service-5b8f6c-t6zvn corrId=c-e9abfec7f87cdb32 loan offer generated application_id=APP-2026-867457 loan_type=FIXED_30Y principal_dkk=5915000
2026-03-04T16:08:51.662+01:00 INFO document-service host=document-service-a41e92-t6zvn corrId=c-e9abfec7f87cdb32 offer document stored application_id=APP-2026-867457 doc_id=DOC-92fc820e
2026-03-04T16:08:51.728+01:00 INFO portal-bff host=portal-bff-7c9d5b-x2k4p corrId=c-e9abfec7f87cdb32 application completed application_id=APP-2026-867457 status=OFFER_ISSUED
2026-03-04T16:09:21.182+01:00 INFO portal-bff host=portal-bff-a41e92-p9qmz corrId=c-befab573a780e050 loan application submitted application_id=APP-2026-016220 customer_segment=RETAIL
2026-03-04T16:09:21.286+01:00 INFO identity-service host=identity-service-a41e92-x2k4p corrId=c-befab573a780e050 MitID session validated customer_id=C03328992
2026-03-04T16:09:21.385+01:00 INFO customer-service host=customer-service-a41e92-x2k4p corrId=c-befab573a780e050 KYC profile loaded customer_id=C03328992 risk_class=MEDIUM
2026-03-04T16:09:21.415+01:00 INFO valuation-service host=valuation-service-a41e92-t6zvn corrId=c-befab573a780e050 property valuation requested property_id=P7381214 provider=bolig-vurdering
2026-03-04T16:09:22.232+01:00 INFO valuation-service host=valuation-service-7c9d5b-x2k4p corrId=c-befab573a780e050 property valuation received property_id=P7381214 value_dkk=2860000 latency_ms=784
2026-03-04T16:09:22.343+01:00 INFO credit-service host=credit-service-5b8f6c-t6zvn corrId=c-befab573a780e050 credit assessment completed application_id=APP-2026-016220 score=622 decision=APPROVED
2026-03-04T16:09:22.362+01:00 INFO offer-service host=offer-service-5b8f6c-p9qmz corrId=c-befab573a780e050 loan offer generated application_id=APP-2026-016220 loan_type=FIXED_20Y_IO principal_dkk=3810000
2026-03-04T16:09:22.471+01:00 INFO document-service host=document-service-7c9d5b-p9qmz corrId=c-befab573a780e050 offer document stored application_id=APP-2026-016220 doc_id=DOC-c4a1f6dd
2026-03-04T16:09:22.500+01:00 INFO portal-bff host=portal-bff-7c9d5b-t6zvn corrId=c-befab573a780e050 application completed application_id=APP-2026-016220 status=OFFER_ISSUED
2026-03-04T16:10:00.166+01:00 INFO api-gateway host=api-gateway-a41e92-x2k4p corrId=- health probe ok status=200 latency_ms=9
2026-03-04T16:10:00.547+01:00 INFO payment-scheduler host=payment-scheduler-a41e92-t6zvn corrId=- scheduler heartbeat lag_ms=57
2026-03-04T16:13:54.060+01:00 INFO portal-bff host=portal-bff-5b8f6c-t6zvn corrId=c-bbab9e868ab1cd79 conversion quote requested loan_id=LN959967590 target_product=FLEX_5Y
2026-03-04T16:13:54.075+01:00 INFO identity-service host=identity-service-5b8f6c-x2k4p corrId=c-bbab9e868ab1cd79 MitID session validated customer_id=C51298469
2026-03-04T16:13:54.197+01:00 INFO pricing-service host=pricing-service-5b8f6c-p9qmz corrId=c-bbab9e868ab1cd79 bond price fetched series=BND2.5-2053 price=93.956
2026-03-04T16:13:54.304+01:00 INFO pricing-service host=pricing-service-5b8f6c-p9qmz corrId=c-bbab9e868ab1cd79 conversion cost calculated loan_id=LN959967590 cost_dkk=46889.40
2026-03-04T16:13:54.407+01:00 INFO quote-service host=quote-service-7c9d5b-x2k4p corrId=c-bbab9e868ab1cd79 conversion quote issued quote_id=Q92148110 loan_id=LN959967590
2026-03-04T16:15:00.352+01:00 INFO api-gateway host=api-gateway-a41e92-x2k4p corrId=- health probe ok status=200 latency_ms=34
2026-03-04T16:19:29.065+01:00 INFO portal-bff host=portal-bff-a41e92-x2k4p corrId=c-9c7b11d0a8468b55 loan application submitted application_id=APP-2026-497029 customer_segment=RETAIL
2026-03-04T16:19:29.191+01:00 INFO identity-service host=identity-service-5b8f6c-p9qmz corrId=c-9c7b11d0a8468b55 MitID session validated customer_id=C22773761
2026-03-04T16:19:29.262+01:00 INFO customer-service host=customer-service-7c9d5b-t6zvn corrId=c-9c7b11d0a8468b55 KYC profile loaded customer_id=C22773761 risk_class=HIGH
2026-03-04T16:19:29.309+01:00 INFO valuation-service host=valuation-service-a41e92-t6zvn corrId=c-9c7b11d0a8468b55 property valuation served from cache property_id=P9115821 value_dkk=4490000
2026-03-04T16:19:29.437+01:00 INFO credit-service host=credit-service-5b8f6c-t6zvn corrId=c-9c7b11d0a8468b55 credit assessment completed application_id=APP-2026-497029 score=594 decision=APPROVED
2026-03-04T16:19:29.484+01:00 INFO offer-service host=offer-service-5b8f6c-x2k4p corrId=c-9c7b11d0a8468b55 loan offer generated application_id=APP-2026-497029 loan_type=FLEX_1Y principal_dkk=5155000
2026-03-04T16:19:29.512+01:00 INFO document-service host=document-service-5b8f6c-p9qmz corrId=c-9c7b11d0a8468b55 offer document stored application_id=APP-2026-497029 doc_id=DOC-efc022ca
2026-03-04T16:19:29.624+01:00 INFO portal-bff host=portal-bff-a41e92-x2k4p corrId=c-9c7b11d0a8468b55 application completed application_id=APP-2026-497029 status=OFFER_ISSUED
2026-03-04T16:19:43.201+01:00 INFO portal-bff host=portal-bff-5b8f6c-x2k4p corrId=c-00c5904e93cd54ee conversion quote requested loan_id=LN194166302 target_product=FLEX_1Y
2026-03-04T16:19:43.325+01:00 INFO identity-service host=identity-service-7c9d5b-p9qmz corrId=c-00c5904e93cd54ee MitID session validated customer_id=C85920206
2026-03-04T16:19:43.382+01:00 INFO pricing-service host=pricing-service-a41e92-t6zvn corrId=c-00c5904e93cd54ee bond price fetched series=BND4.0-2056 price=89.691
2026-03-04T16:19:43.515+01:00 INFO pricing-service host=pricing-service-5b8f6c-x2k4p corrId=c-00c5904e93cd54ee conversion cost calculated loan_id=LN194166302 cost_dkk=39124.11
2026-03-04T16:19:43.613+01:00 INFO quote-service host=quote-service-a41e92-t6zvn corrId=c-00c5904e93cd54ee conversion quote issued quote_id=Q85416021 loan_id=LN194166302
2026-03-04T16:20:00.576+01:00 INFO payment-scheduler host=payment-scheduler-a41e92-t6zvn corrId=- scheduler heartbeat lag_ms=116
2026-03-04T16:20:00.764+01:00 INFO api-gateway host=api-gateway-7c9d5b-t6zvn corrId=- health probe ok status=200 latency_ms=8
2026-03-04T16:20:15.174+01:00 INFO portal-bff host=portal-bff-a41e92-t6zvn corrId=c-750db54f76a77594 conversion quote requested loan_id=LN599735242 target_product=FLEX_1Y
2026-03-04T16:20:15.300+01:00 INFO identity-service host=identity-service-a41e92-t6zvn corrId=c-750db54f76a77594 MitID session validated customer_id=C72081453
2026-03-04T16:20:15.340+01:00 INFO pricing-service host=pricing-service-7c9d5b-t6zvn corrId=c-750db54f76a77594 bond price fetched series=BND3.0-2056 price=101.171
2026-03-04T16:20:15.421+01:00 INFO pricing-service host=pricing-service-5b8f6c-p9qmz corrId=c-750db54f76a77594 conversion cost calculated loan_id=LN599735242 cost_dkk=85676.33
2026-03-04T16:20:15.524+01:00 INFO quote-service host=quote-service-7c9d5b-t6zvn corrId=c-750db54f76a77594 conversion quote issued quote_id=Q08118133 loan_id=LN599735242
2026-03-04T16:23:10.532+01:00 INFO portal-bff host=portal-bff-a41e92-t6zvn corrId=c-1f4e76c6e665e44a conversion quote requested loan_id=LN939695009 target_product=FLEX_5Y
2026-03-04T16:23:10.570+01:00 INFO identity-service host=identity-service-a41e92-x2k4p corrId=c-1f4e76c6e665e44a MitID session validated customer_id=C00994470
2026-03-04T16:23:10.602+01:00 INFO pricing-service host=pricing-service-7c9d5b-t6zvn corrId=c-1f4e76c6e665e44a bond price fetched series=BND3.0-2056 price=96.330
2026-03-04T16:23:10.696+01:00 INFO pricing-service host=pricing-service-7c9d5b-x2k4p corrId=c-1f4e76c6e665e44a conversion cost calculated loan_id=LN939695009 cost_dkk=7280.38
2026-03-04T16:23:10.750+01:00 INFO quote-service host=quote-service-5b8f6c-p9qmz corrId=c-1f4e76c6e665e44a conversion quote issued quote_id=Q80048254 loan_id=LN939695009
2026-03-04T16:25:00.465+01:00 INFO api-gateway host=api-gateway-7c9d5b-t6zvn corrId=- health probe ok status=200 latency_ms=39
2026-03-04T16:29:24.123+01:00 INFO portal-bff host=portal-bff-5b8f6c-t6zvn corrId=c-a246723aceac67cc conversion quote requested loan_id=LN905231122 target_product=FIXED_30Y
2026-03-04T16:29:24.233+01:00 INFO identity-service host=identity-service-a41e92-p9qmz corrId=c-a246723aceac67cc MitID session validated customer_id=C69149199
2026-03-04T16:29:24.257+01:00 INFO pricing-service host=pricing-service-7c9d5b-x2k4p corrId=c-a246723aceac67cc bond price fetched series=BND3.0-2053 price=101.572
2026-03-04T16:29:24.295+01:00 INFO pricing-service host=pricing-service-5b8f6c-p9qmz corrId=c-a246723aceac67cc conversion cost calculated loan_id=LN905231122 cost_dkk=85495.66
2026-03-04T16:29:24.400+01:00 INFO quote-service host=quote-service-5b8f6c-t6zvn corrId=c-a246723aceac67cc conversion quote issued quote_id=Q19334121 loan_id=LN905231122
2026-03-04T16:30:00.532+01:00 INFO api-gateway host=api-gateway-5b8f6c-x2k4p corrId=- health probe ok status=200 latency_ms=23
2026-03-04T16:30:00.760+01:00 INFO payment-scheduler host=payment-scheduler-a41e92-t6zvn corrId=- scheduler heartbeat lag_ms=0
2026-03-04T16:32:01.676+01:00 INFO portal-bff host=portal-bff-5b8f6c-x2k4p corrId=c-4a99bad8423fc983 conversion quote requested loan_id=LN263891175 target_product=FLEX_5Y
2026-03-04T16:32:01.715+01:00 INFO identity-service host=identity-service-5b8f6c-p9qmz corrId=c-4a99bad8423fc983 MitID session validated customer_id=C10416806
2026-03-04T16:32:01.755+01:00 INFO pricing-service host=pricing-service-7c9d5b-x2k4p corrId=c-4a99bad8423fc983 bond price fetched series=BND4.0-2053 price=91.812
2026-03-04T16:32:01.880+01:00 INFO pricing-service host=pricing-service-5b8f6c-t6zvn corrId=c-4a99bad8423fc983 conversion cost calculated loan_id=LN263891175 cost_dkk=30812.38
2026-03-04T16:32:01.963+01:00 INFO quote-service host=quote-service-5b8f6c-p9qmz corrId=c-4a99bad8423fc983 conversion quote issued quote_id=Q01243389 loan_id=LN263891175
2026-03-04T16:33:57.327+01:00 INFO portal-bff host=portal-bff-5b8f6c-p9qmz corrId=c-cd79d0c62f3cbe76 conversion quote requested loan_id=LN447495267 target_product=FLEX_5Y
2026-03-04T16:33:57.378+01:00 INFO identity-service host=identity-service-7c9d5b-p9qmz corrId=c-cd79d0c62f3cbe76 MitID session validated customer_id=C16549762
2026-03-04T16:33:57.450+01:00 INFO pricing-service host=pricing-service-a41e92-x2k4p corrId=c-cd79d0c62f3cbe76 bond price fetched series=BND2.5-2056 price=95.604
2026-03-04T16:33:57.513+01:00 INFO pricing-service host=pricing-service-a41e92-p9qmz corrId=c-cd79d0c62f3cbe76 conversion cost calculated loan_id=LN447495267 cost_dkk=47333.35
2026-03-04T16:33:57.520+01:00 INFO quote-service host=quote-service-a41e92-p9qmz corrId=c-cd79d0c62f3cbe76 conversion quote issued quote_id=Q55241512 loan_id=LN447495267
2026-03-04T16:35:00.585+01:00 INFO api-gateway host=api-gateway-a41e92-x2k4p corrId=- health probe ok status=200 latency_ms=3
2026-03-04T16:37:53.220+01:00 INFO portal-bff host=portal-bff-a41e92-p9qmz corrId=c-152d5434b1bbab75 loan application submitted application_id=APP-2026-556876 customer_segment=PRIVATE
2026-03-04T16:37:53.253+01:00 INFO identity-service host=identity-service-a41e92-t6zvn corrId=c-152d5434b1bbab75 MitID session validated customer_id=C67725649
2026-03-04T16:37:53.307+01:00 INFO customer-service host=customer-service-a41e92-p9qmz corrId=c-152d5434b1bbab75 KYC profile loaded customer_id=C67725649 risk_class=HIGH
2026-03-04T16:37:53.395+01:00 INFO valuation-service host=valuation-service-7c9d5b-p9qmz corrId=c-152d5434b1bbab75 property valuation requested property_id=P1881553 provider=valuta-ejd
2026-03-04T16:37:53.692+01:00 INFO valuation-service host=valuation-service-7c9d5b-t6zvn corrId=c-152d5434b1bbab75 property valuation received property_id=P1881553 value_dkk=1850000 latency_ms=180
2026-03-04T16:37:53.705+01:00 INFO credit-service host=credit-service-a41e92-t6zvn corrId=c-152d5434b1bbab75 credit assessment completed application_id=APP-2026-556876 score=711 decision=APPROVED
2026-03-04T16:37:53.769+01:00 INFO offer-service host=offer-service-5b8f6c-p9qmz corrId=c-152d5434b1bbab75 loan offer generated application_id=APP-2026-556876 loan_type=FLEX_1Y principal_dkk=2180000
2026-03-04T16:37:53.849+01:00 INFO document-service host=document-service-a41e92-t6zvn corrId=c-152d5434b1bbab75 offer document stored application_id=APP-2026-556876 doc_id=DOC-54987cda
2026-03-04T16:37:53.877+01:00 INFO portal-bff host=portal-bff-a41e92-x2k4p corrId=c-152d5434b1bbab75 application completed application_id=APP-2026-556876 status=OFFER_ISSUED
2026-03-04T16:40:00.007+01:00 INFO api-gateway host=api-gateway-7c9d5b-x2k4p corrId=- health probe ok status=200 latency_ms=11
2026-03-04T16:40:00.267+01:00 INFO payment-scheduler host=payment-scheduler-a41e92-p9qmz corrId=- scheduler heartbeat lag_ms=9
2026-03-04T16:45:00.033+01:00 INFO api-gateway host=api-gateway-a41e92-t6zvn corrId=- health probe ok status=200 latency_ms=4
2026-03-04T16:49:00.000+01:00 INFO valuation-service host=valuation-service-5b8f6c-t6zvn corrId=- jvm gc pause pause_ms=50
2026-03-04T16:50:00.268+01:00 INFO payment-scheduler host=payment-scheduler-7c9d5b-t6zvn corrId=- scheduler heartbeat lag_ms=90
2026-03-04T16:50:00.785+01:00 INFO api-gateway host=api-gateway-7c9d5b-p9qmz corrId=- health probe ok status=200 latency_ms=12
2026-03-04T16:51:44.230+01:00 INFO portal-bff host=portal-bff-a41e92-t6zvn corrId=c-83bf602b943687d1 conversion quote requested loan_id=LN828274031 target_product=FLEX_5Y
2026-03-04T16:51:44.361+01:00 INFO identity-service host=identity-service-5b8f6c-t6zvn corrId=c-83bf602b943687d1 MitID session validated customer_id=C79006541
2026-03-04T16:51:44.420+01:00 INFO pricing-service host=pricing-service-7c9d5b-x2k4p corrId=c-83bf602b943687d1 bond price fetched series=BND2.5-2056 price=92.086
2026-03-04T16:51:44.482+01:00 INFO pricing-service host=pricing-service-5b8f6c-x2k4p corrId=c-83bf602b943687d1 conversion cost calculated loan_id=LN828274031 cost_dkk=78566.97
2026-03-04T16:51:44.613+01:00 INFO quote-service host=quote-service-7c9d5b-p9qmz corrId=c-83bf602b943687d1 conversion quote issued quote_id=Q59022381 loan_id=LN828274031
2026-03-04T16:55:00.776+01:00 INFO api-gateway host=api-gateway-5b8f6c-p9qmz corrId=- health probe ok status=200 latency_ms=13
2026-03-04T17:00:00.383+01:00 INFO payment-scheduler host=payment-scheduler-a41e92-p9qmz corrId=- scheduler heartbeat lag_ms=63
2026-03-04T17:00:00.486+01:00 INFO api-gateway host=api-gateway-7c9d5b-p9qmz corrId=- health probe ok status=200 latency_ms=12
2026-03-04T17:00:19.000+01:00 INFO config-service host=config-service-5b8f6c-x2k4p corrId=- configuration refreshed version=v136
2026-03-04T17:05:00.020+01:00 INFO api-gateway host=api-gateway-a41e92-p9qmz corrId=- health probe ok status=200 latency_ms=19
2026-03-04T17:06:17.902+01:00 INFO portal-bff host=portal-bff-a41e92-t6zvn corrId=c-9970678fa4323dd9 conversion quote requested loan_id=LN686769909 target_product=FLEX_1Y
2026-03-04T17:06:17.975+01:00 INFO identity-service host=identity-service-5b8f6c-p9qmz corrId=c-9970678fa4323dd9 MitID session validated customer_id=C26662734
2026-03-04T17:06:18.093+01:00 INFO pricing-service host=pricing-service-7c9d5b-t6zvn corrId=c-9970678fa4323dd9 bond price fetched series=BND2.5-2056 price=95.467
2026-03-04T17:06:18.229+01:00 INFO pricing-service host=pricing-service-a41e92-x2k4p corrId=c-9970678fa4323dd9 conversion cost calculated loan_id=LN686769909 cost_dkk=31135.96
2026-03-04T17:06:18.246+01:00 INFO quote-service host=quote-service-5b8f6c-x2k4p corrId=c-9970678fa4323dd9 conversion quote issued quote_id=Q11552530 loan_id=LN686769909
2026-03-04T17:08:48.484+01:00 INFO portal-bff host=portal-bff-5b8f6c-t6zvn corrId=c-13dfc95a23682ee4 conversion quote requested loan_id=LN189766599 target_product=FLEX_1Y
2026-03-04T17:08:48.535+01:00 INFO identity-service host=identity-service-5b8f6c-t6zvn corrId=c-13dfc95a23682ee4 MitID session validated customer_id=C65418123
2026-03-04T17:08:48.561+01:00 INFO pricing-service host=pricing-service-7c9d5b-x2k4p corrId=c-13dfc95a23682ee4 bond price fetched series=BND3.0-2053 price=93.186
2026-03-04T17:08:48.660+01:00 INFO pricing-service host=pricing-service-5b8f6c-x2k4p corrId=c-13dfc95a23682ee4 conversion cost calculated loan_id=LN189766599 cost_dkk=79690.74
2026-03-04T17:08:48.702+01:00 INFO quote-service host=quote-service-7c9d5b-t6zvn corrId=c-13dfc95a23682ee4 conversion quote issued quote_id=Q44463973 loan_id=LN189766599
2026-03-04T17:09:03.151+01:00 INFO portal-bff host=portal-bff-7c9d5b-x2k4p corrId=c-32ea95b96972e86a conversion quote requested loan_id=LN653204171 target_product=FLEX_5Y
2026-03-04T17:09:03.166+01:00 INFO identity-service host=identity-service-a41e92-x2k4p corrId=c-32ea95b96972e86a MitID session validated customer_id=C05709247
2026-03-04T17:09:03.190+01:00 INFO pricing-service host=pricing-service-7c9d5b-t6zvn corrId=c-32ea95b96972e86a bond price fetched series=BND3.0-2056 price=94.158
2026-03-04T17:09:03.324+01:00 INFO pricing-service host=pricing-service-a41e92-p9qmz corrId=c-32ea95b96972e86a conversion cost calculated loan_id=LN653204171 cost_dkk=14191.58
2026-03-04T17:09:03.431+01:00 INFO quote-service host=quote-service-a41e92-t6zvn corrId=c-32ea95b96972e86a conversion quote issued quote_id=Q68873764 loan_id=LN653204171
2026-03-04T17:09:24.166+01:00 INFO portal-bff host=portal-bff-7c9d5b-x2k4p corrId=c-f94ec409987bc9e5 conversion quote requested loan_id=LN939471387 target_product=FLEX_5Y
2026-03-04T17:09:24.174+01:00 INFO identity-service host=identity-service-5b8f6c-t6zvn corrId=c-f94ec409987bc9e5 MitID session validated customer_id=C51651529
2026-03-04T17:09:24.225+01:00 INFO pricing-service host=pricing-service-a41e92-p9qmz corrId=c-f94ec409987bc9e5 bond price fetched series=BND2.5-2053 price=95.176
2026-03-04T17:09:24.361+01:00 INFO pricing-service host=pricing-service-a41e92-t6zvn corrId=c-f94ec409987bc9e5 conversion cost calculated loan_id=LN939471387 cost_dkk=14465.53
2026-03-04T17:09:24.377+01:00 INFO quote-service host=quote-service-7c9d5b-t6zvn corrId=c-f94ec409987bc9e5 conversion quote issued quote_id=Q10632088 loan_id=LN939471387
2026-03-04T17:10:00.478+01:00 INFO payment-scheduler host=payment-scheduler-a41e92-t6zvn corrId=- scheduler heartbeat lag_ms=95
2026-03-04T17:10:00.683+01:00 INFO api-gateway host=api-gateway-7c9d5b-x2k4p corrId=- health probe ok status=200 latency_ms=3
2026-03-04T17:11:02.541+01:00 INFO portal-bff host=portal-bff-7c9d5b-p9qmz corrId=c-6ec59aa0d0b71d7f conversion quote requested loan_id=LN531387265 target_product=FLEX_5Y
2026-03-04T17:11:02.589+01:00 INFO identity-service host=identity-service-7c9d5b-t6zvn corrId=c-6ec59aa0d0b71d7f MitID session validated customer_id=C96497626
2026-03-04T17:11:02.621+01:00 INFO pricing-service host=pricing-service-5b8f6c-p9qmz corrId=c-6ec59aa0d0b71d7f bond price fetched series=BND4.0-2053 price=100.551
2026-03-04T17:11:02.683+01:00 INFO pricing-service host=pricing-service-5b8f6c-x2k4p corrId=c-6ec59aa0d0b71d7f conversion cost calculated loan_id=LN531387265 cost_dkk=63663.00
2026-03-04T17:11:02.688+01:00 INFO quote-service host=quote-service-5b8f6c-p9qmz corrId=c-6ec59aa0d0b71d7f conversion quote issued quote_id=Q70971834 loan_id=LN531387265
2026-03-04T17:15:00.716+01:00 INFO api-gateway host=api-gateway-5b8f6c-t6zvn corrId=- health probe ok status=200 latency_ms=6
2026-03-04T17:20:00.288+01:00 INFO payment-scheduler host=payment-scheduler-a41e92-t6zvn corrId=- scheduler heartbeat lag_ms=104
2026-03-04T17:20:00.526+01:00 INFO api-gateway host=api-gateway-a41e92-x2k4p corrId=- health probe ok status=200 latency_ms=31
2026-03-04T17:25:00.067+01:00 INFO api-gateway host=api-gateway-5b8f6c-p9qmz corrId=- health probe ok status=200 latency_ms=2
2026-03-04T17:30:00.129+01:00 INFO api-gateway host=api-gateway-5b8f6c-t6zvn corrId=- health probe ok status=200 latency_ms=22
2026-03-04T17:30:00.268+01:00 INFO payment-scheduler host=payment-scheduler-5b8f6c-t6zvn corrId=- scheduler heartbeat lag_ms=95
2026-03-04T17:34:28.179+01:00 INFO portal-bff host=portal-bff-7c9d5b-p9qmz corrId=c-33a0fc3d2f60be94 conversion quote requested loan_id=LN454313981 target_product=FLEX_1Y
2026-03-04T17:34:28.186+01:00 INFO identity-service host=identity-service-5b8f6c-x2k4p corrId=c-33a0fc3d2f60be94 MitID session validated customer_id=C89853134
2026-03-04T17:34:28.201+01:00 INFO pricing-service host=pricing-service-7c9d5b-x2k4p corrId=c-33a0fc3d2f60be94 bond price fetched series=BND4.0-2056 price=101.108
2026-03-04T17:34:28.250+01:00 INFO pricing-service host=pricing-service-7c9d5b-x2k4p corrId=c-33a0fc3d2f60be94 conversion cost calculated loan_id=LN454313981 cost_dkk=30176.24
2026-03-04T17:34:28.271+01:00 INFO quote-service host=quote-service-7c9d5b-p9qmz corrId=c-33a0fc3d2f60be94 conversion quote issued quote_id=Q80230943 loan_id=LN454313981
2026-03-04T17:35:00.195+01:00 INFO api-gateway host=api-gateway-5b8f6c-t6zvn corrId=- health probe ok status=200 latency_ms=22
2026-03-04T17:40:00.385+01:00 INFO payment-scheduler host=payment-scheduler-a41e92-t6zvn corrId=- scheduler heartbeat lag_ms=59
2026-03-04T17:40:00.448+01:00 INFO api-gateway host=api-gateway-5b8f6c-x2k4p corrId=- health probe ok status=200 latency_ms=39
2026-03-04T17:44:35.414+01:00 INFO portal-bff host=portal-bff-5b8f6c-x2k4p corrId=c-b239af2770a5d560 conversion quote requested loan_id=LN928073173 target_product=FIXED_30Y
2026-03-04T17:44:35.520+01:00 INFO identity-service host=identity-service-5b8f6c-t6zvn corrId=c-b239af2770a5d560 MitID session validated customer_id=C09579294
2026-03-04T17:44:35.618+01:00 INFO pricing-service host=pricing-service-a41e92-t6zvn corrId=c-b239af2770a5d560 bond price fetched series=BND4.0-2056 price=97.893
2026-03-04T17:44:35.694+01:00 INFO pricing-service host=pricing-service-5b8f6c-x2k4p corrId=c-b239af2770a5d560 conversion cost calculated loan_id=LN928073173 cost_dkk=30585.36
2026-03-04T17:44:35.761+01:00 INFO quote-service host=quote-service-7c9d5b-t6zvn corrId=c-b239af2770a5d560 conversion quote issued quote_id=Q28682888 loan_id=LN928073173
2026-03-04T17:45:00.519+01:00 INFO api-gateway host=api-gateway-a41e92-t6zvn corrId=- health probe ok status=200 latency_ms=26
2026-03-04T17:50:00.272+01:00 INFO api-gateway host=api-gateway-a41e92-p9qmz corrId=- health probe ok status=200 latency_ms=28
2026-03-04T17:50:00.788+01:00 INFO payment-scheduler host=payment-scheduler-7c9d5b-p9qmz corrId=- scheduler heartbeat lag_ms=71
2026-03-04T17:55:00.224+01:00 INFO api-gateway host=api-gateway-a41e92-t6zvn corrId=- health probe ok status=200 latency_ms=31
2026-03-04T17:56:17.900+01:00 INFO portal-bff host=portal-bff-5b8f6c-p9qmz corrId=c-e96d507757a5081d conversion quote requested loan_id=LN629742992 target_product=FLEX_1Y
2026-03-04T17:56:18.033+01:00 INFO identity-service host=identity-service-5b8f6c-p9qmz corrId=c-e96d507757a5081d MitID session validated customer_id=C68404568
2026-03-04T17:56:18.167+01:00 INFO pricing-service host=pricing-service-5b8f6c-p9qmz corrId=c-e96d507757a5081d bond price fetched series=BND2.5-2056 price=101.808
2026-03-04T17:56:18.198+01:00 INFO pricing-service host=pricing-service-a41e92-t6zvn corrId=c-e96d507757a5081d conversion cost calculated loan_id=LN629742992 cost_dkk=19361.35
2026-03-04T17:56:18.322+01:00 INFO quote-service host=quote-service-7c9d5b-t6zvn corrId=c-e96d507757a5081d conversion quote issued quote_id=Q93088093 loan_id=LN629742992
2026-03-04T17:59:21.000+01:00 INFO valuation-service host=valuation-service-7c9d5b-p9qmz corrId=- jvm gc pause pause_ms=41
2026-03-04T18:00:00.115+01:00 INFO api-gateway host=api-gateway-7c9d5b-p9qmz corrId=- health probe ok status=200 latency_ms=8
2026-03-04T18:00:00.417+01:00 INFO payment-scheduler host=payment-scheduler-5b8f6c-p9qmz corrId=- scheduler heartbeat lag_ms=38
2026-03-04T18:00:47.000+01:00 INFO config-service host=config-service-5b8f6c-t6zvn corrId=- configuration refreshed version=v132
2026-03-04T18:04:17.000+01:00 INFO valuation-service host=valuation-service-7c9d5b-p9qmz corrId=- jvm gc pause pause_ms=31
2026-03-04T18:04:22.285+01:00 INFO portal-bff host=portal-bff-5b8f6c-t6zvn corrId=c-6d23085454953520 conversion quote requested loan_id=LN540380562 target_product=FLEX_1Y
2026-03-04T18:04:22.413+01:00 INFO identity-service host=identity-service-7c9d5b-x2k4p corrId=c-6d23085454953520 MitID session validated customer_id=C20004838
2026-03-04T18:04:22.515+01:00 INFO pricing-service host=pricing-service-5b8f6c-t6zvn corrId=c-6d23085454953520 bond price fetched series=BND3.0-2053 price=97.773
2026-03-04T18:04:22.526+01:00 INFO pricing-service host=pricing-service-a41e92-x2k4p corrId=c-6d23085454953520 conversion cost calculated loan_id=LN540380562 cost_dkk=18295.14
2026-03-04T18:04:22.601+01:00 INFO quote-service host=quote-service-a41e92-p9qmz corrId=c-6d23085454953520 conversion quote issued quote_id=Q65750344 loan_id=LN540380562
2026-03-04T18:05:00.363+01:00 INFO api-gateway host=api-gateway-7c9d5b-p9qmz corrId=- health probe ok status=200 latency_ms=17
2026-03-04T18:08:44.380+01:00 INFO portal-bff host=portal-bff-7c9d5b-t6zvn corrId=c-131c8b46a94e8909 conversion quote requested loan_id=LN467488556 target_product=FIXED_30Y
2026-03-04T18:08:44.466+01:00 INFO identity-service host=identity-service-5b8f6c-p9qmz corrId=c-131c8b46a94e8909 MitID session validated customer_id=C27420657
2026-03-04T18:08:44.564+01:00 INFO pricing-service host=pricing-service-7c9d5b-x2k4p corrId=c-131c8b46a94e8909 bond price fetched series=BND2.5-2053 price=98.797
2026-03-04T18:08:44.620+01:00 INFO pricing-service host=pricing-service-7c9d5b-x2k4p corrId=c-131c8b46a94e8909 conversion cost calculated loan_id=LN467488556 cost_dkk=83929.24
2026-03-04T18:08:44.732+01:00 INFO quote-service host=quote-service-7c9d5b-p9qmz corrId=c-131c8b46a94e8909 conversion quote issued quote_id=Q50098240 loan_id=LN467488556
2026-03-04T18:10:00.228+01:00 INFO api-gateway host=api-gateway-a41e92-t6zvn corrId=- health probe ok status=200 latency_ms=32
2026-03-04T18:10:00.785+01:00 INFO payment-scheduler host=payment-scheduler-a41e92-x2k4p corrId=- scheduler heartbeat lag_ms=102
2026-03-04T18:15:00.347+01:00 INFO api-gateway host=api-gateway-7c9d5b-t6zvn corrId=- health probe ok status=200 latency_ms=9
2026-03-04T18:20:00.318+01:00 INFO api-gateway host=api-gateway-7c9d5b-x2k4p corrId=- health probe ok status=200 latency_ms=2
2026-03-04T18:20:00.342+01:00 INFO payment-scheduler host=payment-scheduler-5b8f6c-p9qmz corrId=- scheduler heartbeat lag_ms=37
2026-03-04T18:22:05.463+01:00 INFO portal-bff host=portal-bff-7c9d5b-p9qmz corrId=c-dc8713270422f494 conversion quote requested loan_id=LN098240459 target_product=FIXED_30Y
2026-03-04T18:22:05.572+01:00 INFO identity-service host=identity-service-7c9d5b-x2k4p corrId=c-dc8713270422f494 MitID session validated customer_id=C64153428
2026-03-04T18:22:05.591+01:00 INFO pricing-service host=pricing-service-7c9d5b-x2k4p corrId=c-dc8713270422f494 bond price fetched series=BND3.0-2056 price=101.329
2026-03-04T18:22:05.673+01:00 INFO pricing-service host=pricing-service-a41e92-x2k4p corrId=c-dc8713270422f494 conversion cost calculated loan_id=LN098240459 cost_dkk=8735.57
2026-03-04T18:22:05.699+01:00 INFO quote-service host=quote-service-5b8f6c-t6zvn corrId=c-dc8713270422f494 conversion quote issued quote_id=Q25488964 loan_id=LN098240459
2026-03-04T18:23:00.495+01:00 INFO portal-bff host=portal-bff-7c9d5b-x2k4p corrId=c-9bed51274d54dda5 conversion quote requested loan_id=LN674622885 target_product=FIXED_30Y
2026-03-04T18:23:00.505+01:00 INFO identity-service host=identity-service-5b8f6c-t6zvn corrId=c-9bed51274d54dda5 MitID session validated customer_id=C38583922
2026-03-04T18:23:00.534+01:00 INFO pricing-service host=pricing-service-7c9d5b-p9qmz corrId=c-9bed51274d54dda5 bond price fetched series=BND4.0-2056 price=92.137
2026-03-04T18:23:00.611+01:00 INFO pricing-service host=pricing-service-5b8f6c-p9qmz corrId=c-9bed51274d54dda5 conversion cost calculated loan_id=LN674622885 cost_dkk=50725.29
2026-03-04T18:23:00.708+01:00 INFO quote-service host=quote-service-5b8f6c-t6zvn corrId=c-9bed51274d54dda5 conversion quote issued quote_id=Q79588820 loan_id=LN674622885
2026-03-04T18:25:00.382+01:00 INFO api-gateway host=api-gateway-7c9d5b-p9qmz corrId=- health probe ok status=200 latency_ms=19
2026-03-04T18:25:54.189+01:00 INFO portal-bff host=portal-bff-7c9d5b-t6zvn corrId=c-0830cbb1efd4c8ba conversion quote requested loan_id=LN821953826 target_product=FIXED_30Y
2026-03-04T18:25:54.288+01:00 INFO identity-service host=identity-service-a41e92-p9qmz corrId=c-0830cbb1efd4c8ba MitID session validated customer_id=C34070346
2026-03-04T18:25:54.326+01:00 INFO pricing-service host=pricing-service-a41e92-x2k4p corrId=c-0830cbb1efd4c8ba bond price fetched series=BND4.0-2053 price=98.466
2026-03-04T18:25:54.461+01:00 INFO pricing-service host=pricing-service-a41e92-p9qmz corrId=c-0830cbb1efd4c8ba conversion cost calculated loan_id=LN821953826 cost_dkk=17055.61
2026-03-04T18:25:54.497+01:00 INFO quote-service host=quote-service-a41e92-x2k4p corrId=c-0830cbb1efd4c8ba conversion quote issued quote_id=Q46393362 loan_id=LN821953826
2026-03-04T18:30:00.354+01:00 INFO payment-scheduler host=payment-scheduler-a41e92-x2k4p corrId=- scheduler heartbeat lag_ms=5
2026-03-04T18:30:00.832+01:00 INFO api-gateway host=api-gateway-a41e92-x2k4p corrId=- health probe ok status=200 latency_ms=16
2026-03-04T18:31:58.638+01:00 INFO portal-bff host=portal-bff-5b8f6c-t6zvn corrId=c-68b07bc191576d25 conversion quote requested loan_id=LN403611462 target_product=FIXED_30Y
2026-03-04T18:31:58.693+01:00 INFO identity-service host=identity-service-a41e92-x2k4p corrId=c-68b07bc191576d25 MitID session validated customer_id=C60706405
2026-03-04T18:31:58.801+01:00 INFO pricing-service host=pricing-service-5b8f6c-p9qmz corrId=c-68b07bc191576d25 bond price fetched series=BND4.0-2053 price=93.643
2026-03-04T18:31:58.940+01:00 INFO pricing-service host=pricing-service-5b8f6c-p9qmz corrId=c-68b07bc191576d25 conversion cost calculated loan_id=LN403611462 cost_dkk=44257.95
2026-03-04T18:31:59.060+01:00 INFO quote-service host=quote-service-7c9d5b-t6zvn corrId=c-68b07bc191576d25 conversion quote issued quote_id=Q07640361 loan_id=LN403611462
2026-03-04T18:35:00.258+01:00 INFO api-gateway host=api-gateway-a41e92-t6zvn corrId=- health probe ok status=200 latency_ms=2
2026-03-04T18:40:00.139+01:00 INFO api-gateway host=api-gateway-5b8f6c-p9qmz corrId=- health probe ok status=200 latency_ms=4
2026-03-04T18:40:00.775+01:00 INFO payment-scheduler host=payment-scheduler-7c9d5b-x2k4p corrId=- scheduler heartbeat lag_ms=100
2026-03-04T18:45:00.410+01:00 INFO api-gateway host=api-gateway-7c9d5b-p9qmz corrId=- health probe ok status=200 latency_ms=39
2026-03-04T18:50:00.334+01:00 INFO payment-scheduler host=payment-scheduler-a41e92-x2k4p corrId=- scheduler heartbeat lag_ms=65
2026-03-04T18:50:00.570+01:00 INFO api-gateway host=api-gateway-7c9d5b-x2k4p corrId=- health probe ok status=200 latency_ms=11
2026-03-04T18:55:00.244+01:00 INFO api-gateway host=api-gateway-5b8f6c-t6zvn corrId=- health probe ok status=200 latency_ms=20
2026-03-04T19:00:00.265+01:00 INFO payment-scheduler host=payment-scheduler-7c9d5b-x2k4p corrId=- scheduler heartbeat lag_ms=22
2026-03-04T19:00:00.476+01:00 INFO api-gateway host=api-gateway-7c9d5b-x2k4p corrId=- health probe ok status=200 latency_ms=8
2026-03-04T19:00:23.000+01:00 INFO config-service host=config-service-a41e92-p9qmz corrId=- configuration refreshed version=v136
2026-03-04T19:05:00.306+01:00 INFO api-gateway host=api-gateway-7c9d5b-x2k4p corrId=- health probe ok status=200 latency_ms=39
2026-03-04T19:08:50.668+01:00 INFO portal-bff host=portal-bff-a41e92-x2k4p corrId=c-d71fce04bccd9bad conversion quote requested loan_id=LN256815636 target_product=FLEX_5Y
2026-03-04T19:08:50.711+01:00 INFO identity-service host=identity-service-5b8f6c-t6zvn corrId=c-d71fce04bccd9bad MitID session validated customer_id=C69088215
2026-03-04T19:08:50.738+01:00 INFO pricing-service host=pricing-service-7c9d5b-p9qmz corrId=c-d71fce04bccd9bad bond price fetched series=BND2.5-2053 price=94.353
2026-03-04T19:08:50.755+01:00 INFO pricing-service host=pricing-service-7c9d5b-t6zvn corrId=c-d71fce04bccd9bad conversion cost calculated loan_id=LN256815636 cost_dkk=27099.86
2026-03-04T19:08:50.894+01:00 INFO quote-service host=quote-service-a41e92-x2k4p corrId=c-d71fce04bccd9bad conversion quote issued quote_id=Q54028289 loan_id=LN256815636
2026-03-04T19:10:00.142+01:00 INFO api-gateway host=api-gateway-7c9d5b-x2k4p corrId=- health probe ok status=200 latency_ms=36
2026-03-04T19:10:00.613+01:00 INFO payment-scheduler host=payment-scheduler-a41e92-t6zvn corrId=- scheduler heartbeat lag_ms=109
2026-03-04T19:15:00.520+01:00 INFO api-gateway host=api-gateway-7c9d5b-x2k4p corrId=- health probe ok status=200 latency_ms=7
2026-03-04T19:16:48.404+01:00 INFO portal-bff host=portal-bff-5b8f6c-x2k4p corrId=c-5cb95757394c0ff8 conversion quote requested loan_id=LN788124618 target_product=FIXED_30Y
2026-03-04T19:16:48.415+01:00 INFO identity-service host=identity-service-5b8f6c-p9qmz corrId=c-5cb95757394c0ff8 MitID session validated customer_id=C05276436
2026-03-04T19:16:48.529+01:00 INFO pricing-service host=pricing-service-7c9d5b-x2k4p corrId=c-5cb95757394c0ff8 bond price fetched series=BND2.5-2053 price=100.418
2026-03-04T19:16:48.578+01:00 INFO pricing-service host=pricing-service-7c9d5b-t6zvn corrId=c-5cb95757394c0ff8 conversion cost calculated loan_id=LN788124618 cost_dkk=46911.57
2026-03-04T19:16:48.657+01:00 INFO quote-service host=quote-service-5b8f6c-t6zvn corrId=c-5cb95757394c0ff8 conversion quote issued quote_id=Q01915049 loan_id=LN788124618
2026-03-04T19:20:00.383+01:00 INFO payment-scheduler host=payment-scheduler-5b8f6c-x2k4p corrId=- scheduler heartbeat lag_ms=4
2026-03-04T19:20:00.595+01:00 INFO api-gateway host=api-gateway-7c9d5b-p9qmz corrId=- health probe ok status=200 latency_ms=36
2026-03-04T19:25:00.000+01:00 INFO api-gateway host=api-gateway-5b8f6c-t6zvn corrId=- health probe ok status=200 latency_ms=35
2026-03-04T19:25:29.969+01:00 INFO portal-bff host=portal-bff-a41e92-x2k4p corrId=c-7acdea7a39a7658b conversion quote requested loan_id=LN231395739 target_product=FLEX_1Y
2026-03-04T19:25:29.986+01:00 INFO identity-service host=identity-service-5b8f6c-t6zvn corrId=c-7acdea7a39a7658b MitID session validated customer_id=C74441491
2026-03-04T19:25:29.998+01:00 INFO pricing-service host=pricing-service-a41e92-x2k4p corrId=c-7acdea7a39a7658b bond price fetched series=BND3.0-2056 price=92.683
2026-03-04T19:25:30.093+01:00 INFO pricing-service host=pricing-service-a41e92-x2k4p corrId=c-7acdea7a39a7658b conversion cost calculated loan_id=LN231395739 cost_dkk=43004.21
2026-03-04T19:25:30.161+01:00 INFO quote-service host=quote-service-7c9d5b-t6zvn corrId=c-7acdea7a39a7658b conversion quote issued quote_id=Q18013740 loan_id=LN231395739
2026-03-04T19:30:00.352+01:00 INFO api-gateway host=api-gateway-7c9d5b-t6zvn corrId=- health probe ok status=200 latency_ms=22
2026-03-04T19:30:00.824+01:00 INFO payment-scheduler host=payment-scheduler-7c9d5b-p9qmz corrId=- scheduler heartbeat lag_ms=17
2026-03-04T19:35:00.687+01:00 INFO api-gateway host=api-gateway-a41e92-x2k4p corrId=- health probe ok status=200 latency_ms=17
2026-03-04T19:40:00.184+01:00 INFO payment-scheduler host=payment-scheduler-5b8f6c-t6zvn corrId=- scheduler heartbeat lag_ms=89
2026-03-04T19:40:00.758+01:00 INFO api-gateway host=api-gateway-a41e92-x2k4p corrId=- health probe ok status=200 latency_ms=11
2026-03-04T19:42:37.771+01:00 INFO portal-bff host=portal-bff-5b8f6c-p9qmz corrId=c-ef3b4bdbcfada379 conversion quote requested loan_id=LN065434245 target_product=FIXED_30Y
2026-03-04T19:42:37.879+01:00 INFO identity-service host=identity-service-a41e92-p9qmz corrId=c-ef3b4bdbcfada379 MitID session validated customer_id=C67264387
2026-03-04T19:42:37.885+01:00 INFO pricing-service host=pricing-service-7c9d5b-t6zvn corrId=c-ef3b4bdbcfada379 bond price fetched series=BND2.5-2053 price=89.528
2026-03-04T19:42:38.007+01:00 INFO pricing-service host=pricing-service-5b8f6c-t6zvn corrId=c-ef3b4bdbcfada379 conversion cost calculated loan_id=LN065434245 cost_dkk=74072.67
2026-03-04T19:42:38.023+01:00 INFO quote-service host=quote-service-5b8f6c-x2k4p corrId=c-ef3b4bdbcfada379 conversion quote issued quote_id=Q14153272 loan_id=LN065434245
2026-03-04T19:45:00.042+01:00 INFO api-gateway host=api-gateway-7c9d5b-t6zvn corrId=- health probe ok status=200 latency_ms=4
2026-03-04T19:50:00.162+01:00 INFO payment-scheduler host=payment-scheduler-5b8f6c-p9qmz corrId=- scheduler heartbeat lag_ms=97
2026-03-04T19:50:00.567+01:00 INFO api-gateway host=api-gateway-7c9d5b-t6zvn corrId=- health probe ok status=200 latency_ms=29
2026-03-04T19:55:00.726+01:00 INFO api-gateway host=api-gateway-7c9d5b-x2k4p corrId=- health probe ok status=200 latency_ms=37
2026-03-04T19:56:07.207+01:00 INFO portal-bff host=portal-bff-7c9d5b-t6zvn corrId=c-6a294f3f5aca5647 conversion quote requested loan_id=LN721879031 target_product=FLEX_1Y
2026-03-04T19:56:07.346+01:00 INFO identity-service host=identity-service-5b8f6c-x2k4p corrId=c-6a294f3f5aca5647 MitID session validated customer_id=C71648813
2026-03-04T19:56:07.404+01:00 INFO pricing-service host=pricing-service-5b8f6c-x2k4p corrId=c-6a294f3f5aca5647 bond price fetched series=BND4.0-2053 price=100.615
2026-03-04T19:56:07.515+01:00 INFO pricing-service host=pricing-service-a41e92-x2k4p corrId=c-6a294f3f5aca5647 conversion cost calculated loan_id=LN721879031 cost_dkk=14374.19
2026-03-04T19:56:07.534+01:00 INFO quote-service host=quote-service-5b8f6c-p9qmz corrId=c-6a294f3f5aca5647 conversion quote issued quote_id=Q75362314 loan_id=LN721879031
2026-03-04T19:56:13.269+01:00 INFO portal-bff host=portal-bff-5b8f6c-x2k4p corrId=c-bf20f414603cd889 conversion quote requested loan_id=LN716899984 target_product=FLEX_1Y
2026-03-04T19:56:13.301+01:00 INFO identity-service host=identity-service-7c9d5b-p9qmz corrId=c-bf20f414603cd889 MitID session validated customer_id=C20141871
2026-03-04T19:56:13.397+01:00 INFO pricing-service host=pricing-service-7c9d5b-p9qmz corrId=c-bf20f414603cd889 bond price fetched series=BND2.5-2056 price=92.293
2026-03-04T19:56:13.487+01:00 INFO pricing-service host=pricing-service-a41e92-p9qmz corrId=c-bf20f414603cd889 conversion cost calculated loan_id=LN716899984 cost_dkk=24522.71
2026-03-04T19:56:13.608+01:00 INFO quote-service host=quote-service-7c9d5b-t6zvn corrId=c-bf20f414603cd889 conversion quote issued quote_id=Q64862584 loan_id=LN716899984
2026-03-04T20:00:00.017+01:00 INFO payment-scheduler host=payment-scheduler-5b8f6c-p9qmz corrId=- scheduler heartbeat lag_ms=54
2026-03-04T20:00:00.617+01:00 INFO api-gateway host=api-gateway-a41e92-p9qmz corrId=- health probe ok status=200 latency_ms=6
2026-03-04T20:00:12.000+01:00 INFO config-service host=config-service-5b8f6c-t6zvn corrId=- configuration refreshed version=v124
2026-03-04T20:05:00.300+01:00 INFO api-gateway host=api-gateway-a41e92-x2k4p corrId=- health probe ok status=200 latency_ms=32
2026-03-04T20:10:00.247+01:00 INFO payment-scheduler host=payment-scheduler-7c9d5b-x2k4p corrId=- scheduler heartbeat lag_ms=90
2026-03-04T20:10:00.569+01:00 INFO api-gateway host=api-gateway-5b8f6c-x2k4p corrId=- health probe ok status=200 latency_ms=9
2026-03-04T20:15:00.139+01:00 INFO api-gateway host=api-gateway-a41e92-t6zvn corrId=- health probe ok status=200 latency_ms=40
2026-03-04T20:20:00.190+01:00 INFO api-gateway host=api-gateway-7c9d5b-p9qmz corrId=- health probe ok status=200 latency_ms=28
2026-03-04T20:20:00.583+01:00 INFO payment-scheduler host=payment-scheduler-7c9d5b-t6zvn corrId=- scheduler heartbeat lag_ms=49
2026-03-04T20:25:00.679+01:00 INFO api-gateway host=api-gateway-7c9d5b-x2k4p corrId=- health probe ok status=200 latency_ms=14
2026-03-04T20:30:00.104+01:00 INFO api-gateway host=api-gateway-a41e92-t6zvn corrId=- health probe ok status=200 latency_ms=9
2026-03-04T20:30:00.472+01:00 INFO payment-scheduler host=payment-scheduler-a41e92-p9qmz corrId=- scheduler heartbeat lag_ms=28
2026-03-04T20:35:00.570+01:00 INFO api-gateway host=api-gateway-5b8f6c-x2k4p corrId=- health probe ok status=200 latency_ms=12
2026-03-04T20:40:00.131+01:00 INFO payment-scheduler host=payment-scheduler-7c9d5b-p9qmz corrId=- scheduler heartbeat lag_ms=93
2026-03-04T20:40:00.571+01:00 INFO api-gateway host=api-gateway-5b8f6c-p9qmz corrId=- health probe ok status=200 latency_ms=12
2026-03-04T20:45:00.217+01:00 INFO api-gateway host=api-gateway-5b8f6c-t6zvn corrId=- health probe ok status=200 latency_ms=13
2026-03-04T20:50:00.466+01:00 INFO payment-scheduler host=payment-scheduler-5b8f6c-x2k4p corrId=- scheduler heartbeat lag_ms=64
2026-03-04T20:50:00.773+01:00 INFO api-gateway host=api-gateway-7c9d5b-p9qmz corrId=- health probe ok status=200 latency_ms=12
2026-03-04T20:51:33.000+01:00 INFO valuation-service host=valuation-service-a41e92-t6zvn corrId=- jvm gc pause pause_ms=39
2026-03-04T20:55:00.443+01:00 INFO api-gateway host=api-gateway-a41e92-t6zvn corrId=- health probe ok status=200 latency_ms=4
2026-03-04T21:00:00.014+01:00 INFO payment-scheduler host=payment-scheduler-5b8f6c-x2k4p corrId=- scheduler heartbeat lag_ms=70
2026-03-04T21:00:00.440+01:00 INFO api-gateway host=api-gateway-a41e92-p9qmz corrId=- health probe ok status=200 latency_ms=24
2026-03-04T21:00:01.000+01:00 INFO config-service host=config-service-5b8f6c-t6zvn corrId=- configuration refreshed version=v139
2026-03-04T21:05:00.028+01:00 INFO api-gateway host=api-gateway-7c9d5b-p9qmz corrId=- health probe ok status=200 latency_ms=14
2026-03-04T21:10:00.133+01:00 INFO payment-scheduler host=payment-scheduler-5b8f6c-x2k4p corrId=- scheduler heartbeat lag_ms=82
2026-03-04T21:10:00.136+01:00 INFO api-gateway host=api-gateway-5b8f6c-t6zvn corrId=- health probe ok status=200 latency_ms=13
2026-03-04T21:15:00.616+01:00 INFO api-gateway host=api-gateway-a41e92-p9qmz corrId=- health probe ok status=200 latency_ms=13
2026-03-04T21:20:00.177+01:00 INFO payment-scheduler host=payment-scheduler-5b8f6c-x2k4p corrId=- scheduler heartbeat lag_ms=33
2026-03-04T21:20:00.623+01:00 INFO api-gateway host=api-gateway-a41e92-x2k4p corrId=- health probe ok status=200 latency_ms=7
2026-03-04T21:25:00.553+01:00 INFO api-gateway host=api-gateway-5b8f6c-t6zvn corrId=- health probe ok status=200 latency_ms=32
2026-03-04T21:30:00.240+01:00 INFO payment-scheduler host=payment-scheduler-a41e92-t6zvn corrId=- scheduler heartbeat lag_ms=22
2026-03-04T21:30:00.709+01:00 INFO api-gateway host=api-gateway-7c9d5b-p9qmz corrId=- health probe ok status=200 latency_ms=10
2026-03-04T21:35:00.622+01:00 INFO api-gateway host=api-gateway-7c9d5b-p9qmz corrId=- health probe ok status=200 latency_ms=18
2026-03-04T21:40:00.021+01:00 INFO api-gateway host=api-gateway-5b8f6c-t6zvn corrId=- health probe ok status=200 latency_ms=21
2026-03-04T21:40:00.334+01:00 INFO payment-scheduler host=payment-scheduler-a41e92-x2k4p corrId=- scheduler heartbeat lag_ms=91
2026-03-04T21:45:00.500+01:00 INFO api-gateway host=api-gateway-a41e92-t6zvn corrId=- health probe ok status=200 latency_ms=32
2026-03-04T21:50:00.327+01:00 INFO payment-scheduler host=payment-scheduler-5b8f6c-x2k4p corrId=- scheduler heartbeat lag_ms=93
2026-03-04T21:50:00.747+01:00 INFO api-gateway host=api-gateway-a41e92-p9qmz corrId=- health probe ok status=200 latency_ms=17
2026-03-04T21:55:00.858+01:00 INFO api-gateway host=api-gateway-a41e92-x2k4p corrId=- health probe ok status=200 latency_ms=22
2026-03-04T22:00:00.173+01:00 INFO api-gateway host=api-gateway-5b8f6c-t6zvn corrId=- health probe ok status=200 latency_ms=29
2026-03-04T22:00:00.557+01:00 INFO payment-scheduler host=payment-scheduler-5b8f6c-p9qmz corrId=- scheduler heartbeat lag_ms=92
2026-03-04T22:00:38.000+01:00 INFO config-service host=config-service-7c9d5b-p9qmz corrId=- configuration refreshed version=v140
2026-03-04T22:05:00.882+01:00 INFO api-gateway host=api-gateway-5b8f6c-x2k4p corrId=- health probe ok status=200 latency_ms=28
2026-03-04T22:10:00.655+01:00 INFO payment-scheduler host=payment-scheduler-a41e92-t6zvn corrId=- scheduler heartbeat lag_ms=99
2026-03-04T22:10:00.788+01:00 INFO api-gateway host=api-gateway-a41e92-p9qmz corrId=- health probe ok status=200 latency_ms=16
2026-03-04T22:14:49.000+01:00 INFO valuation-service host=valuation-service-5b8f6c-p9qmz corrId=- jvm gc pause pause_ms=34
2026-03-04T22:15:00.565+01:00 INFO api-gateway host=api-gateway-7c9d5b-t6zvn corrId=- health probe ok status=200 latency_ms=20
2026-03-04T22:20:00.357+01:00 INFO api-gateway host=api-gateway-7c9d5b-t6zvn corrId=- health probe ok status=200 latency_ms=34
2026-03-04T22:20:00.725+01:00 INFO payment-scheduler host=payment-scheduler-7c9d5b-t6zvn corrId=- scheduler heartbeat lag_ms=38
2026-03-04T22:25:00.497+01:00 INFO api-gateway host=api-gateway-5b8f6c-x2k4p corrId=- health probe ok status=200 latency_ms=40
2026-03-04T22:30:00.035+01:00 INFO payment-scheduler host=payment-scheduler-5b8f6c-p9qmz corrId=- scheduler heartbeat lag_ms=22
2026-03-04T22:30:00.357+01:00 INFO api-gateway host=api-gateway-7c9d5b-x2k4p corrId=- health probe ok status=200 latency_ms=9
2026-03-04T22:35:00.884+01:00 INFO api-gateway host=api-gateway-a41e92-x2k4p corrId=- health probe ok status=200 latency_ms=17
2026-03-04T22:40:00.050+01:00 INFO payment-scheduler host=payment-scheduler-5b8f6c-p9qmz corrId=- scheduler heartbeat lag_ms=95
2026-03-04T22:40:00.523+01:00 INFO api-gateway host=api-gateway-5b8f6c-x2k4p corrId=- health probe ok status=200 latency_ms=21
2026-03-04T22:45:00.249+01:00 INFO api-gateway host=api-gateway-7c9d5b-x2k4p corrId=- health probe ok status=200 latency_ms=26
2026-03-04T22:50:00.004+01:00 INFO payment-scheduler host=payment-scheduler-7c9d5b-p9qmz corrId=- scheduler heartbeat lag_ms=40
2026-03-04T22:50:00.284+01:00 INFO api-gateway host=api-gateway-7c9d5b-p9qmz corrId=- health probe ok status=200 latency_ms=38
2026-03-04T22:55:00.693+01:00 INFO api-gateway host=api-gateway-a41e92-x2k4p corrId=- health probe ok status=200 latency_ms=27
2026-03-04T23:00:00.523+01:00 INFO payment-scheduler host=payment-scheduler-5b8f6c-p9qmz corrId=- scheduler heartbeat lag_ms=105
2026-03-04T23:00:00.622+01:00 INFO api-gateway host=api-gateway-5b8f6c-p9qmz corrId=- health probe ok status=200 latency_ms=14
2026-03-04T23:00:34.000+01:00 INFO config-service host=config-service-a41e92-t6zvn corrId=- configuration refreshed version=v101
2026-03-04T23:05:00.843+01:00 INFO api-gateway host=api-gateway-5b8f6c-p9qmz corrId=- health probe ok status=200 latency_ms=23
2026-03-04T23:10:00.076+01:00 INFO payment-scheduler host=payment-scheduler-5b8f6c-x2k4p corrId=- scheduler heartbeat lag_ms=5
2026-03-04T23:10:00.113+01:00 INFO api-gateway host=api-gateway-5b8f6c-p9qmz corrId=- health probe ok status=200 latency_ms=31
2026-03-04T23:15:00.824+01:00 INFO api-gateway host=api-gateway-7c9d5b-x2k4p corrId=- health probe ok status=200 latency_ms=12
2026-03-04T23:19:39.000+01:00 INFO valuation-service host=valuation-service-a41e92-t6zvn corrId=- jvm gc pause pause_ms=84
2026-03-04T23:20:00.582+01:00 INFO payment-scheduler host=payment-scheduler-a41e92-p9qmz corrId=- scheduler heartbeat lag_ms=94
2026-03-04T23:20:00.760+01:00 INFO api-gateway host=api-gateway-a41e92-p9qmz corrId=- health probe ok status=200 latency_ms=31
2026-03-04T23:25:00.642+01:00 INFO api-gateway host=api-gateway-5b8f6c-p9qmz corrId=- health probe ok status=200 latency_ms=31
2026-03-04T23:30:00.645+01:00 INFO api-gateway host=api-gateway-5b8f6c-x2k4p corrId=- health probe ok status=200 latency_ms=40
2026-03-04T23:30:00.746+01:00 INFO payment-scheduler host=payment-scheduler-7c9d5b-t6zvn corrId=- scheduler heartbeat lag_ms=116
2026-03-04T23:35:00.066+01:00 INFO api-gateway host=api-gateway-5b8f6c-t6zvn corrId=- health probe ok status=200 latency_ms=8
2026-03-04T23:40:00.425+01:00 INFO api-gateway host=api-gateway-7c9d5b-p9qmz corrId=- health probe ok status=200 latency_ms=13
2026-03-04T23:40:00.845+01:00 INFO payment-scheduler host=payment-scheduler-a41e92-x2k4p corrId=- scheduler heartbeat lag_ms=34
2026-03-04T23:45:00.267+01:00 INFO api-gateway host=api-gateway-7c9d5b-t6zvn corrId=- health probe ok status=200 latency_ms=11
2026-03-04T23:50:00.308+01:00 INFO api-gateway host=api-gateway-7c9d5b-x2k4p corrId=- health probe ok status=200 latency_ms=28
2026-03-04T23:50:00.451+01:00 INFO payment-scheduler host=payment-scheduler-7c9d5b-p9qmz corrId=- scheduler heartbeat lag_ms=114
2026-03-04T23:55:00.390+01:00 INFO api-gateway host=api-gateway-5b8f6c-p9qmz corrId=- health probe ok status=200 latency_ms=33
