2026-03-05T00:00:00.400+01:00 INFO api-gateway host=api-gateway-5b8f6c-p9qmz corrId=- health probe ok status=200 latency_ms=27
2026-03-05T00:00:00.513+01:00 INFO payment-scheduler host=payment-scheduler-7c9d5b-t6zvn corrId=- scheduler heartbeat lag_ms=34
2026-03-05T00:00:39.000+01:00 INFO config-service host=config-service-5b8f6c-x2k4p corrId=- configuration refreshed version=v135
2026-03-05T00:02:17.000+01:00 INFO valuation-service host=valuation-service-7c9d5b-t6zvn corrId=- jvm gc pause pause_ms=13
2026-03-05T00:05:00.474+01:00 INFO api-gateway host=api-gateway-5b8f6c-x2k4p corrId=- health probe ok status=200 latency_ms=22
2026-03-05T00:10:00.076+01:00 INFO payment-scheduler host=payment-scheduler-5b8f6c-x2k4p corrId=- scheduler heartbeat lag_ms=90
2026-03-05T00:10:00.393+01:00 INFO api-gateway host=api-gateway-a41e92-x2k4p corrId=- health probe ok status=200 latency_ms=30
2026-03-05T00:15:00.286+01:00 INFO api-gateway host=api-gateway-a41e92-p9qmz corrId=- health probe ok status=200 latency_ms=38
2026-03-05T00:20:00.350+01:00 INFO api-gateway host=api-gateway-a41e92-p9qmz corrId=- health probe ok status=200 latency_ms=22
2026-03-05T00:20:00.502+01:00 INFO payment-scheduler host=payment-scheduler-5b8f6c-p9qmz corrId=- scheduler heartbeat lag_ms=45
2026-03-05T00:25:00.180+01:00 INFO api-gateway host=api-gateway-a41e92-t6zvn corrId=- health probe ok status=200 latency_ms=2
2026-03-05T00:30:00.435+01:00 INFO payment-scheduler host=payment-scheduler-7c9d5b-x2k4p corrId=- scheduler heartbeat lag_ms=103
2026-03-05T00:30:00.693+01:00 INFO api-gateway host=api-gateway-7c9d5b-p9qmz corrId=- health probe ok status=200 latency_ms=35
2026-03-05T00:35:00.862+01:00 INFO api-gateway host=api-gateway-a41e92-t6zvn corrId=- health probe ok status=200 latency_ms=21
2026-03-05T00:40:00.474+01:00 INFO api-gateway host=api-gateway-7c9d5b-p9qmz corrId=- health probe ok status=200 latency_ms=30
2026-03-05T00:40:00.650+01:00 INFO payment-scheduler host=payment-scheduler-7c9d5b-t6zvn corrId=- scheduler heartbeat lag_ms=19
2026-03-05T00:41:18.000+01:00 INFO valuation-service host=valuation-service-5b8f6c-x2k4p corrId=- jvm gc pause pause_ms=68
2026-03-05T00:45:00.869+01:00 INFO api-gateway host=api-gateway-a41e92-t6zvn corrId=- health probe ok status=200 latency_ms=40
2026-03-05T00:50:00.146+01:00 INFO payment-scheduler host=payment-scheduler-5b8f6c-x2k4p corrId=- scheduler heartbeat lag_ms=49
2026-03-05T00:50:00.242+01:00 INFO api-gateway host=api-gateway-5b8f6c-t6zvn corrId=- health probe ok status=200 latency_ms=33
2026-03-05T00:55:00.133+01:00 INFO api-gateway host=api-gateway-a41e92-t6zvn corrId=- health probe ok status=200 latency_ms=26
2026-03-05T01:00:00.367+01:00 INFO payment-scheduler host=payment-scheduler-7c9d5b-p9qmz corrId=- scheduler heartbeat lag_ms=56
2026-03-05T01:00:00.476+01:00 INFO api-gateway host=api-gateway-a41e92-x2k4p corrId=- health probe ok status=200 latency_ms=15
2026-03-05T01:00:23.000+01:00 INFO config-service host=config-service-5b8f6c-p9qmz corrId=- configuration refreshed version=v138
2026-03-05T01:05:00.689+01:00 INFO api-gateway host=api-gateway-5b8f6c-p9qmz corrId=- health probe ok status=200 latency_ms=4
2026-03-05T01:10:00.379+01:00 INFO api-gateway host=api-gateway-7c9d5b-p9qmz corrId=- health probe ok status=200 latency_ms=18
2026-03-05T01:10:00.504+01:00 INFO payment-scheduler host=payment-scheduler-a41e92-t6zvn corrId=- scheduler heartbeat lag_ms=90
2026-03-05T01:15:00.326+01:00 INFO api-gateway host=api-gateway-5b8f6c-x2k4p corrId=- health probe ok status=200 latency_ms=20
2026-03-05T01:20:00.105+01:00 INFO api-gateway host=api-gateway-5b8f6c-t6zvn corrId=- health probe ok status=200 latency_ms=26
2026-03-05T01:20:00.887+01:00 INFO payment-scheduler host=payment-scheduler-7c9d5b-p9qmz corrId=- scheduler heartbeat lag_ms=40
2026-03-05T01:25:00.662+01:00 INFO api-gateway host=api-gateway-a41e92-x2k4p corrId=- health probe ok status=200 latency_ms=31
2026-03-05T01:30:00.186+01:00 INFO payment-scheduler host=payment-scheduler-5b8f6c-p9qmz corrId=- scheduler heartbeat lag_ms=13
2026-03-05T01:30:00.333+01:00 INFO api-gateway host=api-gateway-7c9d5b-p9qmz corrId=- health probe ok status=200 latency_ms=26
2026-03-05T01:35:00.018+01:00 INFO api-gateway host=api-gateway-5b8f6c-x2k4p corrId=- health probe ok status=200 latency_ms=13
2026-03-05T01:40:00.090+01:00 INFO api-gateway host=api-gateway-a41e92-p9qmz corrId=- health probe ok status=200 latency_ms=16
2026-03-05T01:40:00.779+01:00 INFO payment-scheduler host=payment-scheduler-a41e92-t6zvn corrId=- scheduler heartbeat lag_ms=97
2026-03-05T01:45:00.606+01:00 INFO api-gateway host=api-gateway-5b8f6c-t6zvn corrId=- health probe ok status=200 latency_ms=31
2026-03-05T01:50:00.088+01:00 INFO api-gateway host=api-gateway-a41e92-x2k4p corrId=- health probe ok status=200 latency_ms=28
2026-03-05T01:50:00.529+01:00 INFO payment-scheduler host=payment-scheduler-7c9d5b-x2k4p corrId=- scheduler heartbeat lag_ms=17
2026-03-05T01:55:00.691+01:00 INFO api-gateway host=api-gateway-5b8f6c-x2k4p corrId=- health probe ok status=200 latency_ms=32
2026-03-05T02:00:00.186+01:00 INFO payment-scheduler host=payment-scheduler-5b8f6c-x2k4p corrId=- scheduler heartbeat lag_ms=11
2026-03-05T02:00:00.551+01:00 INFO api-gateway host=api-gateway-7c9d5b-x2k4p corrId=- health probe ok status=200 latency_ms=36
2026-03-05T02:00:27.000+01:00 INFO config-service host=config-service-5b8f6c-p9qmz corrId=- configuration refreshed version=v116
2026-03-05T02:03:19.667+01:00 INFO payment-scheduler host=payment-scheduler-5b8f6c-p9qmz corrId=c-7e737759aed0f2c2 instalment collection started loan_id=LN223269675 due_date=2026-03-05
2026-03-05T02:03:19.788+01:00 INFO payment-service host=payment-service-5b8f6c-x2k4p corrId=c-7e737759aed0f2c2 direct debit mandate verified loan_id=LN223269675 mandate_id=MD2930834
2026-03-05T02:03:19.862+01:00 INFO payment-service host=payment-service-7c9d5b-p9qmz corrId=c-7e737759aed0f2c2 payment instruction sent loan_id=LN223269675 amount_dkk=6047.14
2026-03-05T02:03:19.877+01:00 INFO ledger-service host=ledger-service-5b8f6c-t6zvn corrId=c-7e737759aed0f2c2 ledger posting accepted loan_id=LN223269675 amount_dkk=6047.14 posting_id=PST-15c341da69
2026-03-05T02:03:19.962+01:00 INFO payment-service host=payment-service-5b8f6c-t6zvn corrId=c-7e737759aed0f2c2 payment settled loan_id=LN223269675 amount_dkk=6047.14
2026-03-05T02:03:20.017+01:00 INFO notification-service host=notification-service-a41e92-p9qmz corrId=c-7e737759aed0f2c2 payment receipt sent loan_id=LN223269675 channel=EMAIL
2026-03-05T02:04:53.455+01:00 INFO payment-scheduler host=payment-scheduler-5b8f6c-x2k4p corrId=c-d80eec06e50a769d instalment collection started loan_id=LN839338002 due_date=2026-03-19
2026-03-05T02:04:53.508+01:00 INFO payment-service host=payment-service-5b8f6c-x2k4p corrId=c-d80eec06e50a769d direct debit mandate verified loan_id=LN839338002 mandate_id=MD1847761
2026-03-05T02:04:53.605+01:00 INFO payment-service host=payment-service-7c9d5b-t6zvn corrId=c-d80eec06e50a769d payment instruction sent loan_id=LN839338002 amount_dkk=12770.63
2026-03-05T02:04:53.712+01:00 INFO ledger-service host=ledger-service-a41e92-x2k4p corrId=c-d80eec06e50a769d ledger posting accepted loan_id=LN839338002 amount_dkk=12770.63 posting_id=PST-4859a53458
2026-03-05T02:04:53.763+01:00 INFO payment-service host=payment-service-7c9d5b-x2k4p corrId=c-d80eec06e50a769d payment settled loan_id=LN839338002 amount_dkk=12770.63
2026-03-05T02:04:53.850+01:00 INFO notification-service host=notification-service-5b8f6c-x2k4p corrId=c-d80eec06e50a769d payment receipt sent loan_id=LN839338002 channel=DIGITAL_POST
2026-03-05T02:05:00.798+01:00 INFO api-gateway host=api-gateway-a41e92-t6zvn corrId=- health probe ok status=200 latency_ms=12
2026-03-05T02:07:43.717+01:00 INFO payment-scheduler host=payment-scheduler-7c9d5b-p9qmz corrId=c-6538442c245536e0 instalment collection started loan_id=LN236543805 due_date=2026-03-16
2026-03-05T02:07:43.761+01:00 INFO payment-service host=payment-service-5b8f6c-p9qmz corrId=c-6538442c245536e0 direct debit mandate verified loan_id=LN236543805 mandate_id=MD8084142
2026-03-05T02:07:43.800+01:00 INFO payment-service host=payment-service-a41e92-t6zvn corrId=c-6538442c245536e0 payment instruction sent loan_id=LN236543805 amount_dkk=5029.81
2026-03-05T02:07:43.868+01:00 INFO ledger-service host=ledger-service-5b8f6c-x2k4p corrId=c-6538442c245536e0 ledger posting accepted loan_id=LN236543805 amount_dkk=5029.81 posting_id=PST-cd1033a998
2026-03-05T02:07:43.933+01:00 INFO payment-service host=payment-service-a41e92-t6zvn corrId=c-6538442c245536e0 payment settled loan_id=LN236543805 amount_dkk=5029.81
2026-03-05T02:07:43.987+01:00 INFO notification-service host=notification-service-5b8f6c-p9qmz corrId=c-6538442c245536e0 payment receipt sent loan_id=LN236543805 channel=DIGITAL_POST
2026-03-05T02:08:48.508+01:00 INFO payment-scheduler host=payment-scheduler-7c9d5b-t6zvn corrId=c-480ddf39b0000364 instalment collection started loan_id=LN623193253 due_date=2026-03-21
2026-03-05T02:08:48.576+01:00 INFO payment-service host=payment-service-a41e92-x2k4p corrId=c-480ddf39b0000364 direct debit mandate verified loan_id=LN623193253 mandate_id=MD4616821
2026-03-05T02:08:48.637+01:00 INFO payment-service host=payment-service-7c9d5b-x2k4p corrId=c-480ddf39b0000364 payment instruction sent loan_id=LN623193253 amount_dkk=5409.60
2026-03-05T02:08:48.761+01:00 INFO ledger-service host=ledger-service-a41e92-x2k4p corrId=c-480ddf39b0000364 ledger posting accepted loan_id=LN623193253 amount_dkk=5409.60 posting_id=PST-f4308e3854
2026-03-05T02:08:48.824+01:00 INFO payment-service host=payment-service-7c9d5b-x2k4p corrId=c-480ddf39b0000364 payment settled loan_id=LN623193253 amount_dkk=5409.60
2026-03-05T02:08:48.950+01:00 INFO notification-service host=notification-service-5b8f6c-x2k4p corrId=c-480ddf39b0000364 payment receipt sent loan_id=LN623193253 channel=EMAIL
2026-03-05T02:10:00.553+01:00 INFO payment-scheduler host=payment-scheduler-5b8f6c-p9qmz corrId=- scheduler heartbeat lag_ms=75
2026-03-05T02:10:00.744+01:00 INFO api-gateway host=api-gateway-a41e92-t6zvn corrId=- health probe ok status=200 latency_ms=7
2026-03-05T02:10:06.713+01:00 INFO payment-scheduler host=payment-scheduler-a41e92-p9qmz corrId=c-82959d99066a202b instalment collection started loan_id=LN702070187 due_date=2026-03-28
2026-03-05T02:10:06.822+01:00 INFO payment-service host=payment-service-5b8f6c-t6zvn corrId=c-82959d99066a202b direct debit mandate verified loan_id=LN702070187 mandate_id=MD7620172
2026-03-05T02:10:06.877+01:00 INFO payment-service host=payment-service-7c9d5b-x2k4p corrId=c-82959d99066a202b payment instruction sent loan_id=LN702070187 amount_dkk=6169.82
2026-03-05T02:10:06.977+01:00 INFO ledger-service host=ledger-service-5b8f6c-x2k4p corrId=c-82959d99066a202b ledger posting accepted loan_id=LN702070187 amount_dkk=6169.82 posting_id=PST-950ec90388
2026-03-05T02:10:06.985+01:00 INFO payment-service host=payment-service-7c9d5b-t6zvn corrId=c-82959d99066a202b payment settled loan_id=LN702070187 amount_dkk=6169.82
2026-03-05T02:10:07.020+01:00 INFO notification-service host=notification-service-a41e92-x2k4p corrId=c-82959d99066a202b payment receipt sent loan_id=LN702070187 channel=DIGITAL_POST
2026-03-05T02:13:24.037+01:00 INFO payment-scheduler host=payment-scheduler-7c9d5b-p9qmz corrId=c-44fd015ea86256a4 instalment collection started loan_id=LN466949618 due_date=2026-03-03
2026-03-05T02:13:24.135+01:00 INFO payment-service host=payment-service-a41e92-x2k4p corrId=c-44fd015ea86256a4 direct debit mandate verified loan_id=LN466949618 mandate_id=MD2386062
2026-03-05T02:13:24.266+01:00 INFO payment-service host=payment-service-7c9d5b-x2k4p corrId=c-44fd015ea86256a4 payment instruction sent loan_id=LN466949618 amount_dkk=12462.94
2026-03-05T02:13:24.295+01:00 INFO ledger-service host=ledger-service-a41e92-p9qmz corrId=c-44fd015ea86256a4 ledger posting accepted loan_id=LN466949618 amount_dkk=12462.94 posting_id=PST-99c7124708
2026-03-05T02:13:24.324+01:00 INFO payment-service host=payment-service-7c9d5b-p9qmz corrId=c-44fd015ea86256a4 payment settled loan_id=LN466949618 amount_dkk=12462.94
2026-03-05T02:13:24.415+01:00 INFO notification-service host=notification-service-a41e92-t6zvn corrId=c-44fd015ea86256a4 payment receipt sent loan_id=LN466949618 channel=EMAIL
2026-03-05T02:13:51.901+01:00 INFO payment-scheduler host=payment-scheduler-a41e92-t6zvn corrId=c-0336f5f8f4211e9f instalment collection started loan_id=LN374577673 due_date=2026-03-05
2026-03-05T02:13:51.945+01:00 INFO payment-service host=payment-service-a41e92-p9qmz corrId=c-0336f5f8f4211e9f direct debit mandate verified loan_id=LN374577673 mandate_id=MD7327837
2026-03-05T02:13:52.082+01:00 INFO payment-service host=payment-service-a41e92-p9qmz corrId=c-0336f5f8f4211e9f payment instruction sent loan_id=LN374577673 amount_dkk=11646.63
2026-03-05T02:13:52.202+01:00 INFO ledger-service host=ledger-service-a41e92-p9qmz corrId=c-0336f5f8f4211e9f ledger posting accepted loan_id=LN374577673 amount_dkk=11646.63 posting_id=PST-ce44a94f5c
2026-03-05T02:13:52.266+01:00 INFO payment-service host=payment-service-a41e92-x2k4p corrId=c-0336f5f8f4211e9f payment settled loan_id=LN374577673 amount_dkk=11646.63
2026-03-05T02:13:52.348+01:00 INFO notification-service host=notification-service-5b8f6c-p9qmz corrId=c-0336f5f8f4211e9f payment receipt sent loan_id=LN374577673 channel=DIGITAL_POST
2026-03-05T02:15:00.782+01:00 INFO api-gateway host=api-gateway-5b8f6c-p9qmz corrId=- health probe ok status=200 latency_ms=35
2026-03-05T02:15:35.307+01:00 INFO payment-scheduler host=payment-scheduler-7c9d5b-x2k4p corrId=c-21bdc6138fc77f89 instalment collection started loan_id=LN104503042 due_date=2026-03-04
2026-03-05T02:15:35.427+01:00 INFO payment-service host=payment-service-a41e92-x2k4p corrId=c-21bdc6138fc77f89 direct debit mandate verified loan_id=LN104503042 mandate_id=MD8640838
2026-03-05T02:15:35.443+01:00 INFO payment-service host=payment-service-5b8f6c-p9qmz corrId=c-21bdc6138fc77f89 payment instruction sent loan_id=LN104503042 amount_dkk=12680.97
2026-03-05T02:15:35.480+01:00 INFO ledger-service host=ledger-service-a41e92-x2k4p corrId=c-21bdc6138fc77f89 ledger posting accepted loan_id=LN104503042 amount_dkk=12680.97 posting_id=PST-551ff6a38c
2026-03-05T02:15:35.555+01:00 INFO payment-service host=payment-service-a41e92-x2k4p corrId=c-21bdc6138fc77f89 payment settled loan_id=LN104503042 amount_dkk=12680.97
2026-03-05T02:15:35.670+01:00 INFO notification-service host=notification-service-5b8f6c-x2k4p corrId=c-21bdc6138fc77f89 payment receipt sent loan_id=LN104503042 channel=DIGITAL_POST
2026-03-05T02:16:13.202+01:00 INFO payment-scheduler host=payment-scheduler-5b8f6c-p9qmz corrId=c-bec3c326063b2bbe instalment collection started loan_id=LN319121687 due_date=2026-03-11
2026-03-05T02:16:13.340+01:00 INFO payment-service host=payment-service-7c9d5b-x2k4p corrId=c-bec3c326063b2bbe direct debit mandate verified loan_id=LN319121687 mandate_id=MD5841884
2026-03-05T02:16:13.369+01:00 INFO payment-service host=payment-service-a41e92-t6zvn corrId=c-bec3c326063b2bbe payment instruction sent loan_id=LN319121687 amount_dkk=15339.76
2026-03-05T02:16:13.384+01:00 WARN ledger-service host=ledger-service-a41e92-x2k4p corrId=c-bec3c326063b2bbe ledger posting retried loan_id=LN319121687 attempt=1
2026-03-05T02:16:13.490+01:00 INFO ledger-service host=ledger-service-7c9d5b-x2k4p corrId=c-bec3c326063b2bbe ledger posting accepted loan_id=LN319121687 amount_dkk=15339.76 posting_id=PST-44b85cc677
2026-03-05T02:16:13.566+01:00 INFO payment-service host=payment-service-5b8f6c-p9qmz corrId=c-bec3c326063b2bbe payment settled loan_id=LN319121687 amount_dkk=15339.76
2026-03-05T02:16:13.682+01:00 INFO notification-service host=notification-service-5b8f6c-x2k4p corrId=c-bec3c326063b2bbe payment receipt sent loan_id=LN319121687 channel=DIGITAL_POST
2026-03-05T02:16:36.965+01:00 INFO payment-scheduler host=payment-scheduler-a41e92-x2k4p corrId=c-51118380ff443f40 instalment collection started loan_id=LN568149310 due_date=2026-03-21
2026-03-05T02:16:37.051+01:00 INFO payment-service host=payment-service-a41e92-t6zvn corrId=c-51118380ff443f40 direct debit mandate verified loan_id=LN568149310 mandate_id=MD2195141
2026-03-05T02:16:37.144+01:00 INFO payment-service host=payment-service-a41e92-p9qmz corrId=c-51118380ff443f40 payment instruction sent loan_id=LN568149310 amount_dkk=5784.94
2026-03-05T02:16:37.273+01:00 INFO ledger-service host=ledger-service-a41e92-x2k4p corrId=c-51118380ff443f40 ledger posting accepted loan_id=LN568149310 amount_dkk=5784.94 posting_id=PST-4ad5bfa7d2
2026-03-05T02:16:37.280+01:00 INFO payment-service host=payment-service-5b8f6c-t6zvn corrId=c-51118380ff443f40 payment settled loan_id=LN568149310 amount_dkk=5784.94
2026-03-05T02:16:37.381+01:00 INFO notification-service host=notification-service-a41e92-t6zvn corrId=c-51118380ff443f40 payment receipt sent loan_id=LN568149310 channel=DIGITAL_POST
2026-03-05T02:17:24.521+01:00 INFO payment-scheduler host=payment-scheduler-5b8f6c-t6zvn corrId=c-8705c584e7cefae0 instalment collection started loan_id=LN398729958 due_date=2026-03-05
2026-03-05T02:17:24.609+01:00 INFO payment-service host=payment-service-a41e92-p9qmz corrId=c-8705c584e7cefae0 direct debit mandate verified loan_id=LN398729958 mandate_id=MD0294164
2026-03-05T02:17:24.712+01:00 INFO payment-service host=payment-service-a41e92-x2k4p corrId=c-8705c584e7cefae0 payment instruction sent loan_id=LN398729958 amount_dkk=14323.74
2026-03-05T02:17:24.832+01:00 INFO ledger-service host=ledger-service-a41e92-p9qmz corrId=c-8705c584e7cefae0 ledger posting accepted loan_id=LN398729958 amount_dkk=14323.74 posting_id=PST-decc9e90a5
2026-03-05T02:17:24.837+01:00 INFO payment-service host=payment-service-5b8f6c-p9qmz corrId=c-8705c584e7cefae0 payment settled loan_id=LN398729958 amount_dkk=14323.74
2026-03-05T02:17:24.960+01:00 INFO notification-service host=notification-service-5b8f6c-t6zvn corrId=c-8705c584e7cefae0 payment receipt sent loan_id=LN398729958 channel=DIGITAL_POST
2026-03-05T02:17:42.128+01:00 INFO payment-scheduler host=payment-scheduler-a41e92-t6zvn corrId=c-f8de0929ebbb2b99 instalment collection started loan_id=LN108824833 due_date=2026-03-26
2026-03-05T02:17:42.154+01:00 INFO payment-service host=payment-service-5b8f6c-p9qmz corrId=c-f8de0929ebbb2b99 direct debit mandate verified loan_id=LN108824833 mandate_id=MD5261577
2026-03-05T02:17:42.234+01:00 INFO payment-service host=payment-service-a41e92-p9qmz corrId=c-f8de0929ebbb2b99 payment instruction sent loan_id=LN108824833 amount_dkk=8875.50
2026-03-05T02:17:42.346+01:00 INFO ledger-service host=ledger-service-5b8f6c-t6zvn corrId=c-f8de0929ebbb2b99 ledger posting accepted loan_id=LN108824833 amount_dkk=8875.50 posting_id=PST-f5e4505872
2026-03-05T02:17:42.435+01:00 INFO payment-service host=payment-service-a41e92-p9qmz corrId=c-f8de0929ebbb2b99 payment settled loan_id=LN108824833 amount_dkk=8875.50
2026-03-05T02:17:42.502+01:00 INFO notification-service host=notification-service-5b8f6c-p9qmz corrId=c-f8de0929ebbb2b99 payment receipt sent loan_id=LN108824833 channel=DIGITAL_POST
2026-03-05T02:17:49.097+01:00 INFO payment-scheduler host=payment-scheduler-7c9d5b-x2k4p corrId=c-504275a85661d621 instalment collection started loan_id=LN146547628 due_date=2026-03-24
2026-03-05T02:17:49.106+01:00 INFO payment-service host=payment-service-7c9d5b-p9qmz corrId=c-504275a85661d621 direct debit mandate verified loan_id=LN146547628 mandate_id=MD2665616
2026-03-05T02:17:49.158+01:00 INFO payment-service host=payment-service-a41e92-p9qmz corrId=c-504275a85661d621 payment instruction sent loan_id=LN146547628 amount_dkk=15150.22
2026-03-05T02:17:49.230+01:00 INFO ledger-service host=ledger-service-7c9d5b-t6zvn corrId=c-504275a85661d621 ledger posting accepted loan_id=LN146547628 amount_dkk=15150.22 posting_id=PST-97babde1bd
2026-03-05T02:17:49.348+01:00 INFO payment-service host=payment-service-7c9d5b-t6zvn corrId=c-504275a85661d621 payment settled loan_id=LN146547628 amount_dkk=15150.22
2026-03-05T02:17:49.467+01:00 INFO notification-service host=notification-service-7c9d5b-x2k4p corrId=c-504275a85661d621 payment receipt sent loan_id=LN146547628 channel=DIGITAL_POST
2026-03-05T02:18:04.729+01:00 INFO payment-scheduler host=payment-scheduler-a41e92-p9qmz corrId=c-197e91c8388cce40 instalment collection started loan_id=LN605464444 due_date=2026-03-15
2026-03-05T02:18:04.820+01:00 INFO payment-service host=payment-service-5b8f6c-t6zvn corrId=c-197e91c8388cce40 direct debit mandate verified loan_id=LN605464444 mandate_id=MD6428386
2026-03-05T02:18:04.888+01:00 INFO payment-service host=payment-service-5b8f6c-t6zvn corrId=c-197e91c8388cce40 payment instruction sent loan_id=LN605464444 amount_dkk=8613.82
2026-03-05T02:18:04.958+01:00 INFO ledger-service host=ledger-service-a41e92-t6zvn corrId=c-197e91c8388cce40 ledger posting accepted loan_id=LN605464444 amount_dkk=8613.82 posting_id=PST-447e8b19b7
2026-03-05T02:18:05.029+01:00 INFO payment-service host=payment-service-7c9d5b-t6zvn corrId=c-197e91c8388cce40 payment settled loan_id=LN605464444 amount_dkk=8613.82
2026-03-05T02:18:05.138+01:00 INFO notification-service host=notification-service-7c9d5b-t6zvn corrId=c-197e91c8388cce40 payment receipt sent loan_id=LN605464444 channel=DIGITAL_POST
2026-03-05T02:18:24.280+01:00 INFO payment-scheduler host=payment-scheduler-5b8f6c-t6zvn corrId=c-40d3f255813c7fbb instalment collection started loan_id=LN855136856 due_date=2026-03-22
2026-03-05T02:18:24.287+01:00 INFO payment-service host=payment-service-a41e92-t6zvn corrId=c-40d3f255813c7fbb direct debit mandate verified loan_id=LN855136856 mandate_id=MD6365785
2026-03-05T02:18:24.388+01:00 INFO payment-service host=payment-service-5b8f6c-p9qmz corrId=c-40d3f255813c7fbb payment instruction sent loan_id=LN855136856 amount_dkk=10700.77
2026-03-05T02:18:24.445+01:00 INFO ledger-service host=ledger-service-5b8f6c-x2k4p corrId=c-40d3f255813c7fbb ledger posting accepted loan_id=LN855136856 amount_dkk=10700.77 posting_id=PST-ad08b81bcc
2026-03-05T02:18:24.577+01:00 INFO payment-service host=payment-service-a41e92-p9qmz corrId=c-40d3f255813c7fbb payment settled loan_id=LN855136856 amount_dkk=10700.77
2026-03-05T02:18:24.684+01:00 INFO notification-service host=notification-service-a41e92-t6zvn corrId=c-40d3f255813c7fbb payment receipt sent loan_id=LN855136856 channel=DIGITAL_POST
2026-03-05T02:20:00.454+01:00 INFO api-gateway host=api-gateway-5b8f6c-p9qmz corrId=- health probe ok status=200 latency_ms=35
2026-03-05T02:20:00.627+01:00 INFO payment-scheduler host=payment-scheduler-a41e92-t6zvn corrId=- scheduler heartbeat lag_ms=41
2026-03-05T02:20:18.598+01:00 INFO payment-scheduler host=payment-scheduler-7c9d5b-x2k4p corrId=c-aa03ca152327041e instalment collection started loan_id=LN735011434 due_date=2026-03-11
2026-03-05T02:20:18.651+01:00 INFO payment-service host=payment-service-5b8f6c-x2k4p corrId=c-aa03ca152327041e direct debit mandate verified loan_id=LN735011434 mandate_id=MD3206480
2026-03-05T02:20:18.728+01:00 INFO payment-service host=payment-service-a41e92-p9qmz corrId=c-aa03ca152327041e payment instruction sent loan_id=LN735011434 amount_dkk=4513.06
2026-03-05T02:20:18.762+01:00 INFO ledger-service host=ledger-service-a41e92-x2k4p corrId=c-aa03ca152327041e ledger posting accepted loan_id=LN735011434 amount_dkk=4513.06 posting_id=PST-7f9af224a9
2026-03-05T02:20:18.769+01:00 INFO payment-service host=payment-service-7c9d5b-x2k4p corrId=c-aa03ca152327041e payment settled loan_id=LN735011434 amount_dkk=4513.06
2026-03-05T02:20:18.812+01:00 INFO notification-service host=notification-service-7c9d5b-p9qmz corrId=c-aa03ca152327041e payment receipt sent loan_id=LN735011434 channel=DIGITAL_POST
2026-03-05T02:20:38.818+01:00 INFO payment-scheduler host=payment-scheduler-a41e92-t6zvn corrId=c-d43ddbfad7b9f2b2 instalment collection started loan_id=LN896374744 due_date=2026-03-01
2026-03-05T02:20:38.879+01:00 INFO payment-service host=payment-service-a41e92-x2k4p corrId=c-d43ddbfad7b9f2b2 direct debit mandate verified loan_id=LN896374744 mandate_id=MD3128431
2026-03-05T02:20:38.964+01:00 INFO payment-service host=payment-service-5b8f6c-t6zvn corrId=c-d43ddbfad7b9f2b2 payment instruction sent loan_id=LN896374744 amount_dkk=10396.41
2026-03-05T02:20:39.022+01:00 INFO ledger-service host=ledger-service-5b8f6c-x2k4p corrId=c-d43ddbfad7b9f2b2 ledger posting accepted loan_id=LN896374744 amount_dkk=10396.41 posting_id=PST-db7ea7c8cb
2026-03-05T02:20:39.037+01:00 INFO payment-service host=payment-service-a41e92-x2k4p corrId=c-d43ddbfad7b9f2b2 payment settled loan_id=LN896374744 amount_dkk=10396.41
2026-03-05T02:20:39.123+01:00 INFO notification-service host=notification-service-7c9d5b-t6zvn corrId=c-d43ddbfad7b9f2b2 payment receipt sent loan_id=LN896374744 channel=EMAIL
2026-03-05T02:20:59.922+01:00 INFO payment-scheduler host=payment-scheduler-7c9d5b-p9qmz corrId=c-2e6e6766a2eaa6f4 instalment collection started loan_id=LN143999420 due_date=2026-03-09
2026-03-05T02:20:59.938+01:00 INFO payment-service host=payment-service-5b8f6c-t6zvn corrId=c-2e6e6766a2eaa6f4 direct debit mandate verified loan_id=LN143999420 mandate_id=MD5816635
2026-03-05T02:20:59.995+01:00 INFO payment-service host=payment-service-7c9d5b-t6zvn corrId=c-2e6e6766a2eaa6f4 payment instruction sent loan_id=LN143999420 amount_dkk=8944.83
2026-03-05T02:21:00.024+01:00 INFO ledger-service host=ledger-service-7c9d5b-x2k4p corrId=c-2e6e6766a2eaa6f4 ledger posting accepted loan_id=LN143999420 amount_dkk=8944.83 posting_id=PST-39c6558202
2026-03-05T02:21:00.042+01:00 INFO payment-service host=payment-service-a41e92-x2k4p corrId=c-2e6e6766a2eaa6f4 payment settled loan_id=LN143999420 amount_dkk=8944.83
2026-03-05T02:21:00.087+01:00 INFO notification-service host=notification-service-a41e92-x2k4p corrId=c-2e6e6766a2eaa6f4 payment receipt sent loan_id=LN143999420 channel=DIGITAL_POST
2026-03-05T02:21:16.012+01:00 INFO payment-scheduler host=payment-scheduler-a41e92-t6zvn corrId=c-b0e7665c42b58c02 instalment collection started loan_id=LN709366566 due_date=2026-03-14
2026-03-05T02:21:16.118+01:00 INFO payment-service host=payment-service-7c9d5b-t6zvn corrId=c-b0e7665c42b58c02 direct debit mandate verified loan_id=LN709366566 mandate_id=MD1749570
2026-03-05T02:21:16.220+01:00 INFO payment-service host=payment-service-a41e92-x2k4p corrId=c-b0e7665c42b58c02 payment instruction sent loan_id=LN709366566 amount_dkk=5285.93
2026-03-05T02:21:16.341+01:00 INFO ledger-service host=ledger-service-a41e92-x2k4p corrId=c-b0e7665c42b58c02 ledger posting accepted loan_id=LN709366566 amount_dkk=5285.93 posting_id=PST-0856e3f35d
2026-03-05T02:21:16.361+01:00 INFO payment-service host=payment-service-a41e92-x2k4p corrId=c-b0e7665c42b58c02 payment settled loan_id=LN709366566 amount_dkk=5285.93
2026-03-05T02:21:16.417+01:00 INFO notification-service host=notification-service-a41e92-x2k4p corrId=c-b0e7665c42b58c02 payment receipt sent loan_id=LN709366566 channel=DIGITAL_POST
2026-03-05T02:21:53.573+01:00 INFO payment-scheduler host=payment-scheduler-5b8f6c-t6zvn corrId=c-840c88e008ce3d01 instalment collection started loan_id=LN101350226 due_date=2026-03-26
2026-03-05T02:21:53.579+01:00 INFO payment-service host=payment-service-5b8f6c-t6zvn corrId=c-840c88e008ce3d01 direct debit mandate verified loan_id=LN101350226 mandate_id=MD4528970
2026-03-05T02:21:53.664+01:00 INFO payment-service host=payment-service-5b8f6c-t6zvn corrId=c-840c88e008ce3d01 payment instruction sent loan_id=LN101350226 amount_dkk=9891.05
2026-03-05T02:21:53.751+01:00 INFO ledger-service host=ledger-service-a41e92-x2k4p corrId=c-840c88e008ce3d01 ledger posting accepted loan_id=LN101350226 amount_dkk=9891.05 posting_id=PST-f61c20759c
2026-03-05T02:21:53.829+01:00 INFO payment-service host=payment-service-a41e92-x2k4p corrId=c-840c88e008ce3d01 payment settled loan_id=LN101350226 amount_dkk=9891.05
2026-03-05T02:21:53.877+01:00 INFO notification-service host=notification-service-a41e92-p9qmz corrId=c-840c88e008ce3d01 payment receipt sent loan_id=LN101350226 channel=DIGITAL_POST
2026-03-05T02:22:06.750+01:00 INFO payment-scheduler host=payment-scheduler-a41e92-x2k4p corrId=c-5ea4e0a6b7caea5d instalment collection started loan_id=LN390831537 due_date=2026-03-19
2026-03-05T02:22:06.868+01:00 INFO payment-service host=payment-service-a41e92-t6zvn corrId=c-5ea4e0a6b7caea5d direct debit mandate verified loan_id=LN390831537 mandate_id=MD3547966
2026-03-05T02:22:06.909+01:00 INFO payment-service host=payment-service-7c9d5b-x2k4p corrId=c-5ea4e0a6b7caea5d payment instruction sent loan_id=LN390831537 amount_dkk=16157.64
2026-03-05T02:22:06.964+01:00 INFO ledger-service host=ledger-service-5b8f6c-t6zvn corrId=c-5ea4e0a6b7caea5d ledger posting accepted loan_id=LN390831537 amount_dkk=16157.64 posting_id=PST-8d48393c19
2026-03-05T02:22:07.030+01:00 INFO payment-service host=payment-service-a41e92-p9qmz corrId=c-5ea4e0a6b7caea5d payment settled loan_id=LN390831537 amount_dkk=16157.64
2026-03-05T02:22:07.043+01:00 INFO notification-service host=notification-service-7c9d5b-x2k4p corrId=c-5ea4e0a6b7caea5d payment receipt sent loan_id=LN390831537 channel=DIGITAL_POST
2026-03-05T02:23:03.731+01:00 INFO payment-scheduler host=payment-scheduler-5b8f6c-x2k4p corrId=c-e69ac72939322106 instalment collection started loan_id=LN019980031 due_date=2026-03-28
2026-03-05T02:23:03.750+01:00 INFO payment-service host=payment-service-5b8f6c-x2k4p corrId=c-e69ac72939322106 direct debit mandate verified loan_id=LN019980031 mandate_id=MD0809823
2026-03-05T02:23:03.801+01:00 INFO payment-service host=payment-service-a41e92-p9qmz corrId=c-e69ac72939322106 payment instruction sent loan_id=LN019980031 amount_dkk=4820.28
2026-03-05T02:23:03.905+01:00 INFO ledger-service host=ledger-service-a41e92-x2k4p corrId=c-e69ac72939322106 ledger posting accepted loan_id=LN019980031 amount_dkk=4820.28 posting_id=PST-2fad7302a7
2026-03-05T02:23:03.982+01:00 INFO payment-service host=payment-service-7c9d5b-x2k4p corrId=c-e69ac72939322106 payment settled loan_id=LN019980031 amount_dkk=4820.28
2026-03-05T02:23:04.050+01:00 INFO notification-service host=notification-service-7c9d5b-t6zvn corrId=c-e69ac72939322106 payment receipt sent loan_id=LN019980031 channel=DIGITAL_POST
2026-03-05T02:24:30.958+01:00 INFO payment-scheduler host=payment-scheduler-7c9d5b-p9qmz corrId=c-e4916e46c43dbb24 instalment collection started loan_id=LN452731471 due_date=2026-03-23
2026-03-05T02:24:30.973+01:00 INFO payment-service host=payment-service-5b8f6c-x2k4p corrId=c-e4916e46c43dbb24 direct debit mandate verified loan_id=LN452731471 mandate_id=MD8394054
2026-03-05T02:24:31.084+01:00 INFO payment-service host=payment-service-5b8f6c-p9qmz corrId=c-e4916e46c43dbb24 payment instruction sent loan_id=LN452731471 amount_dkk=7797.87
2026-03-05T02:24:31.143+01:00 INFO ledger-service host=ledger-service-5b8f6c-x2k4p corrId=c-e4916e46c43dbb24 ledger posting accepted loan_id=LN452731471 amount_dkk=7797.87 posting_id=PST-62c07f5a7b
2026-03-05T02:24:31.176+01:00 INFO payment-service host=payment-service-5b8f6c-p9qmz corrId=c-e4916e46c43dbb24 payment settled loan_id=LN452731471 amount_dkk=7797.87
2026-03-05T02:24:31.214+01:00 INFO notification-service host=notification-service-a41e92-x2k4p corrId=c-e4916e46c43dbb24 payment receipt sent loan_id=LN452731471 channel=DIGITAL_POST
2026-03-05T02:24:58.311+01:00 INFO payment-scheduler host=payment-scheduler-5b8f6c-p9qmz corrId=c-e0e7b39043696c08 instalment collection started loan_id=LN190180417 due_date=2026-03-16
2026-03-05T02:24:58.396+01:00 INFO payment-service host=payment-service-a41e92-p9qmz corrId=c-e0e7b39043696c08 direct debit mandate verified loan_id=LN190180417 mandate_id=MD2097880
2026-03-05T02:24:58.428+01:00 INFO payment-service host=payment-service-a41e92-t6zvn corrId=c-e0e7b39043696c08 payment instruction sent loan_id=LN190180417 amount_dkk=15981.70
2026-03-05T02:24:58.542+01:00 INFO ledger-service host=ledger-service-7c9d5b-p9qmz corrId=c-e0e7b39043696c08 ledger posting accepted loan_id=LN190180417 amount_dkk=15981.70 posting_id=PST-3af429051c
2026-03-05T02:24:58.552+01:00 INFO payment-service host=payment-service-7c9d5b-t6zvn corrId=c-e0e7b39043696c08 payment settled loan_id=LN190180417 amount_dkk=15981.70
2026-03-05T02:24:58.574+01:00 INFO notification-service host=notification-service-5b8f6c-t6zvn corrId=c-e0e7b39043696c08 payment receipt sent loan_id=LN190180417 channel=DIGITAL_POST
2026-03-05T02:25:00.871+01:00 INFO api-gateway host=api-gateway-7c9d5b-t6zvn corrId=- health probe ok status=200 latency_ms=16
2026-03-05T02:25:04.703+01:00 INFO payment-scheduler host=payment-scheduler-7c9d5b-x2k4p corrId=c-30fdcaefc1d2dd00 instalment collection started loan_id=LN137205406 due_date=2026-03-12
2026-03-05T02:25:04.716+01:00 INFO payment-service host=payment-service-a41e92-p9qmz corrId=c-30fdcaefc1d2dd00 direct debit mandate verified loan_id=LN137205406 mandate_id=MD8688188
2026-03-05T02:25:04.778+01:00 INFO payment-service host=payment-service-5b8f6c-p9qmz corrId=c-30fdcaefc1d2dd00 payment instruction sent loan_id=LN137205406 amount_dkk=17887.18
2026-03-05T02:25:04.806+01:00 INFO ledger-service host=ledger-service-7c9d5b-p9qmz corrId=c-30fdcaefc1d2dd00 ledger posting accepted loan_id=LN137205406 amount_dkk=17887.18 posting_id=PST-f606590564
2026-03-05T02:25:04.839+01:00 INFO payment-service host=payment-service-a41e92-x2k4p corrId=c-30fdcaefc1d2dd00 payment settled loan_id=LN137205406 amount_dkk=17887.18
2026-03-05T02:25:04.870+01:00 INFO notification-service host=notification-service-7c9d5b-p9qmz corrId=c-30fdcaefc1d2dd00 payment receipt sent loan_id=LN137205406 channel=EMAIL
2026-03-05T02:25:36.420+01:00 INFO payment-scheduler host=payment-scheduler-5b8f6c-p9qmz corrId=c-7083a04748a2c31b instalment collection started loan_id=LN015573566 due_date=2026-03-09
2026-03-05T02:25:36.441+01:00 INFO payment-service host=payment-service-5b8f6c-p9qmz corrId=c-7083a04748a2c31b direct debit mandate verified loan_id=LN015573566 mandate_id=MD0222387
2026-03-05T02:25:36.548+01:00 INFO payment-service host=payment-service-7c9d5b-p9qmz corrId=c-7083a04748a2c31b payment instruction sent loan_id=LN015573566 amount_dkk=7259.02
2026-03-05T02:25:36.655+01:00 INFO ledger-service host=ledger-service-5b8f6c-t6zvn corrId=c-7083a04748a2c31b ledger posting accepted loan_id=LN015573566 amount_dkk=7259.02 posting_id=PST-0211dbb220
2026-03-05T02:25:36.668+01:00 INFO payment-service host=payment-service-7c9d5b-x2k4p corrId=c-7083a04748a2c31b payment settled loan_id=LN015573566 amount_dkk=7259.02
2026-03-05T02:25:36.766+01:00 INFO notification-service host=notification-service-a41e92-p9qmz corrId=c-7083a04748a2c31b payment receipt sent loan_id=LN015573566 channel=EMAIL
2026-03-05T02:27:51.450+01:00 INFO payment-scheduler host=payment-scheduler-7c9d5b-p9qmz corrId=c-65f4ef3443109038 instalment collection started loan_id=LN056701829 due_date=2026-03-14
2026-03-05T02:27:51.579+01:00 INFO payment-service host=payment-service-7c9d5b-x2k4p corrId=c-65f4ef3443109038 direct debit mandate verified loan_id=LN056701829 mandate_id=MD6270167
2026-03-05T02:27:51.673+01:00 INFO payment-service host=payment-service-7c9d5b-p9qmz corrId=c-65f4ef3443109038 payment instruction sent loan_id=LN056701829 amount_dkk=11009.61
2026-03-05T02:27:51.797+01:00 INFO ledger-service host=ledger-service-a41e92-p9qmz corrId=c-65f4ef3443109038 ledger posting accepted loan_id=LN056701829 amount_dkk=11009.61 posting_id=PST-a9c07682f1
2026-03-05T02:27:51.822+01:00 INFO payment-service host=payment-service-5b8f6c-t6zvn corrId=c-65f4ef3443109038 payment settled loan_id=LN056701829 amount_dkk=11009.61
2026-03-05T02:27:51.850+01:00 INFO notification-service host=notification-service-a41e92-t6zvn corrId=c-65f4ef3443109038 payment receipt sent loan_id=LN056701829 channel=DIGITAL_POST
2026-03-05T02:28:29.430+01:00 INFO payment-scheduler host=payment-scheduler-5b8f6c-p9qmz corrId=c-e2c69fa14b78feb2 instalment collection started loan_id=LN342880492 due_date=2026-03-24
2026-03-05T02:28:29.562+01:00 INFO payment-service host=payment-service-a41e92-t6zvn corrId=c-e2c69fa14b78feb2 direct debit mandate verified loan_id=LN342880492 mandate_id=MD2751715
2026-03-05T02:28:29.632+01:00 INFO payment-service host=payment-service-5b8f6c-x2k4p corrId=c-e2c69fa14b78feb2 payment instruction sent loan_id=LN342880492 amount_dkk=2889.60
2026-03-05T02:28:29.647+01:00 INFO ledger-service host=ledger-service-7c9d5b-x2k4p corrId=c-e2c69fa14b78feb2 ledger posting accepted loan_id=LN342880492 amount_dkk=2889.60 posting_id=PST-e66652e3a4
2026-03-05T02:28:29.658+01:00 INFO payment-service host=payment-service-a41e92-t6zvn corrId=c-e2c69fa14b78feb2 payment settled loan_id=LN342880492 amount_dkk=2889.60
2026-03-05T02:28:29.781+01:00 INFO notification-service host=notification-service-5b8f6c-x2k4p corrId=c-e2c69fa14b78feb2 payment receipt sent loan_id=LN342880492 channel=DIGITAL_POST
2026-03-05T02:28:33.684+01:00 INFO payment-scheduler host=payment-scheduler-a41e92-t6zvn corrId=c-ebfad1d7faab4e48 instalment collection started loan_id=LN114164762 due_date=2026-03-10
2026-03-05T02:28:33.761+01:00 INFO payment-service host=payment-service-a41e92-x2k4p corrId=c-ebfad1d7faab4e48 direct debit mandate verified loan_id=LN114164762 mandate_id=MD3282103
2026-03-05T02:28:33.873+01:00 INFO payment-service host=payment-service-5b8f6c-t6zvn corrId=c-ebfad1d7faab4e48 payment instruction sent loan_id=LN114164762 amount_dkk=3508.52
2026-03-05T02:28:33.992+01:00 INFO ledger-service host=ledger-service-7c9d5b-p9qmz corrId=c-ebfad1d7faab4e48 ledger posting accepted loan_id=LN114164762 amount_dkk=3508.52 posting_id=PST-91b4d9280c
2026-03-05T02:28:34.031+01:00 INFO payment-service host=payment-service-7c9d5b-t6zvn corrId=c-ebfad1d7faab4e48 payment settled loan_id=LN114164762 amount_dkk=3508.52
2026-03-05T02:28:34.102+01:00 INFO notification-service host=notification-service-5b8f6c-x2k4p corrId=c-ebfad1d7faab4e48 payment receipt sent loan_id=LN114164762 channel=EMAIL
2026-03-05T02:28:48.224+01:00 INFO payment-scheduler host=payment-scheduler-7c9d5b-p9qmz corrId=c-b83463d19b7bd008 instalment collection started loan_id=LN321124305 due_date=2026-03-27
2026-03-05T02:28:48.348+01:00 INFO payment-service host=payment-service-5b8f6c-t6zvn corrId=c-b83463d19b7bd008 direct debit mandate verified loan_id=LN321124305 mandate_id=MD6337492
2026-03-05T02:28:48.378+01:00 INFO payment-service host=payment-service-5b8f6c-t6zvn corrId=c-b83463d19b7bd008 payment instruction sent loan_id=LN321124305 amount_dkk=17267.41
2026-03-05T02:28:48.434+01:00 INFO ledger-service host=ledger-service-7c9d5b-p9qmz corrId=c-b83463d19b7bd008 ledger posting accepted loan_id=LN321124305 amount_dkk=17267.41 posting_id=PST-1cb6413409
2026-03-05T02:28:48.457+01:00 INFO payment-service host=payment-service-7c9d5b-p9qmz corrId=c-b83463d19b7bd008 payment settled loan_id=LN321124305 amount_dkk=17267.41
2026-03-05T02:28:48.596+01:00 INFO notification-service host=notification-service-a41e92-t6zvn corrId=c-b83463d19b7bd008 payment receipt sent loan_id=LN321124305 channel=DIGITAL_POST
2026-03-05T02:30:00.377+01:00 INFO payment-scheduler host=payment-scheduler-5b8f6c-p9qmz corrId=- scheduler heartbeat lag_ms=0
2026-03-05T02:30:00.528+01:00 INFO api-gateway host=api-gateway-7c9d5b-x2k4p corrId=- health probe ok status=200 latency_ms=11
2026-03-05T02:30:33.731+01:00 INFO payment-scheduler host=payment-scheduler-7c9d5b-t6zvn corrId=c-125fb9bae6279534 instalment collection started loan_id=LN880247130 due_date=2026-03-22
2026-03-05T02:30:33.747+01:00 INFO payment-service host=payment-service-5b8f6c-p9qmz corrId=c-125fb9bae6279534 direct debit mandate verified loan_id=LN880247130 mandate_id=MD2734253
2026-03-05T02:30:33.861+01:00 INFO payment-service host=payment-service-5b8f6c-t6zvn corrId=c-125fb9bae6279534 payment instruction sent loan_id=LN880247130 amount_dkk=4090.05
2026-03-05T02:30:33.976+01:00 WARN ledger-service host=ledger-service-a41e92-p9qmz corrId=c-125fb9bae6279534 ledger posting retried loan_id=LN880247130 attempt=1
2026-03-05T02:30:34.050+01:00 INFO ledger-service host=ledger-service-a41e92-p9qmz corrId=c-125fb9bae6279534 ledger posting accepted loan_id=LN880247130 amount_dkk=4090.05 posting_id=PST-fd1e6f35f5
2026-03-05T02:30:34.177+01:00 INFO payment-service host=payment-service-7c9d5b-p9qmz corrId=c-125fb9bae6279534 payment settled loan_id=LN880247130 amount_dkk=4090.05
2026-03-05T02:30:34.260+01:00 INFO notification-service host=notification-service-5b8f6c-p9qmz corrId=c-125fb9bae6279534 payment receipt sent loan_id=LN880247130 channel=DIGITAL_POST
2026-03-05T02:30:40.756+01:00 INFO payment-scheduler host=payment-scheduler-a41e92-t6zvn corrId=c-479066849812f197 instalment collection started loan_id=LN075608283 due_date=2026-03-09
2026-03-05T02:30:40.860+01:00 INFO payment-service host=payment-service-a41e92-p9qmz corrId=c-479066849812f197 direct debit mandate verified loan_id=LN075608283 mandate_id=MD6064999
2026-03-05T02:30:40.974+01:00 INFO payment-service host=payment-service-5b8f6c-p9qmz corrId=c-479066849812f197 payment instruction sent loan_id=LN075608283 amount_dkk=4042.40
2026-03-05T02:30:41.068+01:00 INFO ledger-service host=ledger-service-a41e92-t6zvn corrId=c-479066849812f197 ledger posting accepted loan_id=LN075608283 amount_dkk=4042.40 posting_id=PST-ee36f17c75
2026-03-05T02:30:41.172+01:00 INFO payment-service host=payment-service-5b8f6c-t6zvn corrId=c-479066849812f197 payment settled loan_id=LN075608283 amount_dkk=4042.40
2026-03-05T02:30:41.183+01:00 INFO notification-service host=notification-service-5b8f6c-p9qmz corrId=c-479066849812f197 payment receipt sent loan_id=LN075608283 channel=DIGITAL_POST
2026-03-05T02:32:07.705+01:00 INFO payment-scheduler host=payment-scheduler-7c9d5b-x2k4p corrId=c-df19d7b30d93dc4e instalment collection started loan_id=LN538407362 due_date=2026-03-24
2026-03-05T02:32:07.840+01:00 INFO payment-service host=payment-service-a41e92-t6zvn corrId=c-df19d7b30d93dc4e direct debit mandate verified loan_id=LN538407362 mandate_id=MD5264996
2026-03-05T02:32:07.849+01:00 INFO payment-service host=payment-service-7c9d5b-t6zvn corrId=c-df19d7b30d93dc4e payment instruction sent loan_id=LN538407362 amount_dkk=5069.09
2026-03-05T02:32:07.939+01:00 INFO ledger-service host=ledger-service-5b8f6c-t6zvn corrId=c-df19d7b30d93dc4e ledger posting accepted loan_id=LN538407362 amount_dkk=5069.09 posting_id=PST-86ca4f190b
2026-03-05T02:32:07.950+01:00 INFO payment-service host=payment-service-7c9d5b-t6zvn corrId=c-df19d7b30d93dc4e payment settled loan_id=LN538407362 amount_dkk=5069.09
2026-03-05T02:32:08.061+01:00 INFO notification-service host=notification-service-7c9d5b-t6zvn corrId=c-df19d7b30d93dc4e payment receipt sent loan_id=LN538407362 channel=DIGITAL_POST
2026-03-05T02:32:08.698+01:00 INFO payment-scheduler host=payment-scheduler-a41e92-x2k4p corrId=c-8825df63258c47b9 instalment collection started loan_id=LN386637240 due_date=2026-03-01
2026-03-05T02:32:08.729+01:00 INFO payment-service host=payment-service-a41e92-p9qmz corrId=c-8825df63258c47b9 direct debit mandate verified loan_id=LN386637240 mandate_id=MD8208817
2026-03-05T02:32:08.757+01:00 INFO payment-service host=payment-service-a41e92-x2k4p corrId=c-8825df63258c47b9 payment instruction sent loan_id=LN386637240 amount_dkk=12146.28
2026-03-05T02:32:08.779+01:00 INFO ledger-service host=ledger-service-5b8f6c-t6zvn corrId=c-8825df63258c47b9 ledger posting accepted loan_id=LN386637240 amount_dkk=12146.28 posting_id=PST-dd003c7212
2026-03-05T02:32:08.789+01:00 INFO payment-service host=payment-service-5b8f6c-p9qmz corrId=c-8825df63258c47b9 payment settled loan_id=LN386637240 amount_dkk=12146.28
2026-03-05T02:32:08.798+01:00 INFO notification-service host=notification-service-a41e92-x2k4p corrId=c-8825df63258c47b9 payment receipt sent loan_id=LN386637240 channel=DIGITAL_POST
2026-03-05T02:32:14.130+01:00 INFO payment-scheduler host=payment-scheduler-a41e92-p9qmz corrId=c-9d760feae69a8ee2 instalment collection started loan_id=LN932439012 due_date=2026-03-17
2026-03-05T02:32:14.145+01:00 INFO payment-service host=payment-service-a41e92-t6zvn corrId=c-9d760feae69a8ee2 direct debit mandate verified loan_id=LN932439012 mandate_id=MD1377311
2026-03-05T02:32:14.262+01:00 INFO payment-service host=payment-service-5b8f6c-t6zvn corrId=c-9d760feae69a8ee2 payment instruction sent loan_id=LN932439012 amount_dkk=6066.64
2026-03-05T02:32:14.400+01:00 INFO ledger-service host=ledger-service-a41e92-t6zvn corrId=c-9d760feae69a8ee2 ledger posting accepted loan_id=LN932439012 amount_dkk=6066.64 posting_id=PST-9ce95c3378
2026-03-05T02:32:14.537+01:00 INFO payment-service host=payment-service-5b8f6c-t6zvn corrId=c-9d760feae69a8ee2 payment settled loan_id=LN932439012 amount_dkk=6066.64
2026-03-05T02:32:14.548+01:00 INFO notification-service host=notification-service-7c9d5b-x2k4p corrId=c-9d760feae69a8ee2 payment receipt sent loan_id=LN932439012 channel=EMAIL
2026-03-05T02:32:40.375+01:00 INFO payment-scheduler host=payment-scheduler-a41e92-p9qmz corrId=c-1eac32cf8c27d35f instalment collection started loan_id=LN423480345 due_date=2026-03-26
2026-03-05T02:32:40.508+01:00 INFO payment-service host=payment-service-7c9d5b-t6zvn corrId=c-1eac32cf8c27d35f direct debit mandate verified loan_id=LN423480345 mandate_id=MD9486083
2026-03-05T02:32:40.630+01:00 INFO payment-service host=payment-service-5b8f6c-t6zvn corrId=c-1eac32cf8c27d35f payment instruction sent loan_id=LN423480345 amount_dkk=11781.78
2026-03-05T02:32:40.711+01:00 INFO ledger-service host=ledger-service-7c9d5b-p9qmz corrId=c-1eac32cf8c27d35f ledger posting accepted loan_id=LN423480345 amount_dkk=11781.78 posting_id=PST-89b0b9bf0f
2026-03-05T02:32:40.821+01:00 INFO payment-service host=payment-service-5b8f6c-p9qmz corrId=c-1eac32cf8c27d35f payment settled loan_id=LN423480345 amount_dkk=11781.78
2026-03-05T02:32:40.847+01:00 INFO notification-service host=notification-service-7c9d5b-t6zvn corrId=c-1eac32cf8c27d35f payment receipt sent loan_id=LN423480345 channel=DIGITAL_POST
2026-03-05T02:33:04.332+01:00 INFO payment-scheduler host=payment-scheduler-a41e92-x2k4p corrId=c-5e0102380a76564a instalment collection started loan_id=LN029542681 due_date=2026-03-15
2026-03-05T02:33:04.423+01:00 INFO payment-service host=payment-service-a41e92-p9qmz corrId=c-5e0102380a76564a direct debit mandate verified loan_id=LN029542681 mandate_id=MD2691329
2026-03-05T02:33:04.521+01:00 INFO payment-service host=payment-service-a41e92-t6zvn corrId=c-5e0102380a76564a payment instruction sent loan_id=LN029542681 amount_dkk=13672.05
2026-03-05T02:33:04.643+01:00 INFO ledger-service host=ledger-service-7c9d5b-p9qmz corrId=c-5e0102380a76564a ledger posting accepted loan_id=LN029542681 amount_dkk=13672.05 posting_id=PST-2f820bced7
2026-03-05T02:33:04.686+01:00 INFO payment-service host=payment-service-7c9d5b-p9qmz corrId=c-5e0102380a76564a payment settled loan_id=LN029542681 amount_dkk=13672.05
2026-03-05T02:33:04.745+01:00 INFO notification-service host=notification-service-7c9d5b-x2k4p corrId=c-5e0102380a76564a payment receipt sent loan_id=LN029542681 channel=EMAIL
2026-03-05T02:33:20.281+01:00 INFO payment-scheduler host=payment-scheduler-a41e92-t6zvn corrId=c-ac4a9a8418de57a3 instalment collection started loan_id=LN368698717 due_date=2026-03-23
2026-03-05T02:33:20.341+01:00 INFO payment-service host=payment-service-5b8f6c-x2k4p corrId=c-ac4a9a8418de57a3 direct debit mandate verified loan_id=LN368698717 mandate_id=MD3073883
2026-03-05T02:33:20.479+01:00 INFO payment-service host=payment-service-5b8f6c-x2k4p corrId=c-ac4a9a8418de57a3 payment instruction sent loan_id=LN368698717 amount_dkk=8448.55
2026-03-05T02:33:20.559+01:00 INFO ledger-service host=ledger-service-a41e92-t6zvn corrId=c-ac4a9a8418de57a3 ledger posting accepted loan_id=LN368698717 amount_dkk=8448.55 posting_id=PST-ec8f3da0fe
2026-03-05T02:33:20.616+01:00 INFO payment-service host=payment-service-5b8f6c-t6zvn corrId=c-ac4a9a8418de57a3 payment settled loan_id=LN368698717 amount_dkk=8448.55
2026-03-05T02:33:20.700+01:00 INFO notification-service host=notification-service-7c9d5b-t6zvn corrId=c-ac4a9a8418de57a3 payment receipt sent loan_id=LN368698717 channel=EMAIL
2026-03-05T02:33:24.450+01:00 INFO payment-scheduler host=payment-scheduler-a41e92-t6zvn corrId=c-dd59ec8a7835839c instalment collection started loan_id=LN627932976 due_date=2026-03-08
2026-03-05T02:33:24.579+01:00 INFO payment-service host=payment-service-5b8f6c-t6zvn corrId=c-dd59ec8a7835839c direct debit mandate verified loan_id=LN627932976 mandate_id=MD2695135
2026-03-05T02:33:24.602+01:00 INFO payment-service host=payment-service-5b8f6c-t6zvn corrId=c-dd59ec8a7835839c payment instruction sent loan_id=LN627932976 amount_dkk=7302.90
2026-03-05T02:33:24.728+01:00 WARN ledger-service host=ledger-service-a41e92-t6zvn corrId=c-dd59ec8a7835839c ledger posting retried loan_id=LN627932976 attempt=1
2026-03-05T02:33:24.863+01:00 INFO ledger-service host=ledger-service-7c9d5b-p9qmz corrId=c-dd59ec8a7835839c ledger posting accepted loan_id=LN627932976 amount_dkk=7302.90 posting_id=PST-66603d0f5b
2026-03-05T02:33:24.930+01:00 INFO payment-service host=payment-service-a41e92-t6zvn corrId=c-dd59ec8a7835839c payment settled loan_id=LN627932976 amount_dkk=7302.90
2026-03-05T02:33:25.024+01:00 INFO notification-service host=notification-service-a41e92-p9qmz corrId=c-dd59ec8a7835839c payment receipt sent loan_id=LN627932976 channel=DIGITAL_POST
2026-03-05T02:33:44.935+01:00 INFO payment-scheduler host=payment-scheduler-5b8f6c-t6zvn corrId=c-55e2f1b03d49b411 instalment collection started loan_id=LN717844404 due_date=2026-03-16
2026-03-05T02:33:44.985+01:00 INFO payment-service host=payment-service-a41e92-p9qmz corrId=c-55e2f1b03d49b411 direct debit mandate verified loan_id=LN717844404 mandate_id=MD2061544
2026-03-05T02:33:45.091+01:00 INFO payment-service host=payment-service-a41e92-t6zvn corrId=c-55e2f1b03d49b411 payment instruction sent loan_id=LN717844404 amount_dkk=12082.30
2026-03-05T02:33:45.210+01:00 INFO ledger-service host=ledger-service-5b8f6c-x2k4p corrId=c-55e2f1b03d49b411 ledger posting accepted loan_id=LN717844404 amount_dkk=12082.30 posting_id=PST-3c2575a759
2026-03-05T02:33:45.315+01:00 INFO payment-service host=payment-service-5b8f6c-p9qmz corrId=c-55e2f1b03d49b411 payment settled loan_id=LN717844404 amount_dkk=12082.30
2026-03-05T02:33:45.386+01:00 INFO notification-service host=notification-service-5b8f6c-x2k4p corrId=c-55e2f1b03d49b411 payment receipt sent loan_id=LN717844404 channel=DIGITAL_POST
2026-03-05T02:33:45.625+01:00 INFO payment-scheduler host=payment-scheduler-7c9d5b-p9qmz corrId=c-4eb3289a201c8f3c instalment collection started loan_id=LN326675467 due_date=2026-03-17
2026-03-05T02:33:45.759+01:00 INFO payment-service host=payment-service-7c9d5b-t6zvn corrId=c-4eb3289a201c8f3c direct debit mandate verified loan_id=LN326675467 mandate_id=MD8436036
2026-03-05T02:33:45.898+01:00 INFO payment-service host=payment-service-7c9d5b-x2k4p corrId=c-4eb3289a201c8f3c payment instruction sent loan_id=LN326675467 amount_dkk=8106.01
2026-03-05T02:33:45.950+01:00 INFO ledger-service host=ledger-service-a41e92-p9qmz corrId=c-4eb3289a201c8f3c ledger posting accepted loan_id=LN326675467 amount_dkk=8106.01 posting_id=PST-77449b686d
2026-03-05T02:33:45.986+01:00 INFO payment-service host=payment-service-5b8f6c-t6zvn corrId=c-4eb3289a201c8f3c payment settled loan_id=LN326675467 amount_dkk=8106.01
2026-03-05T02:33:46.014+01:00 INFO notification-service host=notification-service-5b8f6c-x2k4p corrId=c-4eb3289a201c8f3c payment receipt sent loan_id=LN326675467 channel=EMAIL
2026-03-05T02:33:53.791+01:00 INFO payment-scheduler host=payment-scheduler-a41e92-t6zvn corrId=c-0df8cd889e167102 instalment collection started loan_id=LN706395383 due_date=2026-03-01
2026-03-05T02:33:53.811+01:00 INFO payment-service host=payment-service-a41e92-p9qmz corrId=c-0df8cd889e167102 direct debit mandate verified loan_id=LN706395383 mandate_id=MD1994090
2026-03-05T02:33:53.922+01:00 INFO payment-service host=payment-service-5b8f6c-p9qmz corrId=c-0df8cd889e167102 payment instruction sent loan_id=LN706395383 amount_dkk=14999.97
2026-03-05T02:33:54.045+01:00 INFO ledger-service host=ledger-service-a41e92-t6zvn corrId=c-0df8cd889e167102 ledger posting accepted loan_id=LN706395383 amount_dkk=14999.97 posting_id=PST-aa2596fe06
2026-03-05T02:33:54.135+01:00 INFO payment-service host=payment-service-a41e92-t6zvn corrId=c-0df8cd889e167102 payment settled loan_id=LN706395383 amount_dkk=14999.97
2026-03-05T02:33:54.233+01:00 INFO notification-service host=notification-service-a41e92-p9qmz corrId=c-0df8cd889e167102 payment receipt sent loan_id=LN706395383 channel=EMAIL
2026-03-05T02:34:21.623+01:00 INFO payment-scheduler host=payment-scheduler-a41e92-p9qmz corrId=c-e34346c761401be1 instalment collection started loan_id=LN212189614 due_date=2026-03-01
2026-03-05T02:34:21.664+01:00 INFO payment-service host=payment-service-7c9d5b-x2k4p corrId=c-e34346c761401be1 direct debit mandate verified loan_id=LN212189614 mandate_id=MD2311455
2026-03-05T02:34:21.716+01:00 INFO payment-service host=payment-service-7c9d5b-p9qmz corrId=c-e34346c761401be1 payment instruction sent loan_id=LN212189614 amount_dkk=12267.11
2026-03-05T02:34:21.848+01:00 INFO ledger-service host=ledger-service-7c9d5b-p9qmz corrId=c-e34346c761401be1 ledger posting accepted loan_id=LN212189614 amount_dkk=12267.11 posting_id=PST-557e2cd4ff
2026-03-05T02:34:21.947+01:00 INFO payment-service host=payment-service-a41e92-t6zvn corrId=c-e34346c761401be1 payment settled loan_id=LN212189614 amount_dkk=12267.11
2026-03-05T02:34:21.984+01:00 INFO notification-service host=notification-service-7c9d5b-x2k4p corrId=c-e34346c761401be1 payment receipt sent loan_id=LN212189614 channel=DIGITAL_POST
2026-03-05T02:34:23.229+01:00 INFO payment-scheduler host=payment-scheduler-7c9d5b-x2k4p corrId=c-d9e405ee69631dee instalment collection started loan_id=LN950387933 due_date=2026-03-09
2026-03-05T02:34:23.355+01:00 INFO payment-service host=payment-service-7c9d5b-p9qmz corrId=c-d9e405ee69631dee direct debit mandate verified loan_id=LN950387933 mandate_id=MD6679922
2026-03-05T02:34:23.493+01:00 INFO payment-service host=payment-service-7c9d5b-x2k4p corrId=c-d9e405ee69631dee payment instruction sent loan_id=LN950387933 amount_dkk=9608.46
2026-03-05T02:34:23.593+01:00 INFO ledger-service host=ledger-service-5b8f6c-t6zvn corrId=c-d9e405ee69631dee ledger posting accepted loan_id=LN950387933 amount_dkk=9608.46 posting_id=PST-e170b73efe
2026-03-05T02:34:23.671+01:00 INFO payment-service host=payment-service-a41e92-p9qmz corrId=c-d9e405ee69631dee payment settled loan_id=LN950387933 amount_dkk=9608.46
2026-03-05T02:34:23.708+01:00 INFO notification-service host=notification-service-a41e92-x2k4p corrId=c-d9e405ee69631dee payment receipt sent loan_id=LN950387933 channel=EMAIL
2026-03-05T02:34:40.446+01:00 INFO payment-scheduler host=payment-scheduler-a41e92-t6zvn corrId=c-bd322f989cf3d1ce instalment collection started loan_id=LN605527872 due_date=2026-03-23
2026-03-05T02:34:40.489+01:00 INFO payment-service host=payment-service-7c9d5b-t6zvn corrId=c-bd322f989cf3d1ce direct debit mandate verified loan_id=LN605527872 mandate_id=MD8558681
2026-03-05T02:34:40.575+01:00 INFO payment-service host=payment-service-a41e92-x2k4p corrId=c-bd322f989cf3d1ce payment instruction sent loan_id=LN605527872 amount_dkk=6959.45
2026-03-05T02:34:40.659+01:00 INFO ledger-service host=ledger-service-a41e92-x2k4p corrId=c-bd322f989cf3d1ce ledger posting accepted loan_id=LN605527872 amount_dkk=6959.45 posting_id=PST-c99de685e8
2026-03-05T02:34:40.761+01:00 INFO payment-service host=payment-service-5b8f6c-p9qmz corrId=c-bd322f989cf3d1ce payment settled loan_id=LN605527872 amount_dkk=6959.45
2026-03-05T02:34:40.806+01:00 INFO notification-service host=notification-service-a41e92-t6zvn corrId=c-bd322f989cf3d1ce payment receipt sent loan_id=LN605527872 channel=DIGITAL_POST
2026-03-05T02:34:41.032+01:00 INFO payment-scheduler host=payment-scheduler-5b8f6c-x2k4p corrId=c-625fab74fefda26b instalment collection started loan_id=LN776457857 due_date=2026-03-26
2026-03-05T02:34:41.154+01:00 INFO payment-service host=payment-service-5b8f6c-t6zvn corrId=c-625fab74fefda26b direct debit mandate verified loan_id=LN776457857 mandate_id=MD3094155
2026-03-05T02:34:41.251+01:00 INFO payment-service host=payment-service-7c9d5b-x2k4p corrId=c-625fab74fefda26b payment instruction sent loan_id=LN776457857 amount_dkk=15914.15
2026-03-05T02:34:41.272+01:00 INFO ledger-service host=ledger-service-5b8f6c-x2k4p corrId=c-625fab74fefda26b ledger posting accepted loan_id=LN776457857 amount_dkk=15914.15 posting_id=PST-267ee45b61
2026-03-05T02:34:41.375+01:00 INFO payment-service host=payment-service-a41e92-p9qmz corrId=c-625fab74fefda26b payment settled loan_id=LN776457857 amount_dkk=15914.15
2026-03-05T02:34:41.456+01:00 INFO notification-service host=notification-service-5b8f6c-x2k4p corrId=c-625fab74fefda26b payment receipt sent loan_id=LN776457857 channel=DIGITAL_POST
2026-03-05T02:34:57.581+01:00 INFO payment-scheduler host=payment-scheduler-5b8f6c-x2k4p corrId=c-09c0cc078202d4b3 instalment collection started loan_id=LN334591029 due_date=2026-03-02
2026-03-05T02:34:57.609+01:00 INFO payment-service host=payment-service-7c9d5b-p9qmz corrId=c-09c0cc078202d4b3 direct debit mandate verified loan_id=LN334591029 mandate_id=MD1042675
2026-03-05T02:34:57.628+01:00 INFO payment-service host=payment-service-5b8f6c-p9qmz corrId=c-09c0cc078202d4b3 payment instruction sent loan_id=LN334591029 amount_dkk=8782.73
2026-03-05T02:34:57.757+01:00 INFO ledger-service host=ledger-service-7c9d5b-x2k4p corrId=c-09c0cc078202d4b3 ledger posting accepted loan_id=LN334591029 amount_dkk=8782.73 posting_id=PST-ed1ecd41d7
2026-03-05T02:34:57.811+01:00 INFO payment-service host=payment-service-7c9d5b-x2k4p corrId=c-09c0cc078202d4b3 payment settled loan_id=LN334591029 amount_dkk=8782.73
2026-03-05T02:34:57.945+01:00 INFO notification-service host=notification-service-7c9d5b-t6zvn corrId=c-09c0cc078202d4b3 payment receipt sent loan_id=LN334591029 channel=DIGITAL_POST
2026-03-05T02:35:00.383+01:00 INFO api-gateway host=api-gateway-7c9d5b-x2k4p corrId=- health probe ok status=200 latency_ms=11
2026-03-05T02:35:40.520+01:00 INFO payment-scheduler host=payment-scheduler-a41e92-p9qmz corrId=c-b6971c5957f10024 instalment collection started loan_id=LN846858361 due_date=2026-03-27
2026-03-05T02:35:40.614+01:00 INFO payment-service host=payment-service-5b8f6c-p9qmz corrId=c-b6971c5957f10024 direct debit mandate verified loan_id=LN846858361 mandate_id=MD0533158
2026-03-05T02:35:40.685+01:00 INFO payment-service host=payment-service-7c9d5b-x2k4p corrId=c-b6971c5957f10024 payment instruction sent loan_id=LN846858361 amount_dkk=17538.70
2026-03-05T02:35:40.779+01:00 INFO ledger-service host=ledger-service-7c9d5b-p9qmz corrId=c-b6971c5957f10024 ledger posting accepted loan_id=LN846858361 amount_dkk=17538.70 posting_id=PST-c1aedefd75
2026-03-05T02:35:40.855+01:00 INFO payment-service host=payment-service-a41e92-t6zvn corrId=c-b6971c5957f10024 payment settled loan_id=LN846858361 amount_dkk=17538.70
2026-03-05T02:35:40.868+01:00 INFO notification-service host=notification-service-5b8f6c-t6zvn corrId=c-b6971c5957f10024 payment receipt sent loan_id=LN846858361 channel=EMAIL
2026-03-05T02:35:56.082+01:00 INFO payment-scheduler host=payment-scheduler-5b8f6c-t6zvn corrId=c-49aa6e8f6d538c35 instalment collection started loan_id=LN172422963 due_date=2026-03-23
2026-03-05T02:35:56.137+01:00 INFO payment-service host=payment-service-a41e92-t6zvn corrId=c-49aa6e8f6d538c35 direct debit mandate verified loan_id=LN172422963 mandate_id=MD0358251
2026-03-05T02:35:56.250+01:00 INFO payment-service host=payment-service-7c9d5b-p9qmz corrId=c-49aa6e8f6d538c35 payment instruction sent loan_id=LN172422963 amount_dkk=9326.56
2026-03-05T02:35:56.299+01:00 INFO ledger-service host=ledger-service-a41e92-p9qmz corrId=c-49aa6e8f6d538c35 ledger posting accepted loan_id=LN172422963 amount_dkk=9326.56 posting_id=PST-7509b88471
2026-03-05T02:35:56.317+01:00 INFO payment-service host=payment-service-5b8f6c-x2k4p corrId=c-49aa6e8f6d538c35 payment settled loan_id=LN172422963 amount_dkk=9326.56
2026-03-05T02:35:56.441+01:00 INFO notification-service host=notification-service-a41e92-t6zvn corrId=c-49aa6e8f6d538c35 payment receipt sent loan_id=LN172422963 channel=EMAIL
2026-03-05T02:36:17.192+01:00 INFO payment-scheduler host=payment-scheduler-5b8f6c-p9qmz corrId=c-05fd8e348d077a9e instalment collection started loan_id=LN126347768 due_date=2026-03-24
2026-03-05T02:36:17.215+01:00 INFO payment-service host=payment-service-5b8f6c-p9qmz corrId=c-05fd8e348d077a9e direct debit mandate verified loan_id=LN126347768 mandate_id=MD9568233
2026-03-05T02:36:17.260+01:00 INFO payment-service host=payment-service-a41e92-p9qmz corrId=c-05fd8e348d077a9e payment instruction sent loan_id=LN126347768 amount_dkk=10358.33
2026-03-05T02:36:17.277+01:00 INFO ledger-service host=ledger-service-5b8f6c-x2k4p corrId=c-05fd8e348d077a9e ledger posting accepted loan_id=LN126347768 amount_dkk=10358.33 posting_id=PST-9357a33305
2026-03-05T02:36:17.351+01:00 INFO payment-service host=payment-service-a41e92-p9qmz corrId=c-05fd8e348d077a9e payment settled loan_id=LN126347768 amount_dkk=10358.33
2026-03-05T02:36:17.365+01:00 INFO notification-service host=notification-service-a41e92-x2k4p corrId=c-05fd8e348d077a9e payment receipt sent loan_id=LN126347768 channel=EMAIL
2026-03-05T02:36:18.932+01:00 INFO payment-scheduler host=payment-scheduler-a41e92-p9qmz corrId=c-d5cadf966ea9f85d instalment collection started loan_id=LN582098706 due_date=2026-03-09
2026-03-05T02:36:18.999+01:00 INFO payment-service host=payment-service-5b8f6c-t6zvn corrId=c-d5cadf966ea9f85d direct debit mandate verified loan_id=LN582098706 mandate_id=MD1612270
2026-03-05T02:36:19.126+01:00 INFO payment-service host=payment-service-5b8f6c-p9qmz corrId=c-d5cadf966ea9f85d payment instruction sent loan_id=LN582098706 amount_dkk=15847.88
2026-03-05T02:36:19.156+01:00 INFO ledger-service host=ledger-service-7c9d5b-p9qmz corrId=c-d5cadf966ea9f85d ledger posting accepted loan_id=LN582098706 amount_dkk=15847.88 posting_id=PST-dd334588f9
2026-03-05T02:36:19.179+01:00 INFO payment-service host=payment-service-5b8f6c-t6zvn corrId=c-d5cadf966ea9f85d payment settled loan_id=LN582098706 amount_dkk=15847.88
2026-03-05T02:36:19.200+01:00 INFO notification-service host=notification-service-7c9d5b-p9qmz corrId=c-d5cadf966ea9f85d payment receipt sent loan_id=LN582098706 channel=EMAIL
2026-03-05T02:36:49.349+01:00 INFO payment-scheduler host=payment-scheduler-5b8f6c-t6zvn corrId=c-64efd7dac4c8f1f2 instalment collection started loan_id=LN743828508 due_date=2026-03-12
2026-03-05T02:36:49.462+01:00 INFO payment-service host=payment-service-a41e92-p9qmz corrId=c-64efd7dac4c8f1f2 direct debit mandate verified loan_id=LN743828508 mandate_id=MD0015896
2026-03-05T02:36:49.583+01:00 INFO payment-service host=payment-service-5b8f6c-x2k4p corrId=c-64efd7dac4c8f1f2 payment instruction sent loan_id=LN743828508 amount_dkk=13794.89
2026-03-05T02:36:49.689+01:00 INFO ledger-service host=ledger-service-a41e92-t6zvn corrId=c-64efd7dac4c8f1f2 ledger posting accepted loan_id=LN743828508 amount_dkk=13794.89 posting_id=PST-2ba33eb418
2026-03-05T02:36:49.741+01:00 INFO payment-service host=payment-service-7c9d5b-x2k4p corrId=c-64efd7dac4c8f1f2 payment settled loan_id=LN743828508 amount_dkk=13794.89
2026-03-05T02:36:49.746+01:00 INFO notification-service host=notification-service-5b8f6c-p9qmz corrId=c-64efd7dac4c8f1f2 payment receipt sent loan_id=LN743828508 channel=DIGITAL_POST
2026-03-05T02:36:50.028+01:00 INFO payment-scheduler host=payment-scheduler-7c9d5b-p9qmz corrId=c-060755f498c355b0 instalment collection started loan_id=LN097189287 due_date=2026-03-17
2026-03-05T02:36:50.109+01:00 INFO payment-service host=payment-service-7c9d5b-p9qmz corrId=c-060755f498c355b0 direct debit mandate verified loan_id=LN097189287 mandate_id=MD2086722
2026-03-05T02:36:50.222+01:00 INFO payment-service host=payment-service-5b8f6c-t6zvn corrId=c-060755f498c355b0 payment instruction sent loan_id=LN097189287 amount_dkk=8885.56
2026-03-05T02:36:50.333+01:00 INFO ledger-service host=ledger-service-7c9d5b-t6zvn corrId=c-060755f498c355b0 ledger posting accepted loan_id=LN097189287 amount_dkk=8885.56 posting_id=PST-4236a248ad
2026-03-05T02:36:50.413+01:00 INFO payment-service host=payment-service-a41e92-t6zvn corrId=c-060755f498c355b0 payment settled loan_id=LN097189287 amount_dkk=8885.56
2026-03-05T02:36:50.552+01:00 INFO notification-service host=notification-service-5b8f6c-x2k4p corrId=c-060755f498c355b0 payment receipt sent loan_id=LN097189287 channel=DIGITAL_POST
2026-03-05T02:37:08.504+01:00 INFO payment-scheduler host=payment-scheduler-7c9d5b-x2k4p corrId=c-2145667d34d00bfb instalment collection started loan_id=LN487656081 due_date=2026-03-07
2026-03-05T02:37:08.585+01:00 INFO payment-service host=payment-service-a41e92-x2k4p corrId=c-2145667d34d00bfb direct debit mandate verified loan_id=LN487656081 mandate_id=MD7972184
2026-03-05T02:37:08.626+01:00 INFO payment-service host=payment-service-5b8f6c-p9qmz corrId=c-2145667d34d00bfb payment instruction sent loan_id=LN487656081 amount_dkk=12482.54
2026-03-05T02:37:08.659+01:00 INFO ledger-service host=ledger-service-a41e92-x2k4p corrId=c-2145667d34d00bfb ledger posting accepted loan_id=LN487656081 amount_dkk=12482.54 posting_id=PST-1a5ae628b2
2026-03-05T02:37:08.707+01:00 INFO payment-service host=payment-service-5b8f6c-x2k4p corrId=c-2145667d34d00bfb payment settled loan_id=LN487656081 amount_dkk=12482.54
2026-03-05T02:37:08.827+01:00 INFO notification-service host=notification-service-5b8f6c-t6zvn corrId=c-2145667d34d00bfb payment receipt sent loan_id=LN487656081 channel=DIGITAL_POST
2026-03-05T02:37:39.884+01:00 INFO payment-scheduler host=payment-scheduler-7c9d5b-t6zvn corrId=c-ece4568a8014bb3f instalment collection started loan_id=LN606300062 due_date=2026-03-04
2026-03-05T02:37:40.021+01:00 INFO payment-service host=payment-service-5b8f6c-x2k4p corrId=c-ece4568a8014bb3f direct debit mandate verified loan_id=LN606300062 mandate_id=MD1588031
2026-03-05T02:37:40.123+01:00 INFO payment-service host=payment-service-5b8f6c-p9qmz corrId=c-ece4568a8014bb3f payment instruction sent loan_id=LN606300062 amount_dkk=8501.64
2026-03-05T02:37:40.252+01:00 INFO ledger-service host=ledger-service-5b8f6c-t6zvn corrId=c-ece4568a8014bb3f ledger posting accepted loan_id=LN606300062 amount_dkk=8501.64 posting_id=PST-eae38211c5
2026-03-05T02:37:40.352+01:00 INFO payment-service host=payment-service-5b8f6c-x2k4p corrId=c-ece4568a8014bb3f payment settled loan_id=LN606300062 amount_dkk=8501.64
2026-03-05T02:37:40.389+01:00 INFO notification-service host=notification-service-5b8f6c-t6zvn corrId=c-ece4568a8014bb3f payment receipt sent loan_id=LN606300062 channel=EMAIL
2026-03-05T02:37:42.110+01:00 INFO payment-scheduler host=payment-scheduler-7c9d5b-p9qmz corrId=c-d05b48bf7db91a33 instalment collection started loan_id=LN463760846 due_date=2026-03-24
2026-03-05T02:37:42.234+01:00 INFO payment-service host=payment-service-a41e92-x2k4p corrId=c-d05b48bf7db91a33 direct debit mandate verified loan_id=LN463760846 mandate_id=MD6680921
2026-03-05T02:37:42.316+01:00 INFO payment-service host=payment-service-a41e92-p9qmz corrId=c-d05b48bf7db91a33 payment instruction sent loan_id=LN463760846 amount_dkk=7510.62
2026-03-05T02:37:42.339+01:00 INFO ledger-service host=ledger-service-a41e92-t6zvn corrId=c-d05b48bf7db91a33 ledger posting accepted loan_id=LN463760846 amount_dkk=7510.62 posting_id=PST-e2d7dbe39c
2026-03-05T02:37:42.421+01:00 INFO payment-service host=payment-service-5b8f6c-p9qmz corrId=c-d05b48bf7db91a33 payment settled loan_id=LN463760846 amount_dkk=7510.62
2026-03-05T02:37:42.448+01:00 INFO notification-service host=notification-service-7c9d5b-p9qmz corrId=c-d05b48bf7db91a33 payment receipt sent loan_id=LN463760846 channel=EMAIL
2026-03-05T02:38:01.449+01:00 INFO payment-scheduler host=payment-scheduler-a41e92-t6zvn corrId=c-436e1a67e8a00926 instalment collection started loan_id=LN255401116 due_date=2026-03-23
2026-03-05T02:38:01.554+01:00 INFO payment-service host=payment-service-a41e92-p9qmz corrId=c-436e1a67e8a00926 direct debit mandate verified loan_id=LN255401116 mandate_id=MD9534324
2026-03-05T02:38:01.625+01:00 INFO payment-service host=payment-service-5b8f6c-x2k4p corrId=c-436e1a67e8a00926 payment instruction sent loan_id=LN255401116 amount_dkk=15793.71
2026-03-05T02:38:01.722+01:00 INFO ledger-service host=ledger-service-7c9d5b-p9qmz corrId=c-436e1a67e8a00926 ledger posting accepted loan_id=LN255401116 amount_dkk=15793.71 posting_id=PST-121a9e7d25
2026-03-05T02:38:01.803+01:00 INFO payment-service host=payment-service-a41e92-p9qmz corrId=c-436e1a67e8a00926 payment settled loan_id=LN255401116 amount_dkk=15793.71
2026-03-05T02:38:01.924+01:00 INFO notification-service host=notification-service-a41e92-p9qmz corrId=c-436e1a67e8a00926 payment receipt sent loan_id=LN255401116 channel=EMAIL
2026-03-05T02:38:04.359+01:00 INFO payment-scheduler host=payment-scheduler-a41e92-p9qmz corrId=c-26ec218f8fe60137 instalment collection started loan_id=LN758351351 due_date=2026-03-24
2026-03-05T02:38:04.393+01:00 INFO payment-service host=payment-service-5b8f6c-x2k4p corrId=c-26ec218f8fe60137 direct debit mandate verified loan_id=LN758351351 mandate_id=MD3897284
2026-03-05T02:38:04.420+01:00 INFO payment-service host=payment-service-a41e92-t6zvn corrId=c-26ec218f8fe60137 payment instruction sent loan_id=LN758351351 amount_dkk=2775.42
2026-03-05T02:38:04.506+01:00 INFO ledger-service host=ledger-service-a41e92-p9qmz corrId=c-26ec218f8fe60137 ledger posting accepted loan_id=LN758351351 amount_dkk=2775.42 posting_id=PST-a6ac82325b
2026-03-05T02:38:04.566+01:00 INFO payment-service host=payment-service-a41e92-t6zvn corrId=c-26ec218f8fe60137 payment settled loan_id=LN758351351 amount_dkk=2775.42
2026-03-05T02:38:04.663+01:00 INFO notification-service host=notification-service-5b8f6c-p9qmz corrId=c-26ec218f8fe60137 payment receipt sent loan_id=LN758351351 channel=EMAIL
2026-03-05T02:38:22.583+01:00 INFO payment-scheduler host=payment-scheduler-7c9d5b-x2k4p corrId=c-9450796218b3a44d instalment collection started loan_id=LN956247968 due_date=2026-03-19
2026-03-05T02:38:22.623+01:00 INFO payment-service host=payment-service-5b8f6c-x2k4p corrId=c-9450796218b3a44d direct debit mandate verified loan_id=LN956247968 mandate_id=MD8385182
2026-03-05T02:38:22.634+01:00 INFO payment-service host=payment-service-a41e92-p9qmz corrId=c-9450796218b3a44d payment instruction sent loan_id=LN956247968 amount_dkk=5409.26
2026-03-05T02:38:22.759+01:00 INFO ledger-service host=ledger-service-7c9d5b-p9qmz corrId=c-9450796218b3a44d ledger posting accepted loan_id=LN956247968 amount_dkk=5409.26 posting_id=PST-6e50005dfa
2026-03-05T02:38:22.889+01:00 INFO payment-service host=payment-service-7c9d5b-p9qmz corrId=c-9450796218b3a44d payment settled loan_id=LN956247968 amount_dkk=5409.26
2026-03-05T02:38:23.012+01:00 INFO notification-service host=notification-service-a41e92-t6zvn corrId=c-9450796218b3a44d payment receipt sent loan_id=LN956247968 channel=EMAIL
2026-03-05T02:38:31.008+01:00 INFO payment-scheduler host=payment-scheduler-5b8f6c-t6zvn corrId=c-e1347bb3cee1ed11 instalment collection started loan_id=LN678241077 due_date=2026-03-11
2026-03-05T02:38:31.031+01:00 INFO payment-service host=payment-service-a41e92-x2k4p corrId=c-e1347bb3cee1ed11 direct debit mandate verified loan_id=LN678241077 mandate_id=MD7257121
2026-03-05T02:38:31.111+01:00 INFO payment-service host=payment-service-7c9d5b-p9qmz corrId=c-e1347bb3cee1ed11 payment instruction sent loan_id=LN678241077 amount_dkk=4721.29
2026-03-05T02:38:31.239+01:00 INFO ledger-service host=ledger-service-5b8f6c-x2k4p corrId=c-e1347bb3cee1ed11 ledger posting accepted loan_id=LN678241077 amount_dkk=4721.29 posting_id=PST-0797e48c07
2026-03-05T02:38:31.323+01:00 INFO payment-service host=payment-service-7c9d5b-t6zvn corrId=c-e1347bb3cee1ed11 payment settled loan_id=LN678241077 amount_dkk=4721.29
2026-03-05T02:38:31.438+01:00 INFO notification-service host=notification-service-5b8f6c-x2k4p corrId=c-e1347bb3cee1ed11 payment receipt sent loan_id=LN678241077 channel=DIGITAL_POST
2026-03-05T02:39:36.103+01:00 INFO payment-scheduler host=payment-scheduler-7c9d5b-x2k4p corrId=c-08c24a3e2bb36ce8 instalment collection started loan_id=LN056574790 due_date=2026-03-26
2026-03-05T02:39:36.126+01:00 INFO payment-service host=payment-service-a41e92-t6zvn corrId=c-08c24a3e2bb36ce8 direct debit mandate verified loan_id=LN056574790 mandate_id=MD1042181
2026-03-05T02:39:36.227+01:00 INFO payment-service host=payment-service-5b8f6c-x2k4p corrId=c-08c24a3e2bb36ce8 payment instruction sent loan_id=LN056574790 amount_dkk=16276.27
2026-03-05T02:39:36.260+01:00 INFO ledger-service host=ledger-service-a41e92-x2k4p corrId=c-08c24a3e2bb36ce8 ledger posting accepted loan_id=LN056574790 amount_dkk=16276.27 posting_id=PST-77f6dfa088
2026-03-05T02:39:36.307+01:00 INFO payment-service host=payment-service-a41e92-p9qmz corrId=c-08c24a3e2bb36ce8 payment settled loan_id=LN056574790 amount_dkk=16276.27
2026-03-05T02:39:36.419+01:00 INFO notification-service host=notification-service-7c9d5b-p9qmz corrId=c-08c24a3e2bb36ce8 payment receipt sent loan_id=LN056574790 channel=DIGITAL_POST
2026-03-05T02:39:45.732+01:00 INFO payment-scheduler host=payment-scheduler-5b8f6c-x2k4p corrId=c-b93b9e53254f0e4f instalment collection started loan_id=LN240158307 due_date=2026-03-16
2026-03-05T02:39:45.838+01:00 INFO payment-service host=payment-service-a41e92-t6zvn corrId=c-b93b9e53254f0e4f direct debit mandate verified loan_id=LN240158307 mandate_id=MD4400554
2026-03-05T02:39:45.910+01:00 INFO payment-service host=payment-service-7c9d5b-p9qmz corrId=c-b93b9e53254f0e4f payment instruction sent loan_id=LN240158307 amount_dkk=5401.96
2026-03-05T02:39:46.004+01:00 INFO ledger-service host=ledger-service-7c9d5b-x2k4p corrId=c-b93b9e53254f0e4f ledger posting accepted loan_id=LN240158307 amount_dkk=5401.96 posting_id=PST-01026b92c1
2026-03-05T02:39:46.075+01:00 INFO payment-service host=payment-service-7c9d5b-x2k4p corrId=c-b93b9e53254f0e4f payment settled loan_id=LN240158307 amount_dkk=5401.96
2026-03-05T02:39:46.119+01:00 INFO notification-service host=notification-service-5b8f6c-x2k4p corrId=c-b93b9e53254f0e4f payment receipt sent loan_id=LN240158307 channel=EMAIL
2026-03-05T02:40:00.439+01:00 INFO payment-scheduler host=payment-scheduler-5b8f6c-p9qmz corrId=- scheduler heartbeat lag_ms=12
2026-03-05T02:40:00.558+01:00 INFO api-gateway host=api-gateway-a41e92-t6zvn corrId=- health probe ok status=200 latency_ms=20
2026-03-05T02:40:29.773+01:00 INFO payment-scheduler host=payment-scheduler-5b8f6c-x2k4p corrId=c-f23ce8052540d666 instalment collection started loan_id=LN347885024 due_date=2026-03-15
2026-03-05T02:40:29.798+01:00 INFO payment-service host=payment-service-5b8f6c-p9qmz corrId=c-f23ce8052540d666 direct debit mandate verified loan_id=LN347885024 mandate_id=MD9016259
2026-03-05T02:40:29.825+01:00 INFO payment-service host=payment-service-7c9d5b-p9qmz corrId=c-f23ce8052540d666 payment instruction sent loan_id=LN347885024 amount_dkk=11437.26
2026-03-05T02:40:29.929+01:00 INFO ledger-service host=ledger-service-5b8f6c-x2k4p corrId=c-f23ce8052540d666 ledger posting accepted loan_id=LN347885024 amount_dkk=11437.26 posting_id=PST-b670cc5d83
2026-03-05T02:40:29.946+01:00 INFO payment-service host=payment-service-7c9d5b-p9qmz corrId=c-f23ce8052540d666 payment settled loan_id=LN347885024 amount_dkk=11437.26
2026-03-05T02:40:29.989+01:00 INFO notification-service host=notification-service-7c9d5b-t6zvn corrId=c-f23ce8052540d666 payment receipt sent loan_id=LN347885024 channel=DIGITAL_POST
2026-03-05T02:41:08.286+01:00 INFO payment-scheduler host=payment-scheduler-a41e92-p9qmz corrId=c-de4f68f69142d178 instalment collection started loan_id=LN602470104 due_date=2026-03-03
2026-03-05T02:41:08.346+01:00 INFO payment-service host=payment-service-a41e92-x2k4p corrId=c-de4f68f69142d178 direct debit mandate verified loan_id=LN602470104 mandate_id=MD0139173
2026-03-05T02:41:08.441+01:00 INFO payment-service host=payment-service-5b8f6c-p9qmz corrId=c-de4f68f69142d178 payment instruction sent loan_id=LN602470104 amount_dkk=12912.36
2026-03-05T02:41:08.529+01:00 INFO ledger-service host=ledger-service-5b8f6c-t6zvn corrId=c-de4f68f69142d178 ledger posting accepted loan_id=LN602470104 amount_dkk=12912.36 posting_id=PST-b89fe13bda
2026-03-05T02:41:08.645+01:00 INFO payment-service host=payment-service-a41e92-x2k4p corrId=c-de4f68f69142d178 payment settled loan_id=LN602470104 amount_dkk=12912.36
2026-03-05T02:41:08.757+01:00 INFO notification-service host=notification-service-a41e92-x2k4p corrId=c-de4f68f69142d178 payment receipt sent loan_id=LN602470104 channel=DIGITAL_POST
2026-03-05T02:41:47.934+01:00 INFO payment-scheduler host=payment-scheduler-5b8f6c-x2k4p corrId=c-d4de6ff6b6387289 instalment collection started loan_id=LN298623694 due_date=2026-03-18
2026-03-05T02:41:48.024+01:00 INFO payment-service host=payment-service-a41e92-x2k4p corrId=c-d4de6ff6b6387289 direct debit mandate verified loan_id=LN298623694 mandate_id=MD4912410
2026-03-05T02:41:48.046+01:00 INFO payment-service host=payment-service-5b8f6c-p9qmz corrId=c-d4de6ff6b6387289 payment instruction sent loan_id=LN298623694 amount_dkk=5745.37
2026-03-05T02:41:48.103+01:00 INFO ledger-service host=ledger-service-a41e92-t6zvn corrId=c-d4de6ff6b6387289 ledger posting accepted loan_id=LN298623694 amount_dkk=5745.37 posting_id=PST-6446ebe340
2026-03-05T02:41:48.235+01:00 INFO payment-service host=payment-service-7c9d5b-x2k4p corrId=c-d4de6ff6b6387289 payment settled loan_id=LN298623694 amount_dkk=5745.37
2026-03-05T02:41:48.274+01:00 INFO notification-service host=notification-service-5b8f6c-x2k4p corrId=c-d4de6ff6b6387289 payment receipt sent loan_id=LN298623694 channel=EMAIL
2026-03-05T02:42:20.932+01:00 INFO payment-scheduler host=payment-scheduler-7c9d5b-x2k4p corrId=c-65852e6778804842 instalment collection started loan_id=LN377715057 due_date=2026-03-06
2026-03-05T02:42:21.058+01:00 INFO payment-service host=payment-service-7c9d5b-t6zvn corrId=c-65852e6778804842 direct debit mandate verified loan_id=LN377715057 mandate_id=MD7621757
2026-03-05T02:42:21.163+01:00 INFO payment-service host=payment-service-5b8f6c-p9qmz corrId=c-65852e6778804842 payment instruction sent loan_id=LN377715057 amount_dkk=13046.59
2026-03-05T02:42:21.288+01:00 INFO ledger-service host=ledger-service-a41e92-x2k4p corrId=c-65852e6778804842 ledger posting accepted loan_id=LN377715057 amount_dkk=13046.59 posting_id=PST-b16a0fb8d0
2026-03-05T02:42:21.367+01:00 INFO payment-service host=payment-service-a41e92-x2k4p corrId=c-65852e6778804842 payment settled loan_id=LN377715057 amount_dkk=13046.59
2026-03-05T02:42:21.497+01:00 INFO notification-service host=notification-service-7c9d5b-t6zvn corrId=c-65852e6778804842 payment receipt sent loan_id=LN377715057 channel=DIGITAL_POST
2026-03-05T02:42:25.288+01:00 INFO payment-scheduler host=payment-scheduler-a41e92-x2k4p corrId=c-4d910a9d6decd8d4 instalment collection started loan_id=LN805351222 due_date=2026-03-19
2026-03-05T02:42:25.376+01:00 INFO payment-service host=payment-service-a41e92-p9qmz corrId=c-4d910a9d6decd8d4 direct debit mandate verified loan_id=LN805351222 mandate_id=MD3776330
2026-03-05T02:42:25.513+01:00 INFO payment-service host=payment-service-a41e92-p9qmz corrId=c-4d910a9d6decd8d4 payment instruction sent loan_id=LN805351222 amount_dkk=11730.49
2026-03-05T02:42:25.597+01:00 INFO ledger-service host=ledger-service-5b8f6c-t6zvn corrId=c-4d910a9d6decd8d4 ledger posting accepted loan_id=LN805351222 amount_dkk=11730.49 posting_id=PST-d1c08e648d
2026-03-05T02:42:25.686+01:00 INFO payment-service host=payment-service-5b8f6c-p9qmz corrId=c-4d910a9d6decd8d4 payment settled loan_id=LN805351222 amount_dkk=11730.49
2026-03-05T02:42:25.711+01:00 INFO notification-service host=notification-service-a41e92-x2k4p corrId=c-4d910a9d6decd8d4 payment receipt sent loan_id=LN805351222 channel=DIGITAL_POST
2026-03-05T02:42:52.384+01:00 INFO payment-scheduler host=payment-scheduler-7c9d5b-t6zvn corrId=c-f09129b72866bb0f instalment collection started loan_id=LN650617601 due_date=2026-03-16
2026-03-05T02:42:52.484+01:00 INFO payment-service host=payment-service-a41e92-t6zvn corrId=c-f09129b72866bb0f direct debit mandate verified loan_id=LN650617601 mandate_id=MD0390783
2026-03-05T02:42:52.577+01:00 INFO payment-service host=payment-service-a41e92-t6zvn corrId=c-f09129b72866bb0f payment instruction sent loan_id=LN650617601 amount_dkk=9420.95
2026-03-05T02:42:52.701+01:00 INFO ledger-service host=ledger-service-7c9d5b-x2k4p corrId=c-f09129b72866bb0f ledger posting accepted loan_id=LN650617601 amount_dkk=9420.95 posting_id=PST-4face54387
2026-03-05T02:42:52.711+01:00 INFO payment-service host=payment-service-7c9d5b-p9qmz corrId=c-f09129b72866bb0f payment settled loan_id=LN650617601 amount_dkk=9420.95
2026-03-05T02:42:52.777+01:00 INFO notification-service host=notification-service-a41e92-t6zvn corrId=c-f09129b72866bb0f payment receipt sent loan_id=LN650617601 channel=DIGITAL_POST
2026-03-05T02:42:54.688+01:00 INFO payment-scheduler host=payment-scheduler-7c9d5b-p9qmz corrId=c-907696fd02badc2b instalment collection started loan_id=LN930987119 due_date=2026-03-21
2026-03-05T02:42:54.699+01:00 INFO payment-service host=payment-service-7c9d5b-t6zvn corrId=c-907696fd02badc2b direct debit mandate verified loan_id=LN930987119 mandate_id=MD9519682
2026-03-05T02:42:54.715+01:00 INFO payment-service host=payment-service-7c9d5b-x2k4p corrId=c-907696fd02badc2b payment instruction sent loan_id=LN930987119 amount_dkk=3246.52
2026-03-05T02:42:54.833+01:00 INFO ledger-service host=ledger-service-5b8f6c-t6zvn corrId=c-907696fd02badc2b ledger posting accepted loan_id=LN930987119 amount_dkk=3246.52 posting_id=PST-6cc1ecb816
2026-03-05T02:42:54.868+01:00 INFO payment-service host=payment-service-5b8f6c-t6zvn corrId=c-907696fd02badc2b payment settled loan_id=LN930987119 amount_dkk=3246.52
2026-03-05T02:42:54.987+01:00 INFO notification-service host=notification-service-7c9d5b-x2k4p corrId=c-907696fd02badc2b payment receipt sent loan_id=LN930987119 channel=DIGITAL_POST
2026-03-05T02:43:10.791+01:00 INFO payment-scheduler host=payment-scheduler-7c9d5b-x2k4p corrId=c-c09f1939e0cf9fbd instalment collection started loan_id=LN769917520 due_date=2026-03-15
2026-03-05T02:43:10.848+01:00 INFO payment-service host=payment-service-5b8f6c-t6zvn corrId=c-c09f1939e0cf9fbd direct debit mandate verified loan_id=LN769917520 mandate_id=MD8852442
2026-03-05T02:43:10.972+01:00 INFO payment-service host=payment-service-5b8f6c-x2k4p corrId=c-c09f1939e0cf9fbd payment instruction sent loan_id=LN769917520 amount_dkk=16306.81
2026-03-05T02:43:11.096+01:00 INFO ledger-service host=ledger-service-5b8f6c-p9qmz corrId=c-c09f1939e0cf9fbd ledger posting accepted loan_id=LN769917520 amount_dkk=16306.81 posting_id=PST-2523f30ed3
2026-03-05T02:43:11.107+01:00 INFO payment-service host=payment-service-7c9d5b-p9qmz corrId=c-c09f1939e0cf9fbd payment settled loan_id=LN769917520 amount_dkk=16306.81
2026-03-05T02:43:11.190+01:00 INFO notification-service host=notification-service-5b8f6c-p9qmz corrId=c-c09f1939e0cf9fbd payment receipt sent loan_id=LN769917520 channel=EMAIL
2026-03-05T02:44:39.882+01:00 INFO payment-scheduler host=payment-scheduler-a41e92-x2k4p corrId=c-b61fe44587056702 instalment collection started loan_id=LN912043473 due_date=2026-03-11
2026-03-05T02:44:39.976+01:00 INFO payment-service host=payment-service-a41e92-p9qmz corrId=c-b61fe44587056702 direct debit mandate verified loan_id=LN912043473 mandate_id=MD6623438
2026-03-05T02:44:40.011+01:00 INFO payment-service host=payment-service-a41e92-t6zvn corrId=c-b61fe44587056702 payment instruction sent loan_id=LN912043473 amount_dkk=17258.38
2026-03-05T02:44:40.039+01:00 INFO ledger-service host=ledger-service-5b8f6c-x2k4p corrId=c-b61fe44587056702 ledger posting accepted loan_id=LN912043473 amount_dkk=17258.38 posting_id=PST-5fcc0e4953
2026-03-05T02:44:40.132+01:00 INFO payment-service host=payment-service-5b8f6c-x2k4p corrId=c-b61fe44587056702 payment settled loan_id=LN912043473 amount_dkk=17258.38
2026-03-05T02:44:40.191+01:00 INFO notification-service host=notification-service-5b8f6c-p9qmz corrId=c-b61fe44587056702 payment receipt sent loan_id=LN912043473 channel=EMAIL
2026-03-05T02:44:55.585+01:00 INFO payment-scheduler host=payment-scheduler-5b8f6c-p9qmz corrId=c-df779d002f416737 instalment collection started loan_id=LN095381286 due_date=2026-03-02
2026-03-05T02:44:55.706+01:00 INFO payment-service host=payment-service-5b8f6c-t6zvn corrId=c-df779d002f416737 direct debit mandate verified loan_id=LN095381286 mandate_id=MD1653830
2026-03-05T02:44:55.825+01:00 INFO payment-service host=payment-service-5b8f6c-x2k4p corrId=c-df779d002f416737 payment instruction sent loan_id=LN095381286 amount_dkk=6075.55
2026-03-05T02:44:55.877+01:00 INFO ledger-service host=ledger-service-5b8f6c-p9qmz corrId=c-df779d002f416737 ledger posting accepted loan_id=LN095381286 amount_dkk=6075.55 posting_id=PST-4471adaf3d
2026-03-05T02:44:55.926+01:00 INFO payment-service host=payment-service-5b8f6c-x2k4p corrId=c-df779d002f416737 payment settled loan_id=LN095381286 amount_dkk=6075.55
2026-03-05T02:44:56.059+01:00 INFO notification-service host=notification-service-5b8f6c-t6zvn corrId=c-df779d002f416737 payment receipt sent loan_id=LN095381286 channel=EMAIL
2026-03-05T02:45:00.295+01:00 INFO api-gateway host=api-gateway-7c9d5b-p9qmz corrId=- health probe ok status=200 latency_ms=30
2026-03-05T02:45:05.972+01:00 INFO payment-scheduler host=payment-scheduler-5b8f6c-p9qmz corrId=c-49ee452b77bc291e instalment collection started loan_id=LN595008213 due_date=2026-03-10
2026-03-05T02:45:06.038+01:00 INFO payment-service host=payment-service-7c9d5b-t6zvn corrId=c-49ee452b77bc291e direct debit mandate verified loan_id=LN595008213 mandate_id=MD3183849
2026-03-05T02:45:06.178+01:00 INFO payment-service host=payment-service-5b8f6c-p9qmz corrId=c-49ee452b77bc291e payment instruction sent loan_id=LN595008213 amount_dkk=10537.11
2026-03-05T02:45:06.244+01:00 INFO ledger-service host=ledger-service-a41e92-x2k4p corrId=c-49ee452b77bc291e ledger posting accepted loan_id=LN595008213 amount_dkk=10537.11 posting_id=PST-589d6db697
2026-03-05T02:45:06.335+01:00 INFO payment-service host=payment-service-a41e92-p9qmz corrId=c-49ee452b77bc291e payment settled loan_id=LN595008213 amount_dkk=10537.11
2026-03-05T02:45:06.450+01:00 INFO notification-service host=notification-service-7c9d5b-t6zvn corrId=c-49ee452b77bc291e payment receipt sent loan_id=LN595008213 channel=DIGITAL_POST
2026-03-05T02:45:25.814+01:00 INFO payment-scheduler host=payment-scheduler-7c9d5b-p9qmz corrId=c-e4df3ad61728ecee instalment collection started loan_id=LN752044081 due_date=2026-03-14
2026-03-05T02:45:25.900+01:00 INFO payment-service host=payment-service-a41e92-t6zvn corrId=c-e4df3ad61728ecee direct debit mandate verified loan_id=LN752044081 mandate_id=MD8785519
2026-03-05T02:45:25.963+01:00 INFO payment-service host=payment-service-a41e92-p9qmz corrId=c-e4df3ad61728ecee payment instruction sent loan_id=LN752044081 amount_dkk=8264.25
2026-03-05T02:45:26.018+01:00 INFO ledger-service host=ledger-service-a41e92-t6zvn corrId=c-e4df3ad61728ecee ledger posting accepted loan_id=LN752044081 amount_dkk=8264.25 posting_id=PST-28d72a736b
2026-03-05T02:45:26.060+01:00 INFO payment-service host=payment-service-5b8f6c-t6zvn corrId=c-e4df3ad61728ecee payment settled loan_id=LN752044081 amount_dkk=8264.25
2026-03-05T02:45:26.070+01:00 INFO notification-service host=notification-service-5b8f6c-x2k4p corrId=c-e4df3ad61728ecee payment receipt sent loan_id=LN752044081 channel=DIGITAL_POST
2026-03-05T02:45:35.999+01:00 INFO payment-scheduler host=payment-scheduler-5b8f6c-x2k4p corrId=c-e9b45336deae0e58 instalment collection started loan_id=LN706715903 due_date=2026-03-01
2026-03-05T02:45:36.113+01:00 INFO payment-service host=payment-service-5b8f6c-x2k4p corrId=c-e9b45336deae0e58 direct debit mandate verified loan_id=LN706715903 mandate_id=MD8459052
2026-03-05T02:45:36.252+01:00 INFO payment-service host=payment-service-7c9d5b-x2k4p corrId=c-e9b45336deae0e58 payment instruction sent loan_id=LN706715903 amount_dkk=16396.02
2026-03-05T02:45:36.258+01:00 INFO ledger-service host=ledger-service-5b8f6c-p9qmz corrId=c-e9b45336deae0e58 ledger posting accepted loan_id=LN706715903 amount_dkk=16396.02 posting_id=PST-f005edc0ff
2026-03-05T02:45:36.354+01:00 INFO payment-service host=payment-service-7c9d5b-x2k4p corrId=c-e9b45336deae0e58 payment settled loan_id=LN706715903 amount_dkk=16396.02
2026-03-05T02:45:36.476+01:00 INFO notification-service host=notification-service-5b8f6c-x2k4p corrId=c-e9b45336deae0e58 payment receipt sent loan_id=LN706715903 channel=DIGITAL_POST
2026-03-05T02:46:21.689+01:00 INFO payment-scheduler host=payment-scheduler-5b8f6c-t6zvn corrId=c-d1508c8a64798aa3 instalment collection started loan_id=LN697612960 due_date=2026-03-25
2026-03-05T02:46:21.800+01:00 INFO payment-service host=payment-service-a41e92-t6zvn corrId=c-d1508c8a64798aa3 direct debit mandate verified loan_id=LN697612960 mandate_id=MD7014749
2026-03-05T02:46:21.877+01:00 INFO payment-service host=payment-service-7c9d5b-x2k4p corrId=c-d1508c8a64798aa3 payment instruction sent loan_id=LN697612960 amount_dkk=12319.30
2026-03-05T02:46:21.949+01:00 INFO ledger-service host=ledger-service-7c9d5b-x2k4p corrId=c-d1508c8a64798aa3 ledger posting accepted loan_id=LN697612960 amount_dkk=12319.30 posting_id=PST-61b8085a45
2026-03-05T02:46:21.998+01:00 INFO payment-service host=payment-service-5b8f6c-p9qmz corrId=c-d1508c8a64798aa3 payment settled loan_id=LN697612960 amount_dkk=12319.30
2026-03-05T02:46:22.035+01:00 INFO notification-service host=notification-service-7c9d5b-t6zvn corrId=c-d1508c8a64798aa3 payment receipt sent loan_id=LN697612960 channel=DIGITAL_POST
2026-03-05T02:46:25.676+01:00 INFO payment-scheduler host=payment-scheduler-a41e92-x2k4p corrId=c-c4b1a73ed724bd47 instalment collection started loan_id=LN275728912 due_date=2026-03-06
2026-03-05T02:46:25.757+01:00 INFO payment-service host=payment-service-7c9d5b-t6zvn corrId=c-c4b1a73ed724bd47 direct debit mandate verified loan_id=LN275728912 mandate_id=MD6495865
2026-03-05T02:46:25.768+01:00 INFO payment-service host=payment-service-7c9d5b-x2k4p corrId=c-c4b1a73ed724bd47 payment instruction sent loan_id=LN275728912 amount_dkk=11073.66
2026-03-05T02:46:25.833+01:00 INFO ledger-service host=ledger-service-5b8f6c-p9qmz corrId=c-c4b1a73ed724bd47 ledger posting accepted loan_id=LN275728912 amount_dkk=11073.66 posting_id=PST-7641771b87
2026-03-05T02:46:25.841+01:00 INFO payment-service host=payment-service-7c9d5b-x2k4p corrId=c-c4b1a73ed724bd47 payment settled loan_id=LN275728912 amount_dkk=11073.66
2026-03-05T02:46:25.907+01:00 INFO notification-service host=notification-service-7c9d5b-t6zvn corrId=c-c4b1a73ed724bd47 payment receipt sent loan_id=LN275728912 channel=EMAIL
2026-03-05T02:46:40.601+01:00 INFO payment-scheduler host=payment-scheduler-7c9d5b-t6zvn corrId=c-1e24d4a8a9fafb01 instalment collection started loan_id=LN350329008 due_date=2026-03-03
2026-03-05T02:46:40.669+01:00 INFO payment-service host=payment-service-7c9d5b-t6zvn corrId=c-1e24d4a8a9fafb01 direct debit mandate verified loan_id=LN350329008 mandate_id=MD6952705
2026-03-05T02:46:40.691+01:00 INFO payment-service host=payment-service-a41e92-p9qmz corrId=c-1e24d4a8a9fafb01 payment instruction sent loan_id=LN350329008 amount_dkk=13575.36
2026-03-05T02:46:40.825+01:00 INFO ledger-service host=ledger-service-7c9d5b-t6zvn corrId=c-1e24d4a8a9fafb01 ledger posting accepted loan_id=LN350329008 amount_dkk=13575.36 posting_id=PST-a9667c56fd
2026-03-05T02:46:40.965+01:00 INFO payment-service host=payment-service-5b8f6c-p9qmz corrId=c-1e24d4a8a9fafb01 payment settled loan_id=LN350329008 amount_dkk=13575.36
2026-03-05T02:46:41.018+01:00 INFO notification-service host=notification-service-7c9d5b-p9qmz corrId=c-1e24d4a8a9fafb01 payment receipt sent loan_id=LN350329008 channel=EMAIL
2026-03-05T02:46:47.273+01:00 INFO payment-scheduler host=payment-scheduler-a41e92-p9qmz corrId=c-18fe875bdd53cada instalment collection started loan_id=LN299920295 due_date=2026-03-11
2026-03-05T02:46:47.361+01:00 INFO payment-service host=payment-service-5b8f6c-x2k4p corrId=c-18fe875bdd53cada direct debit mandate verified loan_id=LN299920295 mandate_id=MD6225437
2026-03-05T02:46:47.466+01:00 INFO payment-service host=payment-service-7c9d5b-t6zvn corrId=c-18fe875bdd53cada payment instruction sent loan_id=LN299920295 amount_dkk=10881.71
2026-03-05T02:46:47.520+01:00 INFO ledger-service host=ledger-service-7c9d5b-x2k4p corrId=c-18fe875bdd53cada ledger posting accepted loan_id=LN299920295 amount_dkk=10881.71 posting_id=PST-36fb6d0215
2026-03-05T02:46:47.630+01:00 INFO payment-service host=payment-service-a41e92-x2k4p corrId=c-18fe875bdd53cada payment settled loan_id=LN299920295 amount_dkk=10881.71
2026-03-05T02:46:47.671+01:00 INFO notification-service host=notification-service-a41e92-p9qmz corrId=c-18fe875bdd53cada payment receipt sent loan_id=LN299920295 channel=EMAIL
2026-03-05T02:47:49.017+01:00 INFO payment-scheduler host=payment-scheduler-a41e92-x2k4p corrId=c-4624acb20b05ff6c instalment collection started loan_id=LN969767462 due_date=2026-03-25
2026-03-05T02:47:49.035+01:00 INFO payment-service host=payment-service-a41e92-t6zvn corrId=c-4624acb20b05ff6c direct debit mandate verified loan_id=LN969767462 mandate_id=MD7715468
2026-03-05T02:47:49.144+01:00 INFO payment-service host=payment-service-7c9d5b-p9qmz corrId=c-4624acb20b05ff6c payment instruction sent loan_id=LN969767462 amount_dkk=12805.42
2026-03-05T02:47:49.193+01:00 INFO ledger-service host=ledger-service-5b8f6c-p9qmz corrId=c-4624acb20b05ff6c ledger posting accepted loan_id=LN969767462 amount_dkk=12805.42 posting_id=PST-ed3554c109
2026-03-05T02:47:49.292+01:00 INFO payment-service host=payment-service-a41e92-t6zvn corrId=c-4624acb20b05ff6c payment settled loan_id=LN969767462 amount_dkk=12805.42
2026-03-05T02:47:49.322+01:00 INFO notification-service host=notification-service-5b8f6c-t6zvn corrId=c-4624acb20b05ff6c payment receipt sent loan_id=LN969767462 channel=DIGITAL_POST
2026-03-05T02:48:23.978+01:00 INFO payment-scheduler host=payment-scheduler-a41e92-t6zvn corrId=c-173bfc1ae6506cf5 instalment collection started loan_id=LN666142547 due_date=2026-03-28
2026-03-05T02:48:24.056+01:00 INFO payment-service host=payment-service-a41e92-x2k4p corrId=c-173bfc1ae6506cf5 direct debit mandate verified loan_id=LN666142547 mandate_id=MD9579489
2026-03-05T02:48:24.166+01:00 INFO payment-service host=payment-service-7c9d5b-t6zvn corrId=c-173bfc1ae6506cf5 payment instruction sent loan_id=LN666142547 amount_dkk=17800.73
2026-03-05T02:48:24.270+01:00 INFO ledger-service host=ledger-service-7c9d5b-p9qmz corrId=c-173bfc1ae6506cf5 ledger posting accepted loan_id=LN666142547 amount_dkk=17800.73 posting_id=PST-29afec4d67
2026-03-05T02:48:24.309+01:00 INFO payment-service host=payment-service-5b8f6c-p9qmz corrId=c-173bfc1ae6506cf5 payment settled loan_id=LN666142547 amount_dkk=17800.73
2026-03-05T02:48:24.397+01:00 INFO notification-service host=notification-service-5b8f6c-p9qmz corrId=c-173bfc1ae6506cf5 payment receipt sent loan_id=LN666142547 channel=DIGITAL_POST
2026-03-05T02:48:34.784+01:00 INFO payment-scheduler host=payment-scheduler-a41e92-p9qmz corrId=c-e65c149346bac2fa instalment collection started loan_id=LN357770799 due_date=2026-03-24
2026-03-05T02:48:34.815+01:00 INFO payment-service host=payment-service-a41e92-p9qmz corrId=c-e65c149346bac2fa direct debit mandate verified loan_id=LN357770799 mandate_id=MD9856864
2026-03-05T02:48:34.944+01:00 INFO payment-service host=payment-service-5b8f6c-t6zvn corrId=c-e65c149346bac2fa payment instruction sent loan_id=LN357770799 amount_dkk=15343.99
2026-03-05T02:48:34.988+01:00 INFO ledger-service host=ledger-service-5b8f6c-x2k4p corrId=c-e65c149346bac2fa ledger posting accepted loan_id=LN357770799 amount_dkk=15343.99 posting_id=PST-0349c95339
2026-03-05T02:48:35.057+01:00 INFO payment-service host=payment-service-a41e92-t6zvn corrId=c-e65c149346bac2fa payment settled loan_id=LN357770799 amount_dkk=15343.99
2026-03-05T02:48:35.073+01:00 INFO notification-service host=notification-service-5b8f6c-p9qmz corrId=c-e65c149346bac2fa payment receipt sent loan_id=LN357770799 channel=DIGITAL_POST
2026-03-05T02:49:21.346+01:00 INFO payment-scheduler host=payment-scheduler-a41e92-x2k4p corrId=c-fdd6b0d545f39bab instalment collection started loan_id=LN882426915 due_date=2026-03-10
2026-03-05T02:49:21.364+01:00 INFO payment-service host=payment-service-7c9d5b-x2k4p corrId=c-fdd6b0d545f39bab direct debit mandate verified loan_id=LN882426915 mandate_id=MD5801272
2026-03-05T02:49:21.370+01:00 INFO payment-service host=payment-service-5b8f6c-x2k4p corrId=c-fdd6b0d545f39bab payment instruction sent loan_id=LN882426915 amount_dkk=6309.36
2026-03-05T02:49:21.469+01:00 INFO ledger-service host=ledger-service-7c9d5b-p9qmz corrId=c-fdd6b0d545f39bab ledger posting accepted loan_id=LN882426915 amount_dkk=6309.36 posting_id=PST-80b9d106ed
2026-03-05T02:49:21.566+01:00 INFO payment-service host=payment-service-5b8f6c-p9qmz corrId=c-fdd6b0d545f39bab payment settled loan_id=LN882426915 amount_dkk=6309.36
2026-03-05T02:49:21.700+01:00 INFO notification-service host=notification-service-7c9d5b-x2k4p corrId=c-fdd6b0d545f39bab payment receipt sent loan_id=LN882426915 channel=EMAIL
2026-03-05T02:49:27.749+01:00 INFO payment-scheduler host=payment-scheduler-5b8f6c-p9qmz corrId=c-991edf459b93fe62 instalment collection started loan_id=LN757270106 due_date=2026-03-19
2026-03-05T02:49:27.758+01:00 INFO payment-service host=payment-service-7c9d5b-p9qmz corrId=c-991edf459b93fe62 direct debit mandate verified loan_id=LN757270106 mandate_id=MD1078129
2026-03-05T02:49:27.803+01:00 INFO payment-service host=payment-service-7c9d5b-x2k4p corrId=c-991edf459b93fe62 payment instruction sent loan_id=LN757270106 amount_dkk=12311.30
2026-03-05T02:49:27.887+01:00 INFO ledger-service host=ledger-service-5b8f6c-t6zvn corrId=c-991edf459b93fe62 ledger posting accepted loan_id=LN757270106 amount_dkk=12311.30 posting_id=PST-d62fa1613d
2026-03-05T02:49:27.964+01:00 INFO payment-service host=payment-service-a41e92-x2k4p corrId=c-991edf459b93fe62 payment settled loan_id=LN757270106 amount_dkk=12311.30
2026-03-05T02:49:28.051+01:00 INFO notification-service host=notification-service-7c9d5b-p9qmz corrId=c-991edf459b93fe62 payment receipt sent loan_id=LN757270106 channel=DIGITAL_POST
2026-03-05T02:49:51.120+01:00 INFO payment-scheduler host=payment-scheduler-7c9d5b-p9qmz corrId=c-7f90463a513503be instalment collection started loan_id=LN267164871 due_date=2026-03-14
2026-03-05T02:49:51.164+01:00 INFO payment-service host=payment-service-5b8f6c-x2k4p corrId=c-7f90463a513503be direct debit mandate verified loan_id=LN267164871 mandate_id=MD1036879
2026-03-05T02:49:51.303+01:00 INFO payment-service host=payment-service-5b8f6c-p9qmz corrId=c-7f90463a513503be payment instruction sent loan_id=LN267164871 amount_dkk=16095.59
2026-03-05T02:49:51.381+01:00 INFO ledger-service host=ledger-service-7c9d5b-t6zvn corrId=c-7f90463a513503be ledger posting accepted loan_id=LN267164871 amount_dkk=16095.59 posting_id=PST-87ab1379ce
2026-03-05T02:49:51.516+01:00 INFO payment-service host=payment-service-a41e92-t6zvn corrId=c-7f90463a513503be payment settled loan_id=LN267164871 amount_dkk=16095.59
2026-03-05T02:49:51.644+01:00 INFO notification-service host=notification-service-7c9d5b-x2k4p corrId=c-7f90463a513503be payment receipt sent loan_id=LN267164871 channel=EMAIL
2026-03-05T02:50:00.054+01:00 INFO api-gateway host=api-gateway-7c9d5b-p9qmz corrId=- health probe ok status=200 latency_ms=3
2026-03-05T02:50:00.236+01:00 INFO payment-scheduler host=payment-scheduler-5b8f6c-t6zvn corrId=- scheduler heartbeat lag_ms=3
2026-03-05T02:50:07.431+01:00 INFO payment-scheduler host=payment-scheduler-5b8f6c-x2k4p corrId=c-6d41e6e4d9d5a55c instalment collection started loan_id=LN714755499 due_date=2026-03-04
2026-03-05T02:50:07.467+01:00 INFO payment-service host=payment-service-7c9d5b-p9qmz corrId=c-6d41e6e4d9d5a55c direct debit mandate verified loan_id=LN714755499 mandate_id=MD3694123
2026-03-05T02:50:07.591+01:00 INFO payment-service host=payment-service-a41e92-p9qmz corrId=c-6d41e6e4d9d5a55c payment instruction sent loan_id=LN714755499 amount_dkk=3631.35
2026-03-05T02:50:07.606+01:00 INFO ledger-service host=ledger-service-a41e92-t6zvn corrId=c-6d41e6e4d9d5a55c ledger posting accepted loan_id=LN714755499 amount_dkk=3631.35 posting_id=PST-3b8abe3f16
2026-03-05T02:50:07.731+01:00 INFO payment-service host=payment-service-5b8f6c-x2k4p corrId=c-6d41e6e4d9d5a55c payment settled loan_id=LN714755499 amount_dkk=3631.35
2026-03-05T02:50:07.801+01:00 INFO notification-service host=notification-service-a41e92-t6zvn corrId=c-6d41e6e4d9d5a55c payment receipt sent loan_id=LN714755499 channel=EMAIL
2026-03-05T02:50:20.101+01:00 INFO payment-scheduler host=payment-scheduler-a41e92-t6zvn corrId=c-f3c95a07a6fbaf77 instalment collection started loan_id=LN167650262 due_date=2026-03-25
2026-03-05T02:50:20.160+01:00 INFO payment-service host=payment-service-7c9d5b-p9qmz corrId=c-f3c95a07a6fbaf77 direct debit mandate verified loan_id=LN167650262 mandate_id=MD0703452
2026-03-05T02:50:20.256+01:00 INFO payment-service host=payment-service-a41e92-x2k4p corrId=c-f3c95a07a6fbaf77 payment instruction sent loan_id=LN167650262 amount_dkk=5478.05
2026-03-05T02:50:20.288+01:00 INFO ledger-service host=ledger-service-7c9d5b-t6zvn corrId=c-f3c95a07a6fbaf77 ledger posting accepted loan_id=LN167650262 amount_dkk=5478.05 posting_id=PST-2ae5805f5b
2026-03-05T02:50:20.392+01:00 INFO payment-service host=payment-service-7c9d5b-p9qmz corrId=c-f3c95a07a6fbaf77 payment settled loan_id=LN167650262 amount_dkk=5478.05
2026-03-05T02:50:20.410+01:00 INFO notification-service host=notification-service-7c9d5b-t6zvn corrId=c-f3c95a07a6fbaf77 payment receipt sent loan_id=LN167650262 channel=DIGITAL_POST
2026-03-05T02:50:27.212+01:00 INFO payment-scheduler host=payment-scheduler-5b8f6c-t6zvn corrId=c-e2123f7d033d7a6b instalment collection started loan_id=LN350265066 due_date=2026-03-07
2026-03-05T02:50:27.269+01:00 INFO payment-service host=payment-service-7c9d5b-p9qmz corrId=c-e2123f7d033d7a6b direct debit mandate verified loan_id=LN350265066 mandate_id=MD5660243
2026-03-05T02:50:27.386+01:00 INFO payment-service host=payment-service-7c9d5b-x2k4p corrId=c-e2123f7d033d7a6b payment instruction sent loan_id=LN350265066 amount_dkk=12143.53
2026-03-05T02:50:27.440+01:00 INFO ledger-service host=ledger-service-7c9d5b-t6zvn corrId=c-e2123f7d033d7a6b ledger posting accepted loan_id=LN350265066 amount_dkk=12143.53 posting_id=PST-95be338459
2026-03-05T02:50:27.472+01:00 INFO payment-service host=payment-service-5b8f6c-p9qmz corrId=c-e2123f7d033d7a6b payment settled loan_id=LN350265066 amount_dkk=12143.53
2026-03-05T02:50:27.537+01:00 INFO notification-service host=notification-service-a41e92-p9qmz corrId=c-e2123f7d033d7a6b payment receipt sent loan_id=LN350265066 channel=DIGITAL_POST
2026-03-05T02:50:39.687+01:00 INFO payment-scheduler host=payment-scheduler-a41e92-x2k4p corrId=c-ef65c07b4bbbfc78 instalment collection started loan_id=LN270680967 due_date=2026-03-16
2026-03-05T02:50:39.731+01:00 INFO payment-service host=payment-service-7c9d5b-t6zvn corrId=c-ef65c07b4bbbfc78 direct debit mandate verified loan_id=LN270680967 mandate_id=MD3132435
2026-03-05T02:50:39.739+01:00 INFO payment-service host=payment-service-5b8f6c-t6zvn corrId=c-ef65c07b4bbbfc78 payment instruction sent loan_id=LN270680967 amount_dkk=7591.17
2026-03-05T02:50:39.870+01:00 INFO ledger-service host=ledger-service-a41e92-x2k4p corrId=c-ef65c07b4bbbfc78 ledger posting accepted loan_id=LN270680967 amount_dkk=7591.17 posting_id=PST-ab503572b4
2026-03-05T02:50:39.977+01:00 INFO payment-service host=payment-service-5b8f6c-t6zvn corrId=c-ef65c07b4bbbfc78 payment settled loan_id=LN270680967 amount_dkk=7591.17
2026-03-05T02:50:40.038+01:00 INFO notification-service host=notification-service-a41e92-p9qmz corrId=c-ef65c07b4bbbfc78 payment receipt sent loan_id=LN270680967 channel=DIGITAL_POST
2026-03-05T02:50:41.439+01:00 INFO payment-scheduler host=payment-scheduler-a41e92-x2k4p corrId=c-7092bdec18e096e0 instalment collection started loan_id=LN298430984 due_date=2026-03-20
2026-03-05T02:50:41.571+01:00 INFO payment-service host=payment-service-7c9d5b-t6zvn corrId=c-7092bdec18e096e0 direct debit mandate verified loan_id=LN298430984 mandate_id=MD8920432
2026-03-05T02:50:41.703+01:00 INFO payment-service host=payment-service-5b8f6c-x2k4p corrId=c-7092bdec18e096e0 payment instruction sent loan_id=LN298430984 amount_dkk=3259.04
2026-03-05T02:50:41.773+01:00 INFO ledger-service host=ledger-service-a41e92-p9qmz corrId=c-7092bdec18e096e0 ledger posting accepted loan_id=LN298430984 amount_dkk=3259.04 posting_id=PST-5c0435bdb2
2026-03-05T02:50:41.898+01:00 INFO payment-service host=payment-service-5b8f6c-x2k4p corrId=c-7092bdec18e096e0 payment settled loan_id=LN298430984 amount_dkk=3259.04
2026-03-05T02:50:41.968+01:00 INFO notification-service host=notification-service-5b8f6c-p9qmz corrId=c-7092bdec18e096e0 payment receipt sent loan_id=LN298430984 channel=DIGITAL_POST
2026-03-05T02:50:48.916+01:00 INFO payment-scheduler host=payment-scheduler-5b8f6c-x2k4p corrId=c-278b52edd6a5b2d4 instalment collection started loan_id=LN250242749 due_date=2026-03-25
2026-03-05T02:50:48.923+01:00 INFO payment-service host=payment-service-a41e92-p9qmz corrId=c-278b52edd6a5b2d4 direct debit mandate verified loan_id=LN250242749 mandate_id=MD4183094
2026-03-05T02:50:49.023+01:00 INFO payment-service host=payment-service-7c9d5b-x2k4p corrId=c-278b52edd6a5b2d4 payment instruction sent loan_id=LN250242749 amount_dkk=17666.93
2026-03-05T02:50:49.160+01:00 INFO ledger-service host=ledger-service-5b8f6c-x2k4p corrId=c-278b52edd6a5b2d4 ledger posting accepted loan_id=LN250242749 amount_dkk=17666.93 posting_id=PST-199ff8d9b4
2026-03-05T02:50:49.248+01:00 INFO payment-service host=payment-service-7c9d5b-p9qmz corrId=c-278b52edd6a5b2d4 payment settled loan_id=LN250242749 amount_dkk=17666.93
2026-03-05T02:50:49.253+01:00 INFO notification-service host=notification-service-a41e92-t6zvn corrId=c-278b52edd6a5b2d4 payment receipt sent loan_id=LN250242749 channel=EMAIL
2026-03-05T02:50:50.686+01:00 INFO payment-scheduler host=payment-scheduler-7c9d5b-p9qmz corrId=c-9739cd523d08eaad instalment collection started loan_id=LN511172279 due_date=2026-03-23
2026-03-05T02:50:50.822+01:00 INFO payment-service host=payment-service-7c9d5b-x2k4p corrId=c-9739cd523d08eaad direct debit mandate verified loan_id=LN511172279 mandate_id=MD3951640
2026-03-05T02:50:50.920+01:00 INFO payment-service host=payment-service-5b8f6c-t6zvn corrId=c-9739cd523d08eaad payment instruction sent loan_id=LN511172279 amount_dkk=3890.48
2026-03-05T02:50:50.951+01:00 INFO ledger-service host=ledger-service-a41e92-t6zvn corrId=c-9739cd523d08eaad ledger posting accepted loan_id=LN511172279 amount_dkk=3890.48 posting_id=PST-21fa632fb4
2026-03-05T02:50:51.050+01:00 INFO payment-service host=payment-service-5b8f6c-p9qmz corrId=c-9739cd523d08eaad payment settled loan_id=LN511172279 amount_dkk=3890.48
2026-03-05T02:50:51.058+01:00 INFO notification-service host=notification-service-7c9d5b-t6zvn corrId=c-9739cd523d08eaad payment receipt sent loan_id=LN511172279 channel=EMAIL
2026-03-05T02:51:01.276+01:00 INFO payment-scheduler host=payment-scheduler-5b8f6c-x2k4p corrId=c-94ec4ee15f028c91 instalment collection started loan_id=LN633087284 due_date=2026-03-20
2026-03-05T02:51:01.401+01:00 INFO payment-service host=payment-service-7c9d5b-t6zvn corrId=c-94ec4ee15f028c91 direct debit mandate verified loan_id=LN633087284 mandate_id=MD5541454
2026-03-05T02:51:01.529+01:00 INFO payment-service host=payment-service-a41e92-x2k4p corrId=c-94ec4ee15f028c91 payment instruction sent loan_id=LN633087284 amount_dkk=3090.66
2026-03-05T02:51:01.550+01:00 INFO ledger-service host=ledger-service-a41e92-p9qmz corrId=c-94ec4ee15f028c91 ledger posting accepted loan_id=LN633087284 amount_dkk=3090.66 posting_id=PST-47e998200d
2026-03-05T02:51:01.562+01:00 INFO payment-service host=payment-service-7c9d5b-t6zvn corrId=c-94ec4ee15f028c91 payment settled loan_id=LN633087284 amount_dkk=3090.66
2026-03-05T02:51:01.567+01:00 INFO notification-service host=notification-service-a41e92-p9qmz corrId=c-94ec4ee15f028c91 payment receipt sent loan_id=LN633087284 channel=EMAIL
2026-03-05T02:51:21.487+01:00 INFO payment-scheduler host=payment-scheduler-a41e92-p9qmz corrId=c-43f0a94a301c13af instalment collection started loan_id=LN636248308 due_date=2026-03-11
2026-03-05T02:51:21.510+01:00 INFO payment-service host=payment-service-a41e92-x2k4p corrId=c-43f0a94a301c13af direct debit mandate verified loan_id=LN636248308 mandate_id=MD1811618
2026-03-05T02:51:21.516+01:00 INFO payment-service host=payment-service-5b8f6c-x2k4p corrId=c-43f0a94a301c13af payment instruction sent loan_id=LN636248308 amount_dkk=2885.07
2026-03-05T02:51:21.598+01:00 INFO ledger-service host=ledger-service-7c9d5b-p9qmz corrId=c-43f0a94a301c13af ledger posting accepted loan_id=LN636248308 amount_dkk=2885.07 posting_id=PST-217c1c8b4c
2026-03-05T02:51:21.732+01:00 INFO payment-service host=payment-service-7c9d5b-p9qmz corrId=c-43f0a94a301c13af payment settled loan_id=LN636248308 amount_dkk=2885.07
2026-03-05T02:51:21.835+01:00 INFO notification-service host=notification-service-5b8f6c-p9qmz corrId=c-43f0a94a301c13af payment receipt sent loan_id=LN636248308 channel=DIGITAL_POST
2026-03-05T02:51:36.163+01:00 INFO payment-scheduler host=payment-scheduler-5b8f6c-p9qmz corrId=c-3b063d9b605b0103 instalment collection started loan_id=LN420793043 due_date=2026-03-21
2026-03-05T02:51:36.267+01:00 INFO payment-service host=payment-service-5b8f6c-x2k4p corrId=c-3b063d9b605b0103 direct debit mandate verified loan_id=LN420793043 mandate_id=MD9464205
2026-03-05T02:51:36.322+01:00 INFO payment-service host=payment-service-7c9d5b-p9qmz corrId=c-3b063d9b605b0103 payment instruction sent loan_id=LN420793043 amount_dkk=9184.78
2026-03-05T02:51:36.355+01:00 INFO ledger-service host=ledger-service-7c9d5b-p9qmz corrId=c-3b063d9b605b0103 ledger posting accepted loan_id=LN420793043 amount_dkk=9184.78 posting_id=PST-0d25d0a34a
2026-03-05T02:51:36.443+01:00 INFO payment-service host=payment-service-7c9d5b-p9qmz corrId=c-3b063d9b605b0103 payment settled loan_id=LN420793043 amount_dkk=9184.78
2026-03-05T02:51:36.543+01:00 INFO notification-service host=notification-service-5b8f6c-x2k4p corrId=c-3b063d9b605b0103 payment receipt sent loan_id=LN420793043 channel=EMAIL
2026-03-05T02:51:45.005+01:00 INFO payment-scheduler host=payment-scheduler-a41e92-x2k4p corrId=c-85b54e90e17518fd instalment collection started loan_id=LN941764211 due_date=2026-03-26
2026-03-05T02:51:45.091+01:00 INFO payment-service host=payment-service-5b8f6c-p9qmz corrId=c-85b54e90e17518fd direct debit mandate verified loan_id=LN941764211 mandate_id=MD2371826
2026-03-05T02:51:45.116+01:00 INFO payment-service host=payment-service-7c9d5b-x2k4p corrId=c-85b54e90e17518fd payment instruction sent loan_id=LN941764211 amount_dkk=9953.13
2026-03-05T02:51:45.146+01:00 INFO ledger-service host=ledger-service-7c9d5b-t6zvn corrId=c-85b54e90e17518fd ledger posting accepted loan_id=LN941764211 amount_dkk=9953.13 posting_id=PST-c7717f4079
2026-03-05T02:51:45.157+01:00 INFO payment-service host=payment-service-a41e92-p9qmz corrId=c-85b54e90e17518fd payment settled loan_id=LN941764211 amount_dkk=9953.13
2026-03-05T02:51:45.188+01:00 INFO notification-service host=notification-service-a41e92-x2k4p corrId=c-85b54e90e17518fd payment receipt sent loan_id=LN941764211 channel=EMAIL
2026-03-05T02:51:51.455+01:00 INFO payment-scheduler host=payment-scheduler-5b8f6c-x2k4p corrId=c-c0499fdcdc0b846c instalment collection started loan_id=LN013560593 due_date=2026-03-13
2026-03-05T02:51:51.519+01:00 INFO payment-service host=payment-service-7c9d5b-p9qmz corrId=c-c0499fdcdc0b846c direct debit mandate verified loan_id=LN013560593 mandate_id=MD8517769
2026-03-05T02:51:51.583+01:00 INFO payment-service host=payment-service-7c9d5b-x2k4p corrId=c-c0499fdcdc0b846c payment instruction sent loan_id=LN013560593 amount_dkk=8764.30
2026-03-05T02:51:51.645+01:00 INFO ledger-service host=ledger-service-7c9d5b-x2k4p corrId=c-c0499fdcdc0b846c ledger posting accepted loan_id=LN013560593 amount_dkk=8764.30 posting_id=PST-abf745a420
2026-03-05T02:51:51.662+01:00 INFO payment-service host=payment-service-7c9d5b-p9qmz corrId=c-c0499fdcdc0b846c payment settled loan_id=LN013560593 amount_dkk=8764.30
2026-03-05T02:51:51.794+01:00 INFO notification-service host=notification-service-7c9d5b-t6zvn corrId=c-c0499fdcdc0b846c payment receipt sent loan_id=LN013560593 channel=DIGITAL_POST
2026-03-05T02:51:59.000+01:00 INFO valuation-service host=valuation-service-5b8f6c-p9qmz corrId=- jvm gc pause pause_ms=51
2026-03-05T02:52:05.883+01:00 INFO payment-scheduler host=payment-scheduler-a41e92-p9qmz corrId=c-d4302efd92dff9d4 instalment collection started loan_id=LN618876674 due_date=2026-03-17
2026-03-05T02:52:05.950+01:00 INFO payment-service host=payment-service-5b8f6c-t6zvn corrId=c-d4302efd92dff9d4 direct debit mandate verified loan_id=LN618876674 mandate_id=MD6629454
2026-03-05T02:52:06.024+01:00 INFO payment-service host=payment-service-a41e92-x2k4p corrId=c-d4302efd92dff9d4 payment instruction sent loan_id=LN618876674 amount_dkk=14347.59
2026-03-05T02:52:06.073+01:00 INFO ledger-service host=ledger-service-7c9d5b-t6zvn corrId=c-d4302efd92dff9d4 ledger posting accepted loan_id=LN618876674 amount_dkk=14347.59 posting_id=PST-a9d46bdaea
2026-03-05T02:52:06.105+01:00 INFO payment-service host=payment-service-7c9d5b-p9qmz corrId=c-d4302efd92dff9d4 payment settled loan_id=LN618876674 amount_dkk=14347.59
2026-03-05T02:52:06.195+01:00 INFO notification-service host=notification-service-5b8f6c-t6zvn corrId=c-d4302efd92dff9d4 payment receipt sent loan_id=LN618876674 channel=DIGITAL_POST
2026-03-05T02:52:18.657+01:00 INFO payment-scheduler host=payment-scheduler-5b8f6c-t6zvn corrId=c-b151b7bfb6a69b37 instalment collection started loan_id=LN677079981 due_date=2026-03-14
2026-03-05T02:52:18.674+01:00 INFO payment-service host=payment-service-7c9d5b-p9qmz corrId=c-b151b7bfb6a69b37 direct debit mandate verified loan_id=LN677079981 mandate_id=MD9168500
2026-03-05T02:52:18.694+01:00 INFO payment-service host=payment-service-5b8f6c-p9qmz corrId=c-b151b7bfb6a69b37 payment instruction sent loan_id=LN677079981 amount_dkk=3592.91
2026-03-05T02:52:18.714+01:00 INFO ledger-service host=ledger-service-7c9d5b-t6zvn corrId=c-b151b7bfb6a69b37 ledger posting accepted loan_id=LN677079981 amount_dkk=3592.91 posting_id=PST-82b34e6041
2026-03-05T02:52:18.813+01:00 INFO payment-service host=payment-service-a41e92-t6zvn corrId=c-b151b7bfb6a69b37 payment settled loan_id=LN677079981 amount_dkk=3592.91
2026-03-05T02:52:18.880+01:00 INFO notification-service host=notification-service-7c9d5b-p9qmz corrId=c-b151b7bfb6a69b37 payment receipt sent loan_id=LN677079981 channel=DIGITAL_POST
2026-03-05T02:52:37.544+01:00 INFO payment-scheduler host=payment-scheduler-7c9d5b-t6zvn corrId=c-36331ebd60743fac instalment collection started loan_id=LN343888235 due_date=2026-03-19
2026-03-05T02:52:37.675+01:00 INFO payment-service host=payment-service-7c9d5b-t6zvn corrId=c-36331ebd60743fac direct debit mandate verified loan_id=LN343888235 mandate_id=MD3360142
2026-03-05T02:52:37.764+01:00 INFO payment-service host=payment-service-5b8f6c-x2k4p corrId=c-36331ebd60743fac payment instruction sent loan_id=LN343888235 amount_dkk=4692.21
2026-03-05T02:52:37.858+01:00 INFO ledger-service host=ledger-service-7c9d5b-p9qmz corrId=c-36331ebd60743fac ledger posting accepted loan_id=LN343888235 amount_dkk=4692.21 posting_id=PST-91cdbe10f0
2026-03-05T02:52:37.933+01:00 INFO payment-service host=payment-service-a41e92-t6zvn corrId=c-36331ebd60743fac payment settled loan_id=LN343888235 amount_dkk=4692.21
2026-03-05T02:52:38.066+01:00 INFO notification-service host=notification-service-5b8f6c-p9qmz corrId=c-36331ebd60743fac payment receipt sent loan_id=LN343888235 channel=DIGITAL_POST
2026-03-05T02:52:56.673+01:00 INFO payment-scheduler host=payment-scheduler-5b8f6c-p9qmz corrId=c-0e90fde056488411 instalment collection started loan_id=LN745435206 due_date=2026-03-27
2026-03-05T02:52:56.682+01:00 INFO payment-service host=payment-service-7c9d5b-x2k4p corrId=c-0e90fde056488411 direct debit mandate verified loan_id=LN745435206 mandate_id=MD2647290
2026-03-05T02:52:56.803+01:00 INFO payment-service host=payment-service-5b8f6c-x2k4p corrId=c-0e90fde056488411 payment instruction sent loan_id=LN745435206 amount_dkk=2612.14
2026-03-05T02:52:56.828+01:00 INFO ledger-service host=ledger-service-7c9d5b-x2k4p corrId=c-0e90fde056488411 ledger posting accepted loan_id=LN745435206 amount_dkk=2612.14 posting_id=PST-ef7c480ed0
2026-03-05T02:52:56.940+01:00 INFO payment-service host=payment-service-7c9d5b-p9qmz corrId=c-0e90fde056488411 payment settled loan_id=LN745435206 amount_dkk=2612.14
2026-03-05T02:52:56.966+01:00 INFO notification-service host=notification-service-5b8f6c-x2k4p corrId=c-0e90fde056488411 payment receipt sent loan_id=LN745435206 channel=DIGITAL_POST
2026-03-05T02:53:21.881+01:00 INFO payment-scheduler host=payment-scheduler-7c9d5b-t6zvn corrId=c-9e10c89506e0f6d9 instalment collection started loan_id=LN700622951 due_date=2026-03-28
2026-03-05T02:53:21.925+01:00 INFO payment-service host=payment-service-5b8f6c-t6zvn corrId=c-9e10c89506e0f6d9 direct debit mandate verified loan_id=LN700622951 mandate_id=MD9542509
2026-03-05T02:53:21.991+01:00 INFO payment-service host=payment-service-5b8f6c-t6zvn corrId=c-9e10c89506e0f6d9 payment instruction sent loan_id=LN700622951 amount_dkk=4342.54
2026-03-05T02:53:22.086+01:00 INFO ledger-service host=ledger-service-a41e92-t6zvn corrId=c-9e10c89506e0f6d9 ledger posting accepted loan_id=LN700622951 amount_dkk=4342.54 posting_id=PST-db5011ef98
2026-03-05T02:53:22.196+01:00 INFO payment-service host=payment-service-5b8f6c-x2k4p corrId=c-9e10c89506e0f6d9 payment settled loan_id=LN700622951 amount_dkk=4342.54
2026-03-05T02:53:22.236+01:00 INFO notification-service host=notification-service-a41e92-x2k4p corrId=c-9e10c89506e0f6d9 payment receipt sent loan_id=LN700622951 channel=EMAIL
2026-03-05T02:53:22.831+01:00 INFO payment-scheduler host=payment-scheduler-a41e92-p9qmz corrId=c-215f0afd23f280c0 instalment collection started loan_id=LN971939244 due_date=2026-03-28
2026-03-05T02:53:22.874+01:00 INFO payment-service host=payment-service-a41e92-t6zvn corrId=c-215f0afd23f280c0 direct debit mandate verified loan_id=LN971939244 mandate_id=MD9648924
2026-03-05T02:53:23.001+01:00 INFO payment-service host=payment-service-7c9d5b-t6zvn corrId=c-215f0afd23f280c0 payment instruction sent loan_id=LN971939244 amount_dkk=17362.32
2026-03-05T02:53:23.131+01:00 INFO ledger-service host=ledger-service-a41e92-t6zvn corrId=c-215f0afd23f280c0 ledger posting accepted loan_id=LN971939244 amount_dkk=17362.32 posting_id=PST-0300439277
2026-03-05T02:53:23.203+01:00 INFO payment-service host=payment-service-5b8f6c-t6zvn corrId=c-215f0afd23f280c0 payment settled loan_id=LN971939244 amount_dkk=17362.32
2026-03-05T02:53:23.325+01:00 INFO notification-service host=notification-service-a41e92-t6zvn corrId=c-215f0afd23f280c0 payment receipt sent loan_id=LN971939244 channel=EMAIL
2026-03-05T02:53:39.710+01:00 INFO payment-scheduler host=payment-scheduler-a41e92-x2k4p corrId=c-4cbe7bfec9671bd2 instalment collection started loan_id=LN719477191 due_date=2026-03-17
2026-03-05T02:53:39.788+01:00 INFO payment-service host=payment-service-5b8f6c-x2k4p corrId=c-4cbe7bfec9671bd2 direct debit mandate verified loan_id=LN719477191 mandate_id=MD5826273
2026-03-05T02:53:39.827+01:00 INFO payment-service host=payment-service-5b8f6c-x2k4p corrId=c-4cbe7bfec9671bd2 payment instruction sent loan_id=LN719477191 amount_dkk=7173.54
2026-03-05T02:53:39.846+01:00 INFO ledger-service host=ledger-service-7c9d5b-p9qmz corrId=c-4cbe7bfec9671bd2 ledger posting accepted loan_id=LN719477191 amount_dkk=7173.54 posting_id=PST-fd6e2d096a
2026-03-05T02:53:39.914+01:00 INFO payment-service host=payment-service-a41e92-p9qmz corrId=c-4cbe7bfec9671bd2 payment settled loan_id=LN719477191 amount_dkk=7173.54
2026-03-05T02:53:39.928+01:00 INFO notification-service host=notification-service-5b8f6c-t6zvn corrId=c-4cbe7bfec9671bd2 payment receipt sent loan_id=LN719477191 channel=DIGITAL_POST
2026-03-05T02:53:57.474+01:00 INFO payment-scheduler host=payment-scheduler-a41e92-p9qmz corrId=c-79fb0f6b43378d71 instalment collection started loan_id=LN012861968 due_date=2026-03-25
2026-03-05T02:53:57.495+01:00 INFO payment-service host=payment-service-7c9d5b-x2k4p corrId=c-79fb0f6b43378d71 direct debit mandate verified loan_id=LN012861968 mandate_id=MD8899509
2026-03-05T02:53:57.591+01:00 INFO payment-service host=payment-service-a41e92-t6zvn corrId=c-79fb0f6b43378d71 payment instruction sent loan_id=LN012861968 amount_dkk=8838.25
2026-03-05T02:53:57.724+01:00 INFO ledger-service host=ledger-service-7c9d5b-t6zvn corrId=c-79fb0f6b43378d71 ledger posting accepted loan_id=LN012861968 amount_dkk=8838.25 posting_id=PST-3ad6ef2328
2026-03-05T02:53:57.849+01:00 INFO payment-service host=payment-service-5b8f6c-x2k4p corrId=c-79fb0f6b43378d71 payment settled loan_id=LN012861968 amount_dkk=8838.25
2026-03-05T02:53:57.953+01:00 INFO notification-service host=notification-service-5b8f6c-x2k4p corrId=c-79fb0f6b43378d71 payment receipt sent loan_id=LN012861968 channel=DIGITAL_POST
2026-03-05T02:54:42.746+01:00 INFO payment-scheduler host=payment-scheduler-a41e92-p9qmz corrId=c-92d664a56c57fdb4 instalment collection started loan_id=LN762992092 due_date=2026-03-04
2026-03-05T02:54:42.773+01:00 INFO payment-service host=payment-service-a41e92-x2k4p corrId=c-92d664a56c57fdb4 direct debit mandate verified loan_id=LN762992092 mandate_id=MD5674488
2026-03-05T02:54:42.899+01:00 INFO payment-service host=payment-service-5b8f6c-p9qmz corrId=c-92d664a56c57fdb4 payment instruction sent loan_id=LN762992092 amount_dkk=12791.43
2026-03-05T02:54:43.035+01:00 INFO ledger-service host=ledger-service-a41e92-x2k4p corrId=c-92d664a56c57fdb4 ledger posting accepted loan_id=LN762992092 amount_dkk=12791.43 posting_id=PST-806b75c049
2026-03-05T02:54:43.142+01:00 INFO payment-service host=payment-service-a41e92-p9qmz corrId=c-92d664a56c57fdb4 payment settled loan_id=LN762992092 amount_dkk=12791.43
2026-03-05T02:54:43.166+01:00 INFO notification-service host=notification-service-7c9d5b-x2k4p corrId=c-92d664a56c57fdb4 payment receipt sent loan_id=LN762992092 channel=EMAIL
2026-03-05T02:54:46.392+01:00 INFO payment-scheduler host=payment-scheduler-7c9d5b-p9qmz corrId=c-15d62a39bb882ed1 instalment collection started loan_id=LN125218320 due_date=2026-03-08
2026-03-05T02:54:46.526+01:00 INFO payment-service host=payment-service-a41e92-x2k4p corrId=c-15d62a39bb882ed1 direct debit mandate verified loan_id=LN125218320 mandate_id=MD4861619
2026-03-05T02:54:46.623+01:00 INFO payment-service host=payment-service-7c9d5b-p9qmz corrId=c-15d62a39bb882ed1 payment instruction sent loan_id=LN125218320 amount_dkk=10193.52
2026-03-05T02:54:46.681+01:00 INFO ledger-service host=ledger-service-5b8f6c-x2k4p corrId=c-15d62a39bb882ed1 ledger posting accepted loan_id=LN125218320 amount_dkk=10193.52 posting_id=PST-10ff6162c6
2026-03-05T02:54:46.723+01:00 INFO payment-service host=payment-service-7c9d5b-p9qmz corrId=c-15d62a39bb882ed1 payment settled loan_id=LN125218320 amount_dkk=10193.52
2026-03-05T02:54:46.736+01:00 INFO notification-service host=notification-service-5b8f6c-t6zvn corrId=c-15d62a39bb882ed1 payment receipt sent loan_id=LN125218320 channel=DIGITAL_POST
2026-03-05T02:55:00.322+01:00 INFO api-gateway host=api-gateway-5b8f6c-p9qmz corrId=- health probe ok status=200 latency_ms=31
2026-03-05T02:55:01.764+01:00 INFO payment-scheduler host=payment-scheduler-a41e92-x2k4p corrId=c-7d1e63681e8c3d25 instalment collection started loan_id=LN334810485 due_date=2026-03-25
2026-03-05T02:55:01.773+01:00 INFO payment-service host=payment-service-a41e92-x2k4p corrId=c-7d1e63681e8c3d25 direct debit mandate verified loan_id=LN334810485 mandate_id=MD6750065
2026-03-05T02:55:01.906+01:00 INFO payment-service host=payment-service-7c9d5b-p9qmz corrId=c-7d1e63681e8c3d25 payment instruction sent loan_id=LN334810485 amount_dkk=4509.09
2026-03-05T02:55:02.005+01:00 INFO ledger-service host=ledger-service-7c9d5b-x2k4p corrId=c-7d1e63681e8c3d25 ledger posting accepted loan_id=LN334810485 amount_dkk=4509.09 posting_id=PST-40928580a8
2026-03-05T02:55:02.086+01:00 INFO payment-service host=payment-service-5b8f6c-t6zvn corrId=c-7d1e63681e8c3d25 payment settled loan_id=LN334810485 amount_dkk=4509.09
2026-03-05T02:55:02.163+01:00 INFO notification-service host=notification-service-7c9d5b-p9qmz corrId=c-7d1e63681e8c3d25 payment receipt sent loan_id=LN334810485 channel=DIGITAL_POST
2026-03-05T02:55:12.806+01:00 INFO payment-scheduler host=payment-scheduler-5b8f6c-p9qmz corrId=c-be83de12d31ab459 instalment collection started loan_id=LN174369742 due_date=2026-03-17
2026-03-05T02:55:12.818+01:00 INFO payment-service host=payment-service-a41e92-x2k4p corrId=c-be83de12d31ab459 direct debit mandate verified loan_id=LN174369742 mandate_id=MD9336707
2026-03-05T02:55:12.949+01:00 INFO payment-service host=payment-service-5b8f6c-p9qmz corrId=c-be83de12d31ab459 payment instruction sent loan_id=LN174369742 amount_dkk=8463.60
2026-03-05T02:55:13.033+01:00 INFO ledger-service host=ledger-service-5b8f6c-p9qmz corrId=c-be83de12d31ab459 ledger posting accepted loan_id=LN174369742 amount_dkk=8463.60 posting_id=PST-e8f2de5fb2
2026-03-05T02:55:13.063+01:00 INFO payment-service host=payment-service-7c9d5b-p9qmz corrId=c-be83de12d31ab459 payment settled loan_id=LN174369742 amount_dkk=8463.60
2026-03-05T02:55:13.197+01:00 INFO notification-service host=notification-service-a41e92-x2k4p corrId=c-be83de12d31ab459 payment receipt sent loan_id=LN174369742 channel=EMAIL
2026-03-05T02:55:37.288+01:00 INFO payment-scheduler host=payment-scheduler-5b8f6c-t6zvn corrId=c-857ae8a1e3741a81 instalment collection started loan_id=LN676297449 due_date=2026-03-24
2026-03-05T02:55:37.375+01:00 INFO payment-service host=payment-service-a41e92-t6zvn corrId=c-857ae8a1e3741a81 direct debit mandate verified loan_id=LN676297449 mandate_id=MD0099560
2026-03-05T02:55:37.400+01:00 INFO payment-service host=payment-service-5b8f6c-t6zvn corrId=c-857ae8a1e3741a81 payment instruction sent loan_id=LN676297449 amount_dkk=9371.09
2026-03-05T02:55:37.527+01:00 INFO ledger-service host=ledger-service-5b8f6c-x2k4p corrId=c-857ae8a1e3741a81 ledger posting accepted loan_id=LN676297449 amount_dkk=9371.09 posting_id=PST-a2e33bb760
2026-03-05T02:55:37.608+01:00 INFO payment-service host=payment-service-7c9d5b-p9qmz corrId=c-857ae8a1e3741a81 payment settled loan_id=LN676297449 amount_dkk=9371.09
2026-03-05T02:55:37.683+01:00 INFO notification-service host=notification-service-7c9d5b-x2k4p corrId=c-857ae8a1e3741a81 payment receipt sent loan_id=LN676297449 channel=DIGITAL_POST
2026-03-05T02:55:41.160+01:00 INFO payment-scheduler host=payment-scheduler-7c9d5b-p9qmz corrId=c-12de03d2ef06dbe5 instalment collection started loan_id=LN375409450 due_date=2026-03-03
2026-03-05T02:55:41.300+01:00 INFO payment-service host=payment-service-a41e92-t6zvn corrId=c-12de03d2ef06dbe5 direct debit mandate verified loan_id=LN375409450 mandate_id=MD0500277
2026-03-05T02:55:41.406+01:00 INFO payment-service host=payment-service-5b8f6c-p9qmz corrId=c-12de03d2ef06dbe5 payment instruction sent loan_id=LN375409450 amount_dkk=10455.56
2026-03-05T02:55:41.456+01:00 INFO ledger-service host=ledger-service-7c9d5b-x2k4p corrId=c-12de03d2ef06dbe5 ledger posting accepted loan_id=LN375409450 amount_dkk=10455.56 posting_id=PST-498ae5c2d2
2026-03-05T02:55:41.485+01:00 INFO payment-service host=payment-service-7c9d5b-t6zvn corrId=c-12de03d2ef06dbe5 payment settled loan_id=LN375409450 amount_dkk=10455.56
2026-03-05T02:55:41.577+01:00 INFO notification-service host=notification-service-a41e92-x2k4p corrId=c-12de03d2ef06dbe5 payment receipt sent loan_id=LN375409450 channel=EMAIL
2026-03-05T02:56:11.723+01:00 INFO payment-scheduler host=payment-scheduler-5b8f6c-p9qmz corrId=c-0f015102aeff6ba7 instalment collection started loan_id=LN455283385 due_date=2026-03-11
2026-03-05T02:56:11.794+01:00 INFO payment-service host=payment-service-5b8f6c-t6zvn corrId=c-0f015102aeff6ba7 direct debit mandate verified loan_id=LN455283385 mandate_id=MD8322990
2026-03-05T02:56:11.893+01:00 INFO payment-service host=payment-service-a41e92-x2k4p corrId=c-0f015102aeff6ba7 payment instruction sent loan_id=LN455283385 amount_dkk=15315.86
2026-03-05T02:56:12.008+01:00 INFO ledger-service host=ledger-service-a41e92-t6zvn corrId=c-0f015102aeff6ba7 ledger posting accepted loan_id=LN455283385 amount_dkk=15315.86 posting_id=PST-b942b902d4
2026-03-05T02:56:12.057+01:00 INFO payment-service host=payment-service-7c9d5b-p9qmz corrId=c-0f015102aeff6ba7 payment settled loan_id=LN455283385 amount_dkk=15315.86
2026-03-05T02:56:12.168+01:00 INFO notification-service host=notification-service-7c9d5b-x2k4p corrId=c-0f015102aeff6ba7 payment receipt sent loan_id=LN455283385 channel=DIGITAL_POST
2026-03-05T02:56:40.299+01:00 INFO payment-scheduler host=payment-scheduler-5b8f6c-x2k4p corrId=c-0d51269beb88f525 instalment collection started loan_id=LN635383096 due_date=2026-03-14
2026-03-05T02:56:40.380+01:00 INFO payment-service host=payment-service-7c9d5b-p9qmz corrId=c-0d51269beb88f525 direct debit mandate verified loan_id=LN635383096 mandate_id=MD8787920
2026-03-05T02:56:40.440+01:00 INFO payment-service host=payment-service-5b8f6c-t6zvn corrId=c-0d51269beb88f525 payment instruction sent loan_id=LN635383096 amount_dkk=11851.28
2026-03-05T02:56:40.517+01:00 INFO ledger-service host=ledger-service-5b8f6c-t6zvn corrId=c-0d51269beb88f525 ledger posting accepted loan_id=LN635383096 amount_dkk=11851.28 posting_id=PST-ad3618401b
2026-03-05T02:56:40.630+01:00 INFO payment-service host=payment-service-5b8f6c-x2k4p corrId=c-0d51269beb88f525 payment settled loan_id=LN635383096 amount_dkk=11851.28
2026-03-05T02:56:40.761+01:00 INFO notification-service host=notification-service-a41e92-p9qmz corrId=c-0d51269beb88f525 payment receipt sent loan_id=LN635383096 channel=DIGITAL_POST
2026-03-05T02:56:54.272+01:00 INFO payment-scheduler host=payment-scheduler-a41e92-x2k4p corrId=c-f43b3df1c5d94a57 instalment collection started loan_id=LN887347244 due_date=2026-03-04
2026-03-05T02:56:54.337+01:00 INFO payment-service host=payment-service-a41e92-p9qmz corrId=c-f43b3df1c5d94a57 direct debit mandate verified loan_id=LN887347244 mandate_id=MD8015195
2026-03-05T02:56:54.377+01:00 INFO payment-service host=payment-service-a41e92-x2k4p corrId=c-f43b3df1c5d94a57 payment instruction sent loan_id=LN887347244 amount_dkk=4872.35
2026-03-05T02:56:54.449+01:00 INFO ledger-service host=ledger-service-a41e92-t6zvn corrId=c-f43b3df1c5d94a57 ledger posting accepted loan_id=LN887347244 amount_dkk=4872.35 posting_id=PST-224c8bfeaf
2026-03-05T02:56:54.567+01:00 INFO payment-service host=payment-service-5b8f6c-t6zvn corrId=c-f43b3df1c5d94a57 payment settled loan_id=LN887347244 amount_dkk=4872.35
2026-03-05T02:56:54.704+01:00 INFO notification-service host=notification-service-a41e92-p9qmz corrId=c-f43b3df1c5d94a57 payment receipt sent loan_id=LN887347244 channel=DIGITAL_POST
2026-03-05T02:56:58.934+01:00 INFO payment-scheduler host=payment-scheduler-5b8f6c-p9qmz corrId=c-75b0f9576283d2b1 instalment collection started loan_id=LN845906889 due_date=2026-03-27
2026-03-05T02:56:59.053+01:00 INFO payment-service host=payment-service-5b8f6c-t6zvn corrId=c-75b0f9576283d2b1 direct debit mandate verified loan_id=LN845906889 mandate_id=MD7862940
2026-03-05T02:56:59.186+01:00 INFO payment-service host=payment-service-5b8f6c-x2k4p corrId=c-75b0f9576283d2b1 payment instruction sent loan_id=LN845906889 amount_dkk=7967.56
2026-03-05T02:56:59.233+01:00 INFO ledger-service host=ledger-service-7c9d5b-t6zvn corrId=c-75b0f9576283d2b1 ledger posting accepted loan_id=LN845906889 amount_dkk=7967.56 posting_id=PST-0c24eee4d6
2026-03-05T02:56:59.241+01:00 INFO payment-service host=payment-service-5b8f6c-x2k4p corrId=c-75b0f9576283d2b1 payment settled loan_id=LN845906889 amount_dkk=7967.56
2026-03-05T02:56:59.366+01:00 INFO notification-service host=notification-service-5b8f6c-x2k4p corrId=c-75b0f9576283d2b1 payment receipt sent loan_id=LN845906889 channel=EMAIL
2026-03-05T02:57:18.358+01:00 INFO payment-scheduler host=payment-scheduler-a41e92-x2k4p corrId=c-8dc0f3a435c6b0a5 instalment collection started loan_id=LN672795971 due_date=2026-03-14
2026-03-05T02:57:18.439+01:00 INFO payment-service host=payment-service-5b8f6c-p9qmz corrId=c-8dc0f3a435c6b0a5 direct debit mandate verified loan_id=LN672795971 mandate_id=MD8452060
2026-03-05T02:57:18.526+01:00 INFO payment-service host=payment-service-5b8f6c-p9qmz corrId=c-8dc0f3a435c6b0a5 payment instruction sent loan_id=LN672795971 amount_dkk=13221.65
2026-03-05T02:57:18.624+01:00 INFO ledger-service host=ledger-service-a41e92-x2k4p corrId=c-8dc0f3a435c6b0a5 ledger posting accepted loan_id=LN672795971 amount_dkk=13221.65 posting_id=PST-f8f57515a4
2026-03-05T02:57:18.662+01:00 INFO payment-service host=payment-service-5b8f6c-x2k4p corrId=c-8dc0f3a435c6b0a5 payment settled loan_id=LN672795971 amount_dkk=13221.65
2026-03-05T02:57:18.677+01:00 INFO notification-service host=notification-service-7c9d5b-t6zvn corrId=c-8dc0f3a435c6b0a5 payment receipt sent loan_id=LN672795971 channel=DIGITAL_POST
2026-03-05T02:57:25.056+01:00 INFO payment-scheduler host=payment-scheduler-5b8f6c-x2k4p corrId=c-b05e80c27b5cf559 instalment collection started loan_id=LN316985256 due_date=2026-03-13
2026-03-05T02:57:25.171+01:00 INFO payment-service host=payment-service-a41e92-p9qmz corrId=c-b05e80c27b5cf559 direct debit mandate verified loan_id=LN316985256 mandate_id=MD6436437
2026-03-05T02:57:25.220+01:00 INFO payment-service host=payment-service-7c9d5b-p9qmz corrId=c-b05e80c27b5cf559 payment instruction sent loan_id=LN316985256 amount_dkk=12129.92
2026-03-05T02:57:25.251+01:00 INFO ledger-service host=ledger-service-5b8f6c-p9qmz corrId=c-b05e80c27b5cf559 ledger posting accepted loan_id=LN316985256 amount_dkk=12129.92 posting_id=PST-5650060ddc
2026-03-05T02:57:25.300+01:00 INFO payment-service host=payment-service-5b8f6c-p9qmz corrId=c-b05e80c27b5cf559 payment settled loan_id=LN316985256 amount_dkk=12129.92
2026-03-05T02:57:25.395+01:00 INFO notification-service host=notification-service-7c9d5b-t6zvn corrId=c-b05e80c27b5cf559 payment receipt sent loan_id=LN316985256 channel=DIGITAL_POST
2026-03-05T02:57:46.458+01:00 INFO payment-scheduler host=payment-scheduler-7c9d5b-p9qmz corrId=c-64e33984396bad79 instalment collection started loan_id=LN592110717 due_date=2026-03-21
2026-03-05T02:57:46.512+01:00 INFO payment-service host=payment-service-a41e92-t6zvn corrId=c-64e33984396bad79 direct debit mandate verified loan_id=LN592110717 mandate_id=MD2080819
2026-03-05T02:57:46.611+01:00 INFO payment-service host=payment-service-5b8f6c-t6zvn corrId=c-64e33984396bad79 payment instruction sent loan_id=LN592110717 amount_dkk=11103.89
2026-03-05T02:57:46.656+01:00 INFO ledger-service host=ledger-service-7c9d5b-p9qmz corrId=c-64e33984396bad79 ledger posting accepted loan_id=LN592110717 amount_dkk=11103.89 posting_id=PST-ace1e33c20
2026-03-05T02:57:46.699+01:00 INFO payment-service host=payment-service-5b8f6c-t6zvn corrId=c-64e33984396bad79 payment settled loan_id=LN592110717 amount_dkk=11103.89
2026-03-05T02:57:46.708+01:00 INFO notification-service host=notification-service-7c9d5b-p9qmz corrId=c-64e33984396bad79 payment receipt sent loan_id=LN592110717 channel=DIGITAL_POST
2026-03-05T02:57:53.672+01:00 INFO payment-scheduler host=payment-scheduler-5b8f6c-t6zvn corrId=c-3410ab906c5d8bf6 instalment collection started loan_id=LN740471633 due_date=2026-03-22
2026-03-05T02:57:53.807+01:00 INFO payment-service host=payment-service-7c9d5b-p9qmz corrId=c-3410ab906c5d8bf6 direct debit mandate verified loan_id=LN740471633 mandate_id=MD6309838
2026-03-05T02:57:53.918+01:00 INFO payment-service host=payment-service-5b8f6c-p9qmz corrId=c-3410ab906c5d8bf6 payment instruction sent loan_id=LN740471633 amount_dkk=9250.32
2026-03-05T02:57:53.982+01:00 INFO ledger-service host=ledger-service-5b8f6c-t6zvn corrId=c-3410ab906c5d8bf6 ledger posting accepted loan_id=LN740471633 amount_dkk=9250.32 posting_id=PST-8e510a8220
2026-03-05T02:57:54.042+01:00 INFO payment-service host=payment-service-a41e92-p9qmz corrId=c-3410ab906c5d8bf6 payment settled loan_id=LN740471633 amount_dkk=9250.32
2026-03-05T02:57:54.145+01:00 INFO notification-service host=notification-service-7c9d5b-t6zvn corrId=c-3410ab906c5d8bf6 payment receipt sent loan_id=LN740471633 channel=EMAIL
2026-03-05T02:58:58.001+01:00 INFO payment-scheduler host=payment-scheduler-a41e92-t6zvn corrId=c-04ed46575f282ab5 instalment collection started loan_id=LN844597092 due_date=2026-03-06
2026-03-05T02:58:58.091+01:00 INFO payment-service host=payment-service-5b8f6c-x2k4p corrId=c-04ed46575f282ab5 direct debit mandate verified loan_id=LN844597092 mandate_id=MD7344781
2026-03-05T02:58:58.099+01:00 INFO payment-service host=payment-service-7c9d5b-x2k4p corrId=c-04ed46575f282ab5 payment instruction sent loan_id=LN844597092 amount_dkk=11002.19
2026-03-05T02:58:58.238+01:00 INFO ledger-service host=ledger-service-a41e92-t6zvn corrId=c-04ed46575f282ab5 ledger posting accepted loan_id=LN844597092 amount_dkk=11002.19 posting_id=PST-80e568c479
2026-03-05T02:58:58.306+01:00 INFO payment-service host=payment-service-5b8f6c-p9qmz corrId=c-04ed46575f282ab5 payment settled loan_id=LN844597092 amount_dkk=11002.19
2026-03-05T02:58:58.427+01:00 INFO notification-service host=notification-service-7c9d5b-x2k4p corrId=c-04ed46575f282ab5 payment receipt sent loan_id=LN844597092 channel=DIGITAL_POST
2026-03-05T02:59:12.274+01:00 INFO payment-scheduler host=payment-scheduler-7c9d5b-p9qmz corrId=c-4b4600acaf4a24a9 instalment collection started loan_id=LN538718703 due_date=2026-03-02
2026-03-05T02:59:12.295+01:00 INFO payment-service host=payment-service-5b8f6c-p9qmz corrId=c-4b4600acaf4a24a9 direct debit mandate verified loan_id=LN538718703 mandate_id=MD7085005
2026-03-05T02:59:12.334+01:00 INFO payment-service host=payment-service-5b8f6c-t6zvn corrId=c-4b4600acaf4a24a9 payment instruction sent loan_id=LN538718703 amount_dkk=7635.79
2026-03-05T02:59:12.358+01:00 INFO ledger-service host=ledger-service-a41e92-p9qmz corrId=c-4b4600acaf4a24a9 ledger posting accepted loan_id=LN538718703 amount_dkk=7635.79 posting_id=PST-340a0ceb5f
2026-03-05T02:59:12.416+01:00 INFO payment-service host=payment-service-5b8f6c-p9qmz corrId=c-4b4600acaf4a24a9 payment settled loan_id=LN538718703 amount_dkk=7635.79
2026-03-05T02:59:12.470+01:00 INFO notification-service host=notification-service-7c9d5b-t6zvn corrId=c-4b4600acaf4a24a9 payment receipt sent loan_id=LN538718703 channel=EMAIL
2026-03-05T02:59:26.747+01:00 INFO payment-scheduler host=payment-scheduler-5b8f6c-t6zvn corrId=c-f76dd473931454c1 instalment collection started loan_id=LN917533106 due_date=2026-03-24
2026-03-05T02:59:26.877+01:00 INFO payment-service host=payment-service-7c9d5b-p9qmz corrId=c-f76dd473931454c1 direct debit mandate verified loan_id=LN917533106 mandate_id=MD4848018
2026-03-05T02:59:26.976+01:00 INFO payment-service host=payment-service-5b8f6c-t6zvn corrId=c-f76dd473931454c1 payment instruction sent loan_id=LN917533106 amount_dkk=11931.55
2026-03-05T02:59:26.992+01:00 INFO ledger-service host=ledger-service-5b8f6c-p9qmz corrId=c-f76dd473931454c1 ledger posting accepted loan_id=LN917533106 amount_dkk=11931.55 posting_id=PST-84e0576e06
2026-03-05T02:59:27.009+01:00 INFO payment-service host=payment-service-7c9d5b-p9qmz corrId=c-f76dd473931454c1 payment settled loan_id=LN917533106 amount_dkk=11931.55
2026-03-05T02:59:27.148+01:00 INFO notification-service host=notification-service-a41e92-t6zvn corrId=c-f76dd473931454c1 payment receipt sent loan_id=LN917533106 channel=DIGITAL_POST
2026-03-05T02:59:31.093+01:00 INFO payment-scheduler host=payment-scheduler-5b8f6c-p9qmz corrId=c-55f95bcb136b9cee instalment collection started loan_id=LN541621568 due_date=2026-03-27
2026-03-05T02:59:31.176+01:00 INFO payment-service host=payment-service-a41e92-p9qmz corrId=c-55f95bcb136b9cee direct debit mandate verified loan_id=LN541621568 mandate_id=MD8630319
2026-03-05T02:59:31.255+01:00 INFO payment-service host=payment-service-a41e92-t6zvn corrId=c-55f95bcb136b9cee payment instruction sent loan_id=LN541621568 amount_dkk=5990.72
2026-03-05T02:59:31.395+01:00 INFO ledger-service host=ledger-service-5b8f6c-x2k4p corrId=c-55f95bcb136b9cee ledger posting accepted loan_id=LN541621568 amount_dkk=5990.72 posting_id=PST-7bd546ee35
2026-03-05T02:59:31.451+01:00 INFO payment-service host=payment-service-a41e92-t6zvn corrId=c-55f95bcb136b9cee payment settled loan_id=LN541621568 amount_dkk=5990.72
2026-03-05T02:59:31.555+01:00 INFO notification-service host=notification-service-a41e92-t6zvn corrId=c-55f95bcb136b9cee payment receipt sent loan_id=LN541621568 channel=EMAIL
2026-03-05T02:59:42.705+01:00 INFO payment-scheduler host=payment-scheduler-5b8f6c-p9qmz corrId=c-6e800b561f5db809 instalment collection started loan_id=LN078584813 due_date=2026-03-11
2026-03-05T02:59:42.750+01:00 INFO payment-service host=payment-service-5b8f6c-t6zvn corrId=c-6e800b561f5db809 direct debit mandate verified loan_id=LN078584813 mandate_id=MD0658484
2026-03-05T02:59:42.848+01:00 INFO payment-service host=payment-service-a41e92-t6zvn corrId=c-6e800b561f5db809 payment instruction sent loan_id=LN078584813 amount_dkk=15623.76
2026-03-05T02:59:42.970+01:00 INFO ledger-service host=ledger-service-a41e92-x2k4p corrId=c-6e800b561f5db809 ledger posting accepted loan_id=LN078584813 amount_dkk=15623.76 posting_id=PST-61ba4ad22f
2026-03-05T02:59:43.083+01:00 INFO payment-service host=payment-service-5b8f6c-t6zvn corrId=c-6e800b561f5db809 payment settled loan_id=LN078584813 amount_dkk=15623.76
2026-03-05T02:59:43.218+01:00 INFO notification-service host=notification-service-7c9d5b-x2k4p corrId=c-6e800b561f5db809 payment receipt sent loan_id=LN078584813 channel=DIGITAL_POST
2026-03-05T02:59:55.859+01:00 INFO payment-scheduler host=payment-scheduler-5b8f6c-p9qmz corrId=c-57cc35e92ac855b2 instalment collection started loan_id=LN208025379 due_date=2026-03-22
2026-03-05T02:59:55.995+01:00 INFO payment-service host=payment-service-7c9d5b-x2k4p corrId=c-57cc35e92ac855b2 direct debit mandate verified loan_id=LN208025379 mandate_id=MD8063290
2026-03-05T02:59:56.129+01:00 INFO payment-service host=payment-service-a41e92-t6zvn corrId=c-57cc35e92ac855b2 payment instruction sent loan_id=LN208025379 amount_dkk=4737.95
2026-03-05T02:59:56.147+01:00 INFO ledger-service host=ledger-service-5b8f6c-x2k4p corrId=c-57cc35e92ac855b2 ledger posting accepted loan_id=LN208025379 amount_dkk=4737.95 posting_id=PST-90e859acab
2026-03-05T02:59:56.258+01:00 INFO payment-service host=payment-service-7c9d5b-x2k4p corrId=c-57cc35e92ac855b2 payment settled loan_id=LN208025379 amount_dkk=4737.95
2026-03-05T02:59:56.291+01:00 INFO notification-service host=notification-service-5b8f6c-p9qmz corrId=c-57cc35e92ac855b2 payment receipt sent loan_id=LN208025379 channel=EMAIL
2026-03-05T03:00:00.027+01:00 INFO api-gateway host=api-gateway-7c9d5b-x2k4p corrId=- health probe ok status=200 latency_ms=3
2026-03-05T03:00:00.443+01:00 INFO payment-scheduler host=payment-scheduler-a41e92-p9qmz corrId=- scheduler heartbeat lag_ms=2
2026-03-05T03:00:01.296+01:00 INFO payment-scheduler host=payment-scheduler-5b8f6c-t6zvn corrId=c-ff5bc07b7291964a instalment collection started loan_id=LN688842937 due_date=2026-03-25
2026-03-05T03:00:01.334+01:00 INFO payment-service host=payment-service-7c9d5b-p9qmz corrId=c-ff5bc07b7291964a direct debit mandate verified loan_id=LN688842937 mandate_id=MD9792381
2026-03-05T03:00:01.471+01:00 INFO payment-service host=payment-service-5b8f6c-t6zvn corrId=c-ff5bc07b7291964a payment instruction sent loan_id=LN688842937 amount_dkk=4204.48
2026-03-05T03:00:01.601+01:00 INFO ledger-service host=ledger-service-a41e92-p9qmz corrId=c-ff5bc07b7291964a ledger posting accepted loan_id=LN688842937 amount_dkk=4204.48 posting_id=PST-ab52c93cdc
2026-03-05T03:00:01.657+01:00 INFO payment-service host=payment-service-5b8f6c-x2k4p corrId=c-ff5bc07b7291964a payment settled loan_id=LN688842937 amount_dkk=4204.48
2026-03-05T03:00:01.726+01:00 INFO notification-service host=notification-service-7c9d5b-t6zvn corrId=c-ff5bc07b7291964a payment receipt sent loan_id=LN688842937 channel=EMAIL
2026-03-05T03:00:18.354+01:00 INFO payment-scheduler host=payment-scheduler-a41e92-x2k4p corrId=c-aa36d8e167c7dc5d instalment collection started loan_id=LN988116013 due_date=2026-03-05
2026-03-05T03:00:18.369+01:00 INFO payment-service host=payment-service-7c9d5b-x2k4p corrId=c-aa36d8e167c7dc5d direct debit mandate verified loan_id=LN988116013 mandate_id=MD9145875
2026-03-05T03:00:18.418+01:00 INFO payment-service host=payment-service-5b8f6c-p9qmz corrId=c-aa36d8e167c7dc5d payment instruction sent loan_id=LN988116013 amount_dkk=15048.88
2026-03-05T03:00:18.462+01:00 INFO ledger-service host=ledger-service-7c9d5b-p9qmz corrId=c-aa36d8e167c7dc5d ledger posting accepted loan_id=LN988116013 amount_dkk=15048.88 posting_id=PST-8302e0e49d
2026-03-05T03:00:18.502+01:00 INFO payment-service host=payment-service-5b8f6c-t6zvn corrId=c-aa36d8e167c7dc5d payment settled loan_id=LN988116013 amount_dkk=15048.88
2026-03-05T03:00:18.571+01:00 INFO notification-service host=notification-service-7c9d5b-t6zvn corrId=c-aa36d8e167c7dc5d payment receipt sent loan_id=LN988116013 channel=EMAIL
2026-03-05T03:00:32.000+01:00 INFO config-service host=config-service-7c9d5b-p9qmz corrId=- configuration refreshed version=v110
2026-03-05T03:00:36.895+01:00 INFO payment-scheduler host=payment-scheduler-a41e92-t6zvn corrId=c-b89a3096baf3c3a9 instalment collection started loan_id=LN865753213 due_date=2026-03-19
2026-03-05T03:00:36.944+01:00 INFO payment-service host=payment-service-5b8f6c-p9qmz corrId=c-b89a3096baf3c3a9 direct debit mandate verified loan_id=LN865753213 mandate_id=MD8356035
2026-03-05T03:00:37.070+01:00 INFO payment-service host=payment-service-7c9d5b-t6zvn corrId=c-b89a3096baf3c3a9 payment instruction sent loan_id=LN865753213 amount_dkk=16846.09
2026-03-05T03:00:37.133+01:00 INFO ledger-service host=ledger-service-5b8f6c-t6zvn corrId=c-b89a3096baf3c3a9 ledger posting accepted loan_id=LN865753213 amount_dkk=16846.09 posting_id=PST-cbc59ccd97
2026-03-05T03:00:37.199+01:00 INFO payment-service host=payment-service-a41e92-t6zvn corrId=c-b89a3096baf3c3a9 payment settled loan_id=LN865753213 amount_dkk=16846.09
2026-03-05T03:00:37.264+01:00 INFO notification-service host=notification-service-5b8f6c-x2k4p corrId=c-b89a3096baf3c3a9 payment receipt sent loan_id=LN865753213 channel=EMAIL
2026-03-05T03:00:42.000+01:00 INFO valuation-service host=valuation-service-5b8f6c-t6zvn corrId=- jvm gc pause pause_ms=58
2026-03-05T03:01:08.692+01:00 INFO payment-scheduler host=payment-scheduler-7c9d5b-p9qmz corrId=c-8930168a2912c919 instalment collection started loan_id=LN262622207 due_date=2026-03-14
2026-03-05T03:01:08.775+01:00 INFO payment-service host=payment-service-5b8f6c-t6zvn corrId=c-8930168a2912c919 direct debit mandate verified loan_id=LN262622207 mandate_id=MD8952922
2026-03-05T03:01:08.878+01:00 INFO payment-service host=payment-service-5b8f6c-t6zvn corrId=c-8930168a2912c919 payment instruction sent loan_id=LN262622207 amount_dkk=4879.56
2026-03-05T03:01:08.982+01:00 INFO ledger-service host=ledger-service-5b8f6c-x2k4p corrId=c-8930168a2912c919 ledger posting accepted loan_id=LN262622207 amount_dkk=4879.56 posting_id=PST-8153368fe2
2026-03-05T03:01:09.040+01:00 INFO payment-service host=payment-service-7c9d5b-x2k4p corrId=c-8930168a2912c919 payment settled loan_id=LN262622207 amount_dkk=4879.56
2026-03-05T03:01:09.124+01:00 INFO notification-service host=notification-service-7c9d5b-t6zvn corrId=c-8930168a2912c919 payment receipt sent loan_id=LN262622207 channel=EMAIL
2026-03-05T03:01:18.057+01:00 INFO payment-scheduler host=payment-scheduler-a41e92-p9qmz corrId=c-94ad27c1b3c804ad instalment collection started loan_id=LN944936787 due_date=2026-03-14
2026-03-05T03:01:18.080+01:00 INFO payment-service host=payment-service-5b8f6c-t6zvn corrId=c-94ad27c1b3c804ad direct debit mandate verified loan_id=LN944936787 mandate_id=MD9604674
2026-03-05T03:01:18.177+01:00 INFO payment-service host=payment-service-5b8f6c-x2k4p corrId=c-94ad27c1b3c804ad payment instruction sent loan_id=LN944936787 amount_dkk=9424.67
2026-03-05T03:01:18.199+01:00 INFO ledger-service host=ledger-service-5b8f6c-x2k4p corrId=c-94ad27c1b3c804ad ledger posting accepted loan_id=LN944936787 amount_dkk=9424.67 posting_id=PST-f5f7f910ce
2026-03-05T03:01:18.271+01:00 INFO payment-service host=payment-service-5b8f6c-p9qmz corrId=c-94ad27c1b3c804ad payment settled loan_id=LN944936787 amount_dkk=9424.67
2026-03-05T03:01:18.306+01:00 INFO notification-service host=notification-service-5b8f6c-p9qmz corrId=c-94ad27c1b3c804ad payment receipt sent loan_id=LN944936787 channel=EMAIL
2026-03-05T03:01:44.163+01:00 INFO payment-scheduler host=payment-scheduler-a41e92-t6zvn corrId=c-5a822d9af639d677 instalment collection started loan_id=LN812016439 due_date=2026-03-04
2026-03-05T03:01:44.302+01:00 INFO payment-service host=payment-service-5b8f6c-x2k4p corrId=c-5a822d9af639d677 direct debit mandate verified loan_id=LN812016439 mandate_id=MD8228509
2026-03-05T03:01:44.384+01:00 INFO payment-service host=payment-service-5b8f6c-t6zvn corrId=c-5a822d9af639d677 payment instruction sent loan_id=LN812016439 amount_dkk=13023.74
2026-03-05T03:01:44.461+01:00 INFO ledger-service host=ledger-service-a41e92-t6zvn corrId=c-5a822d9af639d677 ledger posting accepted loan_id=LN812016439 amount_dkk=13023.74 posting_id=PST-1d3b39037a
2026-03-05T03:01:44.473+01:00 INFO payment-service host=payment-service-5b8f6c-t6zvn corrId=c-5a822d9af639d677 payment settled loan_id=LN812016439 amount_dkk=13023.74
2026-03-05T03:01:44.573+01:00 INFO notification-service host=notification-service-5b8f6c-t6zvn corrId=c-5a822d9af639d677 payment receipt sent loan_id=LN812016439 channel=EMAIL
2026-03-05T03:01:56.520+01:00 INFO payment-scheduler host=payment-scheduler-a41e92-x2k4p corrId=c-2919d54ee8c26b32 instalment collection started loan_id=LN083816110 due_date=2026-03-17
2026-03-05T03:01:56.537+01:00 INFO payment-service host=payment-service-5b8f6c-x2k4p corrId=c-2919d54ee8c26b32 direct debit mandate verified loan_id=LN083816110 mandate_id=MD3984014
2026-03-05T03:01:56.650+01:00 INFO payment-service host=payment-service-5b8f6c-p9qmz corrId=c-2919d54ee8c26b32 payment instruction sent loan_id=LN083816110 amount_dkk=3373.88
2026-03-05T03:01:56.672+01:00 WARN ledger-service host=ledger-service-a41e92-p9qmz corrId=c-2919d54ee8c26b32 ledger posting retried loan_id=LN083816110 attempt=1
2026-03-05T03:01:56.746+01:00 INFO ledger-service host=ledger-service-7c9d5b-x2k4p corrId=c-2919d54ee8c26b32 ledger posting accepted loan_id=LN083816110 amount_dkk=3373.88 posting_id=PST-63003e6159
2026-03-05T03:01:56.760+01:00 INFO payment-service host=payment-service-7c9d5b-p9qmz corrId=c-2919d54ee8c26b32 payment settled loan_id=LN083816110 amount_dkk=3373.88
2026-03-05T03:01:56.795+01:00 INFO notification-service host=notification-service-5b8f6c-x2k4p corrId=c-2919d54ee8c26b32 payment receipt sent loan_id=LN083816110 channel=DIGITAL_POST
2026-03-05T03:02:10.539+01:00 INFO payment-scheduler host=payment-scheduler-5b8f6c-t6zvn corrId=c-e9e5ff799da6d4a1 instalment collection started loan_id=LN566743855 due_date=2026-03-07
2026-03-05T03:02:10.615+01:00 INFO payment-service host=payment-service-5b8f6c-t6zvn corrId=c-e9e5ff799da6d4a1 direct debit mandate verified loan_id=LN566743855 mandate_id=MD6028006
2026-03-05T03:02:10.642+01:00 INFO payment-service host=payment-service-a41e92-p9qmz corrId=c-e9e5ff799da6d4a1 payment instruction sent loan_id=LN566743855 amount_dkk=5363.85
2026-03-05T03:02:10.767+01:00 INFO ledger-service host=ledger-service-7c9d5b-t6zvn corrId=c-e9e5ff799da6d4a1 ledger posting accepted loan_id=LN566743855 amount_dkk=5363.85 posting_id=PST-842b8dec1c
2026-03-05T03:02:10.794+01:00 INFO payment-service host=payment-service-5b8f6c-p9qmz corrId=c-e9e5ff799da6d4a1 payment settled loan_id=LN566743855 amount_dkk=5363.85
2026-03-05T03:02:10.807+01:00 INFO notification-service host=notification-service-7c9d5b-t6zvn corrId=c-e9e5ff799da6d4a1 payment receipt sent loan_id=LN566743855 channel=EMAIL
2026-03-05T03:02:19.502+01:00 INFO payment-scheduler host=payment-scheduler-5b8f6c-t6zvn corrId=c-cbaadcacb4943a05 instalment collection started loan_id=LN448942225 due_date=2026-03-26
2026-03-05T03:02:19.626+01:00 INFO payment-service host=payment-service-a41e92-x2k4p corrId=c-cbaadcacb4943a05 direct debit mandate verified loan_id=LN448942225 mandate_id=MD4778569
2026-03-05T03:02:19.658+01:00 INFO payment-service host=payment-service-a41e92-t6zvn corrId=c-cbaadcacb4943a05 payment instruction sent loan_id=LN448942225 amount_dkk=15019.67
2026-03-05T03:02:19.719+01:00 INFO ledger-service host=ledger-service-a41e92-x2k4p corrId=c-cbaadcacb4943a05 ledger posting accepted loan_id=LN448942225 amount_dkk=15019.67 posting_id=PST-9259e05bac
2026-03-05T03:02:19.774+01:00 INFO payment-service host=payment-service-a41e92-t6zvn corrId=c-cbaadcacb4943a05 payment settled loan_id=LN448942225 amount_dkk=15019.67
2026-03-05T03:02:19.886+01:00 INFO notification-service host=notification-service-5b8f6c-p9qmz corrId=c-cbaadcacb4943a05 payment receipt sent loan_id=LN448942225 channel=EMAIL
2026-03-05T03:02:21.781+01:00 INFO payment-scheduler host=payment-scheduler-7c9d5b-x2k4p corrId=c-ecbb372cb0827efa instalment collection started loan_id=LN471616467 due_date=2026-03-17
2026-03-05T03:02:21.789+01:00 INFO payment-service host=payment-service-a41e92-x2k4p corrId=c-ecbb372cb0827efa direct debit mandate verified loan_id=LN471616467 mandate_id=MD8554145
2026-03-05T03:02:21.924+01:00 INFO payment-service host=payment-service-7c9d5b-x2k4p corrId=c-ecbb372cb0827efa payment instruction sent loan_id=LN471616467 amount_dkk=9900.97
2026-03-05T03:02:21.948+01:00 INFO ledger-service host=ledger-service-7c9d5b-x2k4p corrId=c-ecbb372cb0827efa ledger posting accepted loan_id=LN471616467 amount_dkk=9900.97 posting_id=PST-4fb81fb351
2026-03-05T03:02:22.052+01:00 INFO payment-service host=payment-service-a41e92-p9qmz corrId=c-ecbb372cb0827efa payment settled loan_id=LN471616467 amount_dkk=9900.97
2026-03-05T03:02:22.155+01:00 INFO notification-service host=notification-service-7c9d5b-t6zvn corrId=c-ecbb372cb0827efa payment receipt sent loan_id=LN471616467 channel=DIGITAL_POST
2026-03-05T03:02:25.604+01:00 INFO payment-scheduler host=payment-scheduler-5b8f6c-t6zvn corrId=c-574acfeff4b46701 instalment collection started loan_id=LN397774941 due_date=2026-03-08
2026-03-05T03:02:25.692+01:00 INFO payment-service host=payment-service-a41e92-x2k4p corrId=c-574acfeff4b46701 direct debit mandate verified loan_id=LN397774941 mandate_id=MD4706023
2026-03-05T03:02:25.812+01:00 INFO payment-service host=payment-service-7c9d5b-t6zvn corrId=c-574acfeff4b46701 payment instruction sent loan_id=LN397774941 amount_dkk=15303.72
2026-03-05T03:02:25.846+01:00 INFO ledger-service host=ledger-service-7c9d5b-x2k4p corrId=c-574acfeff4b46701 ledger posting accepted loan_id=LN397774941 amount_dkk=15303.72 posting_id=PST-05ddc245ea
2026-03-05T03:02:25.933+01:00 INFO payment-service host=payment-service-a41e92-x2k4p corrId=c-574acfeff4b46701 payment settled loan_id=LN397774941 amount_dkk=15303.72
2026-03-05T03:02:26.002+01:00 INFO notification-service host=notification-service-a41e92-x2k4p corrId=c-574acfeff4b46701 payment receipt sent loan_id=LN397774941 channel=DIGITAL_POST
2026-03-05T03:02:41.408+01:00 INFO payment-scheduler host=payment-scheduler-7c9d5b-t6zvn corrId=c-ab43d7aa05450e7c instalment collection started loan_id=LN571185614 due_date=2026-03-25
2026-03-05T03:02:41.427+01:00 INFO payment-service host=payment-service-7c9d5b-p9qmz corrId=c-ab43d7aa05450e7c direct debit mandate verified loan_id=LN571185614 mandate_id=MD1964421
2026-03-05T03:02:41.475+01:00 INFO payment-service host=payment-service-7c9d5b-t6zvn corrId=c-ab43d7aa05450e7c payment instruction sent loan_id=LN571185614 amount_dkk=3819.21
2026-03-05T03:02:41.609+01:00 INFO ledger-service host=ledger-service-5b8f6c-t6zvn corrId=c-ab43d7aa05450e7c ledger posting accepted loan_id=LN571185614 amount_dkk=3819.21 posting_id=PST-545f171db9
2026-03-05T03:02:41.684+01:00 INFO payment-service host=payment-service-5b8f6c-p9qmz corrId=c-ab43d7aa05450e7c payment settled loan_id=LN571185614 amount_dkk=3819.21
2026-03-05T03:02:41.813+01:00 INFO notification-service host=notification-service-5b8f6c-t6zvn corrId=c-ab43d7aa05450e7c payment receipt sent loan_id=LN571185614 channel=EMAIL
2026-03-05T03:02:48.879+01:00 INFO payment-scheduler host=payment-scheduler-a41e92-t6zvn corrId=c-40b80cbda5b6b1b2 instalment collection started loan_id=LN166137941 due_date=2026-03-05
2026-03-05T03:02:48.932+01:00 INFO payment-service host=payment-service-7c9d5b-t6zvn corrId=c-40b80cbda5b6b1b2 direct debit mandate verified loan_id=LN166137941 mandate_id=MD3280081
2026-03-05T03:02:48.994+01:00 INFO payment-service host=payment-service-7c9d5b-t6zvn corrId=c-40b80cbda5b6b1b2 payment instruction sent loan_id=LN166137941 amount_dkk=10630.40
2026-03-05T03:02:49.002+01:00 INFO ledger-service host=ledger-service-7c9d5b-p9qmz corrId=c-40b80cbda5b6b1b2 ledger posting accepted loan_id=LN166137941 amount_dkk=10630.40 posting_id=PST-43c03e4ded
2026-03-05T03:02:49.098+01:00 INFO payment-service host=payment-service-5b8f6c-p9qmz corrId=c-40b80cbda5b6b1b2 payment settled loan_id=LN166137941 amount_dkk=10630.40
2026-03-05T03:02:49.127+01:00 INFO notification-service host=notification-service-7c9d5b-t6zvn corrId=c-40b80cbda5b6b1b2 payment receipt sent loan_id=LN166137941 channel=DIGITAL_POST
2026-03-05T03:03:00.875+01:00 INFO payment-scheduler host=payment-scheduler-5b8f6c-p9qmz corrId=c-0f42251b04fd272c instalment collection started loan_id=LN814005753 due_date=2026-03-23
2026-03-05T03:03:00.997+01:00 INFO payment-service host=payment-service-5b8f6c-t6zvn corrId=c-0f42251b04fd272c direct debit mandate verified loan_id=LN814005753 mandate_id=MD5134874
2026-03-05T03:03:01.061+01:00 INFO payment-service host=payment-service-5b8f6c-t6zvn corrId=c-0f42251b04fd272c payment instruction sent loan_id=LN814005753 amount_dkk=14371.41
2026-03-05T03:03:01.119+01:00 INFO ledger-service host=ledger-service-a41e92-t6zvn corrId=c-0f42251b04fd272c ledger posting accepted loan_id=LN814005753 amount_dkk=14371.41 posting_id=PST-23a38cd10a
2026-03-05T03:03:01.203+01:00 INFO payment-service host=payment-service-5b8f6c-x2k4p corrId=c-0f42251b04fd272c payment settled loan_id=LN814005753 amount_dkk=14371.41
2026-03-05T03:03:01.319+01:00 INFO notification-service host=notification-service-7c9d5b-x2k4p corrId=c-0f42251b04fd272c payment receipt sent loan_id=LN814005753 channel=EMAIL
2026-03-05T03:03:26.685+01:00 INFO payment-scheduler host=payment-scheduler-a41e92-t6zvn corrId=c-730f244c2def4a27 instalment collection started loan_id=LN255129373 due_date=2026-03-05
2026-03-05T03:03:26.731+01:00 INFO payment-service host=payment-service-5b8f6c-x2k4p corrId=c-730f244c2def4a27 direct debit mandate verified loan_id=LN255129373 mandate_id=MD8737107
2026-03-05T03:03:26.811+01:00 INFO payment-service host=payment-service-5b8f6c-t6zvn corrId=c-730f244c2def4a27 payment instruction sent loan_id=LN255129373 amount_dkk=11423.19
2026-03-05T03:03:26.864+01:00 INFO ledger-service host=ledger-service-7c9d5b-t6zvn corrId=c-730f244c2def4a27 ledger posting accepted loan_id=LN255129373 amount_dkk=11423.19 posting_id=PST-59fec266c3
2026-03-05T03:03:26.932+01:00 INFO payment-service host=payment-service-5b8f6c-p9qmz corrId=c-730f244c2def4a27 payment settled loan_id=LN255129373 amount_dkk=11423.19
2026-03-05T03:03:27.026+01:00 INFO notification-service host=notification-service-a41e92-x2k4p corrId=c-730f244c2def4a27 payment receipt sent loan_id=LN255129373 channel=EMAIL
2026-03-05T03:03:31.789+01:00 INFO payment-scheduler host=payment-scheduler-7c9d5b-p9qmz corrId=c-f062ef2ee47d64ad instalment collection started loan_id=LN673117340 due_date=2026-03-03
2026-03-05T03:03:31.869+01:00 INFO payment-service host=payment-service-a41e92-t6zvn corrId=c-f062ef2ee47d64ad direct debit mandate verified loan_id=LN673117340 mandate_id=MD1502335
2026-03-05T03:03:32.001+01:00 INFO payment-service host=payment-service-5b8f6c-p9qmz corrId=c-f062ef2ee47d64ad payment instruction sent loan_id=LN673117340 amount_dkk=6405.17
2026-03-05T03:03:32.021+01:00 INFO ledger-service host=ledger-service-7c9d5b-t6zvn corrId=c-f062ef2ee47d64ad ledger posting accepted loan_id=LN673117340 amount_dkk=6405.17 posting_id=PST-bece4d4b7f
2026-03-05T03:03:32.156+01:00 INFO payment-service host=payment-service-7c9d5b-p9qmz corrId=c-f062ef2ee47d64ad payment settled loan_id=LN673117340 amount_dkk=6405.17
2026-03-05T03:03:32.211+01:00 INFO notification-service host=notification-service-7c9d5b-p9qmz corrId=c-f062ef2ee47d64ad payment receipt sent loan_id=LN673117340 channel=DIGITAL_POST
2026-03-05T03:03:35.938+01:00 INFO payment-scheduler host=payment-scheduler-5b8f6c-x2k4p corrId=c-4c8596618a24e216 instalment collection started loan_id=LN037038793 due_date=2026-03-05
2026-03-05T03:03:36.004+01:00 INFO payment-service host=payment-service-7c9d5b-p9qmz corrId=c-4c8596618a24e216 direct debit mandate verified loan_id=LN037038793 mandate_id=MD3276643
2026-03-05T03:03:36.137+01:00 INFO payment-service host=payment-service-7c9d5b-t6zvn corrId=c-4c8596618a24e216 payment instruction sent loan_id=LN037038793 amount_dkk=7160.16
2026-03-05T03:03:36.184+01:00 INFO ledger-service host=ledger-service-a41e92-x2k4p corrId=c-4c8596618a24e216 ledger posting accepted loan_id=LN037038793 amount_dkk=7160.16 posting_id=PST-ee83b45221
2026-03-05T03:03:36.225+01:00 INFO payment-service host=payment-service-7c9d5b-p9qmz corrId=c-4c8596618a24e216 payment settled loan_id=LN037038793 amount_dkk=7160.16
2026-03-05T03:03:36.258+01:00 INFO notification-service host=notification-service-7c9d5b-x2k4p corrId=c-4c8596618a24e216 payment receipt sent loan_id=LN037038793 channel=DIGITAL_POST
2026-03-05T03:03:44.912+01:00 INFO payment-scheduler host=payment-scheduler-7c9d5b-p9qmz corrId=c-facb2b63b175a8be instalment collection started loan_id=LN536890977 due_date=2026-03-15
2026-03-05T03:03:45.048+01:00 INFO payment-service host=payment-service-a41e92-x2k4p corrId=c-facb2b63b175a8be direct debit mandate verified loan_id=LN536890977 mandate_id=MD9850577
2026-03-05T03:03:45.110+01:00 INFO payment-service host=payment-service-5b8f6c-x2k4p corrId=c-facb2b63b175a8be payment instruction sent loan_id=LN536890977 amount_dkk=10688.94
2026-03-05T03:03:45.184+01:00 INFO ledger-service host=ledger-service-5b8f6c-t6zvn corrId=c-facb2b63b175a8be ledger posting accepted loan_id=LN536890977 amount_dkk=10688.94 posting_id=PST-6f6979aa15
2026-03-05T03:03:45.252+01:00 INFO payment-service host=payment-service-5b8f6c-t6zvn corrId=c-facb2b63b175a8be payment settled loan_id=LN536890977 amount_dkk=10688.94
2026-03-05T03:03:45.290+01:00 INFO notification-service host=notification-service-a41e92-t6zvn corrId=c-facb2b63b175a8be payment receipt sent loan_id=LN536890977 channel=EMAIL
2026-03-05T03:03:48.633+01:00 INFO payment-scheduler host=payment-scheduler-7c9d5b-p9qmz corrId=c-3309b32c649f2f6e instalment collection started loan_id=LN117369728 due_date=2026-03-22
2026-03-05T03:03:48.652+01:00 INFO payment-service host=payment-service-5b8f6c-x2k4p corrId=c-3309b32c649f2f6e direct debit mandate verified loan_id=LN117369728 mandate_id=MD8920636
2026-03-05T03:03:48.731+01:00 INFO payment-service host=payment-service-5b8f6c-t6zvn corrId=c-3309b32c649f2f6e payment instruction sent loan_id=LN117369728 amount_dkk=6054.95
2026-03-05T03:03:48.780+01:00 INFO ledger-service host=ledger-service-5b8f6c-t6zvn corrId=c-3309b32c649f2f6e ledger posting accepted loan_id=LN117369728 amount_dkk=6054.95 posting_id=PST-a0364e38e4
2026-03-05T03:03:48.812+01:00 INFO payment-service host=payment-service-a41e92-x2k4p corrId=c-3309b32c649f2f6e payment settled loan_id=LN117369728 amount_dkk=6054.95
2026-03-05T03:03:48.856+01:00 INFO notification-service host=notification-service-5b8f6c-p9qmz corrId=c-3309b32c649f2f6e payment receipt sent loan_id=LN117369728 channel=EMAIL
2026-03-05T03:04:01.003+01:00 INFO payment-scheduler host=payment-scheduler-5b8f6c-p9qmz corrId=c-e07693ef3013d02e instalment collection started loan_id=LN699455496 due_date=2026-03-23
2026-03-05T03:04:01.066+01:00 INFO payment-service host=payment-service-7c9d5b-x2k4p corrId=c-e07693ef3013d02e direct debit mandate verified loan_id=LN699455496 mandate_id=MD2149922
2026-03-05T03:04:01.083+01:00 INFO payment-service host=payment-service-5b8f6c-x2k4p corrId=c-e07693ef3013d02e payment instruction sent loan_id=LN699455496 amount_dkk=14262.62
2026-03-05T03:04:01.217+01:00 INFO ledger-service host=ledger-service-a41e92-p9qmz corrId=c-e07693ef3013d02e ledger posting accepted loan_id=LN699455496 amount_dkk=14262.62 posting_id=PST-e31855cd17
2026-03-05T03:04:01.349+01:00 INFO payment-service host=payment-service-5b8f6c-p9qmz corrId=c-e07693ef3013d02e payment settled loan_id=LN699455496 amount_dkk=14262.62
2026-03-05T03:04:01.404+01:00 INFO notification-service host=notification-service-7c9d5b-t6zvn corrId=c-e07693ef3013d02e payment receipt sent loan_id=LN699455496 channel=DIGITAL_POST
2026-03-05T03:05:00.339+01:00 INFO api-gateway host=api-gateway-a41e92-t6zvn corrId=- health probe ok status=200 latency_ms=11
2026-03-05T03:05:07.210+01:00 INFO payment-scheduler host=payment-scheduler-5b8f6c-p9qmz corrId=c-d4ebcea4c9636a27 instalment collection started loan_id=LN905019446 due_date=2026-03-04
2026-03-05T03:05:07.334+01:00 INFO payment-service host=payment-service-5b8f6c-t6zvn corrId=c-d4ebcea4c9636a27 direct debit mandate verified loan_id=LN905019446 mandate_id=MD2511595
2026-03-05T03:05:07.353+01:00 INFO payment-service host=payment-service-7c9d5b-x2k4p corrId=c-d4ebcea4c9636a27 payment instruction sent loan_id=LN905019446 amount_dkk=14010.83
2026-03-05T03:05:07.360+01:00 INFO ledger-service host=ledger-service-7c9d5b-x2k4p corrId=c-d4ebcea4c9636a27 ledger posting accepted loan_id=LN905019446 amount_dkk=14010.83 posting_id=PST-6ab17d22ad
2026-03-05T03:05:07.453+01:00 INFO payment-service host=payment-service-5b8f6c-x2k4p corrId=c-d4ebcea4c9636a27 payment settled loan_id=LN905019446 amount_dkk=14010.83
2026-03-05T03:05:07.575+01:00 INFO notification-service host=notification-service-5b8f6c-p9qmz corrId=c-d4ebcea4c9636a27 payment receipt sent loan_id=LN905019446 channel=EMAIL
2026-03-05T03:05:17.701+01:00 INFO payment-scheduler host=payment-scheduler-7c9d5b-p9qmz corrId=c-efd6d8c3a7d3348a instalment collection started loan_id=LN557604771 due_date=2026-03-05
2026-03-05T03:05:17.774+01:00 INFO payment-service host=payment-service-7c9d5b-p9qmz corrId=c-efd6d8c3a7d3348a direct debit mandate verified loan_id=LN557604771 mandate_id=MD3565999
2026-03-05T03:05:17.881+01:00 INFO payment-service host=payment-service-a41e92-x2k4p corrId=c-efd6d8c3a7d3348a payment instruction sent loan_id=LN557604771 amount_dkk=13756.70
2026-03-05T03:05:17.901+01:00 INFO ledger-service host=ledger-service-5b8f6c-p9qmz corrId=c-efd6d8c3a7d3348a ledger posting accepted loan_id=LN557604771 amount_dkk=13756.70 posting_id=PST-1d8d76dced
2026-03-05T03:05:17.963+01:00 INFO payment-service host=payment-service-a41e92-p9qmz corrId=c-efd6d8c3a7d3348a payment settled loan_id=LN557604771 amount_dkk=13756.70
2026-03-05T03:05:18.059+01:00 INFO notification-service host=notification-service-a41e92-x2k4p corrId=c-efd6d8c3a7d3348a payment receipt sent loan_id=LN557604771 channel=DIGITAL_POST
2026-03-05T03:05:27.367+01:00 INFO payment-scheduler host=payment-scheduler-7c9d5b-p9qmz corrId=c-4a709450a61efc72 instalment collection started loan_id=LN218244028 due_date=2026-03-28
2026-03-05T03:05:27.415+01:00 INFO payment-service host=payment-service-5b8f6c-p9qmz corrId=c-4a709450a61efc72 direct debit mandate verified loan_id=LN218244028 mandate_id=MD4021694
2026-03-05T03:05:27.428+01:00 INFO payment-service host=payment-service-7c9d5b-t6zvn corrId=c-4a709450a61efc72 payment instruction sent loan_id=LN218244028 amount_dkk=17344.46
2026-03-05T03:05:27.505+01:00 INFO ledger-service host=ledger-service-a41e92-x2k4p corrId=c-4a709450a61efc72 ledger posting accepted loan_id=LN218244028 amount_dkk=17344.46 posting_id=PST-0eff45a062
2026-03-05T03:05:27.631+01:00 INFO payment-service host=payment-service-5b8f6c-x2k4p corrId=c-4a709450a61efc72 payment settled loan_id=LN218244028 amount_dkk=17344.46
2026-03-05T03:05:27.699+01:00 INFO notification-service host=notification-service-5b8f6c-t6zvn corrId=c-4a709450a61efc72 payment receipt sent loan_id=LN218244028 channel=DIGITAL_POST
2026-03-05T03:05:33.328+01:00 INFO payment-scheduler host=payment-scheduler-5b8f6c-p9qmz corrId=c-b24c274acee258e7 instalment collection started loan_id=LN550671370 due_date=2026-03-25
2026-03-05T03:05:33.380+01:00 INFO payment-service host=payment-service-7c9d5b-x2k4p corrId=c-b24c274acee258e7 direct debit mandate verified loan_id=LN550671370 mandate_id=MD1206056
2026-03-05T03:05:33.512+01:00 INFO payment-service host=payment-service-a41e92-x2k4p corrId=c-b24c274acee258e7 payment instruction sent loan_id=LN550671370 amount_dkk=17422.89
2026-03-05T03:05:33.534+01:00 INFO ledger-service host=ledger-service-7c9d5b-x2k4p corrId=c-b24c274acee258e7 ledger posting accepted loan_id=LN550671370 amount_dkk=17422.89 posting_id=PST-4d6284956e
2026-03-05T03:05:33.570+01:00 INFO payment-service host=payment-service-a41e92-p9qmz corrId=c-b24c274acee258e7 payment settled loan_id=LN550671370 amount_dkk=17422.89
2026-03-05T03:05:33.621+01:00 INFO notification-service host=notification-service-7c9d5b-p9qmz corrId=c-b24c274acee258e7 payment receipt sent loan_id=LN550671370 channel=DIGITAL_POST
2026-03-05T03:05:52.768+01:00 INFO payment-scheduler host=payment-scheduler-a41e92-x2k4p corrId=c-864cad5d2442444f instalment collection started loan_id=LN663948943 due_date=2026-03-03
2026-03-05T03:05:52.905+01:00 INFO payment-service host=payment-service-a41e92-p9qmz corrId=c-864cad5d2442444f direct debit mandate verified loan_id=LN663948943 mandate_id=MD9091685
2026-03-05T03:05:53.010+01:00 INFO payment-service host=payment-service-7c9d5b-t6zvn corrId=c-864cad5d2442444f payment instruction sent loan_id=LN663948943 amount_dkk=9441.13
2026-03-05T03:05:53.074+01:00 INFO ledger-service host=ledger-service-a41e92-p9qmz corrId=c-864cad5d2442444f ledger posting accepted loan_id=LN663948943 amount_dkk=9441.13 posting_id=PST-de0dcf652a
2026-03-05T03:05:53.114+01:00 INFO payment-service host=payment-service-5b8f6c-t6zvn corrId=c-864cad5d2442444f payment settled loan_id=LN663948943 amount_dkk=9441.13
2026-03-05T03:05:53.182+01:00 INFO notification-service host=notification-service-7c9d5b-t6zvn corrId=c-864cad5d2442444f payment receipt sent loan_id=LN663948943 channel=DIGITAL_POST
2026-03-05T03:06:05.533+01:00 INFO payment-scheduler host=payment-scheduler-a41e92-p9qmz corrId=c-17099164412030c9 instalment collection started loan_id=LN195680353 due_date=2026-03-12
2026-03-05T03:06:05.575+01:00 INFO payment-service host=payment-service-a41e92-p9qmz corrId=c-17099164412030c9 direct debit mandate verified loan_id=LN195680353 mandate_id=MD3566746
2026-03-05T03:06:05.699+01:00 INFO payment-service host=payment-service-a41e92-p9qmz corrId=c-17099164412030c9 payment instruction sent loan_id=LN195680353 amount_dkk=4640.93
2026-03-05T03:06:05.809+01:00 INFO ledger-service host=ledger-service-7c9d5b-t6zvn corrId=c-17099164412030c9 ledger posting accepted loan_id=LN195680353 amount_dkk=4640.93 posting_id=PST-970b233911
2026-03-05T03:06:05.881+01:00 INFO payment-service host=payment-service-a41e92-x2k4p corrId=c-17099164412030c9 payment settled loan_id=LN195680353 amount_dkk=4640.93
2026-03-05T03:06:05.896+01:00 INFO notification-service host=notification-service-5b8f6c-x2k4p corrId=c-17099164412030c9 payment receipt sent loan_id=LN195680353 channel=EMAIL
2026-03-05T03:06:38.945+01:00 INFO payment-scheduler host=payment-scheduler-7c9d5b-p9qmz corrId=c-edb034ee5c8c1b65 instalment collection started loan_id=LN901093765 due_date=2026-03-13
2026-03-05T03:06:39.010+01:00 INFO payment-service host=payment-service-a41e92-x2k4p corrId=c-edb034ee5c8c1b65 direct debit mandate verified loan_id=LN901093765 mandate_id=MD1583855
2026-03-05T03:06:39.097+01:00 INFO payment-service host=payment-service-a41e92-x2k4p corrId=c-edb034ee5c8c1b65 payment instruction sent loan_id=LN901093765 amount_dkk=7421.13
2026-03-05T03:06:39.234+01:00 INFO ledger-service host=ledger-service-a41e92-t6zvn corrId=c-edb034ee5c8c1b65 ledger posting accepted loan_id=LN901093765 amount_dkk=7421.13 posting_id=PST-6a94c9e852
2026-03-05T03:06:39.361+01:00 INFO payment-service host=payment-service-a41e92-t6zvn corrId=c-edb034ee5c8c1b65 payment settled loan_id=LN901093765 amount_dkk=7421.13
2026-03-05T03:06:39.449+01:00 INFO notification-service host=notification-service-7c9d5b-x2k4p corrId=c-edb034ee5c8c1b65 payment receipt sent loan_id=LN901093765 channel=DIGITAL_POST
2026-03-05T03:06:46.346+01:00 INFO payment-scheduler host=payment-scheduler-a41e92-p9qmz corrId=c-41891dd0ddb78feb instalment collection started loan_id=LN002375170 due_date=2026-03-28
2026-03-05T03:06:46.380+01:00 INFO payment-service host=payment-service-a41e92-x2k4p corrId=c-41891dd0ddb78feb direct debit mandate verified loan_id=LN002375170 mandate_id=MD4455748
2026-03-05T03:06:46.399+01:00 INFO payment-service host=payment-service-a41e92-t6zvn corrId=c-41891dd0ddb78feb payment instruction sent loan_id=LN002375170 amount_dkk=13536.44
2026-03-05T03:06:46.514+01:00 INFO ledger-service host=ledger-service-5b8f6c-x2k4p corrId=c-41891dd0ddb78feb ledger posting accepted loan_id=LN002375170 amount_dkk=13536.44 posting_id=PST-8074f37878
2026-03-05T03:06:46.541+01:00 INFO payment-service host=payment-service-a41e92-x2k4p corrId=c-41891dd0ddb78feb payment settled loan_id=LN002375170 amount_dkk=13536.44
2026-03-05T03:06:46.614+01:00 INFO notification-service host=notification-service-a41e92-x2k4p corrId=c-41891dd0ddb78feb payment receipt sent loan_id=LN002375170 channel=EMAIL
2026-03-05T03:07:42.897+01:00 INFO payment-scheduler host=payment-scheduler-a41e92-x2k4p corrId=c-9a89338cea57a095 instalment collection started loan_id=LN515170980 due_date=2026-03-10
2026-03-05T03:07:42.961+01:00 INFO payment-service host=payment-service-a41e92-t6zvn corrId=c-9a89338cea57a095 direct debit mandate verified loan_id=LN515170980 mandate_id=MD0497023
2026-03-05T03:07:43.079+01:00 INFO payment-service host=payment-service-5b8f6c-p9qmz corrId=c-9a89338cea57a095 payment instruction sent loan_id=LN515170980 amount_dkk=9599.19
2026-03-05T03:07:43.168+01:00 INFO ledger-service host=ledger-service-a41e92-t6zvn corrId=c-9a89338cea57a095 ledger posting accepted loan_id=LN515170980 amount_dkk=9599.19 posting_id=PST-4f1f6bee60
2026-03-05T03:07:43.242+01:00 INFO payment-service host=payment-service-5b8f6c-x2k4p corrId=c-9a89338cea57a095 payment settled loan_id=LN515170980 amount_dkk=9599.19
2026-03-05T03:07:43.373+01:00 INFO notification-service host=notification-service-7c9d5b-x2k4p corrId=c-9a89338cea57a095 payment receipt sent loan_id=LN515170980 channel=DIGITAL_POST
2026-03-05T03:08:02.157+01:00 INFO payment-scheduler host=payment-scheduler-a41e92-p9qmz corrId=c-2b604f6182115b68 instalment collection started loan_id=LN207246063 due_date=2026-03-23
2026-03-05T03:08:02.215+01:00 INFO payment-service host=payment-service-7c9d5b-t6zvn corrId=c-2b604f6182115b68 direct debit mandate verified loan_id=LN207246063 mandate_id=MD0323064
2026-03-05T03:08:02.244+01:00 INFO payment-service host=payment-service-a41e92-t6zvn corrId=c-2b604f6182115b68 payment instruction sent loan_id=LN207246063 amount_dkk=5736.90
2026-03-05T03:08:02.282+01:00 INFO ledger-service host=ledger-service-a41e92-t6zvn corrId=c-2b604f6182115b68 ledger posting accepted loan_id=LN207246063 amount_dkk=5736.90 posting_id=PST-dc83e6e37c
2026-03-05T03:08:02.392+01:00 INFO payment-service host=payment-service-7c9d5b-t6zvn corrId=c-2b604f6182115b68 payment settled loan_id=LN207246063 amount_dkk=5736.90
2026-03-05T03:08:02.413+01:00 INFO notification-service host=notification-service-5b8f6c-p9qmz corrId=c-2b604f6182115b68 payment receipt sent loan_id=LN207246063 channel=EMAIL
2026-03-05T03:08:07.259+01:00 INFO payment-scheduler host=payment-scheduler-5b8f6c-p9qmz corrId=c-0452d86c27a7469f instalment collection started loan_id=LN099200384 due_date=2026-03-05
2026-03-05T03:08:07.376+01:00 INFO payment-service host=payment-service-7c9d5b-x2k4p corrId=c-0452d86c27a7469f direct debit mandate verified loan_id=LN099200384 mandate_id=MD6959713
2026-03-05T03:08:07.505+01:00 INFO payment-service host=payment-service-7c9d5b-x2k4p corrId=c-0452d86c27a7469f payment instruction sent loan_id=LN099200384 amount_dkk=8466.83
2026-03-05T03:08:07.634+01:00 INFO ledger-service host=ledger-service-7c9d5b-p9qmz corrId=c-0452d86c27a7469f ledger posting accepted loan_id=LN099200384 amount_dkk=8466.83 posting_id=PST-5624158fbd
2026-03-05T03:08:07.725+01:00 INFO payment-service host=payment-service-7c9d5b-p9qmz corrId=c-0452d86c27a7469f payment settled loan_id=LN099200384 amount_dkk=8466.83
2026-03-05T03:08:07.792+01:00 INFO notification-service host=notification-service-a41e92-t6zvn corrId=c-0452d86c27a7469f payment receipt sent loan_id=LN099200384 channel=EMAIL
2026-03-05T03:08:30.892+01:00 INFO payment-scheduler host=payment-scheduler-7c9d5b-t6zvn corrId=c-403ed1d3ae2107c0 instalment collection started loan_id=LN348068872 due_date=2026-03-04
2026-03-05T03:08:31.023+01:00 INFO payment-service host=payment-service-a41e92-x2k4p corrId=c-403ed1d3ae2107c0 direct debit mandate verified loan_id=LN348068872 mandate_id=MD6699034
2026-03-05T03:08:31.042+01:00 INFO payment-service host=payment-service-7c9d5b-t6zvn corrId=c-403ed1d3ae2107c0 payment instruction sent loan_id=LN348068872 amount_dkk=9923.11
2026-03-05T03:08:31.147+01:00 INFO ledger-service host=ledger-service-5b8f6c-t6zvn corrId=c-403ed1d3ae2107c0 ledger posting accepted loan_id=LN348068872 amount_dkk=9923.11 posting_id=PST-14b8de3776
2026-03-05T03:08:31.236+01:00 INFO payment-service host=payment-service-5b8f6c-x2k4p corrId=c-403ed1d3ae2107c0 payment settled loan_id=LN348068872 amount_dkk=9923.11
2026-03-05T03:08:31.304+01:00 INFO notification-service host=notification-service-5b8f6c-t6zvn corrId=c-403ed1d3ae2107c0 payment receipt sent loan_id=LN348068872 channel=EMAIL
2026-03-05T03:09:33.400+01:00 INFO payment-scheduler host=payment-scheduler-a41e92-t6zvn corrId=c-cf9ba3e801484fa3 instalment collection started loan_id=LN411690826 due_date=2026-03-01
2026-03-05T03:09:33.470+01:00 INFO payment-service host=payment-service-a41e92-t6zvn corrId=c-cf9ba3e801484fa3 direct debit mandate verified loan_id=LN411690826 mandate_id=MD9094731
2026-03-05T03:09:33.523+01:00 INFO payment-service host=payment-service-5b8f6c-p9qmz corrId=c-cf9ba3e801484fa3 payment instruction sent loan_id=LN411690826 amount_dkk=7263.91
2026-03-05T03:09:33.631+01:00 INFO ledger-service host=ledger-service-5b8f6c-x2k4p corrId=c-cf9ba3e801484fa3 ledger posting accepted loan_id=LN411690826 amount_dkk=7263.91 posting_id=PST-f22727f36b
2026-03-05T03:09:33.738+01:00 INFO payment-service host=payment-service-7c9d5b-x2k4p corrId=c-cf9ba3e801484fa3 payment settled loan_id=LN411690826 amount_dkk=7263.91
2026-03-05T03:09:33.772+01:00 INFO notification-service host=notification-service-5b8f6c-x2k4p corrId=c-cf9ba3e801484fa3 payment receipt sent loan_id=LN411690826 channel=DIGITAL_POST
2026-03-05T03:10:00.011+01:00 INFO payment-scheduler host=payment-scheduler-a41e92-t6zvn corrId=- scheduler heartbeat lag_ms=50
2026-03-05T03:10:00.261+01:00 INFO api-gateway host=api-gateway-7c9d5b-p9qmz corrId=- health probe ok status=200 latency_ms=20
2026-03-05T03:10:05.747+01:00 INFO payment-scheduler host=payment-scheduler-a41e92-x2k4p corrId=c-04ea1261050e769e instalment collection started loan_id=LN998698708 due_date=2026-03-18
2026-03-05T03:10:05.780+01:00 INFO payment-service host=payment-service-7c9d5b-p9qmz corrId=c-04ea1261050e769e direct debit mandate verified loan_id=LN998698708 mandate_id=MD5883810
2026-03-05T03:10:05.798+01:00 INFO payment-service host=payment-service-a41e92-t6zvn corrId=c-04ea1261050e769e payment instruction sent loan_id=LN998698708 amount_dkk=15298.47
2026-03-05T03:10:05.818+01:00 INFO ledger-service host=ledger-service-7c9d5b-t6zvn corrId=c-04ea1261050e769e ledger posting accepted loan_id=LN998698708 amount_dkk=15298.47 posting_id=PST-73e7691f7f
2026-03-05T03:10:05.917+01:00 INFO payment-service host=payment-service-5b8f6c-x2k4p corrId=c-04ea1261050e769e payment settled loan_id=LN998698708 amount_dkk=15298.47
2026-03-05T03:10:06.017+01:00 INFO notification-service host=notification-service-5b8f6c-x2k4p corrId=c-04ea1261050e769e payment receipt sent loan_id=LN998698708 channel=DIGITAL_POST
2026-03-05T03:10:43.596+01:00 INFO payment-scheduler host=payment-scheduler-7c9d5b-x2k4p corrId=c-a4ee770fa2ec17ea instalment collection started loan_id=LN436541799 due_date=2026-03-18
2026-03-05T03:10:43.724+01:00 INFO payment-service host=payment-service-7c9d5b-p9qmz corrId=c-a4ee770fa2ec17ea direct debit mandate verified loan_id=LN436541799 mandate_id=MD8306852
2026-03-05T03:10:43.765+01:00 INFO payment-service host=payment-service-a41e92-t6zvn corrId=c-a4ee770fa2ec17ea payment instruction sent loan_id=LN436541799 amount_dkk=16792.18
2026-03-05T03:10:43.788+01:00 INFO ledger-service host=ledger-service-a41e92-t6zvn corrId=c-a4ee770fa2ec17ea ledger posting accepted loan_id=LN436541799 amount_dkk=16792.18 posting_id=PST-633619cdb1
2026-03-05T03:10:43.840+01:00 INFO payment-service host=payment-service-7c9d5b-t6zvn corrId=c-a4ee770fa2ec17ea payment settled loan_id=LN436541799 amount_dkk=16792.18
2026-03-05T03:10:43.870+01:00 INFO notification-service host=notification-service-7c9d5b-p9qmz corrId=c-a4ee770fa2ec17ea payment receipt sent loan_id=LN436541799 channel=EMAIL
2026-03-05T03:10:59.329+01:00 INFO payment-scheduler host=payment-scheduler-7c9d5b-x2k4p corrId=c-5e36c1be9fb5ee4a instalment collection started loan_id=LN099830802 due_date=2026-03-17
2026-03-05T03:10:59.342+01:00 INFO payment-service host=payment-service-5b8f6c-p9qmz corrId=c-5e36c1be9fb5ee4a direct debit mandate verified loan_id=LN099830802 mandate_id=MD2554720
2026-03-05T03:10:59.361+01:00 INFO payment-service host=payment-service-5b8f6c-p9qmz corrId=c-5e36c1be9fb5ee4a payment instruction sent loan_id=LN099830802 amount_dkk=17152.80
2026-03-05T03:10:59.413+01:00 INFO ledger-service host=ledger-service-a41e92-t6zvn corrId=c-5e36c1be9fb5ee4a ledger posting accepted loan_id=LN099830802 amount_dkk=17152.80 posting_id=PST-cdb99c4dc6
2026-03-05T03:10:59.505+01:00 INFO payment-service host=payment-service-a41e92-t6zvn corrId=c-5e36c1be9fb5ee4a payment settled loan_id=LN099830802 amount_dkk=17152.80
2026-03-05T03:10:59.555+01:00 INFO notification-service host=notification-service-7c9d5b-p9qmz corrId=c-5e36c1be9fb5ee4a payment receipt sent loan_id=LN099830802 channel=DIGITAL_POST
2026-03-05T03:13:00.165+01:00 INFO payment-scheduler host=payment-scheduler-7c9d5b-x2k4p corrId=c-7369ef65c32f1c9d instalment collection started loan_id=LN697812549 due_date=2026-03-25
2026-03-05T03:13:00.296+01:00 INFO payment-service host=payment-service-5b8f6c-p9qmz corrId=c-7369ef65c32f1c9d direct debit mandate verified loan_id=LN697812549 mandate_id=MD9505910
2026-03-05T03:13:00.390+01:00 INFO payment-service host=payment-service-5b8f6c-x2k4p corrId=c-7369ef65c32f1c9d payment instruction sent loan_id=LN697812549 amount_dkk=7431.09
2026-03-05T03:13:00.446+01:00 INFO ledger-service host=ledger-service-5b8f6c-p9qmz corrId=c-7369ef65c32f1c9d ledger posting accepted loan_id=LN697812549 amount_dkk=7431.09 posting_id=PST-b9cbf53acd
2026-03-05T03:13:00.551+01:00 INFO payment-service host=payment-service-7c9d5b-p9qmz corrId=c-7369ef65c32f1c9d payment settled loan_id=LN697812549 amount_dkk=7431.09
2026-03-05T03:13:00.638+01:00 INFO notification-service host=notification-service-a41e92-p9qmz corrId=c-7369ef65c32f1c9d payment receipt sent loan_id=LN697812549 channel=EMAIL
2026-03-05T03:13:03.566+01:00 INFO payment-scheduler host=payment-scheduler-5b8f6c-x2k4p corrId=c-116ff4f4ce713d1f instalment collection started loan_id=LN232452616 due_date=2026-03-01
2026-03-05T03:13:03.616+01:00 INFO payment-service host=payment-service-5b8f6c-p9qmz corrId=c-116ff4f4ce713d1f direct debit mandate verified loan_id=LN232452616 mandate_id=MD7796567
2026-03-05T03:13:03.636+01:00 INFO payment-service host=payment-service-a41e92-x2k4p corrId=c-116ff4f4ce713d1f payment instruction sent loan_id=LN232452616 amount_dkk=7054.32
2026-03-05T03:13:03.751+01:00 INFO ledger-service host=ledger-service-7c9d5b-x2k4p corrId=c-116ff4f4ce713d1f ledger posting accepted loan_id=LN232452616 amount_dkk=7054.32 posting_id=PST-590801b00c
2026-03-05T03:13:03.857+01:00 INFO payment-service host=payment-service-7c9d5b-x2k4p corrId=c-116ff4f4ce713d1f payment settled loan_id=LN232452616 amount_dkk=7054.32
2026-03-05T03:13:03.956+01:00 INFO notification-service host=notification-service-5b8f6c-x2k4p corrId=c-116ff4f4ce713d1f payment receipt sent loan_id=LN232452616 channel=DIGITAL_POST
2026-03-05T03:14:42.864+01:00 INFO payment-scheduler host=payment-scheduler-5b8f6c-x2k4p corrId=c-d9b0f1c6cdb2d3c3 instalment collection started loan_id=LN100100960 due_date=2026-03-22
2026-03-05T03:14:42.874+01:00 INFO payment-service host=payment-service-7c9d5b-x2k4p corrId=c-d9b0f1c6cdb2d3c3 direct debit mandate verified loan_id=LN100100960 mandate_id=MD6030039
2026-03-05T03:14:42.935+01:00 INFO payment-service host=payment-service-5b8f6c-t6zvn corrId=c-d9b0f1c6cdb2d3c3 payment instruction sent loan_id=LN100100960 amount_dkk=4227.37
2026-03-05T03:14:42.961+01:00 INFO ledger-service host=ledger-service-7c9d5b-p9qmz corrId=c-d9b0f1c6cdb2d3c3 ledger posting accepted loan_id=LN100100960 amount_dkk=4227.37 posting_id=PST-d6eb5df036
2026-03-05T03:14:43.076+01:00 INFO payment-service host=payment-service-a41e92-p9qmz corrId=c-d9b0f1c6cdb2d3c3 payment settled loan_id=LN100100960 amount_dkk=4227.37
2026-03-05T03:14:43.119+01:00 INFO notification-service host=notification-service-a41e92-p9qmz corrId=c-d9b0f1c6cdb2d3c3 payment receipt sent loan_id=LN100100960 channel=DIGITAL_POST
2026-03-05T03:14:50.396+01:00 INFO payment-scheduler host=payment-scheduler-7c9d5b-x2k4p corrId=c-c387ec225a42517e instalment collection started loan_id=LN889163970 due_date=2026-03-15
2026-03-05T03:14:50.505+01:00 INFO payment-service host=payment-service-a41e92-t6zvn corrId=c-c387ec225a42517e direct debit mandate verified loan_id=LN889163970 mandate_id=MD9248569
2026-03-05T03:14:50.622+01:00 INFO payment-service host=payment-service-5b8f6c-x2k4p corrId=c-c387ec225a42517e payment instruction sent loan_id=LN889163970 amount_dkk=16811.43
2026-03-05T03:14:50.691+01:00 INFO ledger-service host=ledger-service-7c9d5b-x2k4p corrId=c-c387ec225a42517e ledger posting accepted loan_id=LN889163970 amount_dkk=16811.43 posting_id=PST-3671727b9e
2026-03-05T03:14:50.818+01:00 INFO payment-service host=payment-service-a41e92-p9qmz corrId=c-c387ec225a42517e payment settled loan_id=LN889163970 amount_dkk=16811.43
2026-03-05T03:14:50.877+01:00 INFO notification-service host=notification-service-a41e92-x2k4p corrId=c-c387ec225a42517e payment receipt sent loan_id=LN889163970 channel=DIGITAL_POST
2026-03-05T03:15:00.748+01:00 INFO api-gateway host=api-gateway-5b8f6c-x2k4p corrId=- health probe ok status=200 latency_ms=32
2026-03-05T03:15:36.792+01:00 INFO payment-scheduler host=payment-scheduler-7c9d5b-t6zvn corrId=c-32e15efcb32ed7ff instalment collection started loan_id=LN707720557 due_date=2026-03-05
2026-03-05T03:15:36.884+01:00 INFO payment-service host=payment-service-7c9d5b-t6zvn corrId=c-32e15efcb32ed7ff direct debit mandate verified loan_id=LN707720557 mandate_id=MD8230906
2026-03-05T03:15:36.908+01:00 INFO payment-service host=payment-service-a41e92-p9qmz corrId=c-32e15efcb32ed7ff payment instruction sent loan_id=LN707720557 amount_dkk=8783.95
2026-03-05T03:15:36.992+01:00 INFO ledger-service host=ledger-service-7c9d5b-p9qmz corrId=c-32e15efcb32ed7ff ledger posting accepted loan_id=LN707720557 amount_dkk=8783.95 posting_id=PST-e9514ff7c8
2026-03-05T03:15:37.042+01:00 INFO payment-service host=payment-service-5b8f6c-p9qmz corrId=c-32e15efcb32ed7ff payment settled loan_id=LN707720557 amount_dkk=8783.95
2026-03-05T03:15:37.073+01:00 INFO notification-service host=notification-service-a41e92-p9qmz corrId=c-32e15efcb32ed7ff payment receipt sent loan_id=LN707720557 channel=DIGITAL_POST
2026-03-05T03:15:40.000+01:00 INFO valuation-service host=valuation-service-7c9d5b-x2k4p corrId=- jvm gc pause pause_ms=56
2026-03-05T03:16:39.748+01:00 INFO payment-scheduler host=payment-scheduler-7c9d5b-t6zvn corrId=c-e2b117cfcb952b9e instalment collection started loan_id=LN957756430 due_date=2026-03-28
2026-03-05T03:16:39.801+01:00 INFO payment-service host=payment-service-5b8f6c-p9qmz corrId=c-e2b117cfcb952b9e direct debit mandate verified loan_id=LN957756430 mandate_id=MD4877567
2026-03-05T03:16:39.856+01:00 INFO payment-service host=payment-service-a41e92-x2k4p corrId=c-e2b117cfcb952b9e payment instruction sent loan_id=LN957756430 amount_dkk=6071.91
2026-03-05T03:16:39.866+01:00 INFO ledger-service host=ledger-service-7c9d5b-x2k4p corrId=c-e2b117cfcb952b9e ledger posting accepted loan_id=LN957756430 amount_dkk=6071.91 posting_id=PST-6241df9237
2026-03-05T03:16:39.954+01:00 INFO payment-service host=payment-service-5b8f6c-p9qmz corrId=c-e2b117cfcb952b9e payment settled loan_id=LN957756430 amount_dkk=6071.91
2026-03-05T03:16:40.040+01:00 INFO notification-service host=notification-service-5b8f6c-p9qmz corrId=c-e2b117cfcb952b9e payment receipt sent loan_id=LN957756430 channel=DIGITAL_POST
2026-03-05T03:17:34.673+01:00 INFO payment-scheduler host=payment-scheduler-a41e92-t6zvn corrId=c-986be42a57b8d3f4 instalment collection started loan_id=LN944896119 due_date=2026-03-07
2026-03-05T03:17:34.721+01:00 INFO payment-service host=payment-service-5b8f6c-t6zvn corrId=c-986be42a57b8d3f4 direct debit mandate verified loan_id=LN944896119 mandate_id=MD8305254
2026-03-05T03:17:34.777+01:00 INFO payment-service host=payment-service-7c9d5b-x2k4p corrId=c-986be42a57b8d3f4 payment instruction sent loan_id=LN944896119 amount_dkk=16541.77
2026-03-05T03:17:34.837+01:00 INFO ledger-service host=ledger-service-5b8f6c-t6zvn corrId=c-986be42a57b8d3f4 ledger posting accepted loan_id=LN944896119 amount_dkk=16541.77 posting_id=PST-fba5b67202
2026-03-05T03:17:34.895+01:00 INFO payment-service host=payment-service-7c9d5b-p9qmz corrId=c-986be42a57b8d3f4 payment settled loan_id=LN944896119 amount_dkk=16541.77
2026-03-05T03:17:34.956+01:00 INFO notification-service host=notification-service-5b8f6c-x2k4p corrId=c-986be42a57b8d3f4 payment receipt sent loan_id=LN944896119 channel=DIGITAL_POST
2026-03-05T03:17:45.308+01:00 INFO payment-scheduler host=payment-scheduler-5b8f6c-p9qmz corrId=c-b746cf6a2db0dbe5 instalment collection started loan_id=LN132745148 due_date=2026-03-22
2026-03-05T03:17:45.406+01:00 INFO payment-service host=payment-service-7c9d5b-p9qmz corrId=c-b746cf6a2db0dbe5 direct debit mandate verified loan_id=LN132745148 mandate_id=MD4368806
2026-03-05T03:17:45.428+01:00 INFO payment-service host=payment-service-a41e92-t6zvn corrId=c-b746cf6a2db0dbe5 payment instruction sent loan_id=LN132745148 amount_dkk=9452.37
2026-03-05T03:17:45.476+01:00 INFO ledger-service host=ledger-service-a41e92-x2k4p corrId=c-b746cf6a2db0dbe5 ledger posting accepted loan_id=LN132745148 amount_dkk=9452.37 posting_id=PST-c6a2652356
2026-03-05T03:17:45.601+01:00 INFO payment-service host=payment-service-5b8f6c-x2k4p corrId=c-b746cf6a2db0dbe5 payment settled loan_id=LN132745148 amount_dkk=9452.37
2026-03-05T03:17:45.659+01:00 INFO notification-service host=notification-service-5b8f6c-p9qmz corrId=c-b746cf6a2db0dbe5 payment receipt sent loan_id=LN132745148 channel=EMAIL
2026-03-05T03:19:03.415+01:00 INFO payment-scheduler host=payment-scheduler-a41e92-t6zvn corrId=c-a2e18b3106d89973 instalment collection started loan_id=LN144074838 due_date=2026-03-20
2026-03-05T03:19:03.501+01:00 INFO payment-service host=payment-service-a41e92-p9qmz corrId=c-a2e18b3106d89973 direct debit mandate verified loan_id=LN144074838 mandate_id=MD5015398
2026-03-05T03:19:03.587+01:00 INFO payment-service host=payment-service-5b8f6c-x2k4p corrId=c-a2e18b3106d89973 payment instruction sent loan_id=LN144074838 amount_dkk=8287.41
2026-03-05T03:19:03.660+01:00 INFO ledger-service host=ledger-service-7c9d5b-x2k4p corrId=c-a2e18b3106d89973 ledger posting accepted loan_id=LN144074838 amount_dkk=8287.41 posting_id=PST-69221ab42a
2026-03-05T03:19:03.735+01:00 INFO payment-service host=payment-service-5b8f6c-t6zvn corrId=c-a2e18b3106d89973 payment settled loan_id=LN144074838 amount_dkk=8287.41
2026-03-05T03:19:03.771+01:00 INFO notification-service host=notification-service-a41e92-x2k4p corrId=c-a2e18b3106d89973 payment receipt sent loan_id=LN144074838 channel=EMAIL
2026-03-05T03:20:00.325+01:00 INFO api-gateway host=api-gateway-a41e92-p9qmz corrId=- health probe ok status=200 latency_ms=4
2026-03-05T03:20:00.776+01:00 INFO payment-scheduler host=payment-scheduler-a41e92-x2k4p corrId=- scheduler heartbeat lag_ms=16
2026-03-05T03:21:20.501+01:00 INFO payment-scheduler host=payment-scheduler-7c9d5b-t6zvn corrId=c-b988d50be54e8d84 instalment collection started loan_id=LN118760393 due_date=2026-03-06
2026-03-05T03:21:20.639+01:00 INFO payment-service host=payment-service-7c9d5b-t6zvn corrId=c-b988d50be54e8d84 direct debit mandate verified loan_id=LN118760393 mandate_id=MD1430526
2026-03-05T03:21:20.670+01:00 INFO payment-service host=payment-service-7c9d5b-t6zvn corrId=c-b988d50be54e8d84 payment instruction sent loan_id=LN118760393 amount_dkk=15314.58
2026-03-05T03:21:20.693+01:00 INFO ledger-service host=ledger-service-5b8f6c-p9qmz corrId=c-b988d50be54e8d84 ledger posting accepted loan_id=LN118760393 amount_dkk=15314.58 posting_id=PST-fd15a15232
2026-03-05T03:21:20.712+01:00 INFO payment-service host=payment-service-a41e92-p9qmz corrId=c-b988d50be54e8d84 payment settled loan_id=LN118760393 amount_dkk=15314.58
2026-03-05T03:21:20.851+01:00 INFO notification-service host=notification-service-7c9d5b-t6zvn corrId=c-b988d50be54e8d84 payment receipt sent loan_id=LN118760393 channel=DIGITAL_POST
2026-03-05T03:22:17.407+01:00 INFO payment-scheduler host=payment-scheduler-5b8f6c-t6zvn corrId=c-e82288feef9cc5a7 instalment collection started loan_id=LN944820960 due_date=2026-03-17
2026-03-05T03:22:17.497+01:00 INFO payment-service host=payment-service-a41e92-p9qmz corrId=c-e82288feef9cc5a7 direct debit mandate verified loan_id=LN944820960 mandate_id=MD5614617
2026-03-05T03:22:17.622+01:00 INFO payment-service host=payment-service-a41e92-t6zvn corrId=c-e82288feef9cc5a7 payment instruction sent loan_id=LN944820960 amount_dkk=9100.79
2026-03-05T03:22:17.655+01:00 INFO ledger-service host=ledger-service-a41e92-x2k4p corrId=c-e82288feef9cc5a7 ledger posting accepted loan_id=LN944820960 amount_dkk=9100.79 posting_id=PST-0ab6f772eb
2026-03-05T03:22:17.699+01:00 INFO payment-service host=payment-service-a41e92-p9qmz corrId=c-e82288feef9cc5a7 payment settled loan_id=LN944820960 amount_dkk=9100.79
2026-03-05T03:22:17.748+01:00 INFO notification-service host=notification-service-5b8f6c-t6zvn corrId=c-e82288feef9cc5a7 payment receipt sent loan_id=LN944820960 channel=DIGITAL_POST
2026-03-05T03:23:03.137+01:00 INFO payment-scheduler host=payment-scheduler-7c9d5b-x2k4p corrId=c-2c8ee02ad00951eb instalment collection started loan_id=LN057461608 due_date=2026-03-27
2026-03-05T03:23:03.153+01:00 INFO payment-service host=payment-service-7c9d5b-t6zvn corrId=c-2c8ee02ad00951eb direct debit mandate verified loan_id=LN057461608 mandate_id=MD1916184
2026-03-05T03:23:03.259+01:00 INFO payment-service host=payment-service-a41e92-p9qmz corrId=c-2c8ee02ad00951eb payment instruction sent loan_id=LN057461608 amount_dkk=12959.94
2026-03-05T03:23:03.362+01:00 INFO ledger-service host=ledger-service-7c9d5b-p9qmz corrId=c-2c8ee02ad00951eb ledger posting accepted loan_id=LN057461608 amount_dkk=12959.94 posting_id=PST-4fa1a20e2b
2026-03-05T03:23:03.372+01:00 INFO payment-service host=payment-service-7c9d5b-t6zvn corrId=c-2c8ee02ad00951eb payment settled loan_id=LN057461608 amount_dkk=12959.94
2026-03-05T03:23:03.391+01:00 INFO notification-service host=notification-service-a41e92-p9qmz corrId=c-2c8ee02ad00951eb payment receipt sent loan_id=LN057461608 channel=DIGITAL_POST
2026-03-05T03:23:08.490+01:00 INFO payment-scheduler host=payment-scheduler-a41e92-t6zvn corrId=c-55762c6791283ec3 instalment collection started loan_id=LN633105536 due_date=2026-03-20
2026-03-05T03:23:08.506+01:00 INFO payment-service host=payment-service-7c9d5b-p9qmz corrId=c-55762c6791283ec3 direct debit mandate verified loan_id=LN633105536 mandate_id=MD4843381
2026-03-05T03:23:08.529+01:00 INFO payment-service host=payment-service-7c9d5b-t6zvn corrId=c-55762c6791283ec3 payment instruction sent loan_id=LN633105536 amount_dkk=7867.39
2026-03-05T03:23:08.557+01:00 INFO ledger-service host=ledger-service-5b8f6c-p9qmz corrId=c-55762c6791283ec3 ledger posting accepted loan_id=LN633105536 amount_dkk=7867.39 posting_id=PST-24fd246877
2026-03-05T03:23:08.606+01:00 INFO payment-service host=payment-service-a41e92-t6zvn corrId=c-55762c6791283ec3 payment settled loan_id=LN633105536 amount_dkk=7867.39
2026-03-05T03:23:08.735+01:00 INFO notification-service host=notification-service-5b8f6c-x2k4p corrId=c-55762c6791283ec3 payment receipt sent loan_id=LN633105536 channel=EMAIL
2026-03-05T03:24:37.000+01:00 INFO valuation-service host=valuation-service-a41e92-t6zvn corrId=- jvm gc pause pause_ms=15
2026-03-05T03:25:00.863+01:00 INFO api-gateway host=api-gateway-5b8f6c-t6zvn corrId=- health probe ok status=200 latency_ms=40
2026-03-05T03:26:24.760+01:00 INFO payment-scheduler host=payment-scheduler-5b8f6c-t6zvn corrId=c-de19fc56b8da21ca instalment collection started loan_id=LN801305850 due_date=2026-03-18
2026-03-05T03:26:24.878+01:00 INFO payment-service host=payment-service-5b8f6c-p9qmz corrId=c-de19fc56b8da21ca direct debit mandate verified loan_id=LN801305850 mandate_id=MD0319166
2026-03-05T03:26:25.014+01:00 INFO payment-service host=payment-service-7c9d5b-x2k4p corrId=c-de19fc56b8da21ca payment instruction sent loan_id=LN801305850 amount_dkk=12031.55
2026-03-05T03:26:25.054+01:00 INFO ledger-service host=ledger-service-7c9d5b-x2k4p corrId=c-de19fc56b8da21ca ledger posting accepted loan_id=LN801305850 amount_dkk=12031.55 posting_id=PST-3dccbea7ff
2026-03-05T03:26:25.098+01:00 INFO payment-service host=payment-service-7c9d5b-p9qmz corrId=c-de19fc56b8da21ca payment settled loan_id=LN801305850 amount_dkk=12031.55
2026-03-05T03:26:25.133+01:00 INFO notification-service host=notification-service-5b8f6c-t6zvn corrId=c-de19fc56b8da21ca payment receipt sent loan_id=LN801305850 channel=DIGITAL_POST
2026-03-05T03:30:00.792+01:00 INFO payment-scheduler host=payment-scheduler-7c9d5b-x2k4p corrId=- scheduler heartbeat lag_ms=114
2026-03-05T03:30:00.824+01:00 INFO api-gateway host=api-gateway-7c9d5b-t6zvn corrId=- health probe ok status=200 latency_ms=34
2026-03-05T03:35:00.084+01:00 INFO api-gateway host=api-gateway-a41e92-x2k4p corrId=- health probe ok status=200 latency_ms=5
2026-03-05T03:40:00.459+01:00 INFO payment-scheduler host=payment-scheduler-5b8f6c-t6zvn corrId=- scheduler heartbeat lag_ms=54
2026-03-05T03:40:00.697+01:00 INFO api-gateway host=api-gateway-7c9d5b-p9qmz corrId=- health probe ok status=200 latency_ms=9
2026-03-05T03:45:00.078+01:00 INFO api-gateway host=api-gateway-5b8f6c-p9qmz corrId=- health probe ok status=200 latency_ms=37
2026-03-05T03:50:00.106+01:00 INFO api-gateway host=api-gateway-a41e92-p9qmz corrId=- health probe ok status=200 latency_ms=35
2026-03-05T03:50:00.619+01:00 INFO payment-scheduler host=payment-scheduler-5b8f6c-t6zvn corrId=- scheduler heartbeat lag_ms=103
2026-03-05T03:55:00.480+01:00 INFO api-gateway host=api-gateway-7c9d5b-t6zvn corrId=- health probe ok status=200 latency_ms=27
2026-03-05T04:00:00.052+01:00 INFO payment-scheduler host=payment-scheduler-a41e92-t6zvn corrId=- scheduler heartbeat lag_ms=62
2026-03-05T04:00:00.591+01:00 INFO api-gateway host=api-gateway-5b8f6c-x2k4p corrId=- health probe ok status=200 latency_ms=32
2026-03-05T04:00:16.000+01:00 INFO config-service host=config-service-5b8f6c-x2k4p corrId=- configuration refreshed version=v121
2026-03-05T04:05:00.520+01:00 INFO api-gateway host=api-gateway-7c9d5b-x2k4p corrId=- health probe ok status=200 latency_ms=2
2026-03-05T04:10:00.042+01:00 INFO api-gateway host=api-gateway-a41e92-x2k4p corrId=- health probe ok status=200 latency_ms=35
2026-03-05T04:10:00.678+01:00 INFO payment-scheduler host=payment-scheduler-7c9d5b-p9qmz corrId=- scheduler heartbeat lag_ms=104
2026-03-05T04:15:00.546+01:00 INFO api-gateway host=api-gateway-5b8f6c-p9qmz corrId=- health probe ok status=200 latency_ms=5
2026-03-05T04:20:00.611+01:00 INFO payment-scheduler host=payment-scheduler-7c9d5b-p9qmz corrId=- scheduler heartbeat lag_ms=24
2026-03-05T04:20:00.875+01:00 INFO api-gateway host=api-gateway-5b8f6c-t6zvn corrId=- health probe ok status=200 latency_ms=5
2026-03-05T04:25:00.055+01:00 INFO api-gateway host=api-gateway-7c9d5b-x2k4p corrId=- health probe ok status=200 latency_ms=17
2026-03-05T04:30:00.292+01:00 INFO api-gateway host=api-gateway-5b8f6c-p9qmz corrId=- health probe ok status=200 latency_ms=29
2026-03-05T04:30:00.790+01:00 INFO payment-scheduler host=payment-scheduler-a41e92-p9qmz corrId=- scheduler heartbeat lag_ms=75
2026-03-05T04:30:39.000+01:00 INFO valuation-service host=valuation-service-5b8f6c-p9qmz corrId=- jvm gc pause pause_ms=74
2026-03-05T04:34:58.000+01:00 INFO valuation-service host=valuation-service-5b8f6c-p9qmz corrId=- jvm gc pause pause_ms=79
2026-03-05T04:35:00.162+01:00 INFO api-gateway host=api-gateway-5b8f6c-t6zvn corrId=- health probe ok status=200 latency_ms=13
2026-03-05T04:37:14.000+01:00 INFO valuation-service host=valuation-service-5b8f6c-x2k4p corrId=- jvm gc pause pause_ms=43
2026-03-05T04:40:00.447+01:00 INFO payment-scheduler host=payment-scheduler-7c9d5b-t6zvn corrId=- scheduler heartbeat lag_ms=70
2026-03-05T04:40:00.883+01:00 INFO api-gateway host=api-gateway-7c9d5b-t6zvn corrId=- health probe ok status=200 latency_ms=21
2026-03-05T04:45:00.050+01:00 INFO api-gateway host=api-gateway-5b8f6c-x2k4p corrId=- health probe ok status=200 latency_ms=36
2026-03-05T04:45:32.000+01:00 INFO valuation-service host=valuation-service-7c9d5b-p9qmz corrId=- jvm gc pause pause_ms=61
2026-03-05T04:50:00.524+01:00 INFO payment-scheduler host=payment-scheduler-5b8f6c-x2k4p corrId=- scheduler heartbeat lag_ms=41
2026-03-05T04:50:00.771+01:00 INFO api-gateway host=api-gateway-7c9d5b-t6zvn corrId=- health probe ok status=200 latency_ms=16
2026-03-05T04:55:00.633+01:00 INFO api-gateway host=api-gateway-7c9d5b-t6zvn corrId=- health probe ok status=200 latency_ms=20
2026-03-05T05:00:00.188+01:00 INFO api-gateway host=api-gateway-7c9d5b-x2k4p corrId=- health probe ok status=200 latency_ms=13
2026-03-05T05:00:00.718+01:00 INFO payment-scheduler host=payment-scheduler-a41e92-t6zvn corrId=- scheduler heartbeat lag_ms=97
2026-03-05T05:00:36.000+01:00 INFO config-service host=config-service-5b8f6c-x2k4p corrId=- configuration refreshed version=v109
2026-03-05T05:05:00.753+01:00 INFO api-gateway host=api-gateway-5b8f6c-x2k4p corrId=- health probe ok status=200 latency_ms=15
2026-03-05T05:07:08.000+01:00 INFO valuation-service host=valuation-service-a41e92-t6zvn corrId=- jvm gc pause pause_ms=57
2026-03-05T05:10:00.411+01:00 INFO payment-scheduler host=payment-scheduler-a41e92-x2k4p corrId=- scheduler heartbeat lag_ms=59
2026-03-05T05:10:00.750+01:00 INFO api-gateway host=api-gateway-7c9d5b-x2k4p corrId=- health probe ok status=200 latency_ms=29
2026-03-05T05:15:00.128+01:00 INFO api-gateway host=api-gateway-7c9d5b-x2k4p corrId=- health probe ok status=200 latency_ms=10
2026-03-05T05:20:00.023+01:00 INFO api-gateway host=api-gateway-7c9d5b-p9qmz corrId=- health probe ok status=200 latency_ms=20
2026-03-05T05:20:00.315+01:00 INFO payment-scheduler host=payment-scheduler-5b8f6c-t6zvn corrId=- scheduler heartbeat lag_ms=36
2026-03-05T05:25:00.299+01:00 INFO api-gateway host=api-gateway-a41e92-t6zvn corrId=- health probe ok status=200 latency_ms=22
2026-03-05T05:30:00.342+01:00 INFO payment-scheduler host=payment-scheduler-5b8f6c-p9qmz corrId=- scheduler heartbeat lag_ms=65
2026-03-05T05:30:00.799+01:00 INFO api-gateway host=api-gateway-a41e92-x2k4p corrId=- health probe ok status=200 latency_ms=6
2026-03-05T05:35:00.677+01:00 INFO api-gateway host=api-gateway-7c9d5b-t6zvn corrId=- health probe ok status=200 latency_ms=13
2026-03-05T05:40:00.120+01:00 INFO api-gateway host=api-gateway-5b8f6c-t6zvn corrId=- health probe ok status=200 latency_ms=16
2026-03-05T05:40:00.591+01:00 INFO payment-scheduler host=payment-scheduler-7c9d5b-p9qmz corrId=- scheduler heartbeat lag_ms=81
2026-03-05T05:45:00.383+01:00 INFO api-gateway host=api-gateway-a41e92-x2k4p corrId=- health probe ok status=200 latency_ms=3
2026-03-05T05:50:00.518+01:00 INFO api-gateway host=api-gateway-5b8f6c-x2k4p corrId=- health probe ok status=200 latency_ms=4
2026-03-05T05:50:00.805+01:00 INFO payment-scheduler host=payment-scheduler-a41e92-x2k4p corrId=- scheduler heartbeat lag_ms=104
2026-03-05T05:55:00.167+01:00 INFO api-gateway host=api-gateway-a41e92-t6zvn corrId=- health probe ok status=200 latency_ms=4
2026-03-05T06:00:00.689+01:00 INFO payment-scheduler host=payment-scheduler-a41e92-p9qmz corrId=- scheduler heartbeat lag_ms=54
2026-03-05T06:00:00.704+01:00 INFO api-gateway host=api-gateway-a41e92-x2k4p corrId=- health probe ok status=200 latency_ms=13
2026-03-05T06:00:24.000+01:00 INFO config-service host=config-service-7c9d5b-t6zvn corrId=- configuration refreshed version=v114
2026-03-05T06:05:00.201+01:00 INFO api-gateway host=api-gateway-5b8f6c-t6zvn corrId=- health probe ok status=200 latency_ms=30
2026-03-05T06:10:00.491+01:00 INFO api-gateway host=api-gateway-7c9d5b-x2k4p corrId=- health probe ok status=200 latency_ms=39
2026-03-05T06:10:00.895+01:00 INFO payment-scheduler host=payment-scheduler-7c9d5b-t6zvn corrId=- scheduler heartbeat lag_ms=97
2026-03-05T06:15:00.770+01:00 INFO api-gateway host=api-gateway-7c9d5b-t6zvn corrId=- health probe ok status=200 latency_ms=6
2026-03-05T06:20:00.031+01:00 INFO payment-scheduler host=payment-scheduler-7c9d5b-x2k4p corrId=- scheduler heartbeat lag_ms=19
2026-03-05T06:20:00.691+01:00 INFO api-gateway host=api-gateway-7c9d5b-t6zvn corrId=- health probe ok status=200 latency_ms=28
2026-03-05T06:25:00.720+01:00 INFO api-gateway host=api-gateway-a41e92-p9qmz corrId=- health probe ok status=200 latency_ms=36
2026-03-05T06:30:00.423+01:00 INFO payment-scheduler host=payment-scheduler-a41e92-x2k4p corrId=- scheduler heartbeat lag_ms=80
2026-03-05T06:30:00.454+01:00 INFO api-gateway host=api-gateway-5b8f6c-x2k4p corrId=- health probe ok status=200 latency_ms=26
2026-03-05T06:35:00.669+01:00 INFO api-gateway host=api-gateway-7c9d5b-t6zvn corrId=- health probe ok status=200 latency_ms=30
2026-03-05T06:40:00.626+01:00 INFO api-gateway host=api-gateway-7c9d5b-t6zvn corrId=- health probe ok status=200 latency_ms=8
2026-03-05T06:40:00.704+01:00 INFO payment-scheduler host=payment-scheduler-7c9d5b-p9qmz corrId=- scheduler heartbeat lag_ms=86
2026-03-05T06:45:00.333+01:00 INFO api-gateway host=api-gateway-a41e92-p9qmz corrId=- health probe ok status=200 latency_ms=38
2026-03-05T06:50:00.288+01:00 INFO api-gateway host=api-gateway-5b8f6c-p9qmz corrId=- health probe ok status=200 latency_ms=34
2026-03-05T06:50:00.749+01:00 INFO payment-scheduler host=payment-scheduler-5b8f6c-t6zvn corrId=- scheduler heartbeat lag_ms=110
2026-03-05T06:55:00.172+01:00 INFO api-gateway host=api-gateway-7c9d5b-p9qmz corrId=- health probe ok status=200 latency_ms=32
2026-03-05T07:00:00.074+01:00 INFO payment-scheduler host=payment-scheduler-7c9d5b-x2k4p corrId=- scheduler heartbeat lag_ms=100
2026-03-05T07:00:00.539+01:00 INFO api-gateway host=api-gateway-a41e92-p9qmz corrId=- health probe ok status=200 latency_ms=9
2026-03-05T07:00:44.000+01:00 INFO config-service host=config-service-7c9d5b-x2k4p corrId=- configuration refreshed version=v131
2026-03-05T07:05:00.038+01:00 INFO api-gateway host=api-gateway-5b8f6c-t6zvn corrId=- health probe ok status=200 latency_ms=33
2026-03-05T07:10:00.087+01:00 INFO api-gateway host=api-gateway-a41e92-x2k4p corrId=- health probe ok status=200 latency_ms=27
2026-03-05T07:10:00.442+01:00 INFO payment-scheduler host=payment-scheduler-7c9d5b-x2k4p corrId=- scheduler heartbeat lag_ms=102
2026-03-05T07:15:00.401+01:00 INFO api-gateway host=api-gateway-a41e92-p9qmz corrId=- health probe ok status=200 latency_ms=18
2026-03-05T07:20:00.195+01:00 INFO api-gateway host=api-gateway-a41e92-p9qmz corrId=- health probe ok status=200 latency_ms=39
2026-03-05T07:20:00.340+01:00 INFO payment-scheduler host=payment-scheduler-a41e92-p9qmz corrId=- scheduler heartbeat lag_ms=78
2026-03-05T07:25:00.295+01:00 INFO api-gateway host=api-gateway-5b8f6c-x2k4p corrId=- health probe ok status=200 latency_ms=3
2026-03-05T07:29:15.586+01:00 INFO portal-bff host=portal-bff-a41e92-p9qmz corrId=c-af7b03df28671b9a conversion quote requested loan_id=LN021213253 target_product=FIXED_30Y
2026-03-05T07:29:15.723+01:00 INFO identity-service host=identity-service-5b8f6c-x2k4p corrId=c-af7b03df28671b9a MitID session validated customer_id=C80805933
2026-03-05T07:29:15.810+01:00 INFO pricing-service host=pricing-service-5b8f6c-x2k4p corrId=c-af7b03df28671b9a bond price fetched series=BND2.5-2056 price=98.639
2026-03-05T07:29:15.926+01:00 INFO pricing-service host=pricing-service-7c9d5b-t6zvn corrId=c-af7b03df28671b9a conversion cost calculated loan_id=LN021213253 cost_dkk=63376.56
2026-03-05T07:29:15.963+01:00 INFO quote-service host=quote-service-a41e92-t6zvn corrId=c-af7b03df28671b9a conversion quote issued quote_id=Q84615325 loan_id=LN021213253
2026-03-05T07:30:00.302+01:00 INFO api-gateway host=api-gateway-a41e92-x2k4p corrId=- health probe ok status=200 latency_ms=12
2026-03-05T07:30:00.684+01:00 INFO payment-scheduler host=payment-scheduler-a41e92-p9qmz corrId=- scheduler heartbeat lag_ms=34
2026-03-05T07:35:00.788+01:00 INFO api-gateway host=api-gateway-5b8f6c-p9qmz corrId=- health probe ok status=200 latency_ms=22
2026-03-05T07:40:00.028+01:00 INFO api-gateway host=api-gateway-a41e92-x2k4p corrId=- health probe ok status=200 latency_ms=9
2026-03-05T07:40:00.137+01:00 INFO payment-scheduler host=payment-scheduler-5b8f6c-p9qmz corrId=- scheduler heartbeat lag_ms=120
2026-03-05T07:45:00.601+01:00 INFO api-gateway host=api-gateway-5b8f6c-x2k4p corrId=- health probe ok status=200 latency_ms=6
2026-03-05T07:50:00.188+01:00 INFO payment-scheduler host=payment-scheduler-7c9d5b-p9qmz corrId=- scheduler heartbeat lag_ms=49
2026-03-05T07:50:00.624+01:00 INFO api-gateway host=api-gateway-7c9d5b-x2k4p corrId=- health probe ok status=200 latency_ms=15
2026-03-05T07:55:00.585+01:00 INFO api-gateway host=api-gateway-5b8f6c-t6zvn corrId=- health probe ok status=200 latency_ms=34
2026-03-05T07:58:06.036+01:00 INFO portal-bff host=portal-bff-a41e92-p9qmz corrId=c-54ff43592360db20 conversion quote requested loan_id=LN135181005 target_product=FLEX_1Y
2026-03-05T07:58:06.164+01:00 INFO identity-service host=identity-service-5b8f6c-x2k4p corrId=c-54ff43592360db20 MitID session validated customer_id=C46779341
2026-03-05T07:58:06.225+01:00 INFO pricing-service host=pricing-service-a41e92-t6zvn corrId=c-54ff43592360db20 bond price fetched series=BND4.0-2053 price=98.591
2026-03-05T07:58:06.255+01:00 INFO pricing-service host=pricing-service-7c9d5b-p9qmz corrId=c-54ff43592360db20 conversion cost calculated loan_id=LN135181005 cost_dkk=64872.19
2026-03-05T07:58:06.370+01:00 INFO quote-service host=quote-service-5b8f6c-p9qmz corrId=c-54ff43592360db20 conversion quote issued quote_id=Q52457269 loan_id=LN135181005
2026-03-05T07:59:22.000+01:00 INFO valuation-service host=valuation-service-a41e92-p9qmz corrId=- jvm gc pause pause_ms=42
2026-03-05T08:00:00.064+01:00 INFO payment-scheduler host=payment-scheduler-a41e92-t6zvn corrId=- scheduler heartbeat lag_ms=27
2026-03-05T08:00:00.775+01:00 INFO api-gateway host=api-gateway-5b8f6c-p9qmz corrId=- health probe ok status=200 latency_ms=16
2026-03-05T08:00:22.000+01:00 INFO config-service host=config-service-a41e92-t6zvn corrId=- configuration refreshed version=v132
2026-03-05T08:03:45.809+01:00 INFO portal-bff host=portal-bff-a41e92-x2k4p corrId=c-2c2450631216cceb conversion quote requested loan_id=LN900397643 target_product=FLEX_5Y
2026-03-05T08:03:45.904+01:00 INFO identity-service host=identity-service-a41e92-t6zvn corrId=c-2c2450631216cceb MitID session validated customer_id=C99148211
2026-03-05T08:03:45.938+01:00 INFO pricing-service host=pricing-service-5b8f6c-x2k4p corrId=c-2c2450631216cceb bond price fetched series=BND3.0-2053 price=95.549
2026-03-05T08:03:45.999+01:00 INFO pricing-service host=pricing-service-5b8f6c-t6zvn corrId=c-2c2450631216cceb conversion cost calculated loan_id=LN900397643 cost_dkk=69230.01
2026-03-05T08:03:46.084+01:00 INFO quote-service host=quote-service-5b8f6c-t6zvn corrId=c-2c2450631216cceb conversion quote issued quote_id=Q69575933 loan_id=LN900397643
2026-03-05T08:05:00.599+01:00 INFO api-gateway host=api-gateway-7c9d5b-t6zvn corrId=- health probe ok status=200 latency_ms=29
2026-03-05T08:10:00.348+01:00 INFO api-gateway host=api-gateway-7c9d5b-x2k4p corrId=- health probe ok status=200 latency_ms=34
2026-03-05T08:10:00.507+01:00 INFO payment-scheduler host=payment-scheduler-7c9d5b-t6zvn corrId=- scheduler heartbeat lag_ms=8
2026-03-05T08:15:00.763+01:00 INFO api-gateway host=api-gateway-7c9d5b-t6zvn corrId=- health probe ok status=200 latency_ms=10
2026-03-05T08:17:08.990+01:00 INFO portal-bff host=portal-bff-a41e92-p9qmz corrId=c-afe5041911b1f138 conversion quote requested loan_id=LN264925706 target_product=FIXED_30Y
2026-03-05T08:17:09.026+01:00 INFO identity-service host=identity-service-7c9d5b-t6zvn corrId=c-afe5041911b1f138 MitID session validated customer_id=C05102185
2026-03-05T08:17:09.061+01:00 INFO pricing-service host=pricing-service-5b8f6c-x2k4p corrId=c-afe5041911b1f138 bond price fetched series=BND2.5-2053 price=93.996
2026-03-05T08:17:09.198+01:00 INFO pricing-service host=pricing-service-7c9d5b-p9qmz corrId=c-afe5041911b1f138 conversion cost calculated loan_id=LN264925706 cost_dkk=32408.18
2026-03-05T08:17:09.314+01:00 INFO quote-service host=quote-service-a41e92-t6zvn corrId=c-afe5041911b1f138 conversion quote issued quote_id=Q99122693 loan_id=LN264925706
2026-03-05T08:20:00.041+01:00 INFO payment-scheduler host=payment-scheduler-5b8f6c-x2k4p corrId=- scheduler heartbeat lag_ms=94
2026-03-05T08:20:00.390+01:00 INFO api-gateway host=api-gateway-5b8f6c-t6zvn corrId=- health probe ok status=200 latency_ms=6
2026-03-05T08:23:34.773+01:00 INFO portal-bff host=portal-bff-a41e92-t6zvn corrId=c-e4416accc1ae6bc1 loan application submitted application_id=APP-2026-262136 customer_segment=SME
2026-03-05T08:23:34.809+01:00 INFO identity-service host=identity-service-7c9d5b-x2k4p corrId=c-e4416accc1ae6bc1 MitID session validated customer_id=C22492641
2026-03-05T08:23:34.833+01:00 INFO customer-service host=customer-service-7c9d5b-x2k4p corrId=c-e4416accc1ae6bc1 KYC profile loaded customer_id=C22492641 risk_class=LOW
2026-03-05T08:23:34.841+01:00 INFO valuation-service host=valuation-service-5b8f6c-p9qmz corrId=c-e4416accc1ae6bc1 property valuation requested property_id=P2379642 provider=bolig-vurdering
2026-03-05T08:23:35.365+01:00 INFO valuation-service host=valuation-service-5b8f6c-t6zvn corrId=c-e4416accc1ae6bc1 property valuation received property_id=P2379642 value_dkk=4680000 latency_ms=473
2026-03-05T08:23:35.407+01:00 INFO credit-service host=credit-service-a41e92-p9qmz corrId=c-e4416accc1ae6bc1 credit assessment completed application_id=APP-2026-262136 score=425 decision=APPROVED
2026-03-05T08:23:35.484+01:00 INFO offer-service host=offer-service-7c9d5b-x2k4p corrId=c-e4416accc1ae6bc1 loan offer generated application_id=APP-2026-262136 loan_type=FLEX_1Y principal_dkk=3210000
2026-03-05T08:23:35.518+01:00 INFO document-service host=document-service-5b8f6c-x2k4p corrId=c-e4416accc1ae6bc1 offer document stored application_id=APP-2026-262136 doc_id=DOC-97e08f3b
2026-03-05T08:23:35.539+01:00 INFO portal-bff host=portal-bff-5b8f6c-x2k4p corrId=c-e4416accc1ae6bc1 application completed application_id=APP-2026-262136 status=OFFER_ISSUED
2026-03-05T08:25:00.192+01:00 INFO api-gateway host=api-gateway-5b8f6c-t6zvn corrId=- health probe ok status=200 latency_ms=6
2026-03-05T08:29:11.875+01:00 INFO portal-bff host=portal-bff-5b8f6c-t6zvn corrId=c-3f08218a12cfb7dd loan application submitted application_id=APP-2026-058408 customer_segment=RETAIL
2026-03-05T08:29:11.895+01:00 INFO identity-service host=identity-service-5b8f6c-x2k4p corrId=c-3f08218a12cfb7dd MitID session validated customer_id=C83564111
2026-03-05T08:29:12.003+01:00 INFO customer-service host=customer-service-a41e92-t6zvn corrId=c-3f08218a12cfb7dd KYC profile loaded customer_id=C83564111 risk_class=LOW
2026-03-05T08:29:12.032+01:00 INFO valuation-service host=valuation-service-7c9d5b-p9qmz corrId=c-3f08218a12cfb7dd property valuation served from cache property_id=P9252753 value_dkk=7700000
2026-03-05T08:29:12.163+01:00 INFO credit-service host=credit-service-a41e92-p9qmz corrId=c-3f08218a12cfb7dd credit assessment completed application_id=APP-2026-058408 score=552 decision=APPROVED
2026-03-05T08:29:12.222+01:00 INFO offer-service host=offer-service-5b8f6c-t6zvn corrId=c-3f08218a12cfb7dd loan offer generated application_id=APP-2026-058408 loan_type=FIXED_30Y principal_dkk=5730000
2026-03-05T08:29:12.300+01:00 INFO document-service host=document-service-a41e92-p9qmz corrId=c-3f08218a12cfb7dd offer document stored application_id=APP-2026-058408 doc_id=DOC-b2a2dba5
2026-03-05T08:29:12.395+01:00 INFO portal-bff host=portal-bff-a41e92-p9qmz corrId=c-3f08218a12cfb7dd application completed application_id=APP-2026-058408 status=OFFER_ISSUED
2026-03-05T08:29:39.329+01:00 INFO portal-bff host=portal-bff-5b8f6c-t6zvn corrId=c-fcfa909875085f95 conversion quote requested loan_id=LN562151975 target_product=FLEX_5Y
2026-03-05T08:29:39.335+01:00 INFO identity-service host=identity-service-a41e92-p9qmz corrId=c-fcfa909875085f95 MitID session validated customer_id=C49814721
2026-03-05T08:29:39.417+01:00 INFO pricing-service host=pricing-service-5b8f6c-x2k4p corrId=c-fcfa909875085f95 bond price fetched series=BND4.0-2053 price=96.922
2026-03-05T08:29:39.514+01:00 INFO pricing-service host=pricing-service-7c9d5b-x2k4p corrId=c-fcfa909875085f95 conversion cost calculated loan_id=LN562151975 cost_dkk=74975.43
2026-03-05T08:29:39.650+01:00 INFO quote-service host=quote-service-5b8f6c-p9qmz corrId=c-fcfa909875085f95 conversion quote issued quote_id=Q56390803 loan_id=LN562151975
2026-03-05T08:30:00.445+01:00 INFO payment-scheduler host=payment-scheduler-a41e92-t6zvn corrId=- scheduler heartbeat lag_ms=37
2026-03-05T08:30:00.613+01:00 INFO api-gateway host=api-gateway-5b8f6c-p9qmz corrId=- health probe ok status=200 latency_ms=7
2026-03-05T08:35:00.440+01:00 INFO api-gateway host=api-gateway-7c9d5b-t6zvn corrId=- health probe ok status=200 latency_ms=26
2026-03-05T08:35:03.085+01:00 INFO portal-bff host=portal-bff-7c9d5b-p9qmz corrId=c-51393db7a7a0211c loan application submitted application_id=APP-2026-766089 customer_segment=RETAIL
2026-03-05T08:35:03.130+01:00 INFO identity-service host=identity-service-5b8f6c-t6zvn corrId=c-51393db7a7a0211c MitID session validated customer_id=C01935624
2026-03-05T08:35:03.144+01:00 INFO customer-service host=customer-service-a41e92-p9qmz corrId=c-51393db7a7a0211c KYC profile loaded customer_id=C01935624 risk_class=MEDIUM
2026-03-05T08:35:03.239+01:00 INFO valuation-service host=valuation-service-7c9d5b-t6zvn corrId=c-51393db7a7a0211c property valuation requested property_id=P0955882 provider=valuta-ejd
2026-03-05T08:35:04.227+01:00 INFO valuation-service host=valuation-service-a41e92-x2k4p corrId=c-51393db7a7a0211c property valuation received property_id=P0955882 value_dkk=3060000 latency_ms=920
2026-03-05T08:35:04.316+01:00 INFO credit-service host=credit-service-7c9d5b-p9qmz corrId=c-51393db7a7a0211c credit assessment completed application_id=APP-2026-766089 score=569 decision=APPROVED
2026-03-05T08:35:04.337+01:00 INFO offer-service host=offer-service-7c9d5b-p9qmz corrId=c-51393db7a7a0211c loan offer generated application_id=APP-2026-766089 loan_type=FIXED_20Y_IO principal_dkk=820000
2026-03-05T08:35:04.346+01:00 INFO document-service host=document-service-7c9d5b-t6zvn corrId=c-51393db7a7a0211c offer document stored application_id=APP-2026-766089 doc_id=DOC-3a8a82d6
2026-03-05T08:35:04.377+01:00 INFO portal-bff host=portal-bff-5b8f6c-x2k4p corrId=c-51393db7a7a0211c application completed application_id=APP-2026-766089 status=OFFER_ISSUED
2026-03-05T08:40:00.048+01:00 INFO payment-scheduler host=payment-scheduler-a41e92-x2k4p corrId=- scheduler heartbeat lag_ms=68
2026-03-05T08:40:00.877+01:00 INFO api-gateway host=api-gateway-a41e92-p9qmz corrId=- health probe ok status=200 latency_ms=21
2026-03-05T08:44:12.000+01:00 INFO valuation-service host=valuation-service-a41e92-t6zvn corrId=- jvm gc pause pause_ms=35
2026-03-05T08:45:00.162+01:00 INFO api-gateway host=api-gateway-5b8f6c-x2k4p corrId=- health probe ok status=200 latency_ms=14
2026-03-05T08:50:00.662+01:00 INFO payment-scheduler host=payment-scheduler-5b8f6c-p9qmz corrId=- scheduler heartbeat lag_ms=105
2026-03-05T08:50:00.763+01:00 INFO api-gateway host=api-gateway-a41e92-x2k4p corrId=- health probe ok status=200 latency_ms=21
2026-03-05T08:52:36.332+01:00 INFO portal-bff host=portal-bff-5b8f6c-t6zvn corrId=c-152d6f06db877610 loan application submitted application_id=APP-2026-026973 customer_segment=RETAIL
2026-03-05T08:52:36.431+01:00 INFO identity-service host=identity-service-7c9d5b-p9qmz corrId=c-152d6f06db877610 MitID session validated customer_id=C11992629
2026-03-05T08:52:36.521+01:00 INFO customer-service host=customer-service-a41e92-p9qmz corrId=c-152d6f06db877610 KYC profile loaded customer_id=C11992629 risk_class=HIGH
2026-03-05T08:52:36.550+01:00 INFO valuation-service host=valuation-service-5b8f6c-p9qmz corrId=c-152d6f06db877610 property valuation served from cache property_id=P8275826 value_dkk=6650000
2026-03-05T08:52:36.633+01:00 INFO credit-service host=credit-service-7c9d5b-p9qmz corrId=c-152d6f06db877610 credit assessment completed application_id=APP-2026-026973 score=563 decision=APPROVED
2026-03-05T08:52:36.647+01:00 INFO offer-service host=offer-service-a41e92-t6zvn corrId=c-152d6f06db877610 loan offer generated application_id=APP-2026-026973 loan_type=FIXED_30Y principal_dkk=1600000
2026-03-05T08:52:36.760+01:00 INFO document-service host=document-service-7c9d5b-p9qmz corrId=c-152d6f06db877610 offer document stored application_id=APP-2026-026973 doc_id=DOC-a7a32b98
2026-03-05T08:52:36.785+01:00 INFO portal-bff host=portal-bff-7c9d5b-x2k4p corrId=c-152d6f06db877610 application completed application_id=APP-2026-026973 status=OFFER_ISSUED
2026-03-05T08:53:24.296+01:00 INFO portal-bff host=portal-bff-7c9d5b-p9qmz corrId=c-c59780be277aaf62 conversion quote requested loan_id=LN296076438 target_product=FIXED_30Y
2026-03-05T08:53:24.402+01:00 INFO identity-service host=identity-service-7c9d5b-x2k4p corrId=c-c59780be277aaf62 MitID session validated customer_id=C65173996
2026-03-05T08:53:24.427+01:00 INFO pricing-service host=pricing-service-7c9d5b-x2k4p corrId=c-c59780be277aaf62 bond price fetched series=BND4.0-2053 price=99.924
2026-03-05T08:53:24.438+01:00 INFO pricing-service host=pricing-service-a41e92-x2k4p corrId=c-c59780be277aaf62 conversion cost calculated loan_id=LN296076438 cost_dkk=44135.26
2026-03-05T08:53:24.459+01:00 INFO quote-service host=quote-service-a41e92-p9qmz corrId=c-c59780be277aaf62 conversion quote issued quote_id=Q83928569 loan_id=LN296076438
2026-03-05T08:55:00.008+01:00 INFO api-gateway host=api-gateway-5b8f6c-x2k4p corrId=- health probe ok status=200 latency_ms=19
2026-03-05T09:00:00.632+01:00 INFO payment-scheduler host=payment-scheduler-5b8f6c-p9qmz corrId=- scheduler heartbeat lag_ms=63
2026-03-05T09:00:00.817+01:00 INFO api-gateway host=api-gateway-a41e92-p9qmz corrId=- health probe ok status=200 latency_ms=14
2026-03-05T09:00:42.000+01:00 INFO config-service host=config-service-5b8f6c-t6zvn corrId=- configuration refreshed version=v110
2026-03-05T09:02:35.729+01:00 INFO portal-bff host=portal-bff-5b8f6c-x2k4p corrId=c-070ff17e253305b8 conversion quote requested loan_id=LN578428948 target_product=FLEX_5Y
2026-03-05T09:02:35.772+01:00 INFO identity-service host=identity-service-a41e92-p9qmz corrId=c-070ff17e253305b8 MitID session validated customer_id=C52567549
2026-03-05T09:02:35.847+01:00 INFO pricing-service host=pricing-service-7c9d5b-p9qmz corrId=c-070ff17e253305b8 bond price fetched series=BND4.0-2053 price=92.519
2026-03-05T09:02:35.936+01:00 INFO pricing-service host=pricing-service-7c9d5b-p9qmz corrId=c-070ff17e253305b8 conversion cost calculated loan_id=LN578428948 cost_dkk=52395.61
2026-03-05T09:02:35.964+01:00 INFO quote-service host=quote-service-5b8f6c-t6zvn corrId=c-070ff17e253305b8 conversion quote issued quote_id=Q45794517 loan_id=LN578428948
2026-03-05T09:04:08.867+01:00 INFO portal-bff host=portal-bff-a41e92-p9qmz corrId=c-44d0e7f7e9649060 conversion quote requested loan_id=LN293005437 target_product=FLEX_1Y
2026-03-05T09:04:08.923+01:00 INFO identity-service host=identity-service-a41e92-x2k4p corrId=c-44d0e7f7e9649060 MitID session validated customer_id=C38881287
2026-03-05T09:04:08.987+01:00 INFO pricing-service host=pricing-service-a41e92-t6zvn corrId=c-44d0e7f7e9649060 bond price fetched series=BND2.5-2053 price=99.785
2026-03-05T09:04:09.088+01:00 INFO pricing-service host=pricing-service-5b8f6c-t6zvn corrId=c-44d0e7f7e9649060 conversion cost calculated loan_id=LN293005437 cost_dkk=31108.41
2026-03-05T09:04:09.110+01:00 INFO quote-service host=quote-service-a41e92-t6zvn corrId=c-44d0e7f7e9649060 conversion quote issued quote_id=Q76841236 loan_id=LN293005437
2026-03-05T09:05:00.765+01:00 INFO api-gateway host=api-gateway-5b8f6c-t6zvn corrId=- health probe ok status=200 latency_ms=31
2026-03-05T09:10:00.036+01:00 INFO payment-scheduler host=payment-scheduler-5b8f6c-t6zvn corrId=- scheduler heartbeat lag_ms=6
2026-03-05T09:10:00.261+01:00 INFO api-gateway host=api-gateway-7c9d5b-p9qmz corrId=- health probe ok status=200 latency_ms=25
2026-03-05T09:10:32.125+01:00 INFO portal-bff host=portal-bff-7c9d5b-t6zvn corrId=c-355bc271eb8aede7 loan application submitted application_id=APP-2026-687196 customer_segment=PRIVATE
2026-03-05T09:10:32.226+01:00 INFO identity-service host=identity-service-7c9d5b-x2k4p corrId=c-355bc271eb8aede7 MitID session validated customer_id=C58582197
2026-03-05T09:10:32.243+01:00 INFO customer-service host=customer-service-5b8f6c-t6zvn corrId=c-355bc271eb8aede7 KYC profile loaded customer_id=C58582197 risk_class=LOW
2026-03-05T09:10:32.293+01:00 INFO valuation-service host=valuation-service-7c9d5b-t6zvn corrId=c-355bc271eb8aede7 property valuation requested property_id=P3592040 provider=valuta-ejd
2026-03-05T09:10:32.511+01:00 INFO valuation-service host=valuation-service-5b8f6c-t6zvn corrId=c-355bc271eb8aede7 property valuation received property_id=P3592040 value_dkk=7170000 latency_ms=185
2026-03-05T09:10:32.605+01:00 INFO credit-service host=credit-service-a41e92-p9qmz corrId=c-355bc271eb8aede7 credit assessment completed application_id=APP-2026-687196 score=863 decision=APPROVED
2026-03-05T09:10:32.687+01:00 INFO offer-service host=offer-service-7c9d5b-p9qmz corrId=c-355bc271eb8aede7 loan offer generated application_id=APP-2026-687196 loan_type=FIXED_30Y principal_dkk=3970000
2026-03-05T09:10:32.772+01:00 INFO document-service host=document-service-a41e92-t6zvn corrId=c-355bc271eb8aede7 offer document stored application_id=APP-2026-687196 doc_id=DOC-0ad693b4
2026-03-05T09:10:32.798+01:00 INFO portal-bff host=portal-bff-7c9d5b-p9qmz corrId=c-355bc271eb8aede7 application completed application_id=APP-2026-687196 status=OFFER_ISSUED
2026-03-05T09:15:00.230+01:00 INFO api-gateway host=api-gateway-5b8f6c-t6zvn corrId=- health probe ok status=200 latency_ms=33
2026-03-05T09:20:00.245+01:00 INFO api-gateway host=api-gateway-7c9d5b-p9qmz corrId=- health probe ok status=200 latency_ms=5
2026-03-05T09:20:00.753+01:00 INFO payment-scheduler host=payment-scheduler-a41e92-x2k4p corrId=- scheduler heartbeat lag_ms=83
2026-03-05T09:21:11.547+01:00 INFO portal-bff host=portal-bff-5b8f6c-x2k4p corrId=c-61fd99eac87bead9 conversion quote requested loan_id=LN691900608 target_product=FIXED_30Y
2026-03-05T09:21:11.631+01:00 INFO identity-service host=identity-service-7c9d5b-p9qmz corrId=c-61fd99eac87bead9 MitID session validated customer_id=C77980044
2026-03-05T09:21:11.735+01:00 INFO pricing-service host=pricing-service-a41e92-p9qmz corrId=c-61fd99eac87bead9 bond price fetched series=BND2.5-2053 price=88.789
2026-03-05T09:21:11.836+01:00 INFO pricing-service host=pricing-service-a41e92-p9qmz corrId=c-61fd99eac87bead9 conversion cost calculated loan_id=LN691900608 cost_dkk=83925.28
2026-03-05T09:21:11.852+01:00 INFO quote-service host=quote-service-5b8f6c-p9qmz corrId=c-61fd99eac87bead9 conversion quote issued quote_id=Q32425812 loan_id=LN691900608
2026-03-05T09:21:36.672+01:00 INFO portal-bff host=portal-bff-a41e92-t6zvn corrId=c-5ab11f97b40279d5 conversion quote requested loan_id=LN779305257 target_product=FLEX_5Y
2026-03-05T09:21:36.688+01:00 INFO identity-service host=identity-service-7c9d5b-t6zvn corrId=c-5ab11f97b40279d5 MitID session validated customer_id=C00554271
2026-03-05T09:21:36.706+01:00 INFO pricing-service host=pricing-service-a41e92-x2k4p corrId=c-5ab11f97b40279d5 bond price fetched series=BND3.0-2056 price=100.232
2026-03-05T09:21:36.783+01:00 INFO pricing-service host=pricing-service-5b8f6c-x2k4p corrId=c-5ab11f97b40279d5 conversion cost calculated loan_id=LN779305257 cost_dkk=32174.54
2026-03-05T09:21:36.851+01:00 INFO quote-service host=quote-service-a41e92-t6zvn corrId=c-5ab11f97b40279d5 conversion quote issued quote_id=Q32413210 loan_id=LN779305257
2026-03-05T09:22:17.873+01:00 INFO portal-bff host=portal-bff-5b8f6c-x2k4p corrId=c-f2e6604cd58e2455 loan application submitted application_id=APP-2026-447608 customer_segment=RETAIL
2026-03-05T09:22:18.008+01:00 INFO identity-service host=identity-service-7c9d5b-x2k4p corrId=c-f2e6604cd58e2455 MitID session validated customer_id=C89730062
2026-03-05T09:22:18.118+01:00 INFO customer-service host=customer-service-5b8f6c-x2k4p corrId=c-f2e6604cd58e2455 KYC profile loaded customer_id=C89730062 risk_class=HIGH
2026-03-05T09:22:18.145+01:00 INFO valuation-service host=valuation-service-7c9d5b-p9qmz corrId=c-f2e6604cd58e2455 property valuation requested property_id=P6455107 provider=bolig-vurdering
2026-03-05T09:22:19.168+01:00 INFO valuation-service host=valuation-service-a41e92-x2k4p corrId=c-f2e6604cd58e2455 property valuation received property_id=P6455107 value_dkk=8590000 latency_ms=916
2026-03-05T09:22:19.198+01:00 INFO credit-service host=credit-service-a41e92-x2k4p corrId=c-f2e6604cd58e2455 credit assessment completed application_id=APP-2026-447608 score=619 decision=APPROVED
2026-03-05T09:22:19.283+01:00 INFO offer-service host=offer-service-7c9d5b-p9qmz corrId=c-f2e6604cd58e2455 loan offer generated application_id=APP-2026-447608 loan_type=FLEX_5Y principal_dkk=3090000
2026-03-05T09:22:19.407+01:00 INFO document-service host=document-service-5b8f6c-p9qmz corrId=c-f2e6604cd58e2455 offer document stored application_id=APP-2026-447608 doc_id=DOC-5fb63095
2026-03-05T09:22:19.487+01:00 INFO portal-bff host=portal-bff-a41e92-x2k4p corrId=c-f2e6604cd58e2455 application completed application_id=APP-2026-447608 status=OFFER_ISSUED
2026-03-05T09:25:00.334+01:00 INFO api-gateway host=api-gateway-7c9d5b-p9qmz corrId=- health probe ok status=200 latency_ms=39
2026-03-05T09:25:01.179+01:00 INFO offer-service host=offer-service-a41e92-t6zvn corrId=c-4f18164c6adbbbc7 offer accepted application_id=APP-2026-949613
2026-03-05T09:25:01.283+01:00 INFO ledger-service host=ledger-service-a41e92-t6zvn corrId=c-4f18164c6adbbbc7 funds reserved application_id=APP-2026-949613 amount_dkk=4030000
2026-03-05T09:25:01.319+01:00 INFO payment-service host=payment-service-7c9d5b-p9qmz corrId=c-4f18164c6adbbbc7 payout instruction sent application_id=APP-2026-949613 amount_dkk=4030000
2026-03-05T09:25:01.417+01:00 INFO ledger-service host=ledger-service-a41e92-p9qmz corrId=c-4f18164c6adbbbc7 payout booked application_id=APP-2026-949613 posting_id=PST-6f96c9f558
2026-03-05T09:25:01.458+01:00 INFO notification-service host=notification-service-5b8f6c-p9qmz corrId=c-4f18164c6adbbbc7 payout confirmation sent application_id=APP-2026-949613
2026-03-05T09:30:00.366+01:00 INFO api-gateway host=api-gateway-a41e92-x2k4p corrId=- health probe ok status=200 latency_ms=28
2026-03-05T09:30:00.500+01:00 INFO payment-scheduler host=payment-scheduler-5b8f6c-x2k4p corrId=- scheduler heartbeat lag_ms=24
2026-03-05T09:31:41.043+01:00 INFO portal-bff host=portal-bff-5b8f6c-t6zvn corrId=c-bb13ba8ba41cdece conversion quote requested loan_id=LN037273183 target_product=FLEX_5Y
2026-03-05T09:31:41.156+01:00 INFO identity-service host=identity-service-5b8f6c-x2k4p corrId=c-bb13ba8ba41cdece MitID session validated customer_id=C09415980
2026-03-05T09:31:41.222+01:00 INFO pricing-service host=pricing-service-5b8f6c-x2k4p corrId=c-bb13ba8ba41cdece bond price fetched series=BND3.0-2056 price=94.361
2026-03-05T09:31:41.287+01:00 INFO pricing-service host=pricing-service-7c9d5b-p9qmz corrId=c-bb13ba8ba41cdece conversion cost calculated loan_id=LN037273183 cost_dkk=9260.51
2026-03-05T09:31:41.398+01:00 INFO quote-service host=quote-service-7c9d5b-p9qmz corrId=c-bb13ba8ba41cdece conversion quote issued quote_id=Q54335259 loan_id=LN037273183
2026-03-05T09:33:16.037+01:00 INFO portal-bff host=portal-bff-a41e92-t6zvn corrId=c-fcafbbdb0c3cb465 loan application submitted application_id=APP-2026-352861 customer_segment=PRIVATE
2026-03-05T09:33:16.098+01:00 INFO identity-service host=identity-service-a41e92-x2k4p corrId=c-fcafbbdb0c3cb465 MitID session validated customer_id=C15954867
2026-03-05T09:33:16.182+01:00 INFO customer-service host=customer-service-7c9d5b-x2k4p corrId=c-fcafbbdb0c3cb465 KYC profile loaded customer_id=C15954867 risk_class=LOW
2026-03-05T09:33:16.208+01:00 INFO valuation-service host=valuation-service-a41e92-x2k4p corrId=c-fcafbbdb0c3cb465 property valuation requested property_id=P6331181 provider=bolig-vurdering
2026-03-05T09:33:16.751+01:00 INFO valuation-service host=valuation-service-5b8f6c-x2k4p corrId=c-fcafbbdb0c3cb465 property valuation received property_id=P6331181 value_dkk=4610000 latency_ms=524
2026-03-05T09:33:16.830+01:00 INFO credit-service host=credit-service-a41e92-t6zvn corrId=c-fcafbbdb0c3cb465 credit assessment completed application_id=APP-2026-352861 score=460 decision=APPROVED
2026-03-05T09:33:16.867+01:00 INFO offer-service host=offer-service-a41e92-p9qmz corrId=c-fcafbbdb0c3cb465 loan offer generated application_id=APP-2026-352861 loan_type=FLEX_1Y principal_dkk=4320000
2026-03-05T09:33:16.937+01:00 INFO document-service host=document-service-5b8f6c-t6zvn corrId=c-fcafbbdb0c3cb465 offer document stored application_id=APP-2026-352861 doc_id=DOC-7dd94bec
2026-03-05T09:33:16.968+01:00 INFO portal-bff host=portal-bff-a41e92-x2k4p corrId=c-fcafbbdb0c3cb465 application completed application_id=APP-2026-352861 status=OFFER_ISSUED
2026-03-05T09:33:22.140+01:00 INFO portal-bff host=portal-bff-7c9d5b-p9qmz corrId=c-a8e98a4feda3bb23 conversion quote requested loan_id=LN823862489 target_product=FIXED_30Y
2026-03-05T09:33:22.149+01:00 INFO identity-service host=identity-service-5b8f6c-p9qmz corrId=c-a8e98a4feda3bb23 MitID session validated customer_id=C29133667
2026-03-05T09:33:22.274+01:00 INFO pricing-service host=pricing-service-a41e92-x2k4p corrId=c-a8e98a4feda3bb23 bond price fetched series=BND4.0-2053 price=98.410
2026-03-05T09:33:22.325+01:00 INFO pricing-service host=pricing-service-7c9d5b-t6zvn corrId=c-a8e98a4feda3bb23 conversion cost calculated loan_id=LN823862489 cost_dkk=51229.02
2026-03-05T09:33:22.452+01:00 INFO quote-service host=quote-service-7c9d5b-t6zvn corrId=c-a8e98a4feda3bb23 conversion quote issued quote_id=Q47549352 loan_id=LN823862489
2026-03-05T09:33:54.949+01:00 INFO portal-bff host=portal-bff-a41e92-p9qmz corrId=c-6d613030e9d09b87 conversion quote requested loan_id=LN784986261 target_product=FIXED_30Y
2026-03-05T09:33:55.046+01:00 INFO identity-service host=identity-service-5b8f6c-t6zvn corrId=c-6d613030e9d09b87 MitID session validated customer_id=C89815707
2026-03-05T09:33:55.067+01:00 INFO pricing-service host=pricing-service-7c9d5b-p9qmz corrId=c-6d613030e9d09b87 bond price fetched series=BND3.0-2053 price=88.561
2026-03-05T09:33:55.159+01:00 INFO pricing-service host=pricing-service-7c9d5b-p9qmz corrId=c-6d613030e9d09b87 conversion cost calculated loan_id=LN784986261 cost_dkk=38903.16
2026-03-05T09:33:55.241+01:00 INFO quote-service host=quote-service-a41e92-t6zvn corrId=c-6d613030e9d09b87 conversion quote issued quote_id=Q83145204 loan_id=LN784986261
2026-03-05T09:35:00.539+01:00 INFO api-gateway host=api-gateway-5b8f6c-t6zvn corrId=- health probe ok status=200 latency_ms=32
2026-03-05T09:40:00.096+01:00 INFO api-gateway host=api-gateway-a41e92-t6zvn corrId=- health probe ok status=200 latency_ms=21
2026-03-05T09:40:00.831+01:00 INFO payment-scheduler host=payment-scheduler-7c9d5b-t6zvn corrId=- scheduler heartbeat lag_ms=115
2026-03-05T09:42:29.969+01:00 INFO portal-bff host=portal-bff-7c9d5b-x2k4p corrId=c-c002aee7aa27bd56 loan application submitted application_id=APP-2026-474934 customer_segment=RETAIL
2026-03-05T09:42:30.099+01:00 INFO identity-service host=identity-service-7c9d5b-x2k4p corrId=c-c002aee7aa27bd56 MitID session validated customer_id=C15714242
2026-03-05T09:42:30.202+01:00 INFO customer-service host=customer-service-7c9d5b-x2k4p corrId=c-c002aee7aa27bd56 KYC profile loaded customer_id=C15714242 risk_class=LOW
2026-03-05T09:42:30.279+01:00 INFO valuation-service host=valuation-service-5b8f6c-p9qmz corrId=c-c002aee7aa27bd56 property valuation requested property_id=P3522565 provider=bolig-vurdering
2026-03-05T09:42:30.767+01:00 INFO valuation-service host=valuation-service-7c9d5b-t6zvn corrId=c-c002aee7aa27bd56 property valuation received property_id=P3522565 value_dkk=1830000 latency_ms=407
2026-03-05T09:42:30.862+01:00 INFO credit-service host=credit-service-a41e92-x2k4p corrId=c-c002aee7aa27bd56 credit assessment completed application_id=APP-2026-474934 score=586 decision=APPROVED
2026-03-05T09:42:30.980+01:00 INFO offer-service host=offer-service-7c9d5b-x2k4p corrId=c-c002aee7aa27bd56 loan offer generated application_id=APP-2026-474934 loan_type=FLEX_5Y principal_dkk=3795000
2026-03-05T09:42:31.042+01:00 INFO document-service host=document-service-5b8f6c-x2k4p corrId=c-c002aee7aa27bd56 offer document stored application_id=APP-2026-474934 doc_id=DOC-fdfdca01
2026-03-05T09:42:31.135+01:00 INFO portal-bff host=portal-bff-7c9d5b-p9qmz corrId=c-c002aee7aa27bd56 application completed application_id=APP-2026-474934 status=OFFER_ISSUED
2026-03-05T09:43:14.472+01:00 INFO offer-service host=offer-service-a41e92-x2k4p corrId=c-d75efe97ca684433 offer accepted application_id=APP-2026-887849
2026-03-05T09:43:14.491+01:00 INFO ledger-service host=ledger-service-7c9d5b-x2k4p corrId=c-d75efe97ca684433 funds reserved application_id=APP-2026-887849 amount_dkk=5910000
2026-03-05T09:43:14.542+01:00 INFO payment-service host=payment-service-a41e92-p9qmz corrId=c-d75efe97ca684433 payout instruction sent application_id=APP-2026-887849 amount_dkk=5910000
2026-03-05T09:43:14.632+01:00 INFO ledger-service host=ledger-service-7c9d5b-x2k4p corrId=c-d75efe97ca684433 payout booked application_id=APP-2026-887849 posting_id=PST-571ab5bf40
2026-03-05T09:43:14.764+01:00 INFO notification-service host=notification-service-a41e92-x2k4p corrId=c-d75efe97ca684433 payout confirmation sent application_id=APP-2026-887849
2026-03-05T09:45:00.331+01:00 INFO api-gateway host=api-gateway-5b8f6c-x2k4p corrId=- health probe ok status=200 latency_ms=3
2026-03-05T09:45:22.042+01:00 INFO portal-bff host=portal-bff-5b8f6c-x2k4p corrId=c-eeb6f49acfc8cef4 loan application submitted application_id=APP-2026-348216 customer_segment=PRIVATE
2026-03-05T09:45:22.059+01:00 INFO identity-service host=identity-service-a41e92-t6zvn corrId=c-eeb6f49acfc8cef4 MitID session validated customer_id=C65997708
2026-03-05T09:45:22.145+01:00 INFO customer-service host=customer-service-a41e92-x2k4p corrId=c-eeb6f49acfc8cef4 KYC profile loaded customer_id=C65997708 risk_class=LOW
2026-03-05T09:45:22.248+01:00 INFO valuation-service host=valuation-service-5b8f6c-t6zvn corrId=c-eeb6f49acfc8cef4 property valuation requested property_id=P7518413 provider=valuta-ejd
2026-03-05T09:45:23.186+01:00 INFO valuation-service host=valuation-service-a41e92-t6zvn corrId=c-eeb6f49acfc8cef4 property valuation received property_id=P7518413 value_dkk=2440000 latency_ms=868
2026-03-05T09:45:23.269+01:00 INFO credit-service host=credit-service-7c9d5b-x2k4p corrId=c-eeb6f49acfc8cef4 credit assessment completed application_id=APP-2026-348216 score=707 decision=APPROVED
2026-03-05T09:45:23.284+01:00 INFO offer-service host=offer-service-a41e92-x2k4p corrId=c-eeb6f49acfc8cef4 loan offer generated application_id=APP-2026-348216 loan_type=FLEX_1Y principal_dkk=1750000
2026-03-05T09:45:23.391+01:00 INFO document-service host=document-service-5b8f6c-p9qmz corrId=c-eeb6f49acfc8cef4 offer document stored application_id=APP-2026-348216 doc_id=DOC-eea1a3d5
2026-03-05T09:45:23.505+01:00 INFO portal-bff host=portal-bff-a41e92-t6zvn corrId=c-eeb6f49acfc8cef4 application completed application_id=APP-2026-348216 status=OFFER_ISSUED
2026-03-05T09:47:28.618+01:00 INFO portal-bff host=portal-bff-7c9d5b-t6zvn corrId=c-d36f85fd654d2ffe conversion quote requested loan_id=LN051670908 target_product=FIXED_30Y
2026-03-05T09:47:28.745+01:00 INFO identity-service host=identity-service-5b8f6c-x2k4p corrId=c-d36f85fd654d2ffe MitID session validated customer_id=C78086785
2026-03-05T09:47:28.791+01:00 INFO pricing-service host=pricing-service-7c9d5b-t6zvn corrId=c-d36f85fd654d2ffe bond price fetched series=BND2.5-2053 price=88.943
2026-03-05T09:47:28.815+01:00 INFO pricing-service host=pricing-service-7c9d5b-t6zvn corrId=c-d36f85fd654d2ffe conversion cost calculated loan_id=LN051670908 cost_dkk=20206.58
2026-03-05T09:47:28.848+01:00 INFO quote-service host=quote-service-5b8f6c-t6zvn corrId=c-d36f85fd654d2ffe conversion quote issued quote_id=Q77650828 loan_id=LN051670908
2026-03-05T09:47:37.232+01:00 INFO portal-bff host=portal-bff-a41e92-p9qmz corrId=c-24b50fb7f76352bf loan application submitted application_id=APP-2026-639784 customer_segment=SME
2026-03-05T09:47:37.302+01:00 INFO identity-service host=identity-service-a41e92-p9qmz corrId=c-24b50fb7f76352bf MitID session validated customer_id=C09506369
2026-03-05T09:47:37.319+01:00 INFO customer-service host=customer-service-7c9d5b-x2k4p corrId=c-24b50fb7f76352bf KYC profile loaded customer_id=C09506369 risk_class=LOW
2026-03-05T09:47:37.456+01:00 INFO valuation-service host=valuation-service-5b8f6c-t6zvn corrId=c-24b50fb7f76352bf property valuation requested property_id=P5591748 provider=bolig-vurdering
2026-03-05T09:47:38.468+01:00 INFO valuation-service host=valuation-service-5b8f6c-x2k4p corrId=c-24b50fb7f76352bf property valuation received property_id=P5591748 value_dkk=4490000 latency_ms=921
2026-03-05T09:47:38.560+01:00 INFO credit-service host=credit-service-7c9d5b-x2k4p corrId=c-24b50fb7f76352bf credit assessment completed application_id=APP-2026-639784 score=523 decision=APPROVED
2026-03-05T09:47:38.603+01:00 INFO offer-service host=offer-service-7c9d5b-t6zvn corrId=c-24b50fb7f76352bf loan offer generated application_id=APP-2026-639784 loan_type=FLEX_1Y principal_dkk=5755000
2026-03-05T09:47:38.702+01:00 INFO document-service host=document-service-7c9d5b-x2k4p corrId=c-24b50fb7f76352bf offer document stored application_id=APP-2026-639784 doc_id=DOC-1b57add9
2026-03-05T09:47:38.788+01:00 INFO portal-bff host=portal-bff-a41e92-x2k4p corrId=c-24b50fb7f76352bf application completed application_id=APP-2026-639784 status=OFFER_ISSUED
2026-03-05T09:50:00.228+01:00 INFO api-gateway host=api-gateway-a41e92-x2k4p corrId=- health probe ok status=200 latency_ms=23
2026-03-05T09:50:00.385+01:00 INFO payment-scheduler host=payment-scheduler-7c9d5b-t6zvn corrId=- scheduler heartbeat lag_ms=63
2026-03-05T09:51:45.293+01:00 INFO portal-bff host=portal-bff-5b8f6c-p9qmz corrId=c-0d7ff72b7e37b339 loan application submitted application_id=APP-2026-262527 customer_segment=SME
2026-03-05T09:51:45.304+01:00 INFO identity-service host=identity-service-7c9d5b-x2k4p corrId=c-0d7ff72b7e37b339 MitID session validated customer_id=C85320629
2026-03-05T09:51:45.371+01:00 INFO customer-service host=customer-service-5b8f6c-t6zvn corrId=c-0d7ff72b7e37b339 KYC profile loaded customer_id=C85320629 risk_class=LOW
2026-03-05T09:51:45.420+01:00 INFO valuation-service host=valuation-service-7c9d5b-x2k4p corrId=c-0d7ff72b7e37b339 property valuation served from cache property_id=P7787243 value_dkk=2160000
2026-03-05T09:51:45.499+01:00 INFO credit-service host=credit-service-5b8f6c-x2k4p corrId=c-0d7ff72b7e37b339 credit assessment completed application_id=APP-2026-262527 score=830 decision=APPROVED
2026-03-05T09:51:45.553+01:00 INFO offer-service host=offer-service-7c9d5b-p9qmz corrId=c-0d7ff72b7e37b339 loan offer generated application_id=APP-2026-262527 loan_type=FLEX_1Y principal_dkk=1040000
2026-03-05T09:51:45.693+01:00 INFO document-service host=document-service-7c9d5b-x2k4p corrId=c-0d7ff72b7e37b339 offer document stored application_id=APP-2026-262527 doc_id=DOC-b8b451ea
2026-03-05T09:51:45.732+01:00 INFO portal-bff host=portal-bff-5b8f6c-t6zvn corrId=c-0d7ff72b7e37b339 application completed application_id=APP-2026-262527 status=OFFER_ISSUED
2026-03-05T09:53:36.130+01:00 INFO portal-bff host=portal-bff-5b8f6c-t6zvn corrId=c-440a34dfc8d5d8ee loan application submitted application_id=APP-2026-525478 customer_segment=RETAIL
2026-03-05T09:53:36.226+01:00 INFO identity-service host=identity-service-5b8f6c-p9qmz corrId=c-440a34dfc8d5d8ee MitID session validated customer_id=C93166682
2026-03-05T09:53:36.352+01:00 INFO customer-service host=customer-service-5b8f6c-p9qmz corrId=c-440a34dfc8d5d8ee KYC profile loaded customer_id=C93166682 risk_class=LOW
2026-03-05T09:53:36.440+01:00 INFO valuation-service host=valuation-service-7c9d5b-x2k4p corrId=c-440a34dfc8d5d8ee property valuation requested property_id=P6786552 provider=bolig-vurdering
2026-03-05T09:53:36.959+01:00 INFO valuation-service host=valuation-service-5b8f6c-p9qmz corrId=c-440a34dfc8d5d8ee property valuation received property_id=P6786552 value_dkk=2300000 latency_ms=399
2026-03-05T09:53:36.999+01:00 INFO credit-service host=credit-service-5b8f6c-x2k4p corrId=c-440a34dfc8d5d8ee credit assessment completed application_id=APP-2026-525478 score=849 decision=APPROVED
2026-03-05T09:53:37.079+01:00 INFO offer-service host=offer-service-a41e92-p9qmz corrId=c-440a34dfc8d5d8ee loan offer generated application_id=APP-2026-525478 loan_type=FLEX_5Y principal_dkk=4940000
2026-03-05T09:53:37.173+01:00 INFO document-service host=document-service-7c9d5b-t6zvn corrId=c-440a34dfc8d5d8ee offer document stored application_id=APP-2026-525478 doc_id=DOC-8c6a0ec0
2026-03-05T09:53:37.271+01:00 INFO portal-bff host=portal-bff-5b8f6c-t6zvn corrId=c-440a34dfc8d5d8ee application completed application_id=APP-2026-525478 status=OFFER_ISSUED
2026-03-05T09:55:00.186+01:00 INFO api-gateway host=api-gateway-5b8f6c-x2k4p corrId=- health probe ok status=200 latency_ms=30
2026-03-05T09:55:17.962+01:00 INFO portal-bff host=portal-bff-5b8f6c-t6zvn corrId=c-d25bdbc59839c744 loan application submitted application_id=APP-2026-832771 customer_segment=RETAIL
2026-03-05T09:55:18.082+01:00 INFO identity-service host=identity-service-a41e92-x2k4p corrId=c-d25bdbc59839c744 MitID session validated customer_id=C79995888
2026-03-05T09:55:18.104+01:00 INFO customer-service host=customer-service-7c9d5b-p9qmz corrId=c-d25bdbc59839c744 KYC profile loaded customer_id=C79995888 risk_class=LOW
2026-03-05T09:55:18.222+01:00 INFO valuation-service host=valuation-service-7c9d5b-t6zvn corrId=c-d25bdbc59839c744 property valuation requested property_id=P3023973 provider=valuta-ejd
2026-03-05T09:55:19.002+01:00 INFO valuation-service host=valuation-service-a41e92-x2k4p corrId=c-d25bdbc59839c744 property valuation received property_id=P3023973 value_dkk=8380000 latency_ms=770
2026-03-05T09:55:19.128+01:00 INFO credit-service host=credit-service-7c9d5b-p9qmz corrId=c-d25bdbc59839c744 credit assessment completed application_id=APP-2026-832771 score=658 decision=APPROVED
2026-03-05T09:55:19.156+01:00 INFO offer-service host=offer-service-7c9d5b-x2k4p corrId=c-d25bdbc59839c744 loan offer generated application_id=APP-2026-832771 loan_type=FIXED_20Y_IO principal_dkk=3655000
2026-03-05T09:55:19.236+01:00 INFO document-service host=document-service-5b8f6c-t6zvn corrId=c-d25bdbc59839c744 offer document stored application_id=APP-2026-832771 doc_id=DOC-c6ea5a5e
2026-03-05T09:55:19.360+01:00 INFO portal-bff host=portal-bff-5b8f6c-t6zvn corrId=c-d25bdbc59839c744 application completed application_id=APP-2026-832771 status=OFFER_ISSUED
2026-03-05T09:57:29.261+01:00 INFO portal-bff host=portal-bff-7c9d5b-p9qmz corrId=c-3804276dc560de51 conversion quote requested loan_id=LN755835900 target_product=FLEX_1Y
2026-03-05T09:57:29.375+01:00 INFO identity-service host=identity-service-5b8f6c-t6zvn corrId=c-3804276dc560de51 MitID session validated customer_id=C23337171
2026-03-05T09:57:29.468+01:00 INFO pricing-service host=pricing-service-a41e92-x2k4p corrId=c-3804276dc560de51 bond price fetched series=BND4.0-2053 price=98.273
2026-03-05T09:57:29.507+01:00 INFO pricing-service host=pricing-service-a41e92-p9qmz corrId=c-3804276dc560de51 conversion cost calculated loan_id=LN755835900 cost_dkk=21792.84
2026-03-05T09:57:29.551+01:00 INFO quote-service host=quote-service-5b8f6c-t6zvn corrId=c-3804276dc560de51 conversion quote issued quote_id=Q88827676 loan_id=LN755835900
2026-03-05T09:57:57.999+01:00 INFO portal-bff host=portal-bff-7c9d5b-p9qmz corrId=c-c76c5435132e8732 loan application submitted application_id=APP-2026-639070 customer_segment=PRIVATE
2026-03-05T09:57:58.102+01:00 INFO identity-service host=identity-service-a41e92-x2k4p corrId=c-c76c5435132e8732 MitID session validated customer_id=C08112409
2026-03-05T09:57:58.134+01:00 INFO customer-service host=customer-service-7c9d5b-x2k4p corrId=c-c76c5435132e8732 KYC profile loaded customer_id=C08112409 risk_class=HIGH
2026-03-05T09:57:58.222+01:00 INFO valuation-service host=valuation-service-5b8f6c-p9qmz corrId=c-c76c5435132e8732 property valuation requested property_id=P4194140 provider=bolig-vurdering
2026-03-05T09:57:59.004+01:00 INFO valuation-service host=valuation-service-a41e92-t6zvn corrId=c-c76c5435132e8732 property valuation received property_id=P4194140 value_dkk=2060000 latency_ms=720
2026-03-05T09:57:59.089+01:00 INFO credit-service host=credit-service-5b8f6c-t6zvn corrId=c-c76c5435132e8732 credit assessment completed application_id=APP-2026-639070 score=442 decision=APPROVED
2026-03-05T09:57:59.130+01:00 INFO offer-service host=offer-service-7c9d5b-t6zvn corrId=c-c76c5435132e8732 loan offer generated application_id=APP-2026-639070 loan_type=FIXED_20Y_IO principal_dkk=2105000
2026-03-05T09:57:59.219+01:00 INFO document-service host=document-service-5b8f6c-p9qmz corrId=c-c76c5435132e8732 offer document stored application_id=APP-2026-639070 doc_id=DOC-d664af12
2026-03-05T09:57:59.283+01:00 INFO portal-bff host=portal-bff-a41e92-p9qmz corrId=c-c76c5435132e8732 application completed application_id=APP-2026-639070 status=OFFER_ISSUED
2026-03-05T10:00:00.123+01:00 INFO api-gateway host=api-gateway-5b8f6c-x2k4p corrId=- health probe ok status=200 latency_ms=32
2026-03-05T10:00:00.839+01:00 INFO payment-scheduler host=payment-scheduler-7c9d5b-x2k4p corrId=- scheduler heartbeat lag_ms=51
2026-03-05T10:00:20.438+01:00 INFO offer-service host=offer-service-7c9d5b-p9qmz corrId=c-e0f26a3619af3570 offer accepted application_id=APP-2026-066012
2026-03-05T10:00:20.529+01:00 INFO ledger-service host=ledger-service-a41e92-x2k4p corrId=c-e0f26a3619af3570 funds reserved application_id=APP-2026-066012 amount_dkk=2605000
2026-03-05T10:00:20.607+01:00 INFO payment-service host=payment-service-a41e92-t6zvn corrId=c-e0f26a3619af3570 payout instruction sent application_id=APP-2026-066012 amount_dkk=2605000
2026-03-05T10:00:20.681+01:00 INFO ledger-service host=ledger-service-5b8f6c-p9qmz corrId=c-e0f26a3619af3570 payout booked application_id=APP-2026-066012 posting_id=PST-62c052e12a
2026-03-05T10:00:20.729+01:00 INFO notification-service host=notification-service-5b8f6c-t6zvn corrId=c-e0f26a3619af3570 payout confirmation sent application_id=APP-2026-066012
2026-03-05T10:00:45.000+01:00 INFO config-service host=config-service-5b8f6c-t6zvn corrId=- configuration refreshed version=v108
2026-03-05T10:03:11.111+01:00 INFO portal-bff host=portal-bff-5b8f6c-p9qmz corrId=c-369af62b35b95636 loan application submitted application_id=APP-2026-870342 customer_segment=SME
2026-03-05T10:03:11.151+01:00 INFO identity-service host=identity-service-7c9d5b-x2k4p corrId=c-369af62b35b95636 MitID session validated customer_id=C78701439
2026-03-05T10:03:11.182+01:00 INFO customer-service host=customer-service-a41e92-x2k4p corrId=c-369af62b35b95636 KYC profile loaded customer_id=C78701439 risk_class=MEDIUM
2026-03-05T10:03:11.230+01:00 INFO valuation-service host=valuation-service-5b8f6c-t6zvn corrId=c-369af62b35b95636 property valuation served from cache property_id=P4461464 value_dkk=2150000
2026-03-05T10:03:11.365+01:00 INFO credit-service host=credit-service-a41e92-t6zvn corrId=c-369af62b35b95636 credit assessment completed application_id=APP-2026-870342 score=640 decision=APPROVED
2026-03-05T10:03:11.396+01:00 INFO offer-service host=offer-service-5b8f6c-x2k4p corrId=c-369af62b35b95636 loan offer generated application_id=APP-2026-870342 loan_type=FIXED_20Y_IO principal_dkk=745000
2026-03-05T10:03:11.441+01:00 INFO document-service host=document-service-7c9d5b-x2k4p corrId=c-369af62b35b95636 offer document stored application_id=APP-2026-870342 doc_id=DOC-b31c1e1b
2026-03-05T10:03:11.456+01:00 INFO portal-bff host=portal-bff-7c9d5b-p9qmz corrId=c-369af62b35b95636 application completed application_id=APP-2026-870342 status=OFFER_ISSUED
2026-03-05T10:05:00.758+01:00 INFO api-gateway host=api-gateway-a41e92-x2k4p corrId=- health probe ok status=200 latency_ms=13
2026-03-05T10:07:21.877+01:00 INFO offer-service host=offer-service-5b8f6c-x2k4p corrId=c-e947e13a7218e4f4 offer accepted application_id=APP-2026-909109
2026-03-05T10:07:21.895+01:00 INFO ledger-service host=ledger-service-a41e92-p9qmz corrId=c-e947e13a7218e4f4 funds reserved application_id=APP-2026-909109 amount_dkk=2700000
2026-03-05T10:07:22.002+01:00 INFO payment-service host=payment-service-5b8f6c-p9qmz corrId=c-e947e13a7218e4f4 payout instruction sent application_id=APP-2026-909109 amount_dkk=2700000
2026-03-05T10:07:22.053+01:00 INFO ledger-service host=ledger-service-7c9d5b-x2k4p corrId=c-e947e13a7218e4f4 payout booked application_id=APP-2026-909109 posting_id=PST-56b9cc835d
2026-03-05T10:07:22.133+01:00 INFO notification-service host=notification-service-a41e92-x2k4p corrId=c-e947e13a7218e4f4 payout confirmation sent application_id=APP-2026-909109
2026-03-05T10:10:00.307+01:00 INFO api-gateway host=api-gateway-5b8f6c-p9qmz corrId=- health probe ok status=200 latency_ms=37
2026-03-05T10:10:00.779+01:00 INFO payment-scheduler host=payment-scheduler-5b8f6c-t6zvn corrId=- scheduler heartbeat lag_ms=25
2026-03-05T10:10:47.294+01:00 INFO portal-bff host=portal-bff-a41e92-x2k4p corrId=c-4b6b4e6757e9523f conversion quote requested loan_id=LN951009751 target_product=FLEX_5Y
2026-03-05T10:10:47.340+01:00 INFO identity-service host=identity-service-a41e92-p9qmz corrId=c-4b6b4e6757e9523f MitID session validated customer_id=C92623767
2026-03-05T10:10:47.388+01:00 INFO pricing-service host=pricing-service-7c9d5b-t6zvn corrId=c-4b6b4e6757e9523f bond price fetched series=BND4.0-2056 price=98.040
2026-03-05T10:10:47.412+01:00 INFO pricing-service host=pricing-service-7c9d5b-p9qmz corrId=c-4b6b4e6757e9523f conversion cost calculated loan_id=LN951009751 cost_dkk=50168.86
2026-03-05T10:10:47.517+01:00 INFO quote-service host=quote-service-a41e92-p9qmz corrId=c-4b6b4e6757e9523f conversion quote issued quote_id=Q30062301 loan_id=LN951009751
2026-03-05T10:11:56.218+01:00 INFO portal-bff host=portal-bff-7c9d5b-t6zvn corrId=c-52d5276669d029f6 loan application submitted application_id=APP-2026-028274 customer_segment=PRIVATE
2026-03-05T10:11:56.258+01:00 INFO identity-service host=identity-service-a41e92-p9qmz corrId=c-52d5276669d029f6 MitID session validated customer_id=C41253621
2026-03-05T10:11:56.358+01:00 INFO customer-service host=customer-service-5b8f6c-p9qmz corrId=c-52d5276669d029f6 KYC profile loaded customer_id=C41253621 risk_class=MEDIUM
2026-03-05T10:11:56.475+01:00 INFO valuation-service host=valuation-service-5b8f6c-t6zvn corrId=c-52d5276669d029f6 property valuation requested property_id=P0211078 provider=valuta-ejd
2026-03-05T10:11:57.370+01:00 INFO valuation-service host=valuation-service-7c9d5b-t6zvn corrId=c-52d5276669d029f6 property valuation received property_id=P0211078 value_dkk=2970000 latency_ms=818
2026-03-05T10:11:57.492+01:00 INFO credit-service host=credit-service-a41e92-x2k4p corrId=c-52d5276669d029f6 credit assessment completed application_id=APP-2026-028274 score=490 decision=APPROVED
2026-03-05T10:11:57.523+01:00 INFO offer-service host=offer-service-a41e92-p9qmz corrId=c-52d5276669d029f6 loan offer generated application_id=APP-2026-028274 loan_type=FIXED_30Y principal_dkk=3630000
2026-03-05T10:11:57.577+01:00 INFO document-service host=document-service-5b8f6c-x2k4p corrId=c-52d5276669d029f6 offer document stored application_id=APP-2026-028274 doc_id=DOC-090fe124
2026-03-05T10:11:57.642+01:00 INFO portal-bff host=portal-bff-a41e92-p9qmz corrId=c-52d5276669d029f6 application completed application_id=APP-2026-028274 status=OFFER_ISSUED
2026-03-05T10:12:11.776+01:00 INFO portal-bff host=portal-bff-a41e92-t6zvn corrId=c-0756e786acf980de conversion quote requested loan_id=LN539548508 target_product=FLEX_1Y
2026-03-05T10:12:11.878+01:00 INFO identity-service host=identity-service-7c9d5b-p9qmz corrId=c-0756e786acf980de MitID session validated customer_id=C56587823
2026-03-05T10:12:11.923+01:00 INFO pricing-service host=pricing-service-7c9d5b-t6zvn corrId=c-0756e786acf980de bond price fetched series=BND2.5-2056 price=99.858
2026-03-05T10:12:12.004+01:00 INFO pricing-service host=pricing-service-5b8f6c-p9qmz corrId=c-0756e786acf980de conversion cost calculated loan_id=LN539548508 cost_dkk=84799.93
2026-03-05T10:12:12.067+01:00 INFO quote-service host=quote-service-7c9d5b-t6zvn corrId=c-0756e786acf980de conversion quote issued quote_id=Q49969197 loan_id=LN539548508
2026-03-05T10:15:00.585+01:00 INFO api-gateway host=api-gateway-7c9d5b-p9qmz corrId=- health probe ok status=200 latency_ms=4
2026-03-05T10:15:42.196+01:00 INFO portal-bff host=portal-bff-5b8f6c-p9qmz corrId=c-3470745a327d131a loan application submitted application_id=APP-2026-333171 customer_segment=RETAIL
2026-03-05T10:15:42.294+01:00 INFO identity-service host=identity-service-7c9d5b-x2k4p corrId=c-3470745a327d131a MitID session validated customer_id=C89238712
2026-03-05T10:15:42.403+01:00 INFO customer-service host=customer-service-a41e92-x2k4p corrId=c-3470745a327d131a KYC profile loaded customer_id=C89238712 risk_class=LOW
2026-03-05T10:15:42.516+01:00 INFO valuation-service host=valuation-service-a41e92-t6zvn corrId=c-3470745a327d131a property valuation requested property_id=P1466434 provider=valuta-ejd
2026-03-05T10:15:43.488+01:00 INFO valuation-service host=valuation-service-a41e92-p9qmz corrId=c-3470745a327d131a property valuation received property_id=P1466434 value_dkk=6580000 latency_ms=920
2026-03-05T10:15:43.601+01:00 INFO credit-service host=credit-service-a41e92-p9qmz corrId=c-3470745a327d131a credit assessment completed application_id=APP-2026-333171 score=631 decision=APPROVED
2026-03-05T10:15:43.719+01:00 INFO offer-service host=offer-service-7c9d5b-p9qmz corrId=c-3470745a327d131a loan offer generated application_id=APP-2026-333171 loan_type=FIXED_20Y_IO principal_dkk=5675000
2026-03-05T10:15:43.762+01:00 INFO document-service host=document-service-5b8f6c-t6zvn corrId=c-3470745a327d131a offer document stored application_id=APP-2026-333171 doc_id=DOC-8d7d7b39
2026-03-05T10:15:43.840+01:00 INFO portal-bff host=portal-bff-a41e92-t6zvn corrId=c-3470745a327d131a application completed application_id=APP-2026-333171 status=OFFER_ISSUED
2026-03-05T10:15:48.801+01:00 INFO portal-bff host=portal-bff-a41e92-p9qmz corrId=c-d035c8f9538e680e loan application submitted application_id=APP-2026-384928 customer_segment=SME
2026-03-05T10:15:48.818+01:00 INFO identity-service host=identity-service-a41e92-t6zvn corrId=c-d035c8f9538e680e MitID session validated customer_id=C66948903
2026-03-05T10:15:48.884+01:00 INFO customer-service host=customer-service-5b8f6c-p9qmz corrId=c-d035c8f9538e680e KYC profile loaded customer_id=C66948903 risk_class=MEDIUM
2026-03-05T10:15:48.985+01:00 INFO valuation-service host=valuation-service-5b8f6c-p9qmz corrId=c-d035c8f9538e680e property valuation served from cache property_id=P5706173 value_dkk=4330000
2026-03-05T10:15:49.123+01:00 INFO credit-service host=credit-service-5b8f6c-p9qmz corrId=c-d035c8f9538e680e credit assessment completed application_id=APP-2026-384928 score=778 decision=APPROVED
2026-03-05T10:15:49.262+01:00 INFO offer-service host=offer-service-a41e92-p9qmz corrId=c-d035c8f9538e680e loan offer generated application_id=APP-2026-384928 loan_type=FIXED_30Y principal_dkk=5780000
2026-03-05T10:15:49.385+01:00 INFO document-service host=document-service-5b8f6c-t6zvn corrId=c-d035c8f9538e680e offer document stored application_id=APP-2026-384928 doc_id=DOC-0bade5ba
2026-03-05T10:15:49.455+01:00 INFO portal-bff host=portal-bff-5b8f6c-p9qmz corrId=c-d035c8f9538e680e application completed application_id=APP-2026-384928 status=OFFER_ISSUED
2026-03-05T10:15:57.360+01:00 INFO portal-bff host=portal-bff-5b8f6c-x2k4p corrId=c-65785178aebaf9ce loan application submitted application_id=APP-2026-834896 customer_segment=RETAIL
2026-03-05T10:15:57.474+01:00 INFO identity-service host=identity-service-7c9d5b-t6zvn corrId=c-65785178aebaf9ce MitID session validated customer_id=C48645364
2026-03-05T10:15:57.547+01:00 INFO customer-service host=customer-service-a41e92-p9qmz corrId=c-65785178aebaf9ce KYC profile loaded customer_id=C48645364 risk_class=LOW
2026-03-05T10:15:57.620+01:00 INFO valuation-service host=valuation-service-7c9d5b-x2k4p corrId=c-65785178aebaf9ce property valuation served from cache property_id=P5006572 value_dkk=2580000
2026-03-05T10:15:57.689+01:00 INFO credit-service host=credit-service-a41e92-p9qmz corrId=c-65785178aebaf9ce credit assessment completed application_id=APP-2026-834896 score=773 decision=APPROVED
2026-03-05T10:15:57.718+01:00 INFO offer-service host=offer-service-a41e92-x2k4p corrId=c-65785178aebaf9ce loan offer generated application_id=APP-2026-834896 loan_type=FIXED_30Y principal_dkk=3855000
2026-03-05T10:15:57.769+01:00 INFO document-service host=document-service-5b8f6c-t6zvn corrId=c-65785178aebaf9ce offer document stored application_id=APP-2026-834896 doc_id=DOC-880e7f1c
2026-03-05T10:15:57.795+01:00 INFO portal-bff host=portal-bff-7c9d5b-p9qmz corrId=c-65785178aebaf9ce application completed application_id=APP-2026-834896 status=OFFER_ISSUED
2026-03-05T10:16:13.000+01:00 INFO valuation-service host=valuation-service-5b8f6c-x2k4p corrId=- jvm gc pause pause_ms=29
2026-03-05T10:18:57.194+01:00 INFO portal-bff host=portal-bff-5b8f6c-t6zvn corrId=c-c0669dc171114075 conversion quote requested loan_id=LN979972956 target_product=FIXED_30Y
2026-03-05T10:18:57.272+01:00 INFO identity-service host=identity-service-5b8f6c-p9qmz corrId=c-c0669dc171114075 MitID session validated customer_id=C98908723
2026-03-05T10:18:57.363+01:00 INFO pricing-service host=pricing-service-5b8f6c-t6zvn corrId=c-c0669dc171114075 bond price fetched series=BND2.5-2053 price=92.003
2026-03-05T10:18:57.451+01:00 INFO pricing-service host=pricing-service-a41e92-x2k4p corrId=c-c0669dc171114075 conversion cost calculated loan_id=LN979972956 cost_dkk=54299.38
2026-03-05T10:18:57.529+01:00 INFO quote-service host=quote-service-a41e92-t6zvn corrId=c-c0669dc171114075 conversion quote issued quote_id=Q79443980 loan_id=LN979972956
2026-03-05T10:20:00.331+01:00 INFO api-gateway host=api-gateway-7c9d5b-x2k4p corrId=- health probe ok status=200 latency_ms=29
2026-03-05T10:20:00.339+01:00 INFO payment-scheduler host=payment-scheduler-7c9d5b-x2k4p corrId=- scheduler heartbeat lag_ms=89
2026-03-05T10:20:41.784+01:00 INFO portal-bff host=portal-bff-7c9d5b-t6zvn corrId=c-455d3f9724c59010 conversion quote requested loan_id=LN151462369 target_product=FLEX_5Y
2026-03-05T10:20:41.846+01:00 INFO identity-service host=identity-service-a41e92-p9qmz corrId=c-455d3f9724c59010 MitID session validated customer_id=C27665053
2026-03-05T10:20:41.934+01:00 INFO pricing-service host=pricing-service-a41e92-x2k4p corrId=c-455d3f9724c59010 bond price fetched series=BND3.0-2056 price=94.029
2026-03-05T10:20:42.052+01:00 INFO pricing-service host=pricing-service-a41e92-t6zvn corrId=c-455d3f9724c59010 conversion cost calculated loan_id=LN151462369 cost_dkk=85263.92
2026-03-05T10:20:42.177+01:00 INFO quote-service host=quote-service-a41e92-t6zvn corrId=c-455d3f9724c59010 conversion quote issued quote_id=Q17953854 loan_id=LN151462369
2026-03-05T10:22:19.834+01:00 INFO portal-bff host=portal-bff-7c9d5b-t6zvn corrId=c-18e89bbc2d3c0200 loan application submitted application_id=APP-2026-839501 customer_segment=SME
2026-03-05T10:22:19.906+01:00 INFO identity-service host=identity-service-7c9d5b-x2k4p corrId=c-18e89bbc2d3c0200 MitID session validated customer_id=C96028725
2026-03-05T10:22:19.920+01:00 INFO customer-service host=customer-service-a41e92-x2k4p corrId=c-18e89bbc2d3c0200 KYC profile loaded customer_id=C96028725 risk_class=HIGH
2026-03-05T10:22:19.984+01:00 INFO valuation-service host=valuation-service-5b8f6c-p9qmz corrId=c-18e89bbc2d3c0200 property valuation requested property_id=P3536896 provider=bolig-vurdering
2026-03-05T10:22:20.869+01:00 INFO valuation-service host=valuation-service-a41e92-t6zvn corrId=c-18e89bbc2d3c0200 property valuation received property_id=P3536896 value_dkk=4400000 latency_ms=757
2026-03-05T10:22:20.946+01:00 INFO credit-service host=credit-service-7c9d5b-x2k4p corrId=c-18e89bbc2d3c0200 credit assessment completed application_id=APP-2026-839501 score=710 decision=APPROVED
2026-03-05T10:22:20.984+01:00 INFO offer-service host=offer-service-7c9d5b-p9qmz corrId=c-18e89bbc2d3c0200 loan offer generated application_id=APP-2026-839501 loan_type=FIXED_30Y principal_dkk=3945000
2026-03-05T10:22:21.005+01:00 INFO document-service host=document-service-7c9d5b-p9qmz corrId=c-18e89bbc2d3c0200 offer document stored application_id=APP-2026-839501 doc_id=DOC-459fded6
2026-03-05T10:22:21.029+01:00 INFO portal-bff host=portal-bff-a41e92-t6zvn corrId=c-18e89bbc2d3c0200 application completed application_id=APP-2026-839501 status=OFFER_ISSUED
2026-03-05T10:22:23.967+01:00 INFO portal-bff host=portal-bff-7c9d5b-x2k4p corrId=c-de0614e9d0d95233 loan application submitted application_id=APP-2026-073123 customer_segment=SME
2026-03-05T10:22:24.064+01:00 INFO identity-service host=identity-service-5b8f6c-t6zvn corrId=c-de0614e9d0d95233 MitID session validated customer_id=C39785694
2026-03-05T10:22:24.158+01:00 INFO customer-service host=customer-service-5b8f6c-t6zvn corrId=c-de0614e9d0d95233 KYC profile loaded customer_id=C39785694 risk_class=HIGH
2026-03-05T10:22:24.249+01:00 INFO valuation-service host=valuation-service-5b8f6c-p9qmz corrId=c-de0614e9d0d95233 property valuation requested property_id=P4357836 provider=bolig-vurdering
2026-03-05T10:22:25.136+01:00 INFO valuation-service host=valuation-service-7c9d5b-p9qmz corrId=c-de0614e9d0d95233 property valuation received property_id=P4357836 value_dkk=6980000 latency_ms=838
2026-03-05T10:22:25.259+01:00 INFO credit-service host=credit-service-5b8f6c-t6zvn corrId=c-de0614e9d0d95233 credit assessment completed application_id=APP-2026-073123 score=754 decision=APPROVED
2026-03-05T10:22:25.318+01:00 INFO offer-service host=offer-service-7c9d5b-t6zvn corrId=c-de0614e9d0d95233 loan offer generated application_id=APP-2026-073123 loan_type=FIXED_20Y_IO principal_dkk=1260000
2026-03-05T10:22:25.446+01:00 INFO document-service host=document-service-a41e92-t6zvn corrId=c-de0614e9d0d95233 offer document stored application_id=APP-2026-073123 doc_id=DOC-91195764
2026-03-05T10:22:25.520+01:00 INFO portal-bff host=portal-bff-a41e92-p9qmz corrId=c-de0614e9d0d95233 application completed application_id=APP-2026-073123 status=OFFER_ISSUED
2026-03-05T10:24:06.508+01:00 INFO portal-bff host=portal-bff-a41e92-p9qmz corrId=c-2aa1c58a9ca88535 conversion quote requested loan_id=LN158865204 target_product=FLEX_1Y
2026-03-05T10:24:06.623+01:00 INFO identity-service host=identity-service-a41e92-p9qmz corrId=c-2aa1c58a9ca88535 MitID session validated customer_id=C54203765
2026-03-05T10:24:06.677+01:00 INFO pricing-service host=pricing-service-5b8f6c-t6zvn corrId=c-2aa1c58a9ca88535 bond price fetched series=BND2.5-2056 price=101.581
2026-03-05T10:24:06.697+01:00 INFO pricing-service host=pricing-service-a41e92-t6zvn corrId=c-2aa1c58a9ca88535 conversion cost calculated loan_id=LN158865204 cost_dkk=22641.67
2026-03-05T10:24:06.705+01:00 INFO quote-service host=quote-service-5b8f6c-t6zvn corrId=c-2aa1c58a9ca88535 conversion quote issued quote_id=Q48791545 loan_id=LN158865204
2026-03-05T10:24:32.918+01:00 INFO portal-bff host=portal-bff-a41e92-p9qmz corrId=c-fb6164ea0319f133 conversion quote requested loan_id=LN257254052 target_product=FLEX_1Y
2026-03-05T10:24:33.058+01:00 INFO identity-service host=identity-service-a41e92-t6zvn corrId=c-fb6164ea0319f133 MitID session validated customer_id=C84793548
2026-03-05T10:24:33.148+01:00 INFO pricing-service host=pricing-service-a41e92-t6zvn corrId=c-fb6164ea0319f133 bond price fetched series=BND2.5-2053 price=89.054
2026-03-05T10:24:33.213+01:00 INFO pricing-service host=pricing-service-7c9d5b-t6zvn corrId=c-fb6164ea0319f133 conversion cost calculated loan_id=LN257254052 cost_dkk=78522.98
2026-03-05T10:24:33.221+01:00 INFO quote-service host=quote-service-5b8f6c-x2k4p corrId=c-fb6164ea0319f133 conversion quote issued quote_id=Q72534606 loan_id=LN257254052
2026-03-05T10:24:42.823+01:00 INFO offer-service host=offer-service-a41e92-t6zvn corrId=c-8cb5a3c65378bcfa offer accepted application_id=APP-2026-773318
2026-03-05T10:24:42.962+01:00 INFO ledger-service host=ledger-service-5b8f6c-x2k4p corrId=c-8cb5a3c65378bcfa funds reserved application_id=APP-2026-773318 amount_dkk=720000
2026-03-05T10:24:43.011+01:00 INFO payment-service host=payment-service-a41e92-p9qmz corrId=c-8cb5a3c65378bcfa payout instruction sent application_id=APP-2026-773318 amount_dkk=720000
2026-03-05T10:24:43.103+01:00 INFO ledger-service host=ledger-service-7c9d5b-p9qmz corrId=c-8cb5a3c65378bcfa payout booked application_id=APP-2026-773318 posting_id=PST-8a3f618e7a
2026-03-05T10:24:43.119+01:00 INFO notification-service host=notification-service-a41e92-p9qmz corrId=c-8cb5a3c65378bcfa payout confirmation sent application_id=APP-2026-773318
2026-03-05T10:25:00.725+01:00 INFO api-gateway host=api-gateway-a41e92-p9qmz corrId=- health probe ok status=200 latency_ms=25
2026-03-05T10:25:25.503+01:00 INFO portal-bff host=portal-bff-5b8f6c-p9qmz corrId=c-8b5e1614680f25cb conversion quote requested loan_id=LN449123058 target_product=FLEX_1Y
2026-03-05T10:25:25.539+01:00 INFO identity-service host=identity-service-5b8f6c-t6zvn corrId=c-8b5e1614680f25cb MitID session validated customer_id=C43799157
2026-03-05T10:25:25.623+01:00 INFO pricing-service host=pricing-service-7c9d5b-p9qmz corrId=c-8b5e1614680f25cb bond price fetched series=BND4.0-2053 price=92.352
2026-03-05T10:25:25.654+01:00 INFO pricing-service host=pricing-service-7c9d5b-p9qmz corrId=c-8b5e1614680f25cb conversion cost calculated loan_id=LN449123058 cost_dkk=6982.24
2026-03-05T10:25:25.734+01:00 INFO quote-service host=quote-service-a41e92-t6zvn corrId=c-8b5e1614680f25cb conversion quote issued quote_id=Q93958660 loan_id=LN449123058
2026-03-05T10:26:36.106+01:00 INFO portal-bff host=portal-bff-a41e92-x2k4p corrId=c-98b64905dd0b9a86 loan application submitted application_id=APP-2026-526912 customer_segment=SME
2026-03-05T10:26:36.172+01:00 INFO identity-service host=identity-service-7c9d5b-x2k4p corrId=c-98b64905dd0b9a86 MitID session validated customer_id=C87174421
2026-03-05T10:26:36.270+01:00 INFO customer-service host=customer-service-a41e92-p9qmz corrId=c-98b64905dd0b9a86 KYC profile loaded customer_id=C87174421 risk_class=HIGH
2026-03-05T10:26:36.379+01:00 INFO valuation-service host=valuation-service-a41e92-t6zvn corrId=c-98b64905dd0b9a86 property valuation requested property_id=P1694732 provider=valuta-ejd
2026-03-05T10:26:37.175+01:00 INFO valuation-service host=valuation-service-a41e92-x2k4p corrId=c-98b64905dd0b9a86 property valuation received property_id=P1694732 value_dkk=600000 latency_ms=775
2026-03-05T10:26:37.191+01:00 INFO credit-service host=credit-service-5b8f6c-x2k4p corrId=c-98b64905dd0b9a86 credit assessment completed application_id=APP-2026-526912 score=458 decision=APPROVED
2026-03-05T10:26:37.242+01:00 INFO offer-service host=offer-service-a41e92-x2k4p corrId=c-98b64905dd0b9a86 loan offer generated application_id=APP-2026-526912 loan_type=FLEX_5Y principal_dkk=1155000
2026-03-05T10:26:37.308+01:00 INFO document-service host=document-service-5b8f6c-x2k4p corrId=c-98b64905dd0b9a86 offer document stored application_id=APP-2026-526912 doc_id=DOC-c829e5aa
2026-03-05T10:26:37.429+01:00 INFO portal-bff host=portal-bff-5b8f6c-t6zvn corrId=c-98b64905dd0b9a86 application completed application_id=APP-2026-526912 status=OFFER_ISSUED
2026-03-05T10:28:24.398+01:00 INFO portal-bff host=portal-bff-7c9d5b-p9qmz corrId=c-c063dc4a522fd1f0 loan application submitted application_id=APP-2026-248051 customer_segment=SME
2026-03-05T10:28:24.412+01:00 INFO identity-service host=identity-service-5b8f6c-x2k4p corrId=c-c063dc4a522fd1f0 MitID session validated customer_id=C41856623
2026-03-05T10:28:24.507+01:00 INFO customer-service host=customer-service-7c9d5b-t6zvn corrId=c-c063dc4a522fd1f0 KYC profile loaded customer_id=C41856623 risk_class=LOW
2026-03-05T10:28:24.611+01:00 INFO valuation-service host=valuation-service-5b8f6c-p9qmz corrId=c-c063dc4a522fd1f0 property valuation requested property_id=P6287207 provider=bolig-vurdering
2026-03-05T10:28:25.217+01:00 INFO valuation-service host=valuation-service-7c9d5b-t6zvn corrId=c-c063dc4a522fd1f0 property valuation received property_id=P6287207 value_dkk=6380000 latency_ms=477
2026-03-05T10:28:25.325+01:00 INFO credit-service host=credit-service-5b8f6c-x2k4p corrId=c-c063dc4a522fd1f0 credit assessment completed application_id=APP-2026-248051 score=850 decision=APPROVED
2026-03-05T10:28:25.461+01:00 INFO offer-service host=offer-service-7c9d5b-t6zvn corrId=c-c063dc4a522fd1f0 loan offer generated application_id=APP-2026-248051 loan_type=FLEX_1Y principal_dkk=4285000
2026-03-05T10:28:25.584+01:00 INFO document-service host=document-service-5b8f6c-p9qmz corrId=c-c063dc4a522fd1f0 offer document stored application_id=APP-2026-248051 doc_id=DOC-9880e071
2026-03-05T10:28:25.724+01:00 INFO portal-bff host=portal-bff-5b8f6c-p9qmz corrId=c-c063dc4a522fd1f0 application completed application_id=APP-2026-248051 status=OFFER_ISSUED
2026-03-05T10:28:41.594+01:00 INFO portal-bff host=portal-bff-5b8f6c-p9qmz corrId=c-d80a46441ab20a8a loan application submitted application_id=APP-2026-507211 customer_segment=SME
2026-03-05T10:28:41.633+01:00 INFO identity-service host=identity-service-a41e92-p9qmz corrId=c-d80a46441ab20a8a MitID session validated customer_id=C15833298
2026-03-05T10:28:41.662+01:00 INFO customer-service host=customer-service-7c9d5b-x2k4p corrId=c-d80a46441ab20a8a KYC profile loaded customer_id=C15833298 risk_class=LOW
2026-03-05T10:28:41.793+01:00 INFO valuation-service host=valuation-service-5b8f6c-x2k4p corrId=c-d80a46441ab20a8a property valuation requested property_id=P0544903 provider=bolig-vurdering
2026-03-05T10:28:42.204+01:00 INFO valuation-service host=valuation-service-7c9d5b-p9qmz corrId=c-d80a46441ab20a8a property valuation received property_id=P0544903 value_dkk=1210000 latency_ms=272
2026-03-05T10:28:42.335+01:00 INFO credit-service host=credit-service-5b8f6c-p9qmz corrId=c-d80a46441ab20a8a credit assessment completed application_id=APP-2026-507211 score=427 decision=APPROVED
2026-03-05T10:28:42.369+01:00 INFO offer-service host=offer-service-a41e92-x2k4p corrId=c-d80a46441ab20a8a loan offer generated application_id=APP-2026-507211 loan_type=FLEX_5Y principal_dkk=4850000
2026-03-05T10:28:42.396+01:00 INFO document-service host=document-service-7c9d5b-t6zvn corrId=c-d80a46441ab20a8a offer document stored application_id=APP-2026-507211 doc_id=DOC-e5b9b1bd
2026-03-05T10:28:42.534+01:00 INFO portal-bff host=portal-bff-7c9d5b-p9qmz corrId=c-d80a46441ab20a8a application completed application_id=APP-2026-507211 status=OFFER_ISSUED
2026-03-05T10:29:03.321+01:00 INFO offer-service host=offer-service-a41e92-x2k4p corrId=c-85f184052b665700 offer accepted application_id=APP-2026-468964
2026-03-05T10:29:03.401+01:00 INFO ledger-service host=ledger-service-7c9d5b-x2k4p corrId=c-85f184052b665700 funds reserved application_id=APP-2026-468964 amount_dkk=3380000
2026-03-05T10:29:03.457+01:00 INFO payment-service host=payment-service-7c9d5b-t6zvn corrId=c-85f184052b665700 payout instruction sent application_id=APP-2026-468964 amount_dkk=3380000
2026-03-05T10:29:03.557+01:00 INFO ledger-service host=ledger-service-7c9d5b-t6zvn corrId=c-85f184052b665700 payout booked application_id=APP-2026-468964 posting_id=PST-debf2873e6
2026-03-05T10:29:03.566+01:00 INFO notification-service host=notification-service-7c9d5b-t6zvn corrId=c-85f184052b665700 payout confirmation sent application_id=APP-2026-468964
2026-03-05T10:29:05.076+01:00 INFO portal-bff host=portal-bff-5b8f6c-t6zvn corrId=c-679b03e8555c4e4f loan application submitted application_id=APP-2026-728331 customer_segment=RETAIL
2026-03-05T10:29:05.095+01:00 INFO identity-service host=identity-service-a41e92-x2k4p corrId=c-679b03e8555c4e4f MitID session validated customer_id=C45302803
2026-03-05T10:29:05.209+01:00 INFO customer-service host=customer-service-7c9d5b-t6zvn corrId=c-679b03e8555c4e4f KYC profile loaded customer_id=C45302803 risk_class=MEDIUM
2026-03-05T10:29:05.331+01:00 INFO valuation-service host=valuation-service-7c9d5b-t6zvn corrId=c-679b03e8555c4e4f property valuation requested property_id=P7716039 provider=bolig-vurdering
2026-03-05T10:29:05.783+01:00 INFO valuation-service host=valuation-service-7c9d5b-t6zvn corrId=c-679b03e8555c4e4f property valuation received property_id=P7716039 value_dkk=8610000 latency_ms=409
2026-03-05T10:29:05.818+01:00 INFO credit-service host=credit-service-7c9d5b-p9qmz corrId=c-679b03e8555c4e4f credit assessment completed application_id=APP-2026-728331 score=808 decision=APPROVED
2026-03-05T10:29:05.859+01:00 INFO offer-service host=offer-service-5b8f6c-t6zvn corrId=c-679b03e8555c4e4f loan offer generated application_id=APP-2026-728331 loan_type=FLEX_5Y principal_dkk=1075000
2026-03-05T10:29:05.909+01:00 INFO document-service host=document-service-7c9d5b-p9qmz corrId=c-679b03e8555c4e4f offer document stored application_id=APP-2026-728331 doc_id=DOC-ff9fe2b7
2026-03-05T10:29:05.932+01:00 INFO portal-bff host=portal-bff-5b8f6c-t6zvn corrId=c-679b03e8555c4e4f application completed application_id=APP-2026-728331 status=OFFER_ISSUED
2026-03-05T10:29:32.949+01:00 INFO offer-service host=offer-service-a41e92-t6zvn corrId=c-1a941161da42a9c0 offer accepted application_id=APP-2026-901913
2026-03-05T10:29:33.051+01:00 INFO ledger-service host=ledger-service-7c9d5b-p9qmz corrId=c-1a941161da42a9c0 funds reserved application_id=APP-2026-901913 amount_dkk=4420000
2026-03-05T10:29:33.141+01:00 INFO payment-service host=payment-service-7c9d5b-p9qmz corrId=c-1a941161da42a9c0 payout instruction sent application_id=APP-2026-901913 amount_dkk=4420000
2026-03-05T10:29:33.233+01:00 INFO ledger-service host=ledger-service-5b8f6c-x2k4p corrId=c-1a941161da42a9c0 payout booked application_id=APP-2026-901913 posting_id=PST-b7adbfe6e3
2026-03-05T10:29:33.338+01:00 INFO notification-service host=notification-service-a41e92-t6zvn corrId=c-1a941161da42a9c0 payout confirmation sent application_id=APP-2026-901913
2026-03-05T10:30:00.137+01:00 INFO api-gateway host=api-gateway-a41e92-t6zvn corrId=- health probe ok status=200 latency_ms=31
2026-03-05T10:30:00.418+01:00 INFO payment-scheduler host=payment-scheduler-a41e92-t6zvn corrId=- scheduler heartbeat lag_ms=87
2026-03-05T10:31:25.128+01:00 INFO portal-bff host=portal-bff-a41e92-t6zvn corrId=c-6c669ed933f48f87 loan application submitted application_id=APP-2026-453369 customer_segment=PRIVATE
2026-03-05T10:31:25.250+01:00 INFO identity-service host=identity-service-a41e92-t6zvn corrId=c-6c669ed933f48f87 MitID session validated customer_id=C90954697
2026-03-05T10:31:25.271+01:00 INFO customer-service host=customer-service-7c9d5b-p9qmz corrId=c-6c669ed933f48f87 KYC profile loaded customer_id=C90954697 risk_class=LOW
2026-03-05T10:31:25.350+01:00 INFO valuation-service host=valuation-service-5b8f6c-t6zvn corrId=c-6c669ed933f48f87 property valuation requested property_id=P9452957 provider=valuta-ejd
2026-03-05T10:31:26.162+01:00 INFO valuation-service host=valuation-service-7c9d5b-t6zvn corrId=c-6c669ed933f48f87 property valuation received property_id=P9452957 value_dkk=5750000 latency_ms=721
2026-03-05T10:31:26.298+01:00 INFO credit-service host=credit-service-5b8f6c-t6zvn corrId=c-6c669ed933f48f87 credit assessment completed application_id=APP-2026-453369 score=777 decision=APPROVED
2026-03-05T10:31:26.308+01:00 INFO offer-service host=offer-service-5b8f6c-p9qmz corrId=c-6c669ed933f48f87 loan offer generated application_id=APP-2026-453369 loan_type=FIXED_30Y principal_dkk=1015000
2026-03-05T10:31:26.318+01:00 INFO document-service host=document-service-a41e92-p9qmz corrId=c-6c669ed933f48f87 offer document stored application_id=APP-2026-453369 doc_id=DOC-87fb30dc
2026-03-05T10:31:26.439+01:00 INFO portal-bff host=portal-bff-5b8f6c-p9qmz corrId=c-6c669ed933f48f87 application completed application_id=APP-2026-453369 status=OFFER_ISSUED
2026-03-05T10:32:36.725+01:00 INFO offer-service host=offer-service-5b8f6c-t6zvn corrId=c-e7df91e18f870500 offer accepted application_id=APP-2026-996996
2026-03-05T10:32:36.769+01:00 INFO ledger-service host=ledger-service-7c9d5b-p9qmz corrId=c-e7df91e18f870500 funds reserved application_id=APP-2026-996996 amount_dkk=4630000
2026-03-05T10:32:36.802+01:00 INFO payment-service host=payment-service-a41e92-t6zvn corrId=c-e7df91e18f870500 payout instruction sent application_id=APP-2026-996996 amount_dkk=4630000
2026-03-05T10:32:36.925+01:00 INFO ledger-service host=ledger-service-7c9d5b-x2k4p corrId=c-e7df91e18f870500 payout booked application_id=APP-2026-996996 posting_id=PST-78b39b0076
2026-03-05T10:32:37.021+01:00 INFO notification-service host=notification-service-a41e92-x2k4p corrId=c-e7df91e18f870500 payout confirmation sent application_id=APP-2026-996996
2026-03-05T10:35:00.290+01:00 INFO api-gateway host=api-gateway-5b8f6c-x2k4p corrId=- health probe ok status=200 latency_ms=12
2026-03-05T10:37:36.066+01:00 INFO portal-bff host=portal-bff-7c9d5b-x2k4p corrId=c-c0c149819978de51 loan application submitted application_id=APP-2026-047126 customer_segment=PRIVATE
2026-03-05T10:37:36.151+01:00 INFO identity-service host=identity-service-7c9d5b-p9qmz corrId=c-c0c149819978de51 MitID session validated customer_id=C91134204
2026-03-05T10:37:36.193+01:00 INFO customer-service host=customer-service-a41e92-t6zvn corrId=c-c0c149819978de51 KYC profile loaded customer_id=C91134204 risk_class=HIGH
2026-03-05T10:37:36.277+01:00 INFO valuation-service host=valuation-service-7c9d5b-t6zvn corrId=c-c0c149819978de51 property valuation served from cache property_id=P2368632 value_dkk=4080000
2026-03-05T10:37:36.314+01:00 INFO credit-service host=credit-service-7c9d5b-x2k4p corrId=c-c0c149819978de51 credit assessment completed application_id=APP-2026-047126 score=627 decision=APPROVED
2026-03-05T10:37:36.333+01:00 INFO offer-service host=offer-service-7c9d5b-x2k4p corrId=c-c0c149819978de51 loan offer generated application_id=APP-2026-047126 loan_type=FLEX_1Y principal_dkk=4805000
2026-03-05T10:37:36.460+01:00 INFO document-service host=document-service-7c9d5b-t6zvn corrId=c-c0c149819978de51 offer document stored application_id=APP-2026-047126 doc_id=DOC-bae4e3e5
2026-03-05T10:37:36.588+01:00 INFO portal-bff host=portal-bff-5b8f6c-p9qmz corrId=c-c0c149819978de51 application completed application_id=APP-2026-047126 status=OFFER_ISSUED
2026-03-05T10:37:50.414+01:00 INFO portal-bff host=portal-bff-7c9d5b-p9qmz corrId=c-7b24c202d5c2e5fd loan application submitted application_id=APP-2026-687713 customer_segment=SME
2026-03-05T10:37:50.502+01:00 INFO identity-service host=identity-service-5b8f6c-t6zvn corrId=c-7b24c202d5c2e5fd MitID session validated customer_id=C75127934
2026-03-05T10:37:50.590+01:00 INFO customer-service host=customer-service-5b8f6c-p9qmz corrId=c-7b24c202d5c2e5fd KYC profile loaded customer_id=C75127934 risk_class=MEDIUM
2026-03-05T10:37:50.597+01:00 INFO valuation-service host=valuation-service-5b8f6c-x2k4p corrId=c-7b24c202d5c2e5fd property valuation requested property_id=P3232908 provider=bolig-vurdering
2026-03-05T10:37:50.846+01:00 INFO valuation-service host=valuation-service-a41e92-t6zvn corrId=c-7b24c202d5c2e5fd property valuation received property_id=P3232908 value_dkk=1250000 latency_ms=220
2026-03-05T10:37:50.911+01:00 INFO credit-service host=credit-service-5b8f6c-x2k4p corrId=c-7b24c202d5c2e5fd credit assessment completed application_id=APP-2026-687713 score=621 decision=APPROVED
2026-03-05T10:37:50.936+01:00 INFO offer-service host=offer-service-5b8f6c-x2k4p corrId=c-7b24c202d5c2e5fd loan offer generated application_id=APP-2026-687713 loan_type=FLEX_5Y principal_dkk=1090000
2026-03-05T10:37:50.951+01:00 INFO document-service host=document-service-5b8f6c-t6zvn corrId=c-7b24c202d5c2e5fd offer document stored application_id=APP-2026-687713 doc_id=DOC-4a1a197a
2026-03-05T10:37:50.994+01:00 INFO portal-bff host=portal-bff-7c9d5b-x2k4p corrId=c-7b24c202d5c2e5fd application completed application_id=APP-2026-687713 status=OFFER_ISSUED
2026-03-05T10:39:47.772+01:00 INFO portal-bff host=portal-bff-a41e92-x2k4p corrId=c-2081f980f8304529 conversion quote requested loan_id=LN333830714 target_product=FLEX_5Y
2026-03-05T10:39:47.875+01:00 INFO identity-service host=identity-service-a41e92-p9qmz corrId=c-2081f980f8304529 MitID session validated customer_id=C49135116
2026-03-05T10:39:47.900+01:00 INFO pricing-service host=pricing-service-a41e92-p9qmz corrId=c-2081f980f8304529 bond price fetched series=BND4.0-2056 price=90.379
2026-03-05T10:39:47.953+01:00 INFO pricing-service host=pricing-service-5b8f6c-p9qmz corrId=c-2081f980f8304529 conversion cost calculated loan_id=LN333830714 cost_dkk=35390.79
2026-03-05T10:39:47.997+01:00 INFO quote-service host=quote-service-a41e92-t6zvn corrId=c-2081f980f8304529 conversion quote issued quote_id=Q70483089 loan_id=LN333830714
2026-03-05T10:40:00.380+01:00 INFO api-gateway host=api-gateway-7c9d5b-x2k4p corrId=- health probe ok status=200 latency_ms=33
2026-03-05T10:40:00.386+01:00 INFO payment-scheduler host=payment-scheduler-a41e92-x2k4p corrId=- scheduler heartbeat lag_ms=38
2026-03-05T10:42:05.272+01:00 INFO portal-bff host=portal-bff-7c9d5b-p9qmz corrId=c-0ae4018c8ccdf606 conversion quote requested loan_id=LN410344710 target_product=FLEX_1Y
2026-03-05T10:42:05.353+01:00 INFO identity-service host=identity-service-a41e92-x2k4p corrId=c-0ae4018c8ccdf606 MitID session validated customer_id=C87192211
2026-03-05T10:42:05.474+01:00 INFO pricing-service host=pricing-service-5b8f6c-t6zvn corrId=c-0ae4018c8ccdf606 bond price fetched series=BND3.0-2056 price=88.340
2026-03-05T10:42:05.607+01:00 INFO pricing-service host=pricing-service-7c9d5b-x2k4p corrId=c-0ae4018c8ccdf606 conversion cost calculated loan_id=LN410344710 cost_dkk=77936.67
2026-03-05T10:42:05.656+01:00 INFO quote-service host=quote-service-5b8f6c-x2k4p corrId=c-0ae4018c8ccdf606 conversion quote issued quote_id=Q90790929 loan_id=LN410344710
2026-03-05T10:42:21.493+01:00 INFO portal-bff host=portal-bff-7c9d5b-x2k4p corrId=c-da2cb7d43dcefbdb loan application submitted application_id=APP-2026-775274 customer_segment=SME
2026-03-05T10:42:21.596+01:00 INFO identity-service host=identity-service-a41e92-p9qmz corrId=c-da2cb7d43dcefbdb MitID session validated customer_id=C54521656
2026-03-05T10:42:21.735+01:00 INFO customer-service host=customer-service-7c9d5b-x2k4p corrId=c-da2cb7d43dcefbdb KYC profile loaded customer_id=C54521656 risk_class=HIGH
2026-03-05T10:42:21.780+01:00 INFO valuation-service host=valuation-service-5b8f6c-t6zvn corrId=c-da2cb7d43dcefbdb property valuation requested property_id=P7406852 provider=valuta-ejd
2026-03-05T10:42:22.771+01:00 INFO valuation-service host=valuation-service-5b8f6c-p9qmz corrId=c-da2cb7d43dcefbdb property valuation received property_id=P7406852 value_dkk=3970000 latency_ms=879
2026-03-05T10:42:22.902+01:00 INFO credit-service host=credit-service-5b8f6c-p9qmz corrId=c-da2cb7d43dcefbdb credit assessment completed application_id=APP-2026-775274 score=649 decision=APPROVED
2026-03-05T10:42:22.940+01:00 INFO offer-service host=offer-service-a41e92-t6zvn corrId=c-da2cb7d43dcefbdb loan offer generated application_id=APP-2026-775274 loan_type=FLEX_5Y principal_dkk=3420000
2026-03-05T10:42:22.989+01:00 INFO document-service host=document-service-a41e92-p9qmz corrId=c-da2cb7d43dcefbdb offer document stored application_id=APP-2026-775274 doc_id=DOC-579d38d2
2026-03-05T10:42:23.086+01:00 INFO portal-bff host=portal-bff-5b8f6c-x2k4p corrId=c-da2cb7d43dcefbdb application completed application_id=APP-2026-775274 status=OFFER_ISSUED
2026-03-05T10:44:46.093+01:00 INFO portal-bff host=portal-bff-5b8f6c-p9qmz corrId=c-7b19bd0d0804da88 loan application submitted application_id=APP-2026-016107 customer_segment=SME
2026-03-05T10:44:46.188+01:00 INFO identity-service host=identity-service-5b8f6c-p9qmz corrId=c-7b19bd0d0804da88 MitID session validated customer_id=C96991867
2026-03-05T10:44:46.301+01:00 INFO customer-service host=customer-service-7c9d5b-x2k4p corrId=c-7b19bd0d0804da88 KYC profile loaded customer_id=C96991867 risk_class=LOW
2026-03-05T10:44:46.440+01:00 INFO valuation-service host=valuation-service-a41e92-x2k4p corrId=c-7b19bd0d0804da88 property valuation requested property_id=P9765658 provider=valuta-ejd
2026-03-05T10:44:47.281+01:00 INFO valuation-service host=valuation-service-a41e92-x2k4p corrId=c-7b19bd0d0804da88 property valuation received property_id=P9765658 value_dkk=7360000 latency_ms=809
2026-03-05T10:44:47.400+01:00 INFO credit-service host=credit-service-a41e92-p9qmz corrId=c-7b19bd0d0804da88 credit assessment completed application_id=APP-2026-016107 score=807 decision=APPROVED
2026-03-05T10:44:47.527+01:00 INFO offer-service host=offer-service-5b8f6c-p9qmz corrId=c-7b19bd0d0804da88 loan offer generated application_id=APP-2026-016107 loan_type=FLEX_1Y principal_dkk=4455000
2026-03-05T10:44:47.534+01:00 INFO document-service host=document-service-7c9d5b-p9qmz corrId=c-7b19bd0d0804da88 offer document stored application_id=APP-2026-016107 doc_id=DOC-033bb37a
2026-03-05T10:44:47.642+01:00 INFO portal-bff host=portal-bff-a41e92-t6zvn corrId=c-7b19bd0d0804da88 application completed application_id=APP-2026-016107 status=OFFER_ISSUED
2026-03-05T10:45:00.765+01:00 INFO api-gateway host=api-gateway-5b8f6c-x2k4p corrId=- health probe ok status=200 latency_ms=32
2026-03-05T10:50:00.016+01:00 INFO api-gateway host=api-gateway-5b8f6c-p9qmz corrId=- health probe ok status=200 latency_ms=28
2026-03-05T10:50:00.394+01:00 INFO payment-scheduler host=payment-scheduler-7c9d5b-t6zvn corrId=- scheduler heartbeat lag_ms=56
2026-03-05T10:51:01.510+01:00 INFO portal-bff host=portal-bff-5b8f6c-t6zvn corrId=c-c777d3c333fa8f0e conversion quote requested loan_id=LN074999504 target_product=FLEX_1Y
2026-03-05T10:51:01.635+01:00 INFO identity-service host=identity-service-a41e92-x2k4p corrId=c-c777d3c333fa8f0e MitID session validated customer_id=C42159002
2026-03-05T10:51:01.642+01:00 INFO pricing-service host=pricing-service-5b8f6c-t6zvn corrId=c-c777d3c333fa8f0e bond price fetched series=BND3.0-2056 price=93.745
2026-03-05T10:51:01.647+01:00 INFO pricing-service host=pricing-service-7c9d5b-p9qmz corrId=c-c777d3c333fa8f0e conversion cost calculated loan_id=LN074999504 cost_dkk=12479.91
2026-03-05T10:51:01.719+01:00 INFO quote-service host=quote-service-5b8f6c-p9qmz corrId=c-c777d3c333fa8f0e conversion quote issued quote_id=Q50103990 loan_id=LN074999504
2026-03-05T10:52:03.000+01:00 INFO valuation-service host=valuation-service-a41e92-t6zvn corrId=- jvm gc pause pause_ms=17
2026-03-05T10:52:52.337+01:00 INFO offer-service host=offer-service-a41e92-t6zvn corrId=c-b794fb52a202d369 offer accepted application_id=APP-2026-863064
2026-03-05T10:52:52.456+01:00 INFO ledger-service host=ledger-service-7c9d5b-p9qmz corrId=c-b794fb52a202d369 funds reserved application_id=APP-2026-863064 amount_dkk=4500000
2026-03-05T10:52:52.465+01:00 INFO payment-service host=payment-service-5b8f6c-t6zvn corrId=c-b794fb52a202d369 payout instruction sent application_id=APP-2026-863064 amount_dkk=4500000
2026-03-05T10:52:52.471+01:00 INFO ledger-service host=ledger-service-7c9d5b-t6zvn corrId=c-b794fb52a202d369 payout booked application_id=APP-2026-863064 posting_id=PST-3a62908cd6
2026-03-05T10:52:52.524+01:00 INFO notification-service host=notification-service-5b8f6c-t6zvn corrId=c-b794fb52a202d369 payout confirmation sent application_id=APP-2026-863064
2026-03-05T10:53:07.350+01:00 INFO portal-bff host=portal-bff-a41e92-t6zvn corrId=c-6c87829f758cb580 loan application submitted application_id=APP-2026-687569 customer_segment=RETAIL
2026-03-05T10:53:07.428+01:00 INFO identity-service host=identity-service-7c9d5b-p9qmz corrId=c-6c87829f758cb580 MitID session validated customer_id=C60809308
2026-03-05T10:53:07.453+01:00 INFO customer-service host=customer-service-a41e92-t6zvn corrId=c-6c87829f758cb580 KYC profile loaded customer_id=C60809308 risk_class=LOW
2026-03-05T10:53:07.519+01:00 INFO valuation-service host=valuation-service-a41e92-x2k4p corrId=c-6c87829f758cb580 property valuation requested property_id=P5473200 provider=valuta-ejd
2026-03-05T10:53:08.490+01:00 INFO valuation-service host=valuation-service-5b8f6c-t6zvn corrId=c-6c87829f758cb580 property valuation received property_id=P5473200 value_dkk=5140000 latency_ms=929
2026-03-05T10:53:08.547+01:00 INFO credit-service host=credit-service-7c9d5b-x2k4p corrId=c-6c87829f758cb580 credit assessment completed application_id=APP-2026-687569 score=668 decision=APPROVED
2026-03-05T10:53:08.665+01:00 INFO offer-service host=offer-service-7c9d5b-p9qmz corrId=c-6c87829f758cb580 loan offer generated application_id=APP-2026-687569 loan_type=FLEX_5Y principal_dkk=4815000
2026-03-05T10:53:08.706+01:00 INFO document-service host=document-service-7c9d5b-x2k4p corrId=c-6c87829f758cb580 offer document stored application_id=APP-2026-687569 doc_id=DOC-feebe04f
2026-03-05T10:53:08.728+01:00 INFO portal-bff host=portal-bff-5b8f6c-p9qmz corrId=c-6c87829f758cb580 application completed application_id=APP-2026-687569 status=OFFER_ISSUED
2026-03-05T10:55:00.657+01:00 INFO api-gateway host=api-gateway-7c9d5b-x2k4p corrId=- health probe ok status=200 latency_ms=30
2026-03-05T10:56:29.848+01:00 INFO portal-bff host=portal-bff-7c9d5b-p9qmz corrId=c-2e9c13c7930e3780 loan application submitted application_id=APP-2026-541055 customer_segment=SME
2026-03-05T10:56:29.948+01:00 INFO identity-service host=identity-service-5b8f6c-x2k4p corrId=c-2e9c13c7930e3780 MitID session validated customer_id=C88241061
2026-03-05T10:56:30.085+01:00 INFO customer-service host=customer-service-5b8f6c-t6zvn corrId=c-2e9c13c7930e3780 KYC profile loaded customer_id=C88241061 risk_class=LOW
2026-03-05T10:56:30.209+01:00 INFO valuation-service host=valuation-service-a41e92-t6zvn corrId=c-2e9c13c7930e3780 property valuation requested property_id=P0828649 provider=bolig-vurdering
2026-03-05T10:56:30.803+01:00 INFO valuation-service host=valuation-service-7c9d5b-t6zvn corrId=c-2e9c13c7930e3780 property valuation received property_id=P0828649 value_dkk=3710000 latency_ms=528
2026-03-05T10:56:30.900+01:00 INFO credit-service host=credit-service-a41e92-x2k4p corrId=c-2e9c13c7930e3780 credit assessment completed application_id=APP-2026-541055 score=637 decision=APPROVED
2026-03-05T10:56:31.038+01:00 INFO offer-service host=offer-service-a41e92-x2k4p corrId=c-2e9c13c7930e3780 loan offer generated application_id=APP-2026-541055 loan_type=FLEX_1Y principal_dkk=4530000
2026-03-05T10:56:31.074+01:00 INFO document-service host=document-service-a41e92-t6zvn corrId=c-2e9c13c7930e3780 offer document stored application_id=APP-2026-541055 doc_id=DOC-2eec129a
2026-03-05T10:56:31.174+01:00 INFO portal-bff host=portal-bff-7c9d5b-t6zvn corrId=c-2e9c13c7930e3780 application completed application_id=APP-2026-541055 status=OFFER_ISSUED
2026-03-05T10:57:34.899+01:00 INFO portal-bff host=portal-bff-7c9d5b-t6zvn corrId=c-a4c2b2fc084ee283 conversion quote requested loan_id=LN215334540 target_product=FLEX_1Y
2026-03-05T10:57:35.000+01:00 INFO identity-service host=identity-service-7c9d5b-p9qmz corrId=c-a4c2b2fc084ee283 MitID session validated customer_id=C22763876
2026-03-05T10:57:35.060+01:00 INFO pricing-service host=pricing-service-5b8f6c-p9qmz corrId=c-a4c2b2fc084ee283 bond price fetched series=BND4.0-2056 price=100.756
2026-03-05T10:57:35.155+01:00 INFO pricing-service host=pricing-service-a41e92-p9qmz corrId=c-a4c2b2fc084ee283 conversion cost calculated loan_id=LN215334540 cost_dkk=18651.77
2026-03-05T10:57:35.220+01:00 INFO quote-service host=quote-service-a41e92-x2k4p corrId=c-a4c2b2fc084ee283 conversion quote issued quote_id=Q00140739 loan_id=LN215334540
2026-03-05T10:57:36.882+01:00 INFO portal-bff host=portal-bff-7c9d5b-x2k4p corrId=c-2a86d782247af106 conversion quote requested loan_id=LN397478800 target_product=FLEX_1Y
2026-03-05T10:57:37.015+01:00 INFO identity-service host=identity-service-7c9d5b-p9qmz corrId=c-2a86d782247af106 MitID session validated customer_id=C96727948
2026-03-05T10:57:37.083+01:00 INFO pricing-service host=pricing-service-7c9d5b-p9qmz corrId=c-2a86d782247af106 bond price fetched series=BND3.0-2053 price=100.447
2026-03-05T10:57:37.161+01:00 INFO pricing-service host=pricing-service-7c9d5b-p9qmz corrId=c-2a86d782247af106 conversion cost calculated loan_id=LN397478800 cost_dkk=51171.55
2026-03-05T10:57:37.297+01:00 INFO quote-service host=quote-service-a41e92-t6zvn corrId=c-2a86d782247af106 conversion quote issued quote_id=Q98631351 loan_id=LN397478800
2026-03-05T10:58:36.536+01:00 INFO offer-service host=offer-service-7c9d5b-p9qmz corrId=c-6552bfe8aa36c18c offer accepted application_id=APP-2026-531057
2026-03-05T10:58:36.606+01:00 INFO ledger-service host=ledger-service-a41e92-t6zvn corrId=c-6552bfe8aa36c18c funds reserved application_id=APP-2026-531057 amount_dkk=4450000
2026-03-05T10:58:36.644+01:00 INFO payment-service host=payment-service-a41e92-x2k4p corrId=c-6552bfe8aa36c18c payout instruction sent application_id=APP-2026-531057 amount_dkk=4450000
2026-03-05T10:58:36.756+01:00 INFO ledger-service host=ledger-service-a41e92-x2k4p corrId=c-6552bfe8aa36c18c payout booked application_id=APP-2026-531057 posting_id=PST-8a8ead5684
2026-03-05T10:58:36.834+01:00 INFO notification-service host=notification-service-a41e92-t6zvn corrId=c-6552bfe8aa36c18c payout confirmation sent application_id=APP-2026-531057
2026-03-05T11:00:00.153+01:00 INFO payment-scheduler host=payment-scheduler-7c9d5b-t6zvn corrId=- scheduler heartbeat lag_ms=85
2026-03-05T11:00:00.348+01:00 INFO api-gateway host=api-gateway-7c9d5b-p9qmz corrId=- health probe ok status=200 latency_ms=24
2026-03-05T11:00:41.529+01:00 INFO portal-bff host=portal-bff-a41e92-t6zvn corrId=c-765fccac75332215 loan application submitted application_id=APP-2026-420176 customer_segment=RETAIL
2026-03-05T11:00:41.539+01:00 INFO identity-service host=identity-service-a41e92-t6zvn corrId=c-765fccac75332215 MitID session validated customer_id=C15582172
2026-03-05T11:00:41.606+01:00 INFO customer-service host=customer-service-a41e92-t6zvn corrId=c-765fccac75332215 KYC profile loaded customer_id=C15582172 risk_class=LOW
2026-03-05T11:00:41.612+01:00 INFO valuation-service host=valuation-service-5b8f6c-x2k4p corrId=c-765fccac75332215 property valuation requested property_id=P1174304 provider=valuta-ejd
2026-03-05T11:00:41.960+01:00 INFO valuation-service host=valuation-service-5b8f6c-t6zvn corrId=c-765fccac75332215 property valuation received property_id=P1174304 value_dkk=8780000 latency_ms=286
2026-03-05T11:00:42.024+01:00 INFO credit-service host=credit-service-7c9d5b-x2k4p corrId=c-765fccac75332215 credit assessment completed application_id=APP-2026-420176 score=444 decision=APPROVED
2026-03-05T11:00:42.062+01:00 INFO offer-service host=offer-service-7c9d5b-t6zvn corrId=c-765fccac75332215 loan offer generated application_id=APP-2026-420176 loan_type=FIXED_20Y_IO principal_dkk=4470000
2026-03-05T11:00:42.076+01:00 INFO document-service host=document-service-5b8f6c-t6zvn corrId=c-765fccac75332215 offer document stored application_id=APP-2026-420176 doc_id=DOC-d3b121e8
2026-03-05T11:00:42.186+01:00 INFO portal-bff host=portal-bff-7c9d5b-t6zvn corrId=c-765fccac75332215 application completed application_id=APP-2026-420176 status=OFFER_ISSUED
2026-03-05T11:00:48.000+01:00 INFO config-service host=config-service-5b8f6c-x2k4p corrId=- configuration refreshed version=v112
2026-03-05T11:02:23.113+01:00 INFO portal-bff host=portal-bff-a41e92-t6zvn corrId=c-760748da50ba724a conversion quote requested loan_id=LN887466176 target_product=FIXED_30Y
2026-03-05T11:02:23.152+01:00 INFO identity-service host=identity-service-5b8f6c-p9qmz corrId=c-760748da50ba724a MitID session validated customer_id=C89221719
2026-03-05T11:02:23.205+01:00 INFO pricing-service host=pricing-service-a41e92-x2k4p corrId=c-760748da50ba724a bond price fetched series=BND4.0-2053 price=100.370
2026-03-05T11:02:23.265+01:00 INFO pricing-service host=pricing-service-5b8f6c-p9qmz corrId=c-760748da50ba724a conversion cost calculated loan_id=LN887466176 cost_dkk=9856.32
2026-03-05T11:02:23.361+01:00 INFO quote-service host=quote-service-7c9d5b-x2k4p corrId=c-760748da50ba724a conversion quote issued quote_id=Q39372803 loan_id=LN887466176
2026-03-05T11:04:45.231+01:00 INFO portal-bff host=portal-bff-5b8f6c-p9qmz corrId=c-403280b576a15bd1 conversion quote requested loan_id=LN297105965 target_product=FLEX_5Y
2026-03-05T11:04:45.252+01:00 INFO identity-service host=identity-service-a41e92-p9qmz corrId=c-403280b576a15bd1 MitID session validated customer_id=C44278466
2026-03-05T11:04:45.310+01:00 INFO pricing-service host=pricing-service-7c9d5b-p9qmz corrId=c-403280b576a15bd1 bond price fetched series=BND2.5-2056 price=88.826
2026-03-05T11:04:45.396+01:00 INFO pricing-service host=pricing-service-7c9d5b-p9qmz corrId=c-403280b576a15bd1 conversion cost calculated loan_id=LN297105965 cost_dkk=70726.40
2026-03-05T11:04:45.479+01:00 INFO quote-service host=quote-service-7c9d5b-x2k4p corrId=c-403280b576a15bd1 conversion quote issued quote_id=Q78200227 loan_id=LN297105965
2026-03-05T11:05:00.064+01:00 INFO api-gateway host=api-gateway-a41e92-p9qmz corrId=- health probe ok status=200 latency_ms=11
2026-03-05T11:06:42.500+01:00 INFO portal-bff host=portal-bff-5b8f6c-p9qmz corrId=c-bb6b7753f0d2e30d conversion quote requested loan_id=LN567560638 target_product=FIXED_30Y
2026-03-05T11:06:42.595+01:00 INFO identity-service host=identity-service-5b8f6c-x2k4p corrId=c-bb6b7753f0d2e30d MitID session validated customer_id=C82631601
2026-03-05T11:06:42.665+01:00 INFO pricing-service host=pricing-service-a41e92-t6zvn corrId=c-bb6b7753f0d2e30d bond price fetched series=BND3.0-2056 price=98.265
2026-03-05T11:06:42.797+01:00 INFO pricing-service host=pricing-service-7c9d5b-p9qmz corrId=c-bb6b7753f0d2e30d conversion cost calculated loan_id=LN567560638 cost_dkk=60346.75
2026-03-05T11:06:42.864+01:00 INFO quote-service host=quote-service-7c9d5b-x2k4p corrId=c-bb6b7753f0d2e30d conversion quote issued quote_id=Q96734786 loan_id=LN567560638
2026-03-05T11:07:35.972+01:00 INFO portal-bff host=portal-bff-7c9d5b-p9qmz corrId=c-03f84ceef3f4ce57 loan application submitted application_id=APP-2026-774470 customer_segment=RETAIL
2026-03-05T11:07:36.035+01:00 INFO identity-service host=identity-service-7c9d5b-t6zvn corrId=c-03f84ceef3f4ce57 MitID session validated customer_id=C73503285
2026-03-05T11:07:36.160+01:00 INFO customer-service host=customer-service-5b8f6c-p9qmz corrId=c-03f84ceef3f4ce57 KYC profile loaded customer_id=C73503285 risk_class=LOW
2026-03-05T11:07:36.241+01:00 INFO valuation-service host=valuation-service-7c9d5b-p9qmz corrId=c-03f84ceef3f4ce57 property valuation requested property_id=P0074156 provider=bolig-vurdering
2026-03-05T11:07:37.146+01:00 INFO valuation-service host=valuation-service-5b8f6c-x2k4p corrId=c-03f84ceef3f4ce57 property valuation received property_id=P0074156 value_dkk=6250000 latency_ms=834
2026-03-05T11:07:37.158+01:00 INFO credit-service host=credit-service-7c9d5b-t6zvn corrId=c-03f84ceef3f4ce57 credit assessment completed application_id=APP-2026-774470 score=507 decision=APPROVED
2026-03-05T11:07:37.178+01:00 INFO offer-service host=offer-service-5b8f6c-p9qmz corrId=c-03f84ceef3f4ce57 loan offer generated application_id=APP-2026-774470 loan_type=FIXED_30Y principal_dkk=4600000
2026-03-05T11:07:37.289+01:00 INFO document-service host=document-service-7c9d5b-p9qmz corrId=c-03f84ceef3f4ce57 offer document stored application_id=APP-2026-774470 doc_id=DOC-4fea1c3b
2026-03-05T11:07:37.402+01:00 INFO portal-bff host=portal-bff-a41e92-x2k4p corrId=c-03f84ceef3f4ce57 application completed application_id=APP-2026-774470 status=OFFER_ISSUED
2026-03-05T11:08:36.141+01:00 INFO offer-service host=offer-service-5b8f6c-p9qmz corrId=c-d59aa5189b8202c5 offer accepted application_id=APP-2026-345863
2026-03-05T11:08:36.156+01:00 INFO ledger-service host=ledger-service-5b8f6c-p9qmz corrId=c-d59aa5189b8202c5 funds reserved application_id=APP-2026-345863 amount_dkk=5335000
2026-03-05T11:08:36.178+01:00 INFO payment-service host=payment-service-5b8f6c-x2k4p corrId=c-d59aa5189b8202c5 payout instruction sent application_id=APP-2026-345863 amount_dkk=5335000
2026-03-05T11:08:36.264+01:00 INFO ledger-service host=ledger-service-7c9d5b-x2k4p corrId=c-d59aa5189b8202c5 payout booked application_id=APP-2026-345863 posting_id=PST-34fc029d96
2026-03-05T11:08:36.320+01:00 INFO notification-service host=notification-service-a41e92-t6zvn corrId=c-d59aa5189b8202c5 payout confirmation sent application_id=APP-2026-345863
2026-03-05T11:10:00.027+01:00 INFO payment-scheduler host=payment-scheduler-5b8f6c-t6zvn corrId=- scheduler heartbeat lag_ms=79
2026-03-05T11:10:00.188+01:00 INFO api-gateway host=api-gateway-a41e92-t6zvn corrId=- health probe ok status=200 latency_ms=19
2026-03-05T11:11:54.910+01:00 INFO portal-bff host=portal-bff-5b8f6c-p9qmz corrId=c-0b55f3a87b4f6bff loan application submitted application_id=APP-2026-179955 customer_segment=RETAIL
2026-03-05T11:11:55.005+01:00 INFO identity-service host=identity-service-a41e92-t6zvn corrId=c-0b55f3a87b4f6bff MitID session validated customer_id=C38295720
2026-03-05T11:11:55.129+01:00 INFO customer-service host=customer-service-7c9d5b-p9qmz corrId=c-0b55f3a87b4f6bff KYC profile loaded customer_id=C38295720 risk_class=LOW
2026-03-05T11:11:55.264+01:00 INFO valuation-service host=valuation-service-5b8f6c-x2k4p corrId=c-0b55f3a87b4f6bff property valuation requested property_id=P7338731 provider=bolig-vurdering
2026-03-05T11:11:55.601+01:00 INFO valuation-service host=valuation-service-a41e92-p9qmz corrId=c-0b55f3a87b4f6bff property valuation received property_id=P7338731 value_dkk=5470000 latency_ms=237
2026-03-05T11:11:55.705+01:00 INFO credit-service host=credit-service-7c9d5b-p9qmz corrId=c-0b55f3a87b4f6bff credit assessment completed application_id=APP-2026-179955 score=729 decision=APPROVED
2026-03-05T11:11:55.732+01:00 INFO offer-service host=offer-service-a41e92-t6zvn corrId=c-0b55f3a87b4f6bff loan offer generated application_id=APP-2026-179955 loan_type=FIXED_20Y_IO principal_dkk=1940000
2026-03-05T11:11:55.763+01:00 INFO document-service host=document-service-7c9d5b-t6zvn corrId=c-0b55f3a87b4f6bff offer document stored application_id=APP-2026-179955 doc_id=DOC-606a6e47
2026-03-05T11:11:55.850+01:00 INFO portal-bff host=portal-bff-7c9d5b-p9qmz corrId=c-0b55f3a87b4f6bff application completed application_id=APP-2026-179955 status=OFFER_ISSUED
2026-03-05T11:11:56.016+01:00 INFO portal-bff host=portal-bff-7c9d5b-x2k4p corrId=c-da95c20cbe0e989b conversion quote requested loan_id=LN433892449 target_product=FLEX_5Y
2026-03-05T11:11:56.124+01:00 INFO identity-service host=identity-service-7c9d5b-t6zvn corrId=c-da95c20cbe0e989b MitID session validated customer_id=C61499211
2026-03-05T11:11:56.160+01:00 INFO pricing-service host=pricing-service-7c9d5b-p9qmz corrId=c-da95c20cbe0e989b bond price fetched series=BND2.5-2056 price=98.478
2026-03-05T11:11:56.229+01:00 INFO pricing-service host=pricing-service-7c9d5b-p9qmz corrId=c-da95c20cbe0e989b conversion cost calculated loan_id=LN433892449 cost_dkk=84829.38
2026-03-05T11:11:56.300+01:00 INFO quote-service host=quote-service-a41e92-p9qmz corrId=c-da95c20cbe0e989b conversion quote issued quote_id=Q69710917 loan_id=LN433892449
2026-03-05T11:12:11.996+01:00 INFO portal-bff host=portal-bff-a41e92-x2k4p corrId=c-6d52c02641130930 conversion quote requested loan_id=LN965364048 target_product=FLEX_5Y
2026-03-05T11:12:12.077+01:00 INFO identity-service host=identity-service-a41e92-p9qmz corrId=c-6d52c02641130930 MitID session validated customer_id=C04849803
2026-03-05T11:12:12.202+01:00 INFO pricing-service host=pricing-service-7c9d5b-x2k4p corrId=c-6d52c02641130930 bond price fetched series=BND3.0-2056 price=94.313
2026-03-05T11:12:12.305+01:00 INFO pricing-service host=pricing-service-7c9d5b-t6zvn corrId=c-6d52c02641130930 conversion cost calculated loan_id=LN965364048 cost_dkk=65769.22
2026-03-05T11:12:12.324+01:00 INFO quote-service host=quote-service-5b8f6c-x2k4p corrId=c-6d52c02641130930 conversion quote issued quote_id=Q40827569 loan_id=LN965364048
2026-03-05T11:12:33.225+01:00 INFO portal-bff host=portal-bff-a41e92-t6zvn corrId=c-ba5530f5987d82b0 loan application submitted application_id=APP-2026-233826 customer_segment=SME
2026-03-05T11:12:33.264+01:00 INFO identity-service host=identity-service-7c9d5b-x2k4p corrId=c-ba5530f5987d82b0 MitID session validated customer_id=C65087800
2026-03-05T11:12:33.312+01:00 INFO customer-service host=customer-service-7c9d5b-p9qmz corrId=c-ba5530f5987d82b0 KYC profile loaded customer_id=C65087800 risk_class=HIGH
2026-03-05T11:12:33.405+01:00 INFO valuation-service host=valuation-service-7c9d5b-p9qmz corrId=c-ba5530f5987d82b0 property valuation requested property_id=P8754871 provider=bolig-vurdering
2026-03-05T11:12:33.755+01:00 INFO valuation-service host=valuation-service-7c9d5b-p9qmz corrId=c-ba5530f5987d82b0 property valuation received property_id=P8754871 value_dkk=6100000 latency_ms=281
2026-03-05T11:12:33.777+01:00 INFO credit-service host=credit-service-5b8f6c-p9qmz corrId=c-ba5530f5987d82b0 credit assessment completed application_id=APP-2026-233826 score=636 decision=APPROVED
2026-03-05T11:12:33.915+01:00 INFO offer-service host=offer-service-5b8f6c-t6zvn corrId=c-ba5530f5987d82b0 loan offer generated application_id=APP-2026-233826 loan_type=FIXED_20Y_IO principal_dkk=4470000
2026-03-05T11:12:34.009+01:00 INFO document-service host=document-service-a41e92-x2k4p corrId=c-ba5530f5987d82b0 offer document stored application_id=APP-2026-233826 doc_id=DOC-039288a9
2026-03-05T11:12:34.036+01:00 INFO portal-bff host=portal-bff-a41e92-t6zvn corrId=c-ba5530f5987d82b0 application completed application_id=APP-2026-233826 status=OFFER_ISSUED
2026-03-05T11:14:32.564+01:00 INFO portal-bff host=portal-bff-a41e92-x2k4p corrId=c-dc626a7c004f68d6 loan application submitted application_id=APP-2026-289087 customer_segment=PRIVATE
2026-03-05T11:14:32.584+01:00 INFO identity-service host=identity-service-5b8f6c-x2k4p corrId=c-dc626a7c004f68d6 MitID session validated customer_id=C92479615
2026-03-05T11:14:32.714+01:00 INFO customer-service host=customer-service-a41e92-x2k4p corrId=c-dc626a7c004f68d6 KYC profile loaded customer_id=C92479615 risk_class=MEDIUM
2026-03-05T11:14:32.795+01:00 INFO valuation-service host=valuation-service-a41e92-p9qmz corrId=c-dc626a7c004f68d6 property valuation requested property_id=P5008282 provider=valuta-ejd
2026-03-05T11:14:33.584+01:00 INFO valuation-service host=valuation-service-7c9d5b-x2k4p corrId=c-dc626a7c004f68d6 property valuation received property_id=P5008282 value_dkk=6910000 latency_ms=738
2026-03-05T11:14:33.636+01:00 INFO credit-service host=credit-service-5b8f6c-x2k4p corrId=c-dc626a7c004f68d6 credit assessment completed application_id=APP-2026-289087 score=505 decision=APPROVED
2026-03-05T11:14:33.669+01:00 INFO offer-service host=offer-service-7c9d5b-t6zvn corrId=c-dc626a7c004f68d6 loan offer generated application_id=APP-2026-289087 loan_type=FLEX_5Y principal_dkk=5415000
2026-03-05T11:14:33.738+01:00 INFO document-service host=document-service-5b8f6c-x2k4p corrId=c-dc626a7c004f68d6 offer document stored application_id=APP-2026-289087 doc_id=DOC-2e402aa9
2026-03-05T11:14:33.830+01:00 INFO portal-bff host=portal-bff-5b8f6c-x2k4p corrId=c-dc626a7c004f68d6 application completed application_id=APP-2026-289087 status=OFFER_ISSUED
2026-03-05T11:15:00.350+01:00 INFO api-gateway host=api-gateway-7c9d5b-x2k4p corrId=- health probe ok status=200 latency_ms=22
2026-03-05T11:15:14.939+01:00 INFO portal-bff host=portal-bff-a41e92-t6zvn corrId=c-f37eda1ea524a7c0 conversion quote requested loan_id=LN482136899 target_product=FLEX_1Y
2026-03-05T11:15:14.997+01:00 INFO identity-service host=identity-service-7c9d5b-p9qmz corrId=c-f37eda1ea524a7c0 MitID session validated customer_id=C56807428
2026-03-05T11:15:15.024+01:00 INFO pricing-service host=pricing-service-a41e92-t6zvn corrId=c-f37eda1ea524a7c0 bond price fetched series=BND4.0-2053 price=98.455
2026-03-05T11:15:15.092+01:00 INFO pricing-service host=pricing-service-a41e92-x2k4p corrId=c-f37eda1ea524a7c0 conversion cost calculated loan_id=LN482136899 cost_dkk=6433.24
2026-03-05T11:15:15.216+01:00 INFO quote-service host=quote-service-5b8f6c-x2k4p corrId=c-f37eda1ea524a7c0 conversion quote issued quote_id=Q20161159 loan_id=LN482136899
2026-03-05T11:16:58.514+01:00 INFO portal-bff host=portal-bff-5b8f6c-t6zvn corrId=c-7d649673fb67a3d4 conversion quote requested loan_id=LN618273003 target_product=FIXED_30Y
2026-03-05T11:16:58.627+01:00 INFO identity-service host=identity-service-7c9d5b-p9qmz corrId=c-7d649673fb67a3d4 MitID session validated customer_id=C24755734
2026-03-05T11:16:58.674+01:00 INFO pricing-service host=pricing-service-5b8f6c-p9qmz corrId=c-7d649673fb67a3d4 bond price fetched series=BND4.0-2053 price=90.168
2026-03-05T11:16:58.746+01:00 INFO pricing-service host=pricing-service-5b8f6c-x2k4p corrId=c-7d649673fb67a3d4 conversion cost calculated loan_id=LN618273003 cost_dkk=68279.25
2026-03-05T11:16:58.845+01:00 INFO quote-service host=quote-service-7c9d5b-t6zvn corrId=c-7d649673fb67a3d4 conversion quote issued quote_id=Q92551962 loan_id=LN618273003
2026-03-05T11:17:01.227+01:00 INFO portal-bff host=portal-bff-7c9d5b-x2k4p corrId=c-5694ff1e859050d4 loan application submitted application_id=APP-2026-697987 customer_segment=SME
2026-03-05T11:17:01.366+01:00 INFO identity-service host=identity-service-5b8f6c-x2k4p corrId=c-5694ff1e859050d4 MitID session validated customer_id=C90147182
2026-03-05T11:17:01.394+01:00 INFO customer-service host=customer-service-7c9d5b-t6zvn corrId=c-5694ff1e859050d4 KYC profile loaded customer_id=C90147182 risk_class=MEDIUM
2026-03-05T11:17:01.438+01:00 INFO valuation-service host=valuation-service-7c9d5b-p9qmz corrId=c-5694ff1e859050d4 property valuation served from cache property_id=P3607187 value_dkk=1720000
2026-03-05T11:17:01.527+01:00 INFO credit-service host=credit-service-5b8f6c-t6zvn corrId=c-5694ff1e859050d4 credit assessment completed application_id=APP-2026-697987 score=745 decision=APPROVED
2026-03-05T11:17:01.629+01:00 INFO offer-service host=offer-service-5b8f6c-x2k4p corrId=c-5694ff1e859050d4 loan offer generated application_id=APP-2026-697987 loan_type=FIXED_30Y principal_dkk=2430000
2026-03-05T11:17:01.768+01:00 INFO document-service host=document-service-5b8f6c-x2k4p corrId=c-5694ff1e859050d4 offer document stored application_id=APP-2026-697987 doc_id=DOC-23d0fd7c
2026-03-05T11:17:01.805+01:00 INFO portal-bff host=portal-bff-a41e92-t6zvn corrId=c-5694ff1e859050d4 application completed application_id=APP-2026-697987 status=OFFER_ISSUED
2026-03-05T11:17:09.754+01:00 INFO portal-bff host=portal-bff-5b8f6c-x2k4p corrId=c-59b0d820a87c270e loan application submitted application_id=APP-2026-589651 customer_segment=RETAIL
2026-03-05T11:17:09.764+01:00 INFO identity-service host=identity-service-a41e92-t6zvn corrId=c-59b0d820a87c270e MitID session validated customer_id=C64563646
2026-03-05T11:17:09.832+01:00 INFO customer-service host=customer-service-a41e92-t6zvn corrId=c-59b0d820a87c270e KYC profile loaded customer_id=C64563646 risk_class=LOW
2026-03-05T11:17:09.964+01:00 INFO valuation-service host=valuation-service-5b8f6c-t6zvn corrId=c-59b0d820a87c270e property valuation requested property_id=P4224088 provider=valuta-ejd
2026-03-05T11:17:10.447+01:00 INFO valuation-service host=valuation-service-7c9d5b-p9qmz corrId=c-59b0d820a87c270e property valuation received property_id=P4224088 value_dkk=640000 latency_ms=447
2026-03-05T11:17:10.495+01:00 INFO credit-service host=credit-service-7c9d5b-p9qmz corrId=c-59b0d820a87c270e credit assessment completed application_id=APP-2026-589651 score=426 decision=APPROVED
2026-03-05T11:17:10.558+01:00 INFO offer-service host=offer-service-a41e92-p9qmz corrId=c-59b0d820a87c270e loan offer generated application_id=APP-2026-589651 loan_type=FLEX_1Y principal_dkk=1520000
2026-03-05T11:17:10.577+01:00 INFO document-service host=document-service-a41e92-x2k4p corrId=c-59b0d820a87c270e offer document stored application_id=APP-2026-589651 doc_id=DOC-73121f41
2026-03-05T11:17:10.715+01:00 INFO portal-bff host=portal-bff-a41e92-t6zvn corrId=c-59b0d820a87c270e application completed application_id=APP-2026-589651 status=OFFER_ISSUED
2026-03-05T11:17:33.520+01:00 INFO portal-bff host=portal-bff-7c9d5b-x2k4p corrId=c-4c3b7fe80daf5b8b loan application submitted application_id=APP-2026-890240 customer_segment=SME
2026-03-05T11:17:33.569+01:00 INFO identity-service host=identity-service-5b8f6c-x2k4p corrId=c-4c3b7fe80daf5b8b MitID session validated customer_id=C16356094
2026-03-05T11:17:33.690+01:00 INFO customer-service host=customer-service-a41e92-x2k4p corrId=c-4c3b7fe80daf5b8b KYC profile loaded customer_id=C16356094 risk_class=MEDIUM
2026-03-05T11:17:33.698+01:00 INFO valuation-service host=valuation-service-7c9d5b-p9qmz corrId=c-4c3b7fe80daf5b8b property valuation requested property_id=P3746577 provider=valuta-ejd
2026-03-05T11:17:34.663+01:00 INFO valuation-service host=valuation-service-a41e92-p9qmz corrId=c-4c3b7fe80daf5b8b property valuation received property_id=P3746577 value_dkk=620000 latency_ms=931
2026-03-05T11:17:34.682+01:00 INFO credit-service host=credit-service-5b8f6c-t6zvn corrId=c-4c3b7fe80daf5b8b credit assessment completed application_id=APP-2026-890240 score=875 decision=APPROVED
2026-03-05T11:17:34.782+01:00 INFO offer-service host=offer-service-5b8f6c-t6zvn corrId=c-4c3b7fe80daf5b8b loan offer generated application_id=APP-2026-890240 loan_type=FLEX_5Y principal_dkk=4610000
2026-03-05T11:17:34.800+01:00 INFO document-service host=document-service-a41e92-p9qmz corrId=c-4c3b7fe80daf5b8b offer document stored application_id=APP-2026-890240 doc_id=DOC-defd38b4
2026-03-05T11:17:34.873+01:00 INFO portal-bff host=portal-bff-7c9d5b-t6zvn corrId=c-4c3b7fe80daf5b8b application completed application_id=APP-2026-890240 status=OFFER_ISSUED
2026-03-05T11:19:45.372+01:00 INFO portal-bff host=portal-bff-a41e92-x2k4p corrId=c-cf4046a64632f3d5 loan application submitted application_id=APP-2026-179231 customer_segment=RETAIL
2026-03-05T11:19:45.435+01:00 INFO identity-service host=identity-service-5b8f6c-p9qmz corrId=c-cf4046a64632f3d5 MitID session validated customer_id=C99429327
2026-03-05T11:19:45.497+01:00 INFO customer-service host=customer-service-7c9d5b-t6zvn corrId=c-cf4046a64632f3d5 KYC profile loaded customer_id=C99429327 risk_class=HIGH
2026-03-05T11:19:45.535+01:00 INFO valuation-service host=valuation-service-a41e92-t6zvn corrId=c-cf4046a64632f3d5 property valuation requested property_id=P8272725 provider=bolig-vurdering
2026-03-05T11:19:45.869+01:00 INFO valuation-service host=valuation-service-a41e92-p9qmz corrId=c-cf4046a64632f3d5 property valuation received property_id=P8272725 value_dkk=8300000 latency_ms=204
2026-03-05T11:19:45.911+01:00 INFO credit-service host=credit-service-a41e92-p9qmz corrId=c-cf4046a64632f3d5 credit assessment completed application_id=APP-2026-179231 score=876 decision=APPROVED
2026-03-05T11:19:45.948+01:00 INFO offer-service host=offer-service-7c9d5b-t6zvn corrId=c-cf4046a64632f3d5 loan offer generated application_id=APP-2026-179231 loan_type=FLEX_1Y principal_dkk=3830000
2026-03-05T11:19:46.087+01:00 INFO document-service host=document-service-a41e92-x2k4p corrId=c-cf4046a64632f3d5 offer document stored application_id=APP-2026-179231 doc_id=DOC-64e55803
2026-03-05T11:19:46.205+01:00 INFO portal-bff host=portal-bff-5b8f6c-x2k4p corrId=c-cf4046a64632f3d5 application completed application_id=APP-2026-179231 status=OFFER_ISSUED
2026-03-05T11:19:57.431+01:00 INFO offer-service host=offer-service-a41e92-x2k4p corrId=c-eea1e0f382b9c188 offer accepted application_id=APP-2026-025560
2026-03-05T11:19:57.445+01:00 INFO ledger-service host=ledger-service-a41e92-t6zvn corrId=c-eea1e0f382b9c188 funds reserved application_id=APP-2026-025560 amount_dkk=3475000
2026-03-05T11:19:57.528+01:00 INFO payment-service host=payment-service-5b8f6c-p9qmz corrId=c-eea1e0f382b9c188 payout instruction sent application_id=APP-2026-025560 amount_dkk=3475000
2026-03-05T11:19:57.559+01:00 INFO ledger-service host=ledger-service-5b8f6c-p9qmz corrId=c-eea1e0f382b9c188 payout booked application_id=APP-2026-025560 posting_id=PST-6b75b91f3c
2026-03-05T11:19:57.597+01:00 INFO notification-service host=notification-service-5b8f6c-t6zvn corrId=c-eea1e0f382b9c188 payout confirmation sent application_id=APP-2026-025560
2026-03-05T11:20:00.279+01:00 INFO payment-scheduler host=payment-scheduler-a41e92-p9qmz corrId=- scheduler heartbeat lag_ms=70
2026-03-05T11:20:00.657+01:00 INFO api-gateway host=api-gateway-a41e92-p9qmz corrId=- health probe ok status=200 latency_ms=31
2026-03-05T11:21:47.304+01:00 INFO portal-bff host=portal-bff-a41e92-x2k4p corrId=c-a69c5b76538846a9 loan application submitted application_id=APP-2026-416185 customer_segment=RETAIL
2026-03-05T11:21:47.373+01:00 INFO identity-service host=identity-service-7c9d5b-x2k4p corrId=c-a69c5b76538846a9 MitID session validated customer_id=C22209316
2026-03-05T11:21:47.495+01:00 INFO customer-service host=customer-service-7c9d5b-x2k4p corrId=c-a69c5b76538846a9 KYC profile loaded customer_id=C22209316 risk_class=LOW
2026-03-05T11:21:47.580+01:00 INFO valuation-service host=valuation-service-7c9d5b-t6zvn corrId=c-a69c5b76538846a9 property valuation served from cache property_id=P5808107 value_dkk=2840000
2026-03-05T11:21:47.656+01:00 INFO credit-service host=credit-service-5b8f6c-p9qmz corrId=c-a69c5b76538846a9 credit assessment completed application_id=APP-2026-416185 score=464 decision=APPROVED
2026-03-05T11:21:47.712+01:00 INFO offer-service host=offer-service-a41e92-p9qmz corrId=c-a69c5b76538846a9 loan offer generated application_id=APP-2026-416185 loan_type=FIXED_20Y_IO principal_dkk=2315000
2026-03-05T11:21:47.814+01:00 INFO document-service host=document-service-a41e92-p9qmz corrId=c-a69c5b76538846a9 offer document stored application_id=APP-2026-416185 doc_id=DOC-5ce1b07c
2026-03-05T11:21:47.835+01:00 INFO portal-bff host=portal-bff-5b8f6c-x2k4p corrId=c-a69c5b76538846a9 application completed application_id=APP-2026-416185 status=OFFER_ISSUED
2026-03-05T11:22:28.959+01:00 INFO portal-bff host=portal-bff-7c9d5b-p9qmz corrId=c-f3b805d1cf21ad41 loan application submitted application_id=APP-2026-098421 customer_segment=RETAIL
2026-03-05T11:22:29.032+01:00 INFO identity-service host=identity-service-5b8f6c-t6zvn corrId=c-f3b805d1cf21ad41 MitID session validated customer_id=C50418588
2026-03-05T11:22:29.087+01:00 INFO customer-service host=customer-service-7c9d5b-x2k4p corrId=c-f3b805d1cf21ad41 KYC profile loaded customer_id=C50418588 risk_class=LOW
2026-03-05T11:22:29.150+01:00 INFO valuation-service host=valuation-service-5b8f6c-t6zvn corrId=c-f3b805d1cf21ad41 property valuation served from cache property_id=P8207316 value_dkk=8970000
2026-03-05T11:22:29.238+01:00 INFO credit-service host=credit-service-7c9d5b-t6zvn corrId=c-f3b805d1cf21ad41 credit assessment completed application_id=APP-2026-098421 score=853 decision=APPROVED
2026-03-05T11:22:29.296+01:00 INFO offer-service host=offer-service-7c9d5b-x2k4p corrId=c-f3b805d1cf21ad41 loan offer generated application_id=APP-2026-098421 loan_type=FLEX_1Y principal_dkk=1920000
2026-03-05T11:22:29.349+01:00 INFO document-service host=document-service-5b8f6c-p9qmz corrId=c-f3b805d1cf21ad41 offer document stored application_id=APP-2026-098421 doc_id=DOC-960cd414
2026-03-05T11:22:29.455+01:00 INFO portal-bff host=portal-bff-5b8f6c-x2k4p corrId=c-f3b805d1cf21ad41 application completed application_id=APP-2026-098421 status=OFFER_ISSUED
2026-03-05T11:22:55.692+01:00 INFO offer-service host=offer-service-a41e92-x2k4p corrId=c-007e2949420ee2c4 offer accepted application_id=APP-2026-991801
2026-03-05T11:22:55.744+01:00 INFO ledger-service host=ledger-service-5b8f6c-x2k4p corrId=c-007e2949420ee2c4 funds reserved application_id=APP-2026-991801 amount_dkk=3885000
2026-03-05T11:22:55.751+01:00 INFO payment-service host=payment-service-7c9d5b-x2k4p corrId=c-007e2949420ee2c4 payout instruction sent application_id=APP-2026-991801 amount_dkk=3885000
2026-03-05T11:22:55.860+01:00 INFO ledger-service host=ledger-service-7c9d5b-t6zvn corrId=c-007e2949420ee2c4 payout booked application_id=APP-2026-991801 posting_id=PST-adc7888b36
2026-03-05T11:22:55.939+01:00 INFO notification-service host=notification-service-5b8f6c-x2k4p corrId=c-007e2949420ee2c4 payout confirmation sent application_id=APP-2026-991801
2026-03-05T11:23:17.428+01:00 INFO offer-service host=offer-service-a41e92-p9qmz corrId=c-33320b10e77ae055 offer accepted application_id=APP-2026-456374
2026-03-05T11:23:17.490+01:00 INFO ledger-service host=ledger-service-5b8f6c-t6zvn corrId=c-33320b10e77ae055 funds reserved application_id=APP-2026-456374 amount_dkk=3315000
2026-03-05T11:23:17.508+01:00 INFO payment-service host=payment-service-5b8f6c-x2k4p corrId=c-33320b10e77ae055 payout instruction sent application_id=APP-2026-456374 amount_dkk=3315000
2026-03-05T11:23:17.543+01:00 INFO ledger-service host=ledger-service-5b8f6c-x2k4p corrId=c-33320b10e77ae055 payout booked application_id=APP-2026-456374 posting_id=PST-57fbe41b89
2026-03-05T11:23:17.558+01:00 INFO notification-service host=notification-service-5b8f6c-t6zvn corrId=c-33320b10e77ae055 payout confirmation sent application_id=APP-2026-456374
2026-03-05T11:25:00.837+01:00 INFO api-gateway host=api-gateway-5b8f6c-t6zvn corrId=- health probe ok status=200 latency_ms=7
2026-03-05T11:26:41.898+01:00 INFO offer-service host=offer-service-7c9d5b-x2k4p corrId=c-5e519a1f5b91fe9e offer accepted application_id=APP-2026-869036
2026-03-05T11:26:41.930+01:00 INFO ledger-service host=ledger-service-a41e92-t6zvn corrId=c-5e519a1f5b91fe9e funds reserved application_id=APP-2026-869036 amount_dkk=1285000
2026-03-05T11:26:41.938+01:00 INFO payment-service host=payment-service-5b8f6c-p9qmz corrId=c-5e519a1f5b91fe9e payout instruction sent application_id=APP-2026-869036 amount_dkk=1285000
2026-03-05T11:26:42.028+01:00 INFO ledger-service host=ledger-service-7c9d5b-t6zvn corrId=c-5e519a1f5b91fe9e payout booked application_id=APP-2026-869036 posting_id=PST-d56736e0f7
2026-03-05T11:26:42.163+01:00 INFO notification-service host=notification-service-7c9d5b-x2k4p corrId=c-5e519a1f5b91fe9e payout confirmation sent application_id=APP-2026-869036
2026-03-05T11:28:09.577+01:00 INFO portal-bff host=portal-bff-5b8f6c-x2k4p corrId=c-bb89cf69d5018189 loan application submitted application_id=APP-2026-888569 customer_segment=PRIVATE
2026-03-05T11:28:09.594+01:00 INFO identity-service host=identity-service-a41e92-x2k4p corrId=c-bb89cf69d5018189 MitID session validated customer_id=C65665899
2026-03-05T11:28:09.638+01:00 INFO customer-service host=customer-service-a41e92-p9qmz corrId=c-bb89cf69d5018189 KYC profile loaded customer_id=C65665899 risk_class=MEDIUM
2026-03-05T11:28:09.689+01:00 INFO valuation-service host=valuation-service-5b8f6c-x2k4p corrId=c-bb89cf69d5018189 property valuation served from cache property_id=P5863200 value_dkk=6450000
2026-03-05T11:28:09.718+01:00 INFO credit-service host=credit-service-5b8f6c-x2k4p corrId=c-bb89cf69d5018189 credit assessment completed application_id=APP-2026-888569 score=554 decision=APPROVED
2026-03-05T11:28:09.743+01:00 INFO offer-service host=offer-service-5b8f6c-p9qmz corrId=c-bb89cf69d5018189 loan offer generated application_id=APP-2026-888569 loan_type=FLEX_5Y principal_dkk=3480000
2026-03-05T11:28:09.874+01:00 INFO document-service host=document-service-7c9d5b-t6zvn corrId=c-bb89cf69d5018189 offer document stored application_id=APP-2026-888569 doc_id=DOC-3b4099a5
2026-03-05T11:28:09.987+01:00 INFO portal-bff host=portal-bff-a41e92-x2k4p corrId=c-bb89cf69d5018189 application completed application_id=APP-2026-888569 status=OFFER_ISSUED
2026-03-05T11:28:27.827+01:00 INFO portal-bff host=portal-bff-7c9d5b-x2k4p corrId=c-279129aadda0cd52 conversion quote requested loan_id=LN727133258 target_product=FLEX_1Y
2026-03-05T11:28:27.876+01:00 INFO identity-service host=identity-service-5b8f6c-p9qmz corrId=c-279129aadda0cd52 MitID session validated customer_id=C54332719
2026-03-05T11:28:27.977+01:00 INFO pricing-service host=pricing-service-7c9d5b-t6zvn corrId=c-279129aadda0cd52 bond price fetched series=BND3.0-2056 price=97.587
2026-03-05T11:28:28.095+01:00 INFO pricing-service host=pricing-service-7c9d5b-t6zvn corrId=c-279129aadda0cd52 conversion cost calculated loan_id=LN727133258 cost_dkk=41031.11
2026-03-05T11:28:28.158+01:00 INFO quote-service host=quote-service-a41e92-p9qmz corrId=c-279129aadda0cd52 conversion quote issued quote_id=Q19319104 loan_id=LN727133258
2026-03-05T11:28:38.982+01:00 INFO portal-bff host=portal-bff-7c9d5b-t6zvn corrId=c-24219fa6e830c2be conversion quote requested loan_id=LN272303192 target_product=FIXED_30Y
2026-03-05T11:28:39.005+01:00 INFO identity-service host=identity-service-5b8f6c-x2k4p corrId=c-24219fa6e830c2be MitID session validated customer_id=C02892537
2026-03-05T11:28:39.050+01:00 INFO pricing-service host=pricing-service-5b8f6c-x2k4p corrId=c-24219fa6e830c2be bond price fetched series=BND2.5-2056 price=95.832
2026-03-05T11:28:39.070+01:00 INFO pricing-service host=pricing-service-5b8f6c-p9qmz corrId=c-24219fa6e830c2be conversion cost calculated loan_id=LN272303192 cost_dkk=73579.14
2026-03-05T11:28:39.154+01:00 INFO quote-service host=quote-service-7c9d5b-t6zvn corrId=c-24219fa6e830c2be conversion quote issued quote_id=Q12282979 loan_id=LN272303192
2026-03-05T11:30:00.241+01:00 INFO payment-scheduler host=payment-scheduler-a41e92-x2k4p corrId=- scheduler heartbeat lag_ms=42
2026-03-05T11:30:00.366+01:00 INFO api-gateway host=api-gateway-5b8f6c-t6zvn corrId=- health probe ok status=200 latency_ms=38
2026-03-05T11:31:58.149+01:00 INFO portal-bff host=portal-bff-5b8f6c-p9qmz corrId=c-8be2fd645a38148f loan application submitted application_id=APP-2026-421148 customer_segment=PRIVATE
2026-03-05T11:31:58.283+01:00 INFO identity-service host=identity-service-a41e92-p9qmz corrId=c-8be2fd645a38148f MitID session validated customer_id=C84151370
2026-03-05T11:31:58.347+01:00 INFO customer-service host=customer-service-5b8f6c-x2k4p corrId=c-8be2fd645a38148f KYC profile loaded customer_id=C84151370 risk_class=LOW
2026-03-05T11:31:58.415+01:00 INFO valuation-service host=valuation-service-5b8f6c-p9qmz corrId=c-8be2fd645a38148f property valuation requested property_id=P5399527 provider=bolig-vurdering
2026-03-05T11:31:59.087+01:00 INFO valuation-service host=valuation-service-5b8f6c-x2k4p corrId=c-8be2fd645a38148f property valuation received property_id=P5399527 value_dkk=8490000 latency_ms=602
2026-03-05T11:31:59.215+01:00 INFO credit-service host=credit-service-a41e92-p9qmz corrId=c-8be2fd645a38148f credit assessment completed application_id=APP-2026-421148 score=561 decision=APPROVED
2026-03-05T11:31:59.244+01:00 INFO offer-service host=offer-service-5b8f6c-t6zvn corrId=c-8be2fd645a38148f loan offer generated application_id=APP-2026-421148 loan_type=FLEX_5Y principal_dkk=5885000
2026-03-05T11:31:59.364+01:00 INFO document-service host=document-service-a41e92-x2k4p corrId=c-8be2fd645a38148f offer document stored application_id=APP-2026-421148 doc_id=DOC-a059ada9
2026-03-05T11:31:59.471+01:00 INFO portal-bff host=portal-bff-7c9d5b-x2k4p corrId=c-8be2fd645a38148f application completed application_id=APP-2026-421148 status=OFFER_ISSUED
2026-03-05T11:35:00.314+01:00 INFO api-gateway host=api-gateway-a41e92-p9qmz corrId=- health probe ok status=200 latency_ms=37
2026-03-05T11:35:27.183+01:00 INFO offer-service host=offer-service-5b8f6c-t6zvn corrId=c-ed8a09041f998640 offer accepted application_id=APP-2026-788133
2026-03-05T11:35:27.234+01:00 INFO ledger-service host=ledger-service-a41e92-p9qmz corrId=c-ed8a09041f998640 funds reserved application_id=APP-2026-788133 amount_dkk=2250000
2026-03-05T11:35:27.272+01:00 INFO payment-service host=payment-service-7c9d5b-t6zvn corrId=c-ed8a09041f998640 payout instruction sent application_id=APP-2026-788133 amount_dkk=2250000
2026-03-05T11:35:27.286+01:00 INFO ledger-service host=ledger-service-5b8f6c-t6zvn corrId=c-ed8a09041f998640 payout booked application_id=APP-2026-788133 posting_id=PST-e70f044433
2026-03-05T11:35:27.416+01:00 INFO notification-service host=notification-service-5b8f6c-t6zvn corrId=c-ed8a09041f998640 payout confirmation sent application_id=APP-2026-788133
2026-03-05T11:40:00.747+01:00 INFO api-gateway host=api-gateway-5b8f6c-t6zvn corrId=- health probe ok status=200 latency_ms=28
2026-03-05T11:40:00.759+01:00 INFO payment-scheduler host=payment-scheduler-5b8f6c-x2k4p corrId=- scheduler heartbeat lag_ms=115
2026-03-05T11:40:37.610+01:00 INFO portal-bff host=portal-bff-5b8f6c-x2k4p corrId=c-dc4e3a959ec55238 conversion quote requested loan_id=LN832867098 target_product=FIXED_30Y
2026-03-05T11:40:37.729+01:00 INFO identity-service host=identity-service-a41e92-p9qmz corrId=c-dc4e3a959ec55238 MitID session validated customer_id=C77253310
2026-03-05T11:40:37.809+01:00 INFO pricing-service host=pricing-service-5b8f6c-t6zvn corrId=c-dc4e3a959ec55238 bond price fetched series=BND2.5-2053 price=100.904
2026-03-05T11:40:37.858+01:00 INFO pricing-service host=pricing-service-a41e92-t6zvn corrId=c-dc4e3a959ec55238 conversion cost calculated loan_id=LN832867098 cost_dkk=19192.54
2026-03-05T11:40:37.893+01:00 INFO quote-service host=quote-service-a41e92-t6zvn corrId=c-dc4e3a959ec55238 conversion quote issued quote_id=Q40627476 loan_id=LN832867098
2026-03-05T11:41:37.983+01:00 INFO portal-bff host=portal-bff-7c9d5b-t6zvn corrId=c-f0dc1e24f006d77e loan application submitted application_id=APP-2026-974072 customer_segment=SME
2026-03-05T11:41:38.119+01:00 INFO identity-service host=identity-service-7c9d5b-t6zvn corrId=c-f0dc1e24f006d77e MitID session validated customer_id=C23686152
2026-03-05T11:41:38.201+01:00 INFO customer-service host=customer-service-7c9d5b-t6zvn corrId=c-f0dc1e24f006d77e KYC profile loaded customer_id=C23686152 risk_class=LOW
2026-03-05T11:41:38.245+01:00 INFO valuation-service host=valuation-service-5b8f6c-x2k4p corrId=c-f0dc1e24f006d77e property valuation served from cache property_id=P5706805 value_dkk=960000
2026-03-05T11:41:38.328+01:00 INFO credit-service host=credit-service-7c9d5b-x2k4p corrId=c-f0dc1e24f006d77e credit assessment completed application_id=APP-2026-974072 score=642 decision=APPROVED
2026-03-05T11:41:38.336+01:00 INFO offer-service host=offer-service-a41e92-x2k4p corrId=c-f0dc1e24f006d77e loan offer generated application_id=APP-2026-974072 loan_type=FLEX_5Y principal_dkk=2635000
2026-03-05T11:41:38.369+01:00 INFO document-service host=document-service-5b8f6c-p9qmz corrId=c-f0dc1e24f006d77e offer document stored application_id=APP-2026-974072 doc_id=DOC-9f769e9e
2026-03-05T11:41:38.417+01:00 INFO portal-bff host=portal-bff-7c9d5b-p9qmz corrId=c-f0dc1e24f006d77e application completed application_id=APP-2026-974072 status=OFFER_ISSUED
2026-03-05T11:42:20.922+01:00 INFO portal-bff host=portal-bff-5b8f6c-t6zvn corrId=c-23364414ddc9587b loan application submitted application_id=APP-2026-509695 customer_segment=SME
2026-03-05T11:42:21.032+01:00 INFO identity-service host=identity-service-a41e92-p9qmz corrId=c-23364414ddc9587b MitID session validated customer_id=C52012924
2026-03-05T11:42:21.108+01:00 INFO customer-service host=customer-service-7c9d5b-p9qmz corrId=c-23364414ddc9587b KYC profile loaded customer_id=C52012924 risk_class=LOW
2026-03-05T11:42:21.182+01:00 INFO valuation-service host=valuation-service-a41e92-x2k4p corrId=c-23364414ddc9587b property valuation requested property_id=P8465275 provider=bolig-vurdering
2026-03-05T11:42:22.181+01:00 INFO valuation-service host=valuation-service-5b8f6c-p9qmz corrId=c-23364414ddc9587b property valuation received property_id=P8465275 value_dkk=7450000 latency_ms=877
2026-03-05T11:42:22.213+01:00 INFO credit-service host=credit-service-a41e92-p9qmz corrId=c-23364414ddc9587b credit assessment completed application_id=APP-2026-509695 score=677 decision=APPROVED
2026-03-05T11:42:22.287+01:00 INFO offer-service host=offer-service-5b8f6c-t6zvn corrId=c-23364414ddc9587b loan offer generated application_id=APP-2026-509695 loan_type=FIXED_30Y principal_dkk=725000
2026-03-05T11:42:22.383+01:00 INFO document-service host=document-service-7c9d5b-x2k4p corrId=c-23364414ddc9587b offer document stored application_id=APP-2026-509695 doc_id=DOC-eca8f3c1
2026-03-05T11:42:22.507+01:00 INFO portal-bff host=portal-bff-7c9d5b-x2k4p corrId=c-23364414ddc9587b application completed application_id=APP-2026-509695 status=OFFER_ISSUED
2026-03-05T11:43:05.973+01:00 INFO portal-bff host=portal-bff-a41e92-x2k4p corrId=c-9705c51ac2fc7e0f loan application submitted application_id=APP-2026-044754 customer_segment=RETAIL
2026-03-05T11:43:06.040+01:00 INFO identity-service host=identity-service-a41e92-x2k4p corrId=c-9705c51ac2fc7e0f MitID session validated customer_id=C36867156
2026-03-05T11:43:06.076+01:00 INFO customer-service host=customer-service-5b8f6c-t6zvn corrId=c-9705c51ac2fc7e0f KYC profile loaded customer_id=C36867156 risk_class=LOW
2026-03-05T11:43:06.206+01:00 INFO valuation-service host=valuation-service-a41e92-t6zvn corrId=c-9705c51ac2fc7e0f property valuation served from cache property_id=P3273098 value_dkk=6590000
2026-03-05T11:43:06.219+01:00 INFO credit-service host=credit-service-a41e92-p9qmz corrId=c-9705c51ac2fc7e0f credit assessment completed application_id=APP-2026-044754 score=456 decision=APPROVED
2026-03-05T11:43:06.333+01:00 INFO offer-service host=offer-service-7c9d5b-p9qmz corrId=c-9705c51ac2fc7e0f loan offer generated application_id=APP-2026-044754 loan_type=FLEX_5Y principal_dkk=2655000
2026-03-05T11:43:06.388+01:00 INFO document-service host=document-service-7c9d5b-t6zvn corrId=c-9705c51ac2fc7e0f offer document stored application_id=APP-2026-044754 doc_id=DOC-eb350721
2026-03-05T11:43:06.467+01:00 INFO portal-bff host=portal-bff-5b8f6c-t6zvn corrId=c-9705c51ac2fc7e0f application completed application_id=APP-2026-044754 status=OFFER_ISSUED
2026-03-05T11:43:49.547+01:00 INFO portal-bff host=portal-bff-7c9d5b-x2k4p corrId=c-a9e2dbeb29e3a912 loan application submitted application_id=APP-2026-531642 customer_segment=RETAIL
2026-03-05T11:43:49.613+01:00 INFO identity-service host=identity-service-7c9d5b-t6zvn corrId=c-a9e2dbeb29e3a912 MitID session validated customer_id=C88155869
2026-03-05T11:43:49.678+01:00 INFO customer-service host=customer-service-7c9d5b-t6zvn corrId=c-a9e2dbeb29e3a912 KYC profile loaded customer_id=C88155869 risk_class=MEDIUM
2026-03-05T11:43:49.728+01:00 INFO valuation-service host=valuation-service-a41e92-p9qmz corrId=c-a9e2dbeb29e3a912 property valuation requested property_id=P9870023 provider=bolig-vurdering
2026-03-05T11:43:50.137+01:00 INFO valuation-service host=valuation-service-5b8f6c-t6zvn corrId=c-a9e2dbeb29e3a912 property valuation received property_id=P9870023 value_dkk=8920000 latency_ms=374
2026-03-05T11:43:50.269+01:00 INFO credit-service host=credit-service-a41e92-x2k4p corrId=c-a9e2dbeb29e3a912 credit assessment completed application_id=APP-2026-531642 score=504 decision=APPROVED
2026-03-05T11:43:50.288+01:00 INFO offer-service host=offer-service-5b8f6c-t6zvn corrId=c-a9e2dbeb29e3a912 loan offer generated application_id=APP-2026-531642 loan_type=FIXED_30Y principal_dkk=5765000
2026-03-05T11:43:50.358+01:00 INFO document-service host=document-service-a41e92-p9qmz corrId=c-a9e2dbeb29e3a912 offer document stored application_id=APP-2026-531642 doc_id=DOC-8c849a1c
2026-03-05T11:43:50.455+01:00 INFO portal-bff host=portal-bff-7c9d5b-t6zvn corrId=c-a9e2dbeb29e3a912 application completed application_id=APP-2026-531642 status=OFFER_ISSUED
2026-03-05T11:44:32.317+01:00 INFO offer-service host=offer-service-7c9d5b-t6zvn corrId=c-511d8320158704d8 offer accepted application_id=APP-2026-070901
2026-03-05T11:44:32.444+01:00 INFO ledger-service host=ledger-service-a41e92-p9qmz corrId=c-511d8320158704d8 funds reserved application_id=APP-2026-070901 amount_dkk=5675000
2026-03-05T11:44:32.584+01:00 INFO payment-service host=payment-service-5b8f6c-x2k4p corrId=c-511d8320158704d8 payout instruction sent application_id=APP-2026-070901 amount_dkk=5675000
2026-03-05T11:44:32.655+01:00 INFO ledger-service host=ledger-service-7c9d5b-t6zvn corrId=c-511d8320158704d8 payout booked application_id=APP-2026-070901 posting_id=PST-cbeefc5e34
2026-03-05T11:44:32.689+01:00 INFO notification-service host=notification-service-7c9d5b-p9qmz corrId=c-511d8320158704d8 payout confirmation sent application_id=APP-2026-070901
2026-03-05T11:45:00.027+01:00 INFO api-gateway host=api-gateway-7c9d5b-t6zvn corrId=- health probe ok status=200 latency_ms=27
2026-03-05T11:45:24.776+01:00 INFO portal-bff host=portal-bff-5b8f6c-x2k4p corrId=c-0284fe298028423c loan application submitted application_id=APP-2026-658717 customer_segment=SME
2026-03-05T11:45:24.836+01:00 INFO identity-service host=identity-service-7c9d5b-x2k4p corrId=c-0284fe298028423c MitID session validated customer_id=C24864304
2026-03-05T11:45:24.873+01:00 INFO customer-service host=customer-service-5b8f6c-t6zvn corrId=c-0284fe298028423c KYC profile loaded customer_id=C24864304 risk_class=LOW
2026-03-05T11:45:25.005+01:00 INFO valuation-service host=valuation-service-5b8f6c-t6zvn corrId=c-0284fe298028423c property valuation requested property_id=P7448233 provider=bolig-vurdering
2026-03-05T11:45:25.699+01:00 INFO valuation-service host=valuation-service-5b8f6c-t6zvn corrId=c-0284fe298028423c property valuation received property_id=P7448233 value_dkk=3240000 latency_ms=592
2026-03-05T11:45:25.838+01:00 INFO credit-service host=credit-service-a41e92-x2k4p corrId=c-0284fe298028423c credit assessment completed application_id=APP-2026-658717 score=601 decision=APPROVED
2026-03-05T11:45:25.869+01:00 INFO offer-service host=offer-service-7c9d5b-p9qmz corrId=c-0284fe298028423c loan offer generated application_id=APP-2026-658717 loan_type=FIXED_20Y_IO principal_dkk=3440000
2026-03-05T11:45:25.936+01:00 INFO document-service host=document-service-a41e92-p9qmz corrId=c-0284fe298028423c offer document stored application_id=APP-2026-658717 doc_id=DOC-c8b3285f
2026-03-05T11:45:25.976+01:00 INFO portal-bff host=portal-bff-7c9d5b-p9qmz corrId=c-0284fe298028423c application completed application_id=APP-2026-658717 status=OFFER_ISSUED
2026-03-05T11:46:23.949+01:00 INFO portal-bff host=portal-bff-5b8f6c-t6zvn corrId=c-2399aedf339f29e9 loan application submitted application_id=APP-2026-651949 customer_segment=RETAIL
2026-03-05T11:46:24.068+01:00 INFO identity-service host=identity-service-7c9d5b-t6zvn corrId=c-2399aedf339f29e9 MitID session validated customer_id=C19204748
2026-03-05T11:46:24.188+01:00 INFO customer-service host=customer-service-7c9d5b-x2k4p corrId=c-2399aedf339f29e9 KYC profile loaded customer_id=C19204748 risk_class=LOW
2026-03-05T11:46:24.251+01:00 INFO valuation-service host=valuation-service-7c9d5b-p9qmz corrId=c-2399aedf339f29e9 property valuation requested property_id=P4302024 provider=bolig-vurdering
2026-03-05T11:46:24.849+01:00 INFO valuation-service host=valuation-service-7c9d5b-x2k4p corrId=c-2399aedf339f29e9 property valuation received property_id=P4302024 value_dkk=7360000 latency_ms=541
2026-03-05T11:46:24.890+01:00 INFO credit-service host=credit-service-5b8f6c-t6zvn corrId=c-2399aedf339f29e9 credit assessment completed application_id=APP-2026-651949 score=639 decision=APPROVED
2026-03-05T11:46:24.922+01:00 INFO offer-service host=offer-service-5b8f6c-x2k4p corrId=c-2399aedf339f29e9 loan offer generated application_id=APP-2026-651949 loan_type=FIXED_30Y principal_dkk=3860000
2026-03-05T11:46:25.020+01:00 INFO document-service host=document-service-a41e92-x2k4p corrId=c-2399aedf339f29e9 offer document stored application_id=APP-2026-651949 doc_id=DOC-9edf5b44
2026-03-05T11:46:25.036+01:00 INFO portal-bff host=portal-bff-7c9d5b-p9qmz corrId=c-2399aedf339f29e9 application completed application_id=APP-2026-651949 status=OFFER_ISSUED
2026-03-05T11:47:18.654+01:00 INFO portal-bff host=portal-bff-5b8f6c-x2k4p corrId=c-5b6a9ec72db6ba19 loan application submitted application_id=APP-2026-807677 customer_segment=SME
2026-03-05T11:47:18.750+01:00 INFO identity-service host=identity-service-7c9d5b-p9qmz corrId=c-5b6a9ec72db6ba19 MitID session validated customer_id=C04035174
2026-03-05T11:47:18.889+01:00 INFO customer-service host=customer-service-5b8f6c-p9qmz corrId=c-5b6a9ec72db6ba19 KYC profile loaded customer_id=C04035174 risk_class=LOW
2026-03-05T11:47:19.024+01:00 INFO valuation-service host=valuation-service-a41e92-t6zvn corrId=c-5b6a9ec72db6ba19 property valuation requested property_id=P7771636 provider=valuta-ejd
2026-03-05T11:47:19.682+01:00 INFO valuation-service host=valuation-service-7c9d5b-x2k4p corrId=c-5b6a9ec72db6ba19 property valuation received property_id=P7771636 value_dkk=6400000 latency_ms=574
2026-03-05T11:47:19.733+01:00 INFO credit-service host=credit-service-5b8f6c-x2k4p corrId=c-5b6a9ec72db6ba19 credit assessment completed application_id=APP-2026-807677 score=478 decision=APPROVED
2026-03-05T11:47:19.782+01:00 INFO offer-service host=offer-service-a41e92-p9qmz corrId=c-5b6a9ec72db6ba19 loan offer generated application_id=APP-2026-807677 loan_type=FLEX_1Y principal_dkk=3190000
2026-03-05T11:47:19.904+01:00 INFO document-service host=document-service-a41e92-p9qmz corrId=c-5b6a9ec72db6ba19 offer document stored application_id=APP-2026-807677 doc_id=DOC-95e1742d
2026-03-05T11:47:19.989+01:00 INFO portal-bff host=portal-bff-a41e92-p9qmz corrId=c-5b6a9ec72db6ba19 application completed application_id=APP-2026-807677 status=OFFER_ISSUED
2026-03-05T11:47:34.000+01:00 INFO portal-bff host=portal-bff-a41e92-t6zvn corrId=c-16a48f2a259d365a conversion quote requested loan_id=LN958366636 target_product=FLEX_1Y
2026-03-05T11:47:34.029+01:00 INFO identity-service host=identity-service-5b8f6c-x2k4p corrId=c-16a48f2a259d365a MitID session validated customer_id=C40655116
2026-03-05T11:47:34.100+01:00 INFO pricing-service host=pricing-service-5b8f6c-x2k4p corrId=c-16a48f2a259d365a bond price fetched series=BND4.0-2056 price=90.943
2026-03-05T11:47:34.219+01:00 INFO pricing-service host=pricing-service-7c9d5b-t6zvn corrId=c-16a48f2a259d365a conversion cost calculated loan_id=LN958366636 cost_dkk=40444.49
2026-03-05T11:47:34.334+01:00 INFO quote-service host=quote-service-a41e92-t6zvn corrId=c-16a48f2a259d365a conversion quote issued quote_id=Q62822996 loan_id=LN958366636
2026-03-05T11:48:30.898+01:00 INFO portal-bff host=portal-bff-7c9d5b-p9qmz corrId=c-4901e3554c7e480b loan application submitted application_id=APP-2026-777720 customer_segment=RETAIL
2026-03-05T11:48:31.017+01:00 INFO identity-service host=identity-service-5b8f6c-t6zvn corrId=c-4901e3554c7e480b MitID session validated customer_id=C24476545
2026-03-05T11:48:31.131+01:00 INFO customer-service host=customer-service-a41e92-x2k4p corrId=c-4901e3554c7e480b KYC profile loaded customer_id=C24476545 risk_class=HIGH
2026-03-05T11:48:31.218+01:00 INFO valuation-service host=valuation-service-5b8f6c-p9qmz corrId=c-4901e3554c7e480b property valuation requested property_id=P1294327 provider=valuta-ejd
2026-03-05T11:48:32.035+01:00 INFO valuation-service host=valuation-service-a41e92-p9qmz corrId=c-4901e3554c7e480b property valuation received property_id=P1294327 value_dkk=6760000 latency_ms=679
2026-03-05T11:48:32.158+01:00 INFO credit-service host=credit-service-7c9d5b-t6zvn corrId=c-4901e3554c7e480b credit assessment completed application_id=APP-2026-777720 score=866 decision=APPROVED
2026-03-05T11:48:32.293+01:00 INFO offer-service host=offer-service-5b8f6c-p9qmz corrId=c-4901e3554c7e480b loan offer generated application_id=APP-2026-777720 loan_type=FIXED_20Y_IO principal_dkk=3595000
2026-03-05T11:48:32.361+01:00 INFO document-service host=document-service-a41e92-x2k4p corrId=c-4901e3554c7e480b offer document stored application_id=APP-2026-777720 doc_id=DOC-7cfe5f31
2026-03-05T11:48:32.497+01:00 INFO portal-bff host=portal-bff-7c9d5b-t6zvn corrId=c-4901e3554c7e480b application completed application_id=APP-2026-777720 status=OFFER_ISSUED
2026-03-05T11:50:00.448+01:00 INFO payment-scheduler host=payment-scheduler-a41e92-x2k4p corrId=- scheduler heartbeat lag_ms=0
2026-03-05T11:50:00.610+01:00 INFO api-gateway host=api-gateway-a41e92-x2k4p corrId=- health probe ok status=200 latency_ms=18
2026-03-05T11:52:46.031+01:00 INFO portal-bff host=portal-bff-a41e92-p9qmz corrId=c-4c3f47d54fac47a3 conversion quote requested loan_id=LN275733634 target_product=FIXED_30Y
2026-03-05T11:52:46.080+01:00 INFO identity-service host=identity-service-7c9d5b-t6zvn corrId=c-4c3f47d54fac47a3 MitID session validated customer_id=C64749230
2026-03-05T11:52:46.144+01:00 INFO pricing-service host=pricing-service-7c9d5b-t6zvn corrId=c-4c3f47d54fac47a3 bond price fetched series=BND2.5-2056 price=88.384
2026-03-05T11:52:46.220+01:00 INFO pricing-service host=pricing-service-a41e92-t6zvn corrId=c-4c3f47d54fac47a3 conversion cost calculated loan_id=LN275733634 cost_dkk=82027.22
2026-03-05T11:52:46.235+01:00 INFO quote-service host=quote-service-7c9d5b-p9qmz corrId=c-4c3f47d54fac47a3 conversion quote issued quote_id=Q06984034 loan_id=LN275733634
2026-03-05T11:53:51.864+01:00 INFO portal-bff host=portal-bff-a41e92-t6zvn corrId=c-5bd4ce43ce5790c9 conversion quote requested loan_id=LN360867576 target_product=FLEX_5Y
2026-03-05T11:53:51.892+01:00 INFO identity-service host=identity-service-a41e92-p9qmz corrId=c-5bd4ce43ce5790c9 MitID session validated customer_id=C29853483
2026-03-05T11:53:51.913+01:00 INFO pricing-service host=pricing-service-7c9d5b-x2k4p corrId=c-5bd4ce43ce5790c9 bond price fetched series=BND2.5-2053 price=95.229
2026-03-05T11:53:51.929+01:00 INFO pricing-service host=pricing-service-a41e92-p9qmz corrId=c-5bd4ce43ce5790c9 conversion cost calculated loan_id=LN360867576 cost_dkk=69965.08
2026-03-05T11:53:52.053+01:00 INFO quote-service host=quote-service-5b8f6c-x2k4p corrId=c-5bd4ce43ce5790c9 conversion quote issued quote_id=Q33457566 loan_id=LN360867576
2026-03-05T11:54:23.891+01:00 INFO portal-bff host=portal-bff-5b8f6c-x2k4p corrId=c-190e19f116ebc3cd loan application submitted application_id=APP-2026-933985 customer_segment=RETAIL
2026-03-05T11:54:23.899+01:00 INFO identity-service host=identity-service-7c9d5b-x2k4p corrId=c-190e19f116ebc3cd MitID session validated customer_id=C51229240
2026-03-05T11:54:23.971+01:00 INFO customer-service host=customer-service-5b8f6c-x2k4p corrId=c-190e19f116ebc3cd KYC profile loaded customer_id=C51229240 risk_class=LOW
2026-03-05T11:54:24.019+01:00 INFO valuation-service host=valuation-service-5b8f6c-p9qmz corrId=c-190e19f116ebc3cd property valuation requested property_id=P1746898 provider=valuta-ejd
2026-03-05T11:54:24.500+01:00 INFO valuation-service host=valuation-service-a41e92-t6zvn corrId=c-190e19f116ebc3cd property valuation received property_id=P1746898 value_dkk=2700000 latency_ms=447
2026-03-05T11:54:24.635+01:00 INFO credit-service host=credit-service-7c9d5b-t6zvn corrId=c-190e19f116ebc3cd credit assessment completed application_id=APP-2026-933985 score=598 decision=APPROVED
2026-03-05T11:54:24.761+01:00 INFO offer-service host=offer-service-5b8f6c-p9qmz corrId=c-190e19f116ebc3cd loan offer generated application_id=APP-2026-933985 loan_type=FLEX_1Y principal_dkk=4225000
2026-03-05T11:54:24.840+01:00 INFO document-service host=document-service-5b8f6c-p9qmz corrId=c-190e19f116ebc3cd offer document stored application_id=APP-2026-933985 doc_id=DOC-c7871ae5
2026-03-05T11:54:24.922+01:00 INFO portal-bff host=portal-bff-7c9d5b-p9qmz corrId=c-190e19f116ebc3cd application completed application_id=APP-2026-933985 status=OFFER_ISSUED
2026-03-05T11:55:00.140+01:00 INFO api-gateway host=api-gateway-a41e92-t6zvn corrId=- health probe ok status=200 latency_ms=30
2026-03-05T11:55:20.503+01:00 INFO portal-bff host=portal-bff-a41e92-x2k4p corrId=c-d9022b08c492fad2 loan application submitted application_id=APP-2026-156930 customer_segment=RETAIL
2026-03-05T11:55:20.631+01:00 INFO identity-service host=identity-service-5b8f6c-p9qmz corrId=c-d9022b08c492fad2 MitID session validated customer_id=C36003530
2026-03-05T11:55:20.757+01:00 INFO customer-service host=customer-service-5b8f6c-t6zvn corrId=c-d9022b08c492fad2 KYC profile loaded customer_id=C36003530 risk_class=MEDIUM
2026-03-05T11:55:20.841+01:00 INFO valuation-service host=valuation-service-7c9d5b-x2k4p corrId=c-d9022b08c492fad2 property valuation requested property_id=P3961323 provider=bolig-vurdering
2026-03-05T11:55:21.440+01:00 INFO valuation-service host=valuation-service-a41e92-x2k4p corrId=c-d9022b08c492fad2 property valuation received property_id=P3961323 value_dkk=2010000 latency_ms=554
2026-03-05T11:55:21.453+01:00 INFO credit-service host=credit-service-7c9d5b-p9qmz corrId=c-d9022b08c492fad2 credit assessment completed application_id=APP-2026-156930 score=801 decision=APPROVED
2026-03-05T11:55:21.487+01:00 INFO offer-service host=offer-service-a41e92-p9qmz corrId=c-d9022b08c492fad2 loan offer generated application_id=APP-2026-156930 loan_type=FIXED_30Y principal_dkk=3350000
2026-03-05T11:55:21.616+01:00 INFO document-service host=document-service-5b8f6c-t6zvn corrId=c-d9022b08c492fad2 offer document stored application_id=APP-2026-156930 doc_id=DOC-c3fa96e9
2026-03-05T11:55:21.695+01:00 INFO portal-bff host=portal-bff-7c9d5b-p9qmz corrId=c-d9022b08c492fad2 application completed application_id=APP-2026-156930 status=OFFER_ISSUED
2026-03-05T11:56:21.820+01:00 INFO portal-bff host=portal-bff-a41e92-p9qmz corrId=c-4f73b378c0bc393c loan application submitted application_id=APP-2026-142781 customer_segment=PRIVATE
2026-03-05T11:56:21.908+01:00 INFO identity-service host=identity-service-a41e92-p9qmz corrId=c-4f73b378c0bc393c MitID session validated customer_id=C76600966
2026-03-05T11:56:21.961+01:00 INFO customer-service host=customer-service-5b8f6c-p9qmz corrId=c-4f73b378c0bc393c KYC profile loaded customer_id=C76600966 risk_class=LOW
2026-03-05T11:56:22.004+01:00 INFO valuation-service host=valuation-service-5b8f6c-x2k4p corrId=c-4f73b378c0bc393c property valuation requested property_id=P2445200 provider=bolig-vurdering
2026-03-05T11:56:22.853+01:00 INFO valuation-service host=valuation-service-5b8f6c-t6zvn corrId=c-4f73b378c0bc393c property valuation received property_id=P2445200 value_dkk=2860000 latency_ms=777
2026-03-05T11:56:22.987+01:00 INFO credit-service host=credit-service-7c9d5b-p9qmz corrId=c-4f73b378c0bc393c credit assessment completed application_id=APP-2026-142781 score=855 decision=APPROVED
2026-03-05T11:56:23.030+01:00 INFO offer-service host=offer-service-a41e92-x2k4p corrId=c-4f73b378c0bc393c loan offer generated application_id=APP-2026-142781 loan_type=FIXED_20Y_IO principal_dkk=3780000
2026-03-05T11:56:23.098+01:00 INFO document-service host=document-service-5b8f6c-p9qmz corrId=c-4f73b378c0bc393c offer document stored application_id=APP-2026-142781 doc_id=DOC-994a15cb
2026-03-05T11:56:23.201+01:00 INFO portal-bff host=portal-bff-7c9d5b-x2k4p corrId=c-4f73b378c0bc393c application completed application_id=APP-2026-142781 status=OFFER_ISSUED
2026-03-05T11:56:46.731+01:00 INFO offer-service host=offer-service-a41e92-p9qmz corrId=c-8e410f9e8eb9ebc9 offer accepted application_id=APP-2026-748321
2026-03-05T11:56:46.852+01:00 INFO ledger-service host=ledger-service-a41e92-t6zvn corrId=c-8e410f9e8eb9ebc9 funds reserved application_id=APP-2026-748321 amount_dkk=3260000
2026-03-05T11:56:46.868+01:00 INFO payment-service host=payment-service-5b8f6c-t6zvn corrId=c-8e410f9e8eb9ebc9 payout instruction sent application_id=APP-2026-748321 amount_dkk=3260000
2026-03-05T11:56:46.928+01:00 INFO ledger-service host=ledger-service-5b8f6c-p9qmz corrId=c-8e410f9e8eb9ebc9 payout booked application_id=APP-2026-748321 posting_id=PST-197708d851
2026-03-05T11:56:46.970+01:00 INFO notification-service host=notification-service-7c9d5b-x2k4p corrId=c-8e410f9e8eb9ebc9 payout confirmation sent application_id=APP-2026-748321
2026-03-05T11:56:52.060+01:00 INFO portal-bff host=portal-bff-5b8f6c-t6zvn corrId=c-2ce3dcb777808244 loan application submitted application_id=APP-2026-904836 customer_segment=RETAIL
2026-03-05T11:56:52.099+01:00 INFO identity-service host=identity-service-a41e92-p9qmz corrId=c-2ce3dcb777808244 MitID session validated customer_id=C77400354
2026-03-05T11:56:52.160+01:00 INFO customer-service host=customer-service-5b8f6c-t6zvn corrId=c-2ce3dcb777808244 KYC profile loaded customer_id=C77400354 risk_class=MEDIUM
2026-03-05T11:56:52.279+01:00 INFO valuation-service host=valuation-service-5b8f6c-t6zvn corrId=c-2ce3dcb777808244 property valuation served from cache property_id=P9766394 value_dkk=5510000
2026-03-05T11:56:52.298+01:00 INFO credit-service host=credit-service-a41e92-t6zvn corrId=c-2ce3dcb777808244 credit assessment completed application_id=APP-2026-904836 score=553 decision=APPROVED
2026-03-05T11:56:52.306+01:00 INFO offer-service host=offer-service-7c9d5b-t6zvn corrId=c-2ce3dcb777808244 loan offer generated application_id=APP-2026-904836 loan_type=FIXED_30Y principal_dkk=3905000
2026-03-05T11:56:52.396+01:00 INFO document-service host=document-service-5b8f6c-x2k4p corrId=c-2ce3dcb777808244 offer document stored application_id=APP-2026-904836 doc_id=DOC-0ebcd1ab
2026-03-05T11:56:52.446+01:00 INFO portal-bff host=portal-bff-a41e92-x2k4p corrId=c-2ce3dcb777808244 application completed application_id=APP-2026-904836 status=OFFER_ISSUED
2026-03-05T11:58:36.196+01:00 INFO portal-bff host=portal-bff-7c9d5b-t6zvn corrId=c-2df2ca609f00445a loan application submitted application_id=APP-2026-793293 customer_segment=RETAIL
2026-03-05T11:58:36.302+01:00 INFO identity-service host=identity-service-a41e92-t6zvn corrId=c-2df2ca609f00445a MitID session validated customer_id=C43503224
2026-03-05T11:58:36.413+01:00 INFO customer-service host=customer-service-7c9d5b-t6zvn corrId=c-2df2ca609f00445a KYC profile loaded customer_id=C43503224 risk_class=LOW
2026-03-05T11:58:36.446+01:00 INFO valuation-service host=valuation-service-5b8f6c-t6zvn corrId=c-2df2ca609f00445a property valuation requested property_id=P3571485 provider=bolig-vurdering
2026-03-05T11:58:36.874+01:00 INFO valuation-service host=valuation-service-7c9d5b-t6zvn corrId=c-2df2ca609f00445a property valuation received property_id=P3571485 value_dkk=8690000 latency_ms=320
2026-03-05T11:58:36.880+01:00 INFO credit-service host=credit-service-5b8f6c-x2k4p corrId=c-2df2ca609f00445a credit assessment completed application_id=APP-2026-793293 score=459 decision=APPROVED
2026-03-05T11:58:36.901+01:00 INFO offer-service host=offer-service-7c9d5b-x2k4p corrId=c-2df2ca609f00445a loan offer generated application_id=APP-2026-793293 loan_type=FIXED_20Y_IO principal_dkk=5825000
2026-03-05T11:58:37.012+01:00 INFO document-service host=document-service-7c9d5b-p9qmz corrId=c-2df2ca609f00445a offer document stored application_id=APP-2026-793293 doc_id=DOC-0efa989c
2026-03-05T11:58:37.147+01:00 INFO portal-bff host=portal-bff-5b8f6c-t6zvn corrId=c-2df2ca609f00445a application completed application_id=APP-2026-793293 status=OFFER_ISSUED
2026-03-05T11:58:45.178+01:00 INFO portal-bff host=portal-bff-a41e92-x2k4p corrId=c-d230bde2b7cd4121 loan application submitted application_id=APP-2026-915834 customer_segment=SME
2026-03-05T11:58:45.297+01:00 INFO identity-service host=identity-service-a41e92-x2k4p corrId=c-d230bde2b7cd4121 MitID session validated customer_id=C44946554
2026-03-05T11:58:45.365+01:00 INFO customer-service host=customer-service-7c9d5b-x2k4p corrId=c-d230bde2b7cd4121 KYC profile loaded customer_id=C44946554 risk_class=LOW
2026-03-05T11:58:45.406+01:00 INFO valuation-service host=valuation-service-5b8f6c-t6zvn corrId=c-d230bde2b7cd4121 property valuation served from cache property_id=P2608222 value_dkk=7300000
2026-03-05T11:58:45.425+01:00 INFO credit-service host=credit-service-5b8f6c-p9qmz corrId=c-d230bde2b7cd4121 credit assessment completed application_id=APP-2026-915834 score=554 decision=APPROVED
2026-03-05T11:58:45.507+01:00 INFO offer-service host=offer-service-7c9d5b-t6zvn corrId=c-d230bde2b7cd4121 loan offer generated application_id=APP-2026-915834 loan_type=FLEX_1Y principal_dkk=5215000
2026-03-05T11:58:45.591+01:00 INFO document-service host=document-service-5b8f6c-p9qmz corrId=c-d230bde2b7cd4121 offer document stored application_id=APP-2026-915834 doc_id=DOC-8b81474b
2026-03-05T11:58:45.671+01:00 INFO portal-bff host=portal-bff-7c9d5b-t6zvn corrId=c-d230bde2b7cd4121 application completed application_id=APP-2026-915834 status=OFFER_ISSUED
2026-03-05T12:00:00.370+01:00 INFO payment-scheduler host=payment-scheduler-7c9d5b-p9qmz corrId=- scheduler heartbeat lag_ms=39
2026-03-05T12:00:00.668+01:00 INFO api-gateway host=api-gateway-a41e92-t6zvn corrId=- health probe ok status=200 latency_ms=36
2026-03-05T12:00:21.554+01:00 INFO portal-bff host=portal-bff-7c9d5b-t6zvn corrId=c-1d0511cc2b175f34 conversion quote requested loan_id=LN473277886 target_product=FLEX_5Y
2026-03-05T12:00:21.612+01:00 INFO identity-service host=identity-service-a41e92-t6zvn corrId=c-1d0511cc2b175f34 MitID session validated customer_id=C07959333
2026-03-05T12:00:21.657+01:00 INFO pricing-service host=pricing-service-a41e92-p9qmz corrId=c-1d0511cc2b175f34 bond price fetched series=BND3.0-2056 price=93.837
2026-03-05T12:00:21.740+01:00 INFO pricing-service host=pricing-service-5b8f6c-p9qmz corrId=c-1d0511cc2b175f34 conversion cost calculated loan_id=LN473277886 cost_dkk=57479.29
2026-03-05T12:00:21.785+01:00 INFO quote-service host=quote-service-a41e92-t6zvn corrId=c-1d0511cc2b175f34 conversion quote issued quote_id=Q48351113 loan_id=LN473277886
2026-03-05T12:00:51.727+01:00 INFO portal-bff host=portal-bff-a41e92-x2k4p corrId=c-37c4fcff6df8d3df conversion quote requested loan_id=LN892613007 target_product=FLEX_1Y
2026-03-05T12:00:51.778+01:00 INFO identity-service host=identity-service-a41e92-t6zvn corrId=c-37c4fcff6df8d3df MitID session validated customer_id=C55841069
2026-03-05T12:00:51.860+01:00 INFO pricing-service host=pricing-service-a41e92-p9qmz corrId=c-37c4fcff6df8d3df bond price fetched series=BND3.0-2056 price=91.038
2026-03-05T12:00:51.868+01:00 INFO pricing-service host=pricing-service-5b8f6c-t6zvn corrId=c-37c4fcff6df8d3df conversion cost calculated loan_id=LN892613007 cost_dkk=43797.38
2026-03-05T12:00:51.960+01:00 INFO quote-service host=quote-service-a41e92-x2k4p corrId=c-37c4fcff6df8d3df conversion quote issued quote_id=Q44190639 loan_id=LN892613007
2026-03-05T12:00:56.000+01:00 INFO config-service host=config-service-a41e92-x2k4p corrId=- configuration refreshed version=v132
2026-03-05T12:00:56.496+01:00 INFO portal-bff host=portal-bff-a41e92-t6zvn corrId=c-a5600e1cc7938cd0 loan application submitted application_id=APP-2026-945210 customer_segment=SME
2026-03-05T12:00:56.585+01:00 INFO identity-service host=identity-service-7c9d5b-p9qmz corrId=c-a5600e1cc7938cd0 MitID session validated customer_id=C92327848
2026-03-05T12:00:56.630+01:00 INFO customer-service host=customer-service-7c9d5b-x2k4p corrId=c-a5600e1cc7938cd0 KYC profile loaded customer_id=C92327848 risk_class=LOW
2026-03-05T12:00:56.711+01:00 INFO valuation-service host=valuation-service-7c9d5b-x2k4p corrId=c-a5600e1cc7938cd0 property valuation requested property_id=P9406278 provider=bolig-vurdering
2026-03-05T12:00:57.195+01:00 INFO valuation-service host=valuation-service-a41e92-x2k4p corrId=c-a5600e1cc7938cd0 property valuation received property_id=P9406278 value_dkk=8820000 latency_ms=376
2026-03-05T12:00:57.313+01:00 INFO credit-service host=credit-service-7c9d5b-t6zvn corrId=c-a5600e1cc7938cd0 credit assessment completed application_id=APP-2026-945210 score=647 decision=APPROVED
2026-03-05T12:00:57.355+01:00 INFO offer-service host=offer-service-5b8f6c-t6zvn corrId=c-a5600e1cc7938cd0 loan offer generated application_id=APP-2026-945210 loan_type=FLEX_5Y principal_dkk=2165000
2026-03-05T12:00:57.417+01:00 INFO document-service host=document-service-a41e92-t6zvn corrId=c-a5600e1cc7938cd0 offer document stored application_id=APP-2026-945210 doc_id=DOC-a5c097fb
2026-03-05T12:00:57.423+01:00 INFO portal-bff host=portal-bff-a41e92-x2k4p corrId=c-a5600e1cc7938cd0 application completed application_id=APP-2026-945210 status=OFFER_ISSUED
2026-03-05T12:01:51.307+01:00 INFO portal-bff host=portal-bff-5b8f6c-p9qmz corrId=c-ad4ddaff56bdbf06 loan application submitted application_id=APP-2026-262373 customer_segment=RETAIL
2026-03-05T12:01:51.313+01:00 INFO identity-service host=identity-service-7c9d5b-p9qmz corrId=c-ad4ddaff56bdbf06 MitID session validated customer_id=C84062603
2026-03-05T12:01:51.329+01:00 INFO customer-service host=customer-service-a41e92-p9qmz corrId=c-ad4ddaff56bdbf06 KYC profile loaded customer_id=C84062603 risk_class=HIGH
2026-03-05T12:01:51.403+01:00 INFO valuation-service host=valuation-service-a41e92-t6zvn corrId=c-ad4ddaff56bdbf06 property valuation requested property_id=P2203217 provider=bolig-vurdering
2026-03-05T12:01:52.149+01:00 INFO valuation-service host=valuation-service-a41e92-x2k4p corrId=c-ad4ddaff56bdbf06 property valuation received property_id=P2203217 value_dkk=2030000 latency_ms=665
2026-03-05T12:01:52.190+01:00 INFO credit-service host=credit-service-a41e92-p9qmz corrId=c-ad4ddaff56bdbf06 credit assessment completed application_id=APP-2026-262373 score=763 decision=APPROVED
2026-03-05T12:01:52.286+01:00 INFO offer-service host=offer-service-5b8f6c-t6zvn corrId=c-ad4ddaff56bdbf06 loan offer generated application_id=APP-2026-262373 loan_type=FLEX_1Y principal_dkk=5975000
2026-03-05T12:01:52.343+01:00 INFO document-service host=document-service-7c9d5b-x2k4p corrId=c-ad4ddaff56bdbf06 offer document stored application_id=APP-2026-262373 doc_id=DOC-4d6b9ad5
2026-03-05T12:01:52.372+01:00 INFO portal-bff host=portal-bff-5b8f6c-t6zvn corrId=c-ad4ddaff56bdbf06 application completed application_id=APP-2026-262373 status=OFFER_ISSUED
2026-03-05T12:02:24.258+01:00 INFO portal-bff host=portal-bff-a41e92-p9qmz corrId=c-6b8d5ce888a36972 conversion quote requested loan_id=LN123920151 target_product=FIXED_30Y
2026-03-05T12:02:24.371+01:00 INFO identity-service host=identity-service-5b8f6c-p9qmz corrId=c-6b8d5ce888a36972 MitID session validated customer_id=C15897561
2026-03-05T12:02:24.429+01:00 INFO pricing-service host=pricing-service-5b8f6c-p9qmz corrId=c-6b8d5ce888a36972 bond price fetched series=BND2.5-2056 price=95.238
2026-03-05T12:02:24.472+01:00 INFO pricing-service host=pricing-service-7c9d5b-x2k4p corrId=c-6b8d5ce888a36972 conversion cost calculated loan_id=LN123920151 cost_dkk=71539.94
2026-03-05T12:02:24.526+01:00 INFO quote-service host=quote-service-5b8f6c-x2k4p corrId=c-6b8d5ce888a36972 conversion quote issued quote_id=Q09779862 loan_id=LN123920151
2026-03-05T12:05:00.294+01:00 INFO api-gateway host=api-gateway-5b8f6c-p9qmz corrId=- health probe ok status=200 latency_ms=5
2026-03-05T12:05:02.673+01:00 INFO portal-bff host=portal-bff-a41e92-t6zvn corrId=c-436ed38e1d8bf548 loan application submitted application_id=APP-2026-168265 customer_segment=SME
2026-03-05T12:05:02.738+01:00 INFO identity-service host=identity-service-5b8f6c-t6zvn corrId=c-436ed38e1d8bf548 MitID session validated customer_id=C68847414
2026-03-05T12:05:02.801+01:00 INFO customer-service host=customer-service-5b8f6c-p9qmz corrId=c-436ed38e1d8bf548 KYC profile loaded customer_id=C68847414 risk_class=HIGH
2026-03-05T12:05:02.823+01:00 INFO valuation-service host=valuation-service-7c9d5b-t6zvn corrId=c-436ed38e1d8bf548 property valuation requested property_id=P9833332 provider=bolig-vurdering
2026-03-05T12:05:03.236+01:00 INFO valuation-service host=valuation-service-7c9d5b-t6zvn corrId=c-436ed38e1d8bf548 property valuation received property_id=P9833332 value_dkk=6510000 latency_ms=356
2026-03-05T12:05:03.287+01:00 INFO credit-service host=credit-service-5b8f6c-p9qmz corrId=c-436ed38e1d8bf548 credit assessment completed application_id=APP-2026-168265 score=589 decision=APPROVED
2026-03-05T12:05:03.395+01:00 INFO offer-service host=offer-service-7c9d5b-x2k4p corrId=c-436ed38e1d8bf548 loan offer generated application_id=APP-2026-168265 loan_type=FIXED_30Y principal_dkk=4740000
2026-03-05T12:05:03.431+01:00 INFO document-service host=document-service-5b8f6c-t6zvn corrId=c-436ed38e1d8bf548 offer document stored application_id=APP-2026-168265 doc_id=DOC-e3836b7b
2026-03-05T12:05:03.495+01:00 INFO portal-bff host=portal-bff-7c9d5b-x2k4p corrId=c-436ed38e1d8bf548 application completed application_id=APP-2026-168265 status=OFFER_ISSUED
2026-03-05T12:07:37.073+01:00 INFO offer-service host=offer-service-5b8f6c-x2k4p corrId=c-3beb733da90725df offer accepted application_id=APP-2026-486930
2026-03-05T12:07:37.174+01:00 INFO ledger-service host=ledger-service-5b8f6c-p9qmz corrId=c-3beb733da90725df funds reserved application_id=APP-2026-486930 amount_dkk=5190000
2026-03-05T12:07:37.237+01:00 INFO payment-service host=payment-service-5b8f6c-t6zvn corrId=c-3beb733da90725df payout instruction sent application_id=APP-2026-486930 amount_dkk=5190000
2026-03-05T12:07:37.270+01:00 INFO ledger-service host=ledger-service-5b8f6c-p9qmz corrId=c-3beb733da90725df payout booked application_id=APP-2026-486930 posting_id=PST-701e220803
2026-03-05T12:07:37.317+01:00 INFO notification-service host=notification-service-a41e92-p9qmz corrId=c-3beb733da90725df payout confirmation sent application_id=APP-2026-486930
2026-03-05T12:08:46.967+01:00 INFO portal-bff host=portal-bff-5b8f6c-t6zvn corrId=c-59ff6830a236990e loan application submitted application_id=APP-2026-486271 customer_segment=RETAIL
2026-03-05T12:08:47.070+01:00 INFO identity-service host=identity-service-5b8f6c-x2k4p corrId=c-59ff6830a236990e MitID session validated customer_id=C40158248
2026-03-05T12:08:47.078+01:00 INFO customer-service host=customer-service-5b8f6c-x2k4p corrId=c-59ff6830a236990e KYC profile loaded customer_id=C40158248 risk_class=HIGH
2026-03-05T12:08:47.108+01:00 INFO valuation-service host=valuation-service-5b8f6c-p9qmz corrId=c-59ff6830a236990e property valuation requested property_id=P0327179 provider=bolig-vurdering
2026-03-05T12:08:48.111+01:00 INFO valuation-service host=valuation-service-7c9d5b-t6zvn corrId=c-59ff6830a236990e property valuation received property_id=P0327179 value_dkk=3160000 latency_ms=865
2026-03-05T12:08:48.202+01:00 INFO credit-service host=credit-service-5b8f6c-p9qmz corrId=c-59ff6830a236990e credit assessment completed application_id=APP-2026-486271 score=641 decision=APPROVED
2026-03-05T12:08:48.324+01:00 INFO offer-service host=offer-service-5b8f6c-p9qmz corrId=c-59ff6830a236990e loan offer generated application_id=APP-2026-486271 loan_type=FLEX_1Y principal_dkk=1520000
2026-03-05T12:08:48.357+01:00 INFO document-service host=document-service-5b8f6c-p9qmz corrId=c-59ff6830a236990e offer document stored application_id=APP-2026-486271 doc_id=DOC-9f0f2e1a
2026-03-05T12:08:48.422+01:00 INFO portal-bff host=portal-bff-5b8f6c-x2k4p corrId=c-59ff6830a236990e application completed application_id=APP-2026-486271 status=OFFER_ISSUED
2026-03-05T12:08:58.707+01:00 INFO portal-bff host=portal-bff-5b8f6c-p9qmz corrId=c-c3e0cda1e160c641 loan application submitted application_id=APP-2026-421745 customer_segment=RETAIL
2026-03-05T12:08:58.731+01:00 INFO identity-service host=identity-service-5b8f6c-t6zvn corrId=c-c3e0cda1e160c641 MitID session validated customer_id=C46404570
2026-03-05T12:08:58.864+01:00 INFO customer-service host=customer-service-7c9d5b-t6zvn corrId=c-c3e0cda1e160c641 KYC profile loaded customer_id=C46404570 risk_class=LOW
2026-03-05T12:08:58.890+01:00 INFO valuation-service host=valuation-service-5b8f6c-p9qmz corrId=c-c3e0cda1e160c641 property valuation served from cache property_id=P2909839 value_dkk=1500000
2026-03-05T12:08:59.001+01:00 INFO credit-service host=credit-service-7c9d5b-x2k4p corrId=c-c3e0cda1e160c641 credit assessment completed application_id=APP-2026-421745 score=428 decision=APPROVED
2026-03-05T12:08:59.120+01:00 INFO offer-service host=offer-service-7c9d5b-t6zvn corrId=c-c3e0cda1e160c641 loan offer generated application_id=APP-2026-421745 loan_type=FLEX_5Y principal_dkk=5785000
2026-03-05T12:08:59.220+01:00 INFO document-service host=document-service-5b8f6c-t6zvn corrId=c-c3e0cda1e160c641 offer document stored application_id=APP-2026-421745 doc_id=DOC-a1ea1f45
2026-03-05T12:08:59.242+01:00 INFO portal-bff host=portal-bff-5b8f6c-p9qmz corrId=c-c3e0cda1e160c641 application completed application_id=APP-2026-421745 status=OFFER_ISSUED
2026-03-05T12:10:00.311+01:00 INFO payment-scheduler host=payment-scheduler-7c9d5b-t6zvn corrId=- scheduler heartbeat lag_ms=82
2026-03-05T12:10:00.873+01:00 INFO api-gateway host=api-gateway-7c9d5b-t6zvn corrId=- health probe ok status=200 latency_ms=7
2026-03-05T12:12:52.838+01:00 INFO portal-bff host=portal-bff-5b8f6c-t6zvn corrId=c-25b225fd638e3e7b loan application submitted application_id=APP-2026-188408 customer_segment=RETAIL
2026-03-05T12:12:52.909+01:00 INFO identity-service host=identity-service-a41e92-x2k4p corrId=c-25b225fd638e3e7b MitID session validated customer_id=C09609002
2026-03-05T12:12:52.956+01:00 INFO customer-service host=customer-service-5b8f6c-x2k4p corrId=c-25b225fd638e3e7b KYC profile loaded customer_id=C09609002 risk_class=MEDIUM
2026-03-05T12:12:53.018+01:00 INFO valuation-service host=valuation-service-a41e92-t6zvn corrId=c-25b225fd638e3e7b property valuation requested property_id=P5821197 provider=bolig-vurdering
2026-03-05T12:12:53.662+01:00 INFO valuation-service host=valuation-service-7c9d5b-t6zvn corrId=c-25b225fd638e3e7b property valuation received property_id=P5821197 value_dkk=8910000 latency_ms=600
2026-03-05T12:12:53.786+01:00 INFO credit-service host=credit-service-5b8f6c-p9qmz corrId=c-25b225fd638e3e7b credit assessment completed application_id=APP-2026-188408 score=567 decision=APPROVED
2026-03-05T12:12:53.799+01:00 INFO offer-service host=offer-service-5b8f6c-t6zvn corrId=c-25b225fd638e3e7b loan offer generated application_id=APP-2026-188408 loan_type=FIXED_20Y_IO principal_dkk=5015000
2026-03-05T12:12:53.853+01:00 INFO document-service host=document-service-a41e92-x2k4p corrId=c-25b225fd638e3e7b offer document stored application_id=APP-2026-188408 doc_id=DOC-14efb5a6
2026-03-05T12:12:53.972+01:00 INFO portal-bff host=portal-bff-a41e92-p9qmz corrId=c-25b225fd638e3e7b application completed application_id=APP-2026-188408 status=OFFER_ISSUED
2026-03-05T12:15:00.553+01:00 INFO api-gateway host=api-gateway-7c9d5b-t6zvn corrId=- health probe ok status=200 latency_ms=19
2026-03-05T12:16:00.189+01:00 INFO portal-bff host=portal-bff-5b8f6c-p9qmz corrId=c-12802b26df34a7c3 conversion quote requested loan_id=LN368949235 target_product=FLEX_1Y
2026-03-05T12:16:00.195+01:00 INFO identity-service host=identity-service-a41e92-p9qmz corrId=c-12802b26df34a7c3 MitID session validated customer_id=C59155171
2026-03-05T12:16:00.248+01:00 INFO pricing-service host=pricing-service-5b8f6c-t6zvn corrId=c-12802b26df34a7c3 bond price fetched series=BND3.0-2053 price=89.618
2026-03-05T12:16:00.321+01:00 INFO pricing-service host=pricing-service-7c9d5b-p9qmz corrId=c-12802b26df34a7c3 conversion cost calculated loan_id=LN368949235 cost_dkk=57986.61
2026-03-05T12:16:00.439+01:00 INFO quote-service host=quote-service-7c9d5b-t6zvn corrId=c-12802b26df34a7c3 conversion quote issued quote_id=Q38806540 loan_id=LN368949235
2026-03-05T12:16:05.443+01:00 INFO portal-bff host=portal-bff-7c9d5b-t6zvn corrId=c-454d1098872d5af8 conversion quote requested loan_id=LN737981615 target_product=FLEX_1Y
2026-03-05T12:16:05.578+01:00 INFO identity-service host=identity-service-5b8f6c-t6zvn corrId=c-454d1098872d5af8 MitID session validated customer_id=C17880562
2026-03-05T12:16:05.712+01:00 INFO pricing-service host=pricing-service-5b8f6c-p9qmz corrId=c-454d1098872d5af8 bond price fetched series=BND4.0-2056 price=95.976
2026-03-05T12:16:05.723+01:00 INFO pricing-service host=pricing-service-7c9d5b-t6zvn corrId=c-454d1098872d5af8 conversion cost calculated loan_id=LN737981615 cost_dkk=71557.88
2026-03-05T12:16:05.780+01:00 INFO quote-service host=quote-service-7c9d5b-x2k4p corrId=c-454d1098872d5af8 conversion quote issued quote_id=Q17884074 loan_id=LN737981615
2026-03-05T12:17:28.449+01:00 INFO portal-bff host=portal-bff-a41e92-x2k4p corrId=c-6f4dfddb220a81e2 loan application submitted application_id=APP-2026-229135 customer_segment=PRIVATE
2026-03-05T12:17:28.544+01:00 INFO identity-service host=identity-service-5b8f6c-p9qmz corrId=c-6f4dfddb220a81e2 MitID session validated customer_id=C56837662
2026-03-05T12:17:28.564+01:00 INFO customer-service host=customer-service-5b8f6c-t6zvn corrId=c-6f4dfddb220a81e2 KYC profile loaded customer_id=C56837662 risk_class=LOW
2026-03-05T12:17:28.586+01:00 INFO valuation-service host=valuation-service-a41e92-x2k4p corrId=c-6f4dfddb220a81e2 property valuation requested property_id=P2571174 provider=valuta-ejd
2026-03-05T12:17:28.942+01:00 INFO valuation-service host=valuation-service-a41e92-t6zvn corrId=c-6f4dfddb220a81e2 property valuation received property_id=P2571174 value_dkk=970000 latency_ms=260
2026-03-05T12:17:29.005+01:00 INFO credit-service host=credit-service-5b8f6c-x2k4p corrId=c-6f4dfddb220a81e2 credit assessment completed application_id=APP-2026-229135 score=666 decision=APPROVED
2026-03-05T12:17:29.052+01:00 INFO offer-service host=offer-service-5b8f6c-p9qmz corrId=c-6f4dfddb220a81e2 loan offer generated application_id=APP-2026-229135 loan_type=FLEX_1Y principal_dkk=2110000
2026-03-05T12:17:29.175+01:00 INFO document-service host=document-service-5b8f6c-t6zvn corrId=c-6f4dfddb220a81e2 offer document stored application_id=APP-2026-229135 doc_id=DOC-8450d7e3
2026-03-05T12:17:29.211+01:00 INFO portal-bff host=portal-bff-5b8f6c-x2k4p corrId=c-6f4dfddb220a81e2 application completed application_id=APP-2026-229135 status=OFFER_ISSUED
2026-03-05T12:17:56.054+01:00 INFO portal-bff host=portal-bff-7c9d5b-x2k4p corrId=c-5bc20452b468edbf loan application submitted application_id=APP-2026-362582 customer_segment=SME
2026-03-05T12:17:56.076+01:00 INFO identity-service host=identity-service-7c9d5b-p9qmz corrId=c-5bc20452b468edbf MitID session validated customer_id=C61586570
2026-03-05T12:17:56.087+01:00 INFO customer-service host=customer-service-a41e92-x2k4p corrId=c-5bc20452b468edbf KYC profile loaded customer_id=C61586570 risk_class=LOW
2026-03-05T12:17:56.137+01:00 INFO valuation-service host=valuation-service-7c9d5b-x2k4p corrId=c-5bc20452b468edbf property valuation served from cache property_id=P0977676 value_dkk=4760000
2026-03-05T12:17:56.255+01:00 INFO credit-service host=credit-service-5b8f6c-p9qmz corrId=c-5bc20452b468edbf credit assessment completed application_id=APP-2026-362582 score=838 decision=APPROVED
2026-03-05T12:17:56.376+01:00 INFO offer-service host=offer-service-7c9d5b-t6zvn corrId=c-5bc20452b468edbf loan offer generated application_id=APP-2026-362582 loan_type=FIXED_20Y_IO principal_dkk=1015000
2026-03-05T12:17:56.430+01:00 INFO document-service host=document-service-a41e92-x2k4p corrId=c-5bc20452b468edbf offer document stored application_id=APP-2026-362582 doc_id=DOC-1a15ee5b
2026-03-05T12:17:56.559+01:00 INFO portal-bff host=portal-bff-7c9d5b-x2k4p corrId=c-5bc20452b468edbf application completed application_id=APP-2026-362582 status=OFFER_ISSUED
2026-03-05T12:18:11.846+01:00 INFO portal-bff host=portal-bff-5b8f6c-p9qmz corrId=c-7dbfd9fb857d13d2 loan application submitted application_id=APP-2026-779742 customer_segment=RETAIL
2026-03-05T12:18:11.871+01:00 INFO identity-service host=identity-service-5b8f6c-p9qmz corrId=c-7dbfd9fb857d13d2 MitID session validated customer_id=C66655511
2026-03-05T12:18:11.968+01:00 INFO customer-service host=customer-service-7c9d5b-t6zvn corrId=c-7dbfd9fb857d13d2 KYC profile loaded customer_id=C66655511 risk_class=LOW
2026-03-05T12:18:12.092+01:00 INFO valuation-service host=valuation-service-a41e92-p9qmz corrId=c-7dbfd9fb857d13d2 property valuation requested property_id=P6941058 provider=bolig-vurdering
2026-03-05T12:18:12.851+01:00 INFO valuation-service host=valuation-service-a41e92-t6zvn corrId=c-7dbfd9fb857d13d2 property valuation received property_id=P6941058 value_dkk=2520000 latency_ms=648
2026-03-05T12:18:12.945+01:00 INFO credit-service host=credit-service-7c9d5b-x2k4p corrId=c-7dbfd9fb857d13d2 credit assessment completed application_id=APP-2026-779742 score=600 decision=APPROVED
2026-03-05T12:18:12.951+01:00 INFO offer-service host=offer-service-5b8f6c-t6zvn corrId=c-7dbfd9fb857d13d2 loan offer generated application_id=APP-2026-779742 loan_type=FLEX_1Y principal_dkk=4775000
2026-03-05T12:18:13.082+01:00 INFO document-service host=document-service-7c9d5b-t6zvn corrId=c-7dbfd9fb857d13d2 offer document stored application_id=APP-2026-779742 doc_id=DOC-ed55ecc4
2026-03-05T12:18:13.105+01:00 INFO portal-bff host=portal-bff-5b8f6c-t6zvn corrId=c-7dbfd9fb857d13d2 application completed application_id=APP-2026-779742 status=OFFER_ISSUED
2026-03-05T12:19:06.266+01:00 INFO portal-bff host=portal-bff-a41e92-x2k4p corrId=c-db0e5e0a96849ef8 conversion quote requested loan_id=LN498357929 target_product=FLEX_1Y
2026-03-05T12:19:06.287+01:00 INFO identity-service host=identity-service-7c9d5b-t6zvn corrId=c-db0e5e0a96849ef8 MitID session validated customer_id=C97442428
2026-03-05T12:19:06.322+01:00 INFO pricing-service host=pricing-service-7c9d5b-p9qmz corrId=c-db0e5e0a96849ef8 bond price fetched series=BND3.0-2056 price=97.673
2026-03-05T12:19:06.381+01:00 INFO pricing-service host=pricing-service-a41e92-t6zvn corrId=c-db0e5e0a96849ef8 conversion cost calculated loan_id=LN498357929 cost_dkk=27394.58
2026-03-05T12:19:06.391+01:00 INFO quote-service host=quote-service-a41e92-p9qmz corrId=c-db0e5e0a96849ef8 conversion quote issued quote_id=Q46149346 loan_id=LN498357929
2026-03-05T12:19:24.144+01:00 INFO portal-bff host=portal-bff-a41e92-x2k4p corrId=c-d07e6f104b814321 loan application submitted application_id=APP-2026-416463 customer_segment=RETAIL
2026-03-05T12:19:24.184+01:00 INFO identity-service host=identity-service-5b8f6c-x2k4p corrId=c-d07e6f104b814321 MitID session validated customer_id=C79605881
2026-03-05T12:19:24.313+01:00 INFO customer-service host=customer-service-a41e92-p9qmz corrId=c-d07e6f104b814321 KYC profile loaded customer_id=C79605881 risk_class=MEDIUM
2026-03-05T12:19:24.385+01:00 INFO valuation-service host=valuation-service-5b8f6c-t6zvn corrId=c-d07e6f104b814321 property valuation requested property_id=P3061454 provider=bolig-vurdering
2026-03-05T12:19:25.140+01:00 INFO valuation-service host=valuation-service-7c9d5b-x2k4p corrId=c-d07e6f104b814321 property valuation received property_id=P3061454 value_dkk=1200000 latency_ms=701
2026-03-05T12:19:25.203+01:00 INFO credit-service host=credit-service-7c9d5b-p9qmz corrId=c-d07e6f104b814321 credit assessment completed application_id=APP-2026-416463 score=551 decision=APPROVED
2026-03-05T12:19:25.326+01:00 INFO offer-service host=offer-service-5b8f6c-p9qmz corrId=c-d07e6f104b814321 loan offer generated application_id=APP-2026-416463 loan_type=FLEX_1Y principal_dkk=3405000
2026-03-05T12:19:25.401+01:00 INFO document-service host=document-service-a41e92-x2k4p corrId=c-d07e6f104b814321 offer document stored application_id=APP-2026-416463 doc_id=DOC-11c95c8e
2026-03-05T12:19:25.481+01:00 INFO portal-bff host=portal-bff-7c9d5b-x2k4p corrId=c-d07e6f104b814321 application completed application_id=APP-2026-416463 status=OFFER_ISSUED
2026-03-05T12:20:00.682+01:00 INFO api-gateway host=api-gateway-5b8f6c-p9qmz corrId=- health probe ok status=200 latency_ms=40
2026-03-05T12:20:00.762+01:00 INFO payment-scheduler host=payment-scheduler-7c9d5b-p9qmz corrId=- scheduler heartbeat lag_ms=35
2026-03-05T12:21:44.765+01:00 INFO portal-bff host=portal-bff-a41e92-p9qmz corrId=c-e41ecb81a69ac930 conversion quote requested loan_id=LN375651170 target_product=FLEX_1Y
2026-03-05T12:21:44.890+01:00 INFO identity-service host=identity-service-7c9d5b-x2k4p corrId=c-e41ecb81a69ac930 MitID session validated customer_id=C58701479
2026-03-05T12:21:45.009+01:00 INFO pricing-service host=pricing-service-a41e92-x2k4p corrId=c-e41ecb81a69ac930 bond price fetched series=BND3.0-2053 price=101.400
2026-03-05T12:21:45.095+01:00 INFO pricing-service host=pricing-service-7c9d5b-t6zvn corrId=c-e41ecb81a69ac930 conversion cost calculated loan_id=LN375651170 cost_dkk=82016.70
2026-03-05T12:21:45.144+01:00 INFO quote-service host=quote-service-a41e92-t6zvn corrId=c-e41ecb81a69ac930 conversion quote issued quote_id=Q30872507 loan_id=LN375651170
2026-03-05T12:23:05.084+01:00 INFO portal-bff host=portal-bff-5b8f6c-x2k4p corrId=c-34e4a4e254fe68af loan application submitted application_id=APP-2026-969201 customer_segment=PRIVATE
2026-03-05T12:23:05.212+01:00 INFO identity-service host=identity-service-a41e92-x2k4p corrId=c-34e4a4e254fe68af MitID session validated customer_id=C30867881
2026-03-05T12:23:05.276+01:00 INFO customer-service host=customer-service-5b8f6c-x2k4p corrId=c-34e4a4e254fe68af KYC profile loaded customer_id=C30867881 risk_class=MEDIUM
2026-03-05T12:23:05.360+01:00 INFO valuation-service host=valuation-service-5b8f6c-x2k4p corrId=c-34e4a4e254fe68af property valuation requested property_id=P6448709 provider=bolig-vurdering
2026-03-05T12:23:06.328+01:00 INFO valuation-service host=valuation-service-a41e92-p9qmz corrId=c-34e4a4e254fe68af property valuation received property_id=P6448709 value_dkk=3200000 latency_ms=841
2026-03-05T12:23:06.358+01:00 INFO credit-service host=credit-service-a41e92-x2k4p corrId=c-34e4a4e254fe68af credit assessment completed application_id=APP-2026-969201 score=447 decision=APPROVED
2026-03-05T12:23:06.493+01:00 INFO offer-service host=offer-service-7c9d5b-p9qmz corrId=c-34e4a4e254fe68af loan offer generated application_id=APP-2026-969201 loan_type=FIXED_30Y principal_dkk=1385000
2026-03-05T12:23:06.505+01:00 INFO document-service host=document-service-5b8f6c-p9qmz corrId=c-34e4a4e254fe68af offer document stored application_id=APP-2026-969201 doc_id=DOC-d44ee826
2026-03-05T12:23:06.609+01:00 INFO portal-bff host=portal-bff-5b8f6c-x2k4p corrId=c-34e4a4e254fe68af application completed application_id=APP-2026-969201 status=OFFER_ISSUED
2026-03-05T12:25:00.389+01:00 INFO api-gateway host=api-gateway-5b8f6c-x2k4p corrId=- health probe ok status=200 latency_ms=30
2026-03-05T12:25:58.357+01:00 INFO portal-bff host=portal-bff-a41e92-x2k4p corrId=c-1936276934e3f43b loan application submitted application_id=APP-2026-396032 customer_segment=PRIVATE
2026-03-05T12:25:58.393+01:00 INFO identity-service host=identity-service-7c9d5b-t6zvn corrId=c-1936276934e3f43b MitID session validated customer_id=C76667923
2026-03-05T12:25:58.432+01:00 INFO customer-service host=customer-service-7c9d5b-p9qmz corrId=c-1936276934e3f43b KYC profile loaded customer_id=C76667923 risk_class=LOW
2026-03-05T12:25:58.451+01:00 INFO valuation-service host=valuation-service-5b8f6c-x2k4p corrId=c-1936276934e3f43b property valuation requested property_id=P2785962 provider=valuta-ejd
2026-03-05T12:25:59.455+01:00 INFO valuation-service host=valuation-service-a41e92-t6zvn corrId=c-1936276934e3f43b property valuation received property_id=P2785962 value_dkk=8610000 latency_ms=921
2026-03-05T12:25:59.549+01:00 INFO credit-service host=credit-service-7c9d5b-p9qmz corrId=c-1936276934e3f43b credit assessment completed application_id=APP-2026-396032 score=800 decision=APPROVED
2026-03-05T12:25:59.585+01:00 INFO offer-service host=offer-service-7c9d5b-x2k4p corrId=c-1936276934e3f43b loan offer generated application_id=APP-2026-396032 loan_type=FIXED_20Y_IO principal_dkk=1180000
2026-03-05T12:25:59.592+01:00 INFO document-service host=document-service-7c9d5b-t6zvn corrId=c-1936276934e3f43b offer document stored application_id=APP-2026-396032 doc_id=DOC-ceb8cdec
2026-03-05T12:25:59.714+01:00 INFO portal-bff host=portal-bff-7c9d5b-t6zvn corrId=c-1936276934e3f43b application completed application_id=APP-2026-396032 status=OFFER_ISSUED
2026-03-05T12:26:39.254+01:00 INFO portal-bff host=portal-bff-5b8f6c-x2k4p corrId=c-f27ff313ef93ea63 loan application submitted application_id=APP-2026-636824 customer_segment=SME
2026-03-05T12:26:39.289+01:00 INFO identity-service host=identity-service-7c9d5b-x2k4p corrId=c-f27ff313ef93ea63 MitID session validated customer_id=C21021947
2026-03-05T12:26:39.401+01:00 INFO customer-service host=customer-service-5b8f6c-t6zvn corrId=c-f27ff313ef93ea63 KYC profile loaded customer_id=C21021947 risk_class=HIGH
2026-03-05T12:26:39.538+01:00 INFO valuation-service host=valuation-service-a41e92-t6zvn corrId=c-f27ff313ef93ea63 property valuation requested property_id=P7369651 provider=valuta-ejd
2026-03-05T12:26:40.231+01:00 INFO valuation-service host=valuation-service-a41e92-t6zvn corrId=c-f27ff313ef93ea63 property valuation received property_id=P7369651 value_dkk=2140000 latency_ms=613
2026-03-05T12:26:40.298+01:00 INFO credit-service host=credit-service-a41e92-x2k4p corrId=c-f27ff313ef93ea63 credit assessment completed application_id=APP-2026-636824 score=679 decision=APPROVED
2026-03-05T12:26:40.404+01:00 INFO offer-service host=offer-service-7c9d5b-t6zvn corrId=c-f27ff313ef93ea63 loan offer generated application_id=APP-2026-636824 loan_type=FIXED_30Y principal_dkk=2245000
2026-03-05T12:26:40.411+01:00 INFO document-service host=document-service-7c9d5b-x2k4p corrId=c-f27ff313ef93ea63 offer document stored application_id=APP-2026-636824 doc_id=DOC-6e57850b
2026-03-05T12:26:40.480+01:00 INFO portal-bff host=portal-bff-5b8f6c-t6zvn corrId=c-f27ff313ef93ea63 application completed application_id=APP-2026-636824 status=OFFER_ISSUED
2026-03-05T12:28:08.771+01:00 INFO portal-bff host=portal-bff-7c9d5b-t6zvn corrId=c-740def6c164945f6 loan application submitted application_id=APP-2026-897465 customer_segment=RETAIL
2026-03-05T12:28:08.844+01:00 INFO identity-service host=identity-service-7c9d5b-x2k4p corrId=c-740def6c164945f6 MitID session validated customer_id=C18379226
2026-03-05T12:28:08.925+01:00 INFO customer-service host=customer-service-7c9d5b-p9qmz corrId=c-740def6c164945f6 KYC profile loaded customer_id=C18379226 risk_class=MEDIUM
2026-03-05T12:28:08.961+01:00 INFO valuation-service host=valuation-service-a41e92-p9qmz corrId=c-740def6c164945f6 property valuation requested property_id=P7988463 provider=valuta-ejd
2026-03-05T12:28:09.318+01:00 INFO valuation-service host=valuation-service-7c9d5b-x2k4p corrId=c-740def6c164945f6 property valuation received property_id=P7988463 value_dkk=6380000 latency_ms=264
2026-03-05T12:28:09.447+01:00 INFO credit-service host=credit-service-5b8f6c-p9qmz corrId=c-740def6c164945f6 credit assessment completed application_id=APP-2026-897465 score=715 decision=APPROVED
2026-03-05T12:28:09.564+01:00 INFO offer-service host=offer-service-a41e92-t6zvn corrId=c-740def6c164945f6 loan offer generated application_id=APP-2026-897465 loan_type=FIXED_30Y principal_dkk=2960000
2026-03-05T12:28:09.582+01:00 INFO document-service host=document-service-5b8f6c-p9qmz corrId=c-740def6c164945f6 offer document stored application_id=APP-2026-897465 doc_id=DOC-94b8d602
2026-03-05T12:28:09.656+01:00 INFO portal-bff host=portal-bff-a41e92-t6zvn corrId=c-740def6c164945f6 application completed application_id=APP-2026-897465 status=OFFER_ISSUED
2026-03-05T12:28:56.710+01:00 INFO portal-bff host=portal-bff-a41e92-x2k4p corrId=c-f21aea4f3bf302eb conversion quote requested loan_id=LN798981937 target_product=FIXED_30Y
2026-03-05T12:28:56.774+01:00 INFO identity-service host=identity-service-a41e92-x2k4p corrId=c-f21aea4f3bf302eb MitID session validated customer_id=C93188949
2026-03-05T12:28:56.862+01:00 INFO pricing-service host=pricing-service-5b8f6c-p9qmz corrId=c-f21aea4f3bf302eb bond price fetched series=BND4.0-2053 price=98.245
2026-03-05T12:28:56.914+01:00 INFO pricing-service host=pricing-service-5b8f6c-x2k4p corrId=c-f21aea4f3bf302eb conversion cost calculated loan_id=LN798981937 cost_dkk=41697.74
2026-03-05T12:28:56.972+01:00 INFO quote-service host=quote-service-7c9d5b-t6zvn corrId=c-f21aea4f3bf302eb conversion quote issued quote_id=Q28250349 loan_id=LN798981937
2026-03-05T12:29:24.286+01:00 INFO portal-bff host=portal-bff-7c9d5b-x2k4p corrId=c-342a239b414959b9 conversion quote requested loan_id=LN356323555 target_product=FIXED_30Y
2026-03-05T12:29:24.402+01:00 INFO identity-service host=identity-service-7c9d5b-p9qmz corrId=c-342a239b414959b9 MitID session validated customer_id=C25005132
2026-03-05T12:29:24.526+01:00 INFO pricing-service host=pricing-service-7c9d5b-t6zvn corrId=c-342a239b414959b9 bond price fetched series=BND2.5-2056 price=96.042
2026-03-05T12:29:24.585+01:00 INFO pricing-service host=pricing-service-7c9d5b-t6zvn corrId=c-342a239b414959b9 conversion cost calculated loan_id=LN356323555 cost_dkk=70517.63
2026-03-05T12:29:24.608+01:00 INFO quote-service host=quote-service-a41e92-x2k4p corrId=c-342a239b414959b9 conversion quote issued quote_id=Q85493979 loan_id=LN356323555
2026-03-05T12:29:31.889+01:00 INFO portal-bff host=portal-bff-a41e92-x2k4p corrId=c-575ef158ea188cee conversion quote requested loan_id=LN605987060 target_product=FIXED_30Y
2026-03-05T12:29:31.908+01:00 INFO identity-service host=identity-service-5b8f6c-t6zvn corrId=c-575ef158ea188cee MitID session validated customer_id=C21885836
2026-03-05T12:29:32.039+01:00 INFO pricing-service host=pricing-service-a41e92-t6zvn corrId=c-575ef158ea188cee bond price fetched series=BND3.0-2056 price=97.565
2026-03-05T12:29:32.067+01:00 INFO pricing-service host=pricing-service-a41e92-p9qmz corrId=c-575ef158ea188cee conversion cost calculated loan_id=LN605987060 cost_dkk=70516.58
2026-03-05T12:29:32.182+01:00 INFO quote-service host=quote-service-5b8f6c-p9qmz corrId=c-575ef158ea188cee conversion quote issued quote_id=Q28330498 loan_id=LN605987060
2026-03-05T12:30:00.380+01:00 INFO payment-scheduler host=payment-scheduler-7c9d5b-p9qmz corrId=- scheduler heartbeat lag_ms=71
2026-03-05T12:30:00.709+01:00 INFO api-gateway host=api-gateway-5b8f6c-t6zvn corrId=- health probe ok status=200 latency_ms=31
2026-03-05T12:30:03.901+01:00 INFO portal-bff host=portal-bff-7c9d5b-p9qmz corrId=c-209cf86850b877c2 loan application submitted application_id=APP-2026-984699 customer_segment=RETAIL
2026-03-05T12:30:04.034+01:00 INFO identity-service host=identity-service-7c9d5b-t6zvn corrId=c-209cf86850b877c2 MitID session validated customer_id=C84847812
2026-03-05T12:30:04.058+01:00 INFO customer-service host=customer-service-5b8f6c-p9qmz corrId=c-209cf86850b877c2 KYC profile loaded customer_id=C84847812 risk_class=LOW
2026-03-05T12:30:04.144+01:00 INFO valuation-service host=valuation-service-7c9d5b-x2k4p corrId=c-209cf86850b877c2 property valuation requested property_id=P2941166 provider=valuta-ejd
2026-03-05T12:30:05.160+01:00 INFO valuation-service host=valuation-service-7c9d5b-t6zvn corrId=c-209cf86850b877c2 property valuation received property_id=P2941166 value_dkk=1400000 latency_ms=885
2026-03-05T12:30:05.190+01:00 INFO credit-service host=credit-service-7c9d5b-p9qmz corrId=c-209cf86850b877c2 credit assessment completed application_id=APP-2026-984699 score=503 decision=APPROVED
2026-03-05T12:30:05.203+01:00 INFO offer-service host=offer-service-5b8f6c-t6zvn corrId=c-209cf86850b877c2 loan offer generated application_id=APP-2026-984699 loan_type=FLEX_1Y principal_dkk=4815000
2026-03-05T12:30:05.216+01:00 INFO document-service host=document-service-5b8f6c-x2k4p corrId=c-209cf86850b877c2 offer document stored application_id=APP-2026-984699 doc_id=DOC-d5f34562
2026-03-05T12:30:05.347+01:00 INFO portal-bff host=portal-bff-a41e92-p9qmz corrId=c-209cf86850b877c2 application completed application_id=APP-2026-984699 status=OFFER_ISSUED
2026-03-05T12:32:51.435+01:00 INFO portal-bff host=portal-bff-5b8f6c-x2k4p corrId=c-c05e2ba610ef8ac8 loan application submitted application_id=APP-2026-977441 customer_segment=RETAIL
2026-03-05T12:32:51.444+01:00 INFO identity-service host=identity-service-5b8f6c-t6zvn corrId=c-c05e2ba610ef8ac8 MitID session validated customer_id=C78889616
2026-03-05T12:32:51.582+01:00 INFO customer-service host=customer-service-7c9d5b-t6zvn corrId=c-c05e2ba610ef8ac8 KYC profile loaded customer_id=C78889616 risk_class=MEDIUM
2026-03-05T12:32:51.682+01:00 INFO valuation-service host=valuation-service-5b8f6c-x2k4p corrId=c-c05e2ba610ef8ac8 property valuation requested property_id=P0467783 provider=valuta-ejd
2026-03-05T12:32:52.380+01:00 INFO valuation-service host=valuation-service-7c9d5b-x2k4p corrId=c-c05e2ba610ef8ac8 property valuation received property_id=P0467783 value_dkk=8210000 latency_ms=625
2026-03-05T12:32:52.485+01:00 INFO credit-service host=credit-service-7c9d5b-p9qmz corrId=c-c05e2ba610ef8ac8 credit assessment completed application_id=APP-2026-977441 score=837 decision=APPROVED
2026-03-05T12:32:52.617+01:00 INFO offer-service host=offer-service-7c9d5b-t6zvn corrId=c-c05e2ba610ef8ac8 loan offer generated application_id=APP-2026-977441 loan_type=FIXED_30Y principal_dkk=3870000
2026-03-05T12:32:52.688+01:00 INFO document-service host=document-service-7c9d5b-p9qmz corrId=c-c05e2ba610ef8ac8 offer document stored application_id=APP-2026-977441 doc_id=DOC-616e5331
2026-03-05T12:32:52.792+01:00 INFO portal-bff host=portal-bff-a41e92-t6zvn corrId=c-c05e2ba610ef8ac8 application completed application_id=APP-2026-977441 status=OFFER_ISSUED
2026-03-05T12:32:56.000+01:00 INFO valuation-service host=valuation-service-a41e92-x2k4p corrId=- jvm gc pause pause_ms=17
2026-03-05T12:33:31.148+01:00 INFO portal-bff host=portal-bff-a41e92-t6zvn corrId=c-3f83c797b0302033 loan application submitted application_id=APP-2026-050571 customer_segment=PRIVATE
2026-03-05T12:33:31.157+01:00 INFO identity-service host=identity-service-5b8f6c-x2k4p corrId=c-3f83c797b0302033 MitID session validated customer_id=C23138966
2026-03-05T12:33:31.235+01:00 INFO customer-service host=customer-service-7c9d5b-t6zvn corrId=c-3f83c797b0302033 KYC profile loaded customer_id=C23138966 risk_class=LOW
2026-03-05T12:33:31.304+01:00 INFO valuation-service host=valuation-service-7c9d5b-t6zvn corrId=c-3f83c797b0302033 property valuation requested property_id=P1821821 provider=valuta-ejd
2026-03-05T12:33:31.579+01:00 INFO valuation-service host=valuation-service-a41e92-x2k4p corrId=c-3f83c797b0302033 property valuation received property_id=P1821821 value_dkk=8230000 latency_ms=238
2026-03-05T12:33:31.660+01:00 INFO credit-service host=credit-service-a41e92-p9qmz corrId=c-3f83c797b0302033 credit assessment completed application_id=APP-2026-050571 score=434 decision=APPROVED
2026-03-05T12:33:31.778+01:00 INFO offer-service host=offer-service-a41e92-x2k4p corrId=c-3f83c797b0302033 loan offer generated application_id=APP-2026-050571 loan_type=FIXED_20Y_IO principal_dkk=2900000
2026-03-05T12:33:31.886+01:00 INFO document-service host=document-service-7c9d5b-p9qmz corrId=c-3f83c797b0302033 offer document stored application_id=APP-2026-050571 doc_id=DOC-4420bfae
2026-03-05T12:33:32.025+01:00 INFO portal-bff host=portal-bff-a41e92-p9qmz corrId=c-3f83c797b0302033 application completed application_id=APP-2026-050571 status=OFFER_ISSUED
2026-03-05T12:33:33.170+01:00 INFO portal-bff host=portal-bff-5b8f6c-x2k4p corrId=c-aaf3617eafeda7a4 conversion quote requested loan_id=LN138150357 target_product=FLEX_5Y
2026-03-05T12:33:33.242+01:00 INFO identity-service host=identity-service-7c9d5b-x2k4p corrId=c-aaf3617eafeda7a4 MitID session validated customer_id=C91802396
2026-03-05T12:33:33.270+01:00 INFO pricing-service host=pricing-service-5b8f6c-x2k4p corrId=c-aaf3617eafeda7a4 bond price fetched series=BND2.5-2053 price=97.303
2026-03-05T12:33:33.388+01:00 INFO pricing-service host=pricing-service-a41e92-p9qmz corrId=c-aaf3617eafeda7a4 conversion cost calculated loan_id=LN138150357 cost_dkk=57755.54
2026-03-05T12:33:33.471+01:00 INFO quote-service host=quote-service-a41e92-p9qmz corrId=c-aaf3617eafeda7a4 conversion quote issued quote_id=Q13689060 loan_id=LN138150357
2026-03-05T12:34:37.380+01:00 INFO portal-bff host=portal-bff-5b8f6c-p9qmz corrId=c-f0d12a4c80bb3fe4 conversion quote requested loan_id=LN329940515 target_product=FLEX_5Y
2026-03-05T12:34:37.465+01:00 INFO identity-service host=identity-service-7c9d5b-x2k4p corrId=c-f0d12a4c80bb3fe4 MitID session validated customer_id=C75402826
2026-03-05T12:34:37.508+01:00 INFO pricing-service host=pricing-service-5b8f6c-x2k4p corrId=c-f0d12a4c80bb3fe4 bond price fetched series=BND4.0-2053 price=95.101
2026-03-05T12:34:37.523+01:00 INFO pricing-service host=pricing-service-5b8f6c-t6zvn corrId=c-f0d12a4c80bb3fe4 conversion cost calculated loan_id=LN329940515 cost_dkk=26114.95
2026-03-05T12:34:37.643+01:00 INFO quote-service host=quote-service-a41e92-x2k4p corrId=c-f0d12a4c80bb3fe4 conversion quote issued quote_id=Q16996098 loan_id=LN329940515
2026-03-05T12:34:37.752+01:00 INFO offer-service host=offer-service-5b8f6c-x2k4p corrId=c-b1f4ac405c771352 offer accepted application_id=APP-2026-351622
2026-03-05T12:34:37.813+01:00 INFO ledger-service host=ledger-service-5b8f6c-p9qmz corrId=c-b1f4ac405c771352 funds reserved application_id=APP-2026-351622 amount_dkk=2495000
2026-03-05T12:34:37.863+01:00 INFO payment-service host=payment-service-7c9d5b-x2k4p corrId=c-b1f4ac405c771352 payout instruction sent application_id=APP-2026-351622 amount_dkk=2495000
2026-03-05T12:34:37.976+01:00 INFO ledger-service host=ledger-service-7c9d5b-p9qmz corrId=c-b1f4ac405c771352 payout booked application_id=APP-2026-351622 posting_id=PST-54877304f7
2026-03-05T12:34:38.060+01:00 INFO notification-service host=notification-service-7c9d5b-p9qmz corrId=c-b1f4ac405c771352 payout confirmation sent application_id=APP-2026-351622
2026-03-05T12:35:00.007+01:00 INFO api-gateway host=api-gateway-a41e92-x2k4p corrId=- health probe ok status=200 latency_ms=35
2026-03-05T12:36:45.620+01:00 INFO offer-service host=offer-service-5b8f6c-t6zvn corrId=c-8a4e67efa996d1af offer accepted application_id=APP-2026-550918
2026-03-05T12:36:45.656+01:00 INFO ledger-service host=ledger-service-a41e92-t6zvn corrId=c-8a4e67efa996d1af funds reserved application_id=APP-2026-550918 amount_dkk=4310000
2026-03-05T12:36:45.674+01:00 INFO payment-service host=payment-service-a41e92-x2k4p corrId=c-8a4e67efa996d1af payout instruction sent application_id=APP-2026-550918 amount_dkk=4310000
2026-03-05T12:36:45.776+01:00 INFO ledger-service host=ledger-service-7c9d5b-p9qmz corrId=c-8a4e67efa996d1af payout booked application_id=APP-2026-550918 posting_id=PST-1a9f6f951f
2026-03-05T12:36:45.832+01:00 INFO notification-service host=notification-service-5b8f6c-x2k4p corrId=c-8a4e67efa996d1af payout confirmation sent application_id=APP-2026-550918
2026-03-05T12:37:20.986+01:00 INFO portal-bff host=portal-bff-7c9d5b-x2k4p corrId=c-24d0230ccb655c9a loan application submitted application_id=APP-2026-111361 customer_segment=SME
2026-03-05T12:37:21.077+01:00 INFO identity-service host=identity-service-7c9d5b-x2k4p corrId=c-24d0230ccb655c9a MitID session validated customer_id=C77356317
2026-03-05T12:37:21.133+01:00 INFO customer-service host=customer-service-5b8f6c-t6zvn corrId=c-24d0230ccb655c9a KYC profile loaded customer_id=C77356317 risk_class=LOW
2026-03-05T12:37:21.256+01:00 INFO valuation-service host=valuation-service-7c9d5b-x2k4p corrId=c-24d0230ccb655c9a property valuation requested property_id=P0749883 provider=bolig-vurdering
2026-03-05T12:37:22.107+01:00 INFO valuation-service host=valuation-service-7c9d5b-t6zvn corrId=c-24d0230ccb655c9a property valuation received property_id=P0749883 value_dkk=1590000 latency_ms=842
2026-03-05T12:37:22.165+01:00 INFO credit-service host=credit-service-5b8f6c-t6zvn corrId=c-24d0230ccb655c9a credit assessment completed application_id=APP-2026-111361 score=454 decision=APPROVED
2026-03-05T12:37:22.280+01:00 INFO offer-service host=offer-service-5b8f6c-x2k4p corrId=c-24d0230ccb655c9a loan offer generated application_id=APP-2026-111361 loan_type=FLEX_1Y principal_dkk=2670000
2026-03-05T12:37:22.402+01:00 INFO document-service host=document-service-a41e92-p9qmz corrId=c-24d0230ccb655c9a offer document stored application_id=APP-2026-111361 doc_id=DOC-9f95a4fd
2026-03-05T12:37:22.512+01:00 INFO portal-bff host=portal-bff-a41e92-x2k4p corrId=c-24d0230ccb655c9a application completed application_id=APP-2026-111361 status=OFFER_ISSUED
2026-03-05T12:37:50.250+01:00 INFO portal-bff host=portal-bff-7c9d5b-x2k4p corrId=c-963543d98efa0c6b conversion quote requested loan_id=LN132485142 target_product=FIXED_30Y
2026-03-05T12:37:50.329+01:00 INFO identity-service host=identity-service-7c9d5b-p9qmz corrId=c-963543d98efa0c6b MitID session validated customer_id=C81431600
2026-03-05T12:37:50.394+01:00 INFO pricing-service host=pricing-service-5b8f6c-t6zvn corrId=c-963543d98efa0c6b bond price fetched series=BND2.5-2053 price=89.284
2026-03-05T12:37:50.529+01:00 INFO pricing-service host=pricing-service-a41e92-x2k4p corrId=c-963543d98efa0c6b conversion cost calculated loan_id=LN132485142 cost_dkk=24284.09
2026-03-05T12:37:50.632+01:00 INFO quote-service host=quote-service-5b8f6c-x2k4p corrId=c-963543d98efa0c6b conversion quote issued quote_id=Q25032716 loan_id=LN132485142
2026-03-05T12:40:00.450+01:00 INFO payment-scheduler host=payment-scheduler-5b8f6c-x2k4p corrId=- scheduler heartbeat lag_ms=18
2026-03-05T12:40:00.523+01:00 INFO api-gateway host=api-gateway-a41e92-x2k4p corrId=- health probe ok status=200 latency_ms=38
2026-03-05T12:40:47.628+01:00 INFO offer-service host=offer-service-a41e92-p9qmz corrId=c-9e1fed00f2282151 offer accepted application_id=APP-2026-096202
2026-03-05T12:40:47.661+01:00 INFO ledger-service host=ledger-service-a41e92-x2k4p corrId=c-9e1fed00f2282151 funds reserved application_id=APP-2026-096202 amount_dkk=3570000
2026-03-05T12:40:47.728+01:00 INFO payment-service host=payment-service-a41e92-x2k4p corrId=c-9e1fed00f2282151 payout instruction sent application_id=APP-2026-096202 amount_dkk=3570000
2026-03-05T12:40:47.857+01:00 INFO ledger-service host=ledger-service-a41e92-t6zvn corrId=c-9e1fed00f2282151 payout booked application_id=APP-2026-096202 posting_id=PST-cc6d205eb6
2026-03-05T12:40:47.931+01:00 INFO notification-service host=notification-service-7c9d5b-p9qmz corrId=c-9e1fed00f2282151 payout confirmation sent application_id=APP-2026-096202
2026-03-05T12:43:46.783+01:00 INFO portal-bff host=portal-bff-a41e92-p9qmz corrId=c-73df9d76c847f07b loan application submitted application_id=APP-2026-948000 customer_segment=PRIVATE
2026-03-05T12:43:46.837+01:00 INFO identity-service host=identity-service-5b8f6c-t6zvn corrId=c-73df9d76c847f07b MitID session validated customer_id=C66329537
2026-03-05T12:43:46.863+01:00 INFO customer-service host=customer-service-5b8f6c-t6zvn corrId=c-73df9d76c847f07b KYC profile loaded customer_id=C66329537 risk_class=LOW
2026-03-05T12:43:46.890+01:00 INFO valuation-service host=valuation-service-7c9d5b-p9qmz corrId=c-73df9d76c847f07b property valuation served from cache property_id=P3400710 value_dkk=1090000
2026-03-05T12:43:47.012+01:00 INFO credit-service host=credit-service-a41e92-t6zvn corrId=c-73df9d76c847f07b credit assessment completed application_id=APP-2026-948000 score=781 decision=APPROVED
2026-03-05T12:43:47.148+01:00 INFO offer-service host=offer-service-7c9d5b-x2k4p corrId=c-73df9d76c847f07b loan offer generated application_id=APP-2026-948000 loan_type=FLEX_5Y principal_dkk=4155000
2026-03-05T12:43:47.179+01:00 INFO document-service host=document-service-7c9d5b-t6zvn corrId=c-73df9d76c847f07b offer document stored application_id=APP-2026-948000 doc_id=DOC-dd704963
2026-03-05T12:43:47.297+01:00 INFO portal-bff host=portal-bff-7c9d5b-t6zvn corrId=c-73df9d76c847f07b application completed application_id=APP-2026-948000 status=OFFER_ISSUED
2026-03-05T12:45:00.900+01:00 INFO api-gateway host=api-gateway-7c9d5b-p9qmz corrId=- health probe ok status=200 latency_ms=9
2026-03-05T12:47:01.132+01:00 INFO portal-bff host=portal-bff-a41e92-x2k4p corrId=c-99542e8eaaf1c35f loan application submitted application_id=APP-2026-295417 customer_segment=RETAIL
2026-03-05T12:47:01.141+01:00 INFO identity-service host=identity-service-5b8f6c-x2k4p corrId=c-99542e8eaaf1c35f MitID session validated customer_id=C09414192
2026-03-05T12:47:01.191+01:00 INFO customer-service host=customer-service-5b8f6c-x2k4p corrId=c-99542e8eaaf1c35f KYC profile loaded customer_id=C09414192 risk_class=HIGH
2026-03-05T12:47:01.299+01:00 INFO valuation-service host=valuation-service-7c9d5b-t6zvn corrId=c-99542e8eaaf1c35f property valuation served from cache property_id=P7804707 value_dkk=7100000
2026-03-05T12:47:01.418+01:00 INFO credit-service host=credit-service-5b8f6c-p9qmz corrId=c-99542e8eaaf1c35f credit assessment completed application_id=APP-2026-295417 score=543 decision=APPROVED
2026-03-05T12:47:01.478+01:00 INFO offer-service host=offer-service-a41e92-p9qmz corrId=c-99542e8eaaf1c35f loan offer generated application_id=APP-2026-295417 loan_type=FIXED_30Y principal_dkk=570000
2026-03-05T12:47:01.497+01:00 INFO document-service host=document-service-7c9d5b-x2k4p corrId=c-99542e8eaaf1c35f offer document stored application_id=APP-2026-295417 doc_id=DOC-eebb9567
2026-03-05T12:47:01.611+01:00 INFO portal-bff host=portal-bff-7c9d5b-x2k4p corrId=c-99542e8eaaf1c35f application completed application_id=APP-2026-295417 status=OFFER_ISSUED
2026-03-05T12:48:03.905+01:00 INFO portal-bff host=portal-bff-a41e92-x2k4p corrId=c-889d1712b94289eb conversion quote requested loan_id=LN508855223 target_product=FLEX_1Y
2026-03-05T12:48:03.981+01:00 INFO identity-service host=identity-service-5b8f6c-p9qmz corrId=c-889d1712b94289eb MitID session validated customer_id=C38679126
2026-03-05T12:48:03.989+01:00 INFO pricing-service host=pricing-service-a41e92-p9qmz corrId=c-889d1712b94289eb bond price fetched series=BND3.0-2056 price=101.554
2026-03-05T12:48:04.035+01:00 INFO pricing-service host=pricing-service-a41e92-t6zvn corrId=c-889d1712b94289eb conversion cost calculated loan_id=LN508855223 cost_dkk=70736.37
2026-03-05T12:48:04.056+01:00 INFO quote-service host=quote-service-7c9d5b-p9qmz corrId=c-889d1712b94289eb conversion quote issued quote_id=Q74898309 loan_id=LN508855223
2026-03-05T12:49:00.970+01:00 INFO portal-bff host=portal-bff-a41e92-p9qmz corrId=c-02cac2fa6c7df1c9 loan application submitted application_id=APP-2026-160429 customer_segment=RETAIL
2026-03-05T12:49:00.978+01:00 INFO identity-service host=identity-service-5b8f6c-x2k4p corrId=c-02cac2fa6c7df1c9 MitID session validated customer_id=C08856717
2026-03-05T12:49:01.011+01:00 INFO customer-service host=customer-service-7c9d5b-t6zvn corrId=c-02cac2fa6c7df1c9 KYC profile loaded customer_id=C08856717 risk_class=LOW
2026-03-05T12:49:01.070+01:00 INFO valuation-service host=valuation-service-5b8f6c-p9qmz corrId=c-02cac2fa6c7df1c9 property valuation served from cache property_id=P2565302 value_dkk=8420000
2026-03-05T12:49:01.161+01:00 INFO credit-service host=credit-service-5b8f6c-p9qmz corrId=c-02cac2fa6c7df1c9 credit assessment completed application_id=APP-2026-160429 score=745 decision=APPROVED
2026-03-05T12:49:01.298+01:00 INFO offer-service host=offer-service-7c9d5b-p9qmz corrId=c-02cac2fa6c7df1c9 loan offer generated application_id=APP-2026-160429 loan_type=FLEX_1Y principal_dkk=3380000
2026-03-05T12:49:01.319+01:00 INFO document-service host=document-service-7c9d5b-t6zvn corrId=c-02cac2fa6c7df1c9 offer document stored application_id=APP-2026-160429 doc_id=DOC-2b569607
2026-03-05T12:49:01.350+01:00 INFO portal-bff host=portal-bff-5b8f6c-x2k4p corrId=c-02cac2fa6c7df1c9 application completed application_id=APP-2026-160429 status=OFFER_ISSUED
2026-03-05T12:50:00.394+01:00 INFO payment-scheduler host=payment-scheduler-7c9d5b-t6zvn corrId=- scheduler heartbeat lag_ms=75
2026-03-05T12:50:00.697+01:00 INFO api-gateway host=api-gateway-7c9d5b-p9qmz corrId=- health probe ok status=200 latency_ms=30
2026-03-05T12:50:24.241+01:00 INFO portal-bff host=portal-bff-a41e92-p9qmz corrId=c-8fa75b8d9bd76a81 loan application submitted application_id=APP-2026-363844 customer_segment=PRIVATE
2026-03-05T12:50:24.258+01:00 INFO identity-service host=identity-service-a41e92-p9qmz corrId=c-8fa75b8d9bd76a81 MitID session validated customer_id=C42995309
2026-03-05T12:50:24.376+01:00 INFO customer-service host=customer-service-a41e92-t6zvn corrId=c-8fa75b8d9bd76a81 KYC profile loaded customer_id=C42995309 risk_class=HIGH
2026-03-05T12:50:24.458+01:00 INFO valuation-service host=valuation-service-7c9d5b-x2k4p corrId=c-8fa75b8d9bd76a81 property valuation requested property_id=P6346744 provider=bolig-vurdering
2026-03-05T12:50:25.368+01:00 INFO valuation-service host=valuation-service-a41e92-t6zvn corrId=c-8fa75b8d9bd76a81 property valuation received property_id=P6346744 value_dkk=8630000 latency_ms=826
2026-03-05T12:50:25.394+01:00 INFO credit-service host=credit-service-a41e92-t6zvn corrId=c-8fa75b8d9bd76a81 credit assessment completed application_id=APP-2026-363844 score=531 decision=APPROVED
2026-03-05T12:50:25.492+01:00 INFO offer-service host=offer-service-a41e92-x2k4p corrId=c-8fa75b8d9bd76a81 loan offer generated application_id=APP-2026-363844 loan_type=FIXED_20Y_IO principal_dkk=1670000
2026-03-05T12:50:25.612+01:00 INFO document-service host=document-service-5b8f6c-p9qmz corrId=c-8fa75b8d9bd76a81 offer document stored application_id=APP-2026-363844 doc_id=DOC-f42c2c85
2026-03-05T12:50:25.678+01:00 INFO portal-bff host=portal-bff-7c9d5b-x2k4p corrId=c-8fa75b8d9bd76a81 application completed application_id=APP-2026-363844 status=OFFER_ISSUED
2026-03-05T12:50:48.218+01:00 INFO portal-bff host=portal-bff-a41e92-p9qmz corrId=c-40f067c8e2c83b31 loan application submitted application_id=APP-2026-535530 customer_segment=PRIVATE
2026-03-05T12:50:48.273+01:00 INFO identity-service host=identity-service-5b8f6c-x2k4p corrId=c-40f067c8e2c83b31 MitID session validated customer_id=C30533642
2026-03-05T12:50:48.337+01:00 INFO customer-service host=customer-service-7c9d5b-p9qmz corrId=c-40f067c8e2c83b31 KYC profile loaded customer_id=C30533642 risk_class=MEDIUM
2026-03-05T12:50:48.400+01:00 INFO valuation-service host=valuation-service-5b8f6c-x2k4p corrId=c-40f067c8e2c83b31 property valuation requested property_id=P2971964 provider=valuta-ejd
2026-03-05T12:50:48.719+01:00 INFO valuation-service host=valuation-service-7c9d5b-p9qmz corrId=c-40f067c8e2c83b31 property valuation received property_id=P2971964 value_dkk=5230000 latency_ms=223
2026-03-05T12:50:48.745+01:00 INFO credit-service host=credit-service-a41e92-p9qmz corrId=c-40f067c8e2c83b31 credit assessment completed application_id=APP-2026-535530 score=526 decision=APPROVED
2026-03-05T12:50:48.824+01:00 INFO offer-service host=offer-service-a41e92-t6zvn corrId=c-40f067c8e2c83b31 loan offer generated application_id=APP-2026-535530 loan_type=FIXED_20Y_IO principal_dkk=5960000
2026-03-05T12:50:48.887+01:00 INFO document-service host=document-service-7c9d5b-p9qmz corrId=c-40f067c8e2c83b31 offer document stored application_id=APP-2026-535530 doc_id=DOC-2f543312
2026-03-05T12:50:48.958+01:00 INFO portal-bff host=portal-bff-a41e92-p9qmz corrId=c-40f067c8e2c83b31 application completed application_id=APP-2026-535530 status=OFFER_ISSUED
2026-03-05T12:51:46.334+01:00 INFO portal-bff host=portal-bff-a41e92-t6zvn corrId=c-9749ab843eb3d9bc conversion quote requested loan_id=LN800189217 target_product=FLEX_1Y
2026-03-05T12:51:46.401+01:00 INFO identity-service host=identity-service-7c9d5b-p9qmz corrId=c-9749ab843eb3d9bc MitID session validated customer_id=C86156042
2026-03-05T12:51:46.444+01:00 INFO pricing-service host=pricing-service-5b8f6c-p9qmz corrId=c-9749ab843eb3d9bc bond price fetched series=BND2.5-2053 price=101.519
2026-03-05T12:51:46.473+01:00 INFO pricing-service host=pricing-service-a41e92-t6zvn corrId=c-9749ab843eb3d9bc conversion cost calculated loan_id=LN800189217 cost_dkk=73413.08
2026-03-05T12:51:46.522+01:00 INFO quote-service host=quote-service-a41e92-x2k4p corrId=c-9749ab843eb3d9bc conversion quote issued quote_id=Q57605640 loan_id=LN800189217
2026-03-05T12:52:10.021+01:00 INFO portal-bff host=portal-bff-5b8f6c-t6zvn corrId=c-1191a543ad0addea loan application submitted application_id=APP-2026-101896 customer_segment=RETAIL
2026-03-05T12:52:10.055+01:00 INFO identity-service host=identity-service-7c9d5b-t6zvn corrId=c-1191a543ad0addea MitID session validated customer_id=C58319748
2026-03-05T12:52:10.172+01:00 INFO customer-service host=customer-service-5b8f6c-t6zvn corrId=c-1191a543ad0addea KYC profile loaded customer_id=C58319748 risk_class=LOW
2026-03-05T12:52:10.278+01:00 INFO valuation-service host=valuation-service-7c9d5b-p9qmz corrId=c-1191a543ad0addea property valuation requested property_id=P9237236 provider=valuta-ejd
2026-03-05T12:52:10.722+01:00 INFO valuation-service host=valuation-service-7c9d5b-t6zvn corrId=c-1191a543ad0addea property valuation received property_id=P9237236 value_dkk=3270000 latency_ms=417
2026-03-05T12:52:10.748+01:00 INFO credit-service host=credit-service-5b8f6c-p9qmz corrId=c-1191a543ad0addea credit assessment completed application_id=APP-2026-101896 score=692 decision=APPROVED
2026-03-05T12:52:10.792+01:00 INFO offer-service host=offer-service-5b8f6c-p9qmz corrId=c-1191a543ad0addea loan offer generated application_id=APP-2026-101896 loan_type=FIXED_20Y_IO principal_dkk=2200000
2026-03-05T12:52:10.899+01:00 INFO document-service host=document-service-5b8f6c-x2k4p corrId=c-1191a543ad0addea offer document stored application_id=APP-2026-101896 doc_id=DOC-a19a94db
2026-03-05T12:52:10.956+01:00 INFO portal-bff host=portal-bff-7c9d5b-x2k4p corrId=c-1191a543ad0addea application completed application_id=APP-2026-101896 status=OFFER_ISSUED
2026-03-05T12:52:44.043+01:00 INFO portal-bff host=portal-bff-5b8f6c-x2k4p corrId=c-ef5c0ba737009b09 loan application submitted application_id=APP-2026-535723 customer_segment=SME
2026-03-05T12:52:44.100+01:00 INFO identity-service host=identity-service-7c9d5b-p9qmz corrId=c-ef5c0ba737009b09 MitID session validated customer_id=C56154635
2026-03-05T12:52:44.213+01:00 INFO customer-service host=customer-service-5b8f6c-t6zvn corrId=c-ef5c0ba737009b09 KYC profile loaded customer_id=C56154635 risk_class=LOW
2026-03-05T12:52:44.252+01:00 INFO valuation-service host=valuation-service-a41e92-t6zvn corrId=c-ef5c0ba737009b09 property valuation requested property_id=P7924203 provider=valuta-ejd
2026-03-05T12:52:45.027+01:00 INFO valuation-service host=valuation-service-7c9d5b-p9qmz corrId=c-ef5c0ba737009b09 property valuation received property_id=P7924203 value_dkk=7590000 latency_ms=705
2026-03-05T12:52:45.136+01:00 INFO credit-service host=credit-service-7c9d5b-p9qmz corrId=c-ef5c0ba737009b09 credit assessment completed application_id=APP-2026-535723 score=494 decision=APPROVED
2026-03-05T12:52:45.234+01:00 INFO offer-service host=offer-service-a41e92-x2k4p corrId=c-ef5c0ba737009b09 loan offer generated application_id=APP-2026-535723 loan_type=FLEX_1Y principal_dkk=3495000
2026-03-05T12:52:45.286+01:00 INFO document-service host=document-service-5b8f6c-x2k4p corrId=c-ef5c0ba737009b09 offer document stored application_id=APP-2026-535723 doc_id=DOC-f573023c
2026-03-05T12:52:45.398+01:00 INFO portal-bff host=portal-bff-a41e92-x2k4p corrId=c-ef5c0ba737009b09 application completed application_id=APP-2026-535723 status=OFFER_ISSUED
2026-03-05T12:54:49.896+01:00 INFO portal-bff host=portal-bff-7c9d5b-p9qmz corrId=c-422694230daccc4f conversion quote requested loan_id=LN727456463 target_product=FIXED_30Y
2026-03-05T12:54:49.976+01:00 INFO identity-service host=identity-service-7c9d5b-p9qmz corrId=c-422694230daccc4f MitID session validated customer_id=C37269282
2026-03-05T12:54:50.060+01:00 INFO pricing-service host=pricing-service-5b8f6c-p9qmz corrId=c-422694230daccc4f bond price fetched series=BND2.5-2056 price=94.305
2026-03-05T12:54:50.129+01:00 INFO pricing-service host=pricing-service-7c9d5b-p9qmz corrId=c-422694230daccc4f conversion cost calculated loan_id=LN727456463 cost_dkk=25057.52
2026-03-05T12:54:50.182+01:00 INFO quote-service host=quote-service-a41e92-x2k4p corrId=c-422694230daccc4f conversion quote issued quote_id=Q22635224 loan_id=LN727456463
2026-03-05T12:55:00.802+01:00 INFO api-gateway host=api-gateway-5b8f6c-t6zvn corrId=- health probe ok status=200 latency_ms=4
2026-03-05T12:56:12.705+01:00 INFO portal-bff host=portal-bff-a41e92-p9qmz corrId=c-f0c02aaa28e85cc8 loan application submitted application_id=APP-2026-451603 customer_segment=RETAIL
2026-03-05T12:56:12.838+01:00 INFO identity-service host=identity-service-5b8f6c-t6zvn corrId=c-f0c02aaa28e85cc8 MitID session validated customer_id=C51527796
2026-03-05T12:56:12.950+01:00 INFO customer-service host=customer-service-7c9d5b-t6zvn corrId=c-f0c02aaa28e85cc8 KYC profile loaded customer_id=C51527796 risk_class=HIGH
2026-03-05T12:56:12.955+01:00 INFO valuation-service host=valuation-service-7c9d5b-p9qmz corrId=c-f0c02aaa28e85cc8 property valuation requested property_id=P3605218 provider=bolig-vurdering
2026-03-05T12:56:13.775+01:00 INFO valuation-service host=valuation-service-7c9d5b-x2k4p corrId=c-f0c02aaa28e85cc8 property valuation received property_id=P3605218 value_dkk=1160000 latency_ms=685
2026-03-05T12:56:13.894+01:00 INFO credit-service host=credit-service-7c9d5b-x2k4p corrId=c-f0c02aaa28e85cc8 credit assessment completed application_id=APP-2026-451603 score=808 decision=APPROVED
2026-03-05T12:56:13.946+01:00 INFO offer-service host=offer-service-a41e92-p9qmz corrId=c-f0c02aaa28e85cc8 loan offer generated application_id=APP-2026-451603 loan_type=FLEX_1Y principal_dkk=5505000
2026-03-05T12:56:14.018+01:00 INFO document-service host=document-service-a41e92-p9qmz corrId=c-f0c02aaa28e85cc8 offer document stored application_id=APP-2026-451603 doc_id=DOC-ecd18630
2026-03-05T12:56:14.053+01:00 INFO portal-bff host=portal-bff-7c9d5b-x2k4p corrId=c-f0c02aaa28e85cc8 application completed application_id=APP-2026-451603 status=OFFER_ISSUED
2026-03-05T12:56:22.731+01:00 INFO portal-bff host=portal-bff-5b8f6c-p9qmz corrId=c-90088d65a88b774d loan application submitted application_id=APP-2026-440991 customer_segment=RETAIL
2026-03-05T12:56:22.746+01:00 INFO identity-service host=identity-service-a41e92-x2k4p corrId=c-90088d65a88b774d MitID session validated customer_id=C91066265
2026-03-05T12:56:22.766+01:00 INFO customer-service host=customer-service-5b8f6c-x2k4p corrId=c-90088d65a88b774d KYC profile loaded customer_id=C91066265 risk_class=LOW
2026-03-05T12:56:22.867+01:00 INFO valuation-service host=valuation-service-7c9d5b-p9qmz corrId=c-90088d65a88b774d property valuation requested property_id=P3066530 provider=valuta-ejd
2026-03-05T12:56:23.231+01:00 INFO valuation-service host=valuation-service-5b8f6c-x2k4p corrId=c-90088d65a88b774d property valuation received property_id=P3066530 value_dkk=7830000 latency_ms=243
2026-03-05T12:56:23.296+01:00 INFO credit-service host=credit-service-7c9d5b-p9qmz corrId=c-90088d65a88b774d credit assessment completed application_id=APP-2026-440991 score=607 decision=APPROVED
2026-03-05T12:56:23.355+01:00 INFO offer-service host=offer-service-a41e92-p9qmz corrId=c-90088d65a88b774d loan offer generated application_id=APP-2026-440991 loan_type=FIXED_30Y principal_dkk=4210000
2026-03-05T12:56:23.477+01:00 INFO document-service host=document-service-a41e92-p9qmz corrId=c-90088d65a88b774d offer document stored application_id=APP-2026-440991 doc_id=DOC-d5e692a7
2026-03-05T12:56:23.601+01:00 INFO portal-bff host=portal-bff-a41e92-x2k4p corrId=c-90088d65a88b774d application completed application_id=APP-2026-440991 status=OFFER_ISSUED
2026-03-05T12:56:39.303+01:00 INFO offer-service host=offer-service-7c9d5b-x2k4p corrId=c-7a570437b371282b offer accepted application_id=APP-2026-107394
2026-03-05T12:56:39.399+01:00 INFO ledger-service host=ledger-service-a41e92-t6zvn corrId=c-7a570437b371282b funds reserved application_id=APP-2026-107394 amount_dkk=3805000
2026-03-05T12:56:39.468+01:00 INFO payment-service host=payment-service-7c9d5b-x2k4p corrId=c-7a570437b371282b payout instruction sent application_id=APP-2026-107394 amount_dkk=3805000
2026-03-05T12:56:39.504+01:00 INFO ledger-service host=ledger-service-7c9d5b-p9qmz corrId=c-7a570437b371282b payout booked application_id=APP-2026-107394 posting_id=PST-67ada1b35d
2026-03-05T12:56:39.527+01:00 INFO notification-service host=notification-service-5b8f6c-t6zvn corrId=c-7a570437b371282b payout confirmation sent application_id=APP-2026-107394
2026-03-05T12:57:15.904+01:00 INFO portal-bff host=portal-bff-a41e92-p9qmz corrId=c-fc288e60486a577a loan application submitted application_id=APP-2026-502516 customer_segment=SME
2026-03-05T12:57:16.000+01:00 INFO identity-service host=identity-service-5b8f6c-x2k4p corrId=c-fc288e60486a577a MitID session validated customer_id=C69901306
2026-03-05T12:57:16.074+01:00 INFO customer-service host=customer-service-5b8f6c-p9qmz corrId=c-fc288e60486a577a KYC profile loaded customer_id=C69901306 risk_class=LOW
2026-03-05T12:57:16.138+01:00 INFO valuation-service host=valuation-service-5b8f6c-x2k4p corrId=c-fc288e60486a577a property valuation requested property_id=P3735400 provider=valuta-ejd
2026-03-05T12:57:17.010+01:00 INFO valuation-service host=valuation-service-5b8f6c-p9qmz corrId=c-fc288e60486a577a property valuation received property_id=P3735400 value_dkk=4660000 latency_ms=793
2026-03-05T12:57:17.048+01:00 INFO credit-service host=credit-service-7c9d5b-p9qmz corrId=c-fc288e60486a577a credit assessment completed application_id=APP-2026-502516 score=539 decision=APPROVED
2026-03-05T12:57:17.168+01:00 INFO offer-service host=offer-service-a41e92-p9qmz corrId=c-fc288e60486a577a loan offer generated application_id=APP-2026-502516 loan_type=FLEX_1Y principal_dkk=4055000
2026-03-05T12:57:17.192+01:00 INFO document-service host=document-service-5b8f6c-p9qmz corrId=c-fc288e60486a577a offer document stored application_id=APP-2026-502516 doc_id=DOC-b7b31b5a
2026-03-05T12:57:17.255+01:00 INFO portal-bff host=portal-bff-7c9d5b-p9qmz corrId=c-fc288e60486a577a application completed application_id=APP-2026-502516 status=OFFER_ISSUED
2026-03-05T12:57:50.042+01:00 INFO offer-service host=offer-service-7c9d5b-x2k4p corrId=c-d5d22d0895f3ec2f offer accepted application_id=APP-2026-043344
2026-03-05T12:57:50.129+01:00 INFO ledger-service host=ledger-service-5b8f6c-x2k4p corrId=c-d5d22d0895f3ec2f funds reserved application_id=APP-2026-043344 amount_dkk=4815000
2026-03-05T12:57:50.153+01:00 INFO payment-service host=payment-service-a41e92-p9qmz corrId=c-d5d22d0895f3ec2f payout instruction sent application_id=APP-2026-043344 amount_dkk=4815000
2026-03-05T12:57:50.172+01:00 INFO ledger-service host=ledger-service-5b8f6c-p9qmz corrId=c-d5d22d0895f3ec2f payout booked application_id=APP-2026-043344 posting_id=PST-c0364575ad
2026-03-05T12:57:50.208+01:00 INFO notification-service host=notification-service-a41e92-t6zvn corrId=c-d5d22d0895f3ec2f payout confirmation sent application_id=APP-2026-043344
2026-03-05T12:58:17.946+01:00 INFO portal-bff host=portal-bff-a41e92-t6zvn corrId=c-5b3309cda789ca03 loan application submitted application_id=APP-2026-893125 customer_segment=PRIVATE
2026-03-05T12:58:17.986+01:00 INFO identity-service host=identity-service-5b8f6c-t6zvn corrId=c-5b3309cda789ca03 MitID session validated customer_id=C55177352
2026-03-05T12:58:18.089+01:00 INFO customer-service host=customer-service-7c9d5b-t6zvn corrId=c-5b3309cda789ca03 KYC profile loaded customer_id=C55177352 risk_class=MEDIUM
2026-03-05T12:58:18.187+01:00 INFO valuation-service host=valuation-service-5b8f6c-p9qmz corrId=c-5b3309cda789ca03 property valuation requested property_id=P1529286 provider=bolig-vurdering
2026-03-05T12:58:18.895+01:00 INFO valuation-service host=valuation-service-a41e92-p9qmz corrId=c-5b3309cda789ca03 property valuation received property_id=P1529286 value_dkk=8800000 latency_ms=646
2026-03-05T12:58:19.000+01:00 INFO credit-service host=credit-service-5b8f6c-t6zvn corrId=c-5b3309cda789ca03 credit assessment completed application_id=APP-2026-893125 score=759 decision=APPROVED
2026-03-05T12:58:19.137+01:00 INFO offer-service host=offer-service-a41e92-x2k4p corrId=c-5b3309cda789ca03 loan offer generated application_id=APP-2026-893125 loan_type=FIXED_30Y principal_dkk=715000
2026-03-05T12:58:19.160+01:00 INFO document-service host=document-service-7c9d5b-x2k4p corrId=c-5b3309cda789ca03 offer document stored application_id=APP-2026-893125 doc_id=DOC-281a76c7
2026-03-05T12:58:19.262+01:00 INFO portal-bff host=portal-bff-a41e92-x2k4p corrId=c-5b3309cda789ca03 application completed application_id=APP-2026-893125 status=OFFER_ISSUED
2026-03-05T12:59:24.206+01:00 INFO portal-bff host=portal-bff-5b8f6c-p9qmz corrId=c-2afa0f493e6ef15d loan application submitted application_id=APP-2026-444656 customer_segment=PRIVATE
2026-03-05T12:59:24.302+01:00 INFO identity-service host=identity-service-7c9d5b-t6zvn corrId=c-2afa0f493e6ef15d MitID session validated customer_id=C00899130
2026-03-05T12:59:24.366+01:00 INFO customer-service host=customer-service-a41e92-t6zvn corrId=c-2afa0f493e6ef15d KYC profile loaded customer_id=C00899130 risk_class=MEDIUM
2026-03-05T12:59:24.410+01:00 INFO valuation-service host=valuation-service-a41e92-p9qmz corrId=c-2afa0f493e6ef15d property valuation requested property_id=P5832415 provider=valuta-ejd
2026-03-05T12:59:25.185+01:00 INFO valuation-service host=valuation-service-7c9d5b-p9qmz corrId=c-2afa0f493e6ef15d property valuation received property_id=P5832415 value_dkk=6080000 latency_ms=675
2026-03-05T12:59:25.264+01:00 INFO credit-service host=credit-service-a41e92-t6zvn corrId=c-2afa0f493e6ef15d credit assessment completed application_id=APP-2026-444656 score=831 decision=APPROVED
2026-03-05T12:59:25.327+01:00 INFO offer-service host=offer-service-5b8f6c-p9qmz corrId=c-2afa0f493e6ef15d loan offer generated application_id=APP-2026-444656 loan_type=FIXED_30Y principal_dkk=1045000
2026-03-05T12:59:25.344+01:00 INFO document-service host=document-service-5b8f6c-t6zvn corrId=c-2afa0f493e6ef15d offer document stored application_id=APP-2026-444656 doc_id=DOC-a0aaeded
2026-03-05T12:59:25.433+01:00 INFO portal-bff host=portal-bff-a41e92-x2k4p corrId=c-2afa0f493e6ef15d application completed application_id=APP-2026-444656 status=OFFER_ISSUED
2026-03-05T13:00:00.520+01:00 INFO payment-scheduler host=payment-scheduler-a41e92-p9qmz corrId=- scheduler heartbeat lag_ms=82
2026-03-05T13:00:00.613+01:00 INFO api-gateway host=api-gateway-5b8f6c-p9qmz corrId=- health probe ok status=200 latency_ms=35
2026-03-05T13:00:24.357+01:00 INFO portal-bff host=portal-bff-5b8f6c-t6zvn corrId=c-34a4dce170f0eeb5 loan application submitted application_id=APP-2026-006296 customer_segment=PRIVATE
2026-03-05T13:00:24.421+01:00 INFO identity-service host=identity-service-5b8f6c-t6zvn corrId=c-34a4dce170f0eeb5 MitID session validated customer_id=C09107595
2026-03-05T13:00:24.432+01:00 INFO customer-service host=customer-service-5b8f6c-p9qmz corrId=c-34a4dce170f0eeb5 KYC profile loaded customer_id=C09107595 risk_class=LOW
2026-03-05T13:00:24.571+01:00 INFO valuation-service host=valuation-service-5b8f6c-p9qmz corrId=c-34a4dce170f0eeb5 property valuation requested property_id=P1494936 provider=valuta-ejd
2026-03-05T13:00:25.386+01:00 INFO valuation-service host=valuation-service-a41e92-p9qmz corrId=c-34a4dce170f0eeb5 property valuation received property_id=P1494936 value_dkk=5880000 latency_ms=694
2026-03-05T13:00:25.394+01:00 INFO credit-service host=credit-service-5b8f6c-t6zvn corrId=c-34a4dce170f0eeb5 credit assessment completed application_id=APP-2026-006296 score=532 decision=APPROVED
2026-03-05T13:00:25.403+01:00 INFO offer-service host=offer-service-7c9d5b-t6zvn corrId=c-34a4dce170f0eeb5 loan offer generated application_id=APP-2026-006296 loan_type=FLEX_1Y principal_dkk=3445000
2026-03-05T13:00:25.517+01:00 INFO document-service host=document-service-a41e92-t6zvn corrId=c-34a4dce170f0eeb5 offer document stored application_id=APP-2026-006296 doc_id=DOC-e705549a
2026-03-05T13:00:25.527+01:00 INFO portal-bff host=portal-bff-a41e92-t6zvn corrId=c-34a4dce170f0eeb5 application completed application_id=APP-2026-006296 status=OFFER_ISSUED
2026-03-05T13:00:30.298+01:00 INFO portal-bff host=portal-bff-a41e92-t6zvn corrId=c-8449b84c1967bba3 conversion quote requested loan_id=LN836623141 target_product=FIXED_30Y
2026-03-05T13:00:30.333+01:00 INFO identity-service host=identity-service-5b8f6c-x2k4p corrId=c-8449b84c1967bba3 MitID session validated customer_id=C68271622
2026-03-05T13:00:30.449+01:00 INFO pricing-service host=pricing-service-a41e92-p9qmz corrId=c-8449b84c1967bba3 bond price fetched series=BND2.5-2053 price=89.257
2026-03-05T13:00:30.567+01:00 INFO pricing-service host=pricing-service-5b8f6c-p9qmz corrId=c-8449b84c1967bba3 conversion cost calculated loan_id=LN836623141 cost_dkk=20785.84
2026-03-05T13:00:30.582+01:00 INFO quote-service host=quote-service-7c9d5b-p9qmz corrId=c-8449b84c1967bba3 conversion quote issued quote_id=Q42378893 loan_id=LN836623141
2026-03-05T13:00:39.000+01:00 INFO config-service host=config-service-5b8f6c-x2k4p corrId=- configuration refreshed version=v136
2026-03-05T13:01:13.924+01:00 INFO portal-bff host=portal-bff-7c9d5b-p9qmz corrId=c-42275fb729777fcf loan application submitted application_id=APP-2026-334199 customer_segment=SME
2026-03-05T13:01:13.939+01:00 INFO identity-service host=identity-service-5b8f6c-p9qmz corrId=c-42275fb729777fcf MitID session validated customer_id=C09308387
2026-03-05T13:01:14.056+01:00 INFO customer-service host=customer-service-7c9d5b-p9qmz corrId=c-42275fb729777fcf KYC profile loaded customer_id=C09308387 risk_class=MEDIUM
2026-03-05T13:01:14.181+01:00 INFO valuation-service host=valuation-service-5b8f6c-t6zvn corrId=c-42275fb729777fcf property valuation requested property_id=P4830049 provider=valuta-ejd
2026-03-05T13:01:14.647+01:00 INFO valuation-service host=valuation-service-7c9d5b-x2k4p corrId=c-42275fb729777fcf property valuation received property_id=P4830049 value_dkk=720000 latency_ms=436
2026-03-05T13:01:14.757+01:00 INFO credit-service host=credit-service-a41e92-p9qmz corrId=c-42275fb729777fcf credit assessment completed application_id=APP-2026-334199 score=425 decision=APPROVED
2026-03-05T13:01:14.771+01:00 INFO offer-service host=offer-service-7c9d5b-t6zvn corrId=c-42275fb729777fcf loan offer generated application_id=APP-2026-334199 loan_type=FIXED_20Y_IO principal_dkk=2485000
2026-03-05T13:01:14.900+01:00 INFO document-service host=document-service-7c9d5b-x2k4p corrId=c-42275fb729777fcf offer document stored application_id=APP-2026-334199 doc_id=DOC-00b41ce6
2026-03-05T13:01:14.938+01:00 INFO portal-bff host=portal-bff-a41e92-x2k4p corrId=c-42275fb729777fcf application completed application_id=APP-2026-334199 status=OFFER_ISSUED
2026-03-05T13:04:10.850+01:00 INFO portal-bff host=portal-bff-5b8f6c-x2k4p corrId=c-b4e20920de7d8aae loan application submitted application_id=APP-2026-810951 customer_segment=RETAIL
2026-03-05T13:04:10.966+01:00 INFO identity-service host=identity-service-7c9d5b-x2k4p corrId=c-b4e20920de7d8aae MitID session validated customer_id=C70988303
2026-03-05T13:04:11.022+01:00 INFO customer-service host=customer-service-a41e92-p9qmz corrId=c-b4e20920de7d8aae KYC profile loaded customer_id=C70988303 risk_class=MEDIUM
2026-03-05T13:04:11.050+01:00 INFO valuation-service host=valuation-service-7c9d5b-x2k4p corrId=c-b4e20920de7d8aae property valuation requested property_id=P4028760 provider=valuta-ejd
2026-03-05T13:04:11.465+01:00 INFO valuation-service host=valuation-service-7c9d5b-t6zvn corrId=c-b4e20920de7d8aae property valuation received property_id=P4028760 value_dkk=6800000 latency_ms=303
2026-03-05T13:04:11.535+01:00 INFO credit-service host=credit-service-7c9d5b-x2k4p corrId=c-b4e20920de7d8aae credit assessment completed application_id=APP-2026-810951 score=784 decision=APPROVED
2026-03-05T13:04:11.619+01:00 INFO offer-service host=offer-service-a41e92-p9qmz corrId=c-b4e20920de7d8aae loan offer generated application_id=APP-2026-810951 loan_type=FLEX_5Y principal_dkk=3430000
2026-03-05T13:04:11.683+01:00 INFO document-service host=document-service-5b8f6c-x2k4p corrId=c-b4e20920de7d8aae offer document stored application_id=APP-2026-810951 doc_id=DOC-e0933c56
2026-03-05T13:04:11.814+01:00 INFO portal-bff host=portal-bff-7c9d5b-p9qmz corrId=c-b4e20920de7d8aae application completed application_id=APP-2026-810951 status=OFFER_ISSUED
2026-03-05T13:04:15.096+01:00 INFO portal-bff host=portal-bff-a41e92-x2k4p corrId=c-b6c59789c77cbf68 loan application submitted application_id=APP-2026-123742 customer_segment=PRIVATE
2026-03-05T13:04:15.167+01:00 INFO identity-service host=identity-service-5b8f6c-p9qmz corrId=c-b6c59789c77cbf68 MitID session validated customer_id=C23708715
2026-03-05T13:04:15.219+01:00 INFO customer-service host=customer-service-7c9d5b-t6zvn corrId=c-b6c59789c77cbf68 KYC profile loaded customer_id=C23708715 risk_class=LOW
2026-03-05T13:04:15.259+01:00 INFO valuation-service host=valuation-service-5b8f6c-p9qmz corrId=c-b6c59789c77cbf68 property valuation requested property_id=P9424102 provider=valuta-ejd
2026-03-05T13:04:15.730+01:00 INFO valuation-service host=valuation-service-7c9d5b-x2k4p corrId=c-b6c59789c77cbf68 property valuation received property_id=P9424102 value_dkk=6860000 latency_ms=436
2026-03-05T13:04:15.751+01:00 INFO credit-service host=credit-service-5b8f6c-x2k4p corrId=c-b6c59789c77cbf68 credit assessment completed application_id=APP-2026-123742 score=562 decision=APPROVED
2026-03-05T13:04:15.761+01:00 INFO offer-service host=offer-service-7c9d5b-p9qmz corrId=c-b6c59789c77cbf68 loan offer generated application_id=APP-2026-123742 loan_type=FIXED_30Y principal_dkk=3650000
2026-03-05T13:04:15.830+01:00 INFO document-service host=document-service-7c9d5b-t6zvn corrId=c-b6c59789c77cbf68 offer document stored application_id=APP-2026-123742 doc_id=DOC-0c0fe96a
2026-03-05T13:04:15.892+01:00 INFO portal-bff host=portal-bff-7c9d5b-t6zvn corrId=c-b6c59789c77cbf68 application completed application_id=APP-2026-123742 status=OFFER_ISSUED
2026-03-05T13:05:00.691+01:00 INFO api-gateway host=api-gateway-5b8f6c-x2k4p corrId=- health probe ok status=200 latency_ms=25
2026-03-05T13:05:02.531+01:00 INFO portal-bff host=portal-bff-7c9d5b-p9qmz corrId=c-643b4d9c999544c7 conversion quote requested loan_id=LN205059934 target_product=FLEX_5Y
2026-03-05T13:05:02.646+01:00 INFO identity-service host=identity-service-5b8f6c-p9qmz corrId=c-643b4d9c999544c7 MitID session validated customer_id=C86547849
2026-03-05T13:05:02.662+01:00 INFO pricing-service host=pricing-service-5b8f6c-p9qmz corrId=c-643b4d9c999544c7 bond price fetched series=BND2.5-2056 price=101.967
2026-03-05T13:05:02.705+01:00 INFO pricing-service host=pricing-service-5b8f6c-p9qmz corrId=c-643b4d9c999544c7 conversion cost calculated loan_id=LN205059934 cost_dkk=48585.50
2026-03-05T13:05:02.729+01:00 INFO quote-service host=quote-service-7c9d5b-t6zvn corrId=c-643b4d9c999544c7 conversion quote issued quote_id=Q11785865 loan_id=LN205059934
2026-03-05T13:06:30.008+01:00 INFO portal-bff host=portal-bff-7c9d5b-x2k4p corrId=c-12546a1dc04632d6 loan application submitted application_id=APP-2026-051538 customer_segment=PRIVATE
2026-03-05T13:06:30.054+01:00 INFO identity-service host=identity-service-7c9d5b-p9qmz corrId=c-12546a1dc04632d6 MitID session validated customer_id=C50183377
2026-03-05T13:06:30.155+01:00 INFO customer-service host=customer-service-5b8f6c-t6zvn corrId=c-12546a1dc04632d6 KYC profile loaded customer_id=C50183377 risk_class=MEDIUM
2026-03-05T13:06:30.162+01:00 INFO valuation-service host=valuation-service-a41e92-p9qmz corrId=c-12546a1dc04632d6 property valuation requested property_id=P1187232 provider=valuta-ejd
2026-03-05T13:06:31.113+01:00 INFO valuation-service host=valuation-service-a41e92-p9qmz corrId=c-12546a1dc04632d6 property valuation received property_id=P1187232 value_dkk=2260000 latency_ms=902
2026-03-05T13:06:31.166+01:00 INFO credit-service host=credit-service-7c9d5b-x2k4p corrId=c-12546a1dc04632d6 credit assessment completed application_id=APP-2026-051538 score=571 decision=APPROVED
2026-03-05T13:06:31.305+01:00 INFO offer-service host=offer-service-7c9d5b-x2k4p corrId=c-12546a1dc04632d6 loan offer generated application_id=APP-2026-051538 loan_type=FIXED_30Y principal_dkk=1430000
2026-03-05T13:06:31.326+01:00 INFO document-service host=document-service-a41e92-x2k4p corrId=c-12546a1dc04632d6 offer document stored application_id=APP-2026-051538 doc_id=DOC-dffa0b09
2026-03-05T13:06:31.430+01:00 INFO portal-bff host=portal-bff-7c9d5b-x2k4p corrId=c-12546a1dc04632d6 application completed application_id=APP-2026-051538 status=OFFER_ISSUED
2026-03-05T13:08:23.167+01:00 INFO portal-bff host=portal-bff-7c9d5b-x2k4p corrId=c-e94dda05e24fe34b loan application submitted application_id=APP-2026-196173 customer_segment=PRIVATE
2026-03-05T13:08:23.286+01:00 INFO identity-service host=identity-service-a41e92-t6zvn corrId=c-e94dda05e24fe34b MitID session validated customer_id=C19555546
2026-03-05T13:08:23.404+01:00 INFO customer-service host=customer-service-7c9d5b-x2k4p corrId=c-e94dda05e24fe34b KYC profile loaded customer_id=C19555546 risk_class=LOW
2026-03-05T13:08:23.451+01:00 INFO valuation-service host=valuation-service-5b8f6c-x2k4p corrId=c-e94dda05e24fe34b property valuation served from cache property_id=P4475605 value_dkk=2880000
2026-03-05T13:08:23.475+01:00 INFO credit-service host=credit-service-7c9d5b-t6zvn corrId=c-e94dda05e24fe34b credit assessment completed application_id=APP-2026-196173 score=863 decision=APPROVED
2026-03-05T13:08:23.614+01:00 INFO offer-service host=offer-service-5b8f6c-p9qmz corrId=c-e94dda05e24fe34b loan offer generated application_id=APP-2026-196173 loan_type=FIXED_30Y principal_dkk=770000
2026-03-05T13:08:23.683+01:00 INFO document-service host=document-service-a41e92-p9qmz corrId=c-e94dda05e24fe34b offer document stored application_id=APP-2026-196173 doc_id=DOC-446140d9
2026-03-05T13:08:23.707+01:00 INFO portal-bff host=portal-bff-7c9d5b-x2k4p corrId=c-e94dda05e24fe34b application completed application_id=APP-2026-196173 status=OFFER_ISSUED
2026-03-05T13:09:41.226+01:00 INFO portal-bff host=portal-bff-5b8f6c-x2k4p corrId=c-7934e850ed7e5e08 loan application submitted application_id=APP-2026-679438 customer_segment=PRIVATE
2026-03-05T13:09:41.327+01:00 INFO identity-service host=identity-service-a41e92-t6zvn corrId=c-7934e850ed7e5e08 MitID session validated customer_id=C48954836
2026-03-05T13:09:41.367+01:00 INFO customer-service host=customer-service-7c9d5b-p9qmz corrId=c-7934e850ed7e5e08 KYC profile loaded customer_id=C48954836 risk_class=LOW
2026-03-05T13:09:41.488+01:00 INFO valuation-service host=valuation-service-a41e92-t6zvn corrId=c-7934e850ed7e5e08 property valuation requested property_id=P9349559 provider=bolig-vurdering
2026-03-05T13:09:41.977+01:00 INFO valuation-service host=valuation-service-5b8f6c-x2k4p corrId=c-7934e850ed7e5e08 property valuation received property_id=P9349559 value_dkk=2920000 latency_ms=383
2026-03-05T13:09:42.036+01:00 INFO credit-service host=credit-service-7c9d5b-x2k4p corrId=c-7934e850ed7e5e08 credit assessment completed application_id=APP-2026-679438 score=464 decision=APPROVED
2026-03-05T13:09:42.042+01:00 INFO offer-service host=offer-service-5b8f6c-t6zvn corrId=c-7934e850ed7e5e08 loan offer generated application_id=APP-2026-679438 loan_type=FIXED_20Y_IO principal_dkk=610000
2026-03-05T13:09:42.170+01:00 INFO document-service host=document-service-7c9d5b-t6zvn corrId=c-7934e850ed7e5e08 offer document stored application_id=APP-2026-679438 doc_id=DOC-68a45ab7
2026-03-05T13:09:42.184+01:00 INFO portal-bff host=portal-bff-7c9d5b-t6zvn corrId=c-7934e850ed7e5e08 application completed application_id=APP-2026-679438 status=OFFER_ISSUED
2026-03-05T13:10:00.126+01:00 INFO payment-scheduler host=payment-scheduler-7c9d5b-p9qmz corrId=- scheduler heartbeat lag_ms=36
2026-03-05T13:10:00.351+01:00 INFO api-gateway host=api-gateway-a41e92-t6zvn corrId=- health probe ok status=200 latency_ms=3
2026-03-05T13:10:11.657+01:00 INFO portal-bff host=portal-bff-7c9d5b-t6zvn corrId=c-863f25865dd25368 loan application submitted application_id=APP-2026-751292 customer_segment=SME
2026-03-05T13:10:11.706+01:00 INFO identity-service host=identity-service-7c9d5b-p9qmz corrId=c-863f25865dd25368 MitID session validated customer_id=C99598389
2026-03-05T13:10:11.733+01:00 INFO customer-service host=customer-service-7c9d5b-t6zvn corrId=c-863f25865dd25368 KYC profile loaded customer_id=C99598389 risk_class=LOW
2026-03-05T13:10:11.847+01:00 INFO valuation-service host=valuation-service-7c9d5b-t6zvn corrId=c-863f25865dd25368 property valuation served from cache property_id=P8531098 value_dkk=7150000
2026-03-05T13:10:11.921+01:00 INFO credit-service host=credit-service-5b8f6c-t6zvn corrId=c-863f25865dd25368 credit assessment completed application_id=APP-2026-751292 score=486 decision=APPROVED
2026-03-05T13:10:12.001+01:00 INFO offer-service host=offer-service-a41e92-x2k4p corrId=c-863f25865dd25368 loan offer generated application_id=APP-2026-751292 loan_type=FLEX_1Y principal_dkk=2490000
2026-03-05T13:10:12.085+01:00 INFO document-service host=document-service-5b8f6c-t6zvn corrId=c-863f25865dd25368 offer document stored application_id=APP-2026-751292 doc_id=DOC-c613c424
2026-03-05T13:10:12.126+01:00 INFO portal-bff host=portal-bff-a41e92-t6zvn corrId=c-863f25865dd25368 application completed application_id=APP-2026-751292 status=OFFER_ISSUED
2026-03-05T13:12:04.611+01:00 INFO portal-bff host=portal-bff-7c9d5b-x2k4p corrId=c-c55028d209df39bf conversion quote requested loan_id=LN932866702 target_product=FIXED_30Y
2026-03-05T13:12:04.641+01:00 INFO identity-service host=identity-service-7c9d5b-t6zvn corrId=c-c55028d209df39bf MitID session validated customer_id=C06109662
2026-03-05T13:12:04.769+01:00 INFO pricing-service host=pricing-service-5b8f6c-p9qmz corrId=c-c55028d209df39bf bond price fetched series=BND2.5-2056 price=94.863
2026-03-05T13:12:04.897+01:00 INFO pricing-service host=pricing-service-a41e92-p9qmz corrId=c-c55028d209df39bf conversion cost calculated loan_id=LN932866702 cost_dkk=60375.11
2026-03-05T13:12:04.937+01:00 INFO quote-service host=quote-service-a41e92-t6zvn corrId=c-c55028d209df39bf conversion quote issued quote_id=Q86686649 loan_id=LN932866702
2026-03-05T13:12:18.212+01:00 INFO portal-bff host=portal-bff-7c9d5b-t6zvn corrId=c-2eca432b82b26888 loan application submitted application_id=APP-2026-736360 customer_segment=PRIVATE
2026-03-05T13:12:18.345+01:00 INFO identity-service host=identity-service-a41e92-p9qmz corrId=c-2eca432b82b26888 MitID session validated customer_id=C36000693
2026-03-05T13:12:18.418+01:00 INFO customer-service host=customer-service-5b8f6c-p9qmz corrId=c-2eca432b82b26888 KYC profile loaded customer_id=C36000693 risk_class=HIGH
2026-03-05T13:12:18.481+01:00 INFO valuation-service host=valuation-service-7c9d5b-x2k4p corrId=c-2eca432b82b26888 property valuation requested property_id=P5980726 provider=valuta-ejd
2026-03-05T13:12:18.764+01:00 INFO valuation-service host=valuation-service-a41e92-t6zvn corrId=c-2eca432b82b26888 property valuation received property_id=P5980726 value_dkk=8000000 latency_ms=245
2026-03-05T13:12:18.878+01:00 INFO credit-service host=credit-service-a41e92-p9qmz corrId=c-2eca432b82b26888 credit assessment completed application_id=APP-2026-736360 score=466 decision=APPROVED
2026-03-05T13:12:18.996+01:00 INFO offer-service host=offer-service-a41e92-x2k4p corrId=c-2eca432b82b26888 loan offer generated application_id=APP-2026-736360 loan_type=FLEX_1Y principal_dkk=2700000
2026-03-05T13:12:19.009+01:00 INFO document-service host=document-service-7c9d5b-x2k4p corrId=c-2eca432b82b26888 offer document stored application_id=APP-2026-736360 doc_id=DOC-e550ef8d
2026-03-05T13:12:19.135+01:00 INFO portal-bff host=portal-bff-7c9d5b-t6zvn corrId=c-2eca432b82b26888 application completed application_id=APP-2026-736360 status=OFFER_ISSUED
2026-03-05T13:15:00.497+01:00 INFO api-gateway host=api-gateway-7c9d5b-p9qmz corrId=- health probe ok status=200 latency_ms=6
2026-03-05T13:15:24.944+01:00 INFO portal-bff host=portal-bff-5b8f6c-x2k4p corrId=c-4b97c2e44de016d1 conversion quote requested loan_id=LN419304412 target_product=FLEX_1Y
2026-03-05T13:15:25.002+01:00 INFO identity-service host=identity-service-5b8f6c-t6zvn corrId=c-4b97c2e44de016d1 MitID session validated customer_id=C39522725
2026-03-05T13:15:25.106+01:00 INFO pricing-service host=pricing-service-7c9d5b-p9qmz corrId=c-4b97c2e44de016d1 bond price fetched series=BND4.0-2056 price=91.589
2026-03-05T13:15:25.239+01:00 INFO pricing-service host=pricing-service-7c9d5b-x2k4p corrId=c-4b97c2e44de016d1 conversion cost calculated loan_id=LN419304412 cost_dkk=37768.25
2026-03-05T13:15:25.319+01:00 INFO quote-service host=quote-service-5b8f6c-p9qmz corrId=c-4b97c2e44de016d1 conversion quote issued quote_id=Q67193033 loan_id=LN419304412
2026-03-05T13:15:38.267+01:00 INFO portal-bff host=portal-bff-a41e92-x2k4p corrId=c-fee76febad549b85 loan application submitted application_id=APP-2026-930760 customer_segment=RETAIL
2026-03-05T13:15:38.392+01:00 INFO identity-service host=identity-service-7c9d5b-x2k4p corrId=c-fee76febad549b85 MitID session validated customer_id=C58924388
2026-03-05T13:15:38.474+01:00 INFO customer-service host=customer-service-5b8f6c-p9qmz corrId=c-fee76febad549b85 KYC profile loaded customer_id=C58924388 risk_class=HIGH
2026-03-05T13:15:38.527+01:00 INFO valuation-service host=valuation-service-5b8f6c-t6zvn corrId=c-fee76febad549b85 property valuation requested property_id=P5501824 provider=valuta-ejd
2026-03-05T13:15:39.373+01:00 INFO valuation-service host=valuation-service-7c9d5b-t6zvn corrId=c-fee76febad549b85 property valuation received property_id=P5501824 value_dkk=5870000 latency_ms=779
2026-03-05T13:15:39.403+01:00 INFO credit-service host=credit-service-a41e92-x2k4p corrId=c-fee76febad549b85 credit assessment completed application_id=APP-2026-930760 score=582 decision=APPROVED
2026-03-05T13:15:39.433+01:00 INFO offer-service host=offer-service-7c9d5b-t6zvn corrId=c-fee76febad549b85 loan offer generated application_id=APP-2026-930760 loan_type=FLEX_5Y principal_dkk=5075000
2026-03-05T13:15:39.511+01:00 INFO document-service host=document-service-7c9d5b-x2k4p corrId=c-fee76febad549b85 offer document stored application_id=APP-2026-930760 doc_id=DOC-298b9e5a
2026-03-05T13:15:39.622+01:00 INFO portal-bff host=portal-bff-5b8f6c-x2k4p corrId=c-fee76febad549b85 application completed application_id=APP-2026-930760 status=OFFER_ISSUED
2026-03-05T13:15:46.020+01:00 INFO portal-bff host=portal-bff-5b8f6c-x2k4p corrId=c-6cb424b1e6a03340 loan application submitted application_id=APP-2026-478879 customer_segment=SME
2026-03-05T13:15:46.039+01:00 INFO identity-service host=identity-service-7c9d5b-p9qmz corrId=c-6cb424b1e6a03340 MitID session validated customer_id=C16761099
2026-03-05T13:15:46.134+01:00 INFO customer-service host=customer-service-7c9d5b-t6zvn corrId=c-6cb424b1e6a03340 KYC profile loaded customer_id=C16761099 risk_class=LOW
2026-03-05T13:15:46.140+01:00 INFO valuation-service host=valuation-service-a41e92-x2k4p corrId=c-6cb424b1e6a03340 property valuation requested property_id=P3015770 provider=valuta-ejd
2026-03-05T13:15:46.397+01:00 INFO valuation-service host=valuation-service-7c9d5b-t6zvn corrId=c-6cb424b1e6a03340 property valuation received property_id=P3015770 value_dkk=3990000 latency_ms=193
2026-03-05T13:15:46.429+01:00 INFO credit-service host=credit-service-a41e92-t6zvn corrId=c-6cb424b1e6a03340 credit assessment completed application_id=APP-2026-478879 score=851 decision=APPROVED
2026-03-05T13:15:46.460+01:00 INFO offer-service host=offer-service-5b8f6c-t6zvn corrId=c-6cb424b1e6a03340 loan offer generated application_id=APP-2026-478879 loan_type=FIXED_20Y_IO principal_dkk=2725000
2026-03-05T13:15:46.497+01:00 INFO document-service host=document-service-7c9d5b-p9qmz corrId=c-6cb424b1e6a03340 offer document stored application_id=APP-2026-478879 doc_id=DOC-bf76668f
2026-03-05T13:15:46.634+01:00 INFO portal-bff host=portal-bff-a41e92-p9qmz corrId=c-6cb424b1e6a03340 application completed application_id=APP-2026-478879 status=OFFER_ISSUED
2026-03-05T13:18:49.680+01:00 INFO portal-bff host=portal-bff-a41e92-x2k4p corrId=c-edbd888ac8202587 loan application submitted application_id=APP-2026-908873 customer_segment=RETAIL
2026-03-05T13:18:49.749+01:00 INFO identity-service host=identity-service-7c9d5b-x2k4p corrId=c-edbd888ac8202587 MitID session validated customer_id=C50089388
2026-03-05T13:18:49.835+01:00 INFO customer-service host=customer-service-a41e92-t6zvn corrId=c-edbd888ac8202587 KYC profile loaded customer_id=C50089388 risk_class=LOW
2026-03-05T13:18:49.909+01:00 INFO valuation-service host=valuation-service-5b8f6c-x2k4p corrId=c-edbd888ac8202587 property valuation requested property_id=P7057697 provider=valuta-ejd
2026-03-05T13:18:50.551+01:00 INFO valuation-service host=valuation-service-5b8f6c-t6zvn corrId=c-edbd888ac8202587 property valuation received property_id=P7057697 value_dkk=4990000 latency_ms=608
2026-03-05T13:18:50.616+01:00 INFO credit-service host=credit-service-a41e92-p9qmz corrId=c-edbd888ac8202587 credit assessment completed application_id=APP-2026-908873 score=823 decision=APPROVED
2026-03-05T13:18:50.727+01:00 INFO offer-service host=offer-service-7c9d5b-t6zvn corrId=c-edbd888ac8202587 loan offer generated application_id=APP-2026-908873 loan_type=FIXED_30Y principal_dkk=5040000
2026-03-05T13:18:50.834+01:00 INFO document-service host=document-service-a41e92-p9qmz corrId=c-edbd888ac8202587 offer document stored application_id=APP-2026-908873 doc_id=DOC-73514641
2026-03-05T13:18:50.852+01:00 INFO portal-bff host=portal-bff-7c9d5b-t6zvn corrId=c-edbd888ac8202587 application completed application_id=APP-2026-908873 status=OFFER_ISSUED
2026-03-05T13:19:27.047+01:00 INFO portal-bff host=portal-bff-5b8f6c-p9qmz corrId=c-4cad16a9721a263b loan application submitted application_id=APP-2026-639537 customer_segment=SME
2026-03-05T13:19:27.087+01:00 INFO identity-service host=identity-service-a41e92-t6zvn corrId=c-4cad16a9721a263b MitID session validated customer_id=C21136378
2026-03-05T13:19:27.146+01:00 INFO customer-service host=customer-service-a41e92-p9qmz corrId=c-4cad16a9721a263b KYC profile loaded customer_id=C21136378 risk_class=LOW
2026-03-05T13:19:27.193+01:00 INFO valuation-service host=valuation-service-7c9d5b-p9qmz corrId=c-4cad16a9721a263b property valuation served from cache property_id=P5996494 value_dkk=7240000
2026-03-05T13:19:27.204+01:00 INFO credit-service host=credit-service-5b8f6c-x2k4p corrId=c-4cad16a9721a263b credit assessment completed application_id=APP-2026-639537 score=616 decision=APPROVED
2026-03-05T13:19:27.340+01:00 INFO offer-service host=offer-service-a41e92-x2k4p corrId=c-4cad16a9721a263b loan offer generated application_id=APP-2026-639537 loan_type=FLEX_5Y principal_dkk=820000
2026-03-05T13:19:27.477+01:00 INFO document-service host=document-service-a41e92-x2k4p corrId=c-4cad16a9721a263b offer document stored application_id=APP-2026-639537 doc_id=DOC-cb2fd715
2026-03-05T13:19:27.579+01:00 INFO portal-bff host=portal-bff-5b8f6c-x2k4p corrId=c-4cad16a9721a263b application completed application_id=APP-2026-639537 status=OFFER_ISSUED
2026-03-05T13:20:00.398+01:00 INFO api-gateway host=api-gateway-5b8f6c-p9qmz corrId=- health probe ok status=200 latency_ms=23
2026-03-05T13:20:00.737+01:00 INFO payment-scheduler host=payment-scheduler-7c9d5b-p9qmz corrId=- scheduler heartbeat lag_ms=47
2026-03-05T13:23:22.033+01:00 INFO portal-bff host=portal-bff-a41e92-t6zvn corrId=c-2e966ecd43216418 loan application submitted application_id=APP-2026-057206 customer_segment=SME
2026-03-05T13:23:22.113+01:00 INFO identity-service host=identity-service-7c9d5b-p9qmz corrId=c-2e966ecd43216418 MitID session validated customer_id=C14123548
2026-03-05T13:23:22.145+01:00 INFO customer-service host=customer-service-7c9d5b-x2k4p corrId=c-2e966ecd43216418 KYC profile loaded customer_id=C14123548 risk_class=LOW
2026-03-05T13:23:22.214+01:00 INFO valuation-service host=valuation-service-a41e92-t6zvn corrId=c-2e966ecd43216418 property valuation requested property_id=P4409682 provider=bolig-vurdering
2026-03-05T13:23:23.024+01:00 INFO valuation-service host=valuation-service-a41e92-t6zvn corrId=c-2e966ecd43216418 property valuation received property_id=P4409682 value_dkk=3210000 latency_ms=739
2026-03-05T13:23:23.037+01:00 INFO credit-service host=credit-service-a41e92-t6zvn corrId=c-2e966ecd43216418 credit assessment completed application_id=APP-2026-057206 score=841 decision=APPROVED
2026-03-05T13:23:23.163+01:00 INFO offer-service host=offer-service-a41e92-x2k4p corrId=c-2e966ecd43216418 loan offer generated application_id=APP-2026-057206 loan_type=FLEX_5Y principal_dkk=5880000
2026-03-05T13:23:23.233+01:00 INFO document-service host=document-service-5b8f6c-p9qmz corrId=c-2e966ecd43216418 offer document stored application_id=APP-2026-057206 doc_id=DOC-0afd9206
2026-03-05T13:23:23.250+01:00 INFO portal-bff host=portal-bff-7c9d5b-x2k4p corrId=c-2e966ecd43216418 application completed application_id=APP-2026-057206 status=OFFER_ISSUED
2026-03-05T13:25:00.749+01:00 INFO api-gateway host=api-gateway-7c9d5b-p9qmz corrId=- health probe ok status=200 latency_ms=19
2026-03-05T13:25:14.344+01:00 INFO portal-bff host=portal-bff-7c9d5b-p9qmz corrId=c-484f222275e6aaff loan application submitted application_id=APP-2026-940290 customer_segment=RETAIL
2026-03-05T13:25:14.365+01:00 INFO identity-service host=identity-service-7c9d5b-t6zvn corrId=c-484f222275e6aaff MitID session validated customer_id=C70887487
2026-03-05T13:25:14.384+01:00 INFO customer-service host=customer-service-7c9d5b-p9qmz corrId=c-484f222275e6aaff KYC profile loaded customer_id=C70887487 risk_class=LOW
2026-03-05T13:25:14.408+01:00 INFO valuation-service host=valuation-service-7c9d5b-p9qmz corrId=c-484f222275e6aaff property valuation requested property_id=P3480076 provider=valuta-ejd
2026-03-05T13:25:14.723+01:00 INFO valuation-service host=valuation-service-5b8f6c-x2k4p corrId=c-484f222275e6aaff property valuation received property_id=P3480076 value_dkk=4720000 latency_ms=286
2026-03-05T13:25:14.830+01:00 INFO credit-service host=credit-service-5b8f6c-x2k4p corrId=c-484f222275e6aaff credit assessment completed application_id=APP-2026-940290 score=432 decision=APPROVED
2026-03-05T13:25:14.862+01:00 INFO offer-service host=offer-service-7c9d5b-p9qmz corrId=c-484f222275e6aaff loan offer generated application_id=APP-2026-940290 loan_type=FIXED_30Y principal_dkk=2820000
2026-03-05T13:25:14.965+01:00 INFO document-service host=document-service-5b8f6c-p9qmz corrId=c-484f222275e6aaff offer document stored application_id=APP-2026-940290 doc_id=DOC-44ed1bd2
2026-03-05T13:25:15.036+01:00 INFO portal-bff host=portal-bff-5b8f6c-p9qmz corrId=c-484f222275e6aaff application completed application_id=APP-2026-940290 status=OFFER_ISSUED
2026-03-05T13:25:38.244+01:00 INFO portal-bff host=portal-bff-5b8f6c-x2k4p corrId=c-4ec8b55ccb99c671 loan application submitted application_id=APP-2026-232549 customer_segment=SME
2026-03-05T13:25:38.326+01:00 INFO identity-service host=identity-service-a41e92-t6zvn corrId=c-4ec8b55ccb99c671 MitID session validated customer_id=C13919481
2026-03-05T13:25:38.355+01:00 INFO customer-service host=customer-service-a41e92-x2k4p corrId=c-4ec8b55ccb99c671 KYC profile loaded customer_id=C13919481 risk_class=MEDIUM
2026-03-05T13:25:38.443+01:00 INFO valuation-service host=valuation-service-a41e92-p9qmz corrId=c-4ec8b55ccb99c671 property valuation requested property_id=P7237774 provider=bolig-vurdering
2026-03-05T13:25:39.451+01:00 INFO valuation-service host=valuation-service-a41e92-x2k4p corrId=c-4ec8b55ccb99c671 property valuation received property_id=P7237774 value_dkk=5900000 latency_ms=874
2026-03-05T13:25:39.477+01:00 INFO credit-service host=credit-service-5b8f6c-p9qmz corrId=c-4ec8b55ccb99c671 credit assessment completed application_id=APP-2026-232549 score=614 decision=APPROVED
2026-03-05T13:25:39.580+01:00 INFO offer-service host=offer-service-5b8f6c-t6zvn corrId=c-4ec8b55ccb99c671 loan offer generated application_id=APP-2026-232549 loan_type=FLEX_5Y principal_dkk=2020000
2026-03-05T13:25:39.646+01:00 INFO document-service host=document-service-5b8f6c-x2k4p corrId=c-4ec8b55ccb99c671 offer document stored application_id=APP-2026-232549 doc_id=DOC-e409c3ca
2026-03-05T13:25:39.712+01:00 INFO portal-bff host=portal-bff-a41e92-x2k4p corrId=c-4ec8b55ccb99c671 application completed application_id=APP-2026-232549 status=OFFER_ISSUED
2026-03-05T13:26:39.972+01:00 INFO portal-bff host=portal-bff-7c9d5b-p9qmz corrId=c-c7cba0b20a58cdbf loan application submitted application_id=APP-2026-220501 customer_segment=SME
2026-03-05T13:26:40.060+01:00 INFO identity-service host=identity-service-7c9d5b-x2k4p corrId=c-c7cba0b20a58cdbf MitID session validated customer_id=C19181228
2026-03-05T13:26:40.172+01:00 INFO customer-service host=customer-service-5b8f6c-p9qmz corrId=c-c7cba0b20a58cdbf KYC profile loaded customer_id=C19181228 risk_class=MEDIUM
2026-03-05T13:26:40.306+01:00 INFO valuation-service host=valuation-service-7c9d5b-t6zvn corrId=c-c7cba0b20a58cdbf property valuation served from cache property_id=P2784160 value_dkk=3930000
2026-03-05T13:26:40.445+01:00 INFO credit-service host=credit-service-7c9d5b-t6zvn corrId=c-c7cba0b20a58cdbf credit assessment completed application_id=APP-2026-220501 score=580 decision=APPROVED
2026-03-05T13:26:40.457+01:00 INFO offer-service host=offer-service-5b8f6c-p9qmz corrId=c-c7cba0b20a58cdbf loan offer generated application_id=APP-2026-220501 loan_type=FIXED_20Y_IO principal_dkk=5565000
2026-03-05T13:26:40.491+01:00 INFO document-service host=document-service-5b8f6c-x2k4p corrId=c-c7cba0b20a58cdbf offer document stored application_id=APP-2026-220501 doc_id=DOC-fb67c8f9
2026-03-05T13:26:40.563+01:00 INFO portal-bff host=portal-bff-5b8f6c-t6zvn corrId=c-c7cba0b20a58cdbf application completed application_id=APP-2026-220501 status=OFFER_ISSUED
2026-03-05T13:26:53.031+01:00 INFO portal-bff host=portal-bff-5b8f6c-x2k4p corrId=c-b7b8c6f8a86f620a loan application submitted application_id=APP-2026-961897 customer_segment=SME
2026-03-05T13:26:53.049+01:00 INFO identity-service host=identity-service-5b8f6c-p9qmz corrId=c-b7b8c6f8a86f620a MitID session validated customer_id=C14099737
2026-03-05T13:26:53.123+01:00 INFO customer-service host=customer-service-a41e92-x2k4p corrId=c-b7b8c6f8a86f620a KYC profile loaded customer_id=C14099737 risk_class=LOW
2026-03-05T13:26:53.145+01:00 INFO valuation-service host=valuation-service-7c9d5b-x2k4p corrId=c-b7b8c6f8a86f620a property valuation requested property_id=P5319694 provider=bolig-vurdering
2026-03-05T13:26:53.744+01:00 INFO valuation-service host=valuation-service-a41e92-p9qmz corrId=c-b7b8c6f8a86f620a property valuation received property_id=P5319694 value_dkk=6840000 latency_ms=505
2026-03-05T13:26:53.871+01:00 INFO credit-service host=credit-service-7c9d5b-x2k4p corrId=c-b7b8c6f8a86f620a credit assessment completed application_id=APP-2026-961897 score=525 decision=APPROVED
2026-03-05T13:26:53.909+01:00 INFO offer-service host=offer-service-5b8f6c-t6zvn corrId=c-b7b8c6f8a86f620a loan offer generated application_id=APP-2026-961897 loan_type=FLEX_1Y principal_dkk=1255000
2026-03-05T13:26:53.981+01:00 INFO document-service host=document-service-a41e92-t6zvn corrId=c-b7b8c6f8a86f620a offer document stored application_id=APP-2026-961897 doc_id=DOC-4b5cfa6b
2026-03-05T13:26:54.025+01:00 INFO portal-bff host=portal-bff-a41e92-t6zvn corrId=c-b7b8c6f8a86f620a application completed application_id=APP-2026-961897 status=OFFER_ISSUED
2026-03-05T13:26:55.131+01:00 INFO portal-bff host=portal-bff-a41e92-p9qmz corrId=c-49e8272c6695732f loan application submitted application_id=APP-2026-801353 customer_segment=RETAIL
2026-03-05T13:26:55.162+01:00 INFO identity-service host=identity-service-7c9d5b-x2k4p corrId=c-49e8272c6695732f MitID session validated customer_id=C51958437
2026-03-05T13:26:55.266+01:00 INFO customer-service host=customer-service-5b8f6c-p9qmz corrId=c-49e8272c6695732f KYC profile loaded customer_id=C51958437 risk_class=LOW
2026-03-05T13:26:55.361+01:00 INFO valuation-service host=valuation-service-5b8f6c-x2k4p corrId=c-49e8272c6695732f property valuation requested property_id=P4143301 provider=bolig-vurdering
2026-03-05T13:26:56.353+01:00 INFO valuation-service host=valuation-service-5b8f6c-p9qmz corrId=c-49e8272c6695732f property valuation received property_id=P4143301 value_dkk=1270000 latency_ms=893
2026-03-05T13:26:56.447+01:00 INFO credit-service host=credit-service-5b8f6c-x2k4p corrId=c-49e8272c6695732f credit assessment completed application_id=APP-2026-801353 score=672 decision=APPROVED
2026-03-05T13:26:56.576+01:00 INFO offer-service host=offer-service-5b8f6c-x2k4p corrId=c-49e8272c6695732f loan offer generated application_id=APP-2026-801353 loan_type=FIXED_30Y principal_dkk=2125000
2026-03-05T13:26:56.645+01:00 INFO document-service host=document-service-5b8f6c-t6zvn corrId=c-49e8272c6695732f offer document stored application_id=APP-2026-801353 doc_id=DOC-6d1ac9d4
2026-03-05T13:26:56.715+01:00 INFO portal-bff host=portal-bff-a41e92-t6zvn corrId=c-49e8272c6695732f application completed application_id=APP-2026-801353 status=OFFER_ISSUED
2026-03-05T13:27:55.380+01:00 INFO portal-bff host=portal-bff-5b8f6c-t6zvn corrId=c-c4eede5928ed530d loan application submitted application_id=APP-2026-797931 customer_segment=SME
2026-03-05T13:27:55.493+01:00 INFO identity-service host=identity-service-a41e92-x2k4p corrId=c-c4eede5928ed530d MitID session validated customer_id=C28211089
2026-03-05T13:27:55.600+01:00 INFO customer-service host=customer-service-a41e92-t6zvn corrId=c-c4eede5928ed530d KYC profile loaded customer_id=C28211089 risk_class=HIGH
2026-03-05T13:27:55.710+01:00 INFO valuation-service host=valuation-service-7c9d5b-p9qmz corrId=c-c4eede5928ed530d property valuation requested property_id=P2228002 provider=bolig-vurdering
2026-03-05T13:27:56.157+01:00 INFO valuation-service host=valuation-service-a41e92-x2k4p corrId=c-c4eede5928ed530d property valuation received property_id=P2228002 value_dkk=940000 latency_ms=398
2026-03-05T13:27:56.270+01:00 INFO credit-service host=credit-service-5b8f6c-t6zvn corrId=c-c4eede5928ed530d credit assessment completed application_id=APP-2026-797931 score=716 decision=APPROVED
2026-03-05T13:27:56.288+01:00 INFO offer-service host=offer-service-5b8f6c-t6zvn corrId=c-c4eede5928ed530d loan offer generated application_id=APP-2026-797931 loan_type=FIXED_30Y principal_dkk=4930000
2026-03-05T13:27:56.309+01:00 INFO document-service host=document-service-5b8f6c-p9qmz corrId=c-c4eede5928ed530d offer document stored application_id=APP-2026-797931 doc_id=DOC-769fe379
2026-03-05T13:27:56.448+01:00 INFO portal-bff host=portal-bff-5b8f6c-t6zvn corrId=c-c4eede5928ed530d application completed application_id=APP-2026-797931 status=OFFER_ISSUED
2026-03-05T13:30:00.270+01:00 INFO payment-scheduler host=payment-scheduler-a41e92-p9qmz corrId=- scheduler heartbeat lag_ms=118
2026-03-05T13:30:00.452+01:00 INFO api-gateway host=api-gateway-a41e92-t6zvn corrId=- health probe ok status=200 latency_ms=18
2026-03-05T13:30:51.378+01:00 INFO portal-bff host=portal-bff-5b8f6c-x2k4p corrId=c-3a5e1c4fb1532cb0 loan application submitted application_id=APP-2026-690022 customer_segment=RETAIL
2026-03-05T13:30:51.505+01:00 INFO identity-service host=identity-service-7c9d5b-x2k4p corrId=c-3a5e1c4fb1532cb0 MitID session validated customer_id=C31411322
2026-03-05T13:30:51.584+01:00 INFO customer-service host=customer-service-7c9d5b-t6zvn corrId=c-3a5e1c4fb1532cb0 KYC profile loaded customer_id=C31411322 risk_class=LOW
2026-03-05T13:30:51.661+01:00 INFO valuation-service host=valuation-service-7c9d5b-p9qmz corrId=c-3a5e1c4fb1532cb0 property valuation served from cache property_id=P9167717 value_dkk=3610000
2026-03-05T13:30:51.745+01:00 INFO credit-service host=credit-service-5b8f6c-t6zvn corrId=c-3a5e1c4fb1532cb0 credit assessment completed application_id=APP-2026-690022 score=858 decision=APPROVED
2026-03-05T13:30:51.830+01:00 INFO offer-service host=offer-service-7c9d5b-p9qmz corrId=c-3a5e1c4fb1532cb0 loan offer generated application_id=APP-2026-690022 loan_type=FLEX_1Y principal_dkk=3795000
2026-03-05T13:30:51.937+01:00 INFO document-service host=document-service-7c9d5b-p9qmz corrId=c-3a5e1c4fb1532cb0 offer document stored application_id=APP-2026-690022 doc_id=DOC-ffde1d06
2026-03-05T13:30:52.031+01:00 INFO portal-bff host=portal-bff-7c9d5b-x2k4p corrId=c-3a5e1c4fb1532cb0 application completed application_id=APP-2026-690022 status=OFFER_ISSUED
2026-03-05T13:33:10.554+01:00 INFO portal-bff host=portal-bff-a41e92-x2k4p corrId=c-3603d8622220ce83 loan application submitted application_id=APP-2026-826767 customer_segment=RETAIL
2026-03-05T13:33:10.644+01:00 INFO identity-service host=identity-service-7c9d5b-t6zvn corrId=c-3603d8622220ce83 MitID session validated customer_id=C86214864
2026-03-05T13:33:10.678+01:00 INFO customer-service host=customer-service-7c9d5b-x2k4p corrId=c-3603d8622220ce83 KYC profile loaded customer_id=C86214864 risk_class=HIGH
2026-03-05T13:33:10.692+01:00 INFO valuation-service host=valuation-service-a41e92-p9qmz corrId=c-3603d8622220ce83 property valuation requested property_id=P9989202 provider=bolig-vurdering
2026-03-05T13:33:11.611+01:00 INFO valuation-service host=valuation-service-7c9d5b-p9qmz corrId=c-3603d8622220ce83 property valuation received property_id=P9989202 value_dkk=5920000 latency_ms=868
2026-03-05T13:33:11.642+01:00 INFO credit-service host=credit-service-7c9d5b-p9qmz corrId=c-3603d8622220ce83 credit assessment completed application_id=APP-2026-826767 score=457 decision=APPROVED
2026-03-05T13:33:11.668+01:00 INFO offer-service host=offer-service-5b8f6c-t6zvn corrId=c-3603d8622220ce83 loan offer generated application_id=APP-2026-826767 loan_type=FIXED_30Y principal_dkk=2335000
2026-03-05T13:33:11.771+01:00 INFO document-service host=document-service-5b8f6c-t6zvn corrId=c-3603d8622220ce83 offer document stored application_id=APP-2026-826767 doc_id=DOC-955a6f5f
2026-03-05T13:33:11.783+01:00 INFO portal-bff host=portal-bff-a41e92-p9qmz corrId=c-3603d8622220ce83 application completed application_id=APP-2026-826767 status=OFFER_ISSUED
2026-03-05T13:33:41.718+01:00 INFO portal-bff host=portal-bff-5b8f6c-t6zvn corrId=c-1d4ace0298933fca loan application submitted application_id=APP-2026-512351 customer_segment=RETAIL
2026-03-05T13:33:41.840+01:00 INFO identity-service host=identity-service-a41e92-p9qmz corrId=c-1d4ace0298933fca MitID session validated customer_id=C64511974
2026-03-05T13:33:41.883+01:00 INFO customer-service host=customer-service-a41e92-t6zvn corrId=c-1d4ace0298933fca KYC profile loaded customer_id=C64511974 risk_class=MEDIUM
2026-03-05T13:33:42.006+01:00 INFO valuation-service host=valuation-service-a41e92-t6zvn corrId=c-1d4ace0298933fca property valuation requested property_id=P0201482 provider=bolig-vurdering
2026-03-05T13:33:42.244+01:00 INFO valuation-service host=valuation-service-5b8f6c-t6zvn corrId=c-1d4ace0298933fca property valuation received property_id=P0201482 value_dkk=5740000 latency_ms=203
2026-03-05T13:33:42.349+01:00 INFO credit-service host=credit-service-a41e92-p9qmz corrId=c-1d4ace0298933fca credit assessment completed application_id=APP-2026-512351 score=809 decision=APPROVED
2026-03-05T13:33:42.479+01:00 INFO offer-service host=offer-service-7c9d5b-x2k4p corrId=c-1d4ace0298933fca loan offer generated application_id=APP-2026-512351 loan_type=FLEX_5Y principal_dkk=3420000
2026-03-05T13:33:42.487+01:00 INFO document-service host=document-service-7c9d5b-p9qmz corrId=c-1d4ace0298933fca offer document stored application_id=APP-2026-512351 doc_id=DOC-65d37763
2026-03-05T13:33:42.510+01:00 INFO portal-bff host=portal-bff-a41e92-x2k4p corrId=c-1d4ace0298933fca application completed application_id=APP-2026-512351 status=OFFER_ISSUED
2026-03-05T13:35:00.048+01:00 WARN valuation-service host=valuation-service-a41e92-p9qmz corrId=- valuation provider latency p95 high p95_ms=4565
2026-03-05T13:35:00.216+01:00 INFO api-gateway host=api-gateway-a41e92-x2k4p corrId=- health probe ok status=200 latency_ms=4
2026-03-05T13:35:03.886+01:00 INFO portal-bff host=portal-bff-a41e92-p9qmz corrId=c-6edd28af7e24c638 loan application submitted application_id=APP-2026-237711 customer_segment=PRIVATE
2026-03-05T13:35:03.917+01:00 INFO identity-service host=identity-service-5b8f6c-t6zvn corrId=c-6edd28af7e24c638 MitID session validated customer_id=C97432401
2026-03-05T13:35:04.056+01:00 INFO customer-service host=customer-service-7c9d5b-p9qmz corrId=c-6edd28af7e24c638 KYC profile loaded customer_id=C97432401 risk_class=MEDIUM
2026-03-05T13:35:04.168+01:00 INFO valuation-service host=valuation-service-5b8f6c-p9qmz corrId=c-6edd28af7e24c638 property valuation served from cache property_id=P0728418 value_dkk=4300000
2026-03-05T13:35:04.303+01:00 INFO credit-service host=credit-service-a41e92-x2k4p corrId=c-6edd28af7e24c638 credit assessment completed application_id=APP-2026-237711 score=671 decision=APPROVED
2026-03-05T13:35:04.336+01:00 INFO offer-service host=offer-service-5b8f6c-x2k4p corrId=c-6edd28af7e24c638 loan offer generated application_id=APP-2026-237711 loan_type=FIXED_20Y_IO principal_dkk=5515000
2026-03-05T13:35:04.357+01:00 INFO document-service host=document-service-7c9d5b-t6zvn corrId=c-6edd28af7e24c638 offer document stored application_id=APP-2026-237711 doc_id=DOC-6a6be463
2026-03-05T13:35:04.389+01:00 INFO portal-bff host=portal-bff-a41e92-p9qmz corrId=c-6edd28af7e24c638 application completed application_id=APP-2026-237711 status=OFFER_ISSUED
2026-03-05T13:36:13.625+01:00 INFO portal-bff host=portal-bff-7c9d5b-t6zvn corrId=c-1419e114a608c930 conversion quote requested loan_id=LN610514313 target_product=FLEX_1Y
2026-03-05T13:36:13.759+01:00 INFO identity-service host=identity-service-a41e92-t6zvn corrId=c-1419e114a608c930 MitID session validated customer_id=C67537243
2026-03-05T13:36:13.848+01:00 INFO pricing-service host=pricing-service-5b8f6c-t6zvn corrId=c-1419e114a608c930 bond price fetched series=BND3.0-2053 price=95.585
2026-03-05T13:36:13.873+01:00 INFO pricing-service host=pricing-service-5b8f6c-t6zvn corrId=c-1419e114a608c930 conversion cost calculated loan_id=LN610514313 cost_dkk=72501.79
2026-03-05T13:36:13.896+01:00 INFO quote-service host=quote-service-7c9d5b-t6zvn corrId=c-1419e114a608c930 conversion quote issued quote_id=Q67217963 loan_id=LN610514313
2026-03-05T13:37:00.549+01:00 WARN valuation-service host=valuation-service-5b8f6c-t6zvn corrId=- valuation provider latency p95 high p95_ms=3490
2026-03-05T13:37:51.898+01:00 INFO portal-bff host=portal-bff-7c9d5b-x2k4p corrId=c-2f4369676b19a84d loan application submitted application_id=APP-2026-044998 customer_segment=PRIVATE
2026-03-05T13:37:51.961+01:00 INFO identity-service host=identity-service-a41e92-p9qmz corrId=c-2f4369676b19a84d MitID session validated customer_id=C78036588
2026-03-05T13:37:52.043+01:00 INFO customer-service host=customer-service-7c9d5b-p9qmz corrId=c-2f4369676b19a84d KYC profile loaded customer_id=C78036588 risk_class=HIGH
2026-03-05T13:37:52.104+01:00 INFO valuation-service host=valuation-service-7c9d5b-x2k4p corrId=c-2f4369676b19a84d property valuation served from cache property_id=P9043053 value_dkk=7090000
2026-03-05T13:37:52.234+01:00 INFO credit-service host=credit-service-7c9d5b-x2k4p corrId=c-2f4369676b19a84d credit assessment completed application_id=APP-2026-044998 score=626 decision=APPROVED
2026-03-05T13:37:52.360+01:00 INFO offer-service host=offer-service-5b8f6c-p9qmz corrId=c-2f4369676b19a84d loan offer generated application_id=APP-2026-044998 loan_type=FLEX_1Y principal_dkk=460000
2026-03-05T13:37:52.380+01:00 INFO document-service host=document-service-a41e92-t6zvn corrId=c-2f4369676b19a84d offer document stored application_id=APP-2026-044998 doc_id=DOC-df055c31
2026-03-05T13:37:52.428+01:00 INFO portal-bff host=portal-bff-5b8f6c-p9qmz corrId=c-2f4369676b19a84d application completed application_id=APP-2026-044998 status=OFFER_ISSUED
2026-03-05T13:37:57.471+01:00 INFO portal-bff host=portal-bff-7c9d5b-p9qmz corrId=c-6b3f8dc882c9378b loan application submitted application_id=APP-2026-163623 customer_segment=SME
2026-03-05T13:37:57.609+01:00 INFO identity-service host=identity-service-a41e92-t6zvn corrId=c-6b3f8dc882c9378b MitID session validated customer_id=C09490990
2026-03-05T13:37:57.724+01:00 INFO customer-service host=customer-service-7c9d5b-t6zvn corrId=c-6b3f8dc882c9378b KYC profile loaded customer_id=C09490990 risk_class=LOW
2026-03-05T13:37:57.836+01:00 INFO valuation-service host=valuation-service-7c9d5b-p9qmz corrId=c-6b3f8dc882c9378b property valuation requested property_id=P8240583 provider=bolig-vurdering
2026-03-05T13:37:57.921+01:00 WARN valuation-service host=valuation-service-7c9d5b-p9qmz corrId=c-6b3f8dc882c9378b valuation provider slow, retrying property_id=P8240583 attempt=1
2026-03-05T13:38:02.330+01:00 INFO valuation-service host=valuation-service-5b8f6c-x2k4p corrId=c-6b3f8dc882c9378b property valuation received property_id=P8240583 value_dkk=6880000 latency_ms=4300
2026-03-05T13:38:02.385+01:00 INFO credit-service host=credit-service-5b8f6c-t6zvn corrId=c-6b3f8dc882c9378b credit assessment completed application_id=APP-2026-163623 score=433 decision=APPROVED
2026-03-05T13:38:02.481+01:00 INFO offer-service host=offer-service-7c9d5b-p9qmz corrId=c-6b3f8dc882c9378b loan offer generated application_id=APP-2026-163623 loan_type=FIXED_20Y_IO principal_dkk=1395000
2026-03-05T13:38:02.581+01:00 INFO document-service host=document-service-5b8f6c-p9qmz corrId=c-6b3f8dc882c9378b offer document stored application_id=APP-2026-163623 doc_id=DOC-2afb5505
2026-03-05T13:38:02.657+01:00 INFO portal-bff host=portal-bff-7c9d5b-t6zvn corrId=c-6b3f8dc882c9378b application completed application_id=APP-2026-163623 status=OFFER_ISSUED
2026-03-05T13:38:59.230+01:00 INFO offer-service host=offer-service-a41e92-t6zvn corrId=c-54e61a85b16632db offer accepted application_id=APP-2026-436933
2026-03-05T13:38:59.251+01:00 INFO ledger-service host=ledger-service-5b8f6c-t6zvn corrId=c-54e61a85b16632db funds reserved application_id=APP-2026-436933 amount_dkk=860000
2026-03-05T13:38:59.385+01:00 INFO payment-service host=payment-service-a41e92-x2k4p corrId=c-54e61a85b16632db payout instruction sent application_id=APP-2026-436933 amount_dkk=860000
2026-03-05T13:38:59.453+01:00 INFO ledger-service host=ledger-service-5b8f6c-t6zvn corrId=c-54e61a85b16632db payout booked application_id=APP-2026-436933 posting_id=PST-805ac7fd06
2026-03-05T13:38:59.557+01:00 INFO notification-service host=notification-service-a41e92-p9qmz corrId=c-54e61a85b16632db payout confirmation sent application_id=APP-2026-436933
2026-03-05T13:39:00.321+01:00 WARN valuation-service host=valuation-service-a41e92-p9qmz corrId=- valuation provider latency p95 high p95_ms=3017
2026-03-05T13:39:47.563+01:00 INFO offer-service host=offer-service-7c9d5b-x2k4p corrId=c-9a36985bc9c897a5 offer accepted application_id=APP-2026-435604
2026-03-05T13:39:47.577+01:00 INFO ledger-service host=ledger-service-7c9d5b-p9qmz corrId=c-9a36985bc9c897a5 funds reserved application_id=APP-2026-435604 amount_dkk=1680000
2026-03-05T13:39:47.597+01:00 INFO payment-service host=payment-service-5b8f6c-t6zvn corrId=c-9a36985bc9c897a5 payout instruction sent application_id=APP-2026-435604 amount_dkk=1680000
2026-03-05T13:39:47.706+01:00 INFO ledger-service host=ledger-service-5b8f6c-t6zvn corrId=c-9a36985bc9c897a5 payout booked application_id=APP-2026-435604 posting_id=PST-9f32be1bfd
2026-03-05T13:39:47.841+01:00 INFO notification-service host=notification-service-5b8f6c-t6zvn corrId=c-9a36985bc9c897a5 payout confirmation sent application_id=APP-2026-435604
2026-03-05T13:40:00.035+01:00 INFO api-gateway host=api-gateway-5b8f6c-p9qmz corrId=- health probe ok status=200 latency_ms=3
2026-03-05T13:40:00.560+01:00 INFO payment-scheduler host=payment-scheduler-5b8f6c-t6zvn corrId=- scheduler heartbeat lag_ms=77
2026-03-05T13:41:00.205+01:00 WARN valuation-service host=valuation-service-7c9d5b-p9qmz corrId=- valuation provider latency p95 high p95_ms=5342
2026-03-05T13:43:00.601+01:00 WARN valuation-service host=valuation-service-7c9d5b-p9qmz corrId=- valuation provider latency p95 high p95_ms=5252
2026-03-05T13:43:36.027+01:00 INFO portal-bff host=portal-bff-7c9d5b-x2k4p corrId=c-80cfc4e6ba5e1627 conversion quote requested loan_id=LN463295290 target_product=FLEX_5Y
2026-03-05T13:43:36.102+01:00 INFO identity-service host=identity-service-7c9d5b-x2k4p corrId=c-80cfc4e6ba5e1627 MitID session validated customer_id=C35016906
2026-03-05T13:43:36.140+01:00 INFO pricing-service host=pricing-service-7c9d5b-p9qmz corrId=c-80cfc4e6ba5e1627 bond price fetched series=BND2.5-2056 price=90.357
2026-03-05T13:43:36.256+01:00 INFO pricing-service host=pricing-service-a41e92-t6zvn corrId=c-80cfc4e6ba5e1627 conversion cost calculated loan_id=LN463295290 cost_dkk=75907.68
2026-03-05T13:43:36.314+01:00 INFO quote-service host=quote-service-7c9d5b-p9qmz corrId=c-80cfc4e6ba5e1627 conversion quote issued quote_id=Q14964025 loan_id=LN463295290
2026-03-05T13:45:00.612+01:00 INFO api-gateway host=api-gateway-7c9d5b-p9qmz corrId=- health probe ok status=200 latency_ms=18
2026-03-05T13:45:00.862+01:00 WARN valuation-service host=valuation-service-7c9d5b-t6zvn corrId=- valuation provider latency p95 high p95_ms=3314
2026-03-05T13:45:35.153+01:00 INFO offer-service host=offer-service-7c9d5b-p9qmz corrId=c-8abf4f4ebff3dde7 offer accepted application_id=APP-2026-343205
2026-03-05T13:45:35.258+01:00 INFO ledger-service host=ledger-service-a41e92-p9qmz corrId=c-8abf4f4ebff3dde7 funds reserved application_id=APP-2026-343205 amount_dkk=5610000
2026-03-05T13:45:35.338+01:00 INFO payment-service host=payment-service-7c9d5b-x2k4p corrId=c-8abf4f4ebff3dde7 payout instruction sent application_id=APP-2026-343205 amount_dkk=5610000
2026-03-05T13:45:35.423+01:00 INFO ledger-service host=ledger-service-5b8f6c-t6zvn corrId=c-8abf4f4ebff3dde7 payout booked application_id=APP-2026-343205 posting_id=PST-0ac720a5e3
2026-03-05T13:45:35.536+01:00 INFO notification-service host=notification-service-a41e92-p9qmz corrId=c-8abf4f4ebff3dde7 payout confirmation sent application_id=APP-2026-343205
2026-03-05T13:46:06.325+01:00 INFO portal-bff host=portal-bff-7c9d5b-p9qmz corrId=c-cbee26cd6e2f73ff loan application submitted application_id=APP-2026-987062 customer_segment=PRIVATE
2026-03-05T13:46:06.400+01:00 INFO identity-service host=identity-service-5b8f6c-t6zvn corrId=c-cbee26cd6e2f73ff MitID session validated customer_id=C19979732
2026-03-05T13:46:06.527+01:00 INFO customer-service host=customer-service-5b8f6c-p9qmz corrId=c-cbee26cd6e2f73ff KYC profile loaded customer_id=C19979732 risk_class=LOW
2026-03-05T13:46:06.633+01:00 INFO valuation-service host=valuation-service-5b8f6c-x2k4p corrId=c-cbee26cd6e2f73ff property valuation requested property_id=P3473694 provider=valuta-ejd
2026-03-05T13:46:11.332+01:00 INFO valuation-service host=valuation-service-5b8f6c-x2k4p corrId=c-cbee26cd6e2f73ff property valuation received property_id=P3473694 value_dkk=8060000 latency_ms=4649
2026-03-05T13:46:11.433+01:00 INFO credit-service host=credit-service-a41e92-x2k4p corrId=c-cbee26cd6e2f73ff credit assessment completed application_id=APP-2026-987062 score=682 decision=APPROVED
2026-03-05T13:46:11.522+01:00 INFO offer-service host=offer-service-a41e92-t6zvn corrId=c-cbee26cd6e2f73ff loan offer generated application_id=APP-2026-987062 loan_type=FLEX_1Y principal_dkk=3970000
2026-03-05T13:46:11.626+01:00 INFO document-service host=document-service-a41e92-p9qmz corrId=c-cbee26cd6e2f73ff offer document stored application_id=APP-2026-987062 doc_id=DOC-55aff389
2026-03-05T13:46:11.752+01:00 INFO portal-bff host=portal-bff-7c9d5b-t6zvn corrId=c-cbee26cd6e2f73ff application completed application_id=APP-2026-987062 status=OFFER_ISSUED
2026-03-05T13:46:36.741+01:00 INFO portal-bff host=portal-bff-a41e92-p9qmz corrId=c-2c3a8a0311300c3e loan application submitted application_id=APP-2026-858005 customer_segment=RETAIL
2026-03-05T13:46:36.818+01:00 INFO identity-service host=identity-service-5b8f6c-t6zvn corrId=c-2c3a8a0311300c3e MitID session validated customer_id=C23761013
2026-03-05T13:46:36.836+01:00 INFO customer-service host=customer-service-5b8f6c-t6zvn corrId=c-2c3a8a0311300c3e KYC profile loaded customer_id=C23761013 risk_class=LOW
2026-03-05T13:46:36.965+01:00 INFO valuation-service host=valuation-service-a41e92-p9qmz corrId=c-2c3a8a0311300c3e property valuation requested property_id=P1864302 provider=bolig-vurdering
2026-03-05T13:46:41.182+01:00 INFO valuation-service host=valuation-service-5b8f6c-x2k4p corrId=c-2c3a8a0311300c3e property valuation received property_id=P1864302 value_dkk=8010000 latency_ms=4211
2026-03-05T13:46:41.302+01:00 INFO credit-service host=credit-service-7c9d5b-x2k4p corrId=c-2c3a8a0311300c3e credit assessment completed application_id=APP-2026-858005 score=425 decision=APPROVED
2026-03-05T13:46:41.418+01:00 INFO offer-service host=offer-service-7c9d5b-p9qmz corrId=c-2c3a8a0311300c3e loan offer generated application_id=APP-2026-858005 loan_type=FIXED_30Y principal_dkk=4095000
2026-03-05T13:46:41.453+01:00 INFO document-service host=document-service-a41e92-t6zvn corrId=c-2c3a8a0311300c3e offer document stored application_id=APP-2026-858005 doc_id=DOC-63184235
2026-03-05T13:46:41.572+01:00 INFO portal-bff host=portal-bff-a41e92-t6zvn corrId=c-2c3a8a0311300c3e application completed application_id=APP-2026-858005 status=OFFER_ISSUED
2026-03-05T13:47:00.530+01:00 WARN valuation-service host=valuation-service-5b8f6c-x2k4p corrId=- valuation provider latency p95 high p95_ms=3283
2026-03-05T13:47:54.621+01:00 INFO portal-bff host=portal-bff-7c9d5b-p9qmz corrId=c-fe445c2b01434b9e loan application submitted application_id=APP-2026-855960 customer_segment=RETAIL
2026-03-05T13:47:54.658+01:00 INFO identity-service host=identity-service-7c9d5b-x2k4p corrId=c-fe445c2b01434b9e MitID session validated customer_id=C52618575
2026-03-05T13:47:54.756+01:00 INFO customer-service host=customer-service-7c9d5b-p9qmz corrId=c-fe445c2b01434b9e KYC profile loaded customer_id=C52618575 risk_class=LOW
2026-03-05T13:47:54.883+01:00 INFO valuation-service host=valuation-service-5b8f6c-x2k4p corrId=c-fe445c2b01434b9e property valuation requested property_id=P2929094 provider=bolig-vurdering
2026-03-05T13:47:54.935+01:00 WARN valuation-service host=valuation-service-7c9d5b-t6zvn corrId=c-fe445c2b01434b9e valuation provider slow, retrying property_id=P2929094 attempt=1
2026-03-05T13:47:59.825+01:00 INFO valuation-service host=valuation-service-5b8f6c-x2k4p corrId=c-fe445c2b01434b9e property valuation received property_id=P2929094 value_dkk=2640000 latency_ms=4765
2026-03-05T13:47:59.893+01:00 INFO credit-service host=credit-service-5b8f6c-x2k4p corrId=c-fe445c2b01434b9e credit assessment completed application_id=APP-2026-855960 score=643 decision=APPROVED
2026-03-05T13:47:59.996+01:00 INFO offer-service host=offer-service-a41e92-p9qmz corrId=c-fe445c2b01434b9e loan offer generated application_id=APP-2026-855960 loan_type=FLEX_1Y principal_dkk=3700000
2026-03-05T13:48:00.123+01:00 INFO document-service host=document-service-7c9d5b-x2k4p corrId=c-fe445c2b01434b9e offer document stored application_id=APP-2026-855960 doc_id=DOC-bd44fec2
2026-03-05T13:48:00.141+01:00 INFO portal-bff host=portal-bff-a41e92-x2k4p corrId=c-fe445c2b01434b9e application completed application_id=APP-2026-855960 status=OFFER_ISSUED
2026-03-05T13:48:41.132+01:00 INFO portal-bff host=portal-bff-5b8f6c-t6zvn corrId=c-63100d8d35e5a85e conversion quote requested loan_id=LN557676410 target_product=FIXED_30Y
2026-03-05T13:48:41.215+01:00 INFO identity-service host=identity-service-7c9d5b-p9qmz corrId=c-63100d8d35e5a85e MitID session validated customer_id=C91676613
2026-03-05T13:48:41.291+01:00 INFO pricing-service host=pricing-service-5b8f6c-x2k4p corrId=c-63100d8d35e5a85e bond price fetched series=BND4.0-2056 price=95.244
2026-03-05T13:48:41.359+01:00 INFO pricing-service host=pricing-service-a41e92-p9qmz corrId=c-63100d8d35e5a85e conversion cost calculated loan_id=LN557676410 cost_dkk=24204.22
2026-03-05T13:48:41.397+01:00 INFO quote-service host=quote-service-a41e92-p9qmz corrId=c-63100d8d35e5a85e conversion quote issued quote_id=Q50946452 loan_id=LN557676410
2026-03-05T13:48:47.658+01:00 INFO portal-bff host=portal-bff-7c9d5b-x2k4p corrId=c-daef5e74700eb285 loan application submitted application_id=APP-2026-725145 customer_segment=RETAIL
2026-03-05T13:48:47.677+01:00 INFO identity-service host=identity-service-5b8f6c-p9qmz corrId=c-daef5e74700eb285 MitID session validated customer_id=C57958991
2026-03-05T13:48:47.799+01:00 INFO customer-service host=customer-service-7c9d5b-t6zvn corrId=c-daef5e74700eb285 KYC profile loaded customer_id=C57958991 risk_class=LOW
2026-03-05T13:48:47.808+01:00 INFO valuation-service host=valuation-service-7c9d5b-x2k4p corrId=c-daef5e74700eb285 property valuation served from cache property_id=P9171214 value_dkk=8190000
2026-03-05T13:48:47.846+01:00 INFO credit-service host=credit-service-a41e92-t6zvn corrId=c-daef5e74700eb285 credit assessment completed application_id=APP-2026-725145 score=513 decision=APPROVED
2026-03-05T13:48:47.880+01:00 INFO offer-service host=offer-service-a41e92-t6zvn corrId=c-daef5e74700eb285 loan offer generated application_id=APP-2026-725145 loan_type=FLEX_1Y principal_dkk=4655000
2026-03-05T13:48:47.973+01:00 INFO document-service host=document-service-7c9d5b-p9qmz corrId=c-daef5e74700eb285 offer document stored application_id=APP-2026-725145 doc_id=DOC-1f91df9e
2026-03-05T13:48:48.060+01:00 INFO portal-bff host=portal-bff-a41e92-x2k4p corrId=c-daef5e74700eb285 application completed application_id=APP-2026-725145 status=OFFER_ISSUED
2026-03-05T13:49:00.396+01:00 WARN valuation-service host=valuation-service-a41e92-p9qmz corrId=- valuation provider latency p95 high p95_ms=5093
2026-03-05T13:49:42.115+01:00 INFO portal-bff host=portal-bff-7c9d5b-p9qmz corrId=c-bf522d8599e84f6c loan application submitted application_id=APP-2026-197197 customer_segment=SME
2026-03-05T13:49:42.223+01:00 INFO identity-service host=identity-service-7c9d5b-p9qmz corrId=c-bf522d8599e84f6c MitID session validated customer_id=C29909088
2026-03-05T13:49:42.360+01:00 INFO customer-service host=customer-service-5b8f6c-p9qmz corrId=c-bf522d8599e84f6c KYC profile loaded customer_id=C29909088 risk_class=MEDIUM
2026-03-05T13:49:42.393+01:00 INFO valuation-service host=valuation-service-5b8f6c-p9qmz corrId=c-bf522d8599e84f6c property valuation requested property_id=P6939642 provider=valuta-ejd
2026-03-05T13:49:42.510+01:00 WARN valuation-service host=valuation-service-5b8f6c-p9qmz corrId=c-bf522d8599e84f6c valuation provider slow, retrying property_id=P6939642 attempt=1
2026-03-05T13:49:45.280+01:00 INFO valuation-service host=valuation-service-a41e92-x2k4p corrId=c-bf522d8599e84f6c property valuation received property_id=P6939642 value_dkk=8140000 latency_ms=2711
2026-03-05T13:49:45.402+01:00 INFO credit-service host=credit-service-7c9d5b-t6zvn corrId=c-bf522d8599e84f6c credit assessment completed application_id=APP-2026-197197 score=504 decision=APPROVED
2026-03-05T13:49:45.493+01:00 INFO offer-service host=offer-service-5b8f6c-p9qmz corrId=c-bf522d8599e84f6c loan offer generated application_id=APP-2026-197197 loan_type=FLEX_5Y principal_dkk=1015000
2026-03-05T13:49:45.609+01:00 INFO document-service host=document-service-7c9d5b-p9qmz corrId=c-bf522d8599e84f6c offer document stored application_id=APP-2026-197197 doc_id=DOC-d6d1314a
2026-03-05T13:49:45.694+01:00 INFO portal-bff host=portal-bff-a41e92-p9qmz corrId=c-bf522d8599e84f6c application completed application_id=APP-2026-197197 status=OFFER_ISSUED
2026-03-05T13:50:00.087+01:00 INFO api-gateway host=api-gateway-a41e92-t6zvn corrId=- health probe ok status=200 latency_ms=6
2026-03-05T13:50:00.330+01:00 INFO payment-scheduler host=payment-scheduler-a41e92-p9qmz corrId=- scheduler heartbeat lag_ms=59
2026-03-05T13:50:01.018+01:00 INFO portal-bff host=portal-bff-a41e92-x2k4p corrId=c-2ba663e0d510dd2b loan application submitted application_id=APP-2026-117935 customer_segment=SME
2026-03-05T13:50:01.152+01:00 INFO identity-service host=identity-service-7c9d5b-t6zvn corrId=c-2ba663e0d510dd2b MitID session validated customer_id=C65400737
2026-03-05T13:50:01.202+01:00 INFO customer-service host=customer-service-5b8f6c-p9qmz corrId=c-2ba663e0d510dd2b KYC profile loaded customer_id=C65400737 risk_class=LOW
2026-03-05T13:50:01.216+01:00 INFO valuation-service host=valuation-service-5b8f6c-p9qmz corrId=c-2ba663e0d510dd2b property valuation served from cache property_id=P3565734 value_dkk=3150000
2026-03-05T13:50:01.345+01:00 INFO credit-service host=credit-service-7c9d5b-p9qmz corrId=c-2ba663e0d510dd2b credit assessment completed application_id=APP-2026-117935 score=666 decision=APPROVED
2026-03-05T13:50:01.466+01:00 INFO offer-service host=offer-service-7c9d5b-p9qmz corrId=c-2ba663e0d510dd2b loan offer generated application_id=APP-2026-117935 loan_type=FIXED_20Y_IO principal_dkk=5735000
2026-03-05T13:50:01.551+01:00 INFO document-service host=document-service-5b8f6c-t6zvn corrId=c-2ba663e0d510dd2b offer document stored application_id=APP-2026-117935 doc_id=DOC-d52c1b3e
2026-03-05T13:50:01.618+01:00 INFO portal-bff host=portal-bff-5b8f6c-p9qmz corrId=c-2ba663e0d510dd2b application completed application_id=APP-2026-117935 status=OFFER_ISSUED
2026-03-05T13:50:19.936+01:00 INFO portal-bff host=portal-bff-5b8f6c-t6zvn corrId=c-47b8ef6d9d61272d conversion quote requested loan_id=LN951611153 target_product=FLEX_1Y
2026-03-05T13:50:20.027+01:00 INFO identity-service host=identity-service-5b8f6c-t6zvn corrId=c-47b8ef6d9d61272d MitID session validated customer_id=C67136106
2026-03-05T13:50:20.164+01:00 INFO pricing-service host=pricing-service-5b8f6c-p9qmz corrId=c-47b8ef6d9d61272d bond price fetched series=BND3.0-2056 price=93.500
2026-03-05T13:50:20.243+01:00 INFO pricing-service host=pricing-service-7c9d5b-p9qmz corrId=c-47b8ef6d9d61272d conversion cost calculated loan_id=LN951611153 cost_dkk=79096.40
2026-03-05T13:50:20.311+01:00 INFO quote-service host=quote-service-a41e92-t6zvn corrId=c-47b8ef6d9d61272d conversion quote issued quote_id=Q58205701 loan_id=LN951611153
2026-03-05T13:51:00.752+01:00 WARN valuation-service host=valuation-service-a41e92-t6zvn corrId=- valuation provider latency p95 high p95_ms=4090
2026-03-05T13:53:00.712+01:00 WARN valuation-service host=valuation-service-5b8f6c-p9qmz corrId=- valuation provider latency p95 high p95_ms=6498
2026-03-05T13:55:00.594+01:00 INFO api-gateway host=api-gateway-a41e92-t6zvn corrId=- health probe ok status=200 latency_ms=2
2026-03-05T13:55:00.622+01:00 WARN valuation-service host=valuation-service-a41e92-t6zvn corrId=- valuation provider latency p95 high p95_ms=4876
2026-03-05T13:56:19.138+01:00 INFO portal-bff host=portal-bff-5b8f6c-t6zvn corrId=c-a80118aa076ea4c4 loan application submitted application_id=APP-2026-509194 customer_segment=RETAIL
2026-03-05T13:56:19.266+01:00 INFO identity-service host=identity-service-5b8f6c-t6zvn corrId=c-a80118aa076ea4c4 MitID session validated customer_id=C37476321
2026-03-05T13:56:19.362+01:00 INFO customer-service host=customer-service-a41e92-x2k4p corrId=c-a80118aa076ea4c4 KYC profile loaded customer_id=C37476321 risk_class=MEDIUM
2026-03-05T13:56:19.376+01:00 INFO valuation-service host=valuation-service-5b8f6c-t6zvn corrId=c-a80118aa076ea4c4 property valuation requested property_id=P9596947 provider=valuta-ejd
2026-03-05T13:56:19.412+01:00 WARN valuation-service host=valuation-service-5b8f6c-t6zvn corrId=c-a80118aa076ea4c4 valuation provider slow, retrying property_id=P9596947 attempt=1
2026-03-05T13:56:24.401+01:00 INFO valuation-service host=valuation-service-a41e92-x2k4p corrId=c-a80118aa076ea4c4 property valuation received property_id=P9596947 value_dkk=1070000 latency_ms=4966
2026-03-05T13:56:24.456+01:00 INFO credit-service host=credit-service-7c9d5b-p9qmz corrId=c-a80118aa076ea4c4 credit assessment completed application_id=APP-2026-509194 score=551 decision=APPROVED
2026-03-05T13:56:24.509+01:00 INFO offer-service host=offer-service-a41e92-x2k4p corrId=c-a80118aa076ea4c4 loan offer generated application_id=APP-2026-509194 loan_type=FLEX_1Y principal_dkk=580000
2026-03-05T13:56:24.604+01:00 INFO document-service host=document-service-5b8f6c-t6zvn corrId=c-a80118aa076ea4c4 offer document stored application_id=APP-2026-509194 doc_id=DOC-cf7f7f7a
2026-03-05T13:56:24.700+01:00 INFO portal-bff host=portal-bff-5b8f6c-x2k4p corrId=c-a80118aa076ea4c4 application completed application_id=APP-2026-509194 status=OFFER_ISSUED
2026-03-05T13:57:00.712+01:00 WARN valuation-service host=valuation-service-7c9d5b-t6zvn corrId=- valuation provider latency p95 high p95_ms=5814
2026-03-05T13:57:09.365+01:00 INFO portal-bff host=portal-bff-5b8f6c-t6zvn corrId=c-1ff8fe0ef07b3550 loan application submitted application_id=APP-2026-383427 customer_segment=PRIVATE
2026-03-05T13:57:09.410+01:00 INFO identity-service host=identity-service-5b8f6c-p9qmz corrId=c-1ff8fe0ef07b3550 MitID session validated customer_id=C71591689
2026-03-05T13:57:09.477+01:00 INFO customer-service host=customer-service-5b8f6c-p9qmz corrId=c-1ff8fe0ef07b3550 KYC profile loaded customer_id=C71591689 risk_class=HIGH
2026-03-05T13:57:09.571+01:00 INFO valuation-service host=valuation-service-7c9d5b-x2k4p corrId=c-1ff8fe0ef07b3550 property valuation requested property_id=P6178204 provider=bolig-vurdering
2026-03-05T13:57:09.669+01:00 WARN valuation-service host=valuation-service-a41e92-x2k4p corrId=c-1ff8fe0ef07b3550 valuation provider slow, retrying property_id=P6178204 attempt=1
2026-03-05T13:57:14.724+01:00 INFO valuation-service host=valuation-service-a41e92-t6zvn corrId=c-1ff8fe0ef07b3550 property valuation received property_id=P6178204 value_dkk=6740000 latency_ms=4992
2026-03-05T13:57:14.747+01:00 INFO credit-service host=credit-service-7c9d5b-p9qmz corrId=c-1ff8fe0ef07b3550 credit assessment completed application_id=APP-2026-383427 score=687 decision=APPROVED
2026-03-05T13:57:14.879+01:00 INFO offer-service host=offer-service-7c9d5b-x2k4p corrId=c-1ff8fe0ef07b3550 loan offer generated application_id=APP-2026-383427 loan_type=FLEX_1Y principal_dkk=3500000
2026-03-05T13:57:14.955+01:00 INFO document-service host=document-service-5b8f6c-p9qmz corrId=c-1ff8fe0ef07b3550 offer document stored application_id=APP-2026-383427 doc_id=DOC-369678d4
2026-03-05T13:57:14.975+01:00 INFO portal-bff host=portal-bff-5b8f6c-x2k4p corrId=c-1ff8fe0ef07b3550 application completed application_id=APP-2026-383427 status=OFFER_ISSUED
2026-03-05T13:57:30.364+01:00 INFO portal-bff host=portal-bff-a41e92-p9qmz corrId=c-696691957a6194bb conversion quote requested loan_id=LN823752046 target_product=FLEX_5Y
2026-03-05T13:57:30.408+01:00 INFO identity-service host=identity-service-a41e92-x2k4p corrId=c-696691957a6194bb MitID session validated customer_id=C34001383
2026-03-05T13:57:30.536+01:00 INFO pricing-service host=pricing-service-a41e92-p9qmz corrId=c-696691957a6194bb bond price fetched series=BND4.0-2053 price=97.884
2026-03-05T13:57:30.639+01:00 INFO pricing-service host=pricing-service-7c9d5b-t6zvn corrId=c-696691957a6194bb conversion cost calculated loan_id=LN823752046 cost_dkk=45695.17
2026-03-05T13:57:30.715+01:00 INFO quote-service host=quote-service-5b8f6c-x2k4p corrId=c-696691957a6194bb conversion quote issued quote_id=Q86372608 loan_id=LN823752046
2026-03-05T13:59:00.428+01:00 WARN valuation-service host=valuation-service-a41e92-t6zvn corrId=- valuation provider latency p95 high p95_ms=6452
2026-03-05T13:59:14.016+01:00 INFO portal-bff host=portal-bff-7c9d5b-t6zvn corrId=c-84eac07e4d950d08 loan application submitted application_id=APP-2026-777284 customer_segment=SME
2026-03-05T13:59:14.121+01:00 INFO identity-service host=identity-service-5b8f6c-t6zvn corrId=c-84eac07e4d950d08 MitID session validated customer_id=C65002851
2026-03-05T13:59:14.252+01:00 INFO customer-service host=customer-service-7c9d5b-p9qmz corrId=c-84eac07e4d950d08 KYC profile loaded customer_id=C65002851 risk_class=MEDIUM
2026-03-05T13:59:14.303+01:00 INFO valuation-service host=valuation-service-5b8f6c-x2k4p corrId=c-84eac07e4d950d08 property valuation served from cache property_id=P5918870 value_dkk=2720000
2026-03-05T13:59:16.924+01:00 INFO valuation-service host=valuation-service-a41e92-x2k4p corrId=c-84eac07e4d950d08 property valuation received property_id=P5918870 value_dkk=2720000 latency_ms=2517
2026-03-05T13:59:17.029+01:00 INFO credit-service host=credit-service-a41e92-t6zvn corrId=c-84eac07e4d950d08 credit assessment completed application_id=APP-2026-777284 score=433 decision=APPROVED
2026-03-05T13:59:17.104+01:00 INFO offer-service host=offer-service-5b8f6c-x2k4p corrId=c-84eac07e4d950d08 loan offer generated application_id=APP-2026-777284 loan_type=FLEX_1Y principal_dkk=4905000
2026-03-05T13:59:17.146+01:00 INFO document-service host=document-service-5b8f6c-x2k4p corrId=c-84eac07e4d950d08 offer document stored application_id=APP-2026-777284 doc_id=DOC-4b7ded9b
2026-03-05T13:59:17.175+01:00 INFO portal-bff host=portal-bff-a41e92-x2k4p corrId=c-84eac07e4d950d08 application completed application_id=APP-2026-777284 status=OFFER_ISSUED
2026-03-05T14:00:00.169+01:00 INFO api-gateway host=api-gateway-7c9d5b-t6zvn corrId=- health probe ok status=200 latency_ms=21
2026-03-05T14:00:00.735+01:00 INFO payment-scheduler host=payment-scheduler-a41e92-p9qmz corrId=- scheduler heartbeat lag_ms=57
2026-03-05T14:00:49.000+01:00 INFO config-service host=config-service-7c9d5b-x2k4p corrId=- configuration refreshed version=v102
2026-03-05T14:01:00.578+01:00 WARN valuation-service host=valuation-service-5b8f6c-t6zvn corrId=- valuation provider latency p95 high p95_ms=3512
2026-03-05T14:01:55.604+01:00 INFO portal-bff host=portal-bff-a41e92-t6zvn corrId=c-a32b96595a9c6525 loan application submitted application_id=APP-2026-101896 customer_segment=SME
2026-03-05T14:01:55.737+01:00 INFO identity-service host=identity-service-5b8f6c-p9qmz corrId=c-a32b96595a9c6525 MitID session validated customer_id=C50241557
2026-03-05T14:01:55.790+01:00 INFO customer-service host=customer-service-a41e92-x2k4p corrId=c-a32b96595a9c6525 KYC profile loaded customer_id=C50241557 risk_class=MEDIUM
2026-03-05T14:01:55.866+01:00 INFO valuation-service host=valuation-service-7c9d5b-p9qmz corrId=c-a32b96595a9c6525 property valuation requested property_id=P5923854 provider=bolig-vurdering
2026-03-05T14:02:00.994+01:00 INFO valuation-service host=valuation-service-5b8f6c-x2k4p corrId=c-a32b96595a9c6525 property valuation received property_id=P5923854 value_dkk=2680000 latency_ms=4990
2026-03-05T14:02:01.042+01:00 INFO credit-service host=credit-service-5b8f6c-p9qmz corrId=c-a32b96595a9c6525 credit assessment completed application_id=APP-2026-101896 score=537 decision=APPROVED
2026-03-05T14:02:01.071+01:00 INFO offer-service host=offer-service-5b8f6c-t6zvn corrId=c-a32b96595a9c6525 loan offer generated application_id=APP-2026-101896 loan_type=FIXED_20Y_IO principal_dkk=1070000
2026-03-05T14:02:01.092+01:00 INFO document-service host=document-service-a41e92-x2k4p corrId=c-a32b96595a9c6525 offer document stored application_id=APP-2026-101896 doc_id=DOC-92f9c15c
2026-03-05T14:02:01.104+01:00 INFO portal-bff host=portal-bff-a41e92-t6zvn corrId=c-a32b96595a9c6525 application completed application_id=APP-2026-101896 status=OFFER_ISSUED
2026-03-05T14:03:00.449+01:00 WARN valuation-service host=valuation-service-5b8f6c-t6zvn corrId=- valuation provider latency p95 high p95_ms=4423
2026-03-05T14:05:00.461+01:00 INFO api-gateway host=api-gateway-7c9d5b-x2k4p corrId=- health probe ok status=200 latency_ms=10
2026-03-05T14:05:00.800+01:00 WARN valuation-service host=valuation-service-a41e92-x2k4p corrId=- valuation provider latency p95 high p95_ms=3650
2026-03-05T14:06:00.116+01:00 INFO portal-bff host=portal-bff-7c9d5b-p9qmz corrId=c-6b81066cd02c60e4 conversion quote requested loan_id=LN108334450 target_product=FLEX_1Y
2026-03-05T14:06:00.249+01:00 INFO identity-service host=identity-service-7c9d5b-x2k4p corrId=c-6b81066cd02c60e4 MitID session validated customer_id=C66302521
2026-03-05T14:06:00.343+01:00 INFO pricing-service host=pricing-service-5b8f6c-t6zvn corrId=c-6b81066cd02c60e4 bond price fetched series=BND3.0-2053 price=91.143
2026-03-05T14:06:00.454+01:00 INFO pricing-service host=pricing-service-a41e92-p9qmz corrId=c-6b81066cd02c60e4 conversion cost calculated loan_id=LN108334450 cost_dkk=77595.03
2026-03-05T14:06:00.483+01:00 INFO quote-service host=quote-service-5b8f6c-t6zvn corrId=c-6b81066cd02c60e4 conversion quote issued quote_id=Q41355408 loan_id=LN108334450
2026-03-05T14:06:52.826+01:00 INFO portal-bff host=portal-bff-7c9d5b-t6zvn corrId=c-8f6fd8ad7a368cff conversion quote requested loan_id=LN049398630 target_product=FLEX_5Y
2026-03-05T14:06:52.869+01:00 INFO identity-service host=identity-service-a41e92-p9qmz corrId=c-8f6fd8ad7a368cff MitID session validated customer_id=C70307464
2026-03-05T14:06:52.949+01:00 INFO pricing-service host=pricing-service-a41e92-p9qmz corrId=c-8f6fd8ad7a368cff bond price fetched series=BND4.0-2056 price=88.859
2026-03-05T14:06:52.964+01:00 INFO pricing-service host=pricing-service-5b8f6c-p9qmz corrId=c-8f6fd8ad7a368cff conversion cost calculated loan_id=LN049398630 cost_dkk=86593.09
2026-03-05T14:06:53.019+01:00 INFO quote-service host=quote-service-5b8f6c-p9qmz corrId=c-8f6fd8ad7a368cff conversion quote issued quote_id=Q73859297 loan_id=LN049398630
2026-03-05T14:07:00.209+01:00 WARN valuation-service host=valuation-service-5b8f6c-p9qmz corrId=- valuation provider latency p95 high p95_ms=3332
2026-03-05T14:07:29.981+01:00 INFO portal-bff host=portal-bff-a41e92-x2k4p corrId=c-11a7b81762951d06 conversion quote requested loan_id=LN407157410 target_product=FLEX_5Y
2026-03-05T14:07:30.004+01:00 INFO identity-service host=identity-service-5b8f6c-x2k4p corrId=c-11a7b81762951d06 MitID session validated customer_id=C92197300
2026-03-05T14:07:30.092+01:00 INFO pricing-service host=pricing-service-5b8f6c-t6zvn corrId=c-11a7b81762951d06 bond price fetched series=BND4.0-2056 price=97.537
2026-03-05T14:07:30.228+01:00 INFO pricing-service host=pricing-service-7c9d5b-x2k4p corrId=c-11a7b81762951d06 conversion cost calculated loan_id=LN407157410 cost_dkk=60137.34
2026-03-05T14:07:30.272+01:00 INFO quote-service host=quote-service-7c9d5b-p9qmz corrId=c-11a7b81762951d06 conversion quote issued quote_id=Q24771119 loan_id=LN407157410
2026-03-05T14:08:05.251+01:00 INFO portal-bff host=portal-bff-a41e92-x2k4p corrId=c-0b3469261670cc37 loan application submitted application_id=APP-2026-719972 customer_segment=SME
2026-03-05T14:08:05.265+01:00 INFO identity-service host=identity-service-5b8f6c-t6zvn corrId=c-0b3469261670cc37 MitID session validated customer_id=C44274770
2026-03-05T14:08:05.293+01:00 INFO customer-service host=customer-service-7c9d5b-t6zvn corrId=c-0b3469261670cc37 KYC profile loaded customer_id=C44274770 risk_class=HIGH
2026-03-05T14:08:05.299+01:00 INFO valuation-service host=valuation-service-5b8f6c-t6zvn corrId=c-0b3469261670cc37 property valuation requested property_id=P0299101 provider=valuta-ejd
2026-03-05T14:08:11.326+01:00 INFO valuation-service host=valuation-service-7c9d5b-p9qmz corrId=c-0b3469261670cc37 property valuation received property_id=P0299101 value_dkk=2810000 latency_ms=6020
2026-03-05T14:08:11.332+01:00 INFO credit-service host=credit-service-5b8f6c-p9qmz corrId=c-0b3469261670cc37 credit assessment completed application_id=APP-2026-719972 score=531 decision=APPROVED
2026-03-05T14:08:11.363+01:00 INFO offer-service host=offer-service-5b8f6c-p9qmz corrId=c-0b3469261670cc37 loan offer generated application_id=APP-2026-719972 loan_type=FIXED_30Y principal_dkk=780000
2026-03-05T14:08:11.465+01:00 INFO document-service host=document-service-a41e92-p9qmz corrId=c-0b3469261670cc37 offer document stored application_id=APP-2026-719972 doc_id=DOC-d57f8e7a
2026-03-05T14:08:11.559+01:00 INFO portal-bff host=portal-bff-a41e92-x2k4p corrId=c-0b3469261670cc37 application completed application_id=APP-2026-719972 status=OFFER_ISSUED
2026-03-05T14:09:00.547+01:00 WARN valuation-service host=valuation-service-a41e92-t6zvn corrId=- valuation provider latency p95 high p95_ms=6366
2026-03-05T14:09:15.392+01:00 INFO portal-bff host=portal-bff-7c9d5b-p9qmz corrId=c-9c42dc3d3f5bc5af conversion quote requested loan_id=LN958772894 target_product=FLEX_5Y
2026-03-05T14:09:15.527+01:00 INFO identity-service host=identity-service-7c9d5b-t6zvn corrId=c-9c42dc3d3f5bc5af MitID session validated customer_id=C45155125
2026-03-05T14:09:15.549+01:00 INFO pricing-service host=pricing-service-a41e92-x2k4p corrId=c-9c42dc3d3f5bc5af bond price fetched series=BND4.0-2056 price=97.802
2026-03-05T14:09:15.587+01:00 INFO pricing-service host=pricing-service-5b8f6c-p9qmz corrId=c-9c42dc3d3f5bc5af conversion cost calculated loan_id=LN958772894 cost_dkk=10323.44
2026-03-05T14:09:15.651+01:00 INFO quote-service host=quote-service-5b8f6c-p9qmz corrId=c-9c42dc3d3f5bc5af conversion quote issued quote_id=Q83909374 loan_id=LN958772894
2026-03-05T14:09:26.522+01:00 INFO portal-bff host=portal-bff-7c9d5b-x2k4p corrId=c-2dc16503262c0cbf conversion quote requested loan_id=LN735482417 target_product=FLEX_1Y
2026-03-05T14:09:26.562+01:00 INFO identity-service host=identity-service-5b8f6c-x2k4p corrId=c-2dc16503262c0cbf MitID session validated customer_id=C59456504
2026-03-05T14:09:26.686+01:00 INFO pricing-service host=pricing-service-a41e92-t6zvn corrId=c-2dc16503262c0cbf bond price fetched series=BND2.5-2053 price=88.433
2026-03-05T14:09:26.711+01:00 INFO pricing-service host=pricing-service-5b8f6c-x2k4p corrId=c-2dc16503262c0cbf conversion cost calculated loan_id=LN735482417 cost_dkk=33272.10
2026-03-05T14:09:26.740+01:00 INFO quote-service host=quote-service-a41e92-x2k4p corrId=c-2dc16503262c0cbf conversion quote issued quote_id=Q67825680 loan_id=LN735482417
2026-03-05T14:09:46.191+01:00 INFO portal-bff host=portal-bff-a41e92-p9qmz corrId=c-2235e90ac64f5fee conversion quote requested loan_id=LN362911332 target_product=FLEX_1Y
2026-03-05T14:09:46.233+01:00 INFO identity-service host=identity-service-5b8f6c-p9qmz corrId=c-2235e90ac64f5fee MitID session validated customer_id=C07902436
2026-03-05T14:09:46.307+01:00 INFO pricing-service host=pricing-service-7c9d5b-t6zvn corrId=c-2235e90ac64f5fee bond price fetched series=BND4.0-2053 price=90.119
2026-03-05T14:09:46.361+01:00 INFO pricing-service host=pricing-service-a41e92-t6zvn corrId=c-2235e90ac64f5fee conversion cost calculated loan_id=LN362911332 cost_dkk=15988.12
2026-03-05T14:09:46.418+01:00 INFO quote-service host=quote-service-5b8f6c-p9qmz corrId=c-2235e90ac64f5fee conversion quote issued quote_id=Q23094621 loan_id=LN362911332
2026-03-05T14:09:46.841+01:00 INFO portal-bff host=portal-bff-7c9d5b-x2k4p corrId=c-2166ac0a1626eb1c conversion quote requested loan_id=LN384227266 target_product=FLEX_1Y
2026-03-05T14:09:46.847+01:00 INFO identity-service host=identity-service-a41e92-t6zvn corrId=c-2166ac0a1626eb1c MitID session validated customer_id=C42882141
2026-03-05T14:09:46.980+01:00 INFO pricing-service host=pricing-service-5b8f6c-x2k4p corrId=c-2166ac0a1626eb1c bond price fetched series=BND2.5-2053 price=99.313
2026-03-05T14:09:47.059+01:00 INFO pricing-service host=pricing-service-5b8f6c-p9qmz corrId=c-2166ac0a1626eb1c conversion cost calculated loan_id=LN384227266 cost_dkk=87680.46
2026-03-05T14:09:47.176+01:00 INFO quote-service host=quote-service-7c9d5b-t6zvn corrId=c-2166ac0a1626eb1c conversion quote issued quote_id=Q59200479 loan_id=LN384227266
2026-03-05T14:10:00.467+01:00 INFO payment-scheduler host=payment-scheduler-5b8f6c-p9qmz corrId=- scheduler heartbeat lag_ms=23
2026-03-05T14:10:00.682+01:00 INFO api-gateway host=api-gateway-5b8f6c-t6zvn corrId=- health probe ok status=200 latency_ms=26
2026-03-05T14:11:00.770+01:00 WARN valuation-service host=valuation-service-7c9d5b-p9qmz corrId=- valuation provider latency p95 high p95_ms=2971
2026-03-05T14:11:03.840+01:00 INFO portal-bff host=portal-bff-7c9d5b-x2k4p corrId=c-b381261bd45fe7a8 loan application submitted application_id=APP-2026-555703 customer_segment=SME
2026-03-05T14:11:03.949+01:00 INFO identity-service host=identity-service-7c9d5b-p9qmz corrId=c-b381261bd45fe7a8 MitID session validated customer_id=C64108857
2026-03-05T14:11:03.963+01:00 INFO customer-service host=customer-service-a41e92-t6zvn corrId=c-b381261bd45fe7a8 KYC profile loaded customer_id=C64108857 risk_class=LOW
2026-03-05T14:11:04.094+01:00 INFO valuation-service host=valuation-service-7c9d5b-p9qmz corrId=c-b381261bd45fe7a8 property valuation requested property_id=P5101278 provider=bolig-vurdering
2026-03-05T14:11:04.182+01:00 WARN valuation-service host=valuation-service-5b8f6c-x2k4p corrId=c-b381261bd45fe7a8 valuation provider slow, retrying property_id=P5101278 attempt=1
2026-03-05T14:11:08.754+01:00 INFO valuation-service host=valuation-service-5b8f6c-t6zvn corrId=c-b381261bd45fe7a8 property valuation received property_id=P5101278 value_dkk=5390000 latency_ms=4484
2026-03-05T14:11:08.879+01:00 INFO offer-service host=offer-service-a41e92-p9qmz corrId=c-b381261bd45fe7a8 loan offer generated application_id=APP-2026-555703 loan_type=FIXED_30Y principal_dkk=3245000
2026-03-05T14:11:09.001+01:00 INFO document-service host=document-service-7c9d5b-p9qmz corrId=c-b381261bd45fe7a8 offer document stored application_id=APP-2026-555703 doc_id=DOC-a925af48
2026-03-05T14:11:09.122+01:00 INFO portal-bff host=portal-bff-5b8f6c-t6zvn corrId=c-b381261bd45fe7a8 application completed application_id=APP-2026-555703 status=OFFER_ISSUED
2026-03-05T14:11:57.558+01:00 INFO portal-bff host=portal-bff-5b8f6c-t6zvn corrId=c-4226edc2c27ab204 conversion quote requested loan_id=LN030603070 target_product=FLEX_5Y
2026-03-05T14:11:57.682+01:00 INFO identity-service host=identity-service-7c9d5b-p9qmz corrId=c-4226edc2c27ab204 MitID session validated customer_id=C28234804
2026-03-05T14:11:57.814+01:00 INFO pricing-service host=pricing-service-5b8f6c-p9qmz corrId=c-4226edc2c27ab204 bond price fetched series=BND2.5-2053 price=99.591
2026-03-05T14:11:57.868+01:00 INFO pricing-service host=pricing-service-5b8f6c-t6zvn corrId=c-4226edc2c27ab204 conversion cost calculated loan_id=LN030603070 cost_dkk=27711.05
2026-03-05T14:11:57.932+01:00 INFO quote-service host=quote-service-a41e92-p9qmz corrId=c-4226edc2c27ab204 conversion quote issued quote_id=Q50517103 loan_id=LN030603070
2026-03-05T14:12:43.439+01:00 INFO portal-bff host=portal-bff-a41e92-x2k4p corrId=c-519c9341ee72d045 conversion quote requested loan_id=LN696075068 target_product=FLEX_1Y
2026-03-05T14:12:43.461+01:00 INFO identity-service host=identity-service-7c9d5b-t6zvn corrId=c-519c9341ee72d045 MitID session validated customer_id=C76763275
2026-03-05T14:12:43.490+01:00 INFO pricing-service host=pricing-service-a41e92-t6zvn corrId=c-519c9341ee72d045 bond price fetched series=BND3.0-2056 price=95.221
2026-03-05T14:12:43.554+01:00 INFO pricing-service host=pricing-service-a41e92-t6zvn corrId=c-519c9341ee72d045 conversion cost calculated loan_id=LN696075068 cost_dkk=12160.48
2026-03-05T14:12:43.667+01:00 INFO quote-service host=quote-service-7c9d5b-p9qmz corrId=c-519c9341ee72d045 conversion quote issued quote_id=Q41840684 loan_id=LN696075068
2026-03-05T14:13:00.385+01:00 WARN valuation-service host=valuation-service-a41e92-x2k4p corrId=- valuation provider latency p95 high p95_ms=6088
2026-03-05T14:15:00.598+01:00 INFO api-gateway host=api-gateway-7c9d5b-p9qmz corrId=- health probe ok status=200 latency_ms=12
2026-03-05T14:15:00.710+01:00 WARN valuation-service host=valuation-service-7c9d5b-p9qmz corrId=- valuation provider latency p95 high p95_ms=3142
2026-03-05T14:17:00.810+01:00 WARN valuation-service host=valuation-service-5b8f6c-p9qmz corrId=- valuation provider latency p95 high p95_ms=6407
2026-03-05T14:18:10.899+01:00 INFO portal-bff host=portal-bff-7c9d5b-p9qmz corrId=c-8c4ff1dc753bd185 loan application submitted application_id=APP-2026-793909 customer_segment=RETAIL
2026-03-05T14:18:10.968+01:00 INFO identity-service host=identity-service-7c9d5b-t6zvn corrId=c-8c4ff1dc753bd185 MitID session validated customer_id=C39957196
2026-03-05T14:18:11.084+01:00 INFO customer-service host=customer-service-5b8f6c-p9qmz corrId=c-8c4ff1dc753bd185 KYC profile loaded customer_id=C39957196 risk_class=MEDIUM
2026-03-05T14:18:11.177+01:00 INFO valuation-service host=valuation-service-5b8f6c-x2k4p corrId=c-8c4ff1dc753bd185 property valuation requested property_id=P3535293 provider=valuta-ejd
2026-03-05T14:18:17.407+01:00 INFO valuation-service host=valuation-service-a41e92-t6zvn corrId=c-8c4ff1dc753bd185 property valuation received property_id=P3535293 value_dkk=8610000 latency_ms=6111
2026-03-05T14:18:17.487+01:00 INFO offer-service host=offer-service-7c9d5b-x2k4p corrId=c-8c4ff1dc753bd185 loan offer generated application_id=APP-2026-793909 loan_type=FIXED_30Y principal_dkk=545000
2026-03-05T14:18:17.596+01:00 INFO document-service host=document-service-7c9d5b-p9qmz corrId=c-8c4ff1dc753bd185 offer document stored application_id=APP-2026-793909 doc_id=DOC-a3a21d88
2026-03-05T14:18:17.684+01:00 INFO portal-bff host=portal-bff-5b8f6c-x2k4p corrId=c-8c4ff1dc753bd185 application completed application_id=APP-2026-793909 status=OFFER_ISSUED
2026-03-05T14:19:00.530+01:00 WARN valuation-service host=valuation-service-5b8f6c-t6zvn corrId=- valuation provider latency p95 high p95_ms=4280
2026-03-05T14:19:58.600+01:00 INFO portal-bff host=portal-bff-7c9d5b-x2k4p corrId=c-63e241032d1482e2 loan application submitted application_id=APP-2026-031335 customer_segment=PRIVATE
2026-03-05T14:19:58.652+01:00 INFO identity-service host=identity-service-5b8f6c-x2k4p corrId=c-63e241032d1482e2 MitID session validated customer_id=C97566165
2026-03-05T14:19:58.731+01:00 INFO customer-service host=customer-service-a41e92-t6zvn corrId=c-63e241032d1482e2 KYC profile loaded customer_id=C97566165 risk_class=LOW
2026-03-05T14:19:58.804+01:00 INFO valuation-service host=valuation-service-a41e92-t6zvn corrId=c-63e241032d1482e2 property valuation requested property_id=P7666910 provider=valuta-ejd
2026-03-05T14:19:58.906+01:00 WARN valuation-service host=valuation-service-7c9d5b-x2k4p corrId=c-63e241032d1482e2 valuation provider slow, retrying property_id=P7666910 attempt=1
2026-03-05T14:19:58.993+01:00 ERROR valuation-service host=valuation-service-7c9d5b-x2k4p corrId=c-63e241032d1482e2 property valuation failed property_id=P7666910 provider=valuta-ejd reason=PROVIDER_TIMEOUT after_ms=10000
2026-03-05T14:19:59.078+01:00 INFO credit-service host=credit-service-a41e92-x2k4p corrId=c-63e241032d1482e2 credit assessment completed application_id=APP-2026-031335 score=798 decision=APPROVED
2026-03-05T14:19:59.166+01:00 INFO offer-service host=offer-service-7c9d5b-x2k4p corrId=c-63e241032d1482e2 loan offer generated application_id=APP-2026-031335 loan_type=FLEX_5Y principal_dkk=4685000
2026-03-05T14:19:59.197+01:00 INFO document-service host=document-service-a41e92-t6zvn corrId=c-63e241032d1482e2 offer document stored application_id=APP-2026-031335 doc_id=DOC-be9a2342
2026-03-05T14:19:59.270+01:00 INFO portal-bff host=portal-bff-5b8f6c-t6zvn corrId=c-63e241032d1482e2 application completed application_id=APP-2026-031335 status=OFFER_ISSUED
2026-03-05T14:20:00.179+01:00 INFO api-gateway host=api-gateway-a41e92-t6zvn corrId=- health probe ok status=200 latency_ms=35
2026-03-05T14:20:00.735+01:00 INFO payment-scheduler host=payment-scheduler-5b8f6c-t6zvn corrId=- scheduler heartbeat lag_ms=86
2026-03-05T14:21:00.662+01:00 WARN valuation-service host=valuation-service-a41e92-t6zvn corrId=- valuation provider latency p95 high p95_ms=5100
2026-03-05T14:21:09.433+01:00 INFO portal-bff host=portal-bff-7c9d5b-t6zvn corrId=c-16287a6218a44e48 loan application submitted application_id=APP-2026-718486 customer_segment=RETAIL
2026-03-05T14:21:09.497+01:00 INFO identity-service host=identity-service-a41e92-t6zvn corrId=c-16287a6218a44e48 MitID session validated customer_id=C40685067
2026-03-05T14:21:09.510+01:00 INFO customer-service host=customer-service-a41e92-t6zvn corrId=c-16287a6218a44e48 KYC profile loaded customer_id=C40685067 risk_class=LOW
2026-03-05T14:21:09.580+01:00 INFO valuation-service host=valuation-service-a41e92-p9qmz corrId=c-16287a6218a44e48 property valuation requested property_id=P2033759 provider=bolig-vurdering
2026-03-05T14:21:15.515+01:00 INFO valuation-service host=valuation-service-a41e92-x2k4p corrId=c-16287a6218a44e48 property valuation received property_id=P2033759 value_dkk=3780000 latency_ms=5861
2026-03-05T14:21:15.541+01:00 INFO offer-service host=offer-service-5b8f6c-p9qmz corrId=c-16287a6218a44e48 loan offer generated application_id=APP-2026-718486 loan_type=FLEX_1Y principal_dkk=1985000
2026-03-05T14:21:15.655+01:00 INFO document-service host=document-service-7c9d5b-x2k4p corrId=c-16287a6218a44e48 offer document stored application_id=APP-2026-718486 doc_id=DOC-7b9c9244
2026-03-05T14:21:15.677+01:00 INFO portal-bff host=portal-bff-5b8f6c-p9qmz corrId=c-16287a6218a44e48 application completed application_id=APP-2026-718486 status=OFFER_ISSUED
2026-03-05T14:22:22.548+01:00 INFO portal-bff host=portal-bff-a41e92-x2k4p corrId=c-700a42c7704ae997 loan application submitted application_id=APP-2026-614768 customer_segment=RETAIL
2026-03-05T14:22:22.600+01:00 INFO identity-service host=identity-service-7c9d5b-x2k4p corrId=c-700a42c7704ae997 MitID session validated customer_id=C89757300
2026-03-05T14:22:22.718+01:00 INFO customer-service host=customer-service-a41e92-t6zvn corrId=c-700a42c7704ae997 KYC profile loaded customer_id=C89757300 risk_class=MEDIUM
2026-03-05T14:22:22.812+01:00 INFO valuation-service host=valuation-service-a41e92-p9qmz corrId=c-700a42c7704ae997 property valuation requested property_id=P8129678 provider=valuta-ejd
2026-03-05T14:22:26.496+01:00 INFO valuation-service host=valuation-service-5b8f6c-x2k4p corrId=c-700a42c7704ae997 property valuation received property_id=P8129678 value_dkk=3820000 latency_ms=3562
2026-03-05T14:23:00.759+01:00 WARN valuation-service host=valuation-service-5b8f6c-x2k4p corrId=- valuation provider latency p95 high p95_ms=4549
2026-03-05T14:24:07.634+01:00 INFO portal-bff host=portal-bff-a41e92-t6zvn corrId=c-a455b5af1a7be93c loan application submitted application_id=APP-2026-617540 customer_segment=RETAIL
2026-03-05T14:24:07.707+01:00 INFO identity-service host=identity-service-7c9d5b-p9qmz corrId=c-a455b5af1a7be93c MitID session validated customer_id=C24460644
2026-03-05T14:24:07.718+01:00 INFO customer-service host=customer-service-a41e92-p9qmz corrId=c-a455b5af1a7be93c KYC profile loaded customer_id=C24460644 risk_class=LOW
2026-03-05T14:24:07.821+01:00 INFO valuation-service host=valuation-service-7c9d5b-x2k4p corrId=c-a455b5af1a7be93c property valuation requested property_id=P5563167 provider=bolig-vurdering
2026-03-05T14:24:13.197+01:00 INFO valuation-service host=valuation-service-a41e92-t6zvn corrId=c-a455b5af1a7be93c property valuation received property_id=P5563167 value_dkk=8910000 latency_ms=5368
2026-03-05T14:25:00.289+01:00 WARN valuation-service host=valuation-service-5b8f6c-p9qmz corrId=- valuation provider latency p95 high p95_ms=3023
2026-03-05T14:25:00.695+01:00 INFO api-gateway host=api-gateway-a41e92-x2k4p corrId=- health probe ok status=200 latency_ms=29
2026-03-05T14:26:15.534+01:00 INFO portal-bff host=portal-bff-7c9d5b-t6zvn corrId=c-bd291b4711624dc7 loan application submitted application_id=APP-2026-255232 customer_segment=SME
2026-03-05T14:26:15.654+01:00 INFO identity-service host=identity-service-5b8f6c-x2k4p corrId=c-bd291b4711624dc7 MitID session validated customer_id=C35975003
2026-03-05T14:26:15.712+01:00 INFO customer-service host=customer-service-7c9d5b-t6zvn corrId=c-bd291b4711624dc7 KYC profile loaded customer_id=C35975003 risk_class=MEDIUM
2026-03-05T14:26:15.824+01:00 INFO valuation-service host=valuation-service-a41e92-x2k4p corrId=c-bd291b4711624dc7 property valuation requested property_id=P4397369 provider=bolig-vurdering
2026-03-05T14:26:15.910+01:00 ERROR valuation-service host=valuation-service-5b8f6c-t6zvn corrId=c-bd291b4711624dc7 property valuation failed property_id=P4397369 provider=bolig-vurdering reason=PROVIDER_TIMEOUT after_ms=10000
2026-03-05T14:26:16.025+01:00 INFO credit-service host=credit-service-7c9d5b-x2k4p corrId=c-bd291b4711624dc7 credit assessment completed application_id=APP-2026-255232 score=549 decision=APPROVED
2026-03-05T14:26:16.092+01:00 INFO offer-service host=offer-service-7c9d5b-x2k4p corrId=c-bd291b4711624dc7 loan offer generated application_id=APP-2026-255232 loan_type=FLEX_5Y principal_dkk=1065000
2026-03-05T14:26:16.111+01:00 INFO document-service host=document-service-5b8f6c-x2k4p corrId=c-bd291b4711624dc7 offer document stored application_id=APP-2026-255232 doc_id=DOC-23d6e35e
2026-03-05T14:26:16.190+01:00 INFO portal-bff host=portal-bff-a41e92-x2k4p corrId=c-bd291b4711624dc7 application completed application_id=APP-2026-255232 status=OFFER_ISSUED
2026-03-05T14:27:00.228+01:00 WARN valuation-service host=valuation-service-a41e92-x2k4p corrId=- valuation provider latency p95 high p95_ms=6144
2026-03-05T14:29:00.093+01:00 WARN valuation-service host=valuation-service-7c9d5b-t6zvn corrId=- valuation provider latency p95 high p95_ms=4565
2026-03-05T14:29:45.917+01:00 INFO portal-bff host=portal-bff-a41e92-x2k4p corrId=c-b89bf69a9e20fc81 conversion quote requested loan_id=LN734121978 target_product=FLEX_1Y
2026-03-05T14:29:45.985+01:00 INFO identity-service host=identity-service-5b8f6c-x2k4p corrId=c-b89bf69a9e20fc81 MitID session validated customer_id=C66720514
2026-03-05T14:29:46.068+01:00 INFO pricing-service host=pricing-service-a41e92-x2k4p corrId=c-b89bf69a9e20fc81 bond price fetched series=BND3.0-2053 price=94.882
2026-03-05T14:29:46.167+01:00 INFO pricing-service host=pricing-service-7c9d5b-t6zvn corrId=c-b89bf69a9e20fc81 conversion cost calculated loan_id=LN734121978 cost_dkk=75090.26
2026-03-05T14:29:46.187+01:00 INFO quote-service host=quote-service-a41e92-t6zvn corrId=c-b89bf69a9e20fc81 conversion quote issued quote_id=Q73396868 loan_id=LN734121978
2026-03-05T14:30:00.282+01:00 INFO api-gateway host=api-gateway-7c9d5b-t6zvn corrId=- health probe ok status=200 latency_ms=38
2026-03-05T14:30:00.407+01:00 INFO payment-scheduler host=payment-scheduler-7c9d5b-t6zvn corrId=- scheduler heartbeat lag_ms=79
2026-03-05T14:31:00.067+01:00 WARN valuation-service host=valuation-service-a41e92-p9qmz corrId=- valuation provider latency p95 high p95_ms=5080
2026-03-05T14:32:12.823+01:00 INFO portal-bff host=portal-bff-a41e92-p9qmz corrId=c-376bf45d45841e98 loan application submitted application_id=APP-2026-854594 customer_segment=PRIVATE
2026-03-05T14:32:12.920+01:00 INFO identity-service host=identity-service-7c9d5b-p9qmz corrId=c-376bf45d45841e98 MitID session validated customer_id=C05134155
2026-03-05T14:32:13.018+01:00 INFO customer-service host=customer-service-7c9d5b-t6zvn corrId=c-376bf45d45841e98 KYC profile loaded customer_id=C05134155 risk_class=MEDIUM
2026-03-05T14:32:13.030+01:00 INFO valuation-service host=valuation-service-5b8f6c-x2k4p corrId=c-376bf45d45841e98 property valuation requested property_id=P0700470 provider=valuta-ejd
2026-03-05T14:32:13.150+01:00 WARN valuation-service host=valuation-service-a41e92-x2k4p corrId=c-376bf45d45841e98 valuation provider slow, retrying property_id=P0700470 attempt=1
2026-03-05T14:32:18.323+01:00 INFO valuation-service host=valuation-service-5b8f6c-t6zvn corrId=c-376bf45d45841e98 property valuation received property_id=P0700470 value_dkk=3920000 latency_ms=5068
2026-03-05T14:32:18.393+01:00 INFO credit-service host=credit-service-5b8f6c-t6zvn corrId=c-376bf45d45841e98 credit assessment completed application_id=APP-2026-854594 score=870 decision=APPROVED
2026-03-05T14:32:18.464+01:00 INFO offer-service host=offer-service-a41e92-p9qmz corrId=c-376bf45d45841e98 loan offer generated application_id=APP-2026-854594 loan_type=FIXED_20Y_IO principal_dkk=4870000
2026-03-05T14:32:18.470+01:00 INFO document-service host=document-service-7c9d5b-t6zvn corrId=c-376bf45d45841e98 offer document stored application_id=APP-2026-854594 doc_id=DOC-815631dc
2026-03-05T14:32:18.569+01:00 INFO portal-bff host=portal-bff-5b8f6c-p9qmz corrId=c-376bf45d45841e98 application completed application_id=APP-2026-854594 status=OFFER_ISSUED
2026-03-05T14:33:00.382+01:00 WARN valuation-service host=valuation-service-7c9d5b-x2k4p corrId=- valuation provider latency p95 high p95_ms=5097
2026-03-05T14:33:17.428+01:00 INFO portal-bff host=portal-bff-a41e92-x2k4p corrId=c-127d66692362eefe loan application submitted application_id=APP-2026-612372 customer_segment=PRIVATE
2026-03-05T14:33:17.517+01:00 INFO identity-service host=identity-service-7c9d5b-t6zvn corrId=c-127d66692362eefe MitID session validated customer_id=C03122626
2026-03-05T14:33:17.651+01:00 INFO customer-service host=customer-service-5b8f6c-x2k4p corrId=c-127d66692362eefe KYC profile loaded customer_id=C03122626 risk_class=LOW
2026-03-05T14:33:17.691+01:00 INFO valuation-service host=valuation-service-5b8f6c-p9qmz corrId=c-127d66692362eefe property valuation requested property_id=P1988219 provider=valuta-ejd
2026-03-05T14:33:20.924+01:00 INFO valuation-service host=valuation-service-7c9d5b-x2k4p corrId=c-127d66692362eefe property valuation received property_id=P1988219 value_dkk=3360000 latency_ms=3185
2026-03-05T14:33:21.001+01:00 INFO offer-service host=offer-service-7c9d5b-x2k4p corrId=c-127d66692362eefe loan offer generated application_id=APP-2026-612372 loan_type=FIXED_30Y principal_dkk=1600000
2026-03-05T14:33:21.041+01:00 INFO document-service host=document-service-a41e92-x2k4p corrId=c-127d66692362eefe offer document stored application_id=APP-2026-612372 doc_id=DOC-7a8f35fa
2026-03-05T14:33:21.145+01:00 INFO portal-bff host=portal-bff-7c9d5b-t6zvn corrId=c-127d66692362eefe application completed application_id=APP-2026-612372 status=OFFER_ISSUED
2026-03-05T14:35:00.362+01:00 INFO api-gateway host=api-gateway-7c9d5b-p9qmz corrId=- health probe ok status=200 latency_ms=33
2026-03-05T14:35:00.870+01:00 WARN valuation-service host=valuation-service-5b8f6c-x2k4p corrId=- valuation provider latency p95 high p95_ms=3242
2026-03-05T14:37:00.673+01:00 WARN valuation-service host=valuation-service-7c9d5b-p9qmz corrId=- valuation provider latency p95 high p95_ms=5485
2026-03-05T14:37:10.541+01:00 INFO portal-bff host=portal-bff-7c9d5b-p9qmz corrId=c-cac5118d27147196 loan application submitted application_id=APP-2026-315341 customer_segment=PRIVATE
2026-03-05T14:37:10.620+01:00 INFO identity-service host=identity-service-5b8f6c-p9qmz corrId=c-cac5118d27147196 MitID session validated customer_id=C90470712
2026-03-05T14:37:10.680+01:00 INFO customer-service host=customer-service-7c9d5b-x2k4p corrId=c-cac5118d27147196 KYC profile loaded customer_id=C90470712 risk_class=HIGH
2026-03-05T14:37:10.728+01:00 INFO valuation-service host=valuation-service-7c9d5b-p9qmz corrId=c-cac5118d27147196 property valuation requested property_id=P3630494 provider=valuta-ejd
2026-03-05T14:37:10.867+01:00 ERROR valuation-service host=valuation-service-5b8f6c-p9qmz corrId=c-cac5118d27147196 property valuation failed property_id=P3630494 provider=valuta-ejd reason=PROVIDER_TIMEOUT after_ms=10000
2026-03-05T14:37:10.902+01:00 INFO credit-service host=credit-service-7c9d5b-t6zvn corrId=c-cac5118d27147196 credit assessment completed application_id=APP-2026-315341 score=594 decision=APPROVED
2026-03-05T14:37:10.963+01:00 INFO offer-service host=offer-service-a41e92-p9qmz corrId=c-cac5118d27147196 loan offer generated application_id=APP-2026-315341 loan_type=FIXED_30Y principal_dkk=5980000
2026-03-05T14:37:10.975+01:00 INFO document-service host=document-service-7c9d5b-p9qmz corrId=c-cac5118d27147196 offer document stored application_id=APP-2026-315341 doc_id=DOC-0afcefed
2026-03-05T14:37:11.002+01:00 INFO portal-bff host=portal-bff-7c9d5b-p9qmz corrId=c-cac5118d27147196 application completed application_id=APP-2026-315341 status=OFFER_ISSUED
2026-03-05T14:37:50.843+01:00 INFO portal-bff host=portal-bff-5b8f6c-t6zvn corrId=c-e120561d43b75c47 loan application submitted application_id=APP-2026-419013 customer_segment=PRIVATE
2026-03-05T14:37:50.967+01:00 INFO identity-service host=identity-service-7c9d5b-p9qmz corrId=c-e120561d43b75c47 MitID session validated customer_id=C85601358
2026-03-05T14:37:51.025+01:00 INFO customer-service host=customer-service-5b8f6c-t6zvn corrId=c-e120561d43b75c47 KYC profile loaded customer_id=C85601358 risk_class=LOW
2026-03-05T14:37:51.030+01:00 INFO valuation-service host=valuation-service-7c9d5b-x2k4p corrId=c-e120561d43b75c47 property valuation requested property_id=P6511898 provider=valuta-ejd
2026-03-05T14:37:55.363+01:00 INFO valuation-service host=valuation-service-7c9d5b-p9qmz corrId=c-e120561d43b75c47 property valuation received property_id=P6511898 value_dkk=7150000 latency_ms=4223
2026-03-05T14:37:55.432+01:00 INFO credit-service host=credit-service-a41e92-p9qmz corrId=c-e120561d43b75c47 credit assessment completed application_id=APP-2026-419013 score=810 decision=APPROVED
2026-03-05T14:37:55.510+01:00 INFO offer-service host=offer-service-7c9d5b-p9qmz corrId=c-e120561d43b75c47 loan offer generated application_id=APP-2026-419013 loan_type=FIXED_20Y_IO principal_dkk=5095000
2026-03-05T14:37:55.551+01:00 INFO document-service host=document-service-a41e92-t6zvn corrId=c-e120561d43b75c47 offer document stored application_id=APP-2026-419013 doc_id=DOC-be105ddc
2026-03-05T14:37:55.684+01:00 INFO portal-bff host=portal-bff-7c9d5b-t6zvn corrId=c-e120561d43b75c47 application completed application_id=APP-2026-419013 status=OFFER_ISSUED
2026-03-05T14:39:00.269+01:00 WARN valuation-service host=valuation-service-5b8f6c-p9qmz corrId=- valuation provider latency p95 high p95_ms=4582
2026-03-05T14:39:39.523+01:00 INFO portal-bff host=portal-bff-5b8f6c-x2k4p corrId=c-6cf7c13355f73534 conversion quote requested loan_id=LN097739862 target_product=FLEX_1Y
2026-03-05T14:39:39.596+01:00 INFO identity-service host=identity-service-5b8f6c-t6zvn corrId=c-6cf7c13355f73534 MitID session validated customer_id=C05287131
2026-03-05T14:39:39.651+01:00 INFO pricing-service host=pricing-service-7c9d5b-p9qmz corrId=c-6cf7c13355f73534 bond price fetched series=BND2.5-2056 price=101.070
2026-03-05T14:39:39.661+01:00 INFO pricing-service host=pricing-service-a41e92-t6zvn corrId=c-6cf7c13355f73534 conversion cost calculated loan_id=LN097739862 cost_dkk=86146.61
2026-03-05T14:39:39.765+01:00 INFO quote-service host=quote-service-a41e92-t6zvn corrId=c-6cf7c13355f73534 conversion quote issued quote_id=Q53709251 loan_id=LN097739862
2026-03-05T14:39:47.266+01:00 INFO offer-service host=offer-service-a41e92-p9qmz corrId=c-2264a8fb1bca2362 offer accepted application_id=APP-2026-335061
2026-03-05T14:39:47.359+01:00 INFO ledger-service host=ledger-service-5b8f6c-x2k4p corrId=c-2264a8fb1bca2362 funds reserved application_id=APP-2026-335061 amount_dkk=4185000
2026-03-05T14:39:47.415+01:00 INFO payment-service host=payment-service-a41e92-p9qmz corrId=c-2264a8fb1bca2362 payout instruction sent application_id=APP-2026-335061 amount_dkk=4185000
2026-03-05T14:39:47.476+01:00 INFO ledger-service host=ledger-service-a41e92-p9qmz corrId=c-2264a8fb1bca2362 payout booked application_id=APP-2026-335061 posting_id=PST-a9794d9a90
2026-03-05T14:39:47.490+01:00 INFO notification-service host=notification-service-7c9d5b-t6zvn corrId=c-2264a8fb1bca2362 payout confirmation sent application_id=APP-2026-335061
2026-03-05T14:40:00.749+01:00 INFO api-gateway host=api-gateway-5b8f6c-t6zvn corrId=- health probe ok status=200 latency_ms=24
2026-03-05T14:40:00.892+01:00 INFO payment-scheduler host=payment-scheduler-a41e92-t6zvn corrId=- scheduler heartbeat lag_ms=10
2026-03-05T14:41:00.094+01:00 WARN valuation-service host=valuation-service-a41e92-t6zvn corrId=- valuation provider latency p95 high p95_ms=4651
2026-03-05T14:43:00.652+01:00 WARN valuation-service host=valuation-service-7c9d5b-p9qmz corrId=- valuation provider latency p95 high p95_ms=2515
2026-03-05T14:44:07.473+01:00 INFO portal-bff host=portal-bff-a41e92-p9qmz corrId=c-1270b9a044ea2517 loan application submitted application_id=APP-2026-441361 customer_segment=PRIVATE
2026-03-05T14:44:07.572+01:00 INFO identity-service host=identity-service-7c9d5b-p9qmz corrId=c-1270b9a044ea2517 MitID session validated customer_id=C71993351
2026-03-05T14:44:07.612+01:00 INFO customer-service host=customer-service-5b8f6c-p9qmz corrId=c-1270b9a044ea2517 KYC profile loaded customer_id=C71993351 risk_class=LOW
2026-03-05T14:44:07.636+01:00 INFO valuation-service host=valuation-service-7c9d5b-p9qmz corrId=c-1270b9a044ea2517 property valuation requested property_id=P5579569 provider=bolig-vurdering
2026-03-05T14:44:07.742+01:00 WARN valuation-service host=valuation-service-a41e92-t6zvn corrId=c-1270b9a044ea2517 valuation provider slow, retrying property_id=P5579569 attempt=1
2026-03-05T14:44:07.877+01:00 ERROR valuation-service host=valuation-service-7c9d5b-p9qmz corrId=c-1270b9a044ea2517 property valuation failed property_id=P5579569 provider=bolig-vurdering reason=PROVIDER_TIMEOUT after_ms=10000
2026-03-05T14:44:07.897+01:00 INFO credit-service host=credit-service-a41e92-t6zvn corrId=c-1270b9a044ea2517 credit assessment completed application_id=APP-2026-441361 score=597 decision=APPROVED
2026-03-05T14:44:08.028+01:00 INFO offer-service host=offer-service-5b8f6c-p9qmz corrId=c-1270b9a044ea2517 loan offer generated application_id=APP-2026-441361 loan_type=FIXED_30Y principal_dkk=4165000
2026-03-05T14:44:08.121+01:00 INFO document-service host=document-service-7c9d5b-t6zvn corrId=c-1270b9a044ea2517 offer document stored application_id=APP-2026-441361 doc_id=DOC-9e68ff77
2026-03-05T14:44:08.253+01:00 INFO portal-bff host=portal-bff-a41e92-p9qmz corrId=c-1270b9a044ea2517 application completed application_id=APP-2026-441361 status=OFFER_ISSUED
2026-03-05T14:45:00.270+01:00 INFO api-gateway host=api-gateway-a41e92-p9qmz corrId=- health probe ok status=200 latency_ms=29
2026-03-05T14:45:00.558+01:00 WARN valuation-service host=valuation-service-5b8f6c-p9qmz corrId=- valuation provider latency p95 high p95_ms=2998
2026-03-05T14:46:47.000+01:00 INFO valuation-service host=valuation-service-7c9d5b-x2k4p corrId=- jvm gc pause pause_ms=80
2026-03-05T14:47:00.530+01:00 WARN valuation-service host=valuation-service-5b8f6c-p9qmz corrId=- valuation provider latency p95 high p95_ms=6455
2026-03-05T14:49:00.585+01:00 WARN valuation-service host=valuation-service-5b8f6c-t6zvn corrId=- valuation provider latency p95 high p95_ms=3830
2026-03-05T14:50:00.129+01:00 INFO api-gateway host=api-gateway-7c9d5b-x2k4p corrId=- health probe ok status=200 latency_ms=39
2026-03-05T14:50:00.620+01:00 INFO payment-scheduler host=payment-scheduler-7c9d5b-x2k4p corrId=- scheduler heartbeat lag_ms=107
2026-03-05T14:51:00.656+01:00 WARN valuation-service host=valuation-service-5b8f6c-x2k4p corrId=- valuation provider latency p95 high p95_ms=4545
2026-03-05T14:52:49.142+01:00 INFO portal-bff host=portal-bff-a41e92-p9qmz corrId=c-cd45a8d7de9a433b loan application submitted application_id=APP-2026-930531 customer_segment=PRIVATE
2026-03-05T14:52:49.250+01:00 INFO identity-service host=identity-service-7c9d5b-t6zvn corrId=c-cd45a8d7de9a433b MitID session validated customer_id=C50984528
2026-03-05T14:52:49.335+01:00 INFO customer-service host=customer-service-5b8f6c-p9qmz corrId=c-cd45a8d7de9a433b KYC profile loaded customer_id=C50984528 risk_class=HIGH
2026-03-05T14:52:49.421+01:00 INFO valuation-service host=valuation-service-5b8f6c-p9qmz corrId=c-cd45a8d7de9a433b property valuation requested property_id=P0956042 provider=bolig-vurdering
2026-03-05T14:52:49.496+01:00 WARN valuation-service host=valuation-service-a41e92-t6zvn corrId=c-cd45a8d7de9a433b valuation provider slow, retrying property_id=P0956042 attempt=1
2026-03-05T14:52:49.587+01:00 ERROR valuation-service host=valuation-service-a41e92-x2k4p corrId=c-cd45a8d7de9a433b property valuation failed property_id=P0956042 provider=bolig-vurdering reason=PROVIDER_TIMEOUT after_ms=10000
2026-03-05T14:52:49.663+01:00 INFO credit-service host=credit-service-7c9d5b-t6zvn corrId=c-cd45a8d7de9a433b credit assessment completed application_id=APP-2026-930531 score=528 decision=APPROVED
2026-03-05T14:52:49.681+01:00 INFO offer-service host=offer-service-7c9d5b-t6zvn corrId=c-cd45a8d7de9a433b loan offer generated application_id=APP-2026-930531 loan_type=FLEX_5Y principal_dkk=3925000
2026-03-05T14:52:49.793+01:00 INFO document-service host=document-service-7c9d5b-t6zvn corrId=c-cd45a8d7de9a433b offer document stored application_id=APP-2026-930531 doc_id=DOC-17eae077
2026-03-05T14:52:49.896+01:00 INFO portal-bff host=portal-bff-5b8f6c-t6zvn corrId=c-cd45a8d7de9a433b application completed application_id=APP-2026-930531 status=OFFER_ISSUED
2026-03-05T14:53:00.471+01:00 WARN valuation-service host=valuation-service-5b8f6c-t6zvn corrId=- valuation provider latency p95 high p95_ms=3776
2026-03-05T14:55:00.112+01:00 INFO api-gateway host=api-gateway-7c9d5b-p9qmz corrId=- health probe ok status=200 latency_ms=27
2026-03-05T14:55:00.647+01:00 WARN valuation-service host=valuation-service-5b8f6c-t6zvn corrId=- valuation provider latency p95 high p95_ms=2791
2026-03-05T14:57:00.514+01:00 WARN valuation-service host=valuation-service-a41e92-t6zvn corrId=- valuation provider latency p95 high p95_ms=6239
2026-03-05T14:57:59.674+01:00 INFO portal-bff host=portal-bff-5b8f6c-p9qmz corrId=c-d00420f423ee39ea conversion quote requested loan_id=LN604507041 target_product=FLEX_1Y
2026-03-05T14:57:59.731+01:00 INFO identity-service host=identity-service-7c9d5b-x2k4p corrId=c-d00420f423ee39ea MitID session validated customer_id=C91494452
2026-03-05T14:57:59.833+01:00 INFO pricing-service host=pricing-service-7c9d5b-p9qmz corrId=c-d00420f423ee39ea bond price fetched series=BND3.0-2056 price=93.885
2026-03-05T14:57:59.961+01:00 INFO pricing-service host=pricing-service-7c9d5b-p9qmz corrId=c-d00420f423ee39ea conversion cost calculated loan_id=LN604507041 cost_dkk=45805.92
2026-03-05T14:58:00.096+01:00 INFO quote-service host=quote-service-a41e92-x2k4p corrId=c-d00420f423ee39ea conversion quote issued quote_id=Q62170005 loan_id=LN604507041
2026-03-05T14:59:00.010+01:00 WARN valuation-service host=valuation-service-a41e92-t6zvn corrId=- valuation provider latency p95 high p95_ms=5871
2026-03-05T15:00:00.428+01:00 INFO payment-scheduler host=payment-scheduler-5b8f6c-t6zvn corrId=- scheduler heartbeat lag_ms=36
2026-03-05T15:00:00.542+01:00 INFO api-gateway host=api-gateway-7c9d5b-p9qmz corrId=- health probe ok status=200 latency_ms=29
2026-03-05T15:00:08.000+01:00 INFO config-service host=config-service-7c9d5b-t6zvn corrId=- configuration refreshed version=v126
2026-03-05T15:01:00.900+01:00 WARN valuation-service host=valuation-service-7c9d5b-x2k4p corrId=- valuation provider latency p95 high p95_ms=3807
2026-03-05T15:01:30.543+01:00 INFO portal-bff host=portal-bff-5b8f6c-x2k4p corrId=c-350d8a4924368ad7 loan application submitted application_id=APP-2026-973381 customer_segment=PRIVATE
2026-03-05T15:01:30.660+01:00 INFO identity-service host=identity-service-7c9d5b-t6zvn corrId=c-350d8a4924368ad7 MitID session validated customer_id=C58511925
2026-03-05T15:01:30.726+01:00 INFO customer-service host=customer-service-5b8f6c-p9qmz corrId=c-350d8a4924368ad7 KYC profile loaded customer_id=C58511925 risk_class=LOW
2026-03-05T15:01:30.756+01:00 INFO valuation-service host=valuation-service-a41e92-t6zvn corrId=c-350d8a4924368ad7 property valuation served from cache property_id=P0212720 value_dkk=5120000
2026-03-05T15:01:30.779+01:00 INFO credit-service host=credit-service-7c9d5b-t6zvn corrId=c-350d8a4924368ad7 credit assessment completed application_id=APP-2026-973381 score=586 decision=APPROVED
2026-03-05T15:01:30.854+01:00 INFO offer-service host=offer-service-5b8f6c-t6zvn corrId=c-350d8a4924368ad7 loan offer generated application_id=APP-2026-973381 loan_type=FIXED_30Y principal_dkk=895000
2026-03-05T15:01:30.885+01:00 INFO document-service host=document-service-a41e92-x2k4p corrId=c-350d8a4924368ad7 offer document stored application_id=APP-2026-973381 doc_id=DOC-2f1cd47b
2026-03-05T15:01:30.998+01:00 INFO portal-bff host=portal-bff-5b8f6c-x2k4p corrId=c-350d8a4924368ad7 application completed application_id=APP-2026-973381 status=OFFER_ISSUED
2026-03-05T15:02:10.498+01:00 INFO portal-bff host=portal-bff-a41e92-p9qmz corrId=c-55a3128b12139423 loan application submitted application_id=APP-2026-475916 customer_segment=RETAIL
2026-03-05T15:02:10.508+01:00 INFO identity-service host=identity-service-a41e92-t6zvn corrId=c-55a3128b12139423 MitID session validated customer_id=C04127048
2026-03-05T15:02:10.564+01:00 INFO customer-service host=customer-service-a41e92-p9qmz corrId=c-55a3128b12139423 KYC profile loaded customer_id=C04127048 risk_class=LOW
2026-03-05T15:02:10.585+01:00 INFO valuation-service host=valuation-service-5b8f6c-t6zvn corrId=c-55a3128b12139423 property valuation requested property_id=P0333144 provider=valuta-ejd
2026-03-05T15:02:16.629+01:00 INFO valuation-service host=valuation-service-a41e92-t6zvn corrId=c-55a3128b12139423 property valuation received property_id=P0333144 value_dkk=8290000 latency_ms=5906
2026-03-05T15:03:00.727+01:00 WARN valuation-service host=valuation-service-7c9d5b-t6zvn corrId=- valuation provider latency p95 high p95_ms=4995
2026-03-05T15:05:00.173+01:00 WARN valuation-service host=valuation-service-5b8f6c-x2k4p corrId=- valuation provider latency p95 high p95_ms=3074
2026-03-05T15:05:00.236+01:00 INFO api-gateway host=api-gateway-5b8f6c-t6zvn corrId=- health probe ok status=200 latency_ms=34
2026-03-05T15:05:18.033+01:00 INFO portal-bff host=portal-bff-a41e92-t6zvn corrId=c-c69cadda2ed3e450 loan application submitted application_id=APP-2026-089966 customer_segment=RETAIL
2026-03-05T15:05:18.049+01:00 INFO identity-service host=identity-service-5b8f6c-t6zvn corrId=c-c69cadda2ed3e450 MitID session validated customer_id=C70803440
2026-03-05T15:05:18.114+01:00 INFO customer-service host=customer-service-5b8f6c-t6zvn corrId=c-c69cadda2ed3e450 KYC profile loaded customer_id=C70803440 risk_class=MEDIUM
2026-03-05T15:05:18.236+01:00 INFO valuation-service host=valuation-service-a41e92-p9qmz corrId=c-c69cadda2ed3e450 property valuation requested property_id=P5608292 provider=bolig-vurdering
2026-03-05T15:05:18.281+01:00 WARN valuation-service host=valuation-service-5b8f6c-t6zvn corrId=c-c69cadda2ed3e450 valuation provider slow, retrying property_id=P5608292 attempt=1
2026-03-05T15:05:21.931+01:00 INFO valuation-service host=valuation-service-a41e92-t6zvn corrId=c-c69cadda2ed3e450 property valuation received property_id=P5608292 value_dkk=6080000 latency_ms=3577
2026-03-05T15:05:22.007+01:00 INFO credit-service host=credit-service-a41e92-p9qmz corrId=c-c69cadda2ed3e450 credit assessment completed application_id=APP-2026-089966 score=514 decision=APPROVED
2026-03-05T15:05:22.098+01:00 INFO offer-service host=offer-service-7c9d5b-p9qmz corrId=c-c69cadda2ed3e450 loan offer generated application_id=APP-2026-089966 loan_type=FLEX_1Y principal_dkk=5140000
2026-03-05T15:05:22.186+01:00 INFO document-service host=document-service-5b8f6c-x2k4p corrId=c-c69cadda2ed3e450 offer document stored application_id=APP-2026-089966 doc_id=DOC-2a0c9175
2026-03-05T15:05:22.279+01:00 INFO portal-bff host=portal-bff-a41e92-t6zvn corrId=c-c69cadda2ed3e450 application completed application_id=APP-2026-089966 status=OFFER_ISSUED
2026-03-05T15:05:49.789+01:00 INFO portal-bff host=portal-bff-7c9d5b-x2k4p corrId=c-abdeda07b61212f9 conversion quote requested loan_id=LN547717108 target_product=FLEX_1Y
2026-03-05T15:05:49.888+01:00 INFO identity-service host=identity-service-a41e92-x2k4p corrId=c-abdeda07b61212f9 MitID session validated customer_id=C91944029
2026-03-05T15:05:49.947+01:00 INFO pricing-service host=pricing-service-7c9d5b-x2k4p corrId=c-abdeda07b61212f9 bond price fetched series=BND4.0-2053 price=88.702
2026-03-05T15:05:50.068+01:00 INFO pricing-service host=pricing-service-a41e92-t6zvn corrId=c-abdeda07b61212f9 conversion cost calculated loan_id=LN547717108 cost_dkk=66772.56
2026-03-05T15:05:50.076+01:00 INFO quote-service host=quote-service-7c9d5b-p9qmz corrId=c-abdeda07b61212f9 conversion quote issued quote_id=Q86667927 loan_id=LN547717108
2026-03-05T15:06:39.715+01:00 INFO portal-bff host=portal-bff-7c9d5b-t6zvn corrId=c-2d3cb7d2f1cd2b94 conversion quote requested loan_id=LN347234639 target_product=FLEX_5Y
2026-03-05T15:06:39.816+01:00 INFO identity-service host=identity-service-7c9d5b-t6zvn corrId=c-2d3cb7d2f1cd2b94 MitID session validated customer_id=C04655103
2026-03-05T15:06:39.894+01:00 INFO pricing-service host=pricing-service-5b8f6c-p9qmz corrId=c-2d3cb7d2f1cd2b94 bond price fetched series=BND3.0-2056 price=92.530
2026-03-05T15:06:40.011+01:00 INFO pricing-service host=pricing-service-a41e92-x2k4p corrId=c-2d3cb7d2f1cd2b94 conversion cost calculated loan_id=LN347234639 cost_dkk=74005.35
2026-03-05T15:06:40.106+01:00 INFO quote-service host=quote-service-5b8f6c-p9qmz corrId=c-2d3cb7d2f1cd2b94 conversion quote issued quote_id=Q27935696 loan_id=LN347234639
2026-03-05T15:07:00.429+01:00 WARN valuation-service host=valuation-service-a41e92-p9qmz corrId=- valuation provider latency p95 high p95_ms=6492
2026-03-05T15:09:00.866+01:00 WARN valuation-service host=valuation-service-5b8f6c-t6zvn corrId=- valuation provider latency p95 high p95_ms=5664
2026-03-05T15:10:00.166+01:00 INFO api-gateway host=api-gateway-7c9d5b-p9qmz corrId=- health probe ok status=200 latency_ms=29
2026-03-05T15:10:00.558+01:00 INFO payment-scheduler host=payment-scheduler-5b8f6c-t6zvn corrId=- scheduler heartbeat lag_ms=3
2026-03-05T15:10:28.042+01:00 INFO portal-bff host=portal-bff-5b8f6c-x2k4p corrId=c-6030cc840a947e6e conversion quote requested loan_id=LN313712573 target_product=FIXED_30Y
2026-03-05T15:10:28.082+01:00 INFO identity-service host=identity-service-5b8f6c-t6zvn corrId=c-6030cc840a947e6e MitID session validated customer_id=C83604089
2026-03-05T15:10:28.207+01:00 INFO pricing-service host=pricing-service-a41e92-p9qmz corrId=c-6030cc840a947e6e bond price fetched series=BND3.0-2053 price=95.229
2026-03-05T15:10:28.290+01:00 INFO pricing-service host=pricing-service-5b8f6c-p9qmz corrId=c-6030cc840a947e6e conversion cost calculated loan_id=LN313712573 cost_dkk=18131.32
2026-03-05T15:10:28.382+01:00 INFO quote-service host=quote-service-a41e92-x2k4p corrId=c-6030cc840a947e6e conversion quote issued quote_id=Q32013663 loan_id=LN313712573
2026-03-05T15:11:00.593+01:00 WARN valuation-service host=valuation-service-5b8f6c-t6zvn corrId=- valuation provider latency p95 high p95_ms=3076
2026-03-05T15:11:08.896+01:00 INFO portal-bff host=portal-bff-a41e92-t6zvn corrId=c-08f3d463ef39cd66 conversion quote requested loan_id=LN086944296 target_product=FIXED_30Y
2026-03-05T15:11:09.025+01:00 INFO identity-service host=identity-service-7c9d5b-p9qmz corrId=c-08f3d463ef39cd66 MitID session validated customer_id=C47317622
2026-03-05T15:11:09.038+01:00 INFO pricing-service host=pricing-service-5b8f6c-p9qmz corrId=c-08f3d463ef39cd66 bond price fetched series=BND2.5-2053 price=91.795
2026-03-05T15:11:09.106+01:00 INFO pricing-service host=pricing-service-a41e92-p9qmz corrId=c-08f3d463ef39cd66 conversion cost calculated loan_id=LN086944296 cost_dkk=46482.99
2026-03-05T15:11:09.167+01:00 INFO quote-service host=quote-service-7c9d5b-p9qmz corrId=c-08f3d463ef39cd66 conversion quote issued quote_id=Q18788000 loan_id=LN086944296
2026-03-05T15:13:00.480+01:00 WARN valuation-service host=valuation-service-a41e92-p9qmz corrId=- valuation provider latency p95 high p95_ms=3560
2026-03-05T15:13:15.637+01:00 INFO portal-bff host=portal-bff-7c9d5b-x2k4p corrId=c-c87bdd3ee5b84617 loan application submitted application_id=APP-2026-055743 customer_segment=RETAIL
2026-03-05T15:13:15.689+01:00 INFO identity-service host=identity-service-5b8f6c-p9qmz corrId=c-c87bdd3ee5b84617 MitID session validated customer_id=C20385441
2026-03-05T15:13:15.773+01:00 INFO customer-service host=customer-service-a41e92-x2k4p corrId=c-c87bdd3ee5b84617 KYC profile loaded customer_id=C20385441 risk_class=HIGH
2026-03-05T15:13:15.830+01:00 INFO valuation-service host=valuation-service-a41e92-p9qmz corrId=c-c87bdd3ee5b84617 property valuation requested property_id=P9181560 provider=valuta-ejd
2026-03-05T15:13:22.191+01:00 INFO valuation-service host=valuation-service-7c9d5b-p9qmz corrId=c-c87bdd3ee5b84617 property valuation received property_id=P9181560 value_dkk=5170000 latency_ms=6225
2026-03-05T15:13:22.296+01:00 INFO credit-service host=credit-service-a41e92-p9qmz corrId=c-c87bdd3ee5b84617 credit assessment completed application_id=APP-2026-055743 score=724 decision=APPROVED
2026-03-05T15:13:22.428+01:00 INFO offer-service host=offer-service-7c9d5b-x2k4p corrId=c-c87bdd3ee5b84617 loan offer generated application_id=APP-2026-055743 loan_type=FLEX_5Y principal_dkk=525000
2026-03-05T15:13:22.548+01:00 INFO document-service host=document-service-5b8f6c-t6zvn corrId=c-c87bdd3ee5b84617 offer document stored application_id=APP-2026-055743 doc_id=DOC-36de0e9a
2026-03-05T15:13:22.573+01:00 INFO portal-bff host=portal-bff-a41e92-t6zvn corrId=c-c87bdd3ee5b84617 application completed application_id=APP-2026-055743 status=OFFER_ISSUED
2026-03-05T15:14:21.676+01:00 INFO portal-bff host=portal-bff-a41e92-p9qmz corrId=c-2cf791503497ad11 loan application submitted application_id=APP-2026-847496 customer_segment=RETAIL
2026-03-05T15:14:21.763+01:00 INFO identity-service host=identity-service-a41e92-x2k4p corrId=c-2cf791503497ad11 MitID session validated customer_id=C98603524
2026-03-05T15:14:21.824+01:00 INFO customer-service host=customer-service-7c9d5b-x2k4p corrId=c-2cf791503497ad11 KYC profile loaded customer_id=C98603524 risk_class=LOW
2026-03-05T15:14:21.897+01:00 INFO valuation-service host=valuation-service-a41e92-t6zvn corrId=c-2cf791503497ad11 property valuation requested property_id=P7828421 provider=valuta-ejd
2026-03-05T15:14:21.977+01:00 WARN valuation-service host=valuation-service-7c9d5b-p9qmz corrId=c-2cf791503497ad11 valuation provider slow, retrying property_id=P7828421 attempt=1
2026-03-05T15:14:27.788+01:00 INFO valuation-service host=valuation-service-a41e92-t6zvn corrId=c-2cf791503497ad11 property valuation received property_id=P7828421 value_dkk=4710000 latency_ms=5738
2026-03-05T15:14:27.798+01:00 INFO offer-service host=offer-service-7c9d5b-t6zvn corrId=c-2cf791503497ad11 loan offer generated application_id=APP-2026-847496 loan_type=FLEX_1Y principal_dkk=5770000
2026-03-05T15:14:27.893+01:00 INFO document-service host=document-service-7c9d5b-t6zvn corrId=c-2cf791503497ad11 offer document stored application_id=APP-2026-847496 doc_id=DOC-92c62af1
2026-03-05T15:14:27.928+01:00 INFO portal-bff host=portal-bff-5b8f6c-p9qmz corrId=c-2cf791503497ad11 application completed application_id=APP-2026-847496 status=OFFER_ISSUED
2026-03-05T15:15:00.207+01:00 WARN valuation-service host=valuation-service-a41e92-t6zvn corrId=- valuation provider latency p95 high p95_ms=6069
2026-03-05T15:15:00.711+01:00 INFO api-gateway host=api-gateway-a41e92-p9qmz corrId=- health probe ok status=200 latency_ms=7
2026-03-05T15:17:00.466+01:00 WARN valuation-service host=valuation-service-7c9d5b-x2k4p corrId=- valuation provider latency p95 high p95_ms=4208
2026-03-05T15:19:00.347+01:00 WARN valuation-service host=valuation-service-7c9d5b-x2k4p corrId=- valuation provider latency p95 high p95_ms=5770
2026-03-05T15:20:00.567+01:00 INFO api-gateway host=api-gateway-a41e92-p9qmz corrId=- health probe ok status=200 latency_ms=38
2026-03-05T15:20:00.805+01:00 INFO payment-scheduler host=payment-scheduler-5b8f6c-x2k4p corrId=- scheduler heartbeat lag_ms=58
2026-03-05T15:21:00.160+01:00 WARN valuation-service host=valuation-service-7c9d5b-p9qmz corrId=- valuation provider latency p95 high p95_ms=5883
2026-03-05T15:23:00.381+01:00 WARN valuation-service host=valuation-service-7c9d5b-x2k4p corrId=- valuation provider latency p95 high p95_ms=3448
2026-03-05T15:24:09.039+01:00 INFO portal-bff host=portal-bff-7c9d5b-p9qmz corrId=c-0141f75205303bed conversion quote requested loan_id=LN045763446 target_product=FLEX_5Y
2026-03-05T15:24:09.171+01:00 INFO identity-service host=identity-service-a41e92-x2k4p corrId=c-0141f75205303bed MitID session validated customer_id=C38661796
2026-03-05T15:24:09.180+01:00 INFO pricing-service host=pricing-service-5b8f6c-p9qmz corrId=c-0141f75205303bed bond price fetched series=BND4.0-2056 price=97.528
2026-03-05T15:24:09.228+01:00 INFO pricing-service host=pricing-service-5b8f6c-x2k4p corrId=c-0141f75205303bed conversion cost calculated loan_id=LN045763446 cost_dkk=37950.85
2026-03-05T15:24:09.260+01:00 INFO quote-service host=quote-service-a41e92-t6zvn corrId=c-0141f75205303bed conversion quote issued quote_id=Q99751235 loan_id=LN045763446
2026-03-05T15:24:37.256+01:00 INFO portal-bff host=portal-bff-7c9d5b-t6zvn corrId=c-9df9e41f598120c3 conversion quote requested loan_id=LN623370977 target_product=FLEX_1Y
2026-03-05T15:24:37.353+01:00 INFO identity-service host=identity-service-5b8f6c-p9qmz corrId=c-9df9e41f598120c3 MitID session validated customer_id=C65585895
2026-03-05T15:24:37.483+01:00 INFO pricing-service host=pricing-service-7c9d5b-t6zvn corrId=c-9df9e41f598120c3 bond price fetched series=BND4.0-2053 price=98.884
2026-03-05T15:24:37.506+01:00 INFO pricing-service host=pricing-service-5b8f6c-x2k4p corrId=c-9df9e41f598120c3 conversion cost calculated loan_id=LN623370977 cost_dkk=50394.86
2026-03-05T15:24:37.519+01:00 INFO quote-service host=quote-service-a41e92-t6zvn corrId=c-9df9e41f598120c3 conversion quote issued quote_id=Q44401666 loan_id=LN623370977
2026-03-05T15:24:48.496+01:00 INFO offer-service host=offer-service-5b8f6c-p9qmz corrId=c-6145497893492f6b offer accepted application_id=APP-2026-803461
2026-03-05T15:24:48.548+01:00 INFO ledger-service host=ledger-service-a41e92-t6zvn corrId=c-6145497893492f6b funds reserved application_id=APP-2026-803461 amount_dkk=3235000
2026-03-05T15:24:48.666+01:00 INFO payment-service host=payment-service-a41e92-t6zvn corrId=c-6145497893492f6b payout instruction sent application_id=APP-2026-803461 amount_dkk=3235000
2026-03-05T15:24:48.704+01:00 INFO ledger-service host=ledger-service-5b8f6c-p9qmz corrId=c-6145497893492f6b payout booked application_id=APP-2026-803461 posting_id=PST-ce51451599
2026-03-05T15:24:48.769+01:00 INFO notification-service host=notification-service-a41e92-x2k4p corrId=c-6145497893492f6b payout confirmation sent application_id=APP-2026-803461
2026-03-05T15:25:00.570+01:00 INFO api-gateway host=api-gateway-7c9d5b-p9qmz corrId=- health probe ok status=200 latency_ms=31
2026-03-05T15:25:00.739+01:00 WARN valuation-service host=valuation-service-a41e92-x2k4p corrId=- valuation provider latency p95 high p95_ms=5993
2026-03-05T15:26:52.149+01:00 INFO portal-bff host=portal-bff-7c9d5b-p9qmz corrId=c-a844fe6fa2595f16 loan application submitted application_id=APP-2026-248797 customer_segment=RETAIL
2026-03-05T15:26:52.197+01:00 INFO identity-service host=identity-service-5b8f6c-p9qmz corrId=c-a844fe6fa2595f16 MitID session validated customer_id=C83480685
2026-03-05T15:26:52.267+01:00 INFO portal-bff host=portal-bff-a41e92-p9qmz corrId=c-b26839496991b9fd loan application submitted application_id=APP-2026-092002 customer_segment=PRIVATE
2026-03-05T15:26:52.277+01:00 INFO identity-service host=identity-service-5b8f6c-t6zvn corrId=c-b26839496991b9fd MitID session validated customer_id=C63699852
2026-03-05T15:26:52.283+01:00 INFO customer-service host=customer-service-a41e92-t6zvn corrId=c-a844fe6fa2595f16 KYC profile loaded customer_id=C83480685 risk_class=MEDIUM
2026-03-05T15:26:52.371+01:00 INFO valuation-service host=valuation-service-a41e92-x2k4p corrId=c-a844fe6fa2595f16 property valuation served from cache property_id=P2199406 value_dkk=6790000
2026-03-05T15:26:52.410+01:00 INFO customer-service host=customer-service-7c9d5b-p9qmz corrId=c-b26839496991b9fd KYC profile loaded customer_id=C63699852 risk_class=HIGH
2026-03-05T15:26:52.446+01:00 INFO credit-service host=credit-service-7c9d5b-x2k4p corrId=c-a844fe6fa2595f16 credit assessment completed application_id=APP-2026-248797 score=664 decision=APPROVED
2026-03-05T15:26:52.537+01:00 INFO valuation-service host=valuation-service-5b8f6c-p9qmz corrId=c-b26839496991b9fd property valuation requested property_id=P5839820 provider=valuta-ejd
2026-03-05T15:26:52.568+01:00 INFO offer-service host=offer-service-5b8f6c-t6zvn corrId=c-a844fe6fa2595f16 loan offer generated application_id=APP-2026-248797 loan_type=FIXED_30Y principal_dkk=5120000
2026-03-05T15:26:52.669+01:00 INFO document-service host=document-service-a41e92-x2k4p corrId=c-a844fe6fa2595f16 offer document stored application_id=APP-2026-248797 doc_id=DOC-148e5ab4
2026-03-05T15:26:52.759+01:00 INFO portal-bff host=portal-bff-7c9d5b-p9qmz corrId=c-a844fe6fa2595f16 application completed application_id=APP-2026-248797 status=OFFER_ISSUED
2026-03-05T15:26:52.954+01:00 INFO valuation-service host=valuation-service-7c9d5b-x2k4p corrId=c-b26839496991b9fd property valuation received property_id=P5839820 value_dkk=3460000 latency_ms=362
2026-03-05T15:26:52.969+01:00 INFO credit-service host=credit-service-5b8f6c-t6zvn corrId=c-b26839496991b9fd credit assessment completed application_id=APP-2026-092002 score=841 decision=APPROVED
2026-03-05T15:26:53.027+01:00 INFO offer-service host=offer-service-5b8f6c-x2k4p corrId=c-b26839496991b9fd loan offer generated application_id=APP-2026-092002 loan_type=FLEX_5Y principal_dkk=1255000
2026-03-05T15:26:53.062+01:00 INFO document-service host=document-service-7c9d5b-p9qmz corrId=c-b26839496991b9fd offer document stored application_id=APP-2026-092002 doc_id=DOC-0ef4a1e4
2026-03-05T15:26:53.176+01:00 INFO portal-bff host=portal-bff-5b8f6c-t6zvn corrId=c-b26839496991b9fd application completed application_id=APP-2026-092002 status=OFFER_ISSUED
2026-03-05T15:27:04.691+01:00 INFO portal-bff host=portal-bff-a41e92-t6zvn corrId=c-a5bf44d19cb5b340 conversion quote requested loan_id=LN789401699 target_product=FIXED_30Y
2026-03-05T15:27:04.742+01:00 INFO identity-service host=identity-service-5b8f6c-x2k4p corrId=c-a5bf44d19cb5b340 MitID session validated customer_id=C25348502
2026-03-05T15:27:04.831+01:00 INFO pricing-service host=pricing-service-a41e92-x2k4p corrId=c-a5bf44d19cb5b340 bond price fetched series=BND3.0-2056 price=94.061
2026-03-05T15:27:04.959+01:00 INFO pricing-service host=pricing-service-5b8f6c-t6zvn corrId=c-a5bf44d19cb5b340 conversion cost calculated loan_id=LN789401699 cost_dkk=52094.80
2026-03-05T15:27:05.052+01:00 INFO quote-service host=quote-service-7c9d5b-x2k4p corrId=c-a5bf44d19cb5b340 conversion quote issued quote_id=Q81910822 loan_id=LN789401699
2026-03-05T15:27:37.983+01:00 INFO portal-bff host=portal-bff-a41e92-t6zvn corrId=c-f79b6cf408105f64 loan application submitted application_id=APP-2026-301717 customer_segment=PRIVATE
2026-03-05T15:27:38.046+01:00 INFO identity-service host=identity-service-a41e92-t6zvn corrId=c-f79b6cf408105f64 MitID session validated customer_id=C17550940
2026-03-05T15:27:38.100+01:00 INFO customer-service host=customer-service-7c9d5b-t6zvn corrId=c-f79b6cf408105f64 KYC profile loaded customer_id=C17550940 risk_class=MEDIUM
2026-03-05T15:27:38.137+01:00 INFO valuation-service host=valuation-service-7c9d5b-t6zvn corrId=c-f79b6cf408105f64 property valuation requested property_id=P1903054 provider=valuta-ejd
2026-03-05T15:27:39.166+01:00 INFO valuation-service host=valuation-service-7c9d5b-x2k4p corrId=c-f79b6cf408105f64 property valuation received property_id=P1903054 value_dkk=5860000 latency_ms=949
2026-03-05T15:27:39.287+01:00 INFO credit-service host=credit-service-5b8f6c-t6zvn corrId=c-f79b6cf408105f64 credit assessment completed application_id=APP-2026-301717 score=745 decision=APPROVED
2026-03-05T15:27:39.340+01:00 INFO offer-service host=offer-service-5b8f6c-t6zvn corrId=c-f79b6cf408105f64 loan offer generated application_id=APP-2026-301717 loan_type=FIXED_30Y principal_dkk=2745000
2026-03-05T15:27:39.471+01:00 INFO document-service host=document-service-a41e92-p9qmz corrId=c-f79b6cf408105f64 offer document stored application_id=APP-2026-301717 doc_id=DOC-c42a35bf
2026-03-05T15:27:39.606+01:00 INFO portal-bff host=portal-bff-5b8f6c-x2k4p corrId=c-f79b6cf408105f64 application completed application_id=APP-2026-301717 status=OFFER_ISSUED
2026-03-05T15:29:28.908+01:00 INFO portal-bff host=portal-bff-7c9d5b-x2k4p corrId=c-0b580bfaf1770b38 loan application submitted application_id=APP-2026-906557 customer_segment=PRIVATE
2026-03-05T15:29:28.931+01:00 INFO identity-service host=identity-service-a41e92-p9qmz corrId=c-0b580bfaf1770b38 MitID session validated customer_id=C75278274
2026-03-05T15:29:28.946+01:00 INFO customer-service host=customer-service-7c9d5b-p9qmz corrId=c-0b580bfaf1770b38 KYC profile loaded customer_id=C75278274 risk_class=MEDIUM
2026-03-05T15:29:29.041+01:00 INFO valuation-service host=valuation-service-7c9d5b-p9qmz corrId=c-0b580bfaf1770b38 property valuation requested property_id=P8931121 provider=bolig-vurdering
2026-03-05T15:29:29.736+01:00 INFO valuation-service host=valuation-service-7c9d5b-x2k4p corrId=c-0b580bfaf1770b38 property valuation received property_id=P8931121 value_dkk=8860000 latency_ms=623
2026-03-05T15:29:29.820+01:00 INFO credit-service host=credit-service-a41e92-x2k4p corrId=c-0b580bfaf1770b38 credit assessment completed application_id=APP-2026-906557 score=695 decision=APPROVED
2026-03-05T15:29:29.836+01:00 INFO offer-service host=offer-service-7c9d5b-p9qmz corrId=c-0b580bfaf1770b38 loan offer generated application_id=APP-2026-906557 loan_type=FLEX_5Y principal_dkk=445000
2026-03-05T15:29:29.943+01:00 INFO document-service host=document-service-7c9d5b-t6zvn corrId=c-0b580bfaf1770b38 offer document stored application_id=APP-2026-906557 doc_id=DOC-6496b6da
2026-03-05T15:29:30.059+01:00 INFO portal-bff host=portal-bff-7c9d5b-t6zvn corrId=c-0b580bfaf1770b38 application completed application_id=APP-2026-906557 status=OFFER_ISSUED
2026-03-05T15:30:00.743+01:00 INFO api-gateway host=api-gateway-5b8f6c-x2k4p corrId=- health probe ok status=200 latency_ms=28
2026-03-05T15:30:00.749+01:00 INFO payment-scheduler host=payment-scheduler-7c9d5b-p9qmz corrId=- scheduler heartbeat lag_ms=5
2026-03-05T15:34:55.152+01:00 INFO portal-bff host=portal-bff-7c9d5b-x2k4p corrId=c-3ffb4be193c56bea conversion quote requested loan_id=LN210485591 target_product=FLEX_5Y
2026-03-05T15:34:55.222+01:00 INFO identity-service host=identity-service-a41e92-t6zvn corrId=c-3ffb4be193c56bea MitID session validated customer_id=C67239862
2026-03-05T15:34:55.228+01:00 INFO pricing-service host=pricing-service-5b8f6c-t6zvn corrId=c-3ffb4be193c56bea bond price fetched series=BND4.0-2056 price=95.518
2026-03-05T15:34:55.327+01:00 INFO pricing-service host=pricing-service-7c9d5b-t6zvn corrId=c-3ffb4be193c56bea conversion cost calculated loan_id=LN210485591 cost_dkk=8396.43
2026-03-05T15:34:55.369+01:00 INFO quote-service host=quote-service-5b8f6c-t6zvn corrId=c-3ffb4be193c56bea conversion quote issued quote_id=Q91707589 loan_id=LN210485591
2026-03-05T15:35:00.564+01:00 INFO api-gateway host=api-gateway-7c9d5b-p9qmz corrId=- health probe ok status=200 latency_ms=34
2026-03-05T15:38:28.860+01:00 INFO portal-bff host=portal-bff-5b8f6c-t6zvn corrId=c-a8383de8ee47d614 loan application submitted application_id=APP-2026-613214 customer_segment=RETAIL
2026-03-05T15:38:28.981+01:00 INFO identity-service host=identity-service-a41e92-t6zvn corrId=c-a8383de8ee47d614 MitID session validated customer_id=C52895891
2026-03-05T15:38:29.092+01:00 INFO customer-service host=customer-service-7c9d5b-x2k4p corrId=c-a8383de8ee47d614 KYC profile loaded customer_id=C52895891 risk_class=LOW
2026-03-05T15:38:29.127+01:00 INFO valuation-service host=valuation-service-a41e92-t6zvn corrId=c-a8383de8ee47d614 property valuation requested property_id=P3627449 provider=valuta-ejd
2026-03-05T15:38:30.072+01:00 INFO valuation-service host=valuation-service-5b8f6c-p9qmz corrId=c-a8383de8ee47d614 property valuation received property_id=P3627449 value_dkk=5750000 latency_ms=915
2026-03-05T15:38:30.119+01:00 INFO credit-service host=credit-service-a41e92-p9qmz corrId=c-a8383de8ee47d614 credit assessment completed application_id=APP-2026-613214 score=763 decision=APPROVED
2026-03-05T15:38:30.252+01:00 INFO offer-service host=offer-service-5b8f6c-t6zvn corrId=c-a8383de8ee47d614 loan offer generated application_id=APP-2026-613214 loan_type=FLEX_5Y principal_dkk=1910000
2026-03-05T15:38:30.358+01:00 INFO document-service host=document-service-a41e92-p9qmz corrId=c-a8383de8ee47d614 offer document stored application_id=APP-2026-613214 doc_id=DOC-1bf9c0d1
2026-03-05T15:38:30.384+01:00 INFO portal-bff host=portal-bff-5b8f6c-x2k4p corrId=c-a8383de8ee47d614 application completed application_id=APP-2026-613214 status=OFFER_ISSUED
2026-03-05T15:40:00.276+01:00 INFO api-gateway host=api-gateway-5b8f6c-x2k4p corrId=- health probe ok status=200 latency_ms=5
2026-03-05T15:40:00.282+01:00 INFO payment-scheduler host=payment-scheduler-7c9d5b-p9qmz corrId=- scheduler heartbeat lag_ms=18
2026-03-05T15:42:20.338+01:00 INFO portal-bff host=portal-bff-7c9d5b-x2k4p corrId=c-99fa9181002da087 conversion quote requested loan_id=LN708132433 target_product=FLEX_5Y
2026-03-05T15:42:20.425+01:00 INFO identity-service host=identity-service-a41e92-p9qmz corrId=c-99fa9181002da087 MitID session validated customer_id=C87713281
2026-03-05T15:42:20.485+01:00 INFO pricing-service host=pricing-service-5b8f6c-t6zvn corrId=c-99fa9181002da087 bond price fetched series=BND2.5-2056 price=92.514
2026-03-05T15:42:20.579+01:00 INFO pricing-service host=pricing-service-5b8f6c-t6zvn corrId=c-99fa9181002da087 conversion cost calculated loan_id=LN708132433 cost_dkk=13820.69
2026-03-05T15:42:20.592+01:00 INFO quote-service host=quote-service-a41e92-x2k4p corrId=c-99fa9181002da087 conversion quote issued quote_id=Q19569922 loan_id=LN708132433
2026-03-05T15:44:17.706+01:00 INFO portal-bff host=portal-bff-7c9d5b-p9qmz corrId=c-75f218a6ec80f316 conversion quote requested loan_id=LN968200298 target_product=FLEX_5Y
2026-03-05T15:44:17.763+01:00 INFO identity-service host=identity-service-5b8f6c-t6zvn corrId=c-75f218a6ec80f316 MitID session validated customer_id=C08854007
2026-03-05T15:44:17.774+01:00 INFO pricing-service host=pricing-service-7c9d5b-p9qmz corrId=c-75f218a6ec80f316 bond price fetched series=BND4.0-2053 price=101.754
2026-03-05T15:44:17.831+01:00 INFO pricing-service host=pricing-service-a41e92-x2k4p corrId=c-75f218a6ec80f316 conversion cost calculated loan_id=LN968200298 cost_dkk=67547.16
2026-03-05T15:44:17.883+01:00 INFO quote-service host=quote-service-5b8f6c-t6zvn corrId=c-75f218a6ec80f316 conversion quote issued quote_id=Q66676479 loan_id=LN968200298
2026-03-05T15:44:27.990+01:00 INFO portal-bff host=portal-bff-5b8f6c-t6zvn corrId=c-176d8c50ccaea328 conversion quote requested loan_id=LN736957535 target_product=FLEX_5Y
2026-03-05T15:44:28.059+01:00 INFO identity-service host=identity-service-5b8f6c-x2k4p corrId=c-176d8c50ccaea328 MitID session validated customer_id=C68530296
2026-03-05T15:44:28.121+01:00 INFO pricing-service host=pricing-service-7c9d5b-t6zvn corrId=c-176d8c50ccaea328 bond price fetched series=BND3.0-2056 price=94.186
2026-03-05T15:44:28.242+01:00 INFO pricing-service host=pricing-service-7c9d5b-t6zvn corrId=c-176d8c50ccaea328 conversion cost calculated loan_id=LN736957535 cost_dkk=74552.20
2026-03-05T15:44:28.361+01:00 INFO quote-service host=quote-service-a41e92-t6zvn corrId=c-176d8c50ccaea328 conversion quote issued quote_id=Q42560166 loan_id=LN736957535
2026-03-05T15:44:51.740+01:00 INFO portal-bff host=portal-bff-7c9d5b-p9qmz corrId=c-01ab28d901c57b43 conversion quote requested loan_id=LN506800093 target_product=FLEX_1Y
2026-03-05T15:44:51.783+01:00 INFO identity-service host=identity-service-7c9d5b-x2k4p corrId=c-01ab28d901c57b43 MitID session validated customer_id=C25368533
2026-03-05T15:44:51.890+01:00 INFO pricing-service host=pricing-service-7c9d5b-t6zvn corrId=c-01ab28d901c57b43 bond price fetched series=BND3.0-2053 price=101.587
2026-03-05T15:44:51.941+01:00 INFO pricing-service host=pricing-service-5b8f6c-p9qmz corrId=c-01ab28d901c57b43 conversion cost calculated loan_id=LN506800093 cost_dkk=38138.02
2026-03-05T15:44:52.000+01:00 INFO quote-service host=quote-service-a41e92-t6zvn corrId=c-01ab28d901c57b43 conversion quote issued quote_id=Q86146912 loan_id=LN506800093
2026-03-05T15:44:57.081+01:00 INFO portal-bff host=portal-bff-a41e92-x2k4p corrId=c-9669602a32d924fb conversion quote requested loan_id=LN118340863 target_product=FIXED_30Y
2026-03-05T15:44:57.217+01:00 INFO identity-service host=identity-service-a41e92-x2k4p corrId=c-9669602a32d924fb MitID session validated customer_id=C19346996
2026-03-05T15:44:57.276+01:00 INFO pricing-service host=pricing-service-a41e92-t6zvn corrId=c-9669602a32d924fb bond price fetched series=BND2.5-2053 price=93.538
2026-03-05T15:44:57.414+01:00 INFO pricing-service host=pricing-service-7c9d5b-t6zvn corrId=c-9669602a32d924fb conversion cost calculated loan_id=LN118340863 cost_dkk=86751.53
2026-03-05T15:44:57.531+01:00 INFO quote-service host=quote-service-5b8f6c-x2k4p corrId=c-9669602a32d924fb conversion quote issued quote_id=Q05954272 loan_id=LN118340863
2026-03-05T15:45:00.785+01:00 INFO api-gateway host=api-gateway-7c9d5b-x2k4p corrId=- health probe ok status=200 latency_ms=9
2026-03-05T15:46:53.812+01:00 INFO portal-bff host=portal-bff-7c9d5b-x2k4p corrId=c-df891fceca9ea320 loan application submitted application_id=APP-2026-675849 customer_segment=RETAIL
2026-03-05T15:46:53.866+01:00 INFO identity-service host=identity-service-7c9d5b-t6zvn corrId=c-df891fceca9ea320 MitID session validated customer_id=C71257671
2026-03-05T15:46:53.973+01:00 INFO customer-service host=customer-service-7c9d5b-t6zvn corrId=c-df891fceca9ea320 KYC profile loaded customer_id=C71257671 risk_class=HIGH
2026-03-05T15:46:54.098+01:00 INFO valuation-service host=valuation-service-5b8f6c-x2k4p corrId=c-df891fceca9ea320 property valuation requested property_id=P3527866 provider=valuta-ejd
2026-03-05T15:46:54.542+01:00 INFO valuation-service host=valuation-service-5b8f6c-p9qmz corrId=c-df891fceca9ea320 property valuation received property_id=P3527866 value_dkk=1150000 latency_ms=345
2026-03-05T15:46:54.564+01:00 INFO credit-service host=credit-service-a41e92-t6zvn corrId=c-df891fceca9ea320 credit assessment completed application_id=APP-2026-675849 score=576 decision=APPROVED
2026-03-05T15:46:54.701+01:00 INFO offer-service host=offer-service-a41e92-x2k4p corrId=c-df891fceca9ea320 loan offer generated application_id=APP-2026-675849 loan_type=FLEX_5Y principal_dkk=865000
2026-03-05T15:46:54.792+01:00 INFO document-service host=document-service-a41e92-p9qmz corrId=c-df891fceca9ea320 offer document stored application_id=APP-2026-675849 doc_id=DOC-39478efe
2026-03-05T15:46:54.828+01:00 INFO portal-bff host=portal-bff-5b8f6c-x2k4p corrId=c-df891fceca9ea320 application completed application_id=APP-2026-675849 status=OFFER_ISSUED
2026-03-05T15:48:18.897+01:00 INFO portal-bff host=portal-bff-5b8f6c-p9qmz corrId=c-0648bbe9f878847a conversion quote requested loan_id=LN560465694 target_product=FLEX_1Y
2026-03-05T15:48:19.007+01:00 INFO identity-service host=identity-service-a41e92-x2k4p corrId=c-0648bbe9f878847a MitID session validated customer_id=C30571820
2026-03-05T15:48:19.083+01:00 INFO pricing-service host=pricing-service-5b8f6c-x2k4p corrId=c-0648bbe9f878847a bond price fetched series=BND4.0-2053 price=95.482
2026-03-05T15:48:19.214+01:00 INFO pricing-service host=pricing-service-7c9d5b-t6zvn corrId=c-0648bbe9f878847a conversion cost calculated loan_id=LN560465694 cost_dkk=78097.03
2026-03-05T15:48:19.298+01:00 INFO quote-service host=quote-service-5b8f6c-p9qmz corrId=c-0648bbe9f878847a conversion quote issued quote_id=Q82288562 loan_id=LN560465694
2026-03-05T15:48:26.683+01:00 INFO portal-bff host=portal-bff-7c9d5b-t6zvn corrId=c-212fed06b62ca493 loan application submitted application_id=APP-2026-879268 customer_segment=RETAIL
2026-03-05T15:48:26.710+01:00 INFO identity-service host=identity-service-7c9d5b-p9qmz corrId=c-212fed06b62ca493 MitID session validated customer_id=C60214903
2026-03-05T15:48:26.821+01:00 INFO customer-service host=customer-service-a41e92-t6zvn corrId=c-212fed06b62ca493 KYC profile loaded customer_id=C60214903 risk_class=LOW
2026-03-05T15:48:26.932+01:00 INFO valuation-service host=valuation-service-5b8f6c-x2k4p corrId=c-212fed06b62ca493 property valuation served from cache property_id=P6810502 value_dkk=850000
2026-03-05T15:48:27.066+01:00 INFO credit-service host=credit-service-5b8f6c-p9qmz corrId=c-212fed06b62ca493 credit assessment completed application_id=APP-2026-879268 score=435 decision=APPROVED
2026-03-05T15:48:27.179+01:00 INFO offer-service host=offer-service-a41e92-x2k4p corrId=c-212fed06b62ca493 loan offer generated application_id=APP-2026-879268 loan_type=FIXED_20Y_IO principal_dkk=5035000
2026-03-05T15:48:27.281+01:00 INFO document-service host=document-service-5b8f6c-t6zvn corrId=c-212fed06b62ca493 offer document stored application_id=APP-2026-879268 doc_id=DOC-414d4d25
2026-03-05T15:48:27.385+01:00 INFO portal-bff host=portal-bff-7c9d5b-p9qmz corrId=c-212fed06b62ca493 application completed application_id=APP-2026-879268 status=OFFER_ISSUED
2026-03-05T15:49:31.000+01:00 INFO valuation-service host=valuation-service-a41e92-p9qmz corrId=- jvm gc pause pause_ms=59
2026-03-05T15:50:00.009+01:00 INFO payment-scheduler host=payment-scheduler-5b8f6c-x2k4p corrId=- scheduler heartbeat lag_ms=116
2026-03-05T15:50:00.875+01:00 INFO api-gateway host=api-gateway-5b8f6c-x2k4p corrId=- health probe ok status=200 latency_ms=5
2026-03-05T15:50:07.363+01:00 INFO portal-bff host=portal-bff-5b8f6c-x2k4p corrId=c-def79d2c4c1ab0eb loan application submitted application_id=APP-2026-881256 customer_segment=SME
2026-03-05T15:50:07.384+01:00 INFO identity-service host=identity-service-7c9d5b-x2k4p corrId=c-def79d2c4c1ab0eb MitID session validated customer_id=C54702229
2026-03-05T15:50:07.393+01:00 INFO customer-service host=customer-service-5b8f6c-p9qmz corrId=c-def79d2c4c1ab0eb KYC profile loaded customer_id=C54702229 risk_class=HIGH
2026-03-05T15:50:07.414+01:00 INFO valuation-service host=valuation-service-a41e92-p9qmz corrId=c-def79d2c4c1ab0eb property valuation requested property_id=P7338725 provider=valuta-ejd
2026-03-05T15:50:08.342+01:00 INFO valuation-service host=valuation-service-7c9d5b-t6zvn corrId=c-def79d2c4c1ab0eb property valuation received property_id=P7338725 value_dkk=6200000 latency_ms=853
2026-03-05T15:50:08.415+01:00 INFO credit-service host=credit-service-5b8f6c-t6zvn corrId=c-def79d2c4c1ab0eb credit assessment completed application_id=APP-2026-881256 score=723 decision=APPROVED
2026-03-05T15:50:08.489+01:00 INFO offer-service host=offer-service-a41e92-p9qmz corrId=c-def79d2c4c1ab0eb loan offer generated application_id=APP-2026-881256 loan_type=FLEX_5Y principal_dkk=1905000
2026-03-05T15:50:08.590+01:00 INFO document-service host=document-service-5b8f6c-t6zvn corrId=c-def79d2c4c1ab0eb offer document stored application_id=APP-2026-881256 doc_id=DOC-306982f7
2026-03-05T15:50:08.703+01:00 INFO portal-bff host=portal-bff-7c9d5b-t6zvn corrId=c-def79d2c4c1ab0eb application completed application_id=APP-2026-881256 status=OFFER_ISSUED
2026-03-05T15:55:00.875+01:00 INFO api-gateway host=api-gateway-5b8f6c-t6zvn corrId=- health probe ok status=200 latency_ms=37
2026-03-05T15:59:17.929+01:00 INFO portal-bff host=portal-bff-7c9d5b-p9qmz corrId=c-754b0a875c0bd0d6 conversion quote requested loan_id=LN418336461 target_product=FLEX_5Y
2026-03-05T15:59:18.064+01:00 INFO identity-service host=identity-service-a41e92-x2k4p corrId=c-754b0a875c0bd0d6 MitID session validated customer_id=C83073151
2026-03-05T15:59:18.116+01:00 INFO pricing-service host=pricing-service-a41e92-p9qmz corrId=c-754b0a875c0bd0d6 bond price fetched series=BND3.0-2053 price=98.379
2026-03-05T15:59:18.210+01:00 INFO pricing-service host=pricing-service-7c9d5b-x2k4p corrId=c-754b0a875c0bd0d6 conversion cost calculated loan_id=LN418336461 cost_dkk=44800.51
2026-03-05T15:59:18.218+01:00 INFO quote-service host=quote-service-a41e92-x2k4p corrId=c-754b0a875c0bd0d6 conversion quote issued quote_id=Q84678687 loan_id=LN418336461
2026-03-05T16:00:00.318+01:00 INFO payment-scheduler host=payment-scheduler-7c9d5b-t6zvn corrId=- scheduler heartbeat lag_ms=63
2026-03-05T16:00:00.714+01:00 INFO api-gateway host=api-gateway-a41e92-x2k4p corrId=- health probe ok status=200 latency_ms=32
2026-03-05T16:00:47.000+01:00 INFO config-service host=config-service-5b8f6c-t6zvn corrId=- configuration refreshed version=v138
2026-03-05T16:05:00.431+01:00 INFO api-gateway host=api-gateway-5b8f6c-p9qmz corrId=- health probe ok status=200 latency_ms=36
2026-03-05T16:05:58.073+01:00 INFO portal-bff host=portal-bff-a41e92-t6zvn corrId=c-8b6f75cfe77c6b31 loan application submitted application_id=APP-2026-108605 customer_segment=RETAIL
2026-03-05T16:05:58.182+01:00 INFO identity-service host=identity-service-a41e92-x2k4p corrId=c-8b6f75cfe77c6b31 MitID session validated customer_id=C76448517
2026-03-05T16:05:58.196+01:00 INFO customer-service host=customer-service-7c9d5b-x2k4p corrId=c-8b6f75cfe77c6b31 KYC profile loaded customer_id=C76448517 risk_class=LOW
2026-03-05T16:05:58.320+01:00 INFO valuation-service host=valuation-service-7c9d5b-p9qmz corrId=c-8b6f75cfe77c6b31 property valuation requested property_id=P3546560 provider=valuta-ejd
2026-03-05T16:05:58.925+01:00 INFO valuation-service host=valuation-service-a41e92-p9qmz corrId=c-8b6f75cfe77c6b31 property valuation received property_id=P3546560 value_dkk=3740000 latency_ms=471
2026-03-05T16:05:58.938+01:00 INFO credit-service host=credit-service-7c9d5b-p9qmz corrId=c-8b6f75cfe77c6b31 credit assessment completed application_id=APP-2026-108605 score=857 decision=APPROVED
2026-03-05T16:05:59.026+01:00 INFO offer-service host=offer-service-a41e92-p9qmz corrId=c-8b6f75cfe77c6b31 loan offer generated application_id=APP-2026-108605 loan_type=FIXED_20Y_IO principal_dkk=580000
2026-03-05T16:05:59.126+01:00 INFO document-service host=document-service-a41e92-t6zvn corrId=c-8b6f75cfe77c6b31 offer document stored application_id=APP-2026-108605 doc_id=DOC-376d7c41
2026-03-05T16:05:59.210+01:00 INFO portal-bff host=portal-bff-5b8f6c-t6zvn corrId=c-8b6f75cfe77c6b31 application completed application_id=APP-2026-108605 status=OFFER_ISSUED
2026-03-05T16:06:16.530+01:00 INFO portal-bff host=portal-bff-a41e92-t6zvn corrId=c-6ea9edbf1313a7aa loan application submitted application_id=APP-2026-763482 customer_segment=SME
2026-03-05T16:06:16.622+01:00 INFO identity-service host=identity-service-5b8f6c-x2k4p corrId=c-6ea9edbf1313a7aa MitID session validated customer_id=C59898495
2026-03-05T16:06:16.673+01:00 INFO customer-service host=customer-service-a41e92-t6zvn corrId=c-6ea9edbf1313a7aa KYC profile loaded customer_id=C59898495 risk_class=HIGH
2026-03-05T16:06:16.710+01:00 INFO valuation-service host=valuation-service-a41e92-p9qmz corrId=c-6ea9edbf1313a7aa property valuation requested property_id=P2507357 provider=bolig-vurdering
2026-03-05T16:06:17.242+01:00 INFO valuation-service host=valuation-service-7c9d5b-p9qmz corrId=c-6ea9edbf1313a7aa property valuation received property_id=P2507357 value_dkk=3760000 latency_ms=527
2026-03-05T16:06:17.305+01:00 INFO credit-service host=credit-service-5b8f6c-t6zvn corrId=c-6ea9edbf1313a7aa credit assessment completed application_id=APP-2026-763482 score=662 decision=APPROVED
2026-03-05T16:06:17.364+01:00 INFO offer-service host=offer-service-a41e92-t6zvn corrId=c-6ea9edbf1313a7aa loan offer generated application_id=APP-2026-763482 loan_type=FLEX_5Y principal_dkk=4065000
2026-03-05T16:06:17.480+01:00 INFO document-service host=document-service-a41e92-x2k4p corrId=c-6ea9edbf1313a7aa offer document stored application_id=APP-2026-763482 doc_id=DOC-e5bbe1a0
2026-03-05T16:06:17.503+01:00 INFO portal-bff host=portal-bff-a41e92-p9qmz corrId=c-6ea9edbf1313a7aa application completed application_id=APP-2026-763482 status=OFFER_ISSUED
2026-03-05T16:06:45.065+01:00 INFO portal-bff host=portal-bff-7c9d5b-t6zvn corrId=c-54c58a190bb7c3db loan application submitted application_id=APP-2026-663881 customer_segment=SME
2026-03-05T16:06:45.198+01:00 INFO identity-service host=identity-service-5b8f6c-p9qmz corrId=c-54c58a190bb7c3db MitID session validated customer_id=C26078769
2026-03-05T16:06:45.246+01:00 INFO customer-service host=customer-service-7c9d5b-p9qmz corrId=c-54c58a190bb7c3db KYC profile loaded customer_id=C26078769 risk_class=HIGH
2026-03-05T16:06:45.286+01:00 INFO valuation-service host=valuation-service-7c9d5b-x2k4p corrId=c-54c58a190bb7c3db property valuation requested property_id=P3535772 provider=bolig-vurdering
2026-03-05T16:06:45.896+01:00 INFO valuation-service host=valuation-service-a41e92-t6zvn corrId=c-54c58a190bb7c3db property valuation received property_id=P3535772 value_dkk=7490000 latency_ms=524
2026-03-05T16:06:45.991+01:00 INFO credit-service host=credit-service-a41e92-t6zvn corrId=c-54c58a190bb7c3db credit assessment completed application_id=APP-2026-663881 score=524 decision=APPROVED
2026-03-05T16:06:46.077+01:00 INFO offer-service host=offer-service-5b8f6c-x2k4p corrId=c-54c58a190bb7c3db loan offer generated application_id=APP-2026-663881 loan_type=FIXED_30Y principal_dkk=2660000
2026-03-05T16:06:46.136+01:00 INFO document-service host=document-service-7c9d5b-t6zvn corrId=c-54c58a190bb7c3db offer document stored application_id=APP-2026-663881 doc_id=DOC-d92a6920
2026-03-05T16:06:46.147+01:00 INFO portal-bff host=portal-bff-7c9d5b-t6zvn corrId=c-54c58a190bb7c3db application completed application_id=APP-2026-663881 status=OFFER_ISSUED
2026-03-05T16:07:35.598+01:00 INFO portal-bff host=portal-bff-5b8f6c-p9qmz corrId=c-287fe80f656e21ec conversion quote requested loan_id=LN316596681 target_product=FLEX_1Y
2026-03-05T16:07:35.656+01:00 INFO identity-service host=identity-service-a41e92-p9qmz corrId=c-287fe80f656e21ec MitID session validated customer_id=C14322778
2026-03-05T16:07:35.780+01:00 INFO pricing-service host=pricing-service-7c9d5b-x2k4p corrId=c-287fe80f656e21ec bond price fetched series=BND3.0-2056 price=96.227
2026-03-05T16:07:35.856+01:00 INFO pricing-service host=pricing-service-a41e92-p9qmz corrId=c-287fe80f656e21ec conversion cost calculated loan_id=LN316596681 cost_dkk=50730.29
2026-03-05T16:07:35.905+01:00 INFO quote-service host=quote-service-5b8f6c-t6zvn corrId=c-287fe80f656e21ec conversion quote issued quote_id=Q19780496 loan_id=LN316596681
2026-03-05T16:08:45.329+01:00 INFO portal-bff host=portal-bff-a41e92-x2k4p corrId=c-bf8b5f802efccbdd loan application submitted application_id=APP-2026-604195 customer_segment=SME
2026-03-05T16:08:45.411+01:00 INFO identity-service host=identity-service-7c9d5b-x2k4p corrId=c-bf8b5f802efccbdd MitID session validated customer_id=C37787670
2026-03-05T16:08:45.436+01:00 INFO customer-service host=customer-service-5b8f6c-t6zvn corrId=c-bf8b5f802efccbdd KYC profile loaded customer_id=C37787670 risk_class=LOW
2026-03-05T16:08:45.470+01:00 INFO valuation-service host=valuation-service-5b8f6c-x2k4p corrId=c-bf8b5f802efccbdd property valuation requested property_id=P3200788 provider=valuta-ejd
2026-03-05T16:08:45.950+01:00 INFO valuation-service host=valuation-service-5b8f6c-p9qmz corrId=c-bf8b5f802efccbdd property valuation received property_id=P3200788 value_dkk=4010000 latency_ms=405
2026-03-05T16:08:46.058+01:00 INFO credit-service host=credit-service-a41e92-p9qmz corrId=c-bf8b5f802efccbdd credit assessment completed application_id=APP-2026-604195 score=610 decision=APPROVED
2026-03-05T16:08:46.083+01:00 INFO offer-service host=offer-service-7c9d5b-x2k4p corrId=c-bf8b5f802efccbdd loan offer generated application_id=APP-2026-604195 loan_type=FLEX_1Y principal_dkk=1140000
2026-03-05T16:08:46.102+01:00 INFO document-service host=document-service-a41e92-t6zvn corrId=c-bf8b5f802efccbdd offer document stored application_id=APP-2026-604195 doc_id=DOC-796e9a6a
2026-03-05T16:08:46.164+01:00 INFO portal-bff host=portal-bff-a41e92-x2k4p corrId=c-bf8b5f802efccbdd application completed application_id=APP-2026-604195 status=OFFER_ISSUED
2026-03-05T16:09:00.917+01:00 INFO portal-bff host=portal-bff-5b8f6c-p9qmz corrId=c-46f55e415e1aef26 conversion quote requested loan_id=LN462878757 target_product=FIXED_30Y
2026-03-05T16:09:00.946+01:00 INFO identity-service host=identity-service-5b8f6c-p9qmz corrId=c-46f55e415e1aef26 MitID session validated customer_id=C88116255
2026-03-05T16:09:01.059+01:00 INFO pricing-service host=pricing-service-5b8f6c-p9qmz corrId=c-46f55e415e1aef26 bond price fetched series=BND2.5-2053 price=99.950
2026-03-05T16:09:01.160+01:00 INFO pricing-service host=pricing-service-5b8f6c-t6zvn corrId=c-46f55e415e1aef26 conversion cost calculated loan_id=LN462878757 cost_dkk=51709.92
2026-03-05T16:09:01.220+01:00 INFO quote-service host=quote-service-7c9d5b-p9qmz corrId=c-46f55e415e1aef26 conversion quote issued quote_id=Q39211407 loan_id=LN462878757
2026-03-05T16:10:00.537+01:00 INFO api-gateway host=api-gateway-a41e92-t6zvn corrId=- health probe ok status=200 latency_ms=15
2026-03-05T16:10:00.857+01:00 INFO payment-scheduler host=payment-scheduler-a41e92-x2k4p corrId=- scheduler heartbeat lag_ms=51
2026-03-05T16:12:00.886+01:00 INFO portal-bff host=portal-bff-a41e92-p9qmz corrId=c-b9462957d70d3390 loan application submitted application_id=APP-2026-360765 customer_segment=RETAIL
2026-03-05T16:12:00.997+01:00 INFO identity-service host=identity-service-5b8f6c-t6zvn corrId=c-b9462957d70d3390 MitID session validated customer_id=C65265917
2026-03-05T16:12:01.122+01:00 INFO customer-service host=customer-service-5b8f6c-p9qmz corrId=c-b9462957d70d3390 KYC profile loaded customer_id=C65265917 risk_class=MEDIUM
2026-03-05T16:12:01.161+01:00 INFO valuation-service host=valuation-service-7c9d5b-p9qmz corrId=c-b9462957d70d3390 property valuation requested property_id=P9366476 provider=valuta-ejd
2026-03-05T16:12:01.371+01:00 INFO valuation-service host=valuation-service-a41e92-x2k4p corrId=c-b9462957d70d3390 property valuation received property_id=P9366476 value_dkk=2830000 latency_ms=203
2026-03-05T16:12:01.457+01:00 INFO credit-service host=credit-service-5b8f6c-x2k4p corrId=c-b9462957d70d3390 credit assessment completed application_id=APP-2026-360765 score=719 decision=APPROVED
2026-03-05T16:12:01.581+01:00 INFO offer-service host=offer-service-5b8f6c-t6zvn corrId=c-b9462957d70d3390 loan offer generated application_id=APP-2026-360765 loan_type=FIXED_20Y_IO principal_dkk=5065000
2026-03-05T16:12:01.599+01:00 INFO document-service host=document-service-7c9d5b-x2k4p corrId=c-b9462957d70d3390 offer document stored application_id=APP-2026-360765 doc_id=DOC-37f01821
2026-03-05T16:12:01.651+01:00 INFO portal-bff host=portal-bff-a41e92-p9qmz corrId=c-b9462957d70d3390 application completed application_id=APP-2026-360765 status=OFFER_ISSUED
2026-03-05T16:12:15.564+01:00 INFO portal-bff host=portal-bff-5b8f6c-x2k4p corrId=c-4342878fc1964b96 loan application submitted application_id=APP-2026-703432 customer_segment=RETAIL
2026-03-05T16:12:15.615+01:00 INFO identity-service host=identity-service-7c9d5b-t6zvn corrId=c-4342878fc1964b96 MitID session validated customer_id=C18150101
2026-03-05T16:12:15.715+01:00 INFO customer-service host=customer-service-a41e92-p9qmz corrId=c-4342878fc1964b96 KYC profile loaded customer_id=C18150101 risk_class=HIGH
2026-03-05T16:12:15.810+01:00 INFO valuation-service host=valuation-service-7c9d5b-p9qmz corrId=c-4342878fc1964b96 property valuation served from cache property_id=P5599515 value_dkk=990000
2026-03-05T16:12:15.829+01:00 INFO credit-service host=credit-service-a41e92-t6zvn corrId=c-4342878fc1964b96 credit assessment completed application_id=APP-2026-703432 score=499 decision=APPROVED
2026-03-05T16:12:15.906+01:00 INFO offer-service host=offer-service-5b8f6c-t6zvn corrId=c-4342878fc1964b96 loan offer generated application_id=APP-2026-703432 loan_type=FLEX_1Y principal_dkk=1045000
2026-03-05T16:12:16.012+01:00 INFO document-service host=document-service-5b8f6c-p9qmz corrId=c-4342878fc1964b96 offer document stored application_id=APP-2026-703432 doc_id=DOC-e1934201
2026-03-05T16:12:16.115+01:00 INFO portal-bff host=portal-bff-5b8f6c-t6zvn corrId=c-4342878fc1964b96 application completed application_id=APP-2026-703432 status=OFFER_ISSUED
2026-03-05T16:12:40.357+01:00 INFO portal-bff host=portal-bff-a41e92-p9qmz corrId=c-dd278b5dfe5a6dd5 conversion quote requested loan_id=LN386458989 target_product=FIXED_30Y
2026-03-05T16:12:40.478+01:00 INFO identity-service host=identity-service-7c9d5b-t6zvn corrId=c-dd278b5dfe5a6dd5 MitID session validated customer_id=C53158978
2026-03-05T16:12:40.560+01:00 INFO pricing-service host=pricing-service-5b8f6c-p9qmz corrId=c-dd278b5dfe5a6dd5 bond price fetched series=BND3.0-2053 price=97.906
2026-03-05T16:12:40.640+01:00 INFO pricing-service host=pricing-service-5b8f6c-x2k4p corrId=c-dd278b5dfe5a6dd5 conversion cost calculated loan_id=LN386458989 cost_dkk=38485.49
2026-03-05T16:12:40.731+01:00 INFO quote-service host=quote-service-7c9d5b-p9qmz corrId=c-dd278b5dfe5a6dd5 conversion quote issued quote_id=Q25965609 loan_id=LN386458989
2026-03-05T16:14:49.516+01:00 INFO portal-bff host=portal-bff-7c9d5b-x2k4p corrId=c-f6b307770ed4cc7d conversion quote requested loan_id=LN439599246 target_product=FIXED_30Y
2026-03-05T16:14:49.637+01:00 INFO identity-service host=identity-service-7c9d5b-t6zvn corrId=c-f6b307770ed4cc7d MitID session validated customer_id=C97537710
2026-03-05T16:14:49.685+01:00 INFO pricing-service host=pricing-service-7c9d5b-t6zvn corrId=c-f6b307770ed4cc7d bond price fetched series=BND3.0-2053 price=89.077
2026-03-05T16:14:49.807+01:00 INFO pricing-service host=pricing-service-5b8f6c-x2k4p corrId=c-f6b307770ed4cc7d conversion cost calculated loan_id=LN439599246 cost_dkk=54673.44
2026-03-05T16:14:49.853+01:00 INFO quote-service host=quote-service-a41e92-p9qmz corrId=c-f6b307770ed4cc7d conversion quote issued quote_id=Q25651096 loan_id=LN439599246
2026-03-05T16:14:52.343+01:00 INFO portal-bff host=portal-bff-7c9d5b-p9qmz corrId=c-d326b095db6d1ad4 loan application submitted application_id=APP-2026-503264 customer_segment=RETAIL
2026-03-05T16:14:52.451+01:00 INFO identity-service host=identity-service-5b8f6c-x2k4p corrId=c-d326b095db6d1ad4 MitID session validated customer_id=C21312371
2026-03-05T16:14:52.563+01:00 INFO customer-service host=customer-service-a41e92-t6zvn corrId=c-d326b095db6d1ad4 KYC profile loaded customer_id=C21312371 risk_class=LOW
2026-03-05T16:14:52.618+01:00 INFO valuation-service host=valuation-service-5b8f6c-x2k4p corrId=c-d326b095db6d1ad4 property valuation served from cache property_id=P8681185 value_dkk=7700000
2026-03-05T16:14:52.645+01:00 INFO credit-service host=credit-service-5b8f6c-p9qmz corrId=c-d326b095db6d1ad4 credit assessment completed application_id=APP-2026-503264 score=865 decision=APPROVED
2026-03-05T16:14:52.695+01:00 INFO offer-service host=offer-service-5b8f6c-p9qmz corrId=c-d326b095db6d1ad4 loan offer generated application_id=APP-2026-503264 loan_type=FIXED_20Y_IO principal_dkk=410000
2026-03-05T16:14:52.749+01:00 INFO document-service host=document-service-7c9d5b-t6zvn corrId=c-d326b095db6d1ad4 offer document stored application_id=APP-2026-503264 doc_id=DOC-d412f53f
2026-03-05T16:14:52.828+01:00 INFO portal-bff host=portal-bff-5b8f6c-x2k4p corrId=c-d326b095db6d1ad4 application completed application_id=APP-2026-503264 status=OFFER_ISSUED
2026-03-05T16:15:00.684+01:00 INFO api-gateway host=api-gateway-7c9d5b-p9qmz corrId=- health probe ok status=200 latency_ms=10
2026-03-05T16:19:41.451+01:00 INFO portal-bff host=portal-bff-5b8f6c-x2k4p corrId=c-f65bea7ae56c949c loan application submitted application_id=APP-2026-875432 customer_segment=PRIVATE
2026-03-05T16:19:41.495+01:00 INFO identity-service host=identity-service-a41e92-t6zvn corrId=c-f65bea7ae56c949c MitID session validated customer_id=C16408600
2026-03-05T16:19:41.579+01:00 INFO customer-service host=customer-service-5b8f6c-p9qmz corrId=c-f65bea7ae56c949c KYC profile loaded customer_id=C16408600 risk_class=MEDIUM
2026-03-05T16:19:41.702+01:00 INFO valuation-service host=valuation-service-5b8f6c-t6zvn corrId=c-f65bea7ae56c949c property valuation requested property_id=P1609504 provider=bolig-vurdering
2026-03-05T16:19:42.042+01:00 INFO valuation-service host=valuation-service-7c9d5b-p9qmz corrId=c-f65bea7ae56c949c property valuation received property_id=P1609504 value_dkk=1660000 latency_ms=290
2026-03-05T16:19:42.106+01:00 INFO credit-service host=credit-service-7c9d5b-x2k4p corrId=c-f65bea7ae56c949c credit assessment completed application_id=APP-2026-875432 score=690 decision=APPROVED
2026-03-05T16:19:42.143+01:00 INFO offer-service host=offer-service-5b8f6c-p9qmz corrId=c-f65bea7ae56c949c loan offer generated application_id=APP-2026-875432 loan_type=FLEX_5Y principal_dkk=3245000
2026-03-05T16:19:42.193+01:00 INFO document-service host=document-service-a41e92-t6zvn corrId=c-f65bea7ae56c949c offer document stored application_id=APP-2026-875432 doc_id=DOC-5b7be235
2026-03-05T16:19:42.227+01:00 INFO portal-bff host=portal-bff-a41e92-p9qmz corrId=c-f65bea7ae56c949c application completed application_id=APP-2026-875432 status=OFFER_ISSUED
2026-03-05T16:20:00.061+01:00 INFO api-gateway host=api-gateway-7c9d5b-x2k4p corrId=- health probe ok status=200 latency_ms=11
2026-03-05T16:20:00.751+01:00 INFO payment-scheduler host=payment-scheduler-5b8f6c-t6zvn corrId=- scheduler heartbeat lag_ms=33
2026-03-05T16:20:11.827+01:00 INFO portal-bff host=portal-bff-5b8f6c-p9qmz corrId=c-78a17fecc12fa00a conversion quote requested loan_id=LN929681187 target_product=FLEX_1Y
2026-03-05T16:20:11.913+01:00 INFO identity-service host=identity-service-a41e92-p9qmz corrId=c-78a17fecc12fa00a MitID session validated customer_id=C77739522
2026-03-05T16:20:12.003+01:00 INFO pricing-service host=pricing-service-5b8f6c-x2k4p corrId=c-78a17fecc12fa00a bond price fetched series=BND4.0-2056 price=88.912
2026-03-05T16:20:12.046+01:00 INFO pricing-service host=pricing-service-a41e92-x2k4p corrId=c-78a17fecc12fa00a conversion cost calculated loan_id=LN929681187 cost_dkk=13157.83
2026-03-05T16:20:12.081+01:00 INFO quote-service host=quote-service-a41e92-x2k4p corrId=c-78a17fecc12fa00a conversion quote issued quote_id=Q29054954 loan_id=LN929681187
2026-03-05T16:25:00.621+01:00 INFO api-gateway host=api-gateway-5b8f6c-x2k4p corrId=- health probe ok status=200 latency_ms=40
2026-03-05T16:27:04.523+01:00 INFO portal-bff host=portal-bff-7c9d5b-t6zvn corrId=c-c7a9bfbaff53dfc7 conversion quote requested loan_id=LN679091761 target_product=FLEX_1Y
2026-03-05T16:27:04.606+01:00 INFO identity-service host=identity-service-7c9d5b-t6zvn corrId=c-c7a9bfbaff53dfc7 MitID session validated customer_id=C43158225
2026-03-05T16:27:04.619+01:00 INFO pricing-service host=pricing-service-5b8f6c-t6zvn corrId=c-c7a9bfbaff53dfc7 bond price fetched series=BND2.5-2053 price=99.199
2026-03-05T16:27:04.683+01:00 INFO pricing-service host=pricing-service-7c9d5b-p9qmz corrId=c-c7a9bfbaff53dfc7 conversion cost calculated loan_id=LN679091761 cost_dkk=38805.35
2026-03-05T16:27:04.764+01:00 INFO quote-service host=quote-service-a41e92-t6zvn corrId=c-c7a9bfbaff53dfc7 conversion quote issued quote_id=Q63502991 loan_id=LN679091761
2026-03-05T16:27:55.258+01:00 INFO portal-bff host=portal-bff-7c9d5b-t6zvn corrId=c-109e80620d8599ae conversion quote requested loan_id=LN580610286 target_product=FLEX_5Y
2026-03-05T16:27:55.343+01:00 INFO identity-service host=identity-service-7c9d5b-x2k4p corrId=c-109e80620d8599ae MitID session validated customer_id=C28962638
2026-03-05T16:27:55.376+01:00 INFO pricing-service host=pricing-service-7c9d5b-p9qmz corrId=c-109e80620d8599ae bond price fetched series=BND4.0-2053 price=89.278
2026-03-05T16:27:55.470+01:00 INFO pricing-service host=pricing-service-5b8f6c-t6zvn corrId=c-109e80620d8599ae conversion cost calculated loan_id=LN580610286 cost_dkk=46456.56
2026-03-05T16:27:55.514+01:00 INFO quote-service host=quote-service-5b8f6c-x2k4p corrId=c-109e80620d8599ae conversion quote issued quote_id=Q01676874 loan_id=LN580610286
2026-03-05T16:29:10.914+01:00 INFO portal-bff host=portal-bff-a41e92-p9qmz corrId=c-079f7852e2c8f751 loan application submitted application_id=APP-2026-430650 customer_segment=RETAIL
2026-03-05T16:29:10.969+01:00 INFO identity-service host=identity-service-a41e92-t6zvn corrId=c-079f7852e2c8f751 MitID session validated customer_id=C17586327
2026-03-05T16:29:11.070+01:00 INFO customer-service host=customer-service-a41e92-p9qmz corrId=c-079f7852e2c8f751 KYC profile loaded customer_id=C17586327 risk_class=HIGH
2026-03-05T16:29:11.083+01:00 INFO valuation-service host=valuation-service-a41e92-x2k4p corrId=c-079f7852e2c8f751 property valuation requested property_id=P1781459 provider=bolig-vurdering
2026-03-05T16:29:11.663+01:00 INFO valuation-service host=valuation-service-7c9d5b-t6zvn corrId=c-079f7852e2c8f751 property valuation received property_id=P1781459 value_dkk=3530000 latency_ms=469
2026-03-05T16:29:11.685+01:00 INFO credit-service host=credit-service-7c9d5b-x2k4p corrId=c-079f7852e2c8f751 credit assessment completed application_id=APP-2026-430650 score=686 decision=APPROVED
2026-03-05T16:29:11.794+01:00 INFO offer-service host=offer-service-5b8f6c-t6zvn corrId=c-079f7852e2c8f751 loan offer generated application_id=APP-2026-430650 loan_type=FIXED_30Y principal_dkk=4210000
2026-03-05T16:29:11.823+01:00 INFO document-service host=document-service-a41e92-p9qmz corrId=c-079f7852e2c8f751 offer document stored application_id=APP-2026-430650 doc_id=DOC-9718e3d7
2026-03-05T16:29:11.854+01:00 INFO portal-bff host=portal-bff-a41e92-t6zvn corrId=c-079f7852e2c8f751 application completed application_id=APP-2026-430650 status=OFFER_ISSUED
2026-03-05T16:30:00.362+01:00 INFO payment-scheduler host=payment-scheduler-5b8f6c-x2k4p corrId=- scheduler heartbeat lag_ms=70
2026-03-05T16:30:00.855+01:00 INFO api-gateway host=api-gateway-5b8f6c-t6zvn corrId=- health probe ok status=200 latency_ms=30
2026-03-05T16:30:56.789+01:00 INFO portal-bff host=portal-bff-a41e92-x2k4p corrId=c-d83dc8a5526fbe8e conversion quote requested loan_id=LN525948366 target_product=FLEX_5Y
2026-03-05T16:30:56.852+01:00 INFO identity-service host=identity-service-7c9d5b-x2k4p corrId=c-d83dc8a5526fbe8e MitID session validated customer_id=C71296868
2026-03-05T16:30:56.968+01:00 INFO pricing-service host=pricing-service-7c9d5b-t6zvn corrId=c-d83dc8a5526fbe8e bond price fetched series=BND4.0-2056 price=97.491
2026-03-05T16:30:57.010+01:00 INFO pricing-service host=pricing-service-7c9d5b-p9qmz corrId=c-d83dc8a5526fbe8e conversion cost calculated loan_id=LN525948366 cost_dkk=11130.21
2026-03-05T16:30:57.104+01:00 INFO quote-service host=quote-service-7c9d5b-p9qmz corrId=c-d83dc8a5526fbe8e conversion quote issued quote_id=Q68241743 loan_id=LN525948366
2026-03-05T16:35:00.001+01:00 INFO api-gateway host=api-gateway-5b8f6c-x2k4p corrId=- health probe ok status=200 latency_ms=18
2026-03-05T16:40:00.431+01:00 INFO api-gateway host=api-gateway-5b8f6c-x2k4p corrId=- health probe ok status=200 latency_ms=28
2026-03-05T16:40:00.774+01:00 INFO payment-scheduler host=payment-scheduler-7c9d5b-t6zvn corrId=- scheduler heartbeat lag_ms=30
2026-03-05T16:45:00.685+01:00 INFO api-gateway host=api-gateway-7c9d5b-x2k4p corrId=- health probe ok status=200 latency_ms=6
2026-03-05T16:45:37.815+01:00 INFO portal-bff host=portal-bff-5b8f6c-x2k4p corrId=c-67035af82b7ac2ab conversion quote requested loan_id=LN367282732 target_product=FLEX_5Y
2026-03-05T16:45:37.926+01:00 INFO identity-service host=identity-service-7c9d5b-x2k4p corrId=c-67035af82b7ac2ab MitID session validated customer_id=C93619148
2026-03-05T16:45:38.001+01:00 INFO pricing-service host=pricing-service-a41e92-t6zvn corrId=c-67035af82b7ac2ab bond price fetched series=BND2.5-2056 price=96.965
2026-03-05T16:45:38.124+01:00 INFO pricing-service host=pricing-service-5b8f6c-t6zvn corrId=c-67035af82b7ac2ab conversion cost calculated loan_id=LN367282732 cost_dkk=70026.36
2026-03-05T16:45:38.180+01:00 INFO quote-service host=quote-service-a41e92-x2k4p corrId=c-67035af82b7ac2ab conversion quote issued quote_id=Q35251143 loan_id=LN367282732
2026-03-05T16:50:00.236+01:00 INFO payment-scheduler host=payment-scheduler-5b8f6c-p9qmz corrId=- scheduler heartbeat lag_ms=39
2026-03-05T16:50:00.764+01:00 INFO api-gateway host=api-gateway-5b8f6c-p9qmz corrId=- health probe ok status=200 latency_ms=28
2026-03-05T16:53:56.565+01:00 INFO portal-bff host=portal-bff-a41e92-p9qmz corrId=c-fea997e377a40ad4 conversion quote requested loan_id=LN612503376 target_product=FLEX_5Y
2026-03-05T16:53:56.620+01:00 INFO identity-service host=identity-service-5b8f6c-x2k4p corrId=c-fea997e377a40ad4 MitID session validated customer_id=C79510827
2026-03-05T16:53:56.730+01:00 INFO pricing-service host=pricing-service-a41e92-t6zvn corrId=c-fea997e377a40ad4 bond price fetched series=BND2.5-2056 price=93.770
2026-03-05T16:53:56.807+01:00 INFO pricing-service host=pricing-service-7c9d5b-p9qmz corrId=c-fea997e377a40ad4 conversion cost calculated loan_id=LN612503376 cost_dkk=49156.69
2026-03-05T16:53:56.944+01:00 INFO quote-service host=quote-service-a41e92-p9qmz corrId=c-fea997e377a40ad4 conversion quote issued quote_id=Q32087995 loan_id=LN612503376
2026-03-05T16:55:00.869+01:00 INFO api-gateway host=api-gateway-7c9d5b-x2k4p corrId=- health probe ok status=200 latency_ms=30
2026-03-05T16:56:42.515+01:00 INFO portal-bff host=portal-bff-7c9d5b-t6zvn corrId=c-fe6741a95ed1bdc3 conversion quote requested loan_id=LN921704274 target_product=FIXED_30Y
2026-03-05T16:56:42.556+01:00 INFO identity-service host=identity-service-5b8f6c-p9qmz corrId=c-fe6741a95ed1bdc3 MitID session validated customer_id=C55240163
2026-03-05T16:56:42.565+01:00 INFO pricing-service host=pricing-service-a41e92-p9qmz corrId=c-fe6741a95ed1bdc3 bond price fetched series=BND4.0-2056 price=89.402
2026-03-05T16:56:42.594+01:00 INFO pricing-service host=pricing-service-7c9d5b-x2k4p corrId=c-fe6741a95ed1bdc3 conversion cost calculated loan_id=LN921704274 cost_dkk=9239.08
2026-03-05T16:56:42.656+01:00 INFO quote-service host=quote-service-5b8f6c-x2k4p corrId=c-fe6741a95ed1bdc3 conversion quote issued quote_id=Q14645041 loan_id=LN921704274
2026-03-05T17:00:00.164+01:00 INFO api-gateway host=api-gateway-5b8f6c-t6zvn corrId=- health probe ok status=200 latency_ms=15
2026-03-05T17:00:00.248+01:00 INFO payment-scheduler host=payment-scheduler-a41e92-p9qmz corrId=- scheduler heartbeat lag_ms=81
2026-03-05T17:00:54.000+01:00 INFO config-service host=config-service-a41e92-p9qmz corrId=- configuration refreshed version=v126
2026-03-05T17:05:00.413+01:00 INFO api-gateway host=api-gateway-5b8f6c-x2k4p corrId=- health probe ok status=200 latency_ms=7
2026-03-05T17:10:00.360+01:00 INFO payment-scheduler host=payment-scheduler-5b8f6c-t6zvn corrId=- scheduler heartbeat lag_ms=56
2026-03-05T17:10:00.509+01:00 INFO api-gateway host=api-gateway-7c9d5b-x2k4p corrId=- health probe ok status=200 latency_ms=36
2026-03-05T17:15:00.744+01:00 INFO api-gateway host=api-gateway-7c9d5b-t6zvn corrId=- health probe ok status=200 latency_ms=12
2026-03-05T17:17:08.603+01:00 INFO portal-bff host=portal-bff-5b8f6c-p9qmz corrId=c-9497bd39320a0fe9 conversion quote requested loan_id=LN498306963 target_product=FIXED_30Y
2026-03-05T17:17:08.630+01:00 INFO identity-service host=identity-service-7c9d5b-x2k4p corrId=c-9497bd39320a0fe9 MitID session validated customer_id=C80442196
2026-03-05T17:17:08.700+01:00 INFO pricing-service host=pricing-service-7c9d5b-x2k4p corrId=c-9497bd39320a0fe9 bond price fetched series=BND2.5-2053 price=88.698
2026-03-05T17:17:08.723+01:00 INFO pricing-service host=pricing-service-a41e92-p9qmz corrId=c-9497bd39320a0fe9 conversion cost calculated loan_id=LN498306963 cost_dkk=85590.21
2026-03-05T17:17:08.773+01:00 INFO quote-service host=quote-service-5b8f6c-x2k4p corrId=c-9497bd39320a0fe9 conversion quote issued quote_id=Q61262621 loan_id=LN498306963
2026-03-05T17:19:13.876+01:00 INFO portal-bff host=portal-bff-5b8f6c-t6zvn corrId=c-8c678ca778c09f9a conversion quote requested loan_id=LN136365435 target_product=FLEX_1Y
2026-03-05T17:19:13.989+01:00 INFO identity-service host=identity-service-a41e92-t6zvn corrId=c-8c678ca778c09f9a MitID session validated customer_id=C66618043
2026-03-05T17:19:14.087+01:00 INFO pricing-service host=pricing-service-5b8f6c-x2k4p corrId=c-8c678ca778c09f9a bond price fetched series=BND2.5-2053 price=98.080
2026-03-05T17:19:14.144+01:00 INFO pricing-service host=pricing-service-5b8f6c-p9qmz corrId=c-8c678ca778c09f9a conversion cost calculated loan_id=LN136365435 cost_dkk=9424.37
2026-03-05T17:19:14.172+01:00 INFO quote-service host=quote-service-a41e92-p9qmz corrId=c-8c678ca778c09f9a conversion quote issued quote_id=Q27666692 loan_id=LN136365435
2026-03-05T17:20:00.240+01:00 INFO api-gateway host=api-gateway-5b8f6c-x2k4p corrId=- health probe ok status=200 latency_ms=6
2026-03-05T17:20:00.490+01:00 INFO payment-scheduler host=payment-scheduler-5b8f6c-t6zvn corrId=- scheduler heartbeat lag_ms=38
2026-03-05T17:23:31.489+01:00 INFO portal-bff host=portal-bff-7c9d5b-t6zvn corrId=c-9ddd1b1f8eb3227b conversion quote requested loan_id=LN009518370 target_product=FIXED_30Y
2026-03-05T17:23:31.569+01:00 INFO identity-service host=identity-service-a41e92-t6zvn corrId=c-9ddd1b1f8eb3227b MitID session validated customer_id=C72450101
2026-03-05T17:23:31.675+01:00 INFO pricing-service host=pricing-service-a41e92-x2k4p corrId=c-9ddd1b1f8eb3227b bond price fetched series=BND4.0-2056 price=98.891
2026-03-05T17:23:31.732+01:00 INFO pricing-service host=pricing-service-a41e92-p9qmz corrId=c-9ddd1b1f8eb3227b conversion cost calculated loan_id=LN009518370 cost_dkk=40294.89
2026-03-05T17:23:31.756+01:00 INFO quote-service host=quote-service-a41e92-t6zvn corrId=c-9ddd1b1f8eb3227b conversion quote issued quote_id=Q89980865 loan_id=LN009518370
2026-03-05T17:25:00.347+01:00 INFO api-gateway host=api-gateway-a41e92-x2k4p corrId=- health probe ok status=200 latency_ms=14
2026-03-05T17:30:00.343+01:00 INFO api-gateway host=api-gateway-7c9d5b-t6zvn corrId=- health probe ok status=200 latency_ms=25
2026-03-05T17:30:00.452+01:00 INFO payment-scheduler host=payment-scheduler-a41e92-p9qmz corrId=- scheduler heartbeat lag_ms=120
2026-03-05T17:35:00.227+01:00 INFO api-gateway host=api-gateway-5b8f6c-p9qmz corrId=- health probe ok status=200 latency_ms=10
2026-03-05T17:40:00.375+01:00 INFO api-gateway host=api-gateway-a41e92-p9qmz corrId=- health probe ok status=200 latency_ms=6
2026-03-05T17:40:00.398+01:00 INFO payment-scheduler host=payment-scheduler-5b8f6c-t6zvn corrId=- scheduler heartbeat lag_ms=0
2026-03-05T17:42:50.660+01:00 INFO portal-bff host=portal-bff-7c9d5b-x2k4p corrId=c-a4b381f0d63d57df conversion quote requested loan_id=LN773859803 target_product=FLEX_1Y
2026-03-05T17:42:50.682+01:00 INFO identity-service host=identity-service-7c9d5b-t6zvn corrId=c-a4b381f0d63d57df MitID session validated customer_id=C86123480
2026-03-05T17:42:50.701+01:00 INFO pricing-service host=pricing-service-7c9d5b-x2k4p corrId=c-a4b381f0d63d57df bond price fetched series=BND2.5-2056 price=94.898
2026-03-05T17:42:50.811+01:00 INFO pricing-service host=pricing-service-7c9d5b-t6zvn corrId=c-a4b381f0d63d57df conversion cost calculated loan_id=LN773859803 cost_dkk=53976.44
2026-03-05T17:42:50.904+01:00 INFO quote-service host=quote-service-a41e92-x2k4p corrId=c-a4b381f0d63d57df conversion quote issued quote_id=Q38474272 loan_id=LN773859803
2026-03-05T17:45:00.772+01:00 INFO api-gateway host=api-gateway-7c9d5b-t6zvn corrId=- health probe ok status=200 latency_ms=33
2026-03-05T17:50:00.303+01:00 INFO api-gateway host=api-gateway-5b8f6c-x2k4p corrId=- health probe ok status=200 latency_ms=23
2026-03-05T17:50:00.382+01:00 INFO payment-scheduler host=payment-scheduler-a41e92-p9qmz corrId=- scheduler heartbeat lag_ms=46
2026-03-05T17:53:02.796+01:00 INFO portal-bff host=portal-bff-7c9d5b-p9qmz corrId=c-3f688b11ee6d9fa1 conversion quote requested loan_id=LN260359906 target_product=FLEX_5Y
2026-03-05T17:53:02.846+01:00 INFO identity-service host=identity-service-a41e92-t6zvn corrId=c-3f688b11ee6d9fa1 MitID session validated customer_id=C51979945
2026-03-05T17:53:02.963+01:00 INFO pricing-service host=pricing-service-5b8f6c-x2k4p corrId=c-3f688b11ee6d9fa1 bond price fetched series=BND3.0-2056 price=99.547
2026-03-05T17:53:02.973+01:00 INFO pricing-service host=pricing-service-5b8f6c-t6zvn corrId=c-3f688b11ee6d9fa1 conversion cost calculated loan_id=LN260359906 cost_dkk=37494.37
2026-03-05T17:53:03.023+01:00 INFO quote-service host=quote-service-7c9d5b-t6zvn corrId=c-3f688b11ee6d9fa1 conversion quote issued quote_id=Q46434609 loan_id=LN260359906
2026-03-05T17:55:00.741+01:00 INFO api-gateway host=api-gateway-7c9d5b-t6zvn corrId=- health probe ok status=200 latency_ms=10
2026-03-05T18:00:00.197+01:00 INFO payment-scheduler host=payment-scheduler-5b8f6c-t6zvn corrId=- scheduler heartbeat lag_ms=113
2026-03-05T18:00:00.513+01:00 INFO api-gateway host=api-gateway-5b8f6c-p9qmz corrId=- health probe ok status=200 latency_ms=33
2026-03-05T18:00:22.105+01:00 INFO portal-bff host=portal-bff-a41e92-t6zvn corrId=c-3be6831a5fc45a44 conversion quote requested loan_id=LN993711732 target_product=FIXED_30Y
2026-03-05T18:00:22.133+01:00 INFO identity-service host=identity-service-5b8f6c-p9qmz corrId=c-3be6831a5fc45a44 MitID session validated customer_id=C49837332
2026-03-05T18:00:22.192+01:00 INFO pricing-service host=pricing-service-5b8f6c-p9qmz corrId=c-3be6831a5fc45a44 bond price fetched series=BND4.0-2056 price=94.498
2026-03-05T18:00:22.287+01:00 INFO pricing-service host=pricing-service-7c9d5b-p9qmz corrId=c-3be6831a5fc45a44 conversion cost calculated loan_id=LN993711732 cost_dkk=25374.55
2026-03-05T18:00:22.350+01:00 INFO quote-service host=quote-service-7c9d5b-x2k4p corrId=c-3be6831a5fc45a44 conversion quote issued quote_id=Q96920992 loan_id=LN993711732
2026-03-05T18:00:48.000+01:00 INFO config-service host=config-service-5b8f6c-p9qmz corrId=- configuration refreshed version=v132
2026-03-05T18:05:00.687+01:00 INFO api-gateway host=api-gateway-5b8f6c-t6zvn corrId=- health probe ok status=200 latency_ms=9
2026-03-05T18:10:00.139+01:00 INFO api-gateway host=api-gateway-5b8f6c-p9qmz corrId=- health probe ok status=200 latency_ms=28
2026-03-05T18:10:00.302+01:00 INFO payment-scheduler host=payment-scheduler-5b8f6c-p9qmz corrId=- scheduler heartbeat lag_ms=47
2026-03-05T18:15:00.107+01:00 INFO api-gateway host=api-gateway-a41e92-p9qmz corrId=- health probe ok status=200 latency_ms=14
2026-03-05T18:20:00.512+01:00 INFO api-gateway host=api-gateway-a41e92-x2k4p corrId=- health probe ok status=200 latency_ms=34
2026-03-05T18:20:00.635+01:00 INFO payment-scheduler host=payment-scheduler-7c9d5b-p9qmz corrId=- scheduler heartbeat lag_ms=32
2026-03-05T18:25:00.001+01:00 INFO api-gateway host=api-gateway-5b8f6c-x2k4p corrId=- health probe ok status=200 latency_ms=11
2026-03-05T18:30:00.000+01:00 INFO payment-scheduler host=payment-scheduler-5b8f6c-x2k4p corrId=- scheduler heartbeat lag_ms=98
2026-03-05T18:30:00.238+01:00 INFO api-gateway host=api-gateway-7c9d5b-p9qmz corrId=- health probe ok status=200 latency_ms=40
2026-03-05T18:35:00.099+01:00 INFO api-gateway host=api-gateway-5b8f6c-t6zvn corrId=- health probe ok status=200 latency_ms=8
2026-03-05T18:40:00.647+01:00 INFO api-gateway host=api-gateway-5b8f6c-t6zvn corrId=- health probe ok status=200 latency_ms=22
2026-03-05T18:40:00.767+01:00 INFO payment-scheduler host=payment-scheduler-a41e92-p9qmz corrId=- scheduler heartbeat lag_ms=32
2026-03-05T18:45:00.293+01:00 INFO api-gateway host=api-gateway-7c9d5b-p9qmz corrId=- health probe ok status=200 latency_ms=32
2026-03-05T18:45:51.785+01:00 INFO portal-bff host=portal-bff-5b8f6c-t6zvn corrId=c-329416135acd4449 conversion quote requested loan_id=LN820632504 target_product=FIXED_30Y
2026-03-05T18:45:51.858+01:00 INFO identity-service host=identity-service-a41e92-t6zvn corrId=c-329416135acd4449 MitID session validated customer_id=C29613295
2026-03-05T18:45:51.953+01:00 INFO pricing-service host=pricing-service-7c9d5b-t6zvn corrId=c-329416135acd4449 bond price fetched series=BND4.0-2053 price=97.796
2026-03-05T18:45:52.060+01:00 INFO pricing-service host=pricing-service-7c9d5b-p9qmz corrId=c-329416135acd4449 conversion cost calculated loan_id=LN820632504 cost_dkk=52042.58
2026-03-05T18:45:52.170+01:00 INFO quote-service host=quote-service-5b8f6c-p9qmz corrId=c-329416135acd4449 conversion quote issued quote_id=Q61768880 loan_id=LN820632504
2026-03-05T18:50:00.034+01:00 INFO payment-scheduler host=payment-scheduler-7c9d5b-x2k4p corrId=- scheduler heartbeat lag_ms=118
2026-03-05T18:50:00.287+01:00 INFO api-gateway host=api-gateway-7c9d5b-t6zvn corrId=- health probe ok status=200 latency_ms=31
2026-03-05T18:55:00.827+01:00 INFO api-gateway host=api-gateway-7c9d5b-p9qmz corrId=- health probe ok status=200 latency_ms=40
2026-03-05T19:00:00.243+01:00 INFO payment-scheduler host=payment-scheduler-7c9d5b-x2k4p corrId=- scheduler heartbeat lag_ms=66
2026-03-05T19:00:00.620+01:00 INFO api-gateway host=api-gateway-7c9d5b-x2k4p corrId=- health probe ok status=200 latency_ms=31
2026-03-05T19:00:50.000+01:00 INFO config-service host=config-service-5b8f6c-p9qmz corrId=- configuration refreshed version=v128
2026-03-05T19:05:00.228+01:00 INFO api-gateway host=api-gateway-7c9d5b-t6zvn corrId=- health probe ok status=200 latency_ms=2
2026-03-05T19:10:00.276+01:00 INFO payment-scheduler host=payment-scheduler-7c9d5b-p9qmz corrId=- scheduler heartbeat lag_ms=64
2026-03-05T19:10:00.606+01:00 INFO api-gateway host=api-gateway-7c9d5b-x2k4p corrId=- health probe ok status=200 latency_ms=32
2026-03-05T19:15:00.695+01:00 INFO api-gateway host=api-gateway-7c9d5b-p9qmz corrId=- health probe ok status=200 latency_ms=31
2026-03-05T19:15:11.412+01:00 INFO portal-bff host=portal-bff-a41e92-t6zvn corrId=c-8b829f0e1fa8c112 conversion quote requested loan_id=LN897782236 target_product=FLEX_5Y
2026-03-05T19:15:11.493+01:00 INFO identity-service host=identity-service-5b8f6c-p9qmz corrId=c-8b829f0e1fa8c112 MitID session validated customer_id=C23868246
2026-03-05T19:15:11.583+01:00 INFO pricing-service host=pricing-service-7c9d5b-x2k4p corrId=c-8b829f0e1fa8c112 bond price fetched series=BND3.0-2053 price=94.377
2026-03-05T19:15:11.708+01:00 INFO pricing-service host=pricing-service-7c9d5b-x2k4p corrId=c-8b829f0e1fa8c112 conversion cost calculated loan_id=LN897782236 cost_dkk=51887.06
2026-03-05T19:15:11.781+01:00 INFO quote-service host=quote-service-7c9d5b-x2k4p corrId=c-8b829f0e1fa8c112 conversion quote issued quote_id=Q79694973 loan_id=LN897782236
2026-03-05T19:20:00.602+01:00 INFO payment-scheduler host=payment-scheduler-5b8f6c-x2k4p corrId=- scheduler heartbeat lag_ms=18
2026-03-05T19:20:00.698+01:00 INFO api-gateway host=api-gateway-5b8f6c-t6zvn corrId=- health probe ok status=200 latency_ms=21
2026-03-05T19:23:09.026+01:00 INFO portal-bff host=portal-bff-7c9d5b-p9qmz corrId=c-14a79c8990059075 conversion quote requested loan_id=LN481135219 target_product=FLEX_1Y
2026-03-05T19:23:09.088+01:00 INFO identity-service host=identity-service-5b8f6c-x2k4p corrId=c-14a79c8990059075 MitID session validated customer_id=C62895230
2026-03-05T19:23:09.204+01:00 INFO pricing-service host=pricing-service-a41e92-x2k4p corrId=c-14a79c8990059075 bond price fetched series=BND3.0-2056 price=100.758
2026-03-05T19:23:09.217+01:00 INFO pricing-service host=pricing-service-a41e92-x2k4p corrId=c-14a79c8990059075 conversion cost calculated loan_id=LN481135219 cost_dkk=15326.59
2026-03-05T19:23:09.273+01:00 INFO quote-service host=quote-service-5b8f6c-p9qmz corrId=c-14a79c8990059075 conversion quote issued quote_id=Q32147299 loan_id=LN481135219
2026-03-05T19:25:00.852+01:00 INFO api-gateway host=api-gateway-a41e92-x2k4p corrId=- health probe ok status=200 latency_ms=4
2026-03-05T19:25:12.284+01:00 INFO portal-bff host=portal-bff-5b8f6c-p9qmz corrId=c-1b918ddbcb691a65 conversion quote requested loan_id=LN137954746 target_product=FIXED_30Y
2026-03-05T19:25:12.405+01:00 INFO identity-service host=identity-service-a41e92-p9qmz corrId=c-1b918ddbcb691a65 MitID session validated customer_id=C87757639
2026-03-05T19:25:12.434+01:00 INFO pricing-service host=pricing-service-a41e92-p9qmz corrId=c-1b918ddbcb691a65 bond price fetched series=BND2.5-2056 price=100.406
2026-03-05T19:25:12.529+01:00 INFO pricing-service host=pricing-service-5b8f6c-t6zvn corrId=c-1b918ddbcb691a65 conversion cost calculated loan_id=LN137954746 cost_dkk=47141.36
2026-03-05T19:25:12.583+01:00 INFO quote-service host=quote-service-a41e92-t6zvn corrId=c-1b918ddbcb691a65 conversion quote issued quote_id=Q67145056 loan_id=LN137954746
2026-03-05T19:26:24.456+01:00 INFO portal-bff host=portal-bff-a41e92-p9qmz corrId=c-969b459bf6f6b95a conversion quote requested loan_id=LN959469117 target_product=FLEX_5Y
2026-03-05T19:26:24.528+01:00 INFO identity-service host=identity-service-7c9d5b-p9qmz corrId=c-969b459bf6f6b95a MitID session validated customer_id=C46999422
2026-03-05T19:26:24.558+01:00 INFO pricing-service host=pricing-service-5b8f6c-t6zvn corrId=c-969b459bf6f6b95a bond price fetched series=BND4.0-2056 price=90.143
2026-03-05T19:26:24.692+01:00 INFO pricing-service host=pricing-service-5b8f6c-x2k4p corrId=c-969b459bf6f6b95a conversion cost calculated loan_id=LN959469117 cost_dkk=12360.85
2026-03-05T19:26:24.698+01:00 INFO quote-service host=quote-service-5b8f6c-p9qmz corrId=c-969b459bf6f6b95a conversion quote issued quote_id=Q67996236 loan_id=LN959469117
2026-03-05T19:30:00.743+01:00 INFO payment-scheduler host=payment-scheduler-7c9d5b-x2k4p corrId=- scheduler heartbeat lag_ms=25
2026-03-05T19:30:00.792+01:00 INFO api-gateway host=api-gateway-7c9d5b-p9qmz corrId=- health probe ok status=200 latency_ms=15
2026-03-05T19:30:01.677+01:00 INFO portal-bff host=portal-bff-5b8f6c-x2k4p corrId=c-22df21f2c48cd5f5 conversion quote requested loan_id=LN721269237 target_product=FLEX_5Y
2026-03-05T19:30:01.767+01:00 INFO identity-service host=identity-service-a41e92-x2k4p corrId=c-22df21f2c48cd5f5 MitID session validated customer_id=C70089483
2026-03-05T19:30:01.812+01:00 INFO pricing-service host=pricing-service-5b8f6c-x2k4p corrId=c-22df21f2c48cd5f5 bond price fetched series=BND2.5-2056 price=99.981
2026-03-05T19:30:01.858+01:00 INFO pricing-service host=pricing-service-5b8f6c-t6zvn corrId=c-22df21f2c48cd5f5 conversion cost calculated loan_id=LN721269237 cost_dkk=18674.49
2026-03-05T19:30:01.979+01:00 INFO quote-service host=quote-service-a41e92-x2k4p corrId=c-22df21f2c48cd5f5 conversion quote issued quote_id=Q03619033 loan_id=LN721269237
2026-03-05T19:31:50.563+01:00 INFO portal-bff host=portal-bff-7c9d5b-x2k4p corrId=c-c963f959f6137997 conversion quote requested loan_id=LN730243869 target_product=FLEX_5Y
2026-03-05T19:31:50.690+01:00 INFO identity-service host=identity-service-a41e92-x2k4p corrId=c-c963f959f6137997 MitID session validated customer_id=C99619651
2026-03-05T19:31:50.706+01:00 INFO pricing-service host=pricing-service-a41e92-p9qmz corrId=c-c963f959f6137997 bond price fetched series=BND4.0-2053 price=92.760
2026-03-05T19:31:50.817+01:00 INFO pricing-service host=pricing-service-a41e92-t6zvn corrId=c-c963f959f6137997 conversion cost calculated loan_id=LN730243869 cost_dkk=21280.91
2026-03-05T19:31:50.916+01:00 INFO quote-service host=quote-service-a41e92-t6zvn corrId=c-c963f959f6137997 conversion quote issued quote_id=Q45382946 loan_id=LN730243869
2026-03-05T19:35:00.012+01:00 INFO api-gateway host=api-gateway-5b8f6c-p9qmz corrId=- health probe ok status=200 latency_ms=27
2026-03-05T19:36:19.846+01:00 INFO portal-bff host=portal-bff-a41e92-p9qmz corrId=c-11ac5e612f161f60 conversion quote requested loan_id=LN406269916 target_product=FLEX_1Y
2026-03-05T19:36:19.928+01:00 INFO identity-service host=identity-service-7c9d5b-x2k4p corrId=c-11ac5e612f161f60 MitID session validated customer_id=C45306827
2026-03-05T19:36:19.977+01:00 INFO pricing-service host=pricing-service-5b8f6c-x2k4p corrId=c-11ac5e612f161f60 bond price fetched series=BND2.5-2053 price=88.259
2026-03-05T19:36:20.095+01:00 INFO pricing-service host=pricing-service-a41e92-t6zvn corrId=c-11ac5e612f161f60 conversion cost calculated loan_id=LN406269916 cost_dkk=6968.77
2026-03-05T19:36:20.226+01:00 INFO quote-service host=quote-service-a41e92-p9qmz corrId=c-11ac5e612f161f60 conversion quote issued quote_id=Q55706363 loan_id=LN406269916
2026-03-05T19:40:00.145+01:00 INFO payment-scheduler host=payment-scheduler-7c9d5b-t6zvn corrId=- scheduler heartbeat lag_ms=87
2026-03-05T19:40:00.557+01:00 INFO api-gateway host=api-gateway-5b8f6c-x2k4p corrId=- health probe ok status=200 latency_ms=22
2026-03-05T19:40:12.046+01:00 INFO portal-bff host=portal-bff-7c9d5b-t6zvn corrId=c-a813998f3f3b8aab conversion quote requested loan_id=LN378138152 target_product=FLEX_5Y
2026-03-05T19:40:12.122+01:00 INFO identity-service host=identity-service-a41e92-t6zvn corrId=c-a813998f3f3b8aab MitID session validated customer_id=C76024464
2026-03-05T19:40:12.226+01:00 INFO pricing-service host=pricing-service-5b8f6c-p9qmz corrId=c-a813998f3f3b8aab bond price fetched series=BND4.0-2056 price=98.002
2026-03-05T19:40:12.306+01:00 INFO pricing-service host=pricing-service-a41e92-x2k4p corrId=c-a813998f3f3b8aab conversion cost calculated loan_id=LN378138152 cost_dkk=76208.95
2026-03-05T19:40:12.328+01:00 INFO quote-service host=quote-service-a41e92-x2k4p corrId=c-a813998f3f3b8aab conversion quote issued quote_id=Q64103131 loan_id=LN378138152
2026-03-05T19:45:00.151+01:00 INFO api-gateway host=api-gateway-a41e92-x2k4p corrId=- health probe ok status=200 latency_ms=24
2026-03-05T19:48:35.307+01:00 INFO portal-bff host=portal-bff-7c9d5b-t6zvn corrId=c-db0b6bb4f582c3eb conversion quote requested loan_id=LN445379928 target_product=FLEX_5Y
2026-03-05T19:48:35.437+01:00 INFO identity-service host=identity-service-7c9d5b-t6zvn corrId=c-db0b6bb4f582c3eb MitID session validated customer_id=C56879585
2026-03-05T19:48:35.459+01:00 INFO pricing-service host=pricing-service-5b8f6c-t6zvn corrId=c-db0b6bb4f582c3eb bond price fetched series=BND3.0-2053 price=89.759
2026-03-05T19:48:35.484+01:00 INFO pricing-service host=pricing-service-a41e92-x2k4p corrId=c-db0b6bb4f582c3eb conversion cost calculated loan_id=LN445379928 cost_dkk=59814.84
2026-03-05T19:48:35.506+01:00 INFO quote-service host=quote-service-a41e92-t6zvn corrId=c-db0b6bb4f582c3eb conversion quote issued quote_id=Q27921725 loan_id=LN445379928
2026-03-05T19:50:00.376+01:00 INFO api-gateway host=api-gateway-7c9d5b-x2k4p corrId=- health probe ok status=200 latency_ms=14
2026-03-05T19:50:00.449+01:00 INFO payment-scheduler host=payment-scheduler-5b8f6c-x2k4p corrId=- scheduler heartbeat lag_ms=84
2026-03-05T19:50:10.346+01:00 INFO portal-bff host=portal-bff-7c9d5b-p9qmz corrId=c-6baf62eb331c18b0 conversion quote requested loan_id=LN830334288 target_product=FIXED_30Y
2026-03-05T19:50:10.369+01:00 INFO identity-service host=identity-service-5b8f6c-t6zvn corrId=c-6baf62eb331c18b0 MitID session validated customer_id=C14196863
2026-03-05T19:50:10.487+01:00 INFO pricing-service host=pricing-service-7c9d5b-t6zvn corrId=c-6baf62eb331c18b0 bond price fetched series=BND4.0-2053 price=99.293
2026-03-05T19:50:10.521+01:00 INFO pricing-service host=pricing-service-5b8f6c-x2k4p corrId=c-6baf62eb331c18b0 conversion cost calculated loan_id=LN830334288 cost_dkk=51838.24
2026-03-05T19:50:10.603+01:00 INFO quote-service host=quote-service-7c9d5b-x2k4p corrId=c-6baf62eb331c18b0 conversion quote issued quote_id=Q73491485 loan_id=LN830334288
2026-03-05T19:55:00.313+01:00 INFO api-gateway host=api-gateway-a41e92-x2k4p corrId=- health probe ok status=200 latency_ms=20
2026-03-05T19:56:00.324+01:00 INFO portal-bff host=portal-bff-7c9d5b-x2k4p corrId=c-62e7fc2b53bfb54c conversion quote requested loan_id=LN435702133 target_product=FLEX_5Y
2026-03-05T19:56:00.406+01:00 INFO identity-service host=identity-service-a41e92-p9qmz corrId=c-62e7fc2b53bfb54c MitID session validated customer_id=C43011839
2026-03-05T19:56:00.541+01:00 INFO pricing-service host=pricing-service-5b8f6c-x2k4p corrId=c-62e7fc2b53bfb54c bond price fetched series=BND3.0-2053 price=95.312
2026-03-05T19:56:00.610+01:00 INFO pricing-service host=pricing-service-5b8f6c-t6zvn corrId=c-62e7fc2b53bfb54c conversion cost calculated loan_id=LN435702133 cost_dkk=40005.66
2026-03-05T19:56:00.653+01:00 INFO quote-service host=quote-service-7c9d5b-p9qmz corrId=c-62e7fc2b53bfb54c conversion quote issued quote_id=Q22849371 loan_id=LN435702133
2026-03-05T19:56:06.000+01:00 INFO valuation-service host=valuation-service-5b8f6c-x2k4p corrId=- jvm gc pause pause_ms=27
2026-03-05T20:00:00.257+01:00 INFO payment-scheduler host=payment-scheduler-7c9d5b-x2k4p corrId=- scheduler heartbeat lag_ms=71
2026-03-05T20:00:00.604+01:00 INFO api-gateway host=api-gateway-5b8f6c-p9qmz corrId=- health probe ok status=200 latency_ms=22
2026-03-05T20:00:14.000+01:00 INFO config-service host=config-service-a41e92-x2k4p corrId=- configuration refreshed version=v114
2026-03-05T20:05:00.755+01:00 INFO api-gateway host=api-gateway-7c9d5b-p9qmz corrId=- health probe ok status=200 latency_ms=9
2026-03-05T20:10:00.279+01:00 INFO payment-scheduler host=payment-scheduler-a41e92-x2k4p corrId=- scheduler heartbeat lag_ms=90
2026-03-05T20:10:00.445+01:00 INFO api-gateway host=api-gateway-5b8f6c-t6zvn corrId=- health probe ok status=200 latency_ms=37
2026-03-05T20:13:39.849+01:00 INFO portal-bff host=portal-bff-5b8f6c-x2k4p corrId=c-b2d735a4b3bcc3b7 conversion quote requested loan_id=LN643842626 target_product=FLEX_5Y
2026-03-05T20:13:39.938+01:00 INFO identity-service host=identity-service-a41e92-p9qmz corrId=c-b2d735a4b3bcc3b7 MitID session validated customer_id=C23512796
2026-03-05T20:13:40.025+01:00 INFO pricing-service host=pricing-service-7c9d5b-t6zvn corrId=c-b2d735a4b3bcc3b7 bond price fetched series=BND2.5-2053 price=93.795
2026-03-05T20:13:40.126+01:00 INFO pricing-service host=pricing-service-5b8f6c-x2k4p corrId=c-b2d735a4b3bcc3b7 conversion cost calculated loan_id=LN643842626 cost_dkk=59680.12
2026-03-05T20:13:40.205+01:00 INFO quote-service host=quote-service-a41e92-t6zvn corrId=c-b2d735a4b3bcc3b7 conversion quote issued quote_id=Q24560584 loan_id=LN643842626
2026-03-05T20:15:00.665+01:00 INFO api-gateway host=api-gateway-7c9d5b-p9qmz corrId=- health probe ok status=200 latency_ms=33
2026-03-05T20:20:00.020+01:00 INFO payment-scheduler host=payment-scheduler-a41e92-t6zvn corrId=- scheduler heartbeat lag_ms=25
2026-03-05T20:20:00.724+01:00 INFO api-gateway host=api-gateway-5b8f6c-x2k4p corrId=- health probe ok status=200 latency_ms=9
2026-03-05T20:25:00.193+01:00 INFO api-gateway host=api-gateway-5b8f6c-x2k4p corrId=- health probe ok status=200 latency_ms=11
2026-03-05T20:30:00.636+01:00 INFO payment-scheduler host=payment-scheduler-5b8f6c-p9qmz corrId=- scheduler heartbeat lag_ms=47
2026-03-05T20:30:00.826+01:00 INFO api-gateway host=api-gateway-7c9d5b-x2k4p corrId=- health probe ok status=200 latency_ms=16
2026-03-05T20:35:00.208+01:00 INFO api-gateway host=api-gateway-7c9d5b-x2k4p corrId=- health probe ok status=200 latency_ms=23
2026-03-05T20:40:00.156+01:00 INFO api-gateway host=api-gateway-a41e92-p9qmz corrId=- health probe ok status=200 latency_ms=3
2026-03-05T20:40:00.434+01:00 INFO payment-scheduler host=payment-scheduler-5b8f6c-p9qmz corrId=- scheduler heartbeat lag_ms=93
2026-03-05T20:45:00.679+01:00 INFO api-gateway host=api-gateway-a41e92-t6zvn corrId=- health probe ok status=200 latency_ms=22
2026-03-05T20:50:00.076+01:00 INFO payment-scheduler host=payment-scheduler-5b8f6c-x2k4p corrId=- scheduler heartbeat lag_ms=6
2026-03-05T20:50:00.538+01:00 INFO api-gateway host=api-gateway-7c9d5b-p9qmz corrId=- health probe ok status=200 latency_ms=34
2026-03-05T20:55:00.731+01:00 INFO api-gateway host=api-gateway-a41e92-p9qmz corrId=- health probe ok status=200 latency_ms=27
2026-03-05T21:00:00.468+01:00 INFO payment-scheduler host=payment-scheduler-a41e92-x2k4p corrId=- scheduler heartbeat lag_ms=44
2026-03-05T21:00:00.712+01:00 INFO api-gateway host=api-gateway-5b8f6c-p9qmz corrId=- health probe ok status=200 latency_ms=15
2026-03-05T21:00:48.000+01:00 INFO config-service host=config-service-a41e92-p9qmz corrId=- configuration refreshed version=v107
2026-03-05T21:05:00.235+01:00 INFO api-gateway host=api-gateway-a41e92-x2k4p corrId=- health probe ok status=200 latency_ms=10
2026-03-05T21:10:00.231+01:00 INFO api-gateway host=api-gateway-7c9d5b-t6zvn corrId=- health probe ok status=200 latency_ms=34
2026-03-05T21:10:00.343+01:00 INFO payment-scheduler host=payment-scheduler-a41e92-t6zvn corrId=- scheduler heartbeat lag_ms=90
2026-03-05T21:15:00.387+01:00 INFO api-gateway host=api-gateway-5b8f6c-x2k4p corrId=- health probe ok status=200 latency_ms=25
2026-03-05T21:20:00.363+01:00 INFO api-gateway host=api-gateway-a41e92-t6zvn corrId=- health probe ok status=200 latency_ms=10
2026-03-05T21:20:00.584+01:00 INFO payment-scheduler host=payment-scheduler-5b8f6c-t6zvn corrId=- scheduler heartbeat lag_ms=99
2026-03-05T21:24:20.000+01:00 INFO valuation-service host=valuation-service-a41e92-x2k4p corrId=- jvm gc pause pause_ms=32
2026-03-05T21:25:00.018+01:00 INFO api-gateway host=api-gateway-7c9d5b-x2k4p corrId=- health probe ok status=200 latency_ms=2
2026-03-05T21:30:00.616+01:00 INFO payment-scheduler host=payment-scheduler-7c9d5b-p9qmz corrId=- scheduler heartbeat lag_ms=55
2026-03-05T21:30:00.734+01:00 INFO api-gateway host=api-gateway-a41e92-t6zvn corrId=- health probe ok status=200 latency_ms=12
2026-03-05T21:35:00.086+01:00 INFO api-gateway host=api-gateway-a41e92-p9qmz corrId=- health probe ok status=200 latency_ms=24
2026-03-05T21:40:00.095+01:00 INFO api-gateway host=api-gateway-a41e92-t6zvn corrId=- health probe ok status=200 latency_ms=9
2026-03-05T21:40:00.791+01:00 INFO payment-scheduler host=payment-scheduler-a41e92-p9qmz corrId=- scheduler heartbeat lag_ms=92
2026-03-05T21:45:00.882+01:00 INFO api-gateway host=api-gateway-a41e92-x2k4p corrId=- health probe ok status=200 latency_ms=10
2026-03-05T21:50:00.091+01:00 INFO payment-scheduler host=payment-scheduler-7c9d5b-t6zvn corrId=- scheduler heartbeat lag_ms=39
2026-03-05T21:50:00.616+01:00 INFO api-gateway host=api-gateway-7c9d5b-p9qmz corrId=- health probe ok status=200 latency_ms=22
2026-03-05T21:55:00.225+01:00 INFO api-gateway host=api-gateway-7c9d5b-p9qmz corrId=- health probe ok status=200 latency_ms=28
2026-03-05T22:00:00.085+01:00 INFO api-gateway host=api-gateway-5b8f6c-p9qmz corrId=- health probe ok status=200 latency_ms=31
2026-03-05T22:00:00.280+01:00 INFO payment-scheduler host=payment-scheduler-5b8f6c-p9qmz corrId=- scheduler heartbeat lag_ms=15
2026-03-05T22:00:42.000+01:00 INFO config-service host=config-service-a41e92-x2k4p corrId=- configuration refreshed version=v103
2026-03-05T22:05:00.049+01:00 INFO api-gateway host=api-gateway-a41e92-p9qmz corrId=- health probe ok status=200 latency_ms=29
2026-03-05T22:10:00.641+01:00 INFO api-gateway host=api-gateway-a41e92-p9qmz corrId=- health probe ok status=200 latency_ms=6
2026-03-05T22:10:00.843+01:00 INFO payment-scheduler host=payment-scheduler-7c9d5b-p9qmz corrId=- scheduler heartbeat lag_ms=92
2026-03-05T22:15:00.470+01:00 INFO api-gateway host=api-gateway-5b8f6c-x2k4p corrId=- health probe ok status=200 latency_ms=2
2026-03-05T22:20:00.232+01:00 INFO payment-scheduler host=payment-scheduler-a41e92-x2k4p corrId=- scheduler heartbeat lag_ms=9
2026-03-05T22:20:00.510+01:00 INFO api-gateway host=api-gateway-a41e92-p9qmz corrId=- health probe ok status=200 latency_ms=17
2026-03-05T22:25:00.336+01:00 INFO api-gateway host=api-gateway-5b8f6c-t6zvn corrId=- health probe ok status=200 latency_ms=36
2026-03-05T22:30:00.207+01:00 INFO payment-scheduler host=payment-scheduler-7c9d5b-x2k4p corrId=- scheduler heartbeat lag_ms=106
2026-03-05T22:30:00.290+01:00 INFO api-gateway host=api-gateway-7c9d5b-x2k4p corrId=- health probe ok status=200 latency_ms=35
2026-03-05T22:35:00.620+01:00 INFO api-gateway host=api-gateway-a41e92-t6zvn corrId=- health probe ok status=200 latency_ms=5
2026-03-05T22:40:00.489+01:00 INFO api-gateway host=api-gateway-5b8f6c-p9qmz corrId=- health probe ok status=200 latency_ms=31
2026-03-05T22:40:00.855+01:00 INFO payment-scheduler host=payment-scheduler-a41e92-p9qmz corrId=- scheduler heartbeat lag_ms=4
2026-03-05T22:45:00.240+01:00 INFO api-gateway host=api-gateway-5b8f6c-t6zvn corrId=- health probe ok status=200 latency_ms=34
2026-03-05T22:50:00.169+01:00 INFO api-gateway host=api-gateway-5b8f6c-p9qmz corrId=- health probe ok status=200 latency_ms=37
2026-03-05T22:50:00.437+01:00 INFO payment-scheduler host=payment-scheduler-5b8f6c-t6zvn corrId=- scheduler heartbeat lag_ms=65
2026-03-05T22:55:00.236+01:00 INFO api-gateway host=api-gateway-a41e92-t6zvn corrId=- health probe ok status=200 latency_ms=10
2026-03-05T23:00:00.192+01:00 INFO payment-scheduler host=payment-scheduler-7c9d5b-x2k4p corrId=- scheduler heartbeat lag_ms=33
2026-03-05T23:00:00.698+01:00 INFO api-gateway host=api-gateway-7c9d5b-p9qmz corrId=- health probe ok status=200 latency_ms=7
2026-03-05T23:00:37.000+01:00 INFO config-service host=config-service-a41e92-x2k4p corrId=- configuration refreshed version=v137
2026-03-05T23:05:00.304+01:00 INFO api-gateway host=api-gateway-5b8f6c-x2k4p corrId=- health probe ok status=200 latency_ms=40
2026-03-05T23:10:00.005+01:00 INFO api-gateway host=api-gateway-a41e92-p9qmz corrId=- health probe ok status=200 latency_ms=16
2026-03-05T23:10:00.096+01:00 INFO payment-scheduler host=payment-scheduler-a41e92-t6zvn corrId=- scheduler heartbeat lag_ms=100
2026-03-05T23:15:00.247+01:00 INFO api-gateway host=api-gateway-5b8f6c-t6zvn corrId=- health probe ok status=200 latency_ms=7
2026-03-05T23:20:00.268+01:00 INFO payment-scheduler host=payment-scheduler-5b8f6c-p9qmz corrId=- scheduler heartbeat lag_ms=33
2026-03-05T23:20:00.362+01:00 INFO api-gateway host=api-gateway-7c9d5b-x2k4p corrId=- health probe ok status=200 latency_ms=14
2026-03-05T23:25:00.618+01:00 INFO api-gateway host=api-gateway-5b8f6c-x2k4p corrId=- health probe ok status=200 latency_ms=17
2026-03-05T23:30:00.476+01:00 INFO api-gateway host=api-gateway-7c9d5b-x2k4p corrId=- health probe ok status=200 latency_ms=24
2026-03-05T23:30:00.758+01:00 INFO payment-scheduler host=payment-scheduler-5b8f6c-p9qmz corrId=- scheduler heartbeat lag_ms=33
2026-03-05T23:35:00.608+01:00 INFO api-gateway host=api-gateway-7c9d5b-x2k4p corrId=- health probe ok status=200 latency_ms=6
2026-03-05T23:40:00.453+01:00 INFO payment-scheduler host=payment-scheduler-7c9d5b-t6zvn corrId=- scheduler heartbeat lag_ms=65
2026-03-05T23:40:00.879+01:00 INFO api-gateway host=api-gateway-7c9d5b-x2k4p corrId=- health probe ok status=200 latency_ms=9
2026-03-05T23:45:00.460+01:00 INFO api-gateway host=api-gateway-5b8f6c-x2k4p corrId=- health probe ok status=200 latency_ms=27
2026-03-05T23:50:00.410+01:00 INFO api-gateway host=api-gateway-5b8f6c-t6zvn corrId=- health probe ok status=200 latency_ms=26
2026-03-05T23:50:00.884+01:00 INFO payment-scheduler host=payment-scheduler-7c9d5b-x2k4p corrId=- scheduler heartbeat lag_ms=90
2026-03-05T23:55:00.778+01:00 INFO api-gateway host=api-gateway-7c9d5b-x2k4p corrId=- health probe ok status=200 latency_ms=10
