2026-03-02T00:00:00.585+01:00 INFO api-gateway host=api-gateway-5b8f6c-p9qmz corrId=- health probe ok status=200 latency_ms=11
2026-03-02T00:00:00.787+01:00 INFO payment-scheduler host=payment-scheduler-5b8f6c-t6zvn corrId=- scheduler heartbeat lag_ms=89
2026-03-02T00:00:36.000+01:00 INFO config-service host=config-service-a41e92-t6zvn corrId=- configuration refreshed version=v117
2026-03-02T00:05:00.859+01:00 INFO api-gateway host=api-gateway-5b8f6c-t6zvn corrId=- health probe ok status=200 latency_ms=14
2026-03-02T00:10:00.399+01:00 INFO payment-scheduler host=payment-scheduler-5b8f6c-x2k4p corrId=- scheduler heartbeat lag_ms=76
2026-03-02T00:10:00.728+01:00 INFO api-gateway host=api-gateway-a41e92-x2k4p corrId=- health probe ok status=200 latency_ms=35
2026-03-02T00:10:03.000+01:00 INFO valuation-service host=valuation-service-7c9d5b-x2k4p corrId=- jvm gc pause pause_ms=68
2026-03-02T00:15:00.384+01:00 INFO api-gateway host=api-gateway-a41e92-x2k4p corrId=- health probe ok status=200 latency_ms=26
2026-03-02T00:20:00.319+01:00 INFO api-gateway host=api-gateway-5b8f6c-t6zvn corrId=- health probe ok status=200 latency_ms=36
2026-03-02T00:20:00.648+01:00 INFO payment-scheduler host=payment-scheduler-a41e92-t6zvn corrId=- scheduler heartbeat lag_ms=105
2026-03-02T00:25:00.027+01:00 INFO api-gateway host=api-gateway-5b8f6c-x2k4p corrId=- health probe ok status=200 latency_ms=8
2026-03-02T00:30:00.083+01:00 INFO api-gateway host=api-gateway-5b8f6c-t6zvn corrId=- health probe ok status=200 latency_ms=26
2026-03-02T00:30:00.849+01:00 INFO payment-scheduler host=payment-scheduler-7c9d5b-p9qmz corrId=- scheduler heartbeat lag_ms=53
2026-03-02T00:35:00.468+01:00 INFO api-gateway host=api-gateway-7c9d5b-t6zvn corrId=- health probe ok status=200 latency_ms=25
2026-03-02T00:38:28.000+01:00 INFO valuation-service host=valuation-service-5b8f6c-p9qmz corrId=- jvm gc pause pause_ms=59
2026-03-02T00:40:00.105+01:00 INFO payment-scheduler host=payment-scheduler-7c9d5b-x2k4p corrId=- scheduler heartbeat lag_ms=85
2026-03-02T00:40:00.818+01:00 INFO api-gateway host=api-gateway-a41e92-x2k4p corrId=- health probe ok status=200 latency_ms=2
2026-03-02T00:45:00.109+01:00 INFO api-gateway host=api-gateway-a41e92-p9qmz corrId=- health probe ok status=200 latency_ms=4
2026-03-02T00:48:35.000+01:00 INFO valuation-service host=valuation-service-7c9d5b-x2k4p corrId=- jvm gc pause pause_ms=52
2026-03-02T00:50:00.219+01:00 INFO api-gateway host=api-gateway-5b8f6c-x2k4p corrId=- health probe ok status=200 latency_ms=27
2026-03-02T00:50:00.228+01:00 INFO payment-scheduler host=payment-scheduler-7c9d5b-p9qmz corrId=- scheduler heartbeat lag_ms=66
2026-03-02T00:55:00.375+01:00 INFO api-gateway host=api-gateway-7c9d5b-p9qmz corrId=- health probe ok status=200 latency_ms=19
2026-03-02T01:00:00.591+01:00 INFO api-gateway host=api-gateway-7c9d5b-t6zvn corrId=- health probe ok status=200 latency_ms=17
2026-03-02T01:00:00.821+01:00 INFO payment-scheduler host=payment-scheduler-5b8f6c-p9qmz corrId=- scheduler heartbeat lag_ms=7
2026-03-02T01:00:51.000+01:00 INFO config-service host=config-service-a41e92-t6zvn corrId=- configuration refreshed version=v136
2026-03-02T01:05:00.622+01:00 INFO api-gateway host=api-gateway-7c9d5b-p9qmz corrId=- health probe ok status=200 latency_ms=7
2026-03-02T01:10:00.419+01:00 INFO payment-scheduler host=payment-scheduler-7c9d5b-t6zvn corrId=- scheduler heartbeat lag_ms=57
2026-03-02T01:10:00.489+01:00 INFO api-gateway host=api-gateway-5b8f6c-p9qmz corrId=- health probe ok status=200 latency_ms=33
2026-03-02T01:15:00.134+01:00 INFO api-gateway host=api-gateway-7c9d5b-x2k4p corrId=- health probe ok status=200 latency_ms=8
2026-03-02T01:20:00.182+01:00 INFO payment-scheduler host=payment-scheduler-7c9d5b-t6zvn corrId=- scheduler heartbeat lag_ms=19
2026-03-02T01:20:00.353+01:00 INFO api-gateway host=api-gateway-5b8f6c-t6zvn corrId=- health probe ok status=200 latency_ms=3
2026-03-02T01:25:00.384+01:00 INFO api-gateway host=api-gateway-5b8f6c-t6zvn corrId=- health probe ok status=200 latency_ms=12
2026-03-02T01:26:03.000+01:00 INFO valuation-service host=valuation-service-7c9d5b-t6zvn corrId=- jvm gc pause pause_ms=61
2026-03-02T01:30:00.012+01:00 INFO payment-scheduler host=payment-scheduler-a41e92-t6zvn corrId=- scheduler heartbeat lag_ms=95
2026-03-02T01:30:00.732+01:00 INFO api-gateway host=api-gateway-a41e92-p9qmz corrId=- health probe ok status=200 latency_ms=8
2026-03-02T01:35:00.780+01:00 INFO api-gateway host=api-gateway-7c9d5b-x2k4p corrId=- health probe ok status=200 latency_ms=16
2026-03-02T01:40:00.303+01:00 INFO api-gateway host=api-gateway-5b8f6c-p9qmz corrId=- health probe ok status=200 latency_ms=21
2026-03-02T01:40:00.742+01:00 INFO payment-scheduler host=payment-scheduler-5b8f6c-p9qmz corrId=- scheduler heartbeat lag_ms=26
2026-03-02T01:45:00.818+01:00 INFO api-gateway host=api-gateway-a41e92-t6zvn corrId=- health probe ok status=200 latency_ms=16
2026-03-02T01:50:00.088+01:00 INFO payment-scheduler host=payment-scheduler-a41e92-t6zvn corrId=- scheduler heartbeat lag_ms=17
2026-03-02T01:50:00.825+01:00 INFO api-gateway host=api-gateway-5b8f6c-p9qmz corrId=- health probe ok status=200 latency_ms=21
2026-03-02T01:55:00.525+01:00 INFO api-gateway host=api-gateway-5b8f6c-p9qmz corrId=- health probe ok status=200 latency_ms=4
2026-03-02T02:00:00.350+01:00 INFO api-gateway host=api-gateway-a41e92-t6zvn corrId=- health probe ok status=200 latency_ms=5
2026-03-02T02:00:00.351+01:00 INFO payment-scheduler host=payment-scheduler-a41e92-x2k4p corrId=- scheduler heartbeat lag_ms=43
2026-03-02T02:00:03.000+01:00 INFO config-service host=config-service-a41e92-t6zvn corrId=- configuration refreshed version=v119
2026-03-02T02:05:00.205+01:00 INFO api-gateway host=api-gateway-7c9d5b-t6zvn corrId=- health probe ok status=200 latency_ms=19
2026-03-02T02:10:00.499+01:00 INFO payment-scheduler host=payment-scheduler-a41e92-p9qmz corrId=- scheduler heartbeat lag_ms=10
2026-03-02T02:10:00.619+01:00 INFO api-gateway host=api-gateway-7c9d5b-t6zvn corrId=- health probe ok status=200 latency_ms=13
2026-03-02T02:12:23.529+01:00 INFO payment-scheduler host=payment-scheduler-a41e92-p9qmz corrId=c-a3f8d05e403fd994 instalment collection started loan_id=LN523564239 due_date=2026-03-08
2026-03-02T02:12:23.625+01:00 INFO payment-service host=payment-service-7c9d5b-t6zvn corrId=c-a3f8d05e403fd994 direct debit mandate verified loan_id=LN523564239 mandate_id=MD7221460
2026-03-02T02:12:23.689+01:00 INFO payment-service host=payment-service-7c9d5b-x2k4p corrId=c-a3f8d05e403fd994 payment instruction sent loan_id=LN523564239 amount_dkk=9489.02
2026-03-02T02:12:23.739+01:00 INFO ledger-service host=ledger-service-7c9d5b-p9qmz corrId=c-a3f8d05e403fd994 ledger posting accepted loan_id=LN523564239 amount_dkk=9489.02 posting_id=PST-2bac4e2016
2026-03-02T02:12:23.831+01:00 INFO payment-service host=payment-service-7c9d5b-x2k4p corrId=c-a3f8d05e403fd994 payment settled loan_id=LN523564239 amount_dkk=9489.02
2026-03-02T02:12:23.891+01:00 INFO notification-service host=notification-service-a41e92-t6zvn corrId=c-a3f8d05e403fd994 payment receipt sent loan_id=LN523564239 channel=DIGITAL_POST
2026-03-02T02:12:50.134+01:00 INFO payment-scheduler host=payment-scheduler-7c9d5b-p9qmz corrId=c-34600cb82641f430 instalment collection started loan_id=LN092503008 due_date=2026-03-22
2026-03-02T02:12:50.269+01:00 INFO payment-service host=payment-service-5b8f6c-t6zvn corrId=c-34600cb82641f430 direct debit mandate verified loan_id=LN092503008 mandate_id=MD8913792
2026-03-02T02:12:50.374+01:00 INFO payment-service host=payment-service-a41e92-t6zvn corrId=c-34600cb82641f430 payment instruction sent loan_id=LN092503008 amount_dkk=10306.62
2026-03-02T02:12:50.402+01:00 INFO ledger-service host=ledger-service-a41e92-p9qmz corrId=c-34600cb82641f430 ledger posting accepted loan_id=LN092503008 amount_dkk=10306.62 posting_id=PST-ba7e69231a
2026-03-02T02:12:50.509+01:00 INFO payment-service host=payment-service-5b8f6c-x2k4p corrId=c-34600cb82641f430 payment settled loan_id=LN092503008 amount_dkk=10306.62
2026-03-02T02:12:50.528+01:00 INFO notification-service host=notification-service-a41e92-x2k4p corrId=c-34600cb82641f430 payment receipt sent loan_id=LN092503008 channel=DIGITAL_POST
2026-03-02T02:13:01.333+01:00 INFO payment-scheduler host=payment-scheduler-7c9d5b-t6zvn corrId=c-4a02ecab1141494c instalment collection started loan_id=LN731307040 due_date=2026-03-02
2026-03-02T02:13:01.408+01:00 INFO payment-service host=payment-service-5b8f6c-t6zvn corrId=c-4a02ecab1141494c direct debit mandate verified loan_id=LN731307040 mandate_id=MD3914042
2026-03-02T02:13:01.486+01:00 INFO payment-service host=payment-service-a41e92-p9qmz corrId=c-4a02ecab1141494c payment instruction sent loan_id=LN731307040 amount_dkk=7902.38
2026-03-02T02:13:01.546+01:00 INFO ledger-service host=ledger-service-7c9d5b-p9qmz corrId=c-4a02ecab1141494c ledger posting accepted loan_id=LN731307040 amount_dkk=7902.38 posting_id=PST-6268392c4d
2026-03-02T02:13:01.638+01:00 INFO payment-service host=payment-service-7c9d5b-t6zvn corrId=c-4a02ecab1141494c payment settled loan_id=LN731307040 amount_dkk=7902.38
2026-03-02T02:13:01.650+01:00 INFO notification-service host=notification-service-5b8f6c-t6zvn corrId=c-4a02ecab1141494c payment receipt sent loan_id=LN731307040 channel=EMAIL
2026-03-02T02:14:15.551+01:00 INFO payment-scheduler host=payment-scheduler-7c9d5b-x2k4p corrId=c-b425b8b245cc57d5 instalment collection started loan_id=LN114239905 due_date=2026-03-24
2026-03-02T02:14:15.664+01:00 INFO payment-service host=payment-service-a41e92-p9qmz corrId=c-b425b8b245cc57d5 direct debit mandate verified loan_id=LN114239905 mandate_id=MD5581499
2026-03-02T02:14:15.793+01:00 INFO payment-service host=payment-service-5b8f6c-x2k4p corrId=c-b425b8b245cc57d5 payment instruction sent loan_id=LN114239905 amount_dkk=9609.17
2026-03-02T02:14:15.931+01:00 INFO ledger-service host=ledger-service-7c9d5b-t6zvn corrId=c-b425b8b245cc57d5 ledger posting accepted loan_id=LN114239905 amount_dkk=9609.17 posting_id=PST-57654cab3f
2026-03-02T02:14:15.968+01:00 INFO payment-service host=payment-service-a41e92-x2k4p corrId=c-b425b8b245cc57d5 payment settled loan_id=LN114239905 amount_dkk=9609.17
2026-03-02T02:14:16.068+01:00 INFO notification-service host=notification-service-a41e92-t6zvn corrId=c-b425b8b245cc57d5 payment receipt sent loan_id=LN114239905 channel=EMAIL
2026-03-02T02:14:52.083+01:00 INFO payment-scheduler host=payment-scheduler-7c9d5b-p9qmz corrId=c-7d194b92f0f9bc0c instalment collection started loan_id=LN316579603 due_date=2026-03-18
2026-03-02T02:14:52.185+01:00 INFO payment-service host=payment-service-7c9d5b-t6zvn corrId=c-7d194b92f0f9bc0c direct debit mandate verified loan_id=LN316579603 mandate_id=MD7721312
2026-03-02T02:14:52.266+01:00 INFO payment-service host=payment-service-5b8f6c-t6zvn corrId=c-7d194b92f0f9bc0c payment instruction sent loan_id=LN316579603 amount_dkk=17281.50
2026-03-02T02:14:52.300+01:00 INFO ledger-service host=ledger-service-a41e92-t6zvn corrId=c-7d194b92f0f9bc0c ledger posting accepted loan_id=LN316579603 amount_dkk=17281.50 posting_id=PST-722098c4fe
2026-03-02T02:14:52.400+01:00 INFO payment-service host=payment-service-a41e92-x2k4p corrId=c-7d194b92f0f9bc0c payment settled loan_id=LN316579603 amount_dkk=17281.50
2026-03-02T02:14:52.412+01:00 INFO notification-service host=notification-service-a41e92-x2k4p corrId=c-7d194b92f0f9bc0c payment receipt sent loan_id=LN316579603 channel=DIGITAL_POST
2026-03-02T02:15:00.072+01:00 INFO api-gateway host=api-gateway-7c9d5b-x2k4p corrId=- health probe ok status=200 latency_ms=31
2026-03-02T02:15:00.536+01:00 INFO payment-scheduler host=payment-scheduler-a41e92-p9qmz corrId=c-baf802674da71a8f instalment collection started loan_id=LN324870742 due_date=2026-03-13
2026-03-02T02:15:00.642+01:00 INFO payment-service host=payment-service-5b8f6c-t6zvn corrId=c-baf802674da71a8f direct debit mandate verified loan_id=LN324870742 mandate_id=MD2522833
2026-03-02T02:15:00.747+01:00 INFO payment-service host=payment-service-7c9d5b-x2k4p corrId=c-baf802674da71a8f payment instruction sent loan_id=LN324870742 amount_dkk=14674.39
2026-03-02T02:15:00.870+01:00 INFO ledger-service host=ledger-service-a41e92-t6zvn corrId=c-baf802674da71a8f ledger posting accepted loan_id=LN324870742 amount_dkk=14674.39 posting_id=PST-3cd3d65bd5
2026-03-02T02:15:00.892+01:00 INFO payment-service host=payment-service-a41e92-t6zvn corrId=c-baf802674da71a8f payment settled loan_id=LN324870742 amount_dkk=14674.39
2026-03-02T02:15:00.912+01:00 INFO notification-service host=notification-service-a41e92-p9qmz corrId=c-baf802674da71a8f payment receipt sent loan_id=LN324870742 channel=EMAIL
2026-03-02T02:15:03.533+01:00 INFO payment-scheduler host=payment-scheduler-7c9d5b-t6zvn corrId=c-6d40d01fec9d3517 instalment collection started loan_id=LN228090380 due_date=2026-03-06
2026-03-02T02:15:03.663+01:00 INFO payment-service host=payment-service-7c9d5b-t6zvn corrId=c-6d40d01fec9d3517 direct debit mandate verified loan_id=LN228090380 mandate_id=MD5704295
2026-03-02T02:15:03.672+01:00 INFO payment-service host=payment-service-5b8f6c-x2k4p corrId=c-6d40d01fec9d3517 payment instruction sent loan_id=LN228090380 amount_dkk=13610.73
2026-03-02T02:15:03.801+01:00 INFO ledger-service host=ledger-service-7c9d5b-t6zvn corrId=c-6d40d01fec9d3517 ledger posting accepted loan_id=LN228090380 amount_dkk=13610.73 posting_id=PST-3ccd5d384b
2026-03-02T02:15:03.822+01:00 INFO payment-service host=payment-service-5b8f6c-p9qmz corrId=c-6d40d01fec9d3517 payment settled loan_id=LN228090380 amount_dkk=13610.73
2026-03-02T02:15:03.873+01:00 INFO notification-service host=notification-service-a41e92-x2k4p corrId=c-6d40d01fec9d3517 payment receipt sent loan_id=LN228090380 channel=DIGITAL_POST
2026-03-02T02:15:25.979+01:00 INFO payment-scheduler host=payment-scheduler-a41e92-p9qmz corrId=c-3cea848405b86a70 instalment collection started loan_id=LN917711901 due_date=2026-03-21
2026-03-02T02:15:26.088+01:00 INFO payment-service host=payment-service-5b8f6c-t6zvn corrId=c-3cea848405b86a70 direct debit mandate verified loan_id=LN917711901 mandate_id=MD3139742
2026-03-02T02:15:26.200+01:00 INFO payment-service host=payment-service-7c9d5b-x2k4p corrId=c-3cea848405b86a70 payment instruction sent loan_id=LN917711901 amount_dkk=13614.56
2026-03-02T02:15:26.222+01:00 INFO ledger-service host=ledger-service-7c9d5b-t6zvn corrId=c-3cea848405b86a70 ledger posting accepted loan_id=LN917711901 amount_dkk=13614.56 posting_id=PST-fedc5a495b
2026-03-02T02:15:26.354+01:00 INFO payment-service host=payment-service-5b8f6c-t6zvn corrId=c-3cea848405b86a70 payment settled loan_id=LN917711901 amount_dkk=13614.56
2026-03-02T02:15:26.484+01:00 INFO notification-service host=notification-service-7c9d5b-x2k4p corrId=c-3cea848405b86a70 payment receipt sent loan_id=LN917711901 channel=DIGITAL_POST
2026-03-02T02:16:51.027+01:00 INFO payment-scheduler host=payment-scheduler-7c9d5b-p9qmz corrId=c-0596d463155b6bca instalment collection started loan_id=LN614809019 due_date=2026-03-01
2026-03-02T02:16:51.058+01:00 INFO payment-service host=payment-service-5b8f6c-t6zvn corrId=c-0596d463155b6bca direct debit mandate verified loan_id=LN614809019 mandate_id=MD9964472
2026-03-02T02:16:51.138+01:00 INFO payment-service host=payment-service-a41e92-p9qmz corrId=c-0596d463155b6bca payment instruction sent loan_id=LN614809019 amount_dkk=17271.04
2026-03-02T02:16:51.191+01:00 INFO ledger-service host=ledger-service-5b8f6c-t6zvn corrId=c-0596d463155b6bca ledger posting accepted loan_id=LN614809019 amount_dkk=17271.04 posting_id=PST-98b691fae3
2026-03-02T02:16:51.328+01:00 INFO payment-service host=payment-service-5b8f6c-x2k4p corrId=c-0596d463155b6bca payment settled loan_id=LN614809019 amount_dkk=17271.04
2026-03-02T02:16:51.415+01:00 INFO notification-service host=notification-service-a41e92-t6zvn corrId=c-0596d463155b6bca payment receipt sent loan_id=LN614809019 channel=EMAIL
2026-03-02T02:17:29.777+01:00 INFO payment-scheduler host=payment-scheduler-7c9d5b-p9qmz corrId=c-c3d076c8801d8e14 instalment collection started loan_id=LN446770571 due_date=2026-03-24
2026-03-02T02:17:29.824+01:00 INFO payment-service host=payment-service-a41e92-x2k4p corrId=c-c3d076c8801d8e14 direct debit mandate verified loan_id=LN446770571 mandate_id=MD4074844
2026-03-02T02:17:29.896+01:00 INFO payment-service host=payment-service-5b8f6c-x2k4p corrId=c-c3d076c8801d8e14 payment instruction sent loan_id=LN446770571 amount_dkk=10810.48
2026-03-02T02:17:29.925+01:00 INFO ledger-service host=ledger-service-5b8f6c-x2k4p corrId=c-c3d076c8801d8e14 ledger posting accepted loan_id=LN446770571 amount_dkk=10810.48 posting_id=PST-c343ea3aeb
2026-03-02T02:17:29.994+01:00 INFO payment-service host=payment-service-a41e92-t6zvn corrId=c-c3d076c8801d8e14 payment settled loan_id=LN446770571 amount_dkk=10810.48
2026-03-02T02:17:30.031+01:00 INFO notification-service host=notification-service-a41e92-p9qmz corrId=c-c3d076c8801d8e14 payment receipt sent loan_id=LN446770571 channel=EMAIL
2026-03-02T02:17:44.044+01:00 INFO payment-scheduler host=payment-scheduler-5b8f6c-t6zvn corrId=c-5833ee1ef2343433 instalment collection started loan_id=LN486243879 due_date=2026-03-15
2026-03-02T02:17:44.114+01:00 INFO payment-service host=payment-service-7c9d5b-x2k4p corrId=c-5833ee1ef2343433 direct debit mandate verified loan_id=LN486243879 mandate_id=MD8164642
2026-03-02T02:17:44.120+01:00 INFO payment-service host=payment-service-5b8f6c-x2k4p corrId=c-5833ee1ef2343433 payment instruction sent loan_id=LN486243879 amount_dkk=10541.72
2026-03-02T02:17:44.208+01:00 INFO ledger-service host=ledger-service-5b8f6c-x2k4p corrId=c-5833ee1ef2343433 ledger posting accepted loan_id=LN486243879 amount_dkk=10541.72 posting_id=PST-0100b81254
2026-03-02T02:17:44.258+01:00 INFO payment-service host=payment-service-a41e92-p9qmz corrId=c-5833ee1ef2343433 payment settled loan_id=LN486243879 amount_dkk=10541.72
2026-03-02T02:17:44.395+01:00 INFO notification-service host=notification-service-5b8f6c-x2k4p corrId=c-5833ee1ef2343433 payment receipt sent loan_id=LN486243879 channel=EMAIL
2026-03-02T02:17:59.237+01:00 INFO payment-scheduler host=payment-scheduler-a41e92-p9qmz corrId=c-1c97a5fc0a43657a instalment collection started loan_id=LN995788184 due_date=2026-03-01
2026-03-02T02:17:59.325+01:00 INFO payment-service host=payment-service-5b8f6c-x2k4p corrId=c-1c97a5fc0a43657a direct debit mandate verified loan_id=LN995788184 mandate_id=MD9506631
2026-03-02T02:17:59.358+01:00 INFO payment-service host=payment-service-a41e92-p9qmz corrId=c-1c97a5fc0a43657a payment instruction sent loan_id=LN995788184 amount_dkk=12177.16
2026-03-02T02:17:59.434+01:00 INFO ledger-service host=ledger-service-7c9d5b-x2k4p corrId=c-1c97a5fc0a43657a ledger posting accepted loan_id=LN995788184 amount_dkk=12177.16 posting_id=PST-61ffebf72e
2026-03-02T02:17:59.480+01:00 INFO payment-service host=payment-service-5b8f6c-p9qmz corrId=c-1c97a5fc0a43657a payment settled loan_id=LN995788184 amount_dkk=12177.16
2026-03-02T02:17:59.581+01:00 INFO notification-service host=notification-service-7c9d5b-x2k4p corrId=c-1c97a5fc0a43657a payment receipt sent loan_id=LN995788184 channel=DIGITAL_POST
2026-03-02T02:18:04.549+01:00 INFO payment-scheduler host=payment-scheduler-7c9d5b-p9qmz corrId=c-ba795b2fcc614767 instalment collection started loan_id=LN796136097 due_date=2026-03-19
2026-03-02T02:18:04.606+01:00 INFO payment-service host=payment-service-a41e92-p9qmz corrId=c-ba795b2fcc614767 direct debit mandate verified loan_id=LN796136097 mandate_id=MD2951385
2026-03-02T02:18:04.660+01:00 INFO payment-service host=payment-service-7c9d5b-p9qmz corrId=c-ba795b2fcc614767 payment instruction sent loan_id=LN796136097 amount_dkk=9843.14
2026-03-02T02:18:04.706+01:00 INFO ledger-service host=ledger-service-7c9d5b-t6zvn corrId=c-ba795b2fcc614767 ledger posting accepted loan_id=LN796136097 amount_dkk=9843.14 posting_id=PST-06e3da61b6
2026-03-02T02:18:04.843+01:00 INFO payment-service host=payment-service-5b8f6c-x2k4p corrId=c-ba795b2fcc614767 payment settled loan_id=LN796136097 amount_dkk=9843.14
2026-03-02T02:18:04.849+01:00 INFO payment-scheduler host=payment-scheduler-5b8f6c-x2k4p corrId=c-b4d3d2140595cf80 instalment collection started loan_id=LN545523747 due_date=2026-03-18
2026-03-02T02:18:04.940+01:00 INFO payment-service host=payment-service-7c9d5b-x2k4p corrId=c-b4d3d2140595cf80 direct debit mandate verified loan_id=LN545523747 mandate_id=MD7446815
2026-03-02T02:18:04.945+01:00 INFO notification-service host=notification-service-a41e92-t6zvn corrId=c-ba795b2fcc614767 payment receipt sent loan_id=LN796136097 channel=DIGITAL_POST
2026-03-02T02:18:04.971+01:00 INFO payment-service host=payment-service-7c9d5b-x2k4p corrId=c-b4d3d2140595cf80 payment instruction sent loan_id=LN545523747 amount_dkk=12104.07
2026-03-02T02:18:05.077+01:00 INFO ledger-service host=ledger-service-a41e92-x2k4p corrId=c-b4d3d2140595cf80 ledger posting accepted loan_id=LN545523747 amount_dkk=12104.07 posting_id=PST-1c4b407c33
2026-03-02T02:18:05.101+01:00 INFO payment-service host=payment-service-7c9d5b-x2k4p corrId=c-b4d3d2140595cf80 payment settled loan_id=LN545523747 amount_dkk=12104.07
2026-03-02T02:18:05.112+01:00 INFO notification-service host=notification-service-a41e92-p9qmz corrId=c-b4d3d2140595cf80 payment receipt sent loan_id=LN545523747 channel=DIGITAL_POST
2026-03-02T02:18:57.713+01:00 INFO payment-scheduler host=payment-scheduler-5b8f6c-x2k4p corrId=c-5cb3d2fb9a6c9d09 instalment collection started loan_id=LN899706846 due_date=2026-03-25
2026-03-02T02:18:57.767+01:00 INFO payment-service host=payment-service-7c9d5b-p9qmz corrId=c-5cb3d2fb9a6c9d09 direct debit mandate verified loan_id=LN899706846 mandate_id=MD5091886
2026-03-02T02:18:57.875+01:00 INFO payment-service host=payment-service-7c9d5b-p9qmz corrId=c-5cb3d2fb9a6c9d09 payment instruction sent loan_id=LN899706846 amount_dkk=15515.65
2026-03-02T02:18:57.946+01:00 INFO ledger-service host=ledger-service-a41e92-t6zvn corrId=c-5cb3d2fb9a6c9d09 ledger posting accepted loan_id=LN899706846 amount_dkk=15515.65 posting_id=PST-7b8e6ddb86
2026-03-02T02:18:58.018+01:00 INFO payment-service host=payment-service-5b8f6c-x2k4p corrId=c-5cb3d2fb9a6c9d09 payment settled loan_id=LN899706846 amount_dkk=15515.65
2026-03-02T02:18:58.026+01:00 INFO notification-service host=notification-service-a41e92-p9qmz corrId=c-5cb3d2fb9a6c9d09 payment receipt sent loan_id=LN899706846 channel=DIGITAL_POST
2026-03-02T02:19:29.172+01:00 INFO payment-scheduler host=payment-scheduler-7c9d5b-p9qmz corrId=c-54ee24ab6c80f9e9 instalment collection started loan_id=LN561407392 due_date=2026-03-18
2026-03-02T02:19:29.273+01:00 INFO payment-service host=payment-service-a41e92-x2k4p corrId=c-54ee24ab6c80f9e9 direct debit mandate verified loan_id=LN561407392 mandate_id=MD0284499
2026-03-02T02:19:29.338+01:00 INFO payment-service host=payment-service-7c9d5b-x2k4p corrId=c-54ee24ab6c80f9e9 payment instruction sent loan_id=LN561407392 amount_dkk=8876.79
2026-03-02T02:19:29.445+01:00 INFO ledger-service host=ledger-service-a41e92-t6zvn corrId=c-54ee24ab6c80f9e9 ledger posting accepted loan_id=LN561407392 amount_dkk=8876.79 posting_id=PST-4ab3d7fff3
2026-03-02T02:19:29.523+01:00 INFO payment-service host=payment-service-5b8f6c-x2k4p corrId=c-54ee24ab6c80f9e9 payment settled loan_id=LN561407392 amount_dkk=8876.79
2026-03-02T02:19:29.556+01:00 INFO notification-service host=notification-service-a41e92-t6zvn corrId=c-54ee24ab6c80f9e9 payment receipt sent loan_id=LN561407392 channel=DIGITAL_POST
2026-03-02T02:19:52.602+01:00 INFO payment-scheduler host=payment-scheduler-5b8f6c-x2k4p corrId=c-d731d7ff92312d28 instalment collection started loan_id=LN271905683 due_date=2026-03-27
2026-03-02T02:19:52.662+01:00 INFO payment-service host=payment-service-7c9d5b-t6zvn corrId=c-d731d7ff92312d28 direct debit mandate verified loan_id=LN271905683 mandate_id=MD2190049
2026-03-02T02:19:52.672+01:00 INFO payment-service host=payment-service-5b8f6c-p9qmz corrId=c-d731d7ff92312d28 payment instruction sent loan_id=LN271905683 amount_dkk=9313.15
2026-03-02T02:19:52.770+01:00 WARN ledger-service host=ledger-service-7c9d5b-p9qmz corrId=c-d731d7ff92312d28 ledger posting retried loan_id=LN271905683 attempt=1
2026-03-02T02:19:52.861+01:00 INFO ledger-service host=ledger-service-5b8f6c-x2k4p corrId=c-d731d7ff92312d28 ledger posting accepted loan_id=LN271905683 amount_dkk=9313.15 posting_id=PST-bc62b2c863
2026-03-02T02:19:52.979+01:00 INFO payment-service host=payment-service-7c9d5b-x2k4p corrId=c-d731d7ff92312d28 payment settled loan_id=LN271905683 amount_dkk=9313.15
2026-03-02T02:19:53.093+01:00 INFO notification-service host=notification-service-5b8f6c-p9qmz corrId=c-d731d7ff92312d28 payment receipt sent loan_id=LN271905683 channel=DIGITAL_POST
2026-03-02T02:20:00.016+01:00 INFO payment-scheduler host=payment-scheduler-5b8f6c-t6zvn corrId=- scheduler heartbeat lag_ms=42
2026-03-02T02:20:00.136+01:00 INFO api-gateway host=api-gateway-7c9d5b-p9qmz corrId=- health probe ok status=200 latency_ms=3
2026-03-02T02:20:23.820+01:00 INFO payment-scheduler host=payment-scheduler-a41e92-p9qmz corrId=c-4cd93f9960a9e189 instalment collection started loan_id=LN718780266 due_date=2026-03-20
2026-03-02T02:20:23.882+01:00 INFO payment-service host=payment-service-5b8f6c-x2k4p corrId=c-4cd93f9960a9e189 direct debit mandate verified loan_id=LN718780266 mandate_id=MD2581201
2026-03-02T02:20:23.897+01:00 INFO payment-service host=payment-service-7c9d5b-x2k4p corrId=c-4cd93f9960a9e189 payment instruction sent loan_id=LN718780266 amount_dkk=7073.89
2026-03-02T02:20:23.925+01:00 INFO ledger-service host=ledger-service-a41e92-x2k4p corrId=c-4cd93f9960a9e189 ledger posting accepted loan_id=LN718780266 amount_dkk=7073.89 posting_id=PST-e016286d6e
2026-03-02T02:20:23.935+01:00 INFO payment-service host=payment-service-7c9d5b-x2k4p corrId=c-4cd93f9960a9e189 payment settled loan_id=LN718780266 amount_dkk=7073.89
2026-03-02T02:20:23.958+01:00 INFO notification-service host=notification-service-5b8f6c-x2k4p corrId=c-4cd93f9960a9e189 payment receipt sent loan_id=LN718780266 channel=DIGITAL_POST
2026-03-02T02:20:26.681+01:00 INFO payment-scheduler host=payment-scheduler-7c9d5b-t6zvn corrId=c-58b31e739b92089f instalment collection started loan_id=LN786857162 due_date=2026-03-23
2026-03-02T02:20:26.782+01:00 INFO payment-service host=payment-service-a41e92-t6zvn corrId=c-58b31e739b92089f direct debit mandate verified loan_id=LN786857162 mandate_id=MD7748353
2026-03-02T02:20:26.878+01:00 INFO payment-service host=payment-service-7c9d5b-p9qmz corrId=c-58b31e739b92089f payment instruction sent loan_id=LN786857162 amount_dkk=14674.50
2026-03-02T02:20:26.897+01:00 WARN ledger-service host=ledger-service-a41e92-p9qmz corrId=c-58b31e739b92089f ledger posting retried loan_id=LN786857162 attempt=1
2026-03-02T02:20:26.952+01:00 INFO ledger-service host=ledger-service-7c9d5b-p9qmz corrId=c-58b31e739b92089f ledger posting accepted loan_id=LN786857162 amount_dkk=14674.50 posting_id=PST-75c0f5fb5d
2026-03-02T02:20:26.976+01:00 INFO payment-service host=payment-service-7c9d5b-x2k4p corrId=c-58b31e739b92089f payment settled loan_id=LN786857162 amount_dkk=14674.50
2026-03-02T02:20:27.085+01:00 INFO notification-service host=notification-service-5b8f6c-p9qmz corrId=c-58b31e739b92089f payment receipt sent loan_id=LN786857162 channel=DIGITAL_POST
2026-03-02T02:20:59.060+01:00 INFO payment-scheduler host=payment-scheduler-7c9d5b-p9qmz corrId=c-e3eca621019495df instalment collection started loan_id=LN185638161 due_date=2026-03-26
2026-03-02T02:20:59.156+01:00 INFO payment-service host=payment-service-7c9d5b-x2k4p corrId=c-e3eca621019495df direct debit mandate verified loan_id=LN185638161 mandate_id=MD1057709
2026-03-02T02:20:59.273+01:00 INFO payment-service host=payment-service-a41e92-p9qmz corrId=c-e3eca621019495df payment instruction sent loan_id=LN185638161 amount_dkk=13580.53
2026-03-02T02:20:59.395+01:00 INFO ledger-service host=ledger-service-a41e92-p9qmz corrId=c-e3eca621019495df ledger posting accepted loan_id=LN185638161 amount_dkk=13580.53 posting_id=PST-e28e452c42
2026-03-02T02:20:59.474+01:00 INFO payment-service host=payment-service-a41e92-t6zvn corrId=c-e3eca621019495df payment settled loan_id=LN185638161 amount_dkk=13580.53
2026-03-02T02:20:59.552+01:00 INFO notification-service host=notification-service-a41e92-x2k4p corrId=c-e3eca621019495df payment receipt sent loan_id=LN185638161 channel=EMAIL
2026-03-02T02:21:05.933+01:00 INFO payment-scheduler host=payment-scheduler-a41e92-t6zvn corrId=c-80a3028ab30e992f instalment collection started loan_id=LN166441847 due_date=2026-03-16
2026-03-02T02:21:05.994+01:00 INFO payment-service host=payment-service-a41e92-t6zvn corrId=c-80a3028ab30e992f direct debit mandate verified loan_id=LN166441847 mandate_id=MD4963843
2026-03-02T02:21:06.041+01:00 INFO payment-service host=payment-service-7c9d5b-p9qmz corrId=c-80a3028ab30e992f payment instruction sent loan_id=LN166441847 amount_dkk=10817.70
2026-03-02T02:21:06.159+01:00 INFO ledger-service host=ledger-service-7c9d5b-t6zvn corrId=c-80a3028ab30e992f ledger posting accepted loan_id=LN166441847 amount_dkk=10817.70 posting_id=PST-45003fe52a
2026-03-02T02:21:06.170+01:00 INFO payment-service host=payment-service-5b8f6c-x2k4p corrId=c-80a3028ab30e992f payment settled loan_id=LN166441847 amount_dkk=10817.70
2026-03-02T02:21:06.235+01:00 INFO notification-service host=notification-service-5b8f6c-p9qmz corrId=c-80a3028ab30e992f payment receipt sent loan_id=LN166441847 channel=DIGITAL_POST
2026-03-02T02:22:11.777+01:00 INFO payment-scheduler host=payment-scheduler-5b8f6c-p9qmz corrId=c-8e0dbb4e5b714990 instalment collection started loan_id=LN790602077 due_date=2026-03-09
2026-03-02T02:22:11.893+01:00 INFO payment-service host=payment-service-a41e92-p9qmz corrId=c-8e0dbb4e5b714990 direct debit mandate verified loan_id=LN790602077 mandate_id=MD2104676
2026-03-02T02:22:12.005+01:00 INFO payment-service host=payment-service-5b8f6c-t6zvn corrId=c-8e0dbb4e5b714990 payment instruction sent loan_id=LN790602077 amount_dkk=14493.99
2026-03-02T02:22:12.049+01:00 INFO ledger-service host=ledger-service-a41e92-t6zvn corrId=c-8e0dbb4e5b714990 ledger posting accepted loan_id=LN790602077 amount_dkk=14493.99 posting_id=PST-dfc9e56405
2026-03-02T02:22:12.097+01:00 INFO payment-service host=payment-service-7c9d5b-x2k4p corrId=c-8e0dbb4e5b714990 payment settled loan_id=LN790602077 amount_dkk=14493.99
2026-03-02T02:22:12.133+01:00 INFO notification-service host=notification-service-5b8f6c-p9qmz corrId=c-8e0dbb4e5b714990 payment receipt sent loan_id=LN790602077 channel=DIGITAL_POST
2026-03-02T02:22:30.445+01:00 INFO payment-scheduler host=payment-scheduler-5b8f6c-p9qmz corrId=c-6e9fd8629dce487a instalment collection started loan_id=LN444464743 due_date=2026-03-18
2026-03-02T02:22:30.571+01:00 INFO payment-service host=payment-service-7c9d5b-t6zvn corrId=c-6e9fd8629dce487a direct debit mandate verified loan_id=LN444464743 mandate_id=MD4160203
2026-03-02T02:22:30.697+01:00 INFO payment-service host=payment-service-5b8f6c-t6zvn corrId=c-6e9fd8629dce487a payment instruction sent loan_id=LN444464743 amount_dkk=2917.45
2026-03-02T02:22:30.765+01:00 INFO ledger-service host=ledger-service-7c9d5b-p9qmz corrId=c-6e9fd8629dce487a ledger posting accepted loan_id=LN444464743 amount_dkk=2917.45 posting_id=PST-eaa7d7515b
2026-03-02T02:22:30.861+01:00 INFO payment-service host=payment-service-a41e92-p9qmz corrId=c-6e9fd8629dce487a payment settled loan_id=LN444464743 amount_dkk=2917.45
2026-03-02T02:22:30.962+01:00 INFO notification-service host=notification-service-a41e92-x2k4p corrId=c-6e9fd8629dce487a payment receipt sent loan_id=LN444464743 channel=DIGITAL_POST
2026-03-02T02:23:05.137+01:00 INFO payment-scheduler host=payment-scheduler-5b8f6c-t6zvn corrId=c-8c7d9ee3f32d4666 instalment collection started loan_id=LN207797196 due_date=2026-03-24
2026-03-02T02:23:05.195+01:00 INFO payment-service host=payment-service-a41e92-p9qmz corrId=c-8c7d9ee3f32d4666 direct debit mandate verified loan_id=LN207797196 mandate_id=MD9943938
2026-03-02T02:23:05.204+01:00 INFO payment-service host=payment-service-5b8f6c-x2k4p corrId=c-8c7d9ee3f32d4666 payment instruction sent loan_id=LN207797196 amount_dkk=10672.86
2026-03-02T02:23:05.337+01:00 INFO ledger-service host=ledger-service-a41e92-t6zvn corrId=c-8c7d9ee3f32d4666 ledger posting accepted loan_id=LN207797196 amount_dkk=10672.86 posting_id=PST-3504ac7aff
2026-03-02T02:23:05.454+01:00 INFO payment-service host=payment-service-a41e92-x2k4p corrId=c-8c7d9ee3f32d4666 payment settled loan_id=LN207797196 amount_dkk=10672.86
2026-03-02T02:23:05.510+01:00 INFO notification-service host=notification-service-7c9d5b-x2k4p corrId=c-8c7d9ee3f32d4666 payment receipt sent loan_id=LN207797196 channel=DIGITAL_POST
2026-03-02T02:23:06.216+01:00 INFO payment-scheduler host=payment-scheduler-a41e92-p9qmz corrId=c-222348fa498ff52a instalment collection started loan_id=LN911428704 due_date=2026-03-11
2026-03-02T02:23:06.256+01:00 INFO payment-service host=payment-service-a41e92-t6zvn corrId=c-222348fa498ff52a direct debit mandate verified loan_id=LN911428704 mandate_id=MD3248818
2026-03-02T02:23:06.363+01:00 INFO payment-service host=payment-service-7c9d5b-t6zvn corrId=c-222348fa498ff52a payment instruction sent loan_id=LN911428704 amount_dkk=4183.22
2026-03-02T02:23:06.429+01:00 INFO ledger-service host=ledger-service-5b8f6c-t6zvn corrId=c-222348fa498ff52a ledger posting accepted loan_id=LN911428704 amount_dkk=4183.22 posting_id=PST-df50160c10
2026-03-02T02:23:06.493+01:00 INFO payment-service host=payment-service-5b8f6c-p9qmz corrId=c-222348fa498ff52a payment settled loan_id=LN911428704 amount_dkk=4183.22
2026-03-02T02:23:06.570+01:00 INFO notification-service host=notification-service-5b8f6c-x2k4p corrId=c-222348fa498ff52a payment receipt sent loan_id=LN911428704 channel=DIGITAL_POST
2026-03-02T02:23:12.282+01:00 INFO payment-scheduler host=payment-scheduler-a41e92-t6zvn corrId=c-aceee0b8fdd18a9b instalment collection started loan_id=LN607782187 due_date=2026-03-13
2026-03-02T02:23:12.301+01:00 INFO payment-service host=payment-service-7c9d5b-t6zvn corrId=c-aceee0b8fdd18a9b direct debit mandate verified loan_id=LN607782187 mandate_id=MD0504385
2026-03-02T02:23:12.439+01:00 INFO payment-service host=payment-service-7c9d5b-p9qmz corrId=c-aceee0b8fdd18a9b payment instruction sent loan_id=LN607782187 amount_dkk=9208.95
2026-03-02T02:23:12.560+01:00 INFO ledger-service host=ledger-service-7c9d5b-p9qmz corrId=c-aceee0b8fdd18a9b ledger posting accepted loan_id=LN607782187 amount_dkk=9208.95 posting_id=PST-53e031603a
2026-03-02T02:23:12.650+01:00 INFO payment-service host=payment-service-a41e92-p9qmz corrId=c-aceee0b8fdd18a9b payment settled loan_id=LN607782187 amount_dkk=9208.95
2026-03-02T02:23:12.724+01:00 INFO notification-service host=notification-service-5b8f6c-x2k4p corrId=c-aceee0b8fdd18a9b payment receipt sent loan_id=LN607782187 channel=DIGITAL_POST
2026-03-02T02:23:38.893+01:00 INFO payment-scheduler host=payment-scheduler-a41e92-x2k4p corrId=c-1ce462abad6418b9 instalment collection started loan_id=LN100940700 due_date=2026-03-16
2026-03-02T02:23:38.946+01:00 INFO payment-service host=payment-service-a41e92-t6zvn corrId=c-1ce462abad6418b9 direct debit mandate verified loan_id=LN100940700 mandate_id=MD4878104
2026-03-02T02:23:39.055+01:00 INFO payment-service host=payment-service-5b8f6c-t6zvn corrId=c-1ce462abad6418b9 payment instruction sent loan_id=LN100940700 amount_dkk=12981.67
2026-03-02T02:23:39.106+01:00 INFO ledger-service host=ledger-service-a41e92-x2k4p corrId=c-1ce462abad6418b9 ledger posting accepted loan_id=LN100940700 amount_dkk=12981.67 posting_id=PST-36d08577a1
2026-03-02T02:23:39.153+01:00 INFO payment-service host=payment-service-7c9d5b-p9qmz corrId=c-1ce462abad6418b9 payment settled loan_id=LN100940700 amount_dkk=12981.67
2026-03-02T02:23:39.193+01:00 INFO notification-service host=notification-service-7c9d5b-t6zvn corrId=c-1ce462abad6418b9 payment receipt sent loan_id=LN100940700 channel=EMAIL
2026-03-02T02:24:46.564+01:00 INFO payment-scheduler host=payment-scheduler-7c9d5b-t6zvn corrId=c-3eb93d23e3ac943f instalment collection started loan_id=LN448002112 due_date=2026-03-09
2026-03-02T02:24:46.589+01:00 INFO payment-service host=payment-service-a41e92-x2k4p corrId=c-3eb93d23e3ac943f direct debit mandate verified loan_id=LN448002112 mandate_id=MD5871587
2026-03-02T02:24:46.634+01:00 INFO payment-service host=payment-service-5b8f6c-t6zvn corrId=c-3eb93d23e3ac943f payment instruction sent loan_id=LN448002112 amount_dkk=9780.83
2026-03-02T02:24:46.756+01:00 INFO ledger-service host=ledger-service-a41e92-p9qmz corrId=c-3eb93d23e3ac943f ledger posting accepted loan_id=LN448002112 amount_dkk=9780.83 posting_id=PST-7d58ebfee6
2026-03-02T02:24:46.841+01:00 INFO payment-service host=payment-service-5b8f6c-p9qmz corrId=c-3eb93d23e3ac943f payment settled loan_id=LN448002112 amount_dkk=9780.83
2026-03-02T02:24:46.908+01:00 INFO notification-service host=notification-service-a41e92-x2k4p corrId=c-3eb93d23e3ac943f payment receipt sent loan_id=LN448002112 channel=DIGITAL_POST
2026-03-02T02:25:00.522+01:00 INFO api-gateway host=api-gateway-a41e92-t6zvn corrId=- health probe ok status=200 latency_ms=22
2026-03-02T02:25:19.278+01:00 INFO payment-scheduler host=payment-scheduler-7c9d5b-p9qmz corrId=c-eda059b52a5affa7 instalment collection started loan_id=LN030946191 due_date=2026-03-22
2026-03-02T02:25:19.402+01:00 INFO payment-service host=payment-service-5b8f6c-p9qmz corrId=c-eda059b52a5affa7 direct debit mandate verified loan_id=LN030946191 mandate_id=MD6535166
2026-03-02T02:25:19.513+01:00 INFO payment-service host=payment-service-5b8f6c-t6zvn corrId=c-eda059b52a5affa7 payment instruction sent loan_id=LN030946191 amount_dkk=17377.18
2026-03-02T02:25:19.527+01:00 INFO ledger-service host=ledger-service-a41e92-x2k4p corrId=c-eda059b52a5affa7 ledger posting accepted loan_id=LN030946191 amount_dkk=17377.18 posting_id=PST-c710bab662
2026-03-02T02:25:19.554+01:00 INFO payment-service host=payment-service-5b8f6c-x2k4p corrId=c-eda059b52a5affa7 payment settled loan_id=LN030946191 amount_dkk=17377.18
2026-03-02T02:25:19.610+01:00 INFO notification-service host=notification-service-a41e92-x2k4p corrId=c-eda059b52a5affa7 payment receipt sent loan_id=LN030946191 channel=DIGITAL_POST
2026-03-02T02:25:22.092+01:00 INFO payment-scheduler host=payment-scheduler-a41e92-x2k4p corrId=c-afdb7f747b8ab3d7 instalment collection started loan_id=LN286086802 due_date=2026-03-24
2026-03-02T02:25:22.134+01:00 INFO payment-service host=payment-service-a41e92-t6zvn corrId=c-afdb7f747b8ab3d7 direct debit mandate verified loan_id=LN286086802 mandate_id=MD1600633
2026-03-02T02:25:22.199+01:00 INFO payment-service host=payment-service-7c9d5b-t6zvn corrId=c-afdb7f747b8ab3d7 payment instruction sent loan_id=LN286086802 amount_dkk=15485.33
2026-03-02T02:25:22.334+01:00 INFO ledger-service host=ledger-service-a41e92-p9qmz corrId=c-afdb7f747b8ab3d7 ledger posting accepted loan_id=LN286086802 amount_dkk=15485.33 posting_id=PST-3b39bda606
2026-03-02T02:25:22.397+01:00 INFO payment-service host=payment-service-a41e92-t6zvn corrId=c-afdb7f747b8ab3d7 payment settled loan_id=LN286086802 amount_dkk=15485.33
2026-03-02T02:25:22.410+01:00 INFO notification-service host=notification-service-7c9d5b-p9qmz corrId=c-afdb7f747b8ab3d7 payment receipt sent loan_id=LN286086802 channel=EMAIL
2026-03-02T02:26:45.513+01:00 INFO payment-scheduler host=payment-scheduler-7c9d5b-x2k4p corrId=c-8a08d6ada182c578 instalment collection started loan_id=LN996665098 due_date=2026-03-15
2026-03-02T02:26:45.523+01:00 INFO payment-service host=payment-service-5b8f6c-p9qmz corrId=c-8a08d6ada182c578 direct debit mandate verified loan_id=LN996665098 mandate_id=MD9889098
2026-03-02T02:26:45.629+01:00 INFO payment-service host=payment-service-7c9d5b-p9qmz corrId=c-8a08d6ada182c578 payment instruction sent loan_id=LN996665098 amount_dkk=6647.44
2026-03-02T02:26:45.655+01:00 INFO ledger-service host=ledger-service-7c9d5b-p9qmz corrId=c-8a08d6ada182c578 ledger posting accepted loan_id=LN996665098 amount_dkk=6647.44 posting_id=PST-da19177b8b
2026-03-02T02:26:45.660+01:00 INFO payment-service host=payment-service-7c9d5b-t6zvn corrId=c-8a08d6ada182c578 payment settled loan_id=LN996665098 amount_dkk=6647.44
2026-03-02T02:26:45.759+01:00 INFO notification-service host=notification-service-7c9d5b-t6zvn corrId=c-8a08d6ada182c578 payment receipt sent loan_id=LN996665098 channel=EMAIL
2026-03-02T02:27:03.564+01:00 INFO payment-scheduler host=payment-scheduler-a41e92-t6zvn corrId=c-a65804319bc244fc instalment collection started loan_id=LN694268343 due_date=2026-03-15
2026-03-02T02:27:03.678+01:00 INFO payment-service host=payment-service-a41e92-t6zvn corrId=c-a65804319bc244fc direct debit mandate verified loan_id=LN694268343 mandate_id=MD1695829
2026-03-02T02:27:03.735+01:00 INFO payment-service host=payment-service-7c9d5b-t6zvn corrId=c-a65804319bc244fc payment instruction sent loan_id=LN694268343 amount_dkk=14934.89
2026-03-02T02:27:03.871+01:00 INFO ledger-service host=ledger-service-5b8f6c-x2k4p corrId=c-a65804319bc244fc ledger posting accepted loan_id=LN694268343 amount_dkk=14934.89 posting_id=PST-094f640fc7
2026-03-02T02:27:04.005+01:00 INFO payment-service host=payment-service-5b8f6c-x2k4p corrId=c-a65804319bc244fc payment settled loan_id=LN694268343 amount_dkk=14934.89
2026-03-02T02:27:04.086+01:00 INFO notification-service host=notification-service-5b8f6c-t6zvn corrId=c-a65804319bc244fc payment receipt sent loan_id=LN694268343 channel=DIGITAL_POST
2026-03-02T02:27:18.098+01:00 INFO payment-scheduler host=payment-scheduler-a41e92-p9qmz corrId=c-f12bd0df8e1506bf instalment collection started loan_id=LN710653914 due_date=2026-03-22
2026-03-02T02:27:18.161+01:00 INFO payment-service host=payment-service-a41e92-p9qmz corrId=c-f12bd0df8e1506bf direct debit mandate verified loan_id=LN710653914 mandate_id=MD0015248
2026-03-02T02:27:18.212+01:00 INFO payment-service host=payment-service-7c9d5b-p9qmz corrId=c-f12bd0df8e1506bf payment instruction sent loan_id=LN710653914 amount_dkk=14408.98
2026-03-02T02:27:18.228+01:00 INFO ledger-service host=ledger-service-5b8f6c-p9qmz corrId=c-f12bd0df8e1506bf ledger posting accepted loan_id=LN710653914 amount_dkk=14408.98 posting_id=PST-1d1047a9fa
2026-03-02T02:27:18.285+01:00 INFO payment-service host=payment-service-5b8f6c-t6zvn corrId=c-f12bd0df8e1506bf payment settled loan_id=LN710653914 amount_dkk=14408.98
2026-03-02T02:27:18.299+01:00 INFO notification-service host=notification-service-a41e92-t6zvn corrId=c-f12bd0df8e1506bf payment receipt sent loan_id=LN710653914 channel=EMAIL
2026-03-02T02:27:28.457+01:00 INFO payment-scheduler host=payment-scheduler-a41e92-t6zvn corrId=c-1641a40525bfe960 instalment collection started loan_id=LN719918980 due_date=2026-03-21
2026-03-02T02:27:28.544+01:00 INFO payment-service host=payment-service-5b8f6c-x2k4p corrId=c-1641a40525bfe960 direct debit mandate verified loan_id=LN719918980 mandate_id=MD1208862
2026-03-02T02:27:28.575+01:00 INFO payment-service host=payment-service-a41e92-x2k4p corrId=c-1641a40525bfe960 payment instruction sent loan_id=LN719918980 amount_dkk=4398.56
2026-03-02T02:27:28.600+01:00 INFO ledger-service host=ledger-service-7c9d5b-x2k4p corrId=c-1641a40525bfe960 ledger posting accepted loan_id=LN719918980 amount_dkk=4398.56 posting_id=PST-270a8a0390
2026-03-02T02:27:28.650+01:00 INFO payment-service host=payment-service-5b8f6c-p9qmz corrId=c-1641a40525bfe960 payment settled loan_id=LN719918980 amount_dkk=4398.56
2026-03-02T02:27:28.721+01:00 INFO notification-service host=notification-service-7c9d5b-t6zvn corrId=c-1641a40525bfe960 payment receipt sent loan_id=LN719918980 channel=EMAIL
2026-03-02T02:27:36.057+01:00 INFO payment-scheduler host=payment-scheduler-5b8f6c-p9qmz corrId=c-77685737980e24ae instalment collection started loan_id=LN626828585 due_date=2026-03-06
2026-03-02T02:27:36.108+01:00 INFO payment-service host=payment-service-a41e92-x2k4p corrId=c-77685737980e24ae direct debit mandate verified loan_id=LN626828585 mandate_id=MD1061916
2026-03-02T02:27:36.184+01:00 INFO payment-service host=payment-service-5b8f6c-t6zvn corrId=c-77685737980e24ae payment instruction sent loan_id=LN626828585 amount_dkk=15422.12
2026-03-02T02:27:36.290+01:00 INFO ledger-service host=ledger-service-a41e92-x2k4p corrId=c-77685737980e24ae ledger posting accepted loan_id=LN626828585 amount_dkk=15422.12 posting_id=PST-10b2f7a3ef
2026-03-02T02:27:36.306+01:00 INFO payment-service host=payment-service-5b8f6c-t6zvn corrId=c-77685737980e24ae payment settled loan_id=LN626828585 amount_dkk=15422.12
2026-03-02T02:27:36.348+01:00 INFO notification-service host=notification-service-a41e92-p9qmz corrId=c-77685737980e24ae payment receipt sent loan_id=LN626828585 channel=DIGITAL_POST
2026-03-02T02:27:39.891+01:00 INFO payment-scheduler host=payment-scheduler-5b8f6c-p9qmz corrId=c-40de8d8d0813b592 instalment collection started loan_id=LN973263351 due_date=2026-03-15
2026-03-02T02:27:40.031+01:00 INFO payment-service host=payment-service-5b8f6c-x2k4p corrId=c-40de8d8d0813b592 direct debit mandate verified loan_id=LN973263351 mandate_id=MD6089958
2026-03-02T02:27:40.078+01:00 INFO payment-service host=payment-service-5b8f6c-t6zvn corrId=c-40de8d8d0813b592 payment instruction sent loan_id=LN973263351 amount_dkk=9309.07
2026-03-02T02:27:40.138+01:00 INFO ledger-service host=ledger-service-7c9d5b-x2k4p corrId=c-40de8d8d0813b592 ledger posting accepted loan_id=LN973263351 amount_dkk=9309.07 posting_id=PST-02a0fddc0d
2026-03-02T02:27:40.235+01:00 INFO payment-service host=payment-service-5b8f6c-t6zvn corrId=c-40de8d8d0813b592 payment settled loan_id=LN973263351 amount_dkk=9309.07
2026-03-02T02:27:40.355+01:00 INFO notification-service host=notification-service-7c9d5b-p9qmz corrId=c-40de8d8d0813b592 payment receipt sent loan_id=LN973263351 channel=DIGITAL_POST
2026-03-02T02:28:02.680+01:00 INFO payment-scheduler host=payment-scheduler-7c9d5b-t6zvn corrId=c-e3549d974a1bb347 instalment collection started loan_id=LN372556331 due_date=2026-03-16
2026-03-02T02:28:02.776+01:00 INFO payment-service host=payment-service-a41e92-p9qmz corrId=c-e3549d974a1bb347 direct debit mandate verified loan_id=LN372556331 mandate_id=MD6436806
2026-03-02T02:28:02.895+01:00 INFO payment-service host=payment-service-7c9d5b-p9qmz corrId=c-e3549d974a1bb347 payment instruction sent loan_id=LN372556331 amount_dkk=3276.35
2026-03-02T02:28:02.928+01:00 INFO ledger-service host=ledger-service-a41e92-t6zvn corrId=c-e3549d974a1bb347 ledger posting accepted loan_id=LN372556331 amount_dkk=3276.35 posting_id=PST-bc3558b031
2026-03-02T02:28:02.948+01:00 INFO payment-service host=payment-service-5b8f6c-t6zvn corrId=c-e3549d974a1bb347 payment settled loan_id=LN372556331 amount_dkk=3276.35
2026-03-02T02:28:03.049+01:00 INFO notification-service host=notification-service-5b8f6c-t6zvn corrId=c-e3549d974a1bb347 payment receipt sent loan_id=LN372556331 channel=DIGITAL_POST
2026-03-02T02:28:08.591+01:00 INFO payment-scheduler host=payment-scheduler-5b8f6c-t6zvn corrId=c-6a933aefd2ec1d0c instalment collection started loan_id=LN684636382 due_date=2026-03-15
2026-03-02T02:28:08.715+01:00 INFO payment-service host=payment-service-7c9d5b-t6zvn corrId=c-6a933aefd2ec1d0c direct debit mandate verified loan_id=LN684636382 mandate_id=MD3620932
2026-03-02T02:28:08.793+01:00 INFO payment-service host=payment-service-5b8f6c-t6zvn corrId=c-6a933aefd2ec1d0c payment instruction sent loan_id=LN684636382 amount_dkk=13708.78
2026-03-02T02:28:08.873+01:00 WARN ledger-service host=ledger-service-a41e92-t6zvn corrId=c-6a933aefd2ec1d0c ledger posting retried loan_id=LN684636382 attempt=1
2026-03-02T02:28:09.004+01:00 INFO ledger-service host=ledger-service-7c9d5b-t6zvn corrId=c-6a933aefd2ec1d0c ledger posting accepted loan_id=LN684636382 amount_dkk=13708.78 posting_id=PST-325a33cb90
2026-03-02T02:28:09.088+01:00 INFO payment-service host=payment-service-7c9d5b-t6zvn corrId=c-6a933aefd2ec1d0c payment settled loan_id=LN684636382 amount_dkk=13708.78
2026-03-02T02:28:09.186+01:00 INFO notification-service host=notification-service-7c9d5b-p9qmz corrId=c-6a933aefd2ec1d0c payment receipt sent loan_id=LN684636382 channel=DIGITAL_POST
2026-03-02T02:28:29.627+01:00 INFO payment-scheduler host=payment-scheduler-5b8f6c-t6zvn corrId=c-0fce8d9a4329942c instalment collection started loan_id=LN553184313 due_date=2026-03-02
2026-03-02T02:28:29.749+01:00 INFO payment-service host=payment-service-7c9d5b-t6zvn corrId=c-0fce8d9a4329942c direct debit mandate verified loan_id=LN553184313 mandate_id=MD8102298
2026-03-02T02:28:29.790+01:00 INFO payment-service host=payment-service-a41e92-p9qmz corrId=c-0fce8d9a4329942c payment instruction sent loan_id=LN553184313 amount_dkk=15448.88
2026-03-02T02:28:29.912+01:00 INFO ledger-service host=ledger-service-a41e92-p9qmz corrId=c-0fce8d9a4329942c ledger posting accepted loan_id=LN553184313 amount_dkk=15448.88 posting_id=PST-982a704041
2026-03-02T02:28:29.950+01:00 INFO payment-service host=payment-service-7c9d5b-t6zvn corrId=c-0fce8d9a4329942c payment settled loan_id=LN553184313 amount_dkk=15448.88
2026-03-02T02:28:30.087+01:00 INFO notification-service host=notification-service-a41e92-p9qmz corrId=c-0fce8d9a4329942c payment receipt sent loan_id=LN553184313 channel=DIGITAL_POST
2026-03-02T02:28:43.598+01:00 INFO payment-scheduler host=payment-scheduler-7c9d5b-p9qmz corrId=c-33f461105cb6857e instalment collection started loan_id=LN293523718 due_date=2026-03-08
2026-03-02T02:28:43.646+01:00 INFO payment-service host=payment-service-5b8f6c-x2k4p corrId=c-33f461105cb6857e direct debit mandate verified loan_id=LN293523718 mandate_id=MD9881711
2026-03-02T02:28:43.653+01:00 INFO payment-service host=payment-service-7c9d5b-p9qmz corrId=c-33f461105cb6857e payment instruction sent loan_id=LN293523718 amount_dkk=6507.94
2026-03-02T02:28:43.660+01:00 INFO ledger-service host=ledger-service-7c9d5b-t6zvn corrId=c-33f461105cb6857e ledger posting accepted loan_id=LN293523718 amount_dkk=6507.94 posting_id=PST-20df750da7
2026-03-02T02:28:43.760+01:00 INFO payment-service host=payment-service-7c9d5b-p9qmz corrId=c-33f461105cb6857e payment settled loan_id=LN293523718 amount_dkk=6507.94
2026-03-02T02:28:43.826+01:00 INFO notification-service host=notification-service-5b8f6c-p9qmz corrId=c-33f461105cb6857e payment receipt sent loan_id=LN293523718 channel=EMAIL
2026-03-02T02:29:06.224+01:00 INFO payment-scheduler host=payment-scheduler-5b8f6c-x2k4p corrId=c-a350b77d03f4f785 instalment collection started loan_id=LN152121719 due_date=2026-03-22
2026-03-02T02:29:06.325+01:00 INFO payment-service host=payment-service-5b8f6c-x2k4p corrId=c-a350b77d03f4f785 direct debit mandate verified loan_id=LN152121719 mandate_id=MD8239213
2026-03-02T02:29:06.331+01:00 INFO payment-service host=payment-service-5b8f6c-t6zvn corrId=c-a350b77d03f4f785 payment instruction sent loan_id=LN152121719 amount_dkk=11132.17
2026-03-02T02:29:06.446+01:00 INFO ledger-service host=ledger-service-5b8f6c-p9qmz corrId=c-a350b77d03f4f785 ledger posting accepted loan_id=LN152121719 amount_dkk=11132.17 posting_id=PST-b76d1875ad
2026-03-02T02:29:06.460+01:00 INFO payment-service host=payment-service-a41e92-t6zvn corrId=c-a350b77d03f4f785 payment settled loan_id=LN152121719 amount_dkk=11132.17
2026-03-02T02:29:06.497+01:00 INFO notification-service host=notification-service-a41e92-p9qmz corrId=c-a350b77d03f4f785 payment receipt sent loan_id=LN152121719 channel=DIGITAL_POST
2026-03-02T02:30:00.512+01:00 INFO api-gateway host=api-gateway-7c9d5b-x2k4p corrId=- health probe ok status=200 latency_ms=20
2026-03-02T02:30:00.874+01:00 INFO payment-scheduler host=payment-scheduler-7c9d5b-t6zvn corrId=- scheduler heartbeat lag_ms=71
2026-03-02T02:30:13.231+01:00 INFO payment-scheduler host=payment-scheduler-5b8f6c-x2k4p corrId=c-70426711e1594ce1 instalment collection started loan_id=LN616701729 due_date=2026-03-09
2026-03-02T02:30:13.340+01:00 INFO payment-service host=payment-service-a41e92-p9qmz corrId=c-70426711e1594ce1 direct debit mandate verified loan_id=LN616701729 mandate_id=MD1675360
2026-03-02T02:30:13.350+01:00 INFO payment-service host=payment-service-7c9d5b-x2k4p corrId=c-70426711e1594ce1 payment instruction sent loan_id=LN616701729 amount_dkk=12401.02
2026-03-02T02:30:13.358+01:00 INFO ledger-service host=ledger-service-a41e92-x2k4p corrId=c-70426711e1594ce1 ledger posting accepted loan_id=LN616701729 amount_dkk=12401.02 posting_id=PST-34837bd207
2026-03-02T02:30:13.466+01:00 INFO payment-service host=payment-service-5b8f6c-p9qmz corrId=c-70426711e1594ce1 payment settled loan_id=LN616701729 amount_dkk=12401.02
2026-03-02T02:30:13.565+01:00 INFO notification-service host=notification-service-7c9d5b-t6zvn corrId=c-70426711e1594ce1 payment receipt sent loan_id=LN616701729 channel=DIGITAL_POST
2026-03-02T02:30:31.872+01:00 INFO payment-scheduler host=payment-scheduler-7c9d5b-p9qmz corrId=c-ef9a067c35678fc5 instalment collection started loan_id=LN391106086 due_date=2026-03-08
2026-03-02T02:30:31.963+01:00 INFO payment-service host=payment-service-7c9d5b-t6zvn corrId=c-ef9a067c35678fc5 direct debit mandate verified loan_id=LN391106086 mandate_id=MD8393946
2026-03-02T02:30:32.040+01:00 INFO payment-service host=payment-service-7c9d5b-x2k4p corrId=c-ef9a067c35678fc5 payment instruction sent loan_id=LN391106086 amount_dkk=2697.77
2026-03-02T02:30:32.171+01:00 INFO ledger-service host=ledger-service-7c9d5b-x2k4p corrId=c-ef9a067c35678fc5 ledger posting accepted loan_id=LN391106086 amount_dkk=2697.77 posting_id=PST-5a627e4937
2026-03-02T02:30:32.230+01:00 INFO payment-service host=payment-service-5b8f6c-t6zvn corrId=c-ef9a067c35678fc5 payment settled loan_id=LN391106086 amount_dkk=2697.77
2026-03-02T02:30:32.296+01:00 INFO notification-service host=notification-service-7c9d5b-t6zvn corrId=c-ef9a067c35678fc5 payment receipt sent loan_id=LN391106086 channel=EMAIL
2026-03-02T02:30:42.058+01:00 INFO payment-scheduler host=payment-scheduler-5b8f6c-p9qmz corrId=c-e98d6f7f125fa0d8 instalment collection started loan_id=LN014648823 due_date=2026-03-04
2026-03-02T02:30:42.097+01:00 INFO payment-service host=payment-service-7c9d5b-x2k4p corrId=c-e98d6f7f125fa0d8 direct debit mandate verified loan_id=LN014648823 mandate_id=MD9226039
2026-03-02T02:30:42.193+01:00 INFO payment-service host=payment-service-5b8f6c-p9qmz corrId=c-e98d6f7f125fa0d8 payment instruction sent loan_id=LN014648823 amount_dkk=9158.42
2026-03-02T02:30:42.226+01:00 INFO ledger-service host=ledger-service-7c9d5b-p9qmz corrId=c-e98d6f7f125fa0d8 ledger posting accepted loan_id=LN014648823 amount_dkk=9158.42 posting_id=PST-5e113c6c06
2026-03-02T02:30:42.292+01:00 INFO payment-service host=payment-service-a41e92-x2k4p corrId=c-e98d6f7f125fa0d8 payment settled loan_id=LN014648823 amount_dkk=9158.42
2026-03-02T02:30:42.362+01:00 INFO notification-service host=notification-service-a41e92-x2k4p corrId=c-e98d6f7f125fa0d8 payment receipt sent loan_id=LN014648823 channel=DIGITAL_POST
2026-03-02T02:31:05.138+01:00 INFO payment-scheduler host=payment-scheduler-7c9d5b-t6zvn corrId=c-d7e9388a6a769557 instalment collection started loan_id=LN734363823 due_date=2026-03-05
2026-03-02T02:31:05.174+01:00 INFO payment-service host=payment-service-a41e92-t6zvn corrId=c-d7e9388a6a769557 direct debit mandate verified loan_id=LN734363823 mandate_id=MD0366214
2026-03-02T02:31:05.232+01:00 INFO payment-service host=payment-service-a41e92-t6zvn corrId=c-d7e9388a6a769557 payment instruction sent loan_id=LN734363823 amount_dkk=7461.08
2026-03-02T02:31:05.334+01:00 INFO ledger-service host=ledger-service-7c9d5b-t6zvn corrId=c-d7e9388a6a769557 ledger posting accepted loan_id=LN734363823 amount_dkk=7461.08 posting_id=PST-8a228f46c3
2026-03-02T02:31:05.403+01:00 INFO payment-service host=payment-service-5b8f6c-t6zvn corrId=c-d7e9388a6a769557 payment settled loan_id=LN734363823 amount_dkk=7461.08
2026-03-02T02:31:05.440+01:00 INFO notification-service host=notification-service-a41e92-x2k4p corrId=c-d7e9388a6a769557 payment receipt sent loan_id=LN734363823 channel=EMAIL
2026-03-02T02:31:10.760+01:00 INFO payment-scheduler host=payment-scheduler-5b8f6c-x2k4p corrId=c-da56d2d0905ac7a8 instalment collection started loan_id=LN302189500 due_date=2026-03-25
2026-03-02T02:31:10.820+01:00 INFO payment-service host=payment-service-5b8f6c-x2k4p corrId=c-da56d2d0905ac7a8 direct debit mandate verified loan_id=LN302189500 mandate_id=MD7308359
2026-03-02T02:31:10.946+01:00 INFO payment-service host=payment-service-7c9d5b-p9qmz corrId=c-da56d2d0905ac7a8 payment instruction sent loan_id=LN302189500 amount_dkk=17974.86
2026-03-02T02:31:10.988+01:00 INFO ledger-service host=ledger-service-a41e92-t6zvn corrId=c-da56d2d0905ac7a8 ledger posting accepted loan_id=LN302189500 amount_dkk=17974.86 posting_id=PST-18094d3d57
2026-03-02T02:31:11.023+01:00 INFO payment-service host=payment-service-a41e92-t6zvn corrId=c-da56d2d0905ac7a8 payment settled loan_id=LN302189500 amount_dkk=17974.86
2026-03-02T02:31:11.149+01:00 INFO notification-service host=notification-service-7c9d5b-x2k4p corrId=c-da56d2d0905ac7a8 payment receipt sent loan_id=LN302189500 channel=DIGITAL_POST
2026-03-02T02:31:34.198+01:00 INFO payment-scheduler host=payment-scheduler-a41e92-p9qmz corrId=c-f6bd3b44ba456066 instalment collection started loan_id=LN089193786 due_date=2026-03-10
2026-03-02T02:31:34.331+01:00 INFO payment-service host=payment-service-7c9d5b-x2k4p corrId=c-f6bd3b44ba456066 direct debit mandate verified loan_id=LN089193786 mandate_id=MD0111697
2026-03-02T02:31:34.414+01:00 INFO payment-service host=payment-service-5b8f6c-t6zvn corrId=c-f6bd3b44ba456066 payment instruction sent loan_id=LN089193786 amount_dkk=14307.61
2026-03-02T02:31:34.431+01:00 INFO ledger-service host=ledger-service-a41e92-t6zvn corrId=c-f6bd3b44ba456066 ledger posting accepted loan_id=LN089193786 amount_dkk=14307.61 posting_id=PST-b2f2d74d65
2026-03-02T02:31:34.567+01:00 INFO payment-service host=payment-service-5b8f6c-p9qmz corrId=c-f6bd3b44ba456066 payment settled loan_id=LN089193786 amount_dkk=14307.61
2026-03-02T02:31:34.615+01:00 INFO notification-service host=notification-service-5b8f6c-t6zvn corrId=c-f6bd3b44ba456066 payment receipt sent loan_id=LN089193786 channel=DIGITAL_POST
2026-03-02T02:31:56.835+01:00 INFO payment-scheduler host=payment-scheduler-7c9d5b-t6zvn corrId=c-dcb7f40fc6bce47d instalment collection started loan_id=LN552005420 due_date=2026-03-17
2026-03-02T02:31:56.900+01:00 INFO payment-service host=payment-service-7c9d5b-p9qmz corrId=c-dcb7f40fc6bce47d direct debit mandate verified loan_id=LN552005420 mandate_id=MD6953128
2026-03-02T02:31:56.929+01:00 INFO payment-service host=payment-service-5b8f6c-t6zvn corrId=c-dcb7f40fc6bce47d payment instruction sent loan_id=LN552005420 amount_dkk=8202.19
2026-03-02T02:31:56.969+01:00 INFO ledger-service host=ledger-service-a41e92-t6zvn corrId=c-dcb7f40fc6bce47d ledger posting accepted loan_id=LN552005420 amount_dkk=8202.19 posting_id=PST-69acee7c00
2026-03-02T02:31:57.048+01:00 INFO payment-service host=payment-service-a41e92-x2k4p corrId=c-dcb7f40fc6bce47d payment settled loan_id=LN552005420 amount_dkk=8202.19
2026-03-02T02:31:57.172+01:00 INFO notification-service host=notification-service-7c9d5b-p9qmz corrId=c-dcb7f40fc6bce47d payment receipt sent loan_id=LN552005420 channel=DIGITAL_POST
2026-03-02T02:32:06.678+01:00 INFO payment-scheduler host=payment-scheduler-a41e92-x2k4p corrId=c-6ce5bf8ac033e1d8 instalment collection started loan_id=LN250924271 due_date=2026-03-22
2026-03-02T02:32:06.798+01:00 INFO payment-service host=payment-service-a41e92-t6zvn corrId=c-6ce5bf8ac033e1d8 direct debit mandate verified loan_id=LN250924271 mandate_id=MD5513159
2026-03-02T02:32:06.873+01:00 INFO payment-service host=payment-service-a41e92-p9qmz corrId=c-6ce5bf8ac033e1d8 payment instruction sent loan_id=LN250924271 amount_dkk=9406.29
2026-03-02T02:32:06.930+01:00 WARN ledger-service host=ledger-service-5b8f6c-t6zvn corrId=c-6ce5bf8ac033e1d8 ledger posting retried loan_id=LN250924271 attempt=1
2026-03-02T02:32:07.034+01:00 INFO ledger-service host=ledger-service-5b8f6c-p9qmz corrId=c-6ce5bf8ac033e1d8 ledger posting accepted loan_id=LN250924271 amount_dkk=9406.29 posting_id=PST-01a7d40f5d
2026-03-02T02:32:07.129+01:00 INFO payment-service host=payment-service-5b8f6c-x2k4p corrId=c-6ce5bf8ac033e1d8 payment settled loan_id=LN250924271 amount_dkk=9406.29
2026-03-02T02:32:07.148+01:00 INFO notification-service host=notification-service-5b8f6c-t6zvn corrId=c-6ce5bf8ac033e1d8 payment receipt sent loan_id=LN250924271 channel=DIGITAL_POST
2026-03-02T02:32:23.303+01:00 INFO payment-scheduler host=payment-scheduler-a41e92-x2k4p corrId=c-62782f452f2587bb instalment collection started loan_id=LN239761253 due_date=2026-03-25
2026-03-02T02:32:23.322+01:00 INFO payment-service host=payment-service-a41e92-x2k4p corrId=c-62782f452f2587bb direct debit mandate verified loan_id=LN239761253 mandate_id=MD7320644
2026-03-02T02:32:23.412+01:00 INFO payment-service host=payment-service-a41e92-t6zvn corrId=c-62782f452f2587bb payment instruction sent loan_id=LN239761253 amount_dkk=12973.77
2026-03-02T02:32:23.528+01:00 INFO ledger-service host=ledger-service-7c9d5b-t6zvn corrId=c-62782f452f2587bb ledger posting accepted loan_id=LN239761253 amount_dkk=12973.77 posting_id=PST-7e58698c7d
2026-03-02T02:32:23.643+01:00 INFO payment-service host=payment-service-a41e92-p9qmz corrId=c-62782f452f2587bb payment settled loan_id=LN239761253 amount_dkk=12973.77
2026-03-02T02:32:23.713+01:00 INFO notification-service host=notification-service-5b8f6c-p9qmz corrId=c-62782f452f2587bb payment receipt sent loan_id=LN239761253 channel=DIGITAL_POST
2026-03-02T02:32:33.445+01:00 INFO payment-scheduler host=payment-scheduler-5b8f6c-p9qmz corrId=c-dffeb2311d11d1b9 instalment collection started loan_id=LN778951058 due_date=2026-03-02
2026-03-02T02:32:33.486+01:00 INFO payment-service host=payment-service-5b8f6c-t6zvn corrId=c-dffeb2311d11d1b9 direct debit mandate verified loan_id=LN778951058 mandate_id=MD9852186
2026-03-02T02:32:33.555+01:00 INFO payment-service host=payment-service-7c9d5b-p9qmz corrId=c-dffeb2311d11d1b9 payment instruction sent loan_id=LN778951058 amount_dkk=4595.69
2026-03-02T02:32:33.675+01:00 INFO ledger-service host=ledger-service-7c9d5b-x2k4p corrId=c-dffeb2311d11d1b9 ledger posting accepted loan_id=LN778951058 amount_dkk=4595.69 posting_id=PST-6d261c1d42
2026-03-02T02:32:33.745+01:00 INFO payment-service host=payment-service-7c9d5b-p9qmz corrId=c-dffeb2311d11d1b9 payment settled loan_id=LN778951058 amount_dkk=4595.69
2026-03-02T02:32:33.839+01:00 INFO notification-service host=notification-service-7c9d5b-t6zvn corrId=c-dffeb2311d11d1b9 payment receipt sent loan_id=LN778951058 channel=DIGITAL_POST
2026-03-02T02:32:35.667+01:00 INFO payment-scheduler host=payment-scheduler-7c9d5b-p9qmz corrId=c-ad0f321191360923 instalment collection started loan_id=LN349693035 due_date=2026-03-02
2026-03-02T02:32:35.735+01:00 INFO payment-service host=payment-service-5b8f6c-x2k4p corrId=c-ad0f321191360923 direct debit mandate verified loan_id=LN349693035 mandate_id=MD4311781
2026-03-02T02:32:35.745+01:00 INFO payment-service host=payment-service-5b8f6c-p9qmz corrId=c-ad0f321191360923 payment instruction sent loan_id=LN349693035 amount_dkk=6321.77
2026-03-02T02:32:35.812+01:00 INFO ledger-service host=ledger-service-a41e92-t6zvn corrId=c-ad0f321191360923 ledger posting accepted loan_id=LN349693035 amount_dkk=6321.77 posting_id=PST-279753501e
2026-03-02T02:32:35.828+01:00 INFO payment-service host=payment-service-7c9d5b-t6zvn corrId=c-ad0f321191360923 payment settled loan_id=LN349693035 amount_dkk=6321.77
2026-03-02T02:32:35.875+01:00 INFO notification-service host=notification-service-a41e92-p9qmz corrId=c-ad0f321191360923 payment receipt sent loan_id=LN349693035 channel=DIGITAL_POST
2026-03-02T02:32:43.929+01:00 INFO payment-scheduler host=payment-scheduler-a41e92-t6zvn corrId=c-1d623fcb3a1a3e5a instalment collection started loan_id=LN156915320 due_date=2026-03-09
2026-03-02T02:32:44.042+01:00 INFO payment-service host=payment-service-7c9d5b-t6zvn corrId=c-1d623fcb3a1a3e5a direct debit mandate verified loan_id=LN156915320 mandate_id=MD7499332
2026-03-02T02:32:44.101+01:00 INFO payment-service host=payment-service-5b8f6c-t6zvn corrId=c-1d623fcb3a1a3e5a payment instruction sent loan_id=LN156915320 amount_dkk=15672.84
2026-03-02T02:32:44.170+01:00 INFO ledger-service host=ledger-service-5b8f6c-t6zvn corrId=c-1d623fcb3a1a3e5a ledger posting accepted loan_id=LN156915320 amount_dkk=15672.84 posting_id=PST-950656b65d
2026-03-02T02:32:44.226+01:00 INFO payment-service host=payment-service-7c9d5b-x2k4p corrId=c-1d623fcb3a1a3e5a payment settled loan_id=LN156915320 amount_dkk=15672.84
2026-03-02T02:32:44.342+01:00 INFO notification-service host=notification-service-5b8f6c-t6zvn corrId=c-1d623fcb3a1a3e5a payment receipt sent loan_id=LN156915320 channel=DIGITAL_POST
2026-03-02T02:33:07.582+01:00 INFO payment-scheduler host=payment-scheduler-5b8f6c-t6zvn corrId=c-1da59f0813a9b509 instalment collection started loan_id=LN979063719 due_date=2026-03-20
2026-03-02T02:33:07.706+01:00 INFO payment-service host=payment-service-5b8f6c-t6zvn corrId=c-1da59f0813a9b509 direct debit mandate verified loan_id=LN979063719 mandate_id=MD0081598
2026-03-02T02:33:07.739+01:00 INFO payment-service host=payment-service-7c9d5b-x2k4p corrId=c-1da59f0813a9b509 payment instruction sent loan_id=LN979063719 amount_dkk=8417.82
2026-03-02T02:33:07.811+01:00 INFO ledger-service host=ledger-service-7c9d5b-p9qmz corrId=c-1da59f0813a9b509 ledger posting accepted loan_id=LN979063719 amount_dkk=8417.82 posting_id=PST-45309d9ab4
2026-03-02T02:33:07.927+01:00 INFO payment-service host=payment-service-5b8f6c-t6zvn corrId=c-1da59f0813a9b509 payment settled loan_id=LN979063719 amount_dkk=8417.82
2026-03-02T02:33:07.997+01:00 INFO notification-service host=notification-service-7c9d5b-t6zvn corrId=c-1da59f0813a9b509 payment receipt sent loan_id=LN979063719 channel=DIGITAL_POST
2026-03-02T02:33:47.179+01:00 INFO payment-scheduler host=payment-scheduler-5b8f6c-t6zvn corrId=c-280c80a7ac2af042 instalment collection started loan_id=LN820230923 due_date=2026-03-17
2026-03-02T02:33:47.204+01:00 INFO payment-service host=payment-service-a41e92-x2k4p corrId=c-280c80a7ac2af042 direct debit mandate verified loan_id=LN820230923 mandate_id=MD5466194
2026-03-02T02:33:47.292+01:00 INFO payment-service host=payment-service-a41e92-p9qmz corrId=c-280c80a7ac2af042 payment instruction sent loan_id=LN820230923 amount_dkk=11096.99
2026-03-02T02:33:47.383+01:00 INFO ledger-service host=ledger-service-7c9d5b-t6zvn corrId=c-280c80a7ac2af042 ledger posting accepted loan_id=LN820230923 amount_dkk=11096.99 posting_id=PST-24a7fbc676
2026-03-02T02:33:47.493+01:00 INFO payment-service host=payment-service-5b8f6c-p9qmz corrId=c-280c80a7ac2af042 payment settled loan_id=LN820230923 amount_dkk=11096.99
2026-03-02T02:33:47.543+01:00 INFO notification-service host=notification-service-7c9d5b-t6zvn corrId=c-280c80a7ac2af042 payment receipt sent loan_id=LN820230923 channel=DIGITAL_POST
2026-03-02T02:34:36.564+01:00 INFO payment-scheduler host=payment-scheduler-a41e92-p9qmz corrId=c-040241b3b1e99747 instalment collection started loan_id=LN454676815 due_date=2026-03-02
2026-03-02T02:34:36.617+01:00 INFO payment-service host=payment-service-7c9d5b-p9qmz corrId=c-040241b3b1e99747 direct debit mandate verified loan_id=LN454676815 mandate_id=MD4954285
2026-03-02T02:34:36.742+01:00 INFO payment-service host=payment-service-a41e92-x2k4p corrId=c-040241b3b1e99747 payment instruction sent loan_id=LN454676815 amount_dkk=13964.37
2026-03-02T02:34:36.798+01:00 INFO ledger-service host=ledger-service-5b8f6c-p9qmz corrId=c-040241b3b1e99747 ledger posting accepted loan_id=LN454676815 amount_dkk=13964.37 posting_id=PST-b8e0c13636
2026-03-02T02:34:36.863+01:00 INFO payment-service host=payment-service-7c9d5b-p9qmz corrId=c-040241b3b1e99747 payment settled loan_id=LN454676815 amount_dkk=13964.37
2026-03-02T02:34:36.914+01:00 INFO notification-service host=notification-service-7c9d5b-p9qmz corrId=c-040241b3b1e99747 payment receipt sent loan_id=LN454676815 channel=DIGITAL_POST
2026-03-02T02:34:44.409+01:00 INFO payment-scheduler host=payment-scheduler-a41e92-t6zvn corrId=c-9677f625726ced9d instalment collection started loan_id=LN446978541 due_date=2026-03-05
2026-03-02T02:34:44.543+01:00 INFO payment-service host=payment-service-a41e92-x2k4p corrId=c-9677f625726ced9d direct debit mandate verified loan_id=LN446978541 mandate_id=MD7405045
2026-03-02T02:34:44.677+01:00 INFO payment-service host=payment-service-7c9d5b-p9qmz corrId=c-9677f625726ced9d payment instruction sent loan_id=LN446978541 amount_dkk=15770.65
2026-03-02T02:34:44.697+01:00 INFO ledger-service host=ledger-service-a41e92-p9qmz corrId=c-9677f625726ced9d ledger posting accepted loan_id=LN446978541 amount_dkk=15770.65 posting_id=PST-c28564e36d
2026-03-02T02:34:44.771+01:00 INFO payment-service host=payment-service-7c9d5b-p9qmz corrId=c-9677f625726ced9d payment settled loan_id=LN446978541 amount_dkk=15770.65
2026-03-02T02:34:44.865+01:00 INFO notification-service host=notification-service-7c9d5b-p9qmz corrId=c-9677f625726ced9d payment receipt sent loan_id=LN446978541 channel=DIGITAL_POST
2026-03-02T02:34:53.763+01:00 INFO payment-scheduler host=payment-scheduler-a41e92-p9qmz corrId=c-d9658058acee34a0 instalment collection started loan_id=LN411856218 due_date=2026-03-28
2026-03-02T02:34:53.894+01:00 INFO payment-service host=payment-service-5b8f6c-x2k4p corrId=c-d9658058acee34a0 direct debit mandate verified loan_id=LN411856218 mandate_id=MD1637020
2026-03-02T02:34:54.016+01:00 INFO payment-service host=payment-service-a41e92-x2k4p corrId=c-d9658058acee34a0 payment instruction sent loan_id=LN411856218 amount_dkk=16629.85
2026-03-02T02:34:54.106+01:00 INFO ledger-service host=ledger-service-5b8f6c-p9qmz corrId=c-d9658058acee34a0 ledger posting accepted loan_id=LN411856218 amount_dkk=16629.85 posting_id=PST-d2f254ac24
2026-03-02T02:34:54.240+01:00 INFO payment-service host=payment-service-a41e92-p9qmz corrId=c-d9658058acee34a0 payment settled loan_id=LN411856218 amount_dkk=16629.85
2026-03-02T02:34:54.270+01:00 INFO notification-service host=notification-service-a41e92-t6zvn corrId=c-d9658058acee34a0 payment receipt sent loan_id=LN411856218 channel=DIGITAL_POST
2026-03-02T02:34:56.570+01:00 INFO payment-scheduler host=payment-scheduler-a41e92-p9qmz corrId=c-91fa71cd176ccc91 instalment collection started loan_id=LN034817466 due_date=2026-03-12
2026-03-02T02:34:56.663+01:00 INFO payment-service host=payment-service-5b8f6c-p9qmz corrId=c-91fa71cd176ccc91 direct debit mandate verified loan_id=LN034817466 mandate_id=MD1657200
2026-03-02T02:34:56.675+01:00 INFO payment-service host=payment-service-a41e92-p9qmz corrId=c-91fa71cd176ccc91 payment instruction sent loan_id=LN034817466 amount_dkk=4952.46
2026-03-02T02:34:56.798+01:00 INFO ledger-service host=ledger-service-a41e92-t6zvn corrId=c-91fa71cd176ccc91 ledger posting accepted loan_id=LN034817466 amount_dkk=4952.46 posting_id=PST-fa9cc0905e
2026-03-02T02:34:56.886+01:00 INFO payment-service host=payment-service-7c9d5b-x2k4p corrId=c-91fa71cd176ccc91 payment settled loan_id=LN034817466 amount_dkk=4952.46
2026-03-02T02:34:56.895+01:00 INFO notification-service host=notification-service-7c9d5b-x2k4p corrId=c-91fa71cd176ccc91 payment receipt sent loan_id=LN034817466 channel=DIGITAL_POST
2026-03-02T02:34:59.728+01:00 INFO payment-scheduler host=payment-scheduler-5b8f6c-p9qmz corrId=c-1bc1b942dc4c9f0f instalment collection started loan_id=LN961675813 due_date=2026-03-01
2026-03-02T02:34:59.789+01:00 INFO payment-service host=payment-service-7c9d5b-p9qmz corrId=c-1bc1b942dc4c9f0f direct debit mandate verified loan_id=LN961675813 mandate_id=MD3242176
2026-03-02T02:34:59.825+01:00 INFO payment-service host=payment-service-a41e92-p9qmz corrId=c-1bc1b942dc4c9f0f payment instruction sent loan_id=LN961675813 amount_dkk=16751.98
2026-03-02T02:34:59.839+01:00 INFO ledger-service host=ledger-service-7c9d5b-p9qmz corrId=c-1bc1b942dc4c9f0f ledger posting accepted loan_id=LN961675813 amount_dkk=16751.98 posting_id=PST-8b1f0042d5
2026-03-02T02:34:59.915+01:00 INFO payment-service host=payment-service-5b8f6c-t6zvn corrId=c-1bc1b942dc4c9f0f payment settled loan_id=LN961675813 amount_dkk=16751.98
2026-03-02T02:35:00.013+01:00 INFO notification-service host=notification-service-a41e92-x2k4p corrId=c-1bc1b942dc4c9f0f payment receipt sent loan_id=LN961675813 channel=DIGITAL_POST
2026-03-02T02:35:00.190+01:00 INFO api-gateway host=api-gateway-7c9d5b-t6zvn corrId=- health probe ok status=200 latency_ms=5
2026-03-02T02:35:10.876+01:00 INFO payment-scheduler host=payment-scheduler-7c9d5b-p9qmz corrId=c-cc6a19e9d1639231 instalment collection started loan_id=LN866341668 due_date=2026-03-20
2026-03-02T02:35:10.987+01:00 INFO payment-service host=payment-service-5b8f6c-x2k4p corrId=c-cc6a19e9d1639231 direct debit mandate verified loan_id=LN866341668 mandate_id=MD3439972
2026-03-02T02:35:11.078+01:00 INFO payment-service host=payment-service-a41e92-p9qmz corrId=c-cc6a19e9d1639231 payment instruction sent loan_id=LN866341668 amount_dkk=12422.57
2026-03-02T02:35:11.097+01:00 INFO ledger-service host=ledger-service-5b8f6c-p9qmz corrId=c-cc6a19e9d1639231 ledger posting accepted loan_id=LN866341668 amount_dkk=12422.57 posting_id=PST-cb96081779
2026-03-02T02:35:11.204+01:00 INFO payment-service host=payment-service-7c9d5b-p9qmz corrId=c-cc6a19e9d1639231 payment settled loan_id=LN866341668 amount_dkk=12422.57
2026-03-02T02:35:11.263+01:00 INFO notification-service host=notification-service-5b8f6c-p9qmz corrId=c-cc6a19e9d1639231 payment receipt sent loan_id=LN866341668 channel=EMAIL
2026-03-02T02:35:33.703+01:00 INFO payment-scheduler host=payment-scheduler-7c9d5b-t6zvn corrId=c-2f0b62f6e82e3b41 instalment collection started loan_id=LN403394453 due_date=2026-03-07
2026-03-02T02:35:33.741+01:00 INFO payment-service host=payment-service-7c9d5b-p9qmz corrId=c-2f0b62f6e82e3b41 direct debit mandate verified loan_id=LN403394453 mandate_id=MD2464717
2026-03-02T02:35:33.869+01:00 INFO payment-service host=payment-service-5b8f6c-t6zvn corrId=c-2f0b62f6e82e3b41 payment instruction sent loan_id=LN403394453 amount_dkk=17437.43
2026-03-02T02:35:33.990+01:00 INFO ledger-service host=ledger-service-5b8f6c-t6zvn corrId=c-2f0b62f6e82e3b41 ledger posting accepted loan_id=LN403394453 amount_dkk=17437.43 posting_id=PST-22ab1ddeab
2026-03-02T02:35:34.079+01:00 INFO payment-service host=payment-service-a41e92-p9qmz corrId=c-2f0b62f6e82e3b41 payment settled loan_id=LN403394453 amount_dkk=17437.43
2026-03-02T02:35:34.114+01:00 INFO notification-service host=notification-service-5b8f6c-t6zvn corrId=c-2f0b62f6e82e3b41 payment receipt sent loan_id=LN403394453 channel=EMAIL
2026-03-02T02:35:45.825+01:00 INFO payment-scheduler host=payment-scheduler-5b8f6c-t6zvn corrId=c-f5bb463357078c6d instalment collection started loan_id=LN691760319 due_date=2026-03-18
2026-03-02T02:35:45.869+01:00 INFO payment-service host=payment-service-a41e92-t6zvn corrId=c-f5bb463357078c6d direct debit mandate verified loan_id=LN691760319 mandate_id=MD9091538
2026-03-02T02:35:45.929+01:00 INFO payment-service host=payment-service-a41e92-x2k4p corrId=c-f5bb463357078c6d payment instruction sent loan_id=LN691760319 amount_dkk=5192.26
2026-03-02T02:35:46.046+01:00 INFO ledger-service host=ledger-service-a41e92-x2k4p corrId=c-f5bb463357078c6d ledger posting accepted loan_id=LN691760319 amount_dkk=5192.26 posting_id=PST-531cf64d9a
2026-03-02T02:35:46.145+01:00 INFO payment-service host=payment-service-7c9d5b-p9qmz corrId=c-f5bb463357078c6d payment settled loan_id=LN691760319 amount_dkk=5192.26
2026-03-02T02:35:46.178+01:00 INFO notification-service host=notification-service-a41e92-x2k4p corrId=c-f5bb463357078c6d payment receipt sent loan_id=LN691760319 channel=DIGITAL_POST
2026-03-02T02:36:08.406+01:00 INFO payment-scheduler host=payment-scheduler-7c9d5b-x2k4p corrId=c-f60a9b57f241f4e3 instalment collection started loan_id=LN058675992 due_date=2026-03-07
2026-03-02T02:36:08.528+01:00 INFO payment-service host=payment-service-a41e92-p9qmz corrId=c-f60a9b57f241f4e3 direct debit mandate verified loan_id=LN058675992 mandate_id=MD9495753
2026-03-02T02:36:08.579+01:00 INFO payment-service host=payment-service-7c9d5b-t6zvn corrId=c-f60a9b57f241f4e3 payment instruction sent loan_id=LN058675992 amount_dkk=2712.88
2026-03-02T02:36:08.694+01:00 INFO ledger-service host=ledger-service-5b8f6c-t6zvn corrId=c-f60a9b57f241f4e3 ledger posting accepted loan_id=LN058675992 amount_dkk=2712.88 posting_id=PST-7f81500122
2026-03-02T02:36:08.766+01:00 INFO payment-service host=payment-service-7c9d5b-t6zvn corrId=c-f60a9b57f241f4e3 payment settled loan_id=LN058675992 amount_dkk=2712.88
2026-03-02T02:36:08.805+01:00 INFO payment-scheduler host=payment-scheduler-7c9d5b-p9qmz corrId=c-0a6a39cf9bdcabe0 instalment collection started loan_id=LN083072073 due_date=2026-03-24
2026-03-02T02:36:08.824+01:00 INFO notification-service host=notification-service-7c9d5b-t6zvn corrId=c-f60a9b57f241f4e3 payment receipt sent loan_id=LN058675992 channel=DIGITAL_POST
2026-03-02T02:36:08.928+01:00 INFO payment-service host=payment-service-5b8f6c-x2k4p corrId=c-0a6a39cf9bdcabe0 direct debit mandate verified loan_id=LN083072073 mandate_id=MD2174730
2026-03-02T02:36:08.975+01:00 INFO payment-service host=payment-service-a41e92-x2k4p corrId=c-0a6a39cf9bdcabe0 payment instruction sent loan_id=LN083072073 amount_dkk=2630.21
2026-03-02T02:36:09.000+01:00 INFO ledger-service host=ledger-service-a41e92-x2k4p corrId=c-0a6a39cf9bdcabe0 ledger posting accepted loan_id=LN083072073 amount_dkk=2630.21 posting_id=PST-67bed44484
2026-03-02T02:36:09.099+01:00 INFO payment-service host=payment-service-7c9d5b-p9qmz corrId=c-0a6a39cf9bdcabe0 payment settled loan_id=LN083072073 amount_dkk=2630.21
2026-03-02T02:36:09.197+01:00 INFO notification-service host=notification-service-7c9d5b-t6zvn corrId=c-0a6a39cf9bdcabe0 payment receipt sent loan_id=LN083072073 channel=DIGITAL_POST
2026-03-02T02:36:10.600+01:00 INFO payment-scheduler host=payment-scheduler-7c9d5b-p9qmz corrId=c-a96f26f69f8738e8 instalment collection started loan_id=LN499502724 due_date=2026-03-18
2026-03-02T02:36:10.666+01:00 INFO payment-service host=payment-service-5b8f6c-x2k4p corrId=c-a96f26f69f8738e8 direct debit mandate verified loan_id=LN499502724 mandate_id=MD3434443
2026-03-02T02:36:10.767+01:00 INFO payment-service host=payment-service-7c9d5b-p9qmz corrId=c-a96f26f69f8738e8 payment instruction sent loan_id=LN499502724 amount_dkk=16399.01
2026-03-02T02:36:10.881+01:00 INFO ledger-service host=ledger-service-5b8f6c-t6zvn corrId=c-a96f26f69f8738e8 ledger posting accepted loan_id=LN499502724 amount_dkk=16399.01 posting_id=PST-86760a26ae
2026-03-02T02:36:10.952+01:00 INFO payment-service host=payment-service-5b8f6c-x2k4p corrId=c-a96f26f69f8738e8 payment settled loan_id=LN499502724 amount_dkk=16399.01
2026-03-02T02:36:11.010+01:00 INFO notification-service host=notification-service-7c9d5b-p9qmz corrId=c-a96f26f69f8738e8 payment receipt sent loan_id=LN499502724 channel=DIGITAL_POST
2026-03-02T02:36:33.390+01:00 INFO payment-scheduler host=payment-scheduler-7c9d5b-x2k4p corrId=c-dddbbadb4a0878ad instalment collection started loan_id=LN951833532 due_date=2026-03-02
2026-03-02T02:36:33.491+01:00 INFO payment-service host=payment-service-a41e92-t6zvn corrId=c-dddbbadb4a0878ad direct debit mandate verified loan_id=LN951833532 mandate_id=MD2358585
2026-03-02T02:36:33.589+01:00 INFO payment-service host=payment-service-5b8f6c-x2k4p corrId=c-dddbbadb4a0878ad payment instruction sent loan_id=LN951833532 amount_dkk=14464.66
2026-03-02T02:36:33.701+01:00 INFO ledger-service host=ledger-service-5b8f6c-t6zvn corrId=c-dddbbadb4a0878ad ledger posting accepted loan_id=LN951833532 amount_dkk=14464.66 posting_id=PST-bdcbd27f79
2026-03-02T02:36:33.734+01:00 INFO payment-service host=payment-service-7c9d5b-p9qmz corrId=c-dddbbadb4a0878ad payment settled loan_id=LN951833532 amount_dkk=14464.66
2026-03-02T02:36:33.849+01:00 INFO notification-service host=notification-service-5b8f6c-x2k4p corrId=c-dddbbadb4a0878ad payment receipt sent loan_id=LN951833532 channel=DIGITAL_POST
2026-03-02T02:36:40.305+01:00 INFO payment-scheduler host=payment-scheduler-7c9d5b-x2k4p corrId=c-50539597eec4c2d4 instalment collection started loan_id=LN590666506 due_date=2026-03-28
2026-03-02T02:36:40.338+01:00 INFO payment-service host=payment-service-a41e92-p9qmz corrId=c-50539597eec4c2d4 direct debit mandate verified loan_id=LN590666506 mandate_id=MD1347182
2026-03-02T02:36:40.429+01:00 INFO payment-service host=payment-service-5b8f6c-p9qmz corrId=c-50539597eec4c2d4 payment instruction sent loan_id=LN590666506 amount_dkk=3008.98
2026-03-02T02:36:40.498+01:00 INFO ledger-service host=ledger-service-a41e92-t6zvn corrId=c-50539597eec4c2d4 ledger posting accepted loan_id=LN590666506 amount_dkk=3008.98 posting_id=PST-812c4e87c6
2026-03-02T02:36:40.535+01:00 INFO payment-service host=payment-service-7c9d5b-p9qmz corrId=c-50539597eec4c2d4 payment settled loan_id=LN590666506 amount_dkk=3008.98
2026-03-02T02:36:40.587+01:00 INFO notification-service host=notification-service-7c9d5b-p9qmz corrId=c-50539597eec4c2d4 payment receipt sent loan_id=LN590666506 channel=EMAIL
2026-03-02T02:36:47.074+01:00 INFO payment-scheduler host=payment-scheduler-a41e92-t6zvn corrId=c-fcd3df1617ba2356 instalment collection started loan_id=LN420612368 due_date=2026-03-13
2026-03-02T02:36:47.164+01:00 INFO payment-service host=payment-service-5b8f6c-t6zvn corrId=c-fcd3df1617ba2356 direct debit mandate verified loan_id=LN420612368 mandate_id=MD4566656
2026-03-02T02:36:47.283+01:00 INFO payment-service host=payment-service-7c9d5b-x2k4p corrId=c-fcd3df1617ba2356 payment instruction sent loan_id=LN420612368 amount_dkk=7719.66
2026-03-02T02:36:47.347+01:00 INFO ledger-service host=ledger-service-5b8f6c-t6zvn corrId=c-fcd3df1617ba2356 ledger posting accepted loan_id=LN420612368 amount_dkk=7719.66 posting_id=PST-1f920c2e1d
2026-03-02T02:36:47.440+01:00 INFO payment-service host=payment-service-7c9d5b-t6zvn corrId=c-fcd3df1617ba2356 payment settled loan_id=LN420612368 amount_dkk=7719.66
2026-03-02T02:36:47.566+01:00 INFO notification-service host=notification-service-5b8f6c-x2k4p corrId=c-fcd3df1617ba2356 payment receipt sent loan_id=LN420612368 channel=DIGITAL_POST
2026-03-02T02:37:12.807+01:00 INFO payment-scheduler host=payment-scheduler-5b8f6c-t6zvn corrId=c-ccdf8b92485885db instalment collection started loan_id=LN209195985 due_date=2026-03-21
2026-03-02T02:37:12.840+01:00 INFO payment-service host=payment-service-7c9d5b-x2k4p corrId=c-ccdf8b92485885db direct debit mandate verified loan_id=LN209195985 mandate_id=MD4367594
2026-03-02T02:37:12.871+01:00 INFO payment-service host=payment-service-7c9d5b-x2k4p corrId=c-ccdf8b92485885db payment instruction sent loan_id=LN209195985 amount_dkk=6495.19
2026-03-02T02:37:12.966+01:00 INFO ledger-service host=ledger-service-a41e92-t6zvn corrId=c-ccdf8b92485885db ledger posting accepted loan_id=LN209195985 amount_dkk=6495.19 posting_id=PST-d946c72a67
2026-03-02T02:37:13.003+01:00 INFO payment-service host=payment-service-7c9d5b-x2k4p corrId=c-ccdf8b92485885db payment settled loan_id=LN209195985 amount_dkk=6495.19
2026-03-02T02:37:13.107+01:00 INFO notification-service host=notification-service-5b8f6c-x2k4p corrId=c-ccdf8b92485885db payment receipt sent loan_id=LN209195985 channel=EMAIL
2026-03-02T02:38:09.050+01:00 INFO payment-scheduler host=payment-scheduler-5b8f6c-x2k4p corrId=c-81de5f3b5e3f654f instalment collection started loan_id=LN745439977 due_date=2026-03-19
2026-03-02T02:38:09.156+01:00 INFO payment-service host=payment-service-7c9d5b-p9qmz corrId=c-81de5f3b5e3f654f direct debit mandate verified loan_id=LN745439977 mandate_id=MD5071178
2026-03-02T02:38:09.272+01:00 INFO payment-service host=payment-service-7c9d5b-x2k4p corrId=c-81de5f3b5e3f654f payment instruction sent loan_id=LN745439977 amount_dkk=17368.85
2026-03-02T02:38:09.407+01:00 INFO ledger-service host=ledger-service-5b8f6c-t6zvn corrId=c-81de5f3b5e3f654f ledger posting accepted loan_id=LN745439977 amount_dkk=17368.85 posting_id=PST-76c7749383
2026-03-02T02:38:09.414+01:00 INFO payment-service host=payment-service-a41e92-p9qmz corrId=c-81de5f3b5e3f654f payment settled loan_id=LN745439977 amount_dkk=17368.85
2026-03-02T02:38:09.483+01:00 INFO notification-service host=notification-service-5b8f6c-p9qmz corrId=c-81de5f3b5e3f654f payment receipt sent loan_id=LN745439977 channel=EMAIL
2026-03-02T02:38:23.653+01:00 INFO payment-scheduler host=payment-scheduler-a41e92-x2k4p corrId=c-97cdeb3f3900fadc instalment collection started loan_id=LN323478334 due_date=2026-03-19
2026-03-02T02:38:23.758+01:00 INFO payment-service host=payment-service-7c9d5b-x2k4p corrId=c-97cdeb3f3900fadc direct debit mandate verified loan_id=LN323478334 mandate_id=MD3109431
2026-03-02T02:38:23.776+01:00 INFO payment-service host=payment-service-5b8f6c-x2k4p corrId=c-97cdeb3f3900fadc payment instruction sent loan_id=LN323478334 amount_dkk=15297.24
2026-03-02T02:38:23.791+01:00 INFO ledger-service host=ledger-service-a41e92-p9qmz corrId=c-97cdeb3f3900fadc ledger posting accepted loan_id=LN323478334 amount_dkk=15297.24 posting_id=PST-455381cfa9
2026-03-02T02:38:23.909+01:00 INFO payment-service host=payment-service-a41e92-t6zvn corrId=c-97cdeb3f3900fadc payment settled loan_id=LN323478334 amount_dkk=15297.24
2026-03-02T02:38:24.000+01:00 INFO notification-service host=notification-service-7c9d5b-x2k4p corrId=c-97cdeb3f3900fadc payment receipt sent loan_id=LN323478334 channel=DIGITAL_POST
2026-03-02T02:38:36.555+01:00 INFO payment-scheduler host=payment-scheduler-a41e92-x2k4p corrId=c-07fc44c08ef1e9c4 instalment collection started loan_id=LN894188969 due_date=2026-03-21
2026-03-02T02:38:36.639+01:00 INFO payment-service host=payment-service-7c9d5b-t6zvn corrId=c-07fc44c08ef1e9c4 direct debit mandate verified loan_id=LN894188969 mandate_id=MD7950171
2026-03-02T02:38:36.696+01:00 INFO payment-service host=payment-service-5b8f6c-t6zvn corrId=c-07fc44c08ef1e9c4 payment instruction sent loan_id=LN894188969 amount_dkk=6683.22
2026-03-02T02:38:36.824+01:00 INFO ledger-service host=ledger-service-a41e92-x2k4p corrId=c-07fc44c08ef1e9c4 ledger posting accepted loan_id=LN894188969 amount_dkk=6683.22 posting_id=PST-1640cde293
2026-03-02T02:38:36.957+01:00 INFO payment-service host=payment-service-a41e92-x2k4p corrId=c-07fc44c08ef1e9c4 payment settled loan_id=LN894188969 amount_dkk=6683.22
2026-03-02T02:38:36.977+01:00 INFO notification-service host=notification-service-7c9d5b-t6zvn corrId=c-07fc44c08ef1e9c4 payment receipt sent loan_id=LN894188969 channel=EMAIL
2026-03-02T02:38:57.602+01:00 INFO payment-scheduler host=payment-scheduler-a41e92-x2k4p corrId=c-3020a4329c0dc9ef instalment collection started loan_id=LN769081991 due_date=2026-03-08
2026-03-02T02:38:57.638+01:00 INFO payment-service host=payment-service-7c9d5b-p9qmz corrId=c-3020a4329c0dc9ef direct debit mandate verified loan_id=LN769081991 mandate_id=MD8363887
2026-03-02T02:38:57.657+01:00 INFO payment-service host=payment-service-a41e92-x2k4p corrId=c-3020a4329c0dc9ef payment instruction sent loan_id=LN769081991 amount_dkk=13429.47
2026-03-02T02:38:57.782+01:00 INFO ledger-service host=ledger-service-7c9d5b-t6zvn corrId=c-3020a4329c0dc9ef ledger posting accepted loan_id=LN769081991 amount_dkk=13429.47 posting_id=PST-89310d81d4
2026-03-02T02:38:57.797+01:00 INFO payment-service host=payment-service-7c9d5b-p9qmz corrId=c-3020a4329c0dc9ef payment settled loan_id=LN769081991 amount_dkk=13429.47
2026-03-02T02:38:57.893+01:00 INFO notification-service host=notification-service-7c9d5b-t6zvn corrId=c-3020a4329c0dc9ef payment receipt sent loan_id=LN769081991 channel=DIGITAL_POST
2026-03-02T02:39:27.361+01:00 INFO payment-scheduler host=payment-scheduler-7c9d5b-t6zvn corrId=c-7baa573d439523de instalment collection started loan_id=LN683934907 due_date=2026-03-01
2026-03-02T02:39:27.367+01:00 INFO payment-service host=payment-service-7c9d5b-p9qmz corrId=c-7baa573d439523de direct debit mandate verified loan_id=LN683934907 mandate_id=MD4530294
2026-03-02T02:39:27.452+01:00 INFO payment-service host=payment-service-7c9d5b-x2k4p corrId=c-7baa573d439523de payment instruction sent loan_id=LN683934907 amount_dkk=16631.66
2026-03-02T02:39:27.471+01:00 INFO ledger-service host=ledger-service-5b8f6c-x2k4p corrId=c-7baa573d439523de ledger posting accepted loan_id=LN683934907 amount_dkk=16631.66 posting_id=PST-71286303f3
2026-03-02T02:39:27.541+01:00 INFO payment-service host=payment-service-5b8f6c-p9qmz corrId=c-7baa573d439523de payment settled loan_id=LN683934907 amount_dkk=16631.66
2026-03-02T02:39:27.588+01:00 INFO notification-service host=notification-service-7c9d5b-p9qmz corrId=c-7baa573d439523de payment receipt sent loan_id=LN683934907 channel=EMAIL
2026-03-02T02:39:37.386+01:00 INFO payment-scheduler host=payment-scheduler-5b8f6c-p9qmz corrId=c-ba580daa48e9e720 instalment collection started loan_id=LN414565208 due_date=2026-03-14
2026-03-02T02:39:37.470+01:00 INFO payment-service host=payment-service-7c9d5b-p9qmz corrId=c-ba580daa48e9e720 direct debit mandate verified loan_id=LN414565208 mandate_id=MD7515536
2026-03-02T02:39:37.590+01:00 INFO payment-service host=payment-service-7c9d5b-x2k4p corrId=c-ba580daa48e9e720 payment instruction sent loan_id=LN414565208 amount_dkk=10061.11
2026-03-02T02:39:37.672+01:00 INFO ledger-service host=ledger-service-5b8f6c-t6zvn corrId=c-ba580daa48e9e720 ledger posting accepted loan_id=LN414565208 amount_dkk=10061.11 posting_id=PST-cc0b3b0e67
2026-03-02T02:39:37.713+01:00 INFO payment-service host=payment-service-5b8f6c-x2k4p corrId=c-ba580daa48e9e720 payment settled loan_id=LN414565208 amount_dkk=10061.11
2026-03-02T02:39:37.795+01:00 INFO notification-service host=notification-service-7c9d5b-t6zvn corrId=c-ba580daa48e9e720 payment receipt sent loan_id=LN414565208 channel=DIGITAL_POST
2026-03-02T02:40:00.521+01:00 INFO payment-scheduler host=payment-scheduler-7c9d5b-p9qmz corrId=- scheduler heartbeat lag_ms=61
2026-03-02T02:40:00.658+01:00 INFO api-gateway host=api-gateway-a41e92-t6zvn corrId=- health probe ok status=200 latency_ms=35
2026-03-02T02:40:07.730+01:00 INFO payment-scheduler host=payment-scheduler-7c9d5b-x2k4p corrId=c-c531c4accd02ddef instalment collection started loan_id=LN698169846 due_date=2026-03-24
2026-03-02T02:40:07.794+01:00 INFO payment-service host=payment-service-a41e92-x2k4p corrId=c-c531c4accd02ddef direct debit mandate verified loan_id=LN698169846 mandate_id=MD2323597
2026-03-02T02:40:07.852+01:00 INFO payment-service host=payment-service-a41e92-t6zvn corrId=c-c531c4accd02ddef payment instruction sent loan_id=LN698169846 amount_dkk=10173.83
2026-03-02T02:40:07.891+01:00 INFO ledger-service host=ledger-service-a41e92-t6zvn corrId=c-c531c4accd02ddef ledger posting accepted loan_id=LN698169846 amount_dkk=10173.83 posting_id=PST-3b62b5d984
2026-03-02T02:40:08.009+01:00 INFO payment-service host=payment-service-a41e92-p9qmz corrId=c-c531c4accd02ddef payment settled loan_id=LN698169846 amount_dkk=10173.83
2026-03-02T02:40:08.095+01:00 INFO notification-service host=notification-service-a41e92-x2k4p corrId=c-c531c4accd02ddef payment receipt sent loan_id=LN698169846 channel=DIGITAL_POST
2026-03-02T02:40:12.131+01:00 INFO payment-scheduler host=payment-scheduler-a41e92-x2k4p corrId=c-c7c2018f5dbefa1f instalment collection started loan_id=LN707087639 due_date=2026-03-11
2026-03-02T02:40:12.214+01:00 INFO payment-service host=payment-service-5b8f6c-p9qmz corrId=c-c7c2018f5dbefa1f direct debit mandate verified loan_id=LN707087639 mandate_id=MD6196287
2026-03-02T02:40:12.287+01:00 INFO payment-service host=payment-service-a41e92-t6zvn corrId=c-c7c2018f5dbefa1f payment instruction sent loan_id=LN707087639 amount_dkk=8452.88
2026-03-02T02:40:12.425+01:00 INFO ledger-service host=ledger-service-7c9d5b-p9qmz corrId=c-c7c2018f5dbefa1f ledger posting accepted loan_id=LN707087639 amount_dkk=8452.88 posting_id=PST-ec718212f4
2026-03-02T02:40:12.545+01:00 INFO payment-service host=payment-service-5b8f6c-t6zvn corrId=c-c7c2018f5dbefa1f payment settled loan_id=LN707087639 amount_dkk=8452.88
2026-03-02T02:40:12.567+01:00 INFO notification-service host=notification-service-5b8f6c-p9qmz corrId=c-c7c2018f5dbefa1f payment receipt sent loan_id=LN707087639 channel=EMAIL
2026-03-02T02:40:20.458+01:00 INFO payment-scheduler host=payment-scheduler-7c9d5b-p9qmz corrId=c-f2ac2d46dc3c193e instalment collection started loan_id=LN001898302 due_date=2026-03-05
2026-03-02T02:40:20.563+01:00 INFO payment-service host=payment-service-5b8f6c-p9qmz corrId=c-f2ac2d46dc3c193e direct debit mandate verified loan_id=LN001898302 mandate_id=MD4117564
2026-03-02T02:40:20.593+01:00 INFO payment-service host=payment-service-a41e92-t6zvn corrId=c-f2ac2d46dc3c193e payment instruction sent loan_id=LN001898302 amount_dkk=14491.62
2026-03-02T02:40:20.669+01:00 INFO ledger-service host=ledger-service-5b8f6c-x2k4p corrId=c-f2ac2d46dc3c193e ledger posting accepted loan_id=LN001898302 amount_dkk=14491.62 posting_id=PST-4bbe28fa71
2026-03-02T02:40:20.797+01:00 INFO payment-service host=payment-service-a41e92-x2k4p corrId=c-f2ac2d46dc3c193e payment settled loan_id=LN001898302 amount_dkk=14491.62
2026-03-02T02:40:20.905+01:00 INFO notification-service host=notification-service-7c9d5b-p9qmz corrId=c-f2ac2d46dc3c193e payment receipt sent loan_id=LN001898302 channel=DIGITAL_POST
2026-03-02T02:40:59.963+01:00 INFO payment-scheduler host=payment-scheduler-5b8f6c-t6zvn corrId=c-ed7f38d4a2f94c65 instalment collection started loan_id=LN715652081 due_date=2026-03-27
2026-03-02T02:41:00.002+01:00 INFO payment-service host=payment-service-a41e92-t6zvn corrId=c-ed7f38d4a2f94c65 direct debit mandate verified loan_id=LN715652081 mandate_id=MD9017888
2026-03-02T02:41:00.104+01:00 INFO payment-service host=payment-service-5b8f6c-p9qmz corrId=c-ed7f38d4a2f94c65 payment instruction sent loan_id=LN715652081 amount_dkk=3435.30
2026-03-02T02:41:00.110+01:00 INFO ledger-service host=ledger-service-a41e92-p9qmz corrId=c-ed7f38d4a2f94c65 ledger posting accepted loan_id=LN715652081 amount_dkk=3435.30 posting_id=PST-b418b1d55c
2026-03-02T02:41:00.243+01:00 INFO payment-service host=payment-service-a41e92-t6zvn corrId=c-ed7f38d4a2f94c65 payment settled loan_id=LN715652081 amount_dkk=3435.30
2026-03-02T02:41:00.305+01:00 INFO notification-service host=notification-service-5b8f6c-t6zvn corrId=c-ed7f38d4a2f94c65 payment receipt sent loan_id=LN715652081 channel=DIGITAL_POST
2026-03-02T02:41:11.790+01:00 INFO payment-scheduler host=payment-scheduler-a41e92-t6zvn corrId=c-b27d39b79d238942 instalment collection started loan_id=LN390543759 due_date=2026-03-02
2026-03-02T02:41:11.818+01:00 INFO payment-service host=payment-service-a41e92-p9qmz corrId=c-b27d39b79d238942 direct debit mandate verified loan_id=LN390543759 mandate_id=MD7639714
2026-03-02T02:41:11.840+01:00 INFO payment-service host=payment-service-a41e92-p9qmz corrId=c-b27d39b79d238942 payment instruction sent loan_id=LN390543759 amount_dkk=6061.75
2026-03-02T02:41:11.959+01:00 INFO ledger-service host=ledger-service-7c9d5b-p9qmz corrId=c-b27d39b79d238942 ledger posting accepted loan_id=LN390543759 amount_dkk=6061.75 posting_id=PST-d63e386345
2026-03-02T02:41:12.077+01:00 INFO payment-service host=payment-service-7c9d5b-p9qmz corrId=c-b27d39b79d238942 payment settled loan_id=LN390543759 amount_dkk=6061.75
2026-03-02T02:41:12.098+01:00 INFO notification-service host=notification-service-5b8f6c-t6zvn corrId=c-b27d39b79d238942 payment receipt sent loan_id=LN390543759 channel=DIGITAL_POST
2026-03-02T02:41:13.595+01:00 INFO payment-scheduler host=payment-scheduler-5b8f6c-t6zvn corrId=c-208c9eddc66d3639 instalment collection started loan_id=LN775982054 due_date=2026-03-04
2026-03-02T02:41:13.718+01:00 INFO payment-service host=payment-service-7c9d5b-p9qmz corrId=c-208c9eddc66d3639 direct debit mandate verified loan_id=LN775982054 mandate_id=MD0735481
2026-03-02T02:41:13.817+01:00 INFO payment-service host=payment-service-a41e92-p9qmz corrId=c-208c9eddc66d3639 payment instruction sent loan_id=LN775982054 amount_dkk=16198.44
2026-03-02T02:41:13.863+01:00 INFO ledger-service host=ledger-service-5b8f6c-t6zvn corrId=c-208c9eddc66d3639 ledger posting accepted loan_id=LN775982054 amount_dkk=16198.44 posting_id=PST-f69c304105
2026-03-02T02:41:13.912+01:00 INFO payment-service host=payment-service-7c9d5b-t6zvn corrId=c-208c9eddc66d3639 payment settled loan_id=LN775982054 amount_dkk=16198.44
2026-03-02T02:41:13.974+01:00 INFO notification-service host=notification-service-5b8f6c-t6zvn corrId=c-208c9eddc66d3639 payment receipt sent loan_id=LN775982054 channel=EMAIL
2026-03-02T02:41:38.946+01:00 INFO payment-scheduler host=payment-scheduler-7c9d5b-p9qmz corrId=c-2a037e6ee729d740 instalment collection started loan_id=LN745528916 due_date=2026-03-10
2026-03-02T02:41:38.986+01:00 INFO payment-service host=payment-service-7c9d5b-t6zvn corrId=c-2a037e6ee729d740 direct debit mandate verified loan_id=LN745528916 mandate_id=MD0730019
2026-03-02T02:41:39.070+01:00 INFO payment-service host=payment-service-7c9d5b-t6zvn corrId=c-2a037e6ee729d740 payment instruction sent loan_id=LN745528916 amount_dkk=13634.07
2026-03-02T02:41:39.125+01:00 INFO ledger-service host=ledger-service-7c9d5b-p9qmz corrId=c-2a037e6ee729d740 ledger posting accepted loan_id=LN745528916 amount_dkk=13634.07 posting_id=PST-31b3479b6a
2026-03-02T02:41:39.232+01:00 INFO payment-service host=payment-service-a41e92-p9qmz corrId=c-2a037e6ee729d740 payment settled loan_id=LN745528916 amount_dkk=13634.07
2026-03-02T02:41:39.263+01:00 INFO notification-service host=notification-service-a41e92-t6zvn corrId=c-2a037e6ee729d740 payment receipt sent loan_id=LN745528916 channel=EMAIL
2026-03-02T02:41:39.424+01:00 INFO payment-scheduler host=payment-scheduler-7c9d5b-t6zvn corrId=c-9ba9ecfa76789dc9 instalment collection started loan_id=LN475140583 due_date=2026-03-01
2026-03-02T02:41:39.483+01:00 INFO payment-service host=payment-service-5b8f6c-x2k4p corrId=c-9ba9ecfa76789dc9 direct debit mandate verified loan_id=LN475140583 mandate_id=MD4147476
2026-03-02T02:41:39.565+01:00 INFO payment-service host=payment-service-a41e92-p9qmz corrId=c-9ba9ecfa76789dc9 payment instruction sent loan_id=LN475140583 amount_dkk=10933.38
2026-03-02T02:41:39.696+01:00 INFO ledger-service host=ledger-service-5b8f6c-p9qmz corrId=c-9ba9ecfa76789dc9 ledger posting accepted loan_id=LN475140583 amount_dkk=10933.38 posting_id=PST-beab2b24c3
2026-03-02T02:41:39.783+01:00 INFO payment-service host=payment-service-5b8f6c-p9qmz corrId=c-9ba9ecfa76789dc9 payment settled loan_id=LN475140583 amount_dkk=10933.38
2026-03-02T02:41:39.880+01:00 INFO notification-service host=notification-service-7c9d5b-x2k4p corrId=c-9ba9ecfa76789dc9 payment receipt sent loan_id=LN475140583 channel=DIGITAL_POST
2026-03-02T02:41:45.790+01:00 INFO payment-scheduler host=payment-scheduler-a41e92-x2k4p corrId=c-df88b3b09ff1f051 instalment collection started loan_id=LN320571631 due_date=2026-03-28
2026-03-02T02:41:45.846+01:00 INFO payment-service host=payment-service-a41e92-p9qmz corrId=c-df88b3b09ff1f051 direct debit mandate verified loan_id=LN320571631 mandate_id=MD2035774
2026-03-02T02:41:45.884+01:00 INFO payment-service host=payment-service-5b8f6c-t6zvn corrId=c-df88b3b09ff1f051 payment instruction sent loan_id=LN320571631 amount_dkk=8369.77
2026-03-02T02:41:45.902+01:00 INFO ledger-service host=ledger-service-a41e92-t6zvn corrId=c-df88b3b09ff1f051 ledger posting accepted loan_id=LN320571631 amount_dkk=8369.77 posting_id=PST-f0792552a5
2026-03-02T02:41:46.037+01:00 INFO payment-service host=payment-service-7c9d5b-t6zvn corrId=c-df88b3b09ff1f051 payment settled loan_id=LN320571631 amount_dkk=8369.77
2026-03-02T02:41:46.140+01:00 INFO notification-service host=notification-service-7c9d5b-t6zvn corrId=c-df88b3b09ff1f051 payment receipt sent loan_id=LN320571631 channel=DIGITAL_POST
2026-03-02T02:41:46.396+01:00 INFO payment-scheduler host=payment-scheduler-5b8f6c-p9qmz corrId=c-42971078dbc0e40e instalment collection started loan_id=LN360442212 due_date=2026-03-12
2026-03-02T02:41:46.503+01:00 INFO payment-service host=payment-service-a41e92-x2k4p corrId=c-42971078dbc0e40e direct debit mandate verified loan_id=LN360442212 mandate_id=MD0983405
2026-03-02T02:41:46.533+01:00 INFO payment-service host=payment-service-7c9d5b-x2k4p corrId=c-42971078dbc0e40e payment instruction sent loan_id=LN360442212 amount_dkk=5515.45
2026-03-02T02:41:46.573+01:00 INFO ledger-service host=ledger-service-5b8f6c-x2k4p corrId=c-42971078dbc0e40e ledger posting accepted loan_id=LN360442212 amount_dkk=5515.45 posting_id=PST-471404b087
2026-03-02T02:41:46.627+01:00 INFO payment-service host=payment-service-7c9d5b-x2k4p corrId=c-42971078dbc0e40e payment settled loan_id=LN360442212 amount_dkk=5515.45
2026-03-02T02:41:46.640+01:00 INFO notification-service host=notification-service-a41e92-p9qmz corrId=c-42971078dbc0e40e payment receipt sent loan_id=LN360442212 channel=DIGITAL_POST
2026-03-02T02:41:56.974+01:00 INFO payment-scheduler host=payment-scheduler-5b8f6c-x2k4p corrId=c-08c7ba1655d28b9f instalment collection started loan_id=LN406860524 due_date=2026-03-02
2026-03-02T02:41:57.033+01:00 INFO payment-service host=payment-service-7c9d5b-x2k4p corrId=c-08c7ba1655d28b9f direct debit mandate verified loan_id=LN406860524 mandate_id=MD6399294
2026-03-02T02:41:57.135+01:00 INFO payment-service host=payment-service-5b8f6c-x2k4p corrId=c-08c7ba1655d28b9f payment instruction sent loan_id=LN406860524 amount_dkk=7292.65
2026-03-02T02:41:57.260+01:00 INFO ledger-service host=ledger-service-5b8f6c-t6zvn corrId=c-08c7ba1655d28b9f ledger posting accepted loan_id=LN406860524 amount_dkk=7292.65 posting_id=PST-183b9f9f68
2026-03-02T02:41:57.266+01:00 INFO payment-service host=payment-service-7c9d5b-p9qmz corrId=c-08c7ba1655d28b9f payment settled loan_id=LN406860524 amount_dkk=7292.65
2026-03-02T02:41:57.394+01:00 INFO notification-service host=notification-service-a41e92-x2k4p corrId=c-08c7ba1655d28b9f payment receipt sent loan_id=LN406860524 channel=DIGITAL_POST
2026-03-02T02:42:03.512+01:00 INFO payment-scheduler host=payment-scheduler-5b8f6c-p9qmz corrId=c-b19dcf013d41e515 instalment collection started loan_id=LN031745191 due_date=2026-03-17
2026-03-02T02:42:03.527+01:00 INFO payment-service host=payment-service-5b8f6c-x2k4p corrId=c-b19dcf013d41e515 direct debit mandate verified loan_id=LN031745191 mandate_id=MD3339067
2026-03-02T02:42:03.660+01:00 INFO payment-service host=payment-service-a41e92-x2k4p corrId=c-b19dcf013d41e515 payment instruction sent loan_id=LN031745191 amount_dkk=13764.82
2026-03-02T02:42:03.742+01:00 INFO ledger-service host=ledger-service-7c9d5b-x2k4p corrId=c-b19dcf013d41e515 ledger posting accepted loan_id=LN031745191 amount_dkk=13764.82 posting_id=PST-7d03b8b6c4
2026-03-02T02:42:03.784+01:00 INFO payment-service host=payment-service-a41e92-t6zvn corrId=c-b19dcf013d41e515 payment settled loan_id=LN031745191 amount_dkk=13764.82
2026-03-02T02:42:03.843+01:00 INFO notification-service host=notification-service-7c9d5b-t6zvn corrId=c-b19dcf013d41e515 payment receipt sent loan_id=LN031745191 channel=EMAIL
2026-03-02T02:42:09.959+01:00 INFO payment-scheduler host=payment-scheduler-a41e92-x2k4p corrId=c-563bf20b594ff46f instalment collection started loan_id=LN309208827 due_date=2026-03-03
2026-03-02T02:42:10.058+01:00 INFO payment-service host=payment-service-5b8f6c-p9qmz corrId=c-563bf20b594ff46f direct debit mandate verified loan_id=LN309208827 mandate_id=MD4170152
2026-03-02T02:42:10.095+01:00 INFO payment-service host=payment-service-5b8f6c-t6zvn corrId=c-563bf20b594ff46f payment instruction sent loan_id=LN309208827 amount_dkk=11134.95
2026-03-02T02:42:10.115+01:00 INFO ledger-service host=ledger-service-7c9d5b-t6zvn corrId=c-563bf20b594ff46f ledger posting accepted loan_id=LN309208827 amount_dkk=11134.95 posting_id=PST-e932428fb6
2026-03-02T02:42:10.165+01:00 INFO payment-service host=payment-service-7c9d5b-p9qmz corrId=c-563bf20b594ff46f payment settled loan_id=LN309208827 amount_dkk=11134.95
2026-03-02T02:42:10.252+01:00 INFO notification-service host=notification-service-7c9d5b-x2k4p corrId=c-563bf20b594ff46f payment receipt sent loan_id=LN309208827 channel=DIGITAL_POST
2026-03-02T02:42:50.782+01:00 INFO payment-scheduler host=payment-scheduler-7c9d5b-t6zvn corrId=c-87bfdca12218be6b instalment collection started loan_id=LN910811864 due_date=2026-03-28
2026-03-02T02:42:50.829+01:00 INFO payment-service host=payment-service-a41e92-x2k4p corrId=c-87bfdca12218be6b direct debit mandate verified loan_id=LN910811864 mandate_id=MD2344155
2026-03-02T02:42:50.889+01:00 INFO payment-service host=payment-service-a41e92-p9qmz corrId=c-87bfdca12218be6b payment instruction sent loan_id=LN910811864 amount_dkk=3533.22
2026-03-02T02:42:50.936+01:00 INFO ledger-service host=ledger-service-a41e92-t6zvn corrId=c-87bfdca12218be6b ledger posting accepted loan_id=LN910811864 amount_dkk=3533.22 posting_id=PST-9fd3b4a6c9
2026-03-02T02:42:51.070+01:00 INFO payment-service host=payment-service-a41e92-x2k4p corrId=c-87bfdca12218be6b payment settled loan_id=LN910811864 amount_dkk=3533.22
2026-03-02T02:42:51.150+01:00 INFO notification-service host=notification-service-7c9d5b-p9qmz corrId=c-87bfdca12218be6b payment receipt sent loan_id=LN910811864 channel=DIGITAL_POST
2026-03-02T02:42:55.274+01:00 INFO payment-scheduler host=payment-scheduler-a41e92-x2k4p corrId=c-a4a13d22bbc4c6f1 instalment collection started loan_id=LN356456849 due_date=2026-03-27
2026-03-02T02:42:55.412+01:00 INFO payment-service host=payment-service-7c9d5b-p9qmz corrId=c-a4a13d22bbc4c6f1 direct debit mandate verified loan_id=LN356456849 mandate_id=MD6521194
2026-03-02T02:42:55.429+01:00 INFO payment-service host=payment-service-a41e92-x2k4p corrId=c-a4a13d22bbc4c6f1 payment instruction sent loan_id=LN356456849 amount_dkk=15735.66
2026-03-02T02:42:55.501+01:00 WARN ledger-service host=ledger-service-a41e92-t6zvn corrId=c-a4a13d22bbc4c6f1 ledger posting retried loan_id=LN356456849 attempt=1
2026-03-02T02:42:55.582+01:00 INFO ledger-service host=ledger-service-a41e92-t6zvn corrId=c-a4a13d22bbc4c6f1 ledger posting accepted loan_id=LN356456849 amount_dkk=15735.66 posting_id=PST-041432fb41
2026-03-02T02:42:55.682+01:00 INFO payment-service host=payment-service-a41e92-x2k4p corrId=c-a4a13d22bbc4c6f1 payment settled loan_id=LN356456849 amount_dkk=15735.66
2026-03-02T02:42:55.808+01:00 INFO notification-service host=notification-service-7c9d5b-x2k4p corrId=c-a4a13d22bbc4c6f1 payment receipt sent loan_id=LN356456849 channel=DIGITAL_POST
2026-03-02T02:43:21.756+01:00 INFO payment-scheduler host=payment-scheduler-7c9d5b-t6zvn corrId=c-ab1a72833572fba1 instalment collection started loan_id=LN615324846 due_date=2026-03-02
2026-03-02T02:43:21.877+01:00 INFO payment-service host=payment-service-a41e92-t6zvn corrId=c-ab1a72833572fba1 direct debit mandate verified loan_id=LN615324846 mandate_id=MD1044778
2026-03-02T02:43:21.999+01:00 INFO payment-service host=payment-service-7c9d5b-x2k4p corrId=c-ab1a72833572fba1 payment instruction sent loan_id=LN615324846 amount_dkk=5811.52
2026-03-02T02:43:22.072+01:00 INFO ledger-service host=ledger-service-5b8f6c-x2k4p corrId=c-ab1a72833572fba1 ledger posting accepted loan_id=LN615324846 amount_dkk=5811.52 posting_id=PST-bf1dbdeba8
2026-03-02T02:43:22.141+01:00 INFO payment-service host=payment-service-a41e92-x2k4p corrId=c-ab1a72833572fba1 payment settled loan_id=LN615324846 amount_dkk=5811.52
2026-03-02T02:43:22.197+01:00 INFO notification-service host=notification-service-7c9d5b-t6zvn corrId=c-ab1a72833572fba1 payment receipt sent loan_id=LN615324846 channel=DIGITAL_POST
2026-03-02T02:43:25.697+01:00 INFO payment-scheduler host=payment-scheduler-7c9d5b-t6zvn corrId=c-ef975e7ef3a2833c instalment collection started loan_id=LN051493809 due_date=2026-03-01
2026-03-02T02:43:25.760+01:00 INFO payment-service host=payment-service-a41e92-x2k4p corrId=c-ef975e7ef3a2833c direct debit mandate verified loan_id=LN051493809 mandate_id=MD9101977
2026-03-02T02:43:25.790+01:00 INFO payment-service host=payment-service-a41e92-x2k4p corrId=c-ef975e7ef3a2833c payment instruction sent loan_id=LN051493809 amount_dkk=3169.10
2026-03-02T02:43:25.803+01:00 INFO ledger-service host=ledger-service-a41e92-x2k4p corrId=c-ef975e7ef3a2833c ledger posting accepted loan_id=LN051493809 amount_dkk=3169.10 posting_id=PST-abceceaec1
2026-03-02T02:43:25.871+01:00 INFO payment-service host=payment-service-a41e92-x2k4p corrId=c-ef975e7ef3a2833c payment settled loan_id=LN051493809 amount_dkk=3169.10
2026-03-02T02:43:25.940+01:00 INFO notification-service host=notification-service-a41e92-t6zvn corrId=c-ef975e7ef3a2833c payment receipt sent loan_id=LN051493809 channel=EMAIL
2026-03-02T02:43:29.980+01:00 INFO payment-scheduler host=payment-scheduler-a41e92-p9qmz corrId=c-332442f52449c021 instalment collection started loan_id=LN819264830 due_date=2026-03-14
2026-03-02T02:43:30.052+01:00 INFO payment-service host=payment-service-5b8f6c-t6zvn corrId=c-332442f52449c021 direct debit mandate verified loan_id=LN819264830 mandate_id=MD0779523
2026-03-02T02:43:30.080+01:00 INFO payment-service host=payment-service-a41e92-p9qmz corrId=c-332442f52449c021 payment instruction sent loan_id=LN819264830 amount_dkk=9528.04
2026-03-02T02:43:30.129+01:00 INFO ledger-service host=ledger-service-7c9d5b-t6zvn corrId=c-332442f52449c021 ledger posting accepted loan_id=LN819264830 amount_dkk=9528.04 posting_id=PST-e6bff632a4
2026-03-02T02:43:30.230+01:00 INFO payment-service host=payment-service-5b8f6c-x2k4p corrId=c-332442f52449c021 payment settled loan_id=LN819264830 amount_dkk=9528.04
2026-03-02T02:43:30.270+01:00 INFO notification-service host=notification-service-a41e92-t6zvn corrId=c-332442f52449c021 payment receipt sent loan_id=LN819264830 channel=DIGITAL_POST
2026-03-02T02:43:32.590+01:00 INFO payment-scheduler host=payment-scheduler-a41e92-x2k4p corrId=c-226ad27f93315484 instalment collection started loan_id=LN975737423 due_date=2026-03-15
2026-03-02T02:43:32.645+01:00 INFO payment-service host=payment-service-7c9d5b-x2k4p corrId=c-226ad27f93315484 direct debit mandate verified loan_id=LN975737423 mandate_id=MD5150268
2026-03-02T02:43:32.745+01:00 INFO payment-service host=payment-service-a41e92-t6zvn corrId=c-226ad27f93315484 payment instruction sent loan_id=LN975737423 amount_dkk=5425.80
2026-03-02T02:43:32.807+01:00 INFO ledger-service host=ledger-service-a41e92-x2k4p corrId=c-226ad27f93315484 ledger posting accepted loan_id=LN975737423 amount_dkk=5425.80 posting_id=PST-f3b9bd403b
2026-03-02T02:43:32.849+01:00 INFO payment-service host=payment-service-7c9d5b-x2k4p corrId=c-226ad27f93315484 payment settled loan_id=LN975737423 amount_dkk=5425.80
2026-03-02T02:43:32.966+01:00 INFO notification-service host=notification-service-5b8f6c-p9qmz corrId=c-226ad27f93315484 payment receipt sent loan_id=LN975737423 channel=DIGITAL_POST
2026-03-02T02:43:34.338+01:00 INFO payment-scheduler host=payment-scheduler-5b8f6c-t6zvn corrId=c-742939448f737357 instalment collection started loan_id=LN414160861 due_date=2026-03-21
2026-03-02T02:43:34.451+01:00 INFO payment-service host=payment-service-5b8f6c-x2k4p corrId=c-742939448f737357 direct debit mandate verified loan_id=LN414160861 mandate_id=MD6839145
2026-03-02T02:43:34.500+01:00 INFO payment-service host=payment-service-5b8f6c-p9qmz corrId=c-742939448f737357 payment instruction sent loan_id=LN414160861 amount_dkk=4485.20
2026-03-02T02:43:34.549+01:00 INFO ledger-service host=ledger-service-a41e92-x2k4p corrId=c-742939448f737357 ledger posting accepted loan_id=LN414160861 amount_dkk=4485.20 posting_id=PST-58135251e8
2026-03-02T02:43:34.607+01:00 INFO payment-service host=payment-service-5b8f6c-p9qmz corrId=c-742939448f737357 payment settled loan_id=LN414160861 amount_dkk=4485.20
2026-03-02T02:43:34.676+01:00 INFO notification-service host=notification-service-a41e92-x2k4p corrId=c-742939448f737357 payment receipt sent loan_id=LN414160861 channel=DIGITAL_POST
2026-03-02T02:43:38.694+01:00 INFO payment-scheduler host=payment-scheduler-7c9d5b-t6zvn corrId=c-8fd529e3e4e55002 instalment collection started loan_id=LN816467742 due_date=2026-03-19
2026-03-02T02:43:38.813+01:00 INFO payment-service host=payment-service-5b8f6c-t6zvn corrId=c-8fd529e3e4e55002 direct debit mandate verified loan_id=LN816467742 mandate_id=MD4554141
2026-03-02T02:43:38.920+01:00 INFO payment-service host=payment-service-a41e92-p9qmz corrId=c-8fd529e3e4e55002 payment instruction sent loan_id=LN816467742 amount_dkk=7934.12
2026-03-02T02:43:39.055+01:00 INFO ledger-service host=ledger-service-7c9d5b-t6zvn corrId=c-8fd529e3e4e55002 ledger posting accepted loan_id=LN816467742 amount_dkk=7934.12 posting_id=PST-68ec27f152
2026-03-02T02:43:39.134+01:00 INFO payment-service host=payment-service-a41e92-t6zvn corrId=c-8fd529e3e4e55002 payment settled loan_id=LN816467742 amount_dkk=7934.12
2026-03-02T02:43:39.226+01:00 INFO notification-service host=notification-service-5b8f6c-t6zvn corrId=c-8fd529e3e4e55002 payment receipt sent loan_id=LN816467742 channel=DIGITAL_POST
2026-03-02T02:43:58.122+01:00 INFO payment-scheduler host=payment-scheduler-5b8f6c-t6zvn corrId=c-8812c91b04a7463f instalment collection started loan_id=LN484487201 due_date=2026-03-20
2026-03-02T02:43:58.258+01:00 INFO payment-service host=payment-service-5b8f6c-x2k4p corrId=c-8812c91b04a7463f direct debit mandate verified loan_id=LN484487201 mandate_id=MD1336616
2026-03-02T02:43:58.397+01:00 INFO payment-service host=payment-service-7c9d5b-p9qmz corrId=c-8812c91b04a7463f payment instruction sent loan_id=LN484487201 amount_dkk=11213.45
2026-03-02T02:43:58.429+01:00 INFO ledger-service host=ledger-service-a41e92-p9qmz corrId=c-8812c91b04a7463f ledger posting accepted loan_id=LN484487201 amount_dkk=11213.45 posting_id=PST-e84a63c323
2026-03-02T02:43:58.518+01:00 INFO payment-service host=payment-service-a41e92-t6zvn corrId=c-8812c91b04a7463f payment settled loan_id=LN484487201 amount_dkk=11213.45
2026-03-02T02:43:58.536+01:00 INFO notification-service host=notification-service-5b8f6c-x2k4p corrId=c-8812c91b04a7463f payment receipt sent loan_id=LN484487201 channel=DIGITAL_POST
2026-03-02T02:44:01.413+01:00 INFO payment-scheduler host=payment-scheduler-7c9d5b-t6zvn corrId=c-0129aeee65cc16c0 instalment collection started loan_id=LN286239017 due_date=2026-03-26
2026-03-02T02:44:01.473+01:00 INFO payment-service host=payment-service-7c9d5b-x2k4p corrId=c-0129aeee65cc16c0 direct debit mandate verified loan_id=LN286239017 mandate_id=MD2836375
2026-03-02T02:44:01.566+01:00 INFO payment-service host=payment-service-7c9d5b-x2k4p corrId=c-0129aeee65cc16c0 payment instruction sent loan_id=LN286239017 amount_dkk=9267.38
2026-03-02T02:44:01.606+01:00 INFO ledger-service host=ledger-service-a41e92-t6zvn corrId=c-0129aeee65cc16c0 ledger posting accepted loan_id=LN286239017 amount_dkk=9267.38 posting_id=PST-753e2775d6
2026-03-02T02:44:01.666+01:00 INFO payment-service host=payment-service-5b8f6c-p9qmz corrId=c-0129aeee65cc16c0 payment settled loan_id=LN286239017 amount_dkk=9267.38
2026-03-02T02:44:01.748+01:00 INFO notification-service host=notification-service-7c9d5b-p9qmz corrId=c-0129aeee65cc16c0 payment receipt sent loan_id=LN286239017 channel=EMAIL
2026-03-02T02:44:30.648+01:00 INFO payment-scheduler host=payment-scheduler-5b8f6c-t6zvn corrId=c-7075f336cd939dde instalment collection started loan_id=LN111494593 due_date=2026-03-20
2026-03-02T02:44:30.680+01:00 INFO payment-service host=payment-service-7c9d5b-p9qmz corrId=c-7075f336cd939dde direct debit mandate verified loan_id=LN111494593 mandate_id=MD3964644
2026-03-02T02:44:30.765+01:00 INFO payment-service host=payment-service-5b8f6c-t6zvn corrId=c-7075f336cd939dde payment instruction sent loan_id=LN111494593 amount_dkk=4176.35
2026-03-02T02:44:30.864+01:00 INFO ledger-service host=ledger-service-a41e92-p9qmz corrId=c-7075f336cd939dde ledger posting accepted loan_id=LN111494593 amount_dkk=4176.35 posting_id=PST-66447d8bdb
2026-03-02T02:44:30.887+01:00 INFO payment-service host=payment-service-a41e92-t6zvn corrId=c-7075f336cd939dde payment settled loan_id=LN111494593 amount_dkk=4176.35
2026-03-02T02:44:30.981+01:00 INFO notification-service host=notification-service-7c9d5b-p9qmz corrId=c-7075f336cd939dde payment receipt sent loan_id=LN111494593 channel=DIGITAL_POST
2026-03-02T02:44:32.370+01:00 INFO payment-scheduler host=payment-scheduler-5b8f6c-p9qmz corrId=c-1b63b4dc7505c181 instalment collection started loan_id=LN225710939 due_date=2026-03-13
2026-03-02T02:44:32.453+01:00 INFO payment-service host=payment-service-7c9d5b-t6zvn corrId=c-1b63b4dc7505c181 direct debit mandate verified loan_id=LN225710939 mandate_id=MD7254742
2026-03-02T02:44:32.485+01:00 INFO payment-service host=payment-service-5b8f6c-p9qmz corrId=c-1b63b4dc7505c181 payment instruction sent loan_id=LN225710939 amount_dkk=15646.49
2026-03-02T02:44:32.609+01:00 INFO ledger-service host=ledger-service-5b8f6c-t6zvn corrId=c-1b63b4dc7505c181 ledger posting accepted loan_id=LN225710939 amount_dkk=15646.49 posting_id=PST-1ea13ec642
2026-03-02T02:44:32.727+01:00 INFO payment-service host=payment-service-a41e92-p9qmz corrId=c-1b63b4dc7505c181 payment settled loan_id=LN225710939 amount_dkk=15646.49
2026-03-02T02:44:32.759+01:00 INFO notification-service host=notification-service-7c9d5b-p9qmz corrId=c-1b63b4dc7505c181 payment receipt sent loan_id=LN225710939 channel=DIGITAL_POST
2026-03-02T02:44:33.104+01:00 INFO payment-scheduler host=payment-scheduler-a41e92-t6zvn corrId=c-584c7418d585928d instalment collection started loan_id=LN648037630 due_date=2026-03-06
2026-03-02T02:44:33.187+01:00 INFO payment-service host=payment-service-7c9d5b-p9qmz corrId=c-584c7418d585928d direct debit mandate verified loan_id=LN648037630 mandate_id=MD6027233
2026-03-02T02:44:33.308+01:00 INFO payment-service host=payment-service-7c9d5b-p9qmz corrId=c-584c7418d585928d payment instruction sent loan_id=LN648037630 amount_dkk=9502.96
2026-03-02T02:44:33.377+01:00 INFO ledger-service host=ledger-service-a41e92-t6zvn corrId=c-584c7418d585928d ledger posting accepted loan_id=LN648037630 amount_dkk=9502.96 posting_id=PST-4e19a7a816
2026-03-02T02:44:33.389+01:00 INFO payment-service host=payment-service-5b8f6c-t6zvn corrId=c-584c7418d585928d payment settled loan_id=LN648037630 amount_dkk=9502.96
2026-03-02T02:44:33.453+01:00 INFO notification-service host=notification-service-7c9d5b-t6zvn corrId=c-584c7418d585928d payment receipt sent loan_id=LN648037630 channel=DIGITAL_POST
2026-03-02T02:44:38.801+01:00 INFO payment-scheduler host=payment-scheduler-5b8f6c-x2k4p corrId=c-077c2c40bed1d228 instalment collection started loan_id=LN874924757 due_date=2026-03-07
2026-03-02T02:44:38.871+01:00 INFO payment-service host=payment-service-5b8f6c-p9qmz corrId=c-077c2c40bed1d228 direct debit mandate verified loan_id=LN874924757 mandate_id=MD8470575
2026-03-02T02:44:38.921+01:00 INFO payment-service host=payment-service-5b8f6c-p9qmz corrId=c-077c2c40bed1d228 payment instruction sent loan_id=LN874924757 amount_dkk=9412.36
2026-03-02T02:44:38.985+01:00 INFO ledger-service host=ledger-service-7c9d5b-t6zvn corrId=c-077c2c40bed1d228 ledger posting accepted loan_id=LN874924757 amount_dkk=9412.36 posting_id=PST-bb984f41c5
2026-03-02T02:44:39.033+01:00 INFO payment-service host=payment-service-7c9d5b-x2k4p corrId=c-077c2c40bed1d228 payment settled loan_id=LN874924757 amount_dkk=9412.36
2026-03-02T02:44:39.040+01:00 INFO notification-service host=notification-service-7c9d5b-p9qmz corrId=c-077c2c40bed1d228 payment receipt sent loan_id=LN874924757 channel=DIGITAL_POST
2026-03-02T02:45:00.223+01:00 INFO api-gateway host=api-gateway-5b8f6c-x2k4p corrId=- health probe ok status=200 latency_ms=23
2026-03-02T02:45:13.000+01:00 INFO valuation-service host=valuation-service-a41e92-p9qmz corrId=- jvm gc pause pause_ms=83
2026-03-02T02:45:27.290+01:00 INFO payment-scheduler host=payment-scheduler-5b8f6c-p9qmz corrId=c-365d2460385ac418 instalment collection started loan_id=LN803348344 due_date=2026-03-04
2026-03-02T02:45:27.364+01:00 INFO payment-service host=payment-service-a41e92-x2k4p corrId=c-365d2460385ac418 direct debit mandate verified loan_id=LN803348344 mandate_id=MD3254769
2026-03-02T02:45:27.448+01:00 INFO payment-service host=payment-service-5b8f6c-x2k4p corrId=c-365d2460385ac418 payment instruction sent loan_id=LN803348344 amount_dkk=11016.65
2026-03-02T02:45:27.496+01:00 INFO ledger-service host=ledger-service-5b8f6c-t6zvn corrId=c-365d2460385ac418 ledger posting accepted loan_id=LN803348344 amount_dkk=11016.65 posting_id=PST-d0a656e077
2026-03-02T02:45:27.621+01:00 INFO payment-service host=payment-service-a41e92-t6zvn corrId=c-365d2460385ac418 payment settled loan_id=LN803348344 amount_dkk=11016.65
2026-03-02T02:45:27.674+01:00 INFO notification-service host=notification-service-a41e92-x2k4p corrId=c-365d2460385ac418 payment receipt sent loan_id=LN803348344 channel=EMAIL
2026-03-02T02:45:34.981+01:00 INFO payment-scheduler host=payment-scheduler-a41e92-t6zvn corrId=c-23a9bd30b866c319 instalment collection started loan_id=LN935334020 due_date=2026-03-18
2026-03-02T02:45:35.109+01:00 INFO payment-service host=payment-service-7c9d5b-x2k4p corrId=c-23a9bd30b866c319 direct debit mandate verified loan_id=LN935334020 mandate_id=MD1073709
2026-03-02T02:45:35.234+01:00 INFO payment-service host=payment-service-a41e92-p9qmz corrId=c-23a9bd30b866c319 payment instruction sent loan_id=LN935334020 amount_dkk=8613.95
2026-03-02T02:45:35.342+01:00 INFO ledger-service host=ledger-service-5b8f6c-t6zvn corrId=c-23a9bd30b866c319 ledger posting accepted loan_id=LN935334020 amount_dkk=8613.95 posting_id=PST-c7e05b440f
2026-03-02T02:45:35.446+01:00 INFO payment-service host=payment-service-5b8f6c-x2k4p corrId=c-23a9bd30b866c319 payment settled loan_id=LN935334020 amount_dkk=8613.95
2026-03-02T02:45:35.472+01:00 INFO notification-service host=notification-service-7c9d5b-t6zvn corrId=c-23a9bd30b866c319 payment receipt sent loan_id=LN935334020 channel=DIGITAL_POST
2026-03-02T02:45:42.969+01:00 INFO payment-scheduler host=payment-scheduler-a41e92-x2k4p corrId=c-618f39fb66f17960 instalment collection started loan_id=LN069727551 due_date=2026-03-08
2026-03-02T02:45:43.086+01:00 INFO payment-service host=payment-service-a41e92-t6zvn corrId=c-618f39fb66f17960 direct debit mandate verified loan_id=LN069727551 mandate_id=MD9565145
2026-03-02T02:45:43.202+01:00 INFO payment-service host=payment-service-5b8f6c-x2k4p corrId=c-618f39fb66f17960 payment instruction sent loan_id=LN069727551 amount_dkk=10586.49
2026-03-02T02:45:43.242+01:00 INFO ledger-service host=ledger-service-a41e92-t6zvn corrId=c-618f39fb66f17960 ledger posting accepted loan_id=LN069727551 amount_dkk=10586.49 posting_id=PST-40a0219886
2026-03-02T02:45:43.259+01:00 INFO payment-service host=payment-service-5b8f6c-x2k4p corrId=c-618f39fb66f17960 payment settled loan_id=LN069727551 amount_dkk=10586.49
2026-03-02T02:45:43.266+01:00 INFO notification-service host=notification-service-a41e92-x2k4p corrId=c-618f39fb66f17960 payment receipt sent loan_id=LN069727551 channel=DIGITAL_POST
2026-03-02T02:45:54.289+01:00 INFO payment-scheduler host=payment-scheduler-5b8f6c-t6zvn corrId=c-db2d8d9810dbe3df instalment collection started loan_id=LN753698334 due_date=2026-03-12
2026-03-02T02:45:54.388+01:00 INFO payment-service host=payment-service-7c9d5b-x2k4p corrId=c-db2d8d9810dbe3df direct debit mandate verified loan_id=LN753698334 mandate_id=MD0181532
2026-03-02T02:45:54.397+01:00 INFO payment-service host=payment-service-5b8f6c-t6zvn corrId=c-db2d8d9810dbe3df payment instruction sent loan_id=LN753698334 amount_dkk=14732.16
2026-03-02T02:45:54.411+01:00 INFO ledger-service host=ledger-service-a41e92-x2k4p corrId=c-db2d8d9810dbe3df ledger posting accepted loan_id=LN753698334 amount_dkk=14732.16 posting_id=PST-9483fa2d18
2026-03-02T02:45:54.540+01:00 INFO payment-service host=payment-service-a41e92-t6zvn corrId=c-db2d8d9810dbe3df payment settled loan_id=LN753698334 amount_dkk=14732.16
2026-03-02T02:45:54.565+01:00 INFO notification-service host=notification-service-5b8f6c-p9qmz corrId=c-db2d8d9810dbe3df payment receipt sent loan_id=LN753698334 channel=EMAIL
2026-03-02T02:45:59.481+01:00 INFO payment-scheduler host=payment-scheduler-a41e92-p9qmz corrId=c-720543e241418633 instalment collection started loan_id=LN565829991 due_date=2026-03-12
2026-03-02T02:45:59.497+01:00 INFO payment-service host=payment-service-a41e92-p9qmz corrId=c-720543e241418633 direct debit mandate verified loan_id=LN565829991 mandate_id=MD0068119
2026-03-02T02:45:59.582+01:00 INFO payment-service host=payment-service-a41e92-p9qmz corrId=c-720543e241418633 payment instruction sent loan_id=LN565829991 amount_dkk=15790.51
2026-03-02T02:45:59.650+01:00 INFO ledger-service host=ledger-service-5b8f6c-x2k4p corrId=c-720543e241418633 ledger posting accepted loan_id=LN565829991 amount_dkk=15790.51 posting_id=PST-c854598319
2026-03-02T02:45:59.724+01:00 INFO payment-service host=payment-service-a41e92-x2k4p corrId=c-720543e241418633 payment settled loan_id=LN565829991 amount_dkk=15790.51
2026-03-02T02:45:59.758+01:00 INFO notification-service host=notification-service-7c9d5b-t6zvn corrId=c-720543e241418633 payment receipt sent loan_id=LN565829991 channel=EMAIL
2026-03-02T02:46:31.296+01:00 INFO payment-scheduler host=payment-scheduler-5b8f6c-t6zvn corrId=c-05fe89ba96eeeec4 instalment collection started loan_id=LN541782239 due_date=2026-03-16
2026-03-02T02:46:31.383+01:00 INFO payment-service host=payment-service-7c9d5b-x2k4p corrId=c-05fe89ba96eeeec4 direct debit mandate verified loan_id=LN541782239 mandate_id=MD2237919
2026-03-02T02:46:31.499+01:00 INFO payment-service host=payment-service-5b8f6c-p9qmz corrId=c-05fe89ba96eeeec4 payment instruction sent loan_id=LN541782239 amount_dkk=8491.84
2026-03-02T02:46:31.517+01:00 INFO ledger-service host=ledger-service-5b8f6c-t6zvn corrId=c-05fe89ba96eeeec4 ledger posting accepted loan_id=LN541782239 amount_dkk=8491.84 posting_id=PST-e34daadc61
2026-03-02T02:46:31.563+01:00 INFO payment-service host=payment-service-5b8f6c-x2k4p corrId=c-05fe89ba96eeeec4 payment settled loan_id=LN541782239 amount_dkk=8491.84
2026-03-02T02:46:31.680+01:00 INFO notification-service host=notification-service-7c9d5b-x2k4p corrId=c-05fe89ba96eeeec4 payment receipt sent loan_id=LN541782239 channel=DIGITAL_POST
2026-03-02T02:46:38.745+01:00 INFO payment-scheduler host=payment-scheduler-7c9d5b-x2k4p corrId=c-103ff93b280fa5b4 instalment collection started loan_id=LN875268159 due_date=2026-03-25
2026-03-02T02:46:38.828+01:00 INFO payment-service host=payment-service-5b8f6c-x2k4p corrId=c-103ff93b280fa5b4 direct debit mandate verified loan_id=LN875268159 mandate_id=MD5822054
2026-03-02T02:46:38.845+01:00 INFO payment-service host=payment-service-5b8f6c-t6zvn corrId=c-103ff93b280fa5b4 payment instruction sent loan_id=LN875268159 amount_dkk=17594.90
2026-03-02T02:46:38.969+01:00 INFO ledger-service host=ledger-service-7c9d5b-t6zvn corrId=c-103ff93b280fa5b4 ledger posting accepted loan_id=LN875268159 amount_dkk=17594.90 posting_id=PST-64932513d9
2026-03-02T02:46:39.071+01:00 INFO payment-service host=payment-service-7c9d5b-t6zvn corrId=c-103ff93b280fa5b4 payment settled loan_id=LN875268159 amount_dkk=17594.90
2026-03-02T02:46:39.154+01:00 INFO notification-service host=notification-service-5b8f6c-x2k4p corrId=c-103ff93b280fa5b4 payment receipt sent loan_id=LN875268159 channel=DIGITAL_POST
2026-03-02T02:47:02.077+01:00 INFO payment-scheduler host=payment-scheduler-a41e92-t6zvn corrId=c-1cb4b9f91051dbce instalment collection started loan_id=LN354141436 due_date=2026-03-27
2026-03-02T02:47:02.137+01:00 INFO payment-service host=payment-service-5b8f6c-t6zvn corrId=c-1cb4b9f91051dbce direct debit mandate verified loan_id=LN354141436 mandate_id=MD5021764
2026-03-02T02:47:02.211+01:00 INFO payment-service host=payment-service-7c9d5b-t6zvn corrId=c-1cb4b9f91051dbce payment instruction sent loan_id=LN354141436 amount_dkk=11266.48
2026-03-02T02:47:02.226+01:00 INFO ledger-service host=ledger-service-a41e92-p9qmz corrId=c-1cb4b9f91051dbce ledger posting accepted loan_id=LN354141436 amount_dkk=11266.48 posting_id=PST-9b2627f2c3
2026-03-02T02:47:02.254+01:00 INFO payment-service host=payment-service-a41e92-t6zvn corrId=c-1cb4b9f91051dbce payment settled loan_id=LN354141436 amount_dkk=11266.48
2026-03-02T02:47:02.293+01:00 INFO notification-service host=notification-service-7c9d5b-t6zvn corrId=c-1cb4b9f91051dbce payment receipt sent loan_id=LN354141436 channel=DIGITAL_POST
2026-03-02T02:47:19.981+01:00 INFO payment-scheduler host=payment-scheduler-7c9d5b-x2k4p corrId=c-6710fddeff49fa8a instalment collection started loan_id=LN741652035 due_date=2026-03-19
2026-03-02T02:47:20.079+01:00 INFO payment-service host=payment-service-5b8f6c-p9qmz corrId=c-6710fddeff49fa8a direct debit mandate verified loan_id=LN741652035 mandate_id=MD6522569
2026-03-02T02:47:20.214+01:00 INFO payment-service host=payment-service-7c9d5b-t6zvn corrId=c-6710fddeff49fa8a payment instruction sent loan_id=LN741652035 amount_dkk=12667.37
2026-03-02T02:47:20.316+01:00 INFO ledger-service host=ledger-service-7c9d5b-p9qmz corrId=c-6710fddeff49fa8a ledger posting accepted loan_id=LN741652035 amount_dkk=12667.37 posting_id=PST-3e3360febf
2026-03-02T02:47:20.433+01:00 INFO payment-service host=payment-service-7c9d5b-t6zvn corrId=c-6710fddeff49fa8a payment settled loan_id=LN741652035 amount_dkk=12667.37
2026-03-02T02:47:20.540+01:00 INFO notification-service host=notification-service-a41e92-t6zvn corrId=c-6710fddeff49fa8a payment receipt sent loan_id=LN741652035 channel=EMAIL
2026-03-02T02:47:29.106+01:00 INFO payment-scheduler host=payment-scheduler-7c9d5b-t6zvn corrId=c-a59f85b6422610d1 instalment collection started loan_id=LN784787773 due_date=2026-03-15
2026-03-02T02:47:29.202+01:00 INFO payment-service host=payment-service-7c9d5b-x2k4p corrId=c-a59f85b6422610d1 direct debit mandate verified loan_id=LN784787773 mandate_id=MD7353071
2026-03-02T02:47:29.328+01:00 INFO payment-service host=payment-service-7c9d5b-p9qmz corrId=c-a59f85b6422610d1 payment instruction sent loan_id=LN784787773 amount_dkk=10091.07
2026-03-02T02:47:29.418+01:00 INFO ledger-service host=ledger-service-7c9d5b-t6zvn corrId=c-a59f85b6422610d1 ledger posting accepted loan_id=LN784787773 amount_dkk=10091.07 posting_id=PST-8dbc540e44
2026-03-02T02:47:29.428+01:00 INFO payment-service host=payment-service-7c9d5b-p9qmz corrId=c-a59f85b6422610d1 payment settled loan_id=LN784787773 amount_dkk=10091.07
2026-03-02T02:47:29.516+01:00 INFO notification-service host=notification-service-7c9d5b-p9qmz corrId=c-a59f85b6422610d1 payment receipt sent loan_id=LN784787773 channel=DIGITAL_POST
2026-03-02T02:47:39.078+01:00 INFO payment-scheduler host=payment-scheduler-a41e92-p9qmz corrId=c-fae52c4005bd2bb6 instalment collection started loan_id=LN829176837 due_date=2026-03-25
2026-03-02T02:47:39.146+01:00 INFO payment-service host=payment-service-5b8f6c-t6zvn corrId=c-fae52c4005bd2bb6 direct debit mandate verified loan_id=LN829176837 mandate_id=MD8144325
2026-03-02T02:47:39.174+01:00 INFO payment-service host=payment-service-a41e92-p9qmz corrId=c-fae52c4005bd2bb6 payment instruction sent loan_id=LN829176837 amount_dkk=15621.39
2026-03-02T02:47:39.253+01:00 INFO ledger-service host=ledger-service-5b8f6c-x2k4p corrId=c-fae52c4005bd2bb6 ledger posting accepted loan_id=LN829176837 amount_dkk=15621.39 posting_id=PST-91514d217f
2026-03-02T02:47:39.370+01:00 INFO payment-service host=payment-service-5b8f6c-p9qmz corrId=c-fae52c4005bd2bb6 payment settled loan_id=LN829176837 amount_dkk=15621.39
2026-03-02T02:47:39.498+01:00 INFO notification-service host=notification-service-7c9d5b-t6zvn corrId=c-fae52c4005bd2bb6 payment receipt sent loan_id=LN829176837 channel=EMAIL
2026-03-02T02:48:02.093+01:00 INFO payment-scheduler host=payment-scheduler-5b8f6c-x2k4p corrId=c-e42501565486c35e instalment collection started loan_id=LN763291544 due_date=2026-03-17
2026-03-02T02:48:02.122+01:00 INFO payment-service host=payment-service-5b8f6c-x2k4p corrId=c-e42501565486c35e direct debit mandate verified loan_id=LN763291544 mandate_id=MD1230357
2026-03-02T02:48:02.184+01:00 INFO payment-service host=payment-service-5b8f6c-p9qmz corrId=c-e42501565486c35e payment instruction sent loan_id=LN763291544 amount_dkk=16396.69
2026-03-02T02:48:02.267+01:00 INFO ledger-service host=ledger-service-a41e92-x2k4p corrId=c-e42501565486c35e ledger posting accepted loan_id=LN763291544 amount_dkk=16396.69 posting_id=PST-2533bf6c19
2026-03-02T02:48:02.296+01:00 INFO payment-service host=payment-service-a41e92-t6zvn corrId=c-e42501565486c35e payment settled loan_id=LN763291544 amount_dkk=16396.69
2026-03-02T02:48:02.334+01:00 INFO notification-service host=notification-service-a41e92-p9qmz corrId=c-e42501565486c35e payment receipt sent loan_id=LN763291544 channel=DIGITAL_POST
2026-03-02T02:48:51.720+01:00 INFO payment-scheduler host=payment-scheduler-5b8f6c-x2k4p corrId=c-4f3c3a6612434ecf instalment collection started loan_id=LN873940964 due_date=2026-03-21
2026-03-02T02:48:51.851+01:00 INFO payment-service host=payment-service-5b8f6c-x2k4p corrId=c-4f3c3a6612434ecf direct debit mandate verified loan_id=LN873940964 mandate_id=MD5747096
2026-03-02T02:48:51.888+01:00 INFO payment-service host=payment-service-7c9d5b-x2k4p corrId=c-4f3c3a6612434ecf payment instruction sent loan_id=LN873940964 amount_dkk=11801.43
2026-03-02T02:48:51.943+01:00 INFO ledger-service host=ledger-service-7c9d5b-x2k4p corrId=c-4f3c3a6612434ecf ledger posting accepted loan_id=LN873940964 amount_dkk=11801.43 posting_id=PST-3ada83bd12
2026-03-02T02:48:52.012+01:00 INFO payment-service host=payment-service-7c9d5b-x2k4p corrId=c-4f3c3a6612434ecf payment settled loan_id=LN873940964 amount_dkk=11801.43
2026-03-02T02:48:52.096+01:00 INFO notification-service host=notification-service-a41e92-t6zvn corrId=c-4f3c3a6612434ecf payment receipt sent loan_id=LN873940964 channel=DIGITAL_POST
2026-03-02T02:49:01.477+01:00 INFO payment-scheduler host=payment-scheduler-5b8f6c-x2k4p corrId=c-4383bef6d643b34c instalment collection started loan_id=LN468098449 due_date=2026-03-03
2026-03-02T02:49:01.514+01:00 INFO payment-service host=payment-service-5b8f6c-p9qmz corrId=c-4383bef6d643b34c direct debit mandate verified loan_id=LN468098449 mandate_id=MD3858915
2026-03-02T02:49:01.525+01:00 INFO payment-service host=payment-service-5b8f6c-x2k4p corrId=c-4383bef6d643b34c payment instruction sent loan_id=LN468098449 amount_dkk=15209.28
2026-03-02T02:49:01.657+01:00 INFO ledger-service host=ledger-service-a41e92-p9qmz corrId=c-4383bef6d643b34c ledger posting accepted loan_id=LN468098449 amount_dkk=15209.28 posting_id=PST-7a306a0964
2026-03-02T02:49:01.681+01:00 INFO payment-service host=payment-service-a41e92-t6zvn corrId=c-4383bef6d643b34c payment settled loan_id=LN468098449 amount_dkk=15209.28
2026-03-02T02:49:01.709+01:00 INFO notification-service host=notification-service-5b8f6c-x2k4p corrId=c-4383bef6d643b34c payment receipt sent loan_id=LN468098449 channel=DIGITAL_POST
2026-03-02T02:49:14.785+01:00 INFO payment-scheduler host=payment-scheduler-7c9d5b-p9qmz corrId=c-d4b084a1edd95cba instalment collection started loan_id=LN502369137 due_date=2026-03-07
2026-03-02T02:49:14.865+01:00 INFO payment-service host=payment-service-a41e92-x2k4p corrId=c-d4b084a1edd95cba direct debit mandate verified loan_id=LN502369137 mandate_id=MD9298194
2026-03-02T02:49:14.870+01:00 INFO payment-service host=payment-service-5b8f6c-t6zvn corrId=c-d4b084a1edd95cba payment instruction sent loan_id=LN502369137 amount_dkk=6046.57
2026-03-02T02:49:24.797+01:00 INFO payment-scheduler host=payment-scheduler-5b8f6c-t6zvn corrId=c-253166e55162bbfd instalment collection started loan_id=LN536200460 due_date=2026-03-28
2026-03-02T02:49:24.871+01:00 INFO payment-service host=payment-service-7c9d5b-p9qmz corrId=c-253166e55162bbfd direct debit mandate verified loan_id=LN536200460 mandate_id=MD8498415
2026-03-02T02:49:24.959+01:00 INFO payment-service host=payment-service-a41e92-p9qmz corrId=c-253166e55162bbfd payment instruction sent loan_id=LN536200460 amount_dkk=6550.26
2026-03-02T02:49:25.062+01:00 INFO ledger-service host=ledger-service-a41e92-t6zvn corrId=c-253166e55162bbfd ledger posting accepted loan_id=LN536200460 amount_dkk=6550.26 posting_id=PST-c7301c99f2
2026-03-02T02:49:25.094+01:00 INFO payment-service host=payment-service-5b8f6c-p9qmz corrId=c-253166e55162bbfd payment settled loan_id=LN536200460 amount_dkk=6550.26
2026-03-02T02:49:25.107+01:00 INFO notification-service host=notification-service-5b8f6c-x2k4p corrId=c-253166e55162bbfd payment receipt sent loan_id=LN536200460 channel=DIGITAL_POST
2026-03-02T02:50:00.153+01:00 INFO payment-scheduler host=payment-scheduler-5b8f6c-p9qmz corrId=- scheduler heartbeat lag_ms=23
2026-03-02T02:50:00.857+01:00 INFO api-gateway host=api-gateway-a41e92-t6zvn corrId=- health probe ok status=200 latency_ms=34
2026-03-02T02:50:17.726+01:00 INFO payment-scheduler host=payment-scheduler-5b8f6c-t6zvn corrId=c-7b08b79808fcf627 instalment collection started loan_id=LN690951662 due_date=2026-03-28
2026-03-02T02:50:17.819+01:00 INFO payment-service host=payment-service-7c9d5b-p9qmz corrId=c-7b08b79808fcf627 direct debit mandate verified loan_id=LN690951662 mandate_id=MD4213348
2026-03-02T02:50:17.950+01:00 INFO payment-service host=payment-service-5b8f6c-t6zvn corrId=c-7b08b79808fcf627 payment instruction sent loan_id=LN690951662 amount_dkk=6369.85
2026-03-02T02:50:18.047+01:00 INFO ledger-service host=ledger-service-a41e92-t6zvn corrId=c-7b08b79808fcf627 ledger posting accepted loan_id=LN690951662 amount_dkk=6369.85 posting_id=PST-69709648d9
2026-03-02T02:50:18.054+01:00 INFO payment-service host=payment-service-7c9d5b-x2k4p corrId=c-7b08b79808fcf627 payment settled loan_id=LN690951662 amount_dkk=6369.85
2026-03-02T02:50:18.063+01:00 INFO notification-service host=notification-service-5b8f6c-t6zvn corrId=c-7b08b79808fcf627 payment receipt sent loan_id=LN690951662 channel=EMAIL
2026-03-02T02:50:23.735+01:00 INFO payment-scheduler host=payment-scheduler-7c9d5b-x2k4p corrId=c-f7092447ff94c596 instalment collection started loan_id=LN696650746 due_date=2026-03-17
2026-03-02T02:50:23.796+01:00 INFO payment-service host=payment-service-5b8f6c-x2k4p corrId=c-f7092447ff94c596 direct debit mandate verified loan_id=LN696650746 mandate_id=MD2863076
2026-03-02T02:50:23.916+01:00 INFO payment-service host=payment-service-a41e92-x2k4p corrId=c-f7092447ff94c596 payment instruction sent loan_id=LN696650746 amount_dkk=4905.86
2026-03-02T02:50:24.031+01:00 INFO ledger-service host=ledger-service-7c9d5b-t6zvn corrId=c-f7092447ff94c596 ledger posting accepted loan_id=LN696650746 amount_dkk=4905.86 posting_id=PST-68b560356b
2026-03-02T02:50:24.138+01:00 INFO payment-service host=payment-service-7c9d5b-t6zvn corrId=c-f7092447ff94c596 payment settled loan_id=LN696650746 amount_dkk=4905.86
2026-03-02T02:50:24.169+01:00 INFO notification-service host=notification-service-5b8f6c-p9qmz corrId=c-f7092447ff94c596 payment receipt sent loan_id=LN696650746 channel=DIGITAL_POST
2026-03-02T02:51:39.970+01:00 INFO payment-scheduler host=payment-scheduler-a41e92-x2k4p corrId=c-cb4fa7ec96ea220c instalment collection started loan_id=LN714547594 due_date=2026-03-12
2026-03-02T02:51:40.064+01:00 INFO payment-service host=payment-service-a41e92-t6zvn corrId=c-cb4fa7ec96ea220c direct debit mandate verified loan_id=LN714547594 mandate_id=MD7742978
2026-03-02T02:51:40.154+01:00 INFO payment-service host=payment-service-a41e92-t6zvn corrId=c-cb4fa7ec96ea220c payment instruction sent loan_id=LN714547594 amount_dkk=13033.52
2026-03-02T02:51:40.220+01:00 INFO ledger-service host=ledger-service-a41e92-t6zvn corrId=c-cb4fa7ec96ea220c ledger posting accepted loan_id=LN714547594 amount_dkk=13033.52 posting_id=PST-785a9f122b
2026-03-02T02:51:40.323+01:00 INFO payment-service host=payment-service-7c9d5b-p9qmz corrId=c-cb4fa7ec96ea220c payment settled loan_id=LN714547594 amount_dkk=13033.52
2026-03-02T02:51:40.381+01:00 INFO notification-service host=notification-service-5b8f6c-t6zvn corrId=c-cb4fa7ec96ea220c payment receipt sent loan_id=LN714547594 channel=EMAIL
2026-03-02T02:52:17.883+01:00 INFO payment-scheduler host=payment-scheduler-5b8f6c-p9qmz corrId=c-4fc938478de0326c instalment collection started loan_id=LN737615833 due_date=2026-03-03
2026-03-02T02:52:17.991+01:00 INFO payment-service host=payment-service-5b8f6c-t6zvn corrId=c-4fc938478de0326c direct debit mandate verified loan_id=LN737615833 mandate_id=MD6792801
2026-03-02T02:52:18.007+01:00 INFO payment-service host=payment-service-a41e92-x2k4p corrId=c-4fc938478de0326c payment instruction sent loan_id=LN737615833 amount_dkk=12761.25
2026-03-02T02:52:18.017+01:00 INFO ledger-service host=ledger-service-a41e92-p9qmz corrId=c-4fc938478de0326c ledger posting accepted loan_id=LN737615833 amount_dkk=12761.25 posting_id=PST-61aa0cbde7
2026-03-02T02:52:18.050+01:00 INFO payment-service host=payment-service-7c9d5b-x2k4p corrId=c-4fc938478de0326c payment settled loan_id=LN737615833 amount_dkk=12761.25
2026-03-02T02:52:18.061+01:00 INFO notification-service host=notification-service-5b8f6c-t6zvn corrId=c-4fc938478de0326c payment receipt sent loan_id=LN737615833 channel=DIGITAL_POST
2026-03-02T02:52:19.623+01:00 INFO payment-scheduler host=payment-scheduler-a41e92-p9qmz corrId=c-23d24e50e77bfe20 instalment collection started loan_id=LN654187636 due_date=2026-03-16
2026-03-02T02:52:19.689+01:00 INFO payment-service host=payment-service-7c9d5b-x2k4p corrId=c-23d24e50e77bfe20 direct debit mandate verified loan_id=LN654187636 mandate_id=MD5576500
2026-03-02T02:52:19.774+01:00 INFO payment-service host=payment-service-7c9d5b-p9qmz corrId=c-23d24e50e77bfe20 payment instruction sent loan_id=LN654187636 amount_dkk=7385.03
2026-03-02T02:52:19.858+01:00 INFO ledger-service host=ledger-service-5b8f6c-x2k4p corrId=c-23d24e50e77bfe20 ledger posting accepted loan_id=LN654187636 amount_dkk=7385.03 posting_id=PST-94ed246f70
2026-03-02T02:52:19.878+01:00 INFO payment-service host=payment-service-5b8f6c-x2k4p corrId=c-23d24e50e77bfe20 payment settled loan_id=LN654187636 amount_dkk=7385.03
2026-03-02T02:52:20.001+01:00 INFO notification-service host=notification-service-a41e92-p9qmz corrId=c-23d24e50e77bfe20 payment receipt sent loan_id=LN654187636 channel=DIGITAL_POST
2026-03-02T02:52:55.033+01:00 INFO payment-scheduler host=payment-scheduler-7c9d5b-x2k4p corrId=c-19d0269cf0dc92b1 instalment collection started loan_id=LN581169713 due_date=2026-03-03
2026-03-02T02:52:55.101+01:00 INFO payment-service host=payment-service-a41e92-t6zvn corrId=c-19d0269cf0dc92b1 direct debit mandate verified loan_id=LN581169713 mandate_id=MD3713706
2026-03-02T02:52:55.119+01:00 INFO payment-service host=payment-service-5b8f6c-t6zvn corrId=c-19d0269cf0dc92b1 payment instruction sent loan_id=LN581169713 amount_dkk=16540.63
2026-03-02T02:52:55.150+01:00 INFO ledger-service host=ledger-service-a41e92-p9qmz corrId=c-19d0269cf0dc92b1 ledger posting accepted loan_id=LN581169713 amount_dkk=16540.63 posting_id=PST-94e1d69878
2026-03-02T02:52:55.218+01:00 INFO payment-service host=payment-service-5b8f6c-t6zvn corrId=c-19d0269cf0dc92b1 payment settled loan_id=LN581169713 amount_dkk=16540.63
2026-03-02T02:52:55.278+01:00 INFO notification-service host=notification-service-7c9d5b-p9qmz corrId=c-19d0269cf0dc92b1 payment receipt sent loan_id=LN581169713 channel=EMAIL
2026-03-02T02:53:00.909+01:00 INFO payment-scheduler host=payment-scheduler-7c9d5b-t6zvn corrId=c-31ca6e84bc8a6db0 instalment collection started loan_id=LN368766900 due_date=2026-03-20
2026-03-02T02:53:01.032+01:00 INFO payment-service host=payment-service-7c9d5b-p9qmz corrId=c-31ca6e84bc8a6db0 direct debit mandate verified loan_id=LN368766900 mandate_id=MD3151264
2026-03-02T02:53:01.136+01:00 INFO payment-service host=payment-service-5b8f6c-t6zvn corrId=c-31ca6e84bc8a6db0 payment instruction sent loan_id=LN368766900 amount_dkk=8024.91
2026-03-02T02:53:01.193+01:00 INFO ledger-service host=ledger-service-5b8f6c-p9qmz corrId=c-31ca6e84bc8a6db0 ledger posting accepted loan_id=LN368766900 amount_dkk=8024.91 posting_id=PST-055cf835a5
2026-03-02T02:53:01.324+01:00 INFO payment-service host=payment-service-5b8f6c-p9qmz corrId=c-31ca6e84bc8a6db0 payment settled loan_id=LN368766900 amount_dkk=8024.91
2026-03-02T02:53:01.364+01:00 INFO notification-service host=notification-service-7c9d5b-p9qmz corrId=c-31ca6e84bc8a6db0 payment receipt sent loan_id=LN368766900 channel=DIGITAL_POST
2026-03-02T02:53:32.777+01:00 INFO payment-scheduler host=payment-scheduler-7c9d5b-p9qmz corrId=c-58e8f287432bd5ad instalment collection started loan_id=LN056950036 due_date=2026-03-08
2026-03-02T02:53:32.861+01:00 INFO payment-service host=payment-service-a41e92-p9qmz corrId=c-58e8f287432bd5ad direct debit mandate verified loan_id=LN056950036 mandate_id=MD0800507
2026-03-02T02:53:32.977+01:00 INFO payment-service host=payment-service-7c9d5b-x2k4p corrId=c-58e8f287432bd5ad payment instruction sent loan_id=LN056950036 amount_dkk=5487.68
2026-03-02T02:53:33.004+01:00 INFO ledger-service host=ledger-service-7c9d5b-p9qmz corrId=c-58e8f287432bd5ad ledger posting accepted loan_id=LN056950036 amount_dkk=5487.68 posting_id=PST-07f321fb58
2026-03-02T02:53:33.035+01:00 INFO payment-service host=payment-service-a41e92-p9qmz corrId=c-58e8f287432bd5ad payment settled loan_id=LN056950036 amount_dkk=5487.68
2026-03-02T02:53:33.099+01:00 INFO notification-service host=notification-service-a41e92-p9qmz corrId=c-58e8f287432bd5ad payment receipt sent loan_id=LN056950036 channel=DIGITAL_POST
2026-03-02T02:53:34.628+01:00 INFO payment-scheduler host=payment-scheduler-7c9d5b-p9qmz corrId=c-579765f3b7cc3c02 instalment collection started loan_id=LN400746716 due_date=2026-03-12
2026-03-02T02:53:34.731+01:00 INFO payment-service host=payment-service-a41e92-x2k4p corrId=c-579765f3b7cc3c02 direct debit mandate verified loan_id=LN400746716 mandate_id=MD7973961
2026-03-02T02:53:34.824+01:00 INFO payment-service host=payment-service-5b8f6c-t6zvn corrId=c-579765f3b7cc3c02 payment instruction sent loan_id=LN400746716 amount_dkk=6377.14
2026-03-02T02:53:34.891+01:00 INFO ledger-service host=ledger-service-7c9d5b-x2k4p corrId=c-579765f3b7cc3c02 ledger posting accepted loan_id=LN400746716 amount_dkk=6377.14 posting_id=PST-fa016bbb8d
2026-03-02T02:53:34.988+01:00 INFO payment-service host=payment-service-7c9d5b-p9qmz corrId=c-579765f3b7cc3c02 payment settled loan_id=LN400746716 amount_dkk=6377.14
2026-03-02T02:53:35.037+01:00 INFO notification-service host=notification-service-a41e92-t6zvn corrId=c-579765f3b7cc3c02 payment receipt sent loan_id=LN400746716 channel=EMAIL
2026-03-02T02:53:50.631+01:00 INFO payment-scheduler host=payment-scheduler-a41e92-x2k4p corrId=c-24a439365f54f476 instalment collection started loan_id=LN606168451 due_date=2026-03-09
2026-03-02T02:53:50.754+01:00 INFO payment-service host=payment-service-7c9d5b-p9qmz corrId=c-24a439365f54f476 direct debit mandate verified loan_id=LN606168451 mandate_id=MD4659943
2026-03-02T02:53:50.849+01:00 INFO payment-service host=payment-service-7c9d5b-t6zvn corrId=c-24a439365f54f476 payment instruction sent loan_id=LN606168451 amount_dkk=6170.51
2026-03-02T02:53:50.905+01:00 INFO ledger-service host=ledger-service-a41e92-x2k4p corrId=c-24a439365f54f476 ledger posting accepted loan_id=LN606168451 amount_dkk=6170.51 posting_id=PST-078d564f9b
2026-03-02T02:53:50.927+01:00 INFO payment-service host=payment-service-a41e92-t6zvn corrId=c-24a439365f54f476 payment settled loan_id=LN606168451 amount_dkk=6170.51
2026-03-02T02:53:51.010+01:00 INFO notification-service host=notification-service-a41e92-p9qmz corrId=c-24a439365f54f476 payment receipt sent loan_id=LN606168451 channel=DIGITAL_POST
2026-03-02T02:53:57.998+01:00 INFO payment-scheduler host=payment-scheduler-7c9d5b-t6zvn corrId=c-08f2df459ec650d6 instalment collection started loan_id=LN664893978 due_date=2026-03-07
2026-03-02T02:53:58.015+01:00 INFO payment-service host=payment-service-7c9d5b-x2k4p corrId=c-08f2df459ec650d6 direct debit mandate verified loan_id=LN664893978 mandate_id=MD8860756
2026-03-02T02:53:58.065+01:00 INFO payment-service host=payment-service-7c9d5b-p9qmz corrId=c-08f2df459ec650d6 payment instruction sent loan_id=LN664893978 amount_dkk=4748.08
2026-03-02T02:53:58.160+01:00 INFO ledger-service host=ledger-service-a41e92-p9qmz corrId=c-08f2df459ec650d6 ledger posting accepted loan_id=LN664893978 amount_dkk=4748.08 posting_id=PST-41c671386e
2026-03-02T02:53:58.253+01:00 INFO payment-service host=payment-service-a41e92-p9qmz corrId=c-08f2df459ec650d6 payment settled loan_id=LN664893978 amount_dkk=4748.08
2026-03-02T02:53:58.359+01:00 INFO notification-service host=notification-service-7c9d5b-x2k4p corrId=c-08f2df459ec650d6 payment receipt sent loan_id=LN664893978 channel=EMAIL
2026-03-02T02:53:59.807+01:00 INFO payment-scheduler host=payment-scheduler-7c9d5b-p9qmz corrId=c-f4a8cc01aebe96e2 instalment collection started loan_id=LN018560950 due_date=2026-03-01
2026-03-02T02:53:59.840+01:00 INFO payment-service host=payment-service-a41e92-t6zvn corrId=c-f4a8cc01aebe96e2 direct debit mandate verified loan_id=LN018560950 mandate_id=MD8666235
2026-03-02T02:53:59.910+01:00 INFO payment-service host=payment-service-a41e92-p9qmz corrId=c-f4a8cc01aebe96e2 payment instruction sent loan_id=LN018560950 amount_dkk=9220.81
2026-03-02T02:53:59.932+01:00 INFO ledger-service host=ledger-service-7c9d5b-p9qmz corrId=c-f4a8cc01aebe96e2 ledger posting accepted loan_id=LN018560950 amount_dkk=9220.81 posting_id=PST-f3adc29cfd
2026-03-02T02:53:59.954+01:00 INFO payment-service host=payment-service-a41e92-t6zvn corrId=c-f4a8cc01aebe96e2 payment settled loan_id=LN018560950 amount_dkk=9220.81
2026-03-02T02:53:59.971+01:00 INFO notification-service host=notification-service-a41e92-p9qmz corrId=c-f4a8cc01aebe96e2 payment receipt sent loan_id=LN018560950 channel=EMAIL
2026-03-02T02:54:05.387+01:00 INFO payment-scheduler host=payment-scheduler-5b8f6c-x2k4p corrId=c-cddf48d1ae1b490d instalment collection started loan_id=LN419989792 due_date=2026-03-13
2026-03-02T02:54:05.492+01:00 INFO payment-service host=payment-service-7c9d5b-x2k4p corrId=c-cddf48d1ae1b490d direct debit mandate verified loan_id=LN419989792 mandate_id=MD6294677
2026-03-02T02:54:05.560+01:00 INFO payment-service host=payment-service-7c9d5b-x2k4p corrId=c-cddf48d1ae1b490d payment instruction sent loan_id=LN419989792 amount_dkk=6260.10
2026-03-02T02:54:05.637+01:00 INFO ledger-service host=ledger-service-7c9d5b-p9qmz corrId=c-cddf48d1ae1b490d ledger posting accepted loan_id=LN419989792 amount_dkk=6260.10 posting_id=PST-e612593bcb
2026-03-02T02:54:05.682+01:00 INFO payment-service host=payment-service-a41e92-x2k4p corrId=c-cddf48d1ae1b490d payment settled loan_id=LN419989792 amount_dkk=6260.10
2026-03-02T02:54:05.815+01:00 INFO notification-service host=notification-service-7c9d5b-t6zvn corrId=c-cddf48d1ae1b490d payment receipt sent loan_id=LN419989792 channel=EMAIL
2026-03-02T02:54:17.408+01:00 INFO payment-scheduler host=payment-scheduler-a41e92-x2k4p corrId=c-32d6dbff55f19f40 instalment collection started loan_id=LN550040795 due_date=2026-03-02
2026-03-02T02:54:17.414+01:00 INFO payment-service host=payment-service-5b8f6c-p9qmz corrId=c-32d6dbff55f19f40 direct debit mandate verified loan_id=LN550040795 mandate_id=MD1733779
2026-03-02T02:54:17.553+01:00 INFO payment-service host=payment-service-a41e92-t6zvn corrId=c-32d6dbff55f19f40 payment instruction sent loan_id=LN550040795 amount_dkk=3870.05
2026-03-02T02:54:17.616+01:00 INFO ledger-service host=ledger-service-7c9d5b-p9qmz corrId=c-32d6dbff55f19f40 ledger posting accepted loan_id=LN550040795 amount_dkk=3870.05 posting_id=PST-439b34d1c3
2026-03-02T02:54:17.710+01:00 INFO payment-service host=payment-service-5b8f6c-t6zvn corrId=c-32d6dbff55f19f40 payment settled loan_id=LN550040795 amount_dkk=3870.05
2026-03-02T02:54:17.817+01:00 INFO notification-service host=notification-service-a41e92-x2k4p corrId=c-32d6dbff55f19f40 payment receipt sent loan_id=LN550040795 channel=EMAIL
2026-03-02T02:54:21.680+01:00 INFO payment-scheduler host=payment-scheduler-7c9d5b-t6zvn corrId=c-cd42a92f817a14ec instalment collection started loan_id=LN126180344 due_date=2026-03-01
2026-03-02T02:54:21.792+01:00 INFO payment-service host=payment-service-5b8f6c-p9qmz corrId=c-cd42a92f817a14ec direct debit mandate verified loan_id=LN126180344 mandate_id=MD3812338
2026-03-02T02:54:21.913+01:00 INFO payment-service host=payment-service-a41e92-t6zvn corrId=c-cd42a92f817a14ec payment instruction sent loan_id=LN126180344 amount_dkk=12712.46
2026-03-02T02:54:22.009+01:00 INFO ledger-service host=ledger-service-7c9d5b-t6zvn corrId=c-cd42a92f817a14ec ledger posting accepted loan_id=LN126180344 amount_dkk=12712.46 posting_id=PST-5193146587
2026-03-02T02:54:22.066+01:00 INFO payment-service host=payment-service-7c9d5b-p9qmz corrId=c-cd42a92f817a14ec payment settled loan_id=LN126180344 amount_dkk=12712.46
2026-03-02T02:54:22.075+01:00 INFO notification-service host=notification-service-a41e92-x2k4p corrId=c-cd42a92f817a14ec payment receipt sent loan_id=LN126180344 channel=DIGITAL_POST
2026-03-02T02:54:23.829+01:00 INFO payment-scheduler host=payment-scheduler-7c9d5b-t6zvn corrId=c-f4884e64dc487972 instalment collection started loan_id=LN441475787 due_date=2026-03-01
2026-03-02T02:54:23.905+01:00 INFO payment-service host=payment-service-7c9d5b-p9qmz corrId=c-f4884e64dc487972 direct debit mandate verified loan_id=LN441475787 mandate_id=MD5631438
2026-03-02T02:54:24.022+01:00 INFO payment-service host=payment-service-a41e92-x2k4p corrId=c-f4884e64dc487972 payment instruction sent loan_id=LN441475787 amount_dkk=12379.91
2026-03-02T02:54:24.134+01:00 INFO ledger-service host=ledger-service-5b8f6c-x2k4p corrId=c-f4884e64dc487972 ledger posting accepted loan_id=LN441475787 amount_dkk=12379.91 posting_id=PST-bd0c90b8d0
2026-03-02T02:54:24.259+01:00 INFO payment-service host=payment-service-a41e92-p9qmz corrId=c-f4884e64dc487972 payment settled loan_id=LN441475787 amount_dkk=12379.91
2026-03-02T02:54:24.352+01:00 INFO notification-service host=notification-service-5b8f6c-x2k4p corrId=c-f4884e64dc487972 payment receipt sent loan_id=LN441475787 channel=DIGITAL_POST
2026-03-02T02:54:28.124+01:00 INFO payment-scheduler host=payment-scheduler-7c9d5b-x2k4p corrId=c-084aa13297ff75cd instalment collection started loan_id=LN090500142 due_date=2026-03-28
2026-03-02T02:54:28.214+01:00 INFO payment-scheduler host=payment-scheduler-7c9d5b-p9qmz corrId=c-70c9abd3431bafc9 instalment collection started loan_id=LN678201098 due_date=2026-03-24
2026-03-02T02:54:28.238+01:00 INFO payment-service host=payment-service-a41e92-p9qmz corrId=c-70c9abd3431bafc9 direct debit mandate verified loan_id=LN678201098 mandate_id=MD1277079
2026-03-02T02:54:28.245+01:00 INFO payment-service host=payment-service-5b8f6c-p9qmz corrId=c-084aa13297ff75cd direct debit mandate verified loan_id=LN090500142 mandate_id=MD7971868
2026-03-02T02:54:28.249+01:00 INFO payment-service host=payment-service-7c9d5b-x2k4p corrId=c-70c9abd3431bafc9 payment instruction sent loan_id=LN678201098 amount_dkk=7818.26
2026-03-02T02:54:28.318+01:00 INFO ledger-service host=ledger-service-7c9d5b-t6zvn corrId=c-70c9abd3431bafc9 ledger posting accepted loan_id=LN678201098 amount_dkk=7818.26 posting_id=PST-36d94dc0cb
2026-03-02T02:54:28.380+01:00 INFO payment-service host=payment-service-7c9d5b-t6zvn corrId=c-084aa13297ff75cd payment instruction sent loan_id=LN090500142 amount_dkk=5862.46
2026-03-02T02:54:28.412+01:00 INFO payment-service host=payment-service-7c9d5b-t6zvn corrId=c-70c9abd3431bafc9 payment settled loan_id=LN678201098 amount_dkk=7818.26
2026-03-02T02:54:28.412+01:00 INFO ledger-service host=ledger-service-7c9d5b-p9qmz corrId=c-084aa13297ff75cd ledger posting accepted loan_id=LN090500142 amount_dkk=5862.46 posting_id=PST-698896931f
2026-03-02T02:54:28.441+01:00 INFO payment-service host=payment-service-7c9d5b-x2k4p corrId=c-084aa13297ff75cd payment settled loan_id=LN090500142 amount_dkk=5862.46
2026-03-02T02:54:28.464+01:00 INFO notification-service host=notification-service-7c9d5b-x2k4p corrId=c-084aa13297ff75cd payment receipt sent loan_id=LN090500142 channel=DIGITAL_POST
2026-03-02T02:54:28.518+01:00 INFO notification-service host=notification-service-a41e92-t6zvn corrId=c-70c9abd3431bafc9 payment receipt sent loan_id=LN678201098 channel=DIGITAL_POST
2026-03-02T02:54:29.752+01:00 INFO payment-scheduler host=payment-scheduler-a41e92-t6zvn corrId=c-8162aad2f5540201 instalment collection started loan_id=LN419002675 due_date=2026-03-10
2026-03-02T02:54:29.891+01:00 INFO payment-service host=payment-service-a41e92-p9qmz corrId=c-8162aad2f5540201 direct debit mandate verified loan_id=LN419002675 mandate_id=MD1617285
2026-03-02T02:54:30.017+01:00 INFO payment-service host=payment-service-7c9d5b-t6zvn corrId=c-8162aad2f5540201 payment instruction sent loan_id=LN419002675 amount_dkk=17316.73
2026-03-02T02:54:30.025+01:00 INFO ledger-service host=ledger-service-7c9d5b-p9qmz corrId=c-8162aad2f5540201 ledger posting accepted loan_id=LN419002675 amount_dkk=17316.73 posting_id=PST-04c578d412
2026-03-02T02:54:30.047+01:00 INFO payment-service host=payment-service-7c9d5b-p9qmz corrId=c-8162aad2f5540201 payment settled loan_id=LN419002675 amount_dkk=17316.73
2026-03-02T02:54:30.134+01:00 INFO notification-service host=notification-service-7c9d5b-x2k4p corrId=c-8162aad2f5540201 payment receipt sent loan_id=LN419002675 channel=EMAIL
2026-03-02T02:54:34.381+01:00 INFO payment-scheduler host=payment-scheduler-5b8f6c-t6zvn corrId=c-3dd41e0f7dd96f21 instalment collection started loan_id=LN801713400 due_date=2026-03-15
2026-03-02T02:54:34.517+01:00 INFO payment-service host=payment-service-5b8f6c-p9qmz corrId=c-3dd41e0f7dd96f21 direct debit mandate verified loan_id=LN801713400 mandate_id=MD3376678
2026-03-02T02:54:34.616+01:00 INFO payment-service host=payment-service-7c9d5b-t6zvn corrId=c-3dd41e0f7dd96f21 payment instruction sent loan_id=LN801713400 amount_dkk=15225.68
2026-03-02T02:54:34.668+01:00 INFO ledger-service host=ledger-service-5b8f6c-p9qmz corrId=c-3dd41e0f7dd96f21 ledger posting accepted loan_id=LN801713400 amount_dkk=15225.68 posting_id=PST-7d781a33d2
2026-03-02T02:54:34.753+01:00 INFO payment-service host=payment-service-a41e92-x2k4p corrId=c-3dd41e0f7dd96f21 payment settled loan_id=LN801713400 amount_dkk=15225.68
2026-03-02T02:54:34.886+01:00 INFO notification-service host=notification-service-5b8f6c-t6zvn corrId=c-3dd41e0f7dd96f21 payment receipt sent loan_id=LN801713400 channel=DIGITAL_POST
2026-03-02T02:55:00.353+01:00 INFO api-gateway host=api-gateway-7c9d5b-t6zvn corrId=- health probe ok status=200 latency_ms=15
2026-03-02T02:55:02.383+01:00 INFO payment-scheduler host=payment-scheduler-a41e92-x2k4p corrId=c-8336962b85dbfc6a instalment collection started loan_id=LN069888965 due_date=2026-03-05
2026-03-02T02:55:02.412+01:00 INFO payment-service host=payment-service-7c9d5b-x2k4p corrId=c-8336962b85dbfc6a direct debit mandate verified loan_id=LN069888965 mandate_id=MD9684695
2026-03-02T02:55:02.507+01:00 INFO payment-service host=payment-service-7c9d5b-x2k4p corrId=c-8336962b85dbfc6a payment instruction sent loan_id=LN069888965 amount_dkk=14965.44
2026-03-02T02:55:02.578+01:00 INFO ledger-service host=ledger-service-5b8f6c-x2k4p corrId=c-8336962b85dbfc6a ledger posting accepted loan_id=LN069888965 amount_dkk=14965.44 posting_id=PST-2757374cfa
2026-03-02T02:55:02.638+01:00 INFO payment-service host=payment-service-5b8f6c-t6zvn corrId=c-8336962b85dbfc6a payment settled loan_id=LN069888965 amount_dkk=14965.44
2026-03-02T02:55:02.704+01:00 INFO notification-service host=notification-service-7c9d5b-t6zvn corrId=c-8336962b85dbfc6a payment receipt sent loan_id=LN069888965 channel=EMAIL
2026-03-02T02:55:38.489+01:00 INFO payment-scheduler host=payment-scheduler-7c9d5b-p9qmz corrId=c-d1e64e5a9aa1ff97 instalment collection started loan_id=LN903097810 due_date=2026-03-16
2026-03-02T02:55:38.612+01:00 INFO payment-service host=payment-service-5b8f6c-x2k4p corrId=c-d1e64e5a9aa1ff97 direct debit mandate verified loan_id=LN903097810 mandate_id=MD2053976
2026-03-02T02:55:38.699+01:00 INFO payment-service host=payment-service-a41e92-t6zvn corrId=c-d1e64e5a9aa1ff97 payment instruction sent loan_id=LN903097810 amount_dkk=6549.67
2026-03-02T02:55:38.730+01:00 INFO ledger-service host=ledger-service-7c9d5b-t6zvn corrId=c-d1e64e5a9aa1ff97 ledger posting accepted loan_id=LN903097810 amount_dkk=6549.67 posting_id=PST-a37aa29343
2026-03-02T02:55:38.764+01:00 INFO payment-service host=payment-service-7c9d5b-p9qmz corrId=c-d1e64e5a9aa1ff97 payment settled loan_id=LN903097810 amount_dkk=6549.67
2026-03-02T02:55:38.903+01:00 INFO notification-service host=notification-service-5b8f6c-t6zvn corrId=c-d1e64e5a9aa1ff97 payment receipt sent loan_id=LN903097810 channel=DIGITAL_POST
2026-03-02T02:56:04.636+01:00 INFO payment-scheduler host=payment-scheduler-5b8f6c-t6zvn corrId=c-33d404c7a25431fa instalment collection started loan_id=LN716785359 due_date=2026-03-17
2026-03-02T02:56:04.662+01:00 INFO payment-service host=payment-service-a41e92-x2k4p corrId=c-33d404c7a25431fa direct debit mandate verified loan_id=LN716785359 mandate_id=MD2026451
2026-03-02T02:56:04.802+01:00 INFO payment-service host=payment-service-a41e92-t6zvn corrId=c-33d404c7a25431fa payment instruction sent loan_id=LN716785359 amount_dkk=10869.99
2026-03-02T02:56:04.925+01:00 WARN ledger-service host=ledger-service-5b8f6c-x2k4p corrId=c-33d404c7a25431fa ledger posting retried loan_id=LN716785359 attempt=1
2026-03-02T02:56:04.977+01:00 INFO ledger-service host=ledger-service-a41e92-p9qmz corrId=c-33d404c7a25431fa ledger posting accepted loan_id=LN716785359 amount_dkk=10869.99 posting_id=PST-b970f5f953
2026-03-02T02:56:05.051+01:00 INFO payment-service host=payment-service-5b8f6c-t6zvn corrId=c-33d404c7a25431fa payment settled loan_id=LN716785359 amount_dkk=10869.99
2026-03-02T02:56:05.115+01:00 INFO notification-service host=notification-service-7c9d5b-p9qmz corrId=c-33d404c7a25431fa payment receipt sent loan_id=LN716785359 channel=EMAIL
2026-03-02T02:56:05.812+01:00 INFO payment-scheduler host=payment-scheduler-5b8f6c-p9qmz corrId=c-28b32ea1ac3483f6 instalment collection started loan_id=LN950689892 due_date=2026-03-13
2026-03-02T02:56:05.908+01:00 INFO payment-service host=payment-service-5b8f6c-x2k4p corrId=c-28b32ea1ac3483f6 direct debit mandate verified loan_id=LN950689892 mandate_id=MD1329917
2026-03-02T02:56:06.036+01:00 INFO payment-service host=payment-service-7c9d5b-x2k4p corrId=c-28b32ea1ac3483f6 payment instruction sent loan_id=LN950689892 amount_dkk=13544.81
2026-03-02T02:56:06.119+01:00 INFO ledger-service host=ledger-service-5b8f6c-x2k4p corrId=c-28b32ea1ac3483f6 ledger posting accepted loan_id=LN950689892 amount_dkk=13544.81 posting_id=PST-a9df1975e9
2026-03-02T02:56:06.178+01:00 INFO payment-service host=payment-service-5b8f6c-x2k4p corrId=c-28b32ea1ac3483f6 payment settled loan_id=LN950689892 amount_dkk=13544.81
2026-03-02T02:56:06.243+01:00 INFO notification-service host=notification-service-a41e92-x2k4p corrId=c-28b32ea1ac3483f6 payment receipt sent loan_id=LN950689892 channel=DIGITAL_POST
2026-03-02T02:56:33.738+01:00 INFO payment-scheduler host=payment-scheduler-a41e92-x2k4p corrId=c-88ddc07a0d9d726e instalment collection started loan_id=LN325700137 due_date=2026-03-26
2026-03-02T02:56:33.817+01:00 INFO payment-service host=payment-service-7c9d5b-p9qmz corrId=c-88ddc07a0d9d726e direct debit mandate verified loan_id=LN325700137 mandate_id=MD5066358
2026-03-02T02:56:33.875+01:00 INFO payment-service host=payment-service-7c9d5b-t6zvn corrId=c-88ddc07a0d9d726e payment instruction sent loan_id=LN325700137 amount_dkk=15701.10
2026-03-02T02:56:33.913+01:00 INFO ledger-service host=ledger-service-a41e92-p9qmz corrId=c-88ddc07a0d9d726e ledger posting accepted loan_id=LN325700137 amount_dkk=15701.10 posting_id=PST-ae027cc523
2026-03-02T02:56:33.941+01:00 INFO payment-service host=payment-service-a41e92-x2k4p corrId=c-88ddc07a0d9d726e payment settled loan_id=LN325700137 amount_dkk=15701.10
2026-03-02T02:56:34.022+01:00 INFO notification-service host=notification-service-a41e92-p9qmz corrId=c-88ddc07a0d9d726e payment receipt sent loan_id=LN325700137 channel=DIGITAL_POST
2026-03-02T02:56:59.415+01:00 INFO payment-scheduler host=payment-scheduler-5b8f6c-x2k4p corrId=c-25af406aead498b0 instalment collection started loan_id=LN131833705 due_date=2026-03-20
2026-03-02T02:56:59.527+01:00 INFO payment-service host=payment-service-a41e92-p9qmz corrId=c-25af406aead498b0 direct debit mandate verified loan_id=LN131833705 mandate_id=MD1284193
2026-03-02T02:56:59.662+01:00 INFO payment-service host=payment-service-7c9d5b-x2k4p corrId=c-25af406aead498b0 payment instruction sent loan_id=LN131833705 amount_dkk=16119.98
2026-03-02T02:56:59.686+01:00 INFO ledger-service host=ledger-service-a41e92-x2k4p corrId=c-25af406aead498b0 ledger posting accepted loan_id=LN131833705 amount_dkk=16119.98 posting_id=PST-0cb8649d6b
2026-03-02T02:56:59.774+01:00 INFO payment-service host=payment-service-a41e92-x2k4p corrId=c-25af406aead498b0 payment settled loan_id=LN131833705 amount_dkk=16119.98
2026-03-02T02:56:59.826+01:00 INFO notification-service host=notification-service-a41e92-t6zvn corrId=c-25af406aead498b0 payment receipt sent loan_id=LN131833705 channel=DIGITAL_POST
2026-03-02T02:57:17.291+01:00 INFO payment-scheduler host=payment-scheduler-5b8f6c-t6zvn corrId=c-4f350e7547b3691b instalment collection started loan_id=LN488407355 due_date=2026-03-09
2026-03-02T02:57:17.403+01:00 INFO payment-service host=payment-service-a41e92-p9qmz corrId=c-4f350e7547b3691b direct debit mandate verified loan_id=LN488407355 mandate_id=MD8256836
2026-03-02T02:57:17.493+01:00 INFO payment-service host=payment-service-5b8f6c-x2k4p corrId=c-4f350e7547b3691b payment instruction sent loan_id=LN488407355 amount_dkk=11240.13
2026-03-02T02:57:17.505+01:00 INFO ledger-service host=ledger-service-5b8f6c-p9qmz corrId=c-4f350e7547b3691b ledger posting accepted loan_id=LN488407355 amount_dkk=11240.13 posting_id=PST-fbb0ada815
2026-03-02T02:57:17.601+01:00 INFO payment-service host=payment-service-7c9d5b-x2k4p corrId=c-4f350e7547b3691b payment settled loan_id=LN488407355 amount_dkk=11240.13
2026-03-02T02:57:17.708+01:00 INFO notification-service host=notification-service-7c9d5b-x2k4p corrId=c-4f350e7547b3691b payment receipt sent loan_id=LN488407355 channel=DIGITAL_POST
2026-03-02T02:57:20.814+01:00 INFO payment-scheduler host=payment-scheduler-5b8f6c-p9qmz corrId=c-68bea072d67bccc5 instalment collection started loan_id=LN103259685 due_date=2026-03-06
2026-03-02T02:57:20.836+01:00 INFO payment-service host=payment-service-a41e92-p9qmz corrId=c-68bea072d67bccc5 direct debit mandate verified loan_id=LN103259685 mandate_id=MD1817856
2026-03-02T02:57:20.928+01:00 INFO payment-service host=payment-service-a41e92-p9qmz corrId=c-68bea072d67bccc5 payment instruction sent loan_id=LN103259685 amount_dkk=12708.16
2026-03-02T02:57:20.995+01:00 INFO ledger-service host=ledger-service-5b8f6c-x2k4p corrId=c-68bea072d67bccc5 ledger posting accepted loan_id=LN103259685 amount_dkk=12708.16 posting_id=PST-376937dd99
2026-03-02T02:57:21.020+01:00 INFO payment-service host=payment-service-5b8f6c-p9qmz corrId=c-68bea072d67bccc5 payment settled loan_id=LN103259685 amount_dkk=12708.16
2026-03-02T02:57:21.036+01:00 INFO notification-service host=notification-service-7c9d5b-x2k4p corrId=c-68bea072d67bccc5 payment receipt sent loan_id=LN103259685 channel=EMAIL
2026-03-02T02:58:28.950+01:00 INFO payment-scheduler host=payment-scheduler-7c9d5b-x2k4p corrId=c-d0779a1f2c5859da instalment collection started loan_id=LN706016772 due_date=2026-03-06
2026-03-02T02:58:28.990+01:00 INFO payment-service host=payment-service-7c9d5b-p9qmz corrId=c-d0779a1f2c5859da direct debit mandate verified loan_id=LN706016772 mandate_id=MD0140145
2026-03-02T02:58:29.100+01:00 INFO payment-service host=payment-service-a41e92-p9qmz corrId=c-d0779a1f2c5859da payment instruction sent loan_id=LN706016772 amount_dkk=2826.32
2026-03-02T02:58:29.205+01:00 INFO ledger-service host=ledger-service-5b8f6c-p9qmz corrId=c-d0779a1f2c5859da ledger posting accepted loan_id=LN706016772 amount_dkk=2826.32 posting_id=PST-7de22510b4
2026-03-02T02:58:29.312+01:00 INFO payment-service host=payment-service-5b8f6c-t6zvn corrId=c-d0779a1f2c5859da payment settled loan_id=LN706016772 amount_dkk=2826.32
2026-03-02T02:58:29.380+01:00 INFO notification-service host=notification-service-a41e92-x2k4p corrId=c-d0779a1f2c5859da payment receipt sent loan_id=LN706016772 channel=EMAIL
2026-03-02T02:58:49.286+01:00 INFO payment-scheduler host=payment-scheduler-5b8f6c-t6zvn corrId=c-0de4374495762e92 instalment collection started loan_id=LN811085264 due_date=2026-03-23
2026-03-02T02:58:49.422+01:00 INFO payment-service host=payment-service-5b8f6c-x2k4p corrId=c-0de4374495762e92 direct debit mandate verified loan_id=LN811085264 mandate_id=MD2573452
2026-03-02T02:58:49.442+01:00 INFO payment-service host=payment-service-a41e92-t6zvn corrId=c-0de4374495762e92 payment instruction sent loan_id=LN811085264 amount_dkk=10357.54
2026-03-02T02:58:49.559+01:00 INFO ledger-service host=ledger-service-7c9d5b-x2k4p corrId=c-0de4374495762e92 ledger posting accepted loan_id=LN811085264 amount_dkk=10357.54 posting_id=PST-7806b15585
2026-03-02T02:58:49.601+01:00 INFO payment-service host=payment-service-5b8f6c-t6zvn corrId=c-0de4374495762e92 payment settled loan_id=LN811085264 amount_dkk=10357.54
2026-03-02T02:58:49.690+01:00 INFO notification-service host=notification-service-a41e92-x2k4p corrId=c-0de4374495762e92 payment receipt sent loan_id=LN811085264 channel=DIGITAL_POST
2026-03-02T02:58:55.803+01:00 INFO payment-scheduler host=payment-scheduler-7c9d5b-p9qmz corrId=c-b868eb5a01682323 instalment collection started loan_id=LN845960686 due_date=2026-03-22
2026-03-02T02:58:55.817+01:00 INFO payment-service host=payment-service-a41e92-x2k4p corrId=c-b868eb5a01682323 direct debit mandate verified loan_id=LN845960686 mandate_id=MD6880464
2026-03-02T02:58:55.859+01:00 INFO payment-service host=payment-service-7c9d5b-x2k4p corrId=c-b868eb5a01682323 payment instruction sent loan_id=LN845960686 amount_dkk=10824.14
2026-03-02T02:58:55.866+01:00 INFO ledger-service host=ledger-service-5b8f6c-x2k4p corrId=c-b868eb5a01682323 ledger posting accepted loan_id=LN845960686 amount_dkk=10824.14 posting_id=PST-b258146d76
2026-03-02T02:58:55.995+01:00 INFO payment-service host=payment-service-5b8f6c-p9qmz corrId=c-b868eb5a01682323 payment settled loan_id=LN845960686 amount_dkk=10824.14
2026-03-02T02:58:56.015+01:00 INFO notification-service host=notification-service-5b8f6c-p9qmz corrId=c-b868eb5a01682323 payment receipt sent loan_id=LN845960686 channel=DIGITAL_POST
2026-03-02T02:59:18.283+01:00 INFO payment-scheduler host=payment-scheduler-5b8f6c-t6zvn corrId=c-c70d0d83dfd18260 instalment collection started loan_id=LN286052104 due_date=2026-03-16
2026-03-02T02:59:18.409+01:00 INFO payment-service host=payment-service-7c9d5b-t6zvn corrId=c-c70d0d83dfd18260 direct debit mandate verified loan_id=LN286052104 mandate_id=MD6747110
2026-03-02T02:59:18.415+01:00 INFO payment-service host=payment-service-7c9d5b-t6zvn corrId=c-c70d0d83dfd18260 payment instruction sent loan_id=LN286052104 amount_dkk=4217.17
2026-03-02T02:59:18.528+01:00 INFO ledger-service host=ledger-service-a41e92-x2k4p corrId=c-c70d0d83dfd18260 ledger posting accepted loan_id=LN286052104 amount_dkk=4217.17 posting_id=PST-ab2c956129
2026-03-02T02:59:18.596+01:00 INFO payment-service host=payment-service-5b8f6c-t6zvn corrId=c-c70d0d83dfd18260 payment settled loan_id=LN286052104 amount_dkk=4217.17
2026-03-02T02:59:18.709+01:00 INFO notification-service host=notification-service-7c9d5b-x2k4p corrId=c-c70d0d83dfd18260 payment receipt sent loan_id=LN286052104 channel=DIGITAL_POST
2026-03-02T03:00:00.491+01:00 INFO payment-scheduler host=payment-scheduler-5b8f6c-t6zvn corrId=- scheduler heartbeat lag_ms=21
2026-03-02T03:00:00.594+01:00 INFO api-gateway host=api-gateway-7c9d5b-t6zvn corrId=- health probe ok status=200 latency_ms=38
2026-03-02T03:00:27.000+01:00 INFO config-service host=config-service-7c9d5b-p9qmz corrId=- configuration refreshed version=v137
2026-03-02T03:00:41.876+01:00 INFO payment-scheduler host=payment-scheduler-a41e92-x2k4p corrId=c-429773d1e5a05b2e instalment collection started loan_id=LN951748570 due_date=2026-03-21
2026-03-02T03:00:41.883+01:00 INFO payment-service host=payment-service-a41e92-x2k4p corrId=c-429773d1e5a05b2e direct debit mandate verified loan_id=LN951748570 mandate_id=MD7424807
2026-03-02T03:00:41.946+01:00 INFO payment-service host=payment-service-a41e92-t6zvn corrId=c-429773d1e5a05b2e payment instruction sent loan_id=LN951748570 amount_dkk=16211.17
2026-03-02T03:00:42.030+01:00 INFO ledger-service host=ledger-service-a41e92-p9qmz corrId=c-429773d1e5a05b2e ledger posting accepted loan_id=LN951748570 amount_dkk=16211.17 posting_id=PST-67745bc561
2026-03-02T03:00:42.143+01:00 INFO payment-service host=payment-service-7c9d5b-t6zvn corrId=c-429773d1e5a05b2e payment settled loan_id=LN951748570 amount_dkk=16211.17
2026-03-02T03:00:42.154+01:00 INFO notification-service host=notification-service-a41e92-t6zvn corrId=c-429773d1e5a05b2e payment receipt sent loan_id=LN951748570 channel=EMAIL
2026-03-02T03:00:56.070+01:00 INFO payment-scheduler host=payment-scheduler-7c9d5b-p9qmz corrId=c-2906a4e245e29c89 instalment collection started loan_id=LN135542971 due_date=2026-03-03
2026-03-02T03:00:56.138+01:00 INFO payment-service host=payment-service-7c9d5b-t6zvn corrId=c-2906a4e245e29c89 direct debit mandate verified loan_id=LN135542971 mandate_id=MD6404757
2026-03-02T03:00:56.144+01:00 INFO payment-service host=payment-service-7c9d5b-p9qmz corrId=c-2906a4e245e29c89 payment instruction sent loan_id=LN135542971 amount_dkk=17306.35
2026-03-02T03:00:56.196+01:00 INFO ledger-service host=ledger-service-5b8f6c-t6zvn corrId=c-2906a4e245e29c89 ledger posting accepted loan_id=LN135542971 amount_dkk=17306.35 posting_id=PST-7c5a0f2be2
2026-03-02T03:00:56.300+01:00 INFO payment-service host=payment-service-a41e92-x2k4p corrId=c-2906a4e245e29c89 payment settled loan_id=LN135542971 amount_dkk=17306.35
2026-03-02T03:00:56.360+01:00 INFO notification-service host=notification-service-7c9d5b-t6zvn corrId=c-2906a4e245e29c89 payment receipt sent loan_id=LN135542971 channel=DIGITAL_POST
2026-03-02T03:01:07.021+01:00 INFO payment-scheduler host=payment-scheduler-5b8f6c-x2k4p corrId=c-1f94a2629d7bb0ae instalment collection started loan_id=LN702284627 due_date=2026-03-15
2026-03-02T03:01:07.028+01:00 INFO payment-service host=payment-service-a41e92-t6zvn corrId=c-1f94a2629d7bb0ae direct debit mandate verified loan_id=LN702284627 mandate_id=MD4526828
2026-03-02T03:01:07.137+01:00 INFO payment-service host=payment-service-5b8f6c-t6zvn corrId=c-1f94a2629d7bb0ae payment instruction sent loan_id=LN702284627 amount_dkk=4012.26
2026-03-02T03:01:07.255+01:00 INFO ledger-service host=ledger-service-7c9d5b-p9qmz corrId=c-1f94a2629d7bb0ae ledger posting accepted loan_id=LN702284627 amount_dkk=4012.26 posting_id=PST-ecf07cad90
2026-03-02T03:01:07.394+01:00 INFO payment-service host=payment-service-a41e92-p9qmz corrId=c-1f94a2629d7bb0ae payment settled loan_id=LN702284627 amount_dkk=4012.26
2026-03-02T03:01:07.402+01:00 INFO notification-service host=notification-service-5b8f6c-p9qmz corrId=c-1f94a2629d7bb0ae payment receipt sent loan_id=LN702284627 channel=EMAIL
2026-03-02T03:01:49.797+01:00 INFO payment-scheduler host=payment-scheduler-5b8f6c-t6zvn corrId=c-9f23adcddb6f1aae instalment collection started loan_id=LN171010046 due_date=2026-03-17
2026-03-02T03:01:49.900+01:00 INFO payment-service host=payment-service-7c9d5b-x2k4p corrId=c-9f23adcddb6f1aae direct debit mandate verified loan_id=LN171010046 mandate_id=MD7195493
2026-03-02T03:01:49.963+01:00 INFO payment-service host=payment-service-7c9d5b-x2k4p corrId=c-9f23adcddb6f1aae payment instruction sent loan_id=LN171010046 amount_dkk=17711.64
2026-03-02T03:01:50.026+01:00 INFO ledger-service host=ledger-service-7c9d5b-p9qmz corrId=c-9f23adcddb6f1aae ledger posting accepted loan_id=LN171010046 amount_dkk=17711.64 posting_id=PST-425ead65c0
2026-03-02T03:01:50.036+01:00 INFO payment-service host=payment-service-a41e92-p9qmz corrId=c-9f23adcddb6f1aae payment settled loan_id=LN171010046 amount_dkk=17711.64
2026-03-02T03:01:50.101+01:00 INFO notification-service host=notification-service-5b8f6c-t6zvn corrId=c-9f23adcddb6f1aae payment receipt sent loan_id=LN171010046 channel=DIGITAL_POST
2026-03-02T03:02:08.346+01:00 INFO payment-scheduler host=payment-scheduler-5b8f6c-t6zvn corrId=c-f74d7161492a7a7e instalment collection started loan_id=LN594318652 due_date=2026-03-11
2026-03-02T03:02:08.459+01:00 INFO payment-service host=payment-service-a41e92-x2k4p corrId=c-f74d7161492a7a7e direct debit mandate verified loan_id=LN594318652 mandate_id=MD5632156
2026-03-02T03:02:08.552+01:00 INFO payment-service host=payment-service-7c9d5b-p9qmz corrId=c-f74d7161492a7a7e payment instruction sent loan_id=LN594318652 amount_dkk=15445.03
2026-03-02T03:02:08.600+01:00 INFO ledger-service host=ledger-service-5b8f6c-t6zvn corrId=c-f74d7161492a7a7e ledger posting accepted loan_id=LN594318652 amount_dkk=15445.03 posting_id=PST-8b3a5b75a4
2026-03-02T03:02:08.620+01:00 INFO payment-service host=payment-service-a41e92-t6zvn corrId=c-f74d7161492a7a7e payment settled loan_id=LN594318652 amount_dkk=15445.03
2026-03-02T03:02:08.715+01:00 INFO notification-service host=notification-service-7c9d5b-t6zvn corrId=c-f74d7161492a7a7e payment receipt sent loan_id=LN594318652 channel=DIGITAL_POST
2026-03-02T03:02:11.603+01:00 INFO payment-scheduler host=payment-scheduler-7c9d5b-p9qmz corrId=c-daa02e6f06fec441 instalment collection started loan_id=LN684945591 due_date=2026-03-14
2026-03-02T03:02:11.640+01:00 INFO payment-service host=payment-service-7c9d5b-p9qmz corrId=c-daa02e6f06fec441 direct debit mandate verified loan_id=LN684945591 mandate_id=MD3803329
2026-03-02T03:02:11.749+01:00 INFO payment-service host=payment-service-7c9d5b-x2k4p corrId=c-daa02e6f06fec441 payment instruction sent loan_id=LN684945591 amount_dkk=3017.08
2026-03-02T03:02:11.833+01:00 INFO ledger-service host=ledger-service-7c9d5b-t6zvn corrId=c-daa02e6f06fec441 ledger posting accepted loan_id=LN684945591 amount_dkk=3017.08 posting_id=PST-3768202ea8
2026-03-02T03:02:11.871+01:00 INFO payment-service host=payment-service-7c9d5b-t6zvn corrId=c-daa02e6f06fec441 payment settled loan_id=LN684945591 amount_dkk=3017.08
2026-03-02T03:02:12.001+01:00 INFO notification-service host=notification-service-7c9d5b-x2k4p corrId=c-daa02e6f06fec441 payment receipt sent loan_id=LN684945591 channel=DIGITAL_POST
2026-03-02T03:02:12.199+01:00 INFO payment-scheduler host=payment-scheduler-5b8f6c-t6zvn corrId=c-480214b9a5c79a37 instalment collection started loan_id=LN288759013 due_date=2026-03-02
2026-03-02T03:02:12.210+01:00 INFO payment-service host=payment-service-5b8f6c-t6zvn corrId=c-480214b9a5c79a37 direct debit mandate verified loan_id=LN288759013 mandate_id=MD5757720
2026-03-02T03:02:12.219+01:00 INFO payment-service host=payment-service-5b8f6c-p9qmz corrId=c-480214b9a5c79a37 payment instruction sent loan_id=LN288759013 amount_dkk=14561.19
2026-03-02T03:02:12.271+01:00 INFO ledger-service host=ledger-service-5b8f6c-p9qmz corrId=c-480214b9a5c79a37 ledger posting accepted loan_id=LN288759013 amount_dkk=14561.19 posting_id=PST-66b508b031
2026-03-02T03:02:12.312+01:00 INFO payment-service host=payment-service-a41e92-x2k4p corrId=c-480214b9a5c79a37 payment settled loan_id=LN288759013 amount_dkk=14561.19
2026-03-02T03:02:12.368+01:00 INFO notification-service host=notification-service-a41e92-t6zvn corrId=c-480214b9a5c79a37 payment receipt sent loan_id=LN288759013 channel=EMAIL
2026-03-02T03:02:40.593+01:00 INFO payment-scheduler host=payment-scheduler-a41e92-x2k4p corrId=c-3e52199554b68ae8 instalment collection started loan_id=LN357100542 due_date=2026-03-12
2026-03-02T03:02:40.654+01:00 INFO payment-service host=payment-service-7c9d5b-x2k4p corrId=c-3e52199554b68ae8 direct debit mandate verified loan_id=LN357100542 mandate_id=MD1557604
2026-03-02T03:02:40.664+01:00 INFO payment-service host=payment-service-a41e92-x2k4p corrId=c-3e52199554b68ae8 payment instruction sent loan_id=LN357100542 amount_dkk=17246.91
2026-03-02T03:02:40.733+01:00 INFO ledger-service host=ledger-service-5b8f6c-p9qmz corrId=c-3e52199554b68ae8 ledger posting accepted loan_id=LN357100542 amount_dkk=17246.91 posting_id=PST-aa8a44a810
2026-03-02T03:02:40.793+01:00 INFO notification-service host=notification-service-a41e92-x2k4p corrId=c-3e52199554b68ae8 payment receipt sent loan_id=LN357100542 channel=DIGITAL_POST
2026-03-02T03:02:40.907+01:00 INFO payment-service host=payment-service-7c9d5b-p9qmz corrId=c-3e52199554b68ae8 payment settled loan_id=LN357100542 amount_dkk=17246.91
2026-03-02T03:02:44.032+01:00 INFO payment-scheduler host=payment-scheduler-5b8f6c-x2k4p corrId=c-536015c691ff52a9 instalment collection started loan_id=LN953792004 due_date=2026-03-26
2026-03-02T03:02:44.064+01:00 INFO payment-service host=payment-service-5b8f6c-p9qmz corrId=c-536015c691ff52a9 direct debit mandate verified loan_id=LN953792004 mandate_id=MD9239123
2026-03-02T03:02:44.203+01:00 INFO payment-service host=payment-service-5b8f6c-p9qmz corrId=c-536015c691ff52a9 payment instruction sent loan_id=LN953792004 amount_dkk=4696.05
2026-03-02T03:02:44.270+01:00 INFO ledger-service host=ledger-service-5b8f6c-p9qmz corrId=c-536015c691ff52a9 ledger posting accepted loan_id=LN953792004 amount_dkk=4696.05 posting_id=PST-fc59079ddf
2026-03-02T03:02:44.390+01:00 INFO payment-service host=payment-service-a41e92-p9qmz corrId=c-536015c691ff52a9 payment settled loan_id=LN953792004 amount_dkk=4696.05
2026-03-02T03:02:44.461+01:00 INFO notification-service host=notification-service-5b8f6c-t6zvn corrId=c-536015c691ff52a9 payment receipt sent loan_id=LN953792004 channel=DIGITAL_POST
2026-03-02T03:03:04.584+01:00 INFO payment-scheduler host=payment-scheduler-7c9d5b-t6zvn corrId=c-384b8270c18ca742 instalment collection started loan_id=LN567543478 due_date=2026-03-10
2026-03-02T03:03:04.600+01:00 INFO payment-service host=payment-service-5b8f6c-p9qmz corrId=c-384b8270c18ca742 direct debit mandate verified loan_id=LN567543478 mandate_id=MD8709299
2026-03-02T03:03:04.641+01:00 INFO payment-service host=payment-service-5b8f6c-x2k4p corrId=c-384b8270c18ca742 payment instruction sent loan_id=LN567543478 amount_dkk=10259.15
2026-03-02T03:03:04.751+01:00 INFO ledger-service host=ledger-service-a41e92-x2k4p corrId=c-384b8270c18ca742 ledger posting accepted loan_id=LN567543478 amount_dkk=10259.15 posting_id=PST-964c0163d1
2026-03-02T03:03:04.849+01:00 INFO payment-service host=payment-service-a41e92-p9qmz corrId=c-384b8270c18ca742 payment settled loan_id=LN567543478 amount_dkk=10259.15
2026-03-02T03:03:04.938+01:00 INFO notification-service host=notification-service-a41e92-x2k4p corrId=c-384b8270c18ca742 payment receipt sent loan_id=LN567543478 channel=DIGITAL_POST
2026-03-02T03:03:14.186+01:00 INFO payment-scheduler host=payment-scheduler-5b8f6c-t6zvn corrId=c-fbf232733919c616 instalment collection started loan_id=LN499846798 due_date=2026-03-17
2026-03-02T03:03:14.288+01:00 INFO payment-service host=payment-service-5b8f6c-p9qmz corrId=c-fbf232733919c616 direct debit mandate verified loan_id=LN499846798 mandate_id=MD6577655
2026-03-02T03:03:14.368+01:00 INFO payment-service host=payment-service-a41e92-t6zvn corrId=c-fbf232733919c616 payment instruction sent loan_id=LN499846798 amount_dkk=11322.31
2026-03-02T03:03:14.443+01:00 INFO ledger-service host=ledger-service-5b8f6c-p9qmz corrId=c-fbf232733919c616 ledger posting accepted loan_id=LN499846798 amount_dkk=11322.31 posting_id=PST-4fe3db8712
2026-03-02T03:03:14.551+01:00 INFO payment-service host=payment-service-7c9d5b-p9qmz corrId=c-fbf232733919c616 payment settled loan_id=LN499846798 amount_dkk=11322.31
2026-03-02T03:03:14.644+01:00 INFO notification-service host=notification-service-5b8f6c-x2k4p corrId=c-fbf232733919c616 payment receipt sent loan_id=LN499846798 channel=EMAIL
2026-03-02T03:03:19.387+01:00 INFO payment-scheduler host=payment-scheduler-5b8f6c-t6zvn corrId=c-acd3a87841df739d instalment collection started loan_id=LN715812480 due_date=2026-03-28
2026-03-02T03:03:19.511+01:00 INFO payment-service host=payment-service-a41e92-x2k4p corrId=c-acd3a87841df739d direct debit mandate verified loan_id=LN715812480 mandate_id=MD9083253
2026-03-02T03:03:19.639+01:00 INFO payment-service host=payment-service-5b8f6c-p9qmz corrId=c-acd3a87841df739d payment instruction sent loan_id=LN715812480 amount_dkk=2926.81
2026-03-02T03:03:19.662+01:00 INFO ledger-service host=ledger-service-a41e92-t6zvn corrId=c-acd3a87841df739d ledger posting accepted loan_id=LN715812480 amount_dkk=2926.81 posting_id=PST-67a5409158
2026-03-02T03:03:19.710+01:00 INFO payment-service host=payment-service-a41e92-p9qmz corrId=c-acd3a87841df739d payment settled loan_id=LN715812480 amount_dkk=2926.81
2026-03-02T03:03:19.734+01:00 INFO notification-service host=notification-service-a41e92-p9qmz corrId=c-acd3a87841df739d payment receipt sent loan_id=LN715812480 channel=EMAIL
2026-03-02T03:03:50.488+01:00 INFO payment-scheduler host=payment-scheduler-a41e92-x2k4p corrId=c-186482e260249684 instalment collection started loan_id=LN492338314 due_date=2026-03-20
2026-03-02T03:03:50.542+01:00 INFO payment-service host=payment-service-5b8f6c-p9qmz corrId=c-186482e260249684 direct debit mandate verified loan_id=LN492338314 mandate_id=MD5469974
2026-03-02T03:03:50.659+01:00 INFO payment-service host=payment-service-a41e92-x2k4p corrId=c-186482e260249684 payment instruction sent loan_id=LN492338314 amount_dkk=9643.52
2026-03-02T03:03:50.699+01:00 INFO ledger-service host=ledger-service-5b8f6c-x2k4p corrId=c-186482e260249684 ledger posting accepted loan_id=LN492338314 amount_dkk=9643.52 posting_id=PST-404c8b6715
2026-03-02T03:03:50.755+01:00 INFO payment-service host=payment-service-a41e92-p9qmz corrId=c-186482e260249684 payment settled loan_id=LN492338314 amount_dkk=9643.52
2026-03-02T03:03:50.838+01:00 INFO notification-service host=notification-service-a41e92-p9qmz corrId=c-186482e260249684 payment receipt sent loan_id=LN492338314 channel=DIGITAL_POST
2026-03-02T03:03:53.010+01:00 INFO payment-scheduler host=payment-scheduler-a41e92-p9qmz corrId=c-c7290562d28d0f73 instalment collection started loan_id=LN236471046 due_date=2026-03-08
2026-03-02T03:03:53.041+01:00 INFO payment-service host=payment-service-a41e92-p9qmz corrId=c-c7290562d28d0f73 direct debit mandate verified loan_id=LN236471046 mandate_id=MD2530452
2026-03-02T03:03:53.179+01:00 INFO payment-service host=payment-service-5b8f6c-x2k4p corrId=c-c7290562d28d0f73 payment instruction sent loan_id=LN236471046 amount_dkk=4944.09
2026-03-02T03:03:53.247+01:00 INFO ledger-service host=ledger-service-a41e92-t6zvn corrId=c-c7290562d28d0f73 ledger posting accepted loan_id=LN236471046 amount_dkk=4944.09 posting_id=PST-578ad7cee1
2026-03-02T03:03:53.386+01:00 INFO payment-service host=payment-service-5b8f6c-t6zvn corrId=c-c7290562d28d0f73 payment settled loan_id=LN236471046 amount_dkk=4944.09
2026-03-02T03:03:53.393+01:00 INFO notification-service host=notification-service-5b8f6c-x2k4p corrId=c-c7290562d28d0f73 payment receipt sent loan_id=LN236471046 channel=DIGITAL_POST
2026-03-02T03:04:06.407+01:00 INFO payment-scheduler host=payment-scheduler-a41e92-p9qmz corrId=c-ea9c126113860e82 instalment collection started loan_id=LN521800545 due_date=2026-03-01
2026-03-02T03:04:06.449+01:00 INFO payment-service host=payment-service-a41e92-t6zvn corrId=c-ea9c126113860e82 direct debit mandate verified loan_id=LN521800545 mandate_id=MD7416576
2026-03-02T03:04:06.557+01:00 INFO payment-service host=payment-service-5b8f6c-p9qmz corrId=c-ea9c126113860e82 payment instruction sent loan_id=LN521800545 amount_dkk=12910.76
2026-03-02T03:04:06.624+01:00 INFO ledger-service host=ledger-service-5b8f6c-t6zvn corrId=c-ea9c126113860e82 ledger posting accepted loan_id=LN521800545 amount_dkk=12910.76 posting_id=PST-c2d363ef64
2026-03-02T03:04:06.725+01:00 INFO payment-service host=payment-service-7c9d5b-p9qmz corrId=c-ea9c126113860e82 payment settled loan_id=LN521800545 amount_dkk=12910.76
2026-03-02T03:04:06.854+01:00 INFO notification-service host=notification-service-a41e92-x2k4p corrId=c-ea9c126113860e82 payment receipt sent loan_id=LN521800545 channel=DIGITAL_POST
2026-03-02T03:04:12.574+01:00 INFO payment-scheduler host=payment-scheduler-7c9d5b-p9qmz corrId=c-43c6583661ec5f47 instalment collection started loan_id=LN319551512 due_date=2026-03-01
2026-03-02T03:04:12.592+01:00 INFO payment-service host=payment-service-5b8f6c-t6zvn corrId=c-43c6583661ec5f47 direct debit mandate verified loan_id=LN319551512 mandate_id=MD4020471
2026-03-02T03:04:12.676+01:00 INFO payment-service host=payment-service-7c9d5b-p9qmz corrId=c-43c6583661ec5f47 payment instruction sent loan_id=LN319551512 amount_dkk=9689.59
2026-03-02T03:04:12.715+01:00 INFO ledger-service host=ledger-service-5b8f6c-t6zvn corrId=c-43c6583661ec5f47 ledger posting accepted loan_id=LN319551512 amount_dkk=9689.59 posting_id=PST-99a3236d25
2026-03-02T03:04:12.791+01:00 INFO payment-service host=payment-service-a41e92-p9qmz corrId=c-43c6583661ec5f47 payment settled loan_id=LN319551512 amount_dkk=9689.59
2026-03-02T03:04:12.858+01:00 INFO notification-service host=notification-service-5b8f6c-p9qmz corrId=c-43c6583661ec5f47 payment receipt sent loan_id=LN319551512 channel=DIGITAL_POST
2026-03-02T03:04:25.328+01:00 INFO payment-scheduler host=payment-scheduler-7c9d5b-t6zvn corrId=c-e3d6bb06e5461386 instalment collection started loan_id=LN985705663 due_date=2026-03-04
2026-03-02T03:04:25.450+01:00 INFO payment-service host=payment-service-a41e92-t6zvn corrId=c-e3d6bb06e5461386 direct debit mandate verified loan_id=LN985705663 mandate_id=MD0956291
2026-03-02T03:04:25.505+01:00 INFO payment-service host=payment-service-7c9d5b-t6zvn corrId=c-e3d6bb06e5461386 payment instruction sent loan_id=LN985705663 amount_dkk=5976.70
2026-03-02T03:04:25.517+01:00 INFO ledger-service host=ledger-service-a41e92-p9qmz corrId=c-e3d6bb06e5461386 ledger posting accepted loan_id=LN985705663 amount_dkk=5976.70 posting_id=PST-80f4f63ef3
2026-03-02T03:04:25.632+01:00 INFO payment-service host=payment-service-5b8f6c-x2k4p corrId=c-e3d6bb06e5461386 payment settled loan_id=LN985705663 amount_dkk=5976.70
2026-03-02T03:04:25.734+01:00 INFO notification-service host=notification-service-a41e92-x2k4p corrId=c-e3d6bb06e5461386 payment receipt sent loan_id=LN985705663 channel=DIGITAL_POST
2026-03-02T03:05:00.859+01:00 INFO api-gateway host=api-gateway-7c9d5b-t6zvn corrId=- health probe ok status=200 latency_ms=37
2026-03-02T03:05:14.871+01:00 INFO payment-scheduler host=payment-scheduler-a41e92-x2k4p corrId=c-4a7cf2620cc01ffe instalment collection started loan_id=LN841444183 due_date=2026-03-17
2026-03-02T03:05:14.973+01:00 INFO payment-service host=payment-service-a41e92-x2k4p corrId=c-4a7cf2620cc01ffe direct debit mandate verified loan_id=LN841444183 mandate_id=MD1959114
2026-03-02T03:05:15.020+01:00 INFO payment-service host=payment-service-5b8f6c-t6zvn corrId=c-4a7cf2620cc01ffe payment instruction sent loan_id=LN841444183 amount_dkk=17076.01
2026-03-02T03:05:15.027+01:00 WARN ledger-service host=ledger-service-5b8f6c-t6zvn corrId=c-4a7cf2620cc01ffe ledger posting retried loan_id=LN841444183 attempt=1
2026-03-02T03:05:15.147+01:00 INFO ledger-service host=ledger-service-a41e92-x2k4p corrId=c-4a7cf2620cc01ffe ledger posting accepted loan_id=LN841444183 amount_dkk=17076.01 posting_id=PST-d5eee715b2
2026-03-02T03:05:15.201+01:00 INFO payment-service host=payment-service-a41e92-x2k4p corrId=c-4a7cf2620cc01ffe payment settled loan_id=LN841444183 amount_dkk=17076.01
2026-03-02T03:05:15.210+01:00 INFO notification-service host=notification-service-5b8f6c-p9qmz corrId=c-4a7cf2620cc01ffe payment receipt sent loan_id=LN841444183 channel=DIGITAL_POST
2026-03-02T03:05:46.444+01:00 INFO payment-scheduler host=payment-scheduler-7c9d5b-x2k4p corrId=c-30603ec2dbec9efc instalment collection started loan_id=LN567385471 due_date=2026-03-09
2026-03-02T03:05:46.540+01:00 INFO payment-service host=payment-service-7c9d5b-t6zvn corrId=c-30603ec2dbec9efc direct debit mandate verified loan_id=LN567385471 mandate_id=MD8884581
2026-03-02T03:05:46.644+01:00 INFO payment-service host=payment-service-7c9d5b-p9qmz corrId=c-30603ec2dbec9efc payment instruction sent loan_id=LN567385471 amount_dkk=13976.03
2026-03-02T03:05:46.687+01:00 INFO ledger-service host=ledger-service-a41e92-x2k4p corrId=c-30603ec2dbec9efc ledger posting accepted loan_id=LN567385471 amount_dkk=13976.03 posting_id=PST-4c308bc563
2026-03-02T03:05:46.759+01:00 INFO payment-service host=payment-service-7c9d5b-x2k4p corrId=c-30603ec2dbec9efc payment settled loan_id=LN567385471 amount_dkk=13976.03
2026-03-02T03:05:46.871+01:00 INFO notification-service host=notification-service-a41e92-p9qmz corrId=c-30603ec2dbec9efc payment receipt sent loan_id=LN567385471 channel=DIGITAL_POST
2026-03-02T03:06:14.502+01:00 INFO payment-scheduler host=payment-scheduler-a41e92-x2k4p corrId=c-24b4fa0d2b9451ad instalment collection started loan_id=LN159961864 due_date=2026-03-04
2026-03-02T03:06:14.526+01:00 INFO payment-service host=payment-service-7c9d5b-p9qmz corrId=c-24b4fa0d2b9451ad direct debit mandate verified loan_id=LN159961864 mandate_id=MD2562099
2026-03-02T03:06:14.644+01:00 INFO payment-service host=payment-service-7c9d5b-p9qmz corrId=c-24b4fa0d2b9451ad payment instruction sent loan_id=LN159961864 amount_dkk=6493.85
2026-03-02T03:06:14.753+01:00 INFO ledger-service host=ledger-service-5b8f6c-t6zvn corrId=c-24b4fa0d2b9451ad ledger posting accepted loan_id=LN159961864 amount_dkk=6493.85 posting_id=PST-af665162be
2026-03-02T03:06:14.787+01:00 INFO payment-service host=payment-service-a41e92-x2k4p corrId=c-24b4fa0d2b9451ad payment settled loan_id=LN159961864 amount_dkk=6493.85
2026-03-02T03:06:14.857+01:00 INFO notification-service host=notification-service-7c9d5b-x2k4p corrId=c-24b4fa0d2b9451ad payment receipt sent loan_id=LN159961864 channel=DIGITAL_POST
2026-03-02T03:06:25.537+01:00 INFO payment-scheduler host=payment-scheduler-5b8f6c-t6zvn corrId=c-e0e7ce30149c3af3 instalment collection started loan_id=LN871839223 due_date=2026-03-04
2026-03-02T03:06:25.559+01:00 INFO payment-service host=payment-service-7c9d5b-p9qmz corrId=c-e0e7ce30149c3af3 direct debit mandate verified loan_id=LN871839223 mandate_id=MD8248924
2026-03-02T03:06:25.582+01:00 INFO payment-service host=payment-service-a41e92-t6zvn corrId=c-e0e7ce30149c3af3 payment instruction sent loan_id=LN871839223 amount_dkk=13279.56
2026-03-02T03:06:25.638+01:00 INFO ledger-service host=ledger-service-a41e92-p9qmz corrId=c-e0e7ce30149c3af3 ledger posting accepted loan_id=LN871839223 amount_dkk=13279.56 posting_id=PST-2b902c09a5
2026-03-02T03:06:25.652+01:00 INFO payment-service host=payment-service-7c9d5b-t6zvn corrId=c-e0e7ce30149c3af3 payment settled loan_id=LN871839223 amount_dkk=13279.56
2026-03-02T03:06:25.739+01:00 INFO notification-service host=notification-service-a41e92-x2k4p corrId=c-e0e7ce30149c3af3 payment receipt sent loan_id=LN871839223 channel=EMAIL
2026-03-02T03:06:47.492+01:00 INFO payment-scheduler host=payment-scheduler-7c9d5b-t6zvn corrId=c-f1f867348295c20a instalment collection started loan_id=LN822986661 due_date=2026-03-11
2026-03-02T03:06:47.545+01:00 INFO payment-service host=payment-service-5b8f6c-p9qmz corrId=c-f1f867348295c20a direct debit mandate verified loan_id=LN822986661 mandate_id=MD3481369
2026-03-02T03:06:47.619+01:00 INFO payment-service host=payment-service-a41e92-p9qmz corrId=c-f1f867348295c20a payment instruction sent loan_id=LN822986661 amount_dkk=5436.95
2026-03-02T03:06:47.634+01:00 INFO ledger-service host=ledger-service-5b8f6c-t6zvn corrId=c-f1f867348295c20a ledger posting accepted loan_id=LN822986661 amount_dkk=5436.95 posting_id=PST-42a32d7333
2026-03-02T03:06:47.743+01:00 INFO payment-service host=payment-service-a41e92-x2k4p corrId=c-f1f867348295c20a payment settled loan_id=LN822986661 amount_dkk=5436.95
2026-03-02T03:06:47.777+01:00 INFO notification-service host=notification-service-5b8f6c-t6zvn corrId=c-f1f867348295c20a payment receipt sent loan_id=LN822986661 channel=EMAIL
2026-03-02T03:07:33.223+01:00 INFO payment-scheduler host=payment-scheduler-5b8f6c-t6zvn corrId=c-aa9c1e11aa4967d1 instalment collection started loan_id=LN187491410 due_date=2026-03-03
2026-03-02T03:07:33.359+01:00 INFO payment-service host=payment-service-7c9d5b-p9qmz corrId=c-aa9c1e11aa4967d1 direct debit mandate verified loan_id=LN187491410 mandate_id=MD2689806
2026-03-02T03:07:33.381+01:00 INFO payment-service host=payment-service-a41e92-t6zvn corrId=c-aa9c1e11aa4967d1 payment instruction sent loan_id=LN187491410 amount_dkk=2804.67
2026-03-02T03:07:33.448+01:00 INFO ledger-service host=ledger-service-5b8f6c-x2k4p corrId=c-aa9c1e11aa4967d1 ledger posting accepted loan_id=LN187491410 amount_dkk=2804.67 posting_id=PST-8ad93df4a2
2026-03-02T03:07:33.465+01:00 INFO payment-service host=payment-service-a41e92-t6zvn corrId=c-aa9c1e11aa4967d1 payment settled loan_id=LN187491410 amount_dkk=2804.67
2026-03-02T03:07:33.546+01:00 INFO notification-service host=notification-service-7c9d5b-p9qmz corrId=c-aa9c1e11aa4967d1 payment receipt sent loan_id=LN187491410 channel=DIGITAL_POST
2026-03-02T03:08:14.884+01:00 INFO payment-scheduler host=payment-scheduler-5b8f6c-t6zvn corrId=c-44e6028ab75bb58f instalment collection started loan_id=LN395302195 due_date=2026-03-25
2026-03-02T03:08:14.971+01:00 INFO payment-service host=payment-service-7c9d5b-t6zvn corrId=c-44e6028ab75bb58f direct debit mandate verified loan_id=LN395302195 mandate_id=MD3514003
2026-03-02T03:08:14.982+01:00 INFO payment-service host=payment-service-a41e92-x2k4p corrId=c-44e6028ab75bb58f payment instruction sent loan_id=LN395302195 amount_dkk=5839.63
2026-03-02T03:08:15.116+01:00 INFO ledger-service host=ledger-service-7c9d5b-x2k4p corrId=c-44e6028ab75bb58f ledger posting accepted loan_id=LN395302195 amount_dkk=5839.63 posting_id=PST-488ba1107c
2026-03-02T03:08:15.134+01:00 INFO payment-service host=payment-service-7c9d5b-x2k4p corrId=c-44e6028ab75bb58f payment settled loan_id=LN395302195 amount_dkk=5839.63
2026-03-02T03:08:15.250+01:00 INFO notification-service host=notification-service-a41e92-p9qmz corrId=c-44e6028ab75bb58f payment receipt sent loan_id=LN395302195 channel=EMAIL
2026-03-02T03:08:47.628+01:00 INFO payment-scheduler host=payment-scheduler-5b8f6c-p9qmz corrId=c-193dc770332f0095 instalment collection started loan_id=LN964266902 due_date=2026-03-17
2026-03-02T03:08:47.740+01:00 INFO payment-service host=payment-service-5b8f6c-x2k4p corrId=c-193dc770332f0095 direct debit mandate verified loan_id=LN964266902 mandate_id=MD1250663
2026-03-02T03:08:47.816+01:00 INFO payment-service host=payment-service-7c9d5b-x2k4p corrId=c-193dc770332f0095 payment instruction sent loan_id=LN964266902 amount_dkk=10466.36
2026-03-02T03:08:47.914+01:00 INFO ledger-service host=ledger-service-a41e92-t6zvn corrId=c-193dc770332f0095 ledger posting accepted loan_id=LN964266902 amount_dkk=10466.36 posting_id=PST-fc2e931c29
2026-03-02T03:08:48.008+01:00 INFO payment-service host=payment-service-5b8f6c-p9qmz corrId=c-193dc770332f0095 payment settled loan_id=LN964266902 amount_dkk=10466.36
2026-03-02T03:08:48.030+01:00 INFO notification-service host=notification-service-a41e92-t6zvn corrId=c-193dc770332f0095 payment receipt sent loan_id=LN964266902 channel=DIGITAL_POST
2026-03-02T03:09:05.670+01:00 INFO payment-scheduler host=payment-scheduler-5b8f6c-t6zvn corrId=c-d955eab8673757a4 instalment collection started loan_id=LN383867122 due_date=2026-03-04
2026-03-02T03:09:05.743+01:00 INFO payment-service host=payment-service-a41e92-p9qmz corrId=c-d955eab8673757a4 direct debit mandate verified loan_id=LN383867122 mandate_id=MD1364384
2026-03-02T03:09:05.862+01:00 INFO payment-service host=payment-service-5b8f6c-t6zvn corrId=c-d955eab8673757a4 payment instruction sent loan_id=LN383867122 amount_dkk=17612.29
2026-03-02T03:09:05.981+01:00 INFO ledger-service host=ledger-service-7c9d5b-x2k4p corrId=c-d955eab8673757a4 ledger posting accepted loan_id=LN383867122 amount_dkk=17612.29 posting_id=PST-4fc36c5dbf
2026-03-02T03:09:06.035+01:00 INFO payment-service host=payment-service-5b8f6c-t6zvn corrId=c-d955eab8673757a4 payment settled loan_id=LN383867122 amount_dkk=17612.29
2026-03-02T03:09:06.144+01:00 INFO notification-service host=notification-service-7c9d5b-p9qmz corrId=c-d955eab8673757a4 payment receipt sent loan_id=LN383867122 channel=DIGITAL_POST
2026-03-02T03:10:00.129+01:00 INFO payment-scheduler host=payment-scheduler-5b8f6c-t6zvn corrId=- scheduler heartbeat lag_ms=83
2026-03-02T03:10:00.697+01:00 INFO api-gateway host=api-gateway-a41e92-x2k4p corrId=- health probe ok status=200 latency_ms=6
2026-03-02T03:10:37.955+01:00 INFO payment-scheduler host=payment-scheduler-a41e92-p9qmz corrId=c-16112a620840d4a0 instalment collection started loan_id=LN306603638 due_date=2026-03-23
2026-03-02T03:10:38.082+01:00 INFO payment-service host=payment-service-7c9d5b-x2k4p corrId=c-16112a620840d4a0 direct debit mandate verified loan_id=LN306603638 mandate_id=MD6762960
2026-03-02T03:10:38.111+01:00 INFO payment-service host=payment-service-7c9d5b-x2k4p corrId=c-16112a620840d4a0 payment instruction sent loan_id=LN306603638 amount_dkk=7592.68
2026-03-02T03:10:38.151+01:00 INFO ledger-service host=ledger-service-a41e92-x2k4p corrId=c-16112a620840d4a0 ledger posting accepted loan_id=LN306603638 amount_dkk=7592.68 posting_id=PST-f9af4ceec2
2026-03-02T03:10:38.166+01:00 INFO payment-service host=payment-service-5b8f6c-t6zvn corrId=c-16112a620840d4a0 payment settled loan_id=LN306603638 amount_dkk=7592.68
2026-03-02T03:10:38.232+01:00 INFO notification-service host=notification-service-5b8f6c-x2k4p corrId=c-16112a620840d4a0 payment receipt sent loan_id=LN306603638 channel=EMAIL
2026-03-02T03:10:39.715+01:00 INFO payment-scheduler host=payment-scheduler-a41e92-t6zvn corrId=c-5c25caf31e13bf3b instalment collection started loan_id=LN814141882 due_date=2026-03-10
2026-03-02T03:10:39.783+01:00 INFO payment-service host=payment-service-5b8f6c-x2k4p corrId=c-5c25caf31e13bf3b direct debit mandate verified loan_id=LN814141882 mandate_id=MD4562925
2026-03-02T03:10:39.841+01:00 INFO payment-service host=payment-service-a41e92-x2k4p corrId=c-5c25caf31e13bf3b payment instruction sent loan_id=LN814141882 amount_dkk=15710.06
2026-03-02T03:10:39.886+01:00 INFO ledger-service host=ledger-service-5b8f6c-t6zvn corrId=c-5c25caf31e13bf3b ledger posting accepted loan_id=LN814141882 amount_dkk=15710.06 posting_id=PST-86600ff6ba
2026-03-02T03:10:39.974+01:00 INFO payment-service host=payment-service-a41e92-t6zvn corrId=c-5c25caf31e13bf3b payment settled loan_id=LN814141882 amount_dkk=15710.06
2026-03-02T03:10:40.010+01:00 INFO notification-service host=notification-service-a41e92-x2k4p corrId=c-5c25caf31e13bf3b payment receipt sent loan_id=LN814141882 channel=EMAIL
2026-03-02T03:11:13.648+01:00 INFO payment-scheduler host=payment-scheduler-7c9d5b-p9qmz corrId=c-d4a97973b19d75fb instalment collection started loan_id=LN734159328 due_date=2026-03-24
2026-03-02T03:11:13.735+01:00 INFO payment-service host=payment-service-a41e92-x2k4p corrId=c-d4a97973b19d75fb direct debit mandate verified loan_id=LN734159328 mandate_id=MD7648557
2026-03-02T03:11:13.758+01:00 INFO payment-service host=payment-service-7c9d5b-t6zvn corrId=c-d4a97973b19d75fb payment instruction sent loan_id=LN734159328 amount_dkk=6559.97
2026-03-02T03:11:13.869+01:00 INFO ledger-service host=ledger-service-a41e92-t6zvn corrId=c-d4a97973b19d75fb ledger posting accepted loan_id=LN734159328 amount_dkk=6559.97 posting_id=PST-90bd77ccf4
2026-03-02T03:11:13.954+01:00 INFO payment-service host=payment-service-7c9d5b-p9qmz corrId=c-d4a97973b19d75fb payment settled loan_id=LN734159328 amount_dkk=6559.97
2026-03-02T03:11:14.072+01:00 INFO notification-service host=notification-service-7c9d5b-p9qmz corrId=c-d4a97973b19d75fb payment receipt sent loan_id=LN734159328 channel=DIGITAL_POST
2026-03-02T03:11:52.407+01:00 INFO payment-scheduler host=payment-scheduler-5b8f6c-p9qmz corrId=c-8d140d0a171c44d8 instalment collection started loan_id=LN325663901 due_date=2026-03-15
2026-03-02T03:11:52.443+01:00 INFO payment-service host=payment-service-a41e92-x2k4p corrId=c-8d140d0a171c44d8 direct debit mandate verified loan_id=LN325663901 mandate_id=MD8991259
2026-03-02T03:11:52.571+01:00 INFO payment-service host=payment-service-a41e92-x2k4p corrId=c-8d140d0a171c44d8 payment instruction sent loan_id=LN325663901 amount_dkk=16480.78
2026-03-02T03:11:52.675+01:00 INFO ledger-service host=ledger-service-7c9d5b-x2k4p corrId=c-8d140d0a171c44d8 ledger posting accepted loan_id=LN325663901 amount_dkk=16480.78 posting_id=PST-d5e0444613
2026-03-02T03:11:52.696+01:00 INFO payment-service host=payment-service-7c9d5b-t6zvn corrId=c-8d140d0a171c44d8 payment settled loan_id=LN325663901 amount_dkk=16480.78
2026-03-02T03:11:52.794+01:00 INFO notification-service host=notification-service-7c9d5b-t6zvn corrId=c-8d140d0a171c44d8 payment receipt sent loan_id=LN325663901 channel=DIGITAL_POST
2026-03-02T03:12:17.000+01:00 INFO valuation-service host=valuation-service-7c9d5b-t6zvn corrId=- jvm gc pause pause_ms=14
2026-03-02T03:12:48.916+01:00 INFO payment-scheduler host=payment-scheduler-7c9d5b-p9qmz corrId=c-8900a9e6697828c5 instalment collection started loan_id=LN727808015 due_date=2026-03-13
2026-03-02T03:12:49.034+01:00 INFO payment-service host=payment-service-a41e92-p9qmz corrId=c-8900a9e6697828c5 direct debit mandate verified loan_id=LN727808015 mandate_id=MD0339642
2026-03-02T03:12:49.171+01:00 INFO payment-service host=payment-service-a41e92-t6zvn corrId=c-8900a9e6697828c5 payment instruction sent loan_id=LN727808015 amount_dkk=14076.86
2026-03-02T03:12:49.299+01:00 INFO ledger-service host=ledger-service-5b8f6c-p9qmz corrId=c-8900a9e6697828c5 ledger posting accepted loan_id=LN727808015 amount_dkk=14076.86 posting_id=PST-9361d74fa9
2026-03-02T03:12:49.393+01:00 INFO payment-service host=payment-service-7c9d5b-t6zvn corrId=c-8900a9e6697828c5 payment settled loan_id=LN727808015 amount_dkk=14076.86
2026-03-02T03:12:49.497+01:00 INFO notification-service host=notification-service-5b8f6c-t6zvn corrId=c-8900a9e6697828c5 payment receipt sent loan_id=LN727808015 channel=DIGITAL_POST
2026-03-02T03:12:52.890+01:00 INFO payment-scheduler host=payment-scheduler-5b8f6c-t6zvn corrId=c-d708a52aeab9b35f instalment collection started loan_id=LN618458087 due_date=2026-03-09
2026-03-02T03:12:52.956+01:00 INFO payment-service host=payment-service-5b8f6c-t6zvn corrId=c-d708a52aeab9b35f direct debit mandate verified loan_id=LN618458087 mandate_id=MD7033142
2026-03-02T03:12:52.971+01:00 INFO payment-service host=payment-service-7c9d5b-p9qmz corrId=c-d708a52aeab9b35f payment instruction sent loan_id=LN618458087 amount_dkk=4455.81
2026-03-02T03:12:53.109+01:00 INFO ledger-service host=ledger-service-5b8f6c-p9qmz corrId=c-d708a52aeab9b35f ledger posting accepted loan_id=LN618458087 amount_dkk=4455.81 posting_id=PST-d58819b58e
2026-03-02T03:12:53.124+01:00 INFO payment-service host=payment-service-a41e92-x2k4p corrId=c-d708a52aeab9b35f payment settled loan_id=LN618458087 amount_dkk=4455.81
2026-03-02T03:12:53.227+01:00 INFO notification-service host=notification-service-a41e92-x2k4p corrId=c-d708a52aeab9b35f payment receipt sent loan_id=LN618458087 channel=DIGITAL_POST
2026-03-02T03:13:24.214+01:00 INFO payment-scheduler host=payment-scheduler-7c9d5b-x2k4p corrId=c-20ef11ccf1c8169d instalment collection started loan_id=LN363218920 due_date=2026-03-22
2026-03-02T03:13:24.320+01:00 INFO payment-service host=payment-service-7c9d5b-t6zvn corrId=c-20ef11ccf1c8169d direct debit mandate verified loan_id=LN363218920 mandate_id=MD6820513
2026-03-02T03:13:24.368+01:00 INFO payment-service host=payment-service-7c9d5b-x2k4p corrId=c-20ef11ccf1c8169d payment instruction sent loan_id=LN363218920 amount_dkk=11820.90
2026-03-02T03:13:24.423+01:00 INFO ledger-service host=ledger-service-a41e92-t6zvn corrId=c-20ef11ccf1c8169d ledger posting accepted loan_id=LN363218920 amount_dkk=11820.90 posting_id=PST-7bf4e3f898
2026-03-02T03:13:24.526+01:00 INFO payment-service host=payment-service-a41e92-p9qmz corrId=c-20ef11ccf1c8169d payment settled loan_id=LN363218920 amount_dkk=11820.90
2026-03-02T03:13:24.596+01:00 INFO notification-service host=notification-service-a41e92-p9qmz corrId=c-20ef11ccf1c8169d payment receipt sent loan_id=LN363218920 channel=EMAIL
2026-03-02T03:13:40.856+01:00 INFO payment-scheduler host=payment-scheduler-7c9d5b-t6zvn corrId=c-a50b8a89a5f64b44 instalment collection started loan_id=LN786778293 due_date=2026-03-03
2026-03-02T03:13:40.879+01:00 INFO payment-service host=payment-service-7c9d5b-x2k4p corrId=c-a50b8a89a5f64b44 direct debit mandate verified loan_id=LN786778293 mandate_id=MD3190325
2026-03-02T03:13:41.001+01:00 INFO payment-service host=payment-service-a41e92-x2k4p corrId=c-a50b8a89a5f64b44 payment instruction sent loan_id=LN786778293 amount_dkk=8780.09
2026-03-02T03:13:41.061+01:00 INFO ledger-service host=ledger-service-5b8f6c-t6zvn corrId=c-a50b8a89a5f64b44 ledger posting accepted loan_id=LN786778293 amount_dkk=8780.09 posting_id=PST-9a360b533d
2026-03-02T03:13:41.198+01:00 INFO payment-service host=payment-service-7c9d5b-x2k4p corrId=c-a50b8a89a5f64b44 payment settled loan_id=LN786778293 amount_dkk=8780.09
2026-03-02T03:13:41.329+01:00 INFO notification-service host=notification-service-a41e92-t6zvn corrId=c-a50b8a89a5f64b44 payment receipt sent loan_id=LN786778293 channel=EMAIL
2026-03-02T03:13:59.458+01:00 INFO payment-scheduler host=payment-scheduler-a41e92-p9qmz corrId=c-ffbc1e7178daff31 instalment collection started loan_id=LN175528368 due_date=2026-03-14
2026-03-02T03:13:59.559+01:00 INFO payment-service host=payment-service-5b8f6c-x2k4p corrId=c-ffbc1e7178daff31 direct debit mandate verified loan_id=LN175528368 mandate_id=MD0120833
2026-03-02T03:13:59.573+01:00 INFO payment-service host=payment-service-5b8f6c-p9qmz corrId=c-ffbc1e7178daff31 payment instruction sent loan_id=LN175528368 amount_dkk=11090.77
2026-03-02T03:13:59.673+01:00 INFO ledger-service host=ledger-service-a41e92-x2k4p corrId=c-ffbc1e7178daff31 ledger posting accepted loan_id=LN175528368 amount_dkk=11090.77 posting_id=PST-d1b74f3caf
2026-03-02T03:13:59.797+01:00 INFO payment-service host=payment-service-a41e92-x2k4p corrId=c-ffbc1e7178daff31 payment settled loan_id=LN175528368 amount_dkk=11090.77
2026-03-02T03:13:59.934+01:00 INFO notification-service host=notification-service-5b8f6c-p9qmz corrId=c-ffbc1e7178daff31 payment receipt sent loan_id=LN175528368 channel=EMAIL
2026-03-02T03:14:43.404+01:00 INFO payment-scheduler host=payment-scheduler-a41e92-p9qmz corrId=c-a5caa77f2a3798a1 instalment collection started loan_id=LN234020228 due_date=2026-03-23
2026-03-02T03:14:43.445+01:00 INFO payment-service host=payment-service-a41e92-t6zvn corrId=c-a5caa77f2a3798a1 direct debit mandate verified loan_id=LN234020228 mandate_id=MD1303036
2026-03-02T03:14:43.471+01:00 INFO payment-service host=payment-service-a41e92-p9qmz corrId=c-a5caa77f2a3798a1 payment instruction sent loan_id=LN234020228 amount_dkk=6828.61
2026-03-02T03:14:43.575+01:00 INFO ledger-service host=ledger-service-5b8f6c-p9qmz corrId=c-a5caa77f2a3798a1 ledger posting accepted loan_id=LN234020228 amount_dkk=6828.61 posting_id=PST-c434064130
2026-03-02T03:14:43.703+01:00 INFO payment-service host=payment-service-a41e92-t6zvn corrId=c-a5caa77f2a3798a1 payment settled loan_id=LN234020228 amount_dkk=6828.61
2026-03-02T03:14:43.717+01:00 INFO notification-service host=notification-service-7c9d5b-p9qmz corrId=c-a5caa77f2a3798a1 payment receipt sent loan_id=LN234020228 channel=DIGITAL_POST
2026-03-02T03:15:00.071+01:00 INFO api-gateway host=api-gateway-a41e92-t6zvn corrId=- health probe ok status=200 latency_ms=37
2026-03-02T03:15:51.396+01:00 INFO payment-scheduler host=payment-scheduler-a41e92-p9qmz corrId=c-aba1ccf241ad907e instalment collection started loan_id=LN352221990 due_date=2026-03-24
2026-03-02T03:15:51.402+01:00 INFO payment-service host=payment-service-7c9d5b-p9qmz corrId=c-aba1ccf241ad907e direct debit mandate verified loan_id=LN352221990 mandate_id=MD0537556
2026-03-02T03:15:51.495+01:00 INFO payment-service host=payment-service-5b8f6c-t6zvn corrId=c-aba1ccf241ad907e payment instruction sent loan_id=LN352221990 amount_dkk=7876.60
2026-03-02T03:15:51.565+01:00 INFO ledger-service host=ledger-service-7c9d5b-p9qmz corrId=c-aba1ccf241ad907e ledger posting accepted loan_id=LN352221990 amount_dkk=7876.60 posting_id=PST-f3e06bf1d2
2026-03-02T03:15:51.579+01:00 INFO payment-service host=payment-service-7c9d5b-p9qmz corrId=c-aba1ccf241ad907e payment settled loan_id=LN352221990 amount_dkk=7876.60
2026-03-02T03:15:51.591+01:00 INFO notification-service host=notification-service-7c9d5b-p9qmz corrId=c-aba1ccf241ad907e payment receipt sent loan_id=LN352221990 channel=DIGITAL_POST
2026-03-02T03:16:57.634+01:00 INFO payment-scheduler host=payment-scheduler-a41e92-t6zvn corrId=c-bb70d4201f699e7d instalment collection started loan_id=LN636359462 due_date=2026-03-18
2026-03-02T03:16:57.712+01:00 INFO payment-service host=payment-service-a41e92-x2k4p corrId=c-bb70d4201f699e7d direct debit mandate verified loan_id=LN636359462 mandate_id=MD5026122
2026-03-02T03:16:57.740+01:00 INFO payment-service host=payment-service-7c9d5b-p9qmz corrId=c-bb70d4201f699e7d payment instruction sent loan_id=LN636359462 amount_dkk=11391.72
2026-03-02T03:16:57.817+01:00 INFO ledger-service host=ledger-service-7c9d5b-x2k4p corrId=c-bb70d4201f699e7d ledger posting accepted loan_id=LN636359462 amount_dkk=11391.72 posting_id=PST-8ed4742116
2026-03-02T03:16:57.929+01:00 INFO payment-service host=payment-service-5b8f6c-p9qmz corrId=c-bb70d4201f699e7d payment settled loan_id=LN636359462 amount_dkk=11391.72
2026-03-02T03:16:58.008+01:00 INFO notification-service host=notification-service-a41e92-x2k4p corrId=c-bb70d4201f699e7d payment receipt sent loan_id=LN636359462 channel=DIGITAL_POST
2026-03-02T03:19:30.468+01:00 INFO payment-scheduler host=payment-scheduler-a41e92-x2k4p corrId=c-cdec624e13d3df63 instalment collection started loan_id=LN168039898 due_date=2026-03-25
2026-03-02T03:19:30.579+01:00 INFO payment-service host=payment-service-a41e92-x2k4p corrId=c-cdec624e13d3df63 direct debit mandate verified loan_id=LN168039898 mandate_id=MD0000551
2026-03-02T03:19:30.598+01:00 INFO payment-service host=payment-service-7c9d5b-x2k4p corrId=c-cdec624e13d3df63 payment instruction sent loan_id=LN168039898 amount_dkk=8780.45
2026-03-02T03:19:30.683+01:00 INFO ledger-service host=ledger-service-5b8f6c-t6zvn corrId=c-cdec624e13d3df63 ledger posting accepted loan_id=LN168039898 amount_dkk=8780.45 posting_id=PST-0de50f399a
2026-03-02T03:19:30.730+01:00 INFO payment-service host=payment-service-a41e92-x2k4p corrId=c-cdec624e13d3df63 payment settled loan_id=LN168039898 amount_dkk=8780.45
2026-03-02T03:19:30.758+01:00 INFO notification-service host=notification-service-7c9d5b-t6zvn corrId=c-cdec624e13d3df63 payment receipt sent loan_id=LN168039898 channel=DIGITAL_POST
2026-03-02T03:20:00.552+01:00 INFO api-gateway host=api-gateway-5b8f6c-t6zvn corrId=- health probe ok status=200 latency_ms=7
2026-03-02T03:20:00.690+01:00 INFO payment-scheduler host=payment-scheduler-a41e92-p9qmz corrId=- scheduler heartbeat lag_ms=38
2026-03-02T03:20:07.711+01:00 INFO payment-scheduler host=payment-scheduler-5b8f6c-x2k4p corrId=c-ec87d40f44e4fc9f instalment collection started loan_id=LN290439533 due_date=2026-03-21
2026-03-02T03:20:07.850+01:00 INFO payment-service host=payment-service-a41e92-p9qmz corrId=c-ec87d40f44e4fc9f direct debit mandate verified loan_id=LN290439533 mandate_id=MD9814308
2026-03-02T03:20:07.979+01:00 INFO payment-service host=payment-service-5b8f6c-t6zvn corrId=c-ec87d40f44e4fc9f payment instruction sent loan_id=LN290439533 amount_dkk=7682.72
2026-03-02T03:20:08.112+01:00 INFO ledger-service host=ledger-service-7c9d5b-x2k4p corrId=c-ec87d40f44e4fc9f ledger posting accepted loan_id=LN290439533 amount_dkk=7682.72 posting_id=PST-cb9981c6d9
2026-03-02T03:20:08.178+01:00 INFO payment-service host=payment-service-7c9d5b-p9qmz corrId=c-ec87d40f44e4fc9f payment settled loan_id=LN290439533 amount_dkk=7682.72
2026-03-02T03:20:08.287+01:00 INFO notification-service host=notification-service-a41e92-x2k4p corrId=c-ec87d40f44e4fc9f payment receipt sent loan_id=LN290439533 channel=DIGITAL_POST
2026-03-02T03:20:22.381+01:00 INFO payment-scheduler host=payment-scheduler-5b8f6c-t6zvn corrId=c-50efacd59d003f8e instalment collection started loan_id=LN078358351 due_date=2026-03-19
2026-03-02T03:20:22.426+01:00 INFO payment-service host=payment-service-5b8f6c-x2k4p corrId=c-50efacd59d003f8e direct debit mandate verified loan_id=LN078358351 mandate_id=MD0387158
2026-03-02T03:20:22.474+01:00 INFO payment-service host=payment-service-a41e92-x2k4p corrId=c-50efacd59d003f8e payment instruction sent loan_id=LN078358351 amount_dkk=8455.37
2026-03-02T03:20:22.546+01:00 INFO ledger-service host=ledger-service-a41e92-x2k4p corrId=c-50efacd59d003f8e ledger posting accepted loan_id=LN078358351 amount_dkk=8455.37 posting_id=PST-eef3b8675e
2026-03-02T03:20:22.608+01:00 INFO payment-service host=payment-service-a41e92-t6zvn corrId=c-50efacd59d003f8e payment settled loan_id=LN078358351 amount_dkk=8455.37
2026-03-02T03:20:22.631+01:00 INFO notification-service host=notification-service-a41e92-t6zvn corrId=c-50efacd59d003f8e payment receipt sent loan_id=LN078358351 channel=EMAIL
2026-03-02T03:20:52.718+01:00 INFO payment-scheduler host=payment-scheduler-a41e92-x2k4p corrId=c-f471ff80048d84f0 instalment collection started loan_id=LN904838833 due_date=2026-03-06
2026-03-02T03:20:52.812+01:00 INFO payment-service host=payment-service-7c9d5b-t6zvn corrId=c-f471ff80048d84f0 direct debit mandate verified loan_id=LN904838833 mandate_id=MD8518627
2026-03-02T03:20:52.873+01:00 INFO payment-service host=payment-service-a41e92-p9qmz corrId=c-f471ff80048d84f0 payment instruction sent loan_id=LN904838833 amount_dkk=12369.21
2026-03-02T03:20:52.915+01:00 INFO ledger-service host=ledger-service-7c9d5b-x2k4p corrId=c-f471ff80048d84f0 ledger posting accepted loan_id=LN904838833 amount_dkk=12369.21 posting_id=PST-33137ac7c2
2026-03-02T03:20:53.031+01:00 INFO payment-service host=payment-service-7c9d5b-x2k4p corrId=c-f471ff80048d84f0 payment settled loan_id=LN904838833 amount_dkk=12369.21
2026-03-02T03:20:53.100+01:00 INFO notification-service host=notification-service-7c9d5b-x2k4p corrId=c-f471ff80048d84f0 payment receipt sent loan_id=LN904838833 channel=EMAIL
2026-03-02T03:22:31.878+01:00 INFO payment-scheduler host=payment-scheduler-a41e92-x2k4p corrId=c-e87acf010fba3525 instalment collection started loan_id=LN978370186 due_date=2026-03-12
2026-03-02T03:22:31.934+01:00 INFO payment-service host=payment-service-a41e92-t6zvn corrId=c-e87acf010fba3525 direct debit mandate verified loan_id=LN978370186 mandate_id=MD2016513
2026-03-02T03:22:32.039+01:00 INFO payment-service host=payment-service-7c9d5b-x2k4p corrId=c-e87acf010fba3525 payment instruction sent loan_id=LN978370186 amount_dkk=14483.07
2026-03-02T03:22:32.152+01:00 INFO ledger-service host=ledger-service-a41e92-t6zvn corrId=c-e87acf010fba3525 ledger posting accepted loan_id=LN978370186 amount_dkk=14483.07 posting_id=PST-131627e053
2026-03-02T03:22:32.214+01:00 INFO payment-service host=payment-service-7c9d5b-p9qmz corrId=c-e87acf010fba3525 payment settled loan_id=LN978370186 amount_dkk=14483.07
2026-03-02T03:22:32.230+01:00 INFO notification-service host=notification-service-7c9d5b-x2k4p corrId=c-e87acf010fba3525 payment receipt sent loan_id=LN978370186 channel=DIGITAL_POST
2026-03-02T03:25:00.880+01:00 INFO api-gateway host=api-gateway-5b8f6c-x2k4p corrId=- health probe ok status=200 latency_ms=14
2026-03-02T03:28:20.396+01:00 INFO payment-scheduler host=payment-scheduler-7c9d5b-t6zvn corrId=c-e8f1483647492f65 instalment collection started loan_id=LN995570028 due_date=2026-03-20
2026-03-02T03:28:20.507+01:00 INFO payment-service host=payment-service-a41e92-x2k4p corrId=c-e8f1483647492f65 direct debit mandate verified loan_id=LN995570028 mandate_id=MD1972801
2026-03-02T03:28:20.546+01:00 INFO payment-service host=payment-service-5b8f6c-p9qmz corrId=c-e8f1483647492f65 payment instruction sent loan_id=LN995570028 amount_dkk=6420.98
2026-03-02T03:28:20.654+01:00 INFO ledger-service host=ledger-service-7c9d5b-p9qmz corrId=c-e8f1483647492f65 ledger posting accepted loan_id=LN995570028 amount_dkk=6420.98 posting_id=PST-5c44458d60
2026-03-02T03:28:20.788+01:00 INFO payment-service host=payment-service-7c9d5b-t6zvn corrId=c-e8f1483647492f65 payment settled loan_id=LN995570028 amount_dkk=6420.98
2026-03-02T03:28:20.844+01:00 INFO notification-service host=notification-service-5b8f6c-x2k4p corrId=c-e8f1483647492f65 payment receipt sent loan_id=LN995570028 channel=DIGITAL_POST
2026-03-02T03:30:00.430+01:00 INFO api-gateway host=api-gateway-a41e92-x2k4p corrId=- health probe ok status=200 latency_ms=17
2026-03-02T03:30:00.720+01:00 INFO payment-scheduler host=payment-scheduler-7c9d5b-p9qmz corrId=- scheduler heartbeat lag_ms=3
2026-03-02T03:35:00.888+01:00 INFO api-gateway host=api-gateway-a41e92-t6zvn corrId=- health probe ok status=200 latency_ms=36
2026-03-02T03:40:00.516+01:00 INFO payment-scheduler host=payment-scheduler-a41e92-t6zvn corrId=- scheduler heartbeat lag_ms=62
2026-03-02T03:40:00.734+01:00 INFO api-gateway host=api-gateway-a41e92-p9qmz corrId=- health probe ok status=200 latency_ms=17
2026-03-02T03:45:00.541+01:00 INFO api-gateway host=api-gateway-a41e92-p9qmz corrId=- health probe ok status=200 latency_ms=31
2026-03-02T03:50:00.255+01:00 INFO api-gateway host=api-gateway-7c9d5b-x2k4p corrId=- health probe ok status=200 latency_ms=21
2026-03-02T03:50:00.546+01:00 INFO payment-scheduler host=payment-scheduler-7c9d5b-x2k4p corrId=- scheduler heartbeat lag_ms=91
2026-03-02T03:55:00.509+01:00 INFO api-gateway host=api-gateway-7c9d5b-t6zvn corrId=- health probe ok status=200 latency_ms=13
2026-03-02T04:00:00.199+01:00 INFO payment-scheduler host=payment-scheduler-7c9d5b-t6zvn corrId=- scheduler heartbeat lag_ms=35
2026-03-02T04:00:00.766+01:00 INFO api-gateway host=api-gateway-5b8f6c-p9qmz corrId=- health probe ok status=200 latency_ms=27
2026-03-02T04:00:14.000+01:00 INFO config-service host=config-service-5b8f6c-p9qmz corrId=- configuration refreshed version=v112
2026-03-02T04:05:00.461+01:00 INFO api-gateway host=api-gateway-7c9d5b-x2k4p corrId=- health probe ok status=200 latency_ms=28
2026-03-02T04:10:00.009+01:00 INFO api-gateway host=api-gateway-5b8f6c-x2k4p corrId=- health probe ok status=200 latency_ms=39
2026-03-02T04:10:00.483+01:00 INFO payment-scheduler host=payment-scheduler-7c9d5b-t6zvn corrId=- scheduler heartbeat lag_ms=29
2026-03-02T04:15:00.582+01:00 INFO api-gateway host=api-gateway-7c9d5b-x2k4p corrId=- health probe ok status=200 latency_ms=21
2026-03-02T04:20:00.201+01:00 INFO api-gateway host=api-gateway-a41e92-x2k4p corrId=- health probe ok status=200 latency_ms=6
2026-03-02T04:20:00.845+01:00 INFO payment-scheduler host=payment-scheduler-5b8f6c-x2k4p corrId=- scheduler heartbeat lag_ms=17
2026-03-02T04:25:00.693+01:00 INFO api-gateway host=api-gateway-a41e92-x2k4p corrId=- health probe ok status=200 latency_ms=29
2026-03-02T04:30:00.317+01:00 INFO payment-scheduler host=payment-scheduler-a41e92-p9qmz corrId=- scheduler heartbeat lag_ms=7
2026-03-02T04:30:00.369+01:00 INFO api-gateway host=api-gateway-a41e92-p9qmz corrId=- health probe ok status=200 latency_ms=36
2026-03-02T04:35:00.241+01:00 INFO api-gateway host=api-gateway-a41e92-t6zvn corrId=- health probe ok status=200 latency_ms=36
2026-03-02T04:40:00.406+01:00 INFO payment-scheduler host=payment-scheduler-5b8f6c-t6zvn corrId=- scheduler heartbeat lag_ms=95
2026-03-02T04:40:00.773+01:00 INFO api-gateway host=api-gateway-a41e92-t6zvn corrId=- health probe ok status=200 latency_ms=35
2026-03-02T04:45:00.365+01:00 INFO api-gateway host=api-gateway-a41e92-p9qmz corrId=- health probe ok status=200 latency_ms=11
2026-03-02T04:50:00.302+01:00 INFO payment-scheduler host=payment-scheduler-5b8f6c-p9qmz corrId=- scheduler heartbeat lag_ms=57
2026-03-02T04:50:00.708+01:00 INFO api-gateway host=api-gateway-5b8f6c-t6zvn corrId=- health probe ok status=200 latency_ms=19
2026-03-02T04:55:00.770+01:00 INFO api-gateway host=api-gateway-7c9d5b-t6zvn corrId=- health probe ok status=200 latency_ms=34
2026-03-02T05:00:00.085+01:00 INFO payment-scheduler host=payment-scheduler-7c9d5b-x2k4p corrId=- scheduler heartbeat lag_ms=26
2026-03-02T05:00:00.108+01:00 INFO api-gateway host=api-gateway-5b8f6c-x2k4p corrId=- health probe ok status=200 latency_ms=23
2026-03-02T05:00:38.000+01:00 INFO config-service host=config-service-a41e92-p9qmz corrId=- configuration refreshed version=v101
2026-03-02T05:05:00.249+01:00 INFO api-gateway host=api-gateway-a41e92-p9qmz corrId=- health probe ok status=200 latency_ms=24
2026-03-02T05:10:00.089+01:00 INFO payment-scheduler host=payment-scheduler-5b8f6c-p9qmz corrId=- scheduler heartbeat lag_ms=29
2026-03-02T05:10:00.352+01:00 INFO api-gateway host=api-gateway-5b8f6c-p9qmz corrId=- health probe ok status=200 latency_ms=25
2026-03-02T05:15:00.336+01:00 INFO api-gateway host=api-gateway-5b8f6c-p9qmz corrId=- health probe ok status=200 latency_ms=10
2026-03-02T05:16:58.000+01:00 INFO valuation-service host=valuation-service-a41e92-x2k4p corrId=- jvm gc pause pause_ms=40
2026-03-02T05:20:00.568+01:00 INFO payment-scheduler host=payment-scheduler-5b8f6c-p9qmz corrId=- scheduler heartbeat lag_ms=88
2026-03-02T05:20:00.739+01:00 INFO api-gateway host=api-gateway-7c9d5b-x2k4p corrId=- health probe ok status=200 latency_ms=13
2026-03-02T05:25:00.388+01:00 INFO api-gateway host=api-gateway-5b8f6c-p9qmz corrId=- health probe ok status=200 latency_ms=20
2026-03-02T05:30:00.588+01:00 INFO payment-scheduler host=payment-scheduler-a41e92-x2k4p corrId=- scheduler heartbeat lag_ms=41
2026-03-02T05:30:00.757+01:00 INFO api-gateway host=api-gateway-7c9d5b-x2k4p corrId=- health probe ok status=200 latency_ms=6
2026-03-02T05:35:00.494+01:00 INFO api-gateway host=api-gateway-a41e92-x2k4p corrId=- health probe ok status=200 latency_ms=31
2026-03-02T05:40:00.020+01:00 INFO api-gateway host=api-gateway-7c9d5b-p9qmz corrId=- health probe ok status=200 latency_ms=17
2026-03-02T05:40:00.326+01:00 INFO payment-scheduler host=payment-scheduler-5b8f6c-p9qmz corrId=- scheduler heartbeat lag_ms=37
2026-03-02T05:42:49.000+01:00 INFO valuation-service host=valuation-service-a41e92-p9qmz corrId=- jvm gc pause pause_ms=53
2026-03-02T05:45:00.369+01:00 INFO api-gateway host=api-gateway-7c9d5b-t6zvn corrId=- health probe ok status=200 latency_ms=11
2026-03-02T05:50:00.265+01:00 INFO payment-scheduler host=payment-scheduler-7c9d5b-x2k4p corrId=- scheduler heartbeat lag_ms=113
2026-03-02T05:50:00.427+01:00 INFO api-gateway host=api-gateway-a41e92-t6zvn corrId=- health probe ok status=200 latency_ms=4
2026-03-02T05:55:00.695+01:00 INFO api-gateway host=api-gateway-a41e92-p9qmz corrId=- health probe ok status=200 latency_ms=5
2026-03-02T06:00:00.029+01:00 INFO payment-scheduler host=payment-scheduler-5b8f6c-p9qmz corrId=- scheduler heartbeat lag_ms=40
2026-03-02T06:00:00.699+01:00 INFO api-gateway host=api-gateway-5b8f6c-t6zvn corrId=- health probe ok status=200 latency_ms=2
2026-03-02T06:00:51.000+01:00 INFO config-service host=config-service-a41e92-t6zvn corrId=- configuration refreshed version=v102
2026-03-02T06:05:00.228+01:00 INFO api-gateway host=api-gateway-5b8f6c-t6zvn corrId=- health probe ok status=200 latency_ms=37
2026-03-02T06:10:00.315+01:00 INFO api-gateway host=api-gateway-5b8f6c-p9qmz corrId=- health probe ok status=200 latency_ms=23
2026-03-02T06:10:00.890+01:00 INFO payment-scheduler host=payment-scheduler-7c9d5b-p9qmz corrId=- scheduler heartbeat lag_ms=109
2026-03-02T06:15:00.866+01:00 INFO api-gateway host=api-gateway-a41e92-x2k4p corrId=- health probe ok status=200 latency_ms=17
2026-03-02T06:16:14.000+01:00 INFO valuation-service host=valuation-service-5b8f6c-x2k4p corrId=- jvm gc pause pause_ms=12
2026-03-02T06:20:00.027+01:00 INFO payment-scheduler host=payment-scheduler-5b8f6c-x2k4p corrId=- scheduler heartbeat lag_ms=76
2026-03-02T06:20:00.800+01:00 INFO api-gateway host=api-gateway-7c9d5b-p9qmz corrId=- health probe ok status=200 latency_ms=39
2026-03-02T06:25:00.406+01:00 INFO api-gateway host=api-gateway-5b8f6c-t6zvn corrId=- health probe ok status=200 latency_ms=38
2026-03-02T06:30:00.031+01:00 INFO api-gateway host=api-gateway-a41e92-t6zvn corrId=- health probe ok status=200 latency_ms=30
2026-03-02T06:30:00.177+01:00 INFO payment-scheduler host=payment-scheduler-5b8f6c-x2k4p corrId=- scheduler heartbeat lag_ms=11
2026-03-02T06:35:00.479+01:00 INFO api-gateway host=api-gateway-a41e92-x2k4p corrId=- health probe ok status=200 latency_ms=23
2026-03-02T06:40:00.240+01:00 INFO payment-scheduler host=payment-scheduler-5b8f6c-x2k4p corrId=- scheduler heartbeat lag_ms=85
2026-03-02T06:40:00.308+01:00 INFO api-gateway host=api-gateway-7c9d5b-p9qmz corrId=- health probe ok status=200 latency_ms=34
2026-03-02T06:45:00.536+01:00 INFO api-gateway host=api-gateway-7c9d5b-x2k4p corrId=- health probe ok status=200 latency_ms=37
2026-03-02T06:50:00.135+01:00 INFO api-gateway host=api-gateway-7c9d5b-p9qmz corrId=- health probe ok status=200 latency_ms=12
2026-03-02T06:50:00.224+01:00 INFO payment-scheduler host=payment-scheduler-a41e92-p9qmz corrId=- scheduler heartbeat lag_ms=80
2026-03-02T06:55:00.839+01:00 INFO api-gateway host=api-gateway-7c9d5b-x2k4p corrId=- health probe ok status=200 latency_ms=29
2026-03-02T07:00:00.084+01:00 INFO api-gateway host=api-gateway-5b8f6c-t6zvn corrId=- health probe ok status=200 latency_ms=2
2026-03-02T07:00:00.304+01:00 INFO payment-scheduler host=payment-scheduler-7c9d5b-p9qmz corrId=- scheduler heartbeat lag_ms=114
2026-03-02T07:00:03.000+01:00 INFO config-service host=config-service-5b8f6c-x2k4p corrId=- configuration refreshed version=v108
2026-03-02T07:05:00.298+01:00 INFO api-gateway host=api-gateway-a41e92-t6zvn corrId=- health probe ok status=200 latency_ms=36
2026-03-02T07:10:00.442+01:00 INFO api-gateway host=api-gateway-a41e92-t6zvn corrId=- health probe ok status=200 latency_ms=24
2026-03-02T07:10:00.825+01:00 INFO payment-scheduler host=payment-scheduler-7c9d5b-t6zvn corrId=- scheduler heartbeat lag_ms=110
2026-03-02T07:15:00.312+01:00 INFO api-gateway host=api-gateway-5b8f6c-x2k4p corrId=- health probe ok status=200 latency_ms=7
2026-03-02T07:20:00.016+01:00 INFO api-gateway host=api-gateway-a41e92-t6zvn corrId=- health probe ok status=200 latency_ms=21
2026-03-02T07:20:00.089+01:00 INFO payment-scheduler host=payment-scheduler-7c9d5b-p9qmz corrId=- scheduler heartbeat lag_ms=106
2026-03-02T07:25:00.367+01:00 INFO api-gateway host=api-gateway-a41e92-x2k4p corrId=- health probe ok status=200 latency_ms=18
2026-03-02T07:30:00.160+01:00 INFO api-gateway host=api-gateway-7c9d5b-x2k4p corrId=- health probe ok status=200 latency_ms=30
2026-03-02T07:30:00.173+01:00 INFO payment-scheduler host=payment-scheduler-7c9d5b-p9qmz corrId=- scheduler heartbeat lag_ms=56
2026-03-02T07:35:00.167+01:00 INFO api-gateway host=api-gateway-a41e92-x2k4p corrId=- health probe ok status=200 latency_ms=39
2026-03-02T07:40:00.090+01:00 INFO payment-scheduler host=payment-scheduler-7c9d5b-p9qmz corrId=- scheduler heartbeat lag_ms=93
2026-03-02T07:40:00.800+01:00 INFO api-gateway host=api-gateway-5b8f6c-x2k4p corrId=- health probe ok status=200 latency_ms=33
2026-03-02T07:45:00.115+01:00 INFO api-gateway host=api-gateway-5b8f6c-x2k4p corrId=- health probe ok status=200 latency_ms=39
2026-03-02T07:50:00.014+01:00 INFO api-gateway host=api-gateway-5b8f6c-p9qmz corrId=- health probe ok status=200 latency_ms=6
2026-03-02T07:50:00.297+01:00 INFO payment-scheduler host=payment-scheduler-5b8f6c-t6zvn corrId=- scheduler heartbeat lag_ms=79
2026-03-02T07:51:29.000+01:00 INFO valuation-service host=valuation-service-a41e92-t6zvn corrId=- jvm gc pause pause_ms=24
2026-03-02T07:55:00.057+01:00 INFO api-gateway host=api-gateway-a41e92-x2k4p corrId=- health probe ok status=200 latency_ms=5
2026-03-02T08:00:00.176+01:00 INFO payment-scheduler host=payment-scheduler-5b8f6c-t6zvn corrId=- scheduler heartbeat lag_ms=84
2026-03-02T08:00:00.612+01:00 INFO api-gateway host=api-gateway-5b8f6c-t6zvn corrId=- health probe ok status=200 latency_ms=25
2026-03-02T08:00:14.000+01:00 INFO config-service host=config-service-a41e92-t6zvn corrId=- configuration refreshed version=v113
2026-03-02T08:05:00.361+01:00 INFO api-gateway host=api-gateway-5b8f6c-t6zvn corrId=- health probe ok status=200 latency_ms=14
2026-03-02T08:06:14.355+01:00 INFO portal-bff host=portal-bff-7c9d5b-x2k4p corrId=c-1018a109fff1384e loan application submitted application_id=APP-2026-361452 customer_segment=RETAIL
2026-03-02T08:06:14.413+01:00 INFO identity-service host=identity-service-5b8f6c-t6zvn corrId=c-1018a109fff1384e MitID session validated customer_id=C41414450
2026-03-02T08:06:14.506+01:00 INFO customer-service host=customer-service-5b8f6c-x2k4p corrId=c-1018a109fff1384e KYC profile loaded customer_id=C41414450 risk_class=HIGH
2026-03-02T08:06:14.611+01:00 INFO valuation-service host=valuation-service-5b8f6c-p9qmz corrId=c-1018a109fff1384e property valuation requested property_id=P3216908 provider=valuta-ejd
2026-03-02T08:06:14.977+01:00 INFO valuation-service host=valuation-service-5b8f6c-x2k4p corrId=c-1018a109fff1384e property valuation received property_id=P3216908 value_dkk=2830000 latency_ms=338
2026-03-02T08:06:15.046+01:00 INFO credit-service host=credit-service-a41e92-x2k4p corrId=c-1018a109fff1384e credit assessment completed application_id=APP-2026-361452 score=703 decision=APPROVED
2026-03-02T08:06:15.120+01:00 INFO offer-service host=offer-service-5b8f6c-x2k4p corrId=c-1018a109fff1384e loan offer generated application_id=APP-2026-361452 loan_type=FLEX_5Y principal_dkk=3730000
2026-03-02T08:06:15.259+01:00 INFO document-service host=document-service-7c9d5b-x2k4p corrId=c-1018a109fff1384e offer document stored application_id=APP-2026-361452 doc_id=DOC-840be3f9
2026-03-02T08:06:15.311+01:00 INFO portal-bff host=portal-bff-5b8f6c-x2k4p corrId=c-1018a109fff1384e application completed application_id=APP-2026-361452 status=OFFER_ISSUED
2026-03-02T08:10:00.308+01:00 INFO api-gateway host=api-gateway-5b8f6c-t6zvn corrId=- health probe ok status=200 latency_ms=3
2026-03-02T08:10:00.579+01:00 INFO payment-scheduler host=payment-scheduler-7c9d5b-t6zvn corrId=- scheduler heartbeat lag_ms=68
2026-03-02T08:15:00.654+01:00 INFO api-gateway host=api-gateway-7c9d5b-t6zvn corrId=- health probe ok status=200 latency_ms=26
2026-03-02T08:19:34.691+01:00 INFO portal-bff host=portal-bff-a41e92-x2k4p corrId=c-9a3c643ee2f6ecd2 conversion quote requested loan_id=LN645259532 target_product=FLEX_5Y
2026-03-02T08:19:34.719+01:00 INFO identity-service host=identity-service-5b8f6c-x2k4p corrId=c-9a3c643ee2f6ecd2 MitID session validated customer_id=C06464041
2026-03-02T08:19:34.806+01:00 INFO pricing-service host=pricing-service-a41e92-t6zvn corrId=c-9a3c643ee2f6ecd2 bond price fetched series=BND3.0-2056 price=100.902
2026-03-02T08:19:34.889+01:00 INFO pricing-service host=pricing-service-5b8f6c-p9qmz corrId=c-9a3c643ee2f6ecd2 conversion cost calculated loan_id=LN645259532 cost_dkk=24391.62
2026-03-02T08:19:35.018+01:00 INFO quote-service host=quote-service-a41e92-t6zvn corrId=c-9a3c643ee2f6ecd2 conversion quote issued quote_id=Q82784223 loan_id=LN645259532
2026-03-02T08:20:00.152+01:00 INFO api-gateway host=api-gateway-7c9d5b-p9qmz corrId=- health probe ok status=200 latency_ms=5
2026-03-02T08:20:00.875+01:00 INFO payment-scheduler host=payment-scheduler-a41e92-t6zvn corrId=- scheduler heartbeat lag_ms=112
2026-03-02T08:25:00.663+01:00 INFO api-gateway host=api-gateway-5b8f6c-t6zvn corrId=- health probe ok status=200 latency_ms=17
2026-03-02T08:30:00.134+01:00 INFO api-gateway host=api-gateway-a41e92-p9qmz corrId=- health probe ok status=200 latency_ms=40
2026-03-02T08:30:00.324+01:00 INFO payment-scheduler host=payment-scheduler-7c9d5b-p9qmz corrId=- scheduler heartbeat lag_ms=95
2026-03-02T08:34:38.064+01:00 INFO portal-bff host=portal-bff-a41e92-x2k4p corrId=c-d18b4ef05f8a7700 conversion quote requested loan_id=LN064773793 target_product=FLEX_1Y
2026-03-02T08:34:38.123+01:00 INFO identity-service host=identity-service-5b8f6c-p9qmz corrId=c-d18b4ef05f8a7700 MitID session validated customer_id=C35168038
2026-03-02T08:34:38.233+01:00 INFO pricing-service host=pricing-service-7c9d5b-x2k4p corrId=c-d18b4ef05f8a7700 bond price fetched series=BND3.0-2056 price=100.165
2026-03-02T08:34:38.348+01:00 INFO pricing-service host=pricing-service-a41e92-x2k4p corrId=c-d18b4ef05f8a7700 conversion cost calculated loan_id=LN064773793 cost_dkk=38246.37
2026-03-02T08:34:38.363+01:00 INFO quote-service host=quote-service-5b8f6c-t6zvn corrId=c-d18b4ef05f8a7700 conversion quote issued quote_id=Q32029445 loan_id=LN064773793
2026-03-02T08:35:00.533+01:00 INFO api-gateway host=api-gateway-a41e92-p9qmz corrId=- health probe ok status=200 latency_ms=21
2026-03-02T08:40:00.753+01:00 INFO payment-scheduler host=payment-scheduler-a41e92-x2k4p corrId=- scheduler heartbeat lag_ms=105
2026-03-02T08:40:00.777+01:00 INFO api-gateway host=api-gateway-7c9d5b-t6zvn corrId=- health probe ok status=200 latency_ms=14
2026-03-02T08:44:06.000+01:00 INFO valuation-service host=valuation-service-7c9d5b-x2k4p corrId=- jvm gc pause pause_ms=42
2026-03-02T08:45:00.851+01:00 INFO api-gateway host=api-gateway-7c9d5b-x2k4p corrId=- health probe ok status=200 latency_ms=16
2026-03-02T08:45:25.687+01:00 INFO portal-bff host=portal-bff-7c9d5b-t6zvn corrId=c-c04459e04d9cb308 conversion quote requested loan_id=LN307120988 target_product=FLEX_5Y
2026-03-02T08:45:25.785+01:00 INFO identity-service host=identity-service-a41e92-t6zvn corrId=c-c04459e04d9cb308 MitID session validated customer_id=C26345402
2026-03-02T08:45:25.887+01:00 INFO pricing-service host=pricing-service-7c9d5b-p9qmz corrId=c-c04459e04d9cb308 bond price fetched series=BND3.0-2053 price=99.912
2026-03-02T08:45:25.929+01:00 INFO pricing-service host=pricing-service-7c9d5b-x2k4p corrId=c-c04459e04d9cb308 conversion cost calculated loan_id=LN307120988 cost_dkk=11386.81
2026-03-02T08:45:26.063+01:00 INFO quote-service host=quote-service-a41e92-x2k4p corrId=c-c04459e04d9cb308 conversion quote issued quote_id=Q22676761 loan_id=LN307120988
2026-03-02T08:50:00.349+01:00 INFO api-gateway host=api-gateway-7c9d5b-t6zvn corrId=- health probe ok status=200 latency_ms=26
2026-03-02T08:50:00.432+01:00 INFO payment-scheduler host=payment-scheduler-7c9d5b-x2k4p corrId=- scheduler heartbeat lag_ms=2
2026-03-02T08:55:00.042+01:00 INFO api-gateway host=api-gateway-a41e92-p9qmz corrId=- health probe ok status=200 latency_ms=35
2026-03-02T09:00:00.158+01:00 INFO api-gateway host=api-gateway-a41e92-p9qmz corrId=- health probe ok status=200 latency_ms=32
2026-03-02T09:00:00.276+01:00 INFO payment-scheduler host=payment-scheduler-a41e92-p9qmz corrId=- scheduler heartbeat lag_ms=47
2026-03-02T09:00:28.000+01:00 INFO config-service host=config-service-5b8f6c-t6zvn corrId=- configuration refreshed version=v134
2026-03-02T09:05:00.149+01:00 INFO api-gateway host=api-gateway-7c9d5b-t6zvn corrId=- health probe ok status=200 latency_ms=19
2026-03-02T09:08:11.052+01:00 INFO portal-bff host=portal-bff-5b8f6c-p9qmz corrId=c-b022b67bd44912cb conversion quote requested loan_id=LN448371376 target_product=FLEX_5Y
2026-03-02T09:08:11.173+01:00 INFO identity-service host=identity-service-5b8f6c-x2k4p corrId=c-b022b67bd44912cb MitID session validated customer_id=C55586675
2026-03-02T09:08:11.201+01:00 INFO pricing-service host=pricing-service-5b8f6c-t6zvn corrId=c-b022b67bd44912cb bond price fetched series=BND2.5-2053 price=88.191
2026-03-02T09:08:11.223+01:00 INFO pricing-service host=pricing-service-5b8f6c-x2k4p corrId=c-b022b67bd44912cb conversion cost calculated loan_id=LN448371376 cost_dkk=45502.24
2026-03-02T09:08:11.297+01:00 INFO quote-service host=quote-service-7c9d5b-p9qmz corrId=c-b022b67bd44912cb conversion quote issued quote_id=Q08656815 loan_id=LN448371376
2026-03-02T09:08:14.284+01:00 INFO portal-bff host=portal-bff-5b8f6c-t6zvn corrId=c-025692d4cb1019ab loan application submitted application_id=APP-2026-117559 customer_segment=RETAIL
2026-03-02T09:08:14.316+01:00 WARN identity-service host=identity-service-7c9d5b-x2k4p corrId=c-025692d4cb1019ab MitID token refresh attempt=1
2026-03-02T09:08:14.429+01:00 INFO identity-service host=identity-service-5b8f6c-p9qmz corrId=c-025692d4cb1019ab MitID session validated customer_id=C43014994
2026-03-02T09:08:14.443+01:00 INFO customer-service host=customer-service-a41e92-p9qmz corrId=c-025692d4cb1019ab KYC profile loaded customer_id=C43014994 risk_class=MEDIUM
2026-03-02T09:08:14.538+01:00 INFO valuation-service host=valuation-service-a41e92-t6zvn corrId=c-025692d4cb1019ab property valuation served from cache property_id=P7735556 value_dkk=1360000
2026-03-02T09:08:14.602+01:00 INFO credit-service host=credit-service-5b8f6c-t6zvn corrId=c-025692d4cb1019ab credit assessment completed application_id=APP-2026-117559 score=671 decision=APPROVED
2026-03-02T09:08:14.706+01:00 INFO offer-service host=offer-service-a41e92-t6zvn corrId=c-025692d4cb1019ab loan offer generated application_id=APP-2026-117559 loan_type=FLEX_5Y principal_dkk=3800000
2026-03-02T09:08:14.777+01:00 INFO document-service host=document-service-a41e92-p9qmz corrId=c-025692d4cb1019ab offer document stored application_id=APP-2026-117559 doc_id=DOC-77f61e6d
2026-03-02T09:08:14.863+01:00 INFO portal-bff host=portal-bff-5b8f6c-x2k4p corrId=c-025692d4cb1019ab application completed application_id=APP-2026-117559 status=OFFER_ISSUED
2026-03-02T09:09:50.865+01:00 INFO portal-bff host=portal-bff-7c9d5b-t6zvn corrId=c-4f4529dc97bac6cb conversion quote requested loan_id=LN006846030 target_product=FIXED_30Y
2026-03-02T09:09:50.986+01:00 INFO identity-service host=identity-service-5b8f6c-x2k4p corrId=c-4f4529dc97bac6cb MitID session validated customer_id=C49780522
2026-03-02T09:09:51.023+01:00 INFO pricing-service host=pricing-service-a41e92-p9qmz corrId=c-4f4529dc97bac6cb bond price fetched series=BND4.0-2053 price=100.139
2026-03-02T09:09:51.150+01:00 INFO pricing-service host=pricing-service-7c9d5b-t6zvn corrId=c-4f4529dc97bac6cb conversion cost calculated loan_id=LN006846030 cost_dkk=34123.28
2026-03-02T09:09:51.223+01:00 INFO quote-service host=quote-service-a41e92-p9qmz corrId=c-4f4529dc97bac6cb conversion quote issued quote_id=Q35155326 loan_id=LN006846030
2026-03-02T09:10:00.458+01:00 INFO api-gateway host=api-gateway-a41e92-x2k4p corrId=- health probe ok status=200 latency_ms=7
2026-03-02T09:10:00.628+01:00 INFO payment-scheduler host=payment-scheduler-a41e92-t6zvn corrId=- scheduler heartbeat lag_ms=106
2026-03-02T09:10:05.470+01:00 INFO portal-bff host=portal-bff-7c9d5b-x2k4p corrId=c-d3e534eab415602b loan application submitted application_id=APP-2026-889383 customer_segment=RETAIL
2026-03-02T09:10:05.569+01:00 INFO identity-service host=identity-service-a41e92-x2k4p corrId=c-d3e534eab415602b MitID session validated customer_id=C23236532
2026-03-02T09:10:05.593+01:00 INFO customer-service host=customer-service-5b8f6c-t6zvn corrId=c-d3e534eab415602b KYC profile loaded customer_id=C23236532 risk_class=HIGH
2026-03-02T09:10:05.676+01:00 INFO valuation-service host=valuation-service-a41e92-p9qmz corrId=c-d3e534eab415602b property valuation requested property_id=P8718732 provider=valuta-ejd
2026-03-02T09:10:06.574+01:00 INFO valuation-service host=valuation-service-a41e92-x2k4p corrId=c-d3e534eab415602b property valuation received property_id=P8718732 value_dkk=7320000 latency_ms=865
2026-03-02T09:10:06.622+01:00 INFO credit-service host=credit-service-a41e92-p9qmz corrId=c-d3e534eab415602b credit assessment completed application_id=APP-2026-889383 score=709 decision=APPROVED
2026-03-02T09:10:06.665+01:00 INFO offer-service host=offer-service-7c9d5b-p9qmz corrId=c-d3e534eab415602b loan offer generated application_id=APP-2026-889383 loan_type=FLEX_5Y principal_dkk=585000
2026-03-02T09:10:06.786+01:00 INFO document-service host=document-service-5b8f6c-x2k4p corrId=c-d3e534eab415602b offer document stored application_id=APP-2026-889383 doc_id=DOC-c38b8d4b
2026-03-02T09:10:06.883+01:00 INFO portal-bff host=portal-bff-7c9d5b-p9qmz corrId=c-d3e534eab415602b application completed application_id=APP-2026-889383 status=OFFER_ISSUED
2026-03-02T09:10:47.404+01:00 INFO portal-bff host=portal-bff-7c9d5b-t6zvn corrId=c-442a5cd15c9d52d9 loan application submitted application_id=APP-2026-159413 customer_segment=PRIVATE
2026-03-02T09:10:47.483+01:00 INFO identity-service host=identity-service-7c9d5b-t6zvn corrId=c-442a5cd15c9d52d9 MitID session validated customer_id=C00833818
2026-03-02T09:10:47.585+01:00 INFO customer-service host=customer-service-7c9d5b-t6zvn corrId=c-442a5cd15c9d52d9 KYC profile loaded customer_id=C00833818 risk_class=LOW
2026-03-02T09:10:47.655+01:00 INFO valuation-service host=valuation-service-5b8f6c-x2k4p corrId=c-442a5cd15c9d52d9 property valuation requested property_id=P6552114 provider=bolig-vurdering
2026-03-02T09:10:48.256+01:00 INFO valuation-service host=valuation-service-7c9d5b-t6zvn corrId=c-442a5cd15c9d52d9 property valuation received property_id=P6552114 value_dkk=7600000 latency_ms=521
2026-03-02T09:10:48.274+01:00 INFO credit-service host=credit-service-7c9d5b-p9qmz corrId=c-442a5cd15c9d52d9 credit assessment completed application_id=APP-2026-159413 score=804 decision=APPROVED
2026-03-02T09:10:48.350+01:00 INFO offer-service host=offer-service-5b8f6c-x2k4p corrId=c-442a5cd15c9d52d9 loan offer generated application_id=APP-2026-159413 loan_type=FIXED_30Y principal_dkk=4425000
2026-03-02T09:10:48.471+01:00 INFO document-service host=document-service-5b8f6c-x2k4p corrId=c-442a5cd15c9d52d9 offer document stored application_id=APP-2026-159413 doc_id=DOC-aa50a196
2026-03-02T09:10:48.490+01:00 INFO portal-bff host=portal-bff-5b8f6c-p9qmz corrId=c-442a5cd15c9d52d9 application completed application_id=APP-2026-159413 status=OFFER_ISSUED
2026-03-02T09:12:39.304+01:00 INFO portal-bff host=portal-bff-7c9d5b-t6zvn corrId=c-324e0ad0755b0892 conversion quote requested loan_id=LN744131647 target_product=FLEX_1Y
2026-03-02T09:12:39.397+01:00 INFO identity-service host=identity-service-a41e92-p9qmz corrId=c-324e0ad0755b0892 MitID session validated customer_id=C67395068
2026-03-02T09:12:39.531+01:00 INFO pricing-service host=pricing-service-7c9d5b-t6zvn corrId=c-324e0ad0755b0892 bond price fetched series=BND3.0-2053 price=96.784
2026-03-02T09:12:39.629+01:00 INFO pricing-service host=pricing-service-7c9d5b-t6zvn corrId=c-324e0ad0755b0892 conversion cost calculated loan_id=LN744131647 cost_dkk=84025.79
2026-03-02T09:12:39.768+01:00 INFO quote-service host=quote-service-a41e92-x2k4p corrId=c-324e0ad0755b0892 conversion quote issued quote_id=Q24709061 loan_id=LN744131647
2026-03-02T09:13:47.028+01:00 INFO offer-service host=offer-service-7c9d5b-p9qmz corrId=c-96f922f662a7b05a offer accepted application_id=APP-2026-923315
2026-03-02T09:13:47.139+01:00 INFO ledger-service host=ledger-service-a41e92-x2k4p corrId=c-96f922f662a7b05a funds reserved application_id=APP-2026-923315 amount_dkk=4170000
2026-03-02T09:13:47.197+01:00 INFO payment-service host=payment-service-5b8f6c-p9qmz corrId=c-96f922f662a7b05a payout instruction sent application_id=APP-2026-923315 amount_dkk=4170000
2026-03-02T09:13:47.248+01:00 INFO ledger-service host=ledger-service-7c9d5b-p9qmz corrId=c-96f922f662a7b05a payout booked application_id=APP-2026-923315 posting_id=PST-7ae001c18c
2026-03-02T09:13:47.360+01:00 INFO notification-service host=notification-service-a41e92-t6zvn corrId=c-96f922f662a7b05a payout confirmation sent application_id=APP-2026-923315
2026-03-02T09:15:00.334+01:00 INFO api-gateway host=api-gateway-a41e92-t6zvn corrId=- health probe ok status=200 latency_ms=7
2026-03-02T09:16:27.777+01:00 INFO portal-bff host=portal-bff-7c9d5b-x2k4p corrId=c-b815a15d13f95a01 conversion quote requested loan_id=LN964677566 target_product=FLEX_5Y
2026-03-02T09:16:27.849+01:00 INFO identity-service host=identity-service-7c9d5b-p9qmz corrId=c-b815a15d13f95a01 MitID session validated customer_id=C20746894
2026-03-02T09:16:27.973+01:00 INFO pricing-service host=pricing-service-a41e92-x2k4p corrId=c-b815a15d13f95a01 bond price fetched series=BND2.5-2053 price=95.976
2026-03-02T09:16:28.110+01:00 INFO pricing-service host=pricing-service-7c9d5b-x2k4p corrId=c-b815a15d13f95a01 conversion cost calculated loan_id=LN964677566 cost_dkk=4068.87
2026-03-02T09:16:28.226+01:00 INFO quote-service host=quote-service-7c9d5b-p9qmz corrId=c-b815a15d13f95a01 conversion quote issued quote_id=Q87475281 loan_id=LN964677566
2026-03-02T09:19:16.803+01:00 INFO portal-bff host=portal-bff-a41e92-p9qmz corrId=c-b609db2d6102a928 loan application submitted application_id=APP-2026-123177 customer_segment=PRIVATE
2026-03-02T09:19:16.846+01:00 INFO identity-service host=identity-service-7c9d5b-x2k4p corrId=c-b609db2d6102a928 MitID session validated customer_id=C32651631
2026-03-02T09:19:16.973+01:00 INFO customer-service host=customer-service-a41e92-x2k4p corrId=c-b609db2d6102a928 KYC profile loaded customer_id=C32651631 risk_class=MEDIUM
2026-03-02T09:19:16.985+01:00 INFO valuation-service host=valuation-service-7c9d5b-p9qmz corrId=c-b609db2d6102a928 property valuation served from cache property_id=P8839594 value_dkk=8630000
2026-03-02T09:19:17.096+01:00 INFO credit-service host=credit-service-5b8f6c-x2k4p corrId=c-b609db2d6102a928 credit assessment completed application_id=APP-2026-123177 score=525 decision=APPROVED
2026-03-02T09:19:17.124+01:00 INFO offer-service host=offer-service-5b8f6c-t6zvn corrId=c-b609db2d6102a928 loan offer generated application_id=APP-2026-123177 loan_type=FIXED_30Y principal_dkk=3800000
2026-03-02T09:19:17.158+01:00 INFO document-service host=document-service-a41e92-x2k4p corrId=c-b609db2d6102a928 offer document stored application_id=APP-2026-123177 doc_id=DOC-7b3f00a1
2026-03-02T09:19:17.281+01:00 INFO portal-bff host=portal-bff-5b8f6c-p9qmz corrId=c-b609db2d6102a928 application completed application_id=APP-2026-123177 status=OFFER_ISSUED
2026-03-02T09:19:23.581+01:00 INFO portal-bff host=portal-bff-7c9d5b-x2k4p corrId=c-cb935b4e1b05db51 loan application submitted application_id=APP-2026-216584 customer_segment=SME
2026-03-02T09:19:23.644+01:00 INFO identity-service host=identity-service-7c9d5b-t6zvn corrId=c-cb935b4e1b05db51 MitID session validated customer_id=C69206339
2026-03-02T09:19:23.782+01:00 INFO customer-service host=customer-service-a41e92-p9qmz corrId=c-cb935b4e1b05db51 KYC profile loaded customer_id=C69206339 risk_class=LOW
2026-03-02T09:19:23.893+01:00 INFO valuation-service host=valuation-service-a41e92-t6zvn corrId=c-cb935b4e1b05db51 property valuation requested property_id=P5335962 provider=valuta-ejd
2026-03-02T09:19:24.491+01:00 INFO valuation-service host=valuation-service-5b8f6c-t6zvn corrId=c-cb935b4e1b05db51 property valuation received property_id=P5335962 value_dkk=5230000 latency_ms=572
2026-03-02T09:19:24.582+01:00 INFO credit-service host=credit-service-5b8f6c-p9qmz corrId=c-cb935b4e1b05db51 credit assessment completed application_id=APP-2026-216584 score=561 decision=APPROVED
2026-03-02T09:19:24.610+01:00 INFO offer-service host=offer-service-a41e92-x2k4p corrId=c-cb935b4e1b05db51 loan offer generated application_id=APP-2026-216584 loan_type=FLEX_1Y principal_dkk=5250000
2026-03-02T09:19:24.704+01:00 INFO document-service host=document-service-5b8f6c-t6zvn corrId=c-cb935b4e1b05db51 offer document stored application_id=APP-2026-216584 doc_id=DOC-a49a2353
2026-03-02T09:19:24.807+01:00 INFO portal-bff host=portal-bff-7c9d5b-x2k4p corrId=c-cb935b4e1b05db51 application completed application_id=APP-2026-216584 status=OFFER_ISSUED
2026-03-02T09:20:00.015+01:00 INFO api-gateway host=api-gateway-a41e92-p9qmz corrId=- health probe ok status=200 latency_ms=4
2026-03-02T09:20:00.661+01:00 INFO payment-scheduler host=payment-scheduler-a41e92-x2k4p corrId=- scheduler heartbeat lag_ms=19
2026-03-02T09:21:00.224+01:00 INFO portal-bff host=portal-bff-a41e92-p9qmz corrId=c-b454e94dfc1035fd conversion quote requested loan_id=LN893820021 target_product=FIXED_30Y
2026-03-02T09:21:00.331+01:00 INFO identity-service host=identity-service-a41e92-x2k4p corrId=c-b454e94dfc1035fd MitID session validated customer_id=C65731069
2026-03-02T09:21:00.452+01:00 INFO pricing-service host=pricing-service-5b8f6c-p9qmz corrId=c-b454e94dfc1035fd bond price fetched series=BND3.0-2056 price=88.099
2026-03-02T09:21:00.577+01:00 INFO pricing-service host=pricing-service-5b8f6c-t6zvn corrId=c-b454e94dfc1035fd conversion cost calculated loan_id=LN893820021 cost_dkk=44956.44
2026-03-02T09:21:00.639+01:00 INFO quote-service host=quote-service-5b8f6c-t6zvn corrId=c-b454e94dfc1035fd conversion quote issued quote_id=Q00583419 loan_id=LN893820021
2026-03-02T09:23:35.088+01:00 INFO portal-bff host=portal-bff-7c9d5b-p9qmz corrId=c-d182045e8ac125a5 conversion quote requested loan_id=LN056812685 target_product=FIXED_30Y
2026-03-02T09:23:35.142+01:00 INFO identity-service host=identity-service-7c9d5b-x2k4p corrId=c-d182045e8ac125a5 MitID session validated customer_id=C99977475
2026-03-02T09:23:35.277+01:00 INFO pricing-service host=pricing-service-7c9d5b-t6zvn corrId=c-d182045e8ac125a5 bond price fetched series=BND3.0-2053 price=92.201
2026-03-02T09:23:35.332+01:00 INFO pricing-service host=pricing-service-7c9d5b-p9qmz corrId=c-d182045e8ac125a5 conversion cost calculated loan_id=LN056812685 cost_dkk=43187.46
2026-03-02T09:23:35.379+01:00 INFO quote-service host=quote-service-a41e92-x2k4p corrId=c-d182045e8ac125a5 conversion quote issued quote_id=Q66283309 loan_id=LN056812685
2026-03-02T09:25:00.612+01:00 INFO api-gateway host=api-gateway-7c9d5b-p9qmz corrId=- health probe ok status=200 latency_ms=27
2026-03-02T09:27:06.435+01:00 INFO portal-bff host=portal-bff-a41e92-x2k4p corrId=c-f3cb903149194ad9 loan application submitted application_id=APP-2026-883776 customer_segment=SME
2026-03-02T09:27:06.461+01:00 INFO identity-service host=identity-service-a41e92-t6zvn corrId=c-f3cb903149194ad9 MitID session validated customer_id=C21620784
2026-03-02T09:27:06.469+01:00 INFO customer-service host=customer-service-5b8f6c-x2k4p corrId=c-f3cb903149194ad9 KYC profile loaded customer_id=C21620784 risk_class=LOW
2026-03-02T09:27:06.566+01:00 INFO valuation-service host=valuation-service-a41e92-p9qmz corrId=c-f3cb903149194ad9 property valuation requested property_id=P5216014 provider=bolig-vurdering
2026-03-02T09:27:07.337+01:00 INFO valuation-service host=valuation-service-a41e92-x2k4p corrId=c-f3cb903149194ad9 property valuation received property_id=P5216014 value_dkk=1830000 latency_ms=707
2026-03-02T09:27:07.450+01:00 INFO credit-service host=credit-service-7c9d5b-x2k4p corrId=c-f3cb903149194ad9 credit assessment completed application_id=APP-2026-883776 score=764 decision=APPROVED
2026-03-02T09:27:07.501+01:00 INFO offer-service host=offer-service-a41e92-x2k4p corrId=c-f3cb903149194ad9 loan offer generated application_id=APP-2026-883776 loan_type=FLEX_5Y principal_dkk=4315000
2026-03-02T09:27:07.577+01:00 INFO document-service host=document-service-5b8f6c-t6zvn corrId=c-f3cb903149194ad9 offer document stored application_id=APP-2026-883776 doc_id=DOC-8493d560
2026-03-02T09:27:07.624+01:00 INFO portal-bff host=portal-bff-5b8f6c-p9qmz corrId=c-f3cb903149194ad9 application completed application_id=APP-2026-883776 status=OFFER_ISSUED
2026-03-02T09:27:52.004+01:00 INFO portal-bff host=portal-bff-5b8f6c-p9qmz corrId=c-c2c2b66decdcd463 loan application submitted application_id=APP-2026-144396 customer_segment=SME
2026-03-02T09:27:52.022+01:00 INFO identity-service host=identity-service-7c9d5b-x2k4p corrId=c-c2c2b66decdcd463 MitID session validated customer_id=C66722438
2026-03-02T09:27:52.142+01:00 INFO customer-service host=customer-service-5b8f6c-t6zvn corrId=c-c2c2b66decdcd463 KYC profile loaded customer_id=C66722438 risk_class=MEDIUM
2026-03-02T09:27:52.267+01:00 INFO valuation-service host=valuation-service-7c9d5b-p9qmz corrId=c-c2c2b66decdcd463 property valuation requested property_id=P8236059 provider=bolig-vurdering
2026-03-02T09:27:53.167+01:00 INFO valuation-service host=valuation-service-5b8f6c-t6zvn corrId=c-c2c2b66decdcd463 property valuation received property_id=P8236059 value_dkk=2300000 latency_ms=891
2026-03-02T09:27:53.234+01:00 INFO credit-service host=credit-service-a41e92-t6zvn corrId=c-c2c2b66decdcd463 credit assessment completed application_id=APP-2026-144396 score=692 decision=APPROVED
2026-03-02T09:27:53.250+01:00 INFO offer-service host=offer-service-5b8f6c-x2k4p corrId=c-c2c2b66decdcd463 loan offer generated application_id=APP-2026-144396 loan_type=FLEX_1Y principal_dkk=2805000
2026-03-02T09:27:53.264+01:00 INFO document-service host=document-service-7c9d5b-p9qmz corrId=c-c2c2b66decdcd463 offer document stored application_id=APP-2026-144396 doc_id=DOC-cad4909a
2026-03-02T09:27:53.329+01:00 INFO portal-bff host=portal-bff-a41e92-t6zvn corrId=c-c2c2b66decdcd463 application completed application_id=APP-2026-144396 status=OFFER_ISSUED
2026-03-02T09:28:23.929+01:00 INFO portal-bff host=portal-bff-a41e92-x2k4p corrId=c-7b65ddc2463923c8 loan application submitted application_id=APP-2026-746792 customer_segment=SME
2026-03-02T09:28:24.024+01:00 INFO identity-service host=identity-service-5b8f6c-t6zvn corrId=c-7b65ddc2463923c8 MitID session validated customer_id=C26737828
2026-03-02T09:28:24.101+01:00 INFO customer-service host=customer-service-7c9d5b-x2k4p corrId=c-7b65ddc2463923c8 KYC profile loaded customer_id=C26737828 risk_class=MEDIUM
2026-03-02T09:28:24.193+01:00 INFO valuation-service host=valuation-service-5b8f6c-t6zvn corrId=c-7b65ddc2463923c8 property valuation requested property_id=P9819770 provider=valuta-ejd
2026-03-02T09:28:24.969+01:00 INFO valuation-service host=valuation-service-5b8f6c-p9qmz corrId=c-7b65ddc2463923c8 property valuation received property_id=P9819770 value_dkk=4570000 latency_ms=744
2026-03-02T09:28:25.099+01:00 INFO credit-service host=credit-service-7c9d5b-t6zvn corrId=c-7b65ddc2463923c8 credit assessment completed application_id=APP-2026-746792 score=479 decision=APPROVED
2026-03-02T09:28:25.201+01:00 INFO offer-service host=offer-service-a41e92-p9qmz corrId=c-7b65ddc2463923c8 loan offer generated application_id=APP-2026-746792 loan_type=FIXED_20Y_IO principal_dkk=680000
2026-03-02T09:28:25.250+01:00 INFO document-service host=document-service-a41e92-t6zvn corrId=c-7b65ddc2463923c8 offer document stored application_id=APP-2026-746792 doc_id=DOC-cbd365b8
2026-03-02T09:28:25.258+01:00 INFO portal-bff host=portal-bff-5b8f6c-x2k4p corrId=c-7b65ddc2463923c8 application completed application_id=APP-2026-746792 status=OFFER_ISSUED
2026-03-02T09:30:00.460+01:00 INFO payment-scheduler host=payment-scheduler-5b8f6c-p9qmz corrId=- scheduler heartbeat lag_ms=40
2026-03-02T09:30:00.711+01:00 INFO api-gateway host=api-gateway-7c9d5b-p9qmz corrId=- health probe ok status=200 latency_ms=20
2026-03-02T09:32:07.158+01:00 INFO portal-bff host=portal-bff-5b8f6c-x2k4p corrId=c-4bacea83c7304c16 conversion quote requested loan_id=LN698167182 target_product=FLEX_1Y
2026-03-02T09:32:07.197+01:00 INFO identity-service host=identity-service-5b8f6c-t6zvn corrId=c-4bacea83c7304c16 MitID session validated customer_id=C53046479
2026-03-02T09:32:07.328+01:00 INFO pricing-service host=pricing-service-7c9d5b-x2k4p corrId=c-4bacea83c7304c16 bond price fetched series=BND2.5-2053 price=95.179
2026-03-02T09:32:07.448+01:00 INFO pricing-service host=pricing-service-a41e92-t6zvn corrId=c-4bacea83c7304c16 conversion cost calculated loan_id=LN698167182 cost_dkk=50331.16
2026-03-02T09:32:07.577+01:00 INFO quote-service host=quote-service-a41e92-t6zvn corrId=c-4bacea83c7304c16 conversion quote issued quote_id=Q64378093 loan_id=LN698167182
2026-03-02T09:33:54.272+01:00 INFO offer-service host=offer-service-5b8f6c-x2k4p corrId=c-ce688d2a7f66ff9f offer accepted application_id=APP-2026-487550
2026-03-02T09:33:54.363+01:00 INFO ledger-service host=ledger-service-a41e92-p9qmz corrId=c-ce688d2a7f66ff9f funds reserved application_id=APP-2026-487550 amount_dkk=3920000
2026-03-02T09:33:54.493+01:00 INFO payment-service host=payment-service-a41e92-t6zvn corrId=c-ce688d2a7f66ff9f payout instruction sent application_id=APP-2026-487550 amount_dkk=3920000
2026-03-02T09:33:54.618+01:00 INFO ledger-service host=ledger-service-7c9d5b-p9qmz corrId=c-ce688d2a7f66ff9f payout booked application_id=APP-2026-487550 posting_id=PST-e7a40278cf
2026-03-02T09:33:54.655+01:00 INFO notification-service host=notification-service-7c9d5b-x2k4p corrId=c-ce688d2a7f66ff9f payout confirmation sent application_id=APP-2026-487550
2026-03-02T09:35:00.585+01:00 INFO api-gateway host=api-gateway-5b8f6c-x2k4p corrId=- health probe ok status=200 latency_ms=11
2026-03-02T09:35:39.281+01:00 INFO portal-bff host=portal-bff-5b8f6c-x2k4p corrId=c-4594a41c28c4096b conversion quote requested loan_id=LN260387365 target_product=FIXED_30Y
2026-03-02T09:35:39.321+01:00 INFO identity-service host=identity-service-7c9d5b-p9qmz corrId=c-4594a41c28c4096b MitID session validated customer_id=C13552765
2026-03-02T09:35:39.386+01:00 INFO pricing-service host=pricing-service-5b8f6c-x2k4p corrId=c-4594a41c28c4096b bond price fetched series=BND2.5-2053 price=95.201
2026-03-02T09:35:39.415+01:00 INFO pricing-service host=pricing-service-a41e92-x2k4p corrId=c-4594a41c28c4096b conversion cost calculated loan_id=LN260387365 cost_dkk=43293.73
2026-03-02T09:35:39.486+01:00 INFO quote-service host=quote-service-a41e92-x2k4p corrId=c-4594a41c28c4096b conversion quote issued quote_id=Q52005497 loan_id=LN260387365
2026-03-02T09:39:04.024+01:00 INFO portal-bff host=portal-bff-7c9d5b-t6zvn corrId=c-6e40a9fa0b279243 conversion quote requested loan_id=LN018294751 target_product=FLEX_5Y
2026-03-02T09:39:04.141+01:00 INFO identity-service host=identity-service-5b8f6c-x2k4p corrId=c-6e40a9fa0b279243 MitID session validated customer_id=C38727538
2026-03-02T09:39:04.261+01:00 INFO pricing-service host=pricing-service-5b8f6c-x2k4p corrId=c-6e40a9fa0b279243 bond price fetched series=BND2.5-2056 price=88.541
2026-03-02T09:39:04.300+01:00 INFO pricing-service host=pricing-service-7c9d5b-x2k4p corrId=c-6e40a9fa0b279243 conversion cost calculated loan_id=LN018294751 cost_dkk=23032.49
2026-03-02T09:39:04.373+01:00 INFO quote-service host=quote-service-7c9d5b-t6zvn corrId=c-6e40a9fa0b279243 conversion quote issued quote_id=Q64836836 loan_id=LN018294751
2026-03-02T09:40:00.595+01:00 INFO api-gateway host=api-gateway-a41e92-t6zvn corrId=- health probe ok status=200 latency_ms=38
2026-03-02T09:40:00.727+01:00 INFO payment-scheduler host=payment-scheduler-a41e92-t6zvn corrId=- scheduler heartbeat lag_ms=93
2026-03-02T09:40:58.539+01:00 INFO portal-bff host=portal-bff-a41e92-p9qmz corrId=c-74e4d02192dd446c loan application submitted application_id=APP-2026-034335 customer_segment=SME
2026-03-02T09:40:58.564+01:00 INFO identity-service host=identity-service-7c9d5b-x2k4p corrId=c-74e4d02192dd446c MitID session validated customer_id=C62696877
2026-03-02T09:40:58.594+01:00 INFO customer-service host=customer-service-7c9d5b-t6zvn corrId=c-74e4d02192dd446c KYC profile loaded customer_id=C62696877 risk_class=LOW
2026-03-02T09:40:58.728+01:00 INFO valuation-service host=valuation-service-7c9d5b-x2k4p corrId=c-74e4d02192dd446c property valuation requested property_id=P7345162 provider=bolig-vurdering
2026-03-02T09:40:59.068+01:00 INFO valuation-service host=valuation-service-a41e92-p9qmz corrId=c-74e4d02192dd446c property valuation received property_id=P7345162 value_dkk=3090000 latency_ms=240
2026-03-02T09:40:59.084+01:00 INFO credit-service host=credit-service-5b8f6c-x2k4p corrId=c-74e4d02192dd446c credit assessment completed application_id=APP-2026-034335 score=744 decision=APPROVED
2026-03-02T09:40:59.092+01:00 INFO offer-service host=offer-service-7c9d5b-t6zvn corrId=c-74e4d02192dd446c loan offer generated application_id=APP-2026-034335 loan_type=FLEX_1Y principal_dkk=2385000
2026-03-02T09:40:59.157+01:00 INFO document-service host=document-service-a41e92-t6zvn corrId=c-74e4d02192dd446c offer document stored application_id=APP-2026-034335 doc_id=DOC-b1c8b52a
2026-03-02T09:40:59.209+01:00 INFO portal-bff host=portal-bff-7c9d5b-p9qmz corrId=c-74e4d02192dd446c application completed application_id=APP-2026-034335 status=OFFER_ISSUED
2026-03-02T09:45:00.875+01:00 INFO api-gateway host=api-gateway-5b8f6c-p9qmz corrId=- health probe ok status=200 latency_ms=31
2026-03-02T09:46:00.742+01:00 INFO portal-bff host=portal-bff-7c9d5b-t6zvn corrId=c-391537b3e7eff453 conversion quote requested loan_id=LN879080875 target_product=FLEX_1Y
2026-03-02T09:46:00.770+01:00 INFO identity-service host=identity-service-a41e92-p9qmz corrId=c-391537b3e7eff453 MitID session validated customer_id=C92976988
2026-03-02T09:46:00.877+01:00 INFO pricing-service host=pricing-service-7c9d5b-x2k4p corrId=c-391537b3e7eff453 bond price fetched series=BND4.0-2053 price=94.766
2026-03-02T09:46:00.918+01:00 INFO pricing-service host=pricing-service-a41e92-p9qmz corrId=c-391537b3e7eff453 conversion cost calculated loan_id=LN879080875 cost_dkk=77553.95
2026-03-02T09:46:01.007+01:00 INFO quote-service host=quote-service-7c9d5b-t6zvn corrId=c-391537b3e7eff453 conversion quote issued quote_id=Q12698582 loan_id=LN879080875
2026-03-02T09:48:40.767+01:00 INFO portal-bff host=portal-bff-a41e92-t6zvn corrId=c-34d621d0edd87f70 loan application submitted application_id=APP-2026-829060 customer_segment=SME
2026-03-02T09:48:40.856+01:00 INFO identity-service host=identity-service-5b8f6c-p9qmz corrId=c-34d621d0edd87f70 MitID session validated customer_id=C07451609
2026-03-02T09:48:40.952+01:00 INFO customer-service host=customer-service-7c9d5b-t6zvn corrId=c-34d621d0edd87f70 KYC profile loaded customer_id=C07451609 risk_class=LOW
2026-03-02T09:48:40.997+01:00 INFO valuation-service host=valuation-service-5b8f6c-x2k4p corrId=c-34d621d0edd87f70 property valuation served from cache property_id=P5698609 value_dkk=8630000
2026-03-02T09:48:41.107+01:00 INFO credit-service host=credit-service-7c9d5b-p9qmz corrId=c-34d621d0edd87f70 credit assessment completed application_id=APP-2026-829060 score=499 decision=APPROVED
2026-03-02T09:48:41.152+01:00 INFO offer-service host=offer-service-a41e92-t6zvn corrId=c-34d621d0edd87f70 loan offer generated application_id=APP-2026-829060 loan_type=FIXED_30Y principal_dkk=4145000
2026-03-02T09:48:41.276+01:00 INFO document-service host=document-service-5b8f6c-p9qmz corrId=c-34d621d0edd87f70 offer document stored application_id=APP-2026-829060 doc_id=DOC-c8b7af93
2026-03-02T09:48:41.400+01:00 INFO portal-bff host=portal-bff-5b8f6c-t6zvn corrId=c-34d621d0edd87f70 application completed application_id=APP-2026-829060 status=OFFER_ISSUED
2026-03-02T09:50:00.110+01:00 INFO payment-scheduler host=payment-scheduler-a41e92-t6zvn corrId=- scheduler heartbeat lag_ms=47
2026-03-02T09:50:00.181+01:00 INFO api-gateway host=api-gateway-5b8f6c-t6zvn corrId=- health probe ok status=200 latency_ms=29
2026-03-02T09:51:14.402+01:00 INFO portal-bff host=portal-bff-a41e92-x2k4p corrId=c-c3d009a6e6a5ffdb loan application submitted application_id=APP-2026-895092 customer_segment=PRIVATE
2026-03-02T09:51:14.514+01:00 INFO identity-service host=identity-service-5b8f6c-p9qmz corrId=c-c3d009a6e6a5ffdb MitID session validated customer_id=C75192391
2026-03-02T09:51:14.521+01:00 INFO customer-service host=customer-service-a41e92-t6zvn corrId=c-c3d009a6e6a5ffdb KYC profile loaded customer_id=C75192391 risk_class=LOW
2026-03-02T09:51:14.632+01:00 INFO valuation-service host=valuation-service-7c9d5b-t6zvn corrId=c-c3d009a6e6a5ffdb property valuation requested property_id=P4495364 provider=bolig-vurdering
2026-03-02T09:51:15.334+01:00 INFO valuation-service host=valuation-service-a41e92-t6zvn corrId=c-c3d009a6e6a5ffdb property valuation received property_id=P4495364 value_dkk=4870000 latency_ms=600
2026-03-02T09:51:15.456+01:00 INFO credit-service host=credit-service-7c9d5b-x2k4p corrId=c-c3d009a6e6a5ffdb credit assessment completed application_id=APP-2026-895092 score=870 decision=APPROVED
2026-03-02T09:51:15.576+01:00 INFO offer-service host=offer-service-a41e92-t6zvn corrId=c-c3d009a6e6a5ffdb loan offer generated application_id=APP-2026-895092 loan_type=FLEX_1Y principal_dkk=3285000
2026-03-02T09:51:15.601+01:00 INFO document-service host=document-service-7c9d5b-t6zvn corrId=c-c3d009a6e6a5ffdb offer document stored application_id=APP-2026-895092 doc_id=DOC-3891f2f3
2026-03-02T09:51:15.735+01:00 INFO portal-bff host=portal-bff-a41e92-p9qmz corrId=c-c3d009a6e6a5ffdb application completed application_id=APP-2026-895092 status=OFFER_ISSUED
2026-03-02T09:51:48.080+01:00 INFO portal-bff host=portal-bff-7c9d5b-x2k4p corrId=c-937ed2de0e39d250 loan application submitted application_id=APP-2026-000593 customer_segment=RETAIL
2026-03-02T09:51:48.154+01:00 INFO identity-service host=identity-service-a41e92-p9qmz corrId=c-937ed2de0e39d250 MitID session validated customer_id=C84882576
2026-03-02T09:51:48.183+01:00 INFO customer-service host=customer-service-5b8f6c-p9qmz corrId=c-937ed2de0e39d250 KYC profile loaded customer_id=C84882576 risk_class=LOW
2026-03-02T09:51:48.223+01:00 INFO valuation-service host=valuation-service-7c9d5b-t6zvn corrId=c-937ed2de0e39d250 property valuation requested property_id=P9457826 provider=valuta-ejd
2026-03-02T09:51:48.758+01:00 INFO valuation-service host=valuation-service-7c9d5b-x2k4p corrId=c-937ed2de0e39d250 property valuation received property_id=P9457826 value_dkk=630000 latency_ms=463
2026-03-02T09:51:48.775+01:00 INFO credit-service host=credit-service-7c9d5b-p9qmz corrId=c-937ed2de0e39d250 credit assessment completed application_id=APP-2026-000593 score=435 decision=APPROVED
2026-03-02T09:51:48.837+01:00 INFO offer-service host=offer-service-7c9d5b-t6zvn corrId=c-937ed2de0e39d250 loan offer generated application_id=APP-2026-000593 loan_type=FIXED_30Y principal_dkk=5145000
2026-03-02T09:51:48.952+01:00 INFO document-service host=document-service-a41e92-p9qmz corrId=c-937ed2de0e39d250 offer document stored application_id=APP-2026-000593 doc_id=DOC-3ca43e22
2026-03-02T09:51:49.029+01:00 INFO portal-bff host=portal-bff-a41e92-p9qmz corrId=c-937ed2de0e39d250 application completed application_id=APP-2026-000593 status=OFFER_ISSUED
2026-03-02T09:52:56.018+01:00 INFO portal-bff host=portal-bff-a41e92-p9qmz corrId=c-01b44c275df81e80 loan application submitted application_id=APP-2026-766427 customer_segment=RETAIL
2026-03-02T09:52:56.148+01:00 INFO identity-service host=identity-service-7c9d5b-x2k4p corrId=c-01b44c275df81e80 MitID session validated customer_id=C89326135
2026-03-02T09:52:56.274+01:00 INFO customer-service host=customer-service-7c9d5b-x2k4p corrId=c-01b44c275df81e80 KYC profile loaded customer_id=C89326135 risk_class=MEDIUM
2026-03-02T09:52:56.381+01:00 INFO valuation-service host=valuation-service-7c9d5b-p9qmz corrId=c-01b44c275df81e80 property valuation requested property_id=P7642932 provider=valuta-ejd
2026-03-02T09:52:57.095+01:00 INFO valuation-service host=valuation-service-a41e92-x2k4p corrId=c-01b44c275df81e80 property valuation received property_id=P7642932 value_dkk=5880000 latency_ms=632
2026-03-02T09:52:57.156+01:00 INFO credit-service host=credit-service-a41e92-p9qmz corrId=c-01b44c275df81e80 credit assessment completed application_id=APP-2026-766427 score=674 decision=APPROVED
2026-03-02T09:52:57.197+01:00 INFO offer-service host=offer-service-a41e92-p9qmz corrId=c-01b44c275df81e80 loan offer generated application_id=APP-2026-766427 loan_type=FIXED_30Y principal_dkk=800000
2026-03-02T09:52:57.260+01:00 INFO document-service host=document-service-7c9d5b-t6zvn corrId=c-01b44c275df81e80 offer document stored application_id=APP-2026-766427 doc_id=DOC-b9e99bca
2026-03-02T09:52:57.335+01:00 INFO portal-bff host=portal-bff-a41e92-p9qmz corrId=c-01b44c275df81e80 application completed application_id=APP-2026-766427 status=OFFER_ISSUED
2026-03-02T09:53:42.807+01:00 INFO portal-bff host=portal-bff-7c9d5b-t6zvn corrId=c-352aa60197538021 loan application submitted application_id=APP-2026-529103 customer_segment=SME
2026-03-02T09:53:42.941+01:00 INFO identity-service host=identity-service-7c9d5b-x2k4p corrId=c-352aa60197538021 MitID session validated customer_id=C25369919
2026-03-02T09:53:43.062+01:00 INFO customer-service host=customer-service-a41e92-t6zvn corrId=c-352aa60197538021 KYC profile loaded customer_id=C25369919 risk_class=LOW
2026-03-02T09:53:43.119+01:00 INFO valuation-service host=valuation-service-7c9d5b-t6zvn corrId=c-352aa60197538021 property valuation served from cache property_id=P3556283 value_dkk=1400000
2026-03-02T09:53:43.181+01:00 INFO credit-service host=credit-service-a41e92-x2k4p corrId=c-352aa60197538021 credit assessment completed application_id=APP-2026-529103 score=840 decision=APPROVED
2026-03-02T09:53:43.296+01:00 INFO offer-service host=offer-service-7c9d5b-t6zvn corrId=c-352aa60197538021 loan offer generated application_id=APP-2026-529103 loan_type=FIXED_30Y principal_dkk=5875000
2026-03-02T09:53:43.421+01:00 INFO document-service host=document-service-5b8f6c-p9qmz corrId=c-352aa60197538021 offer document stored application_id=APP-2026-529103 doc_id=DOC-96c6749c
2026-03-02T09:53:43.524+01:00 INFO portal-bff host=portal-bff-5b8f6c-x2k4p corrId=c-352aa60197538021 application completed application_id=APP-2026-529103 status=OFFER_ISSUED
2026-03-02T09:55:00.546+01:00 INFO api-gateway host=api-gateway-5b8f6c-x2k4p corrId=- health probe ok status=200 latency_ms=8
2026-03-02T09:55:21.718+01:00 INFO offer-service host=offer-service-7c9d5b-t6zvn corrId=c-5b8d9538cc9b1d8d offer accepted application_id=APP-2026-768565
2026-03-02T09:55:21.819+01:00 INFO ledger-service host=ledger-service-7c9d5b-x2k4p corrId=c-5b8d9538cc9b1d8d funds reserved application_id=APP-2026-768565 amount_dkk=5225000
2026-03-02T09:55:21.951+01:00 INFO payment-service host=payment-service-a41e92-t6zvn corrId=c-5b8d9538cc9b1d8d payout instruction sent application_id=APP-2026-768565 amount_dkk=5225000
2026-03-02T09:55:22.039+01:00 INFO ledger-service host=ledger-service-7c9d5b-x2k4p corrId=c-5b8d9538cc9b1d8d payout booked application_id=APP-2026-768565 posting_id=PST-d6822e1cde
2026-03-02T09:55:22.062+01:00 INFO notification-service host=notification-service-a41e92-x2k4p corrId=c-5b8d9538cc9b1d8d payout confirmation sent application_id=APP-2026-768565
2026-03-02T09:59:28.095+01:00 INFO portal-bff host=portal-bff-a41e92-p9qmz corrId=c-f340e58505d26458 loan application submitted application_id=APP-2026-104238 customer_segment=PRIVATE
2026-03-02T09:59:28.216+01:00 INFO identity-service host=identity-service-7c9d5b-p9qmz corrId=c-f340e58505d26458 MitID session validated customer_id=C15996196
2026-03-02T09:59:28.243+01:00 INFO customer-service host=customer-service-a41e92-x2k4p corrId=c-f340e58505d26458 KYC profile loaded customer_id=C15996196 risk_class=LOW
2026-03-02T09:59:28.321+01:00 INFO valuation-service host=valuation-service-5b8f6c-x2k4p corrId=c-f340e58505d26458 property valuation requested property_id=P3199983 provider=bolig-vurdering
2026-03-02T09:59:29.309+01:00 INFO valuation-service host=valuation-service-a41e92-p9qmz corrId=c-f340e58505d26458 property valuation received property_id=P3199983 value_dkk=1810000 latency_ms=897
2026-03-02T09:59:29.331+01:00 INFO credit-service host=credit-service-5b8f6c-x2k4p corrId=c-f340e58505d26458 credit assessment completed application_id=APP-2026-104238 score=823 decision=APPROVED
2026-03-02T09:59:29.377+01:00 INFO offer-service host=offer-service-5b8f6c-t6zvn corrId=c-f340e58505d26458 loan offer generated application_id=APP-2026-104238 loan_type=FIXED_30Y principal_dkk=5455000
2026-03-02T09:59:29.442+01:00 INFO document-service host=document-service-5b8f6c-p9qmz corrId=c-f340e58505d26458 offer document stored application_id=APP-2026-104238 doc_id=DOC-d5eb296a
2026-03-02T09:59:29.452+01:00 INFO portal-bff host=portal-bff-a41e92-t6zvn corrId=c-f340e58505d26458 application completed application_id=APP-2026-104238 status=OFFER_ISSUED
2026-03-02T10:00:00.589+01:00 INFO payment-scheduler host=payment-scheduler-7c9d5b-t6zvn corrId=- scheduler heartbeat lag_ms=43
2026-03-02T10:00:00.673+01:00 INFO api-gateway host=api-gateway-a41e92-p9qmz corrId=- health probe ok status=200 latency_ms=6
2026-03-02T10:00:51.000+01:00 INFO config-service host=config-service-5b8f6c-x2k4p corrId=- configuration refreshed version=v126
2026-03-02T10:03:13.000+01:00 INFO valuation-service host=valuation-service-a41e92-x2k4p corrId=- jvm gc pause pause_ms=27
2026-03-02T10:05:00.402+01:00 INFO api-gateway host=api-gateway-5b8f6c-p9qmz corrId=- health probe ok status=200 latency_ms=5
2026-03-02T10:05:43.438+01:00 INFO portal-bff host=portal-bff-5b8f6c-p9qmz corrId=c-397c414b0b6fe4ca loan application submitted application_id=APP-2026-379061 customer_segment=SME
2026-03-02T10:05:43.516+01:00 INFO identity-service host=identity-service-a41e92-x2k4p corrId=c-397c414b0b6fe4ca MitID session validated customer_id=C42737335
2026-03-02T10:05:43.556+01:00 INFO customer-service host=customer-service-a41e92-p9qmz corrId=c-397c414b0b6fe4ca KYC profile loaded customer_id=C42737335 risk_class=HIGH
2026-03-02T10:05:43.657+01:00 INFO valuation-service host=valuation-service-5b8f6c-t6zvn corrId=c-397c414b0b6fe4ca property valuation requested property_id=P5523954 provider=bolig-vurdering
2026-03-02T10:05:44.386+01:00 INFO valuation-service host=valuation-service-a41e92-p9qmz corrId=c-397c414b0b6fe4ca property valuation received property_id=P5523954 value_dkk=8860000 latency_ms=661
2026-03-02T10:05:44.420+01:00 INFO credit-service host=credit-service-5b8f6c-x2k4p corrId=c-397c414b0b6fe4ca credit assessment completed application_id=APP-2026-379061 score=832 decision=APPROVED
2026-03-02T10:05:44.439+01:00 INFO offer-service host=offer-service-7c9d5b-t6zvn corrId=c-397c414b0b6fe4ca loan offer generated application_id=APP-2026-379061 loan_type=FIXED_20Y_IO principal_dkk=2720000
2026-03-02T10:05:44.574+01:00 INFO document-service host=document-service-a41e92-x2k4p corrId=c-397c414b0b6fe4ca offer document stored application_id=APP-2026-379061 doc_id=DOC-d51c25b2
2026-03-02T10:05:44.631+01:00 INFO portal-bff host=portal-bff-7c9d5b-x2k4p corrId=c-397c414b0b6fe4ca application completed application_id=APP-2026-379061 status=OFFER_ISSUED
2026-03-02T10:06:27.658+01:00 INFO portal-bff host=portal-bff-5b8f6c-t6zvn corrId=c-88acc9f15e60f238 loan application submitted application_id=APP-2026-156338 customer_segment=RETAIL
2026-03-02T10:06:27.714+01:00 INFO identity-service host=identity-service-a41e92-x2k4p corrId=c-88acc9f15e60f238 MitID session validated customer_id=C69270247
2026-03-02T10:06:27.761+01:00 INFO customer-service host=customer-service-5b8f6c-p9qmz corrId=c-88acc9f15e60f238 KYC profile loaded customer_id=C69270247 risk_class=HIGH
2026-03-02T10:06:27.807+01:00 INFO valuation-service host=valuation-service-a41e92-p9qmz corrId=c-88acc9f15e60f238 property valuation served from cache property_id=P6631998 value_dkk=4720000
2026-03-02T10:06:27.931+01:00 INFO credit-service host=credit-service-a41e92-p9qmz corrId=c-88acc9f15e60f238 credit assessment completed application_id=APP-2026-156338 score=575 decision=APPROVED
2026-03-02T10:06:27.992+01:00 INFO offer-service host=offer-service-5b8f6c-p9qmz corrId=c-88acc9f15e60f238 loan offer generated application_id=APP-2026-156338 loan_type=FLEX_5Y principal_dkk=3110000
2026-03-02T10:06:28.019+01:00 INFO document-service host=document-service-a41e92-x2k4p corrId=c-88acc9f15e60f238 offer document stored application_id=APP-2026-156338 doc_id=DOC-08e9e332
2026-03-02T10:06:28.095+01:00 INFO portal-bff host=portal-bff-a41e92-t6zvn corrId=c-88acc9f15e60f238 application completed application_id=APP-2026-156338 status=OFFER_ISSUED
2026-03-02T10:09:57.184+01:00 INFO offer-service host=offer-service-7c9d5b-p9qmz corrId=c-efc1bebd6ca479d7 offer accepted application_id=APP-2026-909553
2026-03-02T10:09:57.241+01:00 INFO ledger-service host=ledger-service-5b8f6c-t6zvn corrId=c-efc1bebd6ca479d7 funds reserved application_id=APP-2026-909553 amount_dkk=5450000
2026-03-02T10:09:57.292+01:00 INFO payment-service host=payment-service-5b8f6c-p9qmz corrId=c-efc1bebd6ca479d7 payout instruction sent application_id=APP-2026-909553 amount_dkk=5450000
2026-03-02T10:09:57.391+01:00 INFO ledger-service host=ledger-service-7c9d5b-p9qmz corrId=c-efc1bebd6ca479d7 payout booked application_id=APP-2026-909553 posting_id=PST-5c4c4ddece
2026-03-02T10:09:57.531+01:00 INFO notification-service host=notification-service-a41e92-t6zvn corrId=c-efc1bebd6ca479d7 payout confirmation sent application_id=APP-2026-909553
2026-03-02T10:10:00.242+01:00 INFO payment-scheduler host=payment-scheduler-5b8f6c-t6zvn corrId=- scheduler heartbeat lag_ms=55
2026-03-02T10:10:00.309+01:00 INFO api-gateway host=api-gateway-a41e92-t6zvn corrId=- health probe ok status=200 latency_ms=5
2026-03-02T10:10:35.334+01:00 INFO portal-bff host=portal-bff-7c9d5b-p9qmz corrId=c-92020e18320fc0cc conversion quote requested loan_id=LN379236151 target_product=FLEX_5Y
2026-03-02T10:10:35.381+01:00 INFO identity-service host=identity-service-5b8f6c-p9qmz corrId=c-92020e18320fc0cc MitID session validated customer_id=C58531474
2026-03-02T10:10:35.484+01:00 INFO pricing-service host=pricing-service-7c9d5b-t6zvn corrId=c-92020e18320fc0cc bond price fetched series=BND4.0-2053 price=99.377
2026-03-02T10:10:35.537+01:00 INFO pricing-service host=pricing-service-5b8f6c-x2k4p corrId=c-92020e18320fc0cc conversion cost calculated loan_id=LN379236151 cost_dkk=59541.53
2026-03-02T10:10:35.584+01:00 INFO quote-service host=quote-service-a41e92-t6zvn corrId=c-92020e18320fc0cc conversion quote issued quote_id=Q51438542 loan_id=LN379236151
2026-03-02T10:11:08.412+01:00 INFO portal-bff host=portal-bff-a41e92-x2k4p corrId=c-c8f51e9911ba5154 loan application submitted application_id=APP-2026-180645 customer_segment=RETAIL
2026-03-02T10:11:08.472+01:00 INFO identity-service host=identity-service-a41e92-t6zvn corrId=c-c8f51e9911ba5154 MitID session validated customer_id=C03576021
2026-03-02T10:11:08.520+01:00 INFO customer-service host=customer-service-7c9d5b-t6zvn corrId=c-c8f51e9911ba5154 KYC profile loaded customer_id=C03576021 risk_class=LOW
2026-03-02T10:11:08.588+01:00 INFO valuation-service host=valuation-service-a41e92-x2k4p corrId=c-c8f51e9911ba5154 property valuation requested property_id=P4705078 provider=bolig-vurdering
2026-03-02T10:11:09.271+01:00 INFO valuation-service host=valuation-service-a41e92-t6zvn corrId=c-c8f51e9911ba5154 property valuation received property_id=P4705078 value_dkk=3180000 latency_ms=626
2026-03-02T10:11:09.300+01:00 INFO credit-service host=credit-service-a41e92-p9qmz corrId=c-c8f51e9911ba5154 credit assessment completed application_id=APP-2026-180645 score=503 decision=APPROVED
2026-03-02T10:11:09.389+01:00 INFO offer-service host=offer-service-a41e92-t6zvn corrId=c-c8f51e9911ba5154 loan offer generated application_id=APP-2026-180645 loan_type=FIXED_30Y principal_dkk=4890000
2026-03-02T10:11:09.451+01:00 INFO document-service host=document-service-5b8f6c-x2k4p corrId=c-c8f51e9911ba5154 offer document stored application_id=APP-2026-180645 doc_id=DOC-8f534374
2026-03-02T10:11:09.505+01:00 INFO portal-bff host=portal-bff-a41e92-t6zvn corrId=c-c8f51e9911ba5154 application completed application_id=APP-2026-180645 status=OFFER_ISSUED
2026-03-02T10:15:00.445+01:00 INFO api-gateway host=api-gateway-5b8f6c-x2k4p corrId=- health probe ok status=200 latency_ms=37
2026-03-02T10:15:30.173+01:00 INFO portal-bff host=portal-bff-a41e92-t6zvn corrId=c-3b0a45fb909ce282 loan application submitted application_id=APP-2026-281214 customer_segment=RETAIL
2026-03-02T10:15:30.229+01:00 INFO identity-service host=identity-service-5b8f6c-p9qmz corrId=c-3b0a45fb909ce282 MitID session validated customer_id=C39688222
2026-03-02T10:15:30.254+01:00 INFO customer-service host=customer-service-a41e92-t6zvn corrId=c-3b0a45fb909ce282 KYC profile loaded customer_id=C39688222 risk_class=HIGH
2026-03-02T10:15:30.286+01:00 INFO valuation-service host=valuation-service-7c9d5b-t6zvn corrId=c-3b0a45fb909ce282 property valuation served from cache property_id=P2517522 value_dkk=8220000
2026-03-02T10:15:30.401+01:00 INFO credit-service host=credit-service-5b8f6c-x2k4p corrId=c-3b0a45fb909ce282 credit assessment completed application_id=APP-2026-281214 score=591 decision=APPROVED
2026-03-02T10:15:30.533+01:00 INFO offer-service host=offer-service-5b8f6c-t6zvn corrId=c-3b0a45fb909ce282 loan offer generated application_id=APP-2026-281214 loan_type=FLEX_1Y principal_dkk=2830000
2026-03-02T10:15:30.625+01:00 INFO document-service host=document-service-a41e92-t6zvn corrId=c-3b0a45fb909ce282 offer document stored application_id=APP-2026-281214 doc_id=DOC-c89bd3f7
2026-03-02T10:15:30.703+01:00 INFO portal-bff host=portal-bff-a41e92-p9qmz corrId=c-3b0a45fb909ce282 application completed application_id=APP-2026-281214 status=OFFER_ISSUED
2026-03-02T10:16:42.831+01:00 INFO portal-bff host=portal-bff-7c9d5b-p9qmz corrId=c-3c9945604afe9bde conversion quote requested loan_id=LN154616236 target_product=FLEX_1Y
2026-03-02T10:16:42.927+01:00 INFO identity-service host=identity-service-7c9d5b-x2k4p corrId=c-3c9945604afe9bde MitID session validated customer_id=C49944786
2026-03-02T10:16:43.052+01:00 INFO pricing-service host=pricing-service-7c9d5b-p9qmz corrId=c-3c9945604afe9bde bond price fetched series=BND2.5-2056 price=97.560
2026-03-02T10:16:43.162+01:00 INFO pricing-service host=pricing-service-a41e92-t6zvn corrId=c-3c9945604afe9bde conversion cost calculated loan_id=LN154616236 cost_dkk=36753.74
2026-03-02T10:16:43.282+01:00 INFO quote-service host=quote-service-a41e92-x2k4p corrId=c-3c9945604afe9bde conversion quote issued quote_id=Q39353017 loan_id=LN154616236
2026-03-02T10:16:54.766+01:00 INFO portal-bff host=portal-bff-7c9d5b-t6zvn corrId=c-9bab0bff6820abc2 loan application submitted application_id=APP-2026-625100 customer_segment=RETAIL
2026-03-02T10:16:54.847+01:00 INFO identity-service host=identity-service-a41e92-p9qmz corrId=c-9bab0bff6820abc2 MitID session validated customer_id=C91604996
2026-03-02T10:16:54.892+01:00 INFO customer-service host=customer-service-a41e92-p9qmz corrId=c-9bab0bff6820abc2 KYC profile loaded customer_id=C91604996 risk_class=LOW
2026-03-02T10:16:54.957+01:00 INFO valuation-service host=valuation-service-5b8f6c-x2k4p corrId=c-9bab0bff6820abc2 property valuation served from cache property_id=P8314906 value_dkk=6650000
2026-03-02T10:16:55.048+01:00 INFO credit-service host=credit-service-a41e92-x2k4p corrId=c-9bab0bff6820abc2 credit assessment completed application_id=APP-2026-625100 score=855 decision=APPROVED
2026-03-02T10:16:55.175+01:00 INFO offer-service host=offer-service-5b8f6c-t6zvn corrId=c-9bab0bff6820abc2 loan offer generated application_id=APP-2026-625100 loan_type=FLEX_5Y principal_dkk=2515000
2026-03-02T10:16:55.270+01:00 INFO document-service host=document-service-7c9d5b-x2k4p corrId=c-9bab0bff6820abc2 offer document stored application_id=APP-2026-625100 doc_id=DOC-2aa615da
2026-03-02T10:16:55.356+01:00 INFO portal-bff host=portal-bff-7c9d5b-t6zvn corrId=c-9bab0bff6820abc2 application completed application_id=APP-2026-625100 status=OFFER_ISSUED
2026-03-02T10:18:38.215+01:00 INFO portal-bff host=portal-bff-a41e92-x2k4p corrId=c-363c7e49a43a8327 loan application submitted application_id=APP-2026-410141 customer_segment=PRIVATE
2026-03-02T10:18:38.228+01:00 INFO identity-service host=identity-service-7c9d5b-t6zvn corrId=c-363c7e49a43a8327 MitID session validated customer_id=C56242046
2026-03-02T10:18:38.244+01:00 INFO customer-service host=customer-service-a41e92-x2k4p corrId=c-363c7e49a43a8327 KYC profile loaded customer_id=C56242046 risk_class=HIGH
2026-03-02T10:18:38.352+01:00 INFO valuation-service host=valuation-service-5b8f6c-x2k4p corrId=c-363c7e49a43a8327 property valuation requested property_id=P3369353 provider=bolig-vurdering
2026-03-02T10:18:39.093+01:00 INFO valuation-service host=valuation-service-7c9d5b-t6zvn corrId=c-363c7e49a43a8327 property valuation received property_id=P3369353 value_dkk=1680000 latency_ms=672
2026-03-02T10:18:39.207+01:00 INFO credit-service host=credit-service-5b8f6c-p9qmz corrId=c-363c7e49a43a8327 credit assessment completed application_id=APP-2026-410141 score=640 decision=APPROVED
2026-03-02T10:18:39.227+01:00 INFO offer-service host=offer-service-7c9d5b-x2k4p corrId=c-363c7e49a43a8327 loan offer generated application_id=APP-2026-410141 loan_type=FLEX_1Y principal_dkk=3735000
2026-03-02T10:18:39.331+01:00 INFO document-service host=document-service-a41e92-t6zvn corrId=c-363c7e49a43a8327 offer document stored application_id=APP-2026-410141 doc_id=DOC-66e79f32
2026-03-02T10:18:39.446+01:00 INFO portal-bff host=portal-bff-5b8f6c-p9qmz corrId=c-363c7e49a43a8327 application completed application_id=APP-2026-410141 status=OFFER_ISSUED
2026-03-02T10:19:19.591+01:00 INFO portal-bff host=portal-bff-7c9d5b-x2k4p corrId=c-aab8f3deee3cf6ae conversion quote requested loan_id=LN029418774 target_product=FIXED_30Y
2026-03-02T10:19:19.628+01:00 INFO identity-service host=identity-service-a41e92-t6zvn corrId=c-aab8f3deee3cf6ae MitID session validated customer_id=C97627543
2026-03-02T10:19:19.663+01:00 INFO pricing-service host=pricing-service-7c9d5b-x2k4p corrId=c-aab8f3deee3cf6ae bond price fetched series=BND3.0-2053 price=98.121
2026-03-02T10:19:19.724+01:00 INFO pricing-service host=pricing-service-5b8f6c-x2k4p corrId=c-aab8f3deee3cf6ae conversion cost calculated loan_id=LN029418774 cost_dkk=38598.36
2026-03-02T10:19:19.848+01:00 INFO quote-service host=quote-service-7c9d5b-p9qmz corrId=c-aab8f3deee3cf6ae conversion quote issued quote_id=Q18106630 loan_id=LN029418774
2026-03-02T10:20:00.102+01:00 INFO payment-scheduler host=payment-scheduler-5b8f6c-x2k4p corrId=- scheduler heartbeat lag_ms=34
2026-03-02T10:20:00.838+01:00 INFO api-gateway host=api-gateway-5b8f6c-t6zvn corrId=- health probe ok status=200 latency_ms=13
2026-03-02T10:20:23.300+01:00 INFO offer-service host=offer-service-7c9d5b-t6zvn corrId=c-5dea59f7b076b171 offer accepted application_id=APP-2026-757942
2026-03-02T10:20:23.334+01:00 INFO ledger-service host=ledger-service-5b8f6c-p9qmz corrId=c-5dea59f7b076b171 funds reserved application_id=APP-2026-757942 amount_dkk=2295000
2026-03-02T10:20:23.356+01:00 INFO payment-service host=payment-service-5b8f6c-x2k4p corrId=c-5dea59f7b076b171 payout instruction sent application_id=APP-2026-757942 amount_dkk=2295000
2026-03-02T10:20:23.453+01:00 INFO ledger-service host=ledger-service-5b8f6c-x2k4p corrId=c-5dea59f7b076b171 payout booked application_id=APP-2026-757942 posting_id=PST-9373d40428
2026-03-02T10:20:23.494+01:00 INFO notification-service host=notification-service-5b8f6c-t6zvn corrId=c-5dea59f7b076b171 payout confirmation sent application_id=APP-2026-757942
2026-03-02T10:23:33.102+01:00 INFO portal-bff host=portal-bff-7c9d5b-x2k4p corrId=c-0d65753e753dfb00 loan application submitted application_id=APP-2026-788006 customer_segment=SME
2026-03-02T10:23:33.197+01:00 INFO identity-service host=identity-service-7c9d5b-t6zvn corrId=c-0d65753e753dfb00 MitID session validated customer_id=C71346879
2026-03-02T10:23:33.293+01:00 INFO customer-service host=customer-service-7c9d5b-x2k4p corrId=c-0d65753e753dfb00 KYC profile loaded customer_id=C71346879 risk_class=LOW
2026-03-02T10:23:33.315+01:00 INFO valuation-service host=valuation-service-a41e92-x2k4p corrId=c-0d65753e753dfb00 property valuation served from cache property_id=P1494768 value_dkk=4140000
2026-03-02T10:23:33.362+01:00 INFO credit-service host=credit-service-5b8f6c-x2k4p corrId=c-0d65753e753dfb00 credit assessment completed application_id=APP-2026-788006 score=806 decision=APPROVED
2026-03-02T10:23:33.444+01:00 INFO offer-service host=offer-service-5b8f6c-p9qmz corrId=c-0d65753e753dfb00 loan offer generated application_id=APP-2026-788006 loan_type=FLEX_5Y principal_dkk=4990000
2026-03-02T10:23:33.545+01:00 INFO document-service host=document-service-7c9d5b-p9qmz corrId=c-0d65753e753dfb00 offer document stored application_id=APP-2026-788006 doc_id=DOC-9707b85f
2026-03-02T10:23:33.661+01:00 INFO portal-bff host=portal-bff-5b8f6c-t6zvn corrId=c-0d65753e753dfb00 application completed application_id=APP-2026-788006 status=OFFER_ISSUED
2026-03-02T10:25:00.328+01:00 INFO api-gateway host=api-gateway-7c9d5b-p9qmz corrId=- health probe ok status=200 latency_ms=5
2026-03-02T10:26:11.663+01:00 INFO portal-bff host=portal-bff-a41e92-x2k4p corrId=c-0906b07939b1d540 conversion quote requested loan_id=LN608032258 target_product=FLEX_5Y
2026-03-02T10:26:11.670+01:00 INFO identity-service host=identity-service-7c9d5b-x2k4p corrId=c-0906b07939b1d540 MitID session validated customer_id=C76809027
2026-03-02T10:26:11.730+01:00 INFO pricing-service host=pricing-service-7c9d5b-t6zvn corrId=c-0906b07939b1d540 bond price fetched series=BND2.5-2056 price=101.362
2026-03-02T10:26:11.824+01:00 INFO pricing-service host=pricing-service-5b8f6c-p9qmz corrId=c-0906b07939b1d540 conversion cost calculated loan_id=LN608032258 cost_dkk=8355.07
2026-03-02T10:26:11.885+01:00 INFO quote-service host=quote-service-7c9d5b-x2k4p corrId=c-0906b07939b1d540 conversion quote issued quote_id=Q40834911 loan_id=LN608032258
2026-03-02T10:26:32.034+01:00 INFO portal-bff host=portal-bff-a41e92-x2k4p corrId=c-4e830afa47f48d57 loan application submitted application_id=APP-2026-596730 customer_segment=RETAIL
2026-03-02T10:26:32.122+01:00 WARN identity-service host=identity-service-a41e92-p9qmz corrId=c-4e830afa47f48d57 MitID token refresh attempt=1
2026-03-02T10:26:32.239+01:00 INFO identity-service host=identity-service-5b8f6c-x2k4p corrId=c-4e830afa47f48d57 MitID session validated customer_id=C78004478
2026-03-02T10:26:32.354+01:00 INFO customer-service host=customer-service-a41e92-p9qmz corrId=c-4e830afa47f48d57 KYC profile loaded customer_id=C78004478 risk_class=LOW
2026-03-02T10:26:32.368+01:00 INFO valuation-service host=valuation-service-7c9d5b-x2k4p corrId=c-4e830afa47f48d57 property valuation requested property_id=P0327319 provider=bolig-vurdering
2026-03-02T10:26:32.592+01:00 INFO valuation-service host=valuation-service-7c9d5b-t6zvn corrId=c-4e830afa47f48d57 property valuation received property_id=P0327319 value_dkk=3480000 latency_ms=206
2026-03-02T10:26:32.645+01:00 INFO credit-service host=credit-service-a41e92-p9qmz corrId=c-4e830afa47f48d57 credit assessment completed application_id=APP-2026-596730 score=760 decision=APPROVED
2026-03-02T10:26:32.745+01:00 INFO offer-service host=offer-service-7c9d5b-p9qmz corrId=c-4e830afa47f48d57 loan offer generated application_id=APP-2026-596730 loan_type=FIXED_30Y principal_dkk=5270000
2026-03-02T10:26:32.782+01:00 INFO document-service host=document-service-a41e92-p9qmz corrId=c-4e830afa47f48d57 offer document stored application_id=APP-2026-596730 doc_id=DOC-d8fa30bb
2026-03-02T10:26:32.801+01:00 INFO portal-bff host=portal-bff-5b8f6c-t6zvn corrId=c-4e830afa47f48d57 application completed application_id=APP-2026-596730 status=OFFER_ISSUED
2026-03-02T10:28:15.147+01:00 INFO portal-bff host=portal-bff-a41e92-p9qmz corrId=c-a098b8bb2a1ac0c3 conversion quote requested loan_id=LN675752496 target_product=FIXED_30Y
2026-03-02T10:28:15.201+01:00 INFO identity-service host=identity-service-5b8f6c-p9qmz corrId=c-a098b8bb2a1ac0c3 MitID session validated customer_id=C04384376
2026-03-02T10:28:15.268+01:00 INFO pricing-service host=pricing-service-5b8f6c-x2k4p corrId=c-a098b8bb2a1ac0c3 bond price fetched series=BND4.0-2053 price=89.370
2026-03-02T10:28:15.354+01:00 INFO pricing-service host=pricing-service-7c9d5b-t6zvn corrId=c-a098b8bb2a1ac0c3 conversion cost calculated loan_id=LN675752496 cost_dkk=74372.20
2026-03-02T10:28:15.389+01:00 INFO quote-service host=quote-service-5b8f6c-t6zvn corrId=c-a098b8bb2a1ac0c3 conversion quote issued quote_id=Q88992325 loan_id=LN675752496
2026-03-02T10:28:46.612+01:00 INFO portal-bff host=portal-bff-7c9d5b-p9qmz corrId=c-5e74e8287f530896 loan application submitted application_id=APP-2026-551822 customer_segment=SME
2026-03-02T10:28:46.715+01:00 INFO identity-service host=identity-service-a41e92-t6zvn corrId=c-5e74e8287f530896 MitID session validated customer_id=C63400619
2026-03-02T10:28:46.734+01:00 INFO customer-service host=customer-service-a41e92-x2k4p corrId=c-5e74e8287f530896 KYC profile loaded customer_id=C63400619 risk_class=MEDIUM
2026-03-02T10:28:46.755+01:00 INFO valuation-service host=valuation-service-7c9d5b-x2k4p corrId=c-5e74e8287f530896 property valuation requested property_id=P1427598 provider=bolig-vurdering
2026-03-02T10:28:47.116+01:00 INFO valuation-service host=valuation-service-7c9d5b-x2k4p corrId=c-5e74e8287f530896 property valuation received property_id=P1427598 value_dkk=1980000 latency_ms=355
2026-03-02T10:28:47.217+01:00 INFO credit-service host=credit-service-5b8f6c-t6zvn corrId=c-5e74e8287f530896 credit assessment completed application_id=APP-2026-551822 score=730 decision=APPROVED
2026-03-02T10:28:47.237+01:00 INFO offer-service host=offer-service-a41e92-t6zvn corrId=c-5e74e8287f530896 loan offer generated application_id=APP-2026-551822 loan_type=FIXED_30Y principal_dkk=5470000
2026-03-02T10:28:47.312+01:00 INFO document-service host=document-service-a41e92-t6zvn corrId=c-5e74e8287f530896 offer document stored application_id=APP-2026-551822 doc_id=DOC-6f384070
2026-03-02T10:28:47.405+01:00 INFO portal-bff host=portal-bff-a41e92-t6zvn corrId=c-5e74e8287f530896 application completed application_id=APP-2026-551822 status=OFFER_ISSUED
2026-03-02T10:30:00.264+01:00 INFO payment-scheduler host=payment-scheduler-5b8f6c-t6zvn corrId=- scheduler heartbeat lag_ms=71
2026-03-02T10:30:00.371+01:00 INFO api-gateway host=api-gateway-7c9d5b-p9qmz corrId=- health probe ok status=200 latency_ms=5
2026-03-02T10:30:25.240+01:00 INFO portal-bff host=portal-bff-a41e92-p9qmz corrId=c-576ae2ac95be1968 loan application submitted application_id=APP-2026-348213 customer_segment=SME
2026-03-02T10:30:25.274+01:00 INFO identity-service host=identity-service-5b8f6c-x2k4p corrId=c-576ae2ac95be1968 MitID session validated customer_id=C31237571
2026-03-02T10:30:25.334+01:00 INFO customer-service host=customer-service-a41e92-p9qmz corrId=c-576ae2ac95be1968 KYC profile loaded customer_id=C31237571 risk_class=LOW
2026-03-02T10:30:25.342+01:00 INFO valuation-service host=valuation-service-5b8f6c-t6zvn corrId=c-576ae2ac95be1968 property valuation requested property_id=P5328796 provider=valuta-ejd
2026-03-02T10:30:26.092+01:00 INFO valuation-service host=valuation-service-5b8f6c-x2k4p corrId=c-576ae2ac95be1968 property valuation received property_id=P5328796 value_dkk=1870000 latency_ms=659
2026-03-02T10:30:26.196+01:00 INFO credit-service host=credit-service-5b8f6c-t6zvn corrId=c-576ae2ac95be1968 credit assessment completed application_id=APP-2026-348213 score=433 decision=APPROVED
2026-03-02T10:30:26.280+01:00 INFO offer-service host=offer-service-a41e92-p9qmz corrId=c-576ae2ac95be1968 loan offer generated application_id=APP-2026-348213 loan_type=FIXED_20Y_IO principal_dkk=3540000
2026-03-02T10:30:26.361+01:00 INFO document-service host=document-service-7c9d5b-p9qmz corrId=c-576ae2ac95be1968 offer document stored application_id=APP-2026-348213 doc_id=DOC-24d6a4bb
2026-03-02T10:30:26.475+01:00 INFO portal-bff host=portal-bff-7c9d5b-t6zvn corrId=c-576ae2ac95be1968 application completed application_id=APP-2026-348213 status=OFFER_ISSUED
2026-03-02T10:31:13.956+01:00 INFO portal-bff host=portal-bff-5b8f6c-t6zvn corrId=c-622878f583e01416 loan application submitted application_id=APP-2026-764917 customer_segment=PRIVATE
2026-03-02T10:31:13.964+01:00 INFO identity-service host=identity-service-5b8f6c-p9qmz corrId=c-622878f583e01416 MitID session validated customer_id=C11145342
2026-03-02T10:31:14.063+01:00 INFO customer-service host=customer-service-5b8f6c-p9qmz corrId=c-622878f583e01416 KYC profile loaded customer_id=C11145342 risk_class=LOW
2026-03-02T10:31:14.119+01:00 INFO valuation-service host=valuation-service-5b8f6c-x2k4p corrId=c-622878f583e01416 property valuation requested property_id=P1783333 provider=bolig-vurdering
2026-03-02T10:31:15.091+01:00 INFO valuation-service host=valuation-service-7c9d5b-x2k4p corrId=c-622878f583e01416 property valuation received property_id=P1783333 value_dkk=1320000 latency_ms=922
2026-03-02T10:31:15.142+01:00 INFO credit-service host=credit-service-7c9d5b-p9qmz corrId=c-622878f583e01416 credit assessment completed application_id=APP-2026-764917 score=836 decision=APPROVED
2026-03-02T10:31:15.209+01:00 INFO offer-service host=offer-service-a41e92-t6zvn corrId=c-622878f583e01416 loan offer generated application_id=APP-2026-764917 loan_type=FLEX_1Y principal_dkk=5315000
2026-03-02T10:31:15.298+01:00 INFO document-service host=document-service-a41e92-t6zvn corrId=c-622878f583e01416 offer document stored application_id=APP-2026-764917 doc_id=DOC-68518e01
2026-03-02T10:31:15.326+01:00 INFO portal-bff host=portal-bff-7c9d5b-t6zvn corrId=c-622878f583e01416 application completed application_id=APP-2026-764917 status=OFFER_ISSUED
2026-03-02T10:35:00.370+01:00 INFO api-gateway host=api-gateway-a41e92-x2k4p corrId=- health probe ok status=200 latency_ms=13
2026-03-02T10:37:12.114+01:00 INFO offer-service host=offer-service-5b8f6c-t6zvn corrId=c-b26e09dbda26399f offer accepted application_id=APP-2026-613528
2026-03-02T10:37:12.141+01:00 INFO ledger-service host=ledger-service-a41e92-x2k4p corrId=c-b26e09dbda26399f funds reserved application_id=APP-2026-613528 amount_dkk=1650000
2026-03-02T10:37:12.162+01:00 INFO payment-service host=payment-service-7c9d5b-t6zvn corrId=c-b26e09dbda26399f payout instruction sent application_id=APP-2026-613528 amount_dkk=1650000
2026-03-02T10:37:12.202+01:00 INFO ledger-service host=ledger-service-a41e92-p9qmz corrId=c-b26e09dbda26399f payout booked application_id=APP-2026-613528 posting_id=PST-3d1ee9f7e5
2026-03-02T10:37:12.288+01:00 INFO notification-service host=notification-service-a41e92-x2k4p corrId=c-b26e09dbda26399f payout confirmation sent application_id=APP-2026-613528
2026-03-02T10:37:23.556+01:00 INFO portal-bff host=portal-bff-5b8f6c-t6zvn corrId=c-4a83eef1686a51df conversion quote requested loan_id=LN314705692 target_product=FLEX_5Y
2026-03-02T10:37:23.652+01:00 INFO identity-service host=identity-service-a41e92-t6zvn corrId=c-4a83eef1686a51df MitID session validated customer_id=C05538298
2026-03-02T10:37:23.710+01:00 INFO pricing-service host=pricing-service-7c9d5b-x2k4p corrId=c-4a83eef1686a51df bond price fetched series=BND4.0-2056 price=88.660
2026-03-02T10:37:23.775+01:00 INFO pricing-service host=pricing-service-5b8f6c-t6zvn corrId=c-4a83eef1686a51df conversion cost calculated loan_id=LN314705692 cost_dkk=63740.10
2026-03-02T10:37:23.902+01:00 INFO quote-service host=quote-service-a41e92-x2k4p corrId=c-4a83eef1686a51df conversion quote issued quote_id=Q39353923 loan_id=LN314705692
2026-03-02T10:39:27.388+01:00 INFO portal-bff host=portal-bff-7c9d5b-x2k4p corrId=c-e90720adf0f15502 conversion quote requested loan_id=LN760921359 target_product=FLEX_5Y
2026-03-02T10:39:27.526+01:00 INFO identity-service host=identity-service-5b8f6c-x2k4p corrId=c-e90720adf0f15502 MitID session validated customer_id=C53844095
2026-03-02T10:39:27.533+01:00 INFO pricing-service host=pricing-service-a41e92-t6zvn corrId=c-e90720adf0f15502 bond price fetched series=BND2.5-2053 price=100.363
2026-03-02T10:39:27.589+01:00 INFO pricing-service host=pricing-service-5b8f6c-x2k4p corrId=c-e90720adf0f15502 conversion cost calculated loan_id=LN760921359 cost_dkk=67145.58
2026-03-02T10:39:27.620+01:00 INFO quote-service host=quote-service-7c9d5b-t6zvn corrId=c-e90720adf0f15502 conversion quote issued quote_id=Q28640351 loan_id=LN760921359
2026-03-02T10:39:36.685+01:00 INFO portal-bff host=portal-bff-5b8f6c-p9qmz corrId=c-093dd7aa8bffa109 conversion quote requested loan_id=LN076716854 target_product=FLEX_5Y
2026-03-02T10:39:36.727+01:00 INFO identity-service host=identity-service-a41e92-p9qmz corrId=c-093dd7aa8bffa109 MitID session validated customer_id=C18914944
2026-03-02T10:39:36.801+01:00 INFO pricing-service host=pricing-service-5b8f6c-p9qmz corrId=c-093dd7aa8bffa109 bond price fetched series=BND4.0-2056 price=101.272
2026-03-02T10:39:36.842+01:00 INFO pricing-service host=pricing-service-5b8f6c-t6zvn corrId=c-093dd7aa8bffa109 conversion cost calculated loan_id=LN076716854 cost_dkk=87410.56
2026-03-02T10:39:36.962+01:00 INFO quote-service host=quote-service-7c9d5b-t6zvn corrId=c-093dd7aa8bffa109 conversion quote issued quote_id=Q07354244 loan_id=LN076716854
2026-03-02T10:40:00.000+01:00 INFO valuation-service host=valuation-service-a41e92-t6zvn corrId=- jvm gc pause pause_ms=45
2026-03-02T10:40:00.162+01:00 INFO payment-scheduler host=payment-scheduler-5b8f6c-x2k4p corrId=- scheduler heartbeat lag_ms=32
2026-03-02T10:40:00.567+01:00 INFO api-gateway host=api-gateway-7c9d5b-t6zvn corrId=- health probe ok status=200 latency_ms=18
2026-03-02T10:41:36.288+01:00 INFO portal-bff host=portal-bff-5b8f6c-p9qmz corrId=c-777f8117a9fd6d7c conversion quote requested loan_id=LN468707976 target_product=FLEX_1Y
2026-03-02T10:41:36.342+01:00 INFO identity-service host=identity-service-a41e92-p9qmz corrId=c-777f8117a9fd6d7c MitID session validated customer_id=C42175804
2026-03-02T10:41:36.460+01:00 INFO pricing-service host=pricing-service-a41e92-t6zvn corrId=c-777f8117a9fd6d7c bond price fetched series=BND3.0-2053 price=100.790
2026-03-02T10:41:36.520+01:00 INFO pricing-service host=pricing-service-5b8f6c-x2k4p corrId=c-777f8117a9fd6d7c conversion cost calculated loan_id=LN468707976 cost_dkk=15549.37
2026-03-02T10:41:36.561+01:00 INFO quote-service host=quote-service-a41e92-t6zvn corrId=c-777f8117a9fd6d7c conversion quote issued quote_id=Q85867993 loan_id=LN468707976
2026-03-02T10:44:40.151+01:00 INFO portal-bff host=portal-bff-5b8f6c-p9qmz corrId=c-2bcaa24960ea7089 loan application submitted application_id=APP-2026-690926 customer_segment=RETAIL
2026-03-02T10:44:40.271+01:00 INFO identity-service host=identity-service-5b8f6c-t6zvn corrId=c-2bcaa24960ea7089 MitID session validated customer_id=C35138540
2026-03-02T10:44:40.295+01:00 INFO customer-service host=customer-service-5b8f6c-p9qmz corrId=c-2bcaa24960ea7089 KYC profile loaded customer_id=C35138540 risk_class=HIGH
2026-03-02T10:44:40.409+01:00 INFO valuation-service host=valuation-service-5b8f6c-t6zvn corrId=c-2bcaa24960ea7089 property valuation requested property_id=P6774325 provider=bolig-vurdering
2026-03-02T10:44:41.094+01:00 INFO valuation-service host=valuation-service-a41e92-p9qmz corrId=c-2bcaa24960ea7089 property valuation received property_id=P6774325 value_dkk=2440000 latency_ms=585
2026-03-02T10:44:41.234+01:00 INFO credit-service host=credit-service-7c9d5b-x2k4p corrId=c-2bcaa24960ea7089 credit assessment completed application_id=APP-2026-690926 score=688 decision=APPROVED
2026-03-02T10:44:41.338+01:00 INFO offer-service host=offer-service-a41e92-x2k4p corrId=c-2bcaa24960ea7089 loan offer generated application_id=APP-2026-690926 loan_type=FLEX_5Y principal_dkk=890000
2026-03-02T10:44:41.432+01:00 INFO document-service host=document-service-a41e92-t6zvn corrId=c-2bcaa24960ea7089 offer document stored application_id=APP-2026-690926 doc_id=DOC-8a247ba3
2026-03-02T10:44:41.471+01:00 INFO portal-bff host=portal-bff-7c9d5b-p9qmz corrId=c-2bcaa24960ea7089 application completed application_id=APP-2026-690926 status=OFFER_ISSUED
2026-03-02T10:44:49.228+01:00 INFO portal-bff host=portal-bff-5b8f6c-t6zvn corrId=c-11f6f1fa0586b9c5 loan application submitted application_id=APP-2026-752775 customer_segment=RETAIL
2026-03-02T10:44:49.333+01:00 WARN identity-service host=identity-service-a41e92-t6zvn corrId=c-11f6f1fa0586b9c5 MitID token refresh attempt=1
2026-03-02T10:44:49.395+01:00 INFO identity-service host=identity-service-a41e92-x2k4p corrId=c-11f6f1fa0586b9c5 MitID session validated customer_id=C14325918
2026-03-02T10:44:49.451+01:00 INFO customer-service host=customer-service-5b8f6c-t6zvn corrId=c-11f6f1fa0586b9c5 KYC profile loaded customer_id=C14325918 risk_class=MEDIUM
2026-03-02T10:44:49.590+01:00 INFO valuation-service host=valuation-service-7c9d5b-t6zvn corrId=c-11f6f1fa0586b9c5 property valuation requested property_id=P2346581 provider=bolig-vurdering
2026-03-02T10:44:50.358+01:00 INFO valuation-service host=valuation-service-5b8f6c-p9qmz corrId=c-11f6f1fa0586b9c5 property valuation received property_id=P2346581 value_dkk=6960000 latency_ms=661
2026-03-02T10:44:50.457+01:00 INFO credit-service host=credit-service-a41e92-p9qmz corrId=c-11f6f1fa0586b9c5 credit assessment completed application_id=APP-2026-752775 score=825 decision=APPROVED
2026-03-02T10:44:50.562+01:00 INFO offer-service host=offer-service-7c9d5b-p9qmz corrId=c-11f6f1fa0586b9c5 loan offer generated application_id=APP-2026-752775 loan_type=FIXED_20Y_IO principal_dkk=1345000
2026-03-02T10:44:50.608+01:00 INFO document-service host=document-service-a41e92-t6zvn corrId=c-11f6f1fa0586b9c5 offer document stored application_id=APP-2026-752775 doc_id=DOC-b4a1fbab
2026-03-02T10:44:50.678+01:00 INFO portal-bff host=portal-bff-7c9d5b-x2k4p corrId=c-11f6f1fa0586b9c5 application completed application_id=APP-2026-752775 status=OFFER_ISSUED
2026-03-02T10:45:00.157+01:00 INFO api-gateway host=api-gateway-5b8f6c-x2k4p corrId=- health probe ok status=200 latency_ms=11
2026-03-02T10:45:37.105+01:00 INFO portal-bff host=portal-bff-a41e92-t6zvn corrId=c-fbeb9809b701ee10 loan application submitted application_id=APP-2026-562262 customer_segment=RETAIL
2026-03-02T10:45:37.238+01:00 INFO identity-service host=identity-service-5b8f6c-p9qmz corrId=c-fbeb9809b701ee10 MitID session validated customer_id=C36186822
2026-03-02T10:45:37.339+01:00 INFO customer-service host=customer-service-5b8f6c-x2k4p corrId=c-fbeb9809b701ee10 KYC profile loaded customer_id=C36186822 risk_class=MEDIUM
2026-03-02T10:45:37.464+01:00 INFO valuation-service host=valuation-service-5b8f6c-t6zvn corrId=c-fbeb9809b701ee10 property valuation served from cache property_id=P4975779 value_dkk=2180000
2026-03-02T10:45:37.557+01:00 INFO credit-service host=credit-service-a41e92-p9qmz corrId=c-fbeb9809b701ee10 credit assessment completed application_id=APP-2026-562262 score=642 decision=APPROVED
2026-03-02T10:45:37.644+01:00 INFO offer-service host=offer-service-5b8f6c-p9qmz corrId=c-fbeb9809b701ee10 loan offer generated application_id=APP-2026-562262 loan_type=FLEX_1Y principal_dkk=1390000
2026-03-02T10:45:37.677+01:00 INFO document-service host=document-service-7c9d5b-x2k4p corrId=c-fbeb9809b701ee10 offer document stored application_id=APP-2026-562262 doc_id=DOC-69fc6a10
2026-03-02T10:45:37.699+01:00 INFO portal-bff host=portal-bff-a41e92-p9qmz corrId=c-fbeb9809b701ee10 application completed application_id=APP-2026-562262 status=OFFER_ISSUED
2026-03-02T10:48:32.804+01:00 INFO offer-service host=offer-service-a41e92-x2k4p corrId=c-1a2b8be7675589fe offer accepted application_id=APP-2026-406861
2026-03-02T10:48:32.925+01:00 INFO ledger-service host=ledger-service-a41e92-p9qmz corrId=c-1a2b8be7675589fe funds reserved application_id=APP-2026-406861 amount_dkk=4890000
2026-03-02T10:48:33.042+01:00 INFO payment-service host=payment-service-7c9d5b-x2k4p corrId=c-1a2b8be7675589fe payout instruction sent application_id=APP-2026-406861 amount_dkk=4890000
2026-03-02T10:48:33.107+01:00 INFO ledger-service host=ledger-service-7c9d5b-p9qmz corrId=c-1a2b8be7675589fe payout booked application_id=APP-2026-406861 posting_id=PST-c9221f440f
2026-03-02T10:48:33.175+01:00 INFO notification-service host=notification-service-5b8f6c-x2k4p corrId=c-1a2b8be7675589fe payout confirmation sent application_id=APP-2026-406861
2026-03-02T10:49:14.900+01:00 INFO portal-bff host=portal-bff-7c9d5b-p9qmz corrId=c-504bff7041ccaf7d conversion quote requested loan_id=LN430227665 target_product=FLEX_1Y
2026-03-02T10:49:15.006+01:00 INFO identity-service host=identity-service-5b8f6c-x2k4p corrId=c-504bff7041ccaf7d MitID session validated customer_id=C45983852
2026-03-02T10:49:15.029+01:00 INFO pricing-service host=pricing-service-5b8f6c-p9qmz corrId=c-504bff7041ccaf7d bond price fetched series=BND4.0-2053 price=97.069
2026-03-02T10:49:15.168+01:00 INFO pricing-service host=pricing-service-5b8f6c-x2k4p corrId=c-504bff7041ccaf7d conversion cost calculated loan_id=LN430227665 cost_dkk=68990.76
2026-03-02T10:49:15.258+01:00 INFO quote-service host=quote-service-5b8f6c-x2k4p corrId=c-504bff7041ccaf7d conversion quote issued quote_id=Q21514643 loan_id=LN430227665
2026-03-02T10:50:00.217+01:00 INFO payment-scheduler host=payment-scheduler-a41e92-p9qmz corrId=- scheduler heartbeat lag_ms=89
2026-03-02T10:50:00.509+01:00 INFO api-gateway host=api-gateway-7c9d5b-t6zvn corrId=- health probe ok status=200 latency_ms=13
2026-03-02T10:50:43.132+01:00 INFO portal-bff host=portal-bff-a41e92-t6zvn corrId=c-65d3da4f983afbc2 loan application submitted application_id=APP-2026-340152 customer_segment=RETAIL
2026-03-02T10:50:43.206+01:00 INFO identity-service host=identity-service-a41e92-t6zvn corrId=c-65d3da4f983afbc2 MitID session validated customer_id=C72674534
2026-03-02T10:50:43.229+01:00 INFO customer-service host=customer-service-7c9d5b-t6zvn corrId=c-65d3da4f983afbc2 KYC profile loaded customer_id=C72674534 risk_class=LOW
2026-03-02T10:50:43.367+01:00 INFO valuation-service host=valuation-service-a41e92-p9qmz corrId=c-65d3da4f983afbc2 property valuation requested property_id=P9578564 provider=bolig-vurdering
2026-03-02T10:50:43.552+01:00 INFO portal-bff host=portal-bff-a41e92-p9qmz corrId=c-dbd3b78f620d995d loan application submitted application_id=APP-2026-255231 customer_segment=RETAIL
2026-03-02T10:50:43.665+01:00 INFO identity-service host=identity-service-5b8f6c-p9qmz corrId=c-dbd3b78f620d995d MitID session validated customer_id=C27334265
2026-03-02T10:50:43.748+01:00 INFO valuation-service host=valuation-service-a41e92-x2k4p corrId=c-65d3da4f983afbc2 property valuation received property_id=P9578564 value_dkk=1810000 latency_ms=368
2026-03-02T10:50:43.758+01:00 INFO credit-service host=credit-service-5b8f6c-x2k4p corrId=c-65d3da4f983afbc2 credit assessment completed application_id=APP-2026-340152 score=619 decision=APPROVED
2026-03-02T10:50:43.764+01:00 INFO customer-service host=customer-service-5b8f6c-p9qmz corrId=c-dbd3b78f620d995d KYC profile loaded customer_id=C27334265 risk_class=LOW
2026-03-02T10:50:43.814+01:00 INFO valuation-service host=valuation-service-a41e92-t6zvn corrId=c-dbd3b78f620d995d property valuation requested property_id=P8837172 provider=bolig-vurdering
2026-03-02T10:50:43.877+01:00 INFO offer-service host=offer-service-a41e92-t6zvn corrId=c-65d3da4f983afbc2 loan offer generated application_id=APP-2026-340152 loan_type=FLEX_1Y principal_dkk=5495000
2026-03-02T10:50:43.915+01:00 INFO document-service host=document-service-a41e92-x2k4p corrId=c-65d3da4f983afbc2 offer document stored application_id=APP-2026-340152 doc_id=DOC-b1502e85
2026-03-02T10:50:43.933+01:00 INFO portal-bff host=portal-bff-5b8f6c-p9qmz corrId=c-65d3da4f983afbc2 application completed application_id=APP-2026-340152 status=OFFER_ISSUED
2026-03-02T10:50:44.385+01:00 INFO valuation-service host=valuation-service-7c9d5b-p9qmz corrId=c-dbd3b78f620d995d property valuation received property_id=P8837172 value_dkk=4730000 latency_ms=447
2026-03-02T10:50:44.413+01:00 INFO credit-service host=credit-service-7c9d5b-x2k4p corrId=c-dbd3b78f620d995d credit assessment completed application_id=APP-2026-255231 score=800 decision=APPROVED
2026-03-02T10:50:44.517+01:00 INFO offer-service host=offer-service-5b8f6c-t6zvn corrId=c-dbd3b78f620d995d loan offer generated application_id=APP-2026-255231 loan_type=FLEX_5Y principal_dkk=5710000
2026-03-02T10:50:44.646+01:00 INFO document-service host=document-service-5b8f6c-t6zvn corrId=c-dbd3b78f620d995d offer document stored application_id=APP-2026-255231 doc_id=DOC-6d7154d9
2026-03-02T10:50:44.710+01:00 INFO portal-bff host=portal-bff-a41e92-x2k4p corrId=c-dbd3b78f620d995d application completed application_id=APP-2026-255231 status=OFFER_ISSUED
2026-03-02T10:50:48.276+01:00 INFO portal-bff host=portal-bff-7c9d5b-p9qmz corrId=c-39fe3a48e70e5e0e conversion quote requested loan_id=LN693903883 target_product=FIXED_30Y
2026-03-02T10:50:48.329+01:00 INFO identity-service host=identity-service-7c9d5b-p9qmz corrId=c-39fe3a48e70e5e0e MitID session validated customer_id=C02002522
2026-03-02T10:50:48.342+01:00 INFO pricing-service host=pricing-service-a41e92-t6zvn corrId=c-39fe3a48e70e5e0e bond price fetched series=BND2.5-2053 price=101.272
2026-03-02T10:50:48.369+01:00 INFO pricing-service host=pricing-service-a41e92-x2k4p corrId=c-39fe3a48e70e5e0e conversion cost calculated loan_id=LN693903883 cost_dkk=69690.47
2026-03-02T10:50:48.461+01:00 INFO quote-service host=quote-service-5b8f6c-t6zvn corrId=c-39fe3a48e70e5e0e conversion quote issued quote_id=Q63028265 loan_id=LN693903883
2026-03-02T10:52:08.525+01:00 INFO portal-bff host=portal-bff-7c9d5b-t6zvn corrId=c-2988265e26125ecd conversion quote requested loan_id=LN521482906 target_product=FLEX_1Y
2026-03-02T10:52:08.640+01:00 INFO identity-service host=identity-service-a41e92-p9qmz corrId=c-2988265e26125ecd MitID session validated customer_id=C61631513
2026-03-02T10:52:08.715+01:00 INFO pricing-service host=pricing-service-7c9d5b-x2k4p corrId=c-2988265e26125ecd bond price fetched series=BND2.5-2056 price=98.656
2026-03-02T10:52:08.780+01:00 INFO pricing-service host=pricing-service-7c9d5b-t6zvn corrId=c-2988265e26125ecd conversion cost calculated loan_id=LN521482906 cost_dkk=34188.56
2026-03-02T10:52:08.839+01:00 INFO quote-service host=quote-service-5b8f6c-p9qmz corrId=c-2988265e26125ecd conversion quote issued quote_id=Q31036669 loan_id=LN521482906
2026-03-02T10:52:37.352+01:00 INFO portal-bff host=portal-bff-a41e92-p9qmz corrId=c-fb85c675f95da9b1 loan application submitted application_id=APP-2026-818317 customer_segment=RETAIL
2026-03-02T10:52:37.480+01:00 INFO identity-service host=identity-service-a41e92-x2k4p corrId=c-fb85c675f95da9b1 MitID session validated customer_id=C38568919
2026-03-02T10:52:37.504+01:00 INFO customer-service host=customer-service-5b8f6c-t6zvn corrId=c-fb85c675f95da9b1 KYC profile loaded customer_id=C38568919 risk_class=LOW
2026-03-02T10:52:37.597+01:00 INFO valuation-service host=valuation-service-7c9d5b-p9qmz corrId=c-fb85c675f95da9b1 property valuation requested property_id=P7147050 provider=valuta-ejd
2026-03-02T10:52:38.573+01:00 INFO valuation-service host=valuation-service-5b8f6c-x2k4p corrId=c-fb85c675f95da9b1 property valuation received property_id=P7147050 value_dkk=8560000 latency_ms=857
2026-03-02T10:52:38.637+01:00 INFO credit-service host=credit-service-a41e92-p9qmz corrId=c-fb85c675f95da9b1 credit assessment completed application_id=APP-2026-818317 score=740 decision=APPROVED
2026-03-02T10:52:38.652+01:00 INFO offer-service host=offer-service-7c9d5b-p9qmz corrId=c-fb85c675f95da9b1 loan offer generated application_id=APP-2026-818317 loan_type=FLEX_5Y principal_dkk=3000000
2026-03-02T10:52:38.713+01:00 INFO document-service host=document-service-5b8f6c-x2k4p corrId=c-fb85c675f95da9b1 offer document stored application_id=APP-2026-818317 doc_id=DOC-8d87834a
2026-03-02T10:52:38.742+01:00 INFO portal-bff host=portal-bff-a41e92-t6zvn corrId=c-fb85c675f95da9b1 application completed application_id=APP-2026-818317 status=OFFER_ISSUED
2026-03-02T10:53:31.004+01:00 INFO offer-service host=offer-service-7c9d5b-x2k4p corrId=c-6116ece48563018e offer accepted application_id=APP-2026-621191
2026-03-02T10:53:31.012+01:00 INFO ledger-service host=ledger-service-5b8f6c-p9qmz corrId=c-6116ece48563018e funds reserved application_id=APP-2026-621191 amount_dkk=4810000
2026-03-02T10:53:31.112+01:00 INFO payment-service host=payment-service-7c9d5b-p9qmz corrId=c-6116ece48563018e payout instruction sent application_id=APP-2026-621191 amount_dkk=4810000
2026-03-02T10:53:31.120+01:00 INFO ledger-service host=ledger-service-7c9d5b-p9qmz corrId=c-6116ece48563018e payout booked application_id=APP-2026-621191 posting_id=PST-57190dfce0
2026-03-02T10:53:31.216+01:00 INFO notification-service host=notification-service-7c9d5b-t6zvn corrId=c-6116ece48563018e payout confirmation sent application_id=APP-2026-621191
2026-03-02T10:55:00.455+01:00 INFO api-gateway host=api-gateway-a41e92-p9qmz corrId=- health probe ok status=200 latency_ms=9
2026-03-02T10:55:32.711+01:00 INFO portal-bff host=portal-bff-5b8f6c-x2k4p corrId=c-ecbd7a49073356c4 conversion quote requested loan_id=LN715522810 target_product=FLEX_5Y
2026-03-02T10:55:32.722+01:00 INFO identity-service host=identity-service-5b8f6c-x2k4p corrId=c-ecbd7a49073356c4 MitID session validated customer_id=C20637946
2026-03-02T10:55:32.743+01:00 INFO pricing-service host=pricing-service-5b8f6c-x2k4p corrId=c-ecbd7a49073356c4 bond price fetched series=BND4.0-2056 price=96.878
2026-03-02T10:55:32.843+01:00 INFO pricing-service host=pricing-service-7c9d5b-x2k4p corrId=c-ecbd7a49073356c4 conversion cost calculated loan_id=LN715522810 cost_dkk=42345.67
2026-03-02T10:55:32.890+01:00 INFO quote-service host=quote-service-5b8f6c-p9qmz corrId=c-ecbd7a49073356c4 conversion quote issued quote_id=Q51277638 loan_id=LN715522810
2026-03-02T10:58:45.497+01:00 INFO portal-bff host=portal-bff-5b8f6c-x2k4p corrId=c-1dd647f7e05baaaf conversion quote requested loan_id=LN739232284 target_product=FIXED_30Y
2026-03-02T10:58:45.508+01:00 INFO identity-service host=identity-service-7c9d5b-t6zvn corrId=c-1dd647f7e05baaaf MitID session validated customer_id=C98774837
2026-03-02T10:58:45.614+01:00 INFO pricing-service host=pricing-service-5b8f6c-p9qmz corrId=c-1dd647f7e05baaaf bond price fetched series=BND2.5-2053 price=88.291
2026-03-02T10:58:45.701+01:00 INFO pricing-service host=pricing-service-5b8f6c-x2k4p corrId=c-1dd647f7e05baaaf conversion cost calculated loan_id=LN739232284 cost_dkk=72523.28
2026-03-02T10:58:45.830+01:00 INFO quote-service host=quote-service-7c9d5b-t6zvn corrId=c-1dd647f7e05baaaf conversion quote issued quote_id=Q28660552 loan_id=LN739232284
2026-03-02T11:00:00.026+01:00 INFO payment-scheduler host=payment-scheduler-a41e92-p9qmz corrId=- scheduler heartbeat lag_ms=32
2026-03-02T11:00:00.184+01:00 INFO api-gateway host=api-gateway-5b8f6c-t6zvn corrId=- health probe ok status=200 latency_ms=7
2026-03-02T11:00:20.538+01:00 INFO portal-bff host=portal-bff-a41e92-p9qmz corrId=c-cd689035b95baceb loan application submitted application_id=APP-2026-722775 customer_segment=RETAIL
2026-03-02T11:00:20.590+01:00 INFO identity-service host=identity-service-a41e92-p9qmz corrId=c-cd689035b95baceb MitID session validated customer_id=C50924804
2026-03-02T11:00:20.651+01:00 INFO customer-service host=customer-service-a41e92-t6zvn corrId=c-cd689035b95baceb KYC profile loaded customer_id=C50924804 risk_class=LOW
2026-03-02T11:00:20.770+01:00 INFO valuation-service host=valuation-service-a41e92-p9qmz corrId=c-cd689035b95baceb property valuation requested property_id=P3862823 provider=bolig-vurdering
2026-03-02T11:00:21.219+01:00 INFO valuation-service host=valuation-service-5b8f6c-x2k4p corrId=c-cd689035b95baceb property valuation received property_id=P3862823 value_dkk=7840000 latency_ms=432
2026-03-02T11:00:21.271+01:00 INFO credit-service host=credit-service-5b8f6c-x2k4p corrId=c-cd689035b95baceb credit assessment completed application_id=APP-2026-722775 score=832 decision=APPROVED
2026-03-02T11:00:21.338+01:00 INFO offer-service host=offer-service-5b8f6c-t6zvn corrId=c-cd689035b95baceb loan offer generated application_id=APP-2026-722775 loan_type=FLEX_1Y principal_dkk=3495000
2026-03-02T11:00:21.395+01:00 INFO document-service host=document-service-7c9d5b-x2k4p corrId=c-cd689035b95baceb offer document stored application_id=APP-2026-722775 doc_id=DOC-ccbb98cb
2026-03-02T11:00:21.455+01:00 INFO portal-bff host=portal-bff-a41e92-p9qmz corrId=c-cd689035b95baceb application completed application_id=APP-2026-722775 status=OFFER_ISSUED
2026-03-02T11:00:52.000+01:00 INFO config-service host=config-service-7c9d5b-t6zvn corrId=- configuration refreshed version=v113
2026-03-02T11:01:39.137+01:00 INFO offer-service host=offer-service-a41e92-t6zvn corrId=c-5bac8924b59969ca offer accepted application_id=APP-2026-741811
2026-03-02T11:01:39.143+01:00 INFO ledger-service host=ledger-service-7c9d5b-p9qmz corrId=c-5bac8924b59969ca funds reserved application_id=APP-2026-741811 amount_dkk=535000
2026-03-02T11:01:39.183+01:00 INFO payment-service host=payment-service-5b8f6c-p9qmz corrId=c-5bac8924b59969ca payout instruction sent application_id=APP-2026-741811 amount_dkk=535000
2026-03-02T11:01:39.224+01:00 INFO ledger-service host=ledger-service-a41e92-t6zvn corrId=c-5bac8924b59969ca payout booked application_id=APP-2026-741811 posting_id=PST-d706d559e4
2026-03-02T11:01:39.239+01:00 INFO notification-service host=notification-service-5b8f6c-t6zvn corrId=c-5bac8924b59969ca payout confirmation sent application_id=APP-2026-741811
2026-03-02T11:02:40.419+01:00 INFO offer-service host=offer-service-5b8f6c-x2k4p corrId=c-acb6daad11c5355b offer accepted application_id=APP-2026-588616
2026-03-02T11:02:40.523+01:00 INFO ledger-service host=ledger-service-5b8f6c-x2k4p corrId=c-acb6daad11c5355b funds reserved application_id=APP-2026-588616 amount_dkk=2480000
2026-03-02T11:02:40.647+01:00 INFO payment-service host=payment-service-a41e92-t6zvn corrId=c-acb6daad11c5355b payout instruction sent application_id=APP-2026-588616 amount_dkk=2480000
2026-03-02T11:02:40.714+01:00 INFO ledger-service host=ledger-service-7c9d5b-x2k4p corrId=c-acb6daad11c5355b payout booked application_id=APP-2026-588616 posting_id=PST-95b1d7e5db
2026-03-02T11:02:40.803+01:00 INFO notification-service host=notification-service-a41e92-x2k4p corrId=c-acb6daad11c5355b payout confirmation sent application_id=APP-2026-588616
2026-03-02T11:03:04.059+01:00 INFO offer-service host=offer-service-5b8f6c-p9qmz corrId=c-05fb3559cfa71151 offer accepted application_id=APP-2026-409606
2026-03-02T11:03:04.177+01:00 INFO ledger-service host=ledger-service-a41e92-x2k4p corrId=c-05fb3559cfa71151 funds reserved application_id=APP-2026-409606 amount_dkk=4880000
2026-03-02T11:03:04.255+01:00 INFO payment-service host=payment-service-7c9d5b-p9qmz corrId=c-05fb3559cfa71151 payout instruction sent application_id=APP-2026-409606 amount_dkk=4880000
2026-03-02T11:03:04.384+01:00 INFO ledger-service host=ledger-service-7c9d5b-t6zvn corrId=c-05fb3559cfa71151 payout booked application_id=APP-2026-409606 posting_id=PST-11f540d013
2026-03-02T11:03:04.461+01:00 INFO notification-service host=notification-service-7c9d5b-t6zvn corrId=c-05fb3559cfa71151 payout confirmation sent application_id=APP-2026-409606
2026-03-02T11:03:58.737+01:00 INFO portal-bff host=portal-bff-7c9d5b-x2k4p corrId=c-91214907728d3726 loan application submitted application_id=APP-2026-308398 customer_segment=SME
2026-03-02T11:03:58.823+01:00 INFO identity-service host=identity-service-5b8f6c-p9qmz corrId=c-91214907728d3726 MitID session validated customer_id=C68213926
2026-03-02T11:03:58.888+01:00 INFO customer-service host=customer-service-5b8f6c-x2k4p corrId=c-91214907728d3726 KYC profile loaded customer_id=C68213926 risk_class=LOW
2026-03-02T11:03:59.023+01:00 INFO valuation-service host=valuation-service-a41e92-t6zvn corrId=c-91214907728d3726 property valuation requested property_id=P5539758 provider=valuta-ejd
2026-03-02T11:03:59.312+01:00 INFO valuation-service host=valuation-service-a41e92-x2k4p corrId=c-91214907728d3726 property valuation received property_id=P5539758 value_dkk=8880000 latency_ms=274
2026-03-02T11:03:59.405+01:00 INFO credit-service host=credit-service-a41e92-p9qmz corrId=c-91214907728d3726 credit assessment completed application_id=APP-2026-308398 score=727 decision=APPROVED
2026-03-02T11:03:59.533+01:00 INFO offer-service host=offer-service-7c9d5b-x2k4p corrId=c-91214907728d3726 loan offer generated application_id=APP-2026-308398 loan_type=FIXED_20Y_IO principal_dkk=2950000
2026-03-02T11:03:59.608+01:00 INFO document-service host=document-service-7c9d5b-x2k4p corrId=c-91214907728d3726 offer document stored application_id=APP-2026-308398 doc_id=DOC-e4147f2e
2026-03-02T11:03:59.654+01:00 INFO portal-bff host=portal-bff-a41e92-p9qmz corrId=c-91214907728d3726 application completed application_id=APP-2026-308398 status=OFFER_ISSUED
2026-03-02T11:05:00.287+01:00 INFO api-gateway host=api-gateway-7c9d5b-p9qmz corrId=- health probe ok status=200 latency_ms=30
2026-03-02T11:05:36.440+01:00 INFO portal-bff host=portal-bff-5b8f6c-t6zvn corrId=c-1976f60cad0392c3 loan application submitted application_id=APP-2026-360412 customer_segment=SME
2026-03-02T11:05:36.482+01:00 INFO identity-service host=identity-service-a41e92-t6zvn corrId=c-1976f60cad0392c3 MitID session validated customer_id=C37748548
2026-03-02T11:05:36.563+01:00 INFO customer-service host=customer-service-7c9d5b-x2k4p corrId=c-1976f60cad0392c3 KYC profile loaded customer_id=C37748548 risk_class=LOW
2026-03-02T11:05:36.685+01:00 INFO valuation-service host=valuation-service-7c9d5b-x2k4p corrId=c-1976f60cad0392c3 property valuation requested property_id=P0817424 provider=bolig-vurdering
2026-03-02T11:05:37.532+01:00 INFO valuation-service host=valuation-service-5b8f6c-x2k4p corrId=c-1976f60cad0392c3 property valuation received property_id=P0817424 value_dkk=6790000 latency_ms=750
2026-03-02T11:05:37.594+01:00 INFO credit-service host=credit-service-a41e92-x2k4p corrId=c-1976f60cad0392c3 credit assessment completed application_id=APP-2026-360412 score=497 decision=APPROVED
2026-03-02T11:05:37.680+01:00 INFO offer-service host=offer-service-5b8f6c-t6zvn corrId=c-1976f60cad0392c3 loan offer generated application_id=APP-2026-360412 loan_type=FIXED_20Y_IO principal_dkk=1075000
2026-03-02T11:05:37.773+01:00 INFO document-service host=document-service-a41e92-x2k4p corrId=c-1976f60cad0392c3 offer document stored application_id=APP-2026-360412 doc_id=DOC-7e215efa
2026-03-02T11:05:37.819+01:00 INFO portal-bff host=portal-bff-5b8f6c-t6zvn corrId=c-1976f60cad0392c3 application completed application_id=APP-2026-360412 status=OFFER_ISSUED
2026-03-02T11:05:38.396+01:00 INFO portal-bff host=portal-bff-7c9d5b-p9qmz corrId=c-c8ec988b5093e4a2 loan application submitted application_id=APP-2026-457579 customer_segment=SME
2026-03-02T11:05:38.459+01:00 INFO identity-service host=identity-service-5b8f6c-p9qmz corrId=c-c8ec988b5093e4a2 MitID session validated customer_id=C70162117
2026-03-02T11:05:38.583+01:00 INFO customer-service host=customer-service-5b8f6c-x2k4p corrId=c-c8ec988b5093e4a2 KYC profile loaded customer_id=C70162117 risk_class=HIGH
2026-03-02T11:05:38.674+01:00 INFO valuation-service host=valuation-service-a41e92-t6zvn corrId=c-c8ec988b5093e4a2 property valuation served from cache property_id=P5710333 value_dkk=4120000
2026-03-02T11:05:38.723+01:00 INFO credit-service host=credit-service-7c9d5b-x2k4p corrId=c-c8ec988b5093e4a2 credit assessment completed application_id=APP-2026-457579 score=728 decision=APPROVED
2026-03-02T11:05:38.807+01:00 INFO offer-service host=offer-service-5b8f6c-t6zvn corrId=c-c8ec988b5093e4a2 loan offer generated application_id=APP-2026-457579 loan_type=FLEX_1Y principal_dkk=2660000
2026-03-02T11:05:38.867+01:00 INFO document-service host=document-service-a41e92-p9qmz corrId=c-c8ec988b5093e4a2 offer document stored application_id=APP-2026-457579 doc_id=DOC-d7cfb1ed
2026-03-02T11:05:38.912+01:00 INFO portal-bff host=portal-bff-5b8f6c-t6zvn corrId=c-c8ec988b5093e4a2 application completed application_id=APP-2026-457579 status=OFFER_ISSUED
2026-03-02T11:06:40.014+01:00 INFO portal-bff host=portal-bff-5b8f6c-p9qmz corrId=c-8c056d9cbd274005 conversion quote requested loan_id=LN844360324 target_product=FIXED_30Y
2026-03-02T11:06:40.032+01:00 INFO identity-service host=identity-service-5b8f6c-t6zvn corrId=c-8c056d9cbd274005 MitID session validated customer_id=C00752326
2026-03-02T11:06:40.046+01:00 INFO pricing-service host=pricing-service-7c9d5b-p9qmz corrId=c-8c056d9cbd274005 bond price fetched series=BND4.0-2053 price=94.391
2026-03-02T11:06:40.059+01:00 INFO pricing-service host=pricing-service-a41e92-x2k4p corrId=c-8c056d9cbd274005 conversion cost calculated loan_id=LN844360324 cost_dkk=34774.87
2026-03-02T11:06:40.128+01:00 INFO quote-service host=quote-service-7c9d5b-t6zvn corrId=c-8c056d9cbd274005 conversion quote issued quote_id=Q84527090 loan_id=LN844360324
2026-03-02T11:09:14.344+01:00 INFO portal-bff host=portal-bff-a41e92-x2k4p corrId=c-7c5f09f615baecfe loan application submitted application_id=APP-2026-563758 customer_segment=SME
2026-03-02T11:09:14.352+01:00 INFO identity-service host=identity-service-7c9d5b-p9qmz corrId=c-7c5f09f615baecfe MitID session validated customer_id=C49803843
2026-03-02T11:09:14.409+01:00 INFO customer-service host=customer-service-5b8f6c-t6zvn corrId=c-7c5f09f615baecfe KYC profile loaded customer_id=C49803843 risk_class=LOW
2026-03-02T11:09:14.463+01:00 INFO valuation-service host=valuation-service-5b8f6c-x2k4p corrId=c-7c5f09f615baecfe property valuation requested property_id=P4441804 provider=bolig-vurdering
2026-03-02T11:09:15.018+01:00 INFO valuation-service host=valuation-service-7c9d5b-t6zvn corrId=c-7c5f09f615baecfe property valuation received property_id=P4441804 value_dkk=6380000 latency_ms=418
2026-03-02T11:09:15.110+01:00 INFO credit-service host=credit-service-5b8f6c-x2k4p corrId=c-7c5f09f615baecfe credit assessment completed application_id=APP-2026-563758 score=702 decision=APPROVED
2026-03-02T11:09:15.184+01:00 INFO offer-service host=offer-service-5b8f6c-t6zvn corrId=c-7c5f09f615baecfe loan offer generated application_id=APP-2026-563758 loan_type=FIXED_30Y principal_dkk=455000
2026-03-02T11:09:15.267+01:00 INFO document-service host=document-service-a41e92-t6zvn corrId=c-7c5f09f615baecfe offer document stored application_id=APP-2026-563758 doc_id=DOC-4a7f03e6
2026-03-02T11:09:15.364+01:00 INFO portal-bff host=portal-bff-5b8f6c-x2k4p corrId=c-7c5f09f615baecfe application completed application_id=APP-2026-563758 status=OFFER_ISSUED
2026-03-02T11:09:28.783+01:00 INFO portal-bff host=portal-bff-7c9d5b-p9qmz corrId=c-49ff3bad7327654f conversion quote requested loan_id=LN169324305 target_product=FLEX_5Y
2026-03-02T11:09:28.842+01:00 INFO identity-service host=identity-service-7c9d5b-t6zvn corrId=c-49ff3bad7327654f MitID session validated customer_id=C78149781
2026-03-02T11:09:28.956+01:00 INFO pricing-service host=pricing-service-7c9d5b-t6zvn corrId=c-49ff3bad7327654f bond price fetched series=BND4.0-2056 price=92.065
2026-03-02T11:09:29.051+01:00 INFO pricing-service host=pricing-service-a41e92-t6zvn corrId=c-49ff3bad7327654f conversion cost calculated loan_id=LN169324305 cost_dkk=37813.56
2026-03-02T11:09:29.137+01:00 INFO quote-service host=quote-service-7c9d5b-t6zvn corrId=c-49ff3bad7327654f conversion quote issued quote_id=Q95552130 loan_id=LN169324305
2026-03-02T11:10:00.260+01:00 INFO payment-scheduler host=payment-scheduler-5b8f6c-t6zvn corrId=- scheduler heartbeat lag_ms=16
2026-03-02T11:10:00.693+01:00 INFO api-gateway host=api-gateway-5b8f6c-t6zvn corrId=- health probe ok status=200 latency_ms=20
2026-03-02T11:11:02.626+01:00 INFO offer-service host=offer-service-a41e92-p9qmz corrId=c-214caad2d1b5e1bf offer accepted application_id=APP-2026-626737
2026-03-02T11:11:02.756+01:00 INFO ledger-service host=ledger-service-7c9d5b-t6zvn corrId=c-214caad2d1b5e1bf funds reserved application_id=APP-2026-626737 amount_dkk=4930000
2026-03-02T11:11:02.768+01:00 INFO payment-service host=payment-service-7c9d5b-x2k4p corrId=c-214caad2d1b5e1bf payout instruction sent application_id=APP-2026-626737 amount_dkk=4930000
2026-03-02T11:11:02.809+01:00 INFO ledger-service host=ledger-service-7c9d5b-x2k4p corrId=c-214caad2d1b5e1bf payout booked application_id=APP-2026-626737 posting_id=PST-54b1118ee2
2026-03-02T11:11:02.924+01:00 INFO notification-service host=notification-service-5b8f6c-t6zvn corrId=c-214caad2d1b5e1bf payout confirmation sent application_id=APP-2026-626737
2026-03-02T11:11:16.003+01:00 INFO portal-bff host=portal-bff-7c9d5b-x2k4p corrId=c-38e2336ab00edf49 loan application submitted application_id=APP-2026-124449 customer_segment=RETAIL
2026-03-02T11:11:16.038+01:00 INFO identity-service host=identity-service-5b8f6c-x2k4p corrId=c-38e2336ab00edf49 MitID session validated customer_id=C60561537
2026-03-02T11:11:16.142+01:00 INFO customer-service host=customer-service-7c9d5b-t6zvn corrId=c-38e2336ab00edf49 KYC profile loaded customer_id=C60561537 risk_class=MEDIUM
2026-03-02T11:11:16.231+01:00 INFO valuation-service host=valuation-service-7c9d5b-x2k4p corrId=c-38e2336ab00edf49 property valuation requested property_id=P3691684 provider=bolig-vurdering
2026-03-02T11:11:16.626+01:00 INFO valuation-service host=valuation-service-5b8f6c-t6zvn corrId=c-38e2336ab00edf49 property valuation received property_id=P3691684 value_dkk=5140000 latency_ms=294
2026-03-02T11:11:16.733+01:00 INFO credit-service host=credit-service-a41e92-x2k4p corrId=c-38e2336ab00edf49 credit assessment completed application_id=APP-2026-124449 score=472 decision=APPROVED
2026-03-02T11:11:16.784+01:00 INFO offer-service host=offer-service-5b8f6c-p9qmz corrId=c-38e2336ab00edf49 loan offer generated application_id=APP-2026-124449 loan_type=FLEX_1Y principal_dkk=4535000
2026-03-02T11:11:16.873+01:00 INFO document-service host=document-service-a41e92-t6zvn corrId=c-38e2336ab00edf49 offer document stored application_id=APP-2026-124449 doc_id=DOC-9d0252c5
2026-03-02T11:11:16.901+01:00 INFO portal-bff host=portal-bff-a41e92-t6zvn corrId=c-38e2336ab00edf49 application completed application_id=APP-2026-124449 status=OFFER_ISSUED
2026-03-02T11:12:12.237+01:00 INFO portal-bff host=portal-bff-5b8f6c-p9qmz corrId=c-3631eb3e2da5184e loan application submitted application_id=APP-2026-654281 customer_segment=RETAIL
2026-03-02T11:12:12.303+01:00 INFO identity-service host=identity-service-5b8f6c-p9qmz corrId=c-3631eb3e2da5184e MitID session validated customer_id=C87675569
2026-03-02T11:12:12.440+01:00 INFO customer-service host=customer-service-5b8f6c-p9qmz corrId=c-3631eb3e2da5184e KYC profile loaded customer_id=C87675569 risk_class=HIGH
2026-03-02T11:12:12.487+01:00 INFO valuation-service host=valuation-service-a41e92-x2k4p corrId=c-3631eb3e2da5184e property valuation requested property_id=P8795022 provider=bolig-vurdering
2026-03-02T11:12:13.131+01:00 INFO valuation-service host=valuation-service-5b8f6c-t6zvn corrId=c-3631eb3e2da5184e property valuation received property_id=P8795022 value_dkk=6470000 latency_ms=572
2026-03-02T11:12:13.261+01:00 INFO credit-service host=credit-service-a41e92-x2k4p corrId=c-3631eb3e2da5184e credit assessment completed application_id=APP-2026-654281 score=823 decision=APPROVED
2026-03-02T11:12:13.299+01:00 INFO offer-service host=offer-service-a41e92-x2k4p corrId=c-3631eb3e2da5184e loan offer generated application_id=APP-2026-654281 loan_type=FIXED_30Y principal_dkk=1515000
2026-03-02T11:12:13.399+01:00 INFO document-service host=document-service-a41e92-p9qmz corrId=c-3631eb3e2da5184e offer document stored application_id=APP-2026-654281 doc_id=DOC-3569641e
2026-03-02T11:12:13.408+01:00 INFO portal-bff host=portal-bff-7c9d5b-p9qmz corrId=c-3631eb3e2da5184e application completed application_id=APP-2026-654281 status=OFFER_ISSUED
2026-03-02T11:13:15.619+01:00 INFO portal-bff host=portal-bff-a41e92-x2k4p corrId=c-2c58c4952941525b conversion quote requested loan_id=LN024085021 target_product=FIXED_30Y
2026-03-02T11:13:15.730+01:00 INFO identity-service host=identity-service-5b8f6c-p9qmz corrId=c-2c58c4952941525b MitID session validated customer_id=C45088669
2026-03-02T11:13:15.752+01:00 INFO pricing-service host=pricing-service-a41e92-t6zvn corrId=c-2c58c4952941525b bond price fetched series=BND3.0-2053 price=94.049
2026-03-02T11:13:15.844+01:00 INFO pricing-service host=pricing-service-a41e92-p9qmz corrId=c-2c58c4952941525b conversion cost calculated loan_id=LN024085021 cost_dkk=49891.29
2026-03-02T11:13:15.926+01:00 INFO quote-service host=quote-service-7c9d5b-p9qmz corrId=c-2c58c4952941525b conversion quote issued quote_id=Q61565811 loan_id=LN024085021
2026-03-02T11:13:39.554+01:00 INFO portal-bff host=portal-bff-7c9d5b-x2k4p corrId=c-e1f7f301b8904d5c loan application submitted application_id=APP-2026-322198 customer_segment=RETAIL
2026-03-02T11:13:39.581+01:00 INFO identity-service host=identity-service-7c9d5b-t6zvn corrId=c-e1f7f301b8904d5c MitID session validated customer_id=C23694465
2026-03-02T11:13:39.664+01:00 INFO customer-service host=customer-service-7c9d5b-p9qmz corrId=c-e1f7f301b8904d5c KYC profile loaded customer_id=C23694465 risk_class=LOW
2026-03-02T11:13:39.705+01:00 INFO valuation-service host=valuation-service-a41e92-t6zvn corrId=c-e1f7f301b8904d5c property valuation requested property_id=P0872073 provider=valuta-ejd
2026-03-02T11:13:40.420+01:00 INFO valuation-service host=valuation-service-a41e92-t6zvn corrId=c-e1f7f301b8904d5c property valuation received property_id=P0872073 value_dkk=3390000 latency_ms=577
2026-03-02T11:13:40.494+01:00 INFO credit-service host=credit-service-a41e92-t6zvn corrId=c-e1f7f301b8904d5c credit assessment completed application_id=APP-2026-322198 score=758 decision=APPROVED
2026-03-02T11:13:40.538+01:00 INFO offer-service host=offer-service-a41e92-t6zvn corrId=c-e1f7f301b8904d5c loan offer generated application_id=APP-2026-322198 loan_type=FIXED_20Y_IO principal_dkk=2300000
2026-03-02T11:13:40.608+01:00 INFO document-service host=document-service-7c9d5b-x2k4p corrId=c-e1f7f301b8904d5c offer document stored application_id=APP-2026-322198 doc_id=DOC-70c6ff87
2026-03-02T11:13:40.677+01:00 INFO portal-bff host=portal-bff-5b8f6c-t6zvn corrId=c-e1f7f301b8904d5c application completed application_id=APP-2026-322198 status=OFFER_ISSUED
2026-03-02T11:14:44.549+01:00 INFO portal-bff host=portal-bff-7c9d5b-x2k4p corrId=c-e441a41a4e755a9a conversion quote requested loan_id=LN590409471 target_product=FLEX_1Y
2026-03-02T11:14:44.679+01:00 INFO identity-service host=identity-service-5b8f6c-t6zvn corrId=c-e441a41a4e755a9a MitID session validated customer_id=C01630019
2026-03-02T11:14:44.816+01:00 INFO pricing-service host=pricing-service-a41e92-t6zvn corrId=c-e441a41a4e755a9a bond price fetched series=BND3.0-2053 price=89.669
2026-03-02T11:14:44.919+01:00 INFO pricing-service host=pricing-service-5b8f6c-t6zvn corrId=c-e441a41a4e755a9a conversion cost calculated loan_id=LN590409471 cost_dkk=67802.15
2026-03-02T11:14:45.008+01:00 INFO quote-service host=quote-service-a41e92-p9qmz corrId=c-e441a41a4e755a9a conversion quote issued quote_id=Q17823716 loan_id=LN590409471
2026-03-02T11:15:00.880+01:00 INFO api-gateway host=api-gateway-7c9d5b-t6zvn corrId=- health probe ok status=200 latency_ms=35
2026-03-02T11:15:03.709+01:00 INFO portal-bff host=portal-bff-a41e92-x2k4p corrId=c-ce5b58bb0ba75b18 loan application submitted application_id=APP-2026-035769 customer_segment=SME
2026-03-02T11:15:03.717+01:00 INFO identity-service host=identity-service-a41e92-p9qmz corrId=c-ce5b58bb0ba75b18 MitID session validated customer_id=C57546850
2026-03-02T11:15:03.769+01:00 INFO customer-service host=customer-service-7c9d5b-x2k4p corrId=c-ce5b58bb0ba75b18 KYC profile loaded customer_id=C57546850 risk_class=HIGH
2026-03-02T11:15:03.871+01:00 INFO valuation-service host=valuation-service-a41e92-x2k4p corrId=c-ce5b58bb0ba75b18 property valuation requested property_id=P8059930 provider=bolig-vurdering
2026-03-02T11:15:04.316+01:00 INFO valuation-service host=valuation-service-a41e92-p9qmz corrId=c-ce5b58bb0ba75b18 property valuation received property_id=P8059930 value_dkk=3460000 latency_ms=405
2026-03-02T11:15:04.397+01:00 INFO credit-service host=credit-service-5b8f6c-t6zvn corrId=c-ce5b58bb0ba75b18 credit assessment completed application_id=APP-2026-035769 score=837 decision=APPROVED
2026-03-02T11:15:04.516+01:00 INFO offer-service host=offer-service-5b8f6c-t6zvn corrId=c-ce5b58bb0ba75b18 loan offer generated application_id=APP-2026-035769 loan_type=FLEX_5Y principal_dkk=3310000
2026-03-02T11:15:04.607+01:00 INFO document-service host=document-service-a41e92-p9qmz corrId=c-ce5b58bb0ba75b18 offer document stored application_id=APP-2026-035769 doc_id=DOC-3ef6c3cc
2026-03-02T11:15:04.704+01:00 INFO portal-bff host=portal-bff-7c9d5b-x2k4p corrId=c-ce5b58bb0ba75b18 application completed application_id=APP-2026-035769 status=OFFER_ISSUED
2026-03-02T11:15:14.355+01:00 INFO portal-bff host=portal-bff-a41e92-t6zvn corrId=c-3bad6666565fc3c8 conversion quote requested loan_id=LN081697211 target_product=FIXED_30Y
2026-03-02T11:15:14.363+01:00 INFO identity-service host=identity-service-a41e92-p9qmz corrId=c-3bad6666565fc3c8 MitID session validated customer_id=C85321453
2026-03-02T11:15:14.486+01:00 INFO pricing-service host=pricing-service-a41e92-x2k4p corrId=c-3bad6666565fc3c8 bond price fetched series=BND3.0-2053 price=94.927
2026-03-02T11:15:14.539+01:00 INFO pricing-service host=pricing-service-5b8f6c-t6zvn corrId=c-3bad6666565fc3c8 conversion cost calculated loan_id=LN081697211 cost_dkk=74415.92
2026-03-02T11:15:14.585+01:00 INFO quote-service host=quote-service-a41e92-p9qmz corrId=c-3bad6666565fc3c8 conversion quote issued quote_id=Q24502246 loan_id=LN081697211
2026-03-02T11:16:14.047+01:00 INFO portal-bff host=portal-bff-a41e92-t6zvn corrId=c-477d720c05f1f222 loan application submitted application_id=APP-2026-000384 customer_segment=PRIVATE
2026-03-02T11:16:14.138+01:00 INFO identity-service host=identity-service-a41e92-t6zvn corrId=c-477d720c05f1f222 MitID session validated customer_id=C31069969
2026-03-02T11:16:14.189+01:00 INFO customer-service host=customer-service-5b8f6c-p9qmz corrId=c-477d720c05f1f222 KYC profile loaded customer_id=C31069969 risk_class=HIGH
2026-03-02T11:16:14.230+01:00 INFO valuation-service host=valuation-service-a41e92-t6zvn corrId=c-477d720c05f1f222 property valuation served from cache property_id=P5306249 value_dkk=3640000
2026-03-02T11:16:14.337+01:00 INFO credit-service host=credit-service-7c9d5b-t6zvn corrId=c-477d720c05f1f222 credit assessment completed application_id=APP-2026-000384 score=472 decision=APPROVED
2026-03-02T11:16:14.465+01:00 INFO offer-service host=offer-service-7c9d5b-t6zvn corrId=c-477d720c05f1f222 loan offer generated application_id=APP-2026-000384 loan_type=FIXED_20Y_IO principal_dkk=1185000
2026-03-02T11:16:14.557+01:00 INFO document-service host=document-service-7c9d5b-t6zvn corrId=c-477d720c05f1f222 offer document stored application_id=APP-2026-000384 doc_id=DOC-a533cddd
2026-03-02T11:16:14.585+01:00 INFO portal-bff host=portal-bff-a41e92-x2k4p corrId=c-477d720c05f1f222 application completed application_id=APP-2026-000384 status=OFFER_ISSUED
2026-03-02T11:17:20.655+01:00 INFO offer-service host=offer-service-7c9d5b-t6zvn corrId=c-57cc0c4c3ffedc96 offer accepted application_id=APP-2026-978148
2026-03-02T11:17:20.720+01:00 INFO ledger-service host=ledger-service-7c9d5b-x2k4p corrId=c-57cc0c4c3ffedc96 funds reserved application_id=APP-2026-978148 amount_dkk=1610000
2026-03-02T11:17:20.845+01:00 INFO payment-service host=payment-service-a41e92-p9qmz corrId=c-57cc0c4c3ffedc96 payout instruction sent application_id=APP-2026-978148 amount_dkk=1610000
2026-03-02T11:17:20.881+01:00 INFO ledger-service host=ledger-service-a41e92-p9qmz corrId=c-57cc0c4c3ffedc96 payout booked application_id=APP-2026-978148 posting_id=PST-30feac85a1
2026-03-02T11:17:20.986+01:00 INFO notification-service host=notification-service-7c9d5b-x2k4p corrId=c-57cc0c4c3ffedc96 payout confirmation sent application_id=APP-2026-978148
2026-03-02T11:17:27.673+01:00 INFO portal-bff host=portal-bff-7c9d5b-x2k4p corrId=c-e2c8fa89a142d652 conversion quote requested loan_id=LN786616415 target_product=FLEX_1Y
2026-03-02T11:17:27.792+01:00 INFO identity-service host=identity-service-7c9d5b-t6zvn corrId=c-e2c8fa89a142d652 MitID session validated customer_id=C74567333
2026-03-02T11:17:27.870+01:00 INFO pricing-service host=pricing-service-7c9d5b-t6zvn corrId=c-e2c8fa89a142d652 bond price fetched series=BND3.0-2056 price=100.788
2026-03-02T11:17:27.955+01:00 INFO pricing-service host=pricing-service-7c9d5b-t6zvn corrId=c-e2c8fa89a142d652 conversion cost calculated loan_id=LN786616415 cost_dkk=76639.47
2026-03-02T11:17:28.081+01:00 INFO quote-service host=quote-service-5b8f6c-t6zvn corrId=c-e2c8fa89a142d652 conversion quote issued quote_id=Q14569503 loan_id=LN786616415
2026-03-02T11:17:32.567+01:00 INFO offer-service host=offer-service-a41e92-p9qmz corrId=c-8d6978bcb4364e0a offer accepted application_id=APP-2026-265214
2026-03-02T11:17:32.670+01:00 INFO ledger-service host=ledger-service-7c9d5b-p9qmz corrId=c-8d6978bcb4364e0a funds reserved application_id=APP-2026-265214 amount_dkk=2150000
2026-03-02T11:17:32.782+01:00 INFO payment-service host=payment-service-a41e92-x2k4p corrId=c-8d6978bcb4364e0a payout instruction sent application_id=APP-2026-265214 amount_dkk=2150000
2026-03-02T11:17:32.873+01:00 INFO ledger-service host=ledger-service-a41e92-p9qmz corrId=c-8d6978bcb4364e0a payout booked application_id=APP-2026-265214 posting_id=PST-f053e7e47b
2026-03-02T11:17:32.959+01:00 INFO notification-service host=notification-service-5b8f6c-x2k4p corrId=c-8d6978bcb4364e0a payout confirmation sent application_id=APP-2026-265214
2026-03-02T11:18:45.151+01:00 INFO portal-bff host=portal-bff-7c9d5b-t6zvn corrId=c-f978834440c2e920 loan application submitted application_id=APP-2026-227617 customer_segment=SME
2026-03-02T11:18:45.255+01:00 INFO identity-service host=identity-service-a41e92-x2k4p corrId=c-f978834440c2e920 MitID session validated customer_id=C25114890
2026-03-02T11:18:45.374+01:00 INFO customer-service host=customer-service-5b8f6c-p9qmz corrId=c-f978834440c2e920 KYC profile loaded customer_id=C25114890 risk_class=MEDIUM
2026-03-02T11:18:45.478+01:00 INFO valuation-service host=valuation-service-5b8f6c-p9qmz corrId=c-f978834440c2e920 property valuation served from cache property_id=P9206655 value_dkk=5540000
2026-03-02T11:18:45.564+01:00 INFO credit-service host=credit-service-a41e92-p9qmz corrId=c-f978834440c2e920 credit assessment completed application_id=APP-2026-227617 score=645 decision=APPROVED
2026-03-02T11:18:45.643+01:00 INFO offer-service host=offer-service-7c9d5b-p9qmz corrId=c-f978834440c2e920 loan offer generated application_id=APP-2026-227617 loan_type=FLEX_5Y principal_dkk=4005000
2026-03-02T11:18:45.680+01:00 INFO document-service host=document-service-5b8f6c-x2k4p corrId=c-f978834440c2e920 offer document stored application_id=APP-2026-227617 doc_id=DOC-3cd18f5f
2026-03-02T11:18:45.782+01:00 INFO portal-bff host=portal-bff-7c9d5b-x2k4p corrId=c-f978834440c2e920 application completed application_id=APP-2026-227617 status=OFFER_ISSUED
2026-03-02T11:20:00.573+01:00 INFO api-gateway host=api-gateway-5b8f6c-p9qmz corrId=- health probe ok status=200 latency_ms=13
2026-03-02T11:20:00.620+01:00 INFO payment-scheduler host=payment-scheduler-5b8f6c-t6zvn corrId=- scheduler heartbeat lag_ms=113
2026-03-02T11:20:06.767+01:00 INFO portal-bff host=portal-bff-5b8f6c-t6zvn corrId=c-ffc71bcac9807635 conversion quote requested loan_id=LN585479272 target_product=FIXED_30Y
2026-03-02T11:20:06.851+01:00 INFO identity-service host=identity-service-a41e92-x2k4p corrId=c-ffc71bcac9807635 MitID session validated customer_id=C70787212
2026-03-02T11:20:06.988+01:00 INFO pricing-service host=pricing-service-5b8f6c-x2k4p corrId=c-ffc71bcac9807635 bond price fetched series=BND4.0-2056 price=101.269
2026-03-02T11:20:07.068+01:00 INFO pricing-service host=pricing-service-7c9d5b-t6zvn corrId=c-ffc71bcac9807635 conversion cost calculated loan_id=LN585479272 cost_dkk=25231.68
2026-03-02T11:20:07.145+01:00 INFO quote-service host=quote-service-5b8f6c-p9qmz corrId=c-ffc71bcac9807635 conversion quote issued quote_id=Q75781124 loan_id=LN585479272
2026-03-02T11:21:28.396+01:00 INFO portal-bff host=portal-bff-5b8f6c-t6zvn corrId=c-f9b8481a6eff7690 loan application submitted application_id=APP-2026-047958 customer_segment=SME
2026-03-02T11:21:28.509+01:00 INFO identity-service host=identity-service-7c9d5b-t6zvn corrId=c-f9b8481a6eff7690 MitID session validated customer_id=C11178456
2026-03-02T11:21:28.570+01:00 INFO customer-service host=customer-service-5b8f6c-p9qmz corrId=c-f9b8481a6eff7690 KYC profile loaded customer_id=C11178456 risk_class=HIGH
2026-03-02T11:21:28.680+01:00 INFO valuation-service host=valuation-service-5b8f6c-p9qmz corrId=c-f9b8481a6eff7690 property valuation requested property_id=P5509815 provider=valuta-ejd
2026-03-02T11:21:29.259+01:00 INFO valuation-service host=valuation-service-a41e92-p9qmz corrId=c-f9b8481a6eff7690 property valuation received property_id=P5509815 value_dkk=2940000 latency_ms=563
2026-03-02T11:21:29.362+01:00 INFO credit-service host=credit-service-a41e92-x2k4p corrId=c-f9b8481a6eff7690 credit assessment completed application_id=APP-2026-047958 score=575 decision=APPROVED
2026-03-02T11:21:29.432+01:00 INFO offer-service host=offer-service-5b8f6c-x2k4p corrId=c-f9b8481a6eff7690 loan offer generated application_id=APP-2026-047958 loan_type=FIXED_30Y principal_dkk=4430000
2026-03-02T11:21:29.528+01:00 INFO document-service host=document-service-5b8f6c-t6zvn corrId=c-f9b8481a6eff7690 offer document stored application_id=APP-2026-047958 doc_id=DOC-755cf8ce
2026-03-02T11:21:29.590+01:00 INFO portal-bff host=portal-bff-7c9d5b-x2k4p corrId=c-f9b8481a6eff7690 application completed application_id=APP-2026-047958 status=OFFER_ISSUED
2026-03-02T11:22:02.297+01:00 INFO portal-bff host=portal-bff-5b8f6c-x2k4p corrId=c-101a462526470bf8 conversion quote requested loan_id=LN084012544 target_product=FLEX_5Y
2026-03-02T11:22:02.310+01:00 INFO identity-service host=identity-service-a41e92-p9qmz corrId=c-101a462526470bf8 MitID session validated customer_id=C34691420
2026-03-02T11:22:02.434+01:00 INFO pricing-service host=pricing-service-5b8f6c-p9qmz corrId=c-101a462526470bf8 bond price fetched series=BND2.5-2056 price=92.689
2026-03-02T11:22:02.461+01:00 INFO pricing-service host=pricing-service-a41e92-x2k4p corrId=c-101a462526470bf8 conversion cost calculated loan_id=LN084012544 cost_dkk=42741.16
2026-03-02T11:22:02.516+01:00 INFO quote-service host=quote-service-a41e92-t6zvn corrId=c-101a462526470bf8 conversion quote issued quote_id=Q53767917 loan_id=LN084012544
2026-03-02T11:25:00.292+01:00 INFO api-gateway host=api-gateway-7c9d5b-t6zvn corrId=- health probe ok status=200 latency_ms=39
2026-03-02T11:25:20.490+01:00 INFO portal-bff host=portal-bff-7c9d5b-p9qmz corrId=c-0491b0e06e852dfa loan application submitted application_id=APP-2026-539991 customer_segment=RETAIL
2026-03-02T11:25:20.550+01:00 INFO identity-service host=identity-service-7c9d5b-p9qmz corrId=c-0491b0e06e852dfa MitID session validated customer_id=C82625719
2026-03-02T11:25:20.591+01:00 INFO customer-service host=customer-service-5b8f6c-x2k4p corrId=c-0491b0e06e852dfa KYC profile loaded customer_id=C82625719 risk_class=MEDIUM
2026-03-02T11:25:20.631+01:00 INFO valuation-service host=valuation-service-5b8f6c-p9qmz corrId=c-0491b0e06e852dfa property valuation requested property_id=P6937673 provider=bolig-vurdering
2026-03-02T11:25:21.234+01:00 INFO valuation-service host=valuation-service-7c9d5b-t6zvn corrId=c-0491b0e06e852dfa property valuation received property_id=P6937673 value_dkk=4200000 latency_ms=495
2026-03-02T11:25:21.335+01:00 INFO credit-service host=credit-service-7c9d5b-p9qmz corrId=c-0491b0e06e852dfa credit assessment completed application_id=APP-2026-539991 score=571 decision=APPROVED
2026-03-02T11:25:21.443+01:00 INFO offer-service host=offer-service-5b8f6c-p9qmz corrId=c-0491b0e06e852dfa loan offer generated application_id=APP-2026-539991 loan_type=FIXED_20Y_IO principal_dkk=5730000
2026-03-02T11:25:21.543+01:00 INFO document-service host=document-service-a41e92-t6zvn corrId=c-0491b0e06e852dfa offer document stored application_id=APP-2026-539991 doc_id=DOC-6b30bd8a
2026-03-02T11:25:21.576+01:00 INFO portal-bff host=portal-bff-5b8f6c-t6zvn corrId=c-0491b0e06e852dfa application completed application_id=APP-2026-539991 status=OFFER_ISSUED
2026-03-02T11:26:05.519+01:00 INFO portal-bff host=portal-bff-7c9d5b-t6zvn corrId=c-13212d618bb550f9 loan application submitted application_id=APP-2026-953087 customer_segment=SME
2026-03-02T11:26:05.611+01:00 INFO identity-service host=identity-service-7c9d5b-t6zvn corrId=c-13212d618bb550f9 MitID session validated customer_id=C66551806
2026-03-02T11:26:05.627+01:00 INFO customer-service host=customer-service-a41e92-t6zvn corrId=c-13212d618bb550f9 KYC profile loaded customer_id=C66551806 risk_class=MEDIUM
2026-03-02T11:26:05.745+01:00 INFO valuation-service host=valuation-service-5b8f6c-p9qmz corrId=c-13212d618bb550f9 property valuation requested property_id=P9056674 provider=bolig-vurdering
2026-03-02T11:26:06.258+01:00 INFO valuation-service host=valuation-service-5b8f6c-x2k4p corrId=c-13212d618bb550f9 property valuation received property_id=P9056674 value_dkk=6690000 latency_ms=414
2026-03-02T11:26:06.319+01:00 INFO credit-service host=credit-service-a41e92-x2k4p corrId=c-13212d618bb550f9 credit assessment completed application_id=APP-2026-953087 score=665 decision=APPROVED
2026-03-02T11:26:06.366+01:00 INFO offer-service host=offer-service-5b8f6c-t6zvn corrId=c-13212d618bb550f9 loan offer generated application_id=APP-2026-953087 loan_type=FIXED_30Y principal_dkk=4720000
2026-03-02T11:26:06.423+01:00 INFO document-service host=document-service-7c9d5b-p9qmz corrId=c-13212d618bb550f9 offer document stored application_id=APP-2026-953087 doc_id=DOC-cee54a2a
2026-03-02T11:26:06.452+01:00 INFO portal-bff host=portal-bff-a41e92-t6zvn corrId=c-13212d618bb550f9 application completed application_id=APP-2026-953087 status=OFFER_ISSUED
2026-03-02T11:29:04.843+01:00 INFO portal-bff host=portal-bff-5b8f6c-x2k4p corrId=c-961e78c678837ed3 conversion quote requested loan_id=LN718502422 target_product=FLEX_1Y
2026-03-02T11:29:04.933+01:00 INFO identity-service host=identity-service-7c9d5b-x2k4p corrId=c-961e78c678837ed3 MitID session validated customer_id=C36800177
2026-03-02T11:29:04.968+01:00 INFO pricing-service host=pricing-service-7c9d5b-p9qmz corrId=c-961e78c678837ed3 bond price fetched series=BND4.0-2053 price=89.689
2026-03-02T11:29:05.092+01:00 INFO pricing-service host=pricing-service-a41e92-x2k4p corrId=c-961e78c678837ed3 conversion cost calculated loan_id=LN718502422 cost_dkk=10453.66
2026-03-02T11:29:05.219+01:00 INFO quote-service host=quote-service-5b8f6c-x2k4p corrId=c-961e78c678837ed3 conversion quote issued quote_id=Q59760729 loan_id=LN718502422
2026-03-02T11:29:38.817+01:00 INFO portal-bff host=portal-bff-7c9d5b-p9qmz corrId=c-7d9476c45d84c8d0 loan application submitted application_id=APP-2026-377185 customer_segment=PRIVATE
2026-03-02T11:29:38.907+01:00 INFO identity-service host=identity-service-a41e92-p9qmz corrId=c-7d9476c45d84c8d0 MitID session validated customer_id=C63956824
2026-03-02T11:29:38.996+01:00 INFO customer-service host=customer-service-5b8f6c-x2k4p corrId=c-7d9476c45d84c8d0 KYC profile loaded customer_id=C63956824 risk_class=HIGH
2026-03-02T11:29:39.010+01:00 INFO valuation-service host=valuation-service-a41e92-x2k4p corrId=c-7d9476c45d84c8d0 property valuation requested property_id=P3718355 provider=valuta-ejd
2026-03-02T11:29:39.654+01:00 INFO valuation-service host=valuation-service-5b8f6c-t6zvn corrId=c-7d9476c45d84c8d0 property valuation received property_id=P3718355 value_dkk=1190000 latency_ms=546
2026-03-02T11:29:39.739+01:00 INFO credit-service host=credit-service-a41e92-x2k4p corrId=c-7d9476c45d84c8d0 credit assessment completed application_id=APP-2026-377185 score=770 decision=APPROVED
2026-03-02T11:29:39.871+01:00 INFO offer-service host=offer-service-7c9d5b-p9qmz corrId=c-7d9476c45d84c8d0 loan offer generated application_id=APP-2026-377185 loan_type=FLEX_1Y principal_dkk=970000
2026-03-02T11:29:39.882+01:00 INFO document-service host=document-service-5b8f6c-p9qmz corrId=c-7d9476c45d84c8d0 offer document stored application_id=APP-2026-377185 doc_id=DOC-8fd28f82
2026-03-02T11:29:39.929+01:00 INFO portal-bff host=portal-bff-7c9d5b-t6zvn corrId=c-674dc437a1f0376f loan application submitted application_id=APP-2026-071830 customer_segment=SME
2026-03-02T11:29:39.989+01:00 INFO portal-bff host=portal-bff-7c9d5b-x2k4p corrId=c-7d9476c45d84c8d0 application completed application_id=APP-2026-377185 status=OFFER_ISSUED
2026-03-02T11:29:39.989+01:00 INFO identity-service host=identity-service-5b8f6c-x2k4p corrId=c-674dc437a1f0376f MitID session validated customer_id=C77903262
2026-03-02T11:29:40.124+01:00 INFO customer-service host=customer-service-7c9d5b-x2k4p corrId=c-674dc437a1f0376f KYC profile loaded customer_id=C77903262 risk_class=MEDIUM
2026-03-02T11:29:40.260+01:00 INFO valuation-service host=valuation-service-a41e92-t6zvn corrId=c-674dc437a1f0376f property valuation served from cache property_id=P2306483 value_dkk=2380000
2026-03-02T11:29:40.375+01:00 INFO credit-service host=credit-service-5b8f6c-p9qmz corrId=c-674dc437a1f0376f credit assessment completed application_id=APP-2026-071830 score=512 decision=APPROVED
2026-03-02T11:29:40.436+01:00 INFO offer-service host=offer-service-5b8f6c-x2k4p corrId=c-674dc437a1f0376f loan offer generated application_id=APP-2026-071830 loan_type=FLEX_1Y principal_dkk=2070000
2026-03-02T11:29:40.523+01:00 INFO document-service host=document-service-a41e92-x2k4p corrId=c-674dc437a1f0376f offer document stored application_id=APP-2026-071830 doc_id=DOC-be1ddb78
2026-03-02T11:29:40.529+01:00 INFO portal-bff host=portal-bff-7c9d5b-t6zvn corrId=c-674dc437a1f0376f application completed application_id=APP-2026-071830 status=OFFER_ISSUED
2026-03-02T11:29:47.888+01:00 INFO portal-bff host=portal-bff-7c9d5b-p9qmz corrId=c-0710dc0ceac402be loan application submitted application_id=APP-2026-676096 customer_segment=SME
2026-03-02T11:29:48.007+01:00 INFO identity-service host=identity-service-a41e92-t6zvn corrId=c-0710dc0ceac402be MitID session validated customer_id=C20241148
2026-03-02T11:29:48.021+01:00 INFO customer-service host=customer-service-5b8f6c-x2k4p corrId=c-0710dc0ceac402be KYC profile loaded customer_id=C20241148 risk_class=HIGH
2026-03-02T11:29:48.058+01:00 INFO valuation-service host=valuation-service-5b8f6c-p9qmz corrId=c-0710dc0ceac402be property valuation requested property_id=P1030872 provider=bolig-vurdering
2026-03-02T11:29:49.019+01:00 INFO valuation-service host=valuation-service-7c9d5b-t6zvn corrId=c-0710dc0ceac402be property valuation received property_id=P1030872 value_dkk=740000 latency_ms=945
2026-03-02T11:29:49.090+01:00 INFO credit-service host=credit-service-5b8f6c-x2k4p corrId=c-0710dc0ceac402be credit assessment completed application_id=APP-2026-676096 score=726 decision=APPROVED
2026-03-02T11:29:49.127+01:00 INFO offer-service host=offer-service-5b8f6c-p9qmz corrId=c-0710dc0ceac402be loan offer generated application_id=APP-2026-676096 loan_type=FLEX_1Y principal_dkk=4150000
2026-03-02T11:29:49.249+01:00 INFO document-service host=document-service-7c9d5b-x2k4p corrId=c-0710dc0ceac402be offer document stored application_id=APP-2026-676096 doc_id=DOC-5829574b
2026-03-02T11:29:49.319+01:00 INFO portal-bff host=portal-bff-7c9d5b-x2k4p corrId=c-0710dc0ceac402be application completed application_id=APP-2026-676096 status=OFFER_ISSUED
2026-03-02T11:30:00.046+01:00 INFO api-gateway host=api-gateway-5b8f6c-x2k4p corrId=- health probe ok status=200 latency_ms=3
2026-03-02T11:30:00.196+01:00 INFO payment-scheduler host=payment-scheduler-5b8f6c-p9qmz corrId=- scheduler heartbeat lag_ms=41
2026-03-02T11:30:14.166+01:00 INFO portal-bff host=portal-bff-5b8f6c-x2k4p corrId=c-5a78094ab1002dbc loan application submitted application_id=APP-2026-752978 customer_segment=RETAIL
2026-03-02T11:30:14.291+01:00 INFO identity-service host=identity-service-5b8f6c-x2k4p corrId=c-5a78094ab1002dbc MitID session validated customer_id=C62365841
2026-03-02T11:30:14.420+01:00 INFO customer-service host=customer-service-7c9d5b-t6zvn corrId=c-5a78094ab1002dbc KYC profile loaded customer_id=C62365841 risk_class=HIGH
2026-03-02T11:30:14.519+01:00 INFO valuation-service host=valuation-service-5b8f6c-t6zvn corrId=c-5a78094ab1002dbc property valuation served from cache property_id=P4767780 value_dkk=5270000
2026-03-02T11:30:14.650+01:00 INFO credit-service host=credit-service-a41e92-p9qmz corrId=c-5a78094ab1002dbc credit assessment completed application_id=APP-2026-752978 score=533 decision=APPROVED
2026-03-02T11:30:14.674+01:00 INFO offer-service host=offer-service-5b8f6c-p9qmz corrId=c-5a78094ab1002dbc loan offer generated application_id=APP-2026-752978 loan_type=FLEX_1Y principal_dkk=2895000
2026-03-02T11:30:14.810+01:00 INFO document-service host=document-service-a41e92-p9qmz corrId=c-5a78094ab1002dbc offer document stored application_id=APP-2026-752978 doc_id=DOC-8f7a8068
2026-03-02T11:30:14.931+01:00 INFO portal-bff host=portal-bff-5b8f6c-x2k4p corrId=c-5a78094ab1002dbc application completed application_id=APP-2026-752978 status=OFFER_ISSUED
2026-03-02T11:32:18.899+01:00 INFO portal-bff host=portal-bff-a41e92-p9qmz corrId=c-dc2ca0c1e9874059 loan application submitted application_id=APP-2026-523861 customer_segment=PRIVATE
2026-03-02T11:32:18.931+01:00 INFO identity-service host=identity-service-a41e92-p9qmz corrId=c-dc2ca0c1e9874059 MitID session validated customer_id=C46483518
2026-03-02T11:32:19.063+01:00 INFO customer-service host=customer-service-7c9d5b-x2k4p corrId=c-dc2ca0c1e9874059 KYC profile loaded customer_id=C46483518 risk_class=LOW
2026-03-02T11:32:19.110+01:00 INFO valuation-service host=valuation-service-5b8f6c-p9qmz corrId=c-dc2ca0c1e9874059 property valuation requested property_id=P8242070 provider=valuta-ejd
2026-03-02T11:32:19.447+01:00 INFO valuation-service host=valuation-service-5b8f6c-x2k4p corrId=c-dc2ca0c1e9874059 property valuation received property_id=P8242070 value_dkk=4910000 latency_ms=277
2026-03-02T11:32:19.579+01:00 INFO credit-service host=credit-service-a41e92-t6zvn corrId=c-dc2ca0c1e9874059 credit assessment completed application_id=APP-2026-523861 score=781 decision=APPROVED
2026-03-02T11:32:19.626+01:00 INFO offer-service host=offer-service-a41e92-p9qmz corrId=c-dc2ca0c1e9874059 loan offer generated application_id=APP-2026-523861 loan_type=FIXED_30Y principal_dkk=2790000
2026-03-02T11:32:19.729+01:00 INFO document-service host=document-service-7c9d5b-x2k4p corrId=c-dc2ca0c1e9874059 offer document stored application_id=APP-2026-523861 doc_id=DOC-abe2d952
2026-03-02T11:32:19.735+01:00 INFO portal-bff host=portal-bff-5b8f6c-p9qmz corrId=c-dc2ca0c1e9874059 application completed application_id=APP-2026-523861 status=OFFER_ISSUED
2026-03-02T11:33:00.867+01:00 INFO portal-bff host=portal-bff-7c9d5b-t6zvn corrId=c-a879f366faa90b86 loan application submitted application_id=APP-2026-103012 customer_segment=PRIVATE
2026-03-02T11:33:00.990+01:00 INFO identity-service host=identity-service-5b8f6c-t6zvn corrId=c-a879f366faa90b86 MitID session validated customer_id=C44204504
2026-03-02T11:33:01.091+01:00 INFO customer-service host=customer-service-7c9d5b-p9qmz corrId=c-a879f366faa90b86 KYC profile loaded customer_id=C44204504 risk_class=LOW
2026-03-02T11:33:01.211+01:00 INFO valuation-service host=valuation-service-7c9d5b-p9qmz corrId=c-a879f366faa90b86 property valuation requested property_id=P6875536 provider=valuta-ejd
2026-03-02T11:33:02.068+01:00 INFO valuation-service host=valuation-service-5b8f6c-p9qmz corrId=c-a879f366faa90b86 property valuation received property_id=P6875536 value_dkk=8430000 latency_ms=818
2026-03-02T11:33:02.184+01:00 INFO credit-service host=credit-service-5b8f6c-p9qmz corrId=c-a879f366faa90b86 credit assessment completed application_id=APP-2026-103012 score=444 decision=APPROVED
2026-03-02T11:33:02.279+01:00 INFO offer-service host=offer-service-a41e92-x2k4p corrId=c-a879f366faa90b86 loan offer generated application_id=APP-2026-103012 loan_type=FIXED_20Y_IO principal_dkk=5690000
2026-03-02T11:33:02.308+01:00 INFO document-service host=document-service-7c9d5b-p9qmz corrId=c-a879f366faa90b86 offer document stored application_id=APP-2026-103012 doc_id=DOC-ec583b16
2026-03-02T11:33:02.436+01:00 INFO portal-bff host=portal-bff-a41e92-x2k4p corrId=c-a879f366faa90b86 application completed application_id=APP-2026-103012 status=OFFER_ISSUED
2026-03-02T11:33:40.383+01:00 INFO portal-bff host=portal-bff-a41e92-x2k4p corrId=c-f8b90b09428c2386 loan application submitted application_id=APP-2026-150780 customer_segment=RETAIL
2026-03-02T11:33:40.478+01:00 INFO identity-service host=identity-service-a41e92-t6zvn corrId=c-f8b90b09428c2386 MitID session validated customer_id=C36183489
2026-03-02T11:33:40.495+01:00 INFO customer-service host=customer-service-a41e92-x2k4p corrId=c-f8b90b09428c2386 KYC profile loaded customer_id=C36183489 risk_class=LOW
2026-03-02T11:33:40.584+01:00 INFO valuation-service host=valuation-service-a41e92-x2k4p corrId=c-f8b90b09428c2386 property valuation served from cache property_id=P8104985 value_dkk=2710000
2026-03-02T11:33:40.719+01:00 INFO credit-service host=credit-service-5b8f6c-x2k4p corrId=c-f8b90b09428c2386 credit assessment completed application_id=APP-2026-150780 score=830 decision=APPROVED
2026-03-02T11:33:40.768+01:00 INFO offer-service host=offer-service-7c9d5b-x2k4p corrId=c-f8b90b09428c2386 loan offer generated application_id=APP-2026-150780 loan_type=FIXED_20Y_IO principal_dkk=5515000
2026-03-02T11:33:40.822+01:00 INFO document-service host=document-service-5b8f6c-p9qmz corrId=c-f8b90b09428c2386 offer document stored application_id=APP-2026-150780 doc_id=DOC-62db63e6
2026-03-02T11:33:40.904+01:00 INFO portal-bff host=portal-bff-a41e92-p9qmz corrId=c-f8b90b09428c2386 application completed application_id=APP-2026-150780 status=OFFER_ISSUED
2026-03-02T11:35:00.011+01:00 INFO api-gateway host=api-gateway-a41e92-t6zvn corrId=- health probe ok status=200 latency_ms=12
2026-03-02T11:37:27.191+01:00 INFO portal-bff host=portal-bff-7c9d5b-x2k4p corrId=c-ac8739bc474f7cda loan application submitted application_id=APP-2026-022511 customer_segment=RETAIL
2026-03-02T11:37:27.292+01:00 INFO identity-service host=identity-service-7c9d5b-p9qmz corrId=c-ac8739bc474f7cda MitID session validated customer_id=C89041854
2026-03-02T11:37:27.368+01:00 INFO customer-service host=customer-service-5b8f6c-t6zvn corrId=c-ac8739bc474f7cda KYC profile loaded customer_id=C89041854 risk_class=MEDIUM
2026-03-02T11:37:27.481+01:00 INFO valuation-service host=valuation-service-7c9d5b-t6zvn corrId=c-ac8739bc474f7cda property valuation requested property_id=P8827028 provider=bolig-vurdering
2026-03-02T11:37:27.809+01:00 INFO valuation-service host=valuation-service-a41e92-t6zvn corrId=c-ac8739bc474f7cda property valuation received property_id=P8827028 value_dkk=7800000 latency_ms=281
2026-03-02T11:37:27.927+01:00 INFO credit-service host=credit-service-7c9d5b-x2k4p corrId=c-ac8739bc474f7cda credit assessment completed application_id=APP-2026-022511 score=497 decision=APPROVED
2026-03-02T11:37:27.969+01:00 INFO offer-service host=offer-service-5b8f6c-x2k4p corrId=c-ac8739bc474f7cda loan offer generated application_id=APP-2026-022511 loan_type=FIXED_20Y_IO principal_dkk=565000
2026-03-02T11:37:28.038+01:00 INFO document-service host=document-service-a41e92-x2k4p corrId=c-ac8739bc474f7cda offer document stored application_id=APP-2026-022511 doc_id=DOC-b2d52df3
2026-03-02T11:37:28.048+01:00 INFO portal-bff host=portal-bff-a41e92-p9qmz corrId=c-ac8739bc474f7cda application completed application_id=APP-2026-022511 status=OFFER_ISSUED
2026-03-02T11:39:49.385+01:00 INFO portal-bff host=portal-bff-5b8f6c-x2k4p corrId=c-5ae875410c9a7bf3 loan application submitted application_id=APP-2026-567385 customer_segment=RETAIL
2026-03-02T11:39:49.517+01:00 INFO identity-service host=identity-service-a41e92-x2k4p corrId=c-5ae875410c9a7bf3 MitID session validated customer_id=C65257035
2026-03-02T11:39:49.651+01:00 INFO customer-service host=customer-service-7c9d5b-p9qmz corrId=c-5ae875410c9a7bf3 KYC profile loaded customer_id=C65257035 risk_class=HIGH
2026-03-02T11:39:49.747+01:00 INFO valuation-service host=valuation-service-7c9d5b-x2k4p corrId=c-5ae875410c9a7bf3 property valuation requested property_id=P2693320 provider=valuta-ejd
2026-03-02T11:39:50.521+01:00 INFO valuation-service host=valuation-service-a41e92-x2k4p corrId=c-5ae875410c9a7bf3 property valuation received property_id=P2693320 value_dkk=4180000 latency_ms=719
2026-03-02T11:39:50.554+01:00 INFO credit-service host=credit-service-5b8f6c-t6zvn corrId=c-5ae875410c9a7bf3 credit assessment completed application_id=APP-2026-567385 score=428 decision=APPROVED
2026-03-02T11:39:50.586+01:00 INFO offer-service host=offer-service-7c9d5b-p9qmz corrId=c-5ae875410c9a7bf3 loan offer generated application_id=APP-2026-567385 loan_type=FLEX_5Y principal_dkk=3340000
2026-03-02T11:39:50.617+01:00 INFO document-service host=document-service-5b8f6c-x2k4p corrId=c-5ae875410c9a7bf3 offer document stored application_id=APP-2026-567385 doc_id=DOC-979e2d3e
2026-03-02T11:39:50.692+01:00 INFO portal-bff host=portal-bff-7c9d5b-t6zvn corrId=c-5ae875410c9a7bf3 application completed application_id=APP-2026-567385 status=OFFER_ISSUED
2026-03-02T11:40:00.333+01:00 INFO payment-scheduler host=payment-scheduler-7c9d5b-x2k4p corrId=- scheduler heartbeat lag_ms=101
2026-03-02T11:40:00.627+01:00 INFO api-gateway host=api-gateway-a41e92-t6zvn corrId=- health probe ok status=200 latency_ms=24
2026-03-02T11:40:35.182+01:00 INFO portal-bff host=portal-bff-5b8f6c-p9qmz corrId=c-cefa00b06a295d62 conversion quote requested loan_id=LN322979377 target_product=FLEX_5Y
2026-03-02T11:40:35.311+01:00 INFO identity-service host=identity-service-5b8f6c-x2k4p corrId=c-cefa00b06a295d62 MitID session validated customer_id=C02446185
2026-03-02T11:40:35.334+01:00 INFO pricing-service host=pricing-service-5b8f6c-t6zvn corrId=c-cefa00b06a295d62 bond price fetched series=BND2.5-2056 price=99.293
2026-03-02T11:40:35.440+01:00 INFO pricing-service host=pricing-service-a41e92-t6zvn corrId=c-cefa00b06a295d62 conversion cost calculated loan_id=LN322979377 cost_dkk=23279.36
2026-03-02T11:40:35.515+01:00 INFO quote-service host=quote-service-a41e92-x2k4p corrId=c-cefa00b06a295d62 conversion quote issued quote_id=Q68857200 loan_id=LN322979377
2026-03-02T11:42:12.878+01:00 INFO portal-bff host=portal-bff-a41e92-x2k4p corrId=c-80917c0b57819718 conversion quote requested loan_id=LN943475980 target_product=FIXED_30Y
2026-03-02T11:42:12.944+01:00 INFO identity-service host=identity-service-5b8f6c-t6zvn corrId=c-80917c0b57819718 MitID session validated customer_id=C18861843
2026-03-02T11:42:13.021+01:00 INFO pricing-service host=pricing-service-a41e92-p9qmz corrId=c-80917c0b57819718 bond price fetched series=BND2.5-2056 price=90.862
2026-03-02T11:42:13.077+01:00 INFO pricing-service host=pricing-service-7c9d5b-t6zvn corrId=c-80917c0b57819718 conversion cost calculated loan_id=LN943475980 cost_dkk=18598.47
2026-03-02T11:42:13.212+01:00 INFO quote-service host=quote-service-a41e92-p9qmz corrId=c-80917c0b57819718 conversion quote issued quote_id=Q93449062 loan_id=LN943475980
2026-03-02T11:44:38.421+01:00 INFO portal-bff host=portal-bff-5b8f6c-t6zvn corrId=c-41d4b471df5c3421 loan application submitted application_id=APP-2026-698123 customer_segment=SME
2026-03-02T11:44:38.519+01:00 INFO identity-service host=identity-service-7c9d5b-x2k4p corrId=c-41d4b471df5c3421 MitID session validated customer_id=C63569459
2026-03-02T11:44:38.633+01:00 INFO customer-service host=customer-service-a41e92-x2k4p corrId=c-41d4b471df5c3421 KYC profile loaded customer_id=C63569459 risk_class=LOW
2026-03-02T11:44:38.710+01:00 INFO valuation-service host=valuation-service-a41e92-t6zvn corrId=c-41d4b471df5c3421 property valuation requested property_id=P6884097 provider=valuta-ejd
2026-03-02T11:44:39.113+01:00 INFO valuation-service host=valuation-service-7c9d5b-t6zvn corrId=c-41d4b471df5c3421 property valuation received property_id=P6884097 value_dkk=2880000 latency_ms=395
2026-03-02T11:44:39.217+01:00 INFO credit-service host=credit-service-5b8f6c-x2k4p corrId=c-41d4b471df5c3421 credit assessment completed application_id=APP-2026-698123 score=743 decision=APPROVED
2026-03-02T11:44:39.251+01:00 INFO offer-service host=offer-service-5b8f6c-p9qmz corrId=c-41d4b471df5c3421 loan offer generated application_id=APP-2026-698123 loan_type=FIXED_20Y_IO principal_dkk=1265000
2026-03-02T11:44:39.364+01:00 INFO document-service host=document-service-7c9d5b-x2k4p corrId=c-41d4b471df5c3421 offer document stored application_id=APP-2026-698123 doc_id=DOC-5ed40f85
2026-03-02T11:44:39.373+01:00 INFO portal-bff host=portal-bff-7c9d5b-p9qmz corrId=c-41d4b471df5c3421 application completed application_id=APP-2026-698123 status=OFFER_ISSUED
2026-03-02T11:45:00.372+01:00 INFO api-gateway host=api-gateway-7c9d5b-t6zvn corrId=- health probe ok status=200 latency_ms=30
2026-03-02T11:45:51.428+01:00 INFO offer-service host=offer-service-5b8f6c-t6zvn corrId=c-2db87ccca8955539 offer accepted application_id=APP-2026-196785
2026-03-02T11:45:51.546+01:00 INFO ledger-service host=ledger-service-7c9d5b-x2k4p corrId=c-2db87ccca8955539 funds reserved application_id=APP-2026-196785 amount_dkk=3630000
2026-03-02T11:45:51.665+01:00 INFO payment-service host=payment-service-5b8f6c-x2k4p corrId=c-2db87ccca8955539 payout instruction sent application_id=APP-2026-196785 amount_dkk=3630000
2026-03-02T11:45:51.804+01:00 INFO ledger-service host=ledger-service-a41e92-x2k4p corrId=c-2db87ccca8955539 payout booked application_id=APP-2026-196785 posting_id=PST-f6bcf5b825
2026-03-02T11:45:51.886+01:00 INFO notification-service host=notification-service-a41e92-p9qmz corrId=c-2db87ccca8955539 payout confirmation sent application_id=APP-2026-196785
2026-03-02T11:50:00.170+01:00 INFO payment-scheduler host=payment-scheduler-7c9d5b-t6zvn corrId=- scheduler heartbeat lag_ms=108
2026-03-02T11:50:00.546+01:00 INFO api-gateway host=api-gateway-7c9d5b-t6zvn corrId=- health probe ok status=200 latency_ms=10
2026-03-02T11:50:55.734+01:00 INFO portal-bff host=portal-bff-a41e92-t6zvn corrId=c-205c9dabd0dbbcb9 conversion quote requested loan_id=LN197651702 target_product=FLEX_1Y
2026-03-02T11:50:55.855+01:00 INFO identity-service host=identity-service-a41e92-x2k4p corrId=c-205c9dabd0dbbcb9 MitID session validated customer_id=C37112520
2026-03-02T11:50:55.981+01:00 INFO pricing-service host=pricing-service-a41e92-x2k4p corrId=c-205c9dabd0dbbcb9 bond price fetched series=BND2.5-2056 price=97.018
2026-03-02T11:50:56.040+01:00 INFO pricing-service host=pricing-service-7c9d5b-p9qmz corrId=c-205c9dabd0dbbcb9 conversion cost calculated loan_id=LN197651702 cost_dkk=41630.86
2026-03-02T11:50:56.064+01:00 INFO quote-service host=quote-service-7c9d5b-t6zvn corrId=c-205c9dabd0dbbcb9 conversion quote issued quote_id=Q50057974 loan_id=LN197651702
2026-03-02T11:53:51.977+01:00 INFO portal-bff host=portal-bff-a41e92-x2k4p corrId=c-dc76a30dfc0f1c86 conversion quote requested loan_id=LN375335211 target_product=FIXED_30Y
2026-03-02T11:53:52.072+01:00 INFO identity-service host=identity-service-a41e92-t6zvn corrId=c-dc76a30dfc0f1c86 MitID session validated customer_id=C00095029
2026-03-02T11:53:52.163+01:00 INFO pricing-service host=pricing-service-5b8f6c-x2k4p corrId=c-dc76a30dfc0f1c86 bond price fetched series=BND3.0-2053 price=101.145
2026-03-02T11:53:52.241+01:00 INFO pricing-service host=pricing-service-5b8f6c-x2k4p corrId=c-dc76a30dfc0f1c86 conversion cost calculated loan_id=LN375335211 cost_dkk=38529.98
2026-03-02T11:53:52.256+01:00 INFO quote-service host=quote-service-7c9d5b-x2k4p corrId=c-dc76a30dfc0f1c86 conversion quote issued quote_id=Q82463140 loan_id=LN375335211
2026-03-02T11:54:27.053+01:00 INFO portal-bff host=portal-bff-a41e92-t6zvn corrId=c-8aa332ceaea91fef loan application submitted application_id=APP-2026-780917 customer_segment=PRIVATE
2026-03-02T11:54:27.075+01:00 INFO identity-service host=identity-service-a41e92-t6zvn corrId=c-8aa332ceaea91fef MitID session validated customer_id=C72640306
2026-03-02T11:54:27.104+01:00 INFO customer-service host=customer-service-5b8f6c-t6zvn corrId=c-8aa332ceaea91fef KYC profile loaded customer_id=C72640306 risk_class=MEDIUM
2026-03-02T11:54:27.203+01:00 INFO valuation-service host=valuation-service-5b8f6c-t6zvn corrId=c-8aa332ceaea91fef property valuation served from cache property_id=P8243126 value_dkk=5920000
2026-03-02T11:54:27.247+01:00 INFO credit-service host=credit-service-7c9d5b-t6zvn corrId=c-8aa332ceaea91fef credit assessment completed application_id=APP-2026-780917 score=606 decision=APPROVED
2026-03-02T11:54:27.304+01:00 INFO offer-service host=offer-service-a41e92-x2k4p corrId=c-8aa332ceaea91fef loan offer generated application_id=APP-2026-780917 loan_type=FIXED_20Y_IO principal_dkk=1755000
2026-03-02T11:54:27.379+01:00 INFO document-service host=document-service-5b8f6c-t6zvn corrId=c-8aa332ceaea91fef offer document stored application_id=APP-2026-780917 doc_id=DOC-4721b3d9
2026-03-02T11:54:27.438+01:00 INFO portal-bff host=portal-bff-7c9d5b-p9qmz corrId=c-8aa332ceaea91fef application completed application_id=APP-2026-780917 status=OFFER_ISSUED
2026-03-02T11:55:00.078+01:00 INFO api-gateway host=api-gateway-5b8f6c-p9qmz corrId=- health probe ok status=200 latency_ms=31
2026-03-02T11:57:31.711+01:00 INFO portal-bff host=portal-bff-7c9d5b-p9qmz corrId=c-b41d20c951d0a257 conversion quote requested loan_id=LN544610438 target_product=FLEX_1Y
2026-03-02T11:57:31.843+01:00 INFO identity-service host=identity-service-5b8f6c-x2k4p corrId=c-b41d20c951d0a257 MitID session validated customer_id=C45851563
2026-03-02T11:57:31.965+01:00 INFO pricing-service host=pricing-service-5b8f6c-t6zvn corrId=c-b41d20c951d0a257 bond price fetched series=BND3.0-2053 price=92.230
2026-03-02T11:57:32.091+01:00 INFO pricing-service host=pricing-service-a41e92-p9qmz corrId=c-b41d20c951d0a257 conversion cost calculated loan_id=LN544610438 cost_dkk=53168.11
2026-03-02T11:57:32.114+01:00 INFO quote-service host=quote-service-5b8f6c-p9qmz corrId=c-b41d20c951d0a257 conversion quote issued quote_id=Q31961448 loan_id=LN544610438
2026-03-02T11:57:49.958+01:00 INFO portal-bff host=portal-bff-5b8f6c-t6zvn corrId=c-311159a7dfb62bab loan application submitted application_id=APP-2026-447089 customer_segment=RETAIL
2026-03-02T11:57:50.085+01:00 INFO identity-service host=identity-service-5b8f6c-t6zvn corrId=c-311159a7dfb62bab MitID session validated customer_id=C89660001
2026-03-02T11:57:50.211+01:00 INFO customer-service host=customer-service-a41e92-x2k4p corrId=c-311159a7dfb62bab KYC profile loaded customer_id=C89660001 risk_class=LOW
2026-03-02T11:57:50.278+01:00 INFO valuation-service host=valuation-service-7c9d5b-t6zvn corrId=c-311159a7dfb62bab property valuation served from cache property_id=P3305398 value_dkk=3630000
2026-03-02T11:57:50.366+01:00 INFO credit-service host=credit-service-7c9d5b-p9qmz corrId=c-311159a7dfb62bab credit assessment completed application_id=APP-2026-447089 score=697 decision=APPROVED
2026-03-02T11:57:50.431+01:00 INFO offer-service host=offer-service-a41e92-x2k4p corrId=c-311159a7dfb62bab loan offer generated application_id=APP-2026-447089 loan_type=FLEX_1Y principal_dkk=1830000
2026-03-02T11:57:50.571+01:00 INFO document-service host=document-service-7c9d5b-p9qmz corrId=c-311159a7dfb62bab offer document stored application_id=APP-2026-447089 doc_id=DOC-81be7862
2026-03-02T11:57:50.690+01:00 INFO portal-bff host=portal-bff-7c9d5b-t6zvn corrId=c-311159a7dfb62bab application completed application_id=APP-2026-447089 status=OFFER_ISSUED
2026-03-02T11:57:57.687+01:00 INFO portal-bff host=portal-bff-5b8f6c-p9qmz corrId=c-2fdd9883d338c645 loan application submitted application_id=APP-2026-283328 customer_segment=PRIVATE
2026-03-02T11:57:57.734+01:00 INFO identity-service host=identity-service-a41e92-p9qmz corrId=c-2fdd9883d338c645 MitID session validated customer_id=C69885330
2026-03-02T11:57:57.809+01:00 INFO customer-service host=customer-service-5b8f6c-t6zvn corrId=c-2fdd9883d338c645 KYC profile loaded customer_id=C69885330 risk_class=LOW
2026-03-02T11:57:57.934+01:00 INFO valuation-service host=valuation-service-a41e92-t6zvn corrId=c-2fdd9883d338c645 property valuation requested property_id=P8754776 provider=valuta-ejd
2026-03-02T11:57:58.666+01:00 INFO valuation-service host=valuation-service-5b8f6c-t6zvn corrId=c-2fdd9883d338c645 property valuation received property_id=P8754776 value_dkk=1040000 latency_ms=671
2026-03-02T11:57:58.709+01:00 INFO credit-service host=credit-service-a41e92-x2k4p corrId=c-2fdd9883d338c645 credit assessment completed application_id=APP-2026-283328 score=671 decision=APPROVED
2026-03-02T11:57:58.780+01:00 INFO offer-service host=offer-service-5b8f6c-p9qmz corrId=c-2fdd9883d338c645 loan offer generated application_id=APP-2026-283328 loan_type=FLEX_1Y principal_dkk=1295000
2026-03-02T11:57:58.787+01:00 INFO document-service host=document-service-a41e92-x2k4p corrId=c-2fdd9883d338c645 offer document stored application_id=APP-2026-283328 doc_id=DOC-0efb903f
2026-03-02T11:57:58.914+01:00 INFO portal-bff host=portal-bff-a41e92-p9qmz corrId=c-2fdd9883d338c645 application completed application_id=APP-2026-283328 status=OFFER_ISSUED
2026-03-02T11:58:08.884+01:00 INFO portal-bff host=portal-bff-7c9d5b-x2k4p corrId=c-ec0c56b2a97aad18 loan application submitted application_id=APP-2026-821267 customer_segment=RETAIL
2026-03-02T11:58:08.968+01:00 INFO identity-service host=identity-service-7c9d5b-p9qmz corrId=c-ec0c56b2a97aad18 MitID session validated customer_id=C97854614
2026-03-02T11:58:09.008+01:00 INFO customer-service host=customer-service-5b8f6c-x2k4p corrId=c-ec0c56b2a97aad18 KYC profile loaded customer_id=C97854614 risk_class=HIGH
2026-03-02T11:58:09.034+01:00 INFO valuation-service host=valuation-service-5b8f6c-x2k4p corrId=c-ec0c56b2a97aad18 property valuation requested property_id=P9222263 provider=valuta-ejd
2026-03-02T11:58:09.928+01:00 INFO valuation-service host=valuation-service-7c9d5b-t6zvn corrId=c-ec0c56b2a97aad18 property valuation received property_id=P9222263 value_dkk=7500000 latency_ms=888
2026-03-02T11:58:10.059+01:00 INFO credit-service host=credit-service-7c9d5b-t6zvn corrId=c-ec0c56b2a97aad18 credit assessment completed application_id=APP-2026-821267 score=772 decision=APPROVED
2026-03-02T11:58:10.120+01:00 INFO offer-service host=offer-service-5b8f6c-t6zvn corrId=c-ec0c56b2a97aad18 loan offer generated application_id=APP-2026-821267 loan_type=FIXED_30Y principal_dkk=4400000
2026-03-02T11:58:10.214+01:00 INFO document-service host=document-service-7c9d5b-p9qmz corrId=c-ec0c56b2a97aad18 offer document stored application_id=APP-2026-821267 doc_id=DOC-819c2ef0
2026-03-02T11:58:10.280+01:00 INFO portal-bff host=portal-bff-a41e92-p9qmz corrId=c-ec0c56b2a97aad18 application completed application_id=APP-2026-821267 status=OFFER_ISSUED
2026-03-02T12:00:00.197+01:00 INFO api-gateway host=api-gateway-5b8f6c-x2k4p corrId=- health probe ok status=200 latency_ms=26
2026-03-02T12:00:00.600+01:00 INFO payment-scheduler host=payment-scheduler-7c9d5b-p9qmz corrId=- scheduler heartbeat lag_ms=19
2026-03-02T12:00:46.000+01:00 INFO config-service host=config-service-7c9d5b-t6zvn corrId=- configuration refreshed version=v103
2026-03-02T12:01:01.310+01:00 INFO offer-service host=offer-service-a41e92-p9qmz corrId=c-2d0188c25aaa8023 offer accepted application_id=APP-2026-087559
2026-03-02T12:01:01.332+01:00 INFO ledger-service host=ledger-service-5b8f6c-t6zvn corrId=c-2d0188c25aaa8023 funds reserved application_id=APP-2026-087559 amount_dkk=3115000
2026-03-02T12:01:01.417+01:00 INFO payment-service host=payment-service-7c9d5b-t6zvn corrId=c-2d0188c25aaa8023 payout instruction sent application_id=APP-2026-087559 amount_dkk=3115000
2026-03-02T12:01:01.552+01:00 INFO ledger-service host=ledger-service-7c9d5b-t6zvn corrId=c-2d0188c25aaa8023 payout booked application_id=APP-2026-087559 posting_id=PST-99f36053b2
2026-03-02T12:01:01.605+01:00 INFO notification-service host=notification-service-7c9d5b-t6zvn corrId=c-2d0188c25aaa8023 payout confirmation sent application_id=APP-2026-087559
2026-03-02T12:01:51.895+01:00 INFO portal-bff host=portal-bff-a41e92-x2k4p corrId=c-3a2a89f3b301cfbd loan application submitted application_id=APP-2026-103807 customer_segment=SME
2026-03-02T12:01:51.961+01:00 INFO identity-service host=identity-service-5b8f6c-x2k4p corrId=c-3a2a89f3b301cfbd MitID session validated customer_id=C75505430
2026-03-02T12:01:51.997+01:00 INFO customer-service host=customer-service-5b8f6c-x2k4p corrId=c-3a2a89f3b301cfbd KYC profile loaded customer_id=C75505430 risk_class=HIGH
2026-03-02T12:01:52.034+01:00 INFO valuation-service host=valuation-service-a41e92-x2k4p corrId=c-3a2a89f3b301cfbd property valuation served from cache property_id=P0460433 value_dkk=3850000
2026-03-02T12:01:52.076+01:00 INFO credit-service host=credit-service-7c9d5b-x2k4p corrId=c-3a2a89f3b301cfbd credit assessment completed application_id=APP-2026-103807 score=534 decision=APPROVED
2026-03-02T12:01:52.124+01:00 INFO offer-service host=offer-service-a41e92-x2k4p corrId=c-3a2a89f3b301cfbd loan offer generated application_id=APP-2026-103807 loan_type=FLEX_1Y principal_dkk=4485000
2026-03-02T12:01:52.149+01:00 INFO document-service host=document-service-a41e92-x2k4p corrId=c-3a2a89f3b301cfbd offer document stored application_id=APP-2026-103807 doc_id=DOC-cf8210d9
2026-03-02T12:01:52.181+01:00 INFO portal-bff host=portal-bff-5b8f6c-p9qmz corrId=c-3a2a89f3b301cfbd application completed application_id=APP-2026-103807 status=OFFER_ISSUED
2026-03-02T12:02:43.587+01:00 INFO portal-bff host=portal-bff-7c9d5b-p9qmz corrId=c-d9f4a4f3881b19dd loan application submitted application_id=APP-2026-863102 customer_segment=PRIVATE
2026-03-02T12:02:43.647+01:00 INFO identity-service host=identity-service-7c9d5b-t6zvn corrId=c-d9f4a4f3881b19dd MitID session validated customer_id=C85243597
2026-03-02T12:02:43.697+01:00 INFO customer-service host=customer-service-7c9d5b-x2k4p corrId=c-d9f4a4f3881b19dd KYC profile loaded customer_id=C85243597 risk_class=LOW
2026-03-02T12:02:43.827+01:00 INFO valuation-service host=valuation-service-a41e92-t6zvn corrId=c-d9f4a4f3881b19dd property valuation served from cache property_id=P1525237 value_dkk=8480000
2026-03-02T12:02:43.892+01:00 INFO credit-service host=credit-service-a41e92-x2k4p corrId=c-d9f4a4f3881b19dd credit assessment completed application_id=APP-2026-863102 score=767 decision=APPROVED
2026-03-02T12:02:43.983+01:00 INFO offer-service host=offer-service-5b8f6c-t6zvn corrId=c-d9f4a4f3881b19dd loan offer generated application_id=APP-2026-863102 loan_type=FLEX_1Y principal_dkk=5075000
2026-03-02T12:02:44.018+01:00 INFO document-service host=document-service-7c9d5b-t6zvn corrId=c-d9f4a4f3881b19dd offer document stored application_id=APP-2026-863102 doc_id=DOC-bb4bb6c2
2026-03-02T12:02:44.129+01:00 INFO portal-bff host=portal-bff-7c9d5b-p9qmz corrId=c-d9f4a4f3881b19dd application completed application_id=APP-2026-863102 status=OFFER_ISSUED
2026-03-02T12:03:20.896+01:00 INFO portal-bff host=portal-bff-5b8f6c-x2k4p corrId=c-d87901c8433efa28 loan application submitted application_id=APP-2026-671569 customer_segment=RETAIL
2026-03-02T12:03:21.031+01:00 INFO identity-service host=identity-service-a41e92-p9qmz corrId=c-d87901c8433efa28 MitID session validated customer_id=C77297506
2026-03-02T12:03:21.091+01:00 INFO customer-service host=customer-service-5b8f6c-p9qmz corrId=c-d87901c8433efa28 KYC profile loaded customer_id=C77297506 risk_class=MEDIUM
2026-03-02T12:03:21.142+01:00 INFO valuation-service host=valuation-service-5b8f6c-x2k4p corrId=c-d87901c8433efa28 property valuation requested property_id=P6849709 provider=bolig-vurdering
2026-03-02T12:03:21.496+01:00 INFO valuation-service host=valuation-service-a41e92-x2k4p corrId=c-d87901c8433efa28 property valuation received property_id=P6849709 value_dkk=7190000 latency_ms=310
2026-03-02T12:03:21.583+01:00 INFO credit-service host=credit-service-5b8f6c-t6zvn corrId=c-d87901c8433efa28 credit assessment completed application_id=APP-2026-671569 score=436 decision=APPROVED
2026-03-02T12:03:21.642+01:00 INFO offer-service host=offer-service-7c9d5b-p9qmz corrId=c-d87901c8433efa28 loan offer generated application_id=APP-2026-671569 loan_type=FLEX_1Y principal_dkk=770000
2026-03-02T12:03:21.681+01:00 INFO document-service host=document-service-a41e92-t6zvn corrId=c-d87901c8433efa28 offer document stored application_id=APP-2026-671569 doc_id=DOC-1918f557
2026-03-02T12:03:21.738+01:00 INFO portal-bff host=portal-bff-a41e92-t6zvn corrId=c-d87901c8433efa28 application completed application_id=APP-2026-671569 status=OFFER_ISSUED
2026-03-02T12:04:56.536+01:00 INFO portal-bff host=portal-bff-7c9d5b-p9qmz corrId=c-a25999ff12968c79 conversion quote requested loan_id=LN294638819 target_product=FIXED_30Y
2026-03-02T12:04:56.608+01:00 INFO identity-service host=identity-service-a41e92-t6zvn corrId=c-a25999ff12968c79 MitID session validated customer_id=C83047450
2026-03-02T12:04:56.664+01:00 INFO pricing-service host=pricing-service-7c9d5b-p9qmz corrId=c-a25999ff12968c79 bond price fetched series=BND4.0-2053 price=92.168
2026-03-02T12:04:56.795+01:00 INFO pricing-service host=pricing-service-a41e92-p9qmz corrId=c-a25999ff12968c79 conversion cost calculated loan_id=LN294638819 cost_dkk=72281.69
2026-03-02T12:04:56.913+01:00 INFO quote-service host=quote-service-a41e92-x2k4p corrId=c-a25999ff12968c79 conversion quote issued quote_id=Q80593261 loan_id=LN294638819
2026-03-02T12:05:00.082+01:00 INFO api-gateway host=api-gateway-a41e92-p9qmz corrId=- health probe ok status=200 latency_ms=28
2026-03-02T12:06:11.759+01:00 INFO portal-bff host=portal-bff-a41e92-x2k4p corrId=c-002c7c26852e918c loan application submitted application_id=APP-2026-246621 customer_segment=RETAIL
2026-03-02T12:06:11.772+01:00 INFO identity-service host=identity-service-5b8f6c-x2k4p corrId=c-002c7c26852e918c MitID session validated customer_id=C88365470
2026-03-02T12:06:11.813+01:00 INFO customer-service host=customer-service-5b8f6c-x2k4p corrId=c-002c7c26852e918c KYC profile loaded customer_id=C88365470 risk_class=LOW
2026-03-02T12:06:11.844+01:00 INFO valuation-service host=valuation-service-7c9d5b-t6zvn corrId=c-002c7c26852e918c property valuation requested property_id=P9130423 provider=bolig-vurdering
2026-03-02T12:06:12.353+01:00 INFO valuation-service host=valuation-service-5b8f6c-x2k4p corrId=c-002c7c26852e918c property valuation received property_id=P9130423 value_dkk=6900000 latency_ms=422
2026-03-02T12:06:12.372+01:00 INFO credit-service host=credit-service-7c9d5b-p9qmz corrId=c-002c7c26852e918c credit assessment completed application_id=APP-2026-246621 score=869 decision=APPROVED
2026-03-02T12:06:12.439+01:00 INFO offer-service host=offer-service-5b8f6c-t6zvn corrId=c-002c7c26852e918c loan offer generated application_id=APP-2026-246621 loan_type=FIXED_20Y_IO principal_dkk=985000
2026-03-02T12:06:12.571+01:00 INFO document-service host=document-service-7c9d5b-p9qmz corrId=c-002c7c26852e918c offer document stored application_id=APP-2026-246621 doc_id=DOC-6e7a4a19
2026-03-02T12:06:12.598+01:00 INFO portal-bff host=portal-bff-7c9d5b-x2k4p corrId=c-002c7c26852e918c application completed application_id=APP-2026-246621 status=OFFER_ISSUED
2026-03-02T12:06:54.724+01:00 INFO portal-bff host=portal-bff-a41e92-t6zvn corrId=c-34f402772a17d0af loan application submitted application_id=APP-2026-311023 customer_segment=PRIVATE
2026-03-02T12:06:54.855+01:00 INFO identity-service host=identity-service-7c9d5b-t6zvn corrId=c-34f402772a17d0af MitID session validated customer_id=C99768919
2026-03-02T12:06:54.981+01:00 INFO customer-service host=customer-service-a41e92-t6zvn corrId=c-34f402772a17d0af KYC profile loaded customer_id=C99768919 risk_class=MEDIUM
2026-03-02T12:06:55.030+01:00 INFO valuation-service host=valuation-service-a41e92-t6zvn corrId=c-34f402772a17d0af property valuation requested property_id=P5519789 provider=valuta-ejd
2026-03-02T12:06:55.316+01:00 INFO valuation-service host=valuation-service-7c9d5b-p9qmz corrId=c-34f402772a17d0af property valuation received property_id=P5519789 value_dkk=2080000 latency_ms=225
2026-03-02T12:06:55.455+01:00 INFO credit-service host=credit-service-a41e92-x2k4p corrId=c-34f402772a17d0af credit assessment completed application_id=APP-2026-311023 score=548 decision=APPROVED
2026-03-02T12:06:55.567+01:00 INFO offer-service host=offer-service-a41e92-t6zvn corrId=c-34f402772a17d0af loan offer generated application_id=APP-2026-311023 loan_type=FIXED_30Y principal_dkk=1185000
2026-03-02T12:06:55.578+01:00 INFO document-service host=document-service-5b8f6c-x2k4p corrId=c-34f402772a17d0af offer document stored application_id=APP-2026-311023 doc_id=DOC-6a11f5b5
2026-03-02T12:06:55.700+01:00 INFO portal-bff host=portal-bff-a41e92-p9qmz corrId=c-34f402772a17d0af application completed application_id=APP-2026-311023 status=OFFER_ISSUED
2026-03-02T12:07:28.712+01:00 INFO portal-bff host=portal-bff-5b8f6c-x2k4p corrId=c-8ec51bd292bb66fc loan application submitted application_id=APP-2026-366399 customer_segment=RETAIL
2026-03-02T12:07:28.829+01:00 INFO identity-service host=identity-service-5b8f6c-p9qmz corrId=c-8ec51bd292bb66fc MitID session validated customer_id=C65313097
2026-03-02T12:07:28.921+01:00 INFO customer-service host=customer-service-a41e92-p9qmz corrId=c-8ec51bd292bb66fc KYC profile loaded customer_id=C65313097 risk_class=HIGH
2026-03-02T12:07:28.939+01:00 INFO valuation-service host=valuation-service-a41e92-x2k4p corrId=c-8ec51bd292bb66fc property valuation requested property_id=P8190702 provider=bolig-vurdering
2026-03-02T12:07:29.664+01:00 INFO valuation-service host=valuation-service-7c9d5b-t6zvn corrId=c-8ec51bd292bb66fc property valuation received property_id=P8190702 value_dkk=1850000 latency_ms=654
2026-03-02T12:07:29.721+01:00 INFO credit-service host=credit-service-7c9d5b-x2k4p corrId=c-8ec51bd292bb66fc credit assessment completed application_id=APP-2026-366399 score=819 decision=APPROVED
2026-03-02T12:07:29.854+01:00 INFO offer-service host=offer-service-a41e92-p9qmz corrId=c-8ec51bd292bb66fc loan offer generated application_id=APP-2026-366399 loan_type=FLEX_5Y principal_dkk=3695000
2026-03-02T12:07:29.912+01:00 INFO document-service host=document-service-5b8f6c-p9qmz corrId=c-8ec51bd292bb66fc offer document stored application_id=APP-2026-366399 doc_id=DOC-731ae609
2026-03-02T12:07:29.967+01:00 INFO portal-bff host=portal-bff-7c9d5b-p9qmz corrId=c-8ec51bd292bb66fc application completed application_id=APP-2026-366399 status=OFFER_ISSUED
2026-03-02T12:08:56.564+01:00 INFO portal-bff host=portal-bff-a41e92-t6zvn corrId=c-cbaf43d69e796545 conversion quote requested loan_id=LN821591650 target_product=FIXED_30Y
2026-03-02T12:08:56.693+01:00 INFO identity-service host=identity-service-a41e92-p9qmz corrId=c-cbaf43d69e796545 MitID session validated customer_id=C49485122
2026-03-02T12:08:56.750+01:00 INFO pricing-service host=pricing-service-a41e92-p9qmz corrId=c-cbaf43d69e796545 bond price fetched series=BND2.5-2056 price=93.843
2026-03-02T12:08:56.811+01:00 INFO pricing-service host=pricing-service-5b8f6c-p9qmz corrId=c-cbaf43d69e796545 conversion cost calculated loan_id=LN821591650 cost_dkk=58020.81
2026-03-02T12:08:56.939+01:00 INFO quote-service host=quote-service-5b8f6c-t6zvn corrId=c-cbaf43d69e796545 conversion quote issued quote_id=Q40088432 loan_id=LN821591650
2026-03-02T12:09:09.000+01:00 INFO valuation-service host=valuation-service-7c9d5b-x2k4p corrId=- jvm gc pause pause_ms=45
2026-03-02T12:10:00.131+01:00 INFO api-gateway host=api-gateway-7c9d5b-p9qmz corrId=- health probe ok status=200 latency_ms=25
2026-03-02T12:10:00.601+01:00 INFO payment-scheduler host=payment-scheduler-a41e92-p9qmz corrId=- scheduler heartbeat lag_ms=29
2026-03-02T12:12:07.984+01:00 INFO offer-service host=offer-service-a41e92-p9qmz corrId=c-22af45f5a5ff5f5a offer accepted application_id=APP-2026-422664
2026-03-02T12:12:08.060+01:00 INFO ledger-service host=ledger-service-5b8f6c-x2k4p corrId=c-22af45f5a5ff5f5a funds reserved application_id=APP-2026-422664 amount_dkk=3370000
2026-03-02T12:12:08.102+01:00 INFO payment-service host=payment-service-7c9d5b-x2k4p corrId=c-22af45f5a5ff5f5a payout instruction sent application_id=APP-2026-422664 amount_dkk=3370000
2026-03-02T12:12:08.197+01:00 INFO ledger-service host=ledger-service-a41e92-t6zvn corrId=c-22af45f5a5ff5f5a payout booked application_id=APP-2026-422664 posting_id=PST-624ea23998
2026-03-02T12:12:08.279+01:00 INFO notification-service host=notification-service-5b8f6c-x2k4p corrId=c-22af45f5a5ff5f5a payout confirmation sent application_id=APP-2026-422664
2026-03-02T12:12:59.617+01:00 INFO portal-bff host=portal-bff-5b8f6c-x2k4p corrId=c-6c10176cb1ea401c conversion quote requested loan_id=LN982993107 target_product=FLEX_5Y
2026-03-02T12:12:59.656+01:00 INFO identity-service host=identity-service-7c9d5b-x2k4p corrId=c-6c10176cb1ea401c MitID session validated customer_id=C44963608
2026-03-02T12:12:59.671+01:00 INFO pricing-service host=pricing-service-5b8f6c-t6zvn corrId=c-6c10176cb1ea401c bond price fetched series=BND4.0-2053 price=89.013
2026-03-02T12:12:59.756+01:00 INFO pricing-service host=pricing-service-5b8f6c-t6zvn corrId=c-6c10176cb1ea401c conversion cost calculated loan_id=LN982993107 cost_dkk=4722.79
2026-03-02T12:12:59.876+01:00 INFO quote-service host=quote-service-7c9d5b-p9qmz corrId=c-6c10176cb1ea401c conversion quote issued quote_id=Q79662340 loan_id=LN982993107
2026-03-02T12:13:05.152+01:00 INFO portal-bff host=portal-bff-a41e92-p9qmz corrId=c-b5b1224121ca99f4 loan application submitted application_id=APP-2026-509970 customer_segment=SME
2026-03-02T12:13:05.261+01:00 INFO identity-service host=identity-service-7c9d5b-t6zvn corrId=c-b5b1224121ca99f4 MitID session validated customer_id=C54396538
2026-03-02T12:13:05.380+01:00 INFO customer-service host=customer-service-5b8f6c-t6zvn corrId=c-b5b1224121ca99f4 KYC profile loaded customer_id=C54396538 risk_class=HIGH
2026-03-02T12:13:05.404+01:00 INFO valuation-service host=valuation-service-5b8f6c-p9qmz corrId=c-b5b1224121ca99f4 property valuation served from cache property_id=P6550952 value_dkk=4950000
2026-03-02T12:13:05.480+01:00 INFO credit-service host=credit-service-7c9d5b-x2k4p corrId=c-b5b1224121ca99f4 credit assessment completed application_id=APP-2026-509970 score=681 decision=APPROVED
2026-03-02T12:13:05.543+01:00 INFO offer-service host=offer-service-7c9d5b-x2k4p corrId=c-b5b1224121ca99f4 loan offer generated application_id=APP-2026-509970 loan_type=FIXED_30Y principal_dkk=4625000
2026-03-02T12:13:05.640+01:00 INFO document-service host=document-service-a41e92-t6zvn corrId=c-b5b1224121ca99f4 offer document stored application_id=APP-2026-509970 doc_id=DOC-372195fb
2026-03-02T12:13:05.665+01:00 INFO portal-bff host=portal-bff-a41e92-t6zvn corrId=c-b5b1224121ca99f4 application completed application_id=APP-2026-509970 status=OFFER_ISSUED
2026-03-02T12:15:00.114+01:00 INFO api-gateway host=api-gateway-a41e92-t6zvn corrId=- health probe ok status=200 latency_ms=35
2026-03-02T12:15:54.259+01:00 INFO portal-bff host=portal-bff-7c9d5b-x2k4p corrId=c-f7289ebc2f21f3d0 loan application submitted application_id=APP-2026-935893 customer_segment=SME
2026-03-02T12:15:54.339+01:00 INFO identity-service host=identity-service-a41e92-t6zvn corrId=c-f7289ebc2f21f3d0 MitID session validated customer_id=C27143137
2026-03-02T12:15:54.416+01:00 INFO customer-service host=customer-service-a41e92-t6zvn corrId=c-f7289ebc2f21f3d0 KYC profile loaded customer_id=C27143137 risk_class=LOW
2026-03-02T12:15:54.430+01:00 INFO valuation-service host=valuation-service-5b8f6c-p9qmz corrId=c-f7289ebc2f21f3d0 property valuation requested property_id=P1268338 provider=valuta-ejd
2026-03-02T12:15:55.206+01:00 INFO valuation-service host=valuation-service-a41e92-p9qmz corrId=c-f7289ebc2f21f3d0 property valuation received property_id=P1268338 value_dkk=5480000 latency_ms=734
2026-03-02T12:15:55.213+01:00 INFO credit-service host=credit-service-7c9d5b-x2k4p corrId=c-f7289ebc2f21f3d0 credit assessment completed application_id=APP-2026-935893 score=616 decision=APPROVED
2026-03-02T12:15:55.305+01:00 INFO offer-service host=offer-service-5b8f6c-t6zvn corrId=c-f7289ebc2f21f3d0 loan offer generated application_id=APP-2026-935893 loan_type=FIXED_30Y principal_dkk=5195000
2026-03-02T12:15:55.414+01:00 INFO document-service host=document-service-a41e92-p9qmz corrId=c-f7289ebc2f21f3d0 offer document stored application_id=APP-2026-935893 doc_id=DOC-0bd89bc7
2026-03-02T12:15:55.499+01:00 INFO portal-bff host=portal-bff-5b8f6c-t6zvn corrId=c-f7289ebc2f21f3d0 application completed application_id=APP-2026-935893 status=OFFER_ISSUED
2026-03-02T12:16:04.520+01:00 INFO portal-bff host=portal-bff-7c9d5b-t6zvn corrId=c-6806c53673602de7 loan application submitted application_id=APP-2026-230206 customer_segment=PRIVATE
2026-03-02T12:16:04.635+01:00 INFO identity-service host=identity-service-7c9d5b-p9qmz corrId=c-6806c53673602de7 MitID session validated customer_id=C08222618
2026-03-02T12:16:04.701+01:00 INFO customer-service host=customer-service-a41e92-p9qmz corrId=c-6806c53673602de7 KYC profile loaded customer_id=C08222618 risk_class=LOW
2026-03-02T12:16:04.814+01:00 INFO valuation-service host=valuation-service-5b8f6c-p9qmz corrId=c-6806c53673602de7 property valuation served from cache property_id=P0194529 value_dkk=6460000
2026-03-02T12:16:04.902+01:00 INFO credit-service host=credit-service-7c9d5b-x2k4p corrId=c-6806c53673602de7 credit assessment completed application_id=APP-2026-230206 score=644 decision=APPROVED
2026-03-02T12:16:05.042+01:00 INFO offer-service host=offer-service-7c9d5b-t6zvn corrId=c-6806c53673602de7 loan offer generated application_id=APP-2026-230206 loan_type=FLEX_5Y principal_dkk=3540000
2026-03-02T12:16:05.049+01:00 INFO document-service host=document-service-a41e92-x2k4p corrId=c-6806c53673602de7 offer document stored application_id=APP-2026-230206 doc_id=DOC-f72c50e7
2026-03-02T12:16:05.177+01:00 INFO portal-bff host=portal-bff-7c9d5b-t6zvn corrId=c-6806c53673602de7 application completed application_id=APP-2026-230206 status=OFFER_ISSUED
2026-03-02T12:16:35.090+01:00 INFO portal-bff host=portal-bff-a41e92-x2k4p corrId=c-85a8de9ea66aa64f loan application submitted application_id=APP-2026-789300 customer_segment=PRIVATE
2026-03-02T12:16:35.134+01:00 INFO identity-service host=identity-service-a41e92-t6zvn corrId=c-85a8de9ea66aa64f MitID session validated customer_id=C68926893
2026-03-02T12:16:35.172+01:00 INFO customer-service host=customer-service-a41e92-x2k4p corrId=c-85a8de9ea66aa64f KYC profile loaded customer_id=C68926893 risk_class=MEDIUM
2026-03-02T12:16:35.187+01:00 INFO valuation-service host=valuation-service-5b8f6c-x2k4p corrId=c-85a8de9ea66aa64f property valuation requested property_id=P4954846 provider=valuta-ejd
2026-03-02T12:16:35.694+01:00 INFO valuation-service host=valuation-service-5b8f6c-t6zvn corrId=c-85a8de9ea66aa64f property valuation received property_id=P4954846 value_dkk=4640000 latency_ms=430
2026-03-02T12:16:35.791+01:00 INFO credit-service host=credit-service-a41e92-t6zvn corrId=c-85a8de9ea66aa64f credit assessment completed application_id=APP-2026-789300 score=664 decision=APPROVED
2026-03-02T12:16:35.914+01:00 INFO offer-service host=offer-service-a41e92-t6zvn corrId=c-85a8de9ea66aa64f loan offer generated application_id=APP-2026-789300 loan_type=FLEX_1Y principal_dkk=5105000
2026-03-02T12:16:35.930+01:00 INFO document-service host=document-service-a41e92-t6zvn corrId=c-85a8de9ea66aa64f offer document stored application_id=APP-2026-789300 doc_id=DOC-8961ad69
2026-03-02T12:16:36.038+01:00 INFO portal-bff host=portal-bff-7c9d5b-x2k4p corrId=c-85a8de9ea66aa64f application completed application_id=APP-2026-789300 status=OFFER_ISSUED
2026-03-02T12:17:20.525+01:00 INFO portal-bff host=portal-bff-5b8f6c-x2k4p corrId=c-d5f5b997c415a726 loan application submitted application_id=APP-2026-148843 customer_segment=RETAIL
2026-03-02T12:17:20.614+01:00 INFO identity-service host=identity-service-a41e92-t6zvn corrId=c-d5f5b997c415a726 MitID session validated customer_id=C99863065
2026-03-02T12:17:20.633+01:00 INFO customer-service host=customer-service-5b8f6c-t6zvn corrId=c-d5f5b997c415a726 KYC profile loaded customer_id=C99863065 risk_class=LOW
2026-03-02T12:17:20.717+01:00 INFO valuation-service host=valuation-service-5b8f6c-p9qmz corrId=c-d5f5b997c415a726 property valuation requested property_id=P9398168 provider=valuta-ejd
2026-03-02T12:17:21.316+01:00 INFO valuation-service host=valuation-service-a41e92-x2k4p corrId=c-d5f5b997c415a726 property valuation received property_id=P9398168 value_dkk=1700000 latency_ms=461
2026-03-02T12:17:21.427+01:00 INFO credit-service host=credit-service-5b8f6c-p9qmz corrId=c-d5f5b997c415a726 credit assessment completed application_id=APP-2026-148843 score=623 decision=APPROVED
2026-03-02T12:17:21.444+01:00 INFO offer-service host=offer-service-5b8f6c-p9qmz corrId=c-d5f5b997c415a726 loan offer generated application_id=APP-2026-148843 loan_type=FIXED_30Y principal_dkk=5770000
2026-03-02T12:17:21.493+01:00 INFO document-service host=document-service-5b8f6c-p9qmz corrId=c-d5f5b997c415a726 offer document stored application_id=APP-2026-148843 doc_id=DOC-766bacf6
2026-03-02T12:17:21.576+01:00 INFO portal-bff host=portal-bff-a41e92-p9qmz corrId=c-d5f5b997c415a726 application completed application_id=APP-2026-148843 status=OFFER_ISSUED
2026-03-02T12:19:37.314+01:00 INFO portal-bff host=portal-bff-a41e92-x2k4p corrId=c-3141a0c9d356131f loan application submitted application_id=APP-2026-240622 customer_segment=RETAIL
2026-03-02T12:19:37.353+01:00 INFO identity-service host=identity-service-7c9d5b-x2k4p corrId=c-3141a0c9d356131f MitID session validated customer_id=C13087778
2026-03-02T12:19:37.398+01:00 INFO customer-service host=customer-service-7c9d5b-p9qmz corrId=c-3141a0c9d356131f KYC profile loaded customer_id=C13087778 risk_class=HIGH
2026-03-02T12:19:37.439+01:00 INFO valuation-service host=valuation-service-7c9d5b-t6zvn corrId=c-3141a0c9d356131f property valuation requested property_id=P2720879 provider=bolig-vurdering
2026-03-02T12:19:38.234+01:00 INFO valuation-service host=valuation-service-7c9d5b-p9qmz corrId=c-3141a0c9d356131f property valuation received property_id=P2720879 value_dkk=8750000 latency_ms=674
2026-03-02T12:19:38.256+01:00 INFO credit-service host=credit-service-5b8f6c-p9qmz corrId=c-3141a0c9d356131f credit assessment completed application_id=APP-2026-240622 score=783 decision=APPROVED
2026-03-02T12:19:38.309+01:00 INFO offer-service host=offer-service-a41e92-x2k4p corrId=c-3141a0c9d356131f loan offer generated application_id=APP-2026-240622 loan_type=FLEX_1Y principal_dkk=1895000
2026-03-02T12:19:38.363+01:00 INFO document-service host=document-service-5b8f6c-p9qmz corrId=c-3141a0c9d356131f offer document stored application_id=APP-2026-240622 doc_id=DOC-3d8c012a
2026-03-02T12:19:38.489+01:00 INFO portal-bff host=portal-bff-5b8f6c-x2k4p corrId=c-3141a0c9d356131f application completed application_id=APP-2026-240622 status=OFFER_ISSUED
2026-03-02T12:19:55.782+01:00 INFO portal-bff host=portal-bff-5b8f6c-x2k4p corrId=c-a562e89fb8fd99b3 loan application submitted application_id=APP-2026-673053 customer_segment=PRIVATE
2026-03-02T12:19:55.844+01:00 INFO identity-service host=identity-service-a41e92-t6zvn corrId=c-a562e89fb8fd99b3 MitID session validated customer_id=C15138059
2026-03-02T12:19:55.942+01:00 INFO customer-service host=customer-service-7c9d5b-p9qmz corrId=c-a562e89fb8fd99b3 KYC profile loaded customer_id=C15138059 risk_class=LOW
2026-03-02T12:19:56.008+01:00 INFO valuation-service host=valuation-service-7c9d5b-x2k4p corrId=c-a562e89fb8fd99b3 property valuation requested property_id=P2939513 provider=valuta-ejd
2026-03-02T12:19:56.551+01:00 INFO valuation-service host=valuation-service-5b8f6c-x2k4p corrId=c-a562e89fb8fd99b3 property valuation received property_id=P2939513 value_dkk=1310000 latency_ms=428
2026-03-02T12:19:56.571+01:00 INFO credit-service host=credit-service-7c9d5b-x2k4p corrId=c-a562e89fb8fd99b3 credit assessment completed application_id=APP-2026-673053 score=501 decision=APPROVED
2026-03-02T12:19:56.639+01:00 INFO offer-service host=offer-service-7c9d5b-p9qmz corrId=c-a562e89fb8fd99b3 loan offer generated application_id=APP-2026-673053 loan_type=FLEX_1Y principal_dkk=2475000
2026-03-02T12:19:56.740+01:00 INFO document-service host=document-service-a41e92-t6zvn corrId=c-a562e89fb8fd99b3 offer document stored application_id=APP-2026-673053 doc_id=DOC-23bc7369
2026-03-02T12:19:56.813+01:00 INFO portal-bff host=portal-bff-7c9d5b-x2k4p corrId=c-a562e89fb8fd99b3 application completed application_id=APP-2026-673053 status=OFFER_ISSUED
2026-03-02T12:20:00.542+01:00 INFO api-gateway host=api-gateway-5b8f6c-t6zvn corrId=- health probe ok status=200 latency_ms=3
2026-03-02T12:20:00.650+01:00 INFO payment-scheduler host=payment-scheduler-7c9d5b-t6zvn corrId=- scheduler heartbeat lag_ms=13
2026-03-02T12:20:17.549+01:00 INFO portal-bff host=portal-bff-5b8f6c-x2k4p corrId=c-f1714fdf3e81dcc7 loan application submitted application_id=APP-2026-352039 customer_segment=SME
2026-03-02T12:20:17.579+01:00 INFO identity-service host=identity-service-a41e92-p9qmz corrId=c-f1714fdf3e81dcc7 MitID session validated customer_id=C60854682
2026-03-02T12:20:17.656+01:00 INFO customer-service host=customer-service-7c9d5b-p9qmz corrId=c-f1714fdf3e81dcc7 KYC profile loaded customer_id=C60854682 risk_class=HIGH
2026-03-02T12:20:17.692+01:00 INFO valuation-service host=valuation-service-a41e92-p9qmz corrId=c-f1714fdf3e81dcc7 property valuation requested property_id=P9264004 provider=bolig-vurdering
2026-03-02T12:20:18.695+01:00 INFO valuation-service host=valuation-service-7c9d5b-t6zvn corrId=c-f1714fdf3e81dcc7 property valuation received property_id=P9264004 value_dkk=4110000 latency_ms=929
2026-03-02T12:20:18.723+01:00 INFO credit-service host=credit-service-a41e92-t6zvn corrId=c-f1714fdf3e81dcc7 credit assessment completed application_id=APP-2026-352039 score=488 decision=APPROVED
2026-03-02T12:20:18.738+01:00 INFO offer-service host=offer-service-5b8f6c-t6zvn corrId=c-f1714fdf3e81dcc7 loan offer generated application_id=APP-2026-352039 loan_type=FIXED_30Y principal_dkk=510000
2026-03-02T12:20:18.856+01:00 INFO document-service host=document-service-7c9d5b-x2k4p corrId=c-f1714fdf3e81dcc7 offer document stored application_id=APP-2026-352039 doc_id=DOC-c29ea204
2026-03-02T12:20:18.973+01:00 INFO portal-bff host=portal-bff-a41e92-t6zvn corrId=c-f1714fdf3e81dcc7 application completed application_id=APP-2026-352039 status=OFFER_ISSUED
2026-03-02T12:20:23.533+01:00 INFO offer-service host=offer-service-5b8f6c-p9qmz corrId=c-41365825fac4f744 offer accepted application_id=APP-2026-259365
2026-03-02T12:20:23.559+01:00 INFO ledger-service host=ledger-service-a41e92-x2k4p corrId=c-41365825fac4f744 funds reserved application_id=APP-2026-259365 amount_dkk=4930000
2026-03-02T12:20:23.677+01:00 INFO payment-service host=payment-service-a41e92-p9qmz corrId=c-41365825fac4f744 payout instruction sent application_id=APP-2026-259365 amount_dkk=4930000
2026-03-02T12:20:23.686+01:00 INFO ledger-service host=ledger-service-a41e92-p9qmz corrId=c-41365825fac4f744 payout booked application_id=APP-2026-259365 posting_id=PST-79cfa14422
2026-03-02T12:20:23.775+01:00 INFO notification-service host=notification-service-a41e92-t6zvn corrId=c-41365825fac4f744 payout confirmation sent application_id=APP-2026-259365
2026-03-02T12:20:50.571+01:00 INFO portal-bff host=portal-bff-7c9d5b-p9qmz corrId=c-00a3bd74adee4b7c loan application submitted application_id=APP-2026-840690 customer_segment=PRIVATE
2026-03-02T12:20:50.615+01:00 INFO identity-service host=identity-service-5b8f6c-t6zvn corrId=c-00a3bd74adee4b7c MitID session validated customer_id=C00972428
2026-03-02T12:20:50.640+01:00 INFO customer-service host=customer-service-5b8f6c-x2k4p corrId=c-00a3bd74adee4b7c KYC profile loaded customer_id=C00972428 risk_class=MEDIUM
2026-03-02T12:20:50.715+01:00 INFO valuation-service host=valuation-service-a41e92-t6zvn corrId=c-00a3bd74adee4b7c property valuation served from cache property_id=P3240750 value_dkk=7420000
2026-03-02T12:20:50.759+01:00 INFO credit-service host=credit-service-a41e92-t6zvn corrId=c-00a3bd74adee4b7c credit assessment completed application_id=APP-2026-840690 score=673 decision=APPROVED
2026-03-02T12:20:50.783+01:00 INFO offer-service host=offer-service-5b8f6c-p9qmz corrId=c-00a3bd74adee4b7c loan offer generated application_id=APP-2026-840690 loan_type=FIXED_20Y_IO principal_dkk=4580000
2026-03-02T12:20:50.889+01:00 INFO document-service host=document-service-7c9d5b-p9qmz corrId=c-00a3bd74adee4b7c offer document stored application_id=APP-2026-840690 doc_id=DOC-1b2a4fee
2026-03-02T12:20:50.928+01:00 INFO portal-bff host=portal-bff-7c9d5b-x2k4p corrId=c-00a3bd74adee4b7c application completed application_id=APP-2026-840690 status=OFFER_ISSUED
2026-03-02T12:21:36.307+01:00 INFO portal-bff host=portal-bff-a41e92-x2k4p corrId=c-b784d1eb5dc7d8dc loan application submitted application_id=APP-2026-038003 customer_segment=RETAIL
2026-03-02T12:21:36.384+01:00 INFO identity-service host=identity-service-a41e92-x2k4p corrId=c-b784d1eb5dc7d8dc MitID session validated customer_id=C66656033
2026-03-02T12:21:36.472+01:00 INFO customer-service host=customer-service-7c9d5b-p9qmz corrId=c-b784d1eb5dc7d8dc KYC profile loaded customer_id=C66656033 risk_class=HIGH
2026-03-02T12:21:36.589+01:00 INFO valuation-service host=valuation-service-a41e92-t6zvn corrId=c-b784d1eb5dc7d8dc property valuation requested property_id=P5271753 provider=bolig-vurdering
2026-03-02T12:21:36.923+01:00 INFO valuation-service host=valuation-service-7c9d5b-p9qmz corrId=c-b784d1eb5dc7d8dc property valuation received property_id=P5271753 value_dkk=1940000 latency_ms=215
2026-03-02T12:21:36.931+01:00 INFO credit-service host=credit-service-5b8f6c-t6zvn corrId=c-b784d1eb5dc7d8dc credit assessment completed application_id=APP-2026-038003 score=845 decision=APPROVED
2026-03-02T12:21:36.977+01:00 INFO offer-service host=offer-service-a41e92-p9qmz corrId=c-b784d1eb5dc7d8dc loan offer generated application_id=APP-2026-038003 loan_type=FIXED_20Y_IO principal_dkk=725000
2026-03-02T12:21:36.991+01:00 INFO document-service host=document-service-a41e92-x2k4p corrId=c-b784d1eb5dc7d8dc offer document stored application_id=APP-2026-038003 doc_id=DOC-cc24ea90
2026-03-02T12:21:37.069+01:00 INFO portal-bff host=portal-bff-a41e92-t6zvn corrId=c-b784d1eb5dc7d8dc application completed application_id=APP-2026-038003 status=OFFER_ISSUED
2026-03-02T12:21:48.687+01:00 INFO portal-bff host=portal-bff-7c9d5b-p9qmz corrId=c-112107ac2c1a459e loan application submitted application_id=APP-2026-827671 customer_segment=PRIVATE
2026-03-02T12:21:48.778+01:00 INFO identity-service host=identity-service-7c9d5b-x2k4p corrId=c-112107ac2c1a459e MitID session validated customer_id=C79227685
2026-03-02T12:21:48.870+01:00 INFO customer-service host=customer-service-5b8f6c-t6zvn corrId=c-112107ac2c1a459e KYC profile loaded customer_id=C79227685 risk_class=HIGH
2026-03-02T12:21:48.965+01:00 INFO valuation-service host=valuation-service-a41e92-t6zvn corrId=c-112107ac2c1a459e property valuation requested property_id=P0192815 provider=valuta-ejd
2026-03-02T12:21:49.547+01:00 INFO valuation-service host=valuation-service-a41e92-x2k4p corrId=c-112107ac2c1a459e property valuation received property_id=P0192815 value_dkk=5840000 latency_ms=567
2026-03-02T12:21:49.592+01:00 INFO credit-service host=credit-service-5b8f6c-t6zvn corrId=c-112107ac2c1a459e credit assessment completed application_id=APP-2026-827671 score=714 decision=APPROVED
2026-03-02T12:21:49.675+01:00 INFO offer-service host=offer-service-5b8f6c-x2k4p corrId=c-112107ac2c1a459e loan offer generated application_id=APP-2026-827671 loan_type=FIXED_30Y principal_dkk=4155000
2026-03-02T12:21:49.688+01:00 INFO document-service host=document-service-a41e92-t6zvn corrId=c-112107ac2c1a459e offer document stored application_id=APP-2026-827671 doc_id=DOC-c03c2075
2026-03-02T12:21:49.715+01:00 INFO portal-bff host=portal-bff-5b8f6c-x2k4p corrId=c-112107ac2c1a459e application completed application_id=APP-2026-827671 status=OFFER_ISSUED
2026-03-02T12:24:21.246+01:00 INFO portal-bff host=portal-bff-a41e92-x2k4p corrId=c-41653da3c45b7ffa loan application submitted application_id=APP-2026-677959 customer_segment=SME
2026-03-02T12:24:21.304+01:00 INFO identity-service host=identity-service-7c9d5b-x2k4p corrId=c-41653da3c45b7ffa MitID session validated customer_id=C96867493
2026-03-02T12:24:21.324+01:00 INFO customer-service host=customer-service-5b8f6c-t6zvn corrId=c-41653da3c45b7ffa KYC profile loaded customer_id=C96867493 risk_class=LOW
2026-03-02T12:24:21.331+01:00 INFO valuation-service host=valuation-service-7c9d5b-t6zvn corrId=c-41653da3c45b7ffa property valuation served from cache property_id=P6513965 value_dkk=3520000
2026-03-02T12:24:21.412+01:00 INFO credit-service host=credit-service-a41e92-x2k4p corrId=c-41653da3c45b7ffa credit assessment completed application_id=APP-2026-677959 score=426 decision=APPROVED
2026-03-02T12:24:21.464+01:00 INFO offer-service host=offer-service-a41e92-t6zvn corrId=c-41653da3c45b7ffa loan offer generated application_id=APP-2026-677959 loan_type=FIXED_30Y principal_dkk=4105000
2026-03-02T12:24:21.551+01:00 INFO document-service host=document-service-7c9d5b-t6zvn corrId=c-41653da3c45b7ffa offer document stored application_id=APP-2026-677959 doc_id=DOC-9496204f
2026-03-02T12:24:21.671+01:00 INFO portal-bff host=portal-bff-5b8f6c-x2k4p corrId=c-41653da3c45b7ffa application completed application_id=APP-2026-677959 status=OFFER_ISSUED
2026-03-02T12:25:00.585+01:00 INFO api-gateway host=api-gateway-7c9d5b-t6zvn corrId=- health probe ok status=200 latency_ms=32
2026-03-02T12:25:25.961+01:00 INFO portal-bff host=portal-bff-5b8f6c-x2k4p corrId=c-bf6b69da67bbc856 loan application submitted application_id=APP-2026-672697 customer_segment=PRIVATE
2026-03-02T12:25:26.001+01:00 INFO identity-service host=identity-service-5b8f6c-x2k4p corrId=c-bf6b69da67bbc856 MitID session validated customer_id=C04424402
2026-03-02T12:25:26.096+01:00 INFO customer-service host=customer-service-7c9d5b-x2k4p corrId=c-bf6b69da67bbc856 KYC profile loaded customer_id=C04424402 risk_class=LOW
2026-03-02T12:25:26.153+01:00 INFO valuation-service host=valuation-service-5b8f6c-t6zvn corrId=c-bf6b69da67bbc856 property valuation requested property_id=P8311896 provider=valuta-ejd
2026-03-02T12:25:26.625+01:00 INFO valuation-service host=valuation-service-7c9d5b-p9qmz corrId=c-bf6b69da67bbc856 property valuation received property_id=P8311896 value_dkk=5860000 latency_ms=387
2026-03-02T12:25:26.686+01:00 INFO credit-service host=credit-service-a41e92-x2k4p corrId=c-bf6b69da67bbc856 credit assessment completed application_id=APP-2026-672697 score=528 decision=APPROVED
2026-03-02T12:25:26.801+01:00 INFO offer-service host=offer-service-5b8f6c-p9qmz corrId=c-bf6b69da67bbc856 loan offer generated application_id=APP-2026-672697 loan_type=FIXED_30Y principal_dkk=535000
2026-03-02T12:25:26.930+01:00 INFO document-service host=document-service-5b8f6c-p9qmz corrId=c-bf6b69da67bbc856 offer document stored application_id=APP-2026-672697 doc_id=DOC-39bf1471
2026-03-02T12:25:26.972+01:00 INFO portal-bff host=portal-bff-a41e92-x2k4p corrId=c-bf6b69da67bbc856 application completed application_id=APP-2026-672697 status=OFFER_ISSUED
2026-03-02T12:25:48.014+01:00 INFO portal-bff host=portal-bff-a41e92-t6zvn corrId=c-463bf7549a38a2b5 loan application submitted application_id=APP-2026-999011 customer_segment=RETAIL
2026-03-02T12:25:48.095+01:00 INFO identity-service host=identity-service-7c9d5b-x2k4p corrId=c-463bf7549a38a2b5 MitID session validated customer_id=C88631332
2026-03-02T12:25:48.195+01:00 INFO customer-service host=customer-service-a41e92-p9qmz corrId=c-463bf7549a38a2b5 KYC profile loaded customer_id=C88631332 risk_class=HIGH
2026-03-02T12:25:48.319+01:00 INFO valuation-service host=valuation-service-5b8f6c-x2k4p corrId=c-463bf7549a38a2b5 property valuation served from cache property_id=P3344681 value_dkk=8770000
2026-03-02T12:25:48.424+01:00 INFO credit-service host=credit-service-5b8f6c-x2k4p corrId=c-463bf7549a38a2b5 credit assessment completed application_id=APP-2026-999011 score=736 decision=APPROVED
2026-03-02T12:25:48.503+01:00 INFO offer-service host=offer-service-5b8f6c-p9qmz corrId=c-463bf7549a38a2b5 loan offer generated application_id=APP-2026-999011 loan_type=FLEX_1Y principal_dkk=3125000
2026-03-02T12:25:48.591+01:00 INFO document-service host=document-service-a41e92-p9qmz corrId=c-463bf7549a38a2b5 offer document stored application_id=APP-2026-999011 doc_id=DOC-7291e66e
2026-03-02T12:25:48.656+01:00 INFO portal-bff host=portal-bff-a41e92-x2k4p corrId=c-463bf7549a38a2b5 application completed application_id=APP-2026-999011 status=OFFER_ISSUED
2026-03-02T12:25:54.758+01:00 INFO portal-bff host=portal-bff-5b8f6c-x2k4p corrId=c-c4c4641cfb429f10 conversion quote requested loan_id=LN320161290 target_product=FLEX_5Y
2026-03-02T12:25:54.838+01:00 INFO identity-service host=identity-service-a41e92-t6zvn corrId=c-c4c4641cfb429f10 MitID session validated customer_id=C68183376
2026-03-02T12:25:54.955+01:00 INFO pricing-service host=pricing-service-a41e92-p9qmz corrId=c-c4c4641cfb429f10 bond price fetched series=BND4.0-2053 price=99.145
2026-03-02T12:25:55.086+01:00 INFO pricing-service host=pricing-service-5b8f6c-t6zvn corrId=c-c4c4641cfb429f10 conversion cost calculated loan_id=LN320161290 cost_dkk=59336.36
2026-03-02T12:25:55.212+01:00 INFO quote-service host=quote-service-7c9d5b-p9qmz corrId=c-c4c4641cfb429f10 conversion quote issued quote_id=Q07141462 loan_id=LN320161290
2026-03-02T12:28:14.334+01:00 INFO portal-bff host=portal-bff-5b8f6c-t6zvn corrId=c-a737216bcd43e120 loan application submitted application_id=APP-2026-043656 customer_segment=RETAIL
2026-03-02T12:28:14.380+01:00 INFO identity-service host=identity-service-a41e92-x2k4p corrId=c-a737216bcd43e120 MitID session validated customer_id=C12505257
2026-03-02T12:28:14.395+01:00 INFO customer-service host=customer-service-a41e92-p9qmz corrId=c-a737216bcd43e120 KYC profile loaded customer_id=C12505257 risk_class=HIGH
2026-03-02T12:28:14.404+01:00 INFO valuation-service host=valuation-service-a41e92-x2k4p corrId=c-a737216bcd43e120 property valuation requested property_id=P1726777 provider=valuta-ejd
2026-03-02T12:28:15.175+01:00 INFO valuation-service host=valuation-service-a41e92-x2k4p corrId=c-a737216bcd43e120 property valuation received property_id=P1726777 value_dkk=3310000 latency_ms=647
2026-03-02T12:28:15.180+01:00 INFO credit-service host=credit-service-7c9d5b-p9qmz corrId=c-a737216bcd43e120 credit assessment completed application_id=APP-2026-043656 score=498 decision=APPROVED
2026-03-02T12:28:15.318+01:00 INFO offer-service host=offer-service-a41e92-t6zvn corrId=c-a737216bcd43e120 loan offer generated application_id=APP-2026-043656 loan_type=FLEX_5Y principal_dkk=565000
2026-03-02T12:28:15.341+01:00 INFO document-service host=document-service-a41e92-x2k4p corrId=c-a737216bcd43e120 offer document stored application_id=APP-2026-043656 doc_id=DOC-4f9d0631
2026-03-02T12:28:15.402+01:00 INFO portal-bff host=portal-bff-7c9d5b-x2k4p corrId=c-a737216bcd43e120 application completed application_id=APP-2026-043656 status=OFFER_ISSUED
2026-03-02T12:30:00.088+01:00 INFO api-gateway host=api-gateway-5b8f6c-t6zvn corrId=- health probe ok status=200 latency_ms=17
2026-03-02T12:30:00.536+01:00 INFO payment-scheduler host=payment-scheduler-7c9d5b-x2k4p corrId=- scheduler heartbeat lag_ms=56
2026-03-02T12:30:10.000+01:00 INFO valuation-service host=valuation-service-a41e92-x2k4p corrId=- jvm gc pause pause_ms=74
2026-03-02T12:32:35.063+01:00 INFO portal-bff host=portal-bff-7c9d5b-p9qmz corrId=c-0d41adad3f91c94f loan application submitted application_id=APP-2026-643840 customer_segment=SME
2026-03-02T12:32:35.146+01:00 INFO identity-service host=identity-service-5b8f6c-p9qmz corrId=c-0d41adad3f91c94f MitID session validated customer_id=C98367017
2026-03-02T12:32:35.228+01:00 INFO customer-service host=customer-service-5b8f6c-t6zvn corrId=c-0d41adad3f91c94f KYC profile loaded customer_id=C98367017 risk_class=HIGH
2026-03-02T12:32:35.283+01:00 INFO valuation-service host=valuation-service-a41e92-t6zvn corrId=c-0d41adad3f91c94f property valuation requested property_id=P3368545 provider=bolig-vurdering
2026-03-02T12:32:35.924+01:00 INFO valuation-service host=valuation-service-5b8f6c-p9qmz corrId=c-0d41adad3f91c94f property valuation received property_id=P3368545 value_dkk=2610000 latency_ms=576
2026-03-02T12:32:35.948+01:00 INFO credit-service host=credit-service-7c9d5b-t6zvn corrId=c-0d41adad3f91c94f credit assessment completed application_id=APP-2026-643840 score=537 decision=APPROVED
2026-03-02T12:32:36.073+01:00 INFO offer-service host=offer-service-5b8f6c-t6zvn corrId=c-0d41adad3f91c94f loan offer generated application_id=APP-2026-643840 loan_type=FLEX_1Y principal_dkk=1105000
2026-03-02T12:32:36.191+01:00 INFO document-service host=document-service-a41e92-x2k4p corrId=c-0d41adad3f91c94f offer document stored application_id=APP-2026-643840 doc_id=DOC-d8130f70
2026-03-02T12:32:36.237+01:00 INFO portal-bff host=portal-bff-a41e92-p9qmz corrId=c-0d41adad3f91c94f application completed application_id=APP-2026-643840 status=OFFER_ISSUED
2026-03-02T12:33:11.881+01:00 INFO portal-bff host=portal-bff-5b8f6c-x2k4p corrId=c-ca3b55ebf6003565 conversion quote requested loan_id=LN869765138 target_product=FLEX_1Y
2026-03-02T12:33:11.906+01:00 INFO identity-service host=identity-service-7c9d5b-x2k4p corrId=c-ca3b55ebf6003565 MitID session validated customer_id=C86346920
2026-03-02T12:33:11.938+01:00 INFO pricing-service host=pricing-service-7c9d5b-t6zvn corrId=c-ca3b55ebf6003565 bond price fetched series=BND3.0-2053 price=91.102
2026-03-02T12:33:12.057+01:00 INFO pricing-service host=pricing-service-a41e92-x2k4p corrId=c-ca3b55ebf6003565 conversion cost calculated loan_id=LN869765138 cost_dkk=41930.16
2026-03-02T12:33:12.092+01:00 INFO quote-service host=quote-service-7c9d5b-p9qmz corrId=c-ca3b55ebf6003565 conversion quote issued quote_id=Q43531092 loan_id=LN869765138
2026-03-02T12:34:32.602+01:00 INFO portal-bff host=portal-bff-7c9d5b-p9qmz corrId=c-3c9643a5609be898 loan application submitted application_id=APP-2026-727580 customer_segment=PRIVATE
2026-03-02T12:34:32.716+01:00 INFO identity-service host=identity-service-5b8f6c-x2k4p corrId=c-3c9643a5609be898 MitID session validated customer_id=C29324110
2026-03-02T12:34:32.839+01:00 INFO customer-service host=customer-service-a41e92-t6zvn corrId=c-3c9643a5609be898 KYC profile loaded customer_id=C29324110 risk_class=HIGH
2026-03-02T12:34:32.876+01:00 INFO valuation-service host=valuation-service-5b8f6c-x2k4p corrId=c-3c9643a5609be898 property valuation requested property_id=P2224068 provider=valuta-ejd
2026-03-02T12:34:33.280+01:00 INFO valuation-service host=valuation-service-5b8f6c-p9qmz corrId=c-3c9643a5609be898 property valuation received property_id=P2224068 value_dkk=7340000 latency_ms=362
2026-03-02T12:34:33.364+01:00 INFO credit-service host=credit-service-a41e92-t6zvn corrId=c-3c9643a5609be898 credit assessment completed application_id=APP-2026-727580 score=689 decision=APPROVED
2026-03-02T12:34:33.397+01:00 INFO offer-service host=offer-service-5b8f6c-t6zvn corrId=c-3c9643a5609be898 loan offer generated application_id=APP-2026-727580 loan_type=FLEX_1Y principal_dkk=2640000
2026-03-02T12:34:33.411+01:00 INFO document-service host=document-service-7c9d5b-p9qmz corrId=c-3c9643a5609be898 offer document stored application_id=APP-2026-727580 doc_id=DOC-fc145b3a
2026-03-02T12:34:33.535+01:00 INFO portal-bff host=portal-bff-7c9d5b-t6zvn corrId=c-3c9643a5609be898 application completed application_id=APP-2026-727580 status=OFFER_ISSUED
2026-03-02T12:35:00.079+01:00 INFO api-gateway host=api-gateway-7c9d5b-x2k4p corrId=- health probe ok status=200 latency_ms=31
2026-03-02T12:35:28.044+01:00 INFO portal-bff host=portal-bff-7c9d5b-t6zvn corrId=c-e39416d6b5dfe200 conversion quote requested loan_id=LN874837870 target_product=FLEX_1Y
2026-03-02T12:35:28.065+01:00 INFO identity-service host=identity-service-a41e92-t6zvn corrId=c-e39416d6b5dfe200 MitID session validated customer_id=C30960030
2026-03-02T12:35:28.108+01:00 INFO pricing-service host=pricing-service-7c9d5b-p9qmz corrId=c-e39416d6b5dfe200 bond price fetched series=BND4.0-2053 price=90.106
2026-03-02T12:35:28.182+01:00 INFO pricing-service host=pricing-service-5b8f6c-p9qmz corrId=c-e39416d6b5dfe200 conversion cost calculated loan_id=LN874837870 cost_dkk=63171.25
2026-03-02T12:35:28.270+01:00 INFO quote-service host=quote-service-5b8f6c-t6zvn corrId=c-e39416d6b5dfe200 conversion quote issued quote_id=Q77023715 loan_id=LN874837870
2026-03-02T12:35:54.199+01:00 INFO portal-bff host=portal-bff-a41e92-t6zvn corrId=c-ee044656860ebe05 conversion quote requested loan_id=LN720420656 target_product=FLEX_1Y
2026-03-02T12:35:54.274+01:00 INFO identity-service host=identity-service-7c9d5b-p9qmz corrId=c-ee044656860ebe05 MitID session validated customer_id=C13625863
2026-03-02T12:35:54.317+01:00 INFO pricing-service host=pricing-service-a41e92-x2k4p corrId=c-ee044656860ebe05 bond price fetched series=BND3.0-2053 price=90.000
2026-03-02T12:35:54.337+01:00 INFO pricing-service host=pricing-service-5b8f6c-x2k4p corrId=c-ee044656860ebe05 conversion cost calculated loan_id=LN720420656 cost_dkk=21820.29
2026-03-02T12:35:54.476+01:00 INFO quote-service host=quote-service-5b8f6c-p9qmz corrId=c-ee044656860ebe05 conversion quote issued quote_id=Q76715324 loan_id=LN720420656
2026-03-02T12:35:59.579+01:00 INFO portal-bff host=portal-bff-7c9d5b-p9qmz corrId=c-83ac2baa4f1defa9 loan application submitted application_id=APP-2026-793355 customer_segment=RETAIL
2026-03-02T12:35:59.623+01:00 INFO identity-service host=identity-service-7c9d5b-t6zvn corrId=c-83ac2baa4f1defa9 MitID session validated customer_id=C06553404
2026-03-02T12:35:59.639+01:00 INFO customer-service host=customer-service-a41e92-x2k4p corrId=c-83ac2baa4f1defa9 KYC profile loaded customer_id=C06553404 risk_class=LOW
2026-03-02T12:35:59.732+01:00 INFO valuation-service host=valuation-service-a41e92-p9qmz corrId=c-83ac2baa4f1defa9 property valuation requested property_id=P5140983 provider=bolig-vurdering
2026-03-02T12:35:59.963+01:00 INFO valuation-service host=valuation-service-5b8f6c-p9qmz corrId=c-83ac2baa4f1defa9 property valuation received property_id=P5140983 value_dkk=8940000 latency_ms=222
2026-03-02T12:35:59.979+01:00 INFO credit-service host=credit-service-a41e92-p9qmz corrId=c-83ac2baa4f1defa9 credit assessment completed application_id=APP-2026-793355 score=660 decision=APPROVED
2026-03-02T12:36:00.056+01:00 INFO offer-service host=offer-service-a41e92-p9qmz corrId=c-83ac2baa4f1defa9 loan offer generated application_id=APP-2026-793355 loan_type=FLEX_5Y principal_dkk=5860000
2026-03-02T12:36:00.136+01:00 INFO document-service host=document-service-a41e92-x2k4p corrId=c-83ac2baa4f1defa9 offer document stored application_id=APP-2026-793355 doc_id=DOC-e305c425
2026-03-02T12:36:00.215+01:00 INFO portal-bff host=portal-bff-5b8f6c-x2k4p corrId=c-83ac2baa4f1defa9 application completed application_id=APP-2026-793355 status=OFFER_ISSUED
2026-03-02T12:36:05.830+01:00 INFO portal-bff host=portal-bff-7c9d5b-t6zvn corrId=c-2a4f95df7f9bfa93 loan application submitted application_id=APP-2026-406614 customer_segment=RETAIL
2026-03-02T12:36:05.906+01:00 INFO identity-service host=identity-service-5b8f6c-x2k4p corrId=c-2a4f95df7f9bfa93 MitID session validated customer_id=C17863336
2026-03-02T12:36:05.942+01:00 INFO customer-service host=customer-service-5b8f6c-p9qmz corrId=c-2a4f95df7f9bfa93 KYC profile loaded customer_id=C17863336 risk_class=HIGH
2026-03-02T12:36:06.002+01:00 INFO portal-bff host=portal-bff-5b8f6c-x2k4p corrId=c-8116654aa7abe2c2 loan application submitted application_id=APP-2026-051060 customer_segment=SME
2026-03-02T12:36:06.053+01:00 INFO valuation-service host=valuation-service-7c9d5b-x2k4p corrId=c-2a4f95df7f9bfa93 property valuation served from cache property_id=P9136769 value_dkk=970000
2026-03-02T12:36:06.056+01:00 INFO identity-service host=identity-service-5b8f6c-p9qmz corrId=c-8116654aa7abe2c2 MitID session validated customer_id=C03810338
2026-03-02T12:36:06.172+01:00 INFO customer-service host=customer-service-7c9d5b-t6zvn corrId=c-8116654aa7abe2c2 KYC profile loaded customer_id=C03810338 risk_class=MEDIUM
2026-03-02T12:36:06.176+01:00 INFO credit-service host=credit-service-a41e92-t6zvn corrId=c-2a4f95df7f9bfa93 credit assessment completed application_id=APP-2026-406614 score=475 decision=APPROVED
2026-03-02T12:36:06.219+01:00 INFO valuation-service host=valuation-service-a41e92-p9qmz corrId=c-8116654aa7abe2c2 property valuation served from cache property_id=P0318583 value_dkk=7700000
2026-03-02T12:36:06.236+01:00 INFO offer-service host=offer-service-7c9d5b-t6zvn corrId=c-2a4f95df7f9bfa93 loan offer generated application_id=APP-2026-406614 loan_type=FLEX_5Y principal_dkk=3670000
2026-03-02T12:36:06.277+01:00 INFO document-service host=document-service-5b8f6c-x2k4p corrId=c-2a4f95df7f9bfa93 offer document stored application_id=APP-2026-406614 doc_id=DOC-4dbd5095
2026-03-02T12:36:06.298+01:00 INFO credit-service host=credit-service-a41e92-p9qmz corrId=c-8116654aa7abe2c2 credit assessment completed application_id=APP-2026-051060 score=683 decision=APPROVED
2026-03-02T12:36:06.351+01:00 INFO offer-service host=offer-service-5b8f6c-x2k4p corrId=c-8116654aa7abe2c2 loan offer generated application_id=APP-2026-051060 loan_type=FLEX_1Y principal_dkk=4210000
2026-03-02T12:36:06.411+01:00 INFO portal-bff host=portal-bff-5b8f6c-x2k4p corrId=c-2a4f95df7f9bfa93 application completed application_id=APP-2026-406614 status=OFFER_ISSUED
2026-03-02T12:36:06.491+01:00 INFO document-service host=document-service-7c9d5b-t6zvn corrId=c-8116654aa7abe2c2 offer document stored application_id=APP-2026-051060 doc_id=DOC-a12176eb
2026-03-02T12:36:06.533+01:00 INFO portal-bff host=portal-bff-a41e92-x2k4p corrId=c-8116654aa7abe2c2 application completed application_id=APP-2026-051060 status=OFFER_ISSUED
2026-03-02T12:36:51.957+01:00 INFO portal-bff host=portal-bff-5b8f6c-p9qmz corrId=c-be064e0fe93bb9df loan application submitted application_id=APP-2026-695096 customer_segment=SME
2026-03-02T12:36:52.087+01:00 INFO identity-service host=identity-service-7c9d5b-x2k4p corrId=c-be064e0fe93bb9df MitID session validated customer_id=C59673731
2026-03-02T12:36:52.197+01:00 INFO customer-service host=customer-service-a41e92-x2k4p corrId=c-be064e0fe93bb9df KYC profile loaded customer_id=C59673731 risk_class=MEDIUM
2026-03-02T12:36:52.247+01:00 INFO valuation-service host=valuation-service-5b8f6c-x2k4p corrId=c-be064e0fe93bb9df property valuation requested property_id=P9562526 provider=bolig-vurdering
2026-03-02T12:36:53.295+01:00 INFO valuation-service host=valuation-service-7c9d5b-x2k4p corrId=c-be064e0fe93bb9df property valuation received property_id=P9562526 value_dkk=2250000 latency_ms=945
2026-03-02T12:36:53.418+01:00 INFO credit-service host=credit-service-a41e92-p9qmz corrId=c-be064e0fe93bb9df credit assessment completed application_id=APP-2026-695096 score=735 decision=APPROVED
2026-03-02T12:36:53.469+01:00 INFO offer-service host=offer-service-a41e92-p9qmz corrId=c-be064e0fe93bb9df loan offer generated application_id=APP-2026-695096 loan_type=FLEX_1Y principal_dkk=5480000
2026-03-02T12:36:53.486+01:00 INFO document-service host=document-service-7c9d5b-p9qmz corrId=c-be064e0fe93bb9df offer document stored application_id=APP-2026-695096 doc_id=DOC-7d9f641f
2026-03-02T12:36:53.522+01:00 INFO portal-bff host=portal-bff-5b8f6c-p9qmz corrId=c-be064e0fe93bb9df application completed application_id=APP-2026-695096 status=OFFER_ISSUED
2026-03-02T12:39:36.514+01:00 INFO portal-bff host=portal-bff-5b8f6c-p9qmz corrId=c-00f244915bdd727e loan application submitted application_id=APP-2026-978964 customer_segment=RETAIL
2026-03-02T12:39:36.555+01:00 INFO identity-service host=identity-service-7c9d5b-x2k4p corrId=c-00f244915bdd727e MitID session validated customer_id=C50317286
2026-03-02T12:39:36.668+01:00 INFO customer-service host=customer-service-7c9d5b-x2k4p corrId=c-00f244915bdd727e KYC profile loaded customer_id=C50317286 risk_class=MEDIUM
2026-03-02T12:39:36.720+01:00 INFO valuation-service host=valuation-service-a41e92-t6zvn corrId=c-00f244915bdd727e property valuation requested property_id=P9640161 provider=bolig-vurdering
2026-03-02T12:39:37.011+01:00 INFO valuation-service host=valuation-service-a41e92-x2k4p corrId=c-00f244915bdd727e property valuation received property_id=P9640161 value_dkk=1310000 latency_ms=258
2026-03-02T12:39:37.072+01:00 INFO credit-service host=credit-service-5b8f6c-p9qmz corrId=c-00f244915bdd727e credit assessment completed application_id=APP-2026-978964 score=747 decision=APPROVED
2026-03-02T12:39:37.099+01:00 INFO offer-service host=offer-service-5b8f6c-x2k4p corrId=c-00f244915bdd727e loan offer generated application_id=APP-2026-978964 loan_type=FLEX_1Y principal_dkk=5820000
2026-03-02T12:39:37.237+01:00 INFO document-service host=document-service-7c9d5b-x2k4p corrId=c-00f244915bdd727e offer document stored application_id=APP-2026-978964 doc_id=DOC-83a789ed
2026-03-02T12:39:37.252+01:00 INFO portal-bff host=portal-bff-7c9d5b-t6zvn corrId=c-00f244915bdd727e application completed application_id=APP-2026-978964 status=OFFER_ISSUED
2026-03-02T12:39:46.461+01:00 INFO portal-bff host=portal-bff-5b8f6c-p9qmz corrId=c-fc9abc5805226a98 loan application submitted application_id=APP-2026-542703 customer_segment=SME
2026-03-02T12:39:46.590+01:00 INFO identity-service host=identity-service-5b8f6c-x2k4p corrId=c-fc9abc5805226a98 MitID session validated customer_id=C15331667
2026-03-02T12:39:46.717+01:00 INFO customer-service host=customer-service-7c9d5b-t6zvn corrId=c-fc9abc5805226a98 KYC profile loaded customer_id=C15331667 risk_class=LOW
2026-03-02T12:39:46.824+01:00 INFO valuation-service host=valuation-service-a41e92-t6zvn corrId=c-fc9abc5805226a98 property valuation requested property_id=P5220265 provider=bolig-vurdering
2026-03-02T12:39:47.234+01:00 INFO valuation-service host=valuation-service-5b8f6c-t6zvn corrId=c-fc9abc5805226a98 property valuation received property_id=P5220265 value_dkk=6380000 latency_ms=286
2026-03-02T12:39:47.271+01:00 INFO credit-service host=credit-service-7c9d5b-x2k4p corrId=c-fc9abc5805226a98 credit assessment completed application_id=APP-2026-542703 score=516 decision=APPROVED
2026-03-02T12:39:47.352+01:00 INFO offer-service host=offer-service-a41e92-t6zvn corrId=c-fc9abc5805226a98 loan offer generated application_id=APP-2026-542703 loan_type=FIXED_30Y principal_dkk=450000
2026-03-02T12:39:47.453+01:00 INFO document-service host=document-service-a41e92-t6zvn corrId=c-fc9abc5805226a98 offer document stored application_id=APP-2026-542703 doc_id=DOC-457799da
2026-03-02T12:39:47.556+01:00 INFO portal-bff host=portal-bff-a41e92-p9qmz corrId=c-fc9abc5805226a98 application completed application_id=APP-2026-542703 status=OFFER_ISSUED
2026-03-02T12:40:00.427+01:00 INFO payment-scheduler host=payment-scheduler-5b8f6c-t6zvn corrId=- scheduler heartbeat lag_ms=36
2026-03-02T12:40:00.622+01:00 INFO api-gateway host=api-gateway-7c9d5b-t6zvn corrId=- health probe ok status=200 latency_ms=7
2026-03-02T12:41:00.745+01:00 INFO portal-bff host=portal-bff-5b8f6c-t6zvn corrId=c-eaf8e4a5de66db1b loan application submitted application_id=APP-2026-647787 customer_segment=RETAIL
2026-03-02T12:41:00.856+01:00 INFO identity-service host=identity-service-5b8f6c-p9qmz corrId=c-eaf8e4a5de66db1b MitID session validated customer_id=C43828425
2026-03-02T12:41:00.951+01:00 INFO customer-service host=customer-service-5b8f6c-t6zvn corrId=c-eaf8e4a5de66db1b KYC profile loaded customer_id=C43828425 risk_class=MEDIUM
2026-03-02T12:41:01.020+01:00 INFO valuation-service host=valuation-service-7c9d5b-x2k4p corrId=c-eaf8e4a5de66db1b property valuation requested property_id=P0061635 provider=bolig-vurdering
2026-03-02T12:41:01.811+01:00 INFO valuation-service host=valuation-service-a41e92-p9qmz corrId=c-eaf8e4a5de66db1b property valuation received property_id=P0061635 value_dkk=8270000 latency_ms=745
2026-03-02T12:41:01.863+01:00 INFO credit-service host=credit-service-5b8f6c-t6zvn corrId=c-eaf8e4a5de66db1b credit assessment completed application_id=APP-2026-647787 score=531 decision=APPROVED
2026-03-02T12:41:01.879+01:00 INFO offer-service host=offer-service-7c9d5b-p9qmz corrId=c-eaf8e4a5de66db1b loan offer generated application_id=APP-2026-647787 loan_type=FIXED_30Y principal_dkk=1120000
2026-03-02T12:41:01.963+01:00 INFO document-service host=document-service-a41e92-x2k4p corrId=c-eaf8e4a5de66db1b offer document stored application_id=APP-2026-647787 doc_id=DOC-2e536c79
2026-03-02T12:41:02.050+01:00 INFO portal-bff host=portal-bff-5b8f6c-t6zvn corrId=c-eaf8e4a5de66db1b application completed application_id=APP-2026-647787 status=OFFER_ISSUED
2026-03-02T12:41:55.857+01:00 INFO portal-bff host=portal-bff-a41e92-p9qmz corrId=c-e54cdd4b2ef3bc46 loan application submitted application_id=APP-2026-742917 customer_segment=RETAIL
2026-03-02T12:41:55.884+01:00 INFO identity-service host=identity-service-a41e92-t6zvn corrId=c-e54cdd4b2ef3bc46 MitID session validated customer_id=C87870605
2026-03-02T12:41:55.933+01:00 INFO customer-service host=customer-service-a41e92-t6zvn corrId=c-e54cdd4b2ef3bc46 KYC profile loaded customer_id=C87870605 risk_class=LOW
2026-03-02T12:41:56.004+01:00 INFO valuation-service host=valuation-service-7c9d5b-p9qmz corrId=c-e54cdd4b2ef3bc46 property valuation requested property_id=P2921948 provider=bolig-vurdering
2026-03-02T12:41:56.389+01:00 INFO valuation-service host=valuation-service-5b8f6c-t6zvn corrId=c-e54cdd4b2ef3bc46 property valuation received property_id=P2921948 value_dkk=2990000 latency_ms=375
2026-03-02T12:41:56.396+01:00 INFO credit-service host=credit-service-a41e92-p9qmz corrId=c-e54cdd4b2ef3bc46 credit assessment completed application_id=APP-2026-742917 score=483 decision=APPROVED
2026-03-02T12:41:56.432+01:00 INFO offer-service host=offer-service-7c9d5b-x2k4p corrId=c-e54cdd4b2ef3bc46 loan offer generated application_id=APP-2026-742917 loan_type=FIXED_20Y_IO principal_dkk=4645000
2026-03-02T12:41:56.544+01:00 INFO document-service host=document-service-a41e92-x2k4p corrId=c-e54cdd4b2ef3bc46 offer document stored application_id=APP-2026-742917 doc_id=DOC-7f88ea13
2026-03-02T12:41:56.670+01:00 INFO portal-bff host=portal-bff-5b8f6c-x2k4p corrId=c-e54cdd4b2ef3bc46 application completed application_id=APP-2026-742917 status=OFFER_ISSUED
2026-03-02T12:42:39.535+01:00 INFO portal-bff host=portal-bff-7c9d5b-p9qmz corrId=c-c70ff0f9096d3dea loan application submitted application_id=APP-2026-556320 customer_segment=SME
2026-03-02T12:42:39.667+01:00 INFO identity-service host=identity-service-5b8f6c-p9qmz corrId=c-c70ff0f9096d3dea MitID session validated customer_id=C94999073
2026-03-02T12:42:39.744+01:00 INFO customer-service host=customer-service-5b8f6c-x2k4p corrId=c-c70ff0f9096d3dea KYC profile loaded customer_id=C94999073 risk_class=LOW
2026-03-02T12:42:39.751+01:00 INFO valuation-service host=valuation-service-5b8f6c-t6zvn corrId=c-c70ff0f9096d3dea property valuation requested property_id=P2235324 provider=bolig-vurdering
2026-03-02T12:42:40.691+01:00 INFO valuation-service host=valuation-service-a41e92-x2k4p corrId=c-c70ff0f9096d3dea property valuation received property_id=P2235324 value_dkk=7340000 latency_ms=933
2026-03-02T12:42:40.779+01:00 INFO credit-service host=credit-service-5b8f6c-x2k4p corrId=c-c70ff0f9096d3dea credit assessment completed application_id=APP-2026-556320 score=769 decision=APPROVED
2026-03-02T12:42:40.809+01:00 INFO offer-service host=offer-service-7c9d5b-x2k4p corrId=c-c70ff0f9096d3dea loan offer generated application_id=APP-2026-556320 loan_type=FIXED_30Y principal_dkk=4090000
2026-03-02T12:42:40.947+01:00 INFO document-service host=document-service-7c9d5b-t6zvn corrId=c-c70ff0f9096d3dea offer document stored application_id=APP-2026-556320 doc_id=DOC-7a81198a
2026-03-02T12:42:41.078+01:00 INFO portal-bff host=portal-bff-a41e92-t6zvn corrId=c-c70ff0f9096d3dea application completed application_id=APP-2026-556320 status=OFFER_ISSUED
2026-03-02T12:43:14.246+01:00 INFO portal-bff host=portal-bff-5b8f6c-p9qmz corrId=c-e1ef020bef4a7f40 conversion quote requested loan_id=LN675521063 target_product=FLEX_5Y
2026-03-02T12:43:14.288+01:00 INFO identity-service host=identity-service-a41e92-t6zvn corrId=c-e1ef020bef4a7f40 MitID session validated customer_id=C20889642
2026-03-02T12:43:14.302+01:00 INFO pricing-service host=pricing-service-5b8f6c-x2k4p corrId=c-e1ef020bef4a7f40 bond price fetched series=BND3.0-2056 price=94.494
2026-03-02T12:43:14.364+01:00 INFO pricing-service host=pricing-service-a41e92-t6zvn corrId=c-e1ef020bef4a7f40 conversion cost calculated loan_id=LN675521063 cost_dkk=20238.27
2026-03-02T12:43:14.382+01:00 INFO quote-service host=quote-service-7c9d5b-t6zvn corrId=c-e1ef020bef4a7f40 conversion quote issued quote_id=Q61284954 loan_id=LN675521063
2026-03-02T12:43:26.352+01:00 INFO portal-bff host=portal-bff-5b8f6c-t6zvn corrId=c-c1bf3c554a541117 conversion quote requested loan_id=LN450026958 target_product=FLEX_5Y
2026-03-02T12:43:26.407+01:00 INFO identity-service host=identity-service-7c9d5b-t6zvn corrId=c-c1bf3c554a541117 MitID session validated customer_id=C85390868
2026-03-02T12:43:26.532+01:00 INFO pricing-service host=pricing-service-a41e92-t6zvn corrId=c-c1bf3c554a541117 bond price fetched series=BND2.5-2053 price=101.669
2026-03-02T12:43:26.664+01:00 INFO pricing-service host=pricing-service-7c9d5b-t6zvn corrId=c-c1bf3c554a541117 conversion cost calculated loan_id=LN450026958 cost_dkk=31463.11
2026-03-02T12:43:26.680+01:00 INFO quote-service host=quote-service-7c9d5b-p9qmz corrId=c-c1bf3c554a541117 conversion quote issued quote_id=Q56946516 loan_id=LN450026958
2026-03-02T12:44:08.815+01:00 INFO portal-bff host=portal-bff-a41e92-t6zvn corrId=c-2af4442c2cd17d06 loan application submitted application_id=APP-2026-713018 customer_segment=RETAIL
2026-03-02T12:44:08.823+01:00 INFO identity-service host=identity-service-a41e92-p9qmz corrId=c-2af4442c2cd17d06 MitID session validated customer_id=C92073759
2026-03-02T12:44:08.869+01:00 INFO customer-service host=customer-service-a41e92-p9qmz corrId=c-2af4442c2cd17d06 KYC profile loaded customer_id=C92073759 risk_class=HIGH
2026-03-02T12:44:08.991+01:00 INFO valuation-service host=valuation-service-7c9d5b-p9qmz corrId=c-2af4442c2cd17d06 property valuation requested property_id=P9260511 provider=valuta-ejd
2026-03-02T12:44:09.582+01:00 INFO valuation-service host=valuation-service-a41e92-t6zvn corrId=c-2af4442c2cd17d06 property valuation received property_id=P9260511 value_dkk=6280000 latency_ms=562
2026-03-02T12:44:09.619+01:00 INFO credit-service host=credit-service-5b8f6c-p9qmz corrId=c-2af4442c2cd17d06 credit assessment completed application_id=APP-2026-713018 score=444 decision=APPROVED
2026-03-02T12:44:09.742+01:00 INFO offer-service host=offer-service-7c9d5b-p9qmz corrId=c-2af4442c2cd17d06 loan offer generated application_id=APP-2026-713018 loan_type=FIXED_20Y_IO principal_dkk=2685000
2026-03-02T12:44:09.874+01:00 INFO document-service host=document-service-a41e92-p9qmz corrId=c-2af4442c2cd17d06 offer document stored application_id=APP-2026-713018 doc_id=DOC-3bc59d9e
2026-03-02T12:44:09.897+01:00 INFO portal-bff host=portal-bff-7c9d5b-p9qmz corrId=c-2af4442c2cd17d06 application completed application_id=APP-2026-713018 status=OFFER_ISSUED
2026-03-02T12:44:26.283+01:00 INFO portal-bff host=portal-bff-a41e92-t6zvn corrId=c-044caa1f95f2d31d loan application submitted application_id=APP-2026-203433 customer_segment=RETAIL
2026-03-02T12:44:26.396+01:00 INFO identity-service host=identity-service-7c9d5b-p9qmz corrId=c-044caa1f95f2d31d MitID session validated customer_id=C87615109
2026-03-02T12:44:26.466+01:00 INFO customer-service host=customer-service-a41e92-x2k4p corrId=c-044caa1f95f2d31d KYC profile loaded customer_id=C87615109 risk_class=MEDIUM
2026-03-02T12:44:26.514+01:00 INFO valuation-service host=valuation-service-a41e92-p9qmz corrId=c-044caa1f95f2d31d property valuation served from cache property_id=P9648168 value_dkk=1600000
2026-03-02T12:44:26.546+01:00 INFO credit-service host=credit-service-5b8f6c-t6zvn corrId=c-044caa1f95f2d31d credit assessment completed application_id=APP-2026-203433 score=530 decision=APPROVED
2026-03-02T12:44:26.644+01:00 INFO offer-service host=offer-service-7c9d5b-t6zvn corrId=c-044caa1f95f2d31d loan offer generated application_id=APP-2026-203433 loan_type=FIXED_20Y_IO principal_dkk=2525000
2026-03-02T12:44:26.741+01:00 INFO document-service host=document-service-5b8f6c-p9qmz corrId=c-044caa1f95f2d31d offer document stored application_id=APP-2026-203433 doc_id=DOC-7279a87b
2026-03-02T12:44:26.831+01:00 INFO portal-bff host=portal-bff-5b8f6c-p9qmz corrId=c-044caa1f95f2d31d application completed application_id=APP-2026-203433 status=OFFER_ISSUED
2026-03-02T12:44:32.922+01:00 INFO portal-bff host=portal-bff-7c9d5b-p9qmz corrId=c-f6e6bc9964efd1ca loan application submitted application_id=APP-2026-600787 customer_segment=SME
2026-03-02T12:44:33.030+01:00 INFO identity-service host=identity-service-a41e92-x2k4p corrId=c-f6e6bc9964efd1ca MitID session validated customer_id=C22941203
2026-03-02T12:44:33.077+01:00 INFO customer-service host=customer-service-a41e92-t6zvn corrId=c-f6e6bc9964efd1ca KYC profile loaded customer_id=C22941203 risk_class=HIGH
2026-03-02T12:44:33.099+01:00 INFO valuation-service host=valuation-service-5b8f6c-p9qmz corrId=c-f6e6bc9964efd1ca property valuation requested property_id=P9797175 provider=valuta-ejd
2026-03-02T12:44:33.502+01:00 INFO valuation-service host=valuation-service-5b8f6c-x2k4p corrId=c-f6e6bc9964efd1ca property valuation received property_id=P9797175 value_dkk=2140000 latency_ms=263
2026-03-02T12:44:33.548+01:00 INFO credit-service host=credit-service-5b8f6c-x2k4p corrId=c-f6e6bc9964efd1ca credit assessment completed application_id=APP-2026-600787 score=540 decision=APPROVED
2026-03-02T12:44:33.621+01:00 INFO offer-service host=offer-service-a41e92-x2k4p corrId=c-f6e6bc9964efd1ca loan offer generated application_id=APP-2026-600787 loan_type=FLEX_5Y principal_dkk=1825000
2026-03-02T12:44:33.726+01:00 INFO document-service host=document-service-7c9d5b-t6zvn corrId=c-f6e6bc9964efd1ca offer document stored application_id=APP-2026-600787 doc_id=DOC-a4163a9b
2026-03-02T12:44:33.842+01:00 INFO portal-bff host=portal-bff-7c9d5b-x2k4p corrId=c-f6e6bc9964efd1ca application completed application_id=APP-2026-600787 status=OFFER_ISSUED
2026-03-02T12:45:00.641+01:00 INFO api-gateway host=api-gateway-5b8f6c-x2k4p corrId=- health probe ok status=200 latency_ms=22
2026-03-02T12:45:56.110+01:00 INFO offer-service host=offer-service-5b8f6c-t6zvn corrId=c-b621909ec4c47d25 offer accepted application_id=APP-2026-767411
2026-03-02T12:45:56.198+01:00 INFO ledger-service host=ledger-service-a41e92-p9qmz corrId=c-b621909ec4c47d25 funds reserved application_id=APP-2026-767411 amount_dkk=4020000
2026-03-02T12:45:56.252+01:00 INFO payment-service host=payment-service-7c9d5b-x2k4p corrId=c-b621909ec4c47d25 payout instruction sent application_id=APP-2026-767411 amount_dkk=4020000
2026-03-02T12:45:56.381+01:00 INFO ledger-service host=ledger-service-7c9d5b-t6zvn corrId=c-b621909ec4c47d25 payout booked application_id=APP-2026-767411 posting_id=PST-8a0de355db
2026-03-02T12:45:56.432+01:00 INFO notification-service host=notification-service-7c9d5b-x2k4p corrId=c-b621909ec4c47d25 payout confirmation sent application_id=APP-2026-767411
2026-03-02T12:48:09.367+01:00 INFO portal-bff host=portal-bff-7c9d5b-p9qmz corrId=c-5f817616b7dcadff conversion quote requested loan_id=LN383866711 target_product=FLEX_5Y
2026-03-02T12:48:09.392+01:00 INFO identity-service host=identity-service-a41e92-t6zvn corrId=c-5f817616b7dcadff MitID session validated customer_id=C71362496
2026-03-02T12:48:09.497+01:00 INFO pricing-service host=pricing-service-5b8f6c-p9qmz corrId=c-5f817616b7dcadff bond price fetched series=BND4.0-2053 price=95.120
2026-03-02T12:48:09.535+01:00 INFO pricing-service host=pricing-service-5b8f6c-t6zvn corrId=c-5f817616b7dcadff conversion cost calculated loan_id=LN383866711 cost_dkk=17892.28
2026-03-02T12:48:09.579+01:00 INFO quote-service host=quote-service-a41e92-x2k4p corrId=c-5f817616b7dcadff conversion quote issued quote_id=Q72838203 loan_id=LN383866711
2026-03-02T12:48:28.094+01:00 INFO offer-service host=offer-service-5b8f6c-t6zvn corrId=c-3b4712dafe7eec9e offer accepted application_id=APP-2026-800903
2026-03-02T12:48:28.152+01:00 INFO ledger-service host=ledger-service-7c9d5b-x2k4p corrId=c-3b4712dafe7eec9e funds reserved application_id=APP-2026-800903 amount_dkk=4670000
2026-03-02T12:48:28.278+01:00 INFO payment-service host=payment-service-7c9d5b-p9qmz corrId=c-3b4712dafe7eec9e payout instruction sent application_id=APP-2026-800903 amount_dkk=4670000
2026-03-02T12:48:28.408+01:00 INFO ledger-service host=ledger-service-a41e92-p9qmz corrId=c-3b4712dafe7eec9e payout booked application_id=APP-2026-800903 posting_id=PST-08d6ae96e9
2026-03-02T12:48:28.508+01:00 INFO notification-service host=notification-service-a41e92-t6zvn corrId=c-3b4712dafe7eec9e payout confirmation sent application_id=APP-2026-800903
2026-03-02T12:49:09.035+01:00 INFO portal-bff host=portal-bff-7c9d5b-t6zvn corrId=c-e603c74f6e49aab7 loan application submitted application_id=APP-2026-610596 customer_segment=RETAIL
2026-03-02T12:49:09.135+01:00 INFO identity-service host=identity-service-a41e92-t6zvn corrId=c-e603c74f6e49aab7 MitID session validated customer_id=C49832481
2026-03-02T12:49:09.251+01:00 INFO customer-service host=customer-service-5b8f6c-p9qmz corrId=c-e603c74f6e49aab7 KYC profile loaded customer_id=C49832481 risk_class=LOW
2026-03-02T12:49:09.348+01:00 INFO valuation-service host=valuation-service-a41e92-p9qmz corrId=c-e603c74f6e49aab7 property valuation requested property_id=P5416138 provider=bolig-vurdering
2026-03-02T12:49:09.764+01:00 INFO valuation-service host=valuation-service-5b8f6c-t6zvn corrId=c-e603c74f6e49aab7 property valuation received property_id=P5416138 value_dkk=2050000 latency_ms=389
2026-03-02T12:49:09.791+01:00 INFO credit-service host=credit-service-7c9d5b-t6zvn corrId=c-e603c74f6e49aab7 credit assessment completed application_id=APP-2026-610596 score=470 decision=APPROVED
2026-03-02T12:49:09.800+01:00 INFO offer-service host=offer-service-5b8f6c-p9qmz corrId=c-e603c74f6e49aab7 loan offer generated application_id=APP-2026-610596 loan_type=FLEX_1Y principal_dkk=2920000
2026-03-02T12:49:09.843+01:00 INFO document-service host=document-service-a41e92-p9qmz corrId=c-e603c74f6e49aab7 offer document stored application_id=APP-2026-610596 doc_id=DOC-80c9e1b5
2026-03-02T12:49:09.897+01:00 INFO portal-bff host=portal-bff-7c9d5b-p9qmz corrId=c-e603c74f6e49aab7 application completed application_id=APP-2026-610596 status=OFFER_ISSUED
2026-03-02T12:50:00.250+01:00 INFO api-gateway host=api-gateway-7c9d5b-x2k4p corrId=- health probe ok status=200 latency_ms=13
2026-03-02T12:50:00.390+01:00 INFO payment-scheduler host=payment-scheduler-5b8f6c-p9qmz corrId=- scheduler heartbeat lag_ms=83
2026-03-02T12:51:55.020+01:00 INFO portal-bff host=portal-bff-7c9d5b-p9qmz corrId=c-65efc95beb4f3ef4 loan application submitted application_id=APP-2026-700144 customer_segment=PRIVATE
2026-03-02T12:51:55.160+01:00 INFO identity-service host=identity-service-5b8f6c-t6zvn corrId=c-65efc95beb4f3ef4 MitID session validated customer_id=C98058939
2026-03-02T12:51:55.219+01:00 INFO customer-service host=customer-service-7c9d5b-t6zvn corrId=c-65efc95beb4f3ef4 KYC profile loaded customer_id=C98058939 risk_class=MEDIUM
2026-03-02T12:51:55.297+01:00 INFO valuation-service host=valuation-service-5b8f6c-p9qmz corrId=c-65efc95beb4f3ef4 property valuation requested property_id=P2555667 provider=valuta-ejd
2026-03-02T12:51:56.027+01:00 INFO valuation-service host=valuation-service-a41e92-p9qmz corrId=c-65efc95beb4f3ef4 property valuation received property_id=P2555667 value_dkk=5230000 latency_ms=718
2026-03-02T12:51:56.078+01:00 INFO credit-service host=credit-service-7c9d5b-t6zvn corrId=c-65efc95beb4f3ef4 credit assessment completed application_id=APP-2026-700144 score=480 decision=APPROVED
2026-03-02T12:51:56.154+01:00 INFO offer-service host=offer-service-7c9d5b-x2k4p corrId=c-65efc95beb4f3ef4 loan offer generated application_id=APP-2026-700144 loan_type=FIXED_20Y_IO principal_dkk=5865000
2026-03-02T12:51:56.163+01:00 INFO document-service host=document-service-a41e92-p9qmz corrId=c-65efc95beb4f3ef4 offer document stored application_id=APP-2026-700144 doc_id=DOC-26fe873e
2026-03-02T12:51:56.217+01:00 INFO portal-bff host=portal-bff-5b8f6c-p9qmz corrId=c-65efc95beb4f3ef4 application completed application_id=APP-2026-700144 status=OFFER_ISSUED
2026-03-02T12:52:37.481+01:00 INFO portal-bff host=portal-bff-7c9d5b-x2k4p corrId=c-b0a63800bafd6260 loan application submitted application_id=APP-2026-884877 customer_segment=SME
2026-03-02T12:52:37.586+01:00 INFO identity-service host=identity-service-a41e92-p9qmz corrId=c-b0a63800bafd6260 MitID session validated customer_id=C66526194
2026-03-02T12:52:37.617+01:00 INFO customer-service host=customer-service-7c9d5b-p9qmz corrId=c-b0a63800bafd6260 KYC profile loaded customer_id=C66526194 risk_class=LOW
2026-03-02T12:52:37.638+01:00 INFO valuation-service host=valuation-service-7c9d5b-p9qmz corrId=c-b0a63800bafd6260 property valuation requested property_id=P3367440 provider=valuta-ejd
2026-03-02T12:52:38.240+01:00 INFO valuation-service host=valuation-service-a41e92-t6zvn corrId=c-b0a63800bafd6260 property valuation received property_id=P3367440 value_dkk=2930000 latency_ms=494
2026-03-02T12:52:38.357+01:00 INFO credit-service host=credit-service-a41e92-t6zvn corrId=c-b0a63800bafd6260 credit assessment completed application_id=APP-2026-884877 score=733 decision=APPROVED
2026-03-02T12:52:38.388+01:00 INFO offer-service host=offer-service-5b8f6c-x2k4p corrId=c-b0a63800bafd6260 loan offer generated application_id=APP-2026-884877 loan_type=FLEX_5Y principal_dkk=5400000
2026-03-02T12:52:38.414+01:00 INFO document-service host=document-service-5b8f6c-x2k4p corrId=c-b0a63800bafd6260 offer document stored application_id=APP-2026-884877 doc_id=DOC-1b6a8417
2026-03-02T12:52:38.537+01:00 INFO portal-bff host=portal-bff-a41e92-p9qmz corrId=c-b0a63800bafd6260 application completed application_id=APP-2026-884877 status=OFFER_ISSUED
2026-03-02T12:54:01.532+01:00 INFO portal-bff host=portal-bff-a41e92-x2k4p corrId=c-e0ec117ff6c05f96 conversion quote requested loan_id=LN073717444 target_product=FLEX_1Y
2026-03-02T12:54:01.594+01:00 INFO identity-service host=identity-service-5b8f6c-x2k4p corrId=c-e0ec117ff6c05f96 MitID session validated customer_id=C65075948
2026-03-02T12:54:01.646+01:00 INFO pricing-service host=pricing-service-5b8f6c-p9qmz corrId=c-e0ec117ff6c05f96 bond price fetched series=BND4.0-2056 price=88.331
2026-03-02T12:54:01.685+01:00 INFO pricing-service host=pricing-service-7c9d5b-p9qmz corrId=c-e0ec117ff6c05f96 conversion cost calculated loan_id=LN073717444 cost_dkk=32227.30
2026-03-02T12:54:01.806+01:00 INFO quote-service host=quote-service-7c9d5b-p9qmz corrId=c-e0ec117ff6c05f96 conversion quote issued quote_id=Q19241339 loan_id=LN073717444
2026-03-02T12:54:16.321+01:00 INFO offer-service host=offer-service-7c9d5b-x2k4p corrId=c-2e9401391d8ae8cb offer accepted application_id=APP-2026-957166
2026-03-02T12:54:16.383+01:00 INFO ledger-service host=ledger-service-a41e92-p9qmz corrId=c-2e9401391d8ae8cb funds reserved application_id=APP-2026-957166 amount_dkk=1610000
2026-03-02T12:54:16.445+01:00 INFO payment-service host=payment-service-a41e92-p9qmz corrId=c-2e9401391d8ae8cb payout instruction sent application_id=APP-2026-957166 amount_dkk=1610000
2026-03-02T12:54:16.475+01:00 INFO ledger-service host=ledger-service-5b8f6c-x2k4p corrId=c-2e9401391d8ae8cb payout booked application_id=APP-2026-957166 posting_id=PST-c5d98f245b
2026-03-02T12:54:16.554+01:00 INFO notification-service host=notification-service-5b8f6c-t6zvn corrId=c-2e9401391d8ae8cb payout confirmation sent application_id=APP-2026-957166
2026-03-02T12:54:26.829+01:00 INFO portal-bff host=portal-bff-a41e92-t6zvn corrId=c-c10acf4416cf9793 loan application submitted application_id=APP-2026-490357 customer_segment=RETAIL
2026-03-02T12:54:26.883+01:00 INFO identity-service host=identity-service-7c9d5b-x2k4p corrId=c-c10acf4416cf9793 MitID session validated customer_id=C11019324
2026-03-02T12:54:26.989+01:00 INFO customer-service host=customer-service-5b8f6c-t6zvn corrId=c-c10acf4416cf9793 KYC profile loaded customer_id=C11019324 risk_class=LOW
2026-03-02T12:54:27.100+01:00 INFO valuation-service host=valuation-service-a41e92-p9qmz corrId=c-c10acf4416cf9793 property valuation requested property_id=P8678210 provider=valuta-ejd
2026-03-02T12:54:27.403+01:00 INFO valuation-service host=valuation-service-7c9d5b-p9qmz corrId=c-c10acf4416cf9793 property valuation received property_id=P8678210 value_dkk=7440000 latency_ms=205
2026-03-02T12:54:27.542+01:00 INFO credit-service host=credit-service-7c9d5b-x2k4p corrId=c-c10acf4416cf9793 credit assessment completed application_id=APP-2026-490357 score=478 decision=APPROVED
2026-03-02T12:54:27.572+01:00 INFO offer-service host=offer-service-5b8f6c-x2k4p corrId=c-c10acf4416cf9793 loan offer generated application_id=APP-2026-490357 loan_type=FLEX_1Y principal_dkk=2385000
2026-03-02T12:54:27.701+01:00 INFO document-service host=document-service-5b8f6c-t6zvn corrId=c-c10acf4416cf9793 offer document stored application_id=APP-2026-490357 doc_id=DOC-72ba1436
2026-03-02T12:54:27.810+01:00 INFO portal-bff host=portal-bff-7c9d5b-t6zvn corrId=c-c10acf4416cf9793 application completed application_id=APP-2026-490357 status=OFFER_ISSUED
2026-03-02T12:54:37.967+01:00 INFO portal-bff host=portal-bff-7c9d5b-t6zvn corrId=c-e6431ab19fe77c0d loan application submitted application_id=APP-2026-902171 customer_segment=SME
2026-03-02T12:54:38.060+01:00 INFO identity-service host=identity-service-5b8f6c-p9qmz corrId=c-e6431ab19fe77c0d MitID session validated customer_id=C91765335
2026-03-02T12:54:38.066+01:00 INFO customer-service host=customer-service-a41e92-t6zvn corrId=c-e6431ab19fe77c0d KYC profile loaded customer_id=C91765335 risk_class=MEDIUM
2026-03-02T12:54:38.076+01:00 INFO valuation-service host=valuation-service-7c9d5b-t6zvn corrId=c-e6431ab19fe77c0d property valuation requested property_id=P4653337 provider=valuta-ejd
2026-03-02T12:54:39.025+01:00 INFO valuation-service host=valuation-service-5b8f6c-p9qmz corrId=c-e6431ab19fe77c0d property valuation received property_id=P4653337 value_dkk=1550000 latency_ms=935
2026-03-02T12:54:39.152+01:00 INFO credit-service host=credit-service-a41e92-p9qmz corrId=c-e6431ab19fe77c0d credit assessment completed application_id=APP-2026-902171 score=592 decision=APPROVED
2026-03-02T12:54:39.190+01:00 INFO offer-service host=offer-service-a41e92-t6zvn corrId=c-e6431ab19fe77c0d loan offer generated application_id=APP-2026-902171 loan_type=FIXED_20Y_IO principal_dkk=4565000
2026-03-02T12:54:39.199+01:00 INFO document-service host=document-service-a41e92-t6zvn corrId=c-e6431ab19fe77c0d offer document stored application_id=APP-2026-902171 doc_id=DOC-c09c0dd3
2026-03-02T12:54:39.337+01:00 INFO portal-bff host=portal-bff-7c9d5b-p9qmz corrId=c-e6431ab19fe77c0d application completed application_id=APP-2026-902171 status=OFFER_ISSUED
2026-03-02T12:55:00.080+01:00 INFO api-gateway host=api-gateway-5b8f6c-t6zvn corrId=- health probe ok status=200 latency_ms=34
2026-03-02T12:55:08.689+01:00 INFO portal-bff host=portal-bff-7c9d5b-p9qmz corrId=c-bf1d03138e5973a1 loan application submitted application_id=APP-2026-938394 customer_segment=PRIVATE
2026-03-02T12:55:08.826+01:00 INFO identity-service host=identity-service-5b8f6c-t6zvn corrId=c-bf1d03138e5973a1 MitID session validated customer_id=C28554635
2026-03-02T12:55:08.921+01:00 INFO customer-service host=customer-service-5b8f6c-t6zvn corrId=c-bf1d03138e5973a1 KYC profile loaded customer_id=C28554635 risk_class=MEDIUM
2026-03-02T12:55:08.999+01:00 INFO valuation-service host=valuation-service-a41e92-p9qmz corrId=c-bf1d03138e5973a1 property valuation served from cache property_id=P3261569 value_dkk=5820000
2026-03-02T12:55:09.092+01:00 INFO credit-service host=credit-service-a41e92-p9qmz corrId=c-bf1d03138e5973a1 credit assessment completed application_id=APP-2026-938394 score=523 decision=APPROVED
2026-03-02T12:55:09.151+01:00 INFO offer-service host=offer-service-a41e92-x2k4p corrId=c-bf1d03138e5973a1 loan offer generated application_id=APP-2026-938394 loan_type=FIXED_30Y principal_dkk=5530000
2026-03-02T12:55:09.162+01:00 INFO document-service host=document-service-a41e92-t6zvn corrId=c-bf1d03138e5973a1 offer document stored application_id=APP-2026-938394 doc_id=DOC-03d848a6
2026-03-02T12:55:09.167+01:00 INFO portal-bff host=portal-bff-7c9d5b-p9qmz corrId=c-bf1d03138e5973a1 application completed application_id=APP-2026-938394 status=OFFER_ISSUED
2026-03-02T12:56:03.090+01:00 INFO portal-bff host=portal-bff-a41e92-x2k4p corrId=c-451c0f6a3816faa2 loan application submitted application_id=APP-2026-229732 customer_segment=SME
2026-03-02T12:56:03.098+01:00 INFO identity-service host=identity-service-a41e92-t6zvn corrId=c-451c0f6a3816faa2 MitID session validated customer_id=C07736470
2026-03-02T12:56:03.225+01:00 INFO customer-service host=customer-service-5b8f6c-p9qmz corrId=c-451c0f6a3816faa2 KYC profile loaded customer_id=C07736470 risk_class=HIGH
2026-03-02T12:56:03.294+01:00 INFO valuation-service host=valuation-service-7c9d5b-t6zvn corrId=c-451c0f6a3816faa2 property valuation served from cache property_id=P1750993 value_dkk=7660000
2026-03-02T12:56:03.307+01:00 INFO credit-service host=credit-service-a41e92-p9qmz corrId=c-451c0f6a3816faa2 credit assessment completed application_id=APP-2026-229732 score=624 decision=APPROVED
2026-03-02T12:56:03.432+01:00 INFO offer-service host=offer-service-a41e92-t6zvn corrId=c-451c0f6a3816faa2 loan offer generated application_id=APP-2026-229732 loan_type=FLEX_1Y principal_dkk=5800000
2026-03-02T12:56:03.560+01:00 INFO document-service host=document-service-a41e92-p9qmz corrId=c-451c0f6a3816faa2 offer document stored application_id=APP-2026-229732 doc_id=DOC-c78cf117
2026-03-02T12:56:03.601+01:00 INFO portal-bff host=portal-bff-5b8f6c-p9qmz corrId=c-451c0f6a3816faa2 application completed application_id=APP-2026-229732 status=OFFER_ISSUED
2026-03-02T12:56:30.546+01:00 INFO portal-bff host=portal-bff-a41e92-t6zvn corrId=c-899c59be1f52485e conversion quote requested loan_id=LN819990464 target_product=FLEX_1Y
2026-03-02T12:56:30.632+01:00 INFO identity-service host=identity-service-a41e92-p9qmz corrId=c-899c59be1f52485e MitID session validated customer_id=C90497149
2026-03-02T12:56:30.712+01:00 INFO pricing-service host=pricing-service-a41e92-x2k4p corrId=c-899c59be1f52485e bond price fetched series=BND4.0-2056 price=88.774
2026-03-02T12:56:30.809+01:00 INFO pricing-service host=pricing-service-5b8f6c-t6zvn corrId=c-899c59be1f52485e conversion cost calculated loan_id=LN819990464 cost_dkk=57341.41
2026-03-02T12:56:30.922+01:00 INFO quote-service host=quote-service-7c9d5b-p9qmz corrId=c-899c59be1f52485e conversion quote issued quote_id=Q20716657 loan_id=LN819990464
2026-03-02T12:57:49.140+01:00 INFO portal-bff host=portal-bff-a41e92-t6zvn corrId=c-ad6561fc0597dea7 loan application submitted application_id=APP-2026-963279 customer_segment=PRIVATE
2026-03-02T12:57:49.152+01:00 INFO identity-service host=identity-service-7c9d5b-t6zvn corrId=c-ad6561fc0597dea7 MitID session validated customer_id=C85952283
2026-03-02T12:57:49.158+01:00 INFO customer-service host=customer-service-5b8f6c-p9qmz corrId=c-ad6561fc0597dea7 KYC profile loaded customer_id=C85952283 risk_class=LOW
2026-03-02T12:57:49.225+01:00 INFO valuation-service host=valuation-service-7c9d5b-x2k4p corrId=c-ad6561fc0597dea7 property valuation requested property_id=P6279922 provider=bolig-vurdering
2026-03-02T12:57:50.001+01:00 INFO valuation-service host=valuation-service-a41e92-p9qmz corrId=c-ad6561fc0597dea7 property valuation received property_id=P6279922 value_dkk=2010000 latency_ms=710
2026-03-02T12:57:50.044+01:00 INFO credit-service host=credit-service-5b8f6c-p9qmz corrId=c-ad6561fc0597dea7 credit assessment completed application_id=APP-2026-963279 score=617 decision=APPROVED
2026-03-02T12:57:50.123+01:00 INFO offer-service host=offer-service-5b8f6c-p9qmz corrId=c-ad6561fc0597dea7 loan offer generated application_id=APP-2026-963279 loan_type=FLEX_5Y principal_dkk=4255000
2026-03-02T12:57:50.151+01:00 INFO document-service host=document-service-7c9d5b-t6zvn corrId=c-ad6561fc0597dea7 offer document stored application_id=APP-2026-963279 doc_id=DOC-30a576bb
2026-03-02T12:57:50.273+01:00 INFO portal-bff host=portal-bff-a41e92-x2k4p corrId=c-ad6561fc0597dea7 application completed application_id=APP-2026-963279 status=OFFER_ISSUED
2026-03-02T12:58:38.798+01:00 INFO portal-bff host=portal-bff-5b8f6c-x2k4p corrId=c-90d3438486954f10 loan application submitted application_id=APP-2026-119600 customer_segment=RETAIL
2026-03-02T12:58:38.891+01:00 INFO identity-service host=identity-service-5b8f6c-t6zvn corrId=c-90d3438486954f10 MitID session validated customer_id=C32192384
2026-03-02T12:58:38.974+01:00 INFO customer-service host=customer-service-a41e92-x2k4p corrId=c-90d3438486954f10 KYC profile loaded customer_id=C32192384 risk_class=HIGH
2026-03-02T12:58:39.085+01:00 INFO valuation-service host=valuation-service-5b8f6c-x2k4p corrId=c-90d3438486954f10 property valuation requested property_id=P9814036 provider=valuta-ejd
2026-03-02T12:58:39.719+01:00 INFO valuation-service host=valuation-service-7c9d5b-t6zvn corrId=c-90d3438486954f10 property valuation received property_id=P9814036 value_dkk=2090000 latency_ms=495
2026-03-02T12:58:39.822+01:00 INFO credit-service host=credit-service-a41e92-x2k4p corrId=c-90d3438486954f10 credit assessment completed application_id=APP-2026-119600 score=757 decision=APPROVED
2026-03-02T12:58:39.892+01:00 INFO offer-service host=offer-service-5b8f6c-t6zvn corrId=c-90d3438486954f10 loan offer generated application_id=APP-2026-119600 loan_type=FIXED_20Y_IO principal_dkk=4845000
2026-03-02T12:58:39.918+01:00 INFO document-service host=document-service-a41e92-t6zvn corrId=c-90d3438486954f10 offer document stored application_id=APP-2026-119600 doc_id=DOC-27aa8ca0
2026-03-02T12:58:40.051+01:00 INFO portal-bff host=portal-bff-5b8f6c-p9qmz corrId=c-90d3438486954f10 application completed application_id=APP-2026-119600 status=OFFER_ISSUED
2026-03-02T13:00:00.444+01:00 INFO payment-scheduler host=payment-scheduler-a41e92-x2k4p corrId=- scheduler heartbeat lag_ms=27
2026-03-02T13:00:00.603+01:00 INFO api-gateway host=api-gateway-5b8f6c-p9qmz corrId=- health probe ok status=200 latency_ms=35
2026-03-02T13:00:03.000+01:00 INFO config-service host=config-service-5b8f6c-p9qmz corrId=- configuration refreshed version=v102
2026-03-02T13:00:08.667+01:00 INFO portal-bff host=portal-bff-a41e92-t6zvn corrId=c-a68c0ee21f20481d conversion quote requested loan_id=LN948283365 target_product=FLEX_1Y
2026-03-02T13:00:08.703+01:00 INFO identity-service host=identity-service-a41e92-t6zvn corrId=c-a68c0ee21f20481d MitID session validated customer_id=C65938802
2026-03-02T13:00:08.748+01:00 INFO pricing-service host=pricing-service-a41e92-p9qmz corrId=c-a68c0ee21f20481d bond price fetched series=BND2.5-2053 price=96.617
2026-03-02T13:00:08.806+01:00 INFO pricing-service host=pricing-service-7c9d5b-p9qmz corrId=c-a68c0ee21f20481d conversion cost calculated loan_id=LN948283365 cost_dkk=57148.94
2026-03-02T13:00:08.889+01:00 INFO quote-service host=quote-service-7c9d5b-x2k4p corrId=c-a68c0ee21f20481d conversion quote issued quote_id=Q13646232 loan_id=LN948283365
2026-03-02T13:00:10.410+01:00 INFO portal-bff host=portal-bff-7c9d5b-t6zvn corrId=c-d99e2cfef4ec547d loan application submitted application_id=APP-2026-670799 customer_segment=PRIVATE
2026-03-02T13:00:10.445+01:00 INFO identity-service host=identity-service-a41e92-p9qmz corrId=c-d99e2cfef4ec547d MitID session validated customer_id=C53354390
2026-03-02T13:00:10.520+01:00 INFO customer-service host=customer-service-7c9d5b-p9qmz corrId=c-d99e2cfef4ec547d KYC profile loaded customer_id=C53354390 risk_class=LOW
2026-03-02T13:00:10.614+01:00 INFO valuation-service host=valuation-service-7c9d5b-t6zvn corrId=c-d99e2cfef4ec547d property valuation requested property_id=P7075402 provider=bolig-vurdering
2026-03-02T13:00:10.984+01:00 INFO valuation-service host=valuation-service-7c9d5b-t6zvn corrId=c-d99e2cfef4ec547d property valuation received property_id=P7075402 value_dkk=8930000 latency_ms=271
2026-03-02T13:00:10.992+01:00 INFO credit-service host=credit-service-a41e92-x2k4p corrId=c-d99e2cfef4ec547d credit assessment completed application_id=APP-2026-670799 score=626 decision=APPROVED
2026-03-02T13:00:11.088+01:00 INFO offer-service host=offer-service-7c9d5b-t6zvn corrId=c-d99e2cfef4ec547d loan offer generated application_id=APP-2026-670799 loan_type=FIXED_20Y_IO principal_dkk=2290000
2026-03-02T13:00:11.181+01:00 INFO document-service host=document-service-a41e92-t6zvn corrId=c-d99e2cfef4ec547d offer document stored application_id=APP-2026-670799 doc_id=DOC-2f2a4237
2026-03-02T13:00:11.272+01:00 INFO portal-bff host=portal-bff-5b8f6c-t6zvn corrId=c-d99e2cfef4ec547d application completed application_id=APP-2026-670799 status=OFFER_ISSUED
2026-03-02T13:00:11.841+01:00 INFO portal-bff host=portal-bff-a41e92-x2k4p corrId=c-8ee8da22d8ca838a loan application submitted application_id=APP-2026-669495 customer_segment=RETAIL
2026-03-02T13:00:11.957+01:00 INFO identity-service host=identity-service-a41e92-p9qmz corrId=c-8ee8da22d8ca838a MitID session validated customer_id=C18087691
2026-03-02T13:00:12.010+01:00 INFO customer-service host=customer-service-7c9d5b-t6zvn corrId=c-8ee8da22d8ca838a KYC profile loaded customer_id=C18087691 risk_class=HIGH
2026-03-02T13:00:12.032+01:00 INFO valuation-service host=valuation-service-7c9d5b-t6zvn corrId=c-8ee8da22d8ca838a property valuation requested property_id=P5819088 provider=valuta-ejd
2026-03-02T13:00:12.374+01:00 INFO valuation-service host=valuation-service-7c9d5b-p9qmz corrId=c-8ee8da22d8ca838a property valuation received property_id=P5819088 value_dkk=8880000 latency_ms=328
2026-03-02T13:00:12.461+01:00 INFO credit-service host=credit-service-7c9d5b-x2k4p corrId=c-8ee8da22d8ca838a credit assessment completed application_id=APP-2026-669495 score=707 decision=APPROVED
2026-03-02T13:00:12.547+01:00 INFO offer-service host=offer-service-5b8f6c-t6zvn corrId=c-8ee8da22d8ca838a loan offer generated application_id=APP-2026-669495 loan_type=FIXED_20Y_IO principal_dkk=5740000
2026-03-02T13:00:12.589+01:00 INFO document-service host=document-service-7c9d5b-t6zvn corrId=c-8ee8da22d8ca838a offer document stored application_id=APP-2026-669495 doc_id=DOC-f4e97201
2026-03-02T13:00:12.683+01:00 INFO portal-bff host=portal-bff-7c9d5b-t6zvn corrId=c-8ee8da22d8ca838a application completed application_id=APP-2026-669495 status=OFFER_ISSUED
2026-03-02T13:03:32.690+01:00 INFO portal-bff host=portal-bff-7c9d5b-t6zvn corrId=c-9b731d9a538f388a loan application submitted application_id=APP-2026-963110 customer_segment=RETAIL
2026-03-02T13:03:32.756+01:00 INFO identity-service host=identity-service-7c9d5b-t6zvn corrId=c-9b731d9a538f388a MitID session validated customer_id=C67483501
2026-03-02T13:03:32.880+01:00 INFO customer-service host=customer-service-a41e92-x2k4p corrId=c-9b731d9a538f388a KYC profile loaded customer_id=C67483501 risk_class=LOW
2026-03-02T13:03:32.910+01:00 INFO valuation-service host=valuation-service-a41e92-p9qmz corrId=c-9b731d9a538f388a property valuation requested property_id=P9275190 provider=valuta-ejd
2026-03-02T13:03:33.878+01:00 INFO valuation-service host=valuation-service-5b8f6c-x2k4p corrId=c-9b731d9a538f388a property valuation received property_id=P9275190 value_dkk=6340000 latency_ms=943
2026-03-02T13:03:33.920+01:00 INFO credit-service host=credit-service-a41e92-t6zvn corrId=c-9b731d9a538f388a credit assessment completed application_id=APP-2026-963110 score=652 decision=APPROVED
2026-03-02T13:03:34.037+01:00 INFO offer-service host=offer-service-a41e92-p9qmz corrId=c-9b731d9a538f388a loan offer generated application_id=APP-2026-963110 loan_type=FIXED_30Y principal_dkk=5920000
2026-03-02T13:03:34.063+01:00 INFO document-service host=document-service-a41e92-x2k4p corrId=c-9b731d9a538f388a offer document stored application_id=APP-2026-963110 doc_id=DOC-65c9824a
2026-03-02T13:03:34.105+01:00 INFO portal-bff host=portal-bff-7c9d5b-x2k4p corrId=c-9b731d9a538f388a application completed application_id=APP-2026-963110 status=OFFER_ISSUED
2026-03-02T13:04:56.045+01:00 INFO portal-bff host=portal-bff-a41e92-p9qmz corrId=c-94f74dcb9881618a loan application submitted application_id=APP-2026-129572 customer_segment=RETAIL
2026-03-02T13:04:56.080+01:00 INFO identity-service host=identity-service-a41e92-x2k4p corrId=c-94f74dcb9881618a MitID session validated customer_id=C88339555
2026-03-02T13:04:56.183+01:00 INFO customer-service host=customer-service-7c9d5b-x2k4p corrId=c-94f74dcb9881618a KYC profile loaded customer_id=C88339555 risk_class=MEDIUM
2026-03-02T13:04:56.257+01:00 INFO valuation-service host=valuation-service-a41e92-t6zvn corrId=c-94f74dcb9881618a property valuation served from cache property_id=P2630268 value_dkk=2540000
2026-03-02T13:04:56.282+01:00 INFO credit-service host=credit-service-a41e92-x2k4p corrId=c-94f74dcb9881618a credit assessment completed application_id=APP-2026-129572 score=517 decision=APPROVED
2026-03-02T13:04:56.308+01:00 INFO offer-service host=offer-service-7c9d5b-x2k4p corrId=c-94f74dcb9881618a loan offer generated application_id=APP-2026-129572 loan_type=FLEX_5Y principal_dkk=1710000
2026-03-02T13:04:56.414+01:00 INFO document-service host=document-service-7c9d5b-p9qmz corrId=c-94f74dcb9881618a offer document stored application_id=APP-2026-129572 doc_id=DOC-f5ff91dd
2026-03-02T13:04:56.499+01:00 INFO portal-bff host=portal-bff-5b8f6c-x2k4p corrId=c-94f74dcb9881618a application completed application_id=APP-2026-129572 status=OFFER_ISSUED
2026-03-02T13:05:00.545+01:00 INFO api-gateway host=api-gateway-7c9d5b-p9qmz corrId=- health probe ok status=200 latency_ms=21
2026-03-02T13:05:07.601+01:00 INFO portal-bff host=portal-bff-5b8f6c-t6zvn corrId=c-92f20eb72c450d18 loan application submitted application_id=APP-2026-215851 customer_segment=RETAIL
2026-03-02T13:05:07.683+01:00 INFO identity-service host=identity-service-5b8f6c-t6zvn corrId=c-92f20eb72c450d18 MitID session validated customer_id=C10575612
2026-03-02T13:05:07.764+01:00 INFO customer-service host=customer-service-7c9d5b-p9qmz corrId=c-92f20eb72c450d18 KYC profile loaded customer_id=C10575612 risk_class=HIGH
2026-03-02T13:05:07.785+01:00 INFO valuation-service host=valuation-service-5b8f6c-p9qmz corrId=c-92f20eb72c450d18 property valuation served from cache property_id=P8569693 value_dkk=3220000
2026-03-02T13:05:07.850+01:00 INFO credit-service host=credit-service-a41e92-p9qmz corrId=c-92f20eb72c450d18 credit assessment completed application_id=APP-2026-215851 score=616 decision=APPROVED
2026-03-02T13:05:07.961+01:00 INFO offer-service host=offer-service-7c9d5b-t6zvn corrId=c-92f20eb72c450d18 loan offer generated application_id=APP-2026-215851 loan_type=FLEX_1Y principal_dkk=5935000
2026-03-02T13:05:08.082+01:00 INFO document-service host=document-service-5b8f6c-p9qmz corrId=c-92f20eb72c450d18 offer document stored application_id=APP-2026-215851 doc_id=DOC-6abe3fb3
2026-03-02T13:05:08.158+01:00 INFO portal-bff host=portal-bff-5b8f6c-p9qmz corrId=c-92f20eb72c450d18 application completed application_id=APP-2026-215851 status=OFFER_ISSUED
2026-03-02T13:05:19.330+01:00 INFO portal-bff host=portal-bff-a41e92-p9qmz corrId=c-c58b76ab7923f0ba conversion quote requested loan_id=LN919772545 target_product=FLEX_1Y
2026-03-02T13:05:19.363+01:00 INFO identity-service host=identity-service-7c9d5b-t6zvn corrId=c-c58b76ab7923f0ba MitID session validated customer_id=C50812959
2026-03-02T13:05:19.436+01:00 INFO pricing-service host=pricing-service-a41e92-t6zvn corrId=c-c58b76ab7923f0ba bond price fetched series=BND2.5-2056 price=97.009
2026-03-02T13:05:19.510+01:00 INFO pricing-service host=pricing-service-7c9d5b-x2k4p corrId=c-c58b76ab7923f0ba conversion cost calculated loan_id=LN919772545 cost_dkk=77316.47
2026-03-02T13:05:19.549+01:00 INFO quote-service host=quote-service-a41e92-t6zvn corrId=c-c58b76ab7923f0ba conversion quote issued quote_id=Q24781352 loan_id=LN919772545
2026-03-02T13:05:45.939+01:00 INFO portal-bff host=portal-bff-5b8f6c-p9qmz corrId=c-fa76d3c3c711a115 loan application submitted application_id=APP-2026-640011 customer_segment=RETAIL
2026-03-02T13:05:45.978+01:00 INFO identity-service host=identity-service-a41e92-x2k4p corrId=c-fa76d3c3c711a115 MitID session validated customer_id=C67621003
2026-03-02T13:05:46.007+01:00 INFO customer-service host=customer-service-5b8f6c-x2k4p corrId=c-fa76d3c3c711a115 KYC profile loaded customer_id=C67621003 risk_class=LOW
2026-03-02T13:05:46.090+01:00 INFO valuation-service host=valuation-service-5b8f6c-x2k4p corrId=c-fa76d3c3c711a115 property valuation requested property_id=P0949311 provider=bolig-vurdering
2026-03-02T13:05:46.954+01:00 INFO valuation-service host=valuation-service-a41e92-p9qmz corrId=c-fa76d3c3c711a115 property valuation received property_id=P0949311 value_dkk=3220000 latency_ms=750
2026-03-02T13:05:47.042+01:00 INFO credit-service host=credit-service-5b8f6c-p9qmz corrId=c-fa76d3c3c711a115 credit assessment completed application_id=APP-2026-640011 score=754 decision=APPROVED
2026-03-02T13:05:47.054+01:00 INFO offer-service host=offer-service-a41e92-p9qmz corrId=c-fa76d3c3c711a115 loan offer generated application_id=APP-2026-640011 loan_type=FLEX_5Y principal_dkk=2295000
2026-03-02T13:05:47.096+01:00 INFO document-service host=document-service-5b8f6c-x2k4p corrId=c-fa76d3c3c711a115 offer document stored application_id=APP-2026-640011 doc_id=DOC-a56e2601
2026-03-02T13:05:47.133+01:00 INFO portal-bff host=portal-bff-a41e92-t6zvn corrId=c-fa76d3c3c711a115 application completed application_id=APP-2026-640011 status=OFFER_ISSUED
2026-03-02T13:07:34.401+01:00 INFO portal-bff host=portal-bff-7c9d5b-x2k4p corrId=c-4b8eaaa7b0433f1f loan application submitted application_id=APP-2026-587444 customer_segment=RETAIL
2026-03-02T13:07:34.476+01:00 INFO identity-service host=identity-service-a41e92-t6zvn corrId=c-4b8eaaa7b0433f1f MitID session validated customer_id=C44184848
2026-03-02T13:07:34.564+01:00 INFO customer-service host=customer-service-7c9d5b-t6zvn corrId=c-4b8eaaa7b0433f1f KYC profile loaded customer_id=C44184848 risk_class=HIGH
2026-03-02T13:07:34.569+01:00 INFO valuation-service host=valuation-service-5b8f6c-x2k4p corrId=c-4b8eaaa7b0433f1f property valuation served from cache property_id=P3026471 value_dkk=7690000
2026-03-02T13:07:34.705+01:00 INFO credit-service host=credit-service-5b8f6c-x2k4p corrId=c-4b8eaaa7b0433f1f credit assessment completed application_id=APP-2026-587444 score=477 decision=APPROVED
2026-03-02T13:07:34.817+01:00 INFO offer-service host=offer-service-a41e92-p9qmz corrId=c-4b8eaaa7b0433f1f loan offer generated application_id=APP-2026-587444 loan_type=FIXED_30Y principal_dkk=2960000
2026-03-02T13:07:34.843+01:00 INFO document-service host=document-service-5b8f6c-x2k4p corrId=c-4b8eaaa7b0433f1f offer document stored application_id=APP-2026-587444 doc_id=DOC-94bb8a83
2026-03-02T13:07:34.912+01:00 INFO portal-bff host=portal-bff-7c9d5b-x2k4p corrId=c-4b8eaaa7b0433f1f application completed application_id=APP-2026-587444 status=OFFER_ISSUED
2026-03-02T13:08:14.088+01:00 INFO portal-bff host=portal-bff-a41e92-t6zvn corrId=c-806d1dcdb53a7b7b loan application submitted application_id=APP-2026-446760 customer_segment=RETAIL
2026-03-02T13:08:14.211+01:00 INFO identity-service host=identity-service-5b8f6c-t6zvn corrId=c-806d1dcdb53a7b7b MitID session validated customer_id=C23544753
2026-03-02T13:08:14.217+01:00 INFO customer-service host=customer-service-5b8f6c-x2k4p corrId=c-806d1dcdb53a7b7b KYC profile loaded customer_id=C23544753 risk_class=MEDIUM
2026-03-02T13:08:14.354+01:00 INFO valuation-service host=valuation-service-a41e92-p9qmz corrId=c-806d1dcdb53a7b7b property valuation requested property_id=P7824489 provider=bolig-vurdering
2026-03-02T13:08:14.591+01:00 INFO valuation-service host=valuation-service-a41e92-t6zvn corrId=c-806d1dcdb53a7b7b property valuation received property_id=P7824489 value_dkk=8140000 latency_ms=218
2026-03-02T13:08:14.608+01:00 INFO credit-service host=credit-service-5b8f6c-x2k4p corrId=c-806d1dcdb53a7b7b credit assessment completed application_id=APP-2026-446760 score=652 decision=APPROVED
2026-03-02T13:08:14.655+01:00 INFO offer-service host=offer-service-5b8f6c-t6zvn corrId=c-806d1dcdb53a7b7b loan offer generated application_id=APP-2026-446760 loan_type=FIXED_30Y principal_dkk=1450000
2026-03-02T13:08:14.695+01:00 INFO document-service host=document-service-5b8f6c-x2k4p corrId=c-806d1dcdb53a7b7b offer document stored application_id=APP-2026-446760 doc_id=DOC-1114f449
2026-03-02T13:08:14.785+01:00 INFO portal-bff host=portal-bff-7c9d5b-t6zvn corrId=c-806d1dcdb53a7b7b application completed application_id=APP-2026-446760 status=OFFER_ISSUED
2026-03-02T13:08:45.361+01:00 INFO portal-bff host=portal-bff-5b8f6c-t6zvn corrId=c-3c2cbd3d568b2b37 conversion quote requested loan_id=LN689820715 target_product=FLEX_5Y
2026-03-02T13:08:45.443+01:00 INFO identity-service host=identity-service-5b8f6c-t6zvn corrId=c-3c2cbd3d568b2b37 MitID session validated customer_id=C93224757
2026-03-02T13:08:45.462+01:00 INFO pricing-service host=pricing-service-5b8f6c-p9qmz corrId=c-3c2cbd3d568b2b37 bond price fetched series=BND4.0-2056 price=95.963
2026-03-02T13:08:45.585+01:00 INFO pricing-service host=pricing-service-5b8f6c-x2k4p corrId=c-3c2cbd3d568b2b37 conversion cost calculated loan_id=LN689820715 cost_dkk=17339.23
2026-03-02T13:08:45.644+01:00 INFO quote-service host=quote-service-7c9d5b-x2k4p corrId=c-3c2cbd3d568b2b37 conversion quote issued quote_id=Q21852597 loan_id=LN689820715
2026-03-02T13:10:00.437+01:00 INFO api-gateway host=api-gateway-a41e92-x2k4p corrId=- health probe ok status=200 latency_ms=22
2026-03-02T13:10:00.715+01:00 INFO payment-scheduler host=payment-scheduler-5b8f6c-x2k4p corrId=- scheduler heartbeat lag_ms=80
2026-03-02T13:10:02.402+01:00 INFO portal-bff host=portal-bff-a41e92-x2k4p corrId=c-0bf6b69cdd9d5dcd loan application submitted application_id=APP-2026-634069 customer_segment=PRIVATE
2026-03-02T13:10:02.456+01:00 INFO identity-service host=identity-service-7c9d5b-x2k4p corrId=c-0bf6b69cdd9d5dcd MitID session validated customer_id=C14073380
2026-03-02T13:10:02.483+01:00 INFO customer-service host=customer-service-a41e92-t6zvn corrId=c-0bf6b69cdd9d5dcd KYC profile loaded customer_id=C14073380 risk_class=LOW
2026-03-02T13:10:02.603+01:00 INFO valuation-service host=valuation-service-5b8f6c-p9qmz corrId=c-0bf6b69cdd9d5dcd property valuation served from cache property_id=P3002563 value_dkk=4730000
2026-03-02T13:10:02.675+01:00 INFO credit-service host=credit-service-a41e92-t6zvn corrId=c-0bf6b69cdd9d5dcd credit assessment completed application_id=APP-2026-634069 score=488 decision=APPROVED
2026-03-02T13:10:02.746+01:00 INFO offer-service host=offer-service-a41e92-x2k4p corrId=c-0bf6b69cdd9d5dcd loan offer generated application_id=APP-2026-634069 loan_type=FIXED_30Y principal_dkk=3440000
2026-03-02T13:10:02.835+01:00 INFO document-service host=document-service-7c9d5b-x2k4p corrId=c-0bf6b69cdd9d5dcd offer document stored application_id=APP-2026-634069 doc_id=DOC-5ff19f1b
2026-03-02T13:10:02.920+01:00 INFO portal-bff host=portal-bff-7c9d5b-x2k4p corrId=c-0bf6b69cdd9d5dcd application completed application_id=APP-2026-634069 status=OFFER_ISSUED
2026-03-02T13:11:43.885+01:00 INFO portal-bff host=portal-bff-a41e92-p9qmz corrId=c-ce3b10dce18263fc loan application submitted application_id=APP-2026-610981 customer_segment=RETAIL
2026-03-02T13:11:43.904+01:00 INFO identity-service host=identity-service-7c9d5b-x2k4p corrId=c-ce3b10dce18263fc MitID session validated customer_id=C82998054
2026-03-02T13:11:43.920+01:00 INFO customer-service host=customer-service-7c9d5b-p9qmz corrId=c-ce3b10dce18263fc KYC profile loaded customer_id=C82998054 risk_class=HIGH
2026-03-02T13:11:43.929+01:00 INFO valuation-service host=valuation-service-7c9d5b-x2k4p corrId=c-ce3b10dce18263fc property valuation requested property_id=P9154060 provider=valuta-ejd
2026-03-02T13:11:44.519+01:00 INFO valuation-service host=valuation-service-5b8f6c-t6zvn corrId=c-ce3b10dce18263fc property valuation received property_id=P9154060 value_dkk=2940000 latency_ms=533
2026-03-02T13:11:44.539+01:00 INFO credit-service host=credit-service-7c9d5b-t6zvn corrId=c-ce3b10dce18263fc credit assessment completed application_id=APP-2026-610981 score=829 decision=APPROVED
2026-03-02T13:11:44.574+01:00 INFO offer-service host=offer-service-a41e92-t6zvn corrId=c-ce3b10dce18263fc loan offer generated application_id=APP-2026-610981 loan_type=FIXED_30Y principal_dkk=4680000
2026-03-02T13:11:44.633+01:00 INFO document-service host=document-service-5b8f6c-t6zvn corrId=c-ce3b10dce18263fc offer document stored application_id=APP-2026-610981 doc_id=DOC-99baff75
2026-03-02T13:11:44.713+01:00 INFO portal-bff host=portal-bff-5b8f6c-t6zvn corrId=c-ce3b10dce18263fc application completed application_id=APP-2026-610981 status=OFFER_ISSUED
2026-03-02T13:15:00.359+01:00 INFO portal-bff host=portal-bff-a41e92-p9qmz corrId=c-c94e7f62aadd12fe loan application submitted application_id=APP-2026-339894 customer_segment=RETAIL
2026-03-02T13:15:00.452+01:00 INFO identity-service host=identity-service-a41e92-p9qmz corrId=c-c94e7f62aadd12fe MitID session validated customer_id=C03819724
2026-03-02T13:15:00.480+01:00 INFO customer-service host=customer-service-5b8f6c-t6zvn corrId=c-c94e7f62aadd12fe KYC profile loaded customer_id=C03819724 risk_class=HIGH
2026-03-02T13:15:00.526+01:00 INFO valuation-service host=valuation-service-5b8f6c-p9qmz corrId=c-c94e7f62aadd12fe property valuation served from cache property_id=P8330106 value_dkk=3630000
2026-03-02T13:15:00.624+01:00 INFO credit-service host=credit-service-5b8f6c-x2k4p corrId=c-c94e7f62aadd12fe credit assessment completed application_id=APP-2026-339894 score=871 decision=APPROVED
2026-03-02T13:15:00.703+01:00 INFO api-gateway host=api-gateway-a41e92-x2k4p corrId=- health probe ok status=200 latency_ms=7
2026-03-02T13:15:00.752+01:00 INFO offer-service host=offer-service-a41e92-p9qmz corrId=c-c94e7f62aadd12fe loan offer generated application_id=APP-2026-339894 loan_type=FIXED_30Y principal_dkk=5440000
2026-03-02T13:15:00.827+01:00 INFO document-service host=document-service-7c9d5b-t6zvn corrId=c-c94e7f62aadd12fe offer document stored application_id=APP-2026-339894 doc_id=DOC-b92e4778
2026-03-02T13:15:00.849+01:00 INFO portal-bff host=portal-bff-5b8f6c-p9qmz corrId=c-c94e7f62aadd12fe application completed application_id=APP-2026-339894 status=OFFER_ISSUED
2026-03-02T13:15:14.215+01:00 INFO portal-bff host=portal-bff-a41e92-p9qmz corrId=c-c04599472b66ee3e conversion quote requested loan_id=LN774890310 target_product=FIXED_30Y
2026-03-02T13:15:14.331+01:00 INFO identity-service host=identity-service-5b8f6c-x2k4p corrId=c-c04599472b66ee3e MitID session validated customer_id=C15712647
2026-03-02T13:15:14.402+01:00 INFO pricing-service host=pricing-service-7c9d5b-p9qmz corrId=c-c04599472b66ee3e bond price fetched series=BND3.0-2053 price=98.138
2026-03-02T13:15:14.527+01:00 INFO pricing-service host=pricing-service-5b8f6c-x2k4p corrId=c-c04599472b66ee3e conversion cost calculated loan_id=LN774890310 cost_dkk=9180.61
2026-03-02T13:15:14.587+01:00 INFO quote-service host=quote-service-7c9d5b-x2k4p corrId=c-c04599472b66ee3e conversion quote issued quote_id=Q71713138 loan_id=LN774890310
2026-03-02T13:17:04.489+01:00 INFO portal-bff host=portal-bff-a41e92-p9qmz corrId=c-0075ba7aaa33d4e5 loan application submitted application_id=APP-2026-557982 customer_segment=PRIVATE
2026-03-02T13:17:04.570+01:00 INFO identity-service host=identity-service-7c9d5b-p9qmz corrId=c-0075ba7aaa33d4e5 MitID session validated customer_id=C80275536
2026-03-02T13:17:04.689+01:00 INFO customer-service host=customer-service-5b8f6c-t6zvn corrId=c-0075ba7aaa33d4e5 KYC profile loaded customer_id=C80275536 risk_class=MEDIUM
2026-03-02T13:17:04.791+01:00 INFO valuation-service host=valuation-service-7c9d5b-t6zvn corrId=c-0075ba7aaa33d4e5 property valuation requested property_id=P9446254 provider=bolig-vurdering
2026-03-02T13:17:05.328+01:00 INFO valuation-service host=valuation-service-7c9d5b-x2k4p corrId=c-0075ba7aaa33d4e5 property valuation received property_id=P9446254 value_dkk=7580000 latency_ms=449
2026-03-02T13:17:05.454+01:00 INFO credit-service host=credit-service-5b8f6c-x2k4p corrId=c-0075ba7aaa33d4e5 credit assessment completed application_id=APP-2026-557982 score=578 decision=APPROVED
2026-03-02T13:17:05.579+01:00 INFO offer-service host=offer-service-a41e92-t6zvn corrId=c-0075ba7aaa33d4e5 loan offer generated application_id=APP-2026-557982 loan_type=FLEX_1Y principal_dkk=2560000
2026-03-02T13:17:05.589+01:00 INFO document-service host=document-service-7c9d5b-t6zvn corrId=c-0075ba7aaa33d4e5 offer document stored application_id=APP-2026-557982 doc_id=DOC-121c87db
2026-03-02T13:17:05.634+01:00 INFO portal-bff host=portal-bff-a41e92-t6zvn corrId=c-0075ba7aaa33d4e5 application completed application_id=APP-2026-557982 status=OFFER_ISSUED
2026-03-02T13:17:50.838+01:00 INFO portal-bff host=portal-bff-5b8f6c-t6zvn corrId=c-8de4e202c765ba5c loan application submitted application_id=APP-2026-184418 customer_segment=PRIVATE
2026-03-02T13:17:50.853+01:00 INFO identity-service host=identity-service-a41e92-t6zvn corrId=c-8de4e202c765ba5c MitID session validated customer_id=C83111910
2026-03-02T13:17:50.904+01:00 INFO customer-service host=customer-service-7c9d5b-x2k4p corrId=c-8de4e202c765ba5c KYC profile loaded customer_id=C83111910 risk_class=LOW
2026-03-02T13:17:50.946+01:00 INFO valuation-service host=valuation-service-a41e92-p9qmz corrId=c-8de4e202c765ba5c property valuation requested property_id=P4315642 provider=valuta-ejd
2026-03-02T13:17:51.850+01:00 INFO valuation-service host=valuation-service-7c9d5b-t6zvn corrId=c-8de4e202c765ba5c property valuation received property_id=P4315642 value_dkk=8150000 latency_ms=782
2026-03-02T13:17:51.862+01:00 INFO credit-service host=credit-service-7c9d5b-x2k4p corrId=c-8de4e202c765ba5c credit assessment completed application_id=APP-2026-184418 score=522 decision=APPROVED
2026-03-02T13:17:51.928+01:00 INFO offer-service host=offer-service-7c9d5b-t6zvn corrId=c-8de4e202c765ba5c loan offer generated application_id=APP-2026-184418 loan_type=FIXED_30Y principal_dkk=2370000
2026-03-02T13:17:52.045+01:00 INFO document-service host=document-service-7c9d5b-t6zvn corrId=c-8de4e202c765ba5c offer document stored application_id=APP-2026-184418 doc_id=DOC-10905c84
2026-03-02T13:17:52.117+01:00 INFO portal-bff host=portal-bff-7c9d5b-x2k4p corrId=c-8de4e202c765ba5c application completed application_id=APP-2026-184418 status=OFFER_ISSUED
2026-03-02T13:18:36.299+01:00 INFO portal-bff host=portal-bff-a41e92-x2k4p corrId=c-e693e53da59adc3e conversion quote requested loan_id=LN546303201 target_product=FLEX_1Y
2026-03-02T13:18:36.354+01:00 INFO identity-service host=identity-service-5b8f6c-p9qmz corrId=c-e693e53da59adc3e MitID session validated customer_id=C30891439
2026-03-02T13:18:36.387+01:00 INFO pricing-service host=pricing-service-5b8f6c-p9qmz corrId=c-e693e53da59adc3e bond price fetched series=BND3.0-2053 price=93.953
2026-03-02T13:18:36.421+01:00 INFO pricing-service host=pricing-service-a41e92-p9qmz corrId=c-e693e53da59adc3e conversion cost calculated loan_id=LN546303201 cost_dkk=84349.32
2026-03-02T13:18:36.548+01:00 INFO quote-service host=quote-service-7c9d5b-p9qmz corrId=c-e693e53da59adc3e conversion quote issued quote_id=Q72521406 loan_id=LN546303201
2026-03-02T13:19:00.752+01:00 INFO portal-bff host=portal-bff-a41e92-p9qmz corrId=c-15ae592c311d63f9 conversion quote requested loan_id=LN053399662 target_product=FLEX_5Y
2026-03-02T13:19:00.869+01:00 INFO identity-service host=identity-service-7c9d5b-p9qmz corrId=c-15ae592c311d63f9 MitID session validated customer_id=C22630614
2026-03-02T13:19:00.918+01:00 INFO pricing-service host=pricing-service-a41e92-p9qmz corrId=c-15ae592c311d63f9 bond price fetched series=BND4.0-2056 price=101.324
2026-03-02T13:19:01.007+01:00 INFO pricing-service host=pricing-service-5b8f6c-x2k4p corrId=c-15ae592c311d63f9 conversion cost calculated loan_id=LN053399662 cost_dkk=14558.55
2026-03-02T13:19:01.124+01:00 INFO quote-service host=quote-service-5b8f6c-x2k4p corrId=c-15ae592c311d63f9 conversion quote issued quote_id=Q33541725 loan_id=LN053399662
2026-03-02T13:19:25.480+01:00 INFO portal-bff host=portal-bff-7c9d5b-x2k4p corrId=c-ba56f5e1e2fdf0d8 loan application submitted application_id=APP-2026-395321 customer_segment=RETAIL
2026-03-02T13:19:25.496+01:00 INFO identity-service host=identity-service-7c9d5b-p9qmz corrId=c-ba56f5e1e2fdf0d8 MitID session validated customer_id=C77938572
2026-03-02T13:19:25.611+01:00 INFO customer-service host=customer-service-7c9d5b-p9qmz corrId=c-ba56f5e1e2fdf0d8 KYC profile loaded customer_id=C77938572 risk_class=MEDIUM
2026-03-02T13:19:25.705+01:00 INFO valuation-service host=valuation-service-a41e92-t6zvn corrId=c-ba56f5e1e2fdf0d8 property valuation served from cache property_id=P0703004 value_dkk=8910000
2026-03-02T13:19:25.747+01:00 INFO credit-service host=credit-service-7c9d5b-t6zvn corrId=c-ba56f5e1e2fdf0d8 credit assessment completed application_id=APP-2026-395321 score=601 decision=APPROVED
2026-03-02T13:19:25.770+01:00 INFO offer-service host=offer-service-a41e92-p9qmz corrId=c-ba56f5e1e2fdf0d8 loan offer generated application_id=APP-2026-395321 loan_type=FLEX_1Y principal_dkk=1460000
2026-03-02T13:19:25.784+01:00 INFO document-service host=document-service-a41e92-t6zvn corrId=c-ba56f5e1e2fdf0d8 offer document stored application_id=APP-2026-395321 doc_id=DOC-bead8063
2026-03-02T13:19:25.837+01:00 INFO portal-bff host=portal-bff-a41e92-p9qmz corrId=c-ba56f5e1e2fdf0d8 application completed application_id=APP-2026-395321 status=OFFER_ISSUED
2026-03-02T13:20:00.637+01:00 INFO payment-scheduler host=payment-scheduler-7c9d5b-x2k4p corrId=- scheduler heartbeat lag_ms=26
2026-03-02T13:20:00.830+01:00 INFO api-gateway host=api-gateway-5b8f6c-p9qmz corrId=- health probe ok status=200 latency_ms=27
2026-03-02T13:20:07.477+01:00 INFO portal-bff host=portal-bff-7c9d5b-t6zvn corrId=c-e01cd439ab70d03d loan application submitted application_id=APP-2026-037038 customer_segment=RETAIL
2026-03-02T13:20:07.584+01:00 INFO identity-service host=identity-service-a41e92-p9qmz corrId=c-e01cd439ab70d03d MitID session validated customer_id=C23324624
2026-03-02T13:20:07.699+01:00 INFO customer-service host=customer-service-a41e92-x2k4p corrId=c-e01cd439ab70d03d KYC profile loaded customer_id=C23324624 risk_class=MEDIUM
2026-03-02T13:20:07.772+01:00 INFO valuation-service host=valuation-service-7c9d5b-p9qmz corrId=c-e01cd439ab70d03d property valuation served from cache property_id=P8455878 value_dkk=3810000
2026-03-02T13:20:07.855+01:00 INFO credit-service host=credit-service-7c9d5b-p9qmz corrId=c-e01cd439ab70d03d credit assessment completed application_id=APP-2026-037038 score=598 decision=APPROVED
2026-03-02T13:20:07.916+01:00 INFO offer-service host=offer-service-5b8f6c-t6zvn corrId=c-e01cd439ab70d03d loan offer generated application_id=APP-2026-037038 loan_type=FLEX_1Y principal_dkk=5825000
2026-03-02T13:20:08.016+01:00 INFO document-service host=document-service-7c9d5b-p9qmz corrId=c-e01cd439ab70d03d offer document stored application_id=APP-2026-037038 doc_id=DOC-82a0127c
2026-03-02T13:20:08.093+01:00 INFO portal-bff host=portal-bff-5b8f6c-x2k4p corrId=c-e01cd439ab70d03d application completed application_id=APP-2026-037038 status=OFFER_ISSUED
2026-03-02T13:25:00.479+01:00 INFO api-gateway host=api-gateway-7c9d5b-p9qmz corrId=- health probe ok status=200 latency_ms=40
2026-03-02T13:26:08.091+01:00 INFO portal-bff host=portal-bff-a41e92-p9qmz corrId=c-9c393f8d3dc057dc conversion quote requested loan_id=LN926859255 target_product=FLEX_1Y
2026-03-02T13:26:08.100+01:00 INFO identity-service host=identity-service-a41e92-t6zvn corrId=c-9c393f8d3dc057dc MitID session validated customer_id=C25225975
2026-03-02T13:26:08.134+01:00 INFO pricing-service host=pricing-service-7c9d5b-p9qmz corrId=c-9c393f8d3dc057dc bond price fetched series=BND2.5-2053 price=97.573
2026-03-02T13:26:08.147+01:00 INFO pricing-service host=pricing-service-7c9d5b-x2k4p corrId=c-9c393f8d3dc057dc conversion cost calculated loan_id=LN926859255 cost_dkk=13819.72
2026-03-02T13:26:08.273+01:00 INFO quote-service host=quote-service-7c9d5b-t6zvn corrId=c-9c393f8d3dc057dc conversion quote issued quote_id=Q10216192 loan_id=LN926859255
2026-03-02T13:26:11.009+01:00 INFO portal-bff host=portal-bff-5b8f6c-t6zvn corrId=c-cb861d9469fe1d36 conversion quote requested loan_id=LN354445480 target_product=FLEX_5Y
2026-03-02T13:26:11.091+01:00 INFO identity-service host=identity-service-a41e92-t6zvn corrId=c-cb861d9469fe1d36 MitID session validated customer_id=C84221750
2026-03-02T13:26:11.148+01:00 INFO pricing-service host=pricing-service-5b8f6c-t6zvn corrId=c-cb861d9469fe1d36 bond price fetched series=BND4.0-2053 price=100.142
2026-03-02T13:26:11.167+01:00 INFO pricing-service host=pricing-service-5b8f6c-p9qmz corrId=c-cb861d9469fe1d36 conversion cost calculated loan_id=LN354445480 cost_dkk=18416.91
2026-03-02T13:26:11.226+01:00 INFO quote-service host=quote-service-5b8f6c-t6zvn corrId=c-cb861d9469fe1d36 conversion quote issued quote_id=Q41161641 loan_id=LN354445480
2026-03-02T13:26:20.495+01:00 INFO portal-bff host=portal-bff-5b8f6c-x2k4p corrId=c-1d2502608eeffb86 loan application submitted application_id=APP-2026-454268 customer_segment=RETAIL
2026-03-02T13:26:20.598+01:00 INFO identity-service host=identity-service-a41e92-t6zvn corrId=c-1d2502608eeffb86 MitID session validated customer_id=C18279546
2026-03-02T13:26:20.604+01:00 INFO customer-service host=customer-service-7c9d5b-x2k4p corrId=c-1d2502608eeffb86 KYC profile loaded customer_id=C18279546 risk_class=HIGH
2026-03-02T13:26:20.657+01:00 INFO valuation-service host=valuation-service-7c9d5b-x2k4p corrId=c-1d2502608eeffb86 property valuation requested property_id=P5261364 provider=bolig-vurdering
2026-03-02T13:26:21.319+01:00 INFO valuation-service host=valuation-service-a41e92-t6zvn corrId=c-1d2502608eeffb86 property valuation received property_id=P5261364 value_dkk=8770000 latency_ms=588
2026-03-02T13:26:21.450+01:00 INFO credit-service host=credit-service-a41e92-t6zvn corrId=c-1d2502608eeffb86 credit assessment completed application_id=APP-2026-454268 score=740 decision=APPROVED
2026-03-02T13:26:21.576+01:00 INFO offer-service host=offer-service-5b8f6c-p9qmz corrId=c-1d2502608eeffb86 loan offer generated application_id=APP-2026-454268 loan_type=FIXED_20Y_IO principal_dkk=2545000
2026-03-02T13:26:21.715+01:00 INFO document-service host=document-service-a41e92-x2k4p corrId=c-1d2502608eeffb86 offer document stored application_id=APP-2026-454268 doc_id=DOC-c4437b68
2026-03-02T13:26:21.814+01:00 INFO portal-bff host=portal-bff-5b8f6c-t6zvn corrId=c-1d2502608eeffb86 application completed application_id=APP-2026-454268 status=OFFER_ISSUED
2026-03-02T13:26:32.478+01:00 INFO portal-bff host=portal-bff-7c9d5b-t6zvn corrId=c-fa32da63f490a505 conversion quote requested loan_id=LN304628615 target_product=FIXED_30Y
2026-03-02T13:26:32.490+01:00 INFO identity-service host=identity-service-5b8f6c-t6zvn corrId=c-fa32da63f490a505 MitID session validated customer_id=C50974231
2026-03-02T13:26:32.568+01:00 INFO pricing-service host=pricing-service-a41e92-x2k4p corrId=c-fa32da63f490a505 bond price fetched series=BND3.0-2056 price=97.399
2026-03-02T13:26:32.602+01:00 INFO pricing-service host=pricing-service-5b8f6c-p9qmz corrId=c-fa32da63f490a505 conversion cost calculated loan_id=LN304628615 cost_dkk=32587.92
2026-03-02T13:26:32.647+01:00 INFO quote-service host=quote-service-a41e92-t6zvn corrId=c-fa32da63f490a505 conversion quote issued quote_id=Q71582971 loan_id=LN304628615
2026-03-02T13:26:38.063+01:00 INFO portal-bff host=portal-bff-5b8f6c-t6zvn corrId=c-3a584208d74fb0c6 loan application submitted application_id=APP-2026-145859 customer_segment=SME
2026-03-02T13:26:38.141+01:00 INFO identity-service host=identity-service-7c9d5b-p9qmz corrId=c-3a584208d74fb0c6 MitID session validated customer_id=C12143217
2026-03-02T13:26:38.206+01:00 INFO customer-service host=customer-service-7c9d5b-x2k4p corrId=c-3a584208d74fb0c6 KYC profile loaded customer_id=C12143217 risk_class=LOW
2026-03-02T13:26:38.294+01:00 INFO valuation-service host=valuation-service-7c9d5b-p9qmz corrId=c-3a584208d74fb0c6 property valuation requested property_id=P4046422 provider=valuta-ejd
2026-03-02T13:26:38.652+01:00 INFO valuation-service host=valuation-service-7c9d5b-x2k4p corrId=c-3a584208d74fb0c6 property valuation received property_id=P4046422 value_dkk=8330000 latency_ms=323
2026-03-02T13:26:38.753+01:00 INFO credit-service host=credit-service-a41e92-p9qmz corrId=c-3a584208d74fb0c6 credit assessment completed application_id=APP-2026-145859 score=441 decision=APPROVED
2026-03-02T13:26:38.767+01:00 INFO offer-service host=offer-service-5b8f6c-t6zvn corrId=c-3a584208d74fb0c6 loan offer generated application_id=APP-2026-145859 loan_type=FLEX_1Y principal_dkk=2590000
2026-03-02T13:26:38.802+01:00 INFO document-service host=document-service-7c9d5b-p9qmz corrId=c-3a584208d74fb0c6 offer document stored application_id=APP-2026-145859 doc_id=DOC-833db216
2026-03-02T13:26:38.884+01:00 INFO portal-bff host=portal-bff-5b8f6c-t6zvn corrId=c-3a584208d74fb0c6 application completed application_id=APP-2026-145859 status=OFFER_ISSUED
2026-03-02T13:28:03.611+01:00 INFO offer-service host=offer-service-5b8f6c-p9qmz corrId=c-88ee141f90e54c6c offer accepted application_id=APP-2026-069836
2026-03-02T13:28:03.715+01:00 INFO ledger-service host=ledger-service-7c9d5b-p9qmz corrId=c-88ee141f90e54c6c funds reserved application_id=APP-2026-069836 amount_dkk=2280000
2026-03-02T13:28:03.768+01:00 INFO payment-service host=payment-service-7c9d5b-x2k4p corrId=c-88ee141f90e54c6c payout instruction sent application_id=APP-2026-069836 amount_dkk=2280000
2026-03-02T13:28:03.874+01:00 INFO ledger-service host=ledger-service-7c9d5b-t6zvn corrId=c-88ee141f90e54c6c payout booked application_id=APP-2026-069836 posting_id=PST-f25b8969f9
2026-03-02T13:28:03.991+01:00 INFO notification-service host=notification-service-5b8f6c-t6zvn corrId=c-88ee141f90e54c6c payout confirmation sent application_id=APP-2026-069836
2026-03-02T13:28:50.569+01:00 INFO portal-bff host=portal-bff-5b8f6c-x2k4p corrId=c-5ea5463acb326cc6 loan application submitted application_id=APP-2026-798585 customer_segment=RETAIL
2026-03-02T13:28:50.676+01:00 INFO identity-service host=identity-service-7c9d5b-t6zvn corrId=c-5ea5463acb326cc6 MitID session validated customer_id=C52969162
2026-03-02T13:28:50.712+01:00 INFO customer-service host=customer-service-a41e92-x2k4p corrId=c-5ea5463acb326cc6 KYC profile loaded customer_id=C52969162 risk_class=LOW
2026-03-02T13:28:50.813+01:00 INFO valuation-service host=valuation-service-5b8f6c-x2k4p corrId=c-5ea5463acb326cc6 property valuation requested property_id=P6738428 provider=valuta-ejd
2026-03-02T13:28:51.578+01:00 INFO valuation-service host=valuation-service-5b8f6c-t6zvn corrId=c-5ea5463acb326cc6 property valuation received property_id=P6738428 value_dkk=8310000 latency_ms=631
2026-03-02T13:28:51.614+01:00 INFO credit-service host=credit-service-5b8f6c-t6zvn corrId=c-5ea5463acb326cc6 credit assessment completed application_id=APP-2026-798585 score=614 decision=APPROVED
2026-03-02T13:28:51.733+01:00 INFO offer-service host=offer-service-7c9d5b-p9qmz corrId=c-5ea5463acb326cc6 loan offer generated application_id=APP-2026-798585 loan_type=FLEX_1Y principal_dkk=3855000
2026-03-02T13:28:51.745+01:00 INFO document-service host=document-service-7c9d5b-t6zvn corrId=c-5ea5463acb326cc6 offer document stored application_id=APP-2026-798585 doc_id=DOC-ff877f18
2026-03-02T13:28:51.802+01:00 INFO portal-bff host=portal-bff-5b8f6c-p9qmz corrId=c-5ea5463acb326cc6 application completed application_id=APP-2026-798585 status=OFFER_ISSUED
2026-03-02T13:28:57.742+01:00 INFO portal-bff host=portal-bff-5b8f6c-x2k4p corrId=c-de9a10341ea09584 conversion quote requested loan_id=LN169864077 target_product=FIXED_30Y
2026-03-02T13:28:57.782+01:00 INFO identity-service host=identity-service-a41e92-p9qmz corrId=c-de9a10341ea09584 MitID session validated customer_id=C27999367
2026-03-02T13:28:57.787+01:00 INFO pricing-service host=pricing-service-a41e92-p9qmz corrId=c-de9a10341ea09584 bond price fetched series=BND4.0-2056 price=101.632
2026-03-02T13:28:57.818+01:00 INFO pricing-service host=pricing-service-a41e92-p9qmz corrId=c-de9a10341ea09584 conversion cost calculated loan_id=LN169864077 cost_dkk=42339.51
2026-03-02T13:28:57.874+01:00 INFO quote-service host=quote-service-7c9d5b-x2k4p corrId=c-de9a10341ea09584 conversion quote issued quote_id=Q63260357 loan_id=LN169864077
2026-03-02T13:29:48.125+01:00 INFO portal-bff host=portal-bff-5b8f6c-x2k4p corrId=c-efec85be00acd7c8 conversion quote requested loan_id=LN523778661 target_product=FLEX_5Y
2026-03-02T13:29:48.155+01:00 INFO identity-service host=identity-service-7c9d5b-p9qmz corrId=c-efec85be00acd7c8 MitID session validated customer_id=C14297267
2026-03-02T13:29:48.239+01:00 INFO pricing-service host=pricing-service-5b8f6c-x2k4p corrId=c-efec85be00acd7c8 bond price fetched series=BND4.0-2053 price=94.360
2026-03-02T13:29:48.286+01:00 INFO pricing-service host=pricing-service-7c9d5b-p9qmz corrId=c-efec85be00acd7c8 conversion cost calculated loan_id=LN523778661 cost_dkk=24625.03
2026-03-02T13:29:48.402+01:00 INFO quote-service host=quote-service-7c9d5b-t6zvn corrId=c-efec85be00acd7c8 conversion quote issued quote_id=Q23443363 loan_id=LN523778661
2026-03-02T13:30:00.144+01:00 INFO api-gateway host=api-gateway-7c9d5b-x2k4p corrId=- health probe ok status=200 latency_ms=24
2026-03-02T13:30:00.288+01:00 INFO payment-scheduler host=payment-scheduler-a41e92-p9qmz corrId=- scheduler heartbeat lag_ms=11
2026-03-02T13:30:08.164+01:00 INFO portal-bff host=portal-bff-a41e92-p9qmz corrId=c-4a94d7fdbb53e577 conversion quote requested loan_id=LN184974343 target_product=FIXED_30Y
2026-03-02T13:30:08.273+01:00 INFO identity-service host=identity-service-7c9d5b-t6zvn corrId=c-4a94d7fdbb53e577 MitID session validated customer_id=C60515191
2026-03-02T13:30:08.371+01:00 INFO pricing-service host=pricing-service-5b8f6c-x2k4p corrId=c-4a94d7fdbb53e577 bond price fetched series=BND3.0-2053 price=98.834
2026-03-02T13:30:08.506+01:00 INFO pricing-service host=pricing-service-a41e92-t6zvn corrId=c-4a94d7fdbb53e577 conversion cost calculated loan_id=LN184974343 cost_dkk=38183.42
2026-03-02T13:30:08.587+01:00 INFO quote-service host=quote-service-7c9d5b-t6zvn corrId=c-4a94d7fdbb53e577 conversion quote issued quote_id=Q47609656 loan_id=LN184974343
2026-03-02T13:30:39.944+01:00 INFO portal-bff host=portal-bff-7c9d5b-t6zvn corrId=c-ff857f81a547515a conversion quote requested loan_id=LN878250681 target_product=FIXED_30Y
2026-03-02T13:30:40.068+01:00 INFO identity-service host=identity-service-5b8f6c-x2k4p corrId=c-ff857f81a547515a MitID session validated customer_id=C63554020
2026-03-02T13:30:40.112+01:00 INFO pricing-service host=pricing-service-7c9d5b-p9qmz corrId=c-ff857f81a547515a bond price fetched series=BND2.5-2053 price=101.371
2026-03-02T13:30:40.184+01:00 INFO pricing-service host=pricing-service-5b8f6c-t6zvn corrId=c-ff857f81a547515a conversion cost calculated loan_id=LN878250681 cost_dkk=71390.10
2026-03-02T13:30:40.233+01:00 INFO quote-service host=quote-service-5b8f6c-x2k4p corrId=c-ff857f81a547515a conversion quote issued quote_id=Q18108754 loan_id=LN878250681
2026-03-02T13:31:24.361+01:00 INFO offer-service host=offer-service-5b8f6c-x2k4p corrId=c-0aacbe063a10d668 offer accepted application_id=APP-2026-659576
2026-03-02T13:31:24.474+01:00 INFO ledger-service host=ledger-service-5b8f6c-p9qmz corrId=c-0aacbe063a10d668 funds reserved application_id=APP-2026-659576 amount_dkk=800000
2026-03-02T13:31:24.588+01:00 INFO payment-service host=payment-service-a41e92-x2k4p corrId=c-0aacbe063a10d668 payout instruction sent application_id=APP-2026-659576 amount_dkk=800000
2026-03-02T13:31:24.725+01:00 INFO ledger-service host=ledger-service-7c9d5b-x2k4p corrId=c-0aacbe063a10d668 payout booked application_id=APP-2026-659576 posting_id=PST-d36ed1c1a3
2026-03-02T13:31:24.732+01:00 INFO notification-service host=notification-service-5b8f6c-p9qmz corrId=c-0aacbe063a10d668 payout confirmation sent application_id=APP-2026-659576
2026-03-02T13:33:04.437+01:00 INFO portal-bff host=portal-bff-a41e92-x2k4p corrId=c-97900bfc02a0bae9 loan application submitted application_id=APP-2026-269561 customer_segment=RETAIL
2026-03-02T13:33:04.550+01:00 INFO identity-service host=identity-service-7c9d5b-x2k4p corrId=c-97900bfc02a0bae9 MitID session validated customer_id=C57182859
2026-03-02T13:33:04.673+01:00 INFO customer-service host=customer-service-a41e92-x2k4p corrId=c-97900bfc02a0bae9 KYC profile loaded customer_id=C57182859 risk_class=LOW
2026-03-02T13:33:04.769+01:00 INFO valuation-service host=valuation-service-7c9d5b-x2k4p corrId=c-97900bfc02a0bae9 property valuation requested property_id=P1439849 provider=bolig-vurdering
2026-03-02T13:33:05.634+01:00 INFO valuation-service host=valuation-service-a41e92-x2k4p corrId=c-97900bfc02a0bae9 property valuation received property_id=P1439849 value_dkk=5140000 latency_ms=831
2026-03-02T13:33:05.639+01:00 INFO credit-service host=credit-service-5b8f6c-t6zvn corrId=c-97900bfc02a0bae9 credit assessment completed application_id=APP-2026-269561 score=423 decision=APPROVED
2026-03-02T13:33:05.658+01:00 INFO offer-service host=offer-service-a41e92-x2k4p corrId=c-97900bfc02a0bae9 loan offer generated application_id=APP-2026-269561 loan_type=FIXED_30Y principal_dkk=3625000
2026-03-02T13:33:05.744+01:00 INFO document-service host=document-service-5b8f6c-t6zvn corrId=c-97900bfc02a0bae9 offer document stored application_id=APP-2026-269561 doc_id=DOC-e5af8cc1
2026-03-02T13:33:05.856+01:00 INFO portal-bff host=portal-bff-7c9d5b-t6zvn corrId=c-97900bfc02a0bae9 application completed application_id=APP-2026-269561 status=OFFER_ISSUED
2026-03-02T13:34:24.545+01:00 INFO portal-bff host=portal-bff-5b8f6c-p9qmz corrId=c-c5095453ae796dd8 loan application submitted application_id=APP-2026-458269 customer_segment=SME
2026-03-02T13:34:24.669+01:00 INFO identity-service host=identity-service-5b8f6c-p9qmz corrId=c-c5095453ae796dd8 MitID session validated customer_id=C88837154
2026-03-02T13:34:24.710+01:00 INFO customer-service host=customer-service-5b8f6c-t6zvn corrId=c-c5095453ae796dd8 KYC profile loaded customer_id=C88837154 risk_class=HIGH
2026-03-02T13:34:24.727+01:00 INFO valuation-service host=valuation-service-a41e92-t6zvn corrId=c-c5095453ae796dd8 property valuation requested property_id=P2895568 provider=valuta-ejd
2026-03-02T13:34:25.312+01:00 INFO valuation-service host=valuation-service-5b8f6c-t6zvn corrId=c-c5095453ae796dd8 property valuation received property_id=P2895568 value_dkk=1130000 latency_ms=543
2026-03-02T13:34:25.419+01:00 INFO credit-service host=credit-service-a41e92-x2k4p corrId=c-c5095453ae796dd8 credit assessment completed application_id=APP-2026-458269 score=433 decision=APPROVED
2026-03-02T13:34:25.502+01:00 INFO offer-service host=offer-service-5b8f6c-p9qmz corrId=c-c5095453ae796dd8 loan offer generated application_id=APP-2026-458269 loan_type=FIXED_20Y_IO principal_dkk=805000
2026-03-02T13:34:25.519+01:00 INFO document-service host=document-service-a41e92-x2k4p corrId=c-c5095453ae796dd8 offer document stored application_id=APP-2026-458269 doc_id=DOC-7d94f9e6
2026-03-02T13:34:25.639+01:00 INFO portal-bff host=portal-bff-a41e92-p9qmz corrId=c-c5095453ae796dd8 application completed application_id=APP-2026-458269 status=OFFER_ISSUED
2026-03-02T13:34:32.888+01:00 INFO offer-service host=offer-service-5b8f6c-x2k4p corrId=c-5eef72f84b162451 offer accepted application_id=APP-2026-863919
2026-03-02T13:34:32.927+01:00 INFO ledger-service host=ledger-service-a41e92-t6zvn corrId=c-5eef72f84b162451 funds reserved application_id=APP-2026-863919 amount_dkk=785000
2026-03-02T13:34:33.028+01:00 INFO payment-service host=payment-service-7c9d5b-x2k4p corrId=c-5eef72f84b162451 payout instruction sent application_id=APP-2026-863919 amount_dkk=785000
2026-03-02T13:34:33.161+01:00 INFO ledger-service host=ledger-service-7c9d5b-x2k4p corrId=c-5eef72f84b162451 payout booked application_id=APP-2026-863919 posting_id=PST-155dcf9f59
2026-03-02T13:34:33.286+01:00 INFO notification-service host=notification-service-a41e92-x2k4p corrId=c-5eef72f84b162451 payout confirmation sent application_id=APP-2026-863919
2026-03-02T13:35:00.696+01:00 INFO api-gateway host=api-gateway-a41e92-x2k4p corrId=- health probe ok status=200 latency_ms=23
2026-03-02T13:39:03.477+01:00 INFO portal-bff host=portal-bff-7c9d5b-p9qmz corrId=c-9ac9788a3fe77bab loan application submitted application_id=APP-2026-300893 customer_segment=PRIVATE
2026-03-02T13:39:03.483+01:00 INFO identity-service host=identity-service-5b8f6c-t6zvn corrId=c-9ac9788a3fe77bab MitID session validated customer_id=C86483689
2026-03-02T13:39:03.607+01:00 INFO customer-service host=customer-service-5b8f6c-t6zvn corrId=c-9ac9788a3fe77bab KYC profile loaded customer_id=C86483689 risk_class=LOW
2026-03-02T13:39:03.711+01:00 INFO valuation-service host=valuation-service-7c9d5b-x2k4p corrId=c-9ac9788a3fe77bab property valuation requested property_id=P8749373 provider=bolig-vurdering
2026-03-02T13:39:04.220+01:00 INFO valuation-service host=valuation-service-7c9d5b-t6zvn corrId=c-9ac9788a3fe77bab property valuation received property_id=P8749373 value_dkk=850000 latency_ms=467
2026-03-02T13:39:04.248+01:00 INFO credit-service host=credit-service-a41e92-p9qmz corrId=c-9ac9788a3fe77bab credit assessment completed application_id=APP-2026-300893 score=843 decision=APPROVED
2026-03-02T13:39:04.375+01:00 INFO offer-service host=offer-service-7c9d5b-p9qmz corrId=c-9ac9788a3fe77bab loan offer generated application_id=APP-2026-300893 loan_type=FIXED_20Y_IO principal_dkk=2350000
2026-03-02T13:39:04.398+01:00 INFO document-service host=document-service-a41e92-t6zvn corrId=c-9ac9788a3fe77bab offer document stored application_id=APP-2026-300893 doc_id=DOC-61b7f315
2026-03-02T13:39:04.440+01:00 INFO portal-bff host=portal-bff-5b8f6c-p9qmz corrId=c-9ac9788a3fe77bab application completed application_id=APP-2026-300893 status=OFFER_ISSUED
2026-03-02T13:40:00.021+01:00 INFO payment-scheduler host=payment-scheduler-7c9d5b-x2k4p corrId=- scheduler heartbeat lag_ms=45
2026-03-02T13:40:00.642+01:00 INFO api-gateway host=api-gateway-5b8f6c-t6zvn corrId=- health probe ok status=200 latency_ms=15
2026-03-02T13:40:56.666+01:00 INFO portal-bff host=portal-bff-a41e92-p9qmz corrId=c-27346aa1036144b8 conversion quote requested loan_id=LN381801441 target_product=FIXED_30Y
2026-03-02T13:40:56.774+01:00 INFO identity-service host=identity-service-7c9d5b-p9qmz corrId=c-27346aa1036144b8 MitID session validated customer_id=C78964033
2026-03-02T13:40:56.818+01:00 INFO pricing-service host=pricing-service-5b8f6c-x2k4p corrId=c-27346aa1036144b8 bond price fetched series=BND3.0-2053 price=98.577
2026-03-02T13:40:56.870+01:00 INFO pricing-service host=pricing-service-5b8f6c-x2k4p corrId=c-27346aa1036144b8 conversion cost calculated loan_id=LN381801441 cost_dkk=71166.60
2026-03-02T13:40:57.001+01:00 INFO quote-service host=quote-service-5b8f6c-x2k4p corrId=c-27346aa1036144b8 conversion quote issued quote_id=Q90089099 loan_id=LN381801441
2026-03-02T13:43:12.851+01:00 INFO portal-bff host=portal-bff-a41e92-t6zvn corrId=c-0923e96ba57db6bd conversion quote requested loan_id=LN060866002 target_product=FIXED_30Y
2026-03-02T13:43:12.951+01:00 INFO identity-service host=identity-service-a41e92-t6zvn corrId=c-0923e96ba57db6bd MitID session validated customer_id=C61376012
2026-03-02T13:43:13.041+01:00 INFO pricing-service host=pricing-service-5b8f6c-t6zvn corrId=c-0923e96ba57db6bd bond price fetched series=BND2.5-2056 price=95.237
2026-03-02T13:43:13.128+01:00 INFO pricing-service host=pricing-service-7c9d5b-p9qmz corrId=c-0923e96ba57db6bd conversion cost calculated loan_id=LN060866002 cost_dkk=44920.22
2026-03-02T13:43:13.237+01:00 INFO quote-service host=quote-service-5b8f6c-x2k4p corrId=c-0923e96ba57db6bd conversion quote issued quote_id=Q08764058 loan_id=LN060866002
2026-03-02T13:44:03.376+01:00 INFO portal-bff host=portal-bff-a41e92-t6zvn corrId=c-16c4950f27b39883 loan application submitted application_id=APP-2026-984178 customer_segment=RETAIL
2026-03-02T13:44:03.402+01:00 INFO identity-service host=identity-service-5b8f6c-t6zvn corrId=c-16c4950f27b39883 MitID session validated customer_id=C58408134
2026-03-02T13:44:03.436+01:00 INFO customer-service host=customer-service-5b8f6c-p9qmz corrId=c-16c4950f27b39883 KYC profile loaded customer_id=C58408134 risk_class=HIGH
2026-03-02T13:44:03.561+01:00 INFO valuation-service host=valuation-service-a41e92-t6zvn corrId=c-16c4950f27b39883 property valuation requested property_id=P6358253 provider=valuta-ejd
2026-03-02T13:44:04.453+01:00 INFO valuation-service host=valuation-service-5b8f6c-x2k4p corrId=c-16c4950f27b39883 property valuation received property_id=P6358253 value_dkk=1710000 latency_ms=753
2026-03-02T13:44:04.511+01:00 INFO credit-service host=credit-service-a41e92-p9qmz corrId=c-16c4950f27b39883 credit assessment completed application_id=APP-2026-984178 score=591 decision=APPROVED
2026-03-02T13:44:04.571+01:00 INFO offer-service host=offer-service-7c9d5b-x2k4p corrId=c-16c4950f27b39883 loan offer generated application_id=APP-2026-984178 loan_type=FLEX_5Y principal_dkk=2675000
2026-03-02T13:44:04.649+01:00 INFO document-service host=document-service-5b8f6c-t6zvn corrId=c-16c4950f27b39883 offer document stored application_id=APP-2026-984178 doc_id=DOC-e64d801d
2026-03-02T13:44:04.707+01:00 INFO portal-bff host=portal-bff-7c9d5b-p9qmz corrId=c-16c4950f27b39883 application completed application_id=APP-2026-984178 status=OFFER_ISSUED
2026-03-02T13:44:57.493+01:00 INFO offer-service host=offer-service-a41e92-x2k4p corrId=c-c6c2437ecd19573b offer accepted application_id=APP-2026-768825
2026-03-02T13:44:57.612+01:00 INFO ledger-service host=ledger-service-a41e92-x2k4p corrId=c-c6c2437ecd19573b funds reserved application_id=APP-2026-768825 amount_dkk=3605000
2026-03-02T13:44:57.635+01:00 INFO payment-service host=payment-service-a41e92-t6zvn corrId=c-c6c2437ecd19573b payout instruction sent application_id=APP-2026-768825 amount_dkk=3605000
2026-03-02T13:44:57.718+01:00 INFO ledger-service host=ledger-service-5b8f6c-p9qmz corrId=c-c6c2437ecd19573b payout booked application_id=APP-2026-768825 posting_id=PST-ad76cc8dd3
2026-03-02T13:44:57.768+01:00 INFO notification-service host=notification-service-a41e92-x2k4p corrId=c-c6c2437ecd19573b payout confirmation sent application_id=APP-2026-768825
2026-03-02T13:45:00.611+01:00 INFO api-gateway host=api-gateway-7c9d5b-p9qmz corrId=- health probe ok status=200 latency_ms=27
2026-03-02T13:45:05.163+01:00 INFO portal-bff host=portal-bff-a41e92-p9qmz corrId=c-7b9db88e1d9ce6d3 loan application submitted application_id=APP-2026-868787 customer_segment=SME
2026-03-02T13:45:05.191+01:00 INFO identity-service host=identity-service-7c9d5b-p9qmz corrId=c-7b9db88e1d9ce6d3 MitID session validated customer_id=C63026939
2026-03-02T13:45:05.232+01:00 INFO customer-service host=customer-service-a41e92-t6zvn corrId=c-7b9db88e1d9ce6d3 KYC profile loaded customer_id=C63026939 risk_class=MEDIUM
2026-03-02T13:45:05.360+01:00 INFO valuation-service host=valuation-service-5b8f6c-t6zvn corrId=c-7b9db88e1d9ce6d3 property valuation requested property_id=P2037553 provider=bolig-vurdering
2026-03-02T13:45:05.830+01:00 INFO valuation-service host=valuation-service-a41e92-p9qmz corrId=c-7b9db88e1d9ce6d3 property valuation received property_id=P2037553 value_dkk=6180000 latency_ms=399
2026-03-02T13:45:05.943+01:00 INFO credit-service host=credit-service-a41e92-p9qmz corrId=c-7b9db88e1d9ce6d3 credit assessment completed application_id=APP-2026-868787 score=674 decision=APPROVED
2026-03-02T13:45:05.999+01:00 INFO offer-service host=offer-service-5b8f6c-x2k4p corrId=c-7b9db88e1d9ce6d3 loan offer generated application_id=APP-2026-868787 loan_type=FLEX_1Y principal_dkk=5735000
2026-03-02T13:45:06.108+01:00 INFO document-service host=document-service-a41e92-t6zvn corrId=c-7b9db88e1d9ce6d3 offer document stored application_id=APP-2026-868787 doc_id=DOC-911ef47d
2026-03-02T13:45:06.213+01:00 INFO portal-bff host=portal-bff-5b8f6c-t6zvn corrId=c-7b9db88e1d9ce6d3 application completed application_id=APP-2026-868787 status=OFFER_ISSUED
2026-03-02T13:46:56.167+01:00 INFO portal-bff host=portal-bff-5b8f6c-p9qmz corrId=c-be1cf24dd8c62685 loan application submitted application_id=APP-2026-662856 customer_segment=RETAIL
2026-03-02T13:46:56.295+01:00 INFO identity-service host=identity-service-7c9d5b-x2k4p corrId=c-be1cf24dd8c62685 MitID session validated customer_id=C55173661
2026-03-02T13:46:56.354+01:00 INFO customer-service host=customer-service-5b8f6c-t6zvn corrId=c-be1cf24dd8c62685 KYC profile loaded customer_id=C55173661 risk_class=MEDIUM
2026-03-02T13:46:56.448+01:00 INFO valuation-service host=valuation-service-a41e92-p9qmz corrId=c-be1cf24dd8c62685 property valuation served from cache property_id=P0784109 value_dkk=5170000
2026-03-02T13:46:56.475+01:00 INFO credit-service host=credit-service-a41e92-t6zvn corrId=c-be1cf24dd8c62685 credit assessment completed application_id=APP-2026-662856 score=797 decision=APPROVED
2026-03-02T13:46:56.585+01:00 INFO offer-service host=offer-service-a41e92-t6zvn corrId=c-be1cf24dd8c62685 loan offer generated application_id=APP-2026-662856 loan_type=FLEX_5Y principal_dkk=4510000
2026-03-02T13:46:56.710+01:00 INFO document-service host=document-service-5b8f6c-t6zvn corrId=c-be1cf24dd8c62685 offer document stored application_id=APP-2026-662856 doc_id=DOC-80da51ed
2026-03-02T13:46:56.756+01:00 INFO portal-bff host=portal-bff-5b8f6c-t6zvn corrId=c-be1cf24dd8c62685 application completed application_id=APP-2026-662856 status=OFFER_ISSUED
2026-03-02T13:49:17.666+01:00 INFO portal-bff host=portal-bff-a41e92-x2k4p corrId=c-5d092c0b2d7056f2 loan application submitted application_id=APP-2026-591219 customer_segment=SME
2026-03-02T13:49:17.762+01:00 INFO identity-service host=identity-service-7c9d5b-x2k4p corrId=c-5d092c0b2d7056f2 MitID session validated customer_id=C66742294
2026-03-02T13:49:17.877+01:00 INFO customer-service host=customer-service-a41e92-p9qmz corrId=c-5d092c0b2d7056f2 KYC profile loaded customer_id=C66742294 risk_class=HIGH
2026-03-02T13:49:17.962+01:00 INFO valuation-service host=valuation-service-a41e92-x2k4p corrId=c-5d092c0b2d7056f2 property valuation requested property_id=P1382239 provider=valuta-ejd
2026-03-02T13:49:18.338+01:00 INFO valuation-service host=valuation-service-7c9d5b-t6zvn corrId=c-5d092c0b2d7056f2 property valuation received property_id=P1382239 value_dkk=6810000 latency_ms=277
2026-03-02T13:49:18.381+01:00 INFO credit-service host=credit-service-5b8f6c-p9qmz corrId=c-5d092c0b2d7056f2 credit assessment completed application_id=APP-2026-591219 score=481 decision=APPROVED
2026-03-02T13:49:18.477+01:00 INFO offer-service host=offer-service-7c9d5b-p9qmz corrId=c-5d092c0b2d7056f2 loan offer generated application_id=APP-2026-591219 loan_type=FLEX_5Y principal_dkk=5060000
2026-03-02T13:49:18.611+01:00 INFO document-service host=document-service-7c9d5b-t6zvn corrId=c-5d092c0b2d7056f2 offer document stored application_id=APP-2026-591219 doc_id=DOC-42d479ed
2026-03-02T13:49:18.682+01:00 INFO portal-bff host=portal-bff-7c9d5b-p9qmz corrId=c-5d092c0b2d7056f2 application completed application_id=APP-2026-591219 status=OFFER_ISSUED
2026-03-02T13:50:00.219+01:00 INFO payment-scheduler host=payment-scheduler-5b8f6c-x2k4p corrId=- scheduler heartbeat lag_ms=32
2026-03-02T13:50:00.523+01:00 INFO api-gateway host=api-gateway-7c9d5b-p9qmz corrId=- health probe ok status=200 latency_ms=11
2026-03-02T13:50:05.614+01:00 INFO portal-bff host=portal-bff-7c9d5b-p9qmz corrId=c-ebfdf5f27e35f482 loan application submitted application_id=APP-2026-938037 customer_segment=SME
2026-03-02T13:50:05.636+01:00 INFO identity-service host=identity-service-7c9d5b-t6zvn corrId=c-ebfdf5f27e35f482 MitID session validated customer_id=C92494665
2026-03-02T13:50:05.705+01:00 INFO customer-service host=customer-service-7c9d5b-p9qmz corrId=c-ebfdf5f27e35f482 KYC profile loaded customer_id=C92494665 risk_class=HIGH
2026-03-02T13:50:05.837+01:00 INFO valuation-service host=valuation-service-7c9d5b-p9qmz corrId=c-ebfdf5f27e35f482 property valuation requested property_id=P3177136 provider=bolig-vurdering
2026-03-02T13:50:06.754+01:00 INFO valuation-service host=valuation-service-a41e92-x2k4p corrId=c-ebfdf5f27e35f482 property valuation received property_id=P3177136 value_dkk=8310000 latency_ms=861
2026-03-02T13:50:06.893+01:00 INFO credit-service host=credit-service-7c9d5b-t6zvn corrId=c-ebfdf5f27e35f482 credit assessment completed application_id=APP-2026-938037 score=606 decision=APPROVED
2026-03-02T13:50:06.922+01:00 INFO offer-service host=offer-service-a41e92-t6zvn corrId=c-ebfdf5f27e35f482 loan offer generated application_id=APP-2026-938037 loan_type=FLEX_5Y principal_dkk=5590000
2026-03-02T13:50:06.972+01:00 INFO document-service host=document-service-a41e92-x2k4p corrId=c-ebfdf5f27e35f482 offer document stored application_id=APP-2026-938037 doc_id=DOC-92f74c2c
2026-03-02T13:50:07.073+01:00 INFO portal-bff host=portal-bff-a41e92-t6zvn corrId=c-ebfdf5f27e35f482 application completed application_id=APP-2026-938037 status=OFFER_ISSUED
2026-03-02T13:51:38.972+01:00 INFO offer-service host=offer-service-5b8f6c-x2k4p corrId=c-4456c87089db3499 offer accepted application_id=APP-2026-581869
2026-03-02T13:51:39.044+01:00 INFO ledger-service host=ledger-service-7c9d5b-p9qmz corrId=c-4456c87089db3499 funds reserved application_id=APP-2026-581869 amount_dkk=1705000
2026-03-02T13:51:39.057+01:00 INFO payment-service host=payment-service-a41e92-x2k4p corrId=c-4456c87089db3499 payout instruction sent application_id=APP-2026-581869 amount_dkk=1705000
2026-03-02T13:51:39.156+01:00 INFO ledger-service host=ledger-service-a41e92-t6zvn corrId=c-4456c87089db3499 payout booked application_id=APP-2026-581869 posting_id=PST-0c67e3d4a3
2026-03-02T13:51:39.208+01:00 INFO notification-service host=notification-service-a41e92-x2k4p corrId=c-4456c87089db3499 payout confirmation sent application_id=APP-2026-581869
2026-03-02T13:51:48.607+01:00 INFO portal-bff host=portal-bff-5b8f6c-t6zvn corrId=c-7bec0e26b9543666 conversion quote requested loan_id=LN973499389 target_product=FLEX_5Y
2026-03-02T13:51:48.634+01:00 INFO identity-service host=identity-service-7c9d5b-p9qmz corrId=c-7bec0e26b9543666 MitID session validated customer_id=C84902456
2026-03-02T13:51:48.644+01:00 INFO pricing-service host=pricing-service-7c9d5b-x2k4p corrId=c-7bec0e26b9543666 bond price fetched series=BND2.5-2053 price=100.299
2026-03-02T13:51:48.677+01:00 INFO pricing-service host=pricing-service-a41e92-x2k4p corrId=c-7bec0e26b9543666 conversion cost calculated loan_id=LN973499389 cost_dkk=50651.59
2026-03-02T13:51:48.761+01:00 INFO quote-service host=quote-service-7c9d5b-x2k4p corrId=c-7bec0e26b9543666 conversion quote issued quote_id=Q01482194 loan_id=LN973499389
2026-03-02T13:52:07.130+01:00 INFO portal-bff host=portal-bff-a41e92-x2k4p corrId=c-fd9f38d2e0995672 loan application submitted application_id=APP-2026-228514 customer_segment=RETAIL
2026-03-02T13:52:07.211+01:00 INFO identity-service host=identity-service-a41e92-t6zvn corrId=c-fd9f38d2e0995672 MitID session validated customer_id=C90924580
2026-03-02T13:52:07.315+01:00 INFO customer-service host=customer-service-a41e92-p9qmz corrId=c-fd9f38d2e0995672 KYC profile loaded customer_id=C90924580 risk_class=MEDIUM
2026-03-02T13:52:07.378+01:00 INFO valuation-service host=valuation-service-5b8f6c-x2k4p corrId=c-fd9f38d2e0995672 property valuation requested property_id=P0462427 provider=valuta-ejd
2026-03-02T13:52:07.650+01:00 INFO valuation-service host=valuation-service-5b8f6c-p9qmz corrId=c-fd9f38d2e0995672 property valuation received property_id=P0462427 value_dkk=8340000 latency_ms=210
2026-03-02T13:52:07.658+01:00 INFO credit-service host=credit-service-7c9d5b-x2k4p corrId=c-fd9f38d2e0995672 credit assessment completed application_id=APP-2026-228514 score=493 decision=APPROVED
2026-03-02T13:52:07.687+01:00 INFO offer-service host=offer-service-a41e92-t6zvn corrId=c-fd9f38d2e0995672 loan offer generated application_id=APP-2026-228514 loan_type=FIXED_30Y principal_dkk=5760000
2026-03-02T13:52:07.727+01:00 INFO document-service host=document-service-a41e92-p9qmz corrId=c-fd9f38d2e0995672 offer document stored application_id=APP-2026-228514 doc_id=DOC-62a93a21
2026-03-02T13:52:07.850+01:00 INFO portal-bff host=portal-bff-7c9d5b-p9qmz corrId=c-fd9f38d2e0995672 application completed application_id=APP-2026-228514 status=OFFER_ISSUED
2026-03-02T13:52:17.574+01:00 INFO portal-bff host=portal-bff-7c9d5b-p9qmz corrId=c-5b3418e00bb5649e loan application submitted application_id=APP-2026-078591 customer_segment=RETAIL
2026-03-02T13:52:17.697+01:00 INFO identity-service host=identity-service-7c9d5b-x2k4p corrId=c-5b3418e00bb5649e MitID session validated customer_id=C30855975
2026-03-02T13:52:17.821+01:00 INFO customer-service host=customer-service-5b8f6c-t6zvn corrId=c-5b3418e00bb5649e KYC profile loaded customer_id=C30855975 risk_class=LOW
2026-03-02T13:52:17.839+01:00 INFO valuation-service host=valuation-service-a41e92-t6zvn corrId=c-5b3418e00bb5649e property valuation requested property_id=P9959329 provider=valuta-ejd
2026-03-02T13:52:18.413+01:00 INFO valuation-service host=valuation-service-a41e92-x2k4p corrId=c-5b3418e00bb5649e property valuation received property_id=P9959329 value_dkk=1610000 latency_ms=519
2026-03-02T13:52:18.505+01:00 INFO credit-service host=credit-service-5b8f6c-t6zvn corrId=c-5b3418e00bb5649e credit assessment completed application_id=APP-2026-078591 score=488 decision=APPROVED
2026-03-02T13:52:18.577+01:00 INFO offer-service host=offer-service-a41e92-t6zvn corrId=c-5b3418e00bb5649e loan offer generated application_id=APP-2026-078591 loan_type=FLEX_5Y principal_dkk=2630000
2026-03-02T13:52:18.656+01:00 INFO document-service host=document-service-7c9d5b-t6zvn corrId=c-5b3418e00bb5649e offer document stored application_id=APP-2026-078591 doc_id=DOC-f0ff9115
2026-03-02T13:52:18.683+01:00 INFO portal-bff host=portal-bff-a41e92-p9qmz corrId=c-5b3418e00bb5649e application completed application_id=APP-2026-078591 status=OFFER_ISSUED
2026-03-02T13:52:19.255+01:00 INFO portal-bff host=portal-bff-7c9d5b-p9qmz corrId=c-6dfb8293c6c950b9 loan application submitted application_id=APP-2026-175462 customer_segment=SME
2026-03-02T13:52:19.260+01:00 INFO identity-service host=identity-service-7c9d5b-p9qmz corrId=c-6dfb8293c6c950b9 MitID session validated customer_id=C42410892
2026-03-02T13:52:19.269+01:00 INFO offer-service host=offer-service-5b8f6c-t6zvn corrId=c-10c69f2baa551f56 offer accepted application_id=APP-2026-230806
2026-03-02T13:52:19.309+01:00 INFO customer-service host=customer-service-5b8f6c-t6zvn corrId=c-6dfb8293c6c950b9 KYC profile loaded customer_id=C42410892 risk_class=LOW
2026-03-02T13:52:19.354+01:00 INFO valuation-service host=valuation-service-7c9d5b-x2k4p corrId=c-6dfb8293c6c950b9 property valuation served from cache property_id=P0937382 value_dkk=5900000
2026-03-02T13:52:19.380+01:00 INFO ledger-service host=ledger-service-7c9d5b-t6zvn corrId=c-10c69f2baa551f56 funds reserved application_id=APP-2026-230806 amount_dkk=5040000
2026-03-02T13:52:19.430+01:00 INFO payment-service host=payment-service-a41e92-p9qmz corrId=c-10c69f2baa551f56 payout instruction sent application_id=APP-2026-230806 amount_dkk=5040000
2026-03-02T13:52:19.457+01:00 INFO credit-service host=credit-service-5b8f6c-x2k4p corrId=c-6dfb8293c6c950b9 credit assessment completed application_id=APP-2026-175462 score=529 decision=APPROVED
2026-03-02T13:52:19.495+01:00 INFO ledger-service host=ledger-service-5b8f6c-t6zvn corrId=c-10c69f2baa551f56 payout booked application_id=APP-2026-230806 posting_id=PST-45094e0208
2026-03-02T13:52:19.521+01:00 INFO notification-service host=notification-service-5b8f6c-t6zvn corrId=c-10c69f2baa551f56 payout confirmation sent application_id=APP-2026-230806
2026-03-02T13:52:19.554+01:00 INFO offer-service host=offer-service-5b8f6c-t6zvn corrId=c-6dfb8293c6c950b9 loan offer generated application_id=APP-2026-175462 loan_type=FIXED_30Y principal_dkk=3745000
2026-03-02T13:52:19.586+01:00 INFO document-service host=document-service-5b8f6c-x2k4p corrId=c-6dfb8293c6c950b9 offer document stored application_id=APP-2026-175462 doc_id=DOC-b0f9cb2f
2026-03-02T13:52:19.651+01:00 INFO portal-bff host=portal-bff-7c9d5b-t6zvn corrId=c-6dfb8293c6c950b9 application completed application_id=APP-2026-175462 status=OFFER_ISSUED
2026-03-02T13:55:00.118+01:00 INFO api-gateway host=api-gateway-5b8f6c-p9qmz corrId=- health probe ok status=200 latency_ms=28
2026-03-02T13:56:56.476+01:00 INFO portal-bff host=portal-bff-7c9d5b-p9qmz corrId=c-8aa2be833f547d4d loan application submitted application_id=APP-2026-177282 customer_segment=RETAIL
2026-03-02T13:56:56.598+01:00 INFO identity-service host=identity-service-a41e92-x2k4p corrId=c-8aa2be833f547d4d MitID session validated customer_id=C27108658
2026-03-02T13:56:56.718+01:00 INFO customer-service host=customer-service-7c9d5b-x2k4p corrId=c-8aa2be833f547d4d KYC profile loaded customer_id=C27108658 risk_class=LOW
2026-03-02T13:56:56.796+01:00 INFO valuation-service host=valuation-service-a41e92-x2k4p corrId=c-8aa2be833f547d4d property valuation served from cache property_id=P2061151 value_dkk=1420000
2026-03-02T13:56:56.837+01:00 INFO credit-service host=credit-service-7c9d5b-x2k4p corrId=c-8aa2be833f547d4d credit assessment completed application_id=APP-2026-177282 score=635 decision=APPROVED
2026-03-02T13:56:56.954+01:00 INFO offer-service host=offer-service-5b8f6c-x2k4p corrId=c-8aa2be833f547d4d loan offer generated application_id=APP-2026-177282 loan_type=FLEX_1Y principal_dkk=4085000
2026-03-02T13:56:56.990+01:00 INFO document-service host=document-service-7c9d5b-x2k4p corrId=c-8aa2be833f547d4d offer document stored application_id=APP-2026-177282 doc_id=DOC-4a508851
2026-03-02T13:56:57.129+01:00 INFO portal-bff host=portal-bff-5b8f6c-t6zvn corrId=c-8aa2be833f547d4d application completed application_id=APP-2026-177282 status=OFFER_ISSUED
2026-03-02T13:56:58.076+01:00 INFO portal-bff host=portal-bff-7c9d5b-t6zvn corrId=c-3a355415127be85f conversion quote requested loan_id=LN811601150 target_product=FIXED_30Y
2026-03-02T13:56:58.089+01:00 INFO identity-service host=identity-service-5b8f6c-x2k4p corrId=c-3a355415127be85f MitID session validated customer_id=C90658062
2026-03-02T13:56:58.218+01:00 INFO pricing-service host=pricing-service-5b8f6c-p9qmz corrId=c-3a355415127be85f bond price fetched series=BND3.0-2053 price=92.016
2026-03-02T13:56:58.227+01:00 INFO pricing-service host=pricing-service-7c9d5b-t6zvn corrId=c-3a355415127be85f conversion cost calculated loan_id=LN811601150 cost_dkk=65662.58
2026-03-02T13:56:58.256+01:00 INFO quote-service host=quote-service-a41e92-x2k4p corrId=c-3a355415127be85f conversion quote issued quote_id=Q59067026 loan_id=LN811601150
2026-03-02T13:57:32.520+01:00 INFO portal-bff host=portal-bff-7c9d5b-t6zvn corrId=c-dfc0ef222c119204 loan application submitted application_id=APP-2026-636477 customer_segment=RETAIL
2026-03-02T13:57:32.620+01:00 INFO identity-service host=identity-service-7c9d5b-x2k4p corrId=c-dfc0ef222c119204 MitID session validated customer_id=C83149424
2026-03-02T13:57:32.676+01:00 INFO customer-service host=customer-service-5b8f6c-x2k4p corrId=c-dfc0ef222c119204 KYC profile loaded customer_id=C83149424 risk_class=LOW
2026-03-02T13:57:32.755+01:00 INFO valuation-service host=valuation-service-5b8f6c-x2k4p corrId=c-dfc0ef222c119204 property valuation requested property_id=P5337285 provider=bolig-vurdering
2026-03-02T13:57:33.383+01:00 INFO valuation-service host=valuation-service-7c9d5b-p9qmz corrId=c-dfc0ef222c119204 property valuation received property_id=P5337285 value_dkk=6300000 latency_ms=519
2026-03-02T13:57:33.451+01:00 INFO credit-service host=credit-service-5b8f6c-x2k4p corrId=c-dfc0ef222c119204 credit assessment completed application_id=APP-2026-636477 score=716 decision=APPROVED
2026-03-02T13:57:33.512+01:00 INFO offer-service host=offer-service-5b8f6c-p9qmz corrId=c-dfc0ef222c119204 loan offer generated application_id=APP-2026-636477 loan_type=FLEX_5Y principal_dkk=4300000
2026-03-02T13:57:33.536+01:00 INFO document-service host=document-service-5b8f6c-t6zvn corrId=c-dfc0ef222c119204 offer document stored application_id=APP-2026-636477 doc_id=DOC-35604dee
2026-03-02T13:57:33.582+01:00 INFO portal-bff host=portal-bff-7c9d5b-t6zvn corrId=c-dfc0ef222c119204 application completed application_id=APP-2026-636477 status=OFFER_ISSUED
2026-03-02T13:59:24.211+01:00 INFO portal-bff host=portal-bff-7c9d5b-t6zvn corrId=c-39e94a2ffbe78f16 loan application submitted application_id=APP-2026-535152 customer_segment=PRIVATE
2026-03-02T13:59:24.264+01:00 INFO identity-service host=identity-service-7c9d5b-x2k4p corrId=c-39e94a2ffbe78f16 MitID session validated customer_id=C87343633
2026-03-02T13:59:24.271+01:00 INFO customer-service host=customer-service-7c9d5b-t6zvn corrId=c-39e94a2ffbe78f16 KYC profile loaded customer_id=C87343633 risk_class=MEDIUM
2026-03-02T13:59:24.359+01:00 INFO valuation-service host=valuation-service-a41e92-x2k4p corrId=c-39e94a2ffbe78f16 property valuation requested property_id=P6911545 provider=bolig-vurdering
2026-03-02T13:59:25.163+01:00 INFO valuation-service host=valuation-service-a41e92-t6zvn corrId=c-39e94a2ffbe78f16 property valuation received property_id=P6911545 value_dkk=6980000 latency_ms=683
2026-03-02T13:59:25.201+01:00 INFO credit-service host=credit-service-a41e92-x2k4p corrId=c-39e94a2ffbe78f16 credit assessment completed application_id=APP-2026-535152 score=797 decision=APPROVED
2026-03-02T13:59:25.339+01:00 INFO offer-service host=offer-service-5b8f6c-p9qmz corrId=c-39e94a2ffbe78f16 loan offer generated application_id=APP-2026-535152 loan_type=FIXED_20Y_IO principal_dkk=1675000
2026-03-02T13:59:25.456+01:00 INFO document-service host=document-service-a41e92-p9qmz corrId=c-39e94a2ffbe78f16 offer document stored application_id=APP-2026-535152 doc_id=DOC-4bddfad1
2026-03-02T13:59:25.544+01:00 INFO portal-bff host=portal-bff-7c9d5b-t6zvn corrId=c-39e94a2ffbe78f16 application completed application_id=APP-2026-535152 status=OFFER_ISSUED
2026-03-02T14:00:00.645+01:00 INFO payment-scheduler host=payment-scheduler-7c9d5b-t6zvn corrId=- scheduler heartbeat lag_ms=29
2026-03-02T14:00:00.752+01:00 INFO api-gateway host=api-gateway-a41e92-p9qmz corrId=- health probe ok status=200 latency_ms=20
2026-03-02T14:00:40.000+01:00 INFO config-service host=config-service-7c9d5b-p9qmz corrId=- configuration refreshed version=v112
2026-03-02T14:04:17.936+01:00 INFO portal-bff host=portal-bff-a41e92-t6zvn corrId=c-1358c52189cc52fd conversion quote requested loan_id=LN415888181 target_product=FLEX_1Y
2026-03-02T14:04:18.039+01:00 INFO identity-service host=identity-service-a41e92-p9qmz corrId=c-1358c52189cc52fd MitID session validated customer_id=C93967674
2026-03-02T14:04:18.112+01:00 INFO pricing-service host=pricing-service-5b8f6c-x2k4p corrId=c-1358c52189cc52fd bond price fetched series=BND2.5-2053 price=92.608
2026-03-02T14:04:18.199+01:00 INFO pricing-service host=pricing-service-a41e92-x2k4p corrId=c-1358c52189cc52fd conversion cost calculated loan_id=LN415888181 cost_dkk=65327.08
2026-03-02T14:04:18.246+01:00 INFO quote-service host=quote-service-7c9d5b-t6zvn corrId=c-1358c52189cc52fd conversion quote issued quote_id=Q72066692 loan_id=LN415888181
2026-03-02T14:04:58.200+01:00 INFO portal-bff host=portal-bff-7c9d5b-t6zvn corrId=c-c3c3630edc2690d1 conversion quote requested loan_id=LN551821127 target_product=FLEX_5Y
2026-03-02T14:04:58.328+01:00 INFO identity-service host=identity-service-5b8f6c-x2k4p corrId=c-c3c3630edc2690d1 MitID session validated customer_id=C28071742
2026-03-02T14:04:58.409+01:00 INFO pricing-service host=pricing-service-a41e92-p9qmz corrId=c-c3c3630edc2690d1 bond price fetched series=BND3.0-2056 price=100.586
2026-03-02T14:04:58.425+01:00 INFO pricing-service host=pricing-service-7c9d5b-t6zvn corrId=c-c3c3630edc2690d1 conversion cost calculated loan_id=LN551821127 cost_dkk=84764.96
2026-03-02T14:04:58.488+01:00 INFO quote-service host=quote-service-7c9d5b-t6zvn corrId=c-c3c3630edc2690d1 conversion quote issued quote_id=Q50691301 loan_id=LN551821127
2026-03-02T14:05:00.824+01:00 INFO api-gateway host=api-gateway-7c9d5b-t6zvn corrId=- health probe ok status=200 latency_ms=36
2026-03-02T14:05:07.315+01:00 INFO portal-bff host=portal-bff-a41e92-x2k4p corrId=c-a143c4c17b1e28ad loan application submitted application_id=APP-2026-332554 customer_segment=RETAIL
2026-03-02T14:05:07.320+01:00 INFO identity-service host=identity-service-a41e92-p9qmz corrId=c-a143c4c17b1e28ad MitID session validated customer_id=C78597435
2026-03-02T14:05:07.337+01:00 INFO customer-service host=customer-service-a41e92-p9qmz corrId=c-a143c4c17b1e28ad KYC profile loaded customer_id=C78597435 risk_class=HIGH
2026-03-02T14:05:07.352+01:00 INFO valuation-service host=valuation-service-5b8f6c-p9qmz corrId=c-a143c4c17b1e28ad property valuation served from cache property_id=P4332454 value_dkk=680000
2026-03-02T14:05:07.466+01:00 INFO credit-service host=credit-service-5b8f6c-x2k4p corrId=c-a143c4c17b1e28ad credit assessment completed application_id=APP-2026-332554 score=462 decision=APPROVED
2026-03-02T14:05:07.604+01:00 INFO offer-service host=offer-service-7c9d5b-x2k4p corrId=c-a143c4c17b1e28ad loan offer generated application_id=APP-2026-332554 loan_type=FLEX_5Y principal_dkk=2080000
2026-03-02T14:05:07.648+01:00 INFO document-service host=document-service-5b8f6c-p9qmz corrId=c-a143c4c17b1e28ad offer document stored application_id=APP-2026-332554 doc_id=DOC-5ba4203a
2026-03-02T14:05:07.695+01:00 INFO portal-bff host=portal-bff-7c9d5b-x2k4p corrId=c-a143c4c17b1e28ad application completed application_id=APP-2026-332554 status=OFFER_ISSUED
2026-03-02T14:06:33.604+01:00 INFO portal-bff host=portal-bff-a41e92-x2k4p corrId=c-8212e02b7fb09afd loan application submitted application_id=APP-2026-742557 customer_segment=PRIVATE
2026-03-02T14:06:33.682+01:00 INFO identity-service host=identity-service-7c9d5b-x2k4p corrId=c-8212e02b7fb09afd MitID session validated customer_id=C07291778
2026-03-02T14:06:33.722+01:00 INFO customer-service host=customer-service-5b8f6c-t6zvn corrId=c-8212e02b7fb09afd KYC profile loaded customer_id=C07291778 risk_class=HIGH
2026-03-02T14:06:33.806+01:00 INFO valuation-service host=valuation-service-5b8f6c-t6zvn corrId=c-8212e02b7fb09afd property valuation requested property_id=P8308652 provider=valuta-ejd
2026-03-02T14:06:34.504+01:00 INFO valuation-service host=valuation-service-7c9d5b-x2k4p corrId=c-8212e02b7fb09afd property valuation received property_id=P8308652 value_dkk=4350000 latency_ms=671
2026-03-02T14:06:34.527+01:00 INFO credit-service host=credit-service-a41e92-p9qmz corrId=c-8212e02b7fb09afd credit assessment completed application_id=APP-2026-742557 score=696 decision=APPROVED
2026-03-02T14:06:34.594+01:00 INFO offer-service host=offer-service-5b8f6c-p9qmz corrId=c-8212e02b7fb09afd loan offer generated application_id=APP-2026-742557 loan_type=FLEX_1Y principal_dkk=3540000
2026-03-02T14:06:34.725+01:00 INFO document-service host=document-service-a41e92-p9qmz corrId=c-8212e02b7fb09afd offer document stored application_id=APP-2026-742557 doc_id=DOC-a74cf2b9
2026-03-02T14:06:34.740+01:00 INFO portal-bff host=portal-bff-a41e92-x2k4p corrId=c-8212e02b7fb09afd application completed application_id=APP-2026-742557 status=OFFER_ISSUED
2026-03-02T14:10:00.426+01:00 INFO payment-scheduler host=payment-scheduler-5b8f6c-p9qmz corrId=- scheduler heartbeat lag_ms=26
2026-03-02T14:10:00.682+01:00 INFO api-gateway host=api-gateway-5b8f6c-x2k4p corrId=- health probe ok status=200 latency_ms=13
2026-03-02T14:10:48.858+01:00 INFO portal-bff host=portal-bff-5b8f6c-p9qmz corrId=c-faef0831c092ca1d conversion quote requested loan_id=LN896750621 target_product=FLEX_5Y
2026-03-02T14:10:48.869+01:00 INFO identity-service host=identity-service-5b8f6c-x2k4p corrId=c-faef0831c092ca1d MitID session validated customer_id=C39114744
2026-03-02T14:10:48.944+01:00 INFO pricing-service host=pricing-service-5b8f6c-t6zvn corrId=c-faef0831c092ca1d bond price fetched series=BND3.0-2056 price=93.713
2026-03-02T14:10:49.030+01:00 INFO pricing-service host=pricing-service-7c9d5b-x2k4p corrId=c-faef0831c092ca1d conversion cost calculated loan_id=LN896750621 cost_dkk=85263.64
2026-03-02T14:10:49.156+01:00 INFO quote-service host=quote-service-5b8f6c-p9qmz corrId=c-faef0831c092ca1d conversion quote issued quote_id=Q51766515 loan_id=LN896750621
2026-03-02T14:10:56.873+01:00 INFO offer-service host=offer-service-5b8f6c-t6zvn corrId=c-d17d5abfa62520f2 offer accepted application_id=APP-2026-700553
2026-03-02T14:10:56.927+01:00 INFO ledger-service host=ledger-service-a41e92-t6zvn corrId=c-d17d5abfa62520f2 funds reserved application_id=APP-2026-700553 amount_dkk=4775000
2026-03-02T14:10:56.947+01:00 INFO payment-service host=payment-service-7c9d5b-t6zvn corrId=c-d17d5abfa62520f2 payout instruction sent application_id=APP-2026-700553 amount_dkk=4775000
2026-03-02T14:10:56.959+01:00 INFO ledger-service host=ledger-service-a41e92-x2k4p corrId=c-d17d5abfa62520f2 payout booked application_id=APP-2026-700553 posting_id=PST-58e9884096
2026-03-02T14:10:57.002+01:00 INFO notification-service host=notification-service-7c9d5b-t6zvn corrId=c-d17d5abfa62520f2 payout confirmation sent application_id=APP-2026-700553
2026-03-02T14:11:00.789+01:00 INFO portal-bff host=portal-bff-7c9d5b-x2k4p corrId=c-d1c7c30ed73402b6 loan application submitted application_id=APP-2026-170277 customer_segment=RETAIL
2026-03-02T14:11:00.923+01:00 INFO identity-service host=identity-service-7c9d5b-p9qmz corrId=c-d1c7c30ed73402b6 MitID session validated customer_id=C19945252
2026-03-02T14:11:00.982+01:00 INFO customer-service host=customer-service-7c9d5b-x2k4p corrId=c-d1c7c30ed73402b6 KYC profile loaded customer_id=C19945252 risk_class=LOW
2026-03-02T14:11:01.113+01:00 INFO valuation-service host=valuation-service-a41e92-p9qmz corrId=c-d1c7c30ed73402b6 property valuation served from cache property_id=P7821194 value_dkk=3800000
2026-03-02T14:11:01.169+01:00 INFO credit-service host=credit-service-a41e92-x2k4p corrId=c-d1c7c30ed73402b6 credit assessment completed application_id=APP-2026-170277 score=460 decision=APPROVED
2026-03-02T14:11:01.302+01:00 INFO offer-service host=offer-service-a41e92-t6zvn corrId=c-d1c7c30ed73402b6 loan offer generated application_id=APP-2026-170277 loan_type=FIXED_20Y_IO principal_dkk=2510000
2026-03-02T14:11:01.401+01:00 INFO document-service host=document-service-7c9d5b-p9qmz corrId=c-d1c7c30ed73402b6 offer document stored application_id=APP-2026-170277 doc_id=DOC-9ba38f1d
2026-03-02T14:11:01.488+01:00 INFO portal-bff host=portal-bff-7c9d5b-t6zvn corrId=c-d1c7c30ed73402b6 application completed application_id=APP-2026-170277 status=OFFER_ISSUED
2026-03-02T14:12:37.678+01:00 INFO portal-bff host=portal-bff-5b8f6c-x2k4p corrId=c-bd5806569a4459a1 loan application submitted application_id=APP-2026-720868 customer_segment=RETAIL
2026-03-02T14:12:37.764+01:00 INFO identity-service host=identity-service-a41e92-x2k4p corrId=c-bd5806569a4459a1 MitID session validated customer_id=C00840880
2026-03-02T14:12:37.874+01:00 INFO customer-service host=customer-service-a41e92-p9qmz corrId=c-bd5806569a4459a1 KYC profile loaded customer_id=C00840880 risk_class=HIGH
2026-03-02T14:12:37.885+01:00 INFO valuation-service host=valuation-service-a41e92-p9qmz corrId=c-bd5806569a4459a1 property valuation served from cache property_id=P0429471 value_dkk=4960000
2026-03-02T14:12:37.985+01:00 INFO credit-service host=credit-service-7c9d5b-p9qmz corrId=c-bd5806569a4459a1 credit assessment completed application_id=APP-2026-720868 score=545 decision=APPROVED
2026-03-02T14:12:38.020+01:00 INFO offer-service host=offer-service-7c9d5b-t6zvn corrId=c-bd5806569a4459a1 loan offer generated application_id=APP-2026-720868 loan_type=FLEX_1Y principal_dkk=2070000
2026-03-02T14:12:38.050+01:00 INFO document-service host=document-service-a41e92-t6zvn corrId=c-bd5806569a4459a1 offer document stored application_id=APP-2026-720868 doc_id=DOC-85c5d6fe
2026-03-02T14:12:38.119+01:00 INFO portal-bff host=portal-bff-a41e92-p9qmz corrId=c-bd5806569a4459a1 application completed application_id=APP-2026-720868 status=OFFER_ISSUED
2026-03-02T14:15:00.873+01:00 INFO api-gateway host=api-gateway-a41e92-p9qmz corrId=- health probe ok status=200 latency_ms=37
2026-03-02T14:15:42.687+01:00 INFO offer-service host=offer-service-a41e92-x2k4p corrId=c-13e0424b01e49332 offer accepted application_id=APP-2026-882317
2026-03-02T14:15:42.709+01:00 INFO ledger-service host=ledger-service-7c9d5b-x2k4p corrId=c-13e0424b01e49332 funds reserved application_id=APP-2026-882317 amount_dkk=1160000
2026-03-02T14:15:42.788+01:00 INFO payment-service host=payment-service-7c9d5b-p9qmz corrId=c-13e0424b01e49332 payout instruction sent application_id=APP-2026-882317 amount_dkk=1160000
2026-03-02T14:15:42.868+01:00 INFO ledger-service host=ledger-service-a41e92-p9qmz corrId=c-13e0424b01e49332 payout booked application_id=APP-2026-882317 posting_id=PST-709c6cdd0d
2026-03-02T14:15:42.930+01:00 INFO notification-service host=notification-service-7c9d5b-p9qmz corrId=c-13e0424b01e49332 payout confirmation sent application_id=APP-2026-882317
2026-03-02T14:18:19.534+01:00 INFO portal-bff host=portal-bff-a41e92-x2k4p corrId=c-391e5162a0cfd5a5 conversion quote requested loan_id=LN940474899 target_product=FIXED_30Y
2026-03-02T14:18:19.668+01:00 INFO identity-service host=identity-service-a41e92-p9qmz corrId=c-391e5162a0cfd5a5 MitID session validated customer_id=C57793461
2026-03-02T14:18:19.807+01:00 INFO pricing-service host=pricing-service-7c9d5b-p9qmz corrId=c-391e5162a0cfd5a5 bond price fetched series=BND2.5-2056 price=88.775
2026-03-02T14:18:19.923+01:00 INFO pricing-service host=pricing-service-a41e92-t6zvn corrId=c-391e5162a0cfd5a5 conversion cost calculated loan_id=LN940474899 cost_dkk=55891.58
2026-03-02T14:18:19.936+01:00 INFO quote-service host=quote-service-5b8f6c-p9qmz corrId=c-391e5162a0cfd5a5 conversion quote issued quote_id=Q57940421 loan_id=LN940474899
2026-03-02T14:19:20.273+01:00 INFO offer-service host=offer-service-7c9d5b-x2k4p corrId=c-148ddc54ad4d246c offer accepted application_id=APP-2026-534453
2026-03-02T14:19:20.407+01:00 INFO ledger-service host=ledger-service-5b8f6c-x2k4p corrId=c-148ddc54ad4d246c funds reserved application_id=APP-2026-534453 amount_dkk=3780000
2026-03-02T14:19:20.513+01:00 INFO payment-service host=payment-service-a41e92-p9qmz corrId=c-148ddc54ad4d246c payout instruction sent application_id=APP-2026-534453 amount_dkk=3780000
2026-03-02T14:19:20.520+01:00 INFO ledger-service host=ledger-service-5b8f6c-p9qmz corrId=c-148ddc54ad4d246c payout booked application_id=APP-2026-534453 posting_id=PST-fd36d3f7a3
2026-03-02T14:19:20.535+01:00 INFO notification-service host=notification-service-7c9d5b-t6zvn corrId=c-148ddc54ad4d246c payout confirmation sent application_id=APP-2026-534453
2026-03-02T14:19:24.175+01:00 INFO offer-service host=offer-service-7c9d5b-p9qmz corrId=c-451e227062216fc4 offer accepted application_id=APP-2026-266239
2026-03-02T14:19:24.303+01:00 INFO ledger-service host=ledger-service-7c9d5b-p9qmz corrId=c-451e227062216fc4 funds reserved application_id=APP-2026-266239 amount_dkk=2375000
2026-03-02T14:19:24.392+01:00 INFO payment-service host=payment-service-7c9d5b-x2k4p corrId=c-451e227062216fc4 payout instruction sent application_id=APP-2026-266239 amount_dkk=2375000
2026-03-02T14:19:24.474+01:00 INFO ledger-service host=ledger-service-5b8f6c-t6zvn corrId=c-451e227062216fc4 payout booked application_id=APP-2026-266239 posting_id=PST-5f3e34dafe
2026-03-02T14:19:24.503+01:00 INFO notification-service host=notification-service-5b8f6c-x2k4p corrId=c-451e227062216fc4 payout confirmation sent application_id=APP-2026-266239
2026-03-02T14:20:00.057+01:00 INFO payment-scheduler host=payment-scheduler-5b8f6c-t6zvn corrId=- scheduler heartbeat lag_ms=97
2026-03-02T14:20:00.883+01:00 INFO api-gateway host=api-gateway-5b8f6c-p9qmz corrId=- health probe ok status=200 latency_ms=40
2026-03-02T14:20:14.811+01:00 INFO portal-bff host=portal-bff-7c9d5b-p9qmz corrId=c-ecf189051ced9ac6 loan application submitted application_id=APP-2026-676302 customer_segment=PRIVATE
2026-03-02T14:20:14.870+01:00 INFO identity-service host=identity-service-7c9d5b-x2k4p corrId=c-ecf189051ced9ac6 MitID session validated customer_id=C08224274
2026-03-02T14:20:14.915+01:00 INFO customer-service host=customer-service-5b8f6c-x2k4p corrId=c-ecf189051ced9ac6 KYC profile loaded customer_id=C08224274 risk_class=MEDIUM
2026-03-02T14:20:14.947+01:00 INFO valuation-service host=valuation-service-5b8f6c-p9qmz corrId=c-ecf189051ced9ac6 property valuation served from cache property_id=P6237679 value_dkk=6820000
2026-03-02T14:20:15.001+01:00 INFO credit-service host=credit-service-a41e92-p9qmz corrId=c-ecf189051ced9ac6 credit assessment completed application_id=APP-2026-676302 score=855 decision=APPROVED
2026-03-02T14:20:15.038+01:00 INFO offer-service host=offer-service-a41e92-t6zvn corrId=c-ecf189051ced9ac6 loan offer generated application_id=APP-2026-676302 loan_type=FLEX_1Y principal_dkk=1600000
2026-03-02T14:20:15.066+01:00 INFO document-service host=document-service-5b8f6c-x2k4p corrId=c-ecf189051ced9ac6 offer document stored application_id=APP-2026-676302 doc_id=DOC-16366f81
2026-03-02T14:20:15.163+01:00 INFO portal-bff host=portal-bff-a41e92-x2k4p corrId=c-ecf189051ced9ac6 application completed application_id=APP-2026-676302 status=OFFER_ISSUED
2026-03-02T14:20:36.350+01:00 INFO portal-bff host=portal-bff-5b8f6c-t6zvn corrId=c-4341774fa9d2aa1f loan application submitted application_id=APP-2026-327826 customer_segment=PRIVATE
2026-03-02T14:20:36.391+01:00 INFO identity-service host=identity-service-a41e92-x2k4p corrId=c-4341774fa9d2aa1f MitID session validated customer_id=C73799181
2026-03-02T14:20:36.477+01:00 INFO customer-service host=customer-service-a41e92-t6zvn corrId=c-4341774fa9d2aa1f KYC profile loaded customer_id=C73799181 risk_class=HIGH
2026-03-02T14:20:36.526+01:00 INFO valuation-service host=valuation-service-a41e92-p9qmz corrId=c-4341774fa9d2aa1f property valuation requested property_id=P6536109 provider=bolig-vurdering
2026-03-02T14:20:37.007+01:00 INFO valuation-service host=valuation-service-a41e92-p9qmz corrId=c-4341774fa9d2aa1f property valuation received property_id=P6536109 value_dkk=4120000 latency_ms=447
2026-03-02T14:20:37.032+01:00 INFO credit-service host=credit-service-7c9d5b-t6zvn corrId=c-4341774fa9d2aa1f credit assessment completed application_id=APP-2026-327826 score=787 decision=APPROVED
2026-03-02T14:20:37.055+01:00 INFO offer-service host=offer-service-a41e92-t6zvn corrId=c-4341774fa9d2aa1f loan offer generated application_id=APP-2026-327826 loan_type=FLEX_1Y principal_dkk=1940000
2026-03-02T14:20:37.099+01:00 INFO document-service host=document-service-5b8f6c-p9qmz corrId=c-4341774fa9d2aa1f offer document stored application_id=APP-2026-327826 doc_id=DOC-53eb8378
2026-03-02T14:20:37.139+01:00 INFO portal-bff host=portal-bff-7c9d5b-p9qmz corrId=c-4341774fa9d2aa1f application completed application_id=APP-2026-327826 status=OFFER_ISSUED
2026-03-02T14:25:00.076+01:00 INFO api-gateway host=api-gateway-5b8f6c-x2k4p corrId=- health probe ok status=200 latency_ms=7
2026-03-02T14:25:54.052+01:00 INFO portal-bff host=portal-bff-a41e92-t6zvn corrId=c-81d8cd8011333fc2 loan application submitted application_id=APP-2026-685144 customer_segment=PRIVATE
2026-03-02T14:25:54.119+01:00 INFO identity-service host=identity-service-5b8f6c-t6zvn corrId=c-81d8cd8011333fc2 MitID session validated customer_id=C78086013
2026-03-02T14:25:54.138+01:00 INFO customer-service host=customer-service-5b8f6c-t6zvn corrId=c-81d8cd8011333fc2 KYC profile loaded customer_id=C78086013 risk_class=HIGH
2026-03-02T14:25:54.151+01:00 INFO valuation-service host=valuation-service-5b8f6c-t6zvn corrId=c-81d8cd8011333fc2 property valuation requested property_id=P1874590 provider=valuta-ejd
2026-03-02T14:25:54.694+01:00 INFO valuation-service host=valuation-service-a41e92-x2k4p corrId=c-81d8cd8011333fc2 property valuation received property_id=P1874590 value_dkk=8490000 latency_ms=505
2026-03-02T14:25:54.770+01:00 INFO credit-service host=credit-service-5b8f6c-p9qmz corrId=c-81d8cd8011333fc2 credit assessment completed application_id=APP-2026-685144 score=432 decision=APPROVED
2026-03-02T14:25:54.829+01:00 INFO offer-service host=offer-service-a41e92-t6zvn corrId=c-81d8cd8011333fc2 loan offer generated application_id=APP-2026-685144 loan_type=FIXED_30Y principal_dkk=5160000
2026-03-02T14:25:54.956+01:00 INFO document-service host=document-service-5b8f6c-x2k4p corrId=c-81d8cd8011333fc2 offer document stored application_id=APP-2026-685144 doc_id=DOC-c28fedaa
2026-03-02T14:25:55.083+01:00 INFO portal-bff host=portal-bff-7c9d5b-x2k4p corrId=c-81d8cd8011333fc2 application completed application_id=APP-2026-685144 status=OFFER_ISSUED
2026-03-02T14:28:27.008+01:00 INFO portal-bff host=portal-bff-5b8f6c-t6zvn corrId=c-ad1908bf80822b63 loan application submitted application_id=APP-2026-204216 customer_segment=RETAIL
2026-03-02T14:28:27.030+01:00 INFO identity-service host=identity-service-7c9d5b-t6zvn corrId=c-ad1908bf80822b63 MitID session validated customer_id=C42462360
2026-03-02T14:28:27.093+01:00 INFO customer-service host=customer-service-5b8f6c-p9qmz corrId=c-ad1908bf80822b63 KYC profile loaded customer_id=C42462360 risk_class=HIGH
2026-03-02T14:28:27.137+01:00 INFO valuation-service host=valuation-service-a41e92-t6zvn corrId=c-ad1908bf80822b63 property valuation served from cache property_id=P2418388 value_dkk=7180000
2026-03-02T14:28:27.237+01:00 INFO credit-service host=credit-service-5b8f6c-x2k4p corrId=c-ad1908bf80822b63 credit assessment completed application_id=APP-2026-204216 score=760 decision=APPROVED
2026-03-02T14:28:27.244+01:00 INFO offer-service host=offer-service-5b8f6c-t6zvn corrId=c-ad1908bf80822b63 loan offer generated application_id=APP-2026-204216 loan_type=FIXED_20Y_IO principal_dkk=3525000
2026-03-02T14:28:27.338+01:00 INFO document-service host=document-service-7c9d5b-p9qmz corrId=c-ad1908bf80822b63 offer document stored application_id=APP-2026-204216 doc_id=DOC-202cf058
2026-03-02T14:28:27.462+01:00 INFO portal-bff host=portal-bff-5b8f6c-x2k4p corrId=c-ad1908bf80822b63 application completed application_id=APP-2026-204216 status=OFFER_ISSUED
2026-03-02T14:29:11.598+01:00 INFO portal-bff host=portal-bff-7c9d5b-x2k4p corrId=c-8f4f9e130a6b0165 loan application submitted application_id=APP-2026-779287 customer_segment=SME
2026-03-02T14:29:11.686+01:00 INFO identity-service host=identity-service-a41e92-t6zvn corrId=c-8f4f9e130a6b0165 MitID session validated customer_id=C08651203
2026-03-02T14:29:11.781+01:00 INFO customer-service host=customer-service-a41e92-t6zvn corrId=c-8f4f9e130a6b0165 KYC profile loaded customer_id=C08651203 risk_class=LOW
2026-03-02T14:29:11.791+01:00 INFO valuation-service host=valuation-service-7c9d5b-p9qmz corrId=c-8f4f9e130a6b0165 property valuation requested property_id=P2204292 provider=valuta-ejd
2026-03-02T14:29:12.214+01:00 INFO valuation-service host=valuation-service-7c9d5b-p9qmz corrId=c-8f4f9e130a6b0165 property valuation received property_id=P2204292 value_dkk=7350000 latency_ms=284
2026-03-02T14:29:12.266+01:00 INFO credit-service host=credit-service-7c9d5b-p9qmz corrId=c-8f4f9e130a6b0165 credit assessment completed application_id=APP-2026-779287 score=695 decision=APPROVED
2026-03-02T14:29:12.337+01:00 INFO offer-service host=offer-service-7c9d5b-p9qmz corrId=c-8f4f9e130a6b0165 loan offer generated application_id=APP-2026-779287 loan_type=FLEX_5Y principal_dkk=490000
2026-03-02T14:29:12.459+01:00 INFO document-service host=document-service-a41e92-x2k4p corrId=c-8f4f9e130a6b0165 offer document stored application_id=APP-2026-779287 doc_id=DOC-044c0797
2026-03-02T14:29:12.473+01:00 INFO portal-bff host=portal-bff-5b8f6c-t6zvn corrId=c-8f4f9e130a6b0165 application completed application_id=APP-2026-779287 status=OFFER_ISSUED
2026-03-02T14:30:00.285+01:00 INFO payment-scheduler host=payment-scheduler-5b8f6c-p9qmz corrId=- scheduler heartbeat lag_ms=49
2026-03-02T14:30:00.375+01:00 INFO api-gateway host=api-gateway-a41e92-x2k4p corrId=- health probe ok status=200 latency_ms=32
2026-03-02T14:30:37.184+01:00 INFO portal-bff host=portal-bff-a41e92-p9qmz corrId=c-4f658dca4c365348 conversion quote requested loan_id=LN759628071 target_product=FLEX_1Y
2026-03-02T14:30:37.308+01:00 INFO identity-service host=identity-service-a41e92-p9qmz corrId=c-4f658dca4c365348 MitID session validated customer_id=C36027487
2026-03-02T14:30:37.433+01:00 INFO pricing-service host=pricing-service-a41e92-x2k4p corrId=c-4f658dca4c365348 bond price fetched series=BND3.0-2056 price=100.315
2026-03-02T14:30:37.488+01:00 INFO pricing-service host=pricing-service-7c9d5b-x2k4p corrId=c-4f658dca4c365348 conversion cost calculated loan_id=LN759628071 cost_dkk=75921.98
2026-03-02T14:30:37.532+01:00 INFO quote-service host=quote-service-5b8f6c-x2k4p corrId=c-4f658dca4c365348 conversion quote issued quote_id=Q43837410 loan_id=LN759628071
2026-03-02T14:30:53.805+01:00 INFO portal-bff host=portal-bff-5b8f6c-p9qmz corrId=c-49c5742ae2bb32ff loan application submitted application_id=APP-2026-536492 customer_segment=PRIVATE
2026-03-02T14:30:53.839+01:00 INFO identity-service host=identity-service-7c9d5b-x2k4p corrId=c-49c5742ae2bb32ff MitID session validated customer_id=C34510341
2026-03-02T14:30:53.900+01:00 INFO customer-service host=customer-service-5b8f6c-x2k4p corrId=c-49c5742ae2bb32ff KYC profile loaded customer_id=C34510341 risk_class=HIGH
2026-03-02T14:30:53.910+01:00 INFO valuation-service host=valuation-service-a41e92-x2k4p corrId=c-49c5742ae2bb32ff property valuation served from cache property_id=P1117029 value_dkk=5990000
2026-03-02T14:30:53.945+01:00 INFO credit-service host=credit-service-5b8f6c-t6zvn corrId=c-49c5742ae2bb32ff credit assessment completed application_id=APP-2026-536492 score=570 decision=APPROVED
2026-03-02T14:30:54.023+01:00 INFO offer-service host=offer-service-7c9d5b-p9qmz corrId=c-49c5742ae2bb32ff loan offer generated application_id=APP-2026-536492 loan_type=FLEX_1Y principal_dkk=695000
2026-03-02T14:30:54.063+01:00 INFO document-service host=document-service-a41e92-t6zvn corrId=c-49c5742ae2bb32ff offer document stored application_id=APP-2026-536492 doc_id=DOC-cf2b3755
2026-03-02T14:30:54.145+01:00 INFO portal-bff host=portal-bff-a41e92-p9qmz corrId=c-49c5742ae2bb32ff application completed application_id=APP-2026-536492 status=OFFER_ISSUED
2026-03-02T14:31:15.952+01:00 INFO portal-bff host=portal-bff-7c9d5b-t6zvn corrId=c-32893639e0f1de52 loan application submitted application_id=APP-2026-989925 customer_segment=PRIVATE
2026-03-02T14:31:16.059+01:00 INFO identity-service host=identity-service-5b8f6c-t6zvn corrId=c-32893639e0f1de52 MitID session validated customer_id=C91922818
2026-03-02T14:31:16.097+01:00 INFO customer-service host=customer-service-a41e92-x2k4p corrId=c-32893639e0f1de52 KYC profile loaded customer_id=C91922818 risk_class=LOW
2026-03-02T14:31:16.113+01:00 INFO valuation-service host=valuation-service-5b8f6c-x2k4p corrId=c-32893639e0f1de52 property valuation served from cache property_id=P7586751 value_dkk=6470000
2026-03-02T14:31:16.176+01:00 INFO credit-service host=credit-service-a41e92-t6zvn corrId=c-32893639e0f1de52 credit assessment completed application_id=APP-2026-989925 score=777 decision=APPROVED
2026-03-02T14:31:16.227+01:00 INFO offer-service host=offer-service-7c9d5b-p9qmz corrId=c-32893639e0f1de52 loan offer generated application_id=APP-2026-989925 loan_type=FLEX_5Y principal_dkk=3980000
2026-03-02T14:31:16.248+01:00 INFO document-service host=document-service-5b8f6c-t6zvn corrId=c-32893639e0f1de52 offer document stored application_id=APP-2026-989925 doc_id=DOC-da3f5112
2026-03-02T14:31:16.326+01:00 INFO portal-bff host=portal-bff-7c9d5b-t6zvn corrId=c-32893639e0f1de52 application completed application_id=APP-2026-989925 status=OFFER_ISSUED
2026-03-02T14:34:33.937+01:00 INFO portal-bff host=portal-bff-7c9d5b-p9qmz corrId=c-a5665e9402c57429 loan application submitted application_id=APP-2026-549477 customer_segment=PRIVATE
2026-03-02T14:34:34.068+01:00 INFO identity-service host=identity-service-5b8f6c-p9qmz corrId=c-a5665e9402c57429 MitID session validated customer_id=C16766279
2026-03-02T14:34:34.152+01:00 INFO customer-service host=customer-service-7c9d5b-x2k4p corrId=c-a5665e9402c57429 KYC profile loaded customer_id=C16766279 risk_class=LOW
2026-03-02T14:34:34.249+01:00 INFO valuation-service host=valuation-service-7c9d5b-x2k4p corrId=c-a5665e9402c57429 property valuation requested property_id=P7148426 provider=bolig-vurdering
2026-03-02T14:34:34.605+01:00 INFO valuation-service host=valuation-service-7c9d5b-t6zvn corrId=c-a5665e9402c57429 property valuation received property_id=P7148426 value_dkk=3150000 latency_ms=348
2026-03-02T14:34:34.719+01:00 INFO credit-service host=credit-service-5b8f6c-x2k4p corrId=c-a5665e9402c57429 credit assessment completed application_id=APP-2026-549477 score=608 decision=APPROVED
2026-03-02T14:34:34.761+01:00 INFO offer-service host=offer-service-7c9d5b-p9qmz corrId=c-a5665e9402c57429 loan offer generated application_id=APP-2026-549477 loan_type=FIXED_30Y principal_dkk=2205000
2026-03-02T14:34:34.834+01:00 INFO document-service host=document-service-7c9d5b-t6zvn corrId=c-a5665e9402c57429 offer document stored application_id=APP-2026-549477 doc_id=DOC-98b75b8b
2026-03-02T14:34:34.952+01:00 INFO portal-bff host=portal-bff-a41e92-p9qmz corrId=c-a5665e9402c57429 application completed application_id=APP-2026-549477 status=OFFER_ISSUED
2026-03-02T14:35:00.399+01:00 INFO api-gateway host=api-gateway-7c9d5b-p9qmz corrId=- health probe ok status=200 latency_ms=15
2026-03-02T14:35:37.377+01:00 INFO portal-bff host=portal-bff-a41e92-p9qmz corrId=c-81369996c8fb4c2f loan application submitted application_id=APP-2026-285101 customer_segment=RETAIL
2026-03-02T14:35:37.497+01:00 INFO identity-service host=identity-service-a41e92-x2k4p corrId=c-81369996c8fb4c2f MitID session validated customer_id=C14119851
2026-03-02T14:35:37.580+01:00 INFO customer-service host=customer-service-a41e92-x2k4p corrId=c-81369996c8fb4c2f KYC profile loaded customer_id=C14119851 risk_class=LOW
2026-03-02T14:35:37.610+01:00 INFO valuation-service host=valuation-service-5b8f6c-x2k4p corrId=c-81369996c8fb4c2f property valuation requested property_id=P6436507 provider=valuta-ejd
2026-03-02T14:35:38.176+01:00 INFO valuation-service host=valuation-service-a41e92-x2k4p corrId=c-81369996c8fb4c2f property valuation received property_id=P6436507 value_dkk=4180000 latency_ms=559
2026-03-02T14:35:38.313+01:00 INFO credit-service host=credit-service-a41e92-t6zvn corrId=c-81369996c8fb4c2f credit assessment completed application_id=APP-2026-285101 score=854 decision=APPROVED
2026-03-02T14:35:38.361+01:00 INFO offer-service host=offer-service-a41e92-x2k4p corrId=c-81369996c8fb4c2f loan offer generated application_id=APP-2026-285101 loan_type=FLEX_5Y principal_dkk=1600000
2026-03-02T14:35:38.379+01:00 INFO document-service host=document-service-5b8f6c-t6zvn corrId=c-81369996c8fb4c2f offer document stored application_id=APP-2026-285101 doc_id=DOC-0c87fc43
2026-03-02T14:35:38.471+01:00 INFO portal-bff host=portal-bff-5b8f6c-x2k4p corrId=c-81369996c8fb4c2f application completed application_id=APP-2026-285101 status=OFFER_ISSUED
2026-03-02T14:37:55.646+01:00 INFO portal-bff host=portal-bff-5b8f6c-p9qmz corrId=c-c26e71580726da23 loan application submitted application_id=APP-2026-792461 customer_segment=RETAIL
2026-03-02T14:37:55.720+01:00 INFO identity-service host=identity-service-5b8f6c-x2k4p corrId=c-c26e71580726da23 MitID session validated customer_id=C30650386
2026-03-02T14:37:55.849+01:00 INFO customer-service host=customer-service-a41e92-x2k4p corrId=c-c26e71580726da23 KYC profile loaded customer_id=C30650386 risk_class=MEDIUM
2026-03-02T14:37:55.976+01:00 INFO valuation-service host=valuation-service-5b8f6c-t6zvn corrId=c-c26e71580726da23 property valuation requested property_id=P0046455 provider=bolig-vurdering
2026-03-02T14:37:56.257+01:00 INFO valuation-service host=valuation-service-5b8f6c-x2k4p corrId=c-c26e71580726da23 property valuation received property_id=P0046455 value_dkk=4640000 latency_ms=254
2026-03-02T14:37:56.367+01:00 INFO credit-service host=credit-service-a41e92-t6zvn corrId=c-c26e71580726da23 credit assessment completed application_id=APP-2026-792461 score=655 decision=APPROVED
2026-03-02T14:37:56.441+01:00 INFO offer-service host=offer-service-7c9d5b-p9qmz corrId=c-c26e71580726da23 loan offer generated application_id=APP-2026-792461 loan_type=FLEX_5Y principal_dkk=3655000
2026-03-02T14:37:56.480+01:00 INFO document-service host=document-service-a41e92-t6zvn corrId=c-c26e71580726da23 offer document stored application_id=APP-2026-792461 doc_id=DOC-ace06225
2026-03-02T14:37:56.496+01:00 INFO portal-bff host=portal-bff-7c9d5b-p9qmz corrId=c-c26e71580726da23 application completed application_id=APP-2026-792461 status=OFFER_ISSUED
2026-03-02T14:38:30.754+01:00 INFO portal-bff host=portal-bff-5b8f6c-x2k4p corrId=c-1024aeffd48342ea conversion quote requested loan_id=LN381549890 target_product=FIXED_30Y
2026-03-02T14:38:30.885+01:00 INFO identity-service host=identity-service-7c9d5b-p9qmz corrId=c-1024aeffd48342ea MitID session validated customer_id=C93988559
2026-03-02T14:38:30.891+01:00 INFO pricing-service host=pricing-service-5b8f6c-x2k4p corrId=c-1024aeffd48342ea bond price fetched series=BND4.0-2056 price=95.040
2026-03-02T14:38:31.011+01:00 INFO pricing-service host=pricing-service-5b8f6c-p9qmz corrId=c-1024aeffd48342ea conversion cost calculated loan_id=LN381549890 cost_dkk=88883.00
2026-03-02T14:38:31.056+01:00 INFO quote-service host=quote-service-7c9d5b-t6zvn corrId=c-1024aeffd48342ea conversion quote issued quote_id=Q11819084 loan_id=LN381549890
2026-03-02T14:40:00.550+01:00 INFO payment-scheduler host=payment-scheduler-5b8f6c-p9qmz corrId=- scheduler heartbeat lag_ms=113
2026-03-02T14:40:00.801+01:00 INFO api-gateway host=api-gateway-7c9d5b-x2k4p corrId=- health probe ok status=200 latency_ms=15
2026-03-02T14:42:10.432+01:00 INFO portal-bff host=portal-bff-a41e92-t6zvn corrId=c-07199d462df08713 loan application submitted application_id=APP-2026-761901 customer_segment=PRIVATE
2026-03-02T14:42:10.556+01:00 INFO identity-service host=identity-service-7c9d5b-t6zvn corrId=c-07199d462df08713 MitID session validated customer_id=C92886820
2026-03-02T14:42:10.599+01:00 INFO customer-service host=customer-service-5b8f6c-x2k4p corrId=c-07199d462df08713 KYC profile loaded customer_id=C92886820 risk_class=LOW
2026-03-02T14:42:10.704+01:00 INFO valuation-service host=valuation-service-5b8f6c-x2k4p corrId=c-07199d462df08713 property valuation requested property_id=P2692337 provider=bolig-vurdering
2026-03-02T14:42:11.518+01:00 INFO valuation-service host=valuation-service-a41e92-t6zvn corrId=c-07199d462df08713 property valuation received property_id=P2692337 value_dkk=7040000 latency_ms=770
2026-03-02T14:42:11.611+01:00 INFO credit-service host=credit-service-5b8f6c-t6zvn corrId=c-07199d462df08713 credit assessment completed application_id=APP-2026-761901 score=634 decision=APPROVED
2026-03-02T14:42:11.699+01:00 INFO offer-service host=offer-service-a41e92-t6zvn corrId=c-07199d462df08713 loan offer generated application_id=APP-2026-761901 loan_type=FIXED_30Y principal_dkk=5520000
2026-03-02T14:42:11.772+01:00 INFO document-service host=document-service-7c9d5b-x2k4p corrId=c-07199d462df08713 offer document stored application_id=APP-2026-761901 doc_id=DOC-11c30cf4
2026-03-02T14:42:11.838+01:00 INFO portal-bff host=portal-bff-7c9d5b-p9qmz corrId=c-07199d462df08713 application completed application_id=APP-2026-761901 status=OFFER_ISSUED
2026-03-02T14:42:27.555+01:00 INFO portal-bff host=portal-bff-5b8f6c-p9qmz corrId=c-e72216d6f5c2229c loan application submitted application_id=APP-2026-584760 customer_segment=RETAIL
2026-03-02T14:42:27.686+01:00 INFO identity-service host=identity-service-a41e92-t6zvn corrId=c-e72216d6f5c2229c MitID session validated customer_id=C02658019
2026-03-02T14:42:27.782+01:00 INFO customer-service host=customer-service-5b8f6c-t6zvn corrId=c-e72216d6f5c2229c KYC profile loaded customer_id=C02658019 risk_class=LOW
2026-03-02T14:42:27.899+01:00 INFO valuation-service host=valuation-service-5b8f6c-t6zvn corrId=c-e72216d6f5c2229c property valuation requested property_id=P3943676 provider=bolig-vurdering
2026-03-02T14:42:28.355+01:00 INFO valuation-service host=valuation-service-a41e92-p9qmz corrId=c-e72216d6f5c2229c property valuation received property_id=P3943676 value_dkk=8380000 latency_ms=448
2026-03-02T14:42:28.443+01:00 INFO credit-service host=credit-service-7c9d5b-x2k4p corrId=c-e72216d6f5c2229c credit assessment completed application_id=APP-2026-584760 score=505 decision=APPROVED
2026-03-02T14:42:28.564+01:00 INFO offer-service host=offer-service-7c9d5b-x2k4p corrId=c-e72216d6f5c2229c loan offer generated application_id=APP-2026-584760 loan_type=FLEX_5Y principal_dkk=4870000
2026-03-02T14:42:28.663+01:00 INFO document-service host=document-service-a41e92-t6zvn corrId=c-e72216d6f5c2229c offer document stored application_id=APP-2026-584760 doc_id=DOC-2680feb8
2026-03-02T14:42:28.790+01:00 INFO portal-bff host=portal-bff-5b8f6c-p9qmz corrId=c-e72216d6f5c2229c application completed application_id=APP-2026-584760 status=OFFER_ISSUED
2026-03-02T14:44:32.344+01:00 INFO portal-bff host=portal-bff-7c9d5b-p9qmz corrId=c-49cebbf59e42da5d conversion quote requested loan_id=LN750512600 target_product=FLEX_1Y
2026-03-02T14:44:32.375+01:00 INFO identity-service host=identity-service-5b8f6c-t6zvn corrId=c-49cebbf59e42da5d MitID session validated customer_id=C45897686
2026-03-02T14:44:32.436+01:00 INFO pricing-service host=pricing-service-a41e92-t6zvn corrId=c-49cebbf59e42da5d bond price fetched series=BND3.0-2056 price=92.652
2026-03-02T14:44:32.572+01:00 INFO pricing-service host=pricing-service-7c9d5b-t6zvn corrId=c-49cebbf59e42da5d conversion cost calculated loan_id=LN750512600 cost_dkk=66741.32
2026-03-02T14:44:32.663+01:00 INFO quote-service host=quote-service-7c9d5b-t6zvn corrId=c-49cebbf59e42da5d conversion quote issued quote_id=Q74334780 loan_id=LN750512600
2026-03-02T14:45:00.466+01:00 INFO api-gateway host=api-gateway-a41e92-x2k4p corrId=- health probe ok status=200 latency_ms=8
2026-03-02T14:46:55.552+01:00 INFO portal-bff host=portal-bff-a41e92-p9qmz corrId=c-a48785d55737688b conversion quote requested loan_id=LN784848255 target_product=FIXED_30Y
2026-03-02T14:46:55.591+01:00 INFO identity-service host=identity-service-7c9d5b-x2k4p corrId=c-a48785d55737688b MitID session validated customer_id=C92980170
2026-03-02T14:46:55.625+01:00 INFO pricing-service host=pricing-service-7c9d5b-p9qmz corrId=c-a48785d55737688b bond price fetched series=BND3.0-2053 price=94.703
2026-03-02T14:46:55.730+01:00 INFO pricing-service host=pricing-service-7c9d5b-t6zvn corrId=c-a48785d55737688b conversion cost calculated loan_id=LN784848255 cost_dkk=52216.44
2026-03-02T14:46:55.842+01:00 INFO quote-service host=quote-service-5b8f6c-x2k4p corrId=c-a48785d55737688b conversion quote issued quote_id=Q43774160 loan_id=LN784848255
2026-03-02T14:50:00.028+01:00 INFO payment-scheduler host=payment-scheduler-5b8f6c-x2k4p corrId=- scheduler heartbeat lag_ms=65
2026-03-02T14:50:00.163+01:00 INFO api-gateway host=api-gateway-7c9d5b-t6zvn corrId=- health probe ok status=200 latency_ms=31
2026-03-02T14:50:59.320+01:00 INFO portal-bff host=portal-bff-5b8f6c-p9qmz corrId=c-30ef7da14bb26ad3 loan application submitted application_id=APP-2026-188353 customer_segment=SME
2026-03-02T14:50:59.378+01:00 INFO identity-service host=identity-service-5b8f6c-x2k4p corrId=c-30ef7da14bb26ad3 MitID session validated customer_id=C58924359
2026-03-02T14:50:59.490+01:00 INFO customer-service host=customer-service-7c9d5b-t6zvn corrId=c-30ef7da14bb26ad3 KYC profile loaded customer_id=C58924359 risk_class=LOW
2026-03-02T14:50:59.593+01:00 INFO valuation-service host=valuation-service-5b8f6c-p9qmz corrId=c-30ef7da14bb26ad3 property valuation requested property_id=P1048872 provider=valuta-ejd
2026-03-02T14:51:00.121+01:00 INFO valuation-service host=valuation-service-7c9d5b-p9qmz corrId=c-30ef7da14bb26ad3 property valuation received property_id=P1048872 value_dkk=2700000 latency_ms=410
2026-03-02T14:51:00.233+01:00 INFO credit-service host=credit-service-a41e92-t6zvn corrId=c-30ef7da14bb26ad3 credit assessment completed application_id=APP-2026-188353 score=795 decision=APPROVED
2026-03-02T14:51:00.365+01:00 INFO offer-service host=offer-service-5b8f6c-p9qmz corrId=c-30ef7da14bb26ad3 loan offer generated application_id=APP-2026-188353 loan_type=FIXED_30Y principal_dkk=1285000
2026-03-02T14:51:00.456+01:00 INFO document-service host=document-service-5b8f6c-x2k4p corrId=c-30ef7da14bb26ad3 offer document stored application_id=APP-2026-188353 doc_id=DOC-e3dfbb6c
2026-03-02T14:51:00.527+01:00 INFO portal-bff host=portal-bff-a41e92-p9qmz corrId=c-30ef7da14bb26ad3 application completed application_id=APP-2026-188353 status=OFFER_ISSUED
2026-03-02T14:53:37.290+01:00 INFO portal-bff host=portal-bff-5b8f6c-p9qmz corrId=c-571d491ea8d6110f conversion quote requested loan_id=LN072669370 target_product=FLEX_1Y
2026-03-02T14:53:37.389+01:00 INFO identity-service host=identity-service-a41e92-x2k4p corrId=c-571d491ea8d6110f MitID session validated customer_id=C95997306
2026-03-02T14:53:37.432+01:00 INFO pricing-service host=pricing-service-7c9d5b-x2k4p corrId=c-571d491ea8d6110f bond price fetched series=BND4.0-2056 price=92.486
2026-03-02T14:53:37.513+01:00 INFO pricing-service host=pricing-service-7c9d5b-p9qmz corrId=c-571d491ea8d6110f conversion cost calculated loan_id=LN072669370 cost_dkk=85710.62
2026-03-02T14:53:37.575+01:00 INFO quote-service host=quote-service-a41e92-t6zvn corrId=c-571d491ea8d6110f conversion quote issued quote_id=Q18613190 loan_id=LN072669370
2026-03-02T14:53:38.766+01:00 INFO portal-bff host=portal-bff-5b8f6c-x2k4p corrId=c-fff1d504da255d8a conversion quote requested loan_id=LN875352784 target_product=FIXED_30Y
2026-03-02T14:53:38.840+01:00 INFO identity-service host=identity-service-7c9d5b-x2k4p corrId=c-fff1d504da255d8a MitID session validated customer_id=C44557576
2026-03-02T14:53:38.971+01:00 INFO pricing-service host=pricing-service-a41e92-p9qmz corrId=c-fff1d504da255d8a bond price fetched series=BND2.5-2053 price=92.437
2026-03-02T14:53:39.010+01:00 INFO pricing-service host=pricing-service-a41e92-t6zvn corrId=c-fff1d504da255d8a conversion cost calculated loan_id=LN875352784 cost_dkk=65806.04
2026-03-02T14:53:39.091+01:00 INFO quote-service host=quote-service-7c9d5b-x2k4p corrId=c-fff1d504da255d8a conversion quote issued quote_id=Q97109852 loan_id=LN875352784
2026-03-02T14:55:00.764+01:00 INFO api-gateway host=api-gateway-5b8f6c-p9qmz corrId=- health probe ok status=200 latency_ms=4
2026-03-02T14:57:03.042+01:00 INFO portal-bff host=portal-bff-7c9d5b-p9qmz corrId=c-1978e3ecb9d29373 conversion quote requested loan_id=LN547424794 target_product=FIXED_30Y
2026-03-02T14:57:03.143+01:00 INFO identity-service host=identity-service-a41e92-x2k4p corrId=c-1978e3ecb9d29373 MitID session validated customer_id=C46420883
2026-03-02T14:57:03.220+01:00 INFO pricing-service host=pricing-service-5b8f6c-t6zvn corrId=c-1978e3ecb9d29373 bond price fetched series=BND2.5-2056 price=95.768
2026-03-02T14:57:03.252+01:00 INFO pricing-service host=pricing-service-a41e92-t6zvn corrId=c-1978e3ecb9d29373 conversion cost calculated loan_id=LN547424794 cost_dkk=14438.04
2026-03-02T14:57:03.266+01:00 INFO quote-service host=quote-service-a41e92-t6zvn corrId=c-1978e3ecb9d29373 conversion quote issued quote_id=Q79943196 loan_id=LN547424794
2026-03-02T14:58:43.436+01:00 INFO portal-bff host=portal-bff-a41e92-p9qmz corrId=c-1d654e613c127900 loan application submitted application_id=APP-2026-179507 customer_segment=PRIVATE
2026-03-02T14:58:43.518+01:00 INFO identity-service host=identity-service-a41e92-x2k4p corrId=c-1d654e613c127900 MitID session validated customer_id=C88830724
2026-03-02T14:58:43.599+01:00 INFO customer-service host=customer-service-7c9d5b-t6zvn corrId=c-1d654e613c127900 KYC profile loaded customer_id=C88830724 risk_class=LOW
2026-03-02T14:58:43.709+01:00 INFO valuation-service host=valuation-service-7c9d5b-x2k4p corrId=c-1d654e613c127900 property valuation served from cache property_id=P8684712 value_dkk=5750000
2026-03-02T14:58:43.765+01:00 INFO credit-service host=credit-service-7c9d5b-p9qmz corrId=c-1d654e613c127900 credit assessment completed application_id=APP-2026-179507 score=607 decision=APPROVED
2026-03-02T14:58:43.889+01:00 INFO offer-service host=offer-service-a41e92-t6zvn corrId=c-1d654e613c127900 loan offer generated application_id=APP-2026-179507 loan_type=FLEX_1Y principal_dkk=3440000
2026-03-02T14:58:43.935+01:00 INFO document-service host=document-service-5b8f6c-p9qmz corrId=c-1d654e613c127900 offer document stored application_id=APP-2026-179507 doc_id=DOC-ebbe83b1
2026-03-02T14:58:43.961+01:00 INFO portal-bff host=portal-bff-a41e92-x2k4p corrId=c-1d654e613c127900 application completed application_id=APP-2026-179507 status=OFFER_ISSUED
2026-03-02T14:58:52.389+01:00 INFO portal-bff host=portal-bff-a41e92-p9qmz corrId=c-fc17644b79c957ae loan application submitted application_id=APP-2026-444598 customer_segment=PRIVATE
2026-03-02T14:58:52.526+01:00 INFO identity-service host=identity-service-7c9d5b-x2k4p corrId=c-fc17644b79c957ae MitID session validated customer_id=C52347546
2026-03-02T14:58:52.643+01:00 INFO customer-service host=customer-service-7c9d5b-x2k4p corrId=c-fc17644b79c957ae KYC profile loaded customer_id=C52347546 risk_class=HIGH
2026-03-02T14:58:52.671+01:00 INFO valuation-service host=valuation-service-a41e92-p9qmz corrId=c-fc17644b79c957ae property valuation requested property_id=P3127200 provider=bolig-vurdering
2026-03-02T14:58:53.408+01:00 INFO valuation-service host=valuation-service-7c9d5b-x2k4p corrId=c-fc17644b79c957ae property valuation received property_id=P3127200 value_dkk=620000 latency_ms=678
2026-03-02T14:58:53.454+01:00 INFO credit-service host=credit-service-a41e92-x2k4p corrId=c-fc17644b79c957ae credit assessment completed application_id=APP-2026-444598 score=464 decision=APPROVED
2026-03-02T14:58:53.529+01:00 INFO offer-service host=offer-service-7c9d5b-x2k4p corrId=c-fc17644b79c957ae loan offer generated application_id=APP-2026-444598 loan_type=FLEX_5Y principal_dkk=800000
2026-03-02T14:58:53.597+01:00 INFO document-service host=document-service-5b8f6c-t6zvn corrId=c-fc17644b79c957ae offer document stored application_id=APP-2026-444598 doc_id=DOC-8a7960f8
2026-03-02T14:58:53.669+01:00 INFO portal-bff host=portal-bff-5b8f6c-x2k4p corrId=c-fc17644b79c957ae application completed application_id=APP-2026-444598 status=OFFER_ISSUED
2026-03-02T15:00:00.042+01:00 INFO api-gateway host=api-gateway-7c9d5b-x2k4p corrId=- health probe ok status=200 latency_ms=8
2026-03-02T15:00:00.772+01:00 INFO payment-scheduler host=payment-scheduler-7c9d5b-x2k4p corrId=- scheduler heartbeat lag_ms=105
2026-03-02T15:00:26.000+01:00 INFO config-service host=config-service-a41e92-p9qmz corrId=- configuration refreshed version=v113
2026-03-02T15:00:44.623+01:00 INFO portal-bff host=portal-bff-a41e92-t6zvn corrId=c-d651b2b7bfc39283 conversion quote requested loan_id=LN158124382 target_product=FLEX_5Y
2026-03-02T15:00:44.668+01:00 INFO identity-service host=identity-service-a41e92-x2k4p corrId=c-d651b2b7bfc39283 MitID session validated customer_id=C52370942
2026-03-02T15:00:44.680+01:00 INFO pricing-service host=pricing-service-5b8f6c-t6zvn corrId=c-d651b2b7bfc39283 bond price fetched series=BND4.0-2053 price=93.081
2026-03-02T15:00:44.734+01:00 INFO pricing-service host=pricing-service-a41e92-x2k4p corrId=c-d651b2b7bfc39283 conversion cost calculated loan_id=LN158124382 cost_dkk=83575.19
2026-03-02T15:00:44.752+01:00 INFO quote-service host=quote-service-5b8f6c-x2k4p corrId=c-d651b2b7bfc39283 conversion quote issued quote_id=Q45161074 loan_id=LN158124382
2026-03-02T15:00:53.373+01:00 INFO portal-bff host=portal-bff-7c9d5b-t6zvn corrId=c-3919fbebdf49c2ad loan application submitted application_id=APP-2026-469524 customer_segment=RETAIL
2026-03-02T15:00:53.393+01:00 INFO identity-service host=identity-service-7c9d5b-t6zvn corrId=c-3919fbebdf49c2ad MitID session validated customer_id=C88188728
2026-03-02T15:00:53.498+01:00 INFO customer-service host=customer-service-a41e92-p9qmz corrId=c-3919fbebdf49c2ad KYC profile loaded customer_id=C88188728 risk_class=LOW
2026-03-02T15:00:53.571+01:00 INFO valuation-service host=valuation-service-5b8f6c-t6zvn corrId=c-3919fbebdf49c2ad property valuation served from cache property_id=P4798087 value_dkk=6770000
2026-03-02T15:00:53.614+01:00 INFO credit-service host=credit-service-7c9d5b-t6zvn corrId=c-3919fbebdf49c2ad credit assessment completed application_id=APP-2026-469524 score=836 decision=APPROVED
2026-03-02T15:00:53.731+01:00 INFO offer-service host=offer-service-7c9d5b-t6zvn corrId=c-3919fbebdf49c2ad loan offer generated application_id=APP-2026-469524 loan_type=FLEX_1Y principal_dkk=3905000
2026-03-02T15:00:53.793+01:00 INFO document-service host=document-service-a41e92-t6zvn corrId=c-3919fbebdf49c2ad offer document stored application_id=APP-2026-469524 doc_id=DOC-002d4647
2026-03-02T15:00:53.918+01:00 INFO portal-bff host=portal-bff-a41e92-t6zvn corrId=c-3919fbebdf49c2ad application completed application_id=APP-2026-469524 status=OFFER_ISSUED
2026-03-02T15:04:15.198+01:00 INFO portal-bff host=portal-bff-7c9d5b-p9qmz corrId=c-2fa39325be313bea conversion quote requested loan_id=LN546976845 target_product=FLEX_5Y
2026-03-02T15:04:15.225+01:00 INFO identity-service host=identity-service-5b8f6c-p9qmz corrId=c-2fa39325be313bea MitID session validated customer_id=C72676426
2026-03-02T15:04:15.301+01:00 INFO pricing-service host=pricing-service-5b8f6c-x2k4p corrId=c-2fa39325be313bea bond price fetched series=BND2.5-2053 price=95.109
2026-03-02T15:04:15.355+01:00 INFO pricing-service host=pricing-service-7c9d5b-x2k4p corrId=c-2fa39325be313bea conversion cost calculated loan_id=LN546976845 cost_dkk=23362.15
2026-03-02T15:04:15.421+01:00 INFO quote-service host=quote-service-5b8f6c-t6zvn corrId=c-2fa39325be313bea conversion quote issued quote_id=Q94989007 loan_id=LN546976845
2026-03-02T15:04:26.503+01:00 INFO portal-bff host=portal-bff-7c9d5b-t6zvn corrId=c-e9a7a1a4863a256a conversion quote requested loan_id=LN816756958 target_product=FIXED_30Y
2026-03-02T15:04:26.566+01:00 INFO identity-service host=identity-service-a41e92-p9qmz corrId=c-e9a7a1a4863a256a MitID session validated customer_id=C29614088
2026-03-02T15:04:26.615+01:00 INFO pricing-service host=pricing-service-a41e92-p9qmz corrId=c-e9a7a1a4863a256a bond price fetched series=BND2.5-2056 price=95.243
2026-03-02T15:04:26.638+01:00 INFO pricing-service host=pricing-service-5b8f6c-x2k4p corrId=c-e9a7a1a4863a256a conversion cost calculated loan_id=LN816756958 cost_dkk=34939.60
2026-03-02T15:04:26.758+01:00 INFO quote-service host=quote-service-a41e92-x2k4p corrId=c-e9a7a1a4863a256a conversion quote issued quote_id=Q81032722 loan_id=LN816756958
2026-03-02T15:04:36.696+01:00 INFO portal-bff host=portal-bff-7c9d5b-x2k4p corrId=c-d8d20343382c8ec6 conversion quote requested loan_id=LN926864512 target_product=FLEX_5Y
2026-03-02T15:04:36.804+01:00 INFO identity-service host=identity-service-5b8f6c-x2k4p corrId=c-d8d20343382c8ec6 MitID session validated customer_id=C23008487
2026-03-02T15:04:36.823+01:00 INFO pricing-service host=pricing-service-7c9d5b-p9qmz corrId=c-d8d20343382c8ec6 bond price fetched series=BND4.0-2056 price=98.764
2026-03-02T15:04:36.887+01:00 INFO pricing-service host=pricing-service-a41e92-p9qmz corrId=c-d8d20343382c8ec6 conversion cost calculated loan_id=LN926864512 cost_dkk=79088.13
2026-03-02T15:04:37.017+01:00 INFO quote-service host=quote-service-7c9d5b-p9qmz corrId=c-d8d20343382c8ec6 conversion quote issued quote_id=Q34224213 loan_id=LN926864512
2026-03-02T15:05:00.682+01:00 INFO api-gateway host=api-gateway-5b8f6c-t6zvn corrId=- health probe ok status=200 latency_ms=13
2026-03-02T15:10:00.102+01:00 INFO api-gateway host=api-gateway-a41e92-p9qmz corrId=- health probe ok status=200 latency_ms=26
2026-03-02T15:10:00.369+01:00 INFO payment-scheduler host=payment-scheduler-5b8f6c-t6zvn corrId=- scheduler heartbeat lag_ms=30
2026-03-02T15:14:19.032+01:00 INFO portal-bff host=portal-bff-a41e92-p9qmz corrId=c-994fc6001b745f6c conversion quote requested loan_id=LN288116755 target_product=FLEX_5Y
2026-03-02T15:14:19.123+01:00 INFO identity-service host=identity-service-7c9d5b-t6zvn corrId=c-994fc6001b745f6c MitID session validated customer_id=C20624108
2026-03-02T15:14:19.223+01:00 INFO pricing-service host=pricing-service-7c9d5b-p9qmz corrId=c-994fc6001b745f6c bond price fetched series=BND2.5-2053 price=99.692
2026-03-02T15:14:19.254+01:00 INFO pricing-service host=pricing-service-a41e92-x2k4p corrId=c-994fc6001b745f6c conversion cost calculated loan_id=LN288116755 cost_dkk=16248.56
2026-03-02T15:14:19.260+01:00 INFO quote-service host=quote-service-5b8f6c-x2k4p corrId=c-994fc6001b745f6c conversion quote issued quote_id=Q28528361 loan_id=LN288116755
2026-03-02T15:15:00.799+01:00 INFO api-gateway host=api-gateway-7c9d5b-t6zvn corrId=- health probe ok status=200 latency_ms=33
2026-03-02T15:20:00.207+01:00 INFO api-gateway host=api-gateway-5b8f6c-t6zvn corrId=- health probe ok status=200 latency_ms=35
2026-03-02T15:20:00.434+01:00 INFO payment-scheduler host=payment-scheduler-5b8f6c-p9qmz corrId=- scheduler heartbeat lag_ms=25
2026-03-02T15:22:36.933+01:00 INFO portal-bff host=portal-bff-a41e92-p9qmz corrId=c-b73c7e2cba7ed5fc loan application submitted application_id=APP-2026-931078 customer_segment=RETAIL
2026-03-02T15:22:36.966+01:00 INFO identity-service host=identity-service-7c9d5b-x2k4p corrId=c-b73c7e2cba7ed5fc MitID session validated customer_id=C57731861
2026-03-02T15:22:37.038+01:00 INFO customer-service host=customer-service-5b8f6c-t6zvn corrId=c-b73c7e2cba7ed5fc KYC profile loaded customer_id=C57731861 risk_class=MEDIUM
2026-03-02T15:22:37.099+01:00 INFO valuation-service host=valuation-service-7c9d5b-x2k4p corrId=c-b73c7e2cba7ed5fc property valuation requested property_id=P9433989 provider=bolig-vurdering
2026-03-02T15:22:37.728+01:00 INFO valuation-service host=valuation-service-a41e92-p9qmz corrId=c-b73c7e2cba7ed5fc property valuation received property_id=P9433989 value_dkk=6730000 latency_ms=585
2026-03-02T15:22:37.783+01:00 INFO credit-service host=credit-service-5b8f6c-t6zvn corrId=c-b73c7e2cba7ed5fc credit assessment completed application_id=APP-2026-931078 score=807 decision=APPROVED
2026-03-02T15:22:37.854+01:00 INFO offer-service host=offer-service-a41e92-t6zvn corrId=c-b73c7e2cba7ed5fc loan offer generated application_id=APP-2026-931078 loan_type=FIXED_30Y principal_dkk=5190000
2026-03-02T15:22:37.938+01:00 INFO document-service host=document-service-a41e92-x2k4p corrId=c-b73c7e2cba7ed5fc offer document stored application_id=APP-2026-931078 doc_id=DOC-81d193c4
2026-03-02T15:22:37.958+01:00 INFO portal-bff host=portal-bff-7c9d5b-t6zvn corrId=c-b73c7e2cba7ed5fc application completed application_id=APP-2026-931078 status=OFFER_ISSUED
2026-03-02T15:25:00.334+01:00 INFO api-gateway host=api-gateway-7c9d5b-t6zvn corrId=- health probe ok status=200 latency_ms=15
2026-03-02T15:25:57.763+01:00 INFO portal-bff host=portal-bff-5b8f6c-x2k4p corrId=c-60533bfc384f3305 loan application submitted application_id=APP-2026-970883 customer_segment=PRIVATE
2026-03-02T15:25:57.769+01:00 INFO identity-service host=identity-service-7c9d5b-p9qmz corrId=c-60533bfc384f3305 MitID session validated customer_id=C37372050
2026-03-02T15:25:57.779+01:00 INFO customer-service host=customer-service-5b8f6c-x2k4p corrId=c-60533bfc384f3305 KYC profile loaded customer_id=C37372050 risk_class=HIGH
2026-03-02T15:25:57.853+01:00 INFO valuation-service host=valuation-service-5b8f6c-p9qmz corrId=c-60533bfc384f3305 property valuation served from cache property_id=P1659911 value_dkk=960000
2026-03-02T15:25:57.951+01:00 INFO credit-service host=credit-service-5b8f6c-t6zvn corrId=c-60533bfc384f3305 credit assessment completed application_id=APP-2026-970883 score=823 decision=APPROVED
2026-03-02T15:25:58.058+01:00 INFO offer-service host=offer-service-5b8f6c-x2k4p corrId=c-60533bfc384f3305 loan offer generated application_id=APP-2026-970883 loan_type=FIXED_30Y principal_dkk=3315000
2026-03-02T15:25:58.128+01:00 INFO document-service host=document-service-a41e92-p9qmz corrId=c-60533bfc384f3305 offer document stored application_id=APP-2026-970883 doc_id=DOC-772354c0
2026-03-02T15:25:58.261+01:00 INFO portal-bff host=portal-bff-a41e92-p9qmz corrId=c-60533bfc384f3305 application completed application_id=APP-2026-970883 status=OFFER_ISSUED
2026-03-02T15:28:48.286+01:00 INFO portal-bff host=portal-bff-5b8f6c-t6zvn corrId=c-373d67d8a26026a6 conversion quote requested loan_id=LN123866911 target_product=FIXED_30Y
2026-03-02T15:28:48.298+01:00 INFO identity-service host=identity-service-7c9d5b-p9qmz corrId=c-373d67d8a26026a6 MitID session validated customer_id=C18633268
2026-03-02T15:28:48.419+01:00 INFO pricing-service host=pricing-service-a41e92-x2k4p corrId=c-373d67d8a26026a6 bond price fetched series=BND2.5-2056 price=91.786
2026-03-02T15:28:48.546+01:00 INFO pricing-service host=pricing-service-5b8f6c-t6zvn corrId=c-373d67d8a26026a6 conversion cost calculated loan_id=LN123866911 cost_dkk=81528.45
2026-03-02T15:28:48.660+01:00 INFO quote-service host=quote-service-a41e92-x2k4p corrId=c-373d67d8a26026a6 conversion quote issued quote_id=Q51671824 loan_id=LN123866911
2026-03-02T15:28:49.430+01:00 INFO portal-bff host=portal-bff-a41e92-t6zvn corrId=c-0e769933096c78dc loan application submitted application_id=APP-2026-832972 customer_segment=RETAIL
2026-03-02T15:28:49.505+01:00 WARN identity-service host=identity-service-a41e92-p9qmz corrId=c-0e769933096c78dc MitID token refresh attempt=1
2026-03-02T15:28:49.544+01:00 INFO identity-service host=identity-service-a41e92-t6zvn corrId=c-0e769933096c78dc MitID session validated customer_id=C56673212
2026-03-02T15:28:49.661+01:00 INFO customer-service host=customer-service-a41e92-p9qmz corrId=c-0e769933096c78dc KYC profile loaded customer_id=C56673212 risk_class=HIGH
2026-03-02T15:28:49.792+01:00 INFO valuation-service host=valuation-service-a41e92-p9qmz corrId=c-0e769933096c78dc property valuation requested property_id=P1837097 provider=valuta-ejd
2026-03-02T15:28:50.467+01:00 INFO valuation-service host=valuation-service-5b8f6c-x2k4p corrId=c-0e769933096c78dc property valuation received property_id=P1837097 value_dkk=3550000 latency_ms=536
2026-03-02T15:28:50.549+01:00 INFO credit-service host=credit-service-7c9d5b-p9qmz corrId=c-0e769933096c78dc credit assessment completed application_id=APP-2026-832972 score=815 decision=APPROVED
2026-03-02T15:28:50.631+01:00 INFO offer-service host=offer-service-5b8f6c-t6zvn corrId=c-0e769933096c78dc loan offer generated application_id=APP-2026-832972 loan_type=FIXED_20Y_IO principal_dkk=1175000
2026-03-02T15:28:50.694+01:00 INFO document-service host=document-service-5b8f6c-t6zvn corrId=c-0e769933096c78dc offer document stored application_id=APP-2026-832972 doc_id=DOC-de49081a
2026-03-02T15:28:50.783+01:00 INFO portal-bff host=portal-bff-a41e92-p9qmz corrId=c-0e769933096c78dc application completed application_id=APP-2026-832972 status=OFFER_ISSUED
2026-03-02T15:30:00.113+01:00 INFO payment-scheduler host=payment-scheduler-7c9d5b-x2k4p corrId=- scheduler heartbeat lag_ms=31
2026-03-02T15:30:00.657+01:00 INFO api-gateway host=api-gateway-7c9d5b-p9qmz corrId=- health probe ok status=200 latency_ms=4
2026-03-02T15:34:36.196+01:00 INFO portal-bff host=portal-bff-5b8f6c-x2k4p corrId=c-defd2888be12814f conversion quote requested loan_id=LN987605590 target_product=FLEX_5Y
2026-03-02T15:34:36.236+01:00 INFO identity-service host=identity-service-a41e92-x2k4p corrId=c-defd2888be12814f MitID session validated customer_id=C95789608
2026-03-02T15:34:36.265+01:00 INFO pricing-service host=pricing-service-a41e92-x2k4p corrId=c-defd2888be12814f bond price fetched series=BND3.0-2053 price=96.575
2026-03-02T15:34:36.347+01:00 INFO pricing-service host=pricing-service-5b8f6c-t6zvn corrId=c-defd2888be12814f conversion cost calculated loan_id=LN987605590 cost_dkk=87849.11
2026-03-02T15:34:36.403+01:00 INFO quote-service host=quote-service-5b8f6c-p9qmz corrId=c-defd2888be12814f conversion quote issued quote_id=Q21961031 loan_id=LN987605590
2026-03-02T15:35:00.002+01:00 INFO api-gateway host=api-gateway-a41e92-x2k4p corrId=- health probe ok status=200 latency_ms=9
2026-03-02T15:38:56.270+01:00 INFO portal-bff host=portal-bff-a41e92-p9qmz corrId=c-227433b96838b53c conversion quote requested loan_id=LN466172467 target_product=FLEX_1Y
2026-03-02T15:38:56.390+01:00 INFO identity-service host=identity-service-5b8f6c-x2k4p corrId=c-227433b96838b53c MitID session validated customer_id=C16073277
2026-03-02T15:38:56.410+01:00 INFO pricing-service host=pricing-service-7c9d5b-t6zvn corrId=c-227433b96838b53c bond price fetched series=BND2.5-2056 price=94.013
2026-03-02T15:38:56.455+01:00 INFO pricing-service host=pricing-service-5b8f6c-t6zvn corrId=c-227433b96838b53c conversion cost calculated loan_id=LN466172467 cost_dkk=41753.87
2026-03-02T15:38:56.479+01:00 INFO quote-service host=quote-service-a41e92-x2k4p corrId=c-227433b96838b53c conversion quote issued quote_id=Q65124550 loan_id=LN466172467
2026-03-02T15:40:00.253+01:00 INFO api-gateway host=api-gateway-a41e92-p9qmz corrId=- health probe ok status=200 latency_ms=10
2026-03-02T15:40:00.406+01:00 INFO payment-scheduler host=payment-scheduler-7c9d5b-x2k4p corrId=- scheduler heartbeat lag_ms=96
2026-03-02T15:40:57.866+01:00 INFO portal-bff host=portal-bff-5b8f6c-x2k4p corrId=c-5893e994741668ed loan application submitted application_id=APP-2026-760900 customer_segment=PRIVATE
2026-03-02T15:40:57.931+01:00 INFO identity-service host=identity-service-a41e92-t6zvn corrId=c-5893e994741668ed MitID session validated customer_id=C73766368
2026-03-02T15:40:57.938+01:00 INFO customer-service host=customer-service-7c9d5b-p9qmz corrId=c-5893e994741668ed KYC profile loaded customer_id=C73766368 risk_class=HIGH
2026-03-02T15:40:57.995+01:00 INFO valuation-service host=valuation-service-a41e92-p9qmz corrId=c-5893e994741668ed property valuation requested property_id=P8932721 provider=bolig-vurdering
2026-03-02T15:40:58.974+01:00 INFO valuation-service host=valuation-service-a41e92-p9qmz corrId=c-5893e994741668ed property valuation received property_id=P8932721 value_dkk=7580000 latency_ms=894
2026-03-02T15:40:59.051+01:00 INFO credit-service host=credit-service-7c9d5b-p9qmz corrId=c-5893e994741668ed credit assessment completed application_id=APP-2026-760900 score=679 decision=APPROVED
2026-03-02T15:40:59.183+01:00 INFO offer-service host=offer-service-7c9d5b-x2k4p corrId=c-5893e994741668ed loan offer generated application_id=APP-2026-760900 loan_type=FLEX_1Y principal_dkk=3325000
2026-03-02T15:40:59.244+01:00 INFO document-service host=document-service-a41e92-x2k4p corrId=c-5893e994741668ed offer document stored application_id=APP-2026-760900 doc_id=DOC-e2f3fc45
2026-03-02T15:40:59.270+01:00 INFO portal-bff host=portal-bff-a41e92-x2k4p corrId=c-5893e994741668ed application completed application_id=APP-2026-760900 status=OFFER_ISSUED
2026-03-02T15:42:02.169+01:00 INFO portal-bff host=portal-bff-7c9d5b-x2k4p corrId=c-1bcdaf22f04fed52 loan application submitted application_id=APP-2026-700931 customer_segment=PRIVATE
2026-03-02T15:42:02.203+01:00 INFO identity-service host=identity-service-7c9d5b-t6zvn corrId=c-1bcdaf22f04fed52 MitID session validated customer_id=C40898964
2026-03-02T15:42:02.229+01:00 INFO customer-service host=customer-service-5b8f6c-p9qmz corrId=c-1bcdaf22f04fed52 KYC profile loaded customer_id=C40898964 risk_class=HIGH
2026-03-02T15:42:02.239+01:00 INFO valuation-service host=valuation-service-5b8f6c-x2k4p corrId=c-1bcdaf22f04fed52 property valuation served from cache property_id=P2342739 value_dkk=3970000
2026-03-02T15:42:02.344+01:00 INFO credit-service host=credit-service-5b8f6c-x2k4p corrId=c-1bcdaf22f04fed52 credit assessment completed application_id=APP-2026-700931 score=534 decision=APPROVED
2026-03-02T15:42:02.370+01:00 INFO offer-service host=offer-service-7c9d5b-p9qmz corrId=c-1bcdaf22f04fed52 loan offer generated application_id=APP-2026-700931 loan_type=FIXED_30Y principal_dkk=3020000
2026-03-02T15:42:02.384+01:00 INFO document-service host=document-service-7c9d5b-p9qmz corrId=c-1bcdaf22f04fed52 offer document stored application_id=APP-2026-700931 doc_id=DOC-0bb3c347
2026-03-02T15:42:02.523+01:00 INFO portal-bff host=portal-bff-5b8f6c-x2k4p corrId=c-1bcdaf22f04fed52 application completed application_id=APP-2026-700931 status=OFFER_ISSUED
2026-03-02T15:43:06.787+01:00 INFO portal-bff host=portal-bff-5b8f6c-t6zvn corrId=c-42943c261ac92b87 conversion quote requested loan_id=LN094858602 target_product=FLEX_1Y
2026-03-02T15:43:06.913+01:00 INFO identity-service host=identity-service-5b8f6c-x2k4p corrId=c-42943c261ac92b87 MitID session validated customer_id=C66290724
2026-03-02T15:43:07.040+01:00 INFO pricing-service host=pricing-service-a41e92-t6zvn corrId=c-42943c261ac92b87 bond price fetched series=BND4.0-2056 price=90.590
2026-03-02T15:43:07.127+01:00 INFO pricing-service host=pricing-service-7c9d5b-p9qmz corrId=c-42943c261ac92b87 conversion cost calculated loan_id=LN094858602 cost_dkk=87015.05
2026-03-02T15:43:07.254+01:00 INFO quote-service host=quote-service-5b8f6c-t6zvn corrId=c-42943c261ac92b87 conversion quote issued quote_id=Q06916296 loan_id=LN094858602
2026-03-02T15:43:17.416+01:00 INFO portal-bff host=portal-bff-7c9d5b-t6zvn corrId=c-f5cca16e20b1fda8 loan application submitted application_id=APP-2026-341492 customer_segment=RETAIL
2026-03-02T15:43:17.479+01:00 INFO identity-service host=identity-service-7c9d5b-t6zvn corrId=c-f5cca16e20b1fda8 MitID session validated customer_id=C34708880
2026-03-02T15:43:17.618+01:00 INFO customer-service host=customer-service-7c9d5b-x2k4p corrId=c-f5cca16e20b1fda8 KYC profile loaded customer_id=C34708880 risk_class=LOW
2026-03-02T15:43:17.628+01:00 INFO valuation-service host=valuation-service-5b8f6c-x2k4p corrId=c-f5cca16e20b1fda8 property valuation requested property_id=P2845904 provider=bolig-vurdering
2026-03-02T15:43:18.646+01:00 INFO valuation-service host=valuation-service-7c9d5b-p9qmz corrId=c-f5cca16e20b1fda8 property valuation received property_id=P2845904 value_dkk=910000 latency_ms=925
2026-03-02T15:43:18.730+01:00 INFO credit-service host=credit-service-a41e92-t6zvn corrId=c-f5cca16e20b1fda8 credit assessment completed application_id=APP-2026-341492 score=595 decision=APPROVED
2026-03-02T15:43:18.737+01:00 INFO offer-service host=offer-service-5b8f6c-p9qmz corrId=c-f5cca16e20b1fda8 loan offer generated application_id=APP-2026-341492 loan_type=FLEX_5Y principal_dkk=4590000
2026-03-02T15:43:18.769+01:00 INFO document-service host=document-service-7c9d5b-t6zvn corrId=c-f5cca16e20b1fda8 offer document stored application_id=APP-2026-341492 doc_id=DOC-00366d0c
2026-03-02T15:43:18.874+01:00 INFO portal-bff host=portal-bff-7c9d5b-p9qmz corrId=c-f5cca16e20b1fda8 application completed application_id=APP-2026-341492 status=OFFER_ISSUED
2026-03-02T15:45:00.143+01:00 INFO api-gateway host=api-gateway-5b8f6c-x2k4p corrId=- health probe ok status=200 latency_ms=9
2026-03-02T15:45:30.459+01:00 INFO portal-bff host=portal-bff-7c9d5b-t6zvn corrId=c-68eb50bf17640aad loan application submitted application_id=APP-2026-000102 customer_segment=RETAIL
2026-03-02T15:45:30.529+01:00 INFO identity-service host=identity-service-7c9d5b-t6zvn corrId=c-68eb50bf17640aad MitID session validated customer_id=C48519360
2026-03-02T15:45:30.629+01:00 INFO customer-service host=customer-service-7c9d5b-t6zvn corrId=c-68eb50bf17640aad KYC profile loaded customer_id=C48519360 risk_class=HIGH
2026-03-02T15:45:30.741+01:00 INFO valuation-service host=valuation-service-a41e92-x2k4p corrId=c-68eb50bf17640aad property valuation served from cache property_id=P5555533 value_dkk=4020000
2026-03-02T15:45:30.857+01:00 INFO credit-service host=credit-service-5b8f6c-t6zvn corrId=c-68eb50bf17640aad credit assessment completed application_id=APP-2026-000102 score=484 decision=APPROVED
2026-03-02T15:45:30.872+01:00 INFO offer-service host=offer-service-7c9d5b-t6zvn corrId=c-68eb50bf17640aad loan offer generated application_id=APP-2026-000102 loan_type=FIXED_30Y principal_dkk=3975000
2026-03-02T15:45:31.010+01:00 INFO document-service host=document-service-5b8f6c-x2k4p corrId=c-68eb50bf17640aad offer document stored application_id=APP-2026-000102 doc_id=DOC-6c52fcac
2026-03-02T15:45:31.092+01:00 INFO portal-bff host=portal-bff-a41e92-t6zvn corrId=c-68eb50bf17640aad application completed application_id=APP-2026-000102 status=OFFER_ISSUED
2026-03-02T15:47:11.407+01:00 INFO portal-bff host=portal-bff-7c9d5b-x2k4p corrId=c-3999ff2c5d2f60cf loan application submitted application_id=APP-2026-288787 customer_segment=SME
2026-03-02T15:47:11.493+01:00 INFO identity-service host=identity-service-5b8f6c-p9qmz corrId=c-3999ff2c5d2f60cf MitID session validated customer_id=C68008702
2026-03-02T15:47:11.558+01:00 INFO customer-service host=customer-service-a41e92-x2k4p corrId=c-3999ff2c5d2f60cf KYC profile loaded customer_id=C68008702 risk_class=HIGH
2026-03-02T15:47:11.617+01:00 INFO valuation-service host=valuation-service-5b8f6c-p9qmz corrId=c-3999ff2c5d2f60cf property valuation served from cache property_id=P9697025 value_dkk=1110000
2026-03-02T15:47:11.663+01:00 INFO credit-service host=credit-service-7c9d5b-x2k4p corrId=c-3999ff2c5d2f60cf credit assessment completed application_id=APP-2026-288787 score=522 decision=APPROVED
2026-03-02T15:47:11.679+01:00 INFO offer-service host=offer-service-5b8f6c-x2k4p corrId=c-3999ff2c5d2f60cf loan offer generated application_id=APP-2026-288787 loan_type=FLEX_5Y principal_dkk=1320000
2026-03-02T15:47:11.755+01:00 INFO document-service host=document-service-5b8f6c-p9qmz corrId=c-3999ff2c5d2f60cf offer document stored application_id=APP-2026-288787 doc_id=DOC-b42a8926
2026-03-02T15:47:11.844+01:00 INFO portal-bff host=portal-bff-a41e92-t6zvn corrId=c-3999ff2c5d2f60cf application completed application_id=APP-2026-288787 status=OFFER_ISSUED
2026-03-02T15:50:00.750+01:00 INFO api-gateway host=api-gateway-a41e92-x2k4p corrId=- health probe ok status=200 latency_ms=11
2026-03-02T15:50:00.786+01:00 INFO payment-scheduler host=payment-scheduler-7c9d5b-t6zvn corrId=- scheduler heartbeat lag_ms=78
2026-03-02T15:53:34.910+01:00 INFO portal-bff host=portal-bff-5b8f6c-x2k4p corrId=c-cc2d683e9e5fb0fb conversion quote requested loan_id=LN672834191 target_product=FLEX_5Y
2026-03-02T15:53:35.011+01:00 INFO identity-service host=identity-service-a41e92-p9qmz corrId=c-cc2d683e9e5fb0fb MitID session validated customer_id=C63961412
2026-03-02T15:53:35.046+01:00 INFO pricing-service host=pricing-service-a41e92-x2k4p corrId=c-cc2d683e9e5fb0fb bond price fetched series=BND3.0-2056 price=90.566
2026-03-02T15:53:35.072+01:00 INFO pricing-service host=pricing-service-5b8f6c-p9qmz corrId=c-cc2d683e9e5fb0fb conversion cost calculated loan_id=LN672834191 cost_dkk=70117.29
2026-03-02T15:53:35.140+01:00 INFO quote-service host=quote-service-7c9d5b-t6zvn corrId=c-cc2d683e9e5fb0fb conversion quote issued quote_id=Q51245616 loan_id=LN672834191
2026-03-02T15:54:33.549+01:00 INFO portal-bff host=portal-bff-7c9d5b-t6zvn corrId=c-fde9103060ba09e6 conversion quote requested loan_id=LN275583093 target_product=FLEX_5Y
2026-03-02T15:54:33.591+01:00 INFO identity-service host=identity-service-5b8f6c-t6zvn corrId=c-fde9103060ba09e6 MitID session validated customer_id=C44514107
2026-03-02T15:54:33.708+01:00 INFO pricing-service host=pricing-service-7c9d5b-p9qmz corrId=c-fde9103060ba09e6 bond price fetched series=BND3.0-2053 price=91.839
2026-03-02T15:54:33.720+01:00 INFO pricing-service host=pricing-service-a41e92-x2k4p corrId=c-fde9103060ba09e6 conversion cost calculated loan_id=LN275583093 cost_dkk=8879.65
2026-03-02T15:54:33.783+01:00 INFO quote-service host=quote-service-7c9d5b-p9qmz corrId=c-fde9103060ba09e6 conversion quote issued quote_id=Q22425765 loan_id=LN275583093
2026-03-02T15:55:00.161+01:00 INFO api-gateway host=api-gateway-7c9d5b-p9qmz corrId=- health probe ok status=200 latency_ms=19
2026-03-02T16:00:00.352+01:00 INFO payment-scheduler host=payment-scheduler-a41e92-t6zvn corrId=- scheduler heartbeat lag_ms=57
2026-03-02T16:00:00.470+01:00 INFO api-gateway host=api-gateway-5b8f6c-p9qmz corrId=- health probe ok status=200 latency_ms=36
2026-03-02T16:00:23.000+01:00 INFO config-service host=config-service-a41e92-p9qmz corrId=- configuration refreshed version=v113
2026-03-02T16:02:12.377+01:00 INFO portal-bff host=portal-bff-7c9d5b-t6zvn corrId=c-bbaf56390810a64c conversion quote requested loan_id=LN856815386 target_product=FLEX_5Y
2026-03-02T16:02:12.516+01:00 INFO identity-service host=identity-service-a41e92-x2k4p corrId=c-bbaf56390810a64c MitID session validated customer_id=C45048581
2026-03-02T16:02:12.563+01:00 INFO pricing-service host=pricing-service-7c9d5b-t6zvn corrId=c-bbaf56390810a64c bond price fetched series=BND3.0-2053 price=93.167
2026-03-02T16:02:12.576+01:00 INFO pricing-service host=pricing-service-a41e92-p9qmz corrId=c-bbaf56390810a64c conversion cost calculated loan_id=LN856815386 cost_dkk=86809.98
2026-03-02T16:02:12.654+01:00 INFO quote-service host=quote-service-5b8f6c-t6zvn corrId=c-bbaf56390810a64c conversion quote issued quote_id=Q85676905 loan_id=LN856815386
2026-03-02T16:03:01.977+01:00 INFO portal-bff host=portal-bff-a41e92-t6zvn corrId=c-b359a3728da0a666 loan application submitted application_id=APP-2026-925136 customer_segment=PRIVATE
2026-03-02T16:03:02.089+01:00 INFO identity-service host=identity-service-5b8f6c-t6zvn corrId=c-b359a3728da0a666 MitID session validated customer_id=C51756986
2026-03-02T16:03:02.105+01:00 INFO customer-service host=customer-service-7c9d5b-x2k4p corrId=c-b359a3728da0a666 KYC profile loaded customer_id=C51756986 risk_class=HIGH
2026-03-02T16:03:02.127+01:00 INFO valuation-service host=valuation-service-5b8f6c-t6zvn corrId=c-b359a3728da0a666 property valuation requested property_id=P3754779 provider=bolig-vurdering
2026-03-02T16:03:02.870+01:00 INFO valuation-service host=valuation-service-5b8f6c-x2k4p corrId=c-b359a3728da0a666 property valuation received property_id=P3754779 value_dkk=5150000 latency_ms=734
2026-03-02T16:03:02.942+01:00 INFO credit-service host=credit-service-5b8f6c-x2k4p corrId=c-b359a3728da0a666 credit assessment completed application_id=APP-2026-925136 score=534 decision=APPROVED
2026-03-02T16:03:03.054+01:00 INFO offer-service host=offer-service-7c9d5b-t6zvn corrId=c-b359a3728da0a666 loan offer generated application_id=APP-2026-925136 loan_type=FIXED_20Y_IO principal_dkk=5885000
2026-03-02T16:03:03.129+01:00 INFO document-service host=document-service-7c9d5b-p9qmz corrId=c-b359a3728da0a666 offer document stored application_id=APP-2026-925136 doc_id=DOC-a1141100
2026-03-02T16:03:03.187+01:00 INFO portal-bff host=portal-bff-a41e92-x2k4p corrId=c-b359a3728da0a666 application completed application_id=APP-2026-925136 status=OFFER_ISSUED
2026-03-02T16:04:16.536+01:00 INFO portal-bff host=portal-bff-5b8f6c-t6zvn corrId=c-a879bd1cfa1b5002 loan application submitted application_id=APP-2026-905096 customer_segment=RETAIL
2026-03-02T16:04:16.571+01:00 INFO identity-service host=identity-service-5b8f6c-p9qmz corrId=c-a879bd1cfa1b5002 MitID session validated customer_id=C10660168
2026-03-02T16:04:16.643+01:00 INFO customer-service host=customer-service-a41e92-p9qmz corrId=c-a879bd1cfa1b5002 KYC profile loaded customer_id=C10660168 risk_class=LOW
2026-03-02T16:04:16.668+01:00 INFO valuation-service host=valuation-service-7c9d5b-x2k4p corrId=c-a879bd1cfa1b5002 property valuation requested property_id=P9816031 provider=valuta-ejd
2026-03-02T16:04:17.077+01:00 INFO valuation-service host=valuation-service-5b8f6c-p9qmz corrId=c-a879bd1cfa1b5002 property valuation received property_id=P9816031 value_dkk=2380000 latency_ms=291
2026-03-02T16:04:17.144+01:00 INFO credit-service host=credit-service-a41e92-t6zvn corrId=c-a879bd1cfa1b5002 credit assessment completed application_id=APP-2026-905096 score=764 decision=APPROVED
2026-03-02T16:04:17.272+01:00 INFO offer-service host=offer-service-a41e92-t6zvn corrId=c-a879bd1cfa1b5002 loan offer generated application_id=APP-2026-905096 loan_type=FIXED_30Y principal_dkk=4270000
2026-03-02T16:04:17.394+01:00 INFO document-service host=document-service-7c9d5b-p9qmz corrId=c-a879bd1cfa1b5002 offer document stored application_id=APP-2026-905096 doc_id=DOC-14a1c271
2026-03-02T16:04:17.514+01:00 INFO portal-bff host=portal-bff-a41e92-t6zvn corrId=c-a879bd1cfa1b5002 application completed application_id=APP-2026-905096 status=OFFER_ISSUED
2026-03-02T16:05:00.386+01:00 INFO api-gateway host=api-gateway-7c9d5b-x2k4p corrId=- health probe ok status=200 latency_ms=24
2026-03-02T16:05:56.883+01:00 INFO portal-bff host=portal-bff-7c9d5b-x2k4p corrId=c-4770bf3bd3b352a0 loan application submitted application_id=APP-2026-553741 customer_segment=PRIVATE
2026-03-02T16:05:56.936+01:00 INFO identity-service host=identity-service-7c9d5b-p9qmz corrId=c-4770bf3bd3b352a0 MitID session validated customer_id=C63064231
2026-03-02T16:05:56.999+01:00 INFO customer-service host=customer-service-5b8f6c-t6zvn corrId=c-4770bf3bd3b352a0 KYC profile loaded customer_id=C63064231 risk_class=MEDIUM
2026-03-02T16:05:57.041+01:00 INFO valuation-service host=valuation-service-a41e92-p9qmz corrId=c-4770bf3bd3b352a0 property valuation served from cache property_id=P3965331 value_dkk=7190000
2026-03-02T16:05:57.127+01:00 INFO credit-service host=credit-service-7c9d5b-x2k4p corrId=c-4770bf3bd3b352a0 credit assessment completed application_id=APP-2026-553741 score=820 decision=APPROVED
2026-03-02T16:05:57.176+01:00 INFO offer-service host=offer-service-7c9d5b-t6zvn corrId=c-4770bf3bd3b352a0 loan offer generated application_id=APP-2026-553741 loan_type=FIXED_20Y_IO principal_dkk=3080000
2026-03-02T16:05:57.217+01:00 INFO document-service host=document-service-7c9d5b-p9qmz corrId=c-4770bf3bd3b352a0 offer document stored application_id=APP-2026-553741 doc_id=DOC-aff80519
2026-03-02T16:05:57.251+01:00 INFO portal-bff host=portal-bff-7c9d5b-p9qmz corrId=c-4770bf3bd3b352a0 application completed application_id=APP-2026-553741 status=OFFER_ISSUED
2026-03-02T16:06:56.769+01:00 INFO portal-bff host=portal-bff-5b8f6c-p9qmz corrId=c-48d3e1022a54fb46 loan application submitted application_id=APP-2026-184885 customer_segment=RETAIL
2026-03-02T16:06:56.877+01:00 INFO identity-service host=identity-service-a41e92-x2k4p corrId=c-48d3e1022a54fb46 MitID session validated customer_id=C06422561
2026-03-02T16:06:56.923+01:00 INFO customer-service host=customer-service-5b8f6c-x2k4p corrId=c-48d3e1022a54fb46 KYC profile loaded customer_id=C06422561 risk_class=MEDIUM
2026-03-02T16:06:57.029+01:00 INFO valuation-service host=valuation-service-a41e92-x2k4p corrId=c-48d3e1022a54fb46 property valuation served from cache property_id=P2993534 value_dkk=3140000
2026-03-02T16:06:57.044+01:00 INFO credit-service host=credit-service-5b8f6c-x2k4p corrId=c-48d3e1022a54fb46 credit assessment completed application_id=APP-2026-184885 score=762 decision=APPROVED
2026-03-02T16:06:57.146+01:00 INFO offer-service host=offer-service-5b8f6c-p9qmz corrId=c-48d3e1022a54fb46 loan offer generated application_id=APP-2026-184885 loan_type=FIXED_20Y_IO principal_dkk=650000
2026-03-02T16:06:57.198+01:00 INFO document-service host=document-service-a41e92-t6zvn corrId=c-48d3e1022a54fb46 offer document stored application_id=APP-2026-184885 doc_id=DOC-5bad5b51
2026-03-02T16:06:57.247+01:00 INFO portal-bff host=portal-bff-5b8f6c-x2k4p corrId=c-48d3e1022a54fb46 application completed application_id=APP-2026-184885 status=OFFER_ISSUED
2026-03-02T16:10:00.028+01:00 INFO api-gateway host=api-gateway-5b8f6c-t6zvn corrId=- health probe ok status=200 latency_ms=16
2026-03-02T16:10:00.690+01:00 INFO payment-scheduler host=payment-scheduler-7c9d5b-x2k4p corrId=- scheduler heartbeat lag_ms=97
2026-03-02T16:11:43.358+01:00 INFO portal-bff host=portal-bff-7c9d5b-x2k4p corrId=c-a9bee9b2c31d3e17 loan application submitted application_id=APP-2026-742048 customer_segment=PRIVATE
2026-03-02T16:11:43.470+01:00 INFO identity-service host=identity-service-5b8f6c-x2k4p corrId=c-a9bee9b2c31d3e17 MitID session validated customer_id=C34592115
2026-03-02T16:11:43.569+01:00 INFO customer-service host=customer-service-a41e92-x2k4p corrId=c-a9bee9b2c31d3e17 KYC profile loaded customer_id=C34592115 risk_class=LOW
2026-03-02T16:11:43.601+01:00 INFO valuation-service host=valuation-service-a41e92-t6zvn corrId=c-a9bee9b2c31d3e17 property valuation served from cache property_id=P1347488 value_dkk=6360000
2026-03-02T16:11:43.654+01:00 INFO credit-service host=credit-service-5b8f6c-x2k4p corrId=c-a9bee9b2c31d3e17 credit assessment completed application_id=APP-2026-742048 score=790 decision=APPROVED
2026-03-02T16:11:43.703+01:00 INFO offer-service host=offer-service-a41e92-t6zvn corrId=c-a9bee9b2c31d3e17 loan offer generated application_id=APP-2026-742048 loan_type=FIXED_30Y principal_dkk=2205000
2026-03-02T16:11:43.825+01:00 INFO document-service host=document-service-a41e92-p9qmz corrId=c-a9bee9b2c31d3e17 offer document stored application_id=APP-2026-742048 doc_id=DOC-06494efd
2026-03-02T16:11:43.941+01:00 INFO portal-bff host=portal-bff-7c9d5b-x2k4p corrId=c-a9bee9b2c31d3e17 application completed application_id=APP-2026-742048 status=OFFER_ISSUED
2026-03-02T16:13:35.208+01:00 INFO portal-bff host=portal-bff-7c9d5b-x2k4p corrId=c-f465d18587e2c866 loan application submitted application_id=APP-2026-802713 customer_segment=SME
2026-03-02T16:13:35.300+01:00 INFO identity-service host=identity-service-7c9d5b-p9qmz corrId=c-f465d18587e2c866 MitID session validated customer_id=C55177239
2026-03-02T16:13:35.325+01:00 INFO customer-service host=customer-service-7c9d5b-t6zvn corrId=c-f465d18587e2c866 KYC profile loaded customer_id=C55177239 risk_class=MEDIUM
2026-03-02T16:13:35.379+01:00 INFO valuation-service host=valuation-service-a41e92-x2k4p corrId=c-f465d18587e2c866 property valuation requested property_id=P6059239 provider=bolig-vurdering
2026-03-02T16:13:35.688+01:00 INFO valuation-service host=valuation-service-a41e92-p9qmz corrId=c-f465d18587e2c866 property valuation received property_id=P6059239 value_dkk=2330000 latency_ms=289
2026-03-02T16:13:35.753+01:00 INFO credit-service host=credit-service-5b8f6c-t6zvn corrId=c-f465d18587e2c866 credit assessment completed application_id=APP-2026-802713 score=713 decision=APPROVED
2026-03-02T16:13:35.839+01:00 INFO offer-service host=offer-service-a41e92-p9qmz corrId=c-f465d18587e2c866 loan offer generated application_id=APP-2026-802713 loan_type=FLEX_1Y principal_dkk=3480000
2026-03-02T16:13:35.847+01:00 INFO document-service host=document-service-5b8f6c-x2k4p corrId=c-f465d18587e2c866 offer document stored application_id=APP-2026-802713 doc_id=DOC-84f19afa
2026-03-02T16:13:35.910+01:00 INFO portal-bff host=portal-bff-7c9d5b-x2k4p corrId=c-f465d18587e2c866 application completed application_id=APP-2026-802713 status=OFFER_ISSUED
2026-03-02T16:15:00.392+01:00 INFO portal-bff host=portal-bff-7c9d5b-x2k4p corrId=c-3254526d579ad83d conversion quote requested loan_id=LN829906485 target_product=FIXED_30Y
2026-03-02T16:15:00.480+01:00 INFO identity-service host=identity-service-7c9d5b-x2k4p corrId=c-3254526d579ad83d MitID session validated customer_id=C28805705
2026-03-02T16:15:00.604+01:00 INFO pricing-service host=pricing-service-a41e92-x2k4p corrId=c-3254526d579ad83d bond price fetched series=BND2.5-2056 price=98.313
2026-03-02T16:15:00.678+01:00 INFO pricing-service host=pricing-service-7c9d5b-x2k4p corrId=c-3254526d579ad83d conversion cost calculated loan_id=LN829906485 cost_dkk=89323.58
2026-03-02T16:15:00.780+01:00 INFO quote-service host=quote-service-5b8f6c-x2k4p corrId=c-3254526d579ad83d conversion quote issued quote_id=Q87859225 loan_id=LN829906485
2026-03-02T16:15:00.880+01:00 INFO api-gateway host=api-gateway-5b8f6c-t6zvn corrId=- health probe ok status=200 latency_ms=5
2026-03-02T16:15:35.768+01:00 INFO portal-bff host=portal-bff-7c9d5b-p9qmz corrId=c-87cd60274f7bc4b5 loan application submitted application_id=APP-2026-706849 customer_segment=SME
2026-03-02T16:15:35.860+01:00 INFO identity-service host=identity-service-5b8f6c-p9qmz corrId=c-87cd60274f7bc4b5 MitID session validated customer_id=C85362479
2026-03-02T16:15:35.996+01:00 INFO customer-service host=customer-service-a41e92-p9qmz corrId=c-87cd60274f7bc4b5 KYC profile loaded customer_id=C85362479 risk_class=LOW
2026-03-02T16:15:36.118+01:00 INFO valuation-service host=valuation-service-7c9d5b-t6zvn corrId=c-87cd60274f7bc4b5 property valuation requested property_id=P5371947 provider=bolig-vurdering
2026-03-02T16:15:36.598+01:00 INFO valuation-service host=valuation-service-5b8f6c-p9qmz corrId=c-87cd60274f7bc4b5 property valuation received property_id=P5371947 value_dkk=1610000 latency_ms=448
2026-03-02T16:15:36.683+01:00 INFO credit-service host=credit-service-5b8f6c-x2k4p corrId=c-87cd60274f7bc4b5 credit assessment completed application_id=APP-2026-706849 score=599 decision=APPROVED
2026-03-02T16:15:36.724+01:00 INFO offer-service host=offer-service-7c9d5b-p9qmz corrId=c-87cd60274f7bc4b5 loan offer generated application_id=APP-2026-706849 loan_type=FLEX_1Y principal_dkk=5390000
2026-03-02T16:15:36.812+01:00 INFO document-service host=document-service-7c9d5b-p9qmz corrId=c-87cd60274f7bc4b5 offer document stored application_id=APP-2026-706849 doc_id=DOC-846de1a7
2026-03-02T16:15:36.926+01:00 INFO portal-bff host=portal-bff-a41e92-p9qmz corrId=c-87cd60274f7bc4b5 application completed application_id=APP-2026-706849 status=OFFER_ISSUED
2026-03-02T16:16:05.170+01:00 INFO portal-bff host=portal-bff-5b8f6c-t6zvn corrId=c-3adb90f662974a92 conversion quote requested loan_id=LN968017120 target_product=FLEX_1Y
2026-03-02T16:16:05.288+01:00 INFO identity-service host=identity-service-5b8f6c-x2k4p corrId=c-3adb90f662974a92 MitID session validated customer_id=C42257420
2026-03-02T16:16:05.357+01:00 INFO pricing-service host=pricing-service-5b8f6c-x2k4p corrId=c-3adb90f662974a92 bond price fetched series=BND2.5-2053 price=96.164
2026-03-02T16:16:05.452+01:00 INFO pricing-service host=pricing-service-5b8f6c-p9qmz corrId=c-3adb90f662974a92 conversion cost calculated loan_id=LN968017120 cost_dkk=30457.60
2026-03-02T16:16:05.565+01:00 INFO quote-service host=quote-service-5b8f6c-p9qmz corrId=c-3adb90f662974a92 conversion quote issued quote_id=Q48739026 loan_id=LN968017120
2026-03-02T16:18:15.985+01:00 INFO portal-bff host=portal-bff-5b8f6c-p9qmz corrId=c-e7d12efe9d0237b9 loan application submitted application_id=APP-2026-809816 customer_segment=PRIVATE
2026-03-02T16:18:16.092+01:00 INFO identity-service host=identity-service-7c9d5b-t6zvn corrId=c-e7d12efe9d0237b9 MitID session validated customer_id=C65161949
2026-03-02T16:18:16.098+01:00 INFO customer-service host=customer-service-5b8f6c-t6zvn corrId=c-e7d12efe9d0237b9 KYC profile loaded customer_id=C65161949 risk_class=MEDIUM
2026-03-02T16:18:16.161+01:00 INFO valuation-service host=valuation-service-5b8f6c-p9qmz corrId=c-e7d12efe9d0237b9 property valuation requested property_id=P8106393 provider=valuta-ejd
2026-03-02T16:18:16.543+01:00 INFO valuation-service host=valuation-service-a41e92-x2k4p corrId=c-e7d12efe9d0237b9 property valuation received property_id=P8106393 value_dkk=1980000 latency_ms=367
2026-03-02T16:18:16.633+01:00 INFO credit-service host=credit-service-5b8f6c-t6zvn corrId=c-e7d12efe9d0237b9 credit assessment completed application_id=APP-2026-809816 score=595 decision=APPROVED
2026-03-02T16:18:16.748+01:00 INFO offer-service host=offer-service-7c9d5b-t6zvn corrId=c-e7d12efe9d0237b9 loan offer generated application_id=APP-2026-809816 loan_type=FIXED_30Y principal_dkk=4885000
2026-03-02T16:18:16.852+01:00 INFO document-service host=document-service-7c9d5b-p9qmz corrId=c-e7d12efe9d0237b9 offer document stored application_id=APP-2026-809816 doc_id=DOC-3e18a1b4
2026-03-02T16:18:16.889+01:00 INFO portal-bff host=portal-bff-5b8f6c-t6zvn corrId=c-e7d12efe9d0237b9 application completed application_id=APP-2026-809816 status=OFFER_ISSUED
2026-03-02T16:20:00.043+01:00 INFO payment-scheduler host=payment-scheduler-7c9d5b-x2k4p corrId=- scheduler heartbeat lag_ms=14
2026-03-02T16:20:00.575+01:00 INFO api-gateway host=api-gateway-7c9d5b-p9qmz corrId=- health probe ok status=200 latency_ms=21
2026-03-02T16:25:00.817+01:00 INFO api-gateway host=api-gateway-7c9d5b-x2k4p corrId=- health probe ok status=200 latency_ms=21
2026-03-02T16:27:40.582+01:00 INFO portal-bff host=portal-bff-a41e92-p9qmz corrId=c-67b830636de558de conversion quote requested loan_id=LN932930496 target_product=FLEX_1Y
2026-03-02T16:27:40.611+01:00 INFO identity-service host=identity-service-5b8f6c-t6zvn corrId=c-67b830636de558de MitID session validated customer_id=C60828304
2026-03-02T16:27:40.723+01:00 INFO pricing-service host=pricing-service-7c9d5b-p9qmz corrId=c-67b830636de558de bond price fetched series=BND3.0-2053 price=89.736
2026-03-02T16:27:40.835+01:00 INFO pricing-service host=pricing-service-a41e92-p9qmz corrId=c-67b830636de558de conversion cost calculated loan_id=LN932930496 cost_dkk=53860.79
2026-03-02T16:27:40.842+01:00 INFO quote-service host=quote-service-7c9d5b-p9qmz corrId=c-67b830636de558de conversion quote issued quote_id=Q70997617 loan_id=LN932930496
2026-03-02T16:30:00.210+01:00 INFO payment-scheduler host=payment-scheduler-a41e92-t6zvn corrId=- scheduler heartbeat lag_ms=45
2026-03-02T16:30:00.712+01:00 INFO api-gateway host=api-gateway-a41e92-t6zvn corrId=- health probe ok status=200 latency_ms=8
2026-03-02T16:31:59.841+01:00 INFO portal-bff host=portal-bff-5b8f6c-x2k4p corrId=c-89d81b967697d97b loan application submitted application_id=APP-2026-036870 customer_segment=SME
2026-03-02T16:31:59.930+01:00 INFO identity-service host=identity-service-7c9d5b-x2k4p corrId=c-89d81b967697d97b MitID session validated customer_id=C13462114
2026-03-02T16:32:00.013+01:00 INFO customer-service host=customer-service-5b8f6c-p9qmz corrId=c-89d81b967697d97b KYC profile loaded customer_id=C13462114 risk_class=HIGH
2026-03-02T16:32:00.138+01:00 INFO valuation-service host=valuation-service-7c9d5b-x2k4p corrId=c-89d81b967697d97b property valuation requested property_id=P3026979 provider=valuta-ejd
2026-03-02T16:32:00.990+01:00 INFO valuation-service host=valuation-service-7c9d5b-x2k4p corrId=c-89d81b967697d97b property valuation received property_id=P3026979 value_dkk=3020000 latency_ms=725
2026-03-02T16:32:01.061+01:00 INFO credit-service host=credit-service-a41e92-x2k4p corrId=c-89d81b967697d97b credit assessment completed application_id=APP-2026-036870 score=777 decision=APPROVED
2026-03-02T16:32:01.182+01:00 INFO offer-service host=offer-service-5b8f6c-t6zvn corrId=c-89d81b967697d97b loan offer generated application_id=APP-2026-036870 loan_type=FLEX_5Y principal_dkk=2510000
2026-03-02T16:32:01.188+01:00 INFO document-service host=document-service-5b8f6c-p9qmz corrId=c-89d81b967697d97b offer document stored application_id=APP-2026-036870 doc_id=DOC-a07dab0e
2026-03-02T16:32:01.320+01:00 INFO portal-bff host=portal-bff-7c9d5b-t6zvn corrId=c-89d81b967697d97b application completed application_id=APP-2026-036870 status=OFFER_ISSUED
2026-03-02T16:35:00.377+01:00 INFO api-gateway host=api-gateway-5b8f6c-p9qmz corrId=- health probe ok status=200 latency_ms=29
2026-03-02T16:37:11.462+01:00 INFO portal-bff host=portal-bff-a41e92-t6zvn corrId=c-3893da5278dedde4 loan application submitted application_id=APP-2026-053050 customer_segment=SME
2026-03-02T16:37:11.575+01:00 INFO identity-service host=identity-service-a41e92-p9qmz corrId=c-3893da5278dedde4 MitID session validated customer_id=C92513675
2026-03-02T16:37:11.682+01:00 INFO customer-service host=customer-service-5b8f6c-t6zvn corrId=c-3893da5278dedde4 KYC profile loaded customer_id=C92513675 risk_class=LOW
2026-03-02T16:37:11.728+01:00 INFO valuation-service host=valuation-service-5b8f6c-p9qmz corrId=c-3893da5278dedde4 property valuation requested property_id=P6243283 provider=valuta-ejd
2026-03-02T16:37:12.509+01:00 INFO valuation-service host=valuation-service-a41e92-x2k4p corrId=c-3893da5278dedde4 property valuation received property_id=P6243283 value_dkk=5790000 latency_ms=642
2026-03-02T16:37:12.611+01:00 INFO credit-service host=credit-service-5b8f6c-x2k4p corrId=c-3893da5278dedde4 credit assessment completed application_id=APP-2026-053050 score=431 decision=APPROVED
2026-03-02T16:37:12.693+01:00 INFO offer-service host=offer-service-5b8f6c-x2k4p corrId=c-3893da5278dedde4 loan offer generated application_id=APP-2026-053050 loan_type=FIXED_30Y principal_dkk=560000
2026-03-02T16:37:12.749+01:00 INFO document-service host=document-service-7c9d5b-x2k4p corrId=c-3893da5278dedde4 offer document stored application_id=APP-2026-053050 doc_id=DOC-ec19f0ac
2026-03-02T16:37:12.868+01:00 INFO portal-bff host=portal-bff-5b8f6c-x2k4p corrId=c-3893da5278dedde4 application completed application_id=APP-2026-053050 status=OFFER_ISSUED
2026-03-02T16:40:00.263+01:00 INFO payment-scheduler host=payment-scheduler-7c9d5b-t6zvn corrId=- scheduler heartbeat lag_ms=61
2026-03-02T16:40:00.465+01:00 INFO api-gateway host=api-gateway-5b8f6c-t6zvn corrId=- health probe ok status=200 latency_ms=3
2026-03-02T16:40:13.000+01:00 INFO valuation-service host=valuation-service-7c9d5b-x2k4p corrId=- jvm gc pause pause_ms=64
2026-03-02T16:43:13.587+01:00 INFO portal-bff host=portal-bff-a41e92-t6zvn corrId=c-2272f6e57b774591 conversion quote requested loan_id=LN196818033 target_product=FIXED_30Y
2026-03-02T16:43:13.598+01:00 INFO identity-service host=identity-service-5b8f6c-p9qmz corrId=c-2272f6e57b774591 MitID session validated customer_id=C59072770
2026-03-02T16:43:13.692+01:00 INFO pricing-service host=pricing-service-5b8f6c-x2k4p corrId=c-2272f6e57b774591 bond price fetched series=BND4.0-2056 price=100.809
2026-03-02T16:43:13.827+01:00 INFO pricing-service host=pricing-service-7c9d5b-t6zvn corrId=c-2272f6e57b774591 conversion cost calculated loan_id=LN196818033 cost_dkk=51207.07
2026-03-02T16:43:13.866+01:00 INFO quote-service host=quote-service-7c9d5b-t6zvn corrId=c-2272f6e57b774591 conversion quote issued quote_id=Q05247356 loan_id=LN196818033
2026-03-02T16:45:00.097+01:00 INFO api-gateway host=api-gateway-a41e92-p9qmz corrId=- health probe ok status=200 latency_ms=2
2026-03-02T16:46:39.000+01:00 INFO valuation-service host=valuation-service-a41e92-p9qmz corrId=- jvm gc pause pause_ms=78
2026-03-02T16:47:26.620+01:00 INFO portal-bff host=portal-bff-5b8f6c-x2k4p corrId=c-de4ecf3f0ddc0789 conversion quote requested loan_id=LN253766412 target_product=FLEX_1Y
2026-03-02T16:47:26.698+01:00 INFO identity-service host=identity-service-a41e92-t6zvn corrId=c-de4ecf3f0ddc0789 MitID session validated customer_id=C11721453
2026-03-02T16:47:26.729+01:00 INFO pricing-service host=pricing-service-7c9d5b-x2k4p corrId=c-de4ecf3f0ddc0789 bond price fetched series=BND4.0-2053 price=98.065
2026-03-02T16:47:26.799+01:00 INFO pricing-service host=pricing-service-5b8f6c-p9qmz corrId=c-de4ecf3f0ddc0789 conversion cost calculated loan_id=LN253766412 cost_dkk=29676.53
2026-03-02T16:47:26.902+01:00 INFO quote-service host=quote-service-a41e92-p9qmz corrId=c-de4ecf3f0ddc0789 conversion quote issued quote_id=Q89260919 loan_id=LN253766412
2026-03-02T16:50:00.486+01:00 INFO api-gateway host=api-gateway-7c9d5b-t6zvn corrId=- health probe ok status=200 latency_ms=7
2026-03-02T16:50:00.655+01:00 INFO payment-scheduler host=payment-scheduler-7c9d5b-t6zvn corrId=- scheduler heartbeat lag_ms=8
2026-03-02T16:55:00.829+01:00 INFO api-gateway host=api-gateway-7c9d5b-x2k4p corrId=- health probe ok status=200 latency_ms=29
2026-03-02T17:00:00.025+01:00 INFO payment-scheduler host=payment-scheduler-5b8f6c-t6zvn corrId=- scheduler heartbeat lag_ms=102
2026-03-02T17:00:00.796+01:00 INFO api-gateway host=api-gateway-a41e92-p9qmz corrId=- health probe ok status=200 latency_ms=5
2026-03-02T17:00:29.000+01:00 INFO config-service host=config-service-5b8f6c-p9qmz corrId=- configuration refreshed version=v138
2026-03-02T17:05:00.074+01:00 INFO api-gateway host=api-gateway-a41e92-t6zvn corrId=- health probe ok status=200 latency_ms=32
2026-03-02T17:10:00.496+01:00 INFO api-gateway host=api-gateway-a41e92-x2k4p corrId=- health probe ok status=200 latency_ms=13
2026-03-02T17:10:00.813+01:00 INFO payment-scheduler host=payment-scheduler-7c9d5b-p9qmz corrId=- scheduler heartbeat lag_ms=26
2026-03-02T17:15:00.805+01:00 INFO api-gateway host=api-gateway-a41e92-x2k4p corrId=- health probe ok status=200 latency_ms=16
2026-03-02T17:20:00.052+01:00 INFO payment-scheduler host=payment-scheduler-a41e92-t6zvn corrId=- scheduler heartbeat lag_ms=22
2026-03-02T17:20:00.653+01:00 INFO api-gateway host=api-gateway-7c9d5b-x2k4p corrId=- health probe ok status=200 latency_ms=18
2026-03-02T17:25:00.605+01:00 INFO api-gateway host=api-gateway-7c9d5b-p9qmz corrId=- health probe ok status=200 latency_ms=18
2026-03-02T17:30:00.891+01:00 INFO api-gateway host=api-gateway-7c9d5b-p9qmz corrId=- health probe ok status=200 latency_ms=9
2026-03-02T17:30:00.893+01:00 INFO payment-scheduler host=payment-scheduler-7c9d5b-x2k4p corrId=- scheduler heartbeat lag_ms=96
2026-03-02T17:35:00.223+01:00 INFO api-gateway host=api-gateway-5b8f6c-x2k4p corrId=- health probe ok status=200 latency_ms=15
2026-03-02T17:35:21.000+01:00 INFO valuation-service host=valuation-service-5b8f6c-x2k4p corrId=- jvm gc pause pause_ms=38
2026-03-02T17:35:21.382+01:00 INFO portal-bff host=portal-bff-7c9d5b-x2k4p corrId=c-68d066361de42f38 conversion quote requested loan_id=LN407098291 target_product=FLEX_1Y
2026-03-02T17:35:21.505+01:00 INFO identity-service host=identity-service-7c9d5b-x2k4p corrId=c-68d066361de42f38 MitID session validated customer_id=C81944343
2026-03-02T17:35:21.532+01:00 INFO pricing-service host=pricing-service-5b8f6c-x2k4p corrId=c-68d066361de42f38 bond price fetched series=BND2.5-2053 price=99.520
2026-03-02T17:35:21.554+01:00 INFO pricing-service host=pricing-service-5b8f6c-x2k4p corrId=c-68d066361de42f38 conversion cost calculated loan_id=LN407098291 cost_dkk=38800.64
2026-03-02T17:35:21.648+01:00 INFO quote-service host=quote-service-5b8f6c-p9qmz corrId=c-68d066361de42f38 conversion quote issued quote_id=Q38638073 loan_id=LN407098291
2026-03-02T17:40:00.425+01:00 INFO api-gateway host=api-gateway-a41e92-x2k4p corrId=- health probe ok status=200 latency_ms=15
2026-03-02T17:40:00.614+01:00 INFO payment-scheduler host=payment-scheduler-a41e92-p9qmz corrId=- scheduler heartbeat lag_ms=8
2026-03-02T17:42:16.096+01:00 INFO portal-bff host=portal-bff-7c9d5b-t6zvn corrId=c-92751641fa14a3ce conversion quote requested loan_id=LN818759594 target_product=FIXED_30Y
2026-03-02T17:42:16.208+01:00 INFO identity-service host=identity-service-5b8f6c-x2k4p corrId=c-92751641fa14a3ce MitID session validated customer_id=C23292944
2026-03-02T17:42:16.325+01:00 INFO pricing-service host=pricing-service-a41e92-x2k4p corrId=c-92751641fa14a3ce bond price fetched series=BND3.0-2053 price=96.793
2026-03-02T17:42:16.418+01:00 INFO pricing-service host=pricing-service-7c9d5b-t6zvn corrId=c-92751641fa14a3ce conversion cost calculated loan_id=LN818759594 cost_dkk=72079.43
2026-03-02T17:42:16.460+01:00 INFO quote-service host=quote-service-7c9d5b-t6zvn corrId=c-92751641fa14a3ce conversion quote issued quote_id=Q57321920 loan_id=LN818759594
2026-03-02T17:45:00.018+01:00 INFO api-gateway host=api-gateway-7c9d5b-t6zvn corrId=- health probe ok status=200 latency_ms=9
2026-03-02T17:47:25.547+01:00 INFO portal-bff host=portal-bff-5b8f6c-t6zvn corrId=c-27ed18b021dd94a0 conversion quote requested loan_id=LN581873516 target_product=FIXED_30Y
2026-03-02T17:47:25.618+01:00 INFO identity-service host=identity-service-a41e92-x2k4p corrId=c-27ed18b021dd94a0 MitID session validated customer_id=C84234191
2026-03-02T17:47:25.704+01:00 INFO pricing-service host=pricing-service-5b8f6c-t6zvn corrId=c-27ed18b021dd94a0 bond price fetched series=BND4.0-2053 price=94.778
2026-03-02T17:47:25.725+01:00 INFO pricing-service host=pricing-service-5b8f6c-x2k4p corrId=c-27ed18b021dd94a0 conversion cost calculated loan_id=LN581873516 cost_dkk=48694.83
2026-03-02T17:47:25.802+01:00 INFO quote-service host=quote-service-5b8f6c-p9qmz corrId=c-27ed18b021dd94a0 conversion quote issued quote_id=Q93597743 loan_id=LN581873516
2026-03-02T17:50:00.136+01:00 INFO payment-scheduler host=payment-scheduler-a41e92-p9qmz corrId=- scheduler heartbeat lag_ms=35
2026-03-02T17:50:00.286+01:00 INFO api-gateway host=api-gateway-5b8f6c-p9qmz corrId=- health probe ok status=200 latency_ms=14
2026-03-02T17:54:34.373+01:00 INFO portal-bff host=portal-bff-7c9d5b-t6zvn corrId=c-0e496b355b0569ca conversion quote requested loan_id=LN709992559 target_product=FLEX_1Y
2026-03-02T17:54:34.510+01:00 INFO identity-service host=identity-service-a41e92-p9qmz corrId=c-0e496b355b0569ca MitID session validated customer_id=C97042739
2026-03-02T17:54:34.606+01:00 INFO pricing-service host=pricing-service-5b8f6c-t6zvn corrId=c-0e496b355b0569ca bond price fetched series=BND3.0-2053 price=98.276
2026-03-02T17:54:34.703+01:00 INFO pricing-service host=pricing-service-5b8f6c-x2k4p corrId=c-0e496b355b0569ca conversion cost calculated loan_id=LN709992559 cost_dkk=25388.78
2026-03-02T17:54:34.814+01:00 INFO quote-service host=quote-service-5b8f6c-p9qmz corrId=c-0e496b355b0569ca conversion quote issued quote_id=Q74635672 loan_id=LN709992559
2026-03-02T17:55:00.346+01:00 INFO api-gateway host=api-gateway-7c9d5b-t6zvn corrId=- health probe ok status=200 latency_ms=23
2026-03-02T17:59:14.647+01:00 INFO portal-bff host=portal-bff-5b8f6c-x2k4p corrId=c-a9d53efe6afedc40 conversion quote requested loan_id=LN038813308 target_product=FLEX_5Y
2026-03-02T17:59:14.660+01:00 INFO identity-service host=identity-service-a41e92-p9qmz corrId=c-a9d53efe6afedc40 MitID session validated customer_id=C30665790
2026-03-02T17:59:14.688+01:00 INFO pricing-service host=pricing-service-a41e92-t6zvn corrId=c-a9d53efe6afedc40 bond price fetched series=BND4.0-2053 price=95.525
2026-03-02T17:59:14.753+01:00 INFO pricing-service host=pricing-service-5b8f6c-t6zvn corrId=c-a9d53efe6afedc40 conversion cost calculated loan_id=LN038813308 cost_dkk=20694.34
2026-03-02T17:59:14.869+01:00 INFO quote-service host=quote-service-7c9d5b-p9qmz corrId=c-a9d53efe6afedc40 conversion quote issued quote_id=Q64541835 loan_id=LN038813308
2026-03-02T18:00:00.176+01:00 INFO payment-scheduler host=payment-scheduler-a41e92-p9qmz corrId=- scheduler heartbeat lag_ms=3
2026-03-02T18:00:00.773+01:00 INFO api-gateway host=api-gateway-7c9d5b-p9qmz corrId=- health probe ok status=200 latency_ms=20
2026-03-02T18:00:02.000+01:00 INFO config-service host=config-service-a41e92-t6zvn corrId=- configuration refreshed version=v110
2026-03-02T18:03:59.501+01:00 INFO portal-bff host=portal-bff-a41e92-x2k4p corrId=c-9e7ac7547ce19884 conversion quote requested loan_id=LN682646643 target_product=FIXED_30Y
2026-03-02T18:03:59.618+01:00 INFO identity-service host=identity-service-5b8f6c-p9qmz corrId=c-9e7ac7547ce19884 MitID session validated customer_id=C84276610
2026-03-02T18:03:59.646+01:00 INFO pricing-service host=pricing-service-a41e92-x2k4p corrId=c-9e7ac7547ce19884 bond price fetched series=BND3.0-2053 price=101.926
2026-03-02T18:03:59.737+01:00 INFO pricing-service host=pricing-service-7c9d5b-p9qmz corrId=c-9e7ac7547ce19884 conversion cost calculated loan_id=LN682646643 cost_dkk=22537.69
2026-03-02T18:03:59.769+01:00 INFO quote-service host=quote-service-a41e92-x2k4p corrId=c-9e7ac7547ce19884 conversion quote issued quote_id=Q08878828 loan_id=LN682646643
2026-03-02T18:05:00.358+01:00 INFO api-gateway host=api-gateway-5b8f6c-p9qmz corrId=- health probe ok status=200 latency_ms=34
2026-03-02T18:10:00.164+01:00 INFO payment-scheduler host=payment-scheduler-7c9d5b-t6zvn corrId=- scheduler heartbeat lag_ms=33
2026-03-02T18:10:00.436+01:00 INFO api-gateway host=api-gateway-5b8f6c-x2k4p corrId=- health probe ok status=200 latency_ms=28
2026-03-02T18:15:00.218+01:00 INFO api-gateway host=api-gateway-7c9d5b-t6zvn corrId=- health probe ok status=200 latency_ms=34
2026-03-02T18:20:00.146+01:00 INFO api-gateway host=api-gateway-7c9d5b-x2k4p corrId=- health probe ok status=200 latency_ms=2
2026-03-02T18:20:00.388+01:00 INFO payment-scheduler host=payment-scheduler-5b8f6c-t6zvn corrId=- scheduler heartbeat lag_ms=118
2026-03-02T18:20:15.836+01:00 INFO portal-bff host=portal-bff-7c9d5b-t6zvn corrId=c-c34bd244a770260b conversion quote requested loan_id=LN075271006 target_product=FLEX_1Y
2026-03-02T18:20:15.928+01:00 INFO identity-service host=identity-service-5b8f6c-p9qmz corrId=c-c34bd244a770260b MitID session validated customer_id=C40465754
2026-03-02T18:20:16.053+01:00 INFO pricing-service host=pricing-service-a41e92-t6zvn corrId=c-c34bd244a770260b bond price fetched series=BND2.5-2056 price=92.906
2026-03-02T18:20:16.105+01:00 INFO pricing-service host=pricing-service-7c9d5b-x2k4p corrId=c-c34bd244a770260b conversion cost calculated loan_id=LN075271006 cost_dkk=84191.22
2026-03-02T18:20:16.201+01:00 INFO quote-service host=quote-service-7c9d5b-t6zvn corrId=c-c34bd244a770260b conversion quote issued quote_id=Q15930194 loan_id=LN075271006
2026-03-02T18:21:28.457+01:00 INFO portal-bff host=portal-bff-5b8f6c-x2k4p corrId=c-aa2e27e8eb883d6a conversion quote requested loan_id=LN308310645 target_product=FLEX_5Y
2026-03-02T18:21:28.577+01:00 INFO identity-service host=identity-service-5b8f6c-x2k4p corrId=c-aa2e27e8eb883d6a MitID session validated customer_id=C86143589
2026-03-02T18:21:28.616+01:00 INFO pricing-service host=pricing-service-7c9d5b-p9qmz corrId=c-aa2e27e8eb883d6a bond price fetched series=BND4.0-2056 price=101.612
2026-03-02T18:21:28.651+01:00 INFO pricing-service host=pricing-service-a41e92-x2k4p corrId=c-aa2e27e8eb883d6a conversion cost calculated loan_id=LN308310645 cost_dkk=11070.01
2026-03-02T18:21:28.729+01:00 INFO quote-service host=quote-service-a41e92-t6zvn corrId=c-aa2e27e8eb883d6a conversion quote issued quote_id=Q33430292 loan_id=LN308310645
2026-03-02T18:22:26.899+01:00 INFO portal-bff host=portal-bff-7c9d5b-x2k4p corrId=c-4ed780ee4b0409db conversion quote requested loan_id=LN822496434 target_product=FIXED_30Y
2026-03-02T18:22:26.938+01:00 INFO identity-service host=identity-service-5b8f6c-x2k4p corrId=c-4ed780ee4b0409db MitID session validated customer_id=C79007763
2026-03-02T18:22:26.946+01:00 INFO pricing-service host=pricing-service-7c9d5b-p9qmz corrId=c-4ed780ee4b0409db bond price fetched series=BND2.5-2053 price=94.598
2026-03-02T18:22:27.044+01:00 INFO pricing-service host=pricing-service-5b8f6c-p9qmz corrId=c-4ed780ee4b0409db conversion cost calculated loan_id=LN822496434 cost_dkk=75617.23
2026-03-02T18:22:27.052+01:00 INFO quote-service host=quote-service-7c9d5b-p9qmz corrId=c-4ed780ee4b0409db conversion quote issued quote_id=Q00882594 loan_id=LN822496434
2026-03-02T18:25:00.616+01:00 INFO api-gateway host=api-gateway-a41e92-t6zvn corrId=- health probe ok status=200 latency_ms=19
2026-03-02T18:30:00.175+01:00 INFO api-gateway host=api-gateway-a41e92-p9qmz corrId=- health probe ok status=200 latency_ms=18
2026-03-02T18:30:00.437+01:00 INFO payment-scheduler host=payment-scheduler-a41e92-x2k4p corrId=- scheduler heartbeat lag_ms=85
2026-03-02T18:35:00.123+01:00 INFO api-gateway host=api-gateway-5b8f6c-t6zvn corrId=- health probe ok status=200 latency_ms=10
2026-03-02T18:40:00.383+01:00 INFO api-gateway host=api-gateway-7c9d5b-x2k4p corrId=- health probe ok status=200 latency_ms=3
2026-03-02T18:40:00.553+01:00 INFO payment-scheduler host=payment-scheduler-5b8f6c-x2k4p corrId=- scheduler heartbeat lag_ms=84
2026-03-02T18:45:00.651+01:00 INFO api-gateway host=api-gateway-7c9d5b-x2k4p corrId=- health probe ok status=200 latency_ms=5
2026-03-02T18:49:58.287+01:00 INFO portal-bff host=portal-bff-7c9d5b-t6zvn corrId=c-3c1884edea6e28c7 conversion quote requested loan_id=LN978002815 target_product=FIXED_30Y
2026-03-02T18:49:58.359+01:00 INFO identity-service host=identity-service-7c9d5b-x2k4p corrId=c-3c1884edea6e28c7 MitID session validated customer_id=C37865579
2026-03-02T18:49:58.379+01:00 INFO pricing-service host=pricing-service-a41e92-x2k4p corrId=c-3c1884edea6e28c7 bond price fetched series=BND3.0-2056 price=88.712
2026-03-02T18:49:58.461+01:00 INFO pricing-service host=pricing-service-a41e92-p9qmz corrId=c-3c1884edea6e28c7 conversion cost calculated loan_id=LN978002815 cost_dkk=84300.40
2026-03-02T18:49:58.506+01:00 INFO quote-service host=quote-service-5b8f6c-t6zvn corrId=c-3c1884edea6e28c7 conversion quote issued quote_id=Q33297519 loan_id=LN978002815
2026-03-02T18:50:00.186+01:00 INFO api-gateway host=api-gateway-7c9d5b-t6zvn corrId=- health probe ok status=200 latency_ms=23
2026-03-02T18:50:00.774+01:00 INFO payment-scheduler host=payment-scheduler-5b8f6c-x2k4p corrId=- scheduler heartbeat lag_ms=56
2026-03-02T18:55:00.553+01:00 INFO api-gateway host=api-gateway-5b8f6c-p9qmz corrId=- health probe ok status=200 latency_ms=17
2026-03-02T18:59:12.643+01:00 INFO portal-bff host=portal-bff-5b8f6c-p9qmz corrId=c-7e360e0b7051d081 conversion quote requested loan_id=LN949769792 target_product=FIXED_30Y
2026-03-02T18:59:12.720+01:00 INFO identity-service host=identity-service-a41e92-p9qmz corrId=c-7e360e0b7051d081 MitID session validated customer_id=C83403825
2026-03-02T18:59:12.731+01:00 INFO pricing-service host=pricing-service-5b8f6c-t6zvn corrId=c-7e360e0b7051d081 bond price fetched series=BND3.0-2056 price=93.412
2026-03-02T18:59:12.813+01:00 INFO pricing-service host=pricing-service-7c9d5b-p9qmz corrId=c-7e360e0b7051d081 conversion cost calculated loan_id=LN949769792 cost_dkk=57633.60
2026-03-02T18:59:12.835+01:00 INFO quote-service host=quote-service-7c9d5b-t6zvn corrId=c-7e360e0b7051d081 conversion quote issued quote_id=Q75108053 loan_id=LN949769792
2026-03-02T18:59:55.588+01:00 INFO portal-bff host=portal-bff-a41e92-t6zvn corrId=c-a3d31f202c094bc2 conversion quote requested loan_id=LN849023231 target_product=FLEX_1Y
2026-03-02T18:59:55.663+01:00 INFO identity-service host=identity-service-5b8f6c-x2k4p corrId=c-a3d31f202c094bc2 MitID session validated customer_id=C41140120
2026-03-02T18:59:55.760+01:00 INFO pricing-service host=pricing-service-5b8f6c-p9qmz corrId=c-a3d31f202c094bc2 bond price fetched series=BND3.0-2053 price=99.850
2026-03-02T18:59:55.869+01:00 INFO pricing-service host=pricing-service-7c9d5b-x2k4p corrId=c-a3d31f202c094bc2 conversion cost calculated loan_id=LN849023231 cost_dkk=36595.24
2026-03-02T18:59:55.945+01:00 INFO quote-service host=quote-service-7c9d5b-t6zvn corrId=c-a3d31f202c094bc2 conversion quote issued quote_id=Q68093394 loan_id=LN849023231
2026-03-02T19:00:00.312+01:00 INFO api-gateway host=api-gateway-7c9d5b-t6zvn corrId=- health probe ok status=200 latency_ms=5
2026-03-02T19:00:00.481+01:00 INFO payment-scheduler host=payment-scheduler-5b8f6c-t6zvn corrId=- scheduler heartbeat lag_ms=93
2026-03-02T19:00:25.000+01:00 INFO config-service host=config-service-a41e92-x2k4p corrId=- configuration refreshed version=v103
2026-03-02T19:03:47.275+01:00 INFO portal-bff host=portal-bff-a41e92-x2k4p corrId=c-269a94e0482d2d93 conversion quote requested loan_id=LN652259661 target_product=FLEX_5Y
2026-03-02T19:03:47.368+01:00 INFO identity-service host=identity-service-5b8f6c-t6zvn corrId=c-269a94e0482d2d93 MitID session validated customer_id=C58102462
2026-03-02T19:03:47.418+01:00 INFO pricing-service host=pricing-service-7c9d5b-x2k4p corrId=c-269a94e0482d2d93 bond price fetched series=BND4.0-2056 price=100.240
2026-03-02T19:03:47.426+01:00 INFO pricing-service host=pricing-service-a41e92-t6zvn corrId=c-269a94e0482d2d93 conversion cost calculated loan_id=LN652259661 cost_dkk=59787.39
2026-03-02T19:03:47.546+01:00 INFO quote-service host=quote-service-7c9d5b-x2k4p corrId=c-269a94e0482d2d93 conversion quote issued quote_id=Q05132740 loan_id=LN652259661
2026-03-02T19:05:00.038+01:00 INFO api-gateway host=api-gateway-5b8f6c-p9qmz corrId=- health probe ok status=200 latency_ms=28
2026-03-02T19:05:46.011+01:00 INFO portal-bff host=portal-bff-5b8f6c-t6zvn corrId=c-f987761aaac2d51f conversion quote requested loan_id=LN901103061 target_product=FIXED_30Y
2026-03-02T19:05:46.126+01:00 INFO identity-service host=identity-service-5b8f6c-x2k4p corrId=c-f987761aaac2d51f MitID session validated customer_id=C39808670
2026-03-02T19:05:46.250+01:00 INFO pricing-service host=pricing-service-5b8f6c-x2k4p corrId=c-f987761aaac2d51f bond price fetched series=BND4.0-2056 price=91.636
2026-03-02T19:05:46.378+01:00 INFO pricing-service host=pricing-service-5b8f6c-x2k4p corrId=c-f987761aaac2d51f conversion cost calculated loan_id=LN901103061 cost_dkk=28396.22
2026-03-02T19:05:46.455+01:00 INFO quote-service host=quote-service-5b8f6c-p9qmz corrId=c-f987761aaac2d51f conversion quote issued quote_id=Q74603208 loan_id=LN901103061
2026-03-02T19:10:00.026+01:00 INFO payment-scheduler host=payment-scheduler-a41e92-x2k4p corrId=- scheduler heartbeat lag_ms=65
2026-03-02T19:10:00.268+01:00 INFO api-gateway host=api-gateway-5b8f6c-t6zvn corrId=- health probe ok status=200 latency_ms=24
2026-03-02T19:15:00.071+01:00 INFO api-gateway host=api-gateway-5b8f6c-p9qmz corrId=- health probe ok status=200 latency_ms=32
2026-03-02T19:20:00.095+01:00 INFO api-gateway host=api-gateway-5b8f6c-p9qmz corrId=- health probe ok status=200 latency_ms=32
2026-03-02T19:20:00.843+01:00 INFO payment-scheduler host=payment-scheduler-7c9d5b-p9qmz corrId=- scheduler heartbeat lag_ms=66
2026-03-02T19:25:00.011+01:00 INFO api-gateway host=api-gateway-a41e92-x2k4p corrId=- health probe ok status=200 latency_ms=37
2026-03-02T19:30:00.140+01:00 INFO payment-scheduler host=payment-scheduler-7c9d5b-p9qmz corrId=- scheduler heartbeat lag_ms=34
2026-03-02T19:30:00.506+01:00 INFO api-gateway host=api-gateway-a41e92-t6zvn corrId=- health probe ok status=200 latency_ms=39
2026-03-02T19:35:00.639+01:00 INFO api-gateway host=api-gateway-7c9d5b-p9qmz corrId=- health probe ok status=200 latency_ms=17
2026-03-02T19:35:01.140+01:00 INFO portal-bff host=portal-bff-5b8f6c-t6zvn corrId=c-7c1862e2cee96ea2 conversion quote requested loan_id=LN264447800 target_product=FLEX_5Y
2026-03-02T19:35:01.156+01:00 INFO identity-service host=identity-service-a41e92-p9qmz corrId=c-7c1862e2cee96ea2 MitID session validated customer_id=C68637905
2026-03-02T19:35:01.240+01:00 INFO pricing-service host=pricing-service-a41e92-p9qmz corrId=c-7c1862e2cee96ea2 bond price fetched series=BND2.5-2053 price=97.614
2026-03-02T19:35:01.364+01:00 INFO pricing-service host=pricing-service-5b8f6c-p9qmz corrId=c-7c1862e2cee96ea2 conversion cost calculated loan_id=LN264447800 cost_dkk=75291.53
2026-03-02T19:35:01.378+01:00 INFO quote-service host=quote-service-a41e92-p9qmz corrId=c-7c1862e2cee96ea2 conversion quote issued quote_id=Q51251000 loan_id=LN264447800
2026-03-02T19:36:04.544+01:00 INFO portal-bff host=portal-bff-7c9d5b-p9qmz corrId=c-8a5adc40d4d69d6d conversion quote requested loan_id=LN109134602 target_product=FLEX_1Y
2026-03-02T19:36:04.576+01:00 INFO identity-service host=identity-service-5b8f6c-x2k4p corrId=c-8a5adc40d4d69d6d MitID session validated customer_id=C50394221
2026-03-02T19:36:04.672+01:00 INFO pricing-service host=pricing-service-5b8f6c-p9qmz corrId=c-8a5adc40d4d69d6d bond price fetched series=BND4.0-2056 price=99.544
2026-03-02T19:36:04.783+01:00 INFO pricing-service host=pricing-service-7c9d5b-t6zvn corrId=c-8a5adc40d4d69d6d conversion cost calculated loan_id=LN109134602 cost_dkk=25335.34
2026-03-02T19:36:04.851+01:00 INFO quote-service host=quote-service-7c9d5b-p9qmz corrId=c-8a5adc40d4d69d6d conversion quote issued quote_id=Q73992816 loan_id=LN109134602
2026-03-02T19:39:20.000+01:00 INFO portal-bff host=portal-bff-a41e92-t6zvn corrId=c-ecf7e7c731e469b6 conversion quote requested loan_id=LN117035227 target_product=FIXED_30Y
2026-03-02T19:39:20.116+01:00 INFO identity-service host=identity-service-7c9d5b-x2k4p corrId=c-ecf7e7c731e469b6 MitID session validated customer_id=C52939894
2026-03-02T19:39:20.228+01:00 INFO pricing-service host=pricing-service-7c9d5b-p9qmz corrId=c-ecf7e7c731e469b6 bond price fetched series=BND3.0-2056 price=98.324
2026-03-02T19:39:20.285+01:00 INFO pricing-service host=pricing-service-7c9d5b-x2k4p corrId=c-ecf7e7c731e469b6 conversion cost calculated loan_id=LN117035227 cost_dkk=36932.06
2026-03-02T19:39:20.393+01:00 INFO quote-service host=quote-service-7c9d5b-p9qmz corrId=c-ecf7e7c731e469b6 conversion quote issued quote_id=Q18982258 loan_id=LN117035227
2026-03-02T19:40:00.490+01:00 INFO api-gateway host=api-gateway-5b8f6c-p9qmz corrId=- health probe ok status=200 latency_ms=27
2026-03-02T19:40:00.777+01:00 INFO payment-scheduler host=payment-scheduler-7c9d5b-p9qmz corrId=- scheduler heartbeat lag_ms=49
2026-03-02T19:45:00.690+01:00 INFO api-gateway host=api-gateway-5b8f6c-p9qmz corrId=- health probe ok status=200 latency_ms=28
2026-03-02T19:47:03.024+01:00 INFO portal-bff host=portal-bff-a41e92-p9qmz corrId=c-629d7820c31bdc55 conversion quote requested loan_id=LN305860606 target_product=FIXED_30Y
2026-03-02T19:47:03.070+01:00 INFO identity-service host=identity-service-a41e92-t6zvn corrId=c-629d7820c31bdc55 MitID session validated customer_id=C65416415
2026-03-02T19:47:03.160+01:00 INFO pricing-service host=pricing-service-a41e92-p9qmz corrId=c-629d7820c31bdc55 bond price fetched series=BND4.0-2056 price=90.052
2026-03-02T19:47:03.292+01:00 INFO pricing-service host=pricing-service-a41e92-t6zvn corrId=c-629d7820c31bdc55 conversion cost calculated loan_id=LN305860606 cost_dkk=59182.60
2026-03-02T19:47:03.341+01:00 INFO quote-service host=quote-service-7c9d5b-p9qmz corrId=c-629d7820c31bdc55 conversion quote issued quote_id=Q47424612 loan_id=LN305860606
2026-03-02T19:48:34.471+01:00 INFO portal-bff host=portal-bff-5b8f6c-t6zvn corrId=c-501dce83321c8b93 conversion quote requested loan_id=LN668330403 target_product=FLEX_5Y
2026-03-02T19:48:34.511+01:00 INFO identity-service host=identity-service-a41e92-p9qmz corrId=c-501dce83321c8b93 MitID session validated customer_id=C52823627
2026-03-02T19:48:34.580+01:00 INFO pricing-service host=pricing-service-a41e92-t6zvn corrId=c-501dce83321c8b93 bond price fetched series=BND4.0-2056 price=92.913
2026-03-02T19:48:34.599+01:00 INFO pricing-service host=pricing-service-7c9d5b-x2k4p corrId=c-501dce83321c8b93 conversion cost calculated loan_id=LN668330403 cost_dkk=46511.02
2026-03-02T19:48:34.608+01:00 INFO quote-service host=quote-service-a41e92-x2k4p corrId=c-501dce83321c8b93 conversion quote issued quote_id=Q76721270 loan_id=LN668330403
2026-03-02T19:50:00.495+01:00 INFO api-gateway host=api-gateway-a41e92-p9qmz corrId=- health probe ok status=200 latency_ms=37
2026-03-02T19:50:00.611+01:00 INFO payment-scheduler host=payment-scheduler-5b8f6c-p9qmz corrId=- scheduler heartbeat lag_ms=109
2026-03-02T19:55:00.468+01:00 INFO api-gateway host=api-gateway-5b8f6c-t6zvn corrId=- health probe ok status=200 latency_ms=14
2026-03-02T20:00:00.217+01:00 INFO api-gateway host=api-gateway-a41e92-t6zvn corrId=- health probe ok status=200 latency_ms=34
2026-03-02T20:00:00.423+01:00 INFO payment-scheduler host=payment-scheduler-a41e92-p9qmz corrId=- scheduler heartbeat lag_ms=82
2026-03-02T20:00:36.000+01:00 INFO config-service host=config-service-5b8f6c-p9qmz corrId=- configuration refreshed version=v117
2026-03-02T20:05:00.807+01:00 INFO api-gateway host=api-gateway-7c9d5b-t6zvn corrId=- health probe ok status=200 latency_ms=33
2026-03-02T20:10:00.240+01:00 INFO payment-scheduler host=payment-scheduler-5b8f6c-t6zvn corrId=- scheduler heartbeat lag_ms=41
2026-03-02T20:10:00.293+01:00 INFO api-gateway host=api-gateway-7c9d5b-t6zvn corrId=- health probe ok status=200 latency_ms=11
2026-03-02T20:15:00.280+01:00 INFO api-gateway host=api-gateway-a41e92-p9qmz corrId=- health probe ok status=200 latency_ms=26
2026-03-02T20:20:00.331+01:00 INFO api-gateway host=api-gateway-a41e92-x2k4p corrId=- health probe ok status=200 latency_ms=21
2026-03-02T20:20:00.787+01:00 INFO payment-scheduler host=payment-scheduler-a41e92-t6zvn corrId=- scheduler heartbeat lag_ms=70
2026-03-02T20:25:00.420+01:00 INFO api-gateway host=api-gateway-a41e92-p9qmz corrId=- health probe ok status=200 latency_ms=7
2026-03-02T20:25:09.420+01:00 INFO portal-bff host=portal-bff-a41e92-p9qmz corrId=c-3535406359d6e1c2 conversion quote requested loan_id=LN641876078 target_product=FIXED_30Y
2026-03-02T20:25:09.551+01:00 INFO identity-service host=identity-service-5b8f6c-x2k4p corrId=c-3535406359d6e1c2 MitID session validated customer_id=C83157328
2026-03-02T20:25:09.557+01:00 INFO pricing-service host=pricing-service-a41e92-p9qmz corrId=c-3535406359d6e1c2 bond price fetched series=BND4.0-2056 price=89.169
2026-03-02T20:25:09.637+01:00 INFO pricing-service host=pricing-service-7c9d5b-p9qmz corrId=c-3535406359d6e1c2 conversion cost calculated loan_id=LN641876078 cost_dkk=80397.17
2026-03-02T20:25:09.669+01:00 INFO quote-service host=quote-service-5b8f6c-x2k4p corrId=c-3535406359d6e1c2 conversion quote issued quote_id=Q41128951 loan_id=LN641876078
2026-03-02T20:30:00.245+01:00 INFO api-gateway host=api-gateway-a41e92-p9qmz corrId=- health probe ok status=200 latency_ms=34
2026-03-02T20:30:00.441+01:00 INFO payment-scheduler host=payment-scheduler-a41e92-x2k4p corrId=- scheduler heartbeat lag_ms=110
2026-03-02T20:31:03.172+01:00 INFO portal-bff host=portal-bff-7c9d5b-t6zvn corrId=c-31e6dba39c393948 conversion quote requested loan_id=LN498083719 target_product=FLEX_1Y
2026-03-02T20:31:03.302+01:00 INFO identity-service host=identity-service-7c9d5b-p9qmz corrId=c-31e6dba39c393948 MitID session validated customer_id=C54407251
2026-03-02T20:31:03.410+01:00 INFO pricing-service host=pricing-service-a41e92-p9qmz corrId=c-31e6dba39c393948 bond price fetched series=BND3.0-2053 price=95.810
2026-03-02T20:31:03.417+01:00 INFO pricing-service host=pricing-service-5b8f6c-x2k4p corrId=c-31e6dba39c393948 conversion cost calculated loan_id=LN498083719 cost_dkk=58901.90
2026-03-02T20:31:03.507+01:00 INFO quote-service host=quote-service-a41e92-x2k4p corrId=c-31e6dba39c393948 conversion quote issued quote_id=Q98749120 loan_id=LN498083719
2026-03-02T20:35:00.499+01:00 INFO api-gateway host=api-gateway-7c9d5b-t6zvn corrId=- health probe ok status=200 latency_ms=12
2026-03-02T20:37:06.274+01:00 INFO portal-bff host=portal-bff-a41e92-p9qmz corrId=c-08e71ed3f7234c5c conversion quote requested loan_id=LN316358836 target_product=FLEX_5Y
2026-03-02T20:37:06.359+01:00 INFO identity-service host=identity-service-5b8f6c-t6zvn corrId=c-08e71ed3f7234c5c MitID session validated customer_id=C78716114
2026-03-02T20:37:06.468+01:00 INFO pricing-service host=pricing-service-5b8f6c-p9qmz corrId=c-08e71ed3f7234c5c bond price fetched series=BND3.0-2056 price=92.743
2026-03-02T20:37:06.537+01:00 INFO pricing-service host=pricing-service-7c9d5b-p9qmz corrId=c-08e71ed3f7234c5c conversion cost calculated loan_id=LN316358836 cost_dkk=8796.77
2026-03-02T20:37:06.674+01:00 INFO quote-service host=quote-service-7c9d5b-p9qmz corrId=c-08e71ed3f7234c5c conversion quote issued quote_id=Q16881676 loan_id=LN316358836
2026-03-02T20:40:00.169+01:00 INFO payment-scheduler host=payment-scheduler-7c9d5b-x2k4p corrId=- scheduler heartbeat lag_ms=0
2026-03-02T20:40:00.583+01:00 INFO api-gateway host=api-gateway-a41e92-t6zvn corrId=- health probe ok status=200 latency_ms=7
2026-03-02T20:45:00.558+01:00 INFO api-gateway host=api-gateway-a41e92-p9qmz corrId=- health probe ok status=200 latency_ms=36
2026-03-02T20:50:00.411+01:00 INFO payment-scheduler host=payment-scheduler-a41e92-x2k4p corrId=- scheduler heartbeat lag_ms=113
2026-03-02T20:50:00.596+01:00 INFO api-gateway host=api-gateway-a41e92-p9qmz corrId=- health probe ok status=200 latency_ms=24
2026-03-02T20:51:48.887+01:00 INFO portal-bff host=portal-bff-5b8f6c-p9qmz corrId=c-0abb988361b5f404 conversion quote requested loan_id=LN101236239 target_product=FLEX_5Y
2026-03-02T20:51:49.008+01:00 INFO identity-service host=identity-service-a41e92-p9qmz corrId=c-0abb988361b5f404 MitID session validated customer_id=C54432508
2026-03-02T20:51:49.123+01:00 INFO pricing-service host=pricing-service-5b8f6c-t6zvn corrId=c-0abb988361b5f404 bond price fetched series=BND3.0-2056 price=90.513
2026-03-02T20:51:49.180+01:00 INFO pricing-service host=pricing-service-5b8f6c-t6zvn corrId=c-0abb988361b5f404 conversion cost calculated loan_id=LN101236239 cost_dkk=71800.57
2026-03-02T20:51:49.200+01:00 INFO quote-service host=quote-service-5b8f6c-p9qmz corrId=c-0abb988361b5f404 conversion quote issued quote_id=Q57195978 loan_id=LN101236239
2026-03-02T20:55:00.364+01:00 INFO api-gateway host=api-gateway-7c9d5b-p9qmz corrId=- health probe ok status=200 latency_ms=6
2026-03-02T20:56:06.000+01:00 INFO valuation-service host=valuation-service-5b8f6c-x2k4p corrId=- jvm gc pause pause_ms=30
2026-03-02T21:00:00.738+01:00 INFO payment-scheduler host=payment-scheduler-7c9d5b-t6zvn corrId=- scheduler heartbeat lag_ms=58
2026-03-02T21:00:00.845+01:00 INFO api-gateway host=api-gateway-7c9d5b-p9qmz corrId=- health probe ok status=200 latency_ms=10
2026-03-02T21:00:52.000+01:00 INFO config-service host=config-service-7c9d5b-p9qmz corrId=- configuration refreshed version=v128
2026-03-02T21:05:00.849+01:00 INFO api-gateway host=api-gateway-5b8f6c-x2k4p corrId=- health probe ok status=200 latency_ms=5
2026-03-02T21:10:00.028+01:00 INFO payment-scheduler host=payment-scheduler-a41e92-p9qmz corrId=- scheduler heartbeat lag_ms=16
2026-03-02T21:10:00.866+01:00 INFO api-gateway host=api-gateway-7c9d5b-x2k4p corrId=- health probe ok status=200 latency_ms=28
2026-03-02T21:15:00.575+01:00 INFO api-gateway host=api-gateway-5b8f6c-p9qmz corrId=- health probe ok status=200 latency_ms=26
2026-03-02T21:20:00.460+01:00 INFO api-gateway host=api-gateway-7c9d5b-p9qmz corrId=- health probe ok status=200 latency_ms=28
2026-03-02T21:20:00.805+01:00 INFO payment-scheduler host=payment-scheduler-a41e92-t6zvn corrId=- scheduler heartbeat lag_ms=76
2026-03-02T21:25:00.460+01:00 INFO api-gateway host=api-gateway-5b8f6c-p9qmz corrId=- health probe ok status=200 latency_ms=36
2026-03-02T21:30:00.087+01:00 INFO payment-scheduler host=payment-scheduler-a41e92-p9qmz corrId=- scheduler heartbeat lag_ms=10
2026-03-02T21:30:00.373+01:00 INFO api-gateway host=api-gateway-a41e92-x2k4p corrId=- health probe ok status=200 latency_ms=34
2026-03-02T21:35:00.221+01:00 INFO api-gateway host=api-gateway-a41e92-t6zvn corrId=- health probe ok status=200 latency_ms=2
2026-03-02T21:40:00.497+01:00 INFO api-gateway host=api-gateway-7c9d5b-p9qmz corrId=- health probe ok status=200 latency_ms=27
2026-03-02T21:40:00.626+01:00 INFO payment-scheduler host=payment-scheduler-7c9d5b-x2k4p corrId=- scheduler heartbeat lag_ms=69
2026-03-02T21:45:00.260+01:00 INFO api-gateway host=api-gateway-7c9d5b-x2k4p corrId=- health probe ok status=200 latency_ms=11
2026-03-02T21:50:00.447+01:00 INFO api-gateway host=api-gateway-7c9d5b-p9qmz corrId=- health probe ok status=200 latency_ms=18
2026-03-02T21:50:00.813+01:00 INFO payment-scheduler host=payment-scheduler-7c9d5b-x2k4p corrId=- scheduler heartbeat lag_ms=93
2026-03-02T21:55:00.148+01:00 INFO api-gateway host=api-gateway-7c9d5b-t6zvn corrId=- health probe ok status=200 latency_ms=9
2026-03-02T22:00:00.449+01:00 INFO payment-scheduler host=payment-scheduler-7c9d5b-p9qmz corrId=- scheduler heartbeat lag_ms=77
2026-03-02T22:00:00.738+01:00 INFO api-gateway host=api-gateway-a41e92-x2k4p corrId=- health probe ok status=200 latency_ms=21
2026-03-02T22:00:56.000+01:00 INFO config-service host=config-service-5b8f6c-x2k4p corrId=- configuration refreshed version=v128
2026-03-02T22:05:00.844+01:00 INFO api-gateway host=api-gateway-a41e92-t6zvn corrId=- health probe ok status=200 latency_ms=17
2026-03-02T22:10:00.073+01:00 INFO api-gateway host=api-gateway-a41e92-x2k4p corrId=- health probe ok status=200 latency_ms=38
2026-03-02T22:10:00.558+01:00 INFO payment-scheduler host=payment-scheduler-a41e92-t6zvn corrId=- scheduler heartbeat lag_ms=87
2026-03-02T22:15:00.599+01:00 INFO api-gateway host=api-gateway-5b8f6c-p9qmz corrId=- health probe ok status=200 latency_ms=14
2026-03-02T22:20:00.586+01:00 INFO api-gateway host=api-gateway-a41e92-t6zvn corrId=- health probe ok status=200 latency_ms=39
2026-03-02T22:20:00.620+01:00 INFO payment-scheduler host=payment-scheduler-a41e92-x2k4p corrId=- scheduler heartbeat lag_ms=37
2026-03-02T22:25:00.087+01:00 INFO api-gateway host=api-gateway-a41e92-p9qmz corrId=- health probe ok status=200 latency_ms=4
2026-03-02T22:30:00.057+01:00 INFO payment-scheduler host=payment-scheduler-a41e92-p9qmz corrId=- scheduler heartbeat lag_ms=21
2026-03-02T22:30:00.885+01:00 INFO api-gateway host=api-gateway-7c9d5b-p9qmz corrId=- health probe ok status=200 latency_ms=5
2026-03-02T22:32:52.000+01:00 INFO valuation-service host=valuation-service-7c9d5b-x2k4p corrId=- jvm gc pause pause_ms=17
2026-03-02T22:35:00.357+01:00 INFO api-gateway host=api-gateway-a41e92-p9qmz corrId=- health probe ok status=200 latency_ms=3
2026-03-02T22:40:00.003+01:00 INFO api-gateway host=api-gateway-5b8f6c-t6zvn corrId=- health probe ok status=200 latency_ms=19
2026-03-02T22:40:00.041+01:00 INFO payment-scheduler host=payment-scheduler-7c9d5b-p9qmz corrId=- scheduler heartbeat lag_ms=68
2026-03-02T22:45:00.889+01:00 INFO api-gateway host=api-gateway-a41e92-t6zvn corrId=- health probe ok status=200 latency_ms=15
2026-03-02T22:50:00.283+01:00 INFO api-gateway host=api-gateway-7c9d5b-t6zvn corrId=- health probe ok status=200 latency_ms=9
2026-03-02T22:50:00.423+01:00 INFO payment-scheduler host=payment-scheduler-7c9d5b-p9qmz corrId=- scheduler heartbeat lag_ms=99
2026-03-02T22:55:00.686+01:00 INFO api-gateway host=api-gateway-7c9d5b-t6zvn corrId=- health probe ok status=200 latency_ms=16
2026-03-02T23:00:00.460+01:00 INFO api-gateway host=api-gateway-5b8f6c-t6zvn corrId=- health probe ok status=200 latency_ms=14
2026-03-02T23:00:00.513+01:00 INFO payment-scheduler host=payment-scheduler-5b8f6c-t6zvn corrId=- scheduler heartbeat lag_ms=41
2026-03-02T23:00:52.000+01:00 INFO config-service host=config-service-5b8f6c-p9qmz corrId=- configuration refreshed version=v120
2026-03-02T23:05:00.115+01:00 INFO api-gateway host=api-gateway-a41e92-x2k4p corrId=- health probe ok status=200 latency_ms=37
2026-03-02T23:10:00.155+01:00 INFO api-gateway host=api-gateway-7c9d5b-t6zvn corrId=- health probe ok status=200 latency_ms=15
2026-03-02T23:10:00.234+01:00 INFO payment-scheduler host=payment-scheduler-a41e92-x2k4p corrId=- scheduler heartbeat lag_ms=47
2026-03-02T23:15:00.737+01:00 INFO api-gateway host=api-gateway-5b8f6c-p9qmz corrId=- health probe ok status=200 latency_ms=10
2026-03-02T23:20:00.027+01:00 INFO payment-scheduler host=payment-scheduler-7c9d5b-x2k4p corrId=- scheduler heartbeat lag_ms=60
2026-03-02T23:20:00.638+01:00 INFO api-gateway host=api-gateway-5b8f6c-p9qmz corrId=- health probe ok status=200 latency_ms=7
2026-03-02T23:25:00.666+01:00 INFO api-gateway host=api-gateway-5b8f6c-x2k4p corrId=- health probe ok status=200 latency_ms=11
2026-03-02T23:30:00.378+01:00 INFO api-gateway host=api-gateway-5b8f6c-p9qmz corrId=- health probe ok status=200 latency_ms=12
2026-03-02T23:30:00.431+01:00 INFO payment-scheduler host=payment-scheduler-5b8f6c-t6zvn corrId=- scheduler heartbeat lag_ms=63
2026-03-02T23:35:00.750+01:00 INFO api-gateway host=api-gateway-7c9d5b-t6zvn corrId=- health probe ok status=200 latency_ms=29
2026-03-02T23:40:00.094+01:00 INFO payment-scheduler host=payment-scheduler-5b8f6c-t6zvn corrId=- scheduler heartbeat lag_ms=96
2026-03-02T23:40:00.634+01:00 INFO api-gateway host=api-gateway-7c9d5b-x2k4p corrId=- health probe ok status=200 latency_ms=19
2026-03-02T23:45:00.046+01:00 INFO api-gateway host=api-gateway-5b8f6c-x2k4p corrId=- health probe ok status=200 latency_ms=17
2026-03-02T23:50:00.295+01:00 INFO api-gateway host=api-gateway-a41e92-t6zvn corrId=- health probe ok status=200 latency_ms=28
2026-03-02T23:50:00.434+01:00 INFO payment-scheduler host=payment-scheduler-7c9d5b-p9qmz corrId=- scheduler heartbeat lag_ms=70
2026-03-02T23:55:00.503+01:00 INFO api-gateway host=api-gateway-5b8f6c-x2k4p corrId=- health probe ok status=200 latency_ms=5
