2026-03-06T00:00:00.237+01:00 INFO api-gateway host=api-gateway-5b8f6c-p9qmz corrId=- health probe ok status=200 latency_ms=31
2026-03-06T00:00:00.769+01:00 INFO payment-scheduler host=payment-scheduler-5b8f6c-p9qmz corrId=- scheduler heartbeat lag_ms=90
2026-03-06T00:00:09.000+01:00 INFO config-service host=config-service-a41e92-p9qmz corrId=- configuration refreshed version=v135
2026-03-06T00:05:00.770+01:00 INFO api-gateway host=api-gateway-5b8f6c-p9qmz corrId=- health probe ok status=200 latency_ms=5
2026-03-06T00:10:00.328+01:00 INFO payment-scheduler host=payment-scheduler-a41e92-p9qmz corrId=- scheduler heartbeat lag_ms=118
2026-03-06T00:10:00.555+01:00 INFO api-gateway host=api-gateway-5b8f6c-t6zvn corrId=- health probe ok status=200 latency_ms=34
2026-03-06T00:15:00.183+01:00 INFO api-gateway host=api-gateway-7c9d5b-x2k4p corrId=- health probe ok status=200 latency_ms=18
2026-03-06T00:20:00.213+01:00 INFO payment-scheduler host=payment-scheduler-5b8f6c-x2k4p corrId=- scheduler heartbeat lag_ms=88
2026-03-06T00:20:00.327+01:00 INFO api-gateway host=api-gateway-5b8f6c-x2k4p corrId=- health probe ok status=200 latency_ms=19
2026-03-06T00:25:00.129+01:00 INFO api-gateway host=api-gateway-a41e92-x2k4p corrId=- health probe ok status=200 latency_ms=30
2026-03-06T00:30:00.238+01:00 INFO api-gateway host=api-gateway-5b8f6c-x2k4p corrId=- health probe ok status=200 latency_ms=7
2026-03-06T00:30:00.803+01:00 INFO payment-scheduler host=payment-scheduler-a41e92-p9qmz corrId=- scheduler heartbeat lag_ms=109
2026-03-06T00:35:00.663+01:00 INFO api-gateway host=api-gateway-a41e92-t6zvn corrId=- health probe ok status=200 latency_ms=16
2026-03-06T00:40:00.154+01:00 INFO api-gateway host=api-gateway-5b8f6c-p9qmz corrId=- health probe ok status=200 latency_ms=4
2026-03-06T00:40:00.231+01:00 INFO payment-scheduler host=payment-scheduler-7c9d5b-x2k4p corrId=- scheduler heartbeat lag_ms=9
2026-03-06T00:45:00.285+01:00 INFO api-gateway host=api-gateway-7c9d5b-p9qmz corrId=- health probe ok status=200 latency_ms=9
2026-03-06T00:50:00.008+01:00 INFO api-gateway host=api-gateway-5b8f6c-p9qmz corrId=- health probe ok status=200 latency_ms=12
2026-03-06T00:50:00.391+01:00 INFO payment-scheduler host=payment-scheduler-a41e92-t6zvn corrId=- scheduler heartbeat lag_ms=7
2026-03-06T00:55:00.757+01:00 INFO api-gateway host=api-gateway-a41e92-t6zvn corrId=- health probe ok status=200 latency_ms=24
2026-03-06T01:00:00.381+01:00 INFO payment-scheduler host=payment-scheduler-5b8f6c-x2k4p corrId=- scheduler heartbeat lag_ms=36
2026-03-06T01:00:00.424+01:00 INFO api-gateway host=api-gateway-7c9d5b-t6zvn corrId=- health probe ok status=200 latency_ms=13
2026-03-06T01:00:46.000+01:00 INFO config-service host=config-service-a41e92-x2k4p corrId=- configuration refreshed version=v102
2026-03-06T01:05:00.667+01:00 INFO api-gateway host=api-gateway-5b8f6c-p9qmz corrId=- health probe ok status=200 latency_ms=40
2026-03-06T01:10:00.328+01:00 INFO api-gateway host=api-gateway-a41e92-p9qmz corrId=- health probe ok status=200 latency_ms=17
2026-03-06T01:10:00.424+01:00 INFO payment-scheduler host=payment-scheduler-7c9d5b-p9qmz corrId=- scheduler heartbeat lag_ms=21
2026-03-06T01:15:00.636+01:00 INFO api-gateway host=api-gateway-a41e92-p9qmz corrId=- health probe ok status=200 latency_ms=26
2026-03-06T01:20:00.118+01:00 INFO api-gateway host=api-gateway-a41e92-x2k4p corrId=- health probe ok status=200 latency_ms=9
2026-03-06T01:20:00.513+01:00 INFO payment-scheduler host=payment-scheduler-7c9d5b-p9qmz corrId=- scheduler heartbeat lag_ms=21
2026-03-06T01:25:00.766+01:00 INFO api-gateway host=api-gateway-a41e92-x2k4p corrId=- health probe ok status=200 latency_ms=26
2026-03-06T01:30:00.640+01:00 INFO payment-scheduler host=payment-scheduler-5b8f6c-p9qmz corrId=- scheduler heartbeat lag_ms=26
2026-03-06T01:30:00.843+01:00 INFO api-gateway host=api-gateway-5b8f6c-p9qmz corrId=- health probe ok status=200 latency_ms=2
2026-03-06T01:35:00.721+01:00 INFO api-gateway host=api-gateway-7c9d5b-t6zvn corrId=- health probe ok status=200 latency_ms=20
2026-03-06T01:40:00.083+01:00 INFO payment-scheduler host=payment-scheduler-5b8f6c-t6zvn corrId=- scheduler heartbeat lag_ms=46
2026-03-06T01:40:00.187+01:00 INFO api-gateway host=api-gateway-a41e92-p9qmz corrId=- health probe ok status=200 latency_ms=17
2026-03-06T01:45:00.533+01:00 INFO api-gateway host=api-gateway-a41e92-x2k4p corrId=- health probe ok status=200 latency_ms=35
2026-03-06T01:50:00.157+01:00 INFO api-gateway host=api-gateway-a41e92-x2k4p corrId=- health probe ok status=200 latency_ms=34
2026-03-06T01:50:00.493+01:00 INFO payment-scheduler host=payment-scheduler-7c9d5b-x2k4p corrId=- scheduler heartbeat lag_ms=20
2026-03-06T01:55:00.045+01:00 INFO api-gateway host=api-gateway-a41e92-x2k4p corrId=- health probe ok status=200 latency_ms=2
2026-03-06T01:55:05.000+01:00 INFO valuation-service host=valuation-service-7c9d5b-x2k4p corrId=- jvm gc pause pause_ms=54
2026-03-06T02:00:00.205+01:00 INFO payment-scheduler host=payment-scheduler-5b8f6c-p9qmz corrId=- scheduler heartbeat lag_ms=27
2026-03-06T02:00:00.697+01:00 INFO api-gateway host=api-gateway-5b8f6c-t6zvn corrId=- health probe ok status=200 latency_ms=19
2026-03-06T02:00:16.000+01:00 INFO config-service host=config-service-5b8f6c-p9qmz corrId=- configuration refreshed version=v116
2026-03-06T02:00:52.633+01:00 INFO payment-scheduler host=payment-scheduler-a41e92-t6zvn corrId=c-46afafc24fdab369 instalment collection started loan_id=LN759092968 due_date=2026-03-08
2026-03-06T02:00:52.680+01:00 INFO payment-service host=payment-service-5b8f6c-t6zvn corrId=c-46afafc24fdab369 direct debit mandate verified loan_id=LN759092968 mandate_id=MD8839968
2026-03-06T02:00:52.742+01:00 INFO payment-service host=payment-service-7c9d5b-t6zvn corrId=c-46afafc24fdab369 payment instruction sent loan_id=LN759092968 amount_dkk=16100.68
2026-03-06T02:00:52.790+01:00 INFO ledger-service host=ledger-service-5b8f6c-x2k4p corrId=c-46afafc24fdab369 ledger posting accepted loan_id=LN759092968 amount_dkk=16100.68 posting_id=PST-0e26d0d162
2026-03-06T02:00:52.821+01:00 INFO payment-service host=payment-service-5b8f6c-t6zvn corrId=c-46afafc24fdab369 payment settled loan_id=LN759092968 amount_dkk=16100.68
2026-03-06T02:00:52.939+01:00 INFO notification-service host=notification-service-7c9d5b-t6zvn corrId=c-46afafc24fdab369 payment receipt sent loan_id=LN759092968 channel=DIGITAL_POST
2026-03-06T02:02:34.262+01:00 INFO payment-scheduler host=payment-scheduler-5b8f6c-x2k4p corrId=c-d25ed60b7ba51a42 instalment collection started loan_id=LN846686048 due_date=2026-03-09
2026-03-06T02:02:34.305+01:00 INFO payment-service host=payment-service-5b8f6c-x2k4p corrId=c-d25ed60b7ba51a42 direct debit mandate verified loan_id=LN846686048 mandate_id=MD9116454
2026-03-06T02:02:34.418+01:00 INFO payment-service host=payment-service-5b8f6c-x2k4p corrId=c-d25ed60b7ba51a42 payment instruction sent loan_id=LN846686048 amount_dkk=15509.84
2026-03-06T02:02:34.434+01:00 INFO ledger-service host=ledger-service-7c9d5b-x2k4p corrId=c-d25ed60b7ba51a42 ledger posting accepted loan_id=LN846686048 amount_dkk=15509.84 posting_id=PST-d7bd952eef
2026-03-06T02:02:34.475+01:00 INFO payment-service host=payment-service-7c9d5b-x2k4p corrId=c-d25ed60b7ba51a42 payment settled loan_id=LN846686048 amount_dkk=15509.84
2026-03-06T02:02:34.578+01:00 INFO notification-service host=notification-service-7c9d5b-x2k4p corrId=c-d25ed60b7ba51a42 payment receipt sent loan_id=LN846686048 channel=EMAIL
2026-03-06T02:03:54.001+01:00 INFO payment-scheduler host=payment-scheduler-7c9d5b-p9qmz corrId=c-971ad8d649000556 instalment collection started loan_id=LN021617048 due_date=2026-03-23
2026-03-06T02:03:54.064+01:00 INFO payment-service host=payment-service-7c9d5b-p9qmz corrId=c-971ad8d649000556 direct debit mandate verified loan_id=LN021617048 mandate_id=MD5807269
2026-03-06T02:03:54.155+01:00 INFO payment-service host=payment-service-a41e92-t6zvn corrId=c-971ad8d649000556 payment instruction sent loan_id=LN021617048 amount_dkk=3441.10
2026-03-06T02:03:54.251+01:00 INFO ledger-service host=ledger-service-a41e92-p9qmz corrId=c-971ad8d649000556 ledger posting accepted loan_id=LN021617048 amount_dkk=3441.10 posting_id=PST-39dd2065a8
2026-03-06T02:03:54.349+01:00 INFO payment-service host=payment-service-5b8f6c-p9qmz corrId=c-971ad8d649000556 payment settled loan_id=LN021617048 amount_dkk=3441.10
2026-03-06T02:03:54.413+01:00 INFO notification-service host=notification-service-5b8f6c-x2k4p corrId=c-971ad8d649000556 payment receipt sent loan_id=LN021617048 channel=DIGITAL_POST
2026-03-06T02:04:31.102+01:00 INFO payment-scheduler host=payment-scheduler-7c9d5b-p9qmz corrId=c-1d109f78f5360b9e instalment collection started loan_id=LN948667997 due_date=2026-03-26
2026-03-06T02:04:31.176+01:00 INFO payment-service host=payment-service-a41e92-t6zvn corrId=c-1d109f78f5360b9e direct debit mandate verified loan_id=LN948667997 mandate_id=MD8422687
2026-03-06T02:04:31.181+01:00 INFO payment-service host=payment-service-7c9d5b-p9qmz corrId=c-1d109f78f5360b9e payment instruction sent loan_id=LN948667997 amount_dkk=3146.84
2026-03-06T02:04:31.248+01:00 INFO ledger-service host=ledger-service-7c9d5b-x2k4p corrId=c-1d109f78f5360b9e ledger posting accepted loan_id=LN948667997 amount_dkk=3146.84 posting_id=PST-d163e94c69
2026-03-06T02:04:31.315+01:00 INFO payment-service host=payment-service-7c9d5b-p9qmz corrId=c-1d109f78f5360b9e payment settled loan_id=LN948667997 amount_dkk=3146.84
2026-03-06T02:04:31.400+01:00 INFO notification-service host=notification-service-7c9d5b-t6zvn corrId=c-1d109f78f5360b9e payment receipt sent loan_id=LN948667997 channel=DIGITAL_POST
2026-03-06T02:05:00.134+01:00 INFO api-gateway host=api-gateway-5b8f6c-t6zvn corrId=- health probe ok status=200 latency_ms=11
2026-03-06T02:06:28.209+01:00 INFO payment-scheduler host=payment-scheduler-5b8f6c-p9qmz corrId=c-cb0a4d1d1955cc5e instalment collection started loan_id=LN663741811 due_date=2026-03-14
2026-03-06T02:06:28.340+01:00 INFO payment-service host=payment-service-5b8f6c-p9qmz corrId=c-cb0a4d1d1955cc5e direct debit mandate verified loan_id=LN663741811 mandate_id=MD3360703
2026-03-06T02:06:28.447+01:00 INFO payment-service host=payment-service-a41e92-x2k4p corrId=c-cb0a4d1d1955cc5e payment instruction sent loan_id=LN663741811 amount_dkk=11646.77
2026-03-06T02:06:28.488+01:00 INFO ledger-service host=ledger-service-a41e92-t6zvn corrId=c-cb0a4d1d1955cc5e ledger posting accepted loan_id=LN663741811 amount_dkk=11646.77 posting_id=PST-0c06cbf9a9
2026-03-06T02:06:28.615+01:00 INFO payment-service host=payment-service-a41e92-t6zvn corrId=c-cb0a4d1d1955cc5e payment settled loan_id=LN663741811 amount_dkk=11646.77
2026-03-06T02:06:28.700+01:00 INFO notification-service host=notification-service-5b8f6c-x2k4p corrId=c-cb0a4d1d1955cc5e payment receipt sent loan_id=LN663741811 channel=DIGITAL_POST
2026-03-06T02:07:59.862+01:00 INFO payment-scheduler host=payment-scheduler-5b8f6c-t6zvn corrId=c-b51ffa54faf4104e instalment collection started loan_id=LN047801986 due_date=2026-03-28
2026-03-06T02:07:59.985+01:00 INFO payment-service host=payment-service-7c9d5b-x2k4p corrId=c-b51ffa54faf4104e direct debit mandate verified loan_id=LN047801986 mandate_id=MD7733796
2026-03-06T02:07:59.996+01:00 INFO payment-service host=payment-service-a41e92-p9qmz corrId=c-b51ffa54faf4104e payment instruction sent loan_id=LN047801986 amount_dkk=5111.80
2026-03-06T02:08:00.089+01:00 INFO ledger-service host=ledger-service-5b8f6c-p9qmz corrId=c-b51ffa54faf4104e ledger posting accepted loan_id=LN047801986 amount_dkk=5111.80 posting_id=PST-1834c99edc
2026-03-06T02:08:00.172+01:00 INFO payment-service host=payment-service-7c9d5b-t6zvn corrId=c-b51ffa54faf4104e payment settled loan_id=LN047801986 amount_dkk=5111.80
2026-03-06T02:08:00.267+01:00 INFO notification-service host=notification-service-5b8f6c-p9qmz corrId=c-b51ffa54faf4104e payment receipt sent loan_id=LN047801986 channel=DIGITAL_POST
2026-03-06T02:08:39.781+01:00 INFO payment-scheduler host=payment-scheduler-a41e92-t6zvn corrId=c-e275bf7b867da419 instalment collection started loan_id=LN520891151 due_date=2026-03-01
2026-03-06T02:08:39.826+01:00 INFO payment-service host=payment-service-7c9d5b-x2k4p corrId=c-e275bf7b867da419 direct debit mandate verified loan_id=LN520891151 mandate_id=MD5985254
2026-03-06T02:08:39.932+01:00 INFO payment-service host=payment-service-a41e92-x2k4p corrId=c-e275bf7b867da419 payment instruction sent loan_id=LN520891151 amount_dkk=4351.91
2026-03-06T02:08:40.014+01:00 INFO ledger-service host=ledger-service-5b8f6c-x2k4p corrId=c-e275bf7b867da419 ledger posting accepted loan_id=LN520891151 amount_dkk=4351.91 posting_id=PST-3066398bc6
2026-03-06T02:08:40.084+01:00 INFO payment-service host=payment-service-a41e92-t6zvn corrId=c-e275bf7b867da419 payment settled loan_id=LN520891151 amount_dkk=4351.91
2026-03-06T02:08:40.145+01:00 INFO notification-service host=notification-service-7c9d5b-p9qmz corrId=c-e275bf7b867da419 payment receipt sent loan_id=LN520891151 channel=EMAIL
2026-03-06T02:08:52.833+01:00 INFO payment-scheduler host=payment-scheduler-a41e92-p9qmz corrId=c-42a370d5945823d1 instalment collection started loan_id=LN301168090 due_date=2026-03-11
2026-03-06T02:08:52.872+01:00 INFO payment-service host=payment-service-7c9d5b-t6zvn corrId=c-42a370d5945823d1 direct debit mandate verified loan_id=LN301168090 mandate_id=MD4446198
2026-03-06T02:08:52.989+01:00 INFO payment-service host=payment-service-7c9d5b-x2k4p corrId=c-42a370d5945823d1 payment instruction sent loan_id=LN301168090 amount_dkk=9422.91
2026-03-06T02:08:53.072+01:00 INFO ledger-service host=ledger-service-a41e92-x2k4p corrId=c-42a370d5945823d1 ledger posting accepted loan_id=LN301168090 amount_dkk=9422.91 posting_id=PST-2f6b4bbe24
2026-03-06T02:08:53.182+01:00 INFO payment-service host=payment-service-7c9d5b-x2k4p corrId=c-42a370d5945823d1 payment settled loan_id=LN301168090 amount_dkk=9422.91
2026-03-06T02:08:53.225+01:00 INFO notification-service host=notification-service-5b8f6c-t6zvn corrId=c-42a370d5945823d1 payment receipt sent loan_id=LN301168090 channel=DIGITAL_POST
2026-03-06T02:10:00.166+01:00 INFO payment-scheduler host=payment-scheduler-5b8f6c-t6zvn corrId=- scheduler heartbeat lag_ms=116
2026-03-06T02:10:00.862+01:00 INFO api-gateway host=api-gateway-5b8f6c-x2k4p corrId=- health probe ok status=200 latency_ms=28
2026-03-06T02:10:04.324+01:00 INFO payment-scheduler host=payment-scheduler-a41e92-t6zvn corrId=c-be708e6aefac3d6b instalment collection started loan_id=LN387300276 due_date=2026-03-01
2026-03-06T02:10:04.433+01:00 INFO payment-service host=payment-service-7c9d5b-x2k4p corrId=c-be708e6aefac3d6b direct debit mandate verified loan_id=LN387300276 mandate_id=MD6354949
2026-03-06T02:10:04.468+01:00 INFO payment-service host=payment-service-5b8f6c-p9qmz corrId=c-be708e6aefac3d6b payment instruction sent loan_id=LN387300276 amount_dkk=11445.97
2026-03-06T02:10:04.546+01:00 WARN ledger-service host=ledger-service-a41e92-x2k4p corrId=c-be708e6aefac3d6b ledger posting retried loan_id=LN387300276 attempt=1
2026-03-06T02:10:04.633+01:00 INFO ledger-service host=ledger-service-a41e92-x2k4p corrId=c-be708e6aefac3d6b ledger posting accepted loan_id=LN387300276 amount_dkk=11445.97 posting_id=PST-ebbabab460
2026-03-06T02:10:04.649+01:00 INFO payment-service host=payment-service-5b8f6c-p9qmz corrId=c-be708e6aefac3d6b payment settled loan_id=LN387300276 amount_dkk=11445.97
2026-03-06T02:10:04.684+01:00 INFO notification-service host=notification-service-7c9d5b-p9qmz corrId=c-be708e6aefac3d6b payment receipt sent loan_id=LN387300276 channel=EMAIL
2026-03-06T02:11:56.236+01:00 INFO payment-scheduler host=payment-scheduler-a41e92-t6zvn corrId=c-c9d1f86b28d45c84 instalment collection started loan_id=LN876980132 due_date=2026-03-21
2026-03-06T02:11:56.280+01:00 INFO payment-service host=payment-service-a41e92-t6zvn corrId=c-c9d1f86b28d45c84 direct debit mandate verified loan_id=LN876980132 mandate_id=MD0892744
2026-03-06T02:11:56.420+01:00 INFO payment-service host=payment-service-5b8f6c-t6zvn corrId=c-c9d1f86b28d45c84 payment instruction sent loan_id=LN876980132 amount_dkk=16359.36
2026-03-06T02:11:56.544+01:00 INFO ledger-service host=ledger-service-a41e92-p9qmz corrId=c-c9d1f86b28d45c84 ledger posting accepted loan_id=LN876980132 amount_dkk=16359.36 posting_id=PST-5ade0113c2
2026-03-06T02:11:56.627+01:00 INFO payment-service host=payment-service-a41e92-t6zvn corrId=c-c9d1f86b28d45c84 payment settled loan_id=LN876980132 amount_dkk=16359.36
2026-03-06T02:11:56.674+01:00 INFO notification-service host=notification-service-7c9d5b-p9qmz corrId=c-c9d1f86b28d45c84 payment receipt sent loan_id=LN876980132 channel=DIGITAL_POST
2026-03-06T02:13:04.901+01:00 INFO payment-scheduler host=payment-scheduler-7c9d5b-t6zvn corrId=c-e9100cb72865ed41 instalment collection started loan_id=LN799438147 due_date=2026-03-15
2026-03-06T02:13:04.921+01:00 INFO payment-service host=payment-service-7c9d5b-x2k4p corrId=c-e9100cb72865ed41 direct debit mandate verified loan_id=LN799438147 mandate_id=MD7345476
2026-03-06T02:13:05.008+01:00 INFO payment-service host=payment-service-a41e92-p9qmz corrId=c-e9100cb72865ed41 payment instruction sent loan_id=LN799438147 amount_dkk=5079.29
2026-03-06T02:13:05.072+01:00 INFO ledger-service host=ledger-service-5b8f6c-x2k4p corrId=c-e9100cb72865ed41 ledger posting accepted loan_id=LN799438147 amount_dkk=5079.29 posting_id=PST-7e44d4169e
2026-03-06T02:13:05.160+01:00 INFO payment-service host=payment-service-5b8f6c-t6zvn corrId=c-e9100cb72865ed41 payment settled loan_id=LN799438147 amount_dkk=5079.29
2026-03-06T02:13:05.222+01:00 INFO notification-service host=notification-service-a41e92-x2k4p corrId=c-e9100cb72865ed41 payment receipt sent loan_id=LN799438147 channel=EMAIL
2026-03-06T02:13:33.354+01:00 INFO payment-scheduler host=payment-scheduler-5b8f6c-t6zvn corrId=c-b8ca93e682777bb8 instalment collection started loan_id=LN195291768 due_date=2026-03-22
2026-03-06T02:13:33.485+01:00 INFO payment-service host=payment-service-7c9d5b-p9qmz corrId=c-b8ca93e682777bb8 direct debit mandate verified loan_id=LN195291768 mandate_id=MD0849468
2026-03-06T02:13:33.587+01:00 INFO payment-scheduler host=payment-scheduler-7c9d5b-x2k4p corrId=c-7534fbed6fae3915 instalment collection started loan_id=LN375666305 due_date=2026-03-16
2026-03-06T02:13:33.615+01:00 INFO payment-service host=payment-service-5b8f6c-t6zvn corrId=c-b8ca93e682777bb8 payment instruction sent loan_id=LN195291768 amount_dkk=15749.94
2026-03-06T02:13:33.705+01:00 INFO payment-service host=payment-service-7c9d5b-p9qmz corrId=c-7534fbed6fae3915 direct debit mandate verified loan_id=LN375666305 mandate_id=MD7576742
2026-03-06T02:13:33.717+01:00 INFO ledger-service host=ledger-service-7c9d5b-x2k4p corrId=c-b8ca93e682777bb8 ledger posting accepted loan_id=LN195291768 amount_dkk=15749.94 posting_id=PST-35c60f7f90
2026-03-06T02:13:33.764+01:00 INFO payment-service host=payment-service-7c9d5b-x2k4p corrId=c-7534fbed6fae3915 payment instruction sent loan_id=LN375666305 amount_dkk=15586.26
2026-03-06T02:13:33.814+01:00 INFO payment-service host=payment-service-a41e92-x2k4p corrId=c-b8ca93e682777bb8 payment settled loan_id=LN195291768 amount_dkk=15749.94
2026-03-06T02:13:33.858+01:00 INFO ledger-service host=ledger-service-5b8f6c-t6zvn corrId=c-7534fbed6fae3915 ledger posting accepted loan_id=LN375666305 amount_dkk=15586.26 posting_id=PST-82380bdaef
2026-03-06T02:13:33.934+01:00 INFO notification-service host=notification-service-5b8f6c-p9qmz corrId=c-b8ca93e682777bb8 payment receipt sent loan_id=LN195291768 channel=EMAIL
2026-03-06T02:13:33.947+01:00 INFO payment-service host=payment-service-a41e92-p9qmz corrId=c-7534fbed6fae3915 payment settled loan_id=LN375666305 amount_dkk=15586.26
2026-03-06T02:13:34.036+01:00 INFO notification-service host=notification-service-a41e92-t6zvn corrId=c-7534fbed6fae3915 payment receipt sent loan_id=LN375666305 channel=DIGITAL_POST
2026-03-06T02:13:36.223+01:00 INFO payment-scheduler host=payment-scheduler-a41e92-t6zvn corrId=c-647803e3e8078300 instalment collection started loan_id=LN062991634 due_date=2026-03-06
2026-03-06T02:13:36.237+01:00 INFO payment-service host=payment-service-5b8f6c-p9qmz corrId=c-647803e3e8078300 direct debit mandate verified loan_id=LN062991634 mandate_id=MD2124455
2026-03-06T02:13:36.367+01:00 INFO payment-service host=payment-service-a41e92-t6zvn corrId=c-647803e3e8078300 payment instruction sent loan_id=LN062991634 amount_dkk=6609.89
2026-03-06T02:13:36.490+01:00 INFO ledger-service host=ledger-service-7c9d5b-p9qmz corrId=c-647803e3e8078300 ledger posting accepted loan_id=LN062991634 amount_dkk=6609.89 posting_id=PST-0e25acc4c9
2026-03-06T02:13:36.514+01:00 INFO payment-service host=payment-service-7c9d5b-p9qmz corrId=c-647803e3e8078300 payment settled loan_id=LN062991634 amount_dkk=6609.89
2026-03-06T02:13:36.601+01:00 INFO notification-service host=notification-service-a41e92-t6zvn corrId=c-647803e3e8078300 payment receipt sent loan_id=LN062991634 channel=DIGITAL_POST
2026-03-06T02:13:40.151+01:00 INFO payment-scheduler host=payment-scheduler-5b8f6c-p9qmz corrId=c-b368bae8f1eb4682 instalment collection started loan_id=LN530785398 due_date=2026-03-25
2026-03-06T02:13:40.166+01:00 INFO payment-service host=payment-service-5b8f6c-x2k4p corrId=c-b368bae8f1eb4682 direct debit mandate verified loan_id=LN530785398 mandate_id=MD4477829
2026-03-06T02:13:40.280+01:00 INFO payment-service host=payment-service-a41e92-x2k4p corrId=c-b368bae8f1eb4682 payment instruction sent loan_id=LN530785398 amount_dkk=17509.78
2026-03-06T02:13:40.407+01:00 INFO ledger-service host=ledger-service-5b8f6c-x2k4p corrId=c-b368bae8f1eb4682 ledger posting accepted loan_id=LN530785398 amount_dkk=17509.78 posting_id=PST-cb8bbe4232
2026-03-06T02:13:40.514+01:00 INFO payment-service host=payment-service-a41e92-p9qmz corrId=c-b368bae8f1eb4682 payment settled loan_id=LN530785398 amount_dkk=17509.78
2026-03-06T02:13:40.594+01:00 INFO notification-service host=notification-service-5b8f6c-x2k4p corrId=c-b368bae8f1eb4682 payment receipt sent loan_id=LN530785398 channel=DIGITAL_POST
2026-03-06T02:13:55.545+01:00 INFO payment-scheduler host=payment-scheduler-a41e92-p9qmz corrId=c-9bdec49a17ac3145 instalment collection started loan_id=LN832009997 due_date=2026-03-21
2026-03-06T02:13:55.552+01:00 INFO payment-service host=payment-service-7c9d5b-t6zvn corrId=c-9bdec49a17ac3145 direct debit mandate verified loan_id=LN832009997 mandate_id=MD0911088
2026-03-06T02:13:55.689+01:00 INFO payment-service host=payment-service-5b8f6c-p9qmz corrId=c-9bdec49a17ac3145 payment instruction sent loan_id=LN832009997 amount_dkk=15361.92
2026-03-06T02:13:55.813+01:00 INFO ledger-service host=ledger-service-7c9d5b-p9qmz corrId=c-9bdec49a17ac3145 ledger posting accepted loan_id=LN832009997 amount_dkk=15361.92 posting_id=PST-5f31660643
2026-03-06T02:13:55.854+01:00 INFO payment-service host=payment-service-5b8f6c-t6zvn corrId=c-9bdec49a17ac3145 payment settled loan_id=LN832009997 amount_dkk=15361.92
2026-03-06T02:13:55.889+01:00 INFO notification-service host=notification-service-5b8f6c-p9qmz corrId=c-9bdec49a17ac3145 payment receipt sent loan_id=LN832009997 channel=DIGITAL_POST
2026-03-06T02:14:01.229+01:00 INFO payment-scheduler host=payment-scheduler-5b8f6c-t6zvn corrId=c-7ceaa1d3c39b3485 instalment collection started loan_id=LN343531413 due_date=2026-03-20
2026-03-06T02:14:01.337+01:00 INFO payment-service host=payment-service-7c9d5b-x2k4p corrId=c-7ceaa1d3c39b3485 direct debit mandate verified loan_id=LN343531413 mandate_id=MD3422075
2026-03-06T02:14:01.462+01:00 INFO payment-service host=payment-service-5b8f6c-p9qmz corrId=c-7ceaa1d3c39b3485 payment instruction sent loan_id=LN343531413 amount_dkk=14430.46
2026-03-06T02:14:01.479+01:00 INFO ledger-service host=ledger-service-7c9d5b-p9qmz corrId=c-7ceaa1d3c39b3485 ledger posting accepted loan_id=LN343531413 amount_dkk=14430.46 posting_id=PST-8e21ab4f94
2026-03-06T02:14:01.545+01:00 INFO payment-service host=payment-service-7c9d5b-x2k4p corrId=c-7ceaa1d3c39b3485 payment settled loan_id=LN343531413 amount_dkk=14430.46
2026-03-06T02:14:01.684+01:00 INFO notification-service host=notification-service-a41e92-p9qmz corrId=c-7ceaa1d3c39b3485 payment receipt sent loan_id=LN343531413 channel=DIGITAL_POST
2026-03-06T02:14:28.975+01:00 INFO payment-scheduler host=payment-scheduler-5b8f6c-t6zvn corrId=c-68d8f63010bcc7b6 instalment collection started loan_id=LN806587587 due_date=2026-03-15
2026-03-06T02:14:29.096+01:00 INFO payment-service host=payment-service-7c9d5b-x2k4p corrId=c-68d8f63010bcc7b6 direct debit mandate verified loan_id=LN806587587 mandate_id=MD0734469
2026-03-06T02:14:29.123+01:00 INFO payment-service host=payment-service-5b8f6c-t6zvn corrId=c-68d8f63010bcc7b6 payment instruction sent loan_id=LN806587587 amount_dkk=15367.12
2026-03-06T02:14:29.228+01:00 INFO ledger-service host=ledger-service-7c9d5b-x2k4p corrId=c-68d8f63010bcc7b6 ledger posting accepted loan_id=LN806587587 amount_dkk=15367.12 posting_id=PST-6a88e21907
2026-03-06T02:14:29.279+01:00 INFO payment-service host=payment-service-5b8f6c-x2k4p corrId=c-68d8f63010bcc7b6 payment settled loan_id=LN806587587 amount_dkk=15367.12
2026-03-06T02:14:29.336+01:00 INFO notification-service host=notification-service-7c9d5b-x2k4p corrId=c-68d8f63010bcc7b6 payment receipt sent loan_id=LN806587587 channel=DIGITAL_POST
2026-03-06T02:15:00.652+01:00 INFO api-gateway host=api-gateway-a41e92-t6zvn corrId=- health probe ok status=200 latency_ms=15
2026-03-06T02:15:06.181+01:00 INFO payment-scheduler host=payment-scheduler-5b8f6c-t6zvn corrId=c-7bba3ead5e29680d instalment collection started loan_id=LN137865479 due_date=2026-03-26
2026-03-06T02:15:06.305+01:00 INFO payment-service host=payment-service-a41e92-t6zvn corrId=c-7bba3ead5e29680d direct debit mandate verified loan_id=LN137865479 mandate_id=MD2069198
2026-03-06T02:15:06.430+01:00 INFO payment-service host=payment-service-5b8f6c-p9qmz corrId=c-7bba3ead5e29680d payment instruction sent loan_id=LN137865479 amount_dkk=3923.18
2026-03-06T02:15:06.540+01:00 INFO ledger-service host=ledger-service-7c9d5b-t6zvn corrId=c-7bba3ead5e29680d ledger posting accepted loan_id=LN137865479 amount_dkk=3923.18 posting_id=PST-c28fdc7812
2026-03-06T02:15:06.594+01:00 INFO payment-service host=payment-service-a41e92-x2k4p corrId=c-7bba3ead5e29680d payment settled loan_id=LN137865479 amount_dkk=3923.18
2026-03-06T02:15:06.658+01:00 INFO notification-service host=notification-service-a41e92-t6zvn corrId=c-7bba3ead5e29680d payment receipt sent loan_id=LN137865479 channel=EMAIL
2026-03-06T02:17:34.230+01:00 INFO payment-scheduler host=payment-scheduler-5b8f6c-p9qmz corrId=c-ebcddc4e19ed9a64 instalment collection started loan_id=LN242806017 due_date=2026-03-12
2026-03-06T02:17:34.293+01:00 INFO payment-service host=payment-service-7c9d5b-t6zvn corrId=c-ebcddc4e19ed9a64 direct debit mandate verified loan_id=LN242806017 mandate_id=MD9864996
2026-03-06T02:17:34.412+01:00 INFO payment-service host=payment-service-5b8f6c-x2k4p corrId=c-ebcddc4e19ed9a64 payment instruction sent loan_id=LN242806017 amount_dkk=10734.56
2026-03-06T02:17:34.451+01:00 INFO ledger-service host=ledger-service-5b8f6c-p9qmz corrId=c-ebcddc4e19ed9a64 ledger posting accepted loan_id=LN242806017 amount_dkk=10734.56 posting_id=PST-6a51faac89
2026-03-06T02:17:34.564+01:00 INFO payment-service host=payment-service-7c9d5b-x2k4p corrId=c-ebcddc4e19ed9a64 payment settled loan_id=LN242806017 amount_dkk=10734.56
2026-03-06T02:17:34.606+01:00 INFO notification-service host=notification-service-5b8f6c-p9qmz corrId=c-ebcddc4e19ed9a64 payment receipt sent loan_id=LN242806017 channel=EMAIL
2026-03-06T02:18:39.103+01:00 INFO payment-scheduler host=payment-scheduler-7c9d5b-p9qmz corrId=c-43c676cb4619b8cd instalment collection started loan_id=LN220765885 due_date=2026-03-26
2026-03-06T02:18:39.181+01:00 INFO payment-service host=payment-service-5b8f6c-p9qmz corrId=c-43c676cb4619b8cd direct debit mandate verified loan_id=LN220765885 mandate_id=MD8339299
2026-03-06T02:18:39.306+01:00 INFO payment-service host=payment-service-a41e92-p9qmz corrId=c-43c676cb4619b8cd payment instruction sent loan_id=LN220765885 amount_dkk=2841.90
2026-03-06T02:18:39.324+01:00 INFO ledger-service host=ledger-service-5b8f6c-t6zvn corrId=c-43c676cb4619b8cd ledger posting accepted loan_id=LN220765885 amount_dkk=2841.90 posting_id=PST-8267ffe9e0
2026-03-06T02:18:39.414+01:00 INFO payment-service host=payment-service-7c9d5b-p9qmz corrId=c-43c676cb4619b8cd payment settled loan_id=LN220765885 amount_dkk=2841.90
2026-03-06T02:18:39.427+01:00 INFO notification-service host=notification-service-7c9d5b-p9qmz corrId=c-43c676cb4619b8cd payment receipt sent loan_id=LN220765885 channel=EMAIL
2026-03-06T02:19:12.721+01:00 INFO payment-scheduler host=payment-scheduler-a41e92-t6zvn corrId=c-63426a3908c91266 instalment collection started loan_id=LN251316023 due_date=2026-03-27
2026-03-06T02:19:12.760+01:00 INFO payment-service host=payment-service-7c9d5b-t6zvn corrId=c-63426a3908c91266 direct debit mandate verified loan_id=LN251316023 mandate_id=MD0918346
2026-03-06T02:19:12.873+01:00 INFO payment-service host=payment-service-a41e92-t6zvn corrId=c-63426a3908c91266 payment instruction sent loan_id=LN251316023 amount_dkk=3802.51
2026-03-06T02:19:12.912+01:00 INFO ledger-service host=ledger-service-a41e92-x2k4p corrId=c-63426a3908c91266 ledger posting accepted loan_id=LN251316023 amount_dkk=3802.51 posting_id=PST-f69deb49ed
2026-03-06T02:19:13.001+01:00 INFO payment-service host=payment-service-a41e92-p9qmz corrId=c-63426a3908c91266 payment settled loan_id=LN251316023 amount_dkk=3802.51
2026-03-06T02:19:13.114+01:00 INFO notification-service host=notification-service-a41e92-x2k4p corrId=c-63426a3908c91266 payment receipt sent loan_id=LN251316023 channel=EMAIL
2026-03-06T02:19:25.874+01:00 INFO payment-scheduler host=payment-scheduler-5b8f6c-t6zvn corrId=c-1deb9ab4af65e0d8 instalment collection started loan_id=LN137045887 due_date=2026-03-21
2026-03-06T02:19:26.001+01:00 INFO payment-service host=payment-service-7c9d5b-t6zvn corrId=c-1deb9ab4af65e0d8 direct debit mandate verified loan_id=LN137045887 mandate_id=MD9767964
2026-03-06T02:19:26.118+01:00 INFO payment-service host=payment-service-7c9d5b-x2k4p corrId=c-1deb9ab4af65e0d8 payment instruction sent loan_id=LN137045887 amount_dkk=14479.01
2026-03-06T02:19:26.239+01:00 ERROR ledger-service host=ledger-service-7c9d5b-p9qmz corrId=c-1deb9ab4af65e0d8 ledger posting rejected loan_id=LN137045887 reason=QUEUE_TIMEOUT
2026-03-06T02:19:26.313+01:00 INFO payment-service host=payment-service-a41e92-p9qmz corrId=c-1deb9ab4af65e0d8 payment settled loan_id=LN137045887 amount_dkk=14479.01
2026-03-06T02:19:26.328+01:00 INFO notification-service host=notification-service-5b8f6c-t6zvn corrId=c-1deb9ab4af65e0d8 payment receipt sent loan_id=LN137045887 channel=EMAIL
2026-03-06T02:19:45.019+01:00 INFO payment-scheduler host=payment-scheduler-a41e92-t6zvn corrId=c-981766a14d456b66 instalment collection started loan_id=LN338679497 due_date=2026-03-02
2026-03-06T02:19:45.132+01:00 INFO payment-service host=payment-service-a41e92-t6zvn corrId=c-981766a14d456b66 direct debit mandate verified loan_id=LN338679497 mandate_id=MD5001857
2026-03-06T02:19:45.159+01:00 INFO payment-service host=payment-service-5b8f6c-x2k4p corrId=c-981766a14d456b66 payment instruction sent loan_id=LN338679497 amount_dkk=6668.50
2026-03-06T02:19:45.173+01:00 INFO ledger-service host=ledger-service-5b8f6c-t6zvn corrId=c-981766a14d456b66 ledger posting accepted loan_id=LN338679497 amount_dkk=6668.50 posting_id=PST-ccd0220ee4
2026-03-06T02:19:45.241+01:00 INFO payment-service host=payment-service-5b8f6c-x2k4p corrId=c-981766a14d456b66 payment settled loan_id=LN338679497 amount_dkk=6668.50
2026-03-06T02:19:45.360+01:00 INFO notification-service host=notification-service-7c9d5b-p9qmz corrId=c-981766a14d456b66 payment receipt sent loan_id=LN338679497 channel=DIGITAL_POST
2026-03-06T02:19:47.264+01:00 INFO payment-scheduler host=payment-scheduler-5b8f6c-p9qmz corrId=c-b03f02f2e9b8d6b3 instalment collection started loan_id=LN945111073 due_date=2026-03-14
2026-03-06T02:19:47.310+01:00 INFO payment-service host=payment-service-a41e92-p9qmz corrId=c-b03f02f2e9b8d6b3 direct debit mandate verified loan_id=LN945111073 mandate_id=MD6841184
2026-03-06T02:19:47.441+01:00 INFO payment-service host=payment-service-5b8f6c-x2k4p corrId=c-b03f02f2e9b8d6b3 payment instruction sent loan_id=LN945111073 amount_dkk=17996.04
2026-03-06T02:19:47.492+01:00 INFO ledger-service host=ledger-service-7c9d5b-x2k4p corrId=c-b03f02f2e9b8d6b3 ledger posting accepted loan_id=LN945111073 amount_dkk=17996.04 posting_id=PST-d808a14131
2026-03-06T02:19:47.601+01:00 INFO payment-service host=payment-service-5b8f6c-x2k4p corrId=c-b03f02f2e9b8d6b3 payment settled loan_id=LN945111073 amount_dkk=17996.04
2026-03-06T02:19:47.698+01:00 INFO notification-service host=notification-service-a41e92-t6zvn corrId=c-b03f02f2e9b8d6b3 payment receipt sent loan_id=LN945111073 channel=EMAIL
2026-03-06T02:19:50.079+01:00 INFO payment-scheduler host=payment-scheduler-5b8f6c-t6zvn corrId=c-0544bf936f29c962 instalment collection started loan_id=LN464801665 due_date=2026-03-11
2026-03-06T02:19:50.133+01:00 INFO payment-service host=payment-service-5b8f6c-x2k4p corrId=c-0544bf936f29c962 direct debit mandate verified loan_id=LN464801665 mandate_id=MD6917314
2026-03-06T02:19:50.264+01:00 INFO payment-service host=payment-service-5b8f6c-p9qmz corrId=c-0544bf936f29c962 payment instruction sent loan_id=LN464801665 amount_dkk=10583.90
2026-03-06T02:19:50.281+01:00 INFO ledger-service host=ledger-service-a41e92-p9qmz corrId=c-0544bf936f29c962 ledger posting accepted loan_id=LN464801665 amount_dkk=10583.90 posting_id=PST-c4304cb45c
2026-03-06T02:19:50.370+01:00 INFO payment-service host=payment-service-7c9d5b-p9qmz corrId=c-0544bf936f29c962 payment settled loan_id=LN464801665 amount_dkk=10583.90
2026-03-06T02:19:50.384+01:00 INFO notification-service host=notification-service-a41e92-x2k4p corrId=c-0544bf936f29c962 payment receipt sent loan_id=LN464801665 channel=DIGITAL_POST
2026-03-06T02:19:55.713+01:00 INFO payment-scheduler host=payment-scheduler-7c9d5b-p9qmz corrId=c-fdce84952e00a954 instalment collection started loan_id=LN328482320 due_date=2026-03-09
2026-03-06T02:19:55.748+01:00 INFO payment-service host=payment-service-7c9d5b-x2k4p corrId=c-fdce84952e00a954 direct debit mandate verified loan_id=LN328482320 mandate_id=MD8358831
2026-03-06T02:19:55.859+01:00 INFO payment-service host=payment-service-5b8f6c-p9qmz corrId=c-fdce84952e00a954 payment instruction sent loan_id=LN328482320 amount_dkk=6156.71
2026-03-06T02:19:55.919+01:00 INFO ledger-service host=ledger-service-7c9d5b-t6zvn corrId=c-fdce84952e00a954 ledger posting accepted loan_id=LN328482320 amount_dkk=6156.71 posting_id=PST-36130a62b2
2026-03-06T02:19:55.968+01:00 INFO payment-service host=payment-service-7c9d5b-x2k4p corrId=c-fdce84952e00a954 payment settled loan_id=LN328482320 amount_dkk=6156.71
2026-03-06T02:19:56.082+01:00 INFO notification-service host=notification-service-5b8f6c-t6zvn corrId=c-fdce84952e00a954 payment receipt sent loan_id=LN328482320 channel=DIGITAL_POST
2026-03-06T02:20:00.115+01:00 INFO api-gateway host=api-gateway-7c9d5b-x2k4p corrId=- health probe ok status=200 latency_ms=31
2026-03-06T02:20:00.879+01:00 INFO payment-scheduler host=payment-scheduler-7c9d5b-t6zvn corrId=- scheduler heartbeat lag_ms=26
2026-03-06T02:20:11.184+01:00 INFO payment-scheduler host=payment-scheduler-a41e92-t6zvn corrId=c-4ff2ff9fcf01c563 instalment collection started loan_id=LN813947238 due_date=2026-03-11
2026-03-06T02:20:11.253+01:00 INFO payment-service host=payment-service-a41e92-t6zvn corrId=c-4ff2ff9fcf01c563 direct debit mandate verified loan_id=LN813947238 mandate_id=MD6352437
2026-03-06T02:20:11.360+01:00 INFO payment-service host=payment-service-a41e92-p9qmz corrId=c-4ff2ff9fcf01c563 payment instruction sent loan_id=LN813947238 amount_dkk=5153.34
2026-03-06T02:20:11.468+01:00 WARN ledger-service host=ledger-service-7c9d5b-t6zvn corrId=c-4ff2ff9fcf01c563 ledger posting retried loan_id=LN813947238 attempt=1
2026-03-06T02:20:11.561+01:00 INFO ledger-service host=ledger-service-a41e92-p9qmz corrId=c-4ff2ff9fcf01c563 ledger posting accepted loan_id=LN813947238 amount_dkk=5153.34 posting_id=PST-7c0abd4535
2026-03-06T02:20:11.581+01:00 INFO payment-service host=payment-service-5b8f6c-t6zvn corrId=c-4ff2ff9fcf01c563 payment settled loan_id=LN813947238 amount_dkk=5153.34
2026-03-06T02:20:11.674+01:00 INFO notification-service host=notification-service-a41e92-x2k4p corrId=c-4ff2ff9fcf01c563 payment receipt sent loan_id=LN813947238 channel=DIGITAL_POST
2026-03-06T02:20:27.269+01:00 INFO payment-scheduler host=payment-scheduler-a41e92-t6zvn corrId=c-d61ed87ae283549a instalment collection started loan_id=LN318490844 due_date=2026-03-28
2026-03-06T02:20:27.281+01:00 INFO payment-service host=payment-service-a41e92-x2k4p corrId=c-d61ed87ae283549a direct debit mandate verified loan_id=LN318490844 mandate_id=MD0045811
2026-03-06T02:20:27.364+01:00 INFO payment-service host=payment-service-a41e92-t6zvn corrId=c-d61ed87ae283549a payment instruction sent loan_id=LN318490844 amount_dkk=14191.21
2026-03-06T02:20:27.406+01:00 INFO ledger-service host=ledger-service-a41e92-p9qmz corrId=c-d61ed87ae283549a ledger posting accepted loan_id=LN318490844 amount_dkk=14191.21 posting_id=PST-ca46b0ebf1
2026-03-06T02:20:27.419+01:00 INFO payment-service host=payment-service-a41e92-x2k4p corrId=c-d61ed87ae283549a payment settled loan_id=LN318490844 amount_dkk=14191.21
2026-03-06T02:20:27.427+01:00 INFO notification-service host=notification-service-7c9d5b-x2k4p corrId=c-d61ed87ae283549a payment receipt sent loan_id=LN318490844 channel=DIGITAL_POST
2026-03-06T02:20:56.661+01:00 INFO payment-scheduler host=payment-scheduler-5b8f6c-p9qmz corrId=c-6728ef6aca6b5fc4 instalment collection started loan_id=LN281742653 due_date=2026-03-28
2026-03-06T02:20:56.791+01:00 INFO payment-service host=payment-service-a41e92-p9qmz corrId=c-6728ef6aca6b5fc4 direct debit mandate verified loan_id=LN281742653 mandate_id=MD8081415
2026-03-06T02:20:56.924+01:00 INFO payment-service host=payment-service-a41e92-x2k4p corrId=c-6728ef6aca6b5fc4 payment instruction sent loan_id=LN281742653 amount_dkk=7485.68
2026-03-06T02:20:57.057+01:00 INFO ledger-service host=ledger-service-5b8f6c-x2k4p corrId=c-6728ef6aca6b5fc4 ledger posting accepted loan_id=LN281742653 amount_dkk=7485.68 posting_id=PST-e62cc9c58f
2026-03-06T02:20:57.160+01:00 INFO payment-service host=payment-service-5b8f6c-x2k4p corrId=c-6728ef6aca6b5fc4 payment settled loan_id=LN281742653 amount_dkk=7485.68
2026-03-06T02:20:57.197+01:00 INFO notification-service host=notification-service-5b8f6c-x2k4p corrId=c-6728ef6aca6b5fc4 payment receipt sent loan_id=LN281742653 channel=DIGITAL_POST
2026-03-06T02:21:25.987+01:00 INFO payment-scheduler host=payment-scheduler-a41e92-t6zvn corrId=c-a39ffdaf3b7ffe66 instalment collection started loan_id=LN651387371 due_date=2026-03-17
2026-03-06T02:21:26.037+01:00 INFO payment-service host=payment-service-7c9d5b-p9qmz corrId=c-a39ffdaf3b7ffe66 direct debit mandate verified loan_id=LN651387371 mandate_id=MD0899752
2026-03-06T02:21:26.043+01:00 INFO payment-service host=payment-service-7c9d5b-t6zvn corrId=c-a39ffdaf3b7ffe66 payment instruction sent loan_id=LN651387371 amount_dkk=8854.97
2026-03-06T02:21:26.173+01:00 INFO ledger-service host=ledger-service-7c9d5b-t6zvn corrId=c-a39ffdaf3b7ffe66 ledger posting accepted loan_id=LN651387371 amount_dkk=8854.97 posting_id=PST-c4b3ed85ab
2026-03-06T02:21:26.189+01:00 INFO payment-service host=payment-service-a41e92-t6zvn corrId=c-a39ffdaf3b7ffe66 payment settled loan_id=LN651387371 amount_dkk=8854.97
2026-03-06T02:21:26.267+01:00 INFO notification-service host=notification-service-7c9d5b-t6zvn corrId=c-a39ffdaf3b7ffe66 payment receipt sent loan_id=LN651387371 channel=DIGITAL_POST
2026-03-06T02:21:53.643+01:00 INFO payment-scheduler host=payment-scheduler-a41e92-p9qmz corrId=c-64e9ea882b567a6f instalment collection started loan_id=LN400379515 due_date=2026-03-22
2026-03-06T02:21:53.703+01:00 INFO payment-service host=payment-service-7c9d5b-p9qmz corrId=c-64e9ea882b567a6f direct debit mandate verified loan_id=LN400379515 mandate_id=MD3747146
2026-03-06T02:21:53.780+01:00 INFO payment-service host=payment-service-a41e92-t6zvn corrId=c-64e9ea882b567a6f payment instruction sent loan_id=LN400379515 amount_dkk=12516.32
2026-03-06T02:21:53.831+01:00 INFO ledger-service host=ledger-service-7c9d5b-t6zvn corrId=c-64e9ea882b567a6f ledger posting accepted loan_id=LN400379515 amount_dkk=12516.32 posting_id=PST-004c977a92
2026-03-06T02:21:53.896+01:00 INFO payment-service host=payment-service-5b8f6c-p9qmz corrId=c-64e9ea882b567a6f payment settled loan_id=LN400379515 amount_dkk=12516.32
2026-03-06T02:21:53.967+01:00 INFO notification-service host=notification-service-5b8f6c-t6zvn corrId=c-64e9ea882b567a6f payment receipt sent loan_id=LN400379515 channel=DIGITAL_POST
2026-03-06T02:21:57.675+01:00 INFO payment-scheduler host=payment-scheduler-5b8f6c-t6zvn corrId=c-015fbfa8a203b288 instalment collection started loan_id=LN846273255 due_date=2026-03-02
2026-03-06T02:21:57.807+01:00 INFO payment-service host=payment-service-7c9d5b-p9qmz corrId=c-015fbfa8a203b288 direct debit mandate verified loan_id=LN846273255 mandate_id=MD4542045
2026-03-06T02:21:57.816+01:00 INFO payment-service host=payment-service-5b8f6c-x2k4p corrId=c-015fbfa8a203b288 payment instruction sent loan_id=LN846273255 amount_dkk=14090.32
2026-03-06T02:21:57.940+01:00 INFO ledger-service host=ledger-service-a41e92-p9qmz corrId=c-015fbfa8a203b288 ledger posting accepted loan_id=LN846273255 amount_dkk=14090.32 posting_id=PST-15bfc80aa8
2026-03-06T02:21:57.988+01:00 INFO payment-service host=payment-service-7c9d5b-p9qmz corrId=c-015fbfa8a203b288 payment settled loan_id=LN846273255 amount_dkk=14090.32
2026-03-06T02:21:58.114+01:00 INFO notification-service host=notification-service-a41e92-p9qmz corrId=c-015fbfa8a203b288 payment receipt sent loan_id=LN846273255 channel=EMAIL
2026-03-06T02:22:28.219+01:00 INFO payment-scheduler host=payment-scheduler-a41e92-t6zvn corrId=c-0b437ac6f05c0d31 instalment collection started loan_id=LN722152644 due_date=2026-03-01
2026-03-06T02:22:28.243+01:00 INFO payment-service host=payment-service-5b8f6c-x2k4p corrId=c-0b437ac6f05c0d31 direct debit mandate verified loan_id=LN722152644 mandate_id=MD6509046
2026-03-06T02:22:28.362+01:00 INFO payment-service host=payment-service-a41e92-p9qmz corrId=c-0b437ac6f05c0d31 payment instruction sent loan_id=LN722152644 amount_dkk=17851.76
2026-03-06T02:22:28.484+01:00 INFO ledger-service host=ledger-service-a41e92-p9qmz corrId=c-0b437ac6f05c0d31 ledger posting accepted loan_id=LN722152644 amount_dkk=17851.76 posting_id=PST-76915f5b9b
2026-03-06T02:22:28.603+01:00 INFO payment-service host=payment-service-a41e92-p9qmz corrId=c-0b437ac6f05c0d31 payment settled loan_id=LN722152644 amount_dkk=17851.76
2026-03-06T02:22:28.718+01:00 INFO notification-service host=notification-service-7c9d5b-p9qmz corrId=c-0b437ac6f05c0d31 payment receipt sent loan_id=LN722152644 channel=DIGITAL_POST
2026-03-06T02:23:44.337+01:00 INFO payment-scheduler host=payment-scheduler-5b8f6c-x2k4p corrId=c-1dc399aec3d4151d instalment collection started loan_id=LN043522253 due_date=2026-03-09
2026-03-06T02:23:44.469+01:00 INFO payment-service host=payment-service-a41e92-p9qmz corrId=c-1dc399aec3d4151d direct debit mandate verified loan_id=LN043522253 mandate_id=MD2084202
2026-03-06T02:23:44.600+01:00 INFO payment-service host=payment-service-5b8f6c-p9qmz corrId=c-1dc399aec3d4151d payment instruction sent loan_id=LN043522253 amount_dkk=10803.04
2026-03-06T02:23:44.689+01:00 INFO ledger-service host=ledger-service-5b8f6c-x2k4p corrId=c-1dc399aec3d4151d ledger posting accepted loan_id=LN043522253 amount_dkk=10803.04 posting_id=PST-0a21ef27af
2026-03-06T02:23:44.755+01:00 INFO payment-service host=payment-service-a41e92-x2k4p corrId=c-1dc399aec3d4151d payment settled loan_id=LN043522253 amount_dkk=10803.04
2026-03-06T02:23:44.884+01:00 INFO notification-service host=notification-service-7c9d5b-x2k4p corrId=c-1dc399aec3d4151d payment receipt sent loan_id=LN043522253 channel=EMAIL
2026-03-06T02:23:48.543+01:00 INFO payment-scheduler host=payment-scheduler-7c9d5b-t6zvn corrId=c-52f2712eebc010cb instalment collection started loan_id=LN050251272 due_date=2026-03-10
2026-03-06T02:23:48.663+01:00 INFO payment-service host=payment-service-7c9d5b-x2k4p corrId=c-52f2712eebc010cb direct debit mandate verified loan_id=LN050251272 mandate_id=MD1698094
2026-03-06T02:23:48.740+01:00 INFO payment-service host=payment-service-7c9d5b-p9qmz corrId=c-52f2712eebc010cb payment instruction sent loan_id=LN050251272 amount_dkk=11896.58
2026-03-06T02:23:48.779+01:00 INFO ledger-service host=ledger-service-5b8f6c-t6zvn corrId=c-52f2712eebc010cb ledger posting accepted loan_id=LN050251272 amount_dkk=11896.58 posting_id=PST-b7bbb7378e
2026-03-06T02:23:48.914+01:00 INFO payment-service host=payment-service-5b8f6c-t6zvn corrId=c-52f2712eebc010cb payment settled loan_id=LN050251272 amount_dkk=11896.58
2026-03-06T02:23:49.015+01:00 INFO notification-service host=notification-service-5b8f6c-p9qmz corrId=c-52f2712eebc010cb payment receipt sent loan_id=LN050251272 channel=DIGITAL_POST
2026-03-06T02:23:53.215+01:00 INFO payment-scheduler host=payment-scheduler-7c9d5b-p9qmz corrId=c-a9047d31d9b3539f instalment collection started loan_id=LN868146438 due_date=2026-03-25
2026-03-06T02:23:53.355+01:00 INFO payment-service host=payment-service-7c9d5b-p9qmz corrId=c-a9047d31d9b3539f direct debit mandate verified loan_id=LN868146438 mandate_id=MD7403018
2026-03-06T02:23:53.362+01:00 INFO payment-service host=payment-service-5b8f6c-x2k4p corrId=c-a9047d31d9b3539f payment instruction sent loan_id=LN868146438 amount_dkk=3623.97
2026-03-06T02:23:53.450+01:00 INFO ledger-service host=ledger-service-7c9d5b-t6zvn corrId=c-a9047d31d9b3539f ledger posting accepted loan_id=LN868146438 amount_dkk=3623.97 posting_id=PST-7e3146797b
2026-03-06T02:23:53.572+01:00 INFO payment-service host=payment-service-7c9d5b-x2k4p corrId=c-a9047d31d9b3539f payment settled loan_id=LN868146438 amount_dkk=3623.97
2026-03-06T02:23:53.695+01:00 INFO notification-service host=notification-service-7c9d5b-t6zvn corrId=c-a9047d31d9b3539f payment receipt sent loan_id=LN868146438 channel=DIGITAL_POST
2026-03-06T02:24:30.089+01:00 INFO payment-scheduler host=payment-scheduler-a41e92-x2k4p corrId=c-9d3331b0a2eb53c0 instalment collection started loan_id=LN278042759 due_date=2026-03-07
2026-03-06T02:24:30.205+01:00 INFO payment-service host=payment-service-a41e92-x2k4p corrId=c-9d3331b0a2eb53c0 direct debit mandate verified loan_id=LN278042759 mandate_id=MD0771454
2026-03-06T02:24:30.341+01:00 INFO payment-service host=payment-service-7c9d5b-x2k4p corrId=c-9d3331b0a2eb53c0 payment instruction sent loan_id=LN278042759 amount_dkk=3971.75
2026-03-06T02:24:30.440+01:00 INFO ledger-service host=ledger-service-5b8f6c-x2k4p corrId=c-9d3331b0a2eb53c0 ledger posting accepted loan_id=LN278042759 amount_dkk=3971.75 posting_id=PST-fe6f022f59
2026-03-06T02:24:30.464+01:00 INFO payment-service host=payment-service-5b8f6c-t6zvn corrId=c-9d3331b0a2eb53c0 payment settled loan_id=LN278042759 amount_dkk=3971.75
2026-03-06T02:24:30.507+01:00 INFO notification-service host=notification-service-7c9d5b-p9qmz corrId=c-9d3331b0a2eb53c0 payment receipt sent loan_id=LN278042759 channel=DIGITAL_POST
2026-03-06T02:24:45.840+01:00 INFO payment-scheduler host=payment-scheduler-5b8f6c-p9qmz corrId=c-bf3da8b6b18a5879 instalment collection started loan_id=LN637727734 due_date=2026-03-02
2026-03-06T02:24:45.941+01:00 INFO payment-service host=payment-service-5b8f6c-t6zvn corrId=c-bf3da8b6b18a5879 direct debit mandate verified loan_id=LN637727734 mandate_id=MD0509212
2026-03-06T02:24:46.079+01:00 INFO payment-service host=payment-service-5b8f6c-p9qmz corrId=c-bf3da8b6b18a5879 payment instruction sent loan_id=LN637727734 amount_dkk=13144.83
2026-03-06T02:24:46.143+01:00 INFO ledger-service host=ledger-service-5b8f6c-x2k4p corrId=c-bf3da8b6b18a5879 ledger posting accepted loan_id=LN637727734 amount_dkk=13144.83 posting_id=PST-7e4245eeea
2026-03-06T02:24:46.176+01:00 INFO payment-service host=payment-service-7c9d5b-t6zvn corrId=c-bf3da8b6b18a5879 payment settled loan_id=LN637727734 amount_dkk=13144.83
2026-03-06T02:24:46.184+01:00 INFO notification-service host=notification-service-7c9d5b-t6zvn corrId=c-bf3da8b6b18a5879 payment receipt sent loan_id=LN637727734 channel=DIGITAL_POST
2026-03-06T02:25:00.130+01:00 INFO api-gateway host=api-gateway-7c9d5b-p9qmz corrId=- health probe ok status=200 latency_ms=38
2026-03-06T02:25:12.108+01:00 INFO payment-scheduler host=payment-scheduler-a41e92-p9qmz corrId=c-4758be526fe16522 instalment collection started loan_id=LN348784777 due_date=2026-03-17
2026-03-06T02:25:12.160+01:00 INFO payment-service host=payment-service-7c9d5b-p9qmz corrId=c-4758be526fe16522 direct debit mandate verified loan_id=LN348784777 mandate_id=MD8979113
2026-03-06T02:25:12.234+01:00 INFO payment-service host=payment-service-a41e92-x2k4p corrId=c-4758be526fe16522 payment instruction sent loan_id=LN348784777 amount_dkk=17320.02
2026-03-06T02:25:12.348+01:00 INFO ledger-service host=ledger-service-a41e92-x2k4p corrId=c-4758be526fe16522 ledger posting accepted loan_id=LN348784777 amount_dkk=17320.02 posting_id=PST-931159d2ac
2026-03-06T02:25:12.476+01:00 INFO payment-service host=payment-service-7c9d5b-x2k4p corrId=c-4758be526fe16522 payment settled loan_id=LN348784777 amount_dkk=17320.02
2026-03-06T02:25:12.502+01:00 INFO notification-service host=notification-service-a41e92-t6zvn corrId=c-4758be526fe16522 payment receipt sent loan_id=LN348784777 channel=DIGITAL_POST
2026-03-06T02:25:26.730+01:00 INFO payment-scheduler host=payment-scheduler-7c9d5b-t6zvn corrId=c-b0e7f2e4a48d441e instalment collection started loan_id=LN933436578 due_date=2026-03-17
2026-03-06T02:25:26.737+01:00 INFO payment-service host=payment-service-a41e92-t6zvn corrId=c-b0e7f2e4a48d441e direct debit mandate verified loan_id=LN933436578 mandate_id=MD8301704
2026-03-06T02:25:26.862+01:00 INFO payment-service host=payment-service-a41e92-x2k4p corrId=c-b0e7f2e4a48d441e payment instruction sent loan_id=LN933436578 amount_dkk=16741.29
2026-03-06T02:25:26.947+01:00 INFO ledger-service host=ledger-service-a41e92-t6zvn corrId=c-b0e7f2e4a48d441e ledger posting accepted loan_id=LN933436578 amount_dkk=16741.29 posting_id=PST-fc1ccde849
2026-03-06T02:25:27.004+01:00 INFO payment-service host=payment-service-a41e92-x2k4p corrId=c-b0e7f2e4a48d441e payment settled loan_id=LN933436578 amount_dkk=16741.29
2026-03-06T02:25:27.046+01:00 INFO notification-service host=notification-service-a41e92-t6zvn corrId=c-b0e7f2e4a48d441e payment receipt sent loan_id=LN933436578 channel=EMAIL
2026-03-06T02:25:47.177+01:00 INFO payment-scheduler host=payment-scheduler-5b8f6c-x2k4p corrId=c-7f0aed71a9c0ffbd instalment collection started loan_id=LN737659054 due_date=2026-03-17
2026-03-06T02:25:47.267+01:00 INFO payment-service host=payment-service-a41e92-t6zvn corrId=c-7f0aed71a9c0ffbd direct debit mandate verified loan_id=LN737659054 mandate_id=MD5510105
2026-03-06T02:25:47.289+01:00 INFO payment-service host=payment-service-5b8f6c-p9qmz corrId=c-7f0aed71a9c0ffbd payment instruction sent loan_id=LN737659054 amount_dkk=5427.66
2026-03-06T02:25:47.396+01:00 INFO ledger-service host=ledger-service-5b8f6c-x2k4p corrId=c-7f0aed71a9c0ffbd ledger posting accepted loan_id=LN737659054 amount_dkk=5427.66 posting_id=PST-4d9089f94e
2026-03-06T02:25:47.532+01:00 INFO payment-service host=payment-service-7c9d5b-t6zvn corrId=c-7f0aed71a9c0ffbd payment settled loan_id=LN737659054 amount_dkk=5427.66
2026-03-06T02:25:47.578+01:00 INFO notification-service host=notification-service-7c9d5b-x2k4p corrId=c-7f0aed71a9c0ffbd payment receipt sent loan_id=LN737659054 channel=DIGITAL_POST
2026-03-06T02:26:31.283+01:00 INFO payment-scheduler host=payment-scheduler-5b8f6c-t6zvn corrId=c-2f747898fde71c55 instalment collection started loan_id=LN200803730 due_date=2026-03-09
2026-03-06T02:26:31.336+01:00 INFO payment-service host=payment-service-a41e92-p9qmz corrId=c-2f747898fde71c55 direct debit mandate verified loan_id=LN200803730 mandate_id=MD5459392
2026-03-06T02:26:31.406+01:00 INFO payment-service host=payment-service-a41e92-p9qmz corrId=c-2f747898fde71c55 payment instruction sent loan_id=LN200803730 amount_dkk=15366.63
2026-03-06T02:26:31.439+01:00 INFO ledger-service host=ledger-service-a41e92-p9qmz corrId=c-2f747898fde71c55 ledger posting accepted loan_id=LN200803730 amount_dkk=15366.63 posting_id=PST-ca7c465e4b
2026-03-06T02:26:31.550+01:00 INFO payment-service host=payment-service-5b8f6c-p9qmz corrId=c-2f747898fde71c55 payment settled loan_id=LN200803730 amount_dkk=15366.63
2026-03-06T02:26:31.590+01:00 INFO notification-service host=notification-service-a41e92-x2k4p corrId=c-2f747898fde71c55 payment receipt sent loan_id=LN200803730 channel=DIGITAL_POST
2026-03-06T02:26:36.722+01:00 INFO payment-scheduler host=payment-scheduler-5b8f6c-t6zvn corrId=c-e0091ee27fa16423 instalment collection started loan_id=LN464495133 due_date=2026-03-17
2026-03-06T02:26:36.817+01:00 INFO payment-service host=payment-service-5b8f6c-p9qmz corrId=c-e0091ee27fa16423 direct debit mandate verified loan_id=LN464495133 mandate_id=MD3991322
2026-03-06T02:26:36.914+01:00 INFO payment-service host=payment-service-5b8f6c-t6zvn corrId=c-e0091ee27fa16423 payment instruction sent loan_id=LN464495133 amount_dkk=5471.55
2026-03-06T02:26:36.943+01:00 INFO ledger-service host=ledger-service-7c9d5b-t6zvn corrId=c-e0091ee27fa16423 ledger posting accepted loan_id=LN464495133 amount_dkk=5471.55 posting_id=PST-f3917b1bb9
2026-03-06T02:26:37.018+01:00 INFO payment-service host=payment-service-5b8f6c-t6zvn corrId=c-e0091ee27fa16423 payment settled loan_id=LN464495133 amount_dkk=5471.55
2026-03-06T02:26:37.146+01:00 INFO notification-service host=notification-service-7c9d5b-p9qmz corrId=c-e0091ee27fa16423 payment receipt sent loan_id=LN464495133 channel=EMAIL
2026-03-06T02:28:24.650+01:00 INFO payment-scheduler host=payment-scheduler-5b8f6c-x2k4p corrId=c-34992a274da0f13a instalment collection started loan_id=LN601092125 due_date=2026-03-25
2026-03-06T02:28:24.661+01:00 INFO payment-service host=payment-service-7c9d5b-p9qmz corrId=c-34992a274da0f13a direct debit mandate verified loan_id=LN601092125 mandate_id=MD7738824
2026-03-06T02:28:24.709+01:00 INFO payment-service host=payment-service-7c9d5b-t6zvn corrId=c-34992a274da0f13a payment instruction sent loan_id=LN601092125 amount_dkk=15046.94
2026-03-06T02:28:24.802+01:00 INFO ledger-service host=ledger-service-7c9d5b-t6zvn corrId=c-34992a274da0f13a ledger posting accepted loan_id=LN601092125 amount_dkk=15046.94 posting_id=PST-ae74f3974c
2026-03-06T02:28:24.923+01:00 INFO payment-service host=payment-service-7c9d5b-t6zvn corrId=c-34992a274da0f13a payment settled loan_id=LN601092125 amount_dkk=15046.94
2026-03-06T02:28:25.061+01:00 INFO notification-service host=notification-service-a41e92-t6zvn corrId=c-34992a274da0f13a payment receipt sent loan_id=LN601092125 channel=DIGITAL_POST
2026-03-06T02:28:46.696+01:00 INFO payment-scheduler host=payment-scheduler-5b8f6c-p9qmz corrId=c-2eb34f37d7282876 instalment collection started loan_id=LN956461395 due_date=2026-03-25
2026-03-06T02:28:46.742+01:00 INFO payment-service host=payment-service-7c9d5b-p9qmz corrId=c-2eb34f37d7282876 direct debit mandate verified loan_id=LN956461395 mandate_id=MD3237747
2026-03-06T02:28:46.850+01:00 INFO payment-service host=payment-service-7c9d5b-x2k4p corrId=c-2eb34f37d7282876 payment instruction sent loan_id=LN956461395 amount_dkk=6528.79
2026-03-06T02:28:46.934+01:00 INFO ledger-service host=ledger-service-a41e92-t6zvn corrId=c-2eb34f37d7282876 ledger posting accepted loan_id=LN956461395 amount_dkk=6528.79 posting_id=PST-c71156527a
2026-03-06T02:28:46.969+01:00 INFO payment-service host=payment-service-a41e92-x2k4p corrId=c-2eb34f37d7282876 payment settled loan_id=LN956461395 amount_dkk=6528.79
2026-03-06T02:28:47.028+01:00 INFO notification-service host=notification-service-5b8f6c-p9qmz corrId=c-2eb34f37d7282876 payment receipt sent loan_id=LN956461395 channel=DIGITAL_POST
2026-03-06T02:29:14.569+01:00 INFO payment-scheduler host=payment-scheduler-5b8f6c-p9qmz corrId=c-bfed9bddbc0d9116 instalment collection started loan_id=LN360924977 due_date=2026-03-26
2026-03-06T02:29:14.700+01:00 INFO payment-service host=payment-service-5b8f6c-x2k4p corrId=c-bfed9bddbc0d9116 direct debit mandate verified loan_id=LN360924977 mandate_id=MD4055766
2026-03-06T02:29:14.744+01:00 INFO payment-service host=payment-service-a41e92-t6zvn corrId=c-bfed9bddbc0d9116 payment instruction sent loan_id=LN360924977 amount_dkk=11566.15
2026-03-06T02:29:14.870+01:00 INFO ledger-service host=ledger-service-7c9d5b-p9qmz corrId=c-bfed9bddbc0d9116 ledger posting accepted loan_id=LN360924977 amount_dkk=11566.15 posting_id=PST-ed0853fcdd
2026-03-06T02:29:14.984+01:00 INFO payment-service host=payment-service-7c9d5b-t6zvn corrId=c-bfed9bddbc0d9116 payment settled loan_id=LN360924977 amount_dkk=11566.15
2026-03-06T02:29:14.994+01:00 INFO notification-service host=notification-service-5b8f6c-p9qmz corrId=c-bfed9bddbc0d9116 payment receipt sent loan_id=LN360924977 channel=EMAIL
2026-03-06T02:30:00.441+01:00 INFO api-gateway host=api-gateway-5b8f6c-t6zvn corrId=- health probe ok status=200 latency_ms=6
2026-03-06T02:30:00.755+01:00 INFO payment-scheduler host=payment-scheduler-7c9d5b-x2k4p corrId=- scheduler heartbeat lag_ms=1
2026-03-06T02:31:16.492+01:00 INFO payment-scheduler host=payment-scheduler-5b8f6c-p9qmz corrId=c-9d7f67cfbe081bd1 instalment collection started loan_id=LN456192515 due_date=2026-03-17
2026-03-06T02:31:16.582+01:00 INFO payment-service host=payment-service-a41e92-p9qmz corrId=c-9d7f67cfbe081bd1 direct debit mandate verified loan_id=LN456192515 mandate_id=MD8828414
2026-03-06T02:31:16.607+01:00 INFO payment-service host=payment-service-5b8f6c-t6zvn corrId=c-9d7f67cfbe081bd1 payment instruction sent loan_id=LN456192515 amount_dkk=3065.97
2026-03-06T02:31:16.736+01:00 INFO ledger-service host=ledger-service-5b8f6c-p9qmz corrId=c-9d7f67cfbe081bd1 ledger posting accepted loan_id=LN456192515 amount_dkk=3065.97 posting_id=PST-2e0c487c95
2026-03-06T02:31:16.841+01:00 INFO payment-service host=payment-service-7c9d5b-x2k4p corrId=c-9d7f67cfbe081bd1 payment settled loan_id=LN456192515 amount_dkk=3065.97
2026-03-06T02:31:16.914+01:00 INFO notification-service host=notification-service-5b8f6c-x2k4p corrId=c-9d7f67cfbe081bd1 payment receipt sent loan_id=LN456192515 channel=DIGITAL_POST
2026-03-06T02:31:32.212+01:00 INFO payment-scheduler host=payment-scheduler-7c9d5b-t6zvn corrId=c-103fae2c76bd6802 instalment collection started loan_id=LN445732774 due_date=2026-03-26
2026-03-06T02:31:32.330+01:00 INFO payment-service host=payment-service-5b8f6c-t6zvn corrId=c-103fae2c76bd6802 direct debit mandate verified loan_id=LN445732774 mandate_id=MD9101536
2026-03-06T02:31:32.399+01:00 INFO payment-service host=payment-service-7c9d5b-p9qmz corrId=c-103fae2c76bd6802 payment instruction sent loan_id=LN445732774 amount_dkk=6494.88
2026-03-06T02:31:32.532+01:00 INFO ledger-service host=ledger-service-5b8f6c-t6zvn corrId=c-103fae2c76bd6802 ledger posting accepted loan_id=LN445732774 amount_dkk=6494.88 posting_id=PST-679be9e899
2026-03-06T02:31:32.544+01:00 INFO payment-service host=payment-service-7c9d5b-t6zvn corrId=c-103fae2c76bd6802 payment settled loan_id=LN445732774 amount_dkk=6494.88
2026-03-06T02:31:32.615+01:00 INFO notification-service host=notification-service-a41e92-x2k4p corrId=c-103fae2c76bd6802 payment receipt sent loan_id=LN445732774 channel=DIGITAL_POST
2026-03-06T02:31:33.048+01:00 INFO payment-scheduler host=payment-scheduler-a41e92-t6zvn corrId=c-fffa5e2ef0fcc7d8 instalment collection started loan_id=LN479402642 due_date=2026-03-02
2026-03-06T02:31:33.108+01:00 INFO payment-service host=payment-service-5b8f6c-t6zvn corrId=c-fffa5e2ef0fcc7d8 direct debit mandate verified loan_id=LN479402642 mandate_id=MD6132555
2026-03-06T02:31:33.119+01:00 INFO payment-service host=payment-service-5b8f6c-x2k4p corrId=c-fffa5e2ef0fcc7d8 payment instruction sent loan_id=LN479402642 amount_dkk=8629.40
2026-03-06T02:31:33.150+01:00 INFO ledger-service host=ledger-service-7c9d5b-x2k4p corrId=c-fffa5e2ef0fcc7d8 ledger posting accepted loan_id=LN479402642 amount_dkk=8629.40 posting_id=PST-d2b6a1c080
2026-03-06T02:31:33.187+01:00 INFO payment-service host=payment-service-a41e92-p9qmz corrId=c-fffa5e2ef0fcc7d8 payment settled loan_id=LN479402642 amount_dkk=8629.40
2026-03-06T02:31:33.312+01:00 INFO notification-service host=notification-service-7c9d5b-p9qmz corrId=c-fffa5e2ef0fcc7d8 payment receipt sent loan_id=LN479402642 channel=DIGITAL_POST
2026-03-06T02:31:45.177+01:00 INFO payment-scheduler host=payment-scheduler-5b8f6c-t6zvn corrId=c-b8a92aeb05f79fcf instalment collection started loan_id=LN278994332 due_date=2026-03-12
2026-03-06T02:31:45.258+01:00 INFO payment-service host=payment-service-7c9d5b-t6zvn corrId=c-b8a92aeb05f79fcf direct debit mandate verified loan_id=LN278994332 mandate_id=MD7288757
2026-03-06T02:31:45.319+01:00 INFO payment-service host=payment-service-5b8f6c-p9qmz corrId=c-b8a92aeb05f79fcf payment instruction sent loan_id=LN278994332 amount_dkk=7365.65
2026-03-06T02:31:45.369+01:00 INFO ledger-service host=ledger-service-a41e92-x2k4p corrId=c-b8a92aeb05f79fcf ledger posting accepted loan_id=LN278994332 amount_dkk=7365.65 posting_id=PST-ecd378d48c
2026-03-06T02:31:45.464+01:00 INFO payment-service host=payment-service-a41e92-x2k4p corrId=c-b8a92aeb05f79fcf payment settled loan_id=LN278994332 amount_dkk=7365.65
2026-03-06T02:31:45.555+01:00 INFO notification-service host=notification-service-a41e92-p9qmz corrId=c-b8a92aeb05f79fcf payment receipt sent loan_id=LN278994332 channel=DIGITAL_POST
2026-03-06T02:32:12.802+01:00 INFO payment-scheduler host=payment-scheduler-5b8f6c-x2k4p corrId=c-6b50a896c3e87296 instalment collection started loan_id=LN698800753 due_date=2026-03-14
2026-03-06T02:32:12.918+01:00 INFO payment-service host=payment-service-7c9d5b-t6zvn corrId=c-6b50a896c3e87296 direct debit mandate verified loan_id=LN698800753 mandate_id=MD1880511
2026-03-06T02:32:12.991+01:00 INFO payment-service host=payment-service-a41e92-t6zvn corrId=c-6b50a896c3e87296 payment instruction sent loan_id=LN698800753 amount_dkk=13416.96
2026-03-06T02:32:13.124+01:00 INFO ledger-service host=ledger-service-a41e92-p9qmz corrId=c-6b50a896c3e87296 ledger posting accepted loan_id=LN698800753 amount_dkk=13416.96 posting_id=PST-f405c3f170
2026-03-06T02:32:13.146+01:00 INFO payment-service host=payment-service-a41e92-x2k4p corrId=c-6b50a896c3e87296 payment settled loan_id=LN698800753 amount_dkk=13416.96
2026-03-06T02:32:13.200+01:00 INFO notification-service host=notification-service-a41e92-x2k4p corrId=c-6b50a896c3e87296 payment receipt sent loan_id=LN698800753 channel=EMAIL
2026-03-06T02:32:33.060+01:00 INFO payment-scheduler host=payment-scheduler-7c9d5b-x2k4p corrId=c-cc13f0a1f8d35b30 instalment collection started loan_id=LN810317965 due_date=2026-03-02
2026-03-06T02:32:33.199+01:00 INFO payment-service host=payment-service-5b8f6c-p9qmz corrId=c-cc13f0a1f8d35b30 direct debit mandate verified loan_id=LN810317965 mandate_id=MD1407933
2026-03-06T02:32:33.275+01:00 INFO payment-service host=payment-service-a41e92-x2k4p corrId=c-cc13f0a1f8d35b30 payment instruction sent loan_id=LN810317965 amount_dkk=14093.78
2026-03-06T02:32:33.345+01:00 INFO ledger-service host=ledger-service-7c9d5b-t6zvn corrId=c-cc13f0a1f8d35b30 ledger posting accepted loan_id=LN810317965 amount_dkk=14093.78 posting_id=PST-1d9312da75
2026-03-06T02:32:33.439+01:00 INFO payment-service host=payment-service-5b8f6c-x2k4p corrId=c-cc13f0a1f8d35b30 payment settled loan_id=LN810317965 amount_dkk=14093.78
2026-03-06T02:32:33.564+01:00 INFO notification-service host=notification-service-7c9d5b-x2k4p corrId=c-cc13f0a1f8d35b30 payment receipt sent loan_id=LN810317965 channel=EMAIL
2026-03-06T02:33:13.848+01:00 INFO payment-scheduler host=payment-scheduler-5b8f6c-p9qmz corrId=c-f032f6d0255843b5 instalment collection started loan_id=LN827677577 due_date=2026-03-12
2026-03-06T02:33:13.879+01:00 INFO payment-service host=payment-service-7c9d5b-p9qmz corrId=c-f032f6d0255843b5 direct debit mandate verified loan_id=LN827677577 mandate_id=MD7418355
2026-03-06T02:33:13.980+01:00 INFO payment-service host=payment-service-5b8f6c-p9qmz corrId=c-f032f6d0255843b5 payment instruction sent loan_id=LN827677577 amount_dkk=15109.17
2026-03-06T02:33:14.062+01:00 INFO ledger-service host=ledger-service-5b8f6c-p9qmz corrId=c-f032f6d0255843b5 ledger posting accepted loan_id=LN827677577 amount_dkk=15109.17 posting_id=PST-41761af6bb
2026-03-06T02:33:14.082+01:00 INFO payment-service host=payment-service-5b8f6c-x2k4p corrId=c-f032f6d0255843b5 payment settled loan_id=LN827677577 amount_dkk=15109.17
2026-03-06T02:33:14.220+01:00 INFO notification-service host=notification-service-7c9d5b-p9qmz corrId=c-f032f6d0255843b5 payment receipt sent loan_id=LN827677577 channel=DIGITAL_POST
2026-03-06T02:33:38.184+01:00 INFO payment-scheduler host=payment-scheduler-a41e92-x2k4p corrId=c-1335b0e1e7022383 instalment collection started loan_id=LN143943828 due_date=2026-03-04
2026-03-06T02:33:38.225+01:00 INFO payment-service host=payment-service-7c9d5b-t6zvn corrId=c-1335b0e1e7022383 direct debit mandate verified loan_id=LN143943828 mandate_id=MD5273148
2026-03-06T02:33:38.345+01:00 INFO payment-service host=payment-service-a41e92-x2k4p corrId=c-1335b0e1e7022383 payment instruction sent loan_id=LN143943828 amount_dkk=2785.43
2026-03-06T02:33:38.401+01:00 WARN ledger-service host=ledger-service-a41e92-t6zvn corrId=c-1335b0e1e7022383 ledger posting retried loan_id=LN143943828 attempt=1
2026-03-06T02:33:38.430+01:00 INFO ledger-service host=ledger-service-5b8f6c-x2k4p corrId=c-1335b0e1e7022383 ledger posting accepted loan_id=LN143943828 amount_dkk=2785.43 posting_id=PST-e4503caf07
2026-03-06T02:33:38.558+01:00 INFO payment-service host=payment-service-5b8f6c-t6zvn corrId=c-1335b0e1e7022383 payment settled loan_id=LN143943828 amount_dkk=2785.43
2026-03-06T02:33:38.614+01:00 INFO notification-service host=notification-service-7c9d5b-x2k4p corrId=c-1335b0e1e7022383 payment receipt sent loan_id=LN143943828 channel=DIGITAL_POST
2026-03-06T02:33:42.385+01:00 INFO payment-scheduler host=payment-scheduler-7c9d5b-p9qmz corrId=c-770ef25518d33817 instalment collection started loan_id=LN342365330 due_date=2026-03-07
2026-03-06T02:33:42.457+01:00 INFO payment-service host=payment-service-7c9d5b-x2k4p corrId=c-770ef25518d33817 direct debit mandate verified loan_id=LN342365330 mandate_id=MD7538347
2026-03-06T02:33:42.475+01:00 INFO payment-service host=payment-service-5b8f6c-p9qmz corrId=c-770ef25518d33817 payment instruction sent loan_id=LN342365330 amount_dkk=8004.20
2026-03-06T02:33:42.587+01:00 INFO ledger-service host=ledger-service-a41e92-x2k4p corrId=c-770ef25518d33817 ledger posting accepted loan_id=LN342365330 amount_dkk=8004.20 posting_id=PST-98a3998259
2026-03-06T02:33:42.654+01:00 INFO payment-service host=payment-service-a41e92-x2k4p corrId=c-770ef25518d33817 payment settled loan_id=LN342365330 amount_dkk=8004.20
2026-03-06T02:33:42.691+01:00 INFO notification-service host=notification-service-7c9d5b-x2k4p corrId=c-770ef25518d33817 payment receipt sent loan_id=LN342365330 channel=DIGITAL_POST
2026-03-06T02:33:49.914+01:00 INFO payment-scheduler host=payment-scheduler-5b8f6c-t6zvn corrId=c-5c0f7971b0266063 instalment collection started loan_id=LN158731049 due_date=2026-03-14
2026-03-06T02:33:49.976+01:00 INFO payment-service host=payment-service-5b8f6c-p9qmz corrId=c-5c0f7971b0266063 direct debit mandate verified loan_id=LN158731049 mandate_id=MD2994246
2026-03-06T02:33:50.041+01:00 INFO payment-service host=payment-service-a41e92-t6zvn corrId=c-5c0f7971b0266063 payment instruction sent loan_id=LN158731049 amount_dkk=8561.41
2026-03-06T02:33:50.074+01:00 INFO ledger-service host=ledger-service-5b8f6c-t6zvn corrId=c-5c0f7971b0266063 ledger posting accepted loan_id=LN158731049 amount_dkk=8561.41 posting_id=PST-02b09d17df
2026-03-06T02:33:50.152+01:00 INFO payment-service host=payment-service-7c9d5b-x2k4p corrId=c-5c0f7971b0266063 payment settled loan_id=LN158731049 amount_dkk=8561.41
2026-03-06T02:33:50.163+01:00 INFO notification-service host=notification-service-a41e92-p9qmz corrId=c-5c0f7971b0266063 payment receipt sent loan_id=LN158731049 channel=DIGITAL_POST
2026-03-06T02:34:06.900+01:00 INFO payment-scheduler host=payment-scheduler-a41e92-t6zvn corrId=c-120d01eb408c3ee6 instalment collection started loan_id=LN337721693 due_date=2026-03-07
2026-03-06T02:34:06.984+01:00 INFO payment-service host=payment-service-7c9d5b-p9qmz corrId=c-120d01eb408c3ee6 direct debit mandate verified loan_id=LN337721693 mandate_id=MD0213519
2026-03-06T02:34:07.117+01:00 INFO payment-service host=payment-service-7c9d5b-t6zvn corrId=c-120d01eb408c3ee6 payment instruction sent loan_id=LN337721693 amount_dkk=3809.06
2026-03-06T02:34:07.250+01:00 INFO ledger-service host=ledger-service-a41e92-t6zvn corrId=c-120d01eb408c3ee6 ledger posting accepted loan_id=LN337721693 amount_dkk=3809.06 posting_id=PST-9cf356eeeb
2026-03-06T02:34:07.353+01:00 INFO payment-service host=payment-service-7c9d5b-x2k4p corrId=c-120d01eb408c3ee6 payment settled loan_id=LN337721693 amount_dkk=3809.06
2026-03-06T02:34:07.486+01:00 INFO notification-service host=notification-service-a41e92-p9qmz corrId=c-120d01eb408c3ee6 payment receipt sent loan_id=LN337721693 channel=DIGITAL_POST
2026-03-06T02:34:15.202+01:00 INFO payment-scheduler host=payment-scheduler-7c9d5b-p9qmz corrId=c-e3c0f0ffd028a27d instalment collection started loan_id=LN729264691 due_date=2026-03-13
2026-03-06T02:34:15.279+01:00 INFO payment-service host=payment-service-7c9d5b-t6zvn corrId=c-e3c0f0ffd028a27d direct debit mandate verified loan_id=LN729264691 mandate_id=MD8417647
2026-03-06T02:34:15.398+01:00 INFO payment-service host=payment-service-5b8f6c-x2k4p corrId=c-e3c0f0ffd028a27d payment instruction sent loan_id=LN729264691 amount_dkk=9902.16
2026-03-06T02:34:15.487+01:00 INFO ledger-service host=ledger-service-5b8f6c-x2k4p corrId=c-e3c0f0ffd028a27d ledger posting accepted loan_id=LN729264691 amount_dkk=9902.16 posting_id=PST-41a386bc8c
2026-03-06T02:34:15.602+01:00 INFO payment-service host=payment-service-7c9d5b-t6zvn corrId=c-e3c0f0ffd028a27d payment settled loan_id=LN729264691 amount_dkk=9902.16
2026-03-06T02:34:15.623+01:00 INFO notification-service host=notification-service-7c9d5b-x2k4p corrId=c-e3c0f0ffd028a27d payment receipt sent loan_id=LN729264691 channel=DIGITAL_POST
2026-03-06T02:34:16.809+01:00 INFO payment-scheduler host=payment-scheduler-5b8f6c-x2k4p corrId=c-ed66712948f6f315 instalment collection started loan_id=LN918907610 due_date=2026-03-14
2026-03-06T02:34:16.852+01:00 INFO payment-service host=payment-service-a41e92-t6zvn corrId=c-ed66712948f6f315 direct debit mandate verified loan_id=LN918907610 mandate_id=MD0410412
2026-03-06T02:34:16.883+01:00 INFO payment-service host=payment-service-a41e92-p9qmz corrId=c-ed66712948f6f315 payment instruction sent loan_id=LN918907610 amount_dkk=5711.94
2026-03-06T02:34:16.972+01:00 INFO ledger-service host=ledger-service-5b8f6c-x2k4p corrId=c-ed66712948f6f315 ledger posting accepted loan_id=LN918907610 amount_dkk=5711.94 posting_id=PST-3df7378d35
2026-03-06T02:34:17.059+01:00 INFO payment-service host=payment-service-a41e92-t6zvn corrId=c-ed66712948f6f315 payment settled loan_id=LN918907610 amount_dkk=5711.94
2026-03-06T02:34:17.138+01:00 INFO notification-service host=notification-service-a41e92-p9qmz corrId=c-ed66712948f6f315 payment receipt sent loan_id=LN918907610 channel=DIGITAL_POST
2026-03-06T02:34:48.167+01:00 INFO payment-scheduler host=payment-scheduler-a41e92-x2k4p corrId=c-790159bfbb108dd9 instalment collection started loan_id=LN003904819 due_date=2026-03-21
2026-03-06T02:34:48.281+01:00 INFO payment-service host=payment-service-a41e92-x2k4p corrId=c-790159bfbb108dd9 direct debit mandate verified loan_id=LN003904819 mandate_id=MD2129996
2026-03-06T02:34:48.354+01:00 INFO payment-service host=payment-service-a41e92-p9qmz corrId=c-790159bfbb108dd9 payment instruction sent loan_id=LN003904819 amount_dkk=14054.19
2026-03-06T02:34:48.390+01:00 INFO ledger-service host=ledger-service-5b8f6c-x2k4p corrId=c-790159bfbb108dd9 ledger posting accepted loan_id=LN003904819 amount_dkk=14054.19 posting_id=PST-bbd4b90ebd
2026-03-06T02:34:48.399+01:00 INFO payment-service host=payment-service-5b8f6c-p9qmz corrId=c-790159bfbb108dd9 payment settled loan_id=LN003904819 amount_dkk=14054.19
2026-03-06T02:34:48.430+01:00 INFO notification-service host=notification-service-a41e92-x2k4p corrId=c-790159bfbb108dd9 payment receipt sent loan_id=LN003904819 channel=EMAIL
2026-03-06T02:34:52.971+01:00 INFO payment-scheduler host=payment-scheduler-7c9d5b-p9qmz corrId=c-ed4865257b59c3dd instalment collection started loan_id=LN864840742 due_date=2026-03-15
2026-03-06T02:34:53.089+01:00 INFO payment-service host=payment-service-a41e92-x2k4p corrId=c-ed4865257b59c3dd direct debit mandate verified loan_id=LN864840742 mandate_id=MD8693069
2026-03-06T02:34:53.227+01:00 INFO payment-service host=payment-service-5b8f6c-t6zvn corrId=c-ed4865257b59c3dd payment instruction sent loan_id=LN864840742 amount_dkk=10832.74
2026-03-06T02:34:53.337+01:00 INFO ledger-service host=ledger-service-a41e92-x2k4p corrId=c-ed4865257b59c3dd ledger posting accepted loan_id=LN864840742 amount_dkk=10832.74 posting_id=PST-cbeaf1ea45
2026-03-06T02:34:53.391+01:00 INFO payment-service host=payment-service-7c9d5b-x2k4p corrId=c-ed4865257b59c3dd payment settled loan_id=LN864840742 amount_dkk=10832.74
2026-03-06T02:34:53.511+01:00 INFO notification-service host=notification-service-5b8f6c-p9qmz corrId=c-ed4865257b59c3dd payment receipt sent loan_id=LN864840742 channel=DIGITAL_POST
2026-03-06T02:35:00.862+01:00 INFO api-gateway host=api-gateway-a41e92-p9qmz corrId=- health probe ok status=200 latency_ms=31
2026-03-06T02:35:08.438+01:00 INFO payment-scheduler host=payment-scheduler-a41e92-x2k4p corrId=c-c79d93a8e3f5c50a instalment collection started loan_id=LN001557050 due_date=2026-03-14
2026-03-06T02:35:08.505+01:00 INFO payment-service host=payment-service-5b8f6c-x2k4p corrId=c-c79d93a8e3f5c50a direct debit mandate verified loan_id=LN001557050 mandate_id=MD1148974
2026-03-06T02:35:08.641+01:00 INFO payment-service host=payment-service-a41e92-t6zvn corrId=c-c79d93a8e3f5c50a payment instruction sent loan_id=LN001557050 amount_dkk=17601.80
2026-03-06T02:35:08.656+01:00 INFO ledger-service host=ledger-service-7c9d5b-p9qmz corrId=c-c79d93a8e3f5c50a ledger posting accepted loan_id=LN001557050 amount_dkk=17601.80 posting_id=PST-719799d08c
2026-03-06T02:35:08.725+01:00 INFO payment-service host=payment-service-a41e92-p9qmz corrId=c-c79d93a8e3f5c50a payment settled loan_id=LN001557050 amount_dkk=17601.80
2026-03-06T02:35:08.792+01:00 INFO notification-service host=notification-service-a41e92-x2k4p corrId=c-c79d93a8e3f5c50a payment receipt sent loan_id=LN001557050 channel=DIGITAL_POST
2026-03-06T02:35:33.244+01:00 INFO payment-scheduler host=payment-scheduler-5b8f6c-t6zvn corrId=c-e449de4e12481fb6 instalment collection started loan_id=LN818702889 due_date=2026-03-28
2026-03-06T02:35:33.274+01:00 INFO payment-service host=payment-service-5b8f6c-x2k4p corrId=c-e449de4e12481fb6 direct debit mandate verified loan_id=LN818702889 mandate_id=MD9664058
2026-03-06T02:35:33.298+01:00 INFO payment-service host=payment-service-5b8f6c-p9qmz corrId=c-e449de4e12481fb6 payment instruction sent loan_id=LN818702889 amount_dkk=7121.85
2026-03-06T02:35:33.309+01:00 INFO ledger-service host=ledger-service-a41e92-p9qmz corrId=c-e449de4e12481fb6 ledger posting accepted loan_id=LN818702889 amount_dkk=7121.85 posting_id=PST-19e6837863
2026-03-06T02:35:33.327+01:00 INFO payment-service host=payment-service-a41e92-t6zvn corrId=c-e449de4e12481fb6 payment settled loan_id=LN818702889 amount_dkk=7121.85
2026-03-06T02:35:33.400+01:00 INFO notification-service host=notification-service-7c9d5b-p9qmz corrId=c-e449de4e12481fb6 payment receipt sent loan_id=LN818702889 channel=EMAIL
2026-03-06T02:35:57.434+01:00 INFO payment-scheduler host=payment-scheduler-7c9d5b-t6zvn corrId=c-4a76c1bbffb4e48f instalment collection started loan_id=LN336592061 due_date=2026-03-17
2026-03-06T02:35:57.482+01:00 INFO payment-service host=payment-service-7c9d5b-t6zvn corrId=c-4a76c1bbffb4e48f direct debit mandate verified loan_id=LN336592061 mandate_id=MD3271207
2026-03-06T02:35:57.525+01:00 INFO payment-service host=payment-service-5b8f6c-p9qmz corrId=c-4a76c1bbffb4e48f payment instruction sent loan_id=LN336592061 amount_dkk=14124.83
2026-03-06T02:35:57.617+01:00 INFO ledger-service host=ledger-service-7c9d5b-x2k4p corrId=c-4a76c1bbffb4e48f ledger posting accepted loan_id=LN336592061 amount_dkk=14124.83 posting_id=PST-17c57b4003
2026-03-06T02:35:57.630+01:00 INFO payment-service host=payment-service-7c9d5b-p9qmz corrId=c-4a76c1bbffb4e48f payment settled loan_id=LN336592061 amount_dkk=14124.83
2026-03-06T02:35:57.694+01:00 INFO notification-service host=notification-service-5b8f6c-x2k4p corrId=c-4a76c1bbffb4e48f payment receipt sent loan_id=LN336592061 channel=DIGITAL_POST
2026-03-06T02:36:55.540+01:00 INFO payment-scheduler host=payment-scheduler-7c9d5b-x2k4p corrId=c-941c1ea4a2458688 instalment collection started loan_id=LN582918673 due_date=2026-03-27
2026-03-06T02:36:55.617+01:00 INFO payment-service host=payment-service-7c9d5b-t6zvn corrId=c-941c1ea4a2458688 direct debit mandate verified loan_id=LN582918673 mandate_id=MD5935333
2026-03-06T02:36:55.696+01:00 INFO payment-service host=payment-service-5b8f6c-x2k4p corrId=c-941c1ea4a2458688 payment instruction sent loan_id=LN582918673 amount_dkk=10027.34
2026-03-06T02:36:55.770+01:00 INFO ledger-service host=ledger-service-5b8f6c-x2k4p corrId=c-941c1ea4a2458688 ledger posting accepted loan_id=LN582918673 amount_dkk=10027.34 posting_id=PST-9d0e5868fa
2026-03-06T02:36:55.856+01:00 INFO payment-service host=payment-service-a41e92-t6zvn corrId=c-941c1ea4a2458688 payment settled loan_id=LN582918673 amount_dkk=10027.34
2026-03-06T02:36:55.903+01:00 INFO notification-service host=notification-service-7c9d5b-p9qmz corrId=c-941c1ea4a2458688 payment receipt sent loan_id=LN582918673 channel=DIGITAL_POST
2026-03-06T02:37:02.943+01:00 INFO payment-scheduler host=payment-scheduler-7c9d5b-x2k4p corrId=c-681a0a24e0496b05 instalment collection started loan_id=LN928484456 due_date=2026-03-02
2026-03-06T02:37:03.080+01:00 INFO payment-service host=payment-service-a41e92-p9qmz corrId=c-681a0a24e0496b05 direct debit mandate verified loan_id=LN928484456 mandate_id=MD3265779
2026-03-06T02:37:03.121+01:00 INFO payment-service host=payment-service-a41e92-p9qmz corrId=c-681a0a24e0496b05 payment instruction sent loan_id=LN928484456 amount_dkk=11001.47
2026-03-06T02:37:03.261+01:00 INFO ledger-service host=ledger-service-a41e92-x2k4p corrId=c-681a0a24e0496b05 ledger posting accepted loan_id=LN928484456 amount_dkk=11001.47 posting_id=PST-2bafa4bde2
2026-03-06T02:37:03.364+01:00 INFO payment-service host=payment-service-a41e92-x2k4p corrId=c-681a0a24e0496b05 payment settled loan_id=LN928484456 amount_dkk=11001.47
2026-03-06T02:37:03.430+01:00 INFO notification-service host=notification-service-a41e92-x2k4p corrId=c-681a0a24e0496b05 payment receipt sent loan_id=LN928484456 channel=DIGITAL_POST
2026-03-06T02:37:26.566+01:00 INFO payment-scheduler host=payment-scheduler-a41e92-x2k4p corrId=c-71eb2640b64d93f7 instalment collection started loan_id=LN686281902 due_date=2026-03-26
2026-03-06T02:37:26.676+01:00 INFO payment-service host=payment-service-a41e92-p9qmz corrId=c-71eb2640b64d93f7 direct debit mandate verified loan_id=LN686281902 mandate_id=MD6553257
2026-03-06T02:37:26.815+01:00 INFO payment-service host=payment-service-7c9d5b-p9qmz corrId=c-71eb2640b64d93f7 payment instruction sent loan_id=LN686281902 amount_dkk=7933.85
2026-03-06T02:37:26.905+01:00 INFO ledger-service host=ledger-service-7c9d5b-t6zvn corrId=c-71eb2640b64d93f7 ledger posting accepted loan_id=LN686281902 amount_dkk=7933.85 posting_id=PST-cd2331455f
2026-03-06T02:37:27.012+01:00 INFO payment-service host=payment-service-5b8f6c-t6zvn corrId=c-71eb2640b64d93f7 payment settled loan_id=LN686281902 amount_dkk=7933.85
2026-03-06T02:37:27.048+01:00 INFO notification-service host=notification-service-5b8f6c-t6zvn corrId=c-71eb2640b64d93f7 payment receipt sent loan_id=LN686281902 channel=EMAIL
2026-03-06T02:37:56.437+01:00 INFO payment-scheduler host=payment-scheduler-a41e92-t6zvn corrId=c-ee86d9b3471284e1 instalment collection started loan_id=LN812040366 due_date=2026-03-09
2026-03-06T02:37:56.484+01:00 INFO payment-service host=payment-service-5b8f6c-p9qmz corrId=c-ee86d9b3471284e1 direct debit mandate verified loan_id=LN812040366 mandate_id=MD1226408
2026-03-06T02:37:56.609+01:00 INFO payment-service host=payment-service-a41e92-x2k4p corrId=c-ee86d9b3471284e1 payment instruction sent loan_id=LN812040366 amount_dkk=7211.96
2026-03-06T02:37:56.625+01:00 INFO ledger-service host=ledger-service-a41e92-t6zvn corrId=c-ee86d9b3471284e1 ledger posting accepted loan_id=LN812040366 amount_dkk=7211.96 posting_id=PST-efb23902b0
2026-03-06T02:37:56.685+01:00 INFO payment-service host=payment-service-a41e92-p9qmz corrId=c-ee86d9b3471284e1 payment settled loan_id=LN812040366 amount_dkk=7211.96
2026-03-06T02:37:56.802+01:00 INFO notification-service host=notification-service-7c9d5b-x2k4p corrId=c-ee86d9b3471284e1 payment receipt sent loan_id=LN812040366 channel=DIGITAL_POST
2026-03-06T02:37:57.156+01:00 INFO payment-scheduler host=payment-scheduler-a41e92-x2k4p corrId=c-1094bcfbdd60679f instalment collection started loan_id=LN107271043 due_date=2026-03-07
2026-03-06T02:37:57.190+01:00 INFO payment-service host=payment-service-5b8f6c-x2k4p corrId=c-1094bcfbdd60679f direct debit mandate verified loan_id=LN107271043 mandate_id=MD6429092
2026-03-06T02:37:57.319+01:00 INFO payment-service host=payment-service-5b8f6c-p9qmz corrId=c-1094bcfbdd60679f payment instruction sent loan_id=LN107271043 amount_dkk=4584.04
2026-03-06T02:37:57.336+01:00 INFO ledger-service host=ledger-service-7c9d5b-t6zvn corrId=c-1094bcfbdd60679f ledger posting accepted loan_id=LN107271043 amount_dkk=4584.04 posting_id=PST-e3d5a0bafb
2026-03-06T02:37:57.384+01:00 INFO payment-service host=payment-service-7c9d5b-t6zvn corrId=c-1094bcfbdd60679f payment settled loan_id=LN107271043 amount_dkk=4584.04
2026-03-06T02:37:57.450+01:00 INFO notification-service host=notification-service-5b8f6c-t6zvn corrId=c-1094bcfbdd60679f payment receipt sent loan_id=LN107271043 channel=EMAIL
2026-03-06T02:38:31.539+01:00 INFO payment-scheduler host=payment-scheduler-a41e92-t6zvn corrId=c-0e2936fccf6d500c instalment collection started loan_id=LN154478790 due_date=2026-03-21
2026-03-06T02:38:31.588+01:00 INFO payment-service host=payment-service-5b8f6c-x2k4p corrId=c-0e2936fccf6d500c direct debit mandate verified loan_id=LN154478790 mandate_id=MD3825342
2026-03-06T02:38:31.656+01:00 INFO payment-service host=payment-service-a41e92-x2k4p corrId=c-0e2936fccf6d500c payment instruction sent loan_id=LN154478790 amount_dkk=3289.23
2026-03-06T02:38:31.722+01:00 INFO ledger-service host=ledger-service-a41e92-p9qmz corrId=c-0e2936fccf6d500c ledger posting accepted loan_id=LN154478790 amount_dkk=3289.23 posting_id=PST-78d9e34b09
2026-03-06T02:38:31.756+01:00 INFO payment-service host=payment-service-5b8f6c-t6zvn corrId=c-0e2936fccf6d500c payment settled loan_id=LN154478790 amount_dkk=3289.23
2026-03-06T02:38:31.793+01:00 INFO notification-service host=notification-service-5b8f6c-p9qmz corrId=c-0e2936fccf6d500c payment receipt sent loan_id=LN154478790 channel=EMAIL
2026-03-06T02:39:11.944+01:00 INFO payment-scheduler host=payment-scheduler-7c9d5b-x2k4p corrId=c-cc5c34feb1fec1e6 instalment collection started loan_id=LN284712300 due_date=2026-03-26
2026-03-06T02:39:12.026+01:00 INFO payment-service host=payment-service-5b8f6c-t6zvn corrId=c-cc5c34feb1fec1e6 direct debit mandate verified loan_id=LN284712300 mandate_id=MD7649231
2026-03-06T02:39:12.064+01:00 INFO payment-service host=payment-service-5b8f6c-t6zvn corrId=c-cc5c34feb1fec1e6 payment instruction sent loan_id=LN284712300 amount_dkk=14793.32
2026-03-06T02:39:12.099+01:00 INFO ledger-service host=ledger-service-7c9d5b-p9qmz corrId=c-cc5c34feb1fec1e6 ledger posting accepted loan_id=LN284712300 amount_dkk=14793.32 posting_id=PST-1c1e6f54dd
2026-03-06T02:39:12.191+01:00 INFO payment-service host=payment-service-a41e92-x2k4p corrId=c-cc5c34feb1fec1e6 payment settled loan_id=LN284712300 amount_dkk=14793.32
2026-03-06T02:39:12.211+01:00 INFO notification-service host=notification-service-a41e92-x2k4p corrId=c-cc5c34feb1fec1e6 payment receipt sent loan_id=LN284712300 channel=DIGITAL_POST
2026-03-06T02:39:16.617+01:00 INFO payment-scheduler host=payment-scheduler-a41e92-t6zvn corrId=c-0c92a4dbb73c6923 instalment collection started loan_id=LN414791423 due_date=2026-03-21
2026-03-06T02:39:16.631+01:00 INFO payment-service host=payment-service-a41e92-x2k4p corrId=c-0c92a4dbb73c6923 direct debit mandate verified loan_id=LN414791423 mandate_id=MD5299837
2026-03-06T02:39:16.685+01:00 INFO payment-service host=payment-service-a41e92-p9qmz corrId=c-0c92a4dbb73c6923 payment instruction sent loan_id=LN414791423 amount_dkk=16217.29
2026-03-06T02:39:16.748+01:00 INFO ledger-service host=ledger-service-a41e92-t6zvn corrId=c-0c92a4dbb73c6923 ledger posting accepted loan_id=LN414791423 amount_dkk=16217.29 posting_id=PST-b496a44408
2026-03-06T02:39:16.771+01:00 INFO payment-service host=payment-service-7c9d5b-t6zvn corrId=c-0c92a4dbb73c6923 payment settled loan_id=LN414791423 amount_dkk=16217.29
2026-03-06T02:39:16.910+01:00 INFO notification-service host=notification-service-7c9d5b-t6zvn corrId=c-0c92a4dbb73c6923 payment receipt sent loan_id=LN414791423 channel=EMAIL
2026-03-06T02:39:23.386+01:00 INFO payment-scheduler host=payment-scheduler-a41e92-t6zvn corrId=c-da629edf045fa6bc instalment collection started loan_id=LN524282846 due_date=2026-03-12
2026-03-06T02:39:23.475+01:00 INFO payment-service host=payment-service-7c9d5b-p9qmz corrId=c-da629edf045fa6bc direct debit mandate verified loan_id=LN524282846 mandate_id=MD6727276
2026-03-06T02:39:23.556+01:00 INFO payment-service host=payment-service-a41e92-p9qmz corrId=c-da629edf045fa6bc payment instruction sent loan_id=LN524282846 amount_dkk=14537.72
2026-03-06T02:39:23.632+01:00 INFO ledger-service host=ledger-service-a41e92-x2k4p corrId=c-da629edf045fa6bc ledger posting accepted loan_id=LN524282846 amount_dkk=14537.72 posting_id=PST-ee68ce44c2
2026-03-06T02:39:23.693+01:00 INFO payment-service host=payment-service-7c9d5b-t6zvn corrId=c-da629edf045fa6bc payment settled loan_id=LN524282846 amount_dkk=14537.72
2026-03-06T02:39:23.782+01:00 INFO notification-service host=notification-service-7c9d5b-p9qmz corrId=c-da629edf045fa6bc payment receipt sent loan_id=LN524282846 channel=EMAIL
2026-03-06T02:39:37.828+01:00 INFO payment-scheduler host=payment-scheduler-5b8f6c-x2k4p corrId=c-51b4c88c10e4e8c5 instalment collection started loan_id=LN347600540 due_date=2026-03-13
2026-03-06T02:39:37.913+01:00 INFO payment-service host=payment-service-7c9d5b-t6zvn corrId=c-51b4c88c10e4e8c5 direct debit mandate verified loan_id=LN347600540 mandate_id=MD0258770
2026-03-06T02:39:37.985+01:00 INFO payment-service host=payment-service-7c9d5b-t6zvn corrId=c-51b4c88c10e4e8c5 payment instruction sent loan_id=LN347600540 amount_dkk=15873.86
2026-03-06T02:39:38.010+01:00 INFO ledger-service host=ledger-service-7c9d5b-t6zvn corrId=c-51b4c88c10e4e8c5 ledger posting accepted loan_id=LN347600540 amount_dkk=15873.86 posting_id=PST-0cfbec3522
2026-03-06T02:39:38.136+01:00 INFO payment-service host=payment-service-a41e92-t6zvn corrId=c-51b4c88c10e4e8c5 payment settled loan_id=LN347600540 amount_dkk=15873.86
2026-03-06T02:39:38.174+01:00 INFO notification-service host=notification-service-a41e92-p9qmz corrId=c-51b4c88c10e4e8c5 payment receipt sent loan_id=LN347600540 channel=EMAIL
2026-03-06T02:39:40.625+01:00 INFO payment-scheduler host=payment-scheduler-7c9d5b-t6zvn corrId=c-8c55a8516b5c28e4 instalment collection started loan_id=LN620751868 due_date=2026-03-12
2026-03-06T02:39:40.677+01:00 INFO payment-service host=payment-service-5b8f6c-t6zvn corrId=c-8c55a8516b5c28e4 direct debit mandate verified loan_id=LN620751868 mandate_id=MD6043400
2026-03-06T02:39:40.799+01:00 INFO payment-service host=payment-service-5b8f6c-p9qmz corrId=c-8c55a8516b5c28e4 payment instruction sent loan_id=LN620751868 amount_dkk=16324.03
2026-03-06T02:39:40.867+01:00 INFO ledger-service host=ledger-service-7c9d5b-p9qmz corrId=c-8c55a8516b5c28e4 ledger posting accepted loan_id=LN620751868 amount_dkk=16324.03 posting_id=PST-838edca333
2026-03-06T02:39:40.928+01:00 INFO payment-service host=payment-service-5b8f6c-p9qmz corrId=c-8c55a8516b5c28e4 payment settled loan_id=LN620751868 amount_dkk=16324.03
2026-03-06T02:39:40.987+01:00 INFO notification-service host=notification-service-a41e92-p9qmz corrId=c-8c55a8516b5c28e4 payment receipt sent loan_id=LN620751868 channel=DIGITAL_POST
2026-03-06T02:39:48.352+01:00 INFO payment-scheduler host=payment-scheduler-a41e92-p9qmz corrId=c-ee88d5eee99aa983 instalment collection started loan_id=LN324548410 due_date=2026-03-06
2026-03-06T02:39:48.430+01:00 INFO payment-service host=payment-service-7c9d5b-p9qmz corrId=c-ee88d5eee99aa983 direct debit mandate verified loan_id=LN324548410 mandate_id=MD3152512
2026-03-06T02:39:48.458+01:00 INFO payment-service host=payment-service-a41e92-p9qmz corrId=c-ee88d5eee99aa983 payment instruction sent loan_id=LN324548410 amount_dkk=16578.86
2026-03-06T02:39:48.491+01:00 INFO ledger-service host=ledger-service-7c9d5b-x2k4p corrId=c-ee88d5eee99aa983 ledger posting accepted loan_id=LN324548410 amount_dkk=16578.86 posting_id=PST-f97d964096
2026-03-06T02:39:48.540+01:00 INFO payment-service host=payment-service-5b8f6c-t6zvn corrId=c-ee88d5eee99aa983 payment settled loan_id=LN324548410 amount_dkk=16578.86
2026-03-06T02:39:48.624+01:00 INFO notification-service host=notification-service-5b8f6c-t6zvn corrId=c-ee88d5eee99aa983 payment receipt sent loan_id=LN324548410 channel=EMAIL
2026-03-06T02:40:00.145+01:00 INFO payment-scheduler host=payment-scheduler-5b8f6c-x2k4p corrId=- scheduler heartbeat lag_ms=73
2026-03-06T02:40:00.589+01:00 INFO api-gateway host=api-gateway-a41e92-t6zvn corrId=- health probe ok status=200 latency_ms=18
2026-03-06T02:40:16.017+01:00 INFO payment-scheduler host=payment-scheduler-a41e92-x2k4p corrId=c-81599de94ab66829 instalment collection started loan_id=LN030922737 due_date=2026-03-07
2026-03-06T02:40:16.053+01:00 INFO payment-service host=payment-service-7c9d5b-t6zvn corrId=c-81599de94ab66829 direct debit mandate verified loan_id=LN030922737 mandate_id=MD3201717
2026-03-06T02:40:16.115+01:00 INFO payment-service host=payment-service-7c9d5b-x2k4p corrId=c-81599de94ab66829 payment instruction sent loan_id=LN030922737 amount_dkk=2748.65
2026-03-06T02:40:16.169+01:00 INFO ledger-service host=ledger-service-7c9d5b-x2k4p corrId=c-81599de94ab66829 ledger posting accepted loan_id=LN030922737 amount_dkk=2748.65 posting_id=PST-56d63d2eb5
2026-03-06T02:40:16.179+01:00 INFO payment-service host=payment-service-7c9d5b-t6zvn corrId=c-81599de94ab66829 payment settled loan_id=LN030922737 amount_dkk=2748.65
2026-03-06T02:40:16.191+01:00 INFO notification-service host=notification-service-7c9d5b-t6zvn corrId=c-81599de94ab66829 payment receipt sent loan_id=LN030922737 channel=EMAIL
2026-03-06T02:40:23.906+01:00 INFO payment-scheduler host=payment-scheduler-7c9d5b-p9qmz corrId=c-c9709f31f079d893 instalment collection started loan_id=LN756021105 due_date=2026-03-02
2026-03-06T02:40:23.979+01:00 INFO payment-service host=payment-service-5b8f6c-t6zvn corrId=c-c9709f31f079d893 direct debit mandate verified loan_id=LN756021105 mandate_id=MD0609759
2026-03-06T02:40:24.080+01:00 INFO payment-service host=payment-service-a41e92-p9qmz corrId=c-c9709f31f079d893 payment instruction sent loan_id=LN756021105 amount_dkk=4562.68
2026-03-06T02:40:24.164+01:00 INFO ledger-service host=ledger-service-7c9d5b-p9qmz corrId=c-c9709f31f079d893 ledger posting accepted loan_id=LN756021105 amount_dkk=4562.68 posting_id=PST-0aca284f0e
2026-03-06T02:40:24.281+01:00 INFO payment-service host=payment-service-5b8f6c-t6zvn corrId=c-c9709f31f079d893 payment settled loan_id=LN756021105 amount_dkk=4562.68
2026-03-06T02:40:24.298+01:00 INFO notification-service host=notification-service-a41e92-x2k4p corrId=c-c9709f31f079d893 payment receipt sent loan_id=LN756021105 channel=DIGITAL_POST
2026-03-06T02:40:44.979+01:00 INFO payment-scheduler host=payment-scheduler-5b8f6c-x2k4p corrId=c-8567c01b3a7ccaea instalment collection started loan_id=LN059343671 due_date=2026-03-25
2026-03-06T02:40:44.988+01:00 INFO payment-service host=payment-service-a41e92-p9qmz corrId=c-8567c01b3a7ccaea direct debit mandate verified loan_id=LN059343671 mandate_id=MD1907858
2026-03-06T02:40:45.019+01:00 INFO payment-service host=payment-service-5b8f6c-p9qmz corrId=c-8567c01b3a7ccaea payment instruction sent loan_id=LN059343671 amount_dkk=5212.34
2026-03-06T02:40:45.148+01:00 INFO ledger-service host=ledger-service-7c9d5b-t6zvn corrId=c-8567c01b3a7ccaea ledger posting accepted loan_id=LN059343671 amount_dkk=5212.34 posting_id=PST-383ea23089
2026-03-06T02:40:45.155+01:00 INFO payment-service host=payment-service-7c9d5b-p9qmz corrId=c-8567c01b3a7ccaea payment settled loan_id=LN059343671 amount_dkk=5212.34
2026-03-06T02:40:45.246+01:00 INFO notification-service host=notification-service-a41e92-x2k4p corrId=c-8567c01b3a7ccaea payment receipt sent loan_id=LN059343671 channel=DIGITAL_POST
2026-03-06T02:41:05.814+01:00 INFO payment-scheduler host=payment-scheduler-5b8f6c-p9qmz corrId=c-abf9723ca4c1edca instalment collection started loan_id=LN278948039 due_date=2026-03-19
2026-03-06T02:41:05.855+01:00 INFO payment-service host=payment-service-7c9d5b-t6zvn corrId=c-abf9723ca4c1edca direct debit mandate verified loan_id=LN278948039 mandate_id=MD8635110
2026-03-06T02:41:05.864+01:00 INFO payment-service host=payment-service-5b8f6c-x2k4p corrId=c-abf9723ca4c1edca payment instruction sent loan_id=LN278948039 amount_dkk=15802.96
2026-03-06T02:41:05.983+01:00 INFO ledger-service host=ledger-service-5b8f6c-p9qmz corrId=c-abf9723ca4c1edca ledger posting accepted loan_id=LN278948039 amount_dkk=15802.96 posting_id=PST-770d163f6a
2026-03-06T02:41:06.105+01:00 INFO payment-service host=payment-service-a41e92-t6zvn corrId=c-abf9723ca4c1edca payment settled loan_id=LN278948039 amount_dkk=15802.96
2026-03-06T02:41:06.185+01:00 INFO notification-service host=notification-service-5b8f6c-x2k4p corrId=c-abf9723ca4c1edca payment receipt sent loan_id=LN278948039 channel=EMAIL
2026-03-06T02:41:07.000+01:00 INFO valuation-service host=valuation-service-7c9d5b-x2k4p corrId=- jvm gc pause pause_ms=61
2026-03-06T02:41:14.432+01:00 INFO payment-scheduler host=payment-scheduler-a41e92-x2k4p corrId=c-52538d7f3a7a365e instalment collection started loan_id=LN300030332 due_date=2026-03-14
2026-03-06T02:41:14.456+01:00 INFO payment-service host=payment-service-5b8f6c-x2k4p corrId=c-52538d7f3a7a365e direct debit mandate verified loan_id=LN300030332 mandate_id=MD9543268
2026-03-06T02:41:14.589+01:00 INFO payment-service host=payment-service-7c9d5b-p9qmz corrId=c-52538d7f3a7a365e payment instruction sent loan_id=LN300030332 amount_dkk=3878.50
2026-03-06T02:41:14.709+01:00 INFO ledger-service host=ledger-service-a41e92-t6zvn corrId=c-52538d7f3a7a365e ledger posting accepted loan_id=LN300030332 amount_dkk=3878.50 posting_id=PST-8fc335ff01
2026-03-06T02:41:14.809+01:00 INFO payment-service host=payment-service-a41e92-p9qmz corrId=c-52538d7f3a7a365e payment settled loan_id=LN300030332 amount_dkk=3878.50
2026-03-06T02:41:14.935+01:00 INFO notification-service host=notification-service-5b8f6c-p9qmz corrId=c-52538d7f3a7a365e payment receipt sent loan_id=LN300030332 channel=DIGITAL_POST
2026-03-06T02:41:18.334+01:00 INFO payment-scheduler host=payment-scheduler-7c9d5b-x2k4p corrId=c-c4c1ba70dcc94419 instalment collection started loan_id=LN060539271 due_date=2026-03-02
2026-03-06T02:41:18.415+01:00 INFO payment-service host=payment-service-a41e92-t6zvn corrId=c-c4c1ba70dcc94419 direct debit mandate verified loan_id=LN060539271 mandate_id=MD5351112
2026-03-06T02:41:18.520+01:00 INFO payment-service host=payment-service-7c9d5b-x2k4p corrId=c-c4c1ba70dcc94419 payment instruction sent loan_id=LN060539271 amount_dkk=17814.40
2026-03-06T02:41:18.658+01:00 INFO ledger-service host=ledger-service-5b8f6c-p9qmz corrId=c-c4c1ba70dcc94419 ledger posting accepted loan_id=LN060539271 amount_dkk=17814.40 posting_id=PST-a0acc0c712
2026-03-06T02:41:18.715+01:00 INFO payment-service host=payment-service-5b8f6c-p9qmz corrId=c-c4c1ba70dcc94419 payment settled loan_id=LN060539271 amount_dkk=17814.40
2026-03-06T02:41:18.848+01:00 INFO notification-service host=notification-service-5b8f6c-p9qmz corrId=c-c4c1ba70dcc94419 payment receipt sent loan_id=LN060539271 channel=DIGITAL_POST
2026-03-06T02:41:25.001+01:00 INFO payment-scheduler host=payment-scheduler-7c9d5b-p9qmz corrId=c-a075c44fdb7654b2 instalment collection started loan_id=LN137724155 due_date=2026-03-15
2026-03-06T02:41:25.129+01:00 INFO payment-service host=payment-service-a41e92-t6zvn corrId=c-a075c44fdb7654b2 direct debit mandate verified loan_id=LN137724155 mandate_id=MD3953319
2026-03-06T02:41:25.222+01:00 INFO payment-service host=payment-service-7c9d5b-p9qmz corrId=c-a075c44fdb7654b2 payment instruction sent loan_id=LN137724155 amount_dkk=14939.77
2026-03-06T02:41:25.274+01:00 INFO ledger-service host=ledger-service-a41e92-x2k4p corrId=c-a075c44fdb7654b2 ledger posting accepted loan_id=LN137724155 amount_dkk=14939.77 posting_id=PST-11f61aa2ba
2026-03-06T02:41:25.316+01:00 INFO payment-service host=payment-service-5b8f6c-p9qmz corrId=c-a075c44fdb7654b2 payment settled loan_id=LN137724155 amount_dkk=14939.77
2026-03-06T02:41:25.446+01:00 INFO notification-service host=notification-service-7c9d5b-t6zvn corrId=c-a075c44fdb7654b2 payment receipt sent loan_id=LN137724155 channel=EMAIL
2026-03-06T02:41:27.435+01:00 INFO payment-scheduler host=payment-scheduler-7c9d5b-x2k4p corrId=c-baea7a2e7a3a871e instalment collection started loan_id=LN671388621 due_date=2026-03-11
2026-03-06T02:41:27.504+01:00 INFO payment-service host=payment-service-a41e92-t6zvn corrId=c-baea7a2e7a3a871e direct debit mandate verified loan_id=LN671388621 mandate_id=MD6544866
2026-03-06T02:41:27.567+01:00 INFO payment-service host=payment-service-7c9d5b-t6zvn corrId=c-baea7a2e7a3a871e payment instruction sent loan_id=LN671388621 amount_dkk=7318.36
2026-03-06T02:41:27.626+01:00 INFO ledger-service host=ledger-service-5b8f6c-t6zvn corrId=c-baea7a2e7a3a871e ledger posting accepted loan_id=LN671388621 amount_dkk=7318.36 posting_id=PST-e21108bd2b
2026-03-06T02:41:27.740+01:00 INFO payment-service host=payment-service-5b8f6c-p9qmz corrId=c-baea7a2e7a3a871e payment settled loan_id=LN671388621 amount_dkk=7318.36
2026-03-06T02:41:27.821+01:00 INFO notification-service host=notification-service-a41e92-x2k4p corrId=c-baea7a2e7a3a871e payment receipt sent loan_id=LN671388621 channel=EMAIL
2026-03-06T02:41:34.490+01:00 INFO payment-scheduler host=payment-scheduler-5b8f6c-t6zvn corrId=c-c4f1df53e65257b3 instalment collection started loan_id=LN723935634 due_date=2026-03-11
2026-03-06T02:41:34.630+01:00 INFO payment-service host=payment-service-7c9d5b-x2k4p corrId=c-c4f1df53e65257b3 direct debit mandate verified loan_id=LN723935634 mandate_id=MD5018500
2026-03-06T02:41:34.655+01:00 INFO payment-service host=payment-service-7c9d5b-x2k4p corrId=c-c4f1df53e65257b3 payment instruction sent loan_id=LN723935634 amount_dkk=7460.13
2026-03-06T02:41:34.688+01:00 INFO ledger-service host=ledger-service-5b8f6c-x2k4p corrId=c-c4f1df53e65257b3 ledger posting accepted loan_id=LN723935634 amount_dkk=7460.13 posting_id=PST-d634fdda90
2026-03-06T02:41:34.816+01:00 INFO payment-service host=payment-service-5b8f6c-t6zvn corrId=c-c4f1df53e65257b3 payment settled loan_id=LN723935634 amount_dkk=7460.13
2026-03-06T02:41:34.845+01:00 INFO notification-service host=notification-service-a41e92-x2k4p corrId=c-c4f1df53e65257b3 payment receipt sent loan_id=LN723935634 channel=EMAIL
2026-03-06T02:41:47.047+01:00 INFO payment-scheduler host=payment-scheduler-5b8f6c-x2k4p corrId=c-754ad8c946c5991c instalment collection started loan_id=LN985456300 due_date=2026-03-27
2026-03-06T02:41:47.131+01:00 INFO payment-service host=payment-service-7c9d5b-x2k4p corrId=c-754ad8c946c5991c direct debit mandate verified loan_id=LN985456300 mandate_id=MD3103584
2026-03-06T02:41:47.206+01:00 INFO payment-service host=payment-service-a41e92-p9qmz corrId=c-754ad8c946c5991c payment instruction sent loan_id=LN985456300 amount_dkk=16010.60
2026-03-06T02:41:47.304+01:00 INFO ledger-service host=ledger-service-5b8f6c-p9qmz corrId=c-754ad8c946c5991c ledger posting accepted loan_id=LN985456300 amount_dkk=16010.60 posting_id=PST-273a16c0ad
2026-03-06T02:41:47.374+01:00 INFO payment-service host=payment-service-7c9d5b-p9qmz corrId=c-754ad8c946c5991c payment settled loan_id=LN985456300 amount_dkk=16010.60
2026-03-06T02:41:47.440+01:00 INFO notification-service host=notification-service-5b8f6c-x2k4p corrId=c-754ad8c946c5991c payment receipt sent loan_id=LN985456300 channel=DIGITAL_POST
2026-03-06T02:41:54.444+01:00 INFO payment-scheduler host=payment-scheduler-7c9d5b-t6zvn corrId=c-d73b79c5fafcbed6 instalment collection started loan_id=LN708153278 due_date=2026-03-05
2026-03-06T02:41:54.540+01:00 INFO payment-service host=payment-service-5b8f6c-t6zvn corrId=c-d73b79c5fafcbed6 direct debit mandate verified loan_id=LN708153278 mandate_id=MD1824028
2026-03-06T02:41:54.649+01:00 INFO payment-service host=payment-service-5b8f6c-p9qmz corrId=c-d73b79c5fafcbed6 payment instruction sent loan_id=LN708153278 amount_dkk=14119.71
2026-03-06T02:41:54.682+01:00 INFO ledger-service host=ledger-service-7c9d5b-p9qmz corrId=c-d73b79c5fafcbed6 ledger posting accepted loan_id=LN708153278 amount_dkk=14119.71 posting_id=PST-cf4c5b8571
2026-03-06T02:41:54.821+01:00 INFO payment-service host=payment-service-5b8f6c-x2k4p corrId=c-d73b79c5fafcbed6 payment settled loan_id=LN708153278 amount_dkk=14119.71
2026-03-06T02:41:54.862+01:00 INFO notification-service host=notification-service-5b8f6c-x2k4p corrId=c-d73b79c5fafcbed6 payment receipt sent loan_id=LN708153278 channel=EMAIL
2026-03-06T02:42:08.091+01:00 INFO payment-scheduler host=payment-scheduler-7c9d5b-t6zvn corrId=c-0676b000fb08f95a instalment collection started loan_id=LN747306688 due_date=2026-03-09
2026-03-06T02:42:08.099+01:00 INFO payment-service host=payment-service-5b8f6c-p9qmz corrId=c-0676b000fb08f95a direct debit mandate verified loan_id=LN747306688 mandate_id=MD9236870
2026-03-06T02:42:08.133+01:00 INFO payment-service host=payment-service-a41e92-x2k4p corrId=c-0676b000fb08f95a payment instruction sent loan_id=LN747306688 amount_dkk=17928.62
2026-03-06T02:42:08.200+01:00 INFO ledger-service host=ledger-service-5b8f6c-p9qmz corrId=c-0676b000fb08f95a ledger posting accepted loan_id=LN747306688 amount_dkk=17928.62 posting_id=PST-77a707ed84
2026-03-06T02:42:08.294+01:00 INFO payment-service host=payment-service-a41e92-x2k4p corrId=c-0676b000fb08f95a payment settled loan_id=LN747306688 amount_dkk=17928.62
2026-03-06T02:42:08.370+01:00 INFO notification-service host=notification-service-7c9d5b-p9qmz corrId=c-0676b000fb08f95a payment receipt sent loan_id=LN747306688 channel=DIGITAL_POST
2026-03-06T02:42:41.179+01:00 INFO payment-scheduler host=payment-scheduler-7c9d5b-t6zvn corrId=c-26ba7f2db4cc68af instalment collection started loan_id=LN028729346 due_date=2026-03-14
2026-03-06T02:42:41.211+01:00 INFO payment-scheduler host=payment-scheduler-7c9d5b-p9qmz corrId=c-a1e10ebd35cad340 instalment collection started loan_id=LN315974104 due_date=2026-03-09
2026-03-06T02:42:41.304+01:00 INFO payment-service host=payment-service-7c9d5b-t6zvn corrId=c-26ba7f2db4cc68af direct debit mandate verified loan_id=LN028729346 mandate_id=MD7684075
2026-03-06T02:42:41.342+01:00 INFO payment-service host=payment-service-5b8f6c-t6zvn corrId=c-a1e10ebd35cad340 direct debit mandate verified loan_id=LN315974104 mandate_id=MD3388506
2026-03-06T02:42:41.353+01:00 INFO payment-service host=payment-service-5b8f6c-p9qmz corrId=c-26ba7f2db4cc68af payment instruction sent loan_id=LN028729346 amount_dkk=17525.32
2026-03-06T02:42:41.426+01:00 INFO ledger-service host=ledger-service-a41e92-x2k4p corrId=c-26ba7f2db4cc68af ledger posting accepted loan_id=LN028729346 amount_dkk=17525.32 posting_id=PST-5f75a50b1a
2026-03-06T02:42:41.477+01:00 INFO payment-service host=payment-service-7c9d5b-p9qmz corrId=c-a1e10ebd35cad340 payment instruction sent loan_id=LN315974104 amount_dkk=2885.23
2026-03-06T02:42:41.482+01:00 INFO payment-service host=payment-service-a41e92-p9qmz corrId=c-26ba7f2db4cc68af payment settled loan_id=LN028729346 amount_dkk=17525.32
2026-03-06T02:42:41.507+01:00 INFO ledger-service host=ledger-service-a41e92-p9qmz corrId=c-a1e10ebd35cad340 ledger posting accepted loan_id=LN315974104 amount_dkk=2885.23 posting_id=PST-7fcfc8f7b4
2026-03-06T02:42:41.530+01:00 INFO notification-service host=notification-service-5b8f6c-p9qmz corrId=c-26ba7f2db4cc68af payment receipt sent loan_id=LN028729346 channel=DIGITAL_POST
2026-03-06T02:42:41.635+01:00 INFO payment-service host=payment-service-5b8f6c-x2k4p corrId=c-a1e10ebd35cad340 payment settled loan_id=LN315974104 amount_dkk=2885.23
2026-03-06T02:42:41.688+01:00 INFO payment-scheduler host=payment-scheduler-5b8f6c-p9qmz corrId=c-0eec7de844b44edf instalment collection started loan_id=LN294976660 due_date=2026-03-02
2026-03-06T02:42:41.721+01:00 INFO notification-service host=notification-service-5b8f6c-p9qmz corrId=c-a1e10ebd35cad340 payment receipt sent loan_id=LN315974104 channel=EMAIL
2026-03-06T02:42:41.828+01:00 INFO payment-service host=payment-service-7c9d5b-p9qmz corrId=c-0eec7de844b44edf direct debit mandate verified loan_id=LN294976660 mandate_id=MD9265490
2026-03-06T02:42:41.921+01:00 INFO payment-service host=payment-service-5b8f6c-t6zvn corrId=c-0eec7de844b44edf payment instruction sent loan_id=LN294976660 amount_dkk=16112.27
2026-03-06T02:42:41.963+01:00 INFO ledger-service host=ledger-service-a41e92-t6zvn corrId=c-0eec7de844b44edf ledger posting accepted loan_id=LN294976660 amount_dkk=16112.27 posting_id=PST-2210ba8992
2026-03-06T02:42:42.017+01:00 INFO payment-service host=payment-service-a41e92-p9qmz corrId=c-0eec7de844b44edf payment settled loan_id=LN294976660 amount_dkk=16112.27
2026-03-06T02:42:42.077+01:00 INFO notification-service host=notification-service-7c9d5b-p9qmz corrId=c-0eec7de844b44edf payment receipt sent loan_id=LN294976660 channel=DIGITAL_POST
2026-03-06T02:43:03.745+01:00 INFO payment-scheduler host=payment-scheduler-a41e92-p9qmz corrId=c-366f199b0b28ad17 instalment collection started loan_id=LN463387046 due_date=2026-03-20
2026-03-06T02:43:03.874+01:00 INFO payment-service host=payment-service-a41e92-t6zvn corrId=c-366f199b0b28ad17 direct debit mandate verified loan_id=LN463387046 mandate_id=MD9943904
2026-03-06T02:43:03.880+01:00 INFO payment-service host=payment-service-5b8f6c-t6zvn corrId=c-366f199b0b28ad17 payment instruction sent loan_id=LN463387046 amount_dkk=5474.02
2026-03-06T02:43:03.898+01:00 INFO ledger-service host=ledger-service-7c9d5b-p9qmz corrId=c-366f199b0b28ad17 ledger posting accepted loan_id=LN463387046 amount_dkk=5474.02 posting_id=PST-baeb9bf443
2026-03-06T02:43:03.999+01:00 INFO payment-service host=payment-service-7c9d5b-p9qmz corrId=c-366f199b0b28ad17 payment settled loan_id=LN463387046 amount_dkk=5474.02
2026-03-06T02:43:04.050+01:00 INFO notification-service host=notification-service-5b8f6c-p9qmz corrId=c-366f199b0b28ad17 payment receipt sent loan_id=LN463387046 channel=DIGITAL_POST
2026-03-06T02:43:12.473+01:00 INFO payment-scheduler host=payment-scheduler-a41e92-t6zvn corrId=c-e0bd0dd055d152cc instalment collection started loan_id=LN099026948 due_date=2026-03-18
2026-03-06T02:43:12.485+01:00 INFO payment-service host=payment-service-7c9d5b-t6zvn corrId=c-e0bd0dd055d152cc direct debit mandate verified loan_id=LN099026948 mandate_id=MD9700708
2026-03-06T02:43:12.523+01:00 INFO payment-service host=payment-service-7c9d5b-t6zvn corrId=c-e0bd0dd055d152cc payment instruction sent loan_id=LN099026948 amount_dkk=7205.79
2026-03-06T02:43:12.613+01:00 INFO ledger-service host=ledger-service-5b8f6c-p9qmz corrId=c-e0bd0dd055d152cc ledger posting accepted loan_id=LN099026948 amount_dkk=7205.79 posting_id=PST-31d66522b0
2026-03-06T02:43:12.628+01:00 INFO payment-service host=payment-service-a41e92-t6zvn corrId=c-e0bd0dd055d152cc payment settled loan_id=LN099026948 amount_dkk=7205.79
2026-03-06T02:43:12.670+01:00 INFO notification-service host=notification-service-5b8f6c-t6zvn corrId=c-e0bd0dd055d152cc payment receipt sent loan_id=LN099026948 channel=DIGITAL_POST
2026-03-06T02:43:25.159+01:00 INFO payment-scheduler host=payment-scheduler-5b8f6c-x2k4p corrId=c-b24602df2c11926d instalment collection started loan_id=LN825299649 due_date=2026-03-11
2026-03-06T02:43:25.231+01:00 INFO payment-service host=payment-service-7c9d5b-x2k4p corrId=c-b24602df2c11926d direct debit mandate verified loan_id=LN825299649 mandate_id=MD0155686
2026-03-06T02:43:25.364+01:00 INFO payment-service host=payment-service-7c9d5b-t6zvn corrId=c-b24602df2c11926d payment instruction sent loan_id=LN825299649 amount_dkk=12772.98
2026-03-06T02:43:25.503+01:00 INFO ledger-service host=ledger-service-5b8f6c-p9qmz corrId=c-b24602df2c11926d ledger posting accepted loan_id=LN825299649 amount_dkk=12772.98 posting_id=PST-493da078f1
2026-03-06T02:43:25.593+01:00 INFO payment-service host=payment-service-7c9d5b-p9qmz corrId=c-b24602df2c11926d payment settled loan_id=LN825299649 amount_dkk=12772.98
2026-03-06T02:43:25.603+01:00 INFO notification-service host=notification-service-7c9d5b-t6zvn corrId=c-b24602df2c11926d payment receipt sent loan_id=LN825299649 channel=EMAIL
2026-03-06T02:43:41.229+01:00 INFO payment-scheduler host=payment-scheduler-5b8f6c-t6zvn corrId=c-eb7eaef5eee5f09e instalment collection started loan_id=LN782237545 due_date=2026-03-13
2026-03-06T02:43:41.360+01:00 INFO payment-service host=payment-service-5b8f6c-x2k4p corrId=c-eb7eaef5eee5f09e direct debit mandate verified loan_id=LN782237545 mandate_id=MD5221848
2026-03-06T02:43:41.369+01:00 INFO payment-service host=payment-service-a41e92-x2k4p corrId=c-eb7eaef5eee5f09e payment instruction sent loan_id=LN782237545 amount_dkk=11395.93
2026-03-06T02:43:41.495+01:00 INFO ledger-service host=ledger-service-7c9d5b-x2k4p corrId=c-eb7eaef5eee5f09e ledger posting accepted loan_id=LN782237545 amount_dkk=11395.93 posting_id=PST-3f122ee5b2
2026-03-06T02:43:41.545+01:00 INFO payment-service host=payment-service-a41e92-x2k4p corrId=c-eb7eaef5eee5f09e payment settled loan_id=LN782237545 amount_dkk=11395.93
2026-03-06T02:43:41.637+01:00 INFO notification-service host=notification-service-a41e92-p9qmz corrId=c-eb7eaef5eee5f09e payment receipt sent loan_id=LN782237545 channel=DIGITAL_POST
2026-03-06T02:43:43.227+01:00 INFO payment-scheduler host=payment-scheduler-7c9d5b-p9qmz corrId=c-a4629a488083bb54 instalment collection started loan_id=LN320475876 due_date=2026-03-18
2026-03-06T02:43:43.360+01:00 INFO payment-service host=payment-service-5b8f6c-p9qmz corrId=c-a4629a488083bb54 direct debit mandate verified loan_id=LN320475876 mandate_id=MD4039018
2026-03-06T02:43:43.456+01:00 INFO payment-service host=payment-service-a41e92-p9qmz corrId=c-a4629a488083bb54 payment instruction sent loan_id=LN320475876 amount_dkk=16010.78
2026-03-06T02:43:43.589+01:00 INFO ledger-service host=ledger-service-7c9d5b-p9qmz corrId=c-a4629a488083bb54 ledger posting accepted loan_id=LN320475876 amount_dkk=16010.78 posting_id=PST-8538a8b1cb
2026-03-06T02:43:43.703+01:00 INFO payment-service host=payment-service-7c9d5b-p9qmz corrId=c-a4629a488083bb54 payment settled loan_id=LN320475876 amount_dkk=16010.78
2026-03-06T02:43:43.797+01:00 INFO notification-service host=notification-service-7c9d5b-t6zvn corrId=c-a4629a488083bb54 payment receipt sent loan_id=LN320475876 channel=DIGITAL_POST
2026-03-06T02:43:46.800+01:00 INFO payment-scheduler host=payment-scheduler-5b8f6c-x2k4p corrId=c-906f38b14baf3f46 instalment collection started loan_id=LN218282903 due_date=2026-03-11
2026-03-06T02:43:46.830+01:00 INFO payment-service host=payment-service-5b8f6c-p9qmz corrId=c-906f38b14baf3f46 direct debit mandate verified loan_id=LN218282903 mandate_id=MD3398392
2026-03-06T02:43:46.932+01:00 INFO payment-service host=payment-service-5b8f6c-p9qmz corrId=c-906f38b14baf3f46 payment instruction sent loan_id=LN218282903 amount_dkk=12635.23
2026-03-06T02:43:46.977+01:00 INFO ledger-service host=ledger-service-7c9d5b-t6zvn corrId=c-906f38b14baf3f46 ledger posting accepted loan_id=LN218282903 amount_dkk=12635.23 posting_id=PST-2cfe362f6a
2026-03-06T02:43:47.040+01:00 INFO payment-service host=payment-service-7c9d5b-x2k4p corrId=c-906f38b14baf3f46 payment settled loan_id=LN218282903 amount_dkk=12635.23
2026-03-06T02:43:47.045+01:00 INFO notification-service host=notification-service-7c9d5b-p9qmz corrId=c-906f38b14baf3f46 payment receipt sent loan_id=LN218282903 channel=EMAIL
2026-03-06T02:43:55.519+01:00 INFO payment-scheduler host=payment-scheduler-7c9d5b-t6zvn corrId=c-e52c376c18d9a0ec instalment collection started loan_id=LN024679651 due_date=2026-03-01
2026-03-06T02:43:55.612+01:00 INFO payment-service host=payment-service-a41e92-p9qmz corrId=c-e52c376c18d9a0ec direct debit mandate verified loan_id=LN024679651 mandate_id=MD2199971
2026-03-06T02:43:55.639+01:00 INFO payment-service host=payment-service-7c9d5b-x2k4p corrId=c-e52c376c18d9a0ec payment instruction sent loan_id=LN024679651 amount_dkk=9429.27
2026-03-06T02:43:55.726+01:00 INFO ledger-service host=ledger-service-5b8f6c-x2k4p corrId=c-e52c376c18d9a0ec ledger posting accepted loan_id=LN024679651 amount_dkk=9429.27 posting_id=PST-49d503207c
2026-03-06T02:43:55.845+01:00 INFO payment-service host=payment-service-5b8f6c-t6zvn corrId=c-e52c376c18d9a0ec payment settled loan_id=LN024679651 amount_dkk=9429.27
2026-03-06T02:43:55.945+01:00 INFO notification-service host=notification-service-7c9d5b-p9qmz corrId=c-e52c376c18d9a0ec payment receipt sent loan_id=LN024679651 channel=DIGITAL_POST
2026-03-06T02:43:57.153+01:00 INFO payment-scheduler host=payment-scheduler-7c9d5b-p9qmz corrId=c-0056c4cf091f15c1 instalment collection started loan_id=LN334554645 due_date=2026-03-18
2026-03-06T02:43:57.288+01:00 INFO payment-service host=payment-service-a41e92-x2k4p corrId=c-0056c4cf091f15c1 direct debit mandate verified loan_id=LN334554645 mandate_id=MD5511332
2026-03-06T02:43:57.293+01:00 INFO payment-service host=payment-service-7c9d5b-p9qmz corrId=c-0056c4cf091f15c1 payment instruction sent loan_id=LN334554645 amount_dkk=14334.30
2026-03-06T02:43:57.349+01:00 INFO ledger-service host=ledger-service-7c9d5b-x2k4p corrId=c-0056c4cf091f15c1 ledger posting accepted loan_id=LN334554645 amount_dkk=14334.30 posting_id=PST-c5a3b2aea7
2026-03-06T02:43:57.399+01:00 INFO payment-service host=payment-service-a41e92-t6zvn corrId=c-0056c4cf091f15c1 payment settled loan_id=LN334554645 amount_dkk=14334.30
2026-03-06T02:43:57.427+01:00 INFO notification-service host=notification-service-7c9d5b-x2k4p corrId=c-0056c4cf091f15c1 payment receipt sent loan_id=LN334554645 channel=DIGITAL_POST
2026-03-06T02:44:13.602+01:00 INFO payment-scheduler host=payment-scheduler-7c9d5b-x2k4p corrId=c-764c52acfe66edf7 instalment collection started loan_id=LN710807815 due_date=2026-03-20
2026-03-06T02:44:13.647+01:00 INFO payment-service host=payment-service-5b8f6c-t6zvn corrId=c-764c52acfe66edf7 direct debit mandate verified loan_id=LN710807815 mandate_id=MD1535854
2026-03-06T02:44:13.784+01:00 INFO payment-service host=payment-service-7c9d5b-t6zvn corrId=c-764c52acfe66edf7 payment instruction sent loan_id=LN710807815 amount_dkk=7570.14
2026-03-06T02:44:13.790+01:00 INFO ledger-service host=ledger-service-7c9d5b-t6zvn corrId=c-764c52acfe66edf7 ledger posting accepted loan_id=LN710807815 amount_dkk=7570.14 posting_id=PST-5c19028190
2026-03-06T02:44:13.920+01:00 INFO payment-service host=payment-service-5b8f6c-p9qmz corrId=c-764c52acfe66edf7 payment settled loan_id=LN710807815 amount_dkk=7570.14
2026-03-06T02:44:13.942+01:00 INFO notification-service host=notification-service-a41e92-t6zvn corrId=c-764c52acfe66edf7 payment receipt sent loan_id=LN710807815 channel=DIGITAL_POST
2026-03-06T02:44:20.739+01:00 INFO payment-scheduler host=payment-scheduler-5b8f6c-x2k4p corrId=c-e36713e92b3f4ba3 instalment collection started loan_id=LN578451128 due_date=2026-03-18
2026-03-06T02:44:20.832+01:00 INFO payment-service host=payment-service-a41e92-t6zvn corrId=c-e36713e92b3f4ba3 direct debit mandate verified loan_id=LN578451128 mandate_id=MD8363025
2026-03-06T02:44:20.894+01:00 INFO payment-service host=payment-service-a41e92-t6zvn corrId=c-e36713e92b3f4ba3 payment instruction sent loan_id=LN578451128 amount_dkk=16921.53
2026-03-06T02:44:20.944+01:00 INFO ledger-service host=ledger-service-5b8f6c-t6zvn corrId=c-e36713e92b3f4ba3 ledger posting accepted loan_id=LN578451128 amount_dkk=16921.53 posting_id=PST-33532aa80c
2026-03-06T02:44:20.970+01:00 INFO payment-service host=payment-service-a41e92-x2k4p corrId=c-e36713e92b3f4ba3 payment settled loan_id=LN578451128 amount_dkk=16921.53
2026-03-06T02:44:20.981+01:00 INFO notification-service host=notification-service-5b8f6c-x2k4p corrId=c-e36713e92b3f4ba3 payment receipt sent loan_id=LN578451128 channel=DIGITAL_POST
2026-03-06T02:45:00.013+01:00 INFO api-gateway host=api-gateway-a41e92-x2k4p corrId=- health probe ok status=200 latency_ms=14
2026-03-06T02:45:07.058+01:00 INFO payment-scheduler host=payment-scheduler-7c9d5b-p9qmz corrId=c-3a28e46a12ef718f instalment collection started loan_id=LN717945819 due_date=2026-03-07
2026-03-06T02:45:07.106+01:00 INFO payment-service host=payment-service-5b8f6c-p9qmz corrId=c-3a28e46a12ef718f direct debit mandate verified loan_id=LN717945819 mandate_id=MD0399702
2026-03-06T02:45:07.191+01:00 INFO payment-service host=payment-service-a41e92-p9qmz corrId=c-3a28e46a12ef718f payment instruction sent loan_id=LN717945819 amount_dkk=13300.68
2026-03-06T02:45:07.268+01:00 INFO ledger-service host=ledger-service-7c9d5b-p9qmz corrId=c-3a28e46a12ef718f ledger posting accepted loan_id=LN717945819 amount_dkk=13300.68 posting_id=PST-fd9b6da7a8
2026-03-06T02:45:07.342+01:00 INFO payment-service host=payment-service-7c9d5b-p9qmz corrId=c-3a28e46a12ef718f payment settled loan_id=LN717945819 amount_dkk=13300.68
2026-03-06T02:45:07.429+01:00 INFO notification-service host=notification-service-a41e92-p9qmz corrId=c-3a28e46a12ef718f payment receipt sent loan_id=LN717945819 channel=EMAIL
2026-03-06T02:45:11.798+01:00 INFO payment-scheduler host=payment-scheduler-7c9d5b-x2k4p corrId=c-2f59443a549e8051 instalment collection started loan_id=LN225826028 due_date=2026-03-07
2026-03-06T02:45:11.932+01:00 INFO payment-service host=payment-service-5b8f6c-x2k4p corrId=c-2f59443a549e8051 direct debit mandate verified loan_id=LN225826028 mandate_id=MD4070758
2026-03-06T02:45:11.979+01:00 INFO payment-service host=payment-service-a41e92-x2k4p corrId=c-2f59443a549e8051 payment instruction sent loan_id=LN225826028 amount_dkk=15457.80
2026-03-06T02:45:12.003+01:00 INFO ledger-service host=ledger-service-5b8f6c-p9qmz corrId=c-2f59443a549e8051 ledger posting accepted loan_id=LN225826028 amount_dkk=15457.80 posting_id=PST-f45cbd057e
2026-03-06T02:45:12.086+01:00 INFO payment-service host=payment-service-5b8f6c-p9qmz corrId=c-2f59443a549e8051 payment settled loan_id=LN225826028 amount_dkk=15457.80
2026-03-06T02:45:12.218+01:00 INFO notification-service host=notification-service-7c9d5b-t6zvn corrId=c-2f59443a549e8051 payment receipt sent loan_id=LN225826028 channel=DIGITAL_POST
2026-03-06T02:45:17.241+01:00 INFO payment-scheduler host=payment-scheduler-5b8f6c-x2k4p corrId=c-af3151ab3cc631ef instalment collection started loan_id=LN094671105 due_date=2026-03-22
2026-03-06T02:45:17.258+01:00 INFO payment-service host=payment-service-5b8f6c-p9qmz corrId=c-af3151ab3cc631ef direct debit mandate verified loan_id=LN094671105 mandate_id=MD0283864
2026-03-06T02:45:17.347+01:00 INFO payment-service host=payment-service-5b8f6c-p9qmz corrId=c-af3151ab3cc631ef payment instruction sent loan_id=LN094671105 amount_dkk=6067.75
2026-03-06T02:45:17.448+01:00 INFO ledger-service host=ledger-service-7c9d5b-t6zvn corrId=c-af3151ab3cc631ef ledger posting accepted loan_id=LN094671105 amount_dkk=6067.75 posting_id=PST-ede05e02ab
2026-03-06T02:45:17.539+01:00 INFO payment-service host=payment-service-7c9d5b-x2k4p corrId=c-af3151ab3cc631ef payment settled loan_id=LN094671105 amount_dkk=6067.75
2026-03-06T02:45:17.679+01:00 INFO notification-service host=notification-service-7c9d5b-x2k4p corrId=c-af3151ab3cc631ef payment receipt sent loan_id=LN094671105 channel=EMAIL
2026-03-06T02:45:19.361+01:00 INFO payment-scheduler host=payment-scheduler-a41e92-t6zvn corrId=c-c07c433202a236f6 instalment collection started loan_id=LN708470481 due_date=2026-03-12
2026-03-06T02:45:19.422+01:00 INFO payment-service host=payment-service-5b8f6c-p9qmz corrId=c-c07c433202a236f6 direct debit mandate verified loan_id=LN708470481 mandate_id=MD5659376
2026-03-06T02:45:19.491+01:00 INFO payment-service host=payment-service-7c9d5b-p9qmz corrId=c-c07c433202a236f6 payment instruction sent loan_id=LN708470481 amount_dkk=9118.72
2026-03-06T02:45:19.586+01:00 INFO ledger-service host=ledger-service-7c9d5b-t6zvn corrId=c-c07c433202a236f6 ledger posting accepted loan_id=LN708470481 amount_dkk=9118.72 posting_id=PST-67412c4b33
2026-03-06T02:45:19.708+01:00 INFO payment-service host=payment-service-a41e92-p9qmz corrId=c-c07c433202a236f6 payment settled loan_id=LN708470481 amount_dkk=9118.72
2026-03-06T02:45:19.824+01:00 INFO notification-service host=notification-service-5b8f6c-x2k4p corrId=c-c07c433202a236f6 payment receipt sent loan_id=LN708470481 channel=EMAIL
2026-03-06T02:45:24.000+01:00 INFO valuation-service host=valuation-service-5b8f6c-x2k4p corrId=- jvm gc pause pause_ms=46
2026-03-06T02:45:36.144+01:00 INFO payment-scheduler host=payment-scheduler-5b8f6c-x2k4p corrId=c-103e28a914442b55 instalment collection started loan_id=LN006378886 due_date=2026-03-08
2026-03-06T02:45:36.150+01:00 INFO payment-service host=payment-service-5b8f6c-x2k4p corrId=c-103e28a914442b55 direct debit mandate verified loan_id=LN006378886 mandate_id=MD2095701
2026-03-06T02:45:36.270+01:00 INFO payment-service host=payment-service-7c9d5b-p9qmz corrId=c-103e28a914442b55 payment instruction sent loan_id=LN006378886 amount_dkk=14812.33
2026-03-06T02:45:36.338+01:00 INFO ledger-service host=ledger-service-7c9d5b-t6zvn corrId=c-103e28a914442b55 ledger posting accepted loan_id=LN006378886 amount_dkk=14812.33 posting_id=PST-48a0f639b5
2026-03-06T02:45:36.388+01:00 INFO payment-service host=payment-service-a41e92-t6zvn corrId=c-103e28a914442b55 payment settled loan_id=LN006378886 amount_dkk=14812.33
2026-03-06T02:45:36.445+01:00 INFO notification-service host=notification-service-a41e92-t6zvn corrId=c-103e28a914442b55 payment receipt sent loan_id=LN006378886 channel=DIGITAL_POST
2026-03-06T02:45:57.172+01:00 INFO payment-scheduler host=payment-scheduler-a41e92-t6zvn corrId=c-b40d2facd06f3d66 instalment collection started loan_id=LN442397123 due_date=2026-03-21
2026-03-06T02:45:57.191+01:00 INFO payment-service host=payment-service-7c9d5b-x2k4p corrId=c-b40d2facd06f3d66 direct debit mandate verified loan_id=LN442397123 mandate_id=MD9355292
2026-03-06T02:45:57.217+01:00 INFO payment-service host=payment-service-a41e92-p9qmz corrId=c-b40d2facd06f3d66 payment instruction sent loan_id=LN442397123 amount_dkk=7305.67
2026-03-06T02:45:57.333+01:00 INFO ledger-service host=ledger-service-7c9d5b-t6zvn corrId=c-b40d2facd06f3d66 ledger posting accepted loan_id=LN442397123 amount_dkk=7305.67 posting_id=PST-f7ddba9a09
2026-03-06T02:45:57.405+01:00 INFO payment-service host=payment-service-a41e92-t6zvn corrId=c-b40d2facd06f3d66 payment settled loan_id=LN442397123 amount_dkk=7305.67
2026-03-06T02:45:57.525+01:00 INFO notification-service host=notification-service-7c9d5b-x2k4p corrId=c-b40d2facd06f3d66 payment receipt sent loan_id=LN442397123 channel=DIGITAL_POST
2026-03-06T02:46:05.150+01:00 INFO payment-scheduler host=payment-scheduler-a41e92-t6zvn corrId=c-ad3b2f7d14925644 instalment collection started loan_id=LN109664991 due_date=2026-03-05
2026-03-06T02:46:05.223+01:00 INFO payment-service host=payment-service-a41e92-p9qmz corrId=c-ad3b2f7d14925644 direct debit mandate verified loan_id=LN109664991 mandate_id=MD6404728
2026-03-06T02:46:05.314+01:00 INFO payment-service host=payment-service-7c9d5b-t6zvn corrId=c-ad3b2f7d14925644 payment instruction sent loan_id=LN109664991 amount_dkk=3976.88
2026-03-06T02:46:05.334+01:00 INFO ledger-service host=ledger-service-a41e92-p9qmz corrId=c-ad3b2f7d14925644 ledger posting accepted loan_id=LN109664991 amount_dkk=3976.88 posting_id=PST-cf0a5f883b
2026-03-06T02:46:05.397+01:00 INFO payment-service host=payment-service-5b8f6c-t6zvn corrId=c-ad3b2f7d14925644 payment settled loan_id=LN109664991 amount_dkk=3976.88
2026-03-06T02:46:05.424+01:00 INFO notification-service host=notification-service-7c9d5b-p9qmz corrId=c-ad3b2f7d14925644 payment receipt sent loan_id=LN109664991 channel=EMAIL
2026-03-06T02:46:07.809+01:00 INFO payment-scheduler host=payment-scheduler-7c9d5b-t6zvn corrId=c-14c2685430453967 instalment collection started loan_id=LN136200606 due_date=2026-03-08
2026-03-06T02:46:07.871+01:00 INFO payment-service host=payment-service-5b8f6c-p9qmz corrId=c-14c2685430453967 direct debit mandate verified loan_id=LN136200606 mandate_id=MD4448723
2026-03-06T02:46:07.960+01:00 INFO payment-service host=payment-service-a41e92-p9qmz corrId=c-14c2685430453967 payment instruction sent loan_id=LN136200606 amount_dkk=4879.85
2026-03-06T02:46:08.039+01:00 INFO ledger-service host=ledger-service-a41e92-p9qmz corrId=c-14c2685430453967 ledger posting accepted loan_id=LN136200606 amount_dkk=4879.85 posting_id=PST-2758929359
2026-03-06T02:46:08.158+01:00 INFO payment-service host=payment-service-7c9d5b-t6zvn corrId=c-14c2685430453967 payment settled loan_id=LN136200606 amount_dkk=4879.85
2026-03-06T02:46:08.167+01:00 INFO notification-service host=notification-service-a41e92-t6zvn corrId=c-14c2685430453967 payment receipt sent loan_id=LN136200606 channel=EMAIL
2026-03-06T02:46:29.071+01:00 INFO payment-scheduler host=payment-scheduler-5b8f6c-p9qmz corrId=c-cb057b5700c228fb instalment collection started loan_id=LN291027451 due_date=2026-03-02
2026-03-06T02:46:29.131+01:00 INFO payment-service host=payment-service-a41e92-x2k4p corrId=c-cb057b5700c228fb direct debit mandate verified loan_id=LN291027451 mandate_id=MD7116776
2026-03-06T02:46:29.197+01:00 INFO payment-service host=payment-service-5b8f6c-t6zvn corrId=c-cb057b5700c228fb payment instruction sent loan_id=LN291027451 amount_dkk=14503.83
2026-03-06T02:46:29.306+01:00 INFO ledger-service host=ledger-service-a41e92-x2k4p corrId=c-cb057b5700c228fb ledger posting accepted loan_id=LN291027451 amount_dkk=14503.83 posting_id=PST-ef28dac4de
2026-03-06T02:46:29.368+01:00 INFO payment-service host=payment-service-5b8f6c-p9qmz corrId=c-cb057b5700c228fb payment settled loan_id=LN291027451 amount_dkk=14503.83
2026-03-06T02:46:29.426+01:00 INFO notification-service host=notification-service-5b8f6c-p9qmz corrId=c-cb057b5700c228fb payment receipt sent loan_id=LN291027451 channel=EMAIL
2026-03-06T02:46:47.778+01:00 INFO payment-scheduler host=payment-scheduler-a41e92-p9qmz corrId=c-cc80127eba74358c instalment collection started loan_id=LN117156702 due_date=2026-03-20
2026-03-06T02:46:47.811+01:00 INFO payment-service host=payment-service-5b8f6c-t6zvn corrId=c-cc80127eba74358c direct debit mandate verified loan_id=LN117156702 mandate_id=MD6337168
2026-03-06T02:46:47.905+01:00 INFO payment-service host=payment-service-5b8f6c-x2k4p corrId=c-cc80127eba74358c payment instruction sent loan_id=LN117156702 amount_dkk=4144.89
2026-03-06T02:46:47.984+01:00 INFO ledger-service host=ledger-service-a41e92-p9qmz corrId=c-cc80127eba74358c ledger posting accepted loan_id=LN117156702 amount_dkk=4144.89 posting_id=PST-ab425ee16f
2026-03-06T02:46:48.045+01:00 INFO payment-service host=payment-service-7c9d5b-t6zvn corrId=c-cc80127eba74358c payment settled loan_id=LN117156702 amount_dkk=4144.89
2026-03-06T02:46:48.142+01:00 INFO notification-service host=notification-service-5b8f6c-p9qmz corrId=c-cc80127eba74358c payment receipt sent loan_id=LN117156702 channel=DIGITAL_POST
2026-03-06T02:46:50.656+01:00 INFO payment-scheduler host=payment-scheduler-a41e92-t6zvn corrId=c-2868851ca28057b4 instalment collection started loan_id=LN978421388 due_date=2026-03-01
2026-03-06T02:46:50.794+01:00 INFO payment-service host=payment-service-a41e92-t6zvn corrId=c-2868851ca28057b4 direct debit mandate verified loan_id=LN978421388 mandate_id=MD3841666
2026-03-06T02:46:50.816+01:00 INFO payment-service host=payment-service-7c9d5b-t6zvn corrId=c-2868851ca28057b4 payment instruction sent loan_id=LN978421388 amount_dkk=10205.90
2026-03-06T02:46:50.877+01:00 INFO ledger-service host=ledger-service-7c9d5b-p9qmz corrId=c-2868851ca28057b4 ledger posting accepted loan_id=LN978421388 amount_dkk=10205.90 posting_id=PST-81157cfd9a
2026-03-06T02:46:50.957+01:00 INFO payment-service host=payment-service-5b8f6c-x2k4p corrId=c-2868851ca28057b4 payment settled loan_id=LN978421388 amount_dkk=10205.90
2026-03-06T02:46:51.090+01:00 INFO notification-service host=notification-service-5b8f6c-t6zvn corrId=c-2868851ca28057b4 payment receipt sent loan_id=LN978421388 channel=DIGITAL_POST
2026-03-06T02:46:55.961+01:00 INFO payment-scheduler host=payment-scheduler-5b8f6c-x2k4p corrId=c-e094e129c676261b instalment collection started loan_id=LN378779641 due_date=2026-03-22
2026-03-06T02:46:56.080+01:00 INFO payment-service host=payment-service-7c9d5b-x2k4p corrId=c-e094e129c676261b direct debit mandate verified loan_id=LN378779641 mandate_id=MD2336945
2026-03-06T02:46:56.173+01:00 INFO payment-service host=payment-service-7c9d5b-x2k4p corrId=c-e094e129c676261b payment instruction sent loan_id=LN378779641 amount_dkk=15091.13
2026-03-06T02:46:56.229+01:00 INFO ledger-service host=ledger-service-5b8f6c-p9qmz corrId=c-e094e129c676261b ledger posting accepted loan_id=LN378779641 amount_dkk=15091.13 posting_id=PST-dfba6e6725
2026-03-06T02:46:56.268+01:00 INFO payment-service host=payment-service-a41e92-x2k4p corrId=c-e094e129c676261b payment settled loan_id=LN378779641 amount_dkk=15091.13
2026-03-06T02:46:56.277+01:00 INFO notification-service host=notification-service-7c9d5b-x2k4p corrId=c-e094e129c676261b payment receipt sent loan_id=LN378779641 channel=DIGITAL_POST
2026-03-06T02:46:59.322+01:00 INFO payment-scheduler host=payment-scheduler-a41e92-x2k4p corrId=c-0b6b669749550728 instalment collection started loan_id=LN432883981 due_date=2026-03-15
2026-03-06T02:46:59.423+01:00 INFO payment-service host=payment-service-5b8f6c-p9qmz corrId=c-0b6b669749550728 direct debit mandate verified loan_id=LN432883981 mandate_id=MD3033310
2026-03-06T02:46:59.516+01:00 INFO payment-service host=payment-service-5b8f6c-t6zvn corrId=c-0b6b669749550728 payment instruction sent loan_id=LN432883981 amount_dkk=8049.69
2026-03-06T02:46:59.618+01:00 INFO ledger-service host=ledger-service-5b8f6c-x2k4p corrId=c-0b6b669749550728 ledger posting accepted loan_id=LN432883981 amount_dkk=8049.69 posting_id=PST-86da358b09
2026-03-06T02:46:59.664+01:00 INFO payment-service host=payment-service-7c9d5b-t6zvn corrId=c-0b6b669749550728 payment settled loan_id=LN432883981 amount_dkk=8049.69
2026-03-06T02:46:59.702+01:00 INFO notification-service host=notification-service-7c9d5b-t6zvn corrId=c-0b6b669749550728 payment receipt sent loan_id=LN432883981 channel=EMAIL
2026-03-06T02:47:06.884+01:00 INFO payment-scheduler host=payment-scheduler-7c9d5b-p9qmz corrId=c-b241b4ee70d15661 instalment collection started loan_id=LN523273236 due_date=2026-03-13
2026-03-06T02:47:06.953+01:00 INFO payment-service host=payment-service-a41e92-x2k4p corrId=c-b241b4ee70d15661 direct debit mandate verified loan_id=LN523273236 mandate_id=MD1385484
2026-03-06T02:47:06.960+01:00 INFO payment-service host=payment-service-5b8f6c-p9qmz corrId=c-b241b4ee70d15661 payment instruction sent loan_id=LN523273236 amount_dkk=4646.86
2026-03-06T02:47:07.028+01:00 INFO ledger-service host=ledger-service-5b8f6c-p9qmz corrId=c-b241b4ee70d15661 ledger posting accepted loan_id=LN523273236 amount_dkk=4646.86 posting_id=PST-cdbfaf8cbe
2026-03-06T02:47:07.050+01:00 INFO payment-service host=payment-service-5b8f6c-x2k4p corrId=c-b241b4ee70d15661 payment settled loan_id=LN523273236 amount_dkk=4646.86
2026-03-06T02:47:07.085+01:00 INFO notification-service host=notification-service-5b8f6c-x2k4p corrId=c-b241b4ee70d15661 payment receipt sent loan_id=LN523273236 channel=DIGITAL_POST
2026-03-06T02:47:07.860+01:00 INFO payment-scheduler host=payment-scheduler-a41e92-p9qmz corrId=c-72bb49b849b2072e instalment collection started loan_id=LN681112872 due_date=2026-03-08
2026-03-06T02:47:07.924+01:00 INFO payment-service host=payment-service-5b8f6c-t6zvn corrId=c-72bb49b849b2072e direct debit mandate verified loan_id=LN681112872 mandate_id=MD9840840
2026-03-06T02:47:07.984+01:00 INFO payment-service host=payment-service-5b8f6c-p9qmz corrId=c-72bb49b849b2072e payment instruction sent loan_id=LN681112872 amount_dkk=4585.49
2026-03-06T02:47:07.999+01:00 INFO ledger-service host=ledger-service-a41e92-x2k4p corrId=c-72bb49b849b2072e ledger posting accepted loan_id=LN681112872 amount_dkk=4585.49 posting_id=PST-66eb06c772
2026-03-06T02:47:08.083+01:00 INFO payment-service host=payment-service-5b8f6c-p9qmz corrId=c-72bb49b849b2072e payment settled loan_id=LN681112872 amount_dkk=4585.49
2026-03-06T02:47:08.140+01:00 INFO notification-service host=notification-service-a41e92-x2k4p corrId=c-72bb49b849b2072e payment receipt sent loan_id=LN681112872 channel=EMAIL
2026-03-06T02:47:12.995+01:00 INFO payment-scheduler host=payment-scheduler-7c9d5b-p9qmz corrId=c-11293e8395570965 instalment collection started loan_id=LN663945453 due_date=2026-03-21
2026-03-06T02:47:13.013+01:00 INFO payment-service host=payment-service-a41e92-p9qmz corrId=c-11293e8395570965 direct debit mandate verified loan_id=LN663945453 mandate_id=MD2543056
2026-03-06T02:47:13.054+01:00 INFO payment-service host=payment-service-5b8f6c-x2k4p corrId=c-11293e8395570965 payment instruction sent loan_id=LN663945453 amount_dkk=9467.83
2026-03-06T02:47:13.088+01:00 INFO ledger-service host=ledger-service-a41e92-p9qmz corrId=c-11293e8395570965 ledger posting accepted loan_id=LN663945453 amount_dkk=9467.83 posting_id=PST-3ccb7a6cd6
2026-03-06T02:47:13.187+01:00 INFO payment-service host=payment-service-a41e92-x2k4p corrId=c-11293e8395570965 payment settled loan_id=LN663945453 amount_dkk=9467.83
2026-03-06T02:47:13.245+01:00 INFO notification-service host=notification-service-5b8f6c-t6zvn corrId=c-11293e8395570965 payment receipt sent loan_id=LN663945453 channel=EMAIL
2026-03-06T02:47:38.344+01:00 INFO payment-scheduler host=payment-scheduler-7c9d5b-x2k4p corrId=c-2df1c06448ea8775 instalment collection started loan_id=LN303288781 due_date=2026-03-14
2026-03-06T02:47:38.471+01:00 INFO payment-service host=payment-service-5b8f6c-x2k4p corrId=c-2df1c06448ea8775 direct debit mandate verified loan_id=LN303288781 mandate_id=MD3954468
2026-03-06T02:47:38.561+01:00 INFO payment-service host=payment-service-5b8f6c-p9qmz corrId=c-2df1c06448ea8775 payment instruction sent loan_id=LN303288781 amount_dkk=7215.43
2026-03-06T02:47:38.588+01:00 INFO ledger-service host=ledger-service-a41e92-x2k4p corrId=c-2df1c06448ea8775 ledger posting accepted loan_id=LN303288781 amount_dkk=7215.43 posting_id=PST-32eff633d1
2026-03-06T02:47:38.722+01:00 INFO payment-service host=payment-service-5b8f6c-t6zvn corrId=c-2df1c06448ea8775 payment settled loan_id=LN303288781 amount_dkk=7215.43
2026-03-06T02:47:38.847+01:00 INFO notification-service host=notification-service-5b8f6c-t6zvn corrId=c-2df1c06448ea8775 payment receipt sent loan_id=LN303288781 channel=DIGITAL_POST
2026-03-06T02:47:42.871+01:00 INFO payment-scheduler host=payment-scheduler-7c9d5b-p9qmz corrId=c-25866429246ef000 instalment collection started loan_id=LN878395129 due_date=2026-03-27
2026-03-06T02:47:42.921+01:00 INFO payment-service host=payment-service-a41e92-p9qmz corrId=c-25866429246ef000 direct debit mandate verified loan_id=LN878395129 mandate_id=MD0909359
2026-03-06T02:47:43.021+01:00 INFO payment-service host=payment-service-7c9d5b-t6zvn corrId=c-25866429246ef000 payment instruction sent loan_id=LN878395129 amount_dkk=5061.01
2026-03-06T02:47:43.055+01:00 INFO ledger-service host=ledger-service-a41e92-p9qmz corrId=c-25866429246ef000 ledger posting accepted loan_id=LN878395129 amount_dkk=5061.01 posting_id=PST-34587c70e7
2026-03-06T02:47:43.080+01:00 INFO payment-service host=payment-service-7c9d5b-p9qmz corrId=c-25866429246ef000 payment settled loan_id=LN878395129 amount_dkk=5061.01
2026-03-06T02:47:43.142+01:00 INFO notification-service host=notification-service-a41e92-t6zvn corrId=c-25866429246ef000 payment receipt sent loan_id=LN878395129 channel=DIGITAL_POST
2026-03-06T02:47:46.697+01:00 INFO payment-scheduler host=payment-scheduler-a41e92-t6zvn corrId=c-e0938d581e08a334 instalment collection started loan_id=LN464990084 due_date=2026-03-12
2026-03-06T02:47:46.762+01:00 INFO payment-service host=payment-service-7c9d5b-t6zvn corrId=c-e0938d581e08a334 direct debit mandate verified loan_id=LN464990084 mandate_id=MD2589039
2026-03-06T02:47:46.855+01:00 INFO payment-service host=payment-service-a41e92-x2k4p corrId=c-e0938d581e08a334 payment instruction sent loan_id=LN464990084 amount_dkk=9627.55
2026-03-06T02:47:46.909+01:00 INFO ledger-service host=ledger-service-5b8f6c-p9qmz corrId=c-e0938d581e08a334 ledger posting accepted loan_id=LN464990084 amount_dkk=9627.55 posting_id=PST-1c53b31c06
2026-03-06T02:47:46.921+01:00 INFO payment-service host=payment-service-7c9d5b-p9qmz corrId=c-e0938d581e08a334 payment settled loan_id=LN464990084 amount_dkk=9627.55
2026-03-06T02:47:47.029+01:00 INFO notification-service host=notification-service-5b8f6c-x2k4p corrId=c-e0938d581e08a334 payment receipt sent loan_id=LN464990084 channel=EMAIL
2026-03-06T02:48:03.378+01:00 INFO payment-scheduler host=payment-scheduler-a41e92-t6zvn corrId=c-97d14468a0ed36f1 instalment collection started loan_id=LN147780934 due_date=2026-03-18
2026-03-06T02:48:03.457+01:00 INFO payment-service host=payment-service-7c9d5b-x2k4p corrId=c-97d14468a0ed36f1 direct debit mandate verified loan_id=LN147780934 mandate_id=MD1693764
2026-03-06T02:48:03.524+01:00 INFO payment-service host=payment-service-a41e92-t6zvn corrId=c-97d14468a0ed36f1 payment instruction sent loan_id=LN147780934 amount_dkk=6803.95
2026-03-06T02:48:03.579+01:00 INFO ledger-service host=ledger-service-7c9d5b-p9qmz corrId=c-97d14468a0ed36f1 ledger posting accepted loan_id=LN147780934 amount_dkk=6803.95 posting_id=PST-85986bf971
2026-03-06T02:48:03.652+01:00 INFO payment-service host=payment-service-5b8f6c-p9qmz corrId=c-97d14468a0ed36f1 payment settled loan_id=LN147780934 amount_dkk=6803.95
2026-03-06T02:48:03.778+01:00 INFO notification-service host=notification-service-5b8f6c-x2k4p corrId=c-97d14468a0ed36f1 payment receipt sent loan_id=LN147780934 channel=EMAIL
2026-03-06T02:48:05.047+01:00 INFO payment-scheduler host=payment-scheduler-a41e92-t6zvn corrId=c-7118b1645f5d6374 instalment collection started loan_id=LN378866176 due_date=2026-03-12
2026-03-06T02:48:05.058+01:00 INFO payment-service host=payment-service-7c9d5b-t6zvn corrId=c-7118b1645f5d6374 direct debit mandate verified loan_id=LN378866176 mandate_id=MD2796167
2026-03-06T02:48:05.087+01:00 INFO payment-service host=payment-service-7c9d5b-p9qmz corrId=c-7118b1645f5d6374 payment instruction sent loan_id=LN378866176 amount_dkk=8551.40
2026-03-06T02:48:05.153+01:00 INFO ledger-service host=ledger-service-a41e92-x2k4p corrId=c-7118b1645f5d6374 ledger posting accepted loan_id=LN378866176 amount_dkk=8551.40 posting_id=PST-89148dd75d
2026-03-06T02:48:05.255+01:00 INFO payment-service host=payment-service-a41e92-t6zvn corrId=c-7118b1645f5d6374 payment settled loan_id=LN378866176 amount_dkk=8551.40
2026-03-06T02:48:05.350+01:00 INFO notification-service host=notification-service-a41e92-x2k4p corrId=c-7118b1645f5d6374 payment receipt sent loan_id=LN378866176 channel=EMAIL
2026-03-06T02:48:36.044+01:00 INFO payment-scheduler host=payment-scheduler-a41e92-p9qmz corrId=c-bb738cb3cc5dd6f8 instalment collection started loan_id=LN729047764 due_date=2026-03-21
2026-03-06T02:48:36.053+01:00 INFO payment-service host=payment-service-5b8f6c-p9qmz corrId=c-bb738cb3cc5dd6f8 direct debit mandate verified loan_id=LN729047764 mandate_id=MD6334184
2026-03-06T02:48:36.114+01:00 INFO payment-service host=payment-service-a41e92-x2k4p corrId=c-bb738cb3cc5dd6f8 payment instruction sent loan_id=LN729047764 amount_dkk=5290.96
2026-03-06T02:48:36.180+01:00 INFO ledger-service host=ledger-service-7c9d5b-x2k4p corrId=c-bb738cb3cc5dd6f8 ledger posting accepted loan_id=LN729047764 amount_dkk=5290.96 posting_id=PST-0528e854f6
2026-03-06T02:48:36.284+01:00 INFO payment-service host=payment-service-5b8f6c-x2k4p corrId=c-bb738cb3cc5dd6f8 payment settled loan_id=LN729047764 amount_dkk=5290.96
2026-03-06T02:48:36.341+01:00 INFO notification-service host=notification-service-7c9d5b-x2k4p corrId=c-bb738cb3cc5dd6f8 payment receipt sent loan_id=LN729047764 channel=EMAIL
2026-03-06T02:48:40.331+01:00 INFO payment-scheduler host=payment-scheduler-a41e92-x2k4p corrId=c-077b1217629a19e4 instalment collection started loan_id=LN769495117 due_date=2026-03-15
2026-03-06T02:48:40.400+01:00 INFO payment-service host=payment-service-7c9d5b-p9qmz corrId=c-077b1217629a19e4 direct debit mandate verified loan_id=LN769495117 mandate_id=MD3933474
2026-03-06T02:48:40.488+01:00 INFO payment-service host=payment-service-5b8f6c-p9qmz corrId=c-077b1217629a19e4 payment instruction sent loan_id=LN769495117 amount_dkk=5877.39
2026-03-06T02:48:40.558+01:00 INFO ledger-service host=ledger-service-5b8f6c-x2k4p corrId=c-077b1217629a19e4 ledger posting accepted loan_id=LN769495117 amount_dkk=5877.39 posting_id=PST-8dfbf7b353
2026-03-06T02:48:40.599+01:00 INFO payment-service host=payment-service-7c9d5b-x2k4p corrId=c-077b1217629a19e4 payment settled loan_id=LN769495117 amount_dkk=5877.39
2026-03-06T02:48:40.728+01:00 INFO notification-service host=notification-service-7c9d5b-t6zvn corrId=c-077b1217629a19e4 payment receipt sent loan_id=LN769495117 channel=DIGITAL_POST
2026-03-06T02:49:02.564+01:00 INFO payment-scheduler host=payment-scheduler-7c9d5b-t6zvn corrId=c-5a9bc3a6fde5f388 instalment collection started loan_id=LN355835993 due_date=2026-03-01
2026-03-06T02:49:02.580+01:00 INFO payment-service host=payment-service-a41e92-t6zvn corrId=c-5a9bc3a6fde5f388 direct debit mandate verified loan_id=LN355835993 mandate_id=MD3170784
2026-03-06T02:49:02.620+01:00 INFO payment-service host=payment-service-5b8f6c-t6zvn corrId=c-5a9bc3a6fde5f388 payment instruction sent loan_id=LN355835993 amount_dkk=15630.14
2026-03-06T02:49:02.662+01:00 INFO ledger-service host=ledger-service-5b8f6c-p9qmz corrId=c-5a9bc3a6fde5f388 ledger posting accepted loan_id=LN355835993 amount_dkk=15630.14 posting_id=PST-2a82a881a4
2026-03-06T02:49:02.779+01:00 INFO payment-service host=payment-service-a41e92-x2k4p corrId=c-5a9bc3a6fde5f388 payment settled loan_id=LN355835993 amount_dkk=15630.14
2026-03-06T02:49:02.915+01:00 INFO notification-service host=notification-service-7c9d5b-x2k4p corrId=c-5a9bc3a6fde5f388 payment receipt sent loan_id=LN355835993 channel=DIGITAL_POST
2026-03-06T02:49:33.241+01:00 INFO payment-scheduler host=payment-scheduler-7c9d5b-p9qmz corrId=c-928dc9af00607b93 instalment collection started loan_id=LN508745816 due_date=2026-03-07
2026-03-06T02:49:33.246+01:00 INFO payment-service host=payment-service-7c9d5b-t6zvn corrId=c-928dc9af00607b93 direct debit mandate verified loan_id=LN508745816 mandate_id=MD5691260
2026-03-06T02:49:33.385+01:00 INFO payment-service host=payment-service-5b8f6c-x2k4p corrId=c-928dc9af00607b93 payment instruction sent loan_id=LN508745816 amount_dkk=5481.26
2026-03-06T02:49:33.485+01:00 INFO ledger-service host=ledger-service-7c9d5b-p9qmz corrId=c-928dc9af00607b93 ledger posting accepted loan_id=LN508745816 amount_dkk=5481.26 posting_id=PST-b30ff97854
2026-03-06T02:49:33.609+01:00 INFO payment-service host=payment-service-5b8f6c-t6zvn corrId=c-928dc9af00607b93 payment settled loan_id=LN508745816 amount_dkk=5481.26
2026-03-06T02:49:33.679+01:00 INFO notification-service host=notification-service-5b8f6c-x2k4p corrId=c-928dc9af00607b93 payment receipt sent loan_id=LN508745816 channel=DIGITAL_POST
2026-03-06T02:49:47.488+01:00 INFO payment-scheduler host=payment-scheduler-a41e92-x2k4p corrId=c-3e1de2682876696a instalment collection started loan_id=LN797919469 due_date=2026-03-02
2026-03-06T02:49:47.565+01:00 INFO payment-service host=payment-service-7c9d5b-t6zvn corrId=c-3e1de2682876696a direct debit mandate verified loan_id=LN797919469 mandate_id=MD3585289
2026-03-06T02:49:47.635+01:00 INFO payment-service host=payment-service-5b8f6c-x2k4p corrId=c-3e1de2682876696a payment instruction sent loan_id=LN797919469 amount_dkk=14379.15
2026-03-06T02:49:47.772+01:00 INFO ledger-service host=ledger-service-a41e92-p9qmz corrId=c-3e1de2682876696a ledger posting accepted loan_id=LN797919469 amount_dkk=14379.15 posting_id=PST-d0105fde22
2026-03-06T02:49:47.784+01:00 INFO payment-service host=payment-service-5b8f6c-p9qmz corrId=c-3e1de2682876696a payment settled loan_id=LN797919469 amount_dkk=14379.15
2026-03-06T02:49:47.870+01:00 INFO notification-service host=notification-service-5b8f6c-p9qmz corrId=c-3e1de2682876696a payment receipt sent loan_id=LN797919469 channel=DIGITAL_POST
2026-03-06T02:49:48.163+01:00 INFO payment-scheduler host=payment-scheduler-5b8f6c-x2k4p corrId=c-8508d9a63f745f69 instalment collection started loan_id=LN464892613 due_date=2026-03-25
2026-03-06T02:49:48.214+01:00 INFO payment-service host=payment-service-a41e92-t6zvn corrId=c-8508d9a63f745f69 direct debit mandate verified loan_id=LN464892613 mandate_id=MD0720244
2026-03-06T02:49:48.224+01:00 INFO payment-service host=payment-service-5b8f6c-p9qmz corrId=c-8508d9a63f745f69 payment instruction sent loan_id=LN464892613 amount_dkk=6050.97
2026-03-06T02:49:48.244+01:00 INFO ledger-service host=ledger-service-a41e92-x2k4p corrId=c-8508d9a63f745f69 ledger posting accepted loan_id=LN464892613 amount_dkk=6050.97 posting_id=PST-cf7ddf7de9
2026-03-06T02:49:48.297+01:00 INFO payment-scheduler host=payment-scheduler-5b8f6c-t6zvn corrId=c-02fff3472df0c8b7 instalment collection started loan_id=LN049694475 due_date=2026-03-12
2026-03-06T02:49:48.341+01:00 INFO payment-service host=payment-service-a41e92-x2k4p corrId=c-02fff3472df0c8b7 direct debit mandate verified loan_id=LN049694475 mandate_id=MD7425167
2026-03-06T02:49:48.370+01:00 INFO payment-service host=payment-service-7c9d5b-x2k4p corrId=c-8508d9a63f745f69 payment settled loan_id=LN464892613 amount_dkk=6050.97
2026-03-06T02:49:48.387+01:00 INFO notification-service host=notification-service-a41e92-x2k4p corrId=c-8508d9a63f745f69 payment receipt sent loan_id=LN464892613 channel=DIGITAL_POST
2026-03-06T02:49:48.447+01:00 INFO payment-service host=payment-service-a41e92-t6zvn corrId=c-02fff3472df0c8b7 payment instruction sent loan_id=LN049694475 amount_dkk=7149.50
2026-03-06T02:49:48.498+01:00 INFO ledger-service host=ledger-service-5b8f6c-p9qmz corrId=c-02fff3472df0c8b7 ledger posting accepted loan_id=LN049694475 amount_dkk=7149.50 posting_id=PST-172732ddeb
2026-03-06T02:49:48.616+01:00 INFO payment-service host=payment-service-a41e92-t6zvn corrId=c-02fff3472df0c8b7 payment settled loan_id=LN049694475 amount_dkk=7149.50
2026-03-06T02:49:48.724+01:00 INFO notification-service host=notification-service-7c9d5b-t6zvn corrId=c-02fff3472df0c8b7 payment receipt sent loan_id=LN049694475 channel=DIGITAL_POST
2026-03-06T02:49:58.394+01:00 INFO payment-scheduler host=payment-scheduler-5b8f6c-p9qmz corrId=c-e18c90abe11366d1 instalment collection started loan_id=LN020968008 due_date=2026-03-20
2026-03-06T02:49:58.506+01:00 INFO payment-service host=payment-service-7c9d5b-t6zvn corrId=c-e18c90abe11366d1 direct debit mandate verified loan_id=LN020968008 mandate_id=MD1879595
2026-03-06T02:49:58.573+01:00 INFO payment-service host=payment-service-7c9d5b-t6zvn corrId=c-e18c90abe11366d1 payment instruction sent loan_id=LN020968008 amount_dkk=2864.12
2026-03-06T02:49:58.700+01:00 INFO ledger-service host=ledger-service-a41e92-x2k4p corrId=c-e18c90abe11366d1 ledger posting accepted loan_id=LN020968008 amount_dkk=2864.12 posting_id=PST-52370eee0f
2026-03-06T02:49:58.730+01:00 INFO payment-service host=payment-service-7c9d5b-t6zvn corrId=c-e18c90abe11366d1 payment settled loan_id=LN020968008 amount_dkk=2864.12
2026-03-06T02:49:58.833+01:00 INFO notification-service host=notification-service-7c9d5b-p9qmz corrId=c-e18c90abe11366d1 payment receipt sent loan_id=LN020968008 channel=DIGITAL_POST
2026-03-06T02:50:00.277+01:00 INFO api-gateway host=api-gateway-a41e92-x2k4p corrId=- health probe ok status=200 latency_ms=36
2026-03-06T02:50:00.407+01:00 INFO payment-scheduler host=payment-scheduler-5b8f6c-p9qmz corrId=- scheduler heartbeat lag_ms=84
2026-03-06T02:51:02.059+01:00 INFO payment-scheduler host=payment-scheduler-7c9d5b-x2k4p corrId=c-faa02d4324e41a4d instalment collection started loan_id=LN336914703 due_date=2026-03-13
2026-03-06T02:51:02.086+01:00 INFO payment-service host=payment-service-5b8f6c-t6zvn corrId=c-faa02d4324e41a4d direct debit mandate verified loan_id=LN336914703 mandate_id=MD9431062
2026-03-06T02:51:02.219+01:00 INFO payment-service host=payment-service-5b8f6c-p9qmz corrId=c-faa02d4324e41a4d payment instruction sent loan_id=LN336914703 amount_dkk=3104.52
2026-03-06T02:51:02.229+01:00 INFO ledger-service host=ledger-service-7c9d5b-p9qmz corrId=c-faa02d4324e41a4d ledger posting accepted loan_id=LN336914703 amount_dkk=3104.52 posting_id=PST-d5778ca3a8
2026-03-06T02:51:02.251+01:00 INFO payment-service host=payment-service-a41e92-x2k4p corrId=c-faa02d4324e41a4d payment settled loan_id=LN336914703 amount_dkk=3104.52
2026-03-06T02:51:02.294+01:00 INFO notification-service host=notification-service-7c9d5b-p9qmz corrId=c-faa02d4324e41a4d payment receipt sent loan_id=LN336914703 channel=DIGITAL_POST
2026-03-06T02:51:53.743+01:00 INFO payment-scheduler host=payment-scheduler-7c9d5b-t6zvn corrId=c-190bd426a83cf392 instalment collection started loan_id=LN827909910 due_date=2026-03-21
2026-03-06T02:51:53.775+01:00 INFO payment-service host=payment-service-7c9d5b-t6zvn corrId=c-190bd426a83cf392 direct debit mandate verified loan_id=LN827909910 mandate_id=MD9937082
2026-03-06T02:51:53.842+01:00 INFO payment-service host=payment-service-5b8f6c-x2k4p corrId=c-190bd426a83cf392 payment instruction sent loan_id=LN827909910 amount_dkk=10785.93
2026-03-06T02:51:53.905+01:00 INFO ledger-service host=ledger-service-a41e92-t6zvn corrId=c-190bd426a83cf392 ledger posting accepted loan_id=LN827909910 amount_dkk=10785.93 posting_id=PST-ec6873fab6
2026-03-06T02:51:53.943+01:00 INFO payment-service host=payment-service-7c9d5b-p9qmz corrId=c-190bd426a83cf392 payment settled loan_id=LN827909910 amount_dkk=10785.93
2026-03-06T02:51:54.008+01:00 INFO notification-service host=notification-service-7c9d5b-x2k4p corrId=c-190bd426a83cf392 payment receipt sent loan_id=LN827909910 channel=EMAIL
2026-03-06T02:51:58.006+01:00 INFO payment-scheduler host=payment-scheduler-7c9d5b-t6zvn corrId=c-da5e0fd0aa4f6d28 instalment collection started loan_id=LN075413004 due_date=2026-03-16
2026-03-06T02:51:58.134+01:00 INFO payment-service host=payment-service-5b8f6c-x2k4p corrId=c-da5e0fd0aa4f6d28 direct debit mandate verified loan_id=LN075413004 mandate_id=MD4281609
2026-03-06T02:51:58.170+01:00 INFO payment-service host=payment-service-7c9d5b-x2k4p corrId=c-da5e0fd0aa4f6d28 payment instruction sent loan_id=LN075413004 amount_dkk=12304.59
2026-03-06T02:51:58.257+01:00 INFO ledger-service host=ledger-service-7c9d5b-x2k4p corrId=c-da5e0fd0aa4f6d28 ledger posting accepted loan_id=LN075413004 amount_dkk=12304.59 posting_id=PST-143871a2cc
2026-03-06T02:51:58.375+01:00 INFO payment-service host=payment-service-5b8f6c-t6zvn corrId=c-da5e0fd0aa4f6d28 payment settled loan_id=LN075413004 amount_dkk=12304.59
2026-03-06T02:51:58.437+01:00 INFO notification-service host=notification-service-a41e92-x2k4p corrId=c-da5e0fd0aa4f6d28 payment receipt sent loan_id=LN075413004 channel=EMAIL
2026-03-06T02:52:12.313+01:00 INFO payment-scheduler host=payment-scheduler-5b8f6c-t6zvn corrId=c-b576f1317d009e71 instalment collection started loan_id=LN979403593 due_date=2026-03-15
2026-03-06T02:52:12.352+01:00 INFO payment-service host=payment-service-5b8f6c-p9qmz corrId=c-b576f1317d009e71 direct debit mandate verified loan_id=LN979403593 mandate_id=MD1032789
2026-03-06T02:52:12.363+01:00 INFO payment-service host=payment-service-7c9d5b-t6zvn corrId=c-b576f1317d009e71 payment instruction sent loan_id=LN979403593 amount_dkk=6581.77
2026-03-06T02:52:12.491+01:00 INFO ledger-service host=ledger-service-7c9d5b-p9qmz corrId=c-b576f1317d009e71 ledger posting accepted loan_id=LN979403593 amount_dkk=6581.77 posting_id=PST-45fea5c87c
2026-03-06T02:52:12.586+01:00 INFO payment-service host=payment-service-a41e92-t6zvn corrId=c-b576f1317d009e71 payment settled loan_id=LN979403593 amount_dkk=6581.77
2026-03-06T02:52:12.663+01:00 INFO notification-service host=notification-service-7c9d5b-x2k4p corrId=c-b576f1317d009e71 payment receipt sent loan_id=LN979403593 channel=EMAIL
2026-03-06T02:52:32.600+01:00 INFO payment-scheduler host=payment-scheduler-7c9d5b-t6zvn corrId=c-ec4b6be70d1bf502 instalment collection started loan_id=LN943636227 due_date=2026-03-20
2026-03-06T02:52:32.660+01:00 INFO payment-service host=payment-service-a41e92-p9qmz corrId=c-ec4b6be70d1bf502 direct debit mandate verified loan_id=LN943636227 mandate_id=MD4143577
2026-03-06T02:52:32.766+01:00 INFO payment-service host=payment-service-7c9d5b-x2k4p corrId=c-ec4b6be70d1bf502 payment instruction sent loan_id=LN943636227 amount_dkk=5069.46
2026-03-06T02:52:32.892+01:00 INFO ledger-service host=ledger-service-a41e92-x2k4p corrId=c-ec4b6be70d1bf502 ledger posting accepted loan_id=LN943636227 amount_dkk=5069.46 posting_id=PST-421ed002d8
2026-03-06T02:52:32.925+01:00 INFO payment-service host=payment-service-a41e92-p9qmz corrId=c-ec4b6be70d1bf502 payment settled loan_id=LN943636227 amount_dkk=5069.46
2026-03-06T02:52:33.041+01:00 INFO notification-service host=notification-service-5b8f6c-p9qmz corrId=c-ec4b6be70d1bf502 payment receipt sent loan_id=LN943636227 channel=DIGITAL_POST
2026-03-06T02:52:43.719+01:00 INFO payment-scheduler host=payment-scheduler-a41e92-p9qmz corrId=c-cedd4d936172d7b4 instalment collection started loan_id=LN057533917 due_date=2026-03-20
2026-03-06T02:52:43.823+01:00 INFO payment-service host=payment-service-a41e92-t6zvn corrId=c-cedd4d936172d7b4 direct debit mandate verified loan_id=LN057533917 mandate_id=MD0501604
2026-03-06T02:52:43.846+01:00 INFO payment-service host=payment-service-a41e92-t6zvn corrId=c-cedd4d936172d7b4 payment instruction sent loan_id=LN057533917 amount_dkk=7422.44
2026-03-06T02:52:43.862+01:00 INFO ledger-service host=ledger-service-a41e92-t6zvn corrId=c-cedd4d936172d7b4 ledger posting accepted loan_id=LN057533917 amount_dkk=7422.44 posting_id=PST-5be4485394
2026-03-06T02:52:43.955+01:00 INFO payment-service host=payment-service-a41e92-p9qmz corrId=c-cedd4d936172d7b4 payment settled loan_id=LN057533917 amount_dkk=7422.44
2026-03-06T02:52:44.010+01:00 INFO notification-service host=notification-service-a41e92-x2k4p corrId=c-cedd4d936172d7b4 payment receipt sent loan_id=LN057533917 channel=DIGITAL_POST
2026-03-06T02:52:49.212+01:00 INFO payment-scheduler host=payment-scheduler-5b8f6c-t6zvn corrId=c-d6a60ccb71d9ca64 instalment collection started loan_id=LN757268132 due_date=2026-03-02
2026-03-06T02:52:49.256+01:00 INFO payment-service host=payment-service-5b8f6c-t6zvn corrId=c-d6a60ccb71d9ca64 direct debit mandate verified loan_id=LN757268132 mandate_id=MD1937098
2026-03-06T02:52:49.281+01:00 INFO payment-service host=payment-service-7c9d5b-x2k4p corrId=c-d6a60ccb71d9ca64 payment instruction sent loan_id=LN757268132 amount_dkk=5228.20
2026-03-06T02:52:49.389+01:00 INFO ledger-service host=ledger-service-a41e92-p9qmz corrId=c-d6a60ccb71d9ca64 ledger posting accepted loan_id=LN757268132 amount_dkk=5228.20 posting_id=PST-532616f5f4
2026-03-06T02:52:49.432+01:00 INFO payment-service host=payment-service-5b8f6c-t6zvn corrId=c-d6a60ccb71d9ca64 payment settled loan_id=LN757268132 amount_dkk=5228.20
2026-03-06T02:52:49.489+01:00 INFO notification-service host=notification-service-7c9d5b-x2k4p corrId=c-d6a60ccb71d9ca64 payment receipt sent loan_id=LN757268132 channel=DIGITAL_POST
2026-03-06T02:53:16.653+01:00 INFO payment-scheduler host=payment-scheduler-5b8f6c-p9qmz corrId=c-1227509eef905d7c instalment collection started loan_id=LN974324509 due_date=2026-03-13
2026-03-06T02:53:16.731+01:00 INFO payment-service host=payment-service-5b8f6c-x2k4p corrId=c-1227509eef905d7c direct debit mandate verified loan_id=LN974324509 mandate_id=MD6978554
2026-03-06T02:53:16.850+01:00 INFO payment-service host=payment-service-5b8f6c-x2k4p corrId=c-1227509eef905d7c payment instruction sent loan_id=LN974324509 amount_dkk=6826.65
2026-03-06T02:53:16.983+01:00 INFO ledger-service host=ledger-service-5b8f6c-t6zvn corrId=c-1227509eef905d7c ledger posting accepted loan_id=LN974324509 amount_dkk=6826.65 posting_id=PST-6b84ae5a09
2026-03-06T02:53:17.017+01:00 INFO payment-service host=payment-service-7c9d5b-x2k4p corrId=c-1227509eef905d7c payment settled loan_id=LN974324509 amount_dkk=6826.65
2026-03-06T02:53:17.109+01:00 INFO notification-service host=notification-service-a41e92-p9qmz corrId=c-1227509eef905d7c payment receipt sent loan_id=LN974324509 channel=EMAIL
2026-03-06T02:53:45.028+01:00 INFO payment-scheduler host=payment-scheduler-a41e92-x2k4p corrId=c-27aa795e2cb50b94 instalment collection started loan_id=LN511675192 due_date=2026-03-07
2026-03-06T02:53:45.092+01:00 INFO payment-service host=payment-service-7c9d5b-x2k4p corrId=c-27aa795e2cb50b94 direct debit mandate verified loan_id=LN511675192 mandate_id=MD8736031
2026-03-06T02:53:45.176+01:00 INFO payment-service host=payment-service-5b8f6c-x2k4p corrId=c-27aa795e2cb50b94 payment instruction sent loan_id=LN511675192 amount_dkk=15635.70
2026-03-06T02:53:45.203+01:00 INFO ledger-service host=ledger-service-a41e92-t6zvn corrId=c-27aa795e2cb50b94 ledger posting accepted loan_id=LN511675192 amount_dkk=15635.70 posting_id=PST-86ac4f15bd
2026-03-06T02:53:45.254+01:00 INFO payment-service host=payment-service-a41e92-t6zvn corrId=c-27aa795e2cb50b94 payment settled loan_id=LN511675192 amount_dkk=15635.70
2026-03-06T02:53:45.339+01:00 INFO notification-service host=notification-service-5b8f6c-p9qmz corrId=c-27aa795e2cb50b94 payment receipt sent loan_id=LN511675192 channel=EMAIL
2026-03-06T02:54:12.504+01:00 INFO payment-scheduler host=payment-scheduler-5b8f6c-p9qmz corrId=c-3479b825d6031c9e instalment collection started loan_id=LN522421119 due_date=2026-03-14
2026-03-06T02:54:12.641+01:00 INFO payment-service host=payment-service-5b8f6c-x2k4p corrId=c-3479b825d6031c9e direct debit mandate verified loan_id=LN522421119 mandate_id=MD4483322
2026-03-06T02:54:12.727+01:00 INFO payment-service host=payment-service-7c9d5b-x2k4p corrId=c-3479b825d6031c9e payment instruction sent loan_id=LN522421119 amount_dkk=8902.56
2026-03-06T02:54:12.864+01:00 INFO ledger-service host=ledger-service-5b8f6c-x2k4p corrId=c-3479b825d6031c9e ledger posting accepted loan_id=LN522421119 amount_dkk=8902.56 posting_id=PST-f82b7c1e0d
2026-03-06T02:54:12.938+01:00 INFO payment-service host=payment-service-5b8f6c-t6zvn corrId=c-3479b825d6031c9e payment settled loan_id=LN522421119 amount_dkk=8902.56
2026-03-06T02:54:12.989+01:00 INFO payment-scheduler host=payment-scheduler-7c9d5b-p9qmz corrId=c-ac87056398b6986f instalment collection started loan_id=LN726362213 due_date=2026-03-04
2026-03-06T02:54:13.064+01:00 INFO notification-service host=notification-service-a41e92-x2k4p corrId=c-3479b825d6031c9e payment receipt sent loan_id=LN522421119 channel=DIGITAL_POST
2026-03-06T02:54:13.092+01:00 INFO payment-service host=payment-service-a41e92-t6zvn corrId=c-ac87056398b6986f direct debit mandate verified loan_id=LN726362213 mandate_id=MD5463425
2026-03-06T02:54:13.194+01:00 INFO payment-service host=payment-service-5b8f6c-p9qmz corrId=c-ac87056398b6986f payment instruction sent loan_id=LN726362213 amount_dkk=8047.50
2026-03-06T02:54:13.248+01:00 INFO ledger-service host=ledger-service-a41e92-x2k4p corrId=c-ac87056398b6986f ledger posting accepted loan_id=LN726362213 amount_dkk=8047.50 posting_id=PST-d19b8ad9f9
2026-03-06T02:54:13.367+01:00 INFO payment-service host=payment-service-5b8f6c-t6zvn corrId=c-ac87056398b6986f payment settled loan_id=LN726362213 amount_dkk=8047.50
2026-03-06T02:54:13.439+01:00 INFO notification-service host=notification-service-7c9d5b-x2k4p corrId=c-ac87056398b6986f payment receipt sent loan_id=LN726362213 channel=EMAIL
2026-03-06T02:55:00.431+01:00 INFO api-gateway host=api-gateway-5b8f6c-x2k4p corrId=- health probe ok status=200 latency_ms=31
2026-03-06T02:55:16.016+01:00 INFO payment-scheduler host=payment-scheduler-7c9d5b-x2k4p corrId=c-1746f6fa325b734c instalment collection started loan_id=LN446415627 due_date=2026-03-14
2026-03-06T02:55:16.043+01:00 INFO payment-service host=payment-service-a41e92-t6zvn corrId=c-1746f6fa325b734c direct debit mandate verified loan_id=LN446415627 mandate_id=MD7538156
2026-03-06T02:55:16.156+01:00 INFO payment-service host=payment-service-5b8f6c-p9qmz corrId=c-1746f6fa325b734c payment instruction sent loan_id=LN446415627 amount_dkk=17251.93
2026-03-06T02:55:16.251+01:00 INFO ledger-service host=ledger-service-a41e92-x2k4p corrId=c-1746f6fa325b734c ledger posting accepted loan_id=LN446415627 amount_dkk=17251.93 posting_id=PST-967348e039
2026-03-06T02:55:16.311+01:00 INFO payment-service host=payment-service-7c9d5b-x2k4p corrId=c-1746f6fa325b734c payment settled loan_id=LN446415627 amount_dkk=17251.93
2026-03-06T02:55:16.345+01:00 INFO notification-service host=notification-service-a41e92-p9qmz corrId=c-1746f6fa325b734c payment receipt sent loan_id=LN446415627 channel=DIGITAL_POST
2026-03-06T02:55:20.692+01:00 INFO payment-scheduler host=payment-scheduler-a41e92-p9qmz corrId=c-80783d49370b5142 instalment collection started loan_id=LN490342163 due_date=2026-03-19
2026-03-06T02:55:20.830+01:00 INFO payment-service host=payment-service-5b8f6c-t6zvn corrId=c-80783d49370b5142 direct debit mandate verified loan_id=LN490342163 mandate_id=MD7444170
2026-03-06T02:55:20.895+01:00 INFO payment-service host=payment-service-7c9d5b-x2k4p corrId=c-80783d49370b5142 payment instruction sent loan_id=LN490342163 amount_dkk=4072.88
2026-03-06T02:55:21.032+01:00 INFO ledger-service host=ledger-service-7c9d5b-x2k4p corrId=c-80783d49370b5142 ledger posting accepted loan_id=LN490342163 amount_dkk=4072.88 posting_id=PST-edaf592153
2026-03-06T02:55:21.123+01:00 INFO payment-service host=payment-service-7c9d5b-x2k4p corrId=c-80783d49370b5142 payment settled loan_id=LN490342163 amount_dkk=4072.88
2026-03-06T02:55:21.255+01:00 INFO notification-service host=notification-service-a41e92-t6zvn corrId=c-80783d49370b5142 payment receipt sent loan_id=LN490342163 channel=DIGITAL_POST
2026-03-06T02:55:25.870+01:00 INFO payment-scheduler host=payment-scheduler-7c9d5b-p9qmz corrId=c-fd7032b3de67dcf3 instalment collection started loan_id=LN265947370 due_date=2026-03-21
2026-03-06T02:55:25.946+01:00 INFO payment-service host=payment-service-a41e92-x2k4p corrId=c-fd7032b3de67dcf3 direct debit mandate verified loan_id=LN265947370 mandate_id=MD5413376
2026-03-06T02:55:25.964+01:00 INFO payment-service host=payment-service-a41e92-x2k4p corrId=c-fd7032b3de67dcf3 payment instruction sent loan_id=LN265947370 amount_dkk=17255.25
2026-03-06T02:55:25.974+01:00 INFO ledger-service host=ledger-service-5b8f6c-x2k4p corrId=c-fd7032b3de67dcf3 ledger posting accepted loan_id=LN265947370 amount_dkk=17255.25 posting_id=PST-fabb8a6ca6
2026-03-06T02:55:26.026+01:00 INFO payment-service host=payment-service-5b8f6c-p9qmz corrId=c-fd7032b3de67dcf3 payment settled loan_id=LN265947370 amount_dkk=17255.25
2026-03-06T02:55:26.084+01:00 INFO notification-service host=notification-service-7c9d5b-x2k4p corrId=c-fd7032b3de67dcf3 payment receipt sent loan_id=LN265947370 channel=DIGITAL_POST
2026-03-06T02:56:10.130+01:00 INFO payment-scheduler host=payment-scheduler-a41e92-p9qmz corrId=c-30f4e4f10d8d9d8e instalment collection started loan_id=LN761923156 due_date=2026-03-05
2026-03-06T02:56:10.197+01:00 INFO payment-service host=payment-service-7c9d5b-t6zvn corrId=c-30f4e4f10d8d9d8e direct debit mandate verified loan_id=LN761923156 mandate_id=MD2093101
2026-03-06T02:56:10.337+01:00 INFO payment-service host=payment-service-5b8f6c-p9qmz corrId=c-30f4e4f10d8d9d8e payment instruction sent loan_id=LN761923156 amount_dkk=14252.37
2026-03-06T02:56:10.371+01:00 INFO ledger-service host=ledger-service-7c9d5b-t6zvn corrId=c-30f4e4f10d8d9d8e ledger posting accepted loan_id=LN761923156 amount_dkk=14252.37 posting_id=PST-7dc3528a0d
2026-03-06T02:56:10.440+01:00 INFO payment-service host=payment-service-7c9d5b-p9qmz corrId=c-30f4e4f10d8d9d8e payment settled loan_id=LN761923156 amount_dkk=14252.37
2026-03-06T02:56:10.488+01:00 INFO notification-service host=notification-service-7c9d5b-t6zvn corrId=c-30f4e4f10d8d9d8e payment receipt sent loan_id=LN761923156 channel=EMAIL
2026-03-06T02:56:15.964+01:00 INFO payment-scheduler host=payment-scheduler-a41e92-p9qmz corrId=c-b39dfaa3c9896194 instalment collection started loan_id=LN188845059 due_date=2026-03-09
2026-03-06T02:56:16.053+01:00 INFO payment-service host=payment-service-5b8f6c-p9qmz corrId=c-b39dfaa3c9896194 direct debit mandate verified loan_id=LN188845059 mandate_id=MD9261889
2026-03-06T02:56:16.177+01:00 INFO payment-service host=payment-service-a41e92-t6zvn corrId=c-b39dfaa3c9896194 payment instruction sent loan_id=LN188845059 amount_dkk=11984.82
2026-03-06T02:56:16.245+01:00 INFO ledger-service host=ledger-service-5b8f6c-p9qmz corrId=c-b39dfaa3c9896194 ledger posting accepted loan_id=LN188845059 amount_dkk=11984.82 posting_id=PST-5db6eac978
2026-03-06T02:56:16.300+01:00 INFO payment-service host=payment-service-7c9d5b-t6zvn corrId=c-b39dfaa3c9896194 payment settled loan_id=LN188845059 amount_dkk=11984.82
2026-03-06T02:56:16.346+01:00 INFO notification-service host=notification-service-a41e92-t6zvn corrId=c-b39dfaa3c9896194 payment receipt sent loan_id=LN188845059 channel=EMAIL
2026-03-06T02:56:21.243+01:00 INFO payment-scheduler host=payment-scheduler-7c9d5b-p9qmz corrId=c-632acfc22d7b3a56 instalment collection started loan_id=LN775711185 due_date=2026-03-06
2026-03-06T02:56:21.256+01:00 INFO payment-service host=payment-service-7c9d5b-x2k4p corrId=c-632acfc22d7b3a56 direct debit mandate verified loan_id=LN775711185 mandate_id=MD3225903
2026-03-06T02:56:21.341+01:00 INFO payment-service host=payment-service-5b8f6c-p9qmz corrId=c-632acfc22d7b3a56 payment instruction sent loan_id=LN775711185 amount_dkk=7927.68
2026-03-06T02:56:21.386+01:00 INFO ledger-service host=ledger-service-a41e92-x2k4p corrId=c-632acfc22d7b3a56 ledger posting accepted loan_id=LN775711185 amount_dkk=7927.68 posting_id=PST-896dfc5d1d
2026-03-06T02:56:21.510+01:00 INFO payment-service host=payment-service-5b8f6c-p9qmz corrId=c-632acfc22d7b3a56 payment settled loan_id=LN775711185 amount_dkk=7927.68
2026-03-06T02:56:21.594+01:00 INFO notification-service host=notification-service-a41e92-x2k4p corrId=c-632acfc22d7b3a56 payment receipt sent loan_id=LN775711185 channel=DIGITAL_POST
2026-03-06T02:56:22.314+01:00 INFO payment-scheduler host=payment-scheduler-5b8f6c-t6zvn corrId=c-ca36d62306b8ecd9 instalment collection started loan_id=LN582813768 due_date=2026-03-15
2026-03-06T02:56:22.340+01:00 INFO payment-service host=payment-service-5b8f6c-t6zvn corrId=c-ca36d62306b8ecd9 direct debit mandate verified loan_id=LN582813768 mandate_id=MD6729428
2026-03-06T02:56:22.376+01:00 INFO payment-service host=payment-service-7c9d5b-p9qmz corrId=c-ca36d62306b8ecd9 payment instruction sent loan_id=LN582813768 amount_dkk=4934.87
2026-03-06T02:56:22.490+01:00 INFO ledger-service host=ledger-service-5b8f6c-p9qmz corrId=c-ca36d62306b8ecd9 ledger posting accepted loan_id=LN582813768 amount_dkk=4934.87 posting_id=PST-0560462ab3
2026-03-06T02:56:22.529+01:00 INFO payment-service host=payment-service-a41e92-x2k4p corrId=c-ca36d62306b8ecd9 payment settled loan_id=LN582813768 amount_dkk=4934.87
2026-03-06T02:56:22.623+01:00 INFO notification-service host=notification-service-a41e92-t6zvn corrId=c-ca36d62306b8ecd9 payment receipt sent loan_id=LN582813768 channel=DIGITAL_POST
2026-03-06T02:56:27.839+01:00 INFO payment-scheduler host=payment-scheduler-5b8f6c-x2k4p corrId=c-f7df1696f9d59bbc instalment collection started loan_id=LN320029001 due_date=2026-03-16
2026-03-06T02:56:27.893+01:00 INFO payment-service host=payment-service-a41e92-x2k4p corrId=c-f7df1696f9d59bbc direct debit mandate verified loan_id=LN320029001 mandate_id=MD0888779
2026-03-06T02:56:27.950+01:00 INFO payment-service host=payment-service-7c9d5b-t6zvn corrId=c-f7df1696f9d59bbc payment instruction sent loan_id=LN320029001 amount_dkk=14550.42
2026-03-06T02:56:27.996+01:00 INFO ledger-service host=ledger-service-7c9d5b-t6zvn corrId=c-f7df1696f9d59bbc ledger posting accepted loan_id=LN320029001 amount_dkk=14550.42 posting_id=PST-2f2c8b055e
2026-03-06T02:56:28.019+01:00 INFO payment-service host=payment-service-a41e92-p9qmz corrId=c-f7df1696f9d59bbc payment settled loan_id=LN320029001 amount_dkk=14550.42
2026-03-06T02:56:28.037+01:00 INFO notification-service host=notification-service-a41e92-x2k4p corrId=c-f7df1696f9d59bbc payment receipt sent loan_id=LN320029001 channel=DIGITAL_POST
2026-03-06T02:56:39.531+01:00 INFO payment-scheduler host=payment-scheduler-7c9d5b-t6zvn corrId=c-db48706c5909da88 instalment collection started loan_id=LN731301381 due_date=2026-03-24
2026-03-06T02:56:39.625+01:00 INFO payment-service host=payment-service-a41e92-t6zvn corrId=c-db48706c5909da88 direct debit mandate verified loan_id=LN731301381 mandate_id=MD0630651
2026-03-06T02:56:39.728+01:00 INFO payment-service host=payment-service-7c9d5b-p9qmz corrId=c-db48706c5909da88 payment instruction sent loan_id=LN731301381 amount_dkk=9083.74
2026-03-06T02:56:39.783+01:00 INFO ledger-service host=ledger-service-7c9d5b-t6zvn corrId=c-db48706c5909da88 ledger posting accepted loan_id=LN731301381 amount_dkk=9083.74 posting_id=PST-1e938ebc41
2026-03-06T02:56:39.879+01:00 INFO payment-service host=payment-service-7c9d5b-t6zvn corrId=c-db48706c5909da88 payment settled loan_id=LN731301381 amount_dkk=9083.74
2026-03-06T02:56:39.922+01:00 INFO notification-service host=notification-service-a41e92-t6zvn corrId=c-db48706c5909da88 payment receipt sent loan_id=LN731301381 channel=EMAIL
2026-03-06T02:57:12.996+01:00 INFO payment-scheduler host=payment-scheduler-7c9d5b-t6zvn corrId=c-49188bf363d2b230 instalment collection started loan_id=LN276546700 due_date=2026-03-20
2026-03-06T02:57:13.097+01:00 INFO payment-service host=payment-service-a41e92-t6zvn corrId=c-49188bf363d2b230 direct debit mandate verified loan_id=LN276546700 mandate_id=MD0606209
2026-03-06T02:57:13.197+01:00 INFO payment-service host=payment-service-a41e92-x2k4p corrId=c-49188bf363d2b230 payment instruction sent loan_id=LN276546700 amount_dkk=12825.84
2026-03-06T02:57:13.236+01:00 INFO ledger-service host=ledger-service-a41e92-t6zvn corrId=c-49188bf363d2b230 ledger posting accepted loan_id=LN276546700 amount_dkk=12825.84 posting_id=PST-2bee48081d
2026-03-06T02:57:13.306+01:00 INFO payment-service host=payment-service-7c9d5b-x2k4p corrId=c-49188bf363d2b230 payment settled loan_id=LN276546700 amount_dkk=12825.84
2026-03-06T02:57:13.311+01:00 INFO notification-service host=notification-service-7c9d5b-x2k4p corrId=c-49188bf363d2b230 payment receipt sent loan_id=LN276546700 channel=EMAIL
2026-03-06T02:57:25.402+01:00 INFO payment-scheduler host=payment-scheduler-7c9d5b-p9qmz corrId=c-3c10c472c42e8016 instalment collection started loan_id=LN201592670 due_date=2026-03-27
2026-03-06T02:57:25.516+01:00 INFO payment-service host=payment-service-7c9d5b-p9qmz corrId=c-3c10c472c42e8016 direct debit mandate verified loan_id=LN201592670 mandate_id=MD1293487
2026-03-06T02:57:25.585+01:00 INFO payment-service host=payment-service-5b8f6c-t6zvn corrId=c-3c10c472c42e8016 payment instruction sent loan_id=LN201592670 amount_dkk=9848.39
2026-03-06T02:57:25.609+01:00 INFO ledger-service host=ledger-service-a41e92-p9qmz corrId=c-3c10c472c42e8016 ledger posting accepted loan_id=LN201592670 amount_dkk=9848.39 posting_id=PST-a5e3d8121c
2026-03-06T02:57:25.702+01:00 INFO payment-service host=payment-service-7c9d5b-p9qmz corrId=c-3c10c472c42e8016 payment settled loan_id=LN201592670 amount_dkk=9848.39
2026-03-06T02:57:25.719+01:00 INFO notification-service host=notification-service-a41e92-p9qmz corrId=c-3c10c472c42e8016 payment receipt sent loan_id=LN201592670 channel=DIGITAL_POST
2026-03-06T02:58:05.714+01:00 INFO payment-scheduler host=payment-scheduler-a41e92-p9qmz corrId=c-7711a5d668310208 instalment collection started loan_id=LN068976614 due_date=2026-03-16
2026-03-06T02:58:05.731+01:00 INFO payment-service host=payment-service-a41e92-p9qmz corrId=c-7711a5d668310208 direct debit mandate verified loan_id=LN068976614 mandate_id=MD3830462
2026-03-06T02:58:05.811+01:00 INFO payment-service host=payment-service-a41e92-t6zvn corrId=c-7711a5d668310208 payment instruction sent loan_id=LN068976614 amount_dkk=5737.97
2026-03-06T02:58:05.833+01:00 INFO ledger-service host=ledger-service-5b8f6c-t6zvn corrId=c-7711a5d668310208 ledger posting accepted loan_id=LN068976614 amount_dkk=5737.97 posting_id=PST-c379cc2916
2026-03-06T02:58:05.871+01:00 INFO payment-service host=payment-service-5b8f6c-t6zvn corrId=c-7711a5d668310208 payment settled loan_id=LN068976614 amount_dkk=5737.97
2026-03-06T02:58:05.979+01:00 INFO notification-service host=notification-service-a41e92-t6zvn corrId=c-7711a5d668310208 payment receipt sent loan_id=LN068976614 channel=EMAIL
2026-03-06T02:58:13.779+01:00 INFO payment-scheduler host=payment-scheduler-a41e92-p9qmz corrId=c-f158854c1a84675d instalment collection started loan_id=LN818859882 due_date=2026-03-26
2026-03-06T02:58:13.858+01:00 INFO payment-service host=payment-service-5b8f6c-x2k4p corrId=c-f158854c1a84675d direct debit mandate verified loan_id=LN818859882 mandate_id=MD9362317
2026-03-06T02:58:13.958+01:00 INFO payment-service host=payment-service-7c9d5b-x2k4p corrId=c-f158854c1a84675d payment instruction sent loan_id=LN818859882 amount_dkk=4923.37
2026-03-06T02:58:13.992+01:00 INFO ledger-service host=ledger-service-a41e92-x2k4p corrId=c-f158854c1a84675d ledger posting accepted loan_id=LN818859882 amount_dkk=4923.37 posting_id=PST-9dd0d39e77
2026-03-06T02:58:14.035+01:00 INFO payment-service host=payment-service-7c9d5b-t6zvn corrId=c-f158854c1a84675d payment settled loan_id=LN818859882 amount_dkk=4923.37
2026-03-06T02:58:14.080+01:00 INFO notification-service host=notification-service-7c9d5b-x2k4p corrId=c-f158854c1a84675d payment receipt sent loan_id=LN818859882 channel=DIGITAL_POST
2026-03-06T02:59:15.585+01:00 INFO payment-scheduler host=payment-scheduler-5b8f6c-p9qmz corrId=c-c7732b8293126eda instalment collection started loan_id=LN486122619 due_date=2026-03-13
2026-03-06T02:59:15.673+01:00 INFO payment-service host=payment-service-5b8f6c-t6zvn corrId=c-c7732b8293126eda direct debit mandate verified loan_id=LN486122619 mandate_id=MD6567416
2026-03-06T02:59:15.749+01:00 INFO payment-service host=payment-service-5b8f6c-p9qmz corrId=c-c7732b8293126eda payment instruction sent loan_id=LN486122619 amount_dkk=7657.84
2026-03-06T02:59:15.883+01:00 INFO ledger-service host=ledger-service-5b8f6c-p9qmz corrId=c-c7732b8293126eda ledger posting accepted loan_id=LN486122619 amount_dkk=7657.84 posting_id=PST-78b4a91df5
2026-03-06T02:59:15.893+01:00 INFO payment-service host=payment-service-a41e92-x2k4p corrId=c-c7732b8293126eda payment settled loan_id=LN486122619 amount_dkk=7657.84
2026-03-06T02:59:15.913+01:00 INFO notification-service host=notification-service-7c9d5b-x2k4p corrId=c-c7732b8293126eda payment receipt sent loan_id=LN486122619 channel=EMAIL
2026-03-06T02:59:16.265+01:00 INFO payment-scheduler host=payment-scheduler-a41e92-p9qmz corrId=c-1bbe036bfe6cc87d instalment collection started loan_id=LN813487814 due_date=2026-03-01
2026-03-06T02:59:16.353+01:00 INFO payment-service host=payment-service-a41e92-x2k4p corrId=c-1bbe036bfe6cc87d direct debit mandate verified loan_id=LN813487814 mandate_id=MD4958607
2026-03-06T02:59:16.363+01:00 INFO payment-service host=payment-service-a41e92-p9qmz corrId=c-1bbe036bfe6cc87d payment instruction sent loan_id=LN813487814 amount_dkk=6697.77
2026-03-06T02:59:16.421+01:00 INFO ledger-service host=ledger-service-a41e92-x2k4p corrId=c-1bbe036bfe6cc87d ledger posting accepted loan_id=LN813487814 amount_dkk=6697.77 posting_id=PST-734519f075
2026-03-06T02:59:16.475+01:00 INFO payment-service host=payment-service-7c9d5b-p9qmz corrId=c-1bbe036bfe6cc87d payment settled loan_id=LN813487814 amount_dkk=6697.77
2026-03-06T02:59:16.582+01:00 INFO notification-service host=notification-service-7c9d5b-x2k4p corrId=c-1bbe036bfe6cc87d payment receipt sent loan_id=LN813487814 channel=DIGITAL_POST
2026-03-06T02:59:31.129+01:00 INFO payment-scheduler host=payment-scheduler-5b8f6c-p9qmz corrId=c-efa5f91fa56f8c01 instalment collection started loan_id=LN093721297 due_date=2026-03-08
2026-03-06T02:59:31.231+01:00 INFO payment-service host=payment-service-a41e92-p9qmz corrId=c-efa5f91fa56f8c01 direct debit mandate verified loan_id=LN093721297 mandate_id=MD3966027
2026-03-06T02:59:31.275+01:00 INFO payment-service host=payment-service-5b8f6c-t6zvn corrId=c-efa5f91fa56f8c01 payment instruction sent loan_id=LN093721297 amount_dkk=8841.79
2026-03-06T02:59:31.408+01:00 INFO ledger-service host=ledger-service-5b8f6c-x2k4p corrId=c-efa5f91fa56f8c01 ledger posting accepted loan_id=LN093721297 amount_dkk=8841.79 posting_id=PST-9136c8df37
2026-03-06T02:59:31.538+01:00 INFO payment-service host=payment-service-5b8f6c-t6zvn corrId=c-efa5f91fa56f8c01 payment settled loan_id=LN093721297 amount_dkk=8841.79
2026-03-06T02:59:31.654+01:00 INFO notification-service host=notification-service-7c9d5b-t6zvn corrId=c-efa5f91fa56f8c01 payment receipt sent loan_id=LN093721297 channel=EMAIL
2026-03-06T02:59:48.703+01:00 INFO payment-scheduler host=payment-scheduler-a41e92-x2k4p corrId=c-82ad5810cb1724ce instalment collection started loan_id=LN969742524 due_date=2026-03-10
2026-03-06T02:59:48.843+01:00 INFO payment-service host=payment-service-5b8f6c-x2k4p corrId=c-82ad5810cb1724ce direct debit mandate verified loan_id=LN969742524 mandate_id=MD6212177
2026-03-06T02:59:48.899+01:00 INFO payment-service host=payment-service-a41e92-t6zvn corrId=c-82ad5810cb1724ce payment instruction sent loan_id=LN969742524 amount_dkk=5100.79
2026-03-06T02:59:49.023+01:00 INFO ledger-service host=ledger-service-a41e92-p9qmz corrId=c-82ad5810cb1724ce ledger posting accepted loan_id=LN969742524 amount_dkk=5100.79 posting_id=PST-ff54c7d111
2026-03-06T02:59:49.093+01:00 INFO payment-service host=payment-service-5b8f6c-p9qmz corrId=c-82ad5810cb1724ce payment settled loan_id=LN969742524 amount_dkk=5100.79
2026-03-06T02:59:49.204+01:00 INFO notification-service host=notification-service-5b8f6c-t6zvn corrId=c-82ad5810cb1724ce payment receipt sent loan_id=LN969742524 channel=EMAIL
2026-03-06T02:59:51.273+01:00 INFO payment-scheduler host=payment-scheduler-5b8f6c-x2k4p corrId=c-18ead4ccea375944 instalment collection started loan_id=LN618226382 due_date=2026-03-14
2026-03-06T02:59:51.390+01:00 INFO payment-service host=payment-service-5b8f6c-x2k4p corrId=c-18ead4ccea375944 direct debit mandate verified loan_id=LN618226382 mandate_id=MD2461359
2026-03-06T02:59:51.399+01:00 INFO payment-service host=payment-service-a41e92-p9qmz corrId=c-18ead4ccea375944 payment instruction sent loan_id=LN618226382 amount_dkk=17531.44
2026-03-06T02:59:51.432+01:00 INFO ledger-service host=ledger-service-7c9d5b-p9qmz corrId=c-18ead4ccea375944 ledger posting accepted loan_id=LN618226382 amount_dkk=17531.44 posting_id=PST-38594acb23
2026-03-06T02:59:51.447+01:00 INFO payment-service host=payment-service-a41e92-t6zvn corrId=c-18ead4ccea375944 payment settled loan_id=LN618226382 amount_dkk=17531.44
2026-03-06T02:59:51.490+01:00 INFO notification-service host=notification-service-a41e92-t6zvn corrId=c-18ead4ccea375944 payment receipt sent loan_id=LN618226382 channel=EMAIL
2026-03-06T02:59:53.889+01:00 INFO payment-scheduler host=payment-scheduler-7c9d5b-t6zvn corrId=c-d0d277326d24a75a instalment collection started loan_id=LN788617484 due_date=2026-03-04
2026-03-06T02:59:53.930+01:00 INFO payment-service host=payment-service-a41e92-x2k4p corrId=c-d0d277326d24a75a direct debit mandate verified loan_id=LN788617484 mandate_id=MD4563655
2026-03-06T02:59:53.995+01:00 INFO payment-service host=payment-service-7c9d5b-p9qmz corrId=c-d0d277326d24a75a payment instruction sent loan_id=LN788617484 amount_dkk=10594.42
2026-03-06T02:59:54.052+01:00 INFO ledger-service host=ledger-service-a41e92-t6zvn corrId=c-d0d277326d24a75a ledger posting accepted loan_id=LN788617484 amount_dkk=10594.42 posting_id=PST-bb9e465d05
2026-03-06T02:59:54.106+01:00 INFO payment-service host=payment-service-a41e92-t6zvn corrId=c-d0d277326d24a75a payment settled loan_id=LN788617484 amount_dkk=10594.42
2026-03-06T02:59:54.229+01:00 INFO notification-service host=notification-service-a41e92-t6zvn corrId=c-d0d277326d24a75a payment receipt sent loan_id=LN788617484 channel=DIGITAL_POST
2026-03-06T02:59:59.617+01:00 INFO payment-scheduler host=payment-scheduler-7c9d5b-t6zvn corrId=c-1e1e50b9e668fdb3 instalment collection started loan_id=LN786770035 due_date=2026-03-06
2026-03-06T02:59:59.719+01:00 INFO payment-service host=payment-service-5b8f6c-t6zvn corrId=c-1e1e50b9e668fdb3 direct debit mandate verified loan_id=LN786770035 mandate_id=MD2270379
2026-03-06T02:59:59.827+01:00 INFO payment-service host=payment-service-a41e92-p9qmz corrId=c-1e1e50b9e668fdb3 payment instruction sent loan_id=LN786770035 amount_dkk=8138.09
2026-03-06T02:59:59.838+01:00 INFO ledger-service host=ledger-service-5b8f6c-p9qmz corrId=c-1e1e50b9e668fdb3 ledger posting accepted loan_id=LN786770035 amount_dkk=8138.09 posting_id=PST-25ca132995
2026-03-06T02:59:59.951+01:00 INFO payment-service host=payment-service-7c9d5b-p9qmz corrId=c-1e1e50b9e668fdb3 payment settled loan_id=LN786770035 amount_dkk=8138.09
2026-03-06T02:59:59.987+01:00 INFO notification-service host=notification-service-5b8f6c-p9qmz corrId=c-1e1e50b9e668fdb3 payment receipt sent loan_id=LN786770035 channel=DIGITAL_POST
2026-03-06T03:00:00.652+01:00 INFO payment-scheduler host=payment-scheduler-7c9d5b-x2k4p corrId=- scheduler heartbeat lag_ms=66
2026-03-06T03:00:00.863+01:00 INFO api-gateway host=api-gateway-7c9d5b-x2k4p corrId=- health probe ok status=200 latency_ms=12
2026-03-06T03:00:25.000+01:00 INFO config-service host=config-service-7c9d5b-p9qmz corrId=- configuration refreshed version=v135
2026-03-06T03:00:51.409+01:00 INFO payment-scheduler host=payment-scheduler-a41e92-t6zvn corrId=c-0146d8fe399cbafc instalment collection started loan_id=LN862657270 due_date=2026-03-26
2026-03-06T03:00:51.488+01:00 INFO payment-service host=payment-service-7c9d5b-t6zvn corrId=c-0146d8fe399cbafc direct debit mandate verified loan_id=LN862657270 mandate_id=MD4287120
2026-03-06T03:00:51.585+01:00 INFO payment-service host=payment-service-a41e92-t6zvn corrId=c-0146d8fe399cbafc payment instruction sent loan_id=LN862657270 amount_dkk=13775.51
2026-03-06T03:00:51.611+01:00 INFO ledger-service host=ledger-service-a41e92-p9qmz corrId=c-0146d8fe399cbafc ledger posting accepted loan_id=LN862657270 amount_dkk=13775.51 posting_id=PST-09cba36614
2026-03-06T03:00:51.685+01:00 INFO payment-service host=payment-service-a41e92-x2k4p corrId=c-0146d8fe399cbafc payment settled loan_id=LN862657270 amount_dkk=13775.51
2026-03-06T03:00:51.768+01:00 INFO notification-service host=notification-service-7c9d5b-t6zvn corrId=c-0146d8fe399cbafc payment receipt sent loan_id=LN862657270 channel=DIGITAL_POST
2026-03-06T03:01:09.077+01:00 INFO payment-scheduler host=payment-scheduler-7c9d5b-t6zvn corrId=c-6b660090bf17b0db instalment collection started loan_id=LN570458219 due_date=2026-03-14
2026-03-06T03:01:09.142+01:00 INFO payment-service host=payment-service-5b8f6c-x2k4p corrId=c-6b660090bf17b0db direct debit mandate verified loan_id=LN570458219 mandate_id=MD5394406
2026-03-06T03:01:09.236+01:00 INFO payment-service host=payment-service-7c9d5b-t6zvn corrId=c-6b660090bf17b0db payment instruction sent loan_id=LN570458219 amount_dkk=11109.18
2026-03-06T03:01:09.288+01:00 INFO ledger-service host=ledger-service-a41e92-x2k4p corrId=c-6b660090bf17b0db ledger posting accepted loan_id=LN570458219 amount_dkk=11109.18 posting_id=PST-de289832f4
2026-03-06T03:01:09.293+01:00 INFO payment-service host=payment-service-7c9d5b-p9qmz corrId=c-6b660090bf17b0db payment settled loan_id=LN570458219 amount_dkk=11109.18
2026-03-06T03:01:09.353+01:00 INFO notification-service host=notification-service-a41e92-t6zvn corrId=c-6b660090bf17b0db payment receipt sent loan_id=LN570458219 channel=DIGITAL_POST
2026-03-06T03:01:22.380+01:00 INFO payment-scheduler host=payment-scheduler-a41e92-t6zvn corrId=c-181f8232e0c667d1 instalment collection started loan_id=LN885015687 due_date=2026-03-13
2026-03-06T03:01:22.464+01:00 INFO payment-service host=payment-service-a41e92-t6zvn corrId=c-181f8232e0c667d1 direct debit mandate verified loan_id=LN885015687 mandate_id=MD7815705
2026-03-06T03:01:22.604+01:00 INFO payment-service host=payment-service-a41e92-x2k4p corrId=c-181f8232e0c667d1 payment instruction sent loan_id=LN885015687 amount_dkk=15051.11
2026-03-06T03:01:22.738+01:00 INFO ledger-service host=ledger-service-5b8f6c-x2k4p corrId=c-181f8232e0c667d1 ledger posting accepted loan_id=LN885015687 amount_dkk=15051.11 posting_id=PST-0f4bdf69bd
2026-03-06T03:01:22.799+01:00 INFO payment-service host=payment-service-a41e92-x2k4p corrId=c-181f8232e0c667d1 payment settled loan_id=LN885015687 amount_dkk=15051.11
2026-03-06T03:01:22.823+01:00 INFO notification-service host=notification-service-5b8f6c-p9qmz corrId=c-181f8232e0c667d1 payment receipt sent loan_id=LN885015687 channel=EMAIL
2026-03-06T03:01:26.792+01:00 INFO payment-scheduler host=payment-scheduler-a41e92-p9qmz corrId=c-6cb153843c5cb91e instalment collection started loan_id=LN091179919 due_date=2026-03-18
2026-03-06T03:01:26.872+01:00 INFO payment-service host=payment-service-7c9d5b-p9qmz corrId=c-6cb153843c5cb91e direct debit mandate verified loan_id=LN091179919 mandate_id=MD9974299
2026-03-06T03:01:26.893+01:00 INFO payment-service host=payment-service-5b8f6c-t6zvn corrId=c-6cb153843c5cb91e payment instruction sent loan_id=LN091179919 amount_dkk=15511.91
2026-03-06T03:01:26.995+01:00 INFO ledger-service host=ledger-service-5b8f6c-t6zvn corrId=c-6cb153843c5cb91e ledger posting accepted loan_id=LN091179919 amount_dkk=15511.91 posting_id=PST-3528032f5b
2026-03-06T03:01:27.107+01:00 INFO payment-service host=payment-service-5b8f6c-p9qmz corrId=c-6cb153843c5cb91e payment settled loan_id=LN091179919 amount_dkk=15511.91
2026-03-06T03:01:27.196+01:00 INFO notification-service host=notification-service-7c9d5b-p9qmz corrId=c-6cb153843c5cb91e payment receipt sent loan_id=LN091179919 channel=DIGITAL_POST
2026-03-06T03:01:40.174+01:00 INFO payment-scheduler host=payment-scheduler-5b8f6c-t6zvn corrId=c-15740e196fb46176 instalment collection started loan_id=LN700043476 due_date=2026-03-07
2026-03-06T03:01:40.247+01:00 INFO payment-service host=payment-service-7c9d5b-x2k4p corrId=c-15740e196fb46176 direct debit mandate verified loan_id=LN700043476 mandate_id=MD3541880
2026-03-06T03:01:40.378+01:00 INFO payment-service host=payment-service-5b8f6c-t6zvn corrId=c-15740e196fb46176 payment instruction sent loan_id=LN700043476 amount_dkk=8534.41
2026-03-06T03:01:40.463+01:00 INFO ledger-service host=ledger-service-7c9d5b-t6zvn corrId=c-15740e196fb46176 ledger posting accepted loan_id=LN700043476 amount_dkk=8534.41 posting_id=PST-431b503cf9
2026-03-06T03:01:40.485+01:00 INFO payment-service host=payment-service-7c9d5b-t6zvn corrId=c-15740e196fb46176 payment settled loan_id=LN700043476 amount_dkk=8534.41
2026-03-06T03:01:40.561+01:00 INFO notification-service host=notification-service-7c9d5b-t6zvn corrId=c-15740e196fb46176 payment receipt sent loan_id=LN700043476 channel=EMAIL
2026-03-06T03:01:43.242+01:00 INFO payment-scheduler host=payment-scheduler-a41e92-p9qmz corrId=c-3285be27a89e30b9 instalment collection started loan_id=LN935034873 due_date=2026-03-17
2026-03-06T03:01:43.350+01:00 INFO payment-service host=payment-service-a41e92-t6zvn corrId=c-3285be27a89e30b9 direct debit mandate verified loan_id=LN935034873 mandate_id=MD2990475
2026-03-06T03:01:43.414+01:00 INFO payment-service host=payment-service-7c9d5b-t6zvn corrId=c-3285be27a89e30b9 payment instruction sent loan_id=LN935034873 amount_dkk=4624.48
2026-03-06T03:01:43.465+01:00 INFO ledger-service host=ledger-service-5b8f6c-p9qmz corrId=c-3285be27a89e30b9 ledger posting accepted loan_id=LN935034873 amount_dkk=4624.48 posting_id=PST-7ae118ce8f
2026-03-06T03:01:43.559+01:00 INFO payment-service host=payment-service-7c9d5b-x2k4p corrId=c-3285be27a89e30b9 payment settled loan_id=LN935034873 amount_dkk=4624.48
2026-03-06T03:01:43.621+01:00 INFO notification-service host=notification-service-7c9d5b-t6zvn corrId=c-3285be27a89e30b9 payment receipt sent loan_id=LN935034873 channel=EMAIL
2026-03-06T03:02:04.225+01:00 INFO payment-scheduler host=payment-scheduler-5b8f6c-p9qmz corrId=c-5facc37bf1f42594 instalment collection started loan_id=LN232561326 due_date=2026-03-19
2026-03-06T03:02:04.355+01:00 INFO payment-service host=payment-service-5b8f6c-p9qmz corrId=c-5facc37bf1f42594 direct debit mandate verified loan_id=LN232561326 mandate_id=MD4522000
2026-03-06T03:02:04.478+01:00 INFO payment-service host=payment-service-a41e92-x2k4p corrId=c-5facc37bf1f42594 payment instruction sent loan_id=LN232561326 amount_dkk=7037.71
2026-03-06T03:02:04.541+01:00 INFO ledger-service host=ledger-service-5b8f6c-p9qmz corrId=c-5facc37bf1f42594 ledger posting accepted loan_id=LN232561326 amount_dkk=7037.71 posting_id=PST-8158bfff31
2026-03-06T03:02:04.635+01:00 INFO payment-service host=payment-service-5b8f6c-t6zvn corrId=c-5facc37bf1f42594 payment settled loan_id=LN232561326 amount_dkk=7037.71
2026-03-06T03:02:04.641+01:00 INFO notification-service host=notification-service-5b8f6c-t6zvn corrId=c-5facc37bf1f42594 payment receipt sent loan_id=LN232561326 channel=DIGITAL_POST
2026-03-06T03:02:11.467+01:00 INFO payment-scheduler host=payment-scheduler-a41e92-x2k4p corrId=c-76847316b4a85438 instalment collection started loan_id=LN511824239 due_date=2026-03-26
2026-03-06T03:02:11.573+01:00 INFO payment-service host=payment-service-7c9d5b-x2k4p corrId=c-76847316b4a85438 direct debit mandate verified loan_id=LN511824239 mandate_id=MD3970398
2026-03-06T03:02:11.589+01:00 INFO payment-service host=payment-service-a41e92-p9qmz corrId=c-76847316b4a85438 payment instruction sent loan_id=LN511824239 amount_dkk=14525.15
2026-03-06T03:02:11.716+01:00 INFO ledger-service host=ledger-service-7c9d5b-t6zvn corrId=c-76847316b4a85438 ledger posting accepted loan_id=LN511824239 amount_dkk=14525.15 posting_id=PST-f5a4aab2da
2026-03-06T03:02:11.729+01:00 INFO payment-service host=payment-service-a41e92-t6zvn corrId=c-76847316b4a85438 payment settled loan_id=LN511824239 amount_dkk=14525.15
2026-03-06T03:02:11.780+01:00 INFO notification-service host=notification-service-7c9d5b-p9qmz corrId=c-76847316b4a85438 payment receipt sent loan_id=LN511824239 channel=DIGITAL_POST
2026-03-06T03:02:20.552+01:00 INFO payment-scheduler host=payment-scheduler-7c9d5b-x2k4p corrId=c-5cb5adc79d663d24 instalment collection started loan_id=LN566688784 due_date=2026-03-20
2026-03-06T03:02:20.566+01:00 INFO payment-service host=payment-service-a41e92-x2k4p corrId=c-5cb5adc79d663d24 direct debit mandate verified loan_id=LN566688784 mandate_id=MD4154595
2026-03-06T03:02:20.701+01:00 INFO payment-service host=payment-service-7c9d5b-p9qmz corrId=c-5cb5adc79d663d24 payment instruction sent loan_id=LN566688784 amount_dkk=5196.70
2026-03-06T03:02:20.727+01:00 INFO ledger-service host=ledger-service-5b8f6c-x2k4p corrId=c-5cb5adc79d663d24 ledger posting accepted loan_id=LN566688784 amount_dkk=5196.70 posting_id=PST-07d06f4287
2026-03-06T03:02:20.843+01:00 INFO payment-service host=payment-service-a41e92-x2k4p corrId=c-5cb5adc79d663d24 payment settled loan_id=LN566688784 amount_dkk=5196.70
2026-03-06T03:02:20.975+01:00 INFO notification-service host=notification-service-a41e92-p9qmz corrId=c-5cb5adc79d663d24 payment receipt sent loan_id=LN566688784 channel=DIGITAL_POST
2026-03-06T03:04:32.036+01:00 INFO payment-scheduler host=payment-scheduler-5b8f6c-x2k4p corrId=c-6b90b163cdd7638e instalment collection started loan_id=LN853204153 due_date=2026-03-16
2026-03-06T03:04:32.086+01:00 INFO payment-service host=payment-service-a41e92-p9qmz corrId=c-6b90b163cdd7638e direct debit mandate verified loan_id=LN853204153 mandate_id=MD6937323
2026-03-06T03:04:32.095+01:00 INFO payment-service host=payment-service-7c9d5b-t6zvn corrId=c-6b90b163cdd7638e payment instruction sent loan_id=LN853204153 amount_dkk=6289.79
2026-03-06T03:04:32.100+01:00 INFO ledger-service host=ledger-service-7c9d5b-p9qmz corrId=c-6b90b163cdd7638e ledger posting accepted loan_id=LN853204153 amount_dkk=6289.79 posting_id=PST-1a4be7ed4d
2026-03-06T03:04:32.112+01:00 INFO payment-service host=payment-service-7c9d5b-p9qmz corrId=c-6b90b163cdd7638e payment settled loan_id=LN853204153 amount_dkk=6289.79
2026-03-06T03:04:32.134+01:00 INFO notification-service host=notification-service-7c9d5b-p9qmz corrId=c-6b90b163cdd7638e payment receipt sent loan_id=LN853204153 channel=EMAIL
2026-03-06T03:04:57.227+01:00 INFO payment-scheduler host=payment-scheduler-5b8f6c-p9qmz corrId=c-6b8495ed31362df3 instalment collection started loan_id=LN297033445 due_date=2026-03-16
2026-03-06T03:04:57.273+01:00 INFO payment-service host=payment-service-7c9d5b-t6zvn corrId=c-6b8495ed31362df3 direct debit mandate verified loan_id=LN297033445 mandate_id=MD6324936
2026-03-06T03:04:57.299+01:00 INFO payment-service host=payment-service-5b8f6c-t6zvn corrId=c-6b8495ed31362df3 payment instruction sent loan_id=LN297033445 amount_dkk=3908.89
2026-03-06T03:04:57.335+01:00 INFO ledger-service host=ledger-service-5b8f6c-p9qmz corrId=c-6b8495ed31362df3 ledger posting accepted loan_id=LN297033445 amount_dkk=3908.89 posting_id=PST-2ef1c84098
2026-03-06T03:04:57.467+01:00 INFO payment-service host=payment-service-7c9d5b-x2k4p corrId=c-6b8495ed31362df3 payment settled loan_id=LN297033445 amount_dkk=3908.89
2026-03-06T03:04:57.502+01:00 INFO notification-service host=notification-service-7c9d5b-t6zvn corrId=c-6b8495ed31362df3 payment receipt sent loan_id=LN297033445 channel=EMAIL
2026-03-06T03:05:00.600+01:00 INFO api-gateway host=api-gateway-7c9d5b-p9qmz corrId=- health probe ok status=200 latency_ms=22
2026-03-06T03:05:45.398+01:00 INFO payment-scheduler host=payment-scheduler-5b8f6c-x2k4p corrId=c-11c181592594c836 instalment collection started loan_id=LN510221616 due_date=2026-03-08
2026-03-06T03:05:45.444+01:00 INFO payment-service host=payment-service-a41e92-p9qmz corrId=c-11c181592594c836 direct debit mandate verified loan_id=LN510221616 mandate_id=MD6485204
2026-03-06T03:05:45.496+01:00 INFO payment-service host=payment-service-a41e92-p9qmz corrId=c-11c181592594c836 payment instruction sent loan_id=LN510221616 amount_dkk=17377.54
2026-03-06T03:05:45.531+01:00 INFO ledger-service host=ledger-service-5b8f6c-x2k4p corrId=c-11c181592594c836 ledger posting accepted loan_id=LN510221616 amount_dkk=17377.54 posting_id=PST-baeee70676
2026-03-06T03:05:45.671+01:00 INFO payment-service host=payment-service-5b8f6c-p9qmz corrId=c-11c181592594c836 payment settled loan_id=LN510221616 amount_dkk=17377.54
2026-03-06T03:05:45.680+01:00 INFO notification-service host=notification-service-7c9d5b-t6zvn corrId=c-11c181592594c836 payment receipt sent loan_id=LN510221616 channel=DIGITAL_POST
2026-03-06T03:07:14.389+01:00 INFO payment-scheduler host=payment-scheduler-a41e92-t6zvn corrId=c-2641475e58b7e30f instalment collection started loan_id=LN757130716 due_date=2026-03-09
2026-03-06T03:07:14.404+01:00 INFO payment-service host=payment-service-7c9d5b-p9qmz corrId=c-2641475e58b7e30f direct debit mandate verified loan_id=LN757130716 mandate_id=MD5399082
2026-03-06T03:07:14.534+01:00 INFO payment-service host=payment-service-7c9d5b-t6zvn corrId=c-2641475e58b7e30f payment instruction sent loan_id=LN757130716 amount_dkk=6273.44
2026-03-06T03:07:14.615+01:00 INFO ledger-service host=ledger-service-a41e92-x2k4p corrId=c-2641475e58b7e30f ledger posting accepted loan_id=LN757130716 amount_dkk=6273.44 posting_id=PST-cabc5b1073
2026-03-06T03:07:14.663+01:00 INFO payment-service host=payment-service-5b8f6c-t6zvn corrId=c-2641475e58b7e30f payment settled loan_id=LN757130716 amount_dkk=6273.44
2026-03-06T03:07:14.684+01:00 INFO notification-service host=notification-service-5b8f6c-p9qmz corrId=c-2641475e58b7e30f payment receipt sent loan_id=LN757130716 channel=DIGITAL_POST
2026-03-06T03:07:27.556+01:00 INFO payment-scheduler host=payment-scheduler-7c9d5b-t6zvn corrId=c-ab619aa25df6dd5a instalment collection started loan_id=LN937707954 due_date=2026-03-27
2026-03-06T03:07:27.654+01:00 INFO payment-service host=payment-service-7c9d5b-t6zvn corrId=c-ab619aa25df6dd5a direct debit mandate verified loan_id=LN937707954 mandate_id=MD3743382
2026-03-06T03:07:27.700+01:00 INFO payment-service host=payment-service-7c9d5b-p9qmz corrId=c-ab619aa25df6dd5a payment instruction sent loan_id=LN937707954 amount_dkk=5969.33
2026-03-06T03:07:27.806+01:00 INFO ledger-service host=ledger-service-7c9d5b-p9qmz corrId=c-ab619aa25df6dd5a ledger posting accepted loan_id=LN937707954 amount_dkk=5969.33 posting_id=PST-2e05712461
2026-03-06T03:07:27.872+01:00 INFO payment-service host=payment-service-5b8f6c-t6zvn corrId=c-ab619aa25df6dd5a payment settled loan_id=LN937707954 amount_dkk=5969.33
2026-03-06T03:07:27.880+01:00 INFO notification-service host=notification-service-a41e92-p9qmz corrId=c-ab619aa25df6dd5a payment receipt sent loan_id=LN937707954 channel=DIGITAL_POST
2026-03-06T03:07:44.446+01:00 INFO payment-scheduler host=payment-scheduler-a41e92-p9qmz corrId=c-8bf20d7014c4d0d8 instalment collection started loan_id=LN729616785 due_date=2026-03-01
2026-03-06T03:07:44.475+01:00 INFO payment-service host=payment-service-5b8f6c-t6zvn corrId=c-8bf20d7014c4d0d8 direct debit mandate verified loan_id=LN729616785 mandate_id=MD5495288
2026-03-06T03:07:44.541+01:00 INFO payment-service host=payment-service-a41e92-t6zvn corrId=c-8bf20d7014c4d0d8 payment instruction sent loan_id=LN729616785 amount_dkk=10135.83
2026-03-06T03:07:44.610+01:00 INFO ledger-service host=ledger-service-a41e92-p9qmz corrId=c-8bf20d7014c4d0d8 ledger posting accepted loan_id=LN729616785 amount_dkk=10135.83 posting_id=PST-f530060e28
2026-03-06T03:07:44.649+01:00 INFO payment-service host=payment-service-5b8f6c-t6zvn corrId=c-8bf20d7014c4d0d8 payment settled loan_id=LN729616785 amount_dkk=10135.83
2026-03-06T03:07:44.788+01:00 INFO notification-service host=notification-service-7c9d5b-p9qmz corrId=c-8bf20d7014c4d0d8 payment receipt sent loan_id=LN729616785 channel=DIGITAL_POST
2026-03-06T03:07:53.541+01:00 INFO payment-scheduler host=payment-scheduler-7c9d5b-t6zvn corrId=c-75d07fa41374b905 instalment collection started loan_id=LN732735528 due_date=2026-03-17
2026-03-06T03:07:53.670+01:00 INFO payment-service host=payment-service-a41e92-p9qmz corrId=c-75d07fa41374b905 direct debit mandate verified loan_id=LN732735528 mandate_id=MD5920126
2026-03-06T03:07:53.788+01:00 INFO payment-service host=payment-service-5b8f6c-t6zvn corrId=c-75d07fa41374b905 payment instruction sent loan_id=LN732735528 amount_dkk=5915.40
2026-03-06T03:07:53.815+01:00 INFO ledger-service host=ledger-service-5b8f6c-t6zvn corrId=c-75d07fa41374b905 ledger posting accepted loan_id=LN732735528 amount_dkk=5915.40 posting_id=PST-438ea2a9fc
2026-03-06T03:07:53.860+01:00 INFO payment-service host=payment-service-a41e92-p9qmz corrId=c-75d07fa41374b905 payment settled loan_id=LN732735528 amount_dkk=5915.40
2026-03-06T03:07:53.951+01:00 INFO notification-service host=notification-service-a41e92-x2k4p corrId=c-75d07fa41374b905 payment receipt sent loan_id=LN732735528 channel=DIGITAL_POST
2026-03-06T03:08:15.394+01:00 INFO payment-scheduler host=payment-scheduler-7c9d5b-x2k4p corrId=c-0e34617f3027a68c instalment collection started loan_id=LN890727383 due_date=2026-03-13
2026-03-06T03:08:15.514+01:00 INFO payment-service host=payment-service-a41e92-p9qmz corrId=c-0e34617f3027a68c direct debit mandate verified loan_id=LN890727383 mandate_id=MD3878629
2026-03-06T03:08:15.630+01:00 INFO payment-service host=payment-service-a41e92-p9qmz corrId=c-0e34617f3027a68c payment instruction sent loan_id=LN890727383 amount_dkk=7541.08
2026-03-06T03:08:15.689+01:00 INFO ledger-service host=ledger-service-7c9d5b-t6zvn corrId=c-0e34617f3027a68c ledger posting accepted loan_id=LN890727383 amount_dkk=7541.08 posting_id=PST-ada0258d1f
2026-03-06T03:08:15.733+01:00 INFO payment-service host=payment-service-5b8f6c-x2k4p corrId=c-0e34617f3027a68c payment settled loan_id=LN890727383 amount_dkk=7541.08
2026-03-06T03:08:15.777+01:00 INFO notification-service host=notification-service-7c9d5b-t6zvn corrId=c-0e34617f3027a68c payment receipt sent loan_id=LN890727383 channel=EMAIL
2026-03-06T03:08:18.628+01:00 INFO payment-scheduler host=payment-scheduler-7c9d5b-t6zvn corrId=c-a20fe5df76a7cbf0 instalment collection started loan_id=LN778800036 due_date=2026-03-11
2026-03-06T03:08:18.644+01:00 INFO payment-service host=payment-service-a41e92-t6zvn corrId=c-a20fe5df76a7cbf0 direct debit mandate verified loan_id=LN778800036 mandate_id=MD2062363
2026-03-06T03:08:18.756+01:00 INFO payment-service host=payment-service-7c9d5b-p9qmz corrId=c-a20fe5df76a7cbf0 payment instruction sent loan_id=LN778800036 amount_dkk=10581.07
2026-03-06T03:08:18.837+01:00 INFO ledger-service host=ledger-service-7c9d5b-p9qmz corrId=c-a20fe5df76a7cbf0 ledger posting accepted loan_id=LN778800036 amount_dkk=10581.07 posting_id=PST-5bc370e8f4
2026-03-06T03:08:18.959+01:00 INFO payment-service host=payment-service-5b8f6c-p9qmz corrId=c-a20fe5df76a7cbf0 payment settled loan_id=LN778800036 amount_dkk=10581.07
2026-03-06T03:08:19.014+01:00 INFO notification-service host=notification-service-7c9d5b-p9qmz corrId=c-a20fe5df76a7cbf0 payment receipt sent loan_id=LN778800036 channel=DIGITAL_POST
2026-03-06T03:08:51.246+01:00 INFO payment-scheduler host=payment-scheduler-7c9d5b-x2k4p corrId=c-a58e31b402fc10f2 instalment collection started loan_id=LN291507737 due_date=2026-03-23
2026-03-06T03:08:51.310+01:00 INFO payment-service host=payment-service-5b8f6c-t6zvn corrId=c-a58e31b402fc10f2 direct debit mandate verified loan_id=LN291507737 mandate_id=MD5392657
2026-03-06T03:08:51.402+01:00 INFO payment-service host=payment-service-5b8f6c-x2k4p corrId=c-a58e31b402fc10f2 payment instruction sent loan_id=LN291507737 amount_dkk=9098.72
2026-03-06T03:08:51.493+01:00 INFO ledger-service host=ledger-service-5b8f6c-t6zvn corrId=c-a58e31b402fc10f2 ledger posting accepted loan_id=LN291507737 amount_dkk=9098.72 posting_id=PST-d50015db19
2026-03-06T03:08:51.625+01:00 INFO payment-service host=payment-service-a41e92-t6zvn corrId=c-a58e31b402fc10f2 payment settled loan_id=LN291507737 amount_dkk=9098.72
2026-03-06T03:08:51.661+01:00 INFO notification-service host=notification-service-5b8f6c-t6zvn corrId=c-a58e31b402fc10f2 payment receipt sent loan_id=LN291507737 channel=DIGITAL_POST
2026-03-06T03:08:51.799+01:00 INFO payment-scheduler host=payment-scheduler-5b8f6c-p9qmz corrId=c-cd50fdae27934681 instalment collection started loan_id=LN491613036 due_date=2026-03-25
2026-03-06T03:08:51.819+01:00 INFO payment-service host=payment-service-a41e92-t6zvn corrId=c-cd50fdae27934681 direct debit mandate verified loan_id=LN491613036 mandate_id=MD7309111
2026-03-06T03:08:51.925+01:00 INFO payment-service host=payment-service-a41e92-t6zvn corrId=c-cd50fdae27934681 payment instruction sent loan_id=LN491613036 amount_dkk=11694.05
2026-03-06T03:08:51.957+01:00 INFO ledger-service host=ledger-service-a41e92-p9qmz corrId=c-cd50fdae27934681 ledger posting accepted loan_id=LN491613036 amount_dkk=11694.05 posting_id=PST-e7098e96d9
2026-03-06T03:08:52.071+01:00 INFO payment-service host=payment-service-5b8f6c-x2k4p corrId=c-cd50fdae27934681 payment settled loan_id=LN491613036 amount_dkk=11694.05
2026-03-06T03:08:52.108+01:00 INFO notification-service host=notification-service-7c9d5b-t6zvn corrId=c-cd50fdae27934681 payment receipt sent loan_id=LN491613036 channel=EMAIL
2026-03-06T03:09:15.552+01:00 INFO payment-scheduler host=payment-scheduler-7c9d5b-x2k4p corrId=c-a8d834f7cbddc1a1 instalment collection started loan_id=LN959650882 due_date=2026-03-01
2026-03-06T03:09:15.595+01:00 INFO payment-service host=payment-service-5b8f6c-p9qmz corrId=c-a8d834f7cbddc1a1 direct debit mandate verified loan_id=LN959650882 mandate_id=MD2374816
2026-03-06T03:09:15.702+01:00 INFO payment-service host=payment-service-7c9d5b-x2k4p corrId=c-a8d834f7cbddc1a1 payment instruction sent loan_id=LN959650882 amount_dkk=16639.60
2026-03-06T03:09:15.769+01:00 INFO ledger-service host=ledger-service-7c9d5b-p9qmz corrId=c-a8d834f7cbddc1a1 ledger posting accepted loan_id=LN959650882 amount_dkk=16639.60 posting_id=PST-dcd434c4a1
2026-03-06T03:09:15.862+01:00 INFO payment-service host=payment-service-7c9d5b-t6zvn corrId=c-a8d834f7cbddc1a1 payment settled loan_id=LN959650882 amount_dkk=16639.60
2026-03-06T03:09:15.935+01:00 INFO notification-service host=notification-service-a41e92-p9qmz corrId=c-a8d834f7cbddc1a1 payment receipt sent loan_id=LN959650882 channel=EMAIL
2026-03-06T03:09:39.487+01:00 INFO payment-scheduler host=payment-scheduler-a41e92-x2k4p corrId=c-da7ef875f2f9661f instalment collection started loan_id=LN678959208 due_date=2026-03-05
2026-03-06T03:09:39.557+01:00 INFO payment-service host=payment-service-7c9d5b-t6zvn corrId=c-da7ef875f2f9661f direct debit mandate verified loan_id=LN678959208 mandate_id=MD9644955
2026-03-06T03:09:39.609+01:00 INFO payment-service host=payment-service-5b8f6c-p9qmz corrId=c-da7ef875f2f9661f payment instruction sent loan_id=LN678959208 amount_dkk=4442.26
2026-03-06T03:09:39.690+01:00 INFO ledger-service host=ledger-service-7c9d5b-p9qmz corrId=c-da7ef875f2f9661f ledger posting accepted loan_id=LN678959208 amount_dkk=4442.26 posting_id=PST-901bf71829
2026-03-06T03:09:39.785+01:00 INFO payment-service host=payment-service-5b8f6c-p9qmz corrId=c-da7ef875f2f9661f payment settled loan_id=LN678959208 amount_dkk=4442.26
2026-03-06T03:09:39.844+01:00 INFO notification-service host=notification-service-5b8f6c-t6zvn corrId=c-da7ef875f2f9661f payment receipt sent loan_id=LN678959208 channel=DIGITAL_POST
2026-03-06T03:10:00.014+01:00 INFO payment-scheduler host=payment-scheduler-7c9d5b-p9qmz corrId=- scheduler heartbeat lag_ms=86
2026-03-06T03:10:00.134+01:00 INFO api-gateway host=api-gateway-5b8f6c-p9qmz corrId=- health probe ok status=200 latency_ms=36
2026-03-06T03:10:13.926+01:00 INFO payment-scheduler host=payment-scheduler-5b8f6c-x2k4p corrId=c-42cf204f8adeb9a4 instalment collection started loan_id=LN489181039 due_date=2026-03-28
2026-03-06T03:10:13.955+01:00 INFO payment-service host=payment-service-7c9d5b-t6zvn corrId=c-42cf204f8adeb9a4 direct debit mandate verified loan_id=LN489181039 mandate_id=MD5101183
2026-03-06T03:10:13.961+01:00 INFO payment-service host=payment-service-5b8f6c-x2k4p corrId=c-42cf204f8adeb9a4 payment instruction sent loan_id=LN489181039 amount_dkk=4287.84
2026-03-06T03:10:14.079+01:00 INFO ledger-service host=ledger-service-7c9d5b-p9qmz corrId=c-42cf204f8adeb9a4 ledger posting accepted loan_id=LN489181039 amount_dkk=4287.84 posting_id=PST-9928607aa1
2026-03-06T03:10:14.172+01:00 INFO payment-service host=payment-service-7c9d5b-p9qmz corrId=c-42cf204f8adeb9a4 payment settled loan_id=LN489181039 amount_dkk=4287.84
2026-03-06T03:10:14.212+01:00 INFO notification-service host=notification-service-7c9d5b-x2k4p corrId=c-42cf204f8adeb9a4 payment receipt sent loan_id=LN489181039 channel=DIGITAL_POST
2026-03-06T03:10:38.827+01:00 INFO payment-scheduler host=payment-scheduler-5b8f6c-t6zvn corrId=c-0a4fc1275f30508f instalment collection started loan_id=LN734449998 due_date=2026-03-07
2026-03-06T03:10:38.916+01:00 INFO payment-service host=payment-service-7c9d5b-x2k4p corrId=c-0a4fc1275f30508f direct debit mandate verified loan_id=LN734449998 mandate_id=MD1151274
2026-03-06T03:10:38.968+01:00 INFO payment-service host=payment-service-5b8f6c-t6zvn corrId=c-0a4fc1275f30508f payment instruction sent loan_id=LN734449998 amount_dkk=17237.57
2026-03-06T03:10:39.014+01:00 INFO ledger-service host=ledger-service-7c9d5b-t6zvn corrId=c-0a4fc1275f30508f ledger posting accepted loan_id=LN734449998 amount_dkk=17237.57 posting_id=PST-30b34c0c48
2026-03-06T03:10:39.121+01:00 INFO payment-service host=payment-service-7c9d5b-p9qmz corrId=c-0a4fc1275f30508f payment settled loan_id=LN734449998 amount_dkk=17237.57
2026-03-06T03:10:39.176+01:00 INFO notification-service host=notification-service-5b8f6c-t6zvn corrId=c-0a4fc1275f30508f payment receipt sent loan_id=LN734449998 channel=EMAIL
2026-03-06T03:10:45.560+01:00 INFO payment-scheduler host=payment-scheduler-7c9d5b-p9qmz corrId=c-2740bb1891f9f67d instalment collection started loan_id=LN645156041 due_date=2026-03-26
2026-03-06T03:10:45.692+01:00 INFO payment-service host=payment-service-7c9d5b-x2k4p corrId=c-2740bb1891f9f67d direct debit mandate verified loan_id=LN645156041 mandate_id=MD9339818
2026-03-06T03:10:45.755+01:00 INFO payment-service host=payment-service-5b8f6c-x2k4p corrId=c-2740bb1891f9f67d payment instruction sent loan_id=LN645156041 amount_dkk=4081.31
2026-03-06T03:10:45.846+01:00 INFO ledger-service host=ledger-service-a41e92-p9qmz corrId=c-2740bb1891f9f67d ledger posting accepted loan_id=LN645156041 amount_dkk=4081.31 posting_id=PST-cc219dda69
2026-03-06T03:10:45.874+01:00 INFO payment-service host=payment-service-5b8f6c-x2k4p corrId=c-2740bb1891f9f67d payment settled loan_id=LN645156041 amount_dkk=4081.31
2026-03-06T03:10:45.975+01:00 INFO notification-service host=notification-service-5b8f6c-p9qmz corrId=c-2740bb1891f9f67d payment receipt sent loan_id=LN645156041 channel=DIGITAL_POST
2026-03-06T03:11:24.560+01:00 INFO payment-scheduler host=payment-scheduler-7c9d5b-p9qmz corrId=c-909164011ab82cb7 instalment collection started loan_id=LN769243805 due_date=2026-03-15
2026-03-06T03:11:24.651+01:00 INFO payment-service host=payment-service-5b8f6c-x2k4p corrId=c-909164011ab82cb7 direct debit mandate verified loan_id=LN769243805 mandate_id=MD2347118
2026-03-06T03:11:24.771+01:00 INFO payment-service host=payment-service-5b8f6c-p9qmz corrId=c-909164011ab82cb7 payment instruction sent loan_id=LN769243805 amount_dkk=3304.33
2026-03-06T03:11:24.797+01:00 INFO ledger-service host=ledger-service-5b8f6c-t6zvn corrId=c-909164011ab82cb7 ledger posting accepted loan_id=LN769243805 amount_dkk=3304.33 posting_id=PST-8843bf2ad2
2026-03-06T03:11:24.843+01:00 INFO payment-service host=payment-service-5b8f6c-x2k4p corrId=c-909164011ab82cb7 payment settled loan_id=LN769243805 amount_dkk=3304.33
2026-03-06T03:11:24.897+01:00 INFO notification-service host=notification-service-5b8f6c-p9qmz corrId=c-909164011ab82cb7 payment receipt sent loan_id=LN769243805 channel=EMAIL
2026-03-06T03:11:41.738+01:00 INFO payment-scheduler host=payment-scheduler-a41e92-x2k4p corrId=c-4ff07f93ff7a0215 instalment collection started loan_id=LN941724350 due_date=2026-03-11
2026-03-06T03:11:41.835+01:00 INFO payment-service host=payment-service-7c9d5b-x2k4p corrId=c-4ff07f93ff7a0215 direct debit mandate verified loan_id=LN941724350 mandate_id=MD1146245
2026-03-06T03:11:41.941+01:00 INFO payment-service host=payment-service-5b8f6c-x2k4p corrId=c-4ff07f93ff7a0215 payment instruction sent loan_id=LN941724350 amount_dkk=8136.73
2026-03-06T03:11:42.081+01:00 INFO ledger-service host=ledger-service-7c9d5b-x2k4p corrId=c-4ff07f93ff7a0215 ledger posting accepted loan_id=LN941724350 amount_dkk=8136.73 posting_id=PST-210802da89
2026-03-06T03:11:42.110+01:00 INFO payment-service host=payment-service-a41e92-t6zvn corrId=c-4ff07f93ff7a0215 payment settled loan_id=LN941724350 amount_dkk=8136.73
2026-03-06T03:11:42.126+01:00 INFO notification-service host=notification-service-7c9d5b-x2k4p corrId=c-4ff07f93ff7a0215 payment receipt sent loan_id=LN941724350 channel=DIGITAL_POST
2026-03-06T03:12:07.612+01:00 INFO payment-scheduler host=payment-scheduler-7c9d5b-p9qmz corrId=c-de95304aed6ec87b instalment collection started loan_id=LN028022573 due_date=2026-03-15
2026-03-06T03:12:07.673+01:00 INFO payment-service host=payment-service-7c9d5b-p9qmz corrId=c-de95304aed6ec87b direct debit mandate verified loan_id=LN028022573 mandate_id=MD6864048
2026-03-06T03:12:07.789+01:00 INFO payment-service host=payment-service-5b8f6c-p9qmz corrId=c-de95304aed6ec87b payment instruction sent loan_id=LN028022573 amount_dkk=7237.31
2026-03-06T03:12:07.821+01:00 INFO ledger-service host=ledger-service-a41e92-t6zvn corrId=c-de95304aed6ec87b ledger posting accepted loan_id=LN028022573 amount_dkk=7237.31 posting_id=PST-4896bff7b6
2026-03-06T03:12:07.878+01:00 INFO payment-service host=payment-service-a41e92-t6zvn corrId=c-de95304aed6ec87b payment settled loan_id=LN028022573 amount_dkk=7237.31
2026-03-06T03:12:07.973+01:00 INFO notification-service host=notification-service-a41e92-t6zvn corrId=c-de95304aed6ec87b payment receipt sent loan_id=LN028022573 channel=DIGITAL_POST
2026-03-06T03:13:27.129+01:00 INFO payment-scheduler host=payment-scheduler-5b8f6c-p9qmz corrId=c-b204bcc6cf94da74 instalment collection started loan_id=LN708402749 due_date=2026-03-22
2026-03-06T03:13:27.215+01:00 INFO payment-service host=payment-service-5b8f6c-x2k4p corrId=c-b204bcc6cf94da74 direct debit mandate verified loan_id=LN708402749 mandate_id=MD8666695
2026-03-06T03:13:27.291+01:00 INFO payment-service host=payment-service-5b8f6c-t6zvn corrId=c-b204bcc6cf94da74 payment instruction sent loan_id=LN708402749 amount_dkk=9146.47
2026-03-06T03:13:27.326+01:00 INFO ledger-service host=ledger-service-7c9d5b-x2k4p corrId=c-b204bcc6cf94da74 ledger posting accepted loan_id=LN708402749 amount_dkk=9146.47 posting_id=PST-fcb40db706
2026-03-06T03:13:27.426+01:00 INFO payment-service host=payment-service-7c9d5b-t6zvn corrId=c-b204bcc6cf94da74 payment settled loan_id=LN708402749 amount_dkk=9146.47
2026-03-06T03:13:27.434+01:00 INFO notification-service host=notification-service-7c9d5b-x2k4p corrId=c-b204bcc6cf94da74 payment receipt sent loan_id=LN708402749 channel=DIGITAL_POST
2026-03-06T03:14:25.303+01:00 INFO payment-scheduler host=payment-scheduler-7c9d5b-t6zvn corrId=c-889a56f0f2de0a6d instalment collection started loan_id=LN527133449 due_date=2026-03-18
2026-03-06T03:14:25.370+01:00 INFO payment-service host=payment-service-5b8f6c-x2k4p corrId=c-889a56f0f2de0a6d direct debit mandate verified loan_id=LN527133449 mandate_id=MD2167537
2026-03-06T03:14:25.405+01:00 INFO payment-service host=payment-service-5b8f6c-t6zvn corrId=c-889a56f0f2de0a6d payment instruction sent loan_id=LN527133449 amount_dkk=7109.67
2026-03-06T03:14:25.499+01:00 INFO ledger-service host=ledger-service-7c9d5b-t6zvn corrId=c-889a56f0f2de0a6d ledger posting accepted loan_id=LN527133449 amount_dkk=7109.67 posting_id=PST-05384a6d41
2026-03-06T03:14:25.627+01:00 INFO payment-service host=payment-service-5b8f6c-p9qmz corrId=c-889a56f0f2de0a6d payment settled loan_id=LN527133449 amount_dkk=7109.67
2026-03-06T03:14:25.685+01:00 INFO notification-service host=notification-service-a41e92-p9qmz corrId=c-889a56f0f2de0a6d payment receipt sent loan_id=LN527133449 channel=DIGITAL_POST
2026-03-06T03:15:00.138+01:00 INFO api-gateway host=api-gateway-a41e92-x2k4p corrId=- health probe ok status=200 latency_ms=26
2026-03-06T03:15:12.581+01:00 INFO payment-scheduler host=payment-scheduler-7c9d5b-p9qmz corrId=c-aec3a5a2a9fbd942 instalment collection started loan_id=LN657424625 due_date=2026-03-05
2026-03-06T03:15:12.606+01:00 INFO payment-service host=payment-service-5b8f6c-x2k4p corrId=c-aec3a5a2a9fbd942 direct debit mandate verified loan_id=LN657424625 mandate_id=MD7244746
2026-03-06T03:15:12.727+01:00 INFO payment-service host=payment-service-5b8f6c-t6zvn corrId=c-aec3a5a2a9fbd942 payment instruction sent loan_id=LN657424625 amount_dkk=10657.82
2026-03-06T03:15:12.741+01:00 INFO ledger-service host=ledger-service-5b8f6c-x2k4p corrId=c-aec3a5a2a9fbd942 ledger posting accepted loan_id=LN657424625 amount_dkk=10657.82 posting_id=PST-66a23b0c76
2026-03-06T03:15:12.766+01:00 INFO payment-service host=payment-service-5b8f6c-p9qmz corrId=c-aec3a5a2a9fbd942 payment settled loan_id=LN657424625 amount_dkk=10657.82
2026-03-06T03:15:12.895+01:00 INFO notification-service host=notification-service-7c9d5b-p9qmz corrId=c-aec3a5a2a9fbd942 payment receipt sent loan_id=LN657424625 channel=EMAIL
2026-03-06T03:16:26.815+01:00 INFO payment-scheduler host=payment-scheduler-a41e92-t6zvn corrId=c-f0988dfd51697492 instalment collection started loan_id=LN661310542 due_date=2026-03-09
2026-03-06T03:16:26.923+01:00 INFO payment-service host=payment-service-7c9d5b-p9qmz corrId=c-f0988dfd51697492 direct debit mandate verified loan_id=LN661310542 mandate_id=MD3163502
2026-03-06T03:16:26.999+01:00 INFO payment-service host=payment-service-5b8f6c-p9qmz corrId=c-f0988dfd51697492 payment instruction sent loan_id=LN661310542 amount_dkk=11714.00
2026-03-06T03:16:27.055+01:00 INFO ledger-service host=ledger-service-5b8f6c-x2k4p corrId=c-f0988dfd51697492 ledger posting accepted loan_id=LN661310542 amount_dkk=11714.00 posting_id=PST-07288caf99
2026-03-06T03:16:27.157+01:00 INFO payment-service host=payment-service-7c9d5b-t6zvn corrId=c-f0988dfd51697492 payment settled loan_id=LN661310542 amount_dkk=11714.00
2026-03-06T03:16:27.199+01:00 INFO notification-service host=notification-service-a41e92-x2k4p corrId=c-f0988dfd51697492 payment receipt sent loan_id=LN661310542 channel=EMAIL
2026-03-06T03:16:30.210+01:00 INFO payment-scheduler host=payment-scheduler-a41e92-t6zvn corrId=c-1e1e3c1b930f5ca2 instalment collection started loan_id=LN478281394 due_date=2026-03-28
2026-03-06T03:16:30.280+01:00 INFO payment-service host=payment-service-7c9d5b-p9qmz corrId=c-1e1e3c1b930f5ca2 direct debit mandate verified loan_id=LN478281394 mandate_id=MD2126795
2026-03-06T03:16:30.332+01:00 INFO payment-service host=payment-service-5b8f6c-p9qmz corrId=c-1e1e3c1b930f5ca2 payment instruction sent loan_id=LN478281394 amount_dkk=5356.25
2026-03-06T03:16:30.438+01:00 INFO ledger-service host=ledger-service-a41e92-x2k4p corrId=c-1e1e3c1b930f5ca2 ledger posting accepted loan_id=LN478281394 amount_dkk=5356.25 posting_id=PST-55e727b889
2026-03-06T03:16:30.450+01:00 INFO payment-service host=payment-service-a41e92-p9qmz corrId=c-1e1e3c1b930f5ca2 payment settled loan_id=LN478281394 amount_dkk=5356.25
2026-03-06T03:16:30.514+01:00 INFO notification-service host=notification-service-a41e92-p9qmz corrId=c-1e1e3c1b930f5ca2 payment receipt sent loan_id=LN478281394 channel=EMAIL
2026-03-06T03:16:36.701+01:00 INFO payment-scheduler host=payment-scheduler-a41e92-x2k4p corrId=c-66b653749ad2d495 instalment collection started loan_id=LN173587596 due_date=2026-03-02
2026-03-06T03:16:36.813+01:00 INFO payment-service host=payment-service-a41e92-t6zvn corrId=c-66b653749ad2d495 direct debit mandate verified loan_id=LN173587596 mandate_id=MD5971239
2026-03-06T03:16:36.869+01:00 INFO payment-service host=payment-service-a41e92-t6zvn corrId=c-66b653749ad2d495 payment instruction sent loan_id=LN173587596 amount_dkk=9269.21
2026-03-06T03:16:36.980+01:00 INFO ledger-service host=ledger-service-5b8f6c-t6zvn corrId=c-66b653749ad2d495 ledger posting accepted loan_id=LN173587596 amount_dkk=9269.21 posting_id=PST-6cbcad2c32
2026-03-06T03:16:37.024+01:00 INFO payment-service host=payment-service-5b8f6c-x2k4p corrId=c-66b653749ad2d495 payment settled loan_id=LN173587596 amount_dkk=9269.21
2026-03-06T03:16:37.046+01:00 INFO notification-service host=notification-service-7c9d5b-x2k4p corrId=c-66b653749ad2d495 payment receipt sent loan_id=LN173587596 channel=DIGITAL_POST
2026-03-06T03:17:54.987+01:00 INFO payment-scheduler host=payment-scheduler-7c9d5b-p9qmz corrId=c-7518e7d1cbab7412 instalment collection started loan_id=LN444197294 due_date=2026-03-02
2026-03-06T03:17:55.020+01:00 INFO payment-service host=payment-service-5b8f6c-x2k4p corrId=c-7518e7d1cbab7412 direct debit mandate verified loan_id=LN444197294 mandate_id=MD5198218
2026-03-06T03:17:55.079+01:00 INFO payment-service host=payment-service-a41e92-x2k4p corrId=c-7518e7d1cbab7412 payment instruction sent loan_id=LN444197294 amount_dkk=4793.38
2026-03-06T03:17:55.173+01:00 INFO ledger-service host=ledger-service-5b8f6c-x2k4p corrId=c-7518e7d1cbab7412 ledger posting accepted loan_id=LN444197294 amount_dkk=4793.38 posting_id=PST-4dd8be581a
2026-03-06T03:17:55.232+01:00 INFO payment-service host=payment-service-5b8f6c-x2k4p corrId=c-7518e7d1cbab7412 payment settled loan_id=LN444197294 amount_dkk=4793.38
2026-03-06T03:17:55.243+01:00 INFO notification-service host=notification-service-5b8f6c-x2k4p corrId=c-7518e7d1cbab7412 payment receipt sent loan_id=LN444197294 channel=EMAIL
2026-03-06T03:18:48.830+01:00 INFO payment-scheduler host=payment-scheduler-5b8f6c-t6zvn corrId=c-ee089cdbcd35088d instalment collection started loan_id=LN582824298 due_date=2026-03-23
2026-03-06T03:18:48.911+01:00 INFO payment-service host=payment-service-7c9d5b-t6zvn corrId=c-ee089cdbcd35088d direct debit mandate verified loan_id=LN582824298 mandate_id=MD9885023
2026-03-06T03:18:48.987+01:00 INFO payment-service host=payment-service-5b8f6c-p9qmz corrId=c-ee089cdbcd35088d payment instruction sent loan_id=LN582824298 amount_dkk=10024.71
2026-03-06T03:18:49.049+01:00 INFO ledger-service host=ledger-service-a41e92-x2k4p corrId=c-ee089cdbcd35088d ledger posting accepted loan_id=LN582824298 amount_dkk=10024.71 posting_id=PST-1f45d5533b
2026-03-06T03:18:49.161+01:00 INFO payment-service host=payment-service-7c9d5b-t6zvn corrId=c-ee089cdbcd35088d payment settled loan_id=LN582824298 amount_dkk=10024.71
2026-03-06T03:18:49.240+01:00 INFO notification-service host=notification-service-a41e92-x2k4p corrId=c-ee089cdbcd35088d payment receipt sent loan_id=LN582824298 channel=DIGITAL_POST
2026-03-06T03:19:18.780+01:00 INFO payment-scheduler host=payment-scheduler-7c9d5b-p9qmz corrId=c-b5398811cab6a07c instalment collection started loan_id=LN582509892 due_date=2026-03-18
2026-03-06T03:19:18.864+01:00 INFO payment-service host=payment-service-a41e92-x2k4p corrId=c-b5398811cab6a07c direct debit mandate verified loan_id=LN582509892 mandate_id=MD1703867
2026-03-06T03:19:18.958+01:00 INFO payment-service host=payment-service-7c9d5b-t6zvn corrId=c-b5398811cab6a07c payment instruction sent loan_id=LN582509892 amount_dkk=8651.32
2026-03-06T03:19:19.038+01:00 INFO ledger-service host=ledger-service-a41e92-t6zvn corrId=c-b5398811cab6a07c ledger posting accepted loan_id=LN582509892 amount_dkk=8651.32 posting_id=PST-bee9b77cce
2026-03-06T03:19:19.084+01:00 INFO payment-service host=payment-service-7c9d5b-t6zvn corrId=c-b5398811cab6a07c payment settled loan_id=LN582509892 amount_dkk=8651.32
2026-03-06T03:19:19.143+01:00 INFO notification-service host=notification-service-7c9d5b-x2k4p corrId=c-b5398811cab6a07c payment receipt sent loan_id=LN582509892 channel=DIGITAL_POST
2026-03-06T03:20:00.243+01:00 INFO api-gateway host=api-gateway-5b8f6c-t6zvn corrId=- health probe ok status=200 latency_ms=17
2026-03-06T03:20:00.617+01:00 INFO payment-scheduler host=payment-scheduler-a41e92-t6zvn corrId=- scheduler heartbeat lag_ms=84
2026-03-06T03:20:09.882+01:00 INFO payment-scheduler host=payment-scheduler-a41e92-p9qmz corrId=c-3fd303fd9cece014 instalment collection started loan_id=LN326751716 due_date=2026-03-18
2026-03-06T03:20:10.015+01:00 INFO payment-service host=payment-service-a41e92-x2k4p corrId=c-3fd303fd9cece014 direct debit mandate verified loan_id=LN326751716 mandate_id=MD0602589
2026-03-06T03:20:10.119+01:00 INFO payment-service host=payment-service-7c9d5b-x2k4p corrId=c-3fd303fd9cece014 payment instruction sent loan_id=LN326751716 amount_dkk=14989.57
2026-03-06T03:20:10.221+01:00 WARN ledger-service host=ledger-service-a41e92-t6zvn corrId=c-3fd303fd9cece014 ledger posting retried loan_id=LN326751716 attempt=1
2026-03-06T03:20:10.320+01:00 INFO ledger-service host=ledger-service-a41e92-p9qmz corrId=c-3fd303fd9cece014 ledger posting accepted loan_id=LN326751716 amount_dkk=14989.57 posting_id=PST-cc625d89f0
2026-03-06T03:20:10.385+01:00 INFO payment-service host=payment-service-5b8f6c-t6zvn corrId=c-3fd303fd9cece014 payment settled loan_id=LN326751716 amount_dkk=14989.57
2026-03-06T03:20:10.448+01:00 INFO notification-service host=notification-service-7c9d5b-p9qmz corrId=c-3fd303fd9cece014 payment receipt sent loan_id=LN326751716 channel=EMAIL
2026-03-06T03:20:44.876+01:00 INFO payment-scheduler host=payment-scheduler-5b8f6c-x2k4p corrId=c-cf92b27f4787f7c5 instalment collection started loan_id=LN619630184 due_date=2026-03-15
2026-03-06T03:20:44.936+01:00 INFO payment-service host=payment-service-a41e92-x2k4p corrId=c-cf92b27f4787f7c5 direct debit mandate verified loan_id=LN619630184 mandate_id=MD6673625
2026-03-06T03:20:45.055+01:00 INFO payment-service host=payment-service-5b8f6c-t6zvn corrId=c-cf92b27f4787f7c5 payment instruction sent loan_id=LN619630184 amount_dkk=5800.87
2026-03-06T03:20:45.150+01:00 INFO ledger-service host=ledger-service-5b8f6c-t6zvn corrId=c-cf92b27f4787f7c5 ledger posting accepted loan_id=LN619630184 amount_dkk=5800.87 posting_id=PST-9000a38ec5
2026-03-06T03:20:45.183+01:00 INFO payment-service host=payment-service-5b8f6c-t6zvn corrId=c-cf92b27f4787f7c5 payment settled loan_id=LN619630184 amount_dkk=5800.87
2026-03-06T03:20:45.298+01:00 INFO notification-service host=notification-service-a41e92-p9qmz corrId=c-cf92b27f4787f7c5 payment receipt sent loan_id=LN619630184 channel=DIGITAL_POST
2026-03-06T03:21:38.596+01:00 INFO payment-scheduler host=payment-scheduler-a41e92-p9qmz corrId=c-a5af32a5aed1eaa0 instalment collection started loan_id=LN409771492 due_date=2026-03-13
2026-03-06T03:21:38.632+01:00 INFO payment-service host=payment-service-a41e92-t6zvn corrId=c-a5af32a5aed1eaa0 direct debit mandate verified loan_id=LN409771492 mandate_id=MD4955933
2026-03-06T03:21:38.697+01:00 INFO payment-service host=payment-service-a41e92-x2k4p corrId=c-a5af32a5aed1eaa0 payment instruction sent loan_id=LN409771492 amount_dkk=17651.52
2026-03-06T03:21:38.820+01:00 INFO ledger-service host=ledger-service-a41e92-t6zvn corrId=c-a5af32a5aed1eaa0 ledger posting accepted loan_id=LN409771492 amount_dkk=17651.52 posting_id=PST-33a84b8e19
2026-03-06T03:21:38.941+01:00 INFO payment-service host=payment-service-a41e92-p9qmz corrId=c-a5af32a5aed1eaa0 payment settled loan_id=LN409771492 amount_dkk=17651.52
2026-03-06T03:21:39.019+01:00 INFO notification-service host=notification-service-5b8f6c-p9qmz corrId=c-a5af32a5aed1eaa0 payment receipt sent loan_id=LN409771492 channel=DIGITAL_POST
2026-03-06T03:25:00.485+01:00 INFO api-gateway host=api-gateway-7c9d5b-p9qmz corrId=- health probe ok status=200 latency_ms=8
2026-03-06T03:25:07.350+01:00 INFO payment-scheduler host=payment-scheduler-5b8f6c-x2k4p corrId=c-71342b2f760d6fd2 instalment collection started loan_id=LN446980453 due_date=2026-03-06
2026-03-06T03:25:07.489+01:00 INFO payment-service host=payment-service-7c9d5b-t6zvn corrId=c-71342b2f760d6fd2 direct debit mandate verified loan_id=LN446980453 mandate_id=MD6756372
2026-03-06T03:25:07.512+01:00 INFO payment-service host=payment-service-5b8f6c-x2k4p corrId=c-71342b2f760d6fd2 payment instruction sent loan_id=LN446980453 amount_dkk=10233.52
2026-03-06T03:25:07.541+01:00 INFO ledger-service host=ledger-service-5b8f6c-t6zvn corrId=c-71342b2f760d6fd2 ledger posting accepted loan_id=LN446980453 amount_dkk=10233.52 posting_id=PST-382e0f2dc3
2026-03-06T03:25:07.676+01:00 INFO payment-service host=payment-service-7c9d5b-x2k4p corrId=c-71342b2f760d6fd2 payment settled loan_id=LN446980453 amount_dkk=10233.52
2026-03-06T03:25:07.742+01:00 INFO notification-service host=notification-service-7c9d5b-p9qmz corrId=c-71342b2f760d6fd2 payment receipt sent loan_id=LN446980453 channel=DIGITAL_POST
2026-03-06T03:26:08.702+01:00 INFO payment-scheduler host=payment-scheduler-a41e92-p9qmz corrId=c-53ddff63a2d5f8bf instalment collection started loan_id=LN160033120 due_date=2026-03-13
2026-03-06T03:26:08.796+01:00 INFO payment-service host=payment-service-7c9d5b-t6zvn corrId=c-53ddff63a2d5f8bf direct debit mandate verified loan_id=LN160033120 mandate_id=MD2009356
2026-03-06T03:26:08.886+01:00 INFO payment-service host=payment-service-7c9d5b-t6zvn corrId=c-53ddff63a2d5f8bf payment instruction sent loan_id=LN160033120 amount_dkk=9607.64
2026-03-06T03:26:09.009+01:00 INFO ledger-service host=ledger-service-7c9d5b-t6zvn corrId=c-53ddff63a2d5f8bf ledger posting accepted loan_id=LN160033120 amount_dkk=9607.64 posting_id=PST-e128ca4321
2026-03-06T03:26:09.082+01:00 INFO payment-service host=payment-service-7c9d5b-t6zvn corrId=c-53ddff63a2d5f8bf payment settled loan_id=LN160033120 amount_dkk=9607.64
2026-03-06T03:26:09.183+01:00 INFO notification-service host=notification-service-5b8f6c-p9qmz corrId=c-53ddff63a2d5f8bf payment receipt sent loan_id=LN160033120 channel=EMAIL
2026-03-06T03:30:00.575+01:00 INFO api-gateway host=api-gateway-7c9d5b-t6zvn corrId=- health probe ok status=200 latency_ms=18
2026-03-06T03:30:00.638+01:00 INFO payment-scheduler host=payment-scheduler-a41e92-t6zvn corrId=- scheduler heartbeat lag_ms=102
2026-03-06T03:35:00.458+01:00 INFO api-gateway host=api-gateway-a41e92-t6zvn corrId=- health probe ok status=200 latency_ms=10
2026-03-06T03:40:00.250+01:00 INFO payment-scheduler host=payment-scheduler-a41e92-t6zvn corrId=- scheduler heartbeat lag_ms=52
2026-03-06T03:40:00.314+01:00 INFO api-gateway host=api-gateway-5b8f6c-p9qmz corrId=- health probe ok status=200 latency_ms=37
2026-03-06T03:45:00.001+01:00 INFO api-gateway host=api-gateway-a41e92-t6zvn corrId=- health probe ok status=200 latency_ms=25
2026-03-06T03:50:00.132+01:00 INFO api-gateway host=api-gateway-7c9d5b-p9qmz corrId=- health probe ok status=200 latency_ms=9
2026-03-06T03:50:00.321+01:00 INFO payment-scheduler host=payment-scheduler-5b8f6c-p9qmz corrId=- scheduler heartbeat lag_ms=74
2026-03-06T03:55:00.730+01:00 INFO api-gateway host=api-gateway-7c9d5b-x2k4p corrId=- health probe ok status=200 latency_ms=35
2026-03-06T03:59:56.000+01:00 INFO valuation-service host=valuation-service-a41e92-p9qmz corrId=- jvm gc pause pause_ms=47
2026-03-06T04:00:00.065+01:00 INFO api-gateway host=api-gateway-7c9d5b-x2k4p corrId=- health probe ok status=200 latency_ms=6
2026-03-06T04:00:00.798+01:00 INFO payment-scheduler host=payment-scheduler-a41e92-x2k4p corrId=- scheduler heartbeat lag_ms=107
2026-03-06T04:00:54.000+01:00 INFO config-service host=config-service-a41e92-t6zvn corrId=- configuration refreshed version=v132
2026-03-06T04:04:02.000+01:00 INFO valuation-service host=valuation-service-a41e92-t6zvn corrId=- jvm gc pause pause_ms=8
2026-03-06T04:05:00.029+01:00 INFO api-gateway host=api-gateway-5b8f6c-x2k4p corrId=- health probe ok status=200 latency_ms=35
2026-03-06T04:10:00.590+01:00 INFO payment-scheduler host=payment-scheduler-5b8f6c-p9qmz corrId=- scheduler heartbeat lag_ms=82
2026-03-06T04:10:00.755+01:00 INFO api-gateway host=api-gateway-a41e92-t6zvn corrId=- health probe ok status=200 latency_ms=20
2026-03-06T04:15:00.060+01:00 INFO api-gateway host=api-gateway-5b8f6c-p9qmz corrId=- health probe ok status=200 latency_ms=28
2026-03-06T04:20:00.142+01:00 INFO api-gateway host=api-gateway-5b8f6c-p9qmz corrId=- health probe ok status=200 latency_ms=26
2026-03-06T04:20:00.342+01:00 INFO payment-scheduler host=payment-scheduler-a41e92-x2k4p corrId=- scheduler heartbeat lag_ms=119
2026-03-06T04:25:00.604+01:00 INFO api-gateway host=api-gateway-5b8f6c-t6zvn corrId=- health probe ok status=200 latency_ms=13
2026-03-06T04:30:00.112+01:00 INFO payment-scheduler host=payment-scheduler-7c9d5b-t6zvn corrId=- scheduler heartbeat lag_ms=105
2026-03-06T04:30:00.811+01:00 INFO api-gateway host=api-gateway-7c9d5b-t6zvn corrId=- health probe ok status=200 latency_ms=11
2026-03-06T04:35:00.048+01:00 INFO api-gateway host=api-gateway-5b8f6c-x2k4p corrId=- health probe ok status=200 latency_ms=33
2026-03-06T04:40:00.646+01:00 INFO payment-scheduler host=payment-scheduler-5b8f6c-t6zvn corrId=- scheduler heartbeat lag_ms=13
2026-03-06T04:40:00.795+01:00 INFO api-gateway host=api-gateway-7c9d5b-x2k4p corrId=- health probe ok status=200 latency_ms=38
2026-03-06T04:45:00.638+01:00 INFO api-gateway host=api-gateway-7c9d5b-t6zvn corrId=- health probe ok status=200 latency_ms=26
2026-03-06T04:50:00.218+01:00 INFO payment-scheduler host=payment-scheduler-a41e92-x2k4p corrId=- scheduler heartbeat lag_ms=55
2026-03-06T04:50:00.310+01:00 INFO api-gateway host=api-gateway-a41e92-p9qmz corrId=- health probe ok status=200 latency_ms=12
2026-03-06T04:55:00.389+01:00 INFO api-gateway host=api-gateway-7c9d5b-p9qmz corrId=- health probe ok status=200 latency_ms=8
2026-03-06T05:00:00.732+01:00 INFO payment-scheduler host=payment-scheduler-5b8f6c-t6zvn corrId=- scheduler heartbeat lag_ms=66
2026-03-06T05:00:00.816+01:00 INFO api-gateway host=api-gateway-5b8f6c-x2k4p corrId=- health probe ok status=200 latency_ms=39
2026-03-06T05:00:19.000+01:00 INFO config-service host=config-service-a41e92-t6zvn corrId=- configuration refreshed version=v128
2026-03-06T05:05:00.325+01:00 INFO api-gateway host=api-gateway-7c9d5b-p9qmz corrId=- health probe ok status=200 latency_ms=6
2026-03-06T05:10:00.235+01:00 INFO api-gateway host=api-gateway-a41e92-t6zvn corrId=- health probe ok status=200 latency_ms=2
2026-03-06T05:10:00.725+01:00 INFO payment-scheduler host=payment-scheduler-7c9d5b-p9qmz corrId=- scheduler heartbeat lag_ms=67
2026-03-06T05:15:00.143+01:00 INFO api-gateway host=api-gateway-a41e92-t6zvn corrId=- health probe ok status=200 latency_ms=17
2026-03-06T05:20:00.481+01:00 INFO api-gateway host=api-gateway-7c9d5b-x2k4p corrId=- health probe ok status=200 latency_ms=3
2026-03-06T05:20:00.533+01:00 INFO payment-scheduler host=payment-scheduler-5b8f6c-t6zvn corrId=- scheduler heartbeat lag_ms=56
2026-03-06T05:25:00.411+01:00 INFO api-gateway host=api-gateway-5b8f6c-x2k4p corrId=- health probe ok status=200 latency_ms=3
2026-03-06T05:30:00.380+01:00 INFO payment-scheduler host=payment-scheduler-7c9d5b-t6zvn corrId=- scheduler heartbeat lag_ms=71
2026-03-06T05:30:00.672+01:00 INFO api-gateway host=api-gateway-a41e92-x2k4p corrId=- health probe ok status=200 latency_ms=28
2026-03-06T05:35:00.821+01:00 INFO api-gateway host=api-gateway-7c9d5b-x2k4p corrId=- health probe ok status=200 latency_ms=10
2026-03-06T05:40:00.050+01:00 INFO api-gateway host=api-gateway-5b8f6c-t6zvn corrId=- health probe ok status=200 latency_ms=40
2026-03-06T05:40:00.583+01:00 INFO payment-scheduler host=payment-scheduler-a41e92-p9qmz corrId=- scheduler heartbeat lag_ms=2
2026-03-06T05:45:00.232+01:00 INFO api-gateway host=api-gateway-a41e92-p9qmz corrId=- health probe ok status=200 latency_ms=11
2026-03-06T05:48:20.000+01:00 INFO valuation-service host=valuation-service-a41e92-x2k4p corrId=- jvm gc pause pause_ms=76
2026-03-06T05:50:00.062+01:00 INFO payment-scheduler host=payment-scheduler-7c9d5b-t6zvn corrId=- scheduler heartbeat lag_ms=63
2026-03-06T05:50:00.123+01:00 INFO api-gateway host=api-gateway-a41e92-p9qmz corrId=- health probe ok status=200 latency_ms=10
2026-03-06T05:55:00.575+01:00 INFO api-gateway host=api-gateway-5b8f6c-x2k4p corrId=- health probe ok status=200 latency_ms=12
2026-03-06T06:00:00.002+01:00 INFO api-gateway host=api-gateway-5b8f6c-p9qmz corrId=- health probe ok status=200 latency_ms=34
2026-03-06T06:00:00.081+01:00 INFO payment-scheduler host=payment-scheduler-7c9d5b-t6zvn corrId=- scheduler heartbeat lag_ms=92
2026-03-06T06:00:43.000+01:00 INFO config-service host=config-service-7c9d5b-x2k4p corrId=- configuration refreshed version=v108
2026-03-06T06:05:00.721+01:00 INFO api-gateway host=api-gateway-7c9d5b-x2k4p corrId=- health probe ok status=200 latency_ms=16
2026-03-06T06:10:00.046+01:00 INFO api-gateway host=api-gateway-5b8f6c-p9qmz corrId=- health probe ok status=200 latency_ms=20
2026-03-06T06:10:00.549+01:00 INFO payment-scheduler host=payment-scheduler-7c9d5b-p9qmz corrId=- scheduler heartbeat lag_ms=10
2026-03-06T06:15:00.098+01:00 INFO api-gateway host=api-gateway-7c9d5b-p9qmz corrId=- health probe ok status=200 latency_ms=16
2026-03-06T06:20:00.593+01:00 INFO payment-scheduler host=payment-scheduler-5b8f6c-t6zvn corrId=- scheduler heartbeat lag_ms=29
2026-03-06T06:20:00.761+01:00 INFO api-gateway host=api-gateway-a41e92-x2k4p corrId=- health probe ok status=200 latency_ms=4
2026-03-06T06:25:00.839+01:00 INFO api-gateway host=api-gateway-7c9d5b-t6zvn corrId=- health probe ok status=200 latency_ms=29
2026-03-06T06:30:00.013+01:00 INFO payment-scheduler host=payment-scheduler-a41e92-t6zvn corrId=- scheduler heartbeat lag_ms=27
2026-03-06T06:30:00.538+01:00 INFO api-gateway host=api-gateway-5b8f6c-x2k4p corrId=- health probe ok status=200 latency_ms=20
2026-03-06T06:35:00.294+01:00 INFO api-gateway host=api-gateway-5b8f6c-x2k4p corrId=- health probe ok status=200 latency_ms=15
2026-03-06T06:40:00.577+01:00 INFO payment-scheduler host=payment-scheduler-5b8f6c-t6zvn corrId=- scheduler heartbeat lag_ms=88
2026-03-06T06:40:00.660+01:00 INFO api-gateway host=api-gateway-5b8f6c-t6zvn corrId=- health probe ok status=200 latency_ms=27
2026-03-06T06:45:00.796+01:00 INFO api-gateway host=api-gateway-7c9d5b-x2k4p corrId=- health probe ok status=200 latency_ms=14
2026-03-06T06:50:00.563+01:00 INFO api-gateway host=api-gateway-a41e92-x2k4p corrId=- health probe ok status=200 latency_ms=11
2026-03-06T06:50:00.650+01:00 INFO payment-scheduler host=payment-scheduler-a41e92-p9qmz corrId=- scheduler heartbeat lag_ms=48
2026-03-06T06:55:00.085+01:00 INFO api-gateway host=api-gateway-7c9d5b-p9qmz corrId=- health probe ok status=200 latency_ms=36
2026-03-06T07:00:00.317+01:00 INFO api-gateway host=api-gateway-7c9d5b-t6zvn corrId=- health probe ok status=200 latency_ms=6
2026-03-06T07:00:00.508+01:00 INFO payment-scheduler host=payment-scheduler-7c9d5b-x2k4p corrId=- scheduler heartbeat lag_ms=54
2026-03-06T07:00:38.000+01:00 INFO config-service host=config-service-a41e92-t6zvn corrId=- configuration refreshed version=v112
2026-03-06T07:05:00.026+01:00 INFO api-gateway host=api-gateway-7c9d5b-t6zvn corrId=- health probe ok status=200 latency_ms=39
2026-03-06T07:10:00.811+01:00 INFO payment-scheduler host=payment-scheduler-7c9d5b-p9qmz corrId=- scheduler heartbeat lag_ms=90
2026-03-06T07:10:00.839+01:00 INFO api-gateway host=api-gateway-5b8f6c-x2k4p corrId=- health probe ok status=200 latency_ms=7
2026-03-06T07:15:00.375+01:00 INFO api-gateway host=api-gateway-5b8f6c-p9qmz corrId=- health probe ok status=200 latency_ms=13
2026-03-06T07:17:23.736+01:00 INFO portal-bff host=portal-bff-5b8f6c-x2k4p corrId=c-8e4eed03a875ba79 conversion quote requested loan_id=LN544132470 target_product=FLEX_1Y
2026-03-06T07:17:23.773+01:00 INFO identity-service host=identity-service-7c9d5b-p9qmz corrId=c-8e4eed03a875ba79 MitID session validated customer_id=C48857552
2026-03-06T07:17:23.794+01:00 INFO pricing-service host=pricing-service-a41e92-x2k4p corrId=c-8e4eed03a875ba79 bond price fetched series=BND4.0-2053 price=99.620
2026-03-06T07:17:23.809+01:00 INFO pricing-service host=pricing-service-a41e92-t6zvn corrId=c-8e4eed03a875ba79 conversion cost calculated loan_id=LN544132470 cost_dkk=55239.99
2026-03-06T07:17:23.927+01:00 INFO quote-service host=quote-service-7c9d5b-p9qmz corrId=c-8e4eed03a875ba79 conversion quote issued quote_id=Q40400782 loan_id=LN544132470
2026-03-06T07:20:00.037+01:00 INFO api-gateway host=api-gateway-7c9d5b-t6zvn corrId=- health probe ok status=200 latency_ms=32
2026-03-06T07:20:00.224+01:00 INFO payment-scheduler host=payment-scheduler-a41e92-x2k4p corrId=- scheduler heartbeat lag_ms=74
2026-03-06T07:21:57.000+01:00 INFO valuation-service host=valuation-service-5b8f6c-x2k4p corrId=- jvm gc pause pause_ms=50
2026-03-06T07:25:00.715+01:00 INFO api-gateway host=api-gateway-a41e92-p9qmz corrId=- health probe ok status=200 latency_ms=30
2026-03-06T07:30:00.131+01:00 INFO payment-scheduler host=payment-scheduler-7c9d5b-t6zvn corrId=- scheduler heartbeat lag_ms=36
2026-03-06T07:30:00.670+01:00 INFO api-gateway host=api-gateway-a41e92-x2k4p corrId=- health probe ok status=200 latency_ms=31
2026-03-06T07:35:00.799+01:00 INFO api-gateway host=api-gateway-a41e92-t6zvn corrId=- health probe ok status=200 latency_ms=12
2026-03-06T07:40:00.154+01:00 INFO api-gateway host=api-gateway-5b8f6c-p9qmz corrId=- health probe ok status=200 latency_ms=40
2026-03-06T07:40:00.705+01:00 INFO payment-scheduler host=payment-scheduler-a41e92-t6zvn corrId=- scheduler heartbeat lag_ms=63
2026-03-06T07:45:00.393+01:00 INFO api-gateway host=api-gateway-5b8f6c-x2k4p corrId=- health probe ok status=200 latency_ms=21
2026-03-06T07:50:00.314+01:00 INFO payment-scheduler host=payment-scheduler-7c9d5b-x2k4p corrId=- scheduler heartbeat lag_ms=58
2026-03-06T07:50:00.384+01:00 INFO api-gateway host=api-gateway-5b8f6c-p9qmz corrId=- health probe ok status=200 latency_ms=25
2026-03-06T07:51:46.000+01:00 INFO valuation-service host=valuation-service-7c9d5b-t6zvn corrId=- jvm gc pause pause_ms=16
2026-03-06T07:55:00.698+01:00 INFO api-gateway host=api-gateway-5b8f6c-p9qmz corrId=- health probe ok status=200 latency_ms=2
2026-03-06T08:00:00.819+01:00 INFO payment-scheduler host=payment-scheduler-7c9d5b-p9qmz corrId=- scheduler heartbeat lag_ms=27
2026-03-06T08:00:00.851+01:00 INFO api-gateway host=api-gateway-7c9d5b-t6zvn corrId=- health probe ok status=200 latency_ms=2
2026-03-06T08:00:50.000+01:00 INFO config-service host=config-service-7c9d5b-x2k4p corrId=- configuration refreshed version=v100
2026-03-06T08:03:41.228+01:00 INFO portal-bff host=portal-bff-7c9d5b-t6zvn corrId=c-7f0664b26d5c2726 conversion quote requested loan_id=LN055910616 target_product=FLEX_5Y
2026-03-06T08:03:41.351+01:00 INFO identity-service host=identity-service-7c9d5b-x2k4p corrId=c-7f0664b26d5c2726 MitID session validated customer_id=C17144033
2026-03-06T08:03:41.449+01:00 INFO pricing-service host=pricing-service-7c9d5b-x2k4p corrId=c-7f0664b26d5c2726 bond price fetched series=BND4.0-2053 price=91.599
2026-03-06T08:03:41.551+01:00 INFO pricing-service host=pricing-service-7c9d5b-p9qmz corrId=c-7f0664b26d5c2726 conversion cost calculated loan_id=LN055910616 cost_dkk=30283.98
2026-03-06T08:03:41.639+01:00 INFO quote-service host=quote-service-a41e92-x2k4p corrId=c-7f0664b26d5c2726 conversion quote issued quote_id=Q11757941 loan_id=LN055910616
2026-03-06T08:05:00.564+01:00 INFO api-gateway host=api-gateway-5b8f6c-p9qmz corrId=- health probe ok status=200 latency_ms=30
2026-03-06T08:10:00.433+01:00 INFO payment-scheduler host=payment-scheduler-5b8f6c-x2k4p corrId=- scheduler heartbeat lag_ms=49
2026-03-06T08:10:00.890+01:00 INFO api-gateway host=api-gateway-a41e92-x2k4p corrId=- health probe ok status=200 latency_ms=16
2026-03-06T08:10:15.970+01:00 INFO portal-bff host=portal-bff-a41e92-x2k4p corrId=c-ff1e9a637ffc5d47 loan application submitted application_id=APP-2026-413053 customer_segment=PRIVATE
2026-03-06T08:10:15.976+01:00 INFO identity-service host=identity-service-5b8f6c-x2k4p corrId=c-ff1e9a637ffc5d47 MitID session validated customer_id=C61898137
2026-03-06T08:10:16.108+01:00 INFO customer-service host=customer-service-7c9d5b-x2k4p corrId=c-ff1e9a637ffc5d47 KYC profile loaded customer_id=C61898137 risk_class=LOW
2026-03-06T08:10:16.244+01:00 INFO valuation-service host=valuation-service-5b8f6c-t6zvn corrId=c-ff1e9a637ffc5d47 property valuation requested property_id=P1441741 provider=valuta-ejd
2026-03-06T08:10:17.217+01:00 INFO valuation-service host=valuation-service-5b8f6c-t6zvn corrId=c-ff1e9a637ffc5d47 property valuation received property_id=P1441741 value_dkk=7580000 latency_ms=899
2026-03-06T08:10:17.327+01:00 INFO credit-service host=credit-service-7c9d5b-t6zvn corrId=c-ff1e9a637ffc5d47 credit assessment completed application_id=APP-2026-413053 score=736 decision=APPROVED
2026-03-06T08:10:17.422+01:00 INFO offer-service host=offer-service-a41e92-x2k4p corrId=c-ff1e9a637ffc5d47 loan offer generated application_id=APP-2026-413053 loan_type=FIXED_20Y_IO principal_dkk=4750000
2026-03-06T08:10:17.524+01:00 INFO document-service host=document-service-7c9d5b-p9qmz corrId=c-ff1e9a637ffc5d47 offer document stored application_id=APP-2026-413053 doc_id=DOC-bda59ad3
2026-03-06T08:10:17.584+01:00 INFO portal-bff host=portal-bff-7c9d5b-x2k4p corrId=c-ff1e9a637ffc5d47 application completed application_id=APP-2026-413053 status=OFFER_ISSUED
2026-03-06T08:15:00.435+01:00 INFO api-gateway host=api-gateway-7c9d5b-p9qmz corrId=- health probe ok status=200 latency_ms=16
2026-03-06T08:20:00.350+01:00 INFO payment-scheduler host=payment-scheduler-5b8f6c-p9qmz corrId=- scheduler heartbeat lag_ms=107
2026-03-06T08:20:00.590+01:00 INFO api-gateway host=api-gateway-5b8f6c-x2k4p corrId=- health probe ok status=200 latency_ms=28
2026-03-06T08:21:21.000+01:00 INFO valuation-service host=valuation-service-7c9d5b-x2k4p corrId=- jvm gc pause pause_ms=46
2026-03-06T08:21:47.026+01:00 INFO portal-bff host=portal-bff-a41e92-p9qmz corrId=c-850c5dba19635e7f conversion quote requested loan_id=LN902090732 target_product=FIXED_30Y
2026-03-06T08:21:47.145+01:00 INFO identity-service host=identity-service-a41e92-x2k4p corrId=c-850c5dba19635e7f MitID session validated customer_id=C89902675
2026-03-06T08:21:47.232+01:00 INFO pricing-service host=pricing-service-5b8f6c-x2k4p corrId=c-850c5dba19635e7f bond price fetched series=BND2.5-2056 price=97.864
2026-03-06T08:21:47.249+01:00 INFO pricing-service host=pricing-service-5b8f6c-x2k4p corrId=c-850c5dba19635e7f conversion cost calculated loan_id=LN902090732 cost_dkk=44324.69
2026-03-06T08:21:47.383+01:00 INFO quote-service host=quote-service-5b8f6c-x2k4p corrId=c-850c5dba19635e7f conversion quote issued quote_id=Q72675243 loan_id=LN902090732
2026-03-06T08:22:42.105+01:00 INFO portal-bff host=portal-bff-5b8f6c-t6zvn corrId=c-dd277960e180f141 conversion quote requested loan_id=LN762734720 target_product=FLEX_1Y
2026-03-06T08:22:42.168+01:00 INFO identity-service host=identity-service-5b8f6c-p9qmz corrId=c-dd277960e180f141 MitID session validated customer_id=C38290880
2026-03-06T08:22:42.227+01:00 INFO pricing-service host=pricing-service-7c9d5b-t6zvn corrId=c-dd277960e180f141 bond price fetched series=BND3.0-2053 price=94.044
2026-03-06T08:22:42.241+01:00 INFO pricing-service host=pricing-service-7c9d5b-p9qmz corrId=c-dd277960e180f141 conversion cost calculated loan_id=LN762734720 cost_dkk=19423.42
2026-03-06T08:22:42.247+01:00 INFO quote-service host=quote-service-7c9d5b-t6zvn corrId=c-dd277960e180f141 conversion quote issued quote_id=Q00094081 loan_id=LN762734720
2026-03-06T08:24:32.722+01:00 INFO portal-bff host=portal-bff-7c9d5b-p9qmz corrId=c-3791a467ad47a1c9 conversion quote requested loan_id=LN788443216 target_product=FIXED_30Y
2026-03-06T08:24:32.803+01:00 INFO identity-service host=identity-service-5b8f6c-p9qmz corrId=c-3791a467ad47a1c9 MitID session validated customer_id=C00721958
2026-03-06T08:24:32.861+01:00 INFO pricing-service host=pricing-service-a41e92-x2k4p corrId=c-3791a467ad47a1c9 bond price fetched series=BND3.0-2056 price=95.256
2026-03-06T08:24:32.872+01:00 INFO pricing-service host=pricing-service-5b8f6c-t6zvn corrId=c-3791a467ad47a1c9 conversion cost calculated loan_id=LN788443216 cost_dkk=31175.77
2026-03-06T08:24:32.921+01:00 INFO quote-service host=quote-service-5b8f6c-p9qmz corrId=c-3791a467ad47a1c9 conversion quote issued quote_id=Q56838334 loan_id=LN788443216
2026-03-06T08:25:00.382+01:00 INFO api-gateway host=api-gateway-5b8f6c-p9qmz corrId=- health probe ok status=200 latency_ms=23
2026-03-06T08:30:00.366+01:00 INFO payment-scheduler host=payment-scheduler-5b8f6c-p9qmz corrId=- scheduler heartbeat lag_ms=44
2026-03-06T08:30:00.862+01:00 INFO api-gateway host=api-gateway-5b8f6c-x2k4p corrId=- health probe ok status=200 latency_ms=18
2026-03-06T08:35:00.654+01:00 INFO api-gateway host=api-gateway-a41e92-p9qmz corrId=- health probe ok status=200 latency_ms=9
2026-03-06T08:35:15.949+01:00 INFO portal-bff host=portal-bff-7c9d5b-t6zvn corrId=c-40f3c972e0681958 conversion quote requested loan_id=LN867329651 target_product=FIXED_30Y
2026-03-06T08:35:15.985+01:00 INFO identity-service host=identity-service-7c9d5b-p9qmz corrId=c-40f3c972e0681958 MitID session validated customer_id=C66655561
2026-03-06T08:35:16.087+01:00 INFO pricing-service host=pricing-service-5b8f6c-p9qmz corrId=c-40f3c972e0681958 bond price fetched series=BND4.0-2056 price=89.359
2026-03-06T08:35:16.096+01:00 INFO pricing-service host=pricing-service-5b8f6c-t6zvn corrId=c-40f3c972e0681958 conversion cost calculated loan_id=LN867329651 cost_dkk=40492.85
2026-03-06T08:35:16.234+01:00 INFO quote-service host=quote-service-7c9d5b-x2k4p corrId=c-40f3c972e0681958 conversion quote issued quote_id=Q61891915 loan_id=LN867329651
2026-03-06T08:36:02.685+01:00 INFO portal-bff host=portal-bff-7c9d5b-t6zvn corrId=c-37bb321b13b10339 loan application submitted application_id=APP-2026-098762 customer_segment=PRIVATE
2026-03-06T08:36:02.773+01:00 INFO identity-service host=identity-service-5b8f6c-p9qmz corrId=c-37bb321b13b10339 MitID session validated customer_id=C32772261
2026-03-06T08:36:02.895+01:00 INFO customer-service host=customer-service-7c9d5b-p9qmz corrId=c-37bb321b13b10339 KYC profile loaded customer_id=C32772261 risk_class=MEDIUM
2026-03-06T08:36:02.985+01:00 INFO valuation-service host=valuation-service-5b8f6c-x2k4p corrId=c-37bb321b13b10339 property valuation requested property_id=P9418504 provider=bolig-vurdering
2026-03-06T08:36:03.380+01:00 INFO valuation-service host=valuation-service-5b8f6c-x2k4p corrId=c-37bb321b13b10339 property valuation received property_id=P9418504 value_dkk=8850000 latency_ms=317
2026-03-06T08:36:03.446+01:00 INFO credit-service host=credit-service-7c9d5b-t6zvn corrId=c-37bb321b13b10339 credit assessment completed application_id=APP-2026-098762 score=745 decision=APPROVED
2026-03-06T08:36:03.559+01:00 INFO offer-service host=offer-service-7c9d5b-t6zvn corrId=c-37bb321b13b10339 loan offer generated application_id=APP-2026-098762 loan_type=FLEX_5Y principal_dkk=5065000
2026-03-06T08:36:03.626+01:00 INFO document-service host=document-service-5b8f6c-p9qmz corrId=c-37bb321b13b10339 offer document stored application_id=APP-2026-098762 doc_id=DOC-e4d935a8
2026-03-06T08:36:03.636+01:00 INFO portal-bff host=portal-bff-7c9d5b-x2k4p corrId=c-37bb321b13b10339 application completed application_id=APP-2026-098762 status=OFFER_ISSUED
2026-03-06T08:36:06.257+01:00 INFO portal-bff host=portal-bff-7c9d5b-t6zvn corrId=c-bfbcc62900fccb10 conversion quote requested loan_id=LN929445681 target_product=FIXED_30Y
2026-03-06T08:36:06.352+01:00 INFO identity-service host=identity-service-7c9d5b-t6zvn corrId=c-bfbcc62900fccb10 MitID session validated customer_id=C68438218
2026-03-06T08:36:06.398+01:00 INFO pricing-service host=pricing-service-a41e92-x2k4p corrId=c-bfbcc62900fccb10 bond price fetched series=BND4.0-2053 price=95.822
2026-03-06T08:36:06.492+01:00 INFO pricing-service host=pricing-service-5b8f6c-x2k4p corrId=c-bfbcc62900fccb10 conversion cost calculated loan_id=LN929445681 cost_dkk=32772.09
2026-03-06T08:36:06.540+01:00 INFO quote-service host=quote-service-7c9d5b-p9qmz corrId=c-bfbcc62900fccb10 conversion quote issued quote_id=Q15932112 loan_id=LN929445681
2026-03-06T08:37:31.353+01:00 INFO portal-bff host=portal-bff-5b8f6c-p9qmz corrId=c-58636ecfca5d076b loan application submitted application_id=APP-2026-532833 customer_segment=RETAIL
2026-03-06T08:37:31.476+01:00 INFO identity-service host=identity-service-5b8f6c-p9qmz corrId=c-58636ecfca5d076b MitID session validated customer_id=C67351426
2026-03-06T08:37:31.558+01:00 INFO customer-service host=customer-service-a41e92-t6zvn corrId=c-58636ecfca5d076b KYC profile loaded customer_id=C67351426 risk_class=LOW
2026-03-06T08:37:31.647+01:00 INFO valuation-service host=valuation-service-7c9d5b-t6zvn corrId=c-58636ecfca5d076b property valuation requested property_id=P3756321 provider=bolig-vurdering
2026-03-06T08:37:32.626+01:00 INFO valuation-service host=valuation-service-a41e92-x2k4p corrId=c-58636ecfca5d076b property valuation received property_id=P3756321 value_dkk=5990000 latency_ms=861
2026-03-06T08:37:32.738+01:00 INFO credit-service host=credit-service-5b8f6c-x2k4p corrId=c-58636ecfca5d076b credit assessment completed application_id=APP-2026-532833 score=677 decision=APPROVED
2026-03-06T08:37:32.788+01:00 INFO offer-service host=offer-service-a41e92-p9qmz corrId=c-58636ecfca5d076b loan offer generated application_id=APP-2026-532833 loan_type=FLEX_5Y principal_dkk=2995000
2026-03-06T08:37:32.911+01:00 INFO document-service host=document-service-7c9d5b-t6zvn corrId=c-58636ecfca5d076b offer document stored application_id=APP-2026-532833 doc_id=DOC-b2cc43a7
2026-03-06T08:37:32.930+01:00 INFO portal-bff host=portal-bff-5b8f6c-t6zvn corrId=c-58636ecfca5d076b application completed application_id=APP-2026-532833 status=OFFER_ISSUED
2026-03-06T08:38:04.821+01:00 INFO portal-bff host=portal-bff-7c9d5b-p9qmz corrId=c-b64a6b3d4f3a6b4f conversion quote requested loan_id=LN027116786 target_product=FLEX_1Y
2026-03-06T08:38:04.861+01:00 INFO identity-service host=identity-service-5b8f6c-x2k4p corrId=c-b64a6b3d4f3a6b4f MitID session validated customer_id=C85092888
2026-03-06T08:38:04.986+01:00 INFO pricing-service host=pricing-service-5b8f6c-p9qmz corrId=c-b64a6b3d4f3a6b4f bond price fetched series=BND4.0-2056 price=92.912
2026-03-06T08:38:05.071+01:00 INFO pricing-service host=pricing-service-5b8f6c-x2k4p corrId=c-b64a6b3d4f3a6b4f conversion cost calculated loan_id=LN027116786 cost_dkk=41273.57
2026-03-06T08:38:05.111+01:00 INFO quote-service host=quote-service-7c9d5b-t6zvn corrId=c-b64a6b3d4f3a6b4f conversion quote issued quote_id=Q06035880 loan_id=LN027116786
2026-03-06T08:40:00.353+01:00 INFO payment-scheduler host=payment-scheduler-7c9d5b-p9qmz corrId=- scheduler heartbeat lag_ms=86
2026-03-06T08:40:00.507+01:00 INFO api-gateway host=api-gateway-5b8f6c-x2k4p corrId=- health probe ok status=200 latency_ms=4
2026-03-06T08:41:41.650+01:00 INFO portal-bff host=portal-bff-7c9d5b-p9qmz corrId=c-dae18460fc2afaf3 conversion quote requested loan_id=LN644345101 target_product=FLEX_1Y
2026-03-06T08:41:41.669+01:00 INFO identity-service host=identity-service-a41e92-p9qmz corrId=c-dae18460fc2afaf3 MitID session validated customer_id=C17980597
2026-03-06T08:41:41.714+01:00 INFO pricing-service host=pricing-service-a41e92-p9qmz corrId=c-dae18460fc2afaf3 bond price fetched series=BND2.5-2056 price=97.417
2026-03-06T08:41:41.836+01:00 INFO pricing-service host=pricing-service-7c9d5b-t6zvn corrId=c-dae18460fc2afaf3 conversion cost calculated loan_id=LN644345101 cost_dkk=87000.10
2026-03-06T08:41:41.909+01:00 INFO quote-service host=quote-service-7c9d5b-x2k4p corrId=c-dae18460fc2afaf3 conversion quote issued quote_id=Q72053512 loan_id=LN644345101
2026-03-06T08:45:00.776+01:00 INFO api-gateway host=api-gateway-5b8f6c-p9qmz corrId=- health probe ok status=200 latency_ms=39
2026-03-06T08:49:59.361+01:00 INFO portal-bff host=portal-bff-a41e92-x2k4p corrId=c-ea23c4d1563c6d1f conversion quote requested loan_id=LN478005748 target_product=FLEX_1Y
2026-03-06T08:49:59.468+01:00 INFO identity-service host=identity-service-7c9d5b-x2k4p corrId=c-ea23c4d1563c6d1f MitID session validated customer_id=C02105906
2026-03-06T08:49:59.522+01:00 INFO pricing-service host=pricing-service-7c9d5b-t6zvn corrId=c-ea23c4d1563c6d1f bond price fetched series=BND3.0-2056 price=88.051
2026-03-06T08:49:59.583+01:00 INFO pricing-service host=pricing-service-a41e92-t6zvn corrId=c-ea23c4d1563c6d1f conversion cost calculated loan_id=LN478005748 cost_dkk=10419.05
2026-03-06T08:49:59.674+01:00 INFO quote-service host=quote-service-5b8f6c-p9qmz corrId=c-ea23c4d1563c6d1f conversion quote issued quote_id=Q27692252 loan_id=LN478005748
2026-03-06T08:50:00.270+01:00 INFO payment-scheduler host=payment-scheduler-a41e92-x2k4p corrId=- scheduler heartbeat lag_ms=32
2026-03-06T08:50:00.349+01:00 INFO api-gateway host=api-gateway-7c9d5b-p9qmz corrId=- health probe ok status=200 latency_ms=37
2026-03-06T08:50:43.494+01:00 INFO portal-bff host=portal-bff-a41e92-t6zvn corrId=c-e949920b605cd9de conversion quote requested loan_id=LN695349977 target_product=FIXED_30Y
2026-03-06T08:50:43.571+01:00 INFO identity-service host=identity-service-7c9d5b-x2k4p corrId=c-e949920b605cd9de MitID session validated customer_id=C51448982
2026-03-06T08:50:43.706+01:00 INFO pricing-service host=pricing-service-5b8f6c-x2k4p corrId=c-e949920b605cd9de bond price fetched series=BND4.0-2056 price=100.135
2026-03-06T08:50:43.802+01:00 INFO pricing-service host=pricing-service-5b8f6c-p9qmz corrId=c-e949920b605cd9de conversion cost calculated loan_id=LN695349977 cost_dkk=72981.85
2026-03-06T08:50:43.811+01:00 INFO quote-service host=quote-service-5b8f6c-p9qmz corrId=c-e949920b605cd9de conversion quote issued quote_id=Q85282511 loan_id=LN695349977
2026-03-06T08:55:00.123+01:00 INFO api-gateway host=api-gateway-a41e92-p9qmz corrId=- health probe ok status=200 latency_ms=28
2026-03-06T09:00:00.426+01:00 INFO api-gateway host=api-gateway-7c9d5b-x2k4p corrId=- health probe ok status=200 latency_ms=8
2026-03-06T09:00:00.869+01:00 INFO payment-scheduler host=payment-scheduler-7c9d5b-p9qmz corrId=- scheduler heartbeat lag_ms=16
2026-03-06T09:00:46.000+01:00 INFO config-service host=config-service-a41e92-t6zvn corrId=- configuration refreshed version=v120
2026-03-06T09:04:00.346+01:00 INFO portal-bff host=portal-bff-a41e92-p9qmz corrId=c-14e6bbc570a4637b conversion quote requested loan_id=LN559651610 target_product=FIXED_30Y
2026-03-06T09:04:00.366+01:00 INFO identity-service host=identity-service-5b8f6c-t6zvn corrId=c-14e6bbc570a4637b MitID session validated customer_id=C70237203
2026-03-06T09:04:00.397+01:00 INFO pricing-service host=pricing-service-5b8f6c-t6zvn corrId=c-14e6bbc570a4637b bond price fetched series=BND3.0-2053 price=100.765
2026-03-06T09:04:00.465+01:00 INFO pricing-service host=pricing-service-7c9d5b-t6zvn corrId=c-14e6bbc570a4637b conversion cost calculated loan_id=LN559651610 cost_dkk=13655.79
2026-03-06T09:04:00.525+01:00 INFO quote-service host=quote-service-7c9d5b-p9qmz corrId=c-14e6bbc570a4637b conversion quote issued quote_id=Q03295560 loan_id=LN559651610
2026-03-06T09:05:00.778+01:00 INFO api-gateway host=api-gateway-5b8f6c-x2k4p corrId=- health probe ok status=200 latency_ms=16
2026-03-06T09:06:48.877+01:00 INFO portal-bff host=portal-bff-a41e92-x2k4p corrId=c-e7100b91f89098e9 conversion quote requested loan_id=LN577533725 target_product=FIXED_30Y
2026-03-06T09:06:48.981+01:00 INFO identity-service host=identity-service-5b8f6c-p9qmz corrId=c-e7100b91f89098e9 MitID session validated customer_id=C36080289
2026-03-06T09:06:49.066+01:00 INFO pricing-service host=pricing-service-7c9d5b-x2k4p corrId=c-e7100b91f89098e9 bond price fetched series=BND2.5-2056 price=95.059
2026-03-06T09:06:49.161+01:00 INFO pricing-service host=pricing-service-7c9d5b-x2k4p corrId=c-e7100b91f89098e9 conversion cost calculated loan_id=LN577533725 cost_dkk=62653.22
2026-03-06T09:06:49.185+01:00 INFO quote-service host=quote-service-5b8f6c-x2k4p corrId=c-e7100b91f89098e9 conversion quote issued quote_id=Q78850225 loan_id=LN577533725
2026-03-06T09:10:00.558+01:00 INFO api-gateway host=api-gateway-7c9d5b-x2k4p corrId=- health probe ok status=200 latency_ms=38
2026-03-06T09:10:00.878+01:00 INFO payment-scheduler host=payment-scheduler-7c9d5b-p9qmz corrId=- scheduler heartbeat lag_ms=105
2026-03-06T09:11:22.160+01:00 INFO portal-bff host=portal-bff-a41e92-t6zvn corrId=c-5717d56897c149e6 loan application submitted application_id=APP-2026-930379 customer_segment=PRIVATE
2026-03-06T09:11:22.178+01:00 INFO identity-service host=identity-service-a41e92-x2k4p corrId=c-5717d56897c149e6 MitID session validated customer_id=C93319157
2026-03-06T09:11:22.307+01:00 INFO customer-service host=customer-service-a41e92-x2k4p corrId=c-5717d56897c149e6 KYC profile loaded customer_id=C93319157 risk_class=LOW
2026-03-06T09:11:22.431+01:00 INFO valuation-service host=valuation-service-7c9d5b-p9qmz corrId=c-5717d56897c149e6 property valuation requested property_id=P9573362 provider=bolig-vurdering
2026-03-06T09:11:23.046+01:00 INFO valuation-service host=valuation-service-a41e92-t6zvn corrId=c-5717d56897c149e6 property valuation received property_id=P9573362 value_dkk=7300000 latency_ms=500
2026-03-06T09:11:23.144+01:00 INFO credit-service host=credit-service-5b8f6c-p9qmz corrId=c-5717d56897c149e6 credit assessment completed application_id=APP-2026-930379 score=664 decision=APPROVED
2026-03-06T09:11:23.170+01:00 INFO offer-service host=offer-service-5b8f6c-x2k4p corrId=c-5717d56897c149e6 loan offer generated application_id=APP-2026-930379 loan_type=FLEX_1Y principal_dkk=1415000
2026-03-06T09:11:23.250+01:00 INFO document-service host=document-service-5b8f6c-x2k4p corrId=c-5717d56897c149e6 offer document stored application_id=APP-2026-930379 doc_id=DOC-2f609acf
2026-03-06T09:11:23.271+01:00 INFO portal-bff host=portal-bff-7c9d5b-t6zvn corrId=c-5717d56897c149e6 application completed application_id=APP-2026-930379 status=OFFER_ISSUED
2026-03-06T09:12:19.391+01:00 INFO portal-bff host=portal-bff-a41e92-t6zvn corrId=c-3fd64fab7f807528 loan application submitted application_id=APP-2026-733477 customer_segment=RETAIL
2026-03-06T09:12:19.400+01:00 INFO identity-service host=identity-service-5b8f6c-t6zvn corrId=c-3fd64fab7f807528 MitID session validated customer_id=C69190235
2026-03-06T09:12:19.510+01:00 INFO customer-service host=customer-service-a41e92-p9qmz corrId=c-3fd64fab7f807528 KYC profile loaded customer_id=C69190235 risk_class=LOW
2026-03-06T09:12:19.586+01:00 INFO valuation-service host=valuation-service-a41e92-t6zvn corrId=c-3fd64fab7f807528 property valuation requested property_id=P5047857 provider=bolig-vurdering
2026-03-06T09:12:20.314+01:00 INFO valuation-service host=valuation-service-7c9d5b-t6zvn corrId=c-3fd64fab7f807528 property valuation received property_id=P5047857 value_dkk=790000 latency_ms=662
2026-03-06T09:12:20.389+01:00 INFO credit-service host=credit-service-5b8f6c-x2k4p corrId=c-3fd64fab7f807528 credit assessment completed application_id=APP-2026-733477 score=785 decision=APPROVED
2026-03-06T09:12:20.464+01:00 INFO offer-service host=offer-service-a41e92-p9qmz corrId=c-3fd64fab7f807528 loan offer generated application_id=APP-2026-733477 loan_type=FLEX_5Y principal_dkk=3685000
2026-03-06T09:12:20.575+01:00 INFO document-service host=document-service-7c9d5b-t6zvn corrId=c-3fd64fab7f807528 offer document stored application_id=APP-2026-733477 doc_id=DOC-40e4cd48
2026-03-06T09:12:20.630+01:00 INFO portal-bff host=portal-bff-7c9d5b-x2k4p corrId=c-3fd64fab7f807528 application completed application_id=APP-2026-733477 status=OFFER_ISSUED
2026-03-06T09:15:00.435+01:00 INFO api-gateway host=api-gateway-5b8f6c-t6zvn corrId=- health probe ok status=200 latency_ms=10
2026-03-06T09:17:31.050+01:00 INFO portal-bff host=portal-bff-7c9d5b-x2k4p corrId=c-a2f52187a533cfa5 loan application submitted application_id=APP-2026-378845 customer_segment=SME
2026-03-06T09:17:31.182+01:00 INFO identity-service host=identity-service-7c9d5b-t6zvn corrId=c-a2f52187a533cfa5 MitID session validated customer_id=C17956923
2026-03-06T09:17:31.239+01:00 INFO customer-service host=customer-service-5b8f6c-t6zvn corrId=c-a2f52187a533cfa5 KYC profile loaded customer_id=C17956923 risk_class=LOW
2026-03-06T09:17:31.278+01:00 INFO valuation-service host=valuation-service-a41e92-p9qmz corrId=c-a2f52187a533cfa5 property valuation served from cache property_id=P8377424 value_dkk=5480000
2026-03-06T09:17:31.371+01:00 INFO credit-service host=credit-service-5b8f6c-p9qmz corrId=c-a2f52187a533cfa5 credit assessment completed application_id=APP-2026-378845 score=795 decision=APPROVED
2026-03-06T09:17:31.460+01:00 INFO offer-service host=offer-service-a41e92-x2k4p corrId=c-a2f52187a533cfa5 loan offer generated application_id=APP-2026-378845 loan_type=FLEX_1Y principal_dkk=3005000
2026-03-06T09:17:31.475+01:00 INFO document-service host=document-service-a41e92-p9qmz corrId=c-a2f52187a533cfa5 offer document stored application_id=APP-2026-378845 doc_id=DOC-27042a52
2026-03-06T09:17:31.544+01:00 INFO portal-bff host=portal-bff-7c9d5b-x2k4p corrId=c-a2f52187a533cfa5 application completed application_id=APP-2026-378845 status=OFFER_ISSUED
2026-03-06T09:18:21.477+01:00 INFO offer-service host=offer-service-5b8f6c-p9qmz corrId=c-8c040276742187c1 offer accepted application_id=APP-2026-280795
2026-03-06T09:18:21.548+01:00 INFO ledger-service host=ledger-service-a41e92-t6zvn corrId=c-8c040276742187c1 funds reserved application_id=APP-2026-280795 amount_dkk=4045000
2026-03-06T09:18:21.589+01:00 INFO payment-service host=payment-service-7c9d5b-x2k4p corrId=c-8c040276742187c1 payout instruction sent application_id=APP-2026-280795 amount_dkk=4045000
2026-03-06T09:18:21.727+01:00 INFO ledger-service host=ledger-service-5b8f6c-x2k4p corrId=c-8c040276742187c1 payout booked application_id=APP-2026-280795 posting_id=PST-7d5a49efbe
2026-03-06T09:18:21.824+01:00 INFO notification-service host=notification-service-7c9d5b-x2k4p corrId=c-8c040276742187c1 payout confirmation sent application_id=APP-2026-280795
2026-03-06T09:19:44.558+01:00 INFO portal-bff host=portal-bff-a41e92-t6zvn corrId=c-fac2c16d8c5727df loan application submitted application_id=APP-2026-444983 customer_segment=PRIVATE
2026-03-06T09:19:44.638+01:00 INFO identity-service host=identity-service-7c9d5b-t6zvn corrId=c-fac2c16d8c5727df MitID session validated customer_id=C96478449
2026-03-06T09:19:44.677+01:00 INFO customer-service host=customer-service-a41e92-t6zvn corrId=c-fac2c16d8c5727df KYC profile loaded customer_id=C96478449 risk_class=MEDIUM
2026-03-06T09:19:44.793+01:00 INFO valuation-service host=valuation-service-a41e92-p9qmz corrId=c-fac2c16d8c5727df property valuation served from cache property_id=P7271745 value_dkk=4180000
2026-03-06T09:19:44.882+01:00 INFO credit-service host=credit-service-5b8f6c-t6zvn corrId=c-fac2c16d8c5727df credit assessment completed application_id=APP-2026-444983 score=596 decision=APPROVED
2026-03-06T09:19:45.013+01:00 INFO offer-service host=offer-service-a41e92-x2k4p corrId=c-fac2c16d8c5727df loan offer generated application_id=APP-2026-444983 loan_type=FLEX_1Y principal_dkk=1710000
2026-03-06T09:19:45.139+01:00 INFO document-service host=document-service-a41e92-x2k4p corrId=c-fac2c16d8c5727df offer document stored application_id=APP-2026-444983 doc_id=DOC-06f34355
2026-03-06T09:19:45.274+01:00 INFO portal-bff host=portal-bff-5b8f6c-t6zvn corrId=c-fac2c16d8c5727df application completed application_id=APP-2026-444983 status=OFFER_ISSUED
2026-03-06T09:20:00.579+01:00 INFO api-gateway host=api-gateway-7c9d5b-t6zvn corrId=- health probe ok status=200 latency_ms=39
2026-03-06T09:20:00.670+01:00 INFO payment-scheduler host=payment-scheduler-5b8f6c-x2k4p corrId=- scheduler heartbeat lag_ms=64
2026-03-06T09:21:34.000+01:00 INFO valuation-service host=valuation-service-7c9d5b-t6zvn corrId=- jvm gc pause pause_ms=25
2026-03-06T09:23:02.723+01:00 INFO portal-bff host=portal-bff-7c9d5b-p9qmz corrId=c-993d48422b2d965a conversion quote requested loan_id=LN182933673 target_product=FIXED_30Y
2026-03-06T09:23:02.799+01:00 INFO identity-service host=identity-service-a41e92-p9qmz corrId=c-993d48422b2d965a MitID session validated customer_id=C46811449
2026-03-06T09:23:02.875+01:00 INFO pricing-service host=pricing-service-7c9d5b-p9qmz corrId=c-993d48422b2d965a bond price fetched series=BND4.0-2053 price=99.212
2026-03-06T09:23:02.907+01:00 INFO pricing-service host=pricing-service-7c9d5b-t6zvn corrId=c-993d48422b2d965a conversion cost calculated loan_id=LN182933673 cost_dkk=13920.24
2026-03-06T09:23:02.918+01:00 INFO quote-service host=quote-service-7c9d5b-p9qmz corrId=c-993d48422b2d965a conversion quote issued quote_id=Q68483482 loan_id=LN182933673
2026-03-06T09:24:56.000+01:00 INFO valuation-service host=valuation-service-5b8f6c-x2k4p corrId=- jvm gc pause pause_ms=79
2026-03-06T09:25:00.204+01:00 INFO api-gateway host=api-gateway-7c9d5b-p9qmz corrId=- health probe ok status=200 latency_ms=23
2026-03-06T09:27:46.019+01:00 INFO portal-bff host=portal-bff-7c9d5b-x2k4p corrId=c-aa87c413a01b8061 loan application submitted application_id=APP-2026-188487 customer_segment=PRIVATE
2026-03-06T09:27:46.024+01:00 INFO identity-service host=identity-service-a41e92-t6zvn corrId=c-aa87c413a01b8061 MitID session validated customer_id=C67037335
2026-03-06T09:27:46.083+01:00 INFO customer-service host=customer-service-5b8f6c-p9qmz corrId=c-aa87c413a01b8061 KYC profile loaded customer_id=C67037335 risk_class=LOW
2026-03-06T09:27:46.127+01:00 INFO valuation-service host=valuation-service-7c9d5b-p9qmz corrId=c-aa87c413a01b8061 property valuation requested property_id=P8311634 provider=bolig-vurdering
2026-03-06T09:27:46.722+01:00 INFO valuation-service host=valuation-service-5b8f6c-p9qmz corrId=c-aa87c413a01b8061 property valuation received property_id=P8311634 value_dkk=1710000 latency_ms=502
2026-03-06T09:27:46.762+01:00 INFO credit-service host=credit-service-7c9d5b-p9qmz corrId=c-aa87c413a01b8061 credit assessment completed application_id=APP-2026-188487 score=538 decision=APPROVED
2026-03-06T09:27:46.885+01:00 INFO offer-service host=offer-service-a41e92-p9qmz corrId=c-aa87c413a01b8061 loan offer generated application_id=APP-2026-188487 loan_type=FLEX_5Y principal_dkk=2260000
2026-03-06T09:27:46.985+01:00 INFO document-service host=document-service-7c9d5b-x2k4p corrId=c-aa87c413a01b8061 offer document stored application_id=APP-2026-188487 doc_id=DOC-4bba5dca
2026-03-06T09:27:47.047+01:00 INFO portal-bff host=portal-bff-7c9d5b-p9qmz corrId=c-aa87c413a01b8061 application completed application_id=APP-2026-188487 status=OFFER_ISSUED
2026-03-06T09:28:33.797+01:00 INFO portal-bff host=portal-bff-5b8f6c-p9qmz corrId=c-691d56670f7a11cc conversion quote requested loan_id=LN787758855 target_product=FLEX_1Y
2026-03-06T09:28:33.853+01:00 INFO identity-service host=identity-service-7c9d5b-x2k4p corrId=c-691d56670f7a11cc MitID session validated customer_id=C21511353
2026-03-06T09:28:33.882+01:00 INFO pricing-service host=pricing-service-7c9d5b-x2k4p corrId=c-691d56670f7a11cc bond price fetched series=BND3.0-2053 price=100.657
2026-03-06T09:28:34.009+01:00 INFO pricing-service host=pricing-service-a41e92-p9qmz corrId=c-691d56670f7a11cc conversion cost calculated loan_id=LN787758855 cost_dkk=30572.08
2026-03-06T09:28:34.072+01:00 INFO quote-service host=quote-service-7c9d5b-p9qmz corrId=c-691d56670f7a11cc conversion quote issued quote_id=Q41985358 loan_id=LN787758855
2026-03-06T09:30:00.286+01:00 INFO payment-scheduler host=payment-scheduler-7c9d5b-t6zvn corrId=- scheduler heartbeat lag_ms=2
2026-03-06T09:30:00.480+01:00 INFO api-gateway host=api-gateway-a41e92-p9qmz corrId=- health probe ok status=200 latency_ms=4
2026-03-06T09:30:06.233+01:00 INFO portal-bff host=portal-bff-5b8f6c-t6zvn corrId=c-c303390700a1403c loan application submitted application_id=APP-2026-253292 customer_segment=PRIVATE
2026-03-06T09:30:06.354+01:00 INFO identity-service host=identity-service-5b8f6c-x2k4p corrId=c-c303390700a1403c MitID session validated customer_id=C26998353
2026-03-06T09:30:06.401+01:00 INFO customer-service host=customer-service-5b8f6c-x2k4p corrId=c-c303390700a1403c KYC profile loaded customer_id=C26998353 risk_class=LOW
2026-03-06T09:30:06.517+01:00 INFO valuation-service host=valuation-service-a41e92-t6zvn corrId=c-c303390700a1403c property valuation requested property_id=P0617942 provider=valuta-ejd
2026-03-06T09:30:07.405+01:00 INFO valuation-service host=valuation-service-a41e92-t6zvn corrId=c-c303390700a1403c property valuation received property_id=P0617942 value_dkk=4890000 latency_ms=821
2026-03-06T09:30:07.430+01:00 INFO credit-service host=credit-service-7c9d5b-x2k4p corrId=c-c303390700a1403c credit assessment completed application_id=APP-2026-253292 score=855 decision=APPROVED
2026-03-06T09:30:07.527+01:00 INFO offer-service host=offer-service-5b8f6c-x2k4p corrId=c-c303390700a1403c loan offer generated application_id=APP-2026-253292 loan_type=FIXED_30Y principal_dkk=1435000
2026-03-06T09:30:07.628+01:00 INFO document-service host=document-service-7c9d5b-p9qmz corrId=c-c303390700a1403c offer document stored application_id=APP-2026-253292 doc_id=DOC-ed122df0
2026-03-06T09:30:07.651+01:00 INFO portal-bff host=portal-bff-7c9d5b-x2k4p corrId=c-c303390700a1403c application completed application_id=APP-2026-253292 status=OFFER_ISSUED
2026-03-06T09:33:12.180+01:00 INFO portal-bff host=portal-bff-5b8f6c-t6zvn corrId=c-7386049fb70f972b conversion quote requested loan_id=LN741873112 target_product=FLEX_1Y
2026-03-06T09:33:12.314+01:00 INFO identity-service host=identity-service-7c9d5b-p9qmz corrId=c-7386049fb70f972b MitID session validated customer_id=C96193061
2026-03-06T09:33:12.402+01:00 INFO pricing-service host=pricing-service-a41e92-p9qmz corrId=c-7386049fb70f972b bond price fetched series=BND2.5-2053 price=95.536
2026-03-06T09:33:12.521+01:00 INFO pricing-service host=pricing-service-5b8f6c-p9qmz corrId=c-7386049fb70f972b conversion cost calculated loan_id=LN741873112 cost_dkk=88927.71
2026-03-06T09:33:12.558+01:00 INFO quote-service host=quote-service-a41e92-p9qmz corrId=c-7386049fb70f972b conversion quote issued quote_id=Q03271855 loan_id=LN741873112
2026-03-06T09:33:59.902+01:00 INFO portal-bff host=portal-bff-7c9d5b-x2k4p corrId=c-e32ae465d49e3201 loan application submitted application_id=APP-2026-726082 customer_segment=RETAIL
2026-03-06T09:33:59.979+01:00 INFO identity-service host=identity-service-7c9d5b-p9qmz corrId=c-e32ae465d49e3201 MitID session validated customer_id=C40093013
2026-03-06T09:33:59.998+01:00 INFO customer-service host=customer-service-7c9d5b-t6zvn corrId=c-e32ae465d49e3201 KYC profile loaded customer_id=C40093013 risk_class=HIGH
2026-03-06T09:34:00.071+01:00 INFO valuation-service host=valuation-service-a41e92-t6zvn corrId=c-e32ae465d49e3201 property valuation requested property_id=P4390497 provider=valuta-ejd
2026-03-06T09:34:00.627+01:00 INFO valuation-service host=valuation-service-5b8f6c-p9qmz corrId=c-e32ae465d49e3201 property valuation received property_id=P4390497 value_dkk=6800000 latency_ms=503
2026-03-06T09:34:00.732+01:00 INFO credit-service host=credit-service-a41e92-x2k4p corrId=c-e32ae465d49e3201 credit assessment completed application_id=APP-2026-726082 score=552 decision=APPROVED
2026-03-06T09:34:00.839+01:00 INFO offer-service host=offer-service-5b8f6c-x2k4p corrId=c-e32ae465d49e3201 loan offer generated application_id=APP-2026-726082 loan_type=FIXED_20Y_IO principal_dkk=2045000
2026-03-06T09:34:00.891+01:00 INFO document-service host=document-service-a41e92-t6zvn corrId=c-e32ae465d49e3201 offer document stored application_id=APP-2026-726082 doc_id=DOC-349ba46a
2026-03-06T09:34:01.017+01:00 INFO portal-bff host=portal-bff-7c9d5b-t6zvn corrId=c-e32ae465d49e3201 application completed application_id=APP-2026-726082 status=OFFER_ISSUED
2026-03-06T09:35:00.377+01:00 INFO api-gateway host=api-gateway-a41e92-p9qmz corrId=- health probe ok status=200 latency_ms=39
2026-03-06T09:35:44.096+01:00 INFO portal-bff host=portal-bff-5b8f6c-t6zvn corrId=c-9e3992142c656b8a conversion quote requested loan_id=LN553153386 target_product=FLEX_5Y
2026-03-06T09:35:44.107+01:00 INFO identity-service host=identity-service-5b8f6c-x2k4p corrId=c-9e3992142c656b8a MitID session validated customer_id=C75836263
2026-03-06T09:35:44.227+01:00 INFO pricing-service host=pricing-service-5b8f6c-t6zvn corrId=c-9e3992142c656b8a bond price fetched series=BND3.0-2053 price=91.452
2026-03-06T09:35:44.290+01:00 INFO pricing-service host=pricing-service-a41e92-p9qmz corrId=c-9e3992142c656b8a conversion cost calculated loan_id=LN553153386 cost_dkk=9036.05
2026-03-06T09:35:44.424+01:00 INFO quote-service host=quote-service-7c9d5b-t6zvn corrId=c-9e3992142c656b8a conversion quote issued quote_id=Q87504980 loan_id=LN553153386
2026-03-06T09:37:26.983+01:00 INFO portal-bff host=portal-bff-7c9d5b-p9qmz corrId=c-f306b0001d7b8cad loan application submitted application_id=APP-2026-573328 customer_segment=PRIVATE
2026-03-06T09:37:27.110+01:00 INFO identity-service host=identity-service-5b8f6c-t6zvn corrId=c-f306b0001d7b8cad MitID session validated customer_id=C16061378
2026-03-06T09:37:27.224+01:00 INFO customer-service host=customer-service-5b8f6c-p9qmz corrId=c-f306b0001d7b8cad KYC profile loaded customer_id=C16061378 risk_class=LOW
2026-03-06T09:37:27.234+01:00 INFO valuation-service host=valuation-service-a41e92-p9qmz corrId=c-f306b0001d7b8cad property valuation requested property_id=P4743611 provider=valuta-ejd
2026-03-06T09:37:27.997+01:00 INFO valuation-service host=valuation-service-5b8f6c-t6zvn corrId=c-f306b0001d7b8cad property valuation received property_id=P4743611 value_dkk=5690000 latency_ms=751
2026-03-06T09:37:28.019+01:00 INFO credit-service host=credit-service-5b8f6c-t6zvn corrId=c-f306b0001d7b8cad credit assessment completed application_id=APP-2026-573328 score=698 decision=APPROVED
2026-03-06T09:37:28.068+01:00 INFO offer-service host=offer-service-5b8f6c-p9qmz corrId=c-f306b0001d7b8cad loan offer generated application_id=APP-2026-573328 loan_type=FLEX_1Y principal_dkk=2460000
2026-03-06T09:37:28.156+01:00 INFO document-service host=document-service-a41e92-p9qmz corrId=c-f306b0001d7b8cad offer document stored application_id=APP-2026-573328 doc_id=DOC-0b84e358
2026-03-06T09:37:28.165+01:00 INFO portal-bff host=portal-bff-a41e92-p9qmz corrId=c-f306b0001d7b8cad application completed application_id=APP-2026-573328 status=OFFER_ISSUED
2026-03-06T09:40:00.758+01:00 INFO payment-scheduler host=payment-scheduler-5b8f6c-t6zvn corrId=- scheduler heartbeat lag_ms=37
2026-03-06T09:40:00.811+01:00 INFO api-gateway host=api-gateway-7c9d5b-p9qmz corrId=- health probe ok status=200 latency_ms=23
2026-03-06T09:40:18.024+01:00 INFO portal-bff host=portal-bff-7c9d5b-p9qmz corrId=c-0ae7500c677245e4 loan application submitted application_id=APP-2026-921524 customer_segment=RETAIL
2026-03-06T09:40:18.159+01:00 INFO identity-service host=identity-service-a41e92-p9qmz corrId=c-0ae7500c677245e4 MitID session validated customer_id=C41553420
2026-03-06T09:40:18.294+01:00 INFO customer-service host=customer-service-7c9d5b-p9qmz corrId=c-0ae7500c677245e4 KYC profile loaded customer_id=C41553420 risk_class=LOW
2026-03-06T09:40:18.412+01:00 INFO valuation-service host=valuation-service-7c9d5b-t6zvn corrId=c-0ae7500c677245e4 property valuation requested property_id=P8433772 provider=bolig-vurdering
2026-03-06T09:40:18.736+01:00 INFO valuation-service host=valuation-service-5b8f6c-x2k4p corrId=c-0ae7500c677245e4 property valuation received property_id=P8433772 value_dkk=2350000 latency_ms=291
2026-03-06T09:40:18.746+01:00 INFO credit-service host=credit-service-a41e92-x2k4p corrId=c-0ae7500c677245e4 credit assessment completed application_id=APP-2026-921524 score=618 decision=APPROVED
2026-03-06T09:40:18.833+01:00 INFO offer-service host=offer-service-7c9d5b-p9qmz corrId=c-0ae7500c677245e4 loan offer generated application_id=APP-2026-921524 loan_type=FLEX_5Y principal_dkk=2225000
2026-03-06T09:40:18.961+01:00 INFO document-service host=document-service-a41e92-p9qmz corrId=c-0ae7500c677245e4 offer document stored application_id=APP-2026-921524 doc_id=DOC-eead1938
2026-03-06T09:40:19.028+01:00 INFO portal-bff host=portal-bff-5b8f6c-x2k4p corrId=c-0ae7500c677245e4 application completed application_id=APP-2026-921524 status=OFFER_ISSUED
2026-03-06T09:44:39.000+01:00 INFO valuation-service host=valuation-service-7c9d5b-x2k4p corrId=- jvm gc pause pause_ms=80
2026-03-06T09:45:00.689+01:00 INFO api-gateway host=api-gateway-7c9d5b-t6zvn corrId=- health probe ok status=200 latency_ms=36
2026-03-06T09:47:13.957+01:00 INFO portal-bff host=portal-bff-7c9d5b-p9qmz corrId=c-92ec180f3aeab775 loan application submitted application_id=APP-2026-292142 customer_segment=PRIVATE
2026-03-06T09:47:14.089+01:00 INFO identity-service host=identity-service-7c9d5b-x2k4p corrId=c-92ec180f3aeab775 MitID session validated customer_id=C99110760
2026-03-06T09:47:14.228+01:00 INFO customer-service host=customer-service-5b8f6c-p9qmz corrId=c-92ec180f3aeab775 KYC profile loaded customer_id=C99110760 risk_class=HIGH
2026-03-06T09:47:14.284+01:00 INFO valuation-service host=valuation-service-a41e92-t6zvn corrId=c-92ec180f3aeab775 property valuation requested property_id=P7274701 provider=bolig-vurdering
2026-03-06T09:47:14.898+01:00 INFO valuation-service host=valuation-service-7c9d5b-x2k4p corrId=c-92ec180f3aeab775 property valuation received property_id=P7274701 value_dkk=3170000 latency_ms=492
2026-03-06T09:47:14.979+01:00 INFO credit-service host=credit-service-5b8f6c-x2k4p corrId=c-92ec180f3aeab775 credit assessment completed application_id=APP-2026-292142 score=454 decision=APPROVED
2026-03-06T09:47:15.076+01:00 INFO offer-service host=offer-service-7c9d5b-p9qmz corrId=c-92ec180f3aeab775 loan offer generated application_id=APP-2026-292142 loan_type=FLEX_5Y principal_dkk=4265000
2026-03-06T09:47:15.127+01:00 INFO document-service host=document-service-a41e92-p9qmz corrId=c-92ec180f3aeab775 offer document stored application_id=APP-2026-292142 doc_id=DOC-2a1dd43c
2026-03-06T09:47:15.253+01:00 INFO portal-bff host=portal-bff-7c9d5b-t6zvn corrId=c-92ec180f3aeab775 application completed application_id=APP-2026-292142 status=OFFER_ISSUED
2026-03-06T09:49:31.093+01:00 INFO portal-bff host=portal-bff-a41e92-t6zvn corrId=c-03ad77c25ff20551 loan application submitted application_id=APP-2026-583497 customer_segment=PRIVATE
2026-03-06T09:49:31.180+01:00 INFO identity-service host=identity-service-a41e92-t6zvn corrId=c-03ad77c25ff20551 MitID session validated customer_id=C44707556
2026-03-06T09:49:31.235+01:00 INFO customer-service host=customer-service-7c9d5b-x2k4p corrId=c-03ad77c25ff20551 KYC profile loaded customer_id=C44707556 risk_class=HIGH
2026-03-06T09:49:31.268+01:00 INFO valuation-service host=valuation-service-a41e92-p9qmz corrId=c-03ad77c25ff20551 property valuation requested property_id=P5372171 provider=bolig-vurdering
2026-03-06T09:49:31.773+01:00 INFO valuation-service host=valuation-service-7c9d5b-t6zvn corrId=c-03ad77c25ff20551 property valuation received property_id=P5372171 value_dkk=7050000 latency_ms=455
2026-03-06T09:49:31.830+01:00 INFO credit-service host=credit-service-7c9d5b-t6zvn corrId=c-03ad77c25ff20551 credit assessment completed application_id=APP-2026-583497 score=861 decision=APPROVED
2026-03-06T09:49:31.835+01:00 INFO offer-service host=offer-service-7c9d5b-p9qmz corrId=c-03ad77c25ff20551 loan offer generated application_id=APP-2026-583497 loan_type=FLEX_1Y principal_dkk=5745000
2026-03-06T09:49:31.939+01:00 INFO document-service host=document-service-a41e92-x2k4p corrId=c-03ad77c25ff20551 offer document stored application_id=APP-2026-583497 doc_id=DOC-588a396d
2026-03-06T09:49:32.046+01:00 INFO portal-bff host=portal-bff-a41e92-x2k4p corrId=c-03ad77c25ff20551 application completed application_id=APP-2026-583497 status=OFFER_ISSUED
2026-03-06T09:50:00.251+01:00 INFO api-gateway host=api-gateway-7c9d5b-p9qmz corrId=- health probe ok status=200 latency_ms=4
2026-03-06T09:50:00.700+01:00 INFO payment-scheduler host=payment-scheduler-5b8f6c-t6zvn corrId=- scheduler heartbeat lag_ms=13
2026-03-06T09:51:27.231+01:00 INFO portal-bff host=portal-bff-7c9d5b-p9qmz corrId=c-052338eefc3cb29d loan application submitted application_id=APP-2026-365791 customer_segment=SME
2026-03-06T09:51:27.347+01:00 INFO identity-service host=identity-service-5b8f6c-t6zvn corrId=c-052338eefc3cb29d MitID session validated customer_id=C18224542
2026-03-06T09:51:27.484+01:00 INFO customer-service host=customer-service-a41e92-p9qmz corrId=c-052338eefc3cb29d KYC profile loaded customer_id=C18224542 risk_class=MEDIUM
2026-03-06T09:51:27.555+01:00 INFO valuation-service host=valuation-service-5b8f6c-x2k4p corrId=c-052338eefc3cb29d property valuation requested property_id=P9970845 provider=valuta-ejd
2026-03-06T09:51:28.347+01:00 INFO valuation-service host=valuation-service-5b8f6c-t6zvn corrId=c-052338eefc3cb29d property valuation received property_id=P9970845 value_dkk=4940000 latency_ms=731
2026-03-06T09:51:28.411+01:00 INFO credit-service host=credit-service-7c9d5b-p9qmz corrId=c-052338eefc3cb29d credit assessment completed application_id=APP-2026-365791 score=627 decision=APPROVED
2026-03-06T09:51:28.505+01:00 INFO offer-service host=offer-service-a41e92-x2k4p corrId=c-052338eefc3cb29d loan offer generated application_id=APP-2026-365791 loan_type=FIXED_20Y_IO principal_dkk=4960000
2026-03-06T09:51:28.558+01:00 INFO document-service host=document-service-a41e92-x2k4p corrId=c-052338eefc3cb29d offer document stored application_id=APP-2026-365791 doc_id=DOC-e50134ed
2026-03-06T09:51:28.659+01:00 INFO portal-bff host=portal-bff-7c9d5b-x2k4p corrId=c-052338eefc3cb29d application completed application_id=APP-2026-365791 status=OFFER_ISSUED
2026-03-06T09:52:00.603+01:00 INFO portal-bff host=portal-bff-5b8f6c-p9qmz corrId=c-67958b75fc918318 conversion quote requested loan_id=LN646570684 target_product=FLEX_1Y
2026-03-06T09:52:00.642+01:00 INFO identity-service host=identity-service-5b8f6c-p9qmz corrId=c-67958b75fc918318 MitID session validated customer_id=C52499358
2026-03-06T09:52:00.752+01:00 INFO pricing-service host=pricing-service-a41e92-x2k4p corrId=c-67958b75fc918318 bond price fetched series=BND3.0-2053 price=95.399
2026-03-06T09:52:00.875+01:00 INFO pricing-service host=pricing-service-a41e92-x2k4p corrId=c-67958b75fc918318 conversion cost calculated loan_id=LN646570684 cost_dkk=81173.97
2026-03-06T09:52:01.003+01:00 INFO quote-service host=quote-service-7c9d5b-t6zvn corrId=c-67958b75fc918318 conversion quote issued quote_id=Q75811932 loan_id=LN646570684
2026-03-06T09:52:28.585+01:00 INFO portal-bff host=portal-bff-a41e92-x2k4p corrId=c-d6be36b7ec93d31d loan application submitted application_id=APP-2026-467901 customer_segment=SME
2026-03-06T09:52:28.691+01:00 INFO identity-service host=identity-service-5b8f6c-t6zvn corrId=c-d6be36b7ec93d31d MitID session validated customer_id=C33020247
2026-03-06T09:52:28.789+01:00 INFO customer-service host=customer-service-a41e92-t6zvn corrId=c-d6be36b7ec93d31d KYC profile loaded customer_id=C33020247 risk_class=LOW
2026-03-06T09:52:28.924+01:00 INFO valuation-service host=valuation-service-a41e92-t6zvn corrId=c-d6be36b7ec93d31d property valuation requested property_id=P8964307 provider=valuta-ejd
2026-03-06T09:52:29.708+01:00 INFO valuation-service host=valuation-service-7c9d5b-p9qmz corrId=c-d6be36b7ec93d31d property valuation received property_id=P8964307 value_dkk=3050000 latency_ms=684
2026-03-06T09:52:29.781+01:00 INFO credit-service host=credit-service-7c9d5b-x2k4p corrId=c-d6be36b7ec93d31d credit assessment completed application_id=APP-2026-467901 score=459 decision=APPROVED
2026-03-06T09:52:29.831+01:00 INFO offer-service host=offer-service-5b8f6c-t6zvn corrId=c-d6be36b7ec93d31d loan offer generated application_id=APP-2026-467901 loan_type=FLEX_1Y principal_dkk=2225000
2026-03-06T09:52:29.856+01:00 INFO document-service host=document-service-7c9d5b-t6zvn corrId=c-d6be36b7ec93d31d offer document stored application_id=APP-2026-467901 doc_id=DOC-cf8ab6e5
2026-03-06T09:52:29.893+01:00 INFO portal-bff host=portal-bff-5b8f6c-p9qmz corrId=c-d6be36b7ec93d31d application completed application_id=APP-2026-467901 status=OFFER_ISSUED
2026-03-06T09:55:00.387+01:00 INFO api-gateway host=api-gateway-5b8f6c-t6zvn corrId=- health probe ok status=200 latency_ms=14
2026-03-06T10:00:00.621+01:00 INFO api-gateway host=api-gateway-5b8f6c-p9qmz corrId=- health probe ok status=200 latency_ms=22
2026-03-06T10:00:00.628+01:00 INFO payment-scheduler host=payment-scheduler-7c9d5b-x2k4p corrId=- scheduler heartbeat lag_ms=49
2026-03-06T10:00:28.000+01:00 INFO config-service host=config-service-5b8f6c-t6zvn corrId=- configuration refreshed version=v120
2026-03-06T10:00:54.834+01:00 INFO portal-bff host=portal-bff-7c9d5b-x2k4p corrId=c-427ce0cd4a64db5d conversion quote requested loan_id=LN060929300 target_product=FLEX_1Y
2026-03-06T10:00:54.893+01:00 INFO identity-service host=identity-service-5b8f6c-p9qmz corrId=c-427ce0cd4a64db5d MitID session validated customer_id=C57427326
2026-03-06T10:00:55.015+01:00 INFO pricing-service host=pricing-service-5b8f6c-t6zvn corrId=c-427ce0cd4a64db5d bond price fetched series=BND4.0-2053 price=94.086
2026-03-06T10:00:55.142+01:00 INFO pricing-service host=pricing-service-5b8f6c-t6zvn corrId=c-427ce0cd4a64db5d conversion cost calculated loan_id=LN060929300 cost_dkk=7726.94
2026-03-06T10:00:55.227+01:00 INFO quote-service host=quote-service-5b8f6c-x2k4p corrId=c-427ce0cd4a64db5d conversion quote issued quote_id=Q34453145 loan_id=LN060929300
2026-03-06T10:01:45.443+01:00 INFO portal-bff host=portal-bff-a41e92-x2k4p corrId=c-9aac004c142e499b loan application submitted application_id=APP-2026-423861 customer_segment=RETAIL
2026-03-06T10:01:45.527+01:00 INFO identity-service host=identity-service-a41e92-p9qmz corrId=c-9aac004c142e499b MitID session validated customer_id=C27259002
2026-03-06T10:01:45.560+01:00 INFO customer-service host=customer-service-7c9d5b-p9qmz corrId=c-9aac004c142e499b KYC profile loaded customer_id=C27259002 risk_class=HIGH
2026-03-06T10:01:45.603+01:00 INFO valuation-service host=valuation-service-7c9d5b-t6zvn corrId=c-9aac004c142e499b property valuation served from cache property_id=P0764753 value_dkk=6280000
2026-03-06T10:01:45.716+01:00 INFO credit-service host=credit-service-a41e92-t6zvn corrId=c-9aac004c142e499b credit assessment completed application_id=APP-2026-423861 score=557 decision=APPROVED
2026-03-06T10:01:45.734+01:00 INFO offer-service host=offer-service-5b8f6c-p9qmz corrId=c-9aac004c142e499b loan offer generated application_id=APP-2026-423861 loan_type=FLEX_5Y principal_dkk=3550000
2026-03-06T10:01:45.848+01:00 INFO document-service host=document-service-5b8f6c-t6zvn corrId=c-9aac004c142e499b offer document stored application_id=APP-2026-423861 doc_id=DOC-48da2990
2026-03-06T10:01:45.953+01:00 INFO portal-bff host=portal-bff-7c9d5b-p9qmz corrId=c-9aac004c142e499b application completed application_id=APP-2026-423861 status=OFFER_ISSUED
2026-03-06T10:02:12.157+01:00 INFO portal-bff host=portal-bff-a41e92-x2k4p corrId=c-e6fc43c9dc826658 conversion quote requested loan_id=LN821252973 target_product=FLEX_5Y
2026-03-06T10:02:12.168+01:00 INFO identity-service host=identity-service-a41e92-x2k4p corrId=c-e6fc43c9dc826658 MitID session validated customer_id=C52042023
2026-03-06T10:02:12.190+01:00 INFO pricing-service host=pricing-service-a41e92-t6zvn corrId=c-e6fc43c9dc826658 bond price fetched series=BND2.5-2056 price=101.563
2026-03-06T10:02:12.317+01:00 INFO pricing-service host=pricing-service-7c9d5b-x2k4p corrId=c-e6fc43c9dc826658 conversion cost calculated loan_id=LN821252973 cost_dkk=77933.61
2026-03-06T10:02:12.434+01:00 INFO quote-service host=quote-service-a41e92-x2k4p corrId=c-e6fc43c9dc826658 conversion quote issued quote_id=Q06381606 loan_id=LN821252973
2026-03-06T10:03:51.005+01:00 INFO portal-bff host=portal-bff-a41e92-x2k4p corrId=c-96f1003eb9a857e6 loan application submitted application_id=APP-2026-691738 customer_segment=RETAIL
2026-03-06T10:03:51.120+01:00 INFO identity-service host=identity-service-a41e92-t6zvn corrId=c-96f1003eb9a857e6 MitID session validated customer_id=C90394390
2026-03-06T10:03:51.143+01:00 INFO customer-service host=customer-service-5b8f6c-p9qmz corrId=c-96f1003eb9a857e6 KYC profile loaded customer_id=C90394390 risk_class=LOW
2026-03-06T10:03:51.280+01:00 INFO valuation-service host=valuation-service-a41e92-x2k4p corrId=c-96f1003eb9a857e6 property valuation requested property_id=P5171479 provider=valuta-ejd
2026-03-06T10:03:51.606+01:00 INFO valuation-service host=valuation-service-7c9d5b-x2k4p corrId=c-96f1003eb9a857e6 property valuation received property_id=P5171479 value_dkk=6780000 latency_ms=186
2026-03-06T10:03:51.646+01:00 INFO credit-service host=credit-service-a41e92-x2k4p corrId=c-96f1003eb9a857e6 credit assessment completed application_id=APP-2026-691738 score=422 decision=APPROVED
2026-03-06T10:03:51.665+01:00 INFO offer-service host=offer-service-7c9d5b-p9qmz corrId=c-96f1003eb9a857e6 loan offer generated application_id=APP-2026-691738 loan_type=FIXED_20Y_IO principal_dkk=2930000
2026-03-06T10:03:51.747+01:00 INFO document-service host=document-service-5b8f6c-x2k4p corrId=c-96f1003eb9a857e6 offer document stored application_id=APP-2026-691738 doc_id=DOC-8f26238c
2026-03-06T10:03:51.863+01:00 INFO portal-bff host=portal-bff-a41e92-p9qmz corrId=c-96f1003eb9a857e6 application completed application_id=APP-2026-691738 status=OFFER_ISSUED
2026-03-06T10:04:13.361+01:00 INFO portal-bff host=portal-bff-a41e92-x2k4p corrId=c-9aae9c03e7ccf5a0 conversion quote requested loan_id=LN822807109 target_product=FIXED_30Y
2026-03-06T10:04:13.486+01:00 INFO identity-service host=identity-service-a41e92-x2k4p corrId=c-9aae9c03e7ccf5a0 MitID session validated customer_id=C83252943
2026-03-06T10:04:13.612+01:00 INFO pricing-service host=pricing-service-5b8f6c-p9qmz corrId=c-9aae9c03e7ccf5a0 bond price fetched series=BND3.0-2056 price=89.465
2026-03-06T10:04:13.706+01:00 INFO pricing-service host=pricing-service-7c9d5b-t6zvn corrId=c-9aae9c03e7ccf5a0 conversion cost calculated loan_id=LN822807109 cost_dkk=50258.94
2026-03-06T10:04:13.733+01:00 INFO quote-service host=quote-service-5b8f6c-x2k4p corrId=c-9aae9c03e7ccf5a0 conversion quote issued quote_id=Q97958758 loan_id=LN822807109
2026-03-06T10:05:00.516+01:00 INFO api-gateway host=api-gateway-5b8f6c-t6zvn corrId=- health probe ok status=200 latency_ms=14
2026-03-06T10:10:00.550+01:00 INFO payment-scheduler host=payment-scheduler-7c9d5b-x2k4p corrId=- scheduler heartbeat lag_ms=92
2026-03-06T10:10:00.560+01:00 INFO api-gateway host=api-gateway-7c9d5b-x2k4p corrId=- health probe ok status=200 latency_ms=37
2026-03-06T10:12:15.554+01:00 INFO portal-bff host=portal-bff-7c9d5b-t6zvn corrId=c-74f47389820b20ef loan application submitted application_id=APP-2026-743182 customer_segment=SME
2026-03-06T10:12:15.559+01:00 INFO identity-service host=identity-service-7c9d5b-x2k4p corrId=c-74f47389820b20ef MitID session validated customer_id=C49596194
2026-03-06T10:12:15.655+01:00 INFO customer-service host=customer-service-a41e92-x2k4p corrId=c-74f47389820b20ef KYC profile loaded customer_id=C49596194 risk_class=HIGH
2026-03-06T10:12:15.751+01:00 INFO valuation-service host=valuation-service-a41e92-x2k4p corrId=c-74f47389820b20ef property valuation requested property_id=P2015605 provider=valuta-ejd
2026-03-06T10:12:16.735+01:00 INFO valuation-service host=valuation-service-a41e92-x2k4p corrId=c-74f47389820b20ef property valuation received property_id=P2015605 value_dkk=8950000 latency_ms=852
2026-03-06T10:12:16.780+01:00 INFO credit-service host=credit-service-7c9d5b-p9qmz corrId=c-74f47389820b20ef credit assessment completed application_id=APP-2026-743182 score=619 decision=APPROVED
2026-03-06T10:12:16.791+01:00 INFO offer-service host=offer-service-a41e92-p9qmz corrId=c-74f47389820b20ef loan offer generated application_id=APP-2026-743182 loan_type=FLEX_5Y principal_dkk=2460000
2026-03-06T10:12:16.834+01:00 INFO document-service host=document-service-5b8f6c-p9qmz corrId=c-74f47389820b20ef offer document stored application_id=APP-2026-743182 doc_id=DOC-f8a6a736
2026-03-06T10:12:16.895+01:00 INFO portal-bff host=portal-bff-a41e92-p9qmz corrId=c-74f47389820b20ef application completed application_id=APP-2026-743182 status=OFFER_ISSUED
2026-03-06T10:13:26.359+01:00 INFO portal-bff host=portal-bff-7c9d5b-p9qmz corrId=c-558c8165796222aa loan application submitted application_id=APP-2026-232156 customer_segment=SME
2026-03-06T10:13:26.414+01:00 INFO identity-service host=identity-service-7c9d5b-x2k4p corrId=c-558c8165796222aa MitID session validated customer_id=C76069430
2026-03-06T10:13:26.525+01:00 INFO customer-service host=customer-service-7c9d5b-p9qmz corrId=c-558c8165796222aa KYC profile loaded customer_id=C76069430 risk_class=HIGH
2026-03-06T10:13:26.583+01:00 INFO valuation-service host=valuation-service-5b8f6c-x2k4p corrId=c-558c8165796222aa property valuation requested property_id=P9542162 provider=valuta-ejd
2026-03-06T10:13:27.354+01:00 INFO valuation-service host=valuation-service-5b8f6c-p9qmz corrId=c-558c8165796222aa property valuation received property_id=P9542162 value_dkk=4790000 latency_ms=649
2026-03-06T10:13:27.399+01:00 INFO credit-service host=credit-service-a41e92-p9qmz corrId=c-558c8165796222aa credit assessment completed application_id=APP-2026-232156 score=459 decision=APPROVED
2026-03-06T10:13:27.412+01:00 INFO offer-service host=offer-service-7c9d5b-x2k4p corrId=c-558c8165796222aa loan offer generated application_id=APP-2026-232156 loan_type=FLEX_1Y principal_dkk=2445000
2026-03-06T10:13:27.478+01:00 INFO document-service host=document-service-5b8f6c-p9qmz corrId=c-558c8165796222aa offer document stored application_id=APP-2026-232156 doc_id=DOC-83c2d06d
2026-03-06T10:13:27.580+01:00 INFO portal-bff host=portal-bff-a41e92-p9qmz corrId=c-558c8165796222aa application completed application_id=APP-2026-232156 status=OFFER_ISSUED
2026-03-06T10:15:00.700+01:00 INFO api-gateway host=api-gateway-7c9d5b-p9qmz corrId=- health probe ok status=200 latency_ms=29
2026-03-06T10:15:28.285+01:00 INFO portal-bff host=portal-bff-7c9d5b-p9qmz corrId=c-dae29ab4f46a3a79 conversion quote requested loan_id=LN835847831 target_product=FLEX_5Y
2026-03-06T10:15:28.356+01:00 INFO identity-service host=identity-service-a41e92-x2k4p corrId=c-dae29ab4f46a3a79 MitID session validated customer_id=C70458666
2026-03-06T10:15:28.420+01:00 INFO pricing-service host=pricing-service-a41e92-p9qmz corrId=c-dae29ab4f46a3a79 bond price fetched series=BND3.0-2056 price=94.416
2026-03-06T10:15:28.444+01:00 INFO pricing-service host=pricing-service-5b8f6c-x2k4p corrId=c-dae29ab4f46a3a79 conversion cost calculated loan_id=LN835847831 cost_dkk=7217.33
2026-03-06T10:15:28.534+01:00 INFO quote-service host=quote-service-7c9d5b-t6zvn corrId=c-dae29ab4f46a3a79 conversion quote issued quote_id=Q97765329 loan_id=LN835847831
2026-03-06T10:16:09.934+01:00 INFO offer-service host=offer-service-5b8f6c-x2k4p corrId=c-c6d5794b0c440f83 offer accepted application_id=APP-2026-245131
2026-03-06T10:16:10.062+01:00 INFO ledger-service host=ledger-service-7c9d5b-x2k4p corrId=c-c6d5794b0c440f83 funds reserved application_id=APP-2026-245131 amount_dkk=455000
2026-03-06T10:16:10.149+01:00 INFO payment-service host=payment-service-5b8f6c-p9qmz corrId=c-c6d5794b0c440f83 payout instruction sent application_id=APP-2026-245131 amount_dkk=455000
2026-03-06T10:16:10.216+01:00 INFO ledger-service host=ledger-service-a41e92-x2k4p corrId=c-c6d5794b0c440f83 payout booked application_id=APP-2026-245131 posting_id=PST-7d21435b1c
2026-03-06T10:16:10.232+01:00 INFO notification-service host=notification-service-a41e92-p9qmz corrId=c-c6d5794b0c440f83 payout confirmation sent application_id=APP-2026-245131
2026-03-06T10:17:32.923+01:00 INFO offer-service host=offer-service-a41e92-t6zvn corrId=c-011c465b8baeed01 offer accepted application_id=APP-2026-507730
2026-03-06T10:17:32.979+01:00 INFO ledger-service host=ledger-service-5b8f6c-x2k4p corrId=c-011c465b8baeed01 funds reserved application_id=APP-2026-507730 amount_dkk=4655000
2026-03-06T10:17:33.010+01:00 INFO payment-service host=payment-service-5b8f6c-t6zvn corrId=c-011c465b8baeed01 payout instruction sent application_id=APP-2026-507730 amount_dkk=4655000
2026-03-06T10:17:33.083+01:00 INFO ledger-service host=ledger-service-5b8f6c-t6zvn corrId=c-011c465b8baeed01 payout booked application_id=APP-2026-507730 posting_id=PST-613e4179e0
2026-03-06T10:17:33.167+01:00 INFO notification-service host=notification-service-5b8f6c-t6zvn corrId=c-011c465b8baeed01 payout confirmation sent application_id=APP-2026-507730
2026-03-06T10:17:49.931+01:00 INFO portal-bff host=portal-bff-5b8f6c-p9qmz corrId=c-6eaebb258c6f449a loan application submitted application_id=APP-2026-404278 customer_segment=RETAIL
2026-03-06T10:17:49.944+01:00 INFO identity-service host=identity-service-7c9d5b-t6zvn corrId=c-6eaebb258c6f449a MitID session validated customer_id=C40875394
2026-03-06T10:17:50.044+01:00 INFO customer-service host=customer-service-a41e92-p9qmz corrId=c-6eaebb258c6f449a KYC profile loaded customer_id=C40875394 risk_class=MEDIUM
2026-03-06T10:17:50.095+01:00 INFO valuation-service host=valuation-service-5b8f6c-x2k4p corrId=c-6eaebb258c6f449a property valuation served from cache property_id=P6811656 value_dkk=4520000
2026-03-06T10:17:50.216+01:00 INFO credit-service host=credit-service-5b8f6c-t6zvn corrId=c-6eaebb258c6f449a credit assessment completed application_id=APP-2026-404278 score=648 decision=APPROVED
2026-03-06T10:17:50.289+01:00 INFO offer-service host=offer-service-a41e92-t6zvn corrId=c-6eaebb258c6f449a loan offer generated application_id=APP-2026-404278 loan_type=FLEX_5Y principal_dkk=4920000
2026-03-06T10:17:50.304+01:00 INFO document-service host=document-service-7c9d5b-x2k4p corrId=c-6eaebb258c6f449a offer document stored application_id=APP-2026-404278 doc_id=DOC-617aea69
2026-03-06T10:17:50.319+01:00 INFO portal-bff host=portal-bff-7c9d5b-p9qmz corrId=c-6eaebb258c6f449a application completed application_id=APP-2026-404278 status=OFFER_ISSUED
2026-03-06T10:18:58.166+01:00 INFO portal-bff host=portal-bff-5b8f6c-x2k4p corrId=c-c94c4074c8bbf784 conversion quote requested loan_id=LN575817605 target_product=FLEX_5Y
2026-03-06T10:18:58.228+01:00 INFO identity-service host=identity-service-5b8f6c-p9qmz corrId=c-c94c4074c8bbf784 MitID session validated customer_id=C05581626
2026-03-06T10:18:58.327+01:00 INFO pricing-service host=pricing-service-5b8f6c-p9qmz corrId=c-c94c4074c8bbf784 bond price fetched series=BND3.0-2053 price=100.415
2026-03-06T10:18:58.462+01:00 INFO pricing-service host=pricing-service-7c9d5b-x2k4p corrId=c-c94c4074c8bbf784 conversion cost calculated loan_id=LN575817605 cost_dkk=44218.19
2026-03-06T10:18:58.564+01:00 INFO quote-service host=quote-service-a41e92-p9qmz corrId=c-c94c4074c8bbf784 conversion quote issued quote_id=Q94670841 loan_id=LN575817605
2026-03-06T10:20:00.636+01:00 INFO payment-scheduler host=payment-scheduler-7c9d5b-t6zvn corrId=- scheduler heartbeat lag_ms=43
2026-03-06T10:20:00.869+01:00 INFO api-gateway host=api-gateway-a41e92-p9qmz corrId=- health probe ok status=200 latency_ms=36
2026-03-06T10:20:26.226+01:00 INFO portal-bff host=portal-bff-5b8f6c-x2k4p corrId=c-920696d98ed7672f conversion quote requested loan_id=LN431156282 target_product=FLEX_1Y
2026-03-06T10:20:26.248+01:00 INFO identity-service host=identity-service-7c9d5b-t6zvn corrId=c-920696d98ed7672f MitID session validated customer_id=C03655893
2026-03-06T10:20:26.271+01:00 INFO pricing-service host=pricing-service-5b8f6c-t6zvn corrId=c-920696d98ed7672f bond price fetched series=BND2.5-2053 price=90.173
2026-03-06T10:20:26.322+01:00 INFO pricing-service host=pricing-service-5b8f6c-x2k4p corrId=c-920696d98ed7672f conversion cost calculated loan_id=LN431156282 cost_dkk=55506.34
2026-03-06T10:20:26.331+01:00 INFO quote-service host=quote-service-7c9d5b-t6zvn corrId=c-920696d98ed7672f conversion quote issued quote_id=Q68028925 loan_id=LN431156282
2026-03-06T10:23:08.964+01:00 INFO portal-bff host=portal-bff-a41e92-t6zvn corrId=c-75e78d7df0e15ac0 loan application submitted application_id=APP-2026-036042 customer_segment=RETAIL
2026-03-06T10:23:09.010+01:00 INFO identity-service host=identity-service-a41e92-p9qmz corrId=c-75e78d7df0e15ac0 MitID session validated customer_id=C04211367
2026-03-06T10:23:09.092+01:00 INFO customer-service host=customer-service-a41e92-p9qmz corrId=c-75e78d7df0e15ac0 KYC profile loaded customer_id=C04211367 risk_class=HIGH
2026-03-06T10:23:09.187+01:00 INFO valuation-service host=valuation-service-7c9d5b-p9qmz corrId=c-75e78d7df0e15ac0 property valuation requested property_id=P2818346 provider=bolig-vurdering
2026-03-06T10:23:10.203+01:00 INFO valuation-service host=valuation-service-7c9d5b-x2k4p corrId=c-75e78d7df0e15ac0 property valuation received property_id=P2818346 value_dkk=5520000 latency_ms=904
2026-03-06T10:23:10.248+01:00 INFO credit-service host=credit-service-a41e92-x2k4p corrId=c-75e78d7df0e15ac0 credit assessment completed application_id=APP-2026-036042 score=591 decision=APPROVED
2026-03-06T10:23:10.365+01:00 INFO offer-service host=offer-service-5b8f6c-t6zvn corrId=c-75e78d7df0e15ac0 loan offer generated application_id=APP-2026-036042 loan_type=FLEX_1Y principal_dkk=4550000
2026-03-06T10:23:10.490+01:00 INFO document-service host=document-service-7c9d5b-x2k4p corrId=c-75e78d7df0e15ac0 offer document stored application_id=APP-2026-036042 doc_id=DOC-ffd96909
2026-03-06T10:23:10.579+01:00 INFO portal-bff host=portal-bff-a41e92-x2k4p corrId=c-75e78d7df0e15ac0 application completed application_id=APP-2026-036042 status=OFFER_ISSUED
2026-03-06T10:24:50.235+01:00 INFO portal-bff host=portal-bff-5b8f6c-x2k4p corrId=c-1b58603ce90c00a4 conversion quote requested loan_id=LN750385982 target_product=FLEX_5Y
2026-03-06T10:24:50.307+01:00 INFO identity-service host=identity-service-7c9d5b-p9qmz corrId=c-1b58603ce90c00a4 MitID session validated customer_id=C08287998
2026-03-06T10:24:50.434+01:00 INFO pricing-service host=pricing-service-a41e92-t6zvn corrId=c-1b58603ce90c00a4 bond price fetched series=BND2.5-2056 price=98.126
2026-03-06T10:24:50.473+01:00 INFO pricing-service host=pricing-service-7c9d5b-x2k4p corrId=c-1b58603ce90c00a4 conversion cost calculated loan_id=LN750385982 cost_dkk=19618.29
2026-03-06T10:24:50.506+01:00 INFO quote-service host=quote-service-5b8f6c-t6zvn corrId=c-1b58603ce90c00a4 conversion quote issued quote_id=Q49143571 loan_id=LN750385982
2026-03-06T10:25:00.257+01:00 INFO api-gateway host=api-gateway-7c9d5b-t6zvn corrId=- health probe ok status=200 latency_ms=11
2026-03-06T10:25:33.485+01:00 INFO portal-bff host=portal-bff-5b8f6c-x2k4p corrId=c-23584102d6dea2be conversion quote requested loan_id=LN922583770 target_product=FIXED_30Y
2026-03-06T10:25:33.546+01:00 INFO identity-service host=identity-service-5b8f6c-t6zvn corrId=c-23584102d6dea2be MitID session validated customer_id=C19518302
2026-03-06T10:25:33.681+01:00 INFO pricing-service host=pricing-service-a41e92-t6zvn corrId=c-23584102d6dea2be bond price fetched series=BND4.0-2053 price=95.537
2026-03-06T10:25:33.815+01:00 INFO pricing-service host=pricing-service-a41e92-t6zvn corrId=c-23584102d6dea2be conversion cost calculated loan_id=LN922583770 cost_dkk=25497.51
2026-03-06T10:25:33.883+01:00 INFO quote-service host=quote-service-a41e92-p9qmz corrId=c-23584102d6dea2be conversion quote issued quote_id=Q84663553 loan_id=LN922583770
2026-03-06T10:26:32.938+01:00 INFO portal-bff host=portal-bff-5b8f6c-p9qmz corrId=c-0a36ca40649409d3 loan application submitted application_id=APP-2026-098618 customer_segment=PRIVATE
2026-03-06T10:26:33.043+01:00 INFO identity-service host=identity-service-7c9d5b-t6zvn corrId=c-0a36ca40649409d3 MitID session validated customer_id=C50679176
2026-03-06T10:26:33.109+01:00 INFO customer-service host=customer-service-7c9d5b-x2k4p corrId=c-0a36ca40649409d3 KYC profile loaded customer_id=C50679176 risk_class=MEDIUM
2026-03-06T10:26:33.209+01:00 INFO valuation-service host=valuation-service-a41e92-t6zvn corrId=c-0a36ca40649409d3 property valuation requested property_id=P2568077 provider=bolig-vurdering
2026-03-06T10:26:34.122+01:00 INFO valuation-service host=valuation-service-5b8f6c-p9qmz corrId=c-0a36ca40649409d3 property valuation received property_id=P2568077 value_dkk=5070000 latency_ms=810
2026-03-06T10:26:34.139+01:00 INFO credit-service host=credit-service-a41e92-x2k4p corrId=c-0a36ca40649409d3 credit assessment completed application_id=APP-2026-098618 score=765 decision=APPROVED
2026-03-06T10:26:34.257+01:00 INFO offer-service host=offer-service-7c9d5b-p9qmz corrId=c-0a36ca40649409d3 loan offer generated application_id=APP-2026-098618 loan_type=FLEX_5Y principal_dkk=2660000
2026-03-06T10:26:34.312+01:00 INFO document-service host=document-service-7c9d5b-p9qmz corrId=c-0a36ca40649409d3 offer document stored application_id=APP-2026-098618 doc_id=DOC-03bb1779
2026-03-06T10:26:34.382+01:00 INFO portal-bff host=portal-bff-5b8f6c-t6zvn corrId=c-0a36ca40649409d3 application completed application_id=APP-2026-098618 status=OFFER_ISSUED
2026-03-06T10:27:53.042+01:00 INFO portal-bff host=portal-bff-5b8f6c-p9qmz corrId=c-f2a21d23be512de1 loan application submitted application_id=APP-2026-712696 customer_segment=SME
2026-03-06T10:27:53.077+01:00 INFO identity-service host=identity-service-5b8f6c-t6zvn corrId=c-f2a21d23be512de1 MitID session validated customer_id=C91704414
2026-03-06T10:27:53.207+01:00 INFO customer-service host=customer-service-7c9d5b-p9qmz corrId=c-f2a21d23be512de1 KYC profile loaded customer_id=C91704414 risk_class=HIGH
2026-03-06T10:27:53.224+01:00 INFO valuation-service host=valuation-service-a41e92-t6zvn corrId=c-f2a21d23be512de1 property valuation requested property_id=P1729433 provider=bolig-vurdering
2026-03-06T10:27:53.919+01:00 INFO valuation-service host=valuation-service-7c9d5b-x2k4p corrId=c-f2a21d23be512de1 property valuation received property_id=P1729433 value_dkk=1150000 latency_ms=591
2026-03-06T10:27:54.007+01:00 INFO credit-service host=credit-service-5b8f6c-p9qmz corrId=c-f2a21d23be512de1 credit assessment completed application_id=APP-2026-712696 score=727 decision=APPROVED
2026-03-06T10:27:54.034+01:00 INFO offer-service host=offer-service-5b8f6c-p9qmz corrId=c-f2a21d23be512de1 loan offer generated application_id=APP-2026-712696 loan_type=FIXED_30Y principal_dkk=2315000
2026-03-06T10:27:54.099+01:00 INFO document-service host=document-service-a41e92-t6zvn corrId=c-f2a21d23be512de1 offer document stored application_id=APP-2026-712696 doc_id=DOC-ea28387f
2026-03-06T10:27:54.180+01:00 INFO portal-bff host=portal-bff-a41e92-x2k4p corrId=c-f2a21d23be512de1 application completed application_id=APP-2026-712696 status=OFFER_ISSUED
2026-03-06T10:29:46.385+01:00 INFO offer-service host=offer-service-5b8f6c-x2k4p corrId=c-a5b89c4e0d94c5f3 offer accepted application_id=APP-2026-056991
2026-03-06T10:29:46.419+01:00 INFO ledger-service host=ledger-service-5b8f6c-p9qmz corrId=c-a5b89c4e0d94c5f3 funds reserved application_id=APP-2026-056991 amount_dkk=585000
2026-03-06T10:29:46.559+01:00 INFO payment-service host=payment-service-7c9d5b-t6zvn corrId=c-a5b89c4e0d94c5f3 payout instruction sent application_id=APP-2026-056991 amount_dkk=585000
2026-03-06T10:29:46.673+01:00 INFO ledger-service host=ledger-service-7c9d5b-p9qmz corrId=c-a5b89c4e0d94c5f3 payout booked application_id=APP-2026-056991 posting_id=PST-4f5829d7a0
2026-03-06T10:29:46.810+01:00 INFO notification-service host=notification-service-a41e92-t6zvn corrId=c-a5b89c4e0d94c5f3 payout confirmation sent application_id=APP-2026-056991
2026-03-06T10:29:53.343+01:00 INFO portal-bff host=portal-bff-5b8f6c-x2k4p corrId=c-52469586405d0ba5 conversion quote requested loan_id=LN898299246 target_product=FLEX_5Y
2026-03-06T10:29:53.458+01:00 INFO identity-service host=identity-service-a41e92-x2k4p corrId=c-52469586405d0ba5 MitID session validated customer_id=C19831182
2026-03-06T10:29:53.541+01:00 INFO pricing-service host=pricing-service-5b8f6c-t6zvn corrId=c-52469586405d0ba5 bond price fetched series=BND4.0-2056 price=100.598
2026-03-06T10:29:53.678+01:00 INFO pricing-service host=pricing-service-7c9d5b-x2k4p corrId=c-52469586405d0ba5 conversion cost calculated loan_id=LN898299246 cost_dkk=60701.87
2026-03-06T10:29:53.740+01:00 INFO quote-service host=quote-service-7c9d5b-x2k4p corrId=c-52469586405d0ba5 conversion quote issued quote_id=Q15637017 loan_id=LN898299246
2026-03-06T10:30:00.122+01:00 INFO api-gateway host=api-gateway-5b8f6c-x2k4p corrId=- health probe ok status=200 latency_ms=22
2026-03-06T10:30:00.518+01:00 INFO payment-scheduler host=payment-scheduler-7c9d5b-x2k4p corrId=- scheduler heartbeat lag_ms=106
2026-03-06T10:30:11.374+01:00 INFO offer-service host=offer-service-5b8f6c-x2k4p corrId=c-9d2880548582faf5 offer accepted application_id=APP-2026-516468
2026-03-06T10:30:11.502+01:00 INFO ledger-service host=ledger-service-5b8f6c-t6zvn corrId=c-9d2880548582faf5 funds reserved application_id=APP-2026-516468 amount_dkk=4810000
2026-03-06T10:30:11.610+01:00 INFO payment-service host=payment-service-7c9d5b-t6zvn corrId=c-9d2880548582faf5 payout instruction sent application_id=APP-2026-516468 amount_dkk=4810000
2026-03-06T10:30:11.686+01:00 INFO ledger-service host=ledger-service-a41e92-p9qmz corrId=c-9d2880548582faf5 payout booked application_id=APP-2026-516468 posting_id=PST-c72646f328
2026-03-06T10:30:11.735+01:00 INFO notification-service host=notification-service-5b8f6c-p9qmz corrId=c-9d2880548582faf5 payout confirmation sent application_id=APP-2026-516468
2026-03-06T10:30:18.445+01:00 INFO portal-bff host=portal-bff-5b8f6c-t6zvn corrId=c-88ebd0f1d5836c17 conversion quote requested loan_id=LN317129083 target_product=FLEX_1Y
2026-03-06T10:30:18.478+01:00 INFO identity-service host=identity-service-7c9d5b-p9qmz corrId=c-88ebd0f1d5836c17 MitID session validated customer_id=C24868740
2026-03-06T10:30:18.488+01:00 INFO pricing-service host=pricing-service-5b8f6c-x2k4p corrId=c-88ebd0f1d5836c17 bond price fetched series=BND3.0-2056 price=100.243
2026-03-06T10:30:18.530+01:00 INFO pricing-service host=pricing-service-5b8f6c-x2k4p corrId=c-88ebd0f1d5836c17 conversion cost calculated loan_id=LN317129083 cost_dkk=72750.43
2026-03-06T10:30:18.577+01:00 INFO quote-service host=quote-service-5b8f6c-x2k4p corrId=c-88ebd0f1d5836c17 conversion quote issued quote_id=Q19127421 loan_id=LN317129083
2026-03-06T10:32:01.342+01:00 INFO offer-service host=offer-service-7c9d5b-x2k4p corrId=c-83ae4faf0b3a4ce7 offer accepted application_id=APP-2026-109459
2026-03-06T10:32:01.461+01:00 INFO ledger-service host=ledger-service-5b8f6c-p9qmz corrId=c-83ae4faf0b3a4ce7 funds reserved application_id=APP-2026-109459 amount_dkk=2050000
2026-03-06T10:32:01.535+01:00 INFO payment-service host=payment-service-7c9d5b-p9qmz corrId=c-83ae4faf0b3a4ce7 payout instruction sent application_id=APP-2026-109459 amount_dkk=2050000
2026-03-06T10:32:01.643+01:00 INFO ledger-service host=ledger-service-5b8f6c-x2k4p corrId=c-83ae4faf0b3a4ce7 payout booked application_id=APP-2026-109459 posting_id=PST-b98941be17
2026-03-06T10:32:01.705+01:00 INFO notification-service host=notification-service-7c9d5b-t6zvn corrId=c-83ae4faf0b3a4ce7 payout confirmation sent application_id=APP-2026-109459
2026-03-06T10:33:13.394+01:00 INFO offer-service host=offer-service-a41e92-x2k4p corrId=c-7d7032b81c7e6864 offer accepted application_id=APP-2026-837132
2026-03-06T10:33:13.461+01:00 INFO ledger-service host=ledger-service-a41e92-t6zvn corrId=c-7d7032b81c7e6864 funds reserved application_id=APP-2026-837132 amount_dkk=4300000
2026-03-06T10:33:13.468+01:00 INFO payment-service host=payment-service-7c9d5b-x2k4p corrId=c-7d7032b81c7e6864 payout instruction sent application_id=APP-2026-837132 amount_dkk=4300000
2026-03-06T10:33:13.578+01:00 INFO ledger-service host=ledger-service-a41e92-p9qmz corrId=c-7d7032b81c7e6864 payout booked application_id=APP-2026-837132 posting_id=PST-5064575d59
2026-03-06T10:33:13.589+01:00 INFO notification-service host=notification-service-7c9d5b-p9qmz corrId=c-7d7032b81c7e6864 payout confirmation sent application_id=APP-2026-837132
2026-03-06T10:35:00.180+01:00 INFO api-gateway host=api-gateway-a41e92-t6zvn corrId=- health probe ok status=200 latency_ms=20
2026-03-06T10:37:43.344+01:00 INFO portal-bff host=portal-bff-7c9d5b-x2k4p corrId=c-564c70405553ff18 loan application submitted application_id=APP-2026-040052 customer_segment=SME
2026-03-06T10:37:43.420+01:00 INFO identity-service host=identity-service-5b8f6c-t6zvn corrId=c-564c70405553ff18 MitID session validated customer_id=C30177465
2026-03-06T10:37:43.541+01:00 INFO customer-service host=customer-service-5b8f6c-p9qmz corrId=c-564c70405553ff18 KYC profile loaded customer_id=C30177465 risk_class=LOW
2026-03-06T10:37:43.635+01:00 INFO valuation-service host=valuation-service-a41e92-x2k4p corrId=c-564c70405553ff18 property valuation requested property_id=P5768438 provider=valuta-ejd
2026-03-06T10:37:44.410+01:00 INFO valuation-service host=valuation-service-5b8f6c-t6zvn corrId=c-564c70405553ff18 property valuation received property_id=P5768438 value_dkk=6290000 latency_ms=719
2026-03-06T10:37:44.471+01:00 INFO credit-service host=credit-service-7c9d5b-p9qmz corrId=c-564c70405553ff18 credit assessment completed application_id=APP-2026-040052 score=625 decision=APPROVED
2026-03-06T10:37:44.571+01:00 INFO offer-service host=offer-service-5b8f6c-p9qmz corrId=c-564c70405553ff18 loan offer generated application_id=APP-2026-040052 loan_type=FLEX_5Y principal_dkk=820000
2026-03-06T10:37:44.605+01:00 INFO document-service host=document-service-7c9d5b-x2k4p corrId=c-564c70405553ff18 offer document stored application_id=APP-2026-040052 doc_id=DOC-24e388fe
2026-03-06T10:37:44.642+01:00 INFO portal-bff host=portal-bff-7c9d5b-x2k4p corrId=c-564c70405553ff18 application completed application_id=APP-2026-040052 status=OFFER_ISSUED
2026-03-06T10:40:00.254+01:00 INFO api-gateway host=api-gateway-7c9d5b-p9qmz corrId=- health probe ok status=200 latency_ms=40
2026-03-06T10:40:00.786+01:00 INFO payment-scheduler host=payment-scheduler-7c9d5b-t6zvn corrId=- scheduler heartbeat lag_ms=11
2026-03-06T10:42:29.445+01:00 INFO portal-bff host=portal-bff-a41e92-p9qmz corrId=c-2088bd78466df3b4 conversion quote requested loan_id=LN867525195 target_product=FLEX_5Y
2026-03-06T10:42:29.511+01:00 INFO identity-service host=identity-service-a41e92-p9qmz corrId=c-2088bd78466df3b4 MitID session validated customer_id=C70278936
2026-03-06T10:42:29.598+01:00 INFO pricing-service host=pricing-service-7c9d5b-x2k4p corrId=c-2088bd78466df3b4 bond price fetched series=BND4.0-2056 price=90.567
2026-03-06T10:42:29.729+01:00 INFO pricing-service host=pricing-service-5b8f6c-t6zvn corrId=c-2088bd78466df3b4 conversion cost calculated loan_id=LN867525195 cost_dkk=37640.74
2026-03-06T10:42:29.792+01:00 INFO quote-service host=quote-service-a41e92-t6zvn corrId=c-2088bd78466df3b4 conversion quote issued quote_id=Q12204434 loan_id=LN867525195
2026-03-06T10:43:45.096+01:00 INFO portal-bff host=portal-bff-7c9d5b-t6zvn corrId=c-15ef0384ecfcec47 loan application submitted application_id=APP-2026-664045 customer_segment=RETAIL
2026-03-06T10:43:45.184+01:00 INFO identity-service host=identity-service-7c9d5b-p9qmz corrId=c-15ef0384ecfcec47 MitID session validated customer_id=C90077186
2026-03-06T10:43:45.252+01:00 INFO customer-service host=customer-service-7c9d5b-x2k4p corrId=c-15ef0384ecfcec47 KYC profile loaded customer_id=C90077186 risk_class=LOW
2026-03-06T10:43:45.274+01:00 INFO valuation-service host=valuation-service-7c9d5b-p9qmz corrId=c-15ef0384ecfcec47 property valuation requested property_id=P3024613 provider=bolig-vurdering
2026-03-06T10:43:46.012+01:00 INFO valuation-service host=valuation-service-a41e92-x2k4p corrId=c-15ef0384ecfcec47 property valuation received property_id=P3024613 value_dkk=4660000 latency_ms=714
2026-03-06T10:43:46.055+01:00 INFO credit-service host=credit-service-5b8f6c-t6zvn corrId=c-15ef0384ecfcec47 credit assessment completed application_id=APP-2026-664045 score=454 decision=APPROVED
2026-03-06T10:43:46.094+01:00 INFO offer-service host=offer-service-5b8f6c-p9qmz corrId=c-15ef0384ecfcec47 loan offer generated application_id=APP-2026-664045 loan_type=FIXED_30Y principal_dkk=885000
2026-03-06T10:43:46.152+01:00 INFO document-service host=document-service-5b8f6c-t6zvn corrId=c-15ef0384ecfcec47 offer document stored application_id=APP-2026-664045 doc_id=DOC-1d15f006
2026-03-06T10:43:46.230+01:00 INFO portal-bff host=portal-bff-a41e92-x2k4p corrId=c-15ef0384ecfcec47 application completed application_id=APP-2026-664045 status=OFFER_ISSUED
2026-03-06T10:44:21.955+01:00 INFO portal-bff host=portal-bff-a41e92-p9qmz corrId=c-1a1f55f40db17ea7 loan application submitted application_id=APP-2026-842813 customer_segment=RETAIL
2026-03-06T10:44:22.087+01:00 INFO identity-service host=identity-service-5b8f6c-x2k4p corrId=c-1a1f55f40db17ea7 MitID session validated customer_id=C30488840
2026-03-06T10:44:22.193+01:00 INFO customer-service host=customer-service-7c9d5b-p9qmz corrId=c-1a1f55f40db17ea7 KYC profile loaded customer_id=C30488840 risk_class=MEDIUM
2026-03-06T10:44:22.227+01:00 INFO valuation-service host=valuation-service-7c9d5b-p9qmz corrId=c-1a1f55f40db17ea7 property valuation requested property_id=P7166037 provider=bolig-vurdering
2026-03-06T10:44:23.023+01:00 INFO valuation-service host=valuation-service-7c9d5b-p9qmz corrId=c-1a1f55f40db17ea7 property valuation received property_id=P7166037 value_dkk=5320000 latency_ms=777
2026-03-06T10:44:23.052+01:00 INFO credit-service host=credit-service-7c9d5b-x2k4p corrId=c-1a1f55f40db17ea7 credit assessment completed application_id=APP-2026-842813 score=563 decision=APPROVED
2026-03-06T10:44:23.122+01:00 INFO offer-service host=offer-service-a41e92-p9qmz corrId=c-1a1f55f40db17ea7 loan offer generated application_id=APP-2026-842813 loan_type=FIXED_20Y_IO principal_dkk=5620000
2026-03-06T10:44:23.149+01:00 INFO document-service host=document-service-5b8f6c-x2k4p corrId=c-1a1f55f40db17ea7 offer document stored application_id=APP-2026-842813 doc_id=DOC-66bdafa8
2026-03-06T10:44:23.288+01:00 INFO portal-bff host=portal-bff-a41e92-x2k4p corrId=c-1a1f55f40db17ea7 application completed application_id=APP-2026-842813 status=OFFER_ISSUED
2026-03-06T10:45:00.722+01:00 INFO api-gateway host=api-gateway-a41e92-x2k4p corrId=- health probe ok status=200 latency_ms=12
2026-03-06T10:45:02.398+01:00 INFO portal-bff host=portal-bff-7c9d5b-x2k4p corrId=c-ec55262bb39184e2 loan application submitted application_id=APP-2026-429989 customer_segment=PRIVATE
2026-03-06T10:45:02.440+01:00 INFO identity-service host=identity-service-5b8f6c-t6zvn corrId=c-ec55262bb39184e2 MitID session validated customer_id=C20715372
2026-03-06T10:45:02.559+01:00 INFO customer-service host=customer-service-5b8f6c-p9qmz corrId=c-ec55262bb39184e2 KYC profile loaded customer_id=C20715372 risk_class=MEDIUM
2026-03-06T10:45:02.675+01:00 INFO valuation-service host=valuation-service-5b8f6c-p9qmz corrId=c-ec55262bb39184e2 property valuation served from cache property_id=P4076449 value_dkk=1060000
2026-03-06T10:45:02.717+01:00 INFO credit-service host=credit-service-5b8f6c-t6zvn corrId=c-ec55262bb39184e2 credit assessment completed application_id=APP-2026-429989 score=713 decision=APPROVED
2026-03-06T10:45:02.841+01:00 INFO offer-service host=offer-service-7c9d5b-t6zvn corrId=c-ec55262bb39184e2 loan offer generated application_id=APP-2026-429989 loan_type=FLEX_1Y principal_dkk=5015000
2026-03-06T10:45:02.925+01:00 INFO document-service host=document-service-7c9d5b-x2k4p corrId=c-ec55262bb39184e2 offer document stored application_id=APP-2026-429989 doc_id=DOC-2bde4f86
2026-03-06T10:45:02.959+01:00 INFO portal-bff host=portal-bff-a41e92-t6zvn corrId=c-ec55262bb39184e2 application completed application_id=APP-2026-429989 status=OFFER_ISSUED
2026-03-06T10:45:54.803+01:00 INFO offer-service host=offer-service-a41e92-p9qmz corrId=c-9815155cbe0f2bc1 offer accepted application_id=APP-2026-362883
2026-03-06T10:45:54.842+01:00 INFO ledger-service host=ledger-service-7c9d5b-t6zvn corrId=c-9815155cbe0f2bc1 funds reserved application_id=APP-2026-362883 amount_dkk=4820000
2026-03-06T10:45:54.932+01:00 INFO payment-service host=payment-service-a41e92-p9qmz corrId=c-9815155cbe0f2bc1 payout instruction sent application_id=APP-2026-362883 amount_dkk=4820000
2026-03-06T10:45:55.013+01:00 INFO ledger-service host=ledger-service-a41e92-t6zvn corrId=c-9815155cbe0f2bc1 payout booked application_id=APP-2026-362883 posting_id=PST-b43bb42984
2026-03-06T10:45:55.036+01:00 INFO notification-service host=notification-service-7c9d5b-p9qmz corrId=c-9815155cbe0f2bc1 payout confirmation sent application_id=APP-2026-362883
2026-03-06T10:46:43.150+01:00 INFO portal-bff host=portal-bff-7c9d5b-x2k4p corrId=c-a1f7120e43c421ca loan application submitted application_id=APP-2026-663475 customer_segment=RETAIL
2026-03-06T10:46:43.228+01:00 INFO identity-service host=identity-service-5b8f6c-t6zvn corrId=c-a1f7120e43c421ca MitID session validated customer_id=C99284028
2026-03-06T10:46:43.348+01:00 INFO customer-service host=customer-service-a41e92-t6zvn corrId=c-a1f7120e43c421ca KYC profile loaded customer_id=C99284028 risk_class=MEDIUM
2026-03-06T10:46:43.389+01:00 INFO valuation-service host=valuation-service-7c9d5b-t6zvn corrId=c-a1f7120e43c421ca property valuation requested property_id=P4257969 provider=bolig-vurdering
2026-03-06T10:46:43.720+01:00 INFO valuation-service host=valuation-service-a41e92-p9qmz corrId=c-a1f7120e43c421ca property valuation received property_id=P4257969 value_dkk=2630000 latency_ms=223
2026-03-06T10:46:43.736+01:00 INFO credit-service host=credit-service-5b8f6c-t6zvn corrId=c-a1f7120e43c421ca credit assessment completed application_id=APP-2026-663475 score=435 decision=APPROVED
2026-03-06T10:46:43.784+01:00 INFO offer-service host=offer-service-a41e92-t6zvn corrId=c-a1f7120e43c421ca loan offer generated application_id=APP-2026-663475 loan_type=FIXED_30Y principal_dkk=5145000
2026-03-06T10:46:43.865+01:00 INFO document-service host=document-service-5b8f6c-t6zvn corrId=c-a1f7120e43c421ca offer document stored application_id=APP-2026-663475 doc_id=DOC-31e6ec9f
2026-03-06T10:46:43.875+01:00 INFO portal-bff host=portal-bff-7c9d5b-t6zvn corrId=c-a1f7120e43c421ca application completed application_id=APP-2026-663475 status=OFFER_ISSUED
2026-03-06T10:47:06.887+01:00 INFO portal-bff host=portal-bff-5b8f6c-t6zvn corrId=c-5a5c70a5258e7a08 loan application submitted application_id=APP-2026-969673 customer_segment=PRIVATE
2026-03-06T10:47:06.954+01:00 INFO identity-service host=identity-service-5b8f6c-p9qmz corrId=c-5a5c70a5258e7a08 MitID session validated customer_id=C55016647
2026-03-06T10:47:07.065+01:00 INFO customer-service host=customer-service-5b8f6c-t6zvn corrId=c-5a5c70a5258e7a08 KYC profile loaded customer_id=C55016647 risk_class=LOW
2026-03-06T10:47:07.187+01:00 INFO valuation-service host=valuation-service-a41e92-x2k4p corrId=c-5a5c70a5258e7a08 property valuation requested property_id=P0658512 provider=valuta-ejd
2026-03-06T10:47:07.910+01:00 INFO valuation-service host=valuation-service-a41e92-x2k4p corrId=c-5a5c70a5258e7a08 property valuation received property_id=P0658512 value_dkk=640000 latency_ms=691
2026-03-06T10:47:07.963+01:00 INFO credit-service host=credit-service-5b8f6c-t6zvn corrId=c-5a5c70a5258e7a08 credit assessment completed application_id=APP-2026-969673 score=632 decision=APPROVED
2026-03-06T10:47:08.080+01:00 INFO offer-service host=offer-service-7c9d5b-t6zvn corrId=c-5a5c70a5258e7a08 loan offer generated application_id=APP-2026-969673 loan_type=FIXED_30Y principal_dkk=1415000
2026-03-06T10:47:08.191+01:00 INFO document-service host=document-service-5b8f6c-t6zvn corrId=c-5a5c70a5258e7a08 offer document stored application_id=APP-2026-969673 doc_id=DOC-c9527a6e
2026-03-06T10:47:08.290+01:00 INFO portal-bff host=portal-bff-a41e92-p9qmz corrId=c-5a5c70a5258e7a08 application completed application_id=APP-2026-969673 status=OFFER_ISSUED
2026-03-06T10:47:22.779+01:00 INFO portal-bff host=portal-bff-a41e92-p9qmz corrId=c-952488ea5d3861fb loan application submitted application_id=APP-2026-817708 customer_segment=PRIVATE
2026-03-06T10:47:22.877+01:00 INFO identity-service host=identity-service-a41e92-x2k4p corrId=c-952488ea5d3861fb MitID session validated customer_id=C31905539
2026-03-06T10:47:23.009+01:00 INFO customer-service host=customer-service-a41e92-p9qmz corrId=c-952488ea5d3861fb KYC profile loaded customer_id=C31905539 risk_class=LOW
2026-03-06T10:47:23.125+01:00 INFO valuation-service host=valuation-service-a41e92-p9qmz corrId=c-952488ea5d3861fb property valuation requested property_id=P5142566 provider=valuta-ejd
2026-03-06T10:47:23.750+01:00 INFO valuation-service host=valuation-service-7c9d5b-p9qmz corrId=c-952488ea5d3861fb property valuation received property_id=P5142566 value_dkk=8310000 latency_ms=549
2026-03-06T10:47:23.825+01:00 INFO credit-service host=credit-service-a41e92-x2k4p corrId=c-952488ea5d3861fb credit assessment completed application_id=APP-2026-817708 score=816 decision=APPROVED
2026-03-06T10:47:23.917+01:00 INFO offer-service host=offer-service-5b8f6c-x2k4p corrId=c-952488ea5d3861fb loan offer generated application_id=APP-2026-817708 loan_type=FLEX_5Y principal_dkk=4870000
2026-03-06T10:47:23.967+01:00 INFO document-service host=document-service-5b8f6c-p9qmz corrId=c-952488ea5d3861fb offer document stored application_id=APP-2026-817708 doc_id=DOC-0c3ef57a
2026-03-06T10:47:24.072+01:00 INFO portal-bff host=portal-bff-7c9d5b-x2k4p corrId=c-952488ea5d3861fb application completed application_id=APP-2026-817708 status=OFFER_ISSUED
2026-03-06T10:48:20.849+01:00 INFO portal-bff host=portal-bff-a41e92-t6zvn corrId=c-ac02915cbb830029 loan application submitted application_id=APP-2026-360942 customer_segment=SME
2026-03-06T10:48:20.921+01:00 INFO identity-service host=identity-service-5b8f6c-t6zvn corrId=c-ac02915cbb830029 MitID session validated customer_id=C78470045
2026-03-06T10:48:21.001+01:00 INFO customer-service host=customer-service-5b8f6c-p9qmz corrId=c-ac02915cbb830029 KYC profile loaded customer_id=C78470045 risk_class=LOW
2026-03-06T10:48:21.137+01:00 INFO valuation-service host=valuation-service-7c9d5b-x2k4p corrId=c-ac02915cbb830029 property valuation requested property_id=P4653943 provider=valuta-ejd
2026-03-06T10:48:21.991+01:00 INFO valuation-service host=valuation-service-7c9d5b-t6zvn corrId=c-ac02915cbb830029 property valuation received property_id=P4653943 value_dkk=2610000 latency_ms=829
2026-03-06T10:48:22.074+01:00 INFO credit-service host=credit-service-5b8f6c-t6zvn corrId=c-ac02915cbb830029 credit assessment completed application_id=APP-2026-360942 score=687 decision=APPROVED
2026-03-06T10:48:22.162+01:00 INFO offer-service host=offer-service-7c9d5b-t6zvn corrId=c-ac02915cbb830029 loan offer generated application_id=APP-2026-360942 loan_type=FLEX_5Y principal_dkk=3635000
2026-03-06T10:48:22.226+01:00 INFO document-service host=document-service-5b8f6c-x2k4p corrId=c-ac02915cbb830029 offer document stored application_id=APP-2026-360942 doc_id=DOC-a871777e
2026-03-06T10:48:22.272+01:00 INFO portal-bff host=portal-bff-7c9d5b-x2k4p corrId=c-ac02915cbb830029 application completed application_id=APP-2026-360942 status=OFFER_ISSUED
2026-03-06T10:49:03.521+01:00 INFO portal-bff host=portal-bff-a41e92-p9qmz corrId=c-61e16a7e40ee054f loan application submitted application_id=APP-2026-481568 customer_segment=RETAIL
2026-03-06T10:49:03.651+01:00 INFO identity-service host=identity-service-7c9d5b-t6zvn corrId=c-61e16a7e40ee054f MitID session validated customer_id=C27874930
2026-03-06T10:49:03.754+01:00 INFO customer-service host=customer-service-a41e92-t6zvn corrId=c-61e16a7e40ee054f KYC profile loaded customer_id=C27874930 risk_class=LOW
2026-03-06T10:49:03.872+01:00 INFO valuation-service host=valuation-service-a41e92-x2k4p corrId=c-61e16a7e40ee054f property valuation requested property_id=P9347977 provider=bolig-vurdering
2026-03-06T10:49:04.157+01:00 INFO valuation-service host=valuation-service-a41e92-p9qmz corrId=c-61e16a7e40ee054f property valuation received property_id=P9347977 value_dkk=2030000 latency_ms=253
2026-03-06T10:49:04.186+01:00 INFO credit-service host=credit-service-5b8f6c-x2k4p corrId=c-61e16a7e40ee054f credit assessment completed application_id=APP-2026-481568 score=682 decision=APPROVED
2026-03-06T10:49:04.220+01:00 INFO offer-service host=offer-service-5b8f6c-p9qmz corrId=c-61e16a7e40ee054f loan offer generated application_id=APP-2026-481568 loan_type=FIXED_20Y_IO principal_dkk=4655000
2026-03-06T10:49:04.359+01:00 INFO document-service host=document-service-5b8f6c-t6zvn corrId=c-61e16a7e40ee054f offer document stored application_id=APP-2026-481568 doc_id=DOC-c3d85fe8
2026-03-06T10:49:04.495+01:00 INFO portal-bff host=portal-bff-a41e92-t6zvn corrId=c-61e16a7e40ee054f application completed application_id=APP-2026-481568 status=OFFER_ISSUED
2026-03-06T10:50:00.002+01:00 INFO api-gateway host=api-gateway-a41e92-p9qmz corrId=- health probe ok status=200 latency_ms=14
2026-03-06T10:50:00.376+01:00 INFO payment-scheduler host=payment-scheduler-5b8f6c-t6zvn corrId=- scheduler heartbeat lag_ms=56
2026-03-06T10:52:57.372+01:00 INFO portal-bff host=portal-bff-7c9d5b-p9qmz corrId=c-e6ba7ae3f37335d3 loan application submitted application_id=APP-2026-115868 customer_segment=PRIVATE
2026-03-06T10:52:57.415+01:00 INFO identity-service host=identity-service-5b8f6c-p9qmz corrId=c-e6ba7ae3f37335d3 MitID session validated customer_id=C20465759
2026-03-06T10:52:57.450+01:00 INFO customer-service host=customer-service-7c9d5b-p9qmz corrId=c-e6ba7ae3f37335d3 KYC profile loaded customer_id=C20465759 risk_class=MEDIUM
2026-03-06T10:52:57.563+01:00 INFO valuation-service host=valuation-service-a41e92-x2k4p corrId=c-e6ba7ae3f37335d3 property valuation requested property_id=P4772138 provider=bolig-vurdering
2026-03-06T10:52:57.930+01:00 INFO valuation-service host=valuation-service-7c9d5b-x2k4p corrId=c-e6ba7ae3f37335d3 property valuation received property_id=P4772138 value_dkk=1020000 latency_ms=293
2026-03-06T10:52:57.961+01:00 INFO credit-service host=credit-service-a41e92-t6zvn corrId=c-e6ba7ae3f37335d3 credit assessment completed application_id=APP-2026-115868 score=546 decision=APPROVED
2026-03-06T10:52:58.057+01:00 INFO offer-service host=offer-service-7c9d5b-p9qmz corrId=c-e6ba7ae3f37335d3 loan offer generated application_id=APP-2026-115868 loan_type=FLEX_1Y principal_dkk=5925000
2026-03-06T10:52:58.161+01:00 INFO document-service host=document-service-a41e92-p9qmz corrId=c-e6ba7ae3f37335d3 offer document stored application_id=APP-2026-115868 doc_id=DOC-b2776c53
2026-03-06T10:52:58.226+01:00 INFO portal-bff host=portal-bff-a41e92-x2k4p corrId=c-e6ba7ae3f37335d3 application completed application_id=APP-2026-115868 status=OFFER_ISSUED
2026-03-06T10:55:00.183+01:00 INFO api-gateway host=api-gateway-5b8f6c-p9qmz corrId=- health probe ok status=200 latency_ms=14
2026-03-06T10:58:43.659+01:00 INFO portal-bff host=portal-bff-5b8f6c-x2k4p corrId=c-ccd788852f9f9b1d conversion quote requested loan_id=LN058056227 target_product=FIXED_30Y
2026-03-06T10:58:43.796+01:00 INFO identity-service host=identity-service-7c9d5b-t6zvn corrId=c-ccd788852f9f9b1d MitID session validated customer_id=C54469880
2026-03-06T10:58:43.853+01:00 INFO pricing-service host=pricing-service-5b8f6c-p9qmz corrId=c-ccd788852f9f9b1d bond price fetched series=BND2.5-2053 price=98.809
2026-03-06T10:58:43.930+01:00 INFO pricing-service host=pricing-service-a41e92-p9qmz corrId=c-ccd788852f9f9b1d conversion cost calculated loan_id=LN058056227 cost_dkk=28978.00
2026-03-06T10:58:43.964+01:00 INFO quote-service host=quote-service-a41e92-x2k4p corrId=c-ccd788852f9f9b1d conversion quote issued quote_id=Q13334806 loan_id=LN058056227
2026-03-06T10:58:54.321+01:00 INFO portal-bff host=portal-bff-a41e92-x2k4p corrId=c-24e080f8d2551986 loan application submitted application_id=APP-2026-302666 customer_segment=PRIVATE
2026-03-06T10:58:54.373+01:00 INFO identity-service host=identity-service-a41e92-t6zvn corrId=c-24e080f8d2551986 MitID session validated customer_id=C24238963
2026-03-06T10:58:54.476+01:00 INFO customer-service host=customer-service-5b8f6c-p9qmz corrId=c-24e080f8d2551986 KYC profile loaded customer_id=C24238963 risk_class=LOW
2026-03-06T10:58:54.585+01:00 INFO valuation-service host=valuation-service-7c9d5b-p9qmz corrId=c-24e080f8d2551986 property valuation served from cache property_id=P2224179 value_dkk=7970000
2026-03-06T10:58:54.681+01:00 INFO credit-service host=credit-service-5b8f6c-t6zvn corrId=c-24e080f8d2551986 credit assessment completed application_id=APP-2026-302666 score=586 decision=APPROVED
2026-03-06T10:58:54.719+01:00 INFO offer-service host=offer-service-a41e92-t6zvn corrId=c-24e080f8d2551986 loan offer generated application_id=APP-2026-302666 loan_type=FIXED_30Y principal_dkk=4820000
2026-03-06T10:58:54.836+01:00 INFO document-service host=document-service-a41e92-t6zvn corrId=c-24e080f8d2551986 offer document stored application_id=APP-2026-302666 doc_id=DOC-3df6059c
2026-03-06T10:58:54.891+01:00 INFO portal-bff host=portal-bff-7c9d5b-t6zvn corrId=c-24e080f8d2551986 application completed application_id=APP-2026-302666 status=OFFER_ISSUED
2026-03-06T11:00:00.470+01:00 INFO payment-scheduler host=payment-scheduler-5b8f6c-x2k4p corrId=- scheduler heartbeat lag_ms=71
2026-03-06T11:00:00.754+01:00 INFO api-gateway host=api-gateway-7c9d5b-x2k4p corrId=- health probe ok status=200 latency_ms=22
2026-03-06T11:00:29.000+01:00 INFO config-service host=config-service-7c9d5b-x2k4p corrId=- configuration refreshed version=v110
2026-03-06T11:00:30.145+01:00 INFO portal-bff host=portal-bff-7c9d5b-p9qmz corrId=c-3d23991719423cdb loan application submitted application_id=APP-2026-869431 customer_segment=PRIVATE
2026-03-06T11:00:30.178+01:00 INFO identity-service host=identity-service-7c9d5b-p9qmz corrId=c-3d23991719423cdb MitID session validated customer_id=C23691544
2026-03-06T11:00:30.296+01:00 INFO customer-service host=customer-service-5b8f6c-p9qmz corrId=c-3d23991719423cdb KYC profile loaded customer_id=C23691544 risk_class=LOW
2026-03-06T11:00:30.337+01:00 INFO valuation-service host=valuation-service-7c9d5b-t6zvn corrId=c-3d23991719423cdb property valuation requested property_id=P7834134 provider=bolig-vurdering
2026-03-06T11:00:31.349+01:00 INFO valuation-service host=valuation-service-a41e92-x2k4p corrId=c-3d23991719423cdb property valuation received property_id=P7834134 value_dkk=4690000 latency_ms=897
2026-03-06T11:00:31.450+01:00 INFO credit-service host=credit-service-5b8f6c-x2k4p corrId=c-3d23991719423cdb credit assessment completed application_id=APP-2026-869431 score=824 decision=APPROVED
2026-03-06T11:00:31.516+01:00 INFO offer-service host=offer-service-7c9d5b-p9qmz corrId=c-3d23991719423cdb loan offer generated application_id=APP-2026-869431 loan_type=FLEX_1Y principal_dkk=5030000
2026-03-06T11:00:31.574+01:00 INFO document-service host=document-service-7c9d5b-x2k4p corrId=c-3d23991719423cdb offer document stored application_id=APP-2026-869431 doc_id=DOC-a156f55c
2026-03-06T11:00:31.706+01:00 INFO portal-bff host=portal-bff-7c9d5b-p9qmz corrId=c-3d23991719423cdb application completed application_id=APP-2026-869431 status=OFFER_ISSUED
2026-03-06T11:01:00.475+01:00 INFO portal-bff host=portal-bff-a41e92-t6zvn corrId=c-7606a67e13c808ee conversion quote requested loan_id=LN691703134 target_product=FLEX_1Y
2026-03-06T11:01:00.591+01:00 INFO identity-service host=identity-service-a41e92-p9qmz corrId=c-7606a67e13c808ee MitID session validated customer_id=C24951393
2026-03-06T11:01:00.618+01:00 INFO pricing-service host=pricing-service-7c9d5b-x2k4p corrId=c-7606a67e13c808ee bond price fetched series=BND4.0-2053 price=98.760
2026-03-06T11:01:00.637+01:00 INFO pricing-service host=pricing-service-7c9d5b-x2k4p corrId=c-7606a67e13c808ee conversion cost calculated loan_id=LN691703134 cost_dkk=34836.50
2026-03-06T11:01:00.742+01:00 INFO quote-service host=quote-service-7c9d5b-p9qmz corrId=c-7606a67e13c808ee conversion quote issued quote_id=Q57328375 loan_id=LN691703134
2026-03-06T11:02:42.770+01:00 INFO portal-bff host=portal-bff-7c9d5b-p9qmz corrId=c-3e070218f2c49704 loan application submitted application_id=APP-2026-129164 customer_segment=SME
2026-03-06T11:02:42.865+01:00 INFO identity-service host=identity-service-a41e92-t6zvn corrId=c-3e070218f2c49704 MitID session validated customer_id=C62604465
2026-03-06T11:02:42.905+01:00 INFO customer-service host=customer-service-5b8f6c-p9qmz corrId=c-3e070218f2c49704 KYC profile loaded customer_id=C62604465 risk_class=LOW
2026-03-06T11:02:42.921+01:00 INFO valuation-service host=valuation-service-5b8f6c-t6zvn corrId=c-3e070218f2c49704 property valuation requested property_id=P2441160 provider=valuta-ejd
2026-03-06T11:02:43.587+01:00 INFO valuation-service host=valuation-service-7c9d5b-x2k4p corrId=c-3e070218f2c49704 property valuation received property_id=P2441160 value_dkk=7630000 latency_ms=654
2026-03-06T11:02:43.616+01:00 INFO credit-service host=credit-service-a41e92-x2k4p corrId=c-3e070218f2c49704 credit assessment completed application_id=APP-2026-129164 score=833 decision=APPROVED
2026-03-06T11:02:43.693+01:00 INFO offer-service host=offer-service-7c9d5b-t6zvn corrId=c-3e070218f2c49704 loan offer generated application_id=APP-2026-129164 loan_type=FIXED_20Y_IO principal_dkk=5965000
2026-03-06T11:02:43.725+01:00 INFO document-service host=document-service-a41e92-t6zvn corrId=c-3e070218f2c49704 offer document stored application_id=APP-2026-129164 doc_id=DOC-405f9b0c
2026-03-06T11:02:43.785+01:00 INFO portal-bff host=portal-bff-a41e92-t6zvn corrId=c-3e070218f2c49704 application completed application_id=APP-2026-129164 status=OFFER_ISSUED
2026-03-06T11:02:58.279+01:00 INFO portal-bff host=portal-bff-5b8f6c-x2k4p corrId=c-8e6b441d087a06aa loan application submitted application_id=APP-2026-199847 customer_segment=SME
2026-03-06T11:02:58.401+01:00 INFO identity-service host=identity-service-7c9d5b-t6zvn corrId=c-8e6b441d087a06aa MitID session validated customer_id=C06683762
2026-03-06T11:02:58.416+01:00 INFO customer-service host=customer-service-a41e92-x2k4p corrId=c-8e6b441d087a06aa KYC profile loaded customer_id=C06683762 risk_class=HIGH
2026-03-06T11:02:58.442+01:00 INFO valuation-service host=valuation-service-7c9d5b-x2k4p corrId=c-8e6b441d087a06aa property valuation requested property_id=P2788202 provider=valuta-ejd
2026-03-06T11:02:58.889+01:00 INFO valuation-service host=valuation-service-7c9d5b-t6zvn corrId=c-8e6b441d087a06aa property valuation received property_id=P2788202 value_dkk=6210000 latency_ms=314
2026-03-06T11:02:58.948+01:00 INFO credit-service host=credit-service-5b8f6c-p9qmz corrId=c-8e6b441d087a06aa credit assessment completed application_id=APP-2026-199847 score=629 decision=APPROVED
2026-03-06T11:02:58.961+01:00 INFO offer-service host=offer-service-7c9d5b-p9qmz corrId=c-8e6b441d087a06aa loan offer generated application_id=APP-2026-199847 loan_type=FIXED_20Y_IO principal_dkk=980000
2026-03-06T11:02:59.090+01:00 INFO document-service host=document-service-a41e92-p9qmz corrId=c-8e6b441d087a06aa offer document stored application_id=APP-2026-199847 doc_id=DOC-66fe9ced
2026-03-06T11:02:59.160+01:00 INFO portal-bff host=portal-bff-7c9d5b-t6zvn corrId=c-8e6b441d087a06aa application completed application_id=APP-2026-199847 status=OFFER_ISSUED
2026-03-06T11:03:06.751+01:00 INFO offer-service host=offer-service-a41e92-t6zvn corrId=c-d623f4a4066a0c27 offer accepted application_id=APP-2026-773491
2026-03-06T11:03:06.859+01:00 INFO ledger-service host=ledger-service-7c9d5b-p9qmz corrId=c-d623f4a4066a0c27 funds reserved application_id=APP-2026-773491 amount_dkk=5770000
2026-03-06T11:03:06.910+01:00 INFO payment-service host=payment-service-7c9d5b-p9qmz corrId=c-d623f4a4066a0c27 payout instruction sent application_id=APP-2026-773491 amount_dkk=5770000
2026-03-06T11:03:06.964+01:00 INFO ledger-service host=ledger-service-5b8f6c-t6zvn corrId=c-d623f4a4066a0c27 payout booked application_id=APP-2026-773491 posting_id=PST-74f14013d0
2026-03-06T11:03:06.985+01:00 INFO notification-service host=notification-service-a41e92-x2k4p corrId=c-d623f4a4066a0c27 payout confirmation sent application_id=APP-2026-773491
2026-03-06T11:03:19.219+01:00 INFO portal-bff host=portal-bff-5b8f6c-p9qmz corrId=c-df3fbd846fd88d51 conversion quote requested loan_id=LN056415230 target_product=FLEX_5Y
2026-03-06T11:03:19.237+01:00 INFO identity-service host=identity-service-7c9d5b-p9qmz corrId=c-df3fbd846fd88d51 MitID session validated customer_id=C77750816
2026-03-06T11:03:19.321+01:00 INFO pricing-service host=pricing-service-7c9d5b-t6zvn corrId=c-df3fbd846fd88d51 bond price fetched series=BND3.0-2056 price=93.611
2026-03-06T11:03:19.436+01:00 INFO pricing-service host=pricing-service-7c9d5b-t6zvn corrId=c-df3fbd846fd88d51 conversion cost calculated loan_id=LN056415230 cost_dkk=55883.73
2026-03-06T11:03:19.507+01:00 INFO quote-service host=quote-service-7c9d5b-t6zvn corrId=c-df3fbd846fd88d51 conversion quote issued quote_id=Q38904787 loan_id=LN056415230
2026-03-06T11:05:00.802+01:00 INFO api-gateway host=api-gateway-5b8f6c-x2k4p corrId=- health probe ok status=200 latency_ms=29
2026-03-06T11:07:17.000+01:00 INFO valuation-service host=valuation-service-7c9d5b-t6zvn corrId=- jvm gc pause pause_ms=38
2026-03-06T11:07:17.935+01:00 INFO portal-bff host=portal-bff-7c9d5b-t6zvn corrId=c-4f5d7e105d21d366 conversion quote requested loan_id=LN517597493 target_product=FLEX_1Y
2026-03-06T11:07:17.956+01:00 INFO identity-service host=identity-service-a41e92-x2k4p corrId=c-4f5d7e105d21d366 MitID session validated customer_id=C10781841
2026-03-06T11:07:18.067+01:00 INFO pricing-service host=pricing-service-a41e92-t6zvn corrId=c-4f5d7e105d21d366 bond price fetched series=BND2.5-2056 price=90.354
2026-03-06T11:07:18.191+01:00 INFO pricing-service host=pricing-service-5b8f6c-t6zvn corrId=c-4f5d7e105d21d366 conversion cost calculated loan_id=LN517597493 cost_dkk=73843.68
2026-03-06T11:07:18.245+01:00 INFO quote-service host=quote-service-7c9d5b-x2k4p corrId=c-4f5d7e105d21d366 conversion quote issued quote_id=Q41961299 loan_id=LN517597493
2026-03-06T11:08:06.492+01:00 INFO offer-service host=offer-service-5b8f6c-p9qmz corrId=c-021c13a4868ef011 offer accepted application_id=APP-2026-664893
2026-03-06T11:08:06.522+01:00 INFO ledger-service host=ledger-service-a41e92-x2k4p corrId=c-021c13a4868ef011 funds reserved application_id=APP-2026-664893 amount_dkk=5140000
2026-03-06T11:08:06.637+01:00 INFO payment-service host=payment-service-a41e92-x2k4p corrId=c-021c13a4868ef011 payout instruction sent application_id=APP-2026-664893 amount_dkk=5140000
2026-03-06T11:08:06.744+01:00 INFO ledger-service host=ledger-service-5b8f6c-x2k4p corrId=c-021c13a4868ef011 payout booked application_id=APP-2026-664893 posting_id=PST-238ddabecd
2026-03-06T11:08:06.774+01:00 INFO notification-service host=notification-service-7c9d5b-t6zvn corrId=c-021c13a4868ef011 payout confirmation sent application_id=APP-2026-664893
2026-03-06T11:09:11.075+01:00 INFO portal-bff host=portal-bff-a41e92-t6zvn corrId=c-18144ec63f0fa15d conversion quote requested loan_id=LN627385230 target_product=FLEX_5Y
2026-03-06T11:09:11.202+01:00 INFO identity-service host=identity-service-7c9d5b-t6zvn corrId=c-18144ec63f0fa15d MitID session validated customer_id=C82289731
2026-03-06T11:09:11.228+01:00 INFO pricing-service host=pricing-service-a41e92-x2k4p corrId=c-18144ec63f0fa15d bond price fetched series=BND3.0-2056 price=94.252
2026-03-06T11:09:11.323+01:00 INFO pricing-service host=pricing-service-5b8f6c-p9qmz corrId=c-18144ec63f0fa15d conversion cost calculated loan_id=LN627385230 cost_dkk=37524.34
2026-03-06T11:09:11.417+01:00 INFO quote-service host=quote-service-a41e92-x2k4p corrId=c-18144ec63f0fa15d conversion quote issued quote_id=Q92888760 loan_id=LN627385230
2026-03-06T11:10:00.444+01:00 INFO api-gateway host=api-gateway-5b8f6c-x2k4p corrId=- health probe ok status=200 latency_ms=40
2026-03-06T11:10:00.860+01:00 INFO payment-scheduler host=payment-scheduler-7c9d5b-p9qmz corrId=- scheduler heartbeat lag_ms=88
2026-03-06T11:10:40.000+01:00 INFO valuation-service host=valuation-service-7c9d5b-p9qmz corrId=- jvm gc pause pause_ms=86
2026-03-06T11:14:02.332+01:00 INFO offer-service host=offer-service-a41e92-x2k4p corrId=c-532149b7cc73cc6e offer accepted application_id=APP-2026-197128
2026-03-06T11:14:02.405+01:00 INFO ledger-service host=ledger-service-7c9d5b-t6zvn corrId=c-532149b7cc73cc6e funds reserved application_id=APP-2026-197128 amount_dkk=3615000
2026-03-06T11:14:02.412+01:00 INFO payment-service host=payment-service-a41e92-t6zvn corrId=c-532149b7cc73cc6e payout instruction sent application_id=APP-2026-197128 amount_dkk=3615000
2026-03-06T11:14:02.432+01:00 INFO ledger-service host=ledger-service-7c9d5b-p9qmz corrId=c-532149b7cc73cc6e payout booked application_id=APP-2026-197128 posting_id=PST-9cf46da603
2026-03-06T11:14:02.566+01:00 INFO notification-service host=notification-service-7c9d5b-t6zvn corrId=c-532149b7cc73cc6e payout confirmation sent application_id=APP-2026-197128
2026-03-06T11:15:00.323+01:00 INFO api-gateway host=api-gateway-7c9d5b-t6zvn corrId=- health probe ok status=200 latency_ms=29
2026-03-06T11:15:28.618+01:00 INFO offer-service host=offer-service-5b8f6c-p9qmz corrId=c-1eba5638f35a7e18 offer accepted application_id=APP-2026-988519
2026-03-06T11:15:28.678+01:00 INFO ledger-service host=ledger-service-7c9d5b-x2k4p corrId=c-1eba5638f35a7e18 funds reserved application_id=APP-2026-988519 amount_dkk=3445000
2026-03-06T11:15:28.734+01:00 INFO payment-service host=payment-service-a41e92-t6zvn corrId=c-1eba5638f35a7e18 payout instruction sent application_id=APP-2026-988519 amount_dkk=3445000
2026-03-06T11:15:28.849+01:00 INFO ledger-service host=ledger-service-5b8f6c-t6zvn corrId=c-1eba5638f35a7e18 payout booked application_id=APP-2026-988519 posting_id=PST-c6efe037d9
2026-03-06T11:15:28.901+01:00 INFO notification-service host=notification-service-a41e92-p9qmz corrId=c-1eba5638f35a7e18 payout confirmation sent application_id=APP-2026-988519
2026-03-06T11:15:29.981+01:00 INFO offer-service host=offer-service-5b8f6c-t6zvn corrId=c-70916eec3b8265de offer accepted application_id=APP-2026-035230
2026-03-06T11:15:30.107+01:00 INFO ledger-service host=ledger-service-a41e92-p9qmz corrId=c-70916eec3b8265de funds reserved application_id=APP-2026-035230 amount_dkk=5620000
2026-03-06T11:15:30.153+01:00 INFO payment-service host=payment-service-7c9d5b-t6zvn corrId=c-70916eec3b8265de payout instruction sent application_id=APP-2026-035230 amount_dkk=5620000
2026-03-06T11:15:30.186+01:00 INFO ledger-service host=ledger-service-a41e92-t6zvn corrId=c-70916eec3b8265de payout booked application_id=APP-2026-035230 posting_id=PST-b6f281f0ef
2026-03-06T11:15:30.200+01:00 INFO notification-service host=notification-service-a41e92-x2k4p corrId=c-70916eec3b8265de payout confirmation sent application_id=APP-2026-035230
2026-03-06T11:17:41.260+01:00 INFO portal-bff host=portal-bff-7c9d5b-x2k4p corrId=c-7a5c3f86d6000525 conversion quote requested loan_id=LN327148046 target_product=FLEX_1Y
2026-03-06T11:17:41.346+01:00 INFO identity-service host=identity-service-7c9d5b-x2k4p corrId=c-7a5c3f86d6000525 MitID session validated customer_id=C07994383
2026-03-06T11:17:41.465+01:00 INFO pricing-service host=pricing-service-7c9d5b-t6zvn corrId=c-7a5c3f86d6000525 bond price fetched series=BND3.0-2053 price=99.522
2026-03-06T11:17:41.556+01:00 INFO pricing-service host=pricing-service-5b8f6c-x2k4p corrId=c-7a5c3f86d6000525 conversion cost calculated loan_id=LN327148046 cost_dkk=11905.23
2026-03-06T11:17:41.692+01:00 INFO quote-service host=quote-service-7c9d5b-p9qmz corrId=c-7a5c3f86d6000525 conversion quote issued quote_id=Q42810105 loan_id=LN327148046
2026-03-06T11:18:49.508+01:00 INFO portal-bff host=portal-bff-5b8f6c-x2k4p corrId=c-91ab2165138b9427 loan application submitted application_id=APP-2026-578241 customer_segment=SME
2026-03-06T11:18:49.564+01:00 INFO identity-service host=identity-service-5b8f6c-t6zvn corrId=c-91ab2165138b9427 MitID session validated customer_id=C44783491
2026-03-06T11:18:49.570+01:00 INFO customer-service host=customer-service-5b8f6c-t6zvn corrId=c-91ab2165138b9427 KYC profile loaded customer_id=C44783491 risk_class=LOW
2026-03-06T11:18:49.603+01:00 INFO valuation-service host=valuation-service-7c9d5b-x2k4p corrId=c-91ab2165138b9427 property valuation requested property_id=P7631288 provider=bolig-vurdering
2026-03-06T11:18:49.993+01:00 INFO valuation-service host=valuation-service-5b8f6c-p9qmz corrId=c-91ab2165138b9427 property valuation received property_id=P7631288 value_dkk=7070000 latency_ms=266
2026-03-06T11:18:50.008+01:00 INFO credit-service host=credit-service-7c9d5b-t6zvn corrId=c-91ab2165138b9427 credit assessment completed application_id=APP-2026-578241 score=795 decision=APPROVED
2026-03-06T11:18:50.028+01:00 INFO offer-service host=offer-service-7c9d5b-t6zvn corrId=c-91ab2165138b9427 loan offer generated application_id=APP-2026-578241 loan_type=FLEX_5Y principal_dkk=2110000
2026-03-06T11:18:50.083+01:00 INFO document-service host=document-service-7c9d5b-x2k4p corrId=c-91ab2165138b9427 offer document stored application_id=APP-2026-578241 doc_id=DOC-2a35fa75
2026-03-06T11:18:50.221+01:00 INFO portal-bff host=portal-bff-a41e92-x2k4p corrId=c-91ab2165138b9427 application completed application_id=APP-2026-578241 status=OFFER_ISSUED
2026-03-06T11:19:35.912+01:00 INFO portal-bff host=portal-bff-5b8f6c-x2k4p corrId=c-6e0c304a40f4c340 loan application submitted application_id=APP-2026-821288 customer_segment=PRIVATE
2026-03-06T11:19:36.042+01:00 INFO identity-service host=identity-service-7c9d5b-p9qmz corrId=c-6e0c304a40f4c340 MitID session validated customer_id=C68137171
2026-03-06T11:19:36.131+01:00 INFO customer-service host=customer-service-5b8f6c-x2k4p corrId=c-6e0c304a40f4c340 KYC profile loaded customer_id=C68137171 risk_class=LOW
2026-03-06T11:19:36.155+01:00 INFO valuation-service host=valuation-service-7c9d5b-p9qmz corrId=c-6e0c304a40f4c340 property valuation requested property_id=P5038184 provider=valuta-ejd
2026-03-06T11:19:36.445+01:00 INFO valuation-service host=valuation-service-5b8f6c-p9qmz corrId=c-6e0c304a40f4c340 property valuation received property_id=P5038184 value_dkk=7450000 latency_ms=192
2026-03-06T11:19:36.566+01:00 INFO credit-service host=credit-service-a41e92-t6zvn corrId=c-6e0c304a40f4c340 credit assessment completed application_id=APP-2026-821288 score=424 decision=APPROVED
2026-03-06T11:19:36.615+01:00 INFO offer-service host=offer-service-7c9d5b-x2k4p corrId=c-6e0c304a40f4c340 loan offer generated application_id=APP-2026-821288 loan_type=FLEX_1Y principal_dkk=4270000
2026-03-06T11:19:36.634+01:00 INFO document-service host=document-service-5b8f6c-t6zvn corrId=c-6e0c304a40f4c340 offer document stored application_id=APP-2026-821288 doc_id=DOC-6377b316
2026-03-06T11:19:36.696+01:00 INFO portal-bff host=portal-bff-5b8f6c-p9qmz corrId=c-6e0c304a40f4c340 application completed application_id=APP-2026-821288 status=OFFER_ISSUED
2026-03-06T11:20:00.526+01:00 INFO api-gateway host=api-gateway-a41e92-x2k4p corrId=- health probe ok status=200 latency_ms=38
2026-03-06T11:20:00.858+01:00 INFO payment-scheduler host=payment-scheduler-a41e92-p9qmz corrId=- scheduler heartbeat lag_ms=67
2026-03-06T11:20:40.216+01:00 INFO portal-bff host=portal-bff-7c9d5b-p9qmz corrId=c-f1b80553bfc812c3 loan application submitted application_id=APP-2026-839972 customer_segment=RETAIL
2026-03-06T11:20:40.296+01:00 INFO identity-service host=identity-service-5b8f6c-x2k4p corrId=c-f1b80553bfc812c3 MitID session validated customer_id=C13927963
2026-03-06T11:20:40.427+01:00 INFO customer-service host=customer-service-5b8f6c-p9qmz corrId=c-f1b80553bfc812c3 KYC profile loaded customer_id=C13927963 risk_class=LOW
2026-03-06T11:20:40.474+01:00 INFO valuation-service host=valuation-service-5b8f6c-t6zvn corrId=c-f1b80553bfc812c3 property valuation requested property_id=P5550977 provider=bolig-vurdering
2026-03-06T11:20:40.735+01:00 INFO valuation-service host=valuation-service-5b8f6c-t6zvn corrId=c-f1b80553bfc812c3 property valuation received property_id=P5550977 value_dkk=2290000 latency_ms=214
2026-03-06T11:20:40.813+01:00 INFO credit-service host=credit-service-5b8f6c-p9qmz corrId=c-f1b80553bfc812c3 credit assessment completed application_id=APP-2026-839972 score=826 decision=APPROVED
2026-03-06T11:20:40.848+01:00 INFO offer-service host=offer-service-5b8f6c-p9qmz corrId=c-f1b80553bfc812c3 loan offer generated application_id=APP-2026-839972 loan_type=FLEX_5Y principal_dkk=5700000
2026-03-06T11:20:40.939+01:00 INFO document-service host=document-service-a41e92-t6zvn corrId=c-f1b80553bfc812c3 offer document stored application_id=APP-2026-839972 doc_id=DOC-ef95559b
2026-03-06T11:20:41.042+01:00 INFO portal-bff host=portal-bff-7c9d5b-p9qmz corrId=c-f1b80553bfc812c3 application completed application_id=APP-2026-839972 status=OFFER_ISSUED
2026-03-06T11:20:45.612+01:00 INFO offer-service host=offer-service-5b8f6c-x2k4p corrId=c-5c44d6141417a058 offer accepted application_id=APP-2026-835315
2026-03-06T11:20:45.630+01:00 INFO ledger-service host=ledger-service-5b8f6c-t6zvn corrId=c-5c44d6141417a058 funds reserved application_id=APP-2026-835315 amount_dkk=3055000
2026-03-06T11:20:45.744+01:00 INFO payment-service host=payment-service-7c9d5b-p9qmz corrId=c-5c44d6141417a058 payout instruction sent application_id=APP-2026-835315 amount_dkk=3055000
2026-03-06T11:20:45.755+01:00 INFO ledger-service host=ledger-service-7c9d5b-p9qmz corrId=c-5c44d6141417a058 payout booked application_id=APP-2026-835315 posting_id=PST-654369354d
2026-03-06T11:20:45.797+01:00 INFO notification-service host=notification-service-5b8f6c-x2k4p corrId=c-5c44d6141417a058 payout confirmation sent application_id=APP-2026-835315
2026-03-06T11:21:56.691+01:00 INFO portal-bff host=portal-bff-7c9d5b-x2k4p corrId=c-ee13fb558d1b5ac2 loan application submitted application_id=APP-2026-554084 customer_segment=SME
2026-03-06T11:21:56.696+01:00 INFO identity-service host=identity-service-7c9d5b-x2k4p corrId=c-ee13fb558d1b5ac2 MitID session validated customer_id=C61439471
2026-03-06T11:21:56.778+01:00 INFO customer-service host=customer-service-7c9d5b-t6zvn corrId=c-ee13fb558d1b5ac2 KYC profile loaded customer_id=C61439471 risk_class=HIGH
2026-03-06T11:21:56.847+01:00 INFO valuation-service host=valuation-service-a41e92-x2k4p corrId=c-ee13fb558d1b5ac2 property valuation served from cache property_id=P4115849 value_dkk=2980000
2026-03-06T11:21:56.906+01:00 INFO credit-service host=credit-service-7c9d5b-x2k4p corrId=c-ee13fb558d1b5ac2 credit assessment completed application_id=APP-2026-554084 score=559 decision=APPROVED
2026-03-06T11:21:57.035+01:00 INFO offer-service host=offer-service-7c9d5b-x2k4p corrId=c-ee13fb558d1b5ac2 loan offer generated application_id=APP-2026-554084 loan_type=FLEX_1Y principal_dkk=4260000
2026-03-06T11:21:57.157+01:00 INFO document-service host=document-service-a41e92-x2k4p corrId=c-ee13fb558d1b5ac2 offer document stored application_id=APP-2026-554084 doc_id=DOC-252515f6
2026-03-06T11:21:57.292+01:00 INFO portal-bff host=portal-bff-5b8f6c-x2k4p corrId=c-ee13fb558d1b5ac2 application completed application_id=APP-2026-554084 status=OFFER_ISSUED
2026-03-06T11:22:05.743+01:00 INFO portal-bff host=portal-bff-7c9d5b-t6zvn corrId=c-d716b083698ad41d loan application submitted application_id=APP-2026-755750 customer_segment=RETAIL
2026-03-06T11:22:05.840+01:00 INFO identity-service host=identity-service-a41e92-x2k4p corrId=c-d716b083698ad41d MitID session validated customer_id=C23555555
2026-03-06T11:22:05.875+01:00 INFO customer-service host=customer-service-7c9d5b-t6zvn corrId=c-d716b083698ad41d KYC profile loaded customer_id=C23555555 risk_class=LOW
2026-03-06T11:22:05.973+01:00 INFO valuation-service host=valuation-service-a41e92-x2k4p corrId=c-d716b083698ad41d property valuation requested property_id=P2389932 provider=valuta-ejd
2026-03-06T11:22:06.545+01:00 INFO valuation-service host=valuation-service-a41e92-x2k4p corrId=c-d716b083698ad41d property valuation received property_id=P2389932 value_dkk=4020000 latency_ms=472
2026-03-06T11:22:06.648+01:00 INFO credit-service host=credit-service-7c9d5b-x2k4p corrId=c-d716b083698ad41d credit assessment completed application_id=APP-2026-755750 score=565 decision=APPROVED
2026-03-06T11:22:06.770+01:00 INFO offer-service host=offer-service-5b8f6c-t6zvn corrId=c-d716b083698ad41d loan offer generated application_id=APP-2026-755750 loan_type=FIXED_30Y principal_dkk=1245000
2026-03-06T11:22:06.849+01:00 INFO document-service host=document-service-a41e92-x2k4p corrId=c-d716b083698ad41d offer document stored application_id=APP-2026-755750 doc_id=DOC-80324475
2026-03-06T11:22:06.972+01:00 INFO portal-bff host=portal-bff-a41e92-p9qmz corrId=c-d716b083698ad41d application completed application_id=APP-2026-755750 status=OFFER_ISSUED
2026-03-06T11:23:23.000+01:00 INFO valuation-service host=valuation-service-7c9d5b-t6zvn corrId=- jvm gc pause pause_ms=80
2026-03-06T11:25:00.286+01:00 INFO api-gateway host=api-gateway-7c9d5b-x2k4p corrId=- health probe ok status=200 latency_ms=29
2026-03-06T11:27:26.406+01:00 INFO portal-bff host=portal-bff-7c9d5b-t6zvn corrId=c-c66725f3284ee13b loan application submitted application_id=APP-2026-800438 customer_segment=PRIVATE
2026-03-06T11:27:26.470+01:00 INFO identity-service host=identity-service-5b8f6c-t6zvn corrId=c-c66725f3284ee13b MitID session validated customer_id=C66383595
2026-03-06T11:27:26.535+01:00 INFO customer-service host=customer-service-5b8f6c-x2k4p corrId=c-c66725f3284ee13b KYC profile loaded customer_id=C66383595 risk_class=LOW
2026-03-06T11:27:26.644+01:00 INFO valuation-service host=valuation-service-7c9d5b-p9qmz corrId=c-c66725f3284ee13b property valuation requested property_id=P1171050 provider=bolig-vurdering
2026-03-06T11:27:27.320+01:00 INFO valuation-service host=valuation-service-5b8f6c-x2k4p corrId=c-c66725f3284ee13b property valuation received property_id=P1171050 value_dkk=5400000 latency_ms=607
2026-03-06T11:27:27.331+01:00 INFO credit-service host=credit-service-7c9d5b-t6zvn corrId=c-c66725f3284ee13b credit assessment completed application_id=APP-2026-800438 score=550 decision=APPROVED
2026-03-06T11:27:27.367+01:00 INFO offer-service host=offer-service-a41e92-x2k4p corrId=c-c66725f3284ee13b loan offer generated application_id=APP-2026-800438 loan_type=FIXED_20Y_IO principal_dkk=4110000
2026-03-06T11:27:27.500+01:00 INFO document-service host=document-service-7c9d5b-t6zvn corrId=c-c66725f3284ee13b offer document stored application_id=APP-2026-800438 doc_id=DOC-a287da8e
2026-03-06T11:27:27.586+01:00 INFO portal-bff host=portal-bff-5b8f6c-t6zvn corrId=c-c66725f3284ee13b application completed application_id=APP-2026-800438 status=OFFER_ISSUED
2026-03-06T11:30:00.331+01:00 INFO payment-scheduler host=payment-scheduler-7c9d5b-p9qmz corrId=- scheduler heartbeat lag_ms=83
2026-03-06T11:30:00.872+01:00 INFO api-gateway host=api-gateway-a41e92-x2k4p corrId=- health probe ok status=200 latency_ms=24
2026-03-06T11:30:21.422+01:00 INFO portal-bff host=portal-bff-7c9d5b-x2k4p corrId=c-8e8114a8a870eb0d loan application submitted application_id=APP-2026-456338 customer_segment=SME
2026-03-06T11:30:21.459+01:00 INFO identity-service host=identity-service-7c9d5b-t6zvn corrId=c-8e8114a8a870eb0d MitID session validated customer_id=C79164069
2026-03-06T11:30:21.519+01:00 INFO customer-service host=customer-service-7c9d5b-t6zvn corrId=c-8e8114a8a870eb0d KYC profile loaded customer_id=C79164069 risk_class=LOW
2026-03-06T11:30:21.526+01:00 INFO valuation-service host=valuation-service-7c9d5b-t6zvn corrId=c-8e8114a8a870eb0d property valuation served from cache property_id=P7654205 value_dkk=670000
2026-03-06T11:30:21.659+01:00 INFO credit-service host=credit-service-7c9d5b-p9qmz corrId=c-8e8114a8a870eb0d credit assessment completed application_id=APP-2026-456338 score=721 decision=APPROVED
2026-03-06T11:30:21.765+01:00 INFO offer-service host=offer-service-7c9d5b-p9qmz corrId=c-8e8114a8a870eb0d loan offer generated application_id=APP-2026-456338 loan_type=FIXED_30Y principal_dkk=3460000
2026-03-06T11:30:21.789+01:00 INFO document-service host=document-service-a41e92-t6zvn corrId=c-8e8114a8a870eb0d offer document stored application_id=APP-2026-456338 doc_id=DOC-e78f76ac
2026-03-06T11:30:21.844+01:00 INFO portal-bff host=portal-bff-5b8f6c-t6zvn corrId=c-8e8114a8a870eb0d application completed application_id=APP-2026-456338 status=OFFER_ISSUED
2026-03-06T11:31:25.799+01:00 INFO portal-bff host=portal-bff-a41e92-x2k4p corrId=c-13acf79c0de450b0 conversion quote requested loan_id=LN913176345 target_product=FLEX_5Y
2026-03-06T11:31:25.925+01:00 INFO identity-service host=identity-service-a41e92-x2k4p corrId=c-13acf79c0de450b0 MitID session validated customer_id=C38644095
2026-03-06T11:31:25.973+01:00 INFO pricing-service host=pricing-service-7c9d5b-x2k4p corrId=c-13acf79c0de450b0 bond price fetched series=BND4.0-2056 price=92.450
2026-03-06T11:31:26.097+01:00 INFO pricing-service host=pricing-service-5b8f6c-t6zvn corrId=c-13acf79c0de450b0 conversion cost calculated loan_id=LN913176345 cost_dkk=64842.26
2026-03-06T11:31:26.196+01:00 INFO quote-service host=quote-service-a41e92-x2k4p corrId=c-13acf79c0de450b0 conversion quote issued quote_id=Q15780556 loan_id=LN913176345
2026-03-06T11:32:05.923+01:00 INFO portal-bff host=portal-bff-7c9d5b-t6zvn corrId=c-280e1134614a7963 loan application submitted application_id=APP-2026-258980 customer_segment=PRIVATE
2026-03-06T11:32:05.970+01:00 INFO identity-service host=identity-service-5b8f6c-p9qmz corrId=c-280e1134614a7963 MitID session validated customer_id=C39246333
2026-03-06T11:32:06.104+01:00 INFO customer-service host=customer-service-a41e92-p9qmz corrId=c-280e1134614a7963 KYC profile loaded customer_id=C39246333 risk_class=LOW
2026-03-06T11:32:06.236+01:00 INFO valuation-service host=valuation-service-7c9d5b-x2k4p corrId=c-280e1134614a7963 property valuation served from cache property_id=P3218966 value_dkk=3200000
2026-03-06T11:32:06.375+01:00 INFO credit-service host=credit-service-7c9d5b-p9qmz corrId=c-280e1134614a7963 credit assessment completed application_id=APP-2026-258980 score=651 decision=APPROVED
2026-03-06T11:32:06.425+01:00 INFO offer-service host=offer-service-a41e92-x2k4p corrId=c-280e1134614a7963 loan offer generated application_id=APP-2026-258980 loan_type=FIXED_20Y_IO principal_dkk=3605000
2026-03-06T11:32:06.437+01:00 INFO document-service host=document-service-a41e92-x2k4p corrId=c-280e1134614a7963 offer document stored application_id=APP-2026-258980 doc_id=DOC-f13bd713
2026-03-06T11:32:06.564+01:00 INFO portal-bff host=portal-bff-a41e92-t6zvn corrId=c-280e1134614a7963 application completed application_id=APP-2026-258980 status=OFFER_ISSUED
2026-03-06T11:32:25.192+01:00 INFO offer-service host=offer-service-7c9d5b-t6zvn corrId=c-4c92527d6bb01b36 offer accepted application_id=APP-2026-323757
2026-03-06T11:32:25.214+01:00 INFO ledger-service host=ledger-service-7c9d5b-p9qmz corrId=c-4c92527d6bb01b36 funds reserved application_id=APP-2026-323757 amount_dkk=3955000
2026-03-06T11:32:25.338+01:00 INFO payment-service host=payment-service-5b8f6c-p9qmz corrId=c-4c92527d6bb01b36 payout instruction sent application_id=APP-2026-323757 amount_dkk=3955000
2026-03-06T11:32:25.441+01:00 INFO ledger-service host=ledger-service-a41e92-t6zvn corrId=c-4c92527d6bb01b36 payout booked application_id=APP-2026-323757 posting_id=PST-02f6978404
2026-03-06T11:32:25.481+01:00 INFO notification-service host=notification-service-a41e92-t6zvn corrId=c-4c92527d6bb01b36 payout confirmation sent application_id=APP-2026-323757
2026-03-06T11:33:55.376+01:00 INFO portal-bff host=portal-bff-a41e92-x2k4p corrId=c-15f4abe6a90db926 conversion quote requested loan_id=LN074370460 target_product=FIXED_30Y
2026-03-06T11:33:55.435+01:00 INFO identity-service host=identity-service-7c9d5b-t6zvn corrId=c-15f4abe6a90db926 MitID session validated customer_id=C49253860
2026-03-06T11:33:55.478+01:00 INFO pricing-service host=pricing-service-a41e92-p9qmz corrId=c-15f4abe6a90db926 bond price fetched series=BND4.0-2056 price=91.550
2026-03-06T11:33:55.562+01:00 INFO pricing-service host=pricing-service-7c9d5b-x2k4p corrId=c-15f4abe6a90db926 conversion cost calculated loan_id=LN074370460 cost_dkk=69288.06
2026-03-06T11:33:55.614+01:00 INFO quote-service host=quote-service-5b8f6c-x2k4p corrId=c-15f4abe6a90db926 conversion quote issued quote_id=Q88093190 loan_id=LN074370460
2026-03-06T11:35:00.281+01:00 INFO api-gateway host=api-gateway-5b8f6c-x2k4p corrId=- health probe ok status=200 latency_ms=9
2026-03-06T11:40:00.207+01:00 INFO payment-scheduler host=payment-scheduler-5b8f6c-t6zvn corrId=- scheduler heartbeat lag_ms=113
2026-03-06T11:40:00.677+01:00 INFO api-gateway host=api-gateway-a41e92-x2k4p corrId=- health probe ok status=200 latency_ms=8
2026-03-06T11:42:08.822+01:00 INFO portal-bff host=portal-bff-5b8f6c-t6zvn corrId=c-5713aaf5be6a6fa0 conversion quote requested loan_id=LN307644303 target_product=FIXED_30Y
2026-03-06T11:42:08.873+01:00 INFO identity-service host=identity-service-a41e92-x2k4p corrId=c-5713aaf5be6a6fa0 MitID session validated customer_id=C54602422
2026-03-06T11:42:08.992+01:00 INFO pricing-service host=pricing-service-a41e92-x2k4p corrId=c-5713aaf5be6a6fa0 bond price fetched series=BND2.5-2053 price=101.311
2026-03-06T11:42:09.021+01:00 INFO pricing-service host=pricing-service-7c9d5b-x2k4p corrId=c-5713aaf5be6a6fa0 conversion cost calculated loan_id=LN307644303 cost_dkk=29246.54
2026-03-06T11:42:09.040+01:00 INFO quote-service host=quote-service-5b8f6c-p9qmz corrId=c-5713aaf5be6a6fa0 conversion quote issued quote_id=Q95505707 loan_id=LN307644303
2026-03-06T11:43:15.745+01:00 INFO portal-bff host=portal-bff-5b8f6c-p9qmz corrId=c-d5532ff989da7cea conversion quote requested loan_id=LN936640708 target_product=FLEX_1Y
2026-03-06T11:43:15.789+01:00 INFO identity-service host=identity-service-5b8f6c-x2k4p corrId=c-d5532ff989da7cea MitID session validated customer_id=C83817457
2026-03-06T11:43:15.820+01:00 INFO pricing-service host=pricing-service-5b8f6c-t6zvn corrId=c-d5532ff989da7cea bond price fetched series=BND2.5-2053 price=101.163
2026-03-06T11:43:15.832+01:00 INFO pricing-service host=pricing-service-7c9d5b-p9qmz corrId=c-d5532ff989da7cea conversion cost calculated loan_id=LN936640708 cost_dkk=17896.69
2026-03-06T11:43:15.935+01:00 INFO quote-service host=quote-service-5b8f6c-p9qmz corrId=c-d5532ff989da7cea conversion quote issued quote_id=Q15375034 loan_id=LN936640708
2026-03-06T11:44:49.888+01:00 INFO portal-bff host=portal-bff-7c9d5b-p9qmz corrId=c-09aca32902a44878 loan application submitted application_id=APP-2026-929728 customer_segment=RETAIL
2026-03-06T11:44:49.941+01:00 INFO identity-service host=identity-service-5b8f6c-p9qmz corrId=c-09aca32902a44878 MitID session validated customer_id=C36125405
2026-03-06T11:44:50.059+01:00 INFO customer-service host=customer-service-7c9d5b-t6zvn corrId=c-09aca32902a44878 KYC profile loaded customer_id=C36125405 risk_class=LOW
2026-03-06T11:44:50.118+01:00 INFO valuation-service host=valuation-service-5b8f6c-p9qmz corrId=c-09aca32902a44878 property valuation served from cache property_id=P3037058 value_dkk=1030000
2026-03-06T11:44:50.222+01:00 INFO credit-service host=credit-service-a41e92-t6zvn corrId=c-09aca32902a44878 credit assessment completed application_id=APP-2026-929728 score=647 decision=APPROVED
2026-03-06T11:44:50.277+01:00 INFO offer-service host=offer-service-a41e92-x2k4p corrId=c-09aca32902a44878 loan offer generated application_id=APP-2026-929728 loan_type=FLEX_5Y principal_dkk=5180000
2026-03-06T11:44:50.370+01:00 INFO document-service host=document-service-5b8f6c-p9qmz corrId=c-09aca32902a44878 offer document stored application_id=APP-2026-929728 doc_id=DOC-cb24c22d
2026-03-06T11:44:50.493+01:00 INFO portal-bff host=portal-bff-5b8f6c-x2k4p corrId=c-09aca32902a44878 application completed application_id=APP-2026-929728 status=OFFER_ISSUED
2026-03-06T11:45:00.607+01:00 INFO api-gateway host=api-gateway-a41e92-x2k4p corrId=- health probe ok status=200 latency_ms=19
2026-03-06T11:45:19.067+01:00 INFO offer-service host=offer-service-5b8f6c-x2k4p corrId=c-2d5d76fdb84d1d22 offer accepted application_id=APP-2026-478036
2026-03-06T11:45:19.165+01:00 INFO ledger-service host=ledger-service-5b8f6c-t6zvn corrId=c-2d5d76fdb84d1d22 funds reserved application_id=APP-2026-478036 amount_dkk=2200000
2026-03-06T11:45:19.231+01:00 INFO payment-service host=payment-service-a41e92-t6zvn corrId=c-2d5d76fdb84d1d22 payout instruction sent application_id=APP-2026-478036 amount_dkk=2200000
2026-03-06T11:45:19.297+01:00 INFO ledger-service host=ledger-service-a41e92-t6zvn corrId=c-2d5d76fdb84d1d22 payout booked application_id=APP-2026-478036 posting_id=PST-0c5d522a99
2026-03-06T11:45:19.379+01:00 INFO notification-service host=notification-service-7c9d5b-x2k4p corrId=c-2d5d76fdb84d1d22 payout confirmation sent application_id=APP-2026-478036
2026-03-06T11:45:29.972+01:00 INFO portal-bff host=portal-bff-5b8f6c-x2k4p corrId=c-85b218f3f14105d2 conversion quote requested loan_id=LN744828431 target_product=FLEX_5Y
2026-03-06T11:45:30.021+01:00 INFO identity-service host=identity-service-7c9d5b-t6zvn corrId=c-85b218f3f14105d2 MitID session validated customer_id=C45156558
2026-03-06T11:45:30.088+01:00 INFO pricing-service host=pricing-service-7c9d5b-p9qmz corrId=c-85b218f3f14105d2 bond price fetched series=BND3.0-2056 price=101.593
2026-03-06T11:45:30.154+01:00 INFO pricing-service host=pricing-service-a41e92-x2k4p corrId=c-85b218f3f14105d2 conversion cost calculated loan_id=LN744828431 cost_dkk=14554.03
2026-03-06T11:45:30.246+01:00 INFO quote-service host=quote-service-7c9d5b-x2k4p corrId=c-85b218f3f14105d2 conversion quote issued quote_id=Q07151168 loan_id=LN744828431
2026-03-06T11:48:14.536+01:00 INFO portal-bff host=portal-bff-7c9d5b-p9qmz corrId=c-792bb167c5f6346f loan application submitted application_id=APP-2026-500430 customer_segment=PRIVATE
2026-03-06T11:48:14.546+01:00 INFO identity-service host=identity-service-5b8f6c-t6zvn corrId=c-792bb167c5f6346f MitID session validated customer_id=C54728920
2026-03-06T11:48:14.573+01:00 INFO customer-service host=customer-service-7c9d5b-p9qmz corrId=c-792bb167c5f6346f KYC profile loaded customer_id=C54728920 risk_class=LOW
2026-03-06T11:48:14.680+01:00 INFO valuation-service host=valuation-service-a41e92-p9qmz corrId=c-792bb167c5f6346f property valuation requested property_id=P6014013 provider=valuta-ejd
2026-03-06T11:48:15.064+01:00 INFO valuation-service host=valuation-service-a41e92-x2k4p corrId=c-792bb167c5f6346f property valuation received property_id=P6014013 value_dkk=8790000 latency_ms=335
2026-03-06T11:48:15.123+01:00 INFO credit-service host=credit-service-7c9d5b-x2k4p corrId=c-792bb167c5f6346f credit assessment completed application_id=APP-2026-500430 score=505 decision=APPROVED
2026-03-06T11:48:15.214+01:00 INFO offer-service host=offer-service-a41e92-p9qmz corrId=c-792bb167c5f6346f loan offer generated application_id=APP-2026-500430 loan_type=FLEX_1Y principal_dkk=1325000
2026-03-06T11:48:15.290+01:00 INFO document-service host=document-service-5b8f6c-p9qmz corrId=c-792bb167c5f6346f offer document stored application_id=APP-2026-500430 doc_id=DOC-cb1a69f7
2026-03-06T11:48:15.366+01:00 INFO portal-bff host=portal-bff-5b8f6c-x2k4p corrId=c-792bb167c5f6346f application completed application_id=APP-2026-500430 status=OFFER_ISSUED
2026-03-06T11:48:19.528+01:00 INFO portal-bff host=portal-bff-7c9d5b-t6zvn corrId=c-525fd3fe32a88d2a loan application submitted application_id=APP-2026-237284 customer_segment=RETAIL
2026-03-06T11:48:19.598+01:00 INFO identity-service host=identity-service-a41e92-x2k4p corrId=c-525fd3fe32a88d2a MitID session validated customer_id=C70858554
2026-03-06T11:48:19.713+01:00 INFO customer-service host=customer-service-7c9d5b-p9qmz corrId=c-525fd3fe32a88d2a KYC profile loaded customer_id=C70858554 risk_class=LOW
2026-03-06T11:48:19.775+01:00 INFO valuation-service host=valuation-service-5b8f6c-p9qmz corrId=c-525fd3fe32a88d2a property valuation served from cache property_id=P8433806 value_dkk=7990000
2026-03-06T11:48:19.900+01:00 INFO credit-service host=credit-service-5b8f6c-p9qmz corrId=c-525fd3fe32a88d2a credit assessment completed application_id=APP-2026-237284 score=445 decision=APPROVED
2026-03-06T11:48:20.030+01:00 INFO offer-service host=offer-service-7c9d5b-p9qmz corrId=c-525fd3fe32a88d2a loan offer generated application_id=APP-2026-237284 loan_type=FIXED_20Y_IO principal_dkk=4545000
2026-03-06T11:48:20.075+01:00 INFO document-service host=document-service-5b8f6c-x2k4p corrId=c-525fd3fe32a88d2a offer document stored application_id=APP-2026-237284 doc_id=DOC-a3ce361e
2026-03-06T11:48:20.185+01:00 INFO portal-bff host=portal-bff-7c9d5b-x2k4p corrId=c-525fd3fe32a88d2a application completed application_id=APP-2026-237284 status=OFFER_ISSUED
2026-03-06T11:49:05.203+01:00 INFO portal-bff host=portal-bff-a41e92-t6zvn corrId=c-6e16fc4fcb347e02 conversion quote requested loan_id=LN103977562 target_product=FLEX_5Y
2026-03-06T11:49:05.246+01:00 INFO identity-service host=identity-service-5b8f6c-x2k4p corrId=c-6e16fc4fcb347e02 MitID session validated customer_id=C26396472
2026-03-06T11:49:05.369+01:00 INFO pricing-service host=pricing-service-5b8f6c-p9qmz corrId=c-6e16fc4fcb347e02 bond price fetched series=BND2.5-2056 price=88.091
2026-03-06T11:49:05.477+01:00 INFO pricing-service host=pricing-service-5b8f6c-p9qmz corrId=c-6e16fc4fcb347e02 conversion cost calculated loan_id=LN103977562 cost_dkk=65921.17
2026-03-06T11:49:05.521+01:00 INFO quote-service host=quote-service-7c9d5b-x2k4p corrId=c-6e16fc4fcb347e02 conversion quote issued quote_id=Q31950876 loan_id=LN103977562
2026-03-06T11:50:00.100+01:00 INFO api-gateway host=api-gateway-7c9d5b-t6zvn corrId=- health probe ok status=200 latency_ms=12
2026-03-06T11:50:00.129+01:00 INFO payment-scheduler host=payment-scheduler-5b8f6c-p9qmz corrId=- scheduler heartbeat lag_ms=109
2026-03-06T11:50:34.630+01:00 INFO portal-bff host=portal-bff-a41e92-p9qmz corrId=c-a275e7383f730dd0 loan application submitted application_id=APP-2026-889103 customer_segment=PRIVATE
2026-03-06T11:50:34.746+01:00 INFO identity-service host=identity-service-5b8f6c-p9qmz corrId=c-a275e7383f730dd0 MitID session validated customer_id=C34555053
2026-03-06T11:50:34.786+01:00 INFO customer-service host=customer-service-5b8f6c-t6zvn corrId=c-a275e7383f730dd0 KYC profile loaded customer_id=C34555053 risk_class=LOW
2026-03-06T11:50:34.817+01:00 INFO valuation-service host=valuation-service-5b8f6c-t6zvn corrId=c-a275e7383f730dd0 property valuation requested property_id=P6278149 provider=valuta-ejd
2026-03-06T11:50:35.869+01:00 INFO valuation-service host=valuation-service-5b8f6c-p9qmz corrId=c-a275e7383f730dd0 property valuation received property_id=P6278149 value_dkk=2490000 latency_ms=928
2026-03-06T11:50:35.951+01:00 INFO credit-service host=credit-service-a41e92-x2k4p corrId=c-a275e7383f730dd0 credit assessment completed application_id=APP-2026-889103 score=478 decision=APPROVED
2026-03-06T11:50:35.959+01:00 INFO offer-service host=offer-service-5b8f6c-t6zvn corrId=c-a275e7383f730dd0 loan offer generated application_id=APP-2026-889103 loan_type=FIXED_30Y principal_dkk=3410000
2026-03-06T11:50:36.045+01:00 INFO document-service host=document-service-a41e92-p9qmz corrId=c-a275e7383f730dd0 offer document stored application_id=APP-2026-889103 doc_id=DOC-cb8a8fe2
2026-03-06T11:50:36.068+01:00 INFO portal-bff host=portal-bff-7c9d5b-x2k4p corrId=c-a275e7383f730dd0 application completed application_id=APP-2026-889103 status=OFFER_ISSUED
2026-03-06T11:50:53.670+01:00 INFO portal-bff host=portal-bff-5b8f6c-p9qmz corrId=c-518dab5c6b19ab47 loan application submitted application_id=APP-2026-163308 customer_segment=RETAIL
2026-03-06T11:50:53.795+01:00 INFO identity-service host=identity-service-a41e92-p9qmz corrId=c-518dab5c6b19ab47 MitID session validated customer_id=C55057918
2026-03-06T11:50:53.895+01:00 INFO customer-service host=customer-service-5b8f6c-p9qmz corrId=c-518dab5c6b19ab47 KYC profile loaded customer_id=C55057918 risk_class=HIGH
2026-03-06T11:50:53.939+01:00 INFO valuation-service host=valuation-service-7c9d5b-t6zvn corrId=c-518dab5c6b19ab47 property valuation served from cache property_id=P7702744 value_dkk=8880000
2026-03-06T11:50:54.009+01:00 INFO credit-service host=credit-service-a41e92-x2k4p corrId=c-518dab5c6b19ab47 credit assessment completed application_id=APP-2026-163308 score=544 decision=APPROVED
2026-03-06T11:50:54.112+01:00 INFO offer-service host=offer-service-7c9d5b-x2k4p corrId=c-518dab5c6b19ab47 loan offer generated application_id=APP-2026-163308 loan_type=FIXED_30Y principal_dkk=705000
2026-03-06T11:50:54.190+01:00 INFO document-service host=document-service-7c9d5b-p9qmz corrId=c-518dab5c6b19ab47 offer document stored application_id=APP-2026-163308 doc_id=DOC-f362701f
2026-03-06T11:50:54.264+01:00 INFO portal-bff host=portal-bff-7c9d5b-t6zvn corrId=c-518dab5c6b19ab47 application completed application_id=APP-2026-163308 status=OFFER_ISSUED
2026-03-06T11:51:22.307+01:00 INFO portal-bff host=portal-bff-7c9d5b-p9qmz corrId=c-e79c505d99dcbcf7 loan application submitted application_id=APP-2026-589672 customer_segment=RETAIL
2026-03-06T11:51:22.350+01:00 INFO identity-service host=identity-service-7c9d5b-p9qmz corrId=c-e79c505d99dcbcf7 MitID session validated customer_id=C28948725
2026-03-06T11:51:22.383+01:00 INFO customer-service host=customer-service-7c9d5b-x2k4p corrId=c-e79c505d99dcbcf7 KYC profile loaded customer_id=C28948725 risk_class=LOW
2026-03-06T11:51:22.390+01:00 INFO valuation-service host=valuation-service-7c9d5b-x2k4p corrId=c-e79c505d99dcbcf7 property valuation requested property_id=P6090972 provider=valuta-ejd
2026-03-06T11:51:22.846+01:00 INFO valuation-service host=valuation-service-7c9d5b-p9qmz corrId=c-e79c505d99dcbcf7 property valuation received property_id=P6090972 value_dkk=4450000 latency_ms=409
2026-03-06T11:51:22.864+01:00 INFO credit-service host=credit-service-5b8f6c-x2k4p corrId=c-e79c505d99dcbcf7 credit assessment completed application_id=APP-2026-589672 score=590 decision=APPROVED
2026-03-06T11:51:22.951+01:00 INFO offer-service host=offer-service-a41e92-t6zvn corrId=c-e79c505d99dcbcf7 loan offer generated application_id=APP-2026-589672 loan_type=FLEX_5Y principal_dkk=1470000
2026-03-06T11:51:23.079+01:00 INFO document-service host=document-service-7c9d5b-p9qmz corrId=c-e79c505d99dcbcf7 offer document stored application_id=APP-2026-589672 doc_id=DOC-735dc698
2026-03-06T11:51:23.167+01:00 INFO portal-bff host=portal-bff-5b8f6c-x2k4p corrId=c-e79c505d99dcbcf7 application completed application_id=APP-2026-589672 status=OFFER_ISSUED
2026-03-06T11:51:55.683+01:00 INFO portal-bff host=portal-bff-7c9d5b-x2k4p corrId=c-0a663d8c09146573 conversion quote requested loan_id=LN716402885 target_product=FIXED_30Y
2026-03-06T11:51:55.733+01:00 INFO identity-service host=identity-service-a41e92-p9qmz corrId=c-0a663d8c09146573 MitID session validated customer_id=C62053724
2026-03-06T11:51:55.756+01:00 INFO pricing-service host=pricing-service-a41e92-t6zvn corrId=c-0a663d8c09146573 bond price fetched series=BND3.0-2053 price=89.293
2026-03-06T11:51:55.825+01:00 INFO pricing-service host=pricing-service-a41e92-x2k4p corrId=c-0a663d8c09146573 conversion cost calculated loan_id=LN716402885 cost_dkk=15184.42
2026-03-06T11:51:55.931+01:00 INFO quote-service host=quote-service-5b8f6c-x2k4p corrId=c-0a663d8c09146573 conversion quote issued quote_id=Q27787784 loan_id=LN716402885
2026-03-06T11:52:03.695+01:00 INFO portal-bff host=portal-bff-a41e92-t6zvn corrId=c-81841617d52e3761 loan application submitted application_id=APP-2026-988430 customer_segment=RETAIL
2026-03-06T11:52:03.741+01:00 INFO identity-service host=identity-service-7c9d5b-x2k4p corrId=c-81841617d52e3761 MitID session validated customer_id=C39762415
2026-03-06T11:52:03.840+01:00 INFO customer-service host=customer-service-5b8f6c-x2k4p corrId=c-81841617d52e3761 KYC profile loaded customer_id=C39762415 risk_class=LOW
2026-03-06T11:52:03.924+01:00 INFO valuation-service host=valuation-service-a41e92-x2k4p corrId=c-81841617d52e3761 property valuation served from cache property_id=P5938836 value_dkk=3180000
2026-03-06T11:52:04.052+01:00 INFO credit-service host=credit-service-a41e92-x2k4p corrId=c-81841617d52e3761 credit assessment completed application_id=APP-2026-988430 score=675 decision=APPROVED
2026-03-06T11:52:04.172+01:00 INFO offer-service host=offer-service-a41e92-p9qmz corrId=c-81841617d52e3761 loan offer generated application_id=APP-2026-988430 loan_type=FLEX_1Y principal_dkk=1440000
2026-03-06T11:52:04.277+01:00 INFO document-service host=document-service-5b8f6c-p9qmz corrId=c-81841617d52e3761 offer document stored application_id=APP-2026-988430 doc_id=DOC-f74c84b6
2026-03-06T11:52:04.296+01:00 INFO portal-bff host=portal-bff-a41e92-x2k4p corrId=c-81841617d52e3761 application completed application_id=APP-2026-988430 status=OFFER_ISSUED
2026-03-06T11:52:20.425+01:00 INFO portal-bff host=portal-bff-7c9d5b-x2k4p corrId=c-4a30edc60b58efb1 conversion quote requested loan_id=LN304436442 target_product=FIXED_30Y
2026-03-06T11:52:20.478+01:00 INFO identity-service host=identity-service-a41e92-p9qmz corrId=c-4a30edc60b58efb1 MitID session validated customer_id=C82999722
2026-03-06T11:52:20.557+01:00 INFO pricing-service host=pricing-service-5b8f6c-x2k4p corrId=c-4a30edc60b58efb1 bond price fetched series=BND3.0-2056 price=92.588
2026-03-06T11:52:20.649+01:00 INFO pricing-service host=pricing-service-a41e92-p9qmz corrId=c-4a30edc60b58efb1 conversion cost calculated loan_id=LN304436442 cost_dkk=69335.05
2026-03-06T11:52:20.688+01:00 INFO quote-service host=quote-service-7c9d5b-p9qmz corrId=c-4a30edc60b58efb1 conversion quote issued quote_id=Q99428031 loan_id=LN304436442
2026-03-06T11:54:10.861+01:00 INFO portal-bff host=portal-bff-7c9d5b-p9qmz corrId=c-91cdec59dd4452e8 loan application submitted application_id=APP-2026-091342 customer_segment=PRIVATE
2026-03-06T11:54:10.983+01:00 INFO identity-service host=identity-service-5b8f6c-x2k4p corrId=c-91cdec59dd4452e8 MitID session validated customer_id=C80764921
2026-03-06T11:54:11.107+01:00 INFO customer-service host=customer-service-5b8f6c-t6zvn corrId=c-91cdec59dd4452e8 KYC profile loaded customer_id=C80764921 risk_class=LOW
2026-03-06T11:54:11.224+01:00 INFO valuation-service host=valuation-service-5b8f6c-x2k4p corrId=c-91cdec59dd4452e8 property valuation requested property_id=P2886175 provider=valuta-ejd
2026-03-06T11:54:12.130+01:00 INFO valuation-service host=valuation-service-a41e92-p9qmz corrId=c-91cdec59dd4452e8 property valuation received property_id=P2886175 value_dkk=7050000 latency_ms=785
2026-03-06T11:54:12.265+01:00 INFO credit-service host=credit-service-5b8f6c-p9qmz corrId=c-91cdec59dd4452e8 credit assessment completed application_id=APP-2026-091342 score=575 decision=APPROVED
2026-03-06T11:54:12.378+01:00 INFO offer-service host=offer-service-5b8f6c-t6zvn corrId=c-91cdec59dd4452e8 loan offer generated application_id=APP-2026-091342 loan_type=FIXED_30Y principal_dkk=5395000
2026-03-06T11:54:12.502+01:00 INFO document-service host=document-service-a41e92-p9qmz corrId=c-91cdec59dd4452e8 offer document stored application_id=APP-2026-091342 doc_id=DOC-c551a73c
2026-03-06T11:54:12.629+01:00 INFO portal-bff host=portal-bff-5b8f6c-t6zvn corrId=c-91cdec59dd4452e8 application completed application_id=APP-2026-091342 status=OFFER_ISSUED
2026-03-06T11:54:19.109+01:00 INFO offer-service host=offer-service-a41e92-t6zvn corrId=c-78333738a019b59d offer accepted application_id=APP-2026-550067
2026-03-06T11:54:19.152+01:00 INFO ledger-service host=ledger-service-7c9d5b-p9qmz corrId=c-78333738a019b59d funds reserved application_id=APP-2026-550067 amount_dkk=4465000
2026-03-06T11:54:19.251+01:00 INFO payment-service host=payment-service-5b8f6c-p9qmz corrId=c-78333738a019b59d payout instruction sent application_id=APP-2026-550067 amount_dkk=4465000
2026-03-06T11:54:19.389+01:00 INFO ledger-service host=ledger-service-7c9d5b-p9qmz corrId=c-78333738a019b59d payout booked application_id=APP-2026-550067 posting_id=PST-8b25c58d1a
2026-03-06T11:54:19.496+01:00 INFO notification-service host=notification-service-5b8f6c-x2k4p corrId=c-78333738a019b59d payout confirmation sent application_id=APP-2026-550067
2026-03-06T11:54:56.338+01:00 INFO offer-service host=offer-service-5b8f6c-t6zvn corrId=c-19891eb1c58d1eeb offer accepted application_id=APP-2026-299036
2026-03-06T11:54:56.413+01:00 INFO ledger-service host=ledger-service-a41e92-x2k4p corrId=c-19891eb1c58d1eeb funds reserved application_id=APP-2026-299036 amount_dkk=4865000
2026-03-06T11:54:56.527+01:00 INFO payment-service host=payment-service-5b8f6c-x2k4p corrId=c-19891eb1c58d1eeb payout instruction sent application_id=APP-2026-299036 amount_dkk=4865000
2026-03-06T11:54:56.559+01:00 INFO ledger-service host=ledger-service-5b8f6c-t6zvn corrId=c-19891eb1c58d1eeb payout booked application_id=APP-2026-299036 posting_id=PST-2b833411ba
2026-03-06T11:54:56.601+01:00 INFO notification-service host=notification-service-5b8f6c-x2k4p corrId=c-19891eb1c58d1eeb payout confirmation sent application_id=APP-2026-299036
2026-03-06T11:54:58.954+01:00 INFO portal-bff host=portal-bff-7c9d5b-p9qmz corrId=c-67f0f151d655132d loan application submitted application_id=APP-2026-791820 customer_segment=PRIVATE
2026-03-06T11:54:59.044+01:00 INFO identity-service host=identity-service-5b8f6c-t6zvn corrId=c-67f0f151d655132d MitID session validated customer_id=C41622567
2026-03-06T11:54:59.107+01:00 INFO customer-service host=customer-service-7c9d5b-x2k4p corrId=c-67f0f151d655132d KYC profile loaded customer_id=C41622567 risk_class=HIGH
2026-03-06T11:54:59.168+01:00 INFO valuation-service host=valuation-service-7c9d5b-x2k4p corrId=c-67f0f151d655132d property valuation served from cache property_id=P8269350 value_dkk=6950000
2026-03-06T11:54:59.283+01:00 INFO credit-service host=credit-service-5b8f6c-t6zvn corrId=c-67f0f151d655132d credit assessment completed application_id=APP-2026-791820 score=752 decision=APPROVED
2026-03-06T11:54:59.411+01:00 INFO offer-service host=offer-service-a41e92-x2k4p corrId=c-67f0f151d655132d loan offer generated application_id=APP-2026-791820 loan_type=FLEX_5Y principal_dkk=2050000
2026-03-06T11:54:59.502+01:00 INFO document-service host=document-service-a41e92-x2k4p corrId=c-67f0f151d655132d offer document stored application_id=APP-2026-791820 doc_id=DOC-8b14b613
2026-03-06T11:54:59.539+01:00 INFO portal-bff host=portal-bff-7c9d5b-x2k4p corrId=c-67f0f151d655132d application completed application_id=APP-2026-791820 status=OFFER_ISSUED
2026-03-06T11:55:00.773+01:00 INFO api-gateway host=api-gateway-a41e92-x2k4p corrId=- health probe ok status=200 latency_ms=18
2026-03-06T11:55:44.059+01:00 INFO portal-bff host=portal-bff-5b8f6c-p9qmz corrId=c-5cbf743c6dcff3f1 loan application submitted application_id=APP-2026-421194 customer_segment=SME
2026-03-06T11:55:44.185+01:00 INFO identity-service host=identity-service-5b8f6c-p9qmz corrId=c-5cbf743c6dcff3f1 MitID session validated customer_id=C28734011
2026-03-06T11:55:44.315+01:00 INFO customer-service host=customer-service-5b8f6c-t6zvn corrId=c-5cbf743c6dcff3f1 KYC profile loaded customer_id=C28734011 risk_class=LOW
2026-03-06T11:55:44.366+01:00 INFO valuation-service host=valuation-service-a41e92-t6zvn corrId=c-5cbf743c6dcff3f1 property valuation requested property_id=P7695184 provider=bolig-vurdering
2026-03-06T11:55:45.021+01:00 INFO valuation-service host=valuation-service-a41e92-t6zvn corrId=c-5cbf743c6dcff3f1 property valuation received property_id=P7695184 value_dkk=4780000 latency_ms=533
2026-03-06T11:55:45.039+01:00 INFO credit-service host=credit-service-a41e92-p9qmz corrId=c-5cbf743c6dcff3f1 credit assessment completed application_id=APP-2026-421194 score=467 decision=APPROVED
2026-03-06T11:55:45.097+01:00 INFO offer-service host=offer-service-a41e92-p9qmz corrId=c-5cbf743c6dcff3f1 loan offer generated application_id=APP-2026-421194 loan_type=FIXED_30Y principal_dkk=2415000
2026-03-06T11:55:45.236+01:00 INFO document-service host=document-service-7c9d5b-x2k4p corrId=c-5cbf743c6dcff3f1 offer document stored application_id=APP-2026-421194 doc_id=DOC-dfbb99ad
2026-03-06T11:55:45.292+01:00 INFO portal-bff host=portal-bff-5b8f6c-x2k4p corrId=c-5cbf743c6dcff3f1 application completed application_id=APP-2026-421194 status=OFFER_ISSUED
2026-03-06T11:59:24.811+01:00 INFO portal-bff host=portal-bff-a41e92-x2k4p corrId=c-cec7c1dcbf14e1c5 loan application submitted application_id=APP-2026-815433 customer_segment=RETAIL
2026-03-06T11:59:24.941+01:00 INFO identity-service host=identity-service-7c9d5b-p9qmz corrId=c-cec7c1dcbf14e1c5 MitID session validated customer_id=C25006763
2026-03-06T11:59:24.985+01:00 INFO customer-service host=customer-service-7c9d5b-t6zvn corrId=c-cec7c1dcbf14e1c5 KYC profile loaded customer_id=C25006763 risk_class=LOW
2026-03-06T11:59:25.059+01:00 INFO valuation-service host=valuation-service-7c9d5b-p9qmz corrId=c-cec7c1dcbf14e1c5 property valuation requested property_id=P4949253 provider=bolig-vurdering
2026-03-06T11:59:25.368+01:00 INFO valuation-service host=valuation-service-7c9d5b-t6zvn corrId=c-cec7c1dcbf14e1c5 property valuation received property_id=P4949253 value_dkk=7920000 latency_ms=242
2026-03-06T11:59:25.456+01:00 INFO credit-service host=credit-service-a41e92-x2k4p corrId=c-cec7c1dcbf14e1c5 credit assessment completed application_id=APP-2026-815433 score=673 decision=APPROVED
2026-03-06T11:59:25.568+01:00 INFO offer-service host=offer-service-7c9d5b-t6zvn corrId=c-cec7c1dcbf14e1c5 loan offer generated application_id=APP-2026-815433 loan_type=FIXED_20Y_IO principal_dkk=1625000
2026-03-06T11:59:25.589+01:00 INFO document-service host=document-service-7c9d5b-t6zvn corrId=c-cec7c1dcbf14e1c5 offer document stored application_id=APP-2026-815433 doc_id=DOC-c9327cdc
2026-03-06T11:59:25.611+01:00 INFO portal-bff host=portal-bff-5b8f6c-t6zvn corrId=c-cec7c1dcbf14e1c5 application completed application_id=APP-2026-815433 status=OFFER_ISSUED
2026-03-06T12:00:00.494+01:00 INFO payment-scheduler host=payment-scheduler-5b8f6c-p9qmz corrId=- scheduler heartbeat lag_ms=30
2026-03-06T12:00:00.601+01:00 INFO api-gateway host=api-gateway-a41e92-t6zvn corrId=- health probe ok status=200 latency_ms=15
2026-03-06T12:00:14.508+01:00 INFO portal-bff host=portal-bff-a41e92-x2k4p corrId=c-0862fd6334b13817 conversion quote requested loan_id=LN537922584 target_product=FLEX_5Y
2026-03-06T12:00:14.645+01:00 INFO identity-service host=identity-service-a41e92-t6zvn corrId=c-0862fd6334b13817 MitID session validated customer_id=C82833359
2026-03-06T12:00:14.730+01:00 INFO pricing-service host=pricing-service-5b8f6c-x2k4p corrId=c-0862fd6334b13817 bond price fetched series=BND2.5-2056 price=88.941
2026-03-06T12:00:14.802+01:00 INFO pricing-service host=pricing-service-a41e92-x2k4p corrId=c-0862fd6334b13817 conversion cost calculated loan_id=LN537922584 cost_dkk=16173.87
2026-03-06T12:00:14.880+01:00 INFO quote-service host=quote-service-7c9d5b-x2k4p corrId=c-0862fd6334b13817 conversion quote issued quote_id=Q80318233 loan_id=LN537922584
2026-03-06T12:00:15.782+01:00 INFO portal-bff host=portal-bff-7c9d5b-t6zvn corrId=c-15d78ae0991d272b conversion quote requested loan_id=LN260560194 target_product=FIXED_30Y
2026-03-06T12:00:15.823+01:00 INFO identity-service host=identity-service-7c9d5b-p9qmz corrId=c-15d78ae0991d272b MitID session validated customer_id=C05956590
2026-03-06T12:00:15.961+01:00 INFO pricing-service host=pricing-service-7c9d5b-t6zvn corrId=c-15d78ae0991d272b bond price fetched series=BND4.0-2053 price=91.642
2026-03-06T12:00:16.088+01:00 INFO pricing-service host=pricing-service-5b8f6c-x2k4p corrId=c-15d78ae0991d272b conversion cost calculated loan_id=LN260560194 cost_dkk=17408.22
2026-03-06T12:00:16.154+01:00 INFO quote-service host=quote-service-5b8f6c-p9qmz corrId=c-15d78ae0991d272b conversion quote issued quote_id=Q26830269 loan_id=LN260560194
2026-03-06T12:00:33.000+01:00 INFO config-service host=config-service-a41e92-t6zvn corrId=- configuration refreshed version=v122
2026-03-06T12:01:39.449+01:00 INFO portal-bff host=portal-bff-5b8f6c-t6zvn corrId=c-29f0838feb383197 conversion quote requested loan_id=LN194297230 target_product=FLEX_5Y
2026-03-06T12:01:39.570+01:00 INFO identity-service host=identity-service-7c9d5b-x2k4p corrId=c-29f0838feb383197 MitID session validated customer_id=C69568947
2026-03-06T12:01:39.630+01:00 INFO pricing-service host=pricing-service-5b8f6c-x2k4p corrId=c-29f0838feb383197 bond price fetched series=BND4.0-2056 price=91.595
2026-03-06T12:01:39.746+01:00 INFO pricing-service host=pricing-service-a41e92-p9qmz corrId=c-29f0838feb383197 conversion cost calculated loan_id=LN194297230 cost_dkk=77988.02
2026-03-06T12:01:39.791+01:00 INFO quote-service host=quote-service-5b8f6c-p9qmz corrId=c-29f0838feb383197 conversion quote issued quote_id=Q81435051 loan_id=LN194297230
2026-03-06T12:01:42.107+01:00 INFO portal-bff host=portal-bff-5b8f6c-p9qmz corrId=c-b13a445444211071 conversion quote requested loan_id=LN306865417 target_product=FLEX_1Y
2026-03-06T12:01:42.153+01:00 INFO identity-service host=identity-service-a41e92-x2k4p corrId=c-b13a445444211071 MitID session validated customer_id=C95576359
2026-03-06T12:01:42.206+01:00 INFO pricing-service host=pricing-service-a41e92-x2k4p corrId=c-b13a445444211071 bond price fetched series=BND3.0-2056 price=98.945
2026-03-06T12:01:42.215+01:00 INFO pricing-service host=pricing-service-7c9d5b-x2k4p corrId=c-b13a445444211071 conversion cost calculated loan_id=LN306865417 cost_dkk=22279.74
2026-03-06T12:01:42.282+01:00 INFO quote-service host=quote-service-7c9d5b-x2k4p corrId=c-b13a445444211071 conversion quote issued quote_id=Q04327501 loan_id=LN306865417
2026-03-06T12:02:09.189+01:00 INFO offer-service host=offer-service-a41e92-p9qmz corrId=c-3da10b5fb70364a3 offer accepted application_id=APP-2026-855541
2026-03-06T12:02:09.266+01:00 INFO ledger-service host=ledger-service-7c9d5b-p9qmz corrId=c-3da10b5fb70364a3 funds reserved application_id=APP-2026-855541 amount_dkk=3340000
2026-03-06T12:02:09.324+01:00 INFO payment-service host=payment-service-a41e92-t6zvn corrId=c-3da10b5fb70364a3 payout instruction sent application_id=APP-2026-855541 amount_dkk=3340000
2026-03-06T12:02:09.392+01:00 INFO ledger-service host=ledger-service-a41e92-p9qmz corrId=c-3da10b5fb70364a3 payout booked application_id=APP-2026-855541 posting_id=PST-4c03e59e96
2026-03-06T12:02:09.517+01:00 INFO notification-service host=notification-service-7c9d5b-t6zvn corrId=c-3da10b5fb70364a3 payout confirmation sent application_id=APP-2026-855541
2026-03-06T12:02:09.577+01:00 INFO offer-service host=offer-service-5b8f6c-p9qmz corrId=c-24ae33e0bd64fa54 offer accepted application_id=APP-2026-154418
2026-03-06T12:02:09.648+01:00 INFO ledger-service host=ledger-service-5b8f6c-x2k4p corrId=c-24ae33e0bd64fa54 funds reserved application_id=APP-2026-154418 amount_dkk=2930000
2026-03-06T12:02:09.683+01:00 INFO payment-service host=payment-service-a41e92-x2k4p corrId=c-24ae33e0bd64fa54 payout instruction sent application_id=APP-2026-154418 amount_dkk=2930000
2026-03-06T12:02:09.766+01:00 INFO ledger-service host=ledger-service-a41e92-x2k4p corrId=c-24ae33e0bd64fa54 payout booked application_id=APP-2026-154418 posting_id=PST-bc9c398132
2026-03-06T12:02:09.881+01:00 INFO notification-service host=notification-service-a41e92-x2k4p corrId=c-24ae33e0bd64fa54 payout confirmation sent application_id=APP-2026-154418
2026-03-06T12:02:34.531+01:00 INFO portal-bff host=portal-bff-7c9d5b-t6zvn corrId=c-57125554bd97e2d3 loan application submitted application_id=APP-2026-725930 customer_segment=RETAIL
2026-03-06T12:02:34.593+01:00 INFO identity-service host=identity-service-a41e92-x2k4p corrId=c-57125554bd97e2d3 MitID session validated customer_id=C20718362
2026-03-06T12:02:34.705+01:00 INFO customer-service host=customer-service-7c9d5b-t6zvn corrId=c-57125554bd97e2d3 KYC profile loaded customer_id=C20718362 risk_class=HIGH
2026-03-06T12:02:34.741+01:00 INFO valuation-service host=valuation-service-5b8f6c-x2k4p corrId=c-57125554bd97e2d3 property valuation served from cache property_id=P9455917 value_dkk=7010000
2026-03-06T12:02:34.842+01:00 INFO credit-service host=credit-service-7c9d5b-t6zvn corrId=c-57125554bd97e2d3 credit assessment completed application_id=APP-2026-725930 score=711 decision=APPROVED
2026-03-06T12:02:34.956+01:00 INFO offer-service host=offer-service-7c9d5b-x2k4p corrId=c-57125554bd97e2d3 loan offer generated application_id=APP-2026-725930 loan_type=FIXED_30Y principal_dkk=2390000
2026-03-06T12:02:35.070+01:00 INFO document-service host=document-service-a41e92-x2k4p corrId=c-57125554bd97e2d3 offer document stored application_id=APP-2026-725930 doc_id=DOC-8b834248
2026-03-06T12:02:35.209+01:00 INFO portal-bff host=portal-bff-5b8f6c-x2k4p corrId=c-57125554bd97e2d3 application completed application_id=APP-2026-725930 status=OFFER_ISSUED
2026-03-06T12:03:32.532+01:00 INFO portal-bff host=portal-bff-5b8f6c-p9qmz corrId=c-c2ce42dd21bd32b7 loan application submitted application_id=APP-2026-494746 customer_segment=SME
2026-03-06T12:03:32.635+01:00 INFO identity-service host=identity-service-5b8f6c-p9qmz corrId=c-c2ce42dd21bd32b7 MitID session validated customer_id=C16109277
2026-03-06T12:03:32.754+01:00 INFO customer-service host=customer-service-5b8f6c-t6zvn corrId=c-c2ce42dd21bd32b7 KYC profile loaded customer_id=C16109277 risk_class=LOW
2026-03-06T12:03:32.855+01:00 INFO valuation-service host=valuation-service-7c9d5b-t6zvn corrId=c-c2ce42dd21bd32b7 property valuation requested property_id=P9236304 provider=valuta-ejd
2026-03-06T12:03:33.309+01:00 INFO valuation-service host=valuation-service-5b8f6c-t6zvn corrId=c-c2ce42dd21bd32b7 property valuation received property_id=P9236304 value_dkk=4440000 latency_ms=436
2026-03-06T12:03:33.329+01:00 INFO credit-service host=credit-service-7c9d5b-x2k4p corrId=c-c2ce42dd21bd32b7 credit assessment completed application_id=APP-2026-494746 score=871 decision=APPROVED
2026-03-06T12:03:33.415+01:00 INFO offer-service host=offer-service-7c9d5b-t6zvn corrId=c-c2ce42dd21bd32b7 loan offer generated application_id=APP-2026-494746 loan_type=FLEX_5Y principal_dkk=570000
2026-03-06T12:03:33.523+01:00 INFO document-service host=document-service-7c9d5b-x2k4p corrId=c-c2ce42dd21bd32b7 offer document stored application_id=APP-2026-494746 doc_id=DOC-d0a0202e
2026-03-06T12:03:33.625+01:00 INFO portal-bff host=portal-bff-5b8f6c-x2k4p corrId=c-c2ce42dd21bd32b7 application completed application_id=APP-2026-494746 status=OFFER_ISSUED
2026-03-06T12:04:34.452+01:00 INFO offer-service host=offer-service-7c9d5b-p9qmz corrId=c-de0005b5e59a753e offer accepted application_id=APP-2026-450741
2026-03-06T12:04:34.521+01:00 INFO ledger-service host=ledger-service-5b8f6c-x2k4p corrId=c-de0005b5e59a753e funds reserved application_id=APP-2026-450741 amount_dkk=4635000
2026-03-06T12:04:34.590+01:00 INFO payment-service host=payment-service-5b8f6c-p9qmz corrId=c-de0005b5e59a753e payout instruction sent application_id=APP-2026-450741 amount_dkk=4635000
2026-03-06T12:04:34.608+01:00 INFO ledger-service host=ledger-service-5b8f6c-x2k4p corrId=c-de0005b5e59a753e payout booked application_id=APP-2026-450741 posting_id=PST-2941311551
2026-03-06T12:04:34.693+01:00 INFO notification-service host=notification-service-5b8f6c-x2k4p corrId=c-de0005b5e59a753e payout confirmation sent application_id=APP-2026-450741
2026-03-06T12:05:00.074+01:00 INFO portal-bff host=portal-bff-a41e92-p9qmz corrId=c-2499db11dd57f50d loan application submitted application_id=APP-2026-264020 customer_segment=RETAIL
2026-03-06T12:05:00.088+01:00 INFO identity-service host=identity-service-7c9d5b-t6zvn corrId=c-2499db11dd57f50d MitID session validated customer_id=C29286619
2026-03-06T12:05:00.156+01:00 INFO customer-service host=customer-service-7c9d5b-t6zvn corrId=c-2499db11dd57f50d KYC profile loaded customer_id=C29286619 risk_class=MEDIUM
2026-03-06T12:05:00.197+01:00 INFO valuation-service host=valuation-service-a41e92-x2k4p corrId=c-2499db11dd57f50d property valuation requested property_id=P7451670 provider=valuta-ejd
2026-03-06T12:05:00.648+01:00 INFO api-gateway host=api-gateway-5b8f6c-t6zvn corrId=- health probe ok status=200 latency_ms=34
2026-03-06T12:05:00.820+01:00 INFO valuation-service host=valuation-service-a41e92-x2k4p corrId=c-2499db11dd57f50d property valuation received property_id=P7451670 value_dkk=7180000 latency_ms=563
2026-03-06T12:05:00.843+01:00 INFO credit-service host=credit-service-a41e92-x2k4p corrId=c-2499db11dd57f50d credit assessment completed application_id=APP-2026-264020 score=875 decision=APPROVED
2026-03-06T12:05:00.893+01:00 INFO offer-service host=offer-service-a41e92-t6zvn corrId=c-2499db11dd57f50d loan offer generated application_id=APP-2026-264020 loan_type=FIXED_30Y principal_dkk=3550000
2026-03-06T12:05:00.964+01:00 INFO document-service host=document-service-7c9d5b-t6zvn corrId=c-2499db11dd57f50d offer document stored application_id=APP-2026-264020 doc_id=DOC-6f1b1f38
2026-03-06T12:05:01.023+01:00 INFO portal-bff host=portal-bff-7c9d5b-p9qmz corrId=c-2499db11dd57f50d application completed application_id=APP-2026-264020 status=OFFER_ISSUED
2026-03-06T12:05:04.201+01:00 INFO portal-bff host=portal-bff-a41e92-x2k4p corrId=c-e1a1de45bc854ae7 loan application submitted application_id=APP-2026-747807 customer_segment=PRIVATE
2026-03-06T12:05:04.258+01:00 INFO identity-service host=identity-service-5b8f6c-p9qmz corrId=c-e1a1de45bc854ae7 MitID session validated customer_id=C64615673
2026-03-06T12:05:04.310+01:00 INFO customer-service host=customer-service-7c9d5b-p9qmz corrId=c-e1a1de45bc854ae7 KYC profile loaded customer_id=C64615673 risk_class=MEDIUM
2026-03-06T12:05:04.406+01:00 INFO valuation-service host=valuation-service-5b8f6c-p9qmz corrId=c-e1a1de45bc854ae7 property valuation requested property_id=P6563762 provider=bolig-vurdering
2026-03-06T12:05:05.394+01:00 INFO valuation-service host=valuation-service-a41e92-t6zvn corrId=c-e1a1de45bc854ae7 property valuation received property_id=P6563762 value_dkk=7030000 latency_ms=854
2026-03-06T12:05:05.514+01:00 INFO credit-service host=credit-service-5b8f6c-t6zvn corrId=c-e1a1de45bc854ae7 credit assessment completed application_id=APP-2026-747807 score=617 decision=APPROVED
2026-03-06T12:05:05.646+01:00 INFO offer-service host=offer-service-a41e92-p9qmz corrId=c-e1a1de45bc854ae7 loan offer generated application_id=APP-2026-747807 loan_type=FLEX_5Y principal_dkk=3750000
2026-03-06T12:05:05.680+01:00 INFO document-service host=document-service-a41e92-x2k4p corrId=c-e1a1de45bc854ae7 offer document stored application_id=APP-2026-747807 doc_id=DOC-d49e4882
2026-03-06T12:05:05.727+01:00 INFO portal-bff host=portal-bff-5b8f6c-t6zvn corrId=c-e1a1de45bc854ae7 application completed application_id=APP-2026-747807 status=OFFER_ISSUED
2026-03-06T12:06:41.379+01:00 INFO portal-bff host=portal-bff-5b8f6c-x2k4p corrId=c-cb6b88bdd6ae0d6a conversion quote requested loan_id=LN359711103 target_product=FLEX_5Y
2026-03-06T12:06:41.509+01:00 INFO identity-service host=identity-service-5b8f6c-x2k4p corrId=c-cb6b88bdd6ae0d6a MitID session validated customer_id=C48659888
2026-03-06T12:06:41.578+01:00 INFO pricing-service host=pricing-service-5b8f6c-p9qmz corrId=c-cb6b88bdd6ae0d6a bond price fetched series=BND3.0-2053 price=88.951
2026-03-06T12:06:41.597+01:00 INFO pricing-service host=pricing-service-7c9d5b-t6zvn corrId=c-cb6b88bdd6ae0d6a conversion cost calculated loan_id=LN359711103 cost_dkk=11360.51
2026-03-06T12:06:41.651+01:00 INFO quote-service host=quote-service-5b8f6c-p9qmz corrId=c-cb6b88bdd6ae0d6a conversion quote issued quote_id=Q38964345 loan_id=LN359711103
2026-03-06T12:07:21.335+01:00 INFO portal-bff host=portal-bff-a41e92-p9qmz corrId=c-272a40bef307aa29 loan application submitted application_id=APP-2026-554588 customer_segment=RETAIL
2026-03-06T12:07:21.463+01:00 INFO identity-service host=identity-service-7c9d5b-x2k4p corrId=c-272a40bef307aa29 MitID session validated customer_id=C40487317
2026-03-06T12:07:21.570+01:00 INFO customer-service host=customer-service-a41e92-x2k4p corrId=c-272a40bef307aa29 KYC profile loaded customer_id=C40487317 risk_class=HIGH
2026-03-06T12:07:21.582+01:00 INFO valuation-service host=valuation-service-7c9d5b-p9qmz corrId=c-272a40bef307aa29 property valuation requested property_id=P7069511 provider=valuta-ejd
2026-03-06T12:07:22.292+01:00 INFO valuation-service host=valuation-service-7c9d5b-p9qmz corrId=c-272a40bef307aa29 property valuation received property_id=P7069511 value_dkk=840000 latency_ms=578
2026-03-06T12:07:22.353+01:00 INFO credit-service host=credit-service-a41e92-t6zvn corrId=c-272a40bef307aa29 credit assessment completed application_id=APP-2026-554588 score=601 decision=APPROVED
2026-03-06T12:07:22.432+01:00 INFO offer-service host=offer-service-7c9d5b-p9qmz corrId=c-272a40bef307aa29 loan offer generated application_id=APP-2026-554588 loan_type=FLEX_5Y principal_dkk=3855000
2026-03-06T12:07:22.561+01:00 INFO document-service host=document-service-a41e92-t6zvn corrId=c-272a40bef307aa29 offer document stored application_id=APP-2026-554588 doc_id=DOC-6bc8cb82
2026-03-06T12:07:22.630+01:00 INFO portal-bff host=portal-bff-7c9d5b-t6zvn corrId=c-272a40bef307aa29 application completed application_id=APP-2026-554588 status=OFFER_ISSUED
2026-03-06T12:07:48.310+01:00 INFO portal-bff host=portal-bff-a41e92-p9qmz corrId=c-a390749a728e38e8 conversion quote requested loan_id=LN562839998 target_product=FLEX_1Y
2026-03-06T12:07:48.427+01:00 INFO identity-service host=identity-service-7c9d5b-p9qmz corrId=c-a390749a728e38e8 MitID session validated customer_id=C81109835
2026-03-06T12:07:48.470+01:00 INFO pricing-service host=pricing-service-7c9d5b-t6zvn corrId=c-a390749a728e38e8 bond price fetched series=BND3.0-2053 price=94.677
2026-03-06T12:07:48.589+01:00 INFO pricing-service host=pricing-service-7c9d5b-t6zvn corrId=c-a390749a728e38e8 conversion cost calculated loan_id=LN562839998 cost_dkk=66477.96
2026-03-06T12:07:48.638+01:00 INFO quote-service host=quote-service-7c9d5b-p9qmz corrId=c-a390749a728e38e8 conversion quote issued quote_id=Q84627244 loan_id=LN562839998
2026-03-06T12:08:09.695+01:00 INFO portal-bff host=portal-bff-7c9d5b-x2k4p corrId=c-ad9a11d2dcf3d6a3 conversion quote requested loan_id=LN035550318 target_product=FLEX_1Y
2026-03-06T12:08:09.720+01:00 INFO identity-service host=identity-service-5b8f6c-p9qmz corrId=c-ad9a11d2dcf3d6a3 MitID session validated customer_id=C42948025
2026-03-06T12:08:09.729+01:00 INFO pricing-service host=pricing-service-a41e92-p9qmz corrId=c-ad9a11d2dcf3d6a3 bond price fetched series=BND4.0-2053 price=92.271
2026-03-06T12:08:09.776+01:00 INFO pricing-service host=pricing-service-7c9d5b-x2k4p corrId=c-ad9a11d2dcf3d6a3 conversion cost calculated loan_id=LN035550318 cost_dkk=35742.48
2026-03-06T12:08:09.845+01:00 INFO quote-service host=quote-service-5b8f6c-t6zvn corrId=c-ad9a11d2dcf3d6a3 conversion quote issued quote_id=Q30175686 loan_id=LN035550318
2026-03-06T12:10:00.402+01:00 INFO api-gateway host=api-gateway-7c9d5b-t6zvn corrId=- health probe ok status=200 latency_ms=12
2026-03-06T12:10:00.865+01:00 INFO payment-scheduler host=payment-scheduler-7c9d5b-p9qmz corrId=- scheduler heartbeat lag_ms=115
2026-03-06T12:10:28.215+01:00 INFO offer-service host=offer-service-7c9d5b-t6zvn corrId=c-625ba212aa2cec77 offer accepted application_id=APP-2026-332397
2026-03-06T12:10:28.281+01:00 INFO ledger-service host=ledger-service-7c9d5b-t6zvn corrId=c-625ba212aa2cec77 funds reserved application_id=APP-2026-332397 amount_dkk=4070000
2026-03-06T12:10:28.390+01:00 INFO payment-service host=payment-service-a41e92-t6zvn corrId=c-625ba212aa2cec77 payout instruction sent application_id=APP-2026-332397 amount_dkk=4070000
2026-03-06T12:10:28.446+01:00 INFO ledger-service host=ledger-service-a41e92-x2k4p corrId=c-625ba212aa2cec77 payout booked application_id=APP-2026-332397 posting_id=PST-633ec7c78b
2026-03-06T12:10:28.495+01:00 INFO notification-service host=notification-service-5b8f6c-x2k4p corrId=c-625ba212aa2cec77 payout confirmation sent application_id=APP-2026-332397
2026-03-06T12:11:52.758+01:00 INFO portal-bff host=portal-bff-7c9d5b-x2k4p corrId=c-d61f9c29b14d05e1 conversion quote requested loan_id=LN866598610 target_product=FLEX_1Y
2026-03-06T12:11:52.804+01:00 INFO identity-service host=identity-service-5b8f6c-p9qmz corrId=c-d61f9c29b14d05e1 MitID session validated customer_id=C94057023
2026-03-06T12:11:52.890+01:00 INFO pricing-service host=pricing-service-5b8f6c-x2k4p corrId=c-d61f9c29b14d05e1 bond price fetched series=BND2.5-2056 price=92.429
2026-03-06T12:11:52.898+01:00 INFO pricing-service host=pricing-service-5b8f6c-p9qmz corrId=c-d61f9c29b14d05e1 conversion cost calculated loan_id=LN866598610 cost_dkk=57569.79
2026-03-06T12:11:52.938+01:00 INFO quote-service host=quote-service-7c9d5b-t6zvn corrId=c-d61f9c29b14d05e1 conversion quote issued quote_id=Q25739049 loan_id=LN866598610
2026-03-06T12:12:37.210+01:00 INFO portal-bff host=portal-bff-5b8f6c-x2k4p corrId=c-4b931f1374e7eb35 loan application submitted application_id=APP-2026-549868 customer_segment=RETAIL
2026-03-06T12:12:37.260+01:00 INFO identity-service host=identity-service-a41e92-p9qmz corrId=c-4b931f1374e7eb35 MitID session validated customer_id=C71494937
2026-03-06T12:12:37.377+01:00 INFO customer-service host=customer-service-5b8f6c-t6zvn corrId=c-4b931f1374e7eb35 KYC profile loaded customer_id=C71494937 risk_class=LOW
2026-03-06T12:12:37.509+01:00 INFO valuation-service host=valuation-service-5b8f6c-x2k4p corrId=c-4b931f1374e7eb35 property valuation requested property_id=P4207388 provider=valuta-ejd
2026-03-06T12:12:38.458+01:00 INFO valuation-service host=valuation-service-a41e92-x2k4p corrId=c-4b931f1374e7eb35 property valuation received property_id=P4207388 value_dkk=2870000 latency_ms=902
2026-03-06T12:12:38.556+01:00 INFO credit-service host=credit-service-7c9d5b-p9qmz corrId=c-4b931f1374e7eb35 credit assessment completed application_id=APP-2026-549868 score=840 decision=APPROVED
2026-03-06T12:12:38.648+01:00 INFO offer-service host=offer-service-7c9d5b-t6zvn corrId=c-4b931f1374e7eb35 loan offer generated application_id=APP-2026-549868 loan_type=FLEX_1Y principal_dkk=2430000
2026-03-06T12:12:38.677+01:00 INFO document-service host=document-service-5b8f6c-p9qmz corrId=c-4b931f1374e7eb35 offer document stored application_id=APP-2026-549868 doc_id=DOC-9b6708ca
2026-03-06T12:12:38.730+01:00 INFO portal-bff host=portal-bff-7c9d5b-t6zvn corrId=c-4b931f1374e7eb35 application completed application_id=APP-2026-549868 status=OFFER_ISSUED
2026-03-06T12:15:00.758+01:00 INFO api-gateway host=api-gateway-a41e92-t6zvn corrId=- health probe ok status=200 latency_ms=5
2026-03-06T12:15:49.852+01:00 INFO portal-bff host=portal-bff-5b8f6c-p9qmz corrId=c-ede4882d6c64894c conversion quote requested loan_id=LN678585926 target_product=FIXED_30Y
2026-03-06T12:15:49.885+01:00 INFO identity-service host=identity-service-5b8f6c-p9qmz corrId=c-ede4882d6c64894c MitID session validated customer_id=C79746465
2026-03-06T12:15:50.004+01:00 INFO pricing-service host=pricing-service-7c9d5b-p9qmz corrId=c-ede4882d6c64894c bond price fetched series=BND3.0-2053 price=99.304
2026-03-06T12:15:50.103+01:00 INFO pricing-service host=pricing-service-7c9d5b-t6zvn corrId=c-ede4882d6c64894c conversion cost calculated loan_id=LN678585926 cost_dkk=7088.54
2026-03-06T12:15:50.126+01:00 INFO quote-service host=quote-service-a41e92-p9qmz corrId=c-ede4882d6c64894c conversion quote issued quote_id=Q59943981 loan_id=LN678585926
2026-03-06T12:17:25.070+01:00 INFO portal-bff host=portal-bff-5b8f6c-x2k4p corrId=c-3027a31dede8152e loan application submitted application_id=APP-2026-180416 customer_segment=SME
2026-03-06T12:17:25.183+01:00 INFO identity-service host=identity-service-7c9d5b-t6zvn corrId=c-3027a31dede8152e MitID session validated customer_id=C58999863
2026-03-06T12:17:25.263+01:00 INFO customer-service host=customer-service-a41e92-p9qmz corrId=c-3027a31dede8152e KYC profile loaded customer_id=C58999863 risk_class=LOW
2026-03-06T12:17:25.271+01:00 INFO valuation-service host=valuation-service-7c9d5b-x2k4p corrId=c-3027a31dede8152e property valuation served from cache property_id=P6833811 value_dkk=8420000
2026-03-06T12:17:25.320+01:00 INFO credit-service host=credit-service-a41e92-x2k4p corrId=c-3027a31dede8152e credit assessment completed application_id=APP-2026-180416 score=534 decision=APPROVED
2026-03-06T12:17:25.449+01:00 INFO offer-service host=offer-service-a41e92-p9qmz corrId=c-3027a31dede8152e loan offer generated application_id=APP-2026-180416 loan_type=FLEX_5Y principal_dkk=3950000
2026-03-06T12:17:25.457+01:00 INFO document-service host=document-service-7c9d5b-t6zvn corrId=c-3027a31dede8152e offer document stored application_id=APP-2026-180416 doc_id=DOC-10c48116
2026-03-06T12:17:25.481+01:00 INFO portal-bff host=portal-bff-7c9d5b-x2k4p corrId=c-3027a31dede8152e application completed application_id=APP-2026-180416 status=OFFER_ISSUED
2026-03-06T12:17:37.065+01:00 INFO portal-bff host=portal-bff-7c9d5b-x2k4p corrId=c-1c70cb67d6c7fe56 loan application submitted application_id=APP-2026-302784 customer_segment=PRIVATE
2026-03-06T12:17:37.075+01:00 INFO identity-service host=identity-service-a41e92-p9qmz corrId=c-1c70cb67d6c7fe56 MitID session validated customer_id=C14584787
2026-03-06T12:17:37.115+01:00 INFO customer-service host=customer-service-7c9d5b-t6zvn corrId=c-1c70cb67d6c7fe56 KYC profile loaded customer_id=C14584787 risk_class=HIGH
2026-03-06T12:17:37.222+01:00 INFO valuation-service host=valuation-service-a41e92-x2k4p corrId=c-1c70cb67d6c7fe56 property valuation requested property_id=P3542150 provider=valuta-ejd
2026-03-06T12:17:37.511+01:00 INFO valuation-service host=valuation-service-a41e92-t6zvn corrId=c-1c70cb67d6c7fe56 property valuation received property_id=P3542150 value_dkk=5520000 latency_ms=206
2026-03-06T12:17:37.602+01:00 INFO credit-service host=credit-service-5b8f6c-p9qmz corrId=c-1c70cb67d6c7fe56 credit assessment completed application_id=APP-2026-302784 score=831 decision=APPROVED
2026-03-06T12:17:37.610+01:00 INFO offer-service host=offer-service-5b8f6c-x2k4p corrId=c-1c70cb67d6c7fe56 loan offer generated application_id=APP-2026-302784 loan_type=FIXED_30Y principal_dkk=3835000
2026-03-06T12:17:37.637+01:00 INFO document-service host=document-service-5b8f6c-x2k4p corrId=c-1c70cb67d6c7fe56 offer document stored application_id=APP-2026-302784 doc_id=DOC-60239359
2026-03-06T12:17:37.675+01:00 INFO portal-bff host=portal-bff-5b8f6c-p9qmz corrId=c-1c70cb67d6c7fe56 application completed application_id=APP-2026-302784 status=OFFER_ISSUED
2026-03-06T12:18:08.845+01:00 INFO portal-bff host=portal-bff-7c9d5b-p9qmz corrId=c-4df5466d8f7e934f loan application submitted application_id=APP-2026-656655 customer_segment=PRIVATE
2026-03-06T12:18:08.985+01:00 INFO identity-service host=identity-service-7c9d5b-p9qmz corrId=c-4df5466d8f7e934f MitID session validated customer_id=C97689156
2026-03-06T12:18:09.042+01:00 INFO customer-service host=customer-service-5b8f6c-x2k4p corrId=c-4df5466d8f7e934f KYC profile loaded customer_id=C97689156 risk_class=LOW
2026-03-06T12:18:09.054+01:00 INFO valuation-service host=valuation-service-7c9d5b-p9qmz corrId=c-4df5466d8f7e934f property valuation requested property_id=P1219154 provider=bolig-vurdering
2026-03-06T12:18:09.324+01:00 INFO valuation-service host=valuation-service-7c9d5b-x2k4p corrId=c-4df5466d8f7e934f property valuation received property_id=P1219154 value_dkk=1630000 latency_ms=244
2026-03-06T12:18:09.366+01:00 INFO credit-service host=credit-service-a41e92-p9qmz corrId=c-4df5466d8f7e934f credit assessment completed application_id=APP-2026-656655 score=788 decision=APPROVED
2026-03-06T12:18:09.382+01:00 INFO offer-service host=offer-service-a41e92-p9qmz corrId=c-4df5466d8f7e934f loan offer generated application_id=APP-2026-656655 loan_type=FLEX_5Y principal_dkk=1965000
2026-03-06T12:18:09.403+01:00 INFO document-service host=document-service-7c9d5b-t6zvn corrId=c-4df5466d8f7e934f offer document stored application_id=APP-2026-656655 doc_id=DOC-33fa4df4
2026-03-06T12:18:09.432+01:00 INFO portal-bff host=portal-bff-a41e92-p9qmz corrId=c-4df5466d8f7e934f application completed application_id=APP-2026-656655 status=OFFER_ISSUED
2026-03-06T12:18:46.548+01:00 INFO offer-service host=offer-service-a41e92-x2k4p corrId=c-1c3f02c6b891214f offer accepted application_id=APP-2026-854321
2026-03-06T12:18:46.611+01:00 INFO ledger-service host=ledger-service-a41e92-p9qmz corrId=c-1c3f02c6b891214f funds reserved application_id=APP-2026-854321 amount_dkk=1350000
2026-03-06T12:18:46.740+01:00 INFO payment-service host=payment-service-7c9d5b-p9qmz corrId=c-1c3f02c6b891214f payout instruction sent application_id=APP-2026-854321 amount_dkk=1350000
2026-03-06T12:18:46.832+01:00 INFO ledger-service host=ledger-service-5b8f6c-t6zvn corrId=c-1c3f02c6b891214f payout booked application_id=APP-2026-854321 posting_id=PST-8a47a747ef
2026-03-06T12:18:46.859+01:00 INFO notification-service host=notification-service-a41e92-x2k4p corrId=c-1c3f02c6b891214f payout confirmation sent application_id=APP-2026-854321
2026-03-06T12:19:00.442+01:00 INFO offer-service host=offer-service-a41e92-p9qmz corrId=c-7b2bc050fb14867a offer accepted application_id=APP-2026-247657
2026-03-06T12:19:00.492+01:00 INFO ledger-service host=ledger-service-7c9d5b-x2k4p corrId=c-7b2bc050fb14867a funds reserved application_id=APP-2026-247657 amount_dkk=1595000
2026-03-06T12:19:00.596+01:00 INFO payment-service host=payment-service-5b8f6c-t6zvn corrId=c-7b2bc050fb14867a payout instruction sent application_id=APP-2026-247657 amount_dkk=1595000
2026-03-06T12:19:00.667+01:00 INFO ledger-service host=ledger-service-a41e92-x2k4p corrId=c-7b2bc050fb14867a payout booked application_id=APP-2026-247657 posting_id=PST-91c419d8aa
2026-03-06T12:19:00.684+01:00 INFO notification-service host=notification-service-5b8f6c-p9qmz corrId=c-7b2bc050fb14867a payout confirmation sent application_id=APP-2026-247657
2026-03-06T12:20:00.753+01:00 INFO api-gateway host=api-gateway-a41e92-t6zvn corrId=- health probe ok status=200 latency_ms=2
2026-03-06T12:20:00.756+01:00 INFO payment-scheduler host=payment-scheduler-7c9d5b-t6zvn corrId=- scheduler heartbeat lag_ms=34
2026-03-06T12:20:06.296+01:00 INFO portal-bff host=portal-bff-a41e92-p9qmz corrId=c-a5f60f36d2c37d34 loan application submitted application_id=APP-2026-492465 customer_segment=RETAIL
2026-03-06T12:20:06.314+01:00 INFO identity-service host=identity-service-5b8f6c-t6zvn corrId=c-a5f60f36d2c37d34 MitID session validated customer_id=C83474261
2026-03-06T12:20:06.402+01:00 INFO customer-service host=customer-service-7c9d5b-t6zvn corrId=c-a5f60f36d2c37d34 KYC profile loaded customer_id=C83474261 risk_class=LOW
2026-03-06T12:20:06.462+01:00 INFO valuation-service host=valuation-service-7c9d5b-p9qmz corrId=c-a5f60f36d2c37d34 property valuation requested property_id=P3124708 provider=bolig-vurdering
2026-03-06T12:20:07.157+01:00 INFO valuation-service host=valuation-service-7c9d5b-x2k4p corrId=c-a5f60f36d2c37d34 property valuation received property_id=P3124708 value_dkk=1870000 latency_ms=627
2026-03-06T12:20:07.179+01:00 INFO credit-service host=credit-service-5b8f6c-x2k4p corrId=c-a5f60f36d2c37d34 credit assessment completed application_id=APP-2026-492465 score=556 decision=APPROVED
2026-03-06T12:20:07.283+01:00 INFO offer-service host=offer-service-a41e92-p9qmz corrId=c-a5f60f36d2c37d34 loan offer generated application_id=APP-2026-492465 loan_type=FLEX_1Y principal_dkk=1220000
2026-03-06T12:20:07.305+01:00 INFO document-service host=document-service-a41e92-t6zvn corrId=c-a5f60f36d2c37d34 offer document stored application_id=APP-2026-492465 doc_id=DOC-8ab8df14
2026-03-06T12:20:07.379+01:00 INFO portal-bff host=portal-bff-a41e92-t6zvn corrId=c-a5f60f36d2c37d34 application completed application_id=APP-2026-492465 status=OFFER_ISSUED
2026-03-06T12:25:00.889+01:00 INFO api-gateway host=api-gateway-a41e92-p9qmz corrId=- health probe ok status=200 latency_ms=16
2026-03-06T12:29:15.037+01:00 INFO portal-bff host=portal-bff-7c9d5b-t6zvn corrId=c-817cb159889d36a9 loan application submitted application_id=APP-2026-576923 customer_segment=RETAIL
2026-03-06T12:29:15.109+01:00 INFO identity-service host=identity-service-5b8f6c-x2k4p corrId=c-817cb159889d36a9 MitID session validated customer_id=C80579302
2026-03-06T12:29:15.219+01:00 INFO customer-service host=customer-service-7c9d5b-t6zvn corrId=c-817cb159889d36a9 KYC profile loaded customer_id=C80579302 risk_class=LOW
2026-03-06T12:29:15.276+01:00 INFO valuation-service host=valuation-service-7c9d5b-x2k4p corrId=c-817cb159889d36a9 property valuation served from cache property_id=P8354598 value_dkk=4860000
2026-03-06T12:29:15.408+01:00 INFO credit-service host=credit-service-a41e92-x2k4p corrId=c-817cb159889d36a9 credit assessment completed application_id=APP-2026-576923 score=429 decision=APPROVED
2026-03-06T12:29:15.512+01:00 INFO offer-service host=offer-service-5b8f6c-x2k4p corrId=c-817cb159889d36a9 loan offer generated application_id=APP-2026-576923 loan_type=FLEX_1Y principal_dkk=3330000
2026-03-06T12:29:15.648+01:00 INFO document-service host=document-service-a41e92-p9qmz corrId=c-817cb159889d36a9 offer document stored application_id=APP-2026-576923 doc_id=DOC-071fc57a
2026-03-06T12:29:15.718+01:00 INFO portal-bff host=portal-bff-7c9d5b-p9qmz corrId=c-817cb159889d36a9 application completed application_id=APP-2026-576923 status=OFFER_ISSUED
2026-03-06T12:30:00.305+01:00 INFO payment-scheduler host=payment-scheduler-7c9d5b-t6zvn corrId=- scheduler heartbeat lag_ms=25
2026-03-06T12:30:00.497+01:00 INFO api-gateway host=api-gateway-7c9d5b-x2k4p corrId=- health probe ok status=200 latency_ms=23
2026-03-06T12:32:26.288+01:00 INFO portal-bff host=portal-bff-7c9d5b-p9qmz corrId=c-156723a2391392c9 conversion quote requested loan_id=LN675538628 target_product=FLEX_1Y
2026-03-06T12:32:26.305+01:00 INFO identity-service host=identity-service-a41e92-p9qmz corrId=c-156723a2391392c9 MitID session validated customer_id=C88341069
2026-03-06T12:32:26.414+01:00 INFO pricing-service host=pricing-service-5b8f6c-x2k4p corrId=c-156723a2391392c9 bond price fetched series=BND2.5-2053 price=95.575
2026-03-06T12:32:26.499+01:00 INFO pricing-service host=pricing-service-5b8f6c-t6zvn corrId=c-156723a2391392c9 conversion cost calculated loan_id=LN675538628 cost_dkk=79649.89
2026-03-06T12:32:26.615+01:00 INFO quote-service host=quote-service-a41e92-p9qmz corrId=c-156723a2391392c9 conversion quote issued quote_id=Q80258772 loan_id=LN675538628
2026-03-06T12:33:17.185+01:00 INFO portal-bff host=portal-bff-5b8f6c-x2k4p corrId=c-2d7859291731d342 loan application submitted application_id=APP-2026-707789 customer_segment=PRIVATE
2026-03-06T12:33:17.288+01:00 INFO identity-service host=identity-service-a41e92-p9qmz corrId=c-2d7859291731d342 MitID session validated customer_id=C79555889
2026-03-06T12:33:17.343+01:00 INFO customer-service host=customer-service-5b8f6c-p9qmz corrId=c-2d7859291731d342 KYC profile loaded customer_id=C79555889 risk_class=MEDIUM
2026-03-06T12:33:17.455+01:00 INFO valuation-service host=valuation-service-a41e92-t6zvn corrId=c-2d7859291731d342 property valuation requested property_id=P2820983 provider=bolig-vurdering
2026-03-06T12:33:18.133+01:00 INFO valuation-service host=valuation-service-a41e92-t6zvn corrId=c-2d7859291731d342 property valuation received property_id=P2820983 value_dkk=1610000 latency_ms=541
2026-03-06T12:33:18.175+01:00 INFO credit-service host=credit-service-7c9d5b-p9qmz corrId=c-2d7859291731d342 credit assessment completed application_id=APP-2026-707789 score=648 decision=APPROVED
2026-03-06T12:33:18.294+01:00 INFO offer-service host=offer-service-a41e92-p9qmz corrId=c-2d7859291731d342 loan offer generated application_id=APP-2026-707789 loan_type=FIXED_30Y principal_dkk=940000
2026-03-06T12:33:18.303+01:00 INFO document-service host=document-service-7c9d5b-x2k4p corrId=c-2d7859291731d342 offer document stored application_id=APP-2026-707789 doc_id=DOC-ae9da1df
2026-03-06T12:33:18.326+01:00 INFO portal-bff host=portal-bff-a41e92-t6zvn corrId=c-2d7859291731d342 application completed application_id=APP-2026-707789 status=OFFER_ISSUED
2026-03-06T12:33:44.218+01:00 INFO portal-bff host=portal-bff-5b8f6c-p9qmz corrId=c-63fbd321401b5f9d loan application submitted application_id=APP-2026-800045 customer_segment=SME
2026-03-06T12:33:44.310+01:00 INFO identity-service host=identity-service-5b8f6c-x2k4p corrId=c-63fbd321401b5f9d MitID session validated customer_id=C03740699
2026-03-06T12:33:44.402+01:00 INFO customer-service host=customer-service-7c9d5b-x2k4p corrId=c-63fbd321401b5f9d KYC profile loaded customer_id=C03740699 risk_class=LOW
2026-03-06T12:33:44.475+01:00 INFO valuation-service host=valuation-service-7c9d5b-p9qmz corrId=c-63fbd321401b5f9d property valuation served from cache property_id=P7924664 value_dkk=4500000
2026-03-06T12:33:44.521+01:00 INFO credit-service host=credit-service-5b8f6c-t6zvn corrId=c-63fbd321401b5f9d credit assessment completed application_id=APP-2026-800045 score=780 decision=APPROVED
2026-03-06T12:33:44.644+01:00 INFO offer-service host=offer-service-7c9d5b-t6zvn corrId=c-63fbd321401b5f9d loan offer generated application_id=APP-2026-800045 loan_type=FIXED_20Y_IO principal_dkk=5605000
2026-03-06T12:33:44.742+01:00 INFO document-service host=document-service-7c9d5b-x2k4p corrId=c-63fbd321401b5f9d offer document stored application_id=APP-2026-800045 doc_id=DOC-1b89f8ab
2026-03-06T12:33:44.847+01:00 INFO portal-bff host=portal-bff-7c9d5b-t6zvn corrId=c-63fbd321401b5f9d application completed application_id=APP-2026-800045 status=OFFER_ISSUED
2026-03-06T12:34:29.417+01:00 INFO portal-bff host=portal-bff-7c9d5b-x2k4p corrId=c-5a4f4e4e407f41e6 conversion quote requested loan_id=LN624416367 target_product=FLEX_1Y
2026-03-06T12:34:29.473+01:00 INFO identity-service host=identity-service-5b8f6c-p9qmz corrId=c-5a4f4e4e407f41e6 MitID session validated customer_id=C52980682
2026-03-06T12:34:29.582+01:00 INFO pricing-service host=pricing-service-a41e92-x2k4p corrId=c-5a4f4e4e407f41e6 bond price fetched series=BND2.5-2053 price=93.028
2026-03-06T12:34:29.663+01:00 INFO pricing-service host=pricing-service-a41e92-p9qmz corrId=c-5a4f4e4e407f41e6 conversion cost calculated loan_id=LN624416367 cost_dkk=36970.11
2026-03-06T12:34:29.729+01:00 INFO quote-service host=quote-service-7c9d5b-t6zvn corrId=c-5a4f4e4e407f41e6 conversion quote issued quote_id=Q77254424 loan_id=LN624416367
2026-03-06T12:35:00.582+01:00 INFO api-gateway host=api-gateway-7c9d5b-t6zvn corrId=- health probe ok status=200 latency_ms=13
2026-03-06T12:35:13.941+01:00 INFO portal-bff host=portal-bff-a41e92-p9qmz corrId=c-a17a1bd9e98a2ac7 loan application submitted application_id=APP-2026-028535 customer_segment=SME
2026-03-06T12:35:14.067+01:00 INFO identity-service host=identity-service-7c9d5b-p9qmz corrId=c-a17a1bd9e98a2ac7 MitID session validated customer_id=C30991458
2026-03-06T12:35:14.168+01:00 INFO customer-service host=customer-service-a41e92-x2k4p corrId=c-a17a1bd9e98a2ac7 KYC profile loaded customer_id=C30991458 risk_class=MEDIUM
2026-03-06T12:35:14.238+01:00 INFO valuation-service host=valuation-service-7c9d5b-t6zvn corrId=c-a17a1bd9e98a2ac7 property valuation requested property_id=P5236104 provider=valuta-ejd
2026-03-06T12:35:14.710+01:00 INFO valuation-service host=valuation-service-5b8f6c-p9qmz corrId=c-a17a1bd9e98a2ac7 property valuation received property_id=P5236104 value_dkk=8040000 latency_ms=411
2026-03-06T12:35:14.765+01:00 INFO credit-service host=credit-service-5b8f6c-t6zvn corrId=c-a17a1bd9e98a2ac7 credit assessment completed application_id=APP-2026-028535 score=639 decision=APPROVED
2026-03-06T12:35:14.826+01:00 INFO offer-service host=offer-service-7c9d5b-t6zvn corrId=c-a17a1bd9e98a2ac7 loan offer generated application_id=APP-2026-028535 loan_type=FLEX_5Y principal_dkk=3765000
2026-03-06T12:35:14.919+01:00 INFO document-service host=document-service-7c9d5b-p9qmz corrId=c-a17a1bd9e98a2ac7 offer document stored application_id=APP-2026-028535 doc_id=DOC-17878289
2026-03-06T12:35:14.956+01:00 INFO portal-bff host=portal-bff-7c9d5b-p9qmz corrId=c-a17a1bd9e98a2ac7 application completed application_id=APP-2026-028535 status=OFFER_ISSUED
2026-03-06T12:35:26.886+01:00 INFO portal-bff host=portal-bff-5b8f6c-p9qmz corrId=c-f91fe60e5fb558f0 loan application submitted application_id=APP-2026-482483 customer_segment=SME
2026-03-06T12:35:26.910+01:00 INFO identity-service host=identity-service-a41e92-p9qmz corrId=c-f91fe60e5fb558f0 MitID session validated customer_id=C02759177
2026-03-06T12:35:26.972+01:00 INFO customer-service host=customer-service-5b8f6c-p9qmz corrId=c-f91fe60e5fb558f0 KYC profile loaded customer_id=C02759177 risk_class=MEDIUM
2026-03-06T12:35:27.037+01:00 INFO valuation-service host=valuation-service-a41e92-x2k4p corrId=c-f91fe60e5fb558f0 property valuation requested property_id=P2878646 provider=valuta-ejd
2026-03-06T12:35:27.681+01:00 INFO valuation-service host=valuation-service-a41e92-x2k4p corrId=c-f91fe60e5fb558f0 property valuation received property_id=P2878646 value_dkk=7910000 latency_ms=525
2026-03-06T12:35:27.772+01:00 INFO credit-service host=credit-service-a41e92-p9qmz corrId=c-f91fe60e5fb558f0 credit assessment completed application_id=APP-2026-482483 score=633 decision=APPROVED
2026-03-06T12:35:27.810+01:00 INFO offer-service host=offer-service-5b8f6c-t6zvn corrId=c-f91fe60e5fb558f0 loan offer generated application_id=APP-2026-482483 loan_type=FLEX_1Y principal_dkk=1420000
2026-03-06T12:35:27.912+01:00 INFO document-service host=document-service-a41e92-t6zvn corrId=c-f91fe60e5fb558f0 offer document stored application_id=APP-2026-482483 doc_id=DOC-34d053f8
2026-03-06T12:35:28.045+01:00 INFO portal-bff host=portal-bff-7c9d5b-p9qmz corrId=c-f91fe60e5fb558f0 application completed application_id=APP-2026-482483 status=OFFER_ISSUED
2026-03-06T12:35:48.677+01:00 INFO portal-bff host=portal-bff-5b8f6c-p9qmz corrId=c-686692469f8c1df1 loan application submitted application_id=APP-2026-039570 customer_segment=RETAIL
2026-03-06T12:35:48.764+01:00 INFO identity-service host=identity-service-7c9d5b-x2k4p corrId=c-686692469f8c1df1 MitID session validated customer_id=C37706424
2026-03-06T12:35:48.881+01:00 INFO customer-service host=customer-service-a41e92-p9qmz corrId=c-686692469f8c1df1 KYC profile loaded customer_id=C37706424 risk_class=HIGH
2026-03-06T12:35:48.948+01:00 INFO valuation-service host=valuation-service-a41e92-p9qmz corrId=c-686692469f8c1df1 property valuation requested property_id=P6859927 provider=valuta-ejd
2026-03-06T12:35:49.414+01:00 INFO valuation-service host=valuation-service-a41e92-t6zvn corrId=c-686692469f8c1df1 property valuation received property_id=P6859927 value_dkk=7140000 latency_ms=359
2026-03-06T12:35:49.498+01:00 INFO credit-service host=credit-service-7c9d5b-x2k4p corrId=c-686692469f8c1df1 credit assessment completed application_id=APP-2026-039570 score=452 decision=APPROVED
2026-03-06T12:35:49.532+01:00 INFO offer-service host=offer-service-5b8f6c-t6zvn corrId=c-686692469f8c1df1 loan offer generated application_id=APP-2026-039570 loan_type=FLEX_5Y principal_dkk=5095000
2026-03-06T12:35:49.616+01:00 INFO document-service host=document-service-5b8f6c-x2k4p corrId=c-686692469f8c1df1 offer document stored application_id=APP-2026-039570 doc_id=DOC-6ebf7cc0
2026-03-06T12:35:49.694+01:00 INFO portal-bff host=portal-bff-7c9d5b-t6zvn corrId=c-686692469f8c1df1 application completed application_id=APP-2026-039570 status=OFFER_ISSUED
2026-03-06T12:35:59.993+01:00 INFO portal-bff host=portal-bff-7c9d5b-p9qmz corrId=c-19e39ca191ce6321 loan application submitted application_id=APP-2026-843837 customer_segment=SME
2026-03-06T12:36:00.122+01:00 INFO identity-service host=identity-service-a41e92-x2k4p corrId=c-19e39ca191ce6321 MitID session validated customer_id=C57016407
2026-03-06T12:36:00.164+01:00 INFO customer-service host=customer-service-7c9d5b-x2k4p corrId=c-19e39ca191ce6321 KYC profile loaded customer_id=C57016407 risk_class=LOW
2026-03-06T12:36:00.225+01:00 INFO valuation-service host=valuation-service-5b8f6c-t6zvn corrId=c-19e39ca191ce6321 property valuation requested property_id=P2594065 provider=bolig-vurdering
2026-03-06T12:36:01.129+01:00 INFO valuation-service host=valuation-service-7c9d5b-t6zvn corrId=c-19e39ca191ce6321 property valuation received property_id=P2594065 value_dkk=5110000 latency_ms=773
2026-03-06T12:36:01.256+01:00 INFO credit-service host=credit-service-7c9d5b-p9qmz corrId=c-19e39ca191ce6321 credit assessment completed application_id=APP-2026-843837 score=575 decision=APPROVED
2026-03-06T12:36:01.360+01:00 INFO offer-service host=offer-service-a41e92-p9qmz corrId=c-19e39ca191ce6321 loan offer generated application_id=APP-2026-843837 loan_type=FLEX_5Y principal_dkk=4795000
2026-03-06T12:36:01.366+01:00 INFO document-service host=document-service-7c9d5b-x2k4p corrId=c-19e39ca191ce6321 offer document stored application_id=APP-2026-843837 doc_id=DOC-cb27a08b
2026-03-06T12:36:01.417+01:00 INFO portal-bff host=portal-bff-7c9d5b-p9qmz corrId=c-19e39ca191ce6321 application completed application_id=APP-2026-843837 status=OFFER_ISSUED
2026-03-06T12:36:11.418+01:00 INFO portal-bff host=portal-bff-a41e92-t6zvn corrId=c-83f77ae9a7d972a0 conversion quote requested loan_id=LN841195861 target_product=FIXED_30Y
2026-03-06T12:36:11.516+01:00 INFO identity-service host=identity-service-7c9d5b-p9qmz corrId=c-83f77ae9a7d972a0 MitID session validated customer_id=C16783471
2026-03-06T12:36:11.580+01:00 INFO pricing-service host=pricing-service-7c9d5b-p9qmz corrId=c-83f77ae9a7d972a0 bond price fetched series=BND2.5-2053 price=92.057
2026-03-06T12:36:11.611+01:00 INFO pricing-service host=pricing-service-7c9d5b-p9qmz corrId=c-83f77ae9a7d972a0 conversion cost calculated loan_id=LN841195861 cost_dkk=23526.85
2026-03-06T12:36:11.745+01:00 INFO quote-service host=quote-service-5b8f6c-p9qmz corrId=c-83f77ae9a7d972a0 conversion quote issued quote_id=Q99334865 loan_id=LN841195861
2026-03-06T12:36:46.165+01:00 INFO portal-bff host=portal-bff-a41e92-p9qmz corrId=c-231094803067bb16 conversion quote requested loan_id=LN250614406 target_product=FLEX_5Y
2026-03-06T12:36:46.280+01:00 INFO identity-service host=identity-service-7c9d5b-p9qmz corrId=c-231094803067bb16 MitID session validated customer_id=C39411616
2026-03-06T12:36:46.336+01:00 INFO pricing-service host=pricing-service-5b8f6c-t6zvn corrId=c-231094803067bb16 bond price fetched series=BND4.0-2056 price=89.306
2026-03-06T12:36:46.420+01:00 INFO pricing-service host=pricing-service-a41e92-t6zvn corrId=c-231094803067bb16 conversion cost calculated loan_id=LN250614406 cost_dkk=56492.34
2026-03-06T12:36:46.546+01:00 INFO quote-service host=quote-service-7c9d5b-t6zvn corrId=c-231094803067bb16 conversion quote issued quote_id=Q97491411 loan_id=LN250614406
2026-03-06T12:37:41.234+01:00 INFO portal-bff host=portal-bff-7c9d5b-t6zvn corrId=c-496efeb477980dc2 loan application submitted application_id=APP-2026-664667 customer_segment=PRIVATE
2026-03-06T12:37:41.370+01:00 INFO identity-service host=identity-service-5b8f6c-t6zvn corrId=c-496efeb477980dc2 MitID session validated customer_id=C14409103
2026-03-06T12:37:41.442+01:00 INFO customer-service host=customer-service-7c9d5b-t6zvn corrId=c-496efeb477980dc2 KYC profile loaded customer_id=C14409103 risk_class=LOW
2026-03-06T12:37:41.504+01:00 INFO valuation-service host=valuation-service-a41e92-p9qmz corrId=c-496efeb477980dc2 property valuation requested property_id=P3328028 provider=bolig-vurdering
2026-03-06T12:37:41.849+01:00 INFO valuation-service host=valuation-service-a41e92-x2k4p corrId=c-496efeb477980dc2 property valuation received property_id=P3328028 value_dkk=800000 latency_ms=316
2026-03-06T12:37:41.982+01:00 INFO credit-service host=credit-service-5b8f6c-p9qmz corrId=c-496efeb477980dc2 credit assessment completed application_id=APP-2026-664667 score=878 decision=APPROVED
2026-03-06T12:37:42.044+01:00 INFO offer-service host=offer-service-a41e92-t6zvn corrId=c-496efeb477980dc2 loan offer generated application_id=APP-2026-664667 loan_type=FIXED_20Y_IO principal_dkk=2440000
2026-03-06T12:37:42.153+01:00 INFO document-service host=document-service-5b8f6c-x2k4p corrId=c-496efeb477980dc2 offer document stored application_id=APP-2026-664667 doc_id=DOC-ebda460d
2026-03-06T12:37:42.240+01:00 INFO portal-bff host=portal-bff-7c9d5b-x2k4p corrId=c-496efeb477980dc2 application completed application_id=APP-2026-664667 status=OFFER_ISSUED
2026-03-06T12:37:50.178+01:00 INFO portal-bff host=portal-bff-a41e92-p9qmz corrId=c-8a856d85049aee8b conversion quote requested loan_id=LN909550807 target_product=FIXED_30Y
2026-03-06T12:37:50.310+01:00 INFO identity-service host=identity-service-5b8f6c-t6zvn corrId=c-8a856d85049aee8b MitID session validated customer_id=C80695470
2026-03-06T12:37:50.431+01:00 INFO pricing-service host=pricing-service-7c9d5b-p9qmz corrId=c-8a856d85049aee8b bond price fetched series=BND3.0-2056 price=96.350
2026-03-06T12:37:50.474+01:00 INFO pricing-service host=pricing-service-5b8f6c-x2k4p corrId=c-8a856d85049aee8b conversion cost calculated loan_id=LN909550807 cost_dkk=32220.46
2026-03-06T12:37:50.596+01:00 INFO quote-service host=quote-service-5b8f6c-t6zvn corrId=c-8a856d85049aee8b conversion quote issued quote_id=Q81282024 loan_id=LN909550807
2026-03-06T12:38:24.755+01:00 INFO portal-bff host=portal-bff-a41e92-t6zvn corrId=c-094ab97fee5c10a9 conversion quote requested loan_id=LN851405544 target_product=FLEX_1Y
2026-03-06T12:38:24.762+01:00 INFO identity-service host=identity-service-7c9d5b-t6zvn corrId=c-094ab97fee5c10a9 MitID session validated customer_id=C69909140
2026-03-06T12:38:24.879+01:00 INFO pricing-service host=pricing-service-a41e92-t6zvn corrId=c-094ab97fee5c10a9 bond price fetched series=BND4.0-2053 price=101.547
2026-03-06T12:38:24.960+01:00 INFO pricing-service host=pricing-service-7c9d5b-x2k4p corrId=c-094ab97fee5c10a9 conversion cost calculated loan_id=LN851405544 cost_dkk=23274.80
2026-03-06T12:38:25.057+01:00 INFO quote-service host=quote-service-7c9d5b-p9qmz corrId=c-094ab97fee5c10a9 conversion quote issued quote_id=Q39028003 loan_id=LN851405544
2026-03-06T12:39:29.700+01:00 INFO portal-bff host=portal-bff-5b8f6c-t6zvn corrId=c-ad76dce8460ff580 loan application submitted application_id=APP-2026-927311 customer_segment=SME
2026-03-06T12:39:29.780+01:00 INFO identity-service host=identity-service-5b8f6c-p9qmz corrId=c-ad76dce8460ff580 MitID session validated customer_id=C14947130
2026-03-06T12:39:29.857+01:00 INFO customer-service host=customer-service-7c9d5b-t6zvn corrId=c-ad76dce8460ff580 KYC profile loaded customer_id=C14947130 risk_class=LOW
2026-03-06T12:39:29.905+01:00 INFO valuation-service host=valuation-service-a41e92-x2k4p corrId=c-ad76dce8460ff580 property valuation requested property_id=P7023139 provider=valuta-ejd
2026-03-06T12:39:30.393+01:00 INFO valuation-service host=valuation-service-7c9d5b-t6zvn corrId=c-ad76dce8460ff580 property valuation received property_id=P7023139 value_dkk=1600000 latency_ms=461
2026-03-06T12:39:30.525+01:00 INFO credit-service host=credit-service-7c9d5b-t6zvn corrId=c-ad76dce8460ff580 credit assessment completed application_id=APP-2026-927311 score=548 decision=APPROVED
2026-03-06T12:39:30.656+01:00 INFO offer-service host=offer-service-7c9d5b-p9qmz corrId=c-ad76dce8460ff580 loan offer generated application_id=APP-2026-927311 loan_type=FLEX_5Y principal_dkk=3970000
2026-03-06T12:39:30.755+01:00 INFO document-service host=document-service-5b8f6c-x2k4p corrId=c-ad76dce8460ff580 offer document stored application_id=APP-2026-927311 doc_id=DOC-f2b70125
2026-03-06T12:39:30.814+01:00 INFO portal-bff host=portal-bff-5b8f6c-t6zvn corrId=c-ad76dce8460ff580 application completed application_id=APP-2026-927311 status=OFFER_ISSUED
2026-03-06T12:40:00.585+01:00 INFO payment-scheduler host=payment-scheduler-5b8f6c-t6zvn corrId=- scheduler heartbeat lag_ms=74
2026-03-06T12:40:00.601+01:00 INFO api-gateway host=api-gateway-5b8f6c-x2k4p corrId=- health probe ok status=200 latency_ms=13
2026-03-06T12:40:58.000+01:00 INFO valuation-service host=valuation-service-a41e92-x2k4p corrId=- jvm gc pause pause_ms=56
2026-03-06T12:44:35.200+01:00 INFO portal-bff host=portal-bff-5b8f6c-p9qmz corrId=c-6d1b30b03ec723e7 loan application submitted application_id=APP-2026-531846 customer_segment=RETAIL
2026-03-06T12:44:35.304+01:00 INFO identity-service host=identity-service-a41e92-t6zvn corrId=c-6d1b30b03ec723e7 MitID session validated customer_id=C17214385
2026-03-06T12:44:35.412+01:00 INFO customer-service host=customer-service-a41e92-x2k4p corrId=c-6d1b30b03ec723e7 KYC profile loaded customer_id=C17214385 risk_class=MEDIUM
2026-03-06T12:44:35.439+01:00 INFO valuation-service host=valuation-service-7c9d5b-p9qmz corrId=c-6d1b30b03ec723e7 property valuation requested property_id=P1550637 provider=valuta-ejd
2026-03-06T12:44:36.320+01:00 INFO valuation-service host=valuation-service-a41e92-p9qmz corrId=c-6d1b30b03ec723e7 property valuation received property_id=P1550637 value_dkk=8160000 latency_ms=758
2026-03-06T12:44:36.340+01:00 INFO credit-service host=credit-service-5b8f6c-p9qmz corrId=c-6d1b30b03ec723e7 credit assessment completed application_id=APP-2026-531846 score=688 decision=APPROVED
2026-03-06T12:44:36.465+01:00 INFO offer-service host=offer-service-5b8f6c-x2k4p corrId=c-6d1b30b03ec723e7 loan offer generated application_id=APP-2026-531846 loan_type=FIXED_30Y principal_dkk=555000
2026-03-06T12:44:36.482+01:00 INFO document-service host=document-service-a41e92-t6zvn corrId=c-6d1b30b03ec723e7 offer document stored application_id=APP-2026-531846 doc_id=DOC-84fa9dc0
2026-03-06T12:44:36.505+01:00 INFO portal-bff host=portal-bff-5b8f6c-t6zvn corrId=c-6d1b30b03ec723e7 application completed application_id=APP-2026-531846 status=OFFER_ISSUED
2026-03-06T12:45:00.376+01:00 INFO api-gateway host=api-gateway-5b8f6c-p9qmz corrId=- health probe ok status=200 latency_ms=29
2026-03-06T12:49:03.101+01:00 INFO portal-bff host=portal-bff-a41e92-x2k4p corrId=c-068b30191555de09 loan application submitted application_id=APP-2026-023861 customer_segment=RETAIL
2026-03-06T12:49:03.232+01:00 INFO identity-service host=identity-service-7c9d5b-p9qmz corrId=c-068b30191555de09 MitID session validated customer_id=C88515849
2026-03-06T12:49:03.368+01:00 INFO customer-service host=customer-service-a41e92-x2k4p corrId=c-068b30191555de09 KYC profile loaded customer_id=C88515849 risk_class=MEDIUM
2026-03-06T12:49:03.393+01:00 INFO valuation-service host=valuation-service-7c9d5b-t6zvn corrId=c-068b30191555de09 property valuation requested property_id=P7976950 provider=bolig-vurdering
2026-03-06T12:49:03.887+01:00 INFO valuation-service host=valuation-service-7c9d5b-p9qmz corrId=c-068b30191555de09 property valuation received property_id=P7976950 value_dkk=830000 latency_ms=447
2026-03-06T12:49:03.954+01:00 INFO credit-service host=credit-service-5b8f6c-p9qmz corrId=c-068b30191555de09 credit assessment completed application_id=APP-2026-023861 score=523 decision=APPROVED
2026-03-06T12:49:04.091+01:00 INFO offer-service host=offer-service-5b8f6c-p9qmz corrId=c-068b30191555de09 loan offer generated application_id=APP-2026-023861 loan_type=FLEX_1Y principal_dkk=5420000
2026-03-06T12:49:04.147+01:00 INFO document-service host=document-service-7c9d5b-t6zvn corrId=c-068b30191555de09 offer document stored application_id=APP-2026-023861 doc_id=DOC-7237abec
2026-03-06T12:49:04.155+01:00 INFO portal-bff host=portal-bff-7c9d5b-x2k4p corrId=c-068b30191555de09 application completed application_id=APP-2026-023861 status=OFFER_ISSUED
2026-03-06T12:50:00.497+01:00 INFO api-gateway host=api-gateway-7c9d5b-p9qmz corrId=- health probe ok status=200 latency_ms=25
2026-03-06T12:50:00.853+01:00 INFO payment-scheduler host=payment-scheduler-5b8f6c-x2k4p corrId=- scheduler heartbeat lag_ms=106
2026-03-06T12:51:31.883+01:00 INFO portal-bff host=portal-bff-7c9d5b-x2k4p corrId=c-ab6de6f10128c5e4 loan application submitted application_id=APP-2026-226472 customer_segment=PRIVATE
2026-03-06T12:51:31.979+01:00 INFO identity-service host=identity-service-5b8f6c-p9qmz corrId=c-ab6de6f10128c5e4 MitID session validated customer_id=C09854944
2026-03-06T12:51:32.075+01:00 INFO customer-service host=customer-service-5b8f6c-x2k4p corrId=c-ab6de6f10128c5e4 KYC profile loaded customer_id=C09854944 risk_class=MEDIUM
2026-03-06T12:51:32.154+01:00 INFO valuation-service host=valuation-service-7c9d5b-x2k4p corrId=c-ab6de6f10128c5e4 property valuation served from cache property_id=P0576492 value_dkk=7530000
2026-03-06T12:51:32.288+01:00 INFO credit-service host=credit-service-5b8f6c-p9qmz corrId=c-ab6de6f10128c5e4 credit assessment completed application_id=APP-2026-226472 score=646 decision=APPROVED
2026-03-06T12:51:32.299+01:00 INFO offer-service host=offer-service-a41e92-x2k4p corrId=c-ab6de6f10128c5e4 loan offer generated application_id=APP-2026-226472 loan_type=FIXED_30Y principal_dkk=2745000
2026-03-06T12:51:32.344+01:00 INFO document-service host=document-service-5b8f6c-x2k4p corrId=c-ab6de6f10128c5e4 offer document stored application_id=APP-2026-226472 doc_id=DOC-d6569c04
2026-03-06T12:51:32.416+01:00 INFO portal-bff host=portal-bff-5b8f6c-x2k4p corrId=c-ab6de6f10128c5e4 application completed application_id=APP-2026-226472 status=OFFER_ISSUED
2026-03-06T12:55:00.820+01:00 INFO api-gateway host=api-gateway-a41e92-t6zvn corrId=- health probe ok status=200 latency_ms=6
2026-03-06T12:55:01.594+01:00 INFO offer-service host=offer-service-a41e92-t6zvn corrId=c-3e6efc73170f7576 offer accepted application_id=APP-2026-516807
2026-03-06T12:55:01.696+01:00 INFO ledger-service host=ledger-service-7c9d5b-p9qmz corrId=c-3e6efc73170f7576 funds reserved application_id=APP-2026-516807 amount_dkk=865000
2026-03-06T12:55:01.783+01:00 INFO payment-service host=payment-service-a41e92-x2k4p corrId=c-3e6efc73170f7576 payout instruction sent application_id=APP-2026-516807 amount_dkk=865000
2026-03-06T12:55:01.820+01:00 INFO ledger-service host=ledger-service-7c9d5b-t6zvn corrId=c-3e6efc73170f7576 payout booked application_id=APP-2026-516807 posting_id=PST-9e98367a88
2026-03-06T12:55:01.873+01:00 INFO notification-service host=notification-service-5b8f6c-x2k4p corrId=c-3e6efc73170f7576 payout confirmation sent application_id=APP-2026-516807
2026-03-06T12:55:04.212+01:00 INFO portal-bff host=portal-bff-a41e92-p9qmz corrId=c-7213b4c429745845 loan application submitted application_id=APP-2026-812154 customer_segment=PRIVATE
2026-03-06T12:55:04.338+01:00 INFO identity-service host=identity-service-5b8f6c-p9qmz corrId=c-7213b4c429745845 MitID session validated customer_id=C69847180
2026-03-06T12:55:04.432+01:00 INFO customer-service host=customer-service-a41e92-p9qmz corrId=c-7213b4c429745845 KYC profile loaded customer_id=C69847180 risk_class=LOW
2026-03-06T12:55:04.512+01:00 INFO valuation-service host=valuation-service-a41e92-x2k4p corrId=c-7213b4c429745845 property valuation requested property_id=P6979008 provider=valuta-ejd
2026-03-06T12:55:04.827+01:00 INFO valuation-service host=valuation-service-5b8f6c-p9qmz corrId=c-7213b4c429745845 property valuation received property_id=P6979008 value_dkk=5790000 latency_ms=200
2026-03-06T12:55:04.834+01:00 INFO credit-service host=credit-service-a41e92-p9qmz corrId=c-7213b4c429745845 credit assessment completed application_id=APP-2026-812154 score=631 decision=APPROVED
2026-03-06T12:55:04.880+01:00 INFO offer-service host=offer-service-a41e92-p9qmz corrId=c-7213b4c429745845 loan offer generated application_id=APP-2026-812154 loan_type=FIXED_20Y_IO principal_dkk=5440000
2026-03-06T12:55:04.988+01:00 INFO document-service host=document-service-7c9d5b-x2k4p corrId=c-7213b4c429745845 offer document stored application_id=APP-2026-812154 doc_id=DOC-e145fa34
2026-03-06T12:55:05.007+01:00 INFO portal-bff host=portal-bff-5b8f6c-t6zvn corrId=c-7213b4c429745845 application completed application_id=APP-2026-812154 status=OFFER_ISSUED
2026-03-06T12:55:05.224+01:00 INFO portal-bff host=portal-bff-7c9d5b-t6zvn corrId=c-09a1cc350482a039 loan application submitted application_id=APP-2026-255299 customer_segment=SME
2026-03-06T12:55:05.357+01:00 INFO identity-service host=identity-service-a41e92-p9qmz corrId=c-09a1cc350482a039 MitID session validated customer_id=C47516659
2026-03-06T12:55:05.413+01:00 INFO customer-service host=customer-service-5b8f6c-t6zvn corrId=c-09a1cc350482a039 KYC profile loaded customer_id=C47516659 risk_class=LOW
2026-03-06T12:55:05.500+01:00 INFO valuation-service host=valuation-service-5b8f6c-t6zvn corrId=c-09a1cc350482a039 property valuation requested property_id=P8036434 provider=bolig-vurdering
2026-03-06T12:55:06.079+01:00 INFO valuation-service host=valuation-service-5b8f6c-t6zvn corrId=c-09a1cc350482a039 property valuation received property_id=P8036434 value_dkk=5050000 latency_ms=536
2026-03-06T12:55:06.192+01:00 INFO credit-service host=credit-service-a41e92-p9qmz corrId=c-09a1cc350482a039 credit assessment completed application_id=APP-2026-255299 score=774 decision=APPROVED
2026-03-06T12:55:06.198+01:00 INFO offer-service host=offer-service-a41e92-x2k4p corrId=c-09a1cc350482a039 loan offer generated application_id=APP-2026-255299 loan_type=FIXED_30Y principal_dkk=2450000
2026-03-06T12:55:06.247+01:00 INFO document-service host=document-service-7c9d5b-x2k4p corrId=c-09a1cc350482a039 offer document stored application_id=APP-2026-255299 doc_id=DOC-7afe0de4
2026-03-06T12:55:06.313+01:00 INFO portal-bff host=portal-bff-5b8f6c-t6zvn corrId=c-09a1cc350482a039 application completed application_id=APP-2026-255299 status=OFFER_ISSUED
2026-03-06T12:56:07.231+01:00 INFO portal-bff host=portal-bff-7c9d5b-x2k4p corrId=c-9745426d79bf1b30 conversion quote requested loan_id=LN893619159 target_product=FLEX_1Y
2026-03-06T12:56:07.248+01:00 INFO identity-service host=identity-service-a41e92-t6zvn corrId=c-9745426d79bf1b30 MitID session validated customer_id=C89732643
2026-03-06T12:56:07.370+01:00 INFO pricing-service host=pricing-service-7c9d5b-p9qmz corrId=c-9745426d79bf1b30 bond price fetched series=BND3.0-2053 price=97.513
2026-03-06T12:56:07.499+01:00 INFO pricing-service host=pricing-service-a41e92-x2k4p corrId=c-9745426d79bf1b30 conversion cost calculated loan_id=LN893619159 cost_dkk=77916.68
2026-03-06T12:56:07.590+01:00 INFO quote-service host=quote-service-5b8f6c-t6zvn corrId=c-9745426d79bf1b30 conversion quote issued quote_id=Q15171153 loan_id=LN893619159
2026-03-06T12:58:02.849+01:00 INFO portal-bff host=portal-bff-a41e92-x2k4p corrId=c-8e01a558651c4648 conversion quote requested loan_id=LN127973699 target_product=FLEX_5Y
2026-03-06T12:58:02.930+01:00 INFO identity-service host=identity-service-7c9d5b-x2k4p corrId=c-8e01a558651c4648 MitID session validated customer_id=C42506411
2026-03-06T12:58:03.037+01:00 INFO pricing-service host=pricing-service-7c9d5b-p9qmz corrId=c-8e01a558651c4648 bond price fetched series=BND2.5-2053 price=91.283
2026-03-06T12:58:03.061+01:00 INFO pricing-service host=pricing-service-a41e92-p9qmz corrId=c-8e01a558651c4648 conversion cost calculated loan_id=LN127973699 cost_dkk=9283.93
2026-03-06T12:58:03.077+01:00 INFO quote-service host=quote-service-5b8f6c-t6zvn corrId=c-8e01a558651c4648 conversion quote issued quote_id=Q46430586 loan_id=LN127973699
2026-03-06T12:58:29.883+01:00 INFO portal-bff host=portal-bff-a41e92-x2k4p corrId=c-cb3a44951a218f99 loan application submitted application_id=APP-2026-476931 customer_segment=RETAIL
2026-03-06T12:58:29.909+01:00 INFO identity-service host=identity-service-a41e92-t6zvn corrId=c-cb3a44951a218f99 MitID session validated customer_id=C68679277
2026-03-06T12:58:29.997+01:00 INFO customer-service host=customer-service-a41e92-p9qmz corrId=c-cb3a44951a218f99 KYC profile loaded customer_id=C68679277 risk_class=LOW
2026-03-06T12:58:30.025+01:00 INFO valuation-service host=valuation-service-5b8f6c-t6zvn corrId=c-cb3a44951a218f99 property valuation requested property_id=P6364849 provider=valuta-ejd
2026-03-06T12:58:30.695+01:00 INFO valuation-service host=valuation-service-5b8f6c-x2k4p corrId=c-cb3a44951a218f99 property valuation received property_id=P6364849 value_dkk=3290000 latency_ms=608
2026-03-06T12:58:30.732+01:00 INFO credit-service host=credit-service-a41e92-x2k4p corrId=c-cb3a44951a218f99 credit assessment completed application_id=APP-2026-476931 score=499 decision=APPROVED
2026-03-06T12:58:30.809+01:00 INFO offer-service host=offer-service-7c9d5b-x2k4p corrId=c-cb3a44951a218f99 loan offer generated application_id=APP-2026-476931 loan_type=FLEX_5Y principal_dkk=5880000
2026-03-06T12:58:30.851+01:00 INFO document-service host=document-service-a41e92-p9qmz corrId=c-cb3a44951a218f99 offer document stored application_id=APP-2026-476931 doc_id=DOC-762cc260
2026-03-06T12:58:30.899+01:00 INFO portal-bff host=portal-bff-5b8f6c-x2k4p corrId=c-cb3a44951a218f99 application completed application_id=APP-2026-476931 status=OFFER_ISSUED
2026-03-06T13:00:00.000+01:00 INFO config-service host=config-service-5b8f6c-p9qmz corrId=- configuration refreshed version=v115
2026-03-06T13:00:00.069+01:00 INFO api-gateway host=api-gateway-7c9d5b-t6zvn corrId=- health probe ok status=200 latency_ms=25
2026-03-06T13:00:00.607+01:00 INFO payment-scheduler host=payment-scheduler-7c9d5b-x2k4p corrId=- scheduler heartbeat lag_ms=111
2026-03-06T13:00:29.115+01:00 INFO portal-bff host=portal-bff-7c9d5b-x2k4p corrId=c-d49b12503691a767 loan application submitted application_id=APP-2026-691397 customer_segment=RETAIL
2026-03-06T13:00:29.215+01:00 INFO identity-service host=identity-service-5b8f6c-t6zvn corrId=c-d49b12503691a767 MitID session validated customer_id=C78446713
2026-03-06T13:00:29.338+01:00 INFO customer-service host=customer-service-a41e92-t6zvn corrId=c-d49b12503691a767 KYC profile loaded customer_id=C78446713 risk_class=MEDIUM
2026-03-06T13:00:29.378+01:00 INFO valuation-service host=valuation-service-7c9d5b-p9qmz corrId=c-d49b12503691a767 property valuation requested property_id=P9109136 provider=bolig-vurdering
2026-03-06T13:00:30.232+01:00 INFO valuation-service host=valuation-service-5b8f6c-x2k4p corrId=c-d49b12503691a767 property valuation received property_id=P9109136 value_dkk=1290000 latency_ms=794
2026-03-06T13:00:30.369+01:00 INFO credit-service host=credit-service-5b8f6c-t6zvn corrId=c-d49b12503691a767 credit assessment completed application_id=APP-2026-691397 score=453 decision=APPROVED
2026-03-06T13:00:30.440+01:00 INFO offer-service host=offer-service-7c9d5b-p9qmz corrId=c-d49b12503691a767 loan offer generated application_id=APP-2026-691397 loan_type=FLEX_1Y principal_dkk=4605000
2026-03-06T13:00:30.485+01:00 INFO document-service host=document-service-a41e92-p9qmz corrId=c-d49b12503691a767 offer document stored application_id=APP-2026-691397 doc_id=DOC-2cd66c71
2026-03-06T13:00:30.594+01:00 INFO portal-bff host=portal-bff-7c9d5b-x2k4p corrId=c-d49b12503691a767 application completed application_id=APP-2026-691397 status=OFFER_ISSUED
2026-03-06T13:03:26.531+01:00 INFO portal-bff host=portal-bff-5b8f6c-t6zvn corrId=c-aa4e35dfd009cdf0 conversion quote requested loan_id=LN857636844 target_product=FLEX_5Y
2026-03-06T13:03:26.600+01:00 INFO identity-service host=identity-service-5b8f6c-t6zvn corrId=c-aa4e35dfd009cdf0 MitID session validated customer_id=C82859494
2026-03-06T13:03:26.675+01:00 INFO pricing-service host=pricing-service-a41e92-t6zvn corrId=c-aa4e35dfd009cdf0 bond price fetched series=BND4.0-2056 price=92.473
2026-03-06T13:03:26.812+01:00 INFO pricing-service host=pricing-service-7c9d5b-t6zvn corrId=c-aa4e35dfd009cdf0 conversion cost calculated loan_id=LN857636844 cost_dkk=47989.20
2026-03-06T13:03:26.887+01:00 INFO quote-service host=quote-service-7c9d5b-x2k4p corrId=c-aa4e35dfd009cdf0 conversion quote issued quote_id=Q10010801 loan_id=LN857636844
2026-03-06T13:04:11.938+01:00 INFO portal-bff host=portal-bff-5b8f6c-p9qmz corrId=c-3e2aec3ba19e61db loan application submitted application_id=APP-2026-113997 customer_segment=SME
2026-03-06T13:04:12.057+01:00 INFO identity-service host=identity-service-7c9d5b-p9qmz corrId=c-3e2aec3ba19e61db MitID session validated customer_id=C45440049
2026-03-06T13:04:12.169+01:00 INFO customer-service host=customer-service-7c9d5b-x2k4p corrId=c-3e2aec3ba19e61db KYC profile loaded customer_id=C45440049 risk_class=LOW
2026-03-06T13:04:12.195+01:00 INFO valuation-service host=valuation-service-7c9d5b-x2k4p corrId=c-3e2aec3ba19e61db property valuation requested property_id=P0918211 provider=bolig-vurdering
2026-03-06T13:04:12.749+01:00 INFO valuation-service host=valuation-service-5b8f6c-p9qmz corrId=c-3e2aec3ba19e61db property valuation received property_id=P0918211 value_dkk=2240000 latency_ms=509
2026-03-06T13:04:12.889+01:00 INFO credit-service host=credit-service-a41e92-t6zvn corrId=c-3e2aec3ba19e61db credit assessment completed application_id=APP-2026-113997 score=638 decision=APPROVED
2026-03-06T13:04:12.913+01:00 INFO offer-service host=offer-service-a41e92-x2k4p corrId=c-3e2aec3ba19e61db loan offer generated application_id=APP-2026-113997 loan_type=FIXED_20Y_IO principal_dkk=495000
2026-03-06T13:04:13.048+01:00 INFO document-service host=document-service-5b8f6c-t6zvn corrId=c-3e2aec3ba19e61db offer document stored application_id=APP-2026-113997 doc_id=DOC-a22927da
2026-03-06T13:04:13.141+01:00 INFO portal-bff host=portal-bff-5b8f6c-p9qmz corrId=c-3e2aec3ba19e61db application completed application_id=APP-2026-113997 status=OFFER_ISSUED
2026-03-06T13:04:32.978+01:00 INFO portal-bff host=portal-bff-7c9d5b-t6zvn corrId=c-55758a7e26bca7f7 loan application submitted application_id=APP-2026-270608 customer_segment=PRIVATE
2026-03-06T13:04:33.106+01:00 INFO identity-service host=identity-service-5b8f6c-x2k4p corrId=c-55758a7e26bca7f7 MitID session validated customer_id=C03020717
2026-03-06T13:04:33.209+01:00 INFO customer-service host=customer-service-7c9d5b-x2k4p corrId=c-55758a7e26bca7f7 KYC profile loaded customer_id=C03020717 risk_class=HIGH
2026-03-06T13:04:33.316+01:00 INFO valuation-service host=valuation-service-7c9d5b-x2k4p corrId=c-55758a7e26bca7f7 property valuation requested property_id=P9914209 provider=valuta-ejd
2026-03-06T13:04:33.763+01:00 INFO valuation-service host=valuation-service-7c9d5b-p9qmz corrId=c-55758a7e26bca7f7 property valuation received property_id=P9914209 value_dkk=1010000 latency_ms=365
2026-03-06T13:04:33.818+01:00 INFO credit-service host=credit-service-5b8f6c-x2k4p corrId=c-55758a7e26bca7f7 credit assessment completed application_id=APP-2026-270608 score=556 decision=APPROVED
2026-03-06T13:04:33.833+01:00 INFO offer-service host=offer-service-a41e92-x2k4p corrId=c-55758a7e26bca7f7 loan offer generated application_id=APP-2026-270608 loan_type=FLEX_5Y principal_dkk=3910000
2026-03-06T13:04:33.926+01:00 INFO document-service host=document-service-a41e92-p9qmz corrId=c-55758a7e26bca7f7 offer document stored application_id=APP-2026-270608 doc_id=DOC-3f8398da
2026-03-06T13:04:34.028+01:00 INFO portal-bff host=portal-bff-5b8f6c-t6zvn corrId=c-55758a7e26bca7f7 application completed application_id=APP-2026-270608 status=OFFER_ISSUED
2026-03-06T13:05:00.454+01:00 INFO api-gateway host=api-gateway-5b8f6c-t6zvn corrId=- health probe ok status=200 latency_ms=23
2026-03-06T13:06:11.000+01:00 INFO valuation-service host=valuation-service-5b8f6c-t6zvn corrId=- jvm gc pause pause_ms=31
2026-03-06T13:06:31.466+01:00 INFO portal-bff host=portal-bff-5b8f6c-x2k4p corrId=c-2d0f50a7875f6696 loan application submitted application_id=APP-2026-568786 customer_segment=RETAIL
2026-03-06T13:06:31.584+01:00 INFO identity-service host=identity-service-5b8f6c-t6zvn corrId=c-2d0f50a7875f6696 MitID session validated customer_id=C26667313
2026-03-06T13:06:31.636+01:00 INFO customer-service host=customer-service-7c9d5b-p9qmz corrId=c-2d0f50a7875f6696 KYC profile loaded customer_id=C26667313 risk_class=MEDIUM
2026-03-06T13:06:31.728+01:00 INFO valuation-service host=valuation-service-5b8f6c-x2k4p corrId=c-2d0f50a7875f6696 property valuation requested property_id=P3487071 provider=bolig-vurdering
2026-03-06T13:06:32.463+01:00 INFO valuation-service host=valuation-service-a41e92-p9qmz corrId=c-2d0f50a7875f6696 property valuation received property_id=P3487071 value_dkk=3910000 latency_ms=652
2026-03-06T13:06:32.514+01:00 INFO credit-service host=credit-service-5b8f6c-p9qmz corrId=c-2d0f50a7875f6696 credit assessment completed application_id=APP-2026-568786 score=561 decision=APPROVED
2026-03-06T13:06:32.600+01:00 INFO offer-service host=offer-service-5b8f6c-p9qmz corrId=c-2d0f50a7875f6696 loan offer generated application_id=APP-2026-568786 loan_type=FLEX_5Y principal_dkk=1940000
2026-03-06T13:06:32.687+01:00 INFO document-service host=document-service-7c9d5b-p9qmz corrId=c-2d0f50a7875f6696 offer document stored application_id=APP-2026-568786 doc_id=DOC-b0b7e617
2026-03-06T13:06:32.722+01:00 INFO portal-bff host=portal-bff-a41e92-t6zvn corrId=c-2d0f50a7875f6696 application completed application_id=APP-2026-568786 status=OFFER_ISSUED
2026-03-06T13:06:52.867+01:00 INFO portal-bff host=portal-bff-a41e92-t6zvn corrId=c-6e550e2a8abb3bf7 conversion quote requested loan_id=LN726125156 target_product=FIXED_30Y
2026-03-06T13:06:52.950+01:00 INFO identity-service host=identity-service-a41e92-p9qmz corrId=c-6e550e2a8abb3bf7 MitID session validated customer_id=C13016472
2026-03-06T13:06:53.006+01:00 INFO pricing-service host=pricing-service-5b8f6c-t6zvn corrId=c-6e550e2a8abb3bf7 bond price fetched series=BND4.0-2053 price=100.654
2026-03-06T13:06:53.112+01:00 INFO pricing-service host=pricing-service-5b8f6c-t6zvn corrId=c-6e550e2a8abb3bf7 conversion cost calculated loan_id=LN726125156 cost_dkk=20102.42
2026-03-06T13:06:53.239+01:00 INFO quote-service host=quote-service-7c9d5b-t6zvn corrId=c-6e550e2a8abb3bf7 conversion quote issued quote_id=Q45093909 loan_id=LN726125156
2026-03-06T13:10:00.171+01:00 INFO payment-scheduler host=payment-scheduler-5b8f6c-t6zvn corrId=- scheduler heartbeat lag_ms=39
2026-03-06T13:10:00.807+01:00 INFO api-gateway host=api-gateway-7c9d5b-p9qmz corrId=- health probe ok status=200 latency_ms=24
2026-03-06T13:10:20.639+01:00 INFO portal-bff host=portal-bff-7c9d5b-t6zvn corrId=c-6e16fcad5ffe4f51 conversion quote requested loan_id=LN906647679 target_product=FLEX_5Y
2026-03-06T13:10:20.682+01:00 INFO identity-service host=identity-service-a41e92-t6zvn corrId=c-6e16fcad5ffe4f51 MitID session validated customer_id=C67038756
2026-03-06T13:10:20.771+01:00 INFO pricing-service host=pricing-service-a41e92-t6zvn corrId=c-6e16fcad5ffe4f51 bond price fetched series=BND2.5-2056 price=94.064
2026-03-06T13:10:20.781+01:00 INFO pricing-service host=pricing-service-5b8f6c-x2k4p corrId=c-6e16fcad5ffe4f51 conversion cost calculated loan_id=LN906647679 cost_dkk=36029.81
2026-03-06T13:10:20.896+01:00 INFO quote-service host=quote-service-5b8f6c-p9qmz corrId=c-6e16fcad5ffe4f51 conversion quote issued quote_id=Q87725870 loan_id=LN906647679
2026-03-06T13:11:38.530+01:00 INFO portal-bff host=portal-bff-7c9d5b-x2k4p corrId=c-98a7882b08e45a4a conversion quote requested loan_id=LN444755976 target_product=FIXED_30Y
2026-03-06T13:11:38.613+01:00 INFO identity-service host=identity-service-5b8f6c-x2k4p corrId=c-98a7882b08e45a4a MitID session validated customer_id=C17473062
2026-03-06T13:11:38.669+01:00 INFO pricing-service host=pricing-service-a41e92-t6zvn corrId=c-98a7882b08e45a4a bond price fetched series=BND4.0-2053 price=91.356
2026-03-06T13:11:38.688+01:00 INFO pricing-service host=pricing-service-a41e92-x2k4p corrId=c-98a7882b08e45a4a conversion cost calculated loan_id=LN444755976 cost_dkk=36014.38
2026-03-06T13:11:38.695+01:00 INFO quote-service host=quote-service-a41e92-t6zvn corrId=c-98a7882b08e45a4a conversion quote issued quote_id=Q83122970 loan_id=LN444755976
2026-03-06T13:14:28.792+01:00 INFO portal-bff host=portal-bff-7c9d5b-x2k4p corrId=c-afff75bbf2b6b3d1 loan application submitted application_id=APP-2026-657276 customer_segment=RETAIL
2026-03-06T13:14:28.846+01:00 INFO identity-service host=identity-service-5b8f6c-p9qmz corrId=c-afff75bbf2b6b3d1 MitID session validated customer_id=C09114389
2026-03-06T13:14:28.887+01:00 INFO customer-service host=customer-service-5b8f6c-x2k4p corrId=c-afff75bbf2b6b3d1 KYC profile loaded customer_id=C09114389 risk_class=MEDIUM
2026-03-06T13:14:28.956+01:00 INFO valuation-service host=valuation-service-7c9d5b-p9qmz corrId=c-afff75bbf2b6b3d1 property valuation served from cache property_id=P3859197 value_dkk=6860000
2026-03-06T13:14:29.091+01:00 INFO credit-service host=credit-service-5b8f6c-x2k4p corrId=c-afff75bbf2b6b3d1 credit assessment completed application_id=APP-2026-657276 score=702 decision=APPROVED
2026-03-06T13:14:29.098+01:00 INFO offer-service host=offer-service-7c9d5b-x2k4p corrId=c-afff75bbf2b6b3d1 loan offer generated application_id=APP-2026-657276 loan_type=FLEX_1Y principal_dkk=3040000
2026-03-06T13:14:29.180+01:00 INFO document-service host=document-service-a41e92-t6zvn corrId=c-afff75bbf2b6b3d1 offer document stored application_id=APP-2026-657276 doc_id=DOC-848354cc
2026-03-06T13:14:29.303+01:00 INFO portal-bff host=portal-bff-a41e92-x2k4p corrId=c-afff75bbf2b6b3d1 application completed application_id=APP-2026-657276 status=OFFER_ISSUED
2026-03-06T13:14:51.085+01:00 INFO offer-service host=offer-service-5b8f6c-x2k4p corrId=c-6676f4ac00c3d1a5 offer accepted application_id=APP-2026-898269
2026-03-06T13:14:51.166+01:00 INFO ledger-service host=ledger-service-a41e92-x2k4p corrId=c-6676f4ac00c3d1a5 funds reserved application_id=APP-2026-898269 amount_dkk=4840000
2026-03-06T13:14:51.188+01:00 INFO payment-service host=payment-service-a41e92-x2k4p corrId=c-6676f4ac00c3d1a5 payout instruction sent application_id=APP-2026-898269 amount_dkk=4840000
2026-03-06T13:14:51.304+01:00 INFO ledger-service host=ledger-service-7c9d5b-t6zvn corrId=c-6676f4ac00c3d1a5 payout booked application_id=APP-2026-898269 posting_id=PST-a03126c0aa
2026-03-06T13:14:51.339+01:00 INFO notification-service host=notification-service-a41e92-x2k4p corrId=c-6676f4ac00c3d1a5 payout confirmation sent application_id=APP-2026-898269
2026-03-06T13:15:00.800+01:00 INFO api-gateway host=api-gateway-7c9d5b-t6zvn corrId=- health probe ok status=200 latency_ms=19
2026-03-06T13:15:12.133+01:00 INFO portal-bff host=portal-bff-5b8f6c-x2k4p corrId=c-8fc1881652ec61e6 loan application submitted application_id=APP-2026-730264 customer_segment=RETAIL
2026-03-06T13:15:12.158+01:00 INFO identity-service host=identity-service-7c9d5b-t6zvn corrId=c-8fc1881652ec61e6 MitID session validated customer_id=C02135288
2026-03-06T13:15:12.175+01:00 INFO customer-service host=customer-service-5b8f6c-p9qmz corrId=c-8fc1881652ec61e6 KYC profile loaded customer_id=C02135288 risk_class=LOW
2026-03-06T13:15:12.189+01:00 INFO valuation-service host=valuation-service-5b8f6c-x2k4p corrId=c-8fc1881652ec61e6 property valuation requested property_id=P8638348 provider=valuta-ejd
2026-03-06T13:15:12.906+01:00 INFO valuation-service host=valuation-service-7c9d5b-t6zvn corrId=c-8fc1881652ec61e6 property valuation received property_id=P8638348 value_dkk=3990000 latency_ms=608
2026-03-06T13:15:13.000+01:00 INFO credit-service host=credit-service-5b8f6c-p9qmz corrId=c-8fc1881652ec61e6 credit assessment completed application_id=APP-2026-730264 score=473 decision=APPROVED
2026-03-06T13:15:13.122+01:00 INFO offer-service host=offer-service-5b8f6c-t6zvn corrId=c-8fc1881652ec61e6 loan offer generated application_id=APP-2026-730264 loan_type=FIXED_20Y_IO principal_dkk=545000
2026-03-06T13:15:13.201+01:00 INFO document-service host=document-service-7c9d5b-p9qmz corrId=c-8fc1881652ec61e6 offer document stored application_id=APP-2026-730264 doc_id=DOC-eb03d5a8
2026-03-06T13:15:13.231+01:00 INFO portal-bff host=portal-bff-7c9d5b-t6zvn corrId=c-8fc1881652ec61e6 application completed application_id=APP-2026-730264 status=OFFER_ISSUED
2026-03-06T13:15:15.202+01:00 INFO portal-bff host=portal-bff-5b8f6c-p9qmz corrId=c-5fbcafb4aa0f7c93 conversion quote requested loan_id=LN934952950 target_product=FIXED_30Y
2026-03-06T13:15:15.322+01:00 INFO identity-service host=identity-service-a41e92-t6zvn corrId=c-5fbcafb4aa0f7c93 MitID session validated customer_id=C17743034
2026-03-06T13:15:15.399+01:00 INFO pricing-service host=pricing-service-7c9d5b-x2k4p corrId=c-5fbcafb4aa0f7c93 bond price fetched series=BND4.0-2056 price=101.773
2026-03-06T13:15:15.522+01:00 INFO pricing-service host=pricing-service-7c9d5b-x2k4p corrId=c-5fbcafb4aa0f7c93 conversion cost calculated loan_id=LN934952950 cost_dkk=72382.39
2026-03-06T13:15:15.654+01:00 INFO quote-service host=quote-service-a41e92-t6zvn corrId=c-5fbcafb4aa0f7c93 conversion quote issued quote_id=Q76816062 loan_id=LN934952950
2026-03-06T13:18:26.959+01:00 INFO portal-bff host=portal-bff-a41e92-x2k4p corrId=c-1508d365672acf94 loan application submitted application_id=APP-2026-203436 customer_segment=PRIVATE
2026-03-06T13:18:26.999+01:00 INFO identity-service host=identity-service-5b8f6c-t6zvn corrId=c-1508d365672acf94 MitID session validated customer_id=C71773327
2026-03-06T13:18:27.058+01:00 INFO customer-service host=customer-service-5b8f6c-t6zvn corrId=c-1508d365672acf94 KYC profile loaded customer_id=C71773327 risk_class=MEDIUM
2026-03-06T13:18:27.099+01:00 INFO valuation-service host=valuation-service-7c9d5b-p9qmz corrId=c-1508d365672acf94 property valuation requested property_id=P7878226 provider=bolig-vurdering
2026-03-06T13:18:27.588+01:00 INFO valuation-service host=valuation-service-5b8f6c-p9qmz corrId=c-1508d365672acf94 property valuation received property_id=P7878226 value_dkk=5560000 latency_ms=374
2026-03-06T13:18:27.706+01:00 INFO credit-service host=credit-service-a41e92-x2k4p corrId=c-1508d365672acf94 credit assessment completed application_id=APP-2026-203436 score=447 decision=APPROVED
2026-03-06T13:18:27.830+01:00 INFO offer-service host=offer-service-7c9d5b-x2k4p corrId=c-1508d365672acf94 loan offer generated application_id=APP-2026-203436 loan_type=FIXED_20Y_IO principal_dkk=4995000
2026-03-06T13:18:27.914+01:00 INFO document-service host=document-service-a41e92-x2k4p corrId=c-1508d365672acf94 offer document stored application_id=APP-2026-203436 doc_id=DOC-e1fbebf5
2026-03-06T13:18:27.948+01:00 INFO portal-bff host=portal-bff-a41e92-p9qmz corrId=c-1508d365672acf94 application completed application_id=APP-2026-203436 status=OFFER_ISSUED
2026-03-06T13:18:31.003+01:00 INFO portal-bff host=portal-bff-7c9d5b-t6zvn corrId=c-7f0b8b0c89037c7a loan application submitted application_id=APP-2026-247230 customer_segment=RETAIL
2026-03-06T13:18:31.035+01:00 INFO identity-service host=identity-service-7c9d5b-t6zvn corrId=c-7f0b8b0c89037c7a MitID session validated customer_id=C92658855
2026-03-06T13:18:31.047+01:00 INFO customer-service host=customer-service-5b8f6c-p9qmz corrId=c-7f0b8b0c89037c7a KYC profile loaded customer_id=C92658855 risk_class=LOW
2026-03-06T13:18:31.127+01:00 INFO valuation-service host=valuation-service-5b8f6c-t6zvn corrId=c-7f0b8b0c89037c7a property valuation served from cache property_id=P2789967 value_dkk=4480000
2026-03-06T13:18:31.180+01:00 INFO credit-service host=credit-service-7c9d5b-t6zvn corrId=c-7f0b8b0c89037c7a credit assessment completed application_id=APP-2026-247230 score=859 decision=APPROVED
2026-03-06T13:18:31.216+01:00 INFO offer-service host=offer-service-7c9d5b-p9qmz corrId=c-7f0b8b0c89037c7a loan offer generated application_id=APP-2026-247230 loan_type=FIXED_30Y principal_dkk=450000
2026-03-06T13:18:31.319+01:00 INFO document-service host=document-service-7c9d5b-x2k4p corrId=c-7f0b8b0c89037c7a offer document stored application_id=APP-2026-247230 doc_id=DOC-0754baea
2026-03-06T13:18:31.431+01:00 INFO portal-bff host=portal-bff-a41e92-x2k4p corrId=c-7f0b8b0c89037c7a application completed application_id=APP-2026-247230 status=OFFER_ISSUED
2026-03-06T13:19:52.613+01:00 INFO portal-bff host=portal-bff-7c9d5b-p9qmz corrId=c-d46abb5a532107e3 loan application submitted application_id=APP-2026-289321 customer_segment=RETAIL
2026-03-06T13:19:52.745+01:00 INFO identity-service host=identity-service-5b8f6c-x2k4p corrId=c-d46abb5a532107e3 MitID session validated customer_id=C30327758
2026-03-06T13:19:52.802+01:00 INFO customer-service host=customer-service-a41e92-p9qmz corrId=c-d46abb5a532107e3 KYC profile loaded customer_id=C30327758 risk_class=LOW
2026-03-06T13:19:52.847+01:00 INFO valuation-service host=valuation-service-5b8f6c-t6zvn corrId=c-d46abb5a532107e3 property valuation requested property_id=P3618433 provider=bolig-vurdering
2026-03-06T13:19:53.503+01:00 INFO valuation-service host=valuation-service-a41e92-p9qmz corrId=c-d46abb5a532107e3 property valuation received property_id=P3618433 value_dkk=6710000 latency_ms=644
2026-03-06T13:19:53.541+01:00 INFO credit-service host=credit-service-7c9d5b-t6zvn corrId=c-d46abb5a532107e3 credit assessment completed application_id=APP-2026-289321 score=474 decision=APPROVED
2026-03-06T13:19:53.645+01:00 INFO offer-service host=offer-service-5b8f6c-x2k4p corrId=c-d46abb5a532107e3 loan offer generated application_id=APP-2026-289321 loan_type=FIXED_20Y_IO principal_dkk=590000
2026-03-06T13:19:53.681+01:00 INFO document-service host=document-service-7c9d5b-t6zvn corrId=c-d46abb5a532107e3 offer document stored application_id=APP-2026-289321 doc_id=DOC-299bb002
2026-03-06T13:19:53.731+01:00 INFO portal-bff host=portal-bff-7c9d5b-t6zvn corrId=c-d46abb5a532107e3 application completed application_id=APP-2026-289321 status=OFFER_ISSUED
2026-03-06T13:20:00.365+01:00 INFO api-gateway host=api-gateway-a41e92-t6zvn corrId=- health probe ok status=200 latency_ms=33
2026-03-06T13:20:00.627+01:00 INFO payment-scheduler host=payment-scheduler-7c9d5b-t6zvn corrId=- scheduler heartbeat lag_ms=86
2026-03-06T13:21:02.739+01:00 INFO portal-bff host=portal-bff-5b8f6c-p9qmz corrId=c-e1c9d7221dc03c21 conversion quote requested loan_id=LN701341085 target_product=FLEX_5Y
2026-03-06T13:21:02.778+01:00 INFO identity-service host=identity-service-a41e92-p9qmz corrId=c-e1c9d7221dc03c21 MitID session validated customer_id=C08734007
2026-03-06T13:21:02.913+01:00 INFO pricing-service host=pricing-service-5b8f6c-p9qmz corrId=c-e1c9d7221dc03c21 bond price fetched series=BND3.0-2056 price=92.238
2026-03-06T13:21:02.939+01:00 INFO pricing-service host=pricing-service-5b8f6c-x2k4p corrId=c-e1c9d7221dc03c21 conversion cost calculated loan_id=LN701341085 cost_dkk=54823.04
2026-03-06T13:21:03.019+01:00 INFO quote-service host=quote-service-a41e92-t6zvn corrId=c-e1c9d7221dc03c21 conversion quote issued quote_id=Q04563628 loan_id=LN701341085
2026-03-06T13:23:04.348+01:00 INFO offer-service host=offer-service-a41e92-x2k4p corrId=c-4742a95e05c20887 offer accepted application_id=APP-2026-617650
2026-03-06T13:23:04.448+01:00 INFO ledger-service host=ledger-service-5b8f6c-t6zvn corrId=c-4742a95e05c20887 funds reserved application_id=APP-2026-617650 amount_dkk=3600000
2026-03-06T13:23:04.454+01:00 INFO payment-service host=payment-service-a41e92-x2k4p corrId=c-4742a95e05c20887 payout instruction sent application_id=APP-2026-617650 amount_dkk=3600000
2026-03-06T13:23:04.535+01:00 INFO ledger-service host=ledger-service-a41e92-p9qmz corrId=c-4742a95e05c20887 payout booked application_id=APP-2026-617650 posting_id=PST-e509d1d84b
2026-03-06T13:23:04.580+01:00 INFO notification-service host=notification-service-5b8f6c-t6zvn corrId=c-4742a95e05c20887 payout confirmation sent application_id=APP-2026-617650
2026-03-06T13:24:10.975+01:00 INFO portal-bff host=portal-bff-a41e92-x2k4p corrId=c-e1e196839ea6f1eb loan application submitted application_id=APP-2026-511491 customer_segment=PRIVATE
2026-03-06T13:24:11.099+01:00 INFO identity-service host=identity-service-a41e92-p9qmz corrId=c-e1e196839ea6f1eb MitID session validated customer_id=C34985415
2026-03-06T13:24:11.231+01:00 INFO customer-service host=customer-service-a41e92-t6zvn corrId=c-e1e196839ea6f1eb KYC profile loaded customer_id=C34985415 risk_class=MEDIUM
2026-03-06T13:24:11.339+01:00 INFO valuation-service host=valuation-service-7c9d5b-x2k4p corrId=c-e1e196839ea6f1eb property valuation requested property_id=P4866595 provider=valuta-ejd
2026-03-06T13:24:11.823+01:00 INFO valuation-service host=valuation-service-5b8f6c-t6zvn corrId=c-e1e196839ea6f1eb property valuation received property_id=P4866595 value_dkk=3820000 latency_ms=448
2026-03-06T13:24:11.938+01:00 INFO credit-service host=credit-service-7c9d5b-t6zvn corrId=c-e1e196839ea6f1eb credit assessment completed application_id=APP-2026-511491 score=596 decision=APPROVED
2026-03-06T13:24:12.016+01:00 INFO offer-service host=offer-service-a41e92-p9qmz corrId=c-e1e196839ea6f1eb loan offer generated application_id=APP-2026-511491 loan_type=FLEX_5Y principal_dkk=3365000
2026-03-06T13:24:12.089+01:00 INFO document-service host=document-service-7c9d5b-t6zvn corrId=c-e1e196839ea6f1eb offer document stored application_id=APP-2026-511491 doc_id=DOC-498c4022
2026-03-06T13:24:12.209+01:00 INFO portal-bff host=portal-bff-5b8f6c-t6zvn corrId=c-e1e196839ea6f1eb application completed application_id=APP-2026-511491 status=OFFER_ISSUED
2026-03-06T13:24:53.343+01:00 INFO portal-bff host=portal-bff-7c9d5b-t6zvn corrId=c-84efa03b8aaabcf6 conversion quote requested loan_id=LN434494517 target_product=FIXED_30Y
2026-03-06T13:24:53.419+01:00 INFO identity-service host=identity-service-7c9d5b-x2k4p corrId=c-84efa03b8aaabcf6 MitID session validated customer_id=C81531905
2026-03-06T13:24:53.530+01:00 INFO pricing-service host=pricing-service-5b8f6c-p9qmz corrId=c-84efa03b8aaabcf6 bond price fetched series=BND3.0-2056 price=93.927
2026-03-06T13:24:53.584+01:00 INFO pricing-service host=pricing-service-5b8f6c-p9qmz corrId=c-84efa03b8aaabcf6 conversion cost calculated loan_id=LN434494517 cost_dkk=5612.83
2026-03-06T13:24:53.604+01:00 INFO quote-service host=quote-service-5b8f6c-x2k4p corrId=c-84efa03b8aaabcf6 conversion quote issued quote_id=Q13595763 loan_id=LN434494517
2026-03-06T13:25:00.783+01:00 INFO api-gateway host=api-gateway-5b8f6c-t6zvn corrId=- health probe ok status=200 latency_ms=17
2026-03-06T13:25:17.286+01:00 INFO portal-bff host=portal-bff-7c9d5b-x2k4p corrId=c-1b25880c1ed5b706 loan application submitted application_id=APP-2026-008947 customer_segment=RETAIL
2026-03-06T13:25:17.414+01:00 INFO identity-service host=identity-service-5b8f6c-t6zvn corrId=c-1b25880c1ed5b706 MitID session validated customer_id=C44249744
2026-03-06T13:25:17.462+01:00 INFO customer-service host=customer-service-5b8f6c-x2k4p corrId=c-1b25880c1ed5b706 KYC profile loaded customer_id=C44249744 risk_class=LOW
2026-03-06T13:25:17.561+01:00 INFO valuation-service host=valuation-service-7c9d5b-p9qmz corrId=c-1b25880c1ed5b706 property valuation served from cache property_id=P4241794 value_dkk=5620000
2026-03-06T13:25:17.629+01:00 INFO credit-service host=credit-service-a41e92-x2k4p corrId=c-1b25880c1ed5b706 credit assessment completed application_id=APP-2026-008947 score=608 decision=APPROVED
2026-03-06T13:25:17.732+01:00 INFO offer-service host=offer-service-5b8f6c-t6zvn corrId=c-1b25880c1ed5b706 loan offer generated application_id=APP-2026-008947 loan_type=FLEX_1Y principal_dkk=2925000
2026-03-06T13:25:17.770+01:00 INFO document-service host=document-service-7c9d5b-x2k4p corrId=c-1b25880c1ed5b706 offer document stored application_id=APP-2026-008947 doc_id=DOC-f06445e4
2026-03-06T13:25:17.809+01:00 INFO portal-bff host=portal-bff-a41e92-t6zvn corrId=c-1b25880c1ed5b706 application completed application_id=APP-2026-008947 status=OFFER_ISSUED
2026-03-06T13:26:08.047+01:00 INFO portal-bff host=portal-bff-a41e92-p9qmz corrId=c-de2a66adcc6835fe conversion quote requested loan_id=LN507088329 target_product=FLEX_5Y
2026-03-06T13:26:08.127+01:00 INFO identity-service host=identity-service-5b8f6c-x2k4p corrId=c-de2a66adcc6835fe MitID session validated customer_id=C16960046
2026-03-06T13:26:08.177+01:00 INFO pricing-service host=pricing-service-7c9d5b-x2k4p corrId=c-de2a66adcc6835fe bond price fetched series=BND2.5-2053 price=96.213
2026-03-06T13:26:08.189+01:00 INFO pricing-service host=pricing-service-5b8f6c-x2k4p corrId=c-de2a66adcc6835fe conversion cost calculated loan_id=LN507088329 cost_dkk=50356.00
2026-03-06T13:26:08.219+01:00 INFO quote-service host=quote-service-5b8f6c-x2k4p corrId=c-de2a66adcc6835fe conversion quote issued quote_id=Q69979936 loan_id=LN507088329
2026-03-06T13:26:44.675+01:00 INFO portal-bff host=portal-bff-7c9d5b-t6zvn corrId=c-d52322397c0482ee loan application submitted application_id=APP-2026-247576 customer_segment=SME
2026-03-06T13:26:44.736+01:00 INFO identity-service host=identity-service-5b8f6c-p9qmz corrId=c-d52322397c0482ee MitID session validated customer_id=C79367004
2026-03-06T13:26:44.753+01:00 INFO customer-service host=customer-service-a41e92-t6zvn corrId=c-d52322397c0482ee KYC profile loaded customer_id=C79367004 risk_class=HIGH
2026-03-06T13:26:44.783+01:00 INFO valuation-service host=valuation-service-5b8f6c-t6zvn corrId=c-d52322397c0482ee property valuation requested property_id=P1481223 provider=valuta-ejd
2026-03-06T13:26:45.246+01:00 INFO valuation-service host=valuation-service-a41e92-x2k4p corrId=c-d52322397c0482ee property valuation received property_id=P1481223 value_dkk=3440000 latency_ms=336
2026-03-06T13:26:45.379+01:00 INFO credit-service host=credit-service-7c9d5b-t6zvn corrId=c-d52322397c0482ee credit assessment completed application_id=APP-2026-247576 score=576 decision=APPROVED
2026-03-06T13:26:45.511+01:00 INFO offer-service host=offer-service-5b8f6c-x2k4p corrId=c-d52322397c0482ee loan offer generated application_id=APP-2026-247576 loan_type=FLEX_1Y principal_dkk=2250000
2026-03-06T13:26:45.581+01:00 INFO document-service host=document-service-7c9d5b-p9qmz corrId=c-d52322397c0482ee offer document stored application_id=APP-2026-247576 doc_id=DOC-1d6a0a1a
2026-03-06T13:26:45.692+01:00 INFO portal-bff host=portal-bff-7c9d5b-p9qmz corrId=c-d52322397c0482ee application completed application_id=APP-2026-247576 status=OFFER_ISSUED
2026-03-06T13:27:31.409+01:00 INFO portal-bff host=portal-bff-5b8f6c-x2k4p corrId=c-d19cbbbaaa6692bd loan application submitted application_id=APP-2026-210073 customer_segment=RETAIL
2026-03-06T13:27:31.482+01:00 INFO identity-service host=identity-service-5b8f6c-p9qmz corrId=c-d19cbbbaaa6692bd MitID session validated customer_id=C16762305
2026-03-06T13:27:31.597+01:00 INFO customer-service host=customer-service-7c9d5b-t6zvn corrId=c-d19cbbbaaa6692bd KYC profile loaded customer_id=C16762305 risk_class=MEDIUM
2026-03-06T13:27:31.692+01:00 INFO valuation-service host=valuation-service-5b8f6c-x2k4p corrId=c-d19cbbbaaa6692bd property valuation requested property_id=P5609221 provider=valuta-ejd
2026-03-06T13:27:32.669+01:00 INFO valuation-service host=valuation-service-a41e92-t6zvn corrId=c-d19cbbbaaa6692bd property valuation received property_id=P5609221 value_dkk=5090000 latency_ms=883
2026-03-06T13:27:32.768+01:00 INFO credit-service host=credit-service-a41e92-p9qmz corrId=c-d19cbbbaaa6692bd credit assessment completed application_id=APP-2026-210073 score=639 decision=APPROVED
2026-03-06T13:27:32.872+01:00 INFO offer-service host=offer-service-a41e92-p9qmz corrId=c-d19cbbbaaa6692bd loan offer generated application_id=APP-2026-210073 loan_type=FLEX_5Y principal_dkk=4395000
2026-03-06T13:27:32.956+01:00 INFO document-service host=document-service-a41e92-x2k4p corrId=c-d19cbbbaaa6692bd offer document stored application_id=APP-2026-210073 doc_id=DOC-ecc1f17e
2026-03-06T13:27:33.052+01:00 INFO portal-bff host=portal-bff-5b8f6c-x2k4p corrId=c-d19cbbbaaa6692bd application completed application_id=APP-2026-210073 status=OFFER_ISSUED
2026-03-06T13:29:18.728+01:00 INFO portal-bff host=portal-bff-7c9d5b-x2k4p corrId=c-5c1e12f86b59ddf1 loan application submitted application_id=APP-2026-034221 customer_segment=PRIVATE
2026-03-06T13:29:18.827+01:00 INFO identity-service host=identity-service-a41e92-x2k4p corrId=c-5c1e12f86b59ddf1 MitID session validated customer_id=C26115662
2026-03-06T13:29:18.935+01:00 INFO customer-service host=customer-service-7c9d5b-t6zvn corrId=c-5c1e12f86b59ddf1 KYC profile loaded customer_id=C26115662 risk_class=HIGH
2026-03-06T13:29:19.023+01:00 INFO valuation-service host=valuation-service-7c9d5b-t6zvn corrId=c-5c1e12f86b59ddf1 property valuation requested property_id=P5125375 provider=valuta-ejd
2026-03-06T13:29:19.381+01:00 INFO valuation-service host=valuation-service-a41e92-t6zvn corrId=c-5c1e12f86b59ddf1 property valuation received property_id=P5125375 value_dkk=5070000 latency_ms=289
2026-03-06T13:29:19.457+01:00 INFO credit-service host=credit-service-5b8f6c-x2k4p corrId=c-5c1e12f86b59ddf1 credit assessment completed application_id=APP-2026-034221 score=421 decision=APPROVED
2026-03-06T13:29:19.574+01:00 INFO offer-service host=offer-service-a41e92-x2k4p corrId=c-5c1e12f86b59ddf1 loan offer generated application_id=APP-2026-034221 loan_type=FLEX_5Y principal_dkk=2315000
2026-03-06T13:29:19.691+01:00 INFO document-service host=document-service-a41e92-t6zvn corrId=c-5c1e12f86b59ddf1 offer document stored application_id=APP-2026-034221 doc_id=DOC-ec9a184f
2026-03-06T13:29:19.733+01:00 INFO portal-bff host=portal-bff-5b8f6c-p9qmz corrId=c-5c1e12f86b59ddf1 application completed application_id=APP-2026-034221 status=OFFER_ISSUED
2026-03-06T13:29:32.977+01:00 INFO portal-bff host=portal-bff-7c9d5b-t6zvn corrId=c-f2028c4f4524d048 loan application submitted application_id=APP-2026-697978 customer_segment=RETAIL
2026-03-06T13:29:33.113+01:00 INFO identity-service host=identity-service-a41e92-x2k4p corrId=c-f2028c4f4524d048 MitID session validated customer_id=C43937380
2026-03-06T13:29:33.248+01:00 INFO customer-service host=customer-service-7c9d5b-t6zvn corrId=c-f2028c4f4524d048 KYC profile loaded customer_id=C43937380 risk_class=MEDIUM
2026-03-06T13:29:33.299+01:00 INFO valuation-service host=valuation-service-7c9d5b-x2k4p corrId=c-f2028c4f4524d048 property valuation requested property_id=P7129692 provider=bolig-vurdering
2026-03-06T13:29:33.901+01:00 INFO valuation-service host=valuation-service-7c9d5b-t6zvn corrId=c-f2028c4f4524d048 property valuation received property_id=P7129692 value_dkk=7940000 latency_ms=485
2026-03-06T13:29:33.936+01:00 INFO credit-service host=credit-service-5b8f6c-x2k4p corrId=c-f2028c4f4524d048 credit assessment completed application_id=APP-2026-697978 score=755 decision=APPROVED
2026-03-06T13:29:34.018+01:00 INFO offer-service host=offer-service-5b8f6c-t6zvn corrId=c-f2028c4f4524d048 loan offer generated application_id=APP-2026-697978 loan_type=FLEX_1Y principal_dkk=5875000
2026-03-06T13:29:34.124+01:00 INFO document-service host=document-service-5b8f6c-t6zvn corrId=c-f2028c4f4524d048 offer document stored application_id=APP-2026-697978 doc_id=DOC-92cf149f
2026-03-06T13:29:34.133+01:00 INFO portal-bff host=portal-bff-7c9d5b-t6zvn corrId=c-f2028c4f4524d048 application completed application_id=APP-2026-697978 status=OFFER_ISSUED
2026-03-06T13:30:00.156+01:00 INFO api-gateway host=api-gateway-a41e92-p9qmz corrId=- health probe ok status=200 latency_ms=14
2026-03-06T13:30:00.260+01:00 INFO payment-scheduler host=payment-scheduler-5b8f6c-t6zvn corrId=- scheduler heartbeat lag_ms=49
2026-03-06T13:31:22.497+01:00 INFO portal-bff host=portal-bff-7c9d5b-x2k4p corrId=c-c8e9829c07726df4 loan application submitted application_id=APP-2026-185615 customer_segment=RETAIL
2026-03-06T13:31:22.534+01:00 INFO identity-service host=identity-service-a41e92-p9qmz corrId=c-c8e9829c07726df4 MitID session validated customer_id=C90053437
2026-03-06T13:31:22.556+01:00 INFO customer-service host=customer-service-7c9d5b-x2k4p corrId=c-c8e9829c07726df4 KYC profile loaded customer_id=C90053437 risk_class=HIGH
2026-03-06T13:31:22.570+01:00 INFO valuation-service host=valuation-service-5b8f6c-t6zvn corrId=c-c8e9829c07726df4 property valuation requested property_id=P9747872 provider=bolig-vurdering
2026-03-06T13:31:23.303+01:00 INFO valuation-service host=valuation-service-7c9d5b-p9qmz corrId=c-c8e9829c07726df4 property valuation received property_id=P9747872 value_dkk=3470000 latency_ms=609
2026-03-06T13:31:23.408+01:00 INFO credit-service host=credit-service-7c9d5b-t6zvn corrId=c-c8e9829c07726df4 credit assessment completed application_id=APP-2026-185615 score=612 decision=APPROVED
2026-03-06T13:31:23.478+01:00 INFO offer-service host=offer-service-a41e92-t6zvn corrId=c-c8e9829c07726df4 loan offer generated application_id=APP-2026-185615 loan_type=FIXED_20Y_IO principal_dkk=855000
2026-03-06T13:31:23.538+01:00 INFO document-service host=document-service-7c9d5b-x2k4p corrId=c-c8e9829c07726df4 offer document stored application_id=APP-2026-185615 doc_id=DOC-60a8e3cf
2026-03-06T13:31:23.636+01:00 INFO portal-bff host=portal-bff-a41e92-t6zvn corrId=c-c8e9829c07726df4 application completed application_id=APP-2026-185615 status=OFFER_ISSUED
2026-03-06T13:31:57.609+01:00 INFO portal-bff host=portal-bff-7c9d5b-t6zvn corrId=c-b4b7855b82549731 loan application submitted application_id=APP-2026-168501 customer_segment=RETAIL
2026-03-06T13:31:57.657+01:00 INFO identity-service host=identity-service-a41e92-x2k4p corrId=c-b4b7855b82549731 MitID session validated customer_id=C38912495
2026-03-06T13:31:57.717+01:00 INFO customer-service host=customer-service-7c9d5b-p9qmz corrId=c-b4b7855b82549731 KYC profile loaded customer_id=C38912495 risk_class=HIGH
2026-03-06T13:31:57.761+01:00 INFO valuation-service host=valuation-service-a41e92-p9qmz corrId=c-b4b7855b82549731 property valuation requested property_id=P4018257 provider=valuta-ejd
2026-03-06T13:31:58.072+01:00 INFO valuation-service host=valuation-service-5b8f6c-p9qmz corrId=c-b4b7855b82549731 property valuation received property_id=P4018257 value_dkk=7410000 latency_ms=301
2026-03-06T13:31:58.195+01:00 INFO credit-service host=credit-service-7c9d5b-x2k4p corrId=c-b4b7855b82549731 credit assessment completed application_id=APP-2026-168501 score=613 decision=APPROVED
2026-03-06T13:31:58.309+01:00 INFO offer-service host=offer-service-a41e92-x2k4p corrId=c-b4b7855b82549731 loan offer generated application_id=APP-2026-168501 loan_type=FIXED_30Y principal_dkk=3375000
2026-03-06T13:31:58.317+01:00 INFO document-service host=document-service-a41e92-p9qmz corrId=c-b4b7855b82549731 offer document stored application_id=APP-2026-168501 doc_id=DOC-6ff8496d
2026-03-06T13:31:58.423+01:00 INFO portal-bff host=portal-bff-5b8f6c-t6zvn corrId=c-b4b7855b82549731 application completed application_id=APP-2026-168501 status=OFFER_ISSUED
2026-03-06T13:32:22.155+01:00 INFO portal-bff host=portal-bff-7c9d5b-t6zvn corrId=c-82cd1d2205db292f loan application submitted application_id=APP-2026-574577 customer_segment=RETAIL
2026-03-06T13:32:22.224+01:00 INFO identity-service host=identity-service-5b8f6c-p9qmz corrId=c-82cd1d2205db292f MitID session validated customer_id=C61243203
2026-03-06T13:32:22.293+01:00 INFO customer-service host=customer-service-a41e92-t6zvn corrId=c-82cd1d2205db292f KYC profile loaded customer_id=C61243203 risk_class=MEDIUM
2026-03-06T13:32:22.340+01:00 INFO valuation-service host=valuation-service-5b8f6c-t6zvn corrId=c-82cd1d2205db292f property valuation requested property_id=P4784551 provider=bolig-vurdering
2026-03-06T13:32:22.628+01:00 INFO valuation-service host=valuation-service-a41e92-x2k4p corrId=c-82cd1d2205db292f property valuation received property_id=P4784551 value_dkk=5850000 latency_ms=192
2026-03-06T13:32:22.721+01:00 INFO credit-service host=credit-service-5b8f6c-t6zvn corrId=c-82cd1d2205db292f credit assessment completed application_id=APP-2026-574577 score=570 decision=APPROVED
2026-03-06T13:32:22.760+01:00 INFO offer-service host=offer-service-7c9d5b-p9qmz corrId=c-82cd1d2205db292f loan offer generated application_id=APP-2026-574577 loan_type=FLEX_5Y principal_dkk=5565000
2026-03-06T13:32:22.784+01:00 INFO document-service host=document-service-7c9d5b-t6zvn corrId=c-82cd1d2205db292f offer document stored application_id=APP-2026-574577 doc_id=DOC-ad087868
2026-03-06T13:32:22.822+01:00 INFO portal-bff host=portal-bff-7c9d5b-t6zvn corrId=c-82cd1d2205db292f application completed application_id=APP-2026-574577 status=OFFER_ISSUED
2026-03-06T13:33:18.603+01:00 INFO portal-bff host=portal-bff-5b8f6c-t6zvn corrId=c-b1277072601069f7 loan application submitted application_id=APP-2026-435404 customer_segment=RETAIL
2026-03-06T13:33:18.686+01:00 INFO identity-service host=identity-service-7c9d5b-t6zvn corrId=c-b1277072601069f7 MitID session validated customer_id=C07002196
2026-03-06T13:33:18.769+01:00 INFO customer-service host=customer-service-a41e92-x2k4p corrId=c-b1277072601069f7 KYC profile loaded customer_id=C07002196 risk_class=HIGH
2026-03-06T13:33:18.817+01:00 INFO valuation-service host=valuation-service-7c9d5b-x2k4p corrId=c-b1277072601069f7 property valuation requested property_id=P1143385 provider=valuta-ejd
2026-03-06T13:33:19.598+01:00 INFO valuation-service host=valuation-service-5b8f6c-t6zvn corrId=c-b1277072601069f7 property valuation received property_id=P1143385 value_dkk=3470000 latency_ms=655
2026-03-06T13:33:19.617+01:00 INFO credit-service host=credit-service-5b8f6c-x2k4p corrId=c-b1277072601069f7 credit assessment completed application_id=APP-2026-435404 score=434 decision=APPROVED
2026-03-06T13:33:19.699+01:00 INFO offer-service host=offer-service-a41e92-p9qmz corrId=c-b1277072601069f7 loan offer generated application_id=APP-2026-435404 loan_type=FLEX_1Y principal_dkk=4160000
2026-03-06T13:33:19.731+01:00 INFO document-service host=document-service-7c9d5b-t6zvn corrId=c-b1277072601069f7 offer document stored application_id=APP-2026-435404 doc_id=DOC-01a16719
2026-03-06T13:33:19.784+01:00 INFO portal-bff host=portal-bff-a41e92-t6zvn corrId=c-b1277072601069f7 application completed application_id=APP-2026-435404 status=OFFER_ISSUED
2026-03-06T13:33:27.413+01:00 INFO portal-bff host=portal-bff-a41e92-x2k4p corrId=c-84a83e0744b4e75e loan application submitted application_id=APP-2026-632082 customer_segment=RETAIL
2026-03-06T13:33:27.503+01:00 INFO identity-service host=identity-service-a41e92-x2k4p corrId=c-84a83e0744b4e75e MitID session validated customer_id=C52611933
2026-03-06T13:33:27.555+01:00 INFO customer-service host=customer-service-a41e92-t6zvn corrId=c-84a83e0744b4e75e KYC profile loaded customer_id=C52611933 risk_class=LOW
2026-03-06T13:33:27.668+01:00 INFO valuation-service host=valuation-service-5b8f6c-p9qmz corrId=c-84a83e0744b4e75e property valuation requested property_id=P6511801 provider=bolig-vurdering
2026-03-06T13:33:28.401+01:00 INFO valuation-service host=valuation-service-7c9d5b-x2k4p corrId=c-84a83e0744b4e75e property valuation received property_id=P6511801 value_dkk=4720000 latency_ms=728
2026-03-06T13:33:28.428+01:00 INFO credit-service host=credit-service-5b8f6c-p9qmz corrId=c-84a83e0744b4e75e credit assessment completed application_id=APP-2026-632082 score=532 decision=APPROVED
2026-03-06T13:33:28.539+01:00 INFO offer-service host=offer-service-a41e92-t6zvn corrId=c-84a83e0744b4e75e loan offer generated application_id=APP-2026-632082 loan_type=FLEX_5Y principal_dkk=5325000
2026-03-06T13:33:28.620+01:00 INFO document-service host=document-service-7c9d5b-x2k4p corrId=c-84a83e0744b4e75e offer document stored application_id=APP-2026-632082 doc_id=DOC-04a59c0c
2026-03-06T13:33:28.659+01:00 INFO portal-bff host=portal-bff-7c9d5b-t6zvn corrId=c-84a83e0744b4e75e application completed application_id=APP-2026-632082 status=OFFER_ISSUED
2026-03-06T13:33:29.046+01:00 INFO portal-bff host=portal-bff-a41e92-p9qmz corrId=c-92411fbcee248984 loan application submitted application_id=APP-2026-901346 customer_segment=SME
2026-03-06T13:33:29.107+01:00 INFO identity-service host=identity-service-7c9d5b-x2k4p corrId=c-92411fbcee248984 MitID session validated customer_id=C19025530
2026-03-06T13:33:29.123+01:00 INFO customer-service host=customer-service-a41e92-t6zvn corrId=c-92411fbcee248984 KYC profile loaded customer_id=C19025530 risk_class=LOW
2026-03-06T13:33:29.152+01:00 INFO valuation-service host=valuation-service-a41e92-x2k4p corrId=c-92411fbcee248984 property valuation requested property_id=P1537183 provider=valuta-ejd
2026-03-06T13:33:29.594+01:00 INFO valuation-service host=valuation-service-a41e92-t6zvn corrId=c-92411fbcee248984 property valuation received property_id=P1537183 value_dkk=1080000 latency_ms=323
2026-03-06T13:33:29.614+01:00 INFO credit-service host=credit-service-a41e92-x2k4p corrId=c-92411fbcee248984 credit assessment completed application_id=APP-2026-901346 score=543 decision=APPROVED
2026-03-06T13:33:29.655+01:00 INFO offer-service host=offer-service-5b8f6c-p9qmz corrId=c-92411fbcee248984 loan offer generated application_id=APP-2026-901346 loan_type=FIXED_30Y principal_dkk=1940000
2026-03-06T13:33:29.765+01:00 INFO document-service host=document-service-5b8f6c-x2k4p corrId=c-92411fbcee248984 offer document stored application_id=APP-2026-901346 doc_id=DOC-f196c57e
2026-03-06T13:33:29.850+01:00 INFO portal-bff host=portal-bff-5b8f6c-p9qmz corrId=c-92411fbcee248984 application completed application_id=APP-2026-901346 status=OFFER_ISSUED
2026-03-06T13:35:00.643+01:00 INFO api-gateway host=api-gateway-7c9d5b-x2k4p corrId=- health probe ok status=200 latency_ms=12
2026-03-06T13:36:41.322+01:00 INFO portal-bff host=portal-bff-7c9d5b-t6zvn corrId=c-a0def3c6f626cb5e loan application submitted application_id=APP-2026-325026 customer_segment=SME
2026-03-06T13:36:41.352+01:00 INFO identity-service host=identity-service-a41e92-t6zvn corrId=c-a0def3c6f626cb5e MitID session validated customer_id=C35229854
2026-03-06T13:36:41.489+01:00 INFO customer-service host=customer-service-5b8f6c-t6zvn corrId=c-a0def3c6f626cb5e KYC profile loaded customer_id=C35229854 risk_class=LOW
2026-03-06T13:36:41.507+01:00 INFO valuation-service host=valuation-service-5b8f6c-p9qmz corrId=c-a0def3c6f626cb5e property valuation served from cache property_id=P9097159 value_dkk=3220000
2026-03-06T13:36:41.542+01:00 INFO credit-service host=credit-service-7c9d5b-t6zvn corrId=c-a0def3c6f626cb5e credit assessment completed application_id=APP-2026-325026 score=770 decision=APPROVED
2026-03-06T13:36:41.678+01:00 INFO offer-service host=offer-service-7c9d5b-p9qmz corrId=c-a0def3c6f626cb5e loan offer generated application_id=APP-2026-325026 loan_type=FIXED_20Y_IO principal_dkk=1955000
2026-03-06T13:36:41.704+01:00 INFO document-service host=document-service-a41e92-t6zvn corrId=c-a0def3c6f626cb5e offer document stored application_id=APP-2026-325026 doc_id=DOC-5b310a1b
2026-03-06T13:36:41.829+01:00 INFO portal-bff host=portal-bff-5b8f6c-t6zvn corrId=c-a0def3c6f626cb5e application completed application_id=APP-2026-325026 status=OFFER_ISSUED
2026-03-06T13:38:21.047+01:00 INFO portal-bff host=portal-bff-5b8f6c-p9qmz corrId=c-c6b49de3636ae8db loan application submitted application_id=APP-2026-491509 customer_segment=RETAIL
2026-03-06T13:38:21.124+01:00 INFO identity-service host=identity-service-a41e92-x2k4p corrId=c-c6b49de3636ae8db MitID session validated customer_id=C32230918
2026-03-06T13:38:21.259+01:00 INFO customer-service host=customer-service-5b8f6c-p9qmz corrId=c-c6b49de3636ae8db KYC profile loaded customer_id=C32230918 risk_class=LOW
2026-03-06T13:38:21.371+01:00 INFO valuation-service host=valuation-service-7c9d5b-x2k4p corrId=c-c6b49de3636ae8db property valuation requested property_id=P8481539 provider=valuta-ejd
2026-03-06T13:38:22.153+01:00 INFO valuation-service host=valuation-service-5b8f6c-x2k4p corrId=c-c6b49de3636ae8db property valuation received property_id=P8481539 value_dkk=7000000 latency_ms=708
2026-03-06T13:38:22.228+01:00 INFO credit-service host=credit-service-a41e92-t6zvn corrId=c-c6b49de3636ae8db credit assessment completed application_id=APP-2026-491509 score=864 decision=APPROVED
2026-03-06T13:38:22.307+01:00 INFO offer-service host=offer-service-a41e92-x2k4p corrId=c-c6b49de3636ae8db loan offer generated application_id=APP-2026-491509 loan_type=FIXED_30Y principal_dkk=615000
2026-03-06T13:38:22.402+01:00 INFO document-service host=document-service-7c9d5b-t6zvn corrId=c-c6b49de3636ae8db offer document stored application_id=APP-2026-491509 doc_id=DOC-2fe3a95d
2026-03-06T13:38:22.520+01:00 INFO portal-bff host=portal-bff-5b8f6c-p9qmz corrId=c-c6b49de3636ae8db application completed application_id=APP-2026-491509 status=OFFER_ISSUED
2026-03-06T13:38:52.749+01:00 INFO portal-bff host=portal-bff-5b8f6c-p9qmz corrId=c-5cba2c536ddfe4a2 loan application submitted application_id=APP-2026-070708 customer_segment=PRIVATE
2026-03-06T13:38:52.834+01:00 INFO identity-service host=identity-service-5b8f6c-t6zvn corrId=c-5cba2c536ddfe4a2 MitID session validated customer_id=C33081214
2026-03-06T13:38:52.853+01:00 INFO customer-service host=customer-service-7c9d5b-p9qmz corrId=c-5cba2c536ddfe4a2 KYC profile loaded customer_id=C33081214 risk_class=LOW
2026-03-06T13:38:52.968+01:00 INFO valuation-service host=valuation-service-7c9d5b-x2k4p corrId=c-5cba2c536ddfe4a2 property valuation requested property_id=P0200740 provider=bolig-vurdering
2026-03-06T13:38:53.858+01:00 INFO valuation-service host=valuation-service-a41e92-x2k4p corrId=c-5cba2c536ddfe4a2 property valuation received property_id=P0200740 value_dkk=4400000 latency_ms=864
2026-03-06T13:38:53.933+01:00 INFO credit-service host=credit-service-7c9d5b-x2k4p corrId=c-5cba2c536ddfe4a2 credit assessment completed application_id=APP-2026-070708 score=845 decision=APPROVED
2026-03-06T13:38:54.053+01:00 INFO offer-service host=offer-service-5b8f6c-t6zvn corrId=c-5cba2c536ddfe4a2 loan offer generated application_id=APP-2026-070708 loan_type=FIXED_30Y principal_dkk=4915000
2026-03-06T13:38:54.184+01:00 INFO document-service host=document-service-5b8f6c-x2k4p corrId=c-5cba2c536ddfe4a2 offer document stored application_id=APP-2026-070708 doc_id=DOC-f9d121bd
2026-03-06T13:38:54.283+01:00 INFO portal-bff host=portal-bff-5b8f6c-x2k4p corrId=c-5cba2c536ddfe4a2 application completed application_id=APP-2026-070708 status=OFFER_ISSUED
2026-03-06T13:39:26.202+01:00 INFO portal-bff host=portal-bff-a41e92-p9qmz corrId=c-6da729e0f078ced4 loan application submitted application_id=APP-2026-811744 customer_segment=RETAIL
2026-03-06T13:39:26.291+01:00 INFO identity-service host=identity-service-7c9d5b-x2k4p corrId=c-6da729e0f078ced4 MitID session validated customer_id=C27941459
2026-03-06T13:39:26.332+01:00 INFO customer-service host=customer-service-7c9d5b-p9qmz corrId=c-6da729e0f078ced4 KYC profile loaded customer_id=C27941459 risk_class=LOW
2026-03-06T13:39:26.440+01:00 INFO valuation-service host=valuation-service-7c9d5b-p9qmz corrId=c-6da729e0f078ced4 property valuation served from cache property_id=P4773375 value_dkk=7640000
2026-03-06T13:39:26.503+01:00 INFO credit-service host=credit-service-7c9d5b-t6zvn corrId=c-6da729e0f078ced4 credit assessment completed application_id=APP-2026-811744 score=495 decision=APPROVED
2026-03-06T13:39:26.640+01:00 INFO offer-service host=offer-service-5b8f6c-x2k4p corrId=c-6da729e0f078ced4 loan offer generated application_id=APP-2026-811744 loan_type=FIXED_20Y_IO principal_dkk=3470000
2026-03-06T13:39:26.733+01:00 INFO document-service host=document-service-7c9d5b-t6zvn corrId=c-6da729e0f078ced4 offer document stored application_id=APP-2026-811744 doc_id=DOC-18be3c80
2026-03-06T13:39:26.801+01:00 INFO portal-bff host=portal-bff-5b8f6c-t6zvn corrId=c-6da729e0f078ced4 application completed application_id=APP-2026-811744 status=OFFER_ISSUED
2026-03-06T13:40:00.001+01:00 INFO api-gateway host=api-gateway-7c9d5b-t6zvn corrId=- health probe ok status=200 latency_ms=18
2026-03-06T13:40:00.537+01:00 INFO payment-scheduler host=payment-scheduler-7c9d5b-p9qmz corrId=- scheduler heartbeat lag_ms=78
2026-03-06T13:40:04.994+01:00 INFO portal-bff host=portal-bff-7c9d5b-p9qmz corrId=c-04a14cf23face987 loan application submitted application_id=APP-2026-306345 customer_segment=PRIVATE
2026-03-06T13:40:05.079+01:00 INFO portal-bff host=portal-bff-a41e92-t6zvn corrId=c-04c15b1019905aa2 loan application submitted application_id=APP-2026-094908 customer_segment=SME
2026-03-06T13:40:05.094+01:00 INFO identity-service host=identity-service-5b8f6c-p9qmz corrId=c-04a14cf23face987 MitID session validated customer_id=C56631529
2026-03-06T13:40:05.152+01:00 INFO customer-service host=customer-service-7c9d5b-t6zvn corrId=c-04a14cf23face987 KYC profile loaded customer_id=C56631529 risk_class=HIGH
2026-03-06T13:40:05.218+01:00 INFO identity-service host=identity-service-a41e92-x2k4p corrId=c-04c15b1019905aa2 MitID session validated customer_id=C51232482
2026-03-06T13:40:05.255+01:00 INFO customer-service host=customer-service-7c9d5b-x2k4p corrId=c-04c15b1019905aa2 KYC profile loaded customer_id=C51232482 risk_class=MEDIUM
2026-03-06T13:40:05.270+01:00 INFO valuation-service host=valuation-service-7c9d5b-t6zvn corrId=c-04a14cf23face987 property valuation requested property_id=P8205280 provider=valuta-ejd
2026-03-06T13:40:05.385+01:00 INFO valuation-service host=valuation-service-5b8f6c-x2k4p corrId=c-04c15b1019905aa2 property valuation served from cache property_id=P8919984 value_dkk=3930000
2026-03-06T13:40:05.482+01:00 INFO credit-service host=credit-service-7c9d5b-x2k4p corrId=c-04c15b1019905aa2 credit assessment completed application_id=APP-2026-094908 score=626 decision=APPROVED
2026-03-06T13:40:05.612+01:00 INFO offer-service host=offer-service-a41e92-p9qmz corrId=c-04c15b1019905aa2 loan offer generated application_id=APP-2026-094908 loan_type=FIXED_30Y principal_dkk=875000
2026-03-06T13:40:05.673+01:00 INFO document-service host=document-service-7c9d5b-t6zvn corrId=c-04c15b1019905aa2 offer document stored application_id=APP-2026-094908 doc_id=DOC-d117dfc1
2026-03-06T13:40:05.734+01:00 INFO portal-bff host=portal-bff-5b8f6c-t6zvn corrId=c-04c15b1019905aa2 application completed application_id=APP-2026-094908 status=OFFER_ISSUED
2026-03-06T13:40:05.992+01:00 INFO valuation-service host=valuation-service-5b8f6c-t6zvn corrId=c-04a14cf23face987 property valuation received property_id=P8205280 value_dkk=8970000 latency_ms=665
2026-03-06T13:40:06.081+01:00 INFO credit-service host=credit-service-5b8f6c-p9qmz corrId=c-04a14cf23face987 credit assessment completed application_id=APP-2026-306345 score=875 decision=APPROVED
2026-03-06T13:40:06.198+01:00 INFO offer-service host=offer-service-7c9d5b-t6zvn corrId=c-04a14cf23face987 loan offer generated application_id=APP-2026-306345 loan_type=FIXED_20Y_IO principal_dkk=2525000
2026-03-06T13:40:06.312+01:00 INFO document-service host=document-service-a41e92-t6zvn corrId=c-04a14cf23face987 offer document stored application_id=APP-2026-306345 doc_id=DOC-9e9ba47c
2026-03-06T13:40:06.431+01:00 INFO portal-bff host=portal-bff-a41e92-p9qmz corrId=c-04a14cf23face987 application completed application_id=APP-2026-306345 status=OFFER_ISSUED
2026-03-06T13:40:23.988+01:00 INFO portal-bff host=portal-bff-7c9d5b-t6zvn corrId=c-31226baaaad40946 loan application submitted application_id=APP-2026-864845 customer_segment=RETAIL
2026-03-06T13:40:24.040+01:00 INFO identity-service host=identity-service-a41e92-x2k4p corrId=c-31226baaaad40946 MitID session validated customer_id=C83714559
2026-03-06T13:40:24.172+01:00 INFO customer-service host=customer-service-7c9d5b-x2k4p corrId=c-31226baaaad40946 KYC profile loaded customer_id=C83714559 risk_class=HIGH
2026-03-06T13:40:24.274+01:00 INFO valuation-service host=valuation-service-5b8f6c-t6zvn corrId=c-31226baaaad40946 property valuation requested property_id=P2863230 provider=bolig-vurdering
2026-03-06T13:40:25.156+01:00 INFO valuation-service host=valuation-service-5b8f6c-x2k4p corrId=c-31226baaaad40946 property valuation received property_id=P2863230 value_dkk=3020000 latency_ms=819
2026-03-06T13:40:25.186+01:00 INFO credit-service host=credit-service-5b8f6c-p9qmz corrId=c-31226baaaad40946 credit assessment completed application_id=APP-2026-864845 score=614 decision=APPROVED
2026-03-06T13:40:25.309+01:00 INFO offer-service host=offer-service-7c9d5b-t6zvn corrId=c-31226baaaad40946 loan offer generated application_id=APP-2026-864845 loan_type=FLEX_5Y principal_dkk=4155000
2026-03-06T13:40:25.399+01:00 INFO document-service host=document-service-5b8f6c-t6zvn corrId=c-31226baaaad40946 offer document stored application_id=APP-2026-864845 doc_id=DOC-e6dd9f1a
2026-03-06T13:40:25.500+01:00 INFO portal-bff host=portal-bff-a41e92-p9qmz corrId=c-31226baaaad40946 application completed application_id=APP-2026-864845 status=OFFER_ISSUED
2026-03-06T13:41:38.128+01:00 INFO portal-bff host=portal-bff-7c9d5b-p9qmz corrId=c-2ad450ed6429c978 loan application submitted application_id=APP-2026-551232 customer_segment=RETAIL
2026-03-06T13:41:38.181+01:00 INFO identity-service host=identity-service-5b8f6c-p9qmz corrId=c-2ad450ed6429c978 MitID session validated customer_id=C45584959
2026-03-06T13:41:38.296+01:00 INFO customer-service host=customer-service-5b8f6c-t6zvn corrId=c-2ad450ed6429c978 KYC profile loaded customer_id=C45584959 risk_class=MEDIUM
2026-03-06T13:41:38.429+01:00 INFO valuation-service host=valuation-service-7c9d5b-p9qmz corrId=c-2ad450ed6429c978 property valuation requested property_id=P4212950 provider=valuta-ejd
2026-03-06T13:41:39.162+01:00 INFO valuation-service host=valuation-service-a41e92-t6zvn corrId=c-2ad450ed6429c978 property valuation received property_id=P4212950 value_dkk=4950000 latency_ms=725
2026-03-06T13:41:39.195+01:00 INFO credit-service host=credit-service-5b8f6c-x2k4p corrId=c-2ad450ed6429c978 credit assessment completed application_id=APP-2026-551232 score=820 decision=APPROVED
2026-03-06T13:41:39.271+01:00 INFO offer-service host=offer-service-7c9d5b-x2k4p corrId=c-2ad450ed6429c978 loan offer generated application_id=APP-2026-551232 loan_type=FLEX_1Y principal_dkk=2900000
2026-03-06T13:41:39.329+01:00 INFO document-service host=document-service-5b8f6c-t6zvn corrId=c-2ad450ed6429c978 offer document stored application_id=APP-2026-551232 doc_id=DOC-1162986d
2026-03-06T13:41:39.468+01:00 INFO portal-bff host=portal-bff-a41e92-t6zvn corrId=c-2ad450ed6429c978 application completed application_id=APP-2026-551232 status=OFFER_ISSUED
2026-03-06T13:45:00.106+01:00 INFO api-gateway host=api-gateway-5b8f6c-t6zvn corrId=- health probe ok status=200 latency_ms=40
2026-03-06T13:46:04.060+01:00 INFO portal-bff host=portal-bff-a41e92-p9qmz corrId=c-4165a8f89fdc053b conversion quote requested loan_id=LN322804710 target_product=FLEX_1Y
2026-03-06T13:46:04.135+01:00 INFO identity-service host=identity-service-5b8f6c-t6zvn corrId=c-4165a8f89fdc053b MitID session validated customer_id=C97755129
2026-03-06T13:46:04.169+01:00 INFO pricing-service host=pricing-service-5b8f6c-t6zvn corrId=c-4165a8f89fdc053b bond price fetched series=BND3.0-2056 price=92.450
2026-03-06T13:46:04.196+01:00 INFO pricing-service host=pricing-service-7c9d5b-p9qmz corrId=c-4165a8f89fdc053b conversion cost calculated loan_id=LN322804710 cost_dkk=40912.31
2026-03-06T13:46:04.233+01:00 INFO quote-service host=quote-service-7c9d5b-t6zvn corrId=c-4165a8f89fdc053b conversion quote issued quote_id=Q20289880 loan_id=LN322804710
2026-03-06T13:46:43.780+01:00 INFO portal-bff host=portal-bff-5b8f6c-x2k4p corrId=c-7bb3140b46fa5604 loan application submitted application_id=APP-2026-170352 customer_segment=PRIVATE
2026-03-06T13:46:43.911+01:00 INFO identity-service host=identity-service-5b8f6c-p9qmz corrId=c-7bb3140b46fa5604 MitID session validated customer_id=C71127655
2026-03-06T13:46:43.924+01:00 INFO customer-service host=customer-service-a41e92-t6zvn corrId=c-7bb3140b46fa5604 KYC profile loaded customer_id=C71127655 risk_class=HIGH
2026-03-06T13:46:44.058+01:00 INFO valuation-service host=valuation-service-7c9d5b-x2k4p corrId=c-7bb3140b46fa5604 property valuation requested property_id=P1608601 provider=valuta-ejd
2026-03-06T13:46:44.588+01:00 INFO valuation-service host=valuation-service-7c9d5b-t6zvn corrId=c-7bb3140b46fa5604 property valuation received property_id=P1608601 value_dkk=5340000 latency_ms=401
2026-03-06T13:46:44.639+01:00 INFO credit-service host=credit-service-7c9d5b-t6zvn corrId=c-7bb3140b46fa5604 credit assessment completed application_id=APP-2026-170352 score=679 decision=APPROVED
2026-03-06T13:46:44.712+01:00 INFO offer-service host=offer-service-5b8f6c-x2k4p corrId=c-7bb3140b46fa5604 loan offer generated application_id=APP-2026-170352 loan_type=FLEX_1Y principal_dkk=5885000
2026-03-06T13:46:44.736+01:00 INFO document-service host=document-service-5b8f6c-t6zvn corrId=c-7bb3140b46fa5604 offer document stored application_id=APP-2026-170352 doc_id=DOC-6d76330f
2026-03-06T13:46:44.840+01:00 INFO portal-bff host=portal-bff-a41e92-t6zvn corrId=c-7bb3140b46fa5604 application completed application_id=APP-2026-170352 status=OFFER_ISSUED
2026-03-06T13:47:23.531+01:00 INFO portal-bff host=portal-bff-a41e92-t6zvn corrId=c-42c819eace201ffa conversion quote requested loan_id=LN473203279 target_product=FLEX_1Y
2026-03-06T13:47:23.624+01:00 INFO identity-service host=identity-service-7c9d5b-p9qmz corrId=c-42c819eace201ffa MitID session validated customer_id=C58151161
2026-03-06T13:47:23.739+01:00 INFO pricing-service host=pricing-service-5b8f6c-x2k4p corrId=c-42c819eace201ffa bond price fetched series=BND4.0-2056 price=101.937
2026-03-06T13:47:23.777+01:00 INFO pricing-service host=pricing-service-7c9d5b-x2k4p corrId=c-42c819eace201ffa conversion cost calculated loan_id=LN473203279 cost_dkk=88643.85
2026-03-06T13:47:23.864+01:00 INFO quote-service host=quote-service-a41e92-p9qmz corrId=c-42c819eace201ffa conversion quote issued quote_id=Q41236238 loan_id=LN473203279
2026-03-06T13:47:48.717+01:00 INFO portal-bff host=portal-bff-7c9d5b-t6zvn corrId=c-1bbdcbac9c237f5f loan application submitted application_id=APP-2026-770750 customer_segment=RETAIL
2026-03-06T13:47:48.757+01:00 INFO identity-service host=identity-service-7c9d5b-t6zvn corrId=c-1bbdcbac9c237f5f MitID session validated customer_id=C60612806
2026-03-06T13:47:48.784+01:00 INFO customer-service host=customer-service-5b8f6c-x2k4p corrId=c-1bbdcbac9c237f5f KYC profile loaded customer_id=C60612806 risk_class=LOW
2026-03-06T13:47:48.861+01:00 INFO valuation-service host=valuation-service-7c9d5b-t6zvn corrId=c-1bbdcbac9c237f5f property valuation served from cache property_id=P7403114 value_dkk=2390000
2026-03-06T13:47:48.947+01:00 INFO credit-service host=credit-service-5b8f6c-p9qmz corrId=c-1bbdcbac9c237f5f credit assessment completed application_id=APP-2026-770750 score=773 decision=APPROVED
2026-03-06T13:47:49.073+01:00 INFO offer-service host=offer-service-5b8f6c-t6zvn corrId=c-1bbdcbac9c237f5f loan offer generated application_id=APP-2026-770750 loan_type=FLEX_1Y principal_dkk=1920000
2026-03-06T13:47:49.200+01:00 INFO document-service host=document-service-7c9d5b-p9qmz corrId=c-1bbdcbac9c237f5f offer document stored application_id=APP-2026-770750 doc_id=DOC-91024f9c
2026-03-06T13:47:49.307+01:00 INFO portal-bff host=portal-bff-7c9d5b-t6zvn corrId=c-1bbdcbac9c237f5f application completed application_id=APP-2026-770750 status=OFFER_ISSUED
2026-03-06T13:48:59.163+01:00 INFO portal-bff host=portal-bff-7c9d5b-p9qmz corrId=c-1805bb9c46de10ff loan application submitted application_id=APP-2026-055986 customer_segment=SME
2026-03-06T13:48:59.212+01:00 INFO identity-service host=identity-service-7c9d5b-t6zvn corrId=c-1805bb9c46de10ff MitID session validated customer_id=C09177772
2026-03-06T13:48:59.349+01:00 INFO customer-service host=customer-service-7c9d5b-t6zvn corrId=c-1805bb9c46de10ff KYC profile loaded customer_id=C09177772 risk_class=HIGH
2026-03-06T13:48:59.480+01:00 INFO valuation-service host=valuation-service-7c9d5b-p9qmz corrId=c-1805bb9c46de10ff property valuation requested property_id=P4852520 provider=bolig-vurdering
2026-03-06T13:48:59.786+01:00 INFO valuation-service host=valuation-service-5b8f6c-x2k4p corrId=c-1805bb9c46de10ff property valuation received property_id=P4852520 value_dkk=7090000 latency_ms=266
2026-03-06T13:48:59.796+01:00 INFO credit-service host=credit-service-5b8f6c-t6zvn corrId=c-1805bb9c46de10ff credit assessment completed application_id=APP-2026-055986 score=641 decision=APPROVED
2026-03-06T13:48:59.920+01:00 INFO offer-service host=offer-service-5b8f6c-x2k4p corrId=c-1805bb9c46de10ff loan offer generated application_id=APP-2026-055986 loan_type=FLEX_1Y principal_dkk=3685000
2026-03-06T13:49:00.030+01:00 INFO document-service host=document-service-7c9d5b-x2k4p corrId=c-1805bb9c46de10ff offer document stored application_id=APP-2026-055986 doc_id=DOC-c78de3d7
2026-03-06T13:49:00.117+01:00 INFO portal-bff host=portal-bff-a41e92-t6zvn corrId=c-1805bb9c46de10ff application completed application_id=APP-2026-055986 status=OFFER_ISSUED
2026-03-06T13:49:36.821+01:00 INFO portal-bff host=portal-bff-a41e92-p9qmz corrId=c-9173e28be3dcf3fe loan application submitted application_id=APP-2026-368804 customer_segment=RETAIL
2026-03-06T13:49:36.931+01:00 INFO identity-service host=identity-service-7c9d5b-t6zvn corrId=c-9173e28be3dcf3fe MitID session validated customer_id=C41538838
2026-03-06T13:49:36.949+01:00 INFO customer-service host=customer-service-5b8f6c-x2k4p corrId=c-9173e28be3dcf3fe KYC profile loaded customer_id=C41538838 risk_class=HIGH
2026-03-06T13:49:37.074+01:00 INFO valuation-service host=valuation-service-5b8f6c-x2k4p corrId=c-9173e28be3dcf3fe property valuation requested property_id=P4452855 provider=bolig-vurdering
2026-03-06T13:49:37.650+01:00 INFO valuation-service host=valuation-service-5b8f6c-x2k4p corrId=c-9173e28be3dcf3fe property valuation received property_id=P4452855 value_dkk=8180000 latency_ms=482
2026-03-06T13:49:37.664+01:00 INFO credit-service host=credit-service-7c9d5b-t6zvn corrId=c-9173e28be3dcf3fe credit assessment completed application_id=APP-2026-368804 score=509 decision=APPROVED
2026-03-06T13:49:37.701+01:00 INFO offer-service host=offer-service-5b8f6c-t6zvn corrId=c-9173e28be3dcf3fe loan offer generated application_id=APP-2026-368804 loan_type=FLEX_1Y principal_dkk=2340000
2026-03-06T13:49:37.767+01:00 INFO document-service host=document-service-a41e92-p9qmz corrId=c-9173e28be3dcf3fe offer document stored application_id=APP-2026-368804 doc_id=DOC-67a1052a
2026-03-06T13:49:37.860+01:00 INFO portal-bff host=portal-bff-7c9d5b-x2k4p corrId=c-9173e28be3dcf3fe application completed application_id=APP-2026-368804 status=OFFER_ISSUED
2026-03-06T13:50:00.019+01:00 INFO payment-scheduler host=payment-scheduler-7c9d5b-x2k4p corrId=- scheduler heartbeat lag_ms=87
2026-03-06T13:50:00.415+01:00 INFO api-gateway host=api-gateway-5b8f6c-p9qmz corrId=- health probe ok status=200 latency_ms=10
2026-03-06T13:51:05.983+01:00 INFO portal-bff host=portal-bff-5b8f6c-p9qmz corrId=c-7ef7fd05fd656f0a conversion quote requested loan_id=LN847300631 target_product=FIXED_30Y
2026-03-06T13:51:06.061+01:00 INFO identity-service host=identity-service-a41e92-t6zvn corrId=c-7ef7fd05fd656f0a MitID session validated customer_id=C07684365
2026-03-06T13:51:06.168+01:00 INFO pricing-service host=pricing-service-a41e92-p9qmz corrId=c-7ef7fd05fd656f0a bond price fetched series=BND3.0-2056 price=89.293
2026-03-06T13:51:06.207+01:00 INFO pricing-service host=pricing-service-7c9d5b-t6zvn corrId=c-7ef7fd05fd656f0a conversion cost calculated loan_id=LN847300631 cost_dkk=53513.99
2026-03-06T13:51:06.219+01:00 INFO quote-service host=quote-service-a41e92-t6zvn corrId=c-7ef7fd05fd656f0a conversion quote issued quote_id=Q71393483 loan_id=LN847300631
2026-03-06T13:51:19.964+01:00 INFO portal-bff host=portal-bff-7c9d5b-t6zvn corrId=c-67d0db0b5acc6719 conversion quote requested loan_id=LN148653318 target_product=FIXED_30Y
2026-03-06T13:51:20.103+01:00 INFO identity-service host=identity-service-a41e92-p9qmz corrId=c-67d0db0b5acc6719 MitID session validated customer_id=C75164940
2026-03-06T13:51:20.221+01:00 INFO pricing-service host=pricing-service-7c9d5b-t6zvn corrId=c-67d0db0b5acc6719 bond price fetched series=BND3.0-2056 price=95.309
2026-03-06T13:51:20.335+01:00 INFO pricing-service host=pricing-service-7c9d5b-x2k4p corrId=c-67d0db0b5acc6719 conversion cost calculated loan_id=LN148653318 cost_dkk=43007.36
2026-03-06T13:51:20.404+01:00 INFO quote-service host=quote-service-5b8f6c-p9qmz corrId=c-67d0db0b5acc6719 conversion quote issued quote_id=Q15658740 loan_id=LN148653318
2026-03-06T13:51:33.550+01:00 INFO portal-bff host=portal-bff-7c9d5b-p9qmz corrId=c-d899d3da17242eb9 loan application submitted application_id=APP-2026-435770 customer_segment=RETAIL
2026-03-06T13:51:33.593+01:00 INFO identity-service host=identity-service-a41e92-p9qmz corrId=c-d899d3da17242eb9 MitID session validated customer_id=C68050103
2026-03-06T13:51:33.611+01:00 INFO customer-service host=customer-service-a41e92-p9qmz corrId=c-d899d3da17242eb9 KYC profile loaded customer_id=C68050103 risk_class=MEDIUM
2026-03-06T13:51:33.711+01:00 INFO valuation-service host=valuation-service-5b8f6c-p9qmz corrId=c-d899d3da17242eb9 property valuation requested property_id=P1413564 provider=valuta-ejd
2026-03-06T13:51:34.138+01:00 INFO valuation-service host=valuation-service-7c9d5b-t6zvn corrId=c-d899d3da17242eb9 property valuation received property_id=P1413564 value_dkk=1710000 latency_ms=322
2026-03-06T13:51:34.254+01:00 INFO credit-service host=credit-service-5b8f6c-x2k4p corrId=c-d899d3da17242eb9 credit assessment completed application_id=APP-2026-435770 score=852 decision=APPROVED
2026-03-06T13:51:34.285+01:00 INFO offer-service host=offer-service-7c9d5b-p9qmz corrId=c-d899d3da17242eb9 loan offer generated application_id=APP-2026-435770 loan_type=FIXED_30Y principal_dkk=2775000
2026-03-06T13:51:34.361+01:00 INFO document-service host=document-service-5b8f6c-x2k4p corrId=c-d899d3da17242eb9 offer document stored application_id=APP-2026-435770 doc_id=DOC-d018fec9
2026-03-06T13:51:34.419+01:00 INFO portal-bff host=portal-bff-5b8f6c-x2k4p corrId=c-d899d3da17242eb9 application completed application_id=APP-2026-435770 status=OFFER_ISSUED
2026-03-06T13:54:21.870+01:00 INFO portal-bff host=portal-bff-a41e92-x2k4p corrId=c-56433cb44006aaae loan application submitted application_id=APP-2026-255495 customer_segment=PRIVATE
2026-03-06T13:54:21.959+01:00 INFO identity-service host=identity-service-7c9d5b-t6zvn corrId=c-56433cb44006aaae MitID session validated customer_id=C74939779
2026-03-06T13:54:22.054+01:00 INFO customer-service host=customer-service-7c9d5b-x2k4p corrId=c-56433cb44006aaae KYC profile loaded customer_id=C74939779 risk_class=LOW
2026-03-06T13:54:22.168+01:00 INFO valuation-service host=valuation-service-5b8f6c-x2k4p corrId=c-56433cb44006aaae property valuation served from cache property_id=P1320578 value_dkk=8900000
2026-03-06T13:54:22.173+01:00 INFO credit-service host=credit-service-5b8f6c-p9qmz corrId=c-56433cb44006aaae credit assessment completed application_id=APP-2026-255495 score=577 decision=APPROVED
2026-03-06T13:54:22.210+01:00 INFO offer-service host=offer-service-5b8f6c-x2k4p corrId=c-56433cb44006aaae loan offer generated application_id=APP-2026-255495 loan_type=FIXED_30Y principal_dkk=2115000
2026-03-06T13:54:22.337+01:00 INFO document-service host=document-service-a41e92-p9qmz corrId=c-56433cb44006aaae offer document stored application_id=APP-2026-255495 doc_id=DOC-dceaa806
2026-03-06T13:54:22.399+01:00 INFO portal-bff host=portal-bff-7c9d5b-x2k4p corrId=c-56433cb44006aaae application completed application_id=APP-2026-255495 status=OFFER_ISSUED
2026-03-06T13:55:00.065+01:00 INFO api-gateway host=api-gateway-a41e92-x2k4p corrId=- health probe ok status=200 latency_ms=19
2026-03-06T13:56:04.711+01:00 INFO portal-bff host=portal-bff-a41e92-t6zvn corrId=c-1d0e5e346ac5779d loan application submitted application_id=APP-2026-075528 customer_segment=RETAIL
2026-03-06T13:56:04.787+01:00 INFO identity-service host=identity-service-7c9d5b-t6zvn corrId=c-1d0e5e346ac5779d MitID session validated customer_id=C34137522
2026-03-06T13:56:04.857+01:00 INFO customer-service host=customer-service-a41e92-p9qmz corrId=c-1d0e5e346ac5779d KYC profile loaded customer_id=C34137522 risk_class=LOW
2026-03-06T13:56:04.956+01:00 INFO valuation-service host=valuation-service-7c9d5b-p9qmz corrId=c-1d0e5e346ac5779d property valuation requested property_id=P7357979 provider=valuta-ejd
2026-03-06T13:56:05.735+01:00 INFO valuation-service host=valuation-service-a41e92-t6zvn corrId=c-1d0e5e346ac5779d property valuation received property_id=P7357979 value_dkk=5220000 latency_ms=734
2026-03-06T13:56:05.747+01:00 INFO credit-service host=credit-service-5b8f6c-p9qmz corrId=c-1d0e5e346ac5779d credit assessment completed application_id=APP-2026-075528 score=622 decision=APPROVED
2026-03-06T13:56:05.799+01:00 INFO offer-service host=offer-service-7c9d5b-t6zvn corrId=c-1d0e5e346ac5779d loan offer generated application_id=APP-2026-075528 loan_type=FLEX_1Y principal_dkk=2675000
2026-03-06T13:56:05.862+01:00 INFO document-service host=document-service-7c9d5b-x2k4p corrId=c-1d0e5e346ac5779d offer document stored application_id=APP-2026-075528 doc_id=DOC-01361314
2026-03-06T13:56:05.939+01:00 INFO portal-bff host=portal-bff-5b8f6c-x2k4p corrId=c-1d0e5e346ac5779d application completed application_id=APP-2026-075528 status=OFFER_ISSUED
2026-03-06T13:56:19.511+01:00 INFO portal-bff host=portal-bff-7c9d5b-x2k4p corrId=c-6e238acc34d450bf loan application submitted application_id=APP-2026-595623 customer_segment=PRIVATE
2026-03-06T13:56:19.630+01:00 INFO identity-service host=identity-service-a41e92-p9qmz corrId=c-6e238acc34d450bf MitID session validated customer_id=C12832101
2026-03-06T13:56:19.680+01:00 INFO customer-service host=customer-service-a41e92-p9qmz corrId=c-6e238acc34d450bf KYC profile loaded customer_id=C12832101 risk_class=HIGH
2026-03-06T13:56:19.718+01:00 INFO valuation-service host=valuation-service-5b8f6c-t6zvn corrId=c-6e238acc34d450bf property valuation requested property_id=P5126967 provider=bolig-vurdering
2026-03-06T13:56:20.155+01:00 INFO valuation-service host=valuation-service-5b8f6c-t6zvn corrId=c-6e238acc34d450bf property valuation received property_id=P5126967 value_dkk=4330000 latency_ms=302
2026-03-06T13:56:20.177+01:00 INFO credit-service host=credit-service-5b8f6c-t6zvn corrId=c-6e238acc34d450bf credit assessment completed application_id=APP-2026-595623 score=609 decision=APPROVED
2026-03-06T13:56:20.227+01:00 INFO offer-service host=offer-service-5b8f6c-p9qmz corrId=c-6e238acc34d450bf loan offer generated application_id=APP-2026-595623 loan_type=FIXED_30Y principal_dkk=620000
2026-03-06T13:56:20.347+01:00 INFO document-service host=document-service-a41e92-p9qmz corrId=c-6e238acc34d450bf offer document stored application_id=APP-2026-595623 doc_id=DOC-cf9f94ca
2026-03-06T13:56:20.467+01:00 INFO portal-bff host=portal-bff-7c9d5b-x2k4p corrId=c-6e238acc34d450bf application completed application_id=APP-2026-595623 status=OFFER_ISSUED
2026-03-06T13:56:41.037+01:00 INFO portal-bff host=portal-bff-5b8f6c-p9qmz corrId=c-4f8b44591cbeb0e6 loan application submitted application_id=APP-2026-848488 customer_segment=RETAIL
2026-03-06T13:56:41.171+01:00 INFO identity-service host=identity-service-7c9d5b-p9qmz corrId=c-4f8b44591cbeb0e6 MitID session validated customer_id=C79609792
2026-03-06T13:56:41.203+01:00 INFO customer-service host=customer-service-a41e92-t6zvn corrId=c-4f8b44591cbeb0e6 KYC profile loaded customer_id=C79609792 risk_class=MEDIUM
2026-03-06T13:56:41.254+01:00 INFO valuation-service host=valuation-service-5b8f6c-p9qmz corrId=c-4f8b44591cbeb0e6 property valuation requested property_id=P9736652 provider=bolig-vurdering
2026-03-06T13:56:41.728+01:00 INFO valuation-service host=valuation-service-a41e92-t6zvn corrId=c-4f8b44591cbeb0e6 property valuation received property_id=P9736652 value_dkk=750000 latency_ms=426
2026-03-06T13:56:41.759+01:00 INFO credit-service host=credit-service-7c9d5b-x2k4p corrId=c-4f8b44591cbeb0e6 credit assessment completed application_id=APP-2026-848488 score=777 decision=APPROVED
2026-03-06T13:56:41.819+01:00 INFO offer-service host=offer-service-5b8f6c-p9qmz corrId=c-4f8b44591cbeb0e6 loan offer generated application_id=APP-2026-848488 loan_type=FLEX_5Y principal_dkk=1090000
2026-03-06T13:56:41.897+01:00 INFO document-service host=document-service-7c9d5b-x2k4p corrId=c-4f8b44591cbeb0e6 offer document stored application_id=APP-2026-848488 doc_id=DOC-d71560e1
2026-03-06T13:56:41.944+01:00 INFO portal-bff host=portal-bff-a41e92-x2k4p corrId=c-4f8b44591cbeb0e6 application completed application_id=APP-2026-848488 status=OFFER_ISSUED
2026-03-06T13:58:27.221+01:00 INFO portal-bff host=portal-bff-7c9d5b-p9qmz corrId=c-82c31a39ed200498 loan application submitted application_id=APP-2026-193179 customer_segment=RETAIL
2026-03-06T13:58:27.274+01:00 INFO identity-service host=identity-service-7c9d5b-t6zvn corrId=c-82c31a39ed200498 MitID session validated customer_id=C14395962
2026-03-06T13:58:27.340+01:00 INFO customer-service host=customer-service-a41e92-x2k4p corrId=c-82c31a39ed200498 KYC profile loaded customer_id=C14395962 risk_class=MEDIUM
2026-03-06T13:58:27.429+01:00 INFO valuation-service host=valuation-service-7c9d5b-x2k4p corrId=c-82c31a39ed200498 property valuation requested property_id=P4212747 provider=valuta-ejd
2026-03-06T13:58:27.657+01:00 INFO valuation-service host=valuation-service-a41e92-p9qmz corrId=c-82c31a39ed200498 property valuation received property_id=P4212747 value_dkk=2510000 latency_ms=201
2026-03-06T13:58:27.722+01:00 INFO credit-service host=credit-service-7c9d5b-p9qmz corrId=c-82c31a39ed200498 credit assessment completed application_id=APP-2026-193179 score=550 decision=APPROVED
2026-03-06T13:58:27.825+01:00 INFO offer-service host=offer-service-a41e92-t6zvn corrId=c-82c31a39ed200498 loan offer generated application_id=APP-2026-193179 loan_type=FLEX_1Y principal_dkk=1160000
2026-03-06T13:58:27.929+01:00 INFO document-service host=document-service-7c9d5b-p9qmz corrId=c-82c31a39ed200498 offer document stored application_id=APP-2026-193179 doc_id=DOC-31be99ac
2026-03-06T13:58:27.988+01:00 INFO portal-bff host=portal-bff-7c9d5b-x2k4p corrId=c-82c31a39ed200498 application completed application_id=APP-2026-193179 status=OFFER_ISSUED
2026-03-06T13:58:28.808+01:00 INFO portal-bff host=portal-bff-5b8f6c-t6zvn corrId=c-aba45fe8efb86cca conversion quote requested loan_id=LN795066673 target_product=FLEX_1Y
2026-03-06T13:58:28.881+01:00 INFO identity-service host=identity-service-a41e92-p9qmz corrId=c-aba45fe8efb86cca MitID session validated customer_id=C60063313
2026-03-06T13:58:29.003+01:00 INFO pricing-service host=pricing-service-a41e92-x2k4p corrId=c-aba45fe8efb86cca bond price fetched series=BND3.0-2053 price=97.187
2026-03-06T13:58:29.096+01:00 INFO pricing-service host=pricing-service-a41e92-x2k4p corrId=c-aba45fe8efb86cca conversion cost calculated loan_id=LN795066673 cost_dkk=69123.28
2026-03-06T13:58:29.123+01:00 INFO quote-service host=quote-service-a41e92-t6zvn corrId=c-aba45fe8efb86cca conversion quote issued quote_id=Q36246306 loan_id=LN795066673
2026-03-06T13:58:37.161+01:00 INFO portal-bff host=portal-bff-7c9d5b-x2k4p corrId=c-ab7c0576651e381c loan application submitted application_id=APP-2026-452872 customer_segment=RETAIL
2026-03-06T13:58:37.182+01:00 INFO identity-service host=identity-service-5b8f6c-x2k4p corrId=c-ab7c0576651e381c MitID session validated customer_id=C10577017
2026-03-06T13:58:37.226+01:00 INFO customer-service host=customer-service-5b8f6c-x2k4p corrId=c-ab7c0576651e381c KYC profile loaded customer_id=C10577017 risk_class=MEDIUM
2026-03-06T13:58:37.338+01:00 INFO valuation-service host=valuation-service-5b8f6c-x2k4p corrId=c-ab7c0576651e381c property valuation requested property_id=P2323061 provider=bolig-vurdering
2026-03-06T13:58:37.980+01:00 INFO valuation-service host=valuation-service-7c9d5b-p9qmz corrId=c-ab7c0576651e381c property valuation received property_id=P2323061 value_dkk=7090000 latency_ms=541
2026-03-06T13:58:38.084+01:00 INFO credit-service host=credit-service-5b8f6c-x2k4p corrId=c-ab7c0576651e381c credit assessment completed application_id=APP-2026-452872 score=656 decision=APPROVED
2026-03-06T13:58:38.118+01:00 INFO offer-service host=offer-service-5b8f6c-p9qmz corrId=c-ab7c0576651e381c loan offer generated application_id=APP-2026-452872 loan_type=FLEX_5Y principal_dkk=3515000
2026-03-06T13:58:38.197+01:00 INFO document-service host=document-service-7c9d5b-p9qmz corrId=c-ab7c0576651e381c offer document stored application_id=APP-2026-452872 doc_id=DOC-17e6aa80
2026-03-06T13:58:38.313+01:00 INFO portal-bff host=portal-bff-a41e92-p9qmz corrId=c-ab7c0576651e381c application completed application_id=APP-2026-452872 status=OFFER_ISSUED
2026-03-06T13:59:22.565+01:00 INFO portal-bff host=portal-bff-a41e92-t6zvn corrId=c-3451c35ca3fd8cdc loan application submitted application_id=APP-2026-199027 customer_segment=RETAIL
2026-03-06T13:59:22.656+01:00 INFO identity-service host=identity-service-5b8f6c-x2k4p corrId=c-3451c35ca3fd8cdc MitID session validated customer_id=C93981278
2026-03-06T13:59:22.661+01:00 INFO customer-service host=customer-service-7c9d5b-x2k4p corrId=c-3451c35ca3fd8cdc KYC profile loaded customer_id=C93981278 risk_class=MEDIUM
2026-03-06T13:59:22.731+01:00 INFO valuation-service host=valuation-service-a41e92-t6zvn corrId=c-3451c35ca3fd8cdc property valuation requested property_id=P2640401 provider=valuta-ejd
2026-03-06T13:59:23.055+01:00 INFO valuation-service host=valuation-service-a41e92-t6zvn corrId=c-3451c35ca3fd8cdc property valuation received property_id=P2640401 value_dkk=4710000 latency_ms=228
2026-03-06T13:59:23.144+01:00 INFO credit-service host=credit-service-a41e92-p9qmz corrId=c-3451c35ca3fd8cdc credit assessment completed application_id=APP-2026-199027 score=514 decision=APPROVED
2026-03-06T13:59:23.257+01:00 INFO offer-service host=offer-service-5b8f6c-p9qmz corrId=c-3451c35ca3fd8cdc loan offer generated application_id=APP-2026-199027 loan_type=FLEX_5Y principal_dkk=2930000
2026-03-06T13:59:23.355+01:00 INFO document-service host=document-service-a41e92-t6zvn corrId=c-3451c35ca3fd8cdc offer document stored application_id=APP-2026-199027 doc_id=DOC-7661f8c9
2026-03-06T13:59:23.484+01:00 INFO portal-bff host=portal-bff-a41e92-t6zvn corrId=c-3451c35ca3fd8cdc application completed application_id=APP-2026-199027 status=OFFER_ISSUED
2026-03-06T14:00:00.084+01:00 INFO api-gateway host=api-gateway-7c9d5b-p9qmz corrId=- health probe ok status=200 latency_ms=35
2026-03-06T14:00:00.460+01:00 INFO payment-scheduler host=payment-scheduler-7c9d5b-p9qmz corrId=- scheduler heartbeat lag_ms=27
2026-03-06T14:00:53.000+01:00 INFO config-service host=config-service-7c9d5b-t6zvn corrId=- configuration refreshed version=v125
2026-03-06T14:00:58.187+01:00 INFO portal-bff host=portal-bff-7c9d5b-x2k4p corrId=c-f149b39a47593a8b loan application submitted application_id=APP-2026-525756 customer_segment=RETAIL
2026-03-06T14:00:58.317+01:00 INFO identity-service host=identity-service-a41e92-p9qmz corrId=c-f149b39a47593a8b MitID session validated customer_id=C24415466
2026-03-06T14:00:58.450+01:00 INFO customer-service host=customer-service-5b8f6c-p9qmz corrId=c-f149b39a47593a8b KYC profile loaded customer_id=C24415466 risk_class=LOW
2026-03-06T14:00:58.490+01:00 INFO valuation-service host=valuation-service-5b8f6c-p9qmz corrId=c-f149b39a47593a8b property valuation requested property_id=P4838108 provider=valuta-ejd
2026-03-06T14:00:59.389+01:00 INFO valuation-service host=valuation-service-5b8f6c-t6zvn corrId=c-f149b39a47593a8b property valuation received property_id=P4838108 value_dkk=8960000 latency_ms=872
2026-03-06T14:00:59.458+01:00 INFO credit-service host=credit-service-5b8f6c-t6zvn corrId=c-f149b39a47593a8b credit assessment completed application_id=APP-2026-525756 score=870 decision=APPROVED
2026-03-06T14:00:59.489+01:00 INFO offer-service host=offer-service-5b8f6c-t6zvn corrId=c-f149b39a47593a8b loan offer generated application_id=APP-2026-525756 loan_type=FLEX_1Y principal_dkk=415000
2026-03-06T14:00:59.513+01:00 INFO document-service host=document-service-5b8f6c-t6zvn corrId=c-f149b39a47593a8b offer document stored application_id=APP-2026-525756 doc_id=DOC-506ccc66
2026-03-06T14:00:59.552+01:00 INFO portal-bff host=portal-bff-5b8f6c-p9qmz corrId=c-f149b39a47593a8b application completed application_id=APP-2026-525756 status=OFFER_ISSUED
2026-03-06T14:03:45.670+01:00 INFO portal-bff host=portal-bff-5b8f6c-x2k4p corrId=c-6b241acf3d594dac loan application submitted application_id=APP-2026-533638 customer_segment=RETAIL
2026-03-06T14:03:45.712+01:00 INFO identity-service host=identity-service-5b8f6c-t6zvn corrId=c-6b241acf3d594dac MitID session validated customer_id=C19479505
2026-03-06T14:03:45.821+01:00 INFO customer-service host=customer-service-5b8f6c-p9qmz corrId=c-6b241acf3d594dac KYC profile loaded customer_id=C19479505 risk_class=HIGH
2026-03-06T14:03:45.886+01:00 INFO valuation-service host=valuation-service-a41e92-p9qmz corrId=c-6b241acf3d594dac property valuation served from cache property_id=P2516003 value_dkk=1810000
2026-03-06T14:03:45.925+01:00 INFO credit-service host=credit-service-7c9d5b-t6zvn corrId=c-6b241acf3d594dac credit assessment completed application_id=APP-2026-533638 score=813 decision=APPROVED
2026-03-06T14:03:46.020+01:00 INFO offer-service host=offer-service-7c9d5b-x2k4p corrId=c-6b241acf3d594dac loan offer generated application_id=APP-2026-533638 loan_type=FLEX_5Y principal_dkk=1520000
2026-03-06T14:03:46.027+01:00 INFO document-service host=document-service-a41e92-t6zvn corrId=c-6b241acf3d594dac offer document stored application_id=APP-2026-533638 doc_id=DOC-c5dc221f
2026-03-06T14:03:46.109+01:00 INFO portal-bff host=portal-bff-7c9d5b-t6zvn corrId=c-6b241acf3d594dac application completed application_id=APP-2026-533638 status=OFFER_ISSUED
2026-03-06T14:04:35.340+01:00 INFO portal-bff host=portal-bff-a41e92-t6zvn corrId=c-80154d15c0fc9572 loan application submitted application_id=APP-2026-599255 customer_segment=PRIVATE
2026-03-06T14:04:35.359+01:00 INFO identity-service host=identity-service-7c9d5b-p9qmz corrId=c-80154d15c0fc9572 MitID session validated customer_id=C93706058
2026-03-06T14:04:35.400+01:00 INFO customer-service host=customer-service-5b8f6c-p9qmz corrId=c-80154d15c0fc9572 KYC profile loaded customer_id=C93706058 risk_class=HIGH
2026-03-06T14:04:35.517+01:00 INFO valuation-service host=valuation-service-5b8f6c-t6zvn corrId=c-80154d15c0fc9572 property valuation requested property_id=P0235545 provider=valuta-ejd
2026-03-06T14:04:36.118+01:00 INFO valuation-service host=valuation-service-7c9d5b-p9qmz corrId=c-80154d15c0fc9572 property valuation received property_id=P0235545 value_dkk=4190000 latency_ms=564
2026-03-06T14:04:36.193+01:00 INFO credit-service host=credit-service-7c9d5b-p9qmz corrId=c-80154d15c0fc9572 credit assessment completed application_id=APP-2026-599255 score=780 decision=APPROVED
2026-03-06T14:04:36.241+01:00 INFO offer-service host=offer-service-5b8f6c-x2k4p corrId=c-80154d15c0fc9572 loan offer generated application_id=APP-2026-599255 loan_type=FLEX_1Y principal_dkk=1105000
2026-03-06T14:04:36.295+01:00 INFO document-service host=document-service-5b8f6c-x2k4p corrId=c-80154d15c0fc9572 offer document stored application_id=APP-2026-599255 doc_id=DOC-72588727
2026-03-06T14:04:36.407+01:00 INFO portal-bff host=portal-bff-5b8f6c-t6zvn corrId=c-80154d15c0fc9572 application completed application_id=APP-2026-599255 status=OFFER_ISSUED
2026-03-06T14:05:00.009+01:00 INFO api-gateway host=api-gateway-7c9d5b-t6zvn corrId=- health probe ok status=200 latency_ms=26
2026-03-06T14:07:39.990+01:00 INFO portal-bff host=portal-bff-7c9d5b-t6zvn corrId=c-9d0bded90959bb78 conversion quote requested loan_id=LN524472112 target_product=FIXED_30Y
2026-03-06T14:07:40.019+01:00 INFO identity-service host=identity-service-7c9d5b-x2k4p corrId=c-9d0bded90959bb78 MitID session validated customer_id=C54703889
2026-03-06T14:07:40.058+01:00 INFO pricing-service host=pricing-service-7c9d5b-t6zvn corrId=c-9d0bded90959bb78 bond price fetched series=BND3.0-2056 price=95.574
2026-03-06T14:07:40.153+01:00 INFO pricing-service host=pricing-service-5b8f6c-p9qmz corrId=c-9d0bded90959bb78 conversion cost calculated loan_id=LN524472112 cost_dkk=14148.41
2026-03-06T14:07:40.226+01:00 INFO quote-service host=quote-service-5b8f6c-p9qmz corrId=c-9d0bded90959bb78 conversion quote issued quote_id=Q86470398 loan_id=LN524472112
2026-03-06T14:10:00.356+01:00 INFO payment-scheduler host=payment-scheduler-5b8f6c-x2k4p corrId=- scheduler heartbeat lag_ms=30
2026-03-06T14:10:00.787+01:00 INFO api-gateway host=api-gateway-a41e92-p9qmz corrId=- health probe ok status=200 latency_ms=35
2026-03-06T14:14:37.670+01:00 INFO portal-bff host=portal-bff-a41e92-p9qmz corrId=c-efdada938e6169f8 conversion quote requested loan_id=LN211128593 target_product=FLEX_1Y
2026-03-06T14:14:37.747+01:00 INFO identity-service host=identity-service-a41e92-t6zvn corrId=c-efdada938e6169f8 MitID session validated customer_id=C26652617
2026-03-06T14:14:37.876+01:00 INFO pricing-service host=pricing-service-7c9d5b-p9qmz corrId=c-efdada938e6169f8 bond price fetched series=BND4.0-2056 price=88.711
2026-03-06T14:14:37.964+01:00 INFO pricing-service host=pricing-service-7c9d5b-p9qmz corrId=c-efdada938e6169f8 conversion cost calculated loan_id=LN211128593 cost_dkk=88258.42
2026-03-06T14:14:38.042+01:00 INFO quote-service host=quote-service-5b8f6c-p9qmz corrId=c-efdada938e6169f8 conversion quote issued quote_id=Q94627850 loan_id=LN211128593
2026-03-06T14:15:00.666+01:00 INFO api-gateway host=api-gateway-5b8f6c-t6zvn corrId=- health probe ok status=200 latency_ms=18
2026-03-06T14:15:03.146+01:00 INFO portal-bff host=portal-bff-a41e92-p9qmz corrId=c-fd4571e9cae27582 loan application submitted application_id=APP-2026-908941 customer_segment=SME
2026-03-06T14:15:03.258+01:00 INFO identity-service host=identity-service-a41e92-x2k4p corrId=c-fd4571e9cae27582 MitID session validated customer_id=C41567103
2026-03-06T14:15:03.312+01:00 INFO customer-service host=customer-service-5b8f6c-p9qmz corrId=c-fd4571e9cae27582 KYC profile loaded customer_id=C41567103 risk_class=HIGH
2026-03-06T14:15:03.407+01:00 INFO valuation-service host=valuation-service-5b8f6c-x2k4p corrId=c-fd4571e9cae27582 property valuation served from cache property_id=P2533984 value_dkk=3420000
2026-03-06T14:15:03.545+01:00 INFO credit-service host=credit-service-7c9d5b-x2k4p corrId=c-fd4571e9cae27582 credit assessment completed application_id=APP-2026-908941 score=432 decision=APPROVED
2026-03-06T14:15:03.675+01:00 INFO offer-service host=offer-service-5b8f6c-p9qmz corrId=c-fd4571e9cae27582 loan offer generated application_id=APP-2026-908941 loan_type=FIXED_20Y_IO principal_dkk=1300000
2026-03-06T14:15:03.762+01:00 INFO document-service host=document-service-7c9d5b-x2k4p corrId=c-fd4571e9cae27582 offer document stored application_id=APP-2026-908941 doc_id=DOC-5447436f
2026-03-06T14:15:03.826+01:00 INFO portal-bff host=portal-bff-7c9d5b-x2k4p corrId=c-fd4571e9cae27582 application completed application_id=APP-2026-908941 status=OFFER_ISSUED
2026-03-06T14:15:33.315+01:00 INFO portal-bff host=portal-bff-a41e92-t6zvn corrId=c-74ae0e7a50235b49 conversion quote requested loan_id=LN046700628 target_product=FLEX_5Y
2026-03-06T14:15:33.344+01:00 INFO identity-service host=identity-service-5b8f6c-t6zvn corrId=c-74ae0e7a50235b49 MitID session validated customer_id=C51547760
2026-03-06T14:15:33.468+01:00 INFO pricing-service host=pricing-service-7c9d5b-t6zvn corrId=c-74ae0e7a50235b49 bond price fetched series=BND3.0-2053 price=98.629
2026-03-06T14:15:33.488+01:00 INFO pricing-service host=pricing-service-5b8f6c-t6zvn corrId=c-74ae0e7a50235b49 conversion cost calculated loan_id=LN046700628 cost_dkk=22788.22
2026-03-06T14:15:33.582+01:00 INFO quote-service host=quote-service-7c9d5b-x2k4p corrId=c-74ae0e7a50235b49 conversion quote issued quote_id=Q68519066 loan_id=LN046700628
2026-03-06T14:17:19.560+01:00 INFO portal-bff host=portal-bff-7c9d5b-x2k4p corrId=c-552c7631136b9506 loan application submitted application_id=APP-2026-870675 customer_segment=PRIVATE
2026-03-06T14:17:19.592+01:00 INFO identity-service host=identity-service-a41e92-p9qmz corrId=c-552c7631136b9506 MitID session validated customer_id=C38646282
2026-03-06T14:17:19.648+01:00 INFO customer-service host=customer-service-a41e92-p9qmz corrId=c-552c7631136b9506 KYC profile loaded customer_id=C38646282 risk_class=HIGH
2026-03-06T14:17:19.713+01:00 INFO valuation-service host=valuation-service-5b8f6c-t6zvn corrId=c-552c7631136b9506 property valuation requested property_id=P9299825 provider=bolig-vurdering
2026-03-06T14:17:20.741+01:00 INFO valuation-service host=valuation-service-7c9d5b-t6zvn corrId=c-552c7631136b9506 property valuation received property_id=P9299825 value_dkk=3140000 latency_ms=920
2026-03-06T14:17:20.808+01:00 INFO credit-service host=credit-service-5b8f6c-x2k4p corrId=c-552c7631136b9506 credit assessment completed application_id=APP-2026-870675 score=665 decision=APPROVED
2026-03-06T14:17:20.915+01:00 INFO offer-service host=offer-service-5b8f6c-p9qmz corrId=c-552c7631136b9506 loan offer generated application_id=APP-2026-870675 loan_type=FIXED_20Y_IO principal_dkk=5150000
2026-03-06T14:17:21.051+01:00 INFO document-service host=document-service-5b8f6c-x2k4p corrId=c-552c7631136b9506 offer document stored application_id=APP-2026-870675 doc_id=DOC-287fde51
2026-03-06T14:17:21.111+01:00 INFO portal-bff host=portal-bff-7c9d5b-p9qmz corrId=c-552c7631136b9506 application completed application_id=APP-2026-870675 status=OFFER_ISSUED
2026-03-06T14:17:53.407+01:00 INFO portal-bff host=portal-bff-7c9d5b-t6zvn corrId=c-354277974cb93681 loan application submitted application_id=APP-2026-254575 customer_segment=RETAIL
2026-03-06T14:17:53.459+01:00 INFO identity-service host=identity-service-7c9d5b-t6zvn corrId=c-354277974cb93681 MitID session validated customer_id=C17507601
2026-03-06T14:17:53.509+01:00 INFO customer-service host=customer-service-a41e92-p9qmz corrId=c-354277974cb93681 KYC profile loaded customer_id=C17507601 risk_class=HIGH
2026-03-06T14:17:53.581+01:00 INFO valuation-service host=valuation-service-5b8f6c-t6zvn corrId=c-354277974cb93681 property valuation requested property_id=P7913306 provider=valuta-ejd
2026-03-06T14:17:54.233+01:00 INFO valuation-service host=valuation-service-a41e92-x2k4p corrId=c-354277974cb93681 property valuation received property_id=P7913306 value_dkk=6610000 latency_ms=577
2026-03-06T14:17:54.278+01:00 INFO credit-service host=credit-service-5b8f6c-t6zvn corrId=c-354277974cb93681 credit assessment completed application_id=APP-2026-254575 score=762 decision=APPROVED
2026-03-06T14:17:54.393+01:00 INFO offer-service host=offer-service-a41e92-t6zvn corrId=c-354277974cb93681 loan offer generated application_id=APP-2026-254575 loan_type=FLEX_5Y principal_dkk=4350000
2026-03-06T14:17:54.455+01:00 INFO document-service host=document-service-5b8f6c-p9qmz corrId=c-354277974cb93681 offer document stored application_id=APP-2026-254575 doc_id=DOC-716308f9
2026-03-06T14:17:54.536+01:00 INFO portal-bff host=portal-bff-5b8f6c-p9qmz corrId=c-354277974cb93681 application completed application_id=APP-2026-254575 status=OFFER_ISSUED
2026-03-06T14:18:36.785+01:00 INFO portal-bff host=portal-bff-a41e92-t6zvn corrId=c-366ff45ccb43a871 conversion quote requested loan_id=LN701235873 target_product=FLEX_5Y
2026-03-06T14:18:36.816+01:00 INFO identity-service host=identity-service-7c9d5b-x2k4p corrId=c-366ff45ccb43a871 MitID session validated customer_id=C55759737
2026-03-06T14:18:36.931+01:00 INFO pricing-service host=pricing-service-7c9d5b-p9qmz corrId=c-366ff45ccb43a871 bond price fetched series=BND3.0-2056 price=100.546
2026-03-06T14:18:37.011+01:00 INFO pricing-service host=pricing-service-5b8f6c-x2k4p corrId=c-366ff45ccb43a871 conversion cost calculated loan_id=LN701235873 cost_dkk=65646.28
2026-03-06T14:18:37.131+01:00 INFO quote-service host=quote-service-7c9d5b-t6zvn corrId=c-366ff45ccb43a871 conversion quote issued quote_id=Q08984002 loan_id=LN701235873
2026-03-06T14:19:40.219+01:00 INFO portal-bff host=portal-bff-a41e92-x2k4p corrId=c-9dc50244e8868a4c loan application submitted application_id=APP-2026-711645 customer_segment=RETAIL
2026-03-06T14:19:40.225+01:00 INFO identity-service host=identity-service-a41e92-x2k4p corrId=c-9dc50244e8868a4c MitID session validated customer_id=C95832914
2026-03-06T14:19:40.333+01:00 INFO customer-service host=customer-service-7c9d5b-p9qmz corrId=c-9dc50244e8868a4c KYC profile loaded customer_id=C95832914 risk_class=MEDIUM
2026-03-06T14:19:40.423+01:00 INFO valuation-service host=valuation-service-7c9d5b-p9qmz corrId=c-9dc50244e8868a4c property valuation served from cache property_id=P5616867 value_dkk=1290000
2026-03-06T14:19:40.444+01:00 INFO credit-service host=credit-service-a41e92-p9qmz corrId=c-9dc50244e8868a4c credit assessment completed application_id=APP-2026-711645 score=821 decision=APPROVED
2026-03-06T14:19:40.528+01:00 INFO offer-service host=offer-service-5b8f6c-x2k4p corrId=c-9dc50244e8868a4c loan offer generated application_id=APP-2026-711645 loan_type=FIXED_30Y principal_dkk=1180000
2026-03-06T14:19:40.618+01:00 INFO document-service host=document-service-a41e92-t6zvn corrId=c-9dc50244e8868a4c offer document stored application_id=APP-2026-711645 doc_id=DOC-8f4343d0
2026-03-06T14:19:40.685+01:00 INFO portal-bff host=portal-bff-5b8f6c-x2k4p corrId=c-9dc50244e8868a4c application completed application_id=APP-2026-711645 status=OFFER_ISSUED
2026-03-06T14:19:43.690+01:00 INFO portal-bff host=portal-bff-a41e92-t6zvn corrId=c-d40fb7de2c14ef10 conversion quote requested loan_id=LN588790245 target_product=FLEX_1Y
2026-03-06T14:19:43.819+01:00 INFO identity-service host=identity-service-7c9d5b-x2k4p corrId=c-d40fb7de2c14ef10 MitID session validated customer_id=C25938327
2026-03-06T14:19:43.941+01:00 INFO pricing-service host=pricing-service-7c9d5b-t6zvn corrId=c-d40fb7de2c14ef10 bond price fetched series=BND3.0-2056 price=92.268
2026-03-06T14:19:44.057+01:00 INFO pricing-service host=pricing-service-a41e92-x2k4p corrId=c-d40fb7de2c14ef10 conversion cost calculated loan_id=LN588790245 cost_dkk=75994.50
2026-03-06T14:19:44.121+01:00 INFO quote-service host=quote-service-5b8f6c-t6zvn corrId=c-d40fb7de2c14ef10 conversion quote issued quote_id=Q78248751 loan_id=LN588790245
2026-03-06T14:20:00.275+01:00 INFO payment-scheduler host=payment-scheduler-5b8f6c-x2k4p corrId=- scheduler heartbeat lag_ms=65
2026-03-06T14:20:00.793+01:00 INFO api-gateway host=api-gateway-5b8f6c-x2k4p corrId=- health probe ok status=200 latency_ms=11
2026-03-06T14:21:42.266+01:00 INFO portal-bff host=portal-bff-7c9d5b-t6zvn corrId=c-21d90e531a242a5b loan application submitted application_id=APP-2026-171101 customer_segment=SME
2026-03-06T14:21:42.305+01:00 INFO identity-service host=identity-service-5b8f6c-x2k4p corrId=c-21d90e531a242a5b MitID session validated customer_id=C91442645
2026-03-06T14:21:42.398+01:00 INFO customer-service host=customer-service-5b8f6c-p9qmz corrId=c-21d90e531a242a5b KYC profile loaded customer_id=C91442645 risk_class=LOW
2026-03-06T14:21:42.420+01:00 INFO valuation-service host=valuation-service-5b8f6c-p9qmz corrId=c-21d90e531a242a5b property valuation requested property_id=P0135795 provider=bolig-vurdering
2026-03-06T14:21:43.117+01:00 INFO valuation-service host=valuation-service-a41e92-x2k4p corrId=c-21d90e531a242a5b property valuation received property_id=P0135795 value_dkk=5660000 latency_ms=562
2026-03-06T14:21:43.212+01:00 INFO credit-service host=credit-service-5b8f6c-x2k4p corrId=c-21d90e531a242a5b credit assessment completed application_id=APP-2026-171101 score=576 decision=APPROVED
2026-03-06T14:21:43.291+01:00 INFO offer-service host=offer-service-a41e92-x2k4p corrId=c-21d90e531a242a5b loan offer generated application_id=APP-2026-171101 loan_type=FIXED_30Y principal_dkk=1365000
2026-03-06T14:21:43.332+01:00 INFO document-service host=document-service-a41e92-t6zvn corrId=c-21d90e531a242a5b offer document stored application_id=APP-2026-171101 doc_id=DOC-d8683d2a
2026-03-06T14:21:43.458+01:00 INFO portal-bff host=portal-bff-7c9d5b-t6zvn corrId=c-21d90e531a242a5b application completed application_id=APP-2026-171101 status=OFFER_ISSUED
2026-03-06T14:22:11.077+01:00 INFO portal-bff host=portal-bff-7c9d5b-p9qmz corrId=c-c87d4414b826bf87 loan application submitted application_id=APP-2026-814307 customer_segment=RETAIL
2026-03-06T14:22:11.209+01:00 INFO identity-service host=identity-service-a41e92-p9qmz corrId=c-c87d4414b826bf87 MitID session validated customer_id=C39825876
2026-03-06T14:22:11.256+01:00 INFO customer-service host=customer-service-7c9d5b-x2k4p corrId=c-c87d4414b826bf87 KYC profile loaded customer_id=C39825876 risk_class=LOW
2026-03-06T14:22:11.343+01:00 INFO valuation-service host=valuation-service-5b8f6c-x2k4p corrId=c-c87d4414b826bf87 property valuation served from cache property_id=P5579458 value_dkk=7120000
2026-03-06T14:22:11.401+01:00 INFO credit-service host=credit-service-7c9d5b-p9qmz corrId=c-c87d4414b826bf87 credit assessment completed application_id=APP-2026-814307 score=460 decision=APPROVED
2026-03-06T14:22:11.489+01:00 INFO offer-service host=offer-service-5b8f6c-x2k4p corrId=c-c87d4414b826bf87 loan offer generated application_id=APP-2026-814307 loan_type=FLEX_1Y principal_dkk=2445000
2026-03-06T14:22:11.511+01:00 INFO document-service host=document-service-7c9d5b-t6zvn corrId=c-c87d4414b826bf87 offer document stored application_id=APP-2026-814307 doc_id=DOC-e8c9d3b3
2026-03-06T14:22:11.604+01:00 INFO portal-bff host=portal-bff-7c9d5b-t6zvn corrId=c-c87d4414b826bf87 application completed application_id=APP-2026-814307 status=OFFER_ISSUED
2026-03-06T14:22:43.167+01:00 INFO portal-bff host=portal-bff-7c9d5b-t6zvn corrId=c-b8649ef2357d74ff loan application submitted application_id=APP-2026-314373 customer_segment=SME
2026-03-06T14:22:43.259+01:00 INFO identity-service host=identity-service-a41e92-x2k4p corrId=c-b8649ef2357d74ff MitID session validated customer_id=C09955778
2026-03-06T14:22:43.266+01:00 INFO customer-service host=customer-service-7c9d5b-t6zvn corrId=c-b8649ef2357d74ff KYC profile loaded customer_id=C09955778 risk_class=HIGH
2026-03-06T14:22:43.297+01:00 INFO valuation-service host=valuation-service-5b8f6c-t6zvn corrId=c-b8649ef2357d74ff property valuation requested property_id=P5641203 provider=valuta-ejd
2026-03-06T14:22:44.203+01:00 INFO valuation-service host=valuation-service-7c9d5b-t6zvn corrId=c-b8649ef2357d74ff property valuation received property_id=P5641203 value_dkk=7660000 latency_ms=814
2026-03-06T14:22:44.255+01:00 INFO credit-service host=credit-service-a41e92-x2k4p corrId=c-b8649ef2357d74ff credit assessment completed application_id=APP-2026-314373 score=539 decision=APPROVED
2026-03-06T14:22:44.370+01:00 INFO offer-service host=offer-service-7c9d5b-t6zvn corrId=c-b8649ef2357d74ff loan offer generated application_id=APP-2026-314373 loan_type=FIXED_20Y_IO principal_dkk=3605000
2026-03-06T14:22:44.384+01:00 INFO document-service host=document-service-7c9d5b-t6zvn corrId=c-b8649ef2357d74ff offer document stored application_id=APP-2026-314373 doc_id=DOC-b0d75efb
2026-03-06T14:22:44.450+01:00 INFO portal-bff host=portal-bff-a41e92-p9qmz corrId=c-b8649ef2357d74ff application completed application_id=APP-2026-314373 status=OFFER_ISSUED
2026-03-06T14:23:09.741+01:00 INFO portal-bff host=portal-bff-a41e92-p9qmz corrId=c-22285a7fdbcd56e4 conversion quote requested loan_id=LN205861760 target_product=FIXED_30Y
2026-03-06T14:23:09.771+01:00 INFO identity-service host=identity-service-7c9d5b-t6zvn corrId=c-22285a7fdbcd56e4 MitID session validated customer_id=C01520373
2026-03-06T14:23:09.832+01:00 INFO pricing-service host=pricing-service-a41e92-t6zvn corrId=c-22285a7fdbcd56e4 bond price fetched series=BND2.5-2053 price=100.435
2026-03-06T14:23:09.949+01:00 INFO pricing-service host=pricing-service-7c9d5b-p9qmz corrId=c-22285a7fdbcd56e4 conversion cost calculated loan_id=LN205861760 cost_dkk=35166.26
2026-03-06T14:23:09.986+01:00 INFO quote-service host=quote-service-7c9d5b-x2k4p corrId=c-22285a7fdbcd56e4 conversion quote issued quote_id=Q46443170 loan_id=LN205861760
2026-03-06T14:24:51.389+01:00 INFO portal-bff host=portal-bff-7c9d5b-p9qmz corrId=c-b7908ac319158465 loan application submitted application_id=APP-2026-157092 customer_segment=RETAIL
2026-03-06T14:24:51.444+01:00 INFO identity-service host=identity-service-7c9d5b-x2k4p corrId=c-b7908ac319158465 MitID session validated customer_id=C68167043
2026-03-06T14:24:51.479+01:00 INFO customer-service host=customer-service-5b8f6c-t6zvn corrId=c-b7908ac319158465 KYC profile loaded customer_id=C68167043 risk_class=HIGH
2026-03-06T14:24:51.504+01:00 INFO valuation-service host=valuation-service-7c9d5b-t6zvn corrId=c-b7908ac319158465 property valuation requested property_id=P2545408 provider=bolig-vurdering
2026-03-06T14:24:52.289+01:00 INFO valuation-service host=valuation-service-a41e92-p9qmz corrId=c-b7908ac319158465 property valuation received property_id=P2545408 value_dkk=8820000 latency_ms=727
2026-03-06T14:24:52.377+01:00 INFO credit-service host=credit-service-a41e92-t6zvn corrId=c-b7908ac319158465 credit assessment completed application_id=APP-2026-157092 score=642 decision=APPROVED
2026-03-06T14:24:52.466+01:00 INFO offer-service host=offer-service-5b8f6c-t6zvn corrId=c-b7908ac319158465 loan offer generated application_id=APP-2026-157092 loan_type=FIXED_30Y principal_dkk=2275000
2026-03-06T14:24:52.562+01:00 INFO document-service host=document-service-5b8f6c-t6zvn corrId=c-b7908ac319158465 offer document stored application_id=APP-2026-157092 doc_id=DOC-f5ece138
2026-03-06T14:24:52.597+01:00 INFO portal-bff host=portal-bff-5b8f6c-x2k4p corrId=c-b7908ac319158465 application completed application_id=APP-2026-157092 status=OFFER_ISSUED
2026-03-06T14:25:00.446+01:00 INFO api-gateway host=api-gateway-a41e92-p9qmz corrId=- health probe ok status=200 latency_ms=38
2026-03-06T14:25:35.632+01:00 INFO portal-bff host=portal-bff-5b8f6c-t6zvn corrId=c-0ad14aaea48b1ffa conversion quote requested loan_id=LN497924969 target_product=FLEX_5Y
2026-03-06T14:25:35.747+01:00 INFO identity-service host=identity-service-5b8f6c-x2k4p corrId=c-0ad14aaea48b1ffa MitID session validated customer_id=C52492687
2026-03-06T14:25:35.760+01:00 INFO pricing-service host=pricing-service-7c9d5b-t6zvn corrId=c-0ad14aaea48b1ffa bond price fetched series=BND2.5-2053 price=90.220
2026-03-06T14:25:35.777+01:00 INFO pricing-service host=pricing-service-a41e92-x2k4p corrId=c-0ad14aaea48b1ffa conversion cost calculated loan_id=LN497924969 cost_dkk=25295.69
2026-03-06T14:25:35.911+01:00 INFO quote-service host=quote-service-7c9d5b-p9qmz corrId=c-0ad14aaea48b1ffa conversion quote issued quote_id=Q85180680 loan_id=LN497924969
2026-03-06T14:29:07.307+01:00 INFO portal-bff host=portal-bff-a41e92-x2k4p corrId=c-1f379abb41b5c784 loan application submitted application_id=APP-2026-329700 customer_segment=RETAIL
2026-03-06T14:29:07.430+01:00 INFO identity-service host=identity-service-5b8f6c-p9qmz corrId=c-1f379abb41b5c784 MitID session validated customer_id=C74805911
2026-03-06T14:29:07.466+01:00 INFO customer-service host=customer-service-5b8f6c-p9qmz corrId=c-1f379abb41b5c784 KYC profile loaded customer_id=C74805911 risk_class=MEDIUM
2026-03-06T14:29:07.537+01:00 INFO valuation-service host=valuation-service-5b8f6c-x2k4p corrId=c-1f379abb41b5c784 property valuation requested property_id=P7723701 provider=valuta-ejd
2026-03-06T14:29:08.409+01:00 INFO valuation-service host=valuation-service-5b8f6c-x2k4p corrId=c-1f379abb41b5c784 property valuation received property_id=P7723701 value_dkk=2570000 latency_ms=760
2026-03-06T14:29:08.509+01:00 INFO credit-service host=credit-service-5b8f6c-x2k4p corrId=c-1f379abb41b5c784 credit assessment completed application_id=APP-2026-329700 score=659 decision=APPROVED
2026-03-06T14:29:08.559+01:00 INFO offer-service host=offer-service-5b8f6c-t6zvn corrId=c-1f379abb41b5c784 loan offer generated application_id=APP-2026-329700 loan_type=FLEX_1Y principal_dkk=5620000
2026-03-06T14:29:08.632+01:00 INFO document-service host=document-service-a41e92-p9qmz corrId=c-1f379abb41b5c784 offer document stored application_id=APP-2026-329700 doc_id=DOC-a61d5adc
2026-03-06T14:29:08.735+01:00 INFO portal-bff host=portal-bff-a41e92-p9qmz corrId=c-1f379abb41b5c784 application completed application_id=APP-2026-329700 status=OFFER_ISSUED
2026-03-06T14:30:00.450+01:00 INFO payment-scheduler host=payment-scheduler-a41e92-x2k4p corrId=- scheduler heartbeat lag_ms=50
2026-03-06T14:30:00.510+01:00 INFO api-gateway host=api-gateway-a41e92-x2k4p corrId=- health probe ok status=200 latency_ms=35
2026-03-06T14:31:03.180+01:00 INFO offer-service host=offer-service-a41e92-p9qmz corrId=c-31f330313f99c758 offer accepted application_id=APP-2026-826590
2026-03-06T14:31:03.230+01:00 INFO ledger-service host=ledger-service-a41e92-x2k4p corrId=c-31f330313f99c758 funds reserved application_id=APP-2026-826590 amount_dkk=4745000
2026-03-06T14:31:03.332+01:00 INFO payment-service host=payment-service-a41e92-t6zvn corrId=c-31f330313f99c758 payout instruction sent application_id=APP-2026-826590 amount_dkk=4745000
2026-03-06T14:31:03.374+01:00 INFO ledger-service host=ledger-service-a41e92-p9qmz corrId=c-31f330313f99c758 payout booked application_id=APP-2026-826590 posting_id=PST-38720cd067
2026-03-06T14:31:03.471+01:00 INFO notification-service host=notification-service-5b8f6c-t6zvn corrId=c-31f330313f99c758 payout confirmation sent application_id=APP-2026-826590
2026-03-06T14:32:31.818+01:00 INFO portal-bff host=portal-bff-7c9d5b-p9qmz corrId=c-82b0c9fbf0ec6468 conversion quote requested loan_id=LN031436550 target_product=FIXED_30Y
2026-03-06T14:32:31.928+01:00 INFO identity-service host=identity-service-5b8f6c-t6zvn corrId=c-82b0c9fbf0ec6468 MitID session validated customer_id=C91357445
2026-03-06T14:32:31.971+01:00 INFO pricing-service host=pricing-service-a41e92-p9qmz corrId=c-82b0c9fbf0ec6468 bond price fetched series=BND4.0-2053 price=92.439
2026-03-06T14:32:32.023+01:00 INFO pricing-service host=pricing-service-a41e92-t6zvn corrId=c-82b0c9fbf0ec6468 conversion cost calculated loan_id=LN031436550 cost_dkk=35728.11
2026-03-06T14:32:32.094+01:00 INFO quote-service host=quote-service-a41e92-t6zvn corrId=c-82b0c9fbf0ec6468 conversion quote issued quote_id=Q48539120 loan_id=LN031436550
2026-03-06T14:34:12.540+01:00 INFO portal-bff host=portal-bff-a41e92-t6zvn corrId=c-884d406f6884b87a loan application submitted application_id=APP-2026-186530 customer_segment=RETAIL
2026-03-06T14:34:12.572+01:00 INFO identity-service host=identity-service-7c9d5b-x2k4p corrId=c-884d406f6884b87a MitID session validated customer_id=C44608064
2026-03-06T14:34:12.694+01:00 INFO customer-service host=customer-service-a41e92-p9qmz corrId=c-884d406f6884b87a KYC profile loaded customer_id=C44608064 risk_class=MEDIUM
2026-03-06T14:34:12.760+01:00 INFO valuation-service host=valuation-service-a41e92-t6zvn corrId=c-884d406f6884b87a property valuation requested property_id=P3092188 provider=valuta-ejd
2026-03-06T14:34:13.602+01:00 INFO valuation-service host=valuation-service-5b8f6c-p9qmz corrId=c-884d406f6884b87a property valuation received property_id=P3092188 value_dkk=6260000 latency_ms=720
2026-03-06T14:34:13.672+01:00 INFO credit-service host=credit-service-a41e92-x2k4p corrId=c-884d406f6884b87a credit assessment completed application_id=APP-2026-186530 score=750 decision=APPROVED
2026-03-06T14:34:13.743+01:00 INFO offer-service host=offer-service-7c9d5b-t6zvn corrId=c-884d406f6884b87a loan offer generated application_id=APP-2026-186530 loan_type=FIXED_20Y_IO principal_dkk=3345000
2026-03-06T14:34:13.875+01:00 INFO document-service host=document-service-7c9d5b-x2k4p corrId=c-884d406f6884b87a offer document stored application_id=APP-2026-186530 doc_id=DOC-1ebf05d8
2026-03-06T14:34:13.952+01:00 INFO portal-bff host=portal-bff-7c9d5b-t6zvn corrId=c-884d406f6884b87a application completed application_id=APP-2026-186530 status=OFFER_ISSUED
2026-03-06T14:35:00.511+01:00 INFO api-gateway host=api-gateway-7c9d5b-t6zvn corrId=- health probe ok status=200 latency_ms=9
2026-03-06T14:35:05.359+01:00 INFO portal-bff host=portal-bff-5b8f6c-t6zvn corrId=c-03f90b4263881ad4 conversion quote requested loan_id=LN343667994 target_product=FLEX_1Y
2026-03-06T14:35:05.481+01:00 INFO identity-service host=identity-service-a41e92-t6zvn corrId=c-03f90b4263881ad4 MitID session validated customer_id=C19799120
2026-03-06T14:35:05.497+01:00 INFO pricing-service host=pricing-service-7c9d5b-x2k4p corrId=c-03f90b4263881ad4 bond price fetched series=BND4.0-2053 price=88.449
2026-03-06T14:35:05.535+01:00 INFO pricing-service host=pricing-service-5b8f6c-p9qmz corrId=c-03f90b4263881ad4 conversion cost calculated loan_id=LN343667994 cost_dkk=23537.85
2026-03-06T14:35:05.628+01:00 INFO quote-service host=quote-service-5b8f6c-p9qmz corrId=c-03f90b4263881ad4 conversion quote issued quote_id=Q49666596 loan_id=LN343667994
2026-03-06T14:35:33.085+01:00 INFO portal-bff host=portal-bff-5b8f6c-p9qmz corrId=c-2f94deaa5dd4012b loan application submitted application_id=APP-2026-999218 customer_segment=RETAIL
2026-03-06T14:35:33.125+01:00 INFO identity-service host=identity-service-7c9d5b-t6zvn corrId=c-2f94deaa5dd4012b MitID session validated customer_id=C57875867
2026-03-06T14:35:33.208+01:00 INFO customer-service host=customer-service-5b8f6c-x2k4p corrId=c-2f94deaa5dd4012b KYC profile loaded customer_id=C57875867 risk_class=HIGH
2026-03-06T14:35:33.256+01:00 INFO valuation-service host=valuation-service-7c9d5b-p9qmz corrId=c-2f94deaa5dd4012b property valuation requested property_id=P7605867 provider=valuta-ejd
2026-03-06T14:35:33.977+01:00 INFO valuation-service host=valuation-service-5b8f6c-p9qmz corrId=c-2f94deaa5dd4012b property valuation received property_id=P7605867 value_dkk=1480000 latency_ms=615
2026-03-06T14:35:34.088+01:00 INFO credit-service host=credit-service-5b8f6c-t6zvn corrId=c-2f94deaa5dd4012b credit assessment completed application_id=APP-2026-999218 score=486 decision=APPROVED
2026-03-06T14:35:34.129+01:00 INFO offer-service host=offer-service-5b8f6c-p9qmz corrId=c-2f94deaa5dd4012b loan offer generated application_id=APP-2026-999218 loan_type=FIXED_20Y_IO principal_dkk=3170000
2026-03-06T14:35:34.233+01:00 INFO document-service host=document-service-a41e92-p9qmz corrId=c-2f94deaa5dd4012b offer document stored application_id=APP-2026-999218 doc_id=DOC-499b005d
2026-03-06T14:35:34.292+01:00 INFO portal-bff host=portal-bff-a41e92-p9qmz corrId=c-2f94deaa5dd4012b application completed application_id=APP-2026-999218 status=OFFER_ISSUED
2026-03-06T14:39:59.965+01:00 INFO portal-bff host=portal-bff-7c9d5b-x2k4p corrId=c-c9232508a915a571 loan application submitted application_id=APP-2026-931300 customer_segment=RETAIL
2026-03-06T14:40:00.103+01:00 INFO identity-service host=identity-service-5b8f6c-x2k4p corrId=c-c9232508a915a571 MitID session validated customer_id=C95636131
2026-03-06T14:40:00.235+01:00 INFO customer-service host=customer-service-7c9d5b-p9qmz corrId=c-c9232508a915a571 KYC profile loaded customer_id=C95636131 risk_class=LOW
2026-03-06T14:40:00.236+01:00 INFO payment-scheduler host=payment-scheduler-5b8f6c-p9qmz corrId=- scheduler heartbeat lag_ms=43
2026-03-06T14:40:00.311+01:00 INFO api-gateway host=api-gateway-a41e92-p9qmz corrId=- health probe ok status=200 latency_ms=26
2026-03-06T14:40:00.364+01:00 INFO valuation-service host=valuation-service-a41e92-p9qmz corrId=c-c9232508a915a571 property valuation requested property_id=P9596586 provider=bolig-vurdering
2026-03-06T14:40:01.148+01:00 INFO valuation-service host=valuation-service-7c9d5b-x2k4p corrId=c-c9232508a915a571 property valuation received property_id=P9596586 value_dkk=1220000 latency_ms=738
2026-03-06T14:40:01.281+01:00 INFO credit-service host=credit-service-5b8f6c-x2k4p corrId=c-c9232508a915a571 credit assessment completed application_id=APP-2026-931300 score=608 decision=APPROVED
2026-03-06T14:40:01.313+01:00 INFO offer-service host=offer-service-5b8f6c-p9qmz corrId=c-c9232508a915a571 loan offer generated application_id=APP-2026-931300 loan_type=FLEX_5Y principal_dkk=3985000
2026-03-06T14:40:01.397+01:00 INFO document-service host=document-service-a41e92-p9qmz corrId=c-c9232508a915a571 offer document stored application_id=APP-2026-931300 doc_id=DOC-07d3ee80
2026-03-06T14:40:01.454+01:00 INFO portal-bff host=portal-bff-5b8f6c-x2k4p corrId=c-c9232508a915a571 application completed application_id=APP-2026-931300 status=OFFER_ISSUED
2026-03-06T14:40:35.951+01:00 INFO portal-bff host=portal-bff-7c9d5b-p9qmz corrId=c-89e3a9b1de3ed3d8 loan application submitted application_id=APP-2026-237726 customer_segment=SME
2026-03-06T14:40:36.023+01:00 WARN identity-service host=identity-service-5b8f6c-p9qmz corrId=c-89e3a9b1de3ed3d8 MitID token refresh attempt=1
2026-03-06T14:40:36.111+01:00 INFO identity-service host=identity-service-5b8f6c-p9qmz corrId=c-89e3a9b1de3ed3d8 MitID session validated customer_id=C51999807
2026-03-06T14:40:36.242+01:00 INFO customer-service host=customer-service-5b8f6c-t6zvn corrId=c-89e3a9b1de3ed3d8 KYC profile loaded customer_id=C51999807 risk_class=LOW
2026-03-06T14:40:36.280+01:00 INFO valuation-service host=valuation-service-7c9d5b-t6zvn corrId=c-89e3a9b1de3ed3d8 property valuation requested property_id=P9382387 provider=bolig-vurdering
2026-03-06T14:40:36.928+01:00 INFO valuation-service host=valuation-service-7c9d5b-x2k4p corrId=c-89e3a9b1de3ed3d8 property valuation received property_id=P9382387 value_dkk=8020000 latency_ms=537
2026-03-06T14:40:37.065+01:00 INFO credit-service host=credit-service-a41e92-p9qmz corrId=c-89e3a9b1de3ed3d8 credit assessment completed application_id=APP-2026-237726 score=497 decision=APPROVED
2026-03-06T14:40:37.089+01:00 INFO offer-service host=offer-service-7c9d5b-t6zvn corrId=c-89e3a9b1de3ed3d8 loan offer generated application_id=APP-2026-237726 loan_type=FIXED_30Y principal_dkk=3840000
2026-03-06T14:40:37.134+01:00 INFO document-service host=document-service-a41e92-t6zvn corrId=c-89e3a9b1de3ed3d8 offer document stored application_id=APP-2026-237726 doc_id=DOC-856f902f
2026-03-06T14:40:37.232+01:00 INFO portal-bff host=portal-bff-7c9d5b-t6zvn corrId=c-89e3a9b1de3ed3d8 application completed application_id=APP-2026-237726 status=OFFER_ISSUED
2026-03-06T14:40:39.465+01:00 INFO portal-bff host=portal-bff-7c9d5b-t6zvn corrId=c-3a424a913ff709e3 loan application submitted application_id=APP-2026-181150 customer_segment=RETAIL
2026-03-06T14:40:39.488+01:00 INFO identity-service host=identity-service-a41e92-p9qmz corrId=c-3a424a913ff709e3 MitID session validated customer_id=C88191797
2026-03-06T14:40:39.556+01:00 INFO customer-service host=customer-service-7c9d5b-x2k4p corrId=c-3a424a913ff709e3 KYC profile loaded customer_id=C88191797 risk_class=LOW
2026-03-06T14:40:39.625+01:00 INFO valuation-service host=valuation-service-7c9d5b-t6zvn corrId=c-3a424a913ff709e3 property valuation requested property_id=P7503745 provider=valuta-ejd
2026-03-06T14:40:40.064+01:00 INFO valuation-service host=valuation-service-a41e92-p9qmz corrId=c-3a424a913ff709e3 property valuation received property_id=P7503745 value_dkk=7780000 latency_ms=395
2026-03-06T14:40:40.133+01:00 INFO credit-service host=credit-service-5b8f6c-p9qmz corrId=c-3a424a913ff709e3 credit assessment completed application_id=APP-2026-181150 score=779 decision=APPROVED
2026-03-06T14:40:40.239+01:00 INFO offer-service host=offer-service-a41e92-p9qmz corrId=c-3a424a913ff709e3 loan offer generated application_id=APP-2026-181150 loan_type=FIXED_20Y_IO principal_dkk=3685000
2026-03-06T14:40:40.283+01:00 INFO document-service host=document-service-a41e92-t6zvn corrId=c-3a424a913ff709e3 offer document stored application_id=APP-2026-181150 doc_id=DOC-b4120c95
2026-03-06T14:40:40.355+01:00 INFO portal-bff host=portal-bff-7c9d5b-t6zvn corrId=c-3a424a913ff709e3 application completed application_id=APP-2026-181150 status=OFFER_ISSUED
2026-03-06T14:44:49.808+01:00 INFO portal-bff host=portal-bff-7c9d5b-t6zvn corrId=c-f96851f5307bbc90 loan application submitted application_id=APP-2026-483913 customer_segment=PRIVATE
2026-03-06T14:44:49.937+01:00 INFO identity-service host=identity-service-7c9d5b-p9qmz corrId=c-f96851f5307bbc90 MitID session validated customer_id=C89085558
2026-03-06T14:44:49.946+01:00 INFO customer-service host=customer-service-5b8f6c-p9qmz corrId=c-f96851f5307bbc90 KYC profile loaded customer_id=C89085558 risk_class=LOW
2026-03-06T14:44:50.066+01:00 INFO valuation-service host=valuation-service-5b8f6c-p9qmz corrId=c-f96851f5307bbc90 property valuation requested property_id=P3810108 provider=bolig-vurdering
2026-03-06T14:44:50.471+01:00 INFO valuation-service host=valuation-service-a41e92-x2k4p corrId=c-f96851f5307bbc90 property valuation received property_id=P3810108 value_dkk=3630000 latency_ms=345
2026-03-06T14:44:50.579+01:00 INFO credit-service host=credit-service-7c9d5b-t6zvn corrId=c-f96851f5307bbc90 credit assessment completed application_id=APP-2026-483913 score=547 decision=APPROVED
2026-03-06T14:44:50.699+01:00 INFO offer-service host=offer-service-7c9d5b-x2k4p corrId=c-f96851f5307bbc90 loan offer generated application_id=APP-2026-483913 loan_type=FIXED_30Y principal_dkk=5250000
2026-03-06T14:44:50.749+01:00 INFO document-service host=document-service-a41e92-p9qmz corrId=c-f96851f5307bbc90 offer document stored application_id=APP-2026-483913 doc_id=DOC-1a31ec7c
2026-03-06T14:44:50.878+01:00 INFO portal-bff host=portal-bff-a41e92-p9qmz corrId=c-f96851f5307bbc90 application completed application_id=APP-2026-483913 status=OFFER_ISSUED
2026-03-06T14:45:00.631+01:00 INFO api-gateway host=api-gateway-5b8f6c-t6zvn corrId=- health probe ok status=200 latency_ms=32
2026-03-06T14:45:19.545+01:00 INFO portal-bff host=portal-bff-5b8f6c-x2k4p corrId=c-c5b2c0cc65c5e80f conversion quote requested loan_id=LN377834747 target_product=FLEX_5Y
2026-03-06T14:45:19.575+01:00 INFO identity-service host=identity-service-a41e92-p9qmz corrId=c-c5b2c0cc65c5e80f MitID session validated customer_id=C90187805
2026-03-06T14:45:19.636+01:00 INFO pricing-service host=pricing-service-7c9d5b-t6zvn corrId=c-c5b2c0cc65c5e80f bond price fetched series=BND3.0-2056 price=92.818
2026-03-06T14:45:19.761+01:00 INFO pricing-service host=pricing-service-5b8f6c-p9qmz corrId=c-c5b2c0cc65c5e80f conversion cost calculated loan_id=LN377834747 cost_dkk=61546.19
2026-03-06T14:45:19.792+01:00 INFO quote-service host=quote-service-7c9d5b-p9qmz corrId=c-c5b2c0cc65c5e80f conversion quote issued quote_id=Q17856065 loan_id=LN377834747
2026-03-06T14:45:32.093+01:00 INFO portal-bff host=portal-bff-a41e92-t6zvn corrId=c-c585599198d56d0e conversion quote requested loan_id=LN094652954 target_product=FLEX_1Y
2026-03-06T14:45:32.210+01:00 INFO identity-service host=identity-service-5b8f6c-t6zvn corrId=c-c585599198d56d0e MitID session validated customer_id=C65573368
2026-03-06T14:45:32.299+01:00 INFO pricing-service host=pricing-service-a41e92-p9qmz corrId=c-c585599198d56d0e bond price fetched series=BND3.0-2053 price=100.804
2026-03-06T14:45:32.397+01:00 INFO pricing-service host=pricing-service-7c9d5b-t6zvn corrId=c-c585599198d56d0e conversion cost calculated loan_id=LN094652954 cost_dkk=33908.41
2026-03-06T14:45:32.471+01:00 INFO quote-service host=quote-service-a41e92-x2k4p corrId=c-c585599198d56d0e conversion quote issued quote_id=Q00480354 loan_id=LN094652954
2026-03-06T14:46:44.295+01:00 INFO portal-bff host=portal-bff-7c9d5b-x2k4p corrId=c-e3f660ce8e988a92 loan application submitted application_id=APP-2026-934544 customer_segment=RETAIL
2026-03-06T14:46:44.404+01:00 INFO identity-service host=identity-service-a41e92-t6zvn corrId=c-e3f660ce8e988a92 MitID session validated customer_id=C29773055
2026-03-06T14:46:44.535+01:00 INFO customer-service host=customer-service-5b8f6c-t6zvn corrId=c-e3f660ce8e988a92 KYC profile loaded customer_id=C29773055 risk_class=MEDIUM
2026-03-06T14:46:44.571+01:00 INFO valuation-service host=valuation-service-5b8f6c-t6zvn corrId=c-e3f660ce8e988a92 property valuation requested property_id=P9511594 provider=valuta-ejd
2026-03-06T14:46:45.138+01:00 INFO valuation-service host=valuation-service-a41e92-x2k4p corrId=c-e3f660ce8e988a92 property valuation received property_id=P9511594 value_dkk=1700000 latency_ms=449
2026-03-06T14:46:45.208+01:00 INFO credit-service host=credit-service-7c9d5b-t6zvn corrId=c-e3f660ce8e988a92 credit assessment completed application_id=APP-2026-934544 score=873 decision=APPROVED
2026-03-06T14:46:45.286+01:00 INFO offer-service host=offer-service-a41e92-t6zvn corrId=c-e3f660ce8e988a92 loan offer generated application_id=APP-2026-934544 loan_type=FIXED_30Y principal_dkk=5270000
2026-03-06T14:46:45.311+01:00 INFO document-service host=document-service-7c9d5b-t6zvn corrId=c-e3f660ce8e988a92 offer document stored application_id=APP-2026-934544 doc_id=DOC-986592df
2026-03-06T14:46:45.447+01:00 INFO portal-bff host=portal-bff-a41e92-x2k4p corrId=c-e3f660ce8e988a92 application completed application_id=APP-2026-934544 status=OFFER_ISSUED
2026-03-06T14:50:00.769+01:00 INFO payment-scheduler host=payment-scheduler-a41e92-t6zvn corrId=- scheduler heartbeat lag_ms=119
2026-03-06T14:50:00.804+01:00 INFO api-gateway host=api-gateway-7c9d5b-p9qmz corrId=- health probe ok status=200 latency_ms=13
2026-03-06T14:52:44.998+01:00 INFO portal-bff host=portal-bff-5b8f6c-p9qmz corrId=c-5763d0d8ee4699dd conversion quote requested loan_id=LN184655000 target_product=FLEX_5Y
2026-03-06T14:52:45.032+01:00 INFO identity-service host=identity-service-5b8f6c-p9qmz corrId=c-5763d0d8ee4699dd MitID session validated customer_id=C16644449
2026-03-06T14:52:45.163+01:00 INFO pricing-service host=pricing-service-5b8f6c-p9qmz corrId=c-5763d0d8ee4699dd bond price fetched series=BND3.0-2053 price=100.329
2026-03-06T14:52:45.265+01:00 INFO pricing-service host=pricing-service-7c9d5b-t6zvn corrId=c-5763d0d8ee4699dd conversion cost calculated loan_id=LN184655000 cost_dkk=81661.48
2026-03-06T14:52:45.287+01:00 INFO quote-service host=quote-service-7c9d5b-x2k4p corrId=c-5763d0d8ee4699dd conversion quote issued quote_id=Q38747770 loan_id=LN184655000
2026-03-06T14:53:10.386+01:00 INFO portal-bff host=portal-bff-7c9d5b-t6zvn corrId=c-7806455874d6a633 loan application submitted application_id=APP-2026-983388 customer_segment=RETAIL
2026-03-06T14:53:10.490+01:00 INFO identity-service host=identity-service-5b8f6c-p9qmz corrId=c-7806455874d6a633 MitID session validated customer_id=C81317347
2026-03-06T14:53:10.608+01:00 INFO customer-service host=customer-service-7c9d5b-t6zvn corrId=c-7806455874d6a633 KYC profile loaded customer_id=C81317347 risk_class=HIGH
2026-03-06T14:53:10.710+01:00 INFO valuation-service host=valuation-service-5b8f6c-x2k4p corrId=c-7806455874d6a633 property valuation requested property_id=P4434881 provider=bolig-vurdering
2026-03-06T14:53:11.177+01:00 INFO valuation-service host=valuation-service-a41e92-p9qmz corrId=c-7806455874d6a633 property valuation received property_id=P4434881 value_dkk=1140000 latency_ms=351
2026-03-06T14:53:11.239+01:00 INFO credit-service host=credit-service-7c9d5b-x2k4p corrId=c-7806455874d6a633 credit assessment completed application_id=APP-2026-983388 score=859 decision=APPROVED
2026-03-06T14:53:11.363+01:00 INFO offer-service host=offer-service-a41e92-x2k4p corrId=c-7806455874d6a633 loan offer generated application_id=APP-2026-983388 loan_type=FLEX_1Y principal_dkk=5295000
2026-03-06T14:53:11.482+01:00 INFO document-service host=document-service-a41e92-t6zvn corrId=c-7806455874d6a633 offer document stored application_id=APP-2026-983388 doc_id=DOC-77f558f9
2026-03-06T14:53:11.576+01:00 INFO portal-bff host=portal-bff-5b8f6c-t6zvn corrId=c-7806455874d6a633 application completed application_id=APP-2026-983388 status=OFFER_ISSUED
2026-03-06T14:55:00.885+01:00 INFO api-gateway host=api-gateway-a41e92-x2k4p corrId=- health probe ok status=200 latency_ms=39
2026-03-06T14:55:23.647+01:00 INFO portal-bff host=portal-bff-7c9d5b-p9qmz corrId=c-011c41b9e8b8bd00 loan application submitted application_id=APP-2026-009957 customer_segment=RETAIL
2026-03-06T14:55:23.717+01:00 INFO identity-service host=identity-service-5b8f6c-p9qmz corrId=c-011c41b9e8b8bd00 MitID session validated customer_id=C01142400
2026-03-06T14:55:23.803+01:00 INFO customer-service host=customer-service-5b8f6c-t6zvn corrId=c-011c41b9e8b8bd00 KYC profile loaded customer_id=C01142400 risk_class=LOW
2026-03-06T14:55:23.940+01:00 INFO valuation-service host=valuation-service-7c9d5b-t6zvn corrId=c-011c41b9e8b8bd00 property valuation served from cache property_id=P4843148 value_dkk=6040000
2026-03-06T14:55:24.024+01:00 INFO credit-service host=credit-service-5b8f6c-t6zvn corrId=c-011c41b9e8b8bd00 credit assessment completed application_id=APP-2026-009957 score=683 decision=APPROVED
2026-03-06T14:55:24.079+01:00 INFO offer-service host=offer-service-5b8f6c-p9qmz corrId=c-011c41b9e8b8bd00 loan offer generated application_id=APP-2026-009957 loan_type=FIXED_30Y principal_dkk=4185000
2026-03-06T14:55:24.116+01:00 INFO document-service host=document-service-a41e92-x2k4p corrId=c-011c41b9e8b8bd00 offer document stored application_id=APP-2026-009957 doc_id=DOC-2eb37951
2026-03-06T14:55:24.224+01:00 INFO portal-bff host=portal-bff-7c9d5b-t6zvn corrId=c-011c41b9e8b8bd00 application completed application_id=APP-2026-009957 status=OFFER_ISSUED
2026-03-06T14:58:22.591+01:00 INFO portal-bff host=portal-bff-5b8f6c-p9qmz corrId=c-7f7c9ccb1a7b55b8 loan application submitted application_id=APP-2026-114852 customer_segment=PRIVATE
2026-03-06T14:58:22.682+01:00 INFO identity-service host=identity-service-5b8f6c-x2k4p corrId=c-7f7c9ccb1a7b55b8 MitID session validated customer_id=C14231251
2026-03-06T14:58:22.754+01:00 INFO customer-service host=customer-service-5b8f6c-t6zvn corrId=c-7f7c9ccb1a7b55b8 KYC profile loaded customer_id=C14231251 risk_class=MEDIUM
2026-03-06T14:58:22.850+01:00 INFO valuation-service host=valuation-service-7c9d5b-t6zvn corrId=c-7f7c9ccb1a7b55b8 property valuation requested property_id=P7513554 provider=valuta-ejd
2026-03-06T14:58:23.256+01:00 INFO valuation-service host=valuation-service-5b8f6c-t6zvn corrId=c-7f7c9ccb1a7b55b8 property valuation received property_id=P7513554 value_dkk=1720000 latency_ms=316
2026-03-06T14:58:23.382+01:00 INFO credit-service host=credit-service-a41e92-x2k4p corrId=c-7f7c9ccb1a7b55b8 credit assessment completed application_id=APP-2026-114852 score=716 decision=APPROVED
2026-03-06T14:58:23.516+01:00 INFO offer-service host=offer-service-a41e92-x2k4p corrId=c-7f7c9ccb1a7b55b8 loan offer generated application_id=APP-2026-114852 loan_type=FIXED_30Y principal_dkk=3220000
2026-03-06T14:58:23.622+01:00 INFO document-service host=document-service-a41e92-t6zvn corrId=c-7f7c9ccb1a7b55b8 offer document stored application_id=APP-2026-114852 doc_id=DOC-e932baaa
2026-03-06T14:58:23.658+01:00 INFO portal-bff host=portal-bff-5b8f6c-x2k4p corrId=c-7f7c9ccb1a7b55b8 application completed application_id=APP-2026-114852 status=OFFER_ISSUED
2026-03-06T15:00:00.175+01:00 INFO api-gateway host=api-gateway-5b8f6c-t6zvn corrId=- health probe ok status=200 latency_ms=34
2026-03-06T15:00:00.573+01:00 INFO payment-scheduler host=payment-scheduler-5b8f6c-p9qmz corrId=- scheduler heartbeat lag_ms=63
2026-03-06T15:00:52.000+01:00 INFO config-service host=config-service-7c9d5b-t6zvn corrId=- configuration refreshed version=v109
2026-03-06T15:01:19.161+01:00 INFO portal-bff host=portal-bff-5b8f6c-t6zvn corrId=c-717c940325cd1ae4 loan application submitted application_id=APP-2026-405264 customer_segment=RETAIL
2026-03-06T15:01:19.260+01:00 INFO identity-service host=identity-service-5b8f6c-x2k4p corrId=c-717c940325cd1ae4 MitID session validated customer_id=C37333272
2026-03-06T15:01:19.282+01:00 INFO customer-service host=customer-service-5b8f6c-t6zvn corrId=c-717c940325cd1ae4 KYC profile loaded customer_id=C37333272 risk_class=LOW
2026-03-06T15:01:19.352+01:00 INFO valuation-service host=valuation-service-5b8f6c-x2k4p corrId=c-717c940325cd1ae4 property valuation requested property_id=P8073884 provider=bolig-vurdering
2026-03-06T15:01:19.958+01:00 INFO valuation-service host=valuation-service-a41e92-p9qmz corrId=c-717c940325cd1ae4 property valuation received property_id=P8073884 value_dkk=3950000 latency_ms=574
2026-03-06T15:01:20.048+01:00 INFO credit-service host=credit-service-7c9d5b-p9qmz corrId=c-717c940325cd1ae4 credit assessment completed application_id=APP-2026-405264 score=703 decision=APPROVED
2026-03-06T15:01:20.140+01:00 INFO offer-service host=offer-service-a41e92-p9qmz corrId=c-717c940325cd1ae4 loan offer generated application_id=APP-2026-405264 loan_type=FLEX_1Y principal_dkk=4565000
2026-03-06T15:01:20.271+01:00 INFO document-service host=document-service-5b8f6c-x2k4p corrId=c-717c940325cd1ae4 offer document stored application_id=APP-2026-405264 doc_id=DOC-ee4ca0af
2026-03-06T15:01:20.397+01:00 INFO portal-bff host=portal-bff-7c9d5b-p9qmz corrId=c-717c940325cd1ae4 application completed application_id=APP-2026-405264 status=OFFER_ISSUED
2026-03-06T15:02:07.524+01:00 INFO portal-bff host=portal-bff-7c9d5b-t6zvn corrId=c-bb3c3c3fcb675d16 loan application submitted application_id=APP-2026-034845 customer_segment=RETAIL
2026-03-06T15:02:07.595+01:00 INFO identity-service host=identity-service-a41e92-t6zvn corrId=c-bb3c3c3fcb675d16 MitID session validated customer_id=C65964831
2026-03-06T15:02:07.606+01:00 INFO customer-service host=customer-service-7c9d5b-t6zvn corrId=c-bb3c3c3fcb675d16 KYC profile loaded customer_id=C65964831 risk_class=LOW
2026-03-06T15:02:07.705+01:00 INFO valuation-service host=valuation-service-5b8f6c-p9qmz corrId=c-bb3c3c3fcb675d16 property valuation requested property_id=P6268868 provider=bolig-vurdering
2026-03-06T15:02:08.005+01:00 INFO valuation-service host=valuation-service-5b8f6c-t6zvn corrId=c-bb3c3c3fcb675d16 property valuation received property_id=P6268868 value_dkk=1470000 latency_ms=209
2026-03-06T15:02:08.088+01:00 INFO credit-service host=credit-service-5b8f6c-t6zvn corrId=c-bb3c3c3fcb675d16 credit assessment completed application_id=APP-2026-034845 score=579 decision=APPROVED
2026-03-06T15:02:08.152+01:00 INFO offer-service host=offer-service-a41e92-t6zvn corrId=c-bb3c3c3fcb675d16 loan offer generated application_id=APP-2026-034845 loan_type=FIXED_20Y_IO principal_dkk=4550000
2026-03-06T15:02:08.196+01:00 INFO document-service host=document-service-7c9d5b-t6zvn corrId=c-bb3c3c3fcb675d16 offer document stored application_id=APP-2026-034845 doc_id=DOC-1e58898a
2026-03-06T15:02:08.267+01:00 INFO portal-bff host=portal-bff-7c9d5b-p9qmz corrId=c-bb3c3c3fcb675d16 application completed application_id=APP-2026-034845 status=OFFER_ISSUED
2026-03-06T15:02:46.264+01:00 INFO portal-bff host=portal-bff-5b8f6c-x2k4p corrId=c-559e2be7a5f7f126 loan application submitted application_id=APP-2026-380118 customer_segment=RETAIL
2026-03-06T15:02:46.361+01:00 INFO identity-service host=identity-service-a41e92-x2k4p corrId=c-559e2be7a5f7f126 MitID session validated customer_id=C14799994
2026-03-06T15:02:46.367+01:00 INFO customer-service host=customer-service-7c9d5b-t6zvn corrId=c-559e2be7a5f7f126 KYC profile loaded customer_id=C14799994 risk_class=MEDIUM
2026-03-06T15:02:46.482+01:00 INFO valuation-service host=valuation-service-a41e92-x2k4p corrId=c-559e2be7a5f7f126 property valuation requested property_id=P3056111 provider=valuta-ejd
2026-03-06T15:02:47.327+01:00 INFO valuation-service host=valuation-service-a41e92-t6zvn corrId=c-559e2be7a5f7f126 property valuation received property_id=P3056111 value_dkk=8060000 latency_ms=753
2026-03-06T15:02:47.337+01:00 INFO credit-service host=credit-service-a41e92-t6zvn corrId=c-559e2be7a5f7f126 credit assessment completed application_id=APP-2026-380118 score=511 decision=APPROVED
2026-03-06T15:02:47.427+01:00 INFO offer-service host=offer-service-7c9d5b-p9qmz corrId=c-559e2be7a5f7f126 loan offer generated application_id=APP-2026-380118 loan_type=FIXED_20Y_IO principal_dkk=1165000
2026-03-06T15:02:47.469+01:00 INFO document-service host=document-service-7c9d5b-t6zvn corrId=c-559e2be7a5f7f126 offer document stored application_id=APP-2026-380118 doc_id=DOC-0fd18ffc
2026-03-06T15:02:47.514+01:00 INFO portal-bff host=portal-bff-7c9d5b-p9qmz corrId=c-559e2be7a5f7f126 application completed application_id=APP-2026-380118 status=OFFER_ISSUED
2026-03-06T15:04:40.934+01:00 INFO portal-bff host=portal-bff-5b8f6c-x2k4p corrId=c-56bcbb81d55beebb loan application submitted application_id=APP-2026-814498 customer_segment=RETAIL
2026-03-06T15:04:41.041+01:00 INFO identity-service host=identity-service-a41e92-p9qmz corrId=c-56bcbb81d55beebb MitID session validated customer_id=C21872678
2026-03-06T15:04:41.137+01:00 INFO customer-service host=customer-service-5b8f6c-x2k4p corrId=c-56bcbb81d55beebb KYC profile loaded customer_id=C21872678 risk_class=LOW
2026-03-06T15:04:41.194+01:00 INFO valuation-service host=valuation-service-a41e92-t6zvn corrId=c-56bcbb81d55beebb property valuation served from cache property_id=P6091978 value_dkk=2250000
2026-03-06T15:04:41.310+01:00 INFO credit-service host=credit-service-7c9d5b-p9qmz corrId=c-56bcbb81d55beebb credit assessment completed application_id=APP-2026-814498 score=851 decision=APPROVED
2026-03-06T15:04:41.418+01:00 INFO offer-service host=offer-service-5b8f6c-x2k4p corrId=c-56bcbb81d55beebb loan offer generated application_id=APP-2026-814498 loan_type=FIXED_30Y principal_dkk=2060000
2026-03-06T15:04:41.455+01:00 INFO document-service host=document-service-a41e92-t6zvn corrId=c-56bcbb81d55beebb offer document stored application_id=APP-2026-814498 doc_id=DOC-1636a5c4
2026-03-06T15:04:41.473+01:00 INFO portal-bff host=portal-bff-5b8f6c-x2k4p corrId=c-56bcbb81d55beebb application completed application_id=APP-2026-814498 status=OFFER_ISSUED
2026-03-06T15:05:00.737+01:00 INFO api-gateway host=api-gateway-5b8f6c-x2k4p corrId=- health probe ok status=200 latency_ms=12
2026-03-06T15:05:07.587+01:00 INFO portal-bff host=portal-bff-5b8f6c-t6zvn corrId=c-dc6c7c4095aa7a93 conversion quote requested loan_id=LN412579957 target_product=FLEX_1Y
2026-03-06T15:05:07.647+01:00 INFO identity-service host=identity-service-a41e92-p9qmz corrId=c-dc6c7c4095aa7a93 MitID session validated customer_id=C63803885
2026-03-06T15:05:07.774+01:00 INFO pricing-service host=pricing-service-a41e92-t6zvn corrId=c-dc6c7c4095aa7a93 bond price fetched series=BND2.5-2056 price=89.479
2026-03-06T15:05:07.823+01:00 INFO pricing-service host=pricing-service-5b8f6c-x2k4p corrId=c-dc6c7c4095aa7a93 conversion cost calculated loan_id=LN412579957 cost_dkk=35496.82
2026-03-06T15:05:07.841+01:00 INFO quote-service host=quote-service-7c9d5b-p9qmz corrId=c-dc6c7c4095aa7a93 conversion quote issued quote_id=Q94597656 loan_id=LN412579957
2026-03-06T15:05:40.104+01:00 INFO portal-bff host=portal-bff-7c9d5b-t6zvn corrId=c-c6f635df4d716411 conversion quote requested loan_id=LN921031683 target_product=FLEX_5Y
2026-03-06T15:05:40.146+01:00 INFO identity-service host=identity-service-5b8f6c-t6zvn corrId=c-c6f635df4d716411 MitID session validated customer_id=C93547107
2026-03-06T15:05:40.176+01:00 INFO pricing-service host=pricing-service-a41e92-x2k4p corrId=c-c6f635df4d716411 bond price fetched series=BND2.5-2053 price=98.517
2026-03-06T15:05:40.230+01:00 INFO pricing-service host=pricing-service-5b8f6c-t6zvn corrId=c-c6f635df4d716411 conversion cost calculated loan_id=LN921031683 cost_dkk=64658.67
2026-03-06T15:05:40.317+01:00 INFO quote-service host=quote-service-7c9d5b-x2k4p corrId=c-c6f635df4d716411 conversion quote issued quote_id=Q20123561 loan_id=LN921031683
2026-03-06T15:05:59.789+01:00 INFO portal-bff host=portal-bff-5b8f6c-p9qmz corrId=c-ed2b5e5cd6999a73 loan application submitted application_id=APP-2026-043598 customer_segment=RETAIL
2026-03-06T15:05:59.892+01:00 INFO identity-service host=identity-service-a41e92-p9qmz corrId=c-ed2b5e5cd6999a73 MitID session validated customer_id=C98517300
2026-03-06T15:05:59.956+01:00 INFO customer-service host=customer-service-5b8f6c-x2k4p corrId=c-ed2b5e5cd6999a73 KYC profile loaded customer_id=C98517300 risk_class=MEDIUM
2026-03-06T15:05:59.970+01:00 INFO valuation-service host=valuation-service-7c9d5b-t6zvn corrId=c-ed2b5e5cd6999a73 property valuation requested property_id=P4821072 provider=bolig-vurdering
2026-03-06T15:06:00.552+01:00 INFO valuation-service host=valuation-service-a41e92-p9qmz corrId=c-ed2b5e5cd6999a73 property valuation received property_id=P4821072 value_dkk=5710000 latency_ms=443
2026-03-06T15:06:00.666+01:00 INFO credit-service host=credit-service-5b8f6c-p9qmz corrId=c-ed2b5e5cd6999a73 credit assessment completed application_id=APP-2026-043598 score=864 decision=APPROVED
2026-03-06T15:06:00.683+01:00 INFO offer-service host=offer-service-a41e92-t6zvn corrId=c-ed2b5e5cd6999a73 loan offer generated application_id=APP-2026-043598 loan_type=FIXED_30Y principal_dkk=3765000
2026-03-06T15:06:00.743+01:00 INFO document-service host=document-service-7c9d5b-x2k4p corrId=c-ed2b5e5cd6999a73 offer document stored application_id=APP-2026-043598 doc_id=DOC-ba673813
2026-03-06T15:06:00.878+01:00 INFO portal-bff host=portal-bff-a41e92-x2k4p corrId=c-ed2b5e5cd6999a73 application completed application_id=APP-2026-043598 status=OFFER_ISSUED
2026-03-06T15:07:48.455+01:00 INFO portal-bff host=portal-bff-7c9d5b-p9qmz corrId=c-0b032d11a928c065 conversion quote requested loan_id=LN852245787 target_product=FLEX_5Y
2026-03-06T15:07:48.553+01:00 INFO identity-service host=identity-service-a41e92-p9qmz corrId=c-0b032d11a928c065 MitID session validated customer_id=C34449443
2026-03-06T15:07:48.614+01:00 INFO pricing-service host=pricing-service-5b8f6c-p9qmz corrId=c-0b032d11a928c065 bond price fetched series=BND3.0-2056 price=97.364
2026-03-06T15:07:48.679+01:00 INFO pricing-service host=pricing-service-a41e92-t6zvn corrId=c-0b032d11a928c065 conversion cost calculated loan_id=LN852245787 cost_dkk=31159.83
2026-03-06T15:07:48.819+01:00 INFO quote-service host=quote-service-7c9d5b-t6zvn corrId=c-0b032d11a928c065 conversion quote issued quote_id=Q08150474 loan_id=LN852245787
2026-03-06T15:10:00.020+01:00 INFO api-gateway host=api-gateway-5b8f6c-x2k4p corrId=- health probe ok status=200 latency_ms=35
2026-03-06T15:10:00.523+01:00 INFO payment-scheduler host=payment-scheduler-5b8f6c-t6zvn corrId=- scheduler heartbeat lag_ms=115
2026-03-06T15:11:34.538+01:00 INFO portal-bff host=portal-bff-7c9d5b-t6zvn corrId=c-e5294468899e302e loan application submitted application_id=APP-2026-442959 customer_segment=SME
2026-03-06T15:11:34.676+01:00 INFO identity-service host=identity-service-5b8f6c-p9qmz corrId=c-e5294468899e302e MitID session validated customer_id=C30758151
2026-03-06T15:11:34.752+01:00 INFO customer-service host=customer-service-5b8f6c-x2k4p corrId=c-e5294468899e302e KYC profile loaded customer_id=C30758151 risk_class=LOW
2026-03-06T15:11:34.774+01:00 INFO valuation-service host=valuation-service-7c9d5b-p9qmz corrId=c-e5294468899e302e property valuation requested property_id=P0047524 provider=bolig-vurdering
2026-03-06T15:11:35.720+01:00 INFO valuation-service host=valuation-service-a41e92-t6zvn corrId=c-e5294468899e302e property valuation received property_id=P0047524 value_dkk=5390000 latency_ms=916
2026-03-06T15:11:35.785+01:00 INFO credit-service host=credit-service-a41e92-p9qmz corrId=c-e5294468899e302e credit assessment completed application_id=APP-2026-442959 score=682 decision=APPROVED
2026-03-06T15:11:35.890+01:00 INFO offer-service host=offer-service-5b8f6c-p9qmz corrId=c-e5294468899e302e loan offer generated application_id=APP-2026-442959 loan_type=FIXED_30Y principal_dkk=505000
2026-03-06T15:11:35.896+01:00 INFO document-service host=document-service-a41e92-p9qmz corrId=c-e5294468899e302e offer document stored application_id=APP-2026-442959 doc_id=DOC-5a303fda
2026-03-06T15:11:36.006+01:00 INFO portal-bff host=portal-bff-a41e92-p9qmz corrId=c-e5294468899e302e application completed application_id=APP-2026-442959 status=OFFER_ISSUED
2026-03-06T15:15:00.372+01:00 INFO api-gateway host=api-gateway-7c9d5b-x2k4p corrId=- health probe ok status=200 latency_ms=32
2026-03-06T15:16:28.601+01:00 INFO portal-bff host=portal-bff-5b8f6c-t6zvn corrId=c-16cc6b6f35b45eaf conversion quote requested loan_id=LN321245846 target_product=FIXED_30Y
2026-03-06T15:16:28.638+01:00 INFO identity-service host=identity-service-a41e92-x2k4p corrId=c-16cc6b6f35b45eaf MitID session validated customer_id=C37188225
2026-03-06T15:16:28.751+01:00 INFO pricing-service host=pricing-service-5b8f6c-x2k4p corrId=c-16cc6b6f35b45eaf bond price fetched series=BND2.5-2056 price=99.395
2026-03-06T15:16:28.832+01:00 INFO pricing-service host=pricing-service-7c9d5b-x2k4p corrId=c-16cc6b6f35b45eaf conversion cost calculated loan_id=LN321245846 cost_dkk=59019.63
2026-03-06T15:16:28.910+01:00 INFO quote-service host=quote-service-a41e92-x2k4p corrId=c-16cc6b6f35b45eaf conversion quote issued quote_id=Q38517278 loan_id=LN321245846
2026-03-06T15:17:55.244+01:00 INFO portal-bff host=portal-bff-5b8f6c-p9qmz corrId=c-1ecd733492713545 loan application submitted application_id=APP-2026-732338 customer_segment=RETAIL
2026-03-06T15:17:55.313+01:00 INFO identity-service host=identity-service-a41e92-t6zvn corrId=c-1ecd733492713545 MitID session validated customer_id=C49115688
2026-03-06T15:17:55.434+01:00 INFO customer-service host=customer-service-7c9d5b-t6zvn corrId=c-1ecd733492713545 KYC profile loaded customer_id=C49115688 risk_class=HIGH
2026-03-06T15:17:55.523+01:00 INFO valuation-service host=valuation-service-5b8f6c-p9qmz corrId=c-1ecd733492713545 property valuation requested property_id=P3965386 provider=bolig-vurdering
2026-03-06T15:17:56.136+01:00 INFO valuation-service host=valuation-service-5b8f6c-x2k4p corrId=c-1ecd733492713545 property valuation received property_id=P3965386 value_dkk=6400000 latency_ms=521
2026-03-06T15:17:56.162+01:00 INFO credit-service host=credit-service-5b8f6c-p9qmz corrId=c-1ecd733492713545 credit assessment completed application_id=APP-2026-732338 score=581 decision=APPROVED
2026-03-06T15:17:56.268+01:00 INFO offer-service host=offer-service-5b8f6c-p9qmz corrId=c-1ecd733492713545 loan offer generated application_id=APP-2026-732338 loan_type=FIXED_20Y_IO principal_dkk=2735000
2026-03-06T15:17:56.360+01:00 INFO document-service host=document-service-a41e92-t6zvn corrId=c-1ecd733492713545 offer document stored application_id=APP-2026-732338 doc_id=DOC-7afe61ea
2026-03-06T15:17:56.440+01:00 INFO portal-bff host=portal-bff-a41e92-t6zvn corrId=c-1ecd733492713545 application completed application_id=APP-2026-732338 status=OFFER_ISSUED
2026-03-06T15:19:17.976+01:00 INFO portal-bff host=portal-bff-5b8f6c-p9qmz corrId=c-b0157079f3e3bef6 loan application submitted application_id=APP-2026-570396 customer_segment=RETAIL
2026-03-06T15:19:18.069+01:00 INFO identity-service host=identity-service-7c9d5b-x2k4p corrId=c-b0157079f3e3bef6 MitID session validated customer_id=C61758011
2026-03-06T15:19:18.168+01:00 INFO customer-service host=customer-service-5b8f6c-t6zvn corrId=c-b0157079f3e3bef6 KYC profile loaded customer_id=C61758011 risk_class=LOW
2026-03-06T15:19:18.301+01:00 INFO valuation-service host=valuation-service-a41e92-t6zvn corrId=c-b0157079f3e3bef6 property valuation requested property_id=P3579572 provider=valuta-ejd
2026-03-06T15:19:18.809+01:00 INFO valuation-service host=valuation-service-7c9d5b-x2k4p corrId=c-b0157079f3e3bef6 property valuation received property_id=P3579572 value_dkk=2720000 latency_ms=411
2026-03-06T15:19:18.871+01:00 INFO credit-service host=credit-service-5b8f6c-p9qmz corrId=c-b0157079f3e3bef6 credit assessment completed application_id=APP-2026-570396 score=429 decision=APPROVED
2026-03-06T15:19:18.997+01:00 INFO offer-service host=offer-service-5b8f6c-x2k4p corrId=c-b0157079f3e3bef6 loan offer generated application_id=APP-2026-570396 loan_type=FLEX_1Y principal_dkk=2850000
2026-03-06T15:19:19.050+01:00 INFO document-service host=document-service-5b8f6c-p9qmz corrId=c-b0157079f3e3bef6 offer document stored application_id=APP-2026-570396 doc_id=DOC-e9396e23
2026-03-06T15:19:19.152+01:00 INFO portal-bff host=portal-bff-7c9d5b-x2k4p corrId=c-b0157079f3e3bef6 application completed application_id=APP-2026-570396 status=OFFER_ISSUED
2026-03-06T15:20:00.402+01:00 INFO payment-scheduler host=payment-scheduler-5b8f6c-x2k4p corrId=- scheduler heartbeat lag_ms=56
2026-03-06T15:20:00.869+01:00 INFO api-gateway host=api-gateway-5b8f6c-t6zvn corrId=- health probe ok status=200 latency_ms=19
2026-03-06T15:24:39.699+01:00 INFO portal-bff host=portal-bff-a41e92-x2k4p corrId=c-5b175d2bc01323fc conversion quote requested loan_id=LN556401250 target_product=FIXED_30Y
2026-03-06T15:24:39.838+01:00 INFO identity-service host=identity-service-a41e92-x2k4p corrId=c-5b175d2bc01323fc MitID session validated customer_id=C34623817
2026-03-06T15:24:39.920+01:00 INFO pricing-service host=pricing-service-7c9d5b-t6zvn corrId=c-5b175d2bc01323fc bond price fetched series=BND4.0-2056 price=98.533
2026-03-06T15:24:39.989+01:00 INFO pricing-service host=pricing-service-7c9d5b-p9qmz corrId=c-5b175d2bc01323fc conversion cost calculated loan_id=LN556401250 cost_dkk=43914.28
2026-03-06T15:24:40.061+01:00 INFO portal-bff host=portal-bff-5b8f6c-p9qmz corrId=c-d3bd5c190575eae3 loan application submitted application_id=APP-2026-505828 customer_segment=RETAIL
2026-03-06T15:24:40.061+01:00 INFO quote-service host=quote-service-7c9d5b-t6zvn corrId=c-5b175d2bc01323fc conversion quote issued quote_id=Q73217058 loan_id=LN556401250
2026-03-06T15:24:40.137+01:00 INFO identity-service host=identity-service-5b8f6c-x2k4p corrId=c-d3bd5c190575eae3 MitID session validated customer_id=C08174430
2026-03-06T15:24:40.190+01:00 INFO customer-service host=customer-service-7c9d5b-t6zvn corrId=c-d3bd5c190575eae3 KYC profile loaded customer_id=C08174430 risk_class=MEDIUM
2026-03-06T15:24:40.311+01:00 INFO valuation-service host=valuation-service-a41e92-p9qmz corrId=c-d3bd5c190575eae3 property valuation requested property_id=P7507504 provider=bolig-vurdering
2026-03-06T15:24:40.640+01:00 INFO valuation-service host=valuation-service-7c9d5b-p9qmz corrId=c-d3bd5c190575eae3 property valuation received property_id=P7507504 value_dkk=5760000 latency_ms=268
2026-03-06T15:24:40.728+01:00 INFO credit-service host=credit-service-5b8f6c-t6zvn corrId=c-d3bd5c190575eae3 credit assessment completed application_id=APP-2026-505828 score=466 decision=APPROVED
2026-03-06T15:24:40.734+01:00 INFO offer-service host=offer-service-5b8f6c-x2k4p corrId=c-d3bd5c190575eae3 loan offer generated application_id=APP-2026-505828 loan_type=FIXED_30Y principal_dkk=5345000
2026-03-06T15:24:40.753+01:00 INFO document-service host=document-service-7c9d5b-x2k4p corrId=c-d3bd5c190575eae3 offer document stored application_id=APP-2026-505828 doc_id=DOC-caa8d45e
2026-03-06T15:24:40.846+01:00 INFO portal-bff host=portal-bff-7c9d5b-t6zvn corrId=c-d3bd5c190575eae3 application completed application_id=APP-2026-505828 status=OFFER_ISSUED
2026-03-06T15:25:00.704+01:00 INFO api-gateway host=api-gateway-5b8f6c-t6zvn corrId=- health probe ok status=200 latency_ms=5
2026-03-06T15:29:42.053+01:00 INFO portal-bff host=portal-bff-7c9d5b-t6zvn corrId=c-fdeb837766dd1cf2 conversion quote requested loan_id=LN788775385 target_product=FLEX_5Y
2026-03-06T15:29:42.083+01:00 INFO identity-service host=identity-service-7c9d5b-t6zvn corrId=c-fdeb837766dd1cf2 MitID session validated customer_id=C42344367
2026-03-06T15:29:42.107+01:00 INFO pricing-service host=pricing-service-5b8f6c-t6zvn corrId=c-fdeb837766dd1cf2 bond price fetched series=BND4.0-2053 price=98.887
2026-03-06T15:29:42.185+01:00 INFO pricing-service host=pricing-service-a41e92-t6zvn corrId=c-fdeb837766dd1cf2 conversion cost calculated loan_id=LN788775385 cost_dkk=37274.97
2026-03-06T15:29:42.261+01:00 INFO quote-service host=quote-service-a41e92-p9qmz corrId=c-fdeb837766dd1cf2 conversion quote issued quote_id=Q12321150 loan_id=LN788775385
2026-03-06T15:30:00.344+01:00 INFO api-gateway host=api-gateway-7c9d5b-t6zvn corrId=- health probe ok status=200 latency_ms=12
2026-03-06T15:30:00.837+01:00 INFO payment-scheduler host=payment-scheduler-a41e92-p9qmz corrId=- scheduler heartbeat lag_ms=94
2026-03-06T15:31:31.555+01:00 INFO portal-bff host=portal-bff-5b8f6c-t6zvn corrId=c-2c26cdccb0c1feac loan application submitted application_id=APP-2026-211161 customer_segment=PRIVATE
2026-03-06T15:31:31.589+01:00 INFO identity-service host=identity-service-7c9d5b-t6zvn corrId=c-2c26cdccb0c1feac MitID session validated customer_id=C31982026
2026-03-06T15:31:31.605+01:00 INFO customer-service host=customer-service-5b8f6c-t6zvn corrId=c-2c26cdccb0c1feac KYC profile loaded customer_id=C31982026 risk_class=HIGH
2026-03-06T15:31:31.629+01:00 INFO valuation-service host=valuation-service-5b8f6c-t6zvn corrId=c-2c26cdccb0c1feac property valuation served from cache property_id=P9266600 value_dkk=8910000
2026-03-06T15:31:31.729+01:00 INFO credit-service host=credit-service-5b8f6c-x2k4p corrId=c-2c26cdccb0c1feac credit assessment completed application_id=APP-2026-211161 score=624 decision=APPROVED
2026-03-06T15:31:31.820+01:00 INFO offer-service host=offer-service-a41e92-p9qmz corrId=c-2c26cdccb0c1feac loan offer generated application_id=APP-2026-211161 loan_type=FIXED_20Y_IO principal_dkk=4060000
2026-03-06T15:31:31.884+01:00 INFO document-service host=document-service-7c9d5b-x2k4p corrId=c-2c26cdccb0c1feac offer document stored application_id=APP-2026-211161 doc_id=DOC-d005c89c
2026-03-06T15:31:31.972+01:00 INFO portal-bff host=portal-bff-7c9d5b-x2k4p corrId=c-2c26cdccb0c1feac application completed application_id=APP-2026-211161 status=OFFER_ISSUED
2026-03-06T15:35:00.403+01:00 INFO api-gateway host=api-gateway-5b8f6c-p9qmz corrId=- health probe ok status=200 latency_ms=11
2026-03-06T15:37:04.087+01:00 INFO portal-bff host=portal-bff-5b8f6c-t6zvn corrId=c-6a4ebd7194766860 loan application submitted application_id=APP-2026-637935 customer_segment=PRIVATE
2026-03-06T15:37:04.131+01:00 INFO identity-service host=identity-service-5b8f6c-p9qmz corrId=c-6a4ebd7194766860 MitID session validated customer_id=C43555006
2026-03-06T15:37:04.269+01:00 INFO customer-service host=customer-service-7c9d5b-x2k4p corrId=c-6a4ebd7194766860 KYC profile loaded customer_id=C43555006 risk_class=LOW
2026-03-06T15:37:04.330+01:00 INFO valuation-service host=valuation-service-a41e92-t6zvn corrId=c-6a4ebd7194766860 property valuation served from cache property_id=P7966132 value_dkk=7960000
2026-03-06T15:37:04.407+01:00 INFO credit-service host=credit-service-5b8f6c-p9qmz corrId=c-6a4ebd7194766860 credit assessment completed application_id=APP-2026-637935 score=605 decision=APPROVED
2026-03-06T15:37:04.427+01:00 INFO offer-service host=offer-service-7c9d5b-x2k4p corrId=c-6a4ebd7194766860 loan offer generated application_id=APP-2026-637935 loan_type=FIXED_30Y principal_dkk=3750000
2026-03-06T15:37:04.465+01:00 INFO document-service host=document-service-a41e92-t6zvn corrId=c-6a4ebd7194766860 offer document stored application_id=APP-2026-637935 doc_id=DOC-eaf9ea16
2026-03-06T15:37:04.572+01:00 INFO portal-bff host=portal-bff-5b8f6c-p9qmz corrId=c-6a4ebd7194766860 application completed application_id=APP-2026-637935 status=OFFER_ISSUED
2026-03-06T15:38:52.592+01:00 INFO portal-bff host=portal-bff-7c9d5b-p9qmz corrId=c-06dd9740671cba7e conversion quote requested loan_id=LN411385504 target_product=FLEX_1Y
2026-03-06T15:38:52.656+01:00 INFO identity-service host=identity-service-a41e92-t6zvn corrId=c-06dd9740671cba7e MitID session validated customer_id=C70952866
2026-03-06T15:38:52.721+01:00 INFO pricing-service host=pricing-service-5b8f6c-x2k4p corrId=c-06dd9740671cba7e bond price fetched series=BND2.5-2056 price=100.940
2026-03-06T15:38:52.736+01:00 INFO pricing-service host=pricing-service-7c9d5b-p9qmz corrId=c-06dd9740671cba7e conversion cost calculated loan_id=LN411385504 cost_dkk=57104.26
2026-03-06T15:38:52.843+01:00 INFO quote-service host=quote-service-7c9d5b-t6zvn corrId=c-06dd9740671cba7e conversion quote issued quote_id=Q87952238 loan_id=LN411385504
2026-03-06T15:40:00.418+01:00 INFO payment-scheduler host=payment-scheduler-7c9d5b-p9qmz corrId=- scheduler heartbeat lag_ms=107
2026-03-06T15:40:00.661+01:00 INFO api-gateway host=api-gateway-7c9d5b-x2k4p corrId=- health probe ok status=200 latency_ms=15
2026-03-06T15:42:01.137+01:00 INFO portal-bff host=portal-bff-a41e92-x2k4p corrId=c-372363c43c1afb52 loan application submitted application_id=APP-2026-990966 customer_segment=PRIVATE
2026-03-06T15:42:01.172+01:00 INFO identity-service host=identity-service-5b8f6c-t6zvn corrId=c-372363c43c1afb52 MitID session validated customer_id=C94719951
2026-03-06T15:42:01.206+01:00 INFO customer-service host=customer-service-a41e92-x2k4p corrId=c-372363c43c1afb52 KYC profile loaded customer_id=C94719951 risk_class=LOW
2026-03-06T15:42:01.257+01:00 INFO valuation-service host=valuation-service-a41e92-p9qmz corrId=c-372363c43c1afb52 property valuation requested property_id=P0618240 provider=valuta-ejd
2026-03-06T15:42:01.585+01:00 INFO valuation-service host=valuation-service-7c9d5b-p9qmz corrId=c-372363c43c1afb52 property valuation received property_id=P0618240 value_dkk=7180000 latency_ms=290
2026-03-06T15:42:01.611+01:00 INFO credit-service host=credit-service-a41e92-x2k4p corrId=c-372363c43c1afb52 credit assessment completed application_id=APP-2026-990966 score=760 decision=APPROVED
2026-03-06T15:42:01.734+01:00 INFO offer-service host=offer-service-a41e92-x2k4p corrId=c-372363c43c1afb52 loan offer generated application_id=APP-2026-990966 loan_type=FLEX_1Y principal_dkk=2395000
2026-03-06T15:42:01.812+01:00 INFO document-service host=document-service-a41e92-x2k4p corrId=c-372363c43c1afb52 offer document stored application_id=APP-2026-990966 doc_id=DOC-53879101
2026-03-06T15:42:01.831+01:00 INFO portal-bff host=portal-bff-5b8f6c-t6zvn corrId=c-372363c43c1afb52 application completed application_id=APP-2026-990966 status=OFFER_ISSUED
2026-03-06T15:42:30.386+01:00 INFO portal-bff host=portal-bff-a41e92-t6zvn corrId=c-8e5fed3a00af6dc6 loan application submitted application_id=APP-2026-718160 customer_segment=SME
2026-03-06T15:42:30.429+01:00 INFO identity-service host=identity-service-7c9d5b-x2k4p corrId=c-8e5fed3a00af6dc6 MitID session validated customer_id=C38384926
2026-03-06T15:42:30.443+01:00 INFO customer-service host=customer-service-7c9d5b-p9qmz corrId=c-8e5fed3a00af6dc6 KYC profile loaded customer_id=C38384926 risk_class=HIGH
2026-03-06T15:42:30.462+01:00 INFO valuation-service host=valuation-service-7c9d5b-t6zvn corrId=c-8e5fed3a00af6dc6 property valuation requested property_id=P6182632 provider=valuta-ejd
2026-03-06T15:42:31.344+01:00 INFO valuation-service host=valuation-service-a41e92-p9qmz corrId=c-8e5fed3a00af6dc6 property valuation received property_id=P6182632 value_dkk=900000 latency_ms=772
2026-03-06T15:42:31.364+01:00 INFO credit-service host=credit-service-5b8f6c-t6zvn corrId=c-8e5fed3a00af6dc6 credit assessment completed application_id=APP-2026-718160 score=562 decision=APPROVED
2026-03-06T15:42:31.503+01:00 INFO offer-service host=offer-service-5b8f6c-t6zvn corrId=c-8e5fed3a00af6dc6 loan offer generated application_id=APP-2026-718160 loan_type=FIXED_30Y principal_dkk=3940000
2026-03-06T15:42:31.541+01:00 INFO document-service host=document-service-5b8f6c-p9qmz corrId=c-8e5fed3a00af6dc6 offer document stored application_id=APP-2026-718160 doc_id=DOC-6fe5af5b
2026-03-06T15:42:31.595+01:00 INFO portal-bff host=portal-bff-a41e92-t6zvn corrId=c-8e5fed3a00af6dc6 application completed application_id=APP-2026-718160 status=OFFER_ISSUED
2026-03-06T15:44:32.135+01:00 INFO portal-bff host=portal-bff-7c9d5b-p9qmz corrId=c-454f3262794e18c2 loan application submitted application_id=APP-2026-449935 customer_segment=PRIVATE
2026-03-06T15:44:32.173+01:00 INFO identity-service host=identity-service-7c9d5b-t6zvn corrId=c-454f3262794e18c2 MitID session validated customer_id=C25293718
2026-03-06T15:44:32.266+01:00 INFO customer-service host=customer-service-a41e92-t6zvn corrId=c-454f3262794e18c2 KYC profile loaded customer_id=C25293718 risk_class=LOW
2026-03-06T15:44:32.394+01:00 INFO valuation-service host=valuation-service-a41e92-t6zvn corrId=c-454f3262794e18c2 property valuation requested property_id=P3691872 provider=valuta-ejd
2026-03-06T15:44:32.845+01:00 INFO valuation-service host=valuation-service-5b8f6c-x2k4p corrId=c-454f3262794e18c2 property valuation received property_id=P3691872 value_dkk=8610000 latency_ms=395
2026-03-06T15:44:32.932+01:00 INFO credit-service host=credit-service-5b8f6c-t6zvn corrId=c-454f3262794e18c2 credit assessment completed application_id=APP-2026-449935 score=666 decision=APPROVED
2026-03-06T15:44:33.032+01:00 INFO offer-service host=offer-service-5b8f6c-p9qmz corrId=c-454f3262794e18c2 loan offer generated application_id=APP-2026-449935 loan_type=FLEX_1Y principal_dkk=4455000
2026-03-06T15:44:33.045+01:00 INFO document-service host=document-service-a41e92-t6zvn corrId=c-454f3262794e18c2 offer document stored application_id=APP-2026-449935 doc_id=DOC-9745daaa
2026-03-06T15:44:33.060+01:00 INFO portal-bff host=portal-bff-a41e92-t6zvn corrId=c-454f3262794e18c2 application completed application_id=APP-2026-449935 status=OFFER_ISSUED
2026-03-06T15:45:00.865+01:00 INFO api-gateway host=api-gateway-a41e92-p9qmz corrId=- health probe ok status=200 latency_ms=12
2026-03-06T15:45:02.953+01:00 INFO portal-bff host=portal-bff-5b8f6c-t6zvn corrId=c-3852972e97a0ecc7 loan application submitted application_id=APP-2026-968588 customer_segment=PRIVATE
2026-03-06T15:45:03.044+01:00 INFO identity-service host=identity-service-a41e92-x2k4p corrId=c-3852972e97a0ecc7 MitID session validated customer_id=C61887034
2026-03-06T15:45:03.150+01:00 INFO customer-service host=customer-service-7c9d5b-p9qmz corrId=c-3852972e97a0ecc7 KYC profile loaded customer_id=C61887034 risk_class=LOW
2026-03-06T15:45:03.196+01:00 INFO valuation-service host=valuation-service-a41e92-t6zvn corrId=c-3852972e97a0ecc7 property valuation requested property_id=P8325864 provider=bolig-vurdering
2026-03-06T15:45:03.653+01:00 INFO valuation-service host=valuation-service-a41e92-x2k4p corrId=c-3852972e97a0ecc7 property valuation received property_id=P8325864 value_dkk=3720000 latency_ms=331
2026-03-06T15:45:03.746+01:00 INFO credit-service host=credit-service-a41e92-t6zvn corrId=c-3852972e97a0ecc7 credit assessment completed application_id=APP-2026-968588 score=779 decision=APPROVED
2026-03-06T15:45:03.846+01:00 INFO offer-service host=offer-service-a41e92-x2k4p corrId=c-3852972e97a0ecc7 loan offer generated application_id=APP-2026-968588 loan_type=FLEX_1Y principal_dkk=1125000
2026-03-06T15:45:03.865+01:00 INFO document-service host=document-service-7c9d5b-x2k4p corrId=c-3852972e97a0ecc7 offer document stored application_id=APP-2026-968588 doc_id=DOC-17ab1015
2026-03-06T15:45:03.918+01:00 INFO portal-bff host=portal-bff-a41e92-t6zvn corrId=c-3852972e97a0ecc7 application completed application_id=APP-2026-968588 status=OFFER_ISSUED
2026-03-06T15:50:00.026+01:00 INFO api-gateway host=api-gateway-a41e92-t6zvn corrId=- health probe ok status=200 latency_ms=30
2026-03-06T15:50:00.825+01:00 INFO payment-scheduler host=payment-scheduler-7c9d5b-t6zvn corrId=- scheduler heartbeat lag_ms=79
2026-03-06T15:52:13.183+01:00 INFO portal-bff host=portal-bff-5b8f6c-t6zvn corrId=c-b48dc84eed55495b loan application submitted application_id=APP-2026-883857 customer_segment=PRIVATE
2026-03-06T15:52:13.231+01:00 INFO identity-service host=identity-service-7c9d5b-p9qmz corrId=c-b48dc84eed55495b MitID session validated customer_id=C97600262
2026-03-06T15:52:13.327+01:00 INFO customer-service host=customer-service-a41e92-t6zvn corrId=c-b48dc84eed55495b KYC profile loaded customer_id=C97600262 risk_class=LOW
2026-03-06T15:52:13.401+01:00 INFO valuation-service host=valuation-service-5b8f6c-p9qmz corrId=c-b48dc84eed55495b property valuation served from cache property_id=P5419895 value_dkk=7470000
2026-03-06T15:52:13.519+01:00 INFO credit-service host=credit-service-7c9d5b-x2k4p corrId=c-b48dc84eed55495b credit assessment completed application_id=APP-2026-883857 score=475 decision=APPROVED
2026-03-06T15:52:13.559+01:00 INFO offer-service host=offer-service-a41e92-t6zvn corrId=c-b48dc84eed55495b loan offer generated application_id=APP-2026-883857 loan_type=FLEX_1Y principal_dkk=1440000
2026-03-06T15:52:13.615+01:00 INFO document-service host=document-service-7c9d5b-t6zvn corrId=c-b48dc84eed55495b offer document stored application_id=APP-2026-883857 doc_id=DOC-41ce21bb
2026-03-06T15:52:13.755+01:00 INFO portal-bff host=portal-bff-5b8f6c-x2k4p corrId=c-b48dc84eed55495b application completed application_id=APP-2026-883857 status=OFFER_ISSUED
2026-03-06T15:53:53.735+01:00 INFO portal-bff host=portal-bff-a41e92-x2k4p corrId=c-c82cabfe2e9802c8 loan application submitted application_id=APP-2026-351925 customer_segment=PRIVATE
2026-03-06T15:53:53.833+01:00 INFO identity-service host=identity-service-a41e92-t6zvn corrId=c-c82cabfe2e9802c8 MitID session validated customer_id=C73870772
2026-03-06T15:53:53.852+01:00 INFO customer-service host=customer-service-5b8f6c-t6zvn corrId=c-c82cabfe2e9802c8 KYC profile loaded customer_id=C73870772 risk_class=MEDIUM
2026-03-06T15:53:53.930+01:00 INFO valuation-service host=valuation-service-a41e92-p9qmz corrId=c-c82cabfe2e9802c8 property valuation requested property_id=P0469313 provider=valuta-ejd
2026-03-06T15:53:54.764+01:00 INFO valuation-service host=valuation-service-5b8f6c-p9qmz corrId=c-c82cabfe2e9802c8 property valuation received property_id=P0469313 value_dkk=810000 latency_ms=808
2026-03-06T15:53:54.837+01:00 INFO credit-service host=credit-service-a41e92-p9qmz corrId=c-c82cabfe2e9802c8 credit assessment completed application_id=APP-2026-351925 score=437 decision=APPROVED
2026-03-06T15:53:54.851+01:00 INFO offer-service host=offer-service-a41e92-p9qmz corrId=c-c82cabfe2e9802c8 loan offer generated application_id=APP-2026-351925 loan_type=FIXED_20Y_IO principal_dkk=5895000
2026-03-06T15:53:54.876+01:00 INFO document-service host=document-service-a41e92-t6zvn corrId=c-c82cabfe2e9802c8 offer document stored application_id=APP-2026-351925 doc_id=DOC-ecbdbf3a
2026-03-06T15:53:54.945+01:00 INFO portal-bff host=portal-bff-7c9d5b-t6zvn corrId=c-c82cabfe2e9802c8 application completed application_id=APP-2026-351925 status=OFFER_ISSUED
2026-03-06T15:55:00.422+01:00 INFO api-gateway host=api-gateway-a41e92-x2k4p corrId=- health probe ok status=200 latency_ms=14
2026-03-06T15:56:52.305+01:00 INFO portal-bff host=portal-bff-7c9d5b-t6zvn corrId=c-53564374d7c7ecfe loan application submitted application_id=APP-2026-851677 customer_segment=PRIVATE
2026-03-06T15:56:52.350+01:00 INFO identity-service host=identity-service-7c9d5b-p9qmz corrId=c-53564374d7c7ecfe MitID session validated customer_id=C03642751
2026-03-06T15:56:52.371+01:00 INFO customer-service host=customer-service-a41e92-x2k4p corrId=c-53564374d7c7ecfe KYC profile loaded customer_id=C03642751 risk_class=LOW
2026-03-06T15:56:52.482+01:00 INFO valuation-service host=valuation-service-7c9d5b-p9qmz corrId=c-53564374d7c7ecfe property valuation requested property_id=P4469311 provider=valuta-ejd
2026-03-06T15:56:53.516+01:00 INFO valuation-service host=valuation-service-a41e92-p9qmz corrId=c-53564374d7c7ecfe property valuation received property_id=P4469311 value_dkk=3150000 latency_ms=930
2026-03-06T15:56:53.526+01:00 INFO credit-service host=credit-service-a41e92-p9qmz corrId=c-53564374d7c7ecfe credit assessment completed application_id=APP-2026-851677 score=721 decision=APPROVED
2026-03-06T15:56:53.562+01:00 INFO offer-service host=offer-service-a41e92-x2k4p corrId=c-53564374d7c7ecfe loan offer generated application_id=APP-2026-851677 loan_type=FIXED_30Y principal_dkk=1520000
2026-03-06T15:56:53.702+01:00 INFO document-service host=document-service-7c9d5b-p9qmz corrId=c-53564374d7c7ecfe offer document stored application_id=APP-2026-851677 doc_id=DOC-34fe7c53
2026-03-06T15:56:53.838+01:00 INFO portal-bff host=portal-bff-a41e92-t6zvn corrId=c-53564374d7c7ecfe application completed application_id=APP-2026-851677 status=OFFER_ISSUED
2026-03-06T15:59:17.000+01:00 INFO valuation-service host=valuation-service-a41e92-t6zvn corrId=- jvm gc pause pause_ms=77
2026-03-06T16:00:00.451+01:00 INFO api-gateway host=api-gateway-7c9d5b-x2k4p corrId=- health probe ok status=200 latency_ms=22
2026-03-06T16:00:00.876+01:00 INFO payment-scheduler host=payment-scheduler-7c9d5b-x2k4p corrId=- scheduler heartbeat lag_ms=20
2026-03-06T16:00:09.000+01:00 INFO config-service host=config-service-5b8f6c-x2k4p corrId=- configuration refreshed version=v103
2026-03-06T16:04:01.977+01:00 INFO portal-bff host=portal-bff-7c9d5b-x2k4p corrId=c-983240c5156a3a72 loan application submitted application_id=APP-2026-810309 customer_segment=PRIVATE
2026-03-06T16:04:02.008+01:00 INFO identity-service host=identity-service-a41e92-x2k4p corrId=c-983240c5156a3a72 MitID session validated customer_id=C88930523
2026-03-06T16:04:02.142+01:00 INFO customer-service host=customer-service-7c9d5b-p9qmz corrId=c-983240c5156a3a72 KYC profile loaded customer_id=C88930523 risk_class=LOW
2026-03-06T16:04:02.245+01:00 INFO valuation-service host=valuation-service-7c9d5b-t6zvn corrId=c-983240c5156a3a72 property valuation served from cache property_id=P7810234 value_dkk=6680000
2026-03-06T16:04:02.271+01:00 INFO credit-service host=credit-service-7c9d5b-t6zvn corrId=c-983240c5156a3a72 credit assessment completed application_id=APP-2026-810309 score=718 decision=APPROVED
2026-03-06T16:04:02.336+01:00 INFO offer-service host=offer-service-a41e92-t6zvn corrId=c-983240c5156a3a72 loan offer generated application_id=APP-2026-810309 loan_type=FIXED_30Y principal_dkk=3735000
2026-03-06T16:04:02.383+01:00 INFO document-service host=document-service-5b8f6c-p9qmz corrId=c-983240c5156a3a72 offer document stored application_id=APP-2026-810309 doc_id=DOC-02b54f57
2026-03-06T16:04:02.457+01:00 INFO portal-bff host=portal-bff-5b8f6c-p9qmz corrId=c-983240c5156a3a72 application completed application_id=APP-2026-810309 status=OFFER_ISSUED
2026-03-06T16:05:00.357+01:00 INFO api-gateway host=api-gateway-7c9d5b-x2k4p corrId=- health probe ok status=200 latency_ms=17
2026-03-06T16:05:17.253+01:00 INFO portal-bff host=portal-bff-a41e92-p9qmz corrId=c-33671247308ab5f0 loan application submitted application_id=APP-2026-553898 customer_segment=RETAIL
2026-03-06T16:05:17.279+01:00 INFO identity-service host=identity-service-7c9d5b-x2k4p corrId=c-33671247308ab5f0 MitID session validated customer_id=C63017949
2026-03-06T16:05:17.290+01:00 INFO customer-service host=customer-service-a41e92-t6zvn corrId=c-33671247308ab5f0 KYC profile loaded customer_id=C63017949 risk_class=MEDIUM
2026-03-06T16:05:17.351+01:00 INFO valuation-service host=valuation-service-5b8f6c-p9qmz corrId=c-33671247308ab5f0 property valuation requested property_id=P8842572 provider=bolig-vurdering
2026-03-06T16:05:18.364+01:00 INFO valuation-service host=valuation-service-5b8f6c-p9qmz corrId=c-33671247308ab5f0 property valuation received property_id=P8842572 value_dkk=6470000 latency_ms=948
2026-03-06T16:05:18.495+01:00 INFO credit-service host=credit-service-a41e92-t6zvn corrId=c-33671247308ab5f0 credit assessment completed application_id=APP-2026-553898 score=606 decision=APPROVED
2026-03-06T16:05:18.605+01:00 INFO offer-service host=offer-service-a41e92-t6zvn corrId=c-33671247308ab5f0 loan offer generated application_id=APP-2026-553898 loan_type=FIXED_30Y principal_dkk=5760000
2026-03-06T16:05:18.718+01:00 INFO document-service host=document-service-a41e92-t6zvn corrId=c-33671247308ab5f0 offer document stored application_id=APP-2026-553898 doc_id=DOC-87cef3af
2026-03-06T16:05:18.828+01:00 INFO portal-bff host=portal-bff-7c9d5b-x2k4p corrId=c-33671247308ab5f0 application completed application_id=APP-2026-553898 status=OFFER_ISSUED
2026-03-06T16:05:56.867+01:00 INFO portal-bff host=portal-bff-5b8f6c-x2k4p corrId=c-8dccc95d652fef80 loan application submitted application_id=APP-2026-641140 customer_segment=PRIVATE
2026-03-06T16:05:56.909+01:00 INFO identity-service host=identity-service-7c9d5b-x2k4p corrId=c-8dccc95d652fef80 MitID session validated customer_id=C44805296
2026-03-06T16:05:57.047+01:00 INFO customer-service host=customer-service-7c9d5b-t6zvn corrId=c-8dccc95d652fef80 KYC profile loaded customer_id=C44805296 risk_class=LOW
2026-03-06T16:05:57.133+01:00 INFO valuation-service host=valuation-service-5b8f6c-p9qmz corrId=c-8dccc95d652fef80 property valuation requested property_id=P8959369 provider=bolig-vurdering
2026-03-06T16:05:57.410+01:00 INFO valuation-service host=valuation-service-a41e92-t6zvn corrId=c-8dccc95d652fef80 property valuation received property_id=P8959369 value_dkk=5120000 latency_ms=232
2026-03-06T16:05:57.550+01:00 INFO credit-service host=credit-service-a41e92-x2k4p corrId=c-8dccc95d652fef80 credit assessment completed application_id=APP-2026-641140 score=430 decision=APPROVED
2026-03-06T16:05:57.663+01:00 INFO offer-service host=offer-service-a41e92-p9qmz corrId=c-8dccc95d652fef80 loan offer generated application_id=APP-2026-641140 loan_type=FIXED_20Y_IO principal_dkk=4700000
2026-03-06T16:05:57.757+01:00 INFO document-service host=document-service-5b8f6c-t6zvn corrId=c-8dccc95d652fef80 offer document stored application_id=APP-2026-641140 doc_id=DOC-8a031fce
2026-03-06T16:05:57.862+01:00 INFO portal-bff host=portal-bff-7c9d5b-x2k4p corrId=c-8dccc95d652fef80 application completed application_id=APP-2026-641140 status=OFFER_ISSUED
2026-03-06T16:10:00.141+01:00 INFO payment-scheduler host=payment-scheduler-a41e92-t6zvn corrId=- scheduler heartbeat lag_ms=25
2026-03-06T16:10:00.315+01:00 INFO api-gateway host=api-gateway-7c9d5b-p9qmz corrId=- health probe ok status=200 latency_ms=21
2026-03-06T16:10:11.026+01:00 INFO portal-bff host=portal-bff-a41e92-x2k4p corrId=c-8c6ead5f68f5b053 loan application submitted application_id=APP-2026-285462 customer_segment=SME
2026-03-06T16:10:11.114+01:00 INFO identity-service host=identity-service-a41e92-t6zvn corrId=c-8c6ead5f68f5b053 MitID session validated customer_id=C41774771
2026-03-06T16:10:11.143+01:00 INFO customer-service host=customer-service-5b8f6c-x2k4p corrId=c-8c6ead5f68f5b053 KYC profile loaded customer_id=C41774771 risk_class=LOW
2026-03-06T16:10:11.245+01:00 INFO valuation-service host=valuation-service-a41e92-t6zvn corrId=c-8c6ead5f68f5b053 property valuation requested property_id=P2613866 provider=valuta-ejd
2026-03-06T16:10:12.176+01:00 INFO valuation-service host=valuation-service-5b8f6c-p9qmz corrId=c-8c6ead5f68f5b053 property valuation received property_id=P2613866 value_dkk=4970000 latency_ms=926
2026-03-06T16:10:12.298+01:00 INFO credit-service host=credit-service-a41e92-p9qmz corrId=c-8c6ead5f68f5b053 credit assessment completed application_id=APP-2026-285462 score=527 decision=APPROVED
2026-03-06T16:10:12.399+01:00 INFO offer-service host=offer-service-7c9d5b-x2k4p corrId=c-8c6ead5f68f5b053 loan offer generated application_id=APP-2026-285462 loan_type=FLEX_5Y principal_dkk=3150000
2026-03-06T16:10:12.499+01:00 INFO document-service host=document-service-5b8f6c-x2k4p corrId=c-8c6ead5f68f5b053 offer document stored application_id=APP-2026-285462 doc_id=DOC-afa4b206
2026-03-06T16:10:12.525+01:00 INFO portal-bff host=portal-bff-5b8f6c-t6zvn corrId=c-8c6ead5f68f5b053 application completed application_id=APP-2026-285462 status=OFFER_ISSUED
2026-03-06T16:12:14.659+01:00 INFO portal-bff host=portal-bff-5b8f6c-t6zvn corrId=c-927b36e83394f809 conversion quote requested loan_id=LN070029939 target_product=FLEX_5Y
2026-03-06T16:12:14.717+01:00 INFO identity-service host=identity-service-a41e92-t6zvn corrId=c-927b36e83394f809 MitID session validated customer_id=C08220584
2026-03-06T16:12:14.725+01:00 INFO pricing-service host=pricing-service-7c9d5b-p9qmz corrId=c-927b36e83394f809 bond price fetched series=BND2.5-2056 price=96.092
2026-03-06T16:12:14.805+01:00 INFO pricing-service host=pricing-service-a41e92-p9qmz corrId=c-927b36e83394f809 conversion cost calculated loan_id=LN070029939 cost_dkk=56966.28
2026-03-06T16:12:14.854+01:00 INFO quote-service host=quote-service-7c9d5b-x2k4p corrId=c-927b36e83394f809 conversion quote issued quote_id=Q34514218 loan_id=LN070029939
2026-03-06T16:15:00.565+01:00 INFO api-gateway host=api-gateway-7c9d5b-t6zvn corrId=- health probe ok status=200 latency_ms=21
2026-03-06T16:15:02.719+01:00 INFO portal-bff host=portal-bff-7c9d5b-t6zvn corrId=c-89fe61f21d88e836 conversion quote requested loan_id=LN941012023 target_product=FLEX_5Y
2026-03-06T16:15:02.825+01:00 INFO identity-service host=identity-service-7c9d5b-p9qmz corrId=c-89fe61f21d88e836 MitID session validated customer_id=C02248815
2026-03-06T16:15:02.873+01:00 INFO pricing-service host=pricing-service-a41e92-x2k4p corrId=c-89fe61f21d88e836 bond price fetched series=BND3.0-2056 price=99.958
2026-03-06T16:15:02.915+01:00 INFO pricing-service host=pricing-service-a41e92-p9qmz corrId=c-89fe61f21d88e836 conversion cost calculated loan_id=LN941012023 cost_dkk=76332.68
2026-03-06T16:15:02.973+01:00 INFO quote-service host=quote-service-5b8f6c-t6zvn corrId=c-89fe61f21d88e836 conversion quote issued quote_id=Q12883287 loan_id=LN941012023
2026-03-06T16:16:06.774+01:00 INFO portal-bff host=portal-bff-a41e92-t6zvn corrId=c-f855d861d05d7aec loan application submitted application_id=APP-2026-151483 customer_segment=RETAIL
2026-03-06T16:16:06.779+01:00 INFO identity-service host=identity-service-a41e92-x2k4p corrId=c-f855d861d05d7aec MitID session validated customer_id=C16939561
2026-03-06T16:16:06.824+01:00 INFO customer-service host=customer-service-a41e92-t6zvn corrId=c-f855d861d05d7aec KYC profile loaded customer_id=C16939561 risk_class=LOW
2026-03-06T16:16:06.920+01:00 INFO valuation-service host=valuation-service-5b8f6c-t6zvn corrId=c-f855d861d05d7aec property valuation requested property_id=P5723364 provider=valuta-ejd
2026-03-06T16:16:07.356+01:00 INFO valuation-service host=valuation-service-7c9d5b-p9qmz corrId=c-f855d861d05d7aec property valuation received property_id=P5723364 value_dkk=8690000 latency_ms=418
2026-03-06T16:16:07.471+01:00 INFO credit-service host=credit-service-5b8f6c-x2k4p corrId=c-f855d861d05d7aec credit assessment completed application_id=APP-2026-151483 score=698 decision=APPROVED
2026-03-06T16:16:07.519+01:00 INFO offer-service host=offer-service-7c9d5b-t6zvn corrId=c-f855d861d05d7aec loan offer generated application_id=APP-2026-151483 loan_type=FIXED_20Y_IO principal_dkk=5325000
2026-03-06T16:16:07.534+01:00 INFO document-service host=document-service-7c9d5b-x2k4p corrId=c-f855d861d05d7aec offer document stored application_id=APP-2026-151483 doc_id=DOC-4dcfa1ea
2026-03-06T16:16:07.560+01:00 INFO portal-bff host=portal-bff-5b8f6c-x2k4p corrId=c-f855d861d05d7aec application completed application_id=APP-2026-151483 status=OFFER_ISSUED
2026-03-06T16:18:14.766+01:00 INFO portal-bff host=portal-bff-a41e92-x2k4p corrId=c-a02ecd3d0054577f loan application submitted application_id=APP-2026-974925 customer_segment=PRIVATE
2026-03-06T16:18:14.873+01:00 INFO identity-service host=identity-service-7c9d5b-p9qmz corrId=c-a02ecd3d0054577f MitID session validated customer_id=C29813645
2026-03-06T16:18:14.907+01:00 INFO customer-service host=customer-service-5b8f6c-x2k4p corrId=c-a02ecd3d0054577f KYC profile loaded customer_id=C29813645 risk_class=LOW
2026-03-06T16:18:14.986+01:00 INFO valuation-service host=valuation-service-a41e92-t6zvn corrId=c-a02ecd3d0054577f property valuation requested property_id=P9106987 provider=bolig-vurdering
2026-03-06T16:18:15.917+01:00 INFO valuation-service host=valuation-service-5b8f6c-p9qmz corrId=c-a02ecd3d0054577f property valuation received property_id=P9106987 value_dkk=8700000 latency_ms=838
2026-03-06T16:18:16.035+01:00 INFO credit-service host=credit-service-7c9d5b-p9qmz corrId=c-a02ecd3d0054577f credit assessment completed application_id=APP-2026-974925 score=724 decision=APPROVED
2026-03-06T16:18:16.086+01:00 INFO offer-service host=offer-service-7c9d5b-x2k4p corrId=c-a02ecd3d0054577f loan offer generated application_id=APP-2026-974925 loan_type=FIXED_30Y principal_dkk=625000
2026-03-06T16:18:16.154+01:00 INFO document-service host=document-service-5b8f6c-p9qmz corrId=c-a02ecd3d0054577f offer document stored application_id=APP-2026-974925 doc_id=DOC-2e4b1c08
2026-03-06T16:18:16.287+01:00 INFO portal-bff host=portal-bff-7c9d5b-p9qmz corrId=c-a02ecd3d0054577f application completed application_id=APP-2026-974925 status=OFFER_ISSUED
2026-03-06T16:20:00.442+01:00 INFO payment-scheduler host=payment-scheduler-5b8f6c-x2k4p corrId=- scheduler heartbeat lag_ms=5
2026-03-06T16:20:00.611+01:00 INFO api-gateway host=api-gateway-5b8f6c-x2k4p corrId=- health probe ok status=200 latency_ms=37
2026-03-06T16:22:07.507+01:00 INFO portal-bff host=portal-bff-a41e92-p9qmz corrId=c-8bdaf74d59dc250c conversion quote requested loan_id=LN690862600 target_product=FLEX_1Y
2026-03-06T16:22:07.580+01:00 INFO identity-service host=identity-service-5b8f6c-t6zvn corrId=c-8bdaf74d59dc250c MitID session validated customer_id=C64426905
2026-03-06T16:22:07.633+01:00 INFO pricing-service host=pricing-service-5b8f6c-x2k4p corrId=c-8bdaf74d59dc250c bond price fetched series=BND4.0-2053 price=91.321
2026-03-06T16:22:07.671+01:00 INFO pricing-service host=pricing-service-a41e92-p9qmz corrId=c-8bdaf74d59dc250c conversion cost calculated loan_id=LN690862600 cost_dkk=65025.62
2026-03-06T16:22:07.795+01:00 INFO quote-service host=quote-service-a41e92-t6zvn corrId=c-8bdaf74d59dc250c conversion quote issued quote_id=Q71252638 loan_id=LN690862600
2026-03-06T16:25:00.846+01:00 INFO api-gateway host=api-gateway-7c9d5b-x2k4p corrId=- health probe ok status=200 latency_ms=35
2026-03-06T16:25:25.955+01:00 INFO portal-bff host=portal-bff-a41e92-t6zvn corrId=c-2f203f92af367f81 conversion quote requested loan_id=LN436729990 target_product=FIXED_30Y
2026-03-06T16:25:26.008+01:00 INFO identity-service host=identity-service-7c9d5b-p9qmz corrId=c-2f203f92af367f81 MitID session validated customer_id=C26733202
2026-03-06T16:25:26.024+01:00 INFO pricing-service host=pricing-service-7c9d5b-t6zvn corrId=c-2f203f92af367f81 bond price fetched series=BND3.0-2056 price=96.730
2026-03-06T16:25:26.099+01:00 INFO pricing-service host=pricing-service-5b8f6c-x2k4p corrId=c-2f203f92af367f81 conversion cost calculated loan_id=LN436729990 cost_dkk=30726.85
2026-03-06T16:25:26.138+01:00 INFO quote-service host=quote-service-5b8f6c-t6zvn corrId=c-2f203f92af367f81 conversion quote issued quote_id=Q04308061 loan_id=LN436729990
2026-03-06T16:30:00.612+01:00 INFO api-gateway host=api-gateway-7c9d5b-t6zvn corrId=- health probe ok status=200 latency_ms=18
2026-03-06T16:30:00.664+01:00 INFO payment-scheduler host=payment-scheduler-7c9d5b-p9qmz corrId=- scheduler heartbeat lag_ms=45
2026-03-06T16:32:19.000+01:00 INFO valuation-service host=valuation-service-a41e92-p9qmz corrId=- jvm gc pause pause_ms=12
2026-03-06T16:35:00.507+01:00 INFO api-gateway host=api-gateway-7c9d5b-x2k4p corrId=- health probe ok status=200 latency_ms=9
2026-03-06T16:40:00.635+01:00 INFO api-gateway host=api-gateway-5b8f6c-x2k4p corrId=- health probe ok status=200 latency_ms=20
2026-03-06T16:40:00.711+01:00 INFO payment-scheduler host=payment-scheduler-a41e92-t6zvn corrId=- scheduler heartbeat lag_ms=48
2026-03-06T16:45:00.193+01:00 INFO api-gateway host=api-gateway-a41e92-x2k4p corrId=- health probe ok status=200 latency_ms=11
2026-03-06T16:50:00.455+01:00 INFO api-gateway host=api-gateway-7c9d5b-x2k4p corrId=- health probe ok status=200 latency_ms=17
2026-03-06T16:50:00.550+01:00 INFO payment-scheduler host=payment-scheduler-7c9d5b-x2k4p corrId=- scheduler heartbeat lag_ms=28
2026-03-06T16:52:40.582+01:00 INFO portal-bff host=portal-bff-5b8f6c-p9qmz corrId=c-0a8d984682275f5d conversion quote requested loan_id=LN237812091 target_product=FLEX_5Y
2026-03-06T16:52:40.660+01:00 INFO identity-service host=identity-service-7c9d5b-p9qmz corrId=c-0a8d984682275f5d MitID session validated customer_id=C13046055
2026-03-06T16:52:40.738+01:00 INFO pricing-service host=pricing-service-5b8f6c-x2k4p corrId=c-0a8d984682275f5d bond price fetched series=BND2.5-2056 price=91.224
2026-03-06T16:52:40.778+01:00 INFO pricing-service host=pricing-service-a41e92-t6zvn corrId=c-0a8d984682275f5d conversion cost calculated loan_id=LN237812091 cost_dkk=54597.52
2026-03-06T16:52:40.868+01:00 INFO quote-service host=quote-service-7c9d5b-p9qmz corrId=c-0a8d984682275f5d conversion quote issued quote_id=Q95624686 loan_id=LN237812091
2026-03-06T16:55:00.055+01:00 INFO api-gateway host=api-gateway-5b8f6c-p9qmz corrId=- health probe ok status=200 latency_ms=8
2026-03-06T16:55:25.662+01:00 INFO portal-bff host=portal-bff-a41e92-x2k4p corrId=c-9e3346f3bd66225a conversion quote requested loan_id=LN942573815 target_product=FLEX_5Y
2026-03-06T16:55:25.769+01:00 INFO identity-service host=identity-service-7c9d5b-x2k4p corrId=c-9e3346f3bd66225a MitID session validated customer_id=C76742486
2026-03-06T16:55:25.876+01:00 INFO pricing-service host=pricing-service-a41e92-x2k4p corrId=c-9e3346f3bd66225a bond price fetched series=BND2.5-2053 price=99.128
2026-03-06T16:55:25.889+01:00 INFO pricing-service host=pricing-service-7c9d5b-t6zvn corrId=c-9e3346f3bd66225a conversion cost calculated loan_id=LN942573815 cost_dkk=83797.14
2026-03-06T16:55:26.016+01:00 INFO quote-service host=quote-service-a41e92-p9qmz corrId=c-9e3346f3bd66225a conversion quote issued quote_id=Q73621469 loan_id=LN942573815
2026-03-06T17:00:00.707+01:00 INFO api-gateway host=api-gateway-5b8f6c-p9qmz corrId=- health probe ok status=200 latency_ms=31
2026-03-06T17:00:00.856+01:00 INFO payment-scheduler host=payment-scheduler-5b8f6c-p9qmz corrId=- scheduler heartbeat lag_ms=14
2026-03-06T17:00:25.000+01:00 INFO config-service host=config-service-7c9d5b-t6zvn corrId=- configuration refreshed version=v117
2026-03-06T17:02:40.115+01:00 INFO portal-bff host=portal-bff-7c9d5b-t6zvn corrId=c-57ed14bd10a544a0 conversion quote requested loan_id=LN422636681 target_product=FIXED_30Y
2026-03-06T17:02:40.198+01:00 INFO identity-service host=identity-service-7c9d5b-p9qmz corrId=c-57ed14bd10a544a0 MitID session validated customer_id=C15911065
2026-03-06T17:02:40.304+01:00 INFO pricing-service host=pricing-service-a41e92-t6zvn corrId=c-57ed14bd10a544a0 bond price fetched series=BND3.0-2053 price=98.381
2026-03-06T17:02:40.386+01:00 INFO pricing-service host=pricing-service-a41e92-t6zvn corrId=c-57ed14bd10a544a0 conversion cost calculated loan_id=LN422636681 cost_dkk=77535.37
2026-03-06T17:02:40.482+01:00 INFO quote-service host=quote-service-5b8f6c-x2k4p corrId=c-57ed14bd10a544a0 conversion quote issued quote_id=Q36974796 loan_id=LN422636681
2026-03-06T17:05:00.071+01:00 INFO api-gateway host=api-gateway-5b8f6c-t6zvn corrId=- health probe ok status=200 latency_ms=10
2026-03-06T17:07:23.244+01:00 INFO portal-bff host=portal-bff-7c9d5b-x2k4p corrId=c-02d1d690faa6163b conversion quote requested loan_id=LN015649398 target_product=FLEX_1Y
2026-03-06T17:07:23.301+01:00 INFO identity-service host=identity-service-7c9d5b-x2k4p corrId=c-02d1d690faa6163b MitID session validated customer_id=C74528705
2026-03-06T17:07:23.385+01:00 INFO pricing-service host=pricing-service-5b8f6c-x2k4p corrId=c-02d1d690faa6163b bond price fetched series=BND3.0-2056 price=92.955
2026-03-06T17:07:23.484+01:00 INFO pricing-service host=pricing-service-a41e92-t6zvn corrId=c-02d1d690faa6163b conversion cost calculated loan_id=LN015649398 cost_dkk=15831.85
2026-03-06T17:07:23.577+01:00 INFO quote-service host=quote-service-7c9d5b-t6zvn corrId=c-02d1d690faa6163b conversion quote issued quote_id=Q60792942 loan_id=LN015649398
2026-03-06T17:09:03.253+01:00 INFO portal-bff host=portal-bff-5b8f6c-p9qmz corrId=c-490ef9283ea8dd7a conversion quote requested loan_id=LN250366396 target_product=FIXED_30Y
2026-03-06T17:09:03.317+01:00 INFO identity-service host=identity-service-5b8f6c-p9qmz corrId=c-490ef9283ea8dd7a MitID session validated customer_id=C09102095
2026-03-06T17:09:03.413+01:00 INFO pricing-service host=pricing-service-5b8f6c-x2k4p corrId=c-490ef9283ea8dd7a bond price fetched series=BND3.0-2053 price=93.376
2026-03-06T17:09:03.484+01:00 INFO pricing-service host=pricing-service-7c9d5b-x2k4p corrId=c-490ef9283ea8dd7a conversion cost calculated loan_id=LN250366396 cost_dkk=61585.95
2026-03-06T17:09:03.567+01:00 INFO quote-service host=quote-service-a41e92-p9qmz corrId=c-490ef9283ea8dd7a conversion quote issued quote_id=Q74125606 loan_id=LN250366396
2026-03-06T17:10:00.436+01:00 INFO api-gateway host=api-gateway-7c9d5b-t6zvn corrId=- health probe ok status=200 latency_ms=18
2026-03-06T17:10:00.626+01:00 INFO payment-scheduler host=payment-scheduler-7c9d5b-t6zvn corrId=- scheduler heartbeat lag_ms=19
2026-03-06T17:11:28.703+01:00 INFO portal-bff host=portal-bff-5b8f6c-p9qmz corrId=c-c6c3d4afc286c07b conversion quote requested loan_id=LN415887222 target_product=FLEX_5Y
2026-03-06T17:11:28.715+01:00 INFO identity-service host=identity-service-5b8f6c-t6zvn corrId=c-c6c3d4afc286c07b MitID session validated customer_id=C51570563
2026-03-06T17:11:28.730+01:00 INFO pricing-service host=pricing-service-7c9d5b-t6zvn corrId=c-c6c3d4afc286c07b bond price fetched series=BND2.5-2056 price=98.345
2026-03-06T17:11:28.802+01:00 INFO pricing-service host=pricing-service-a41e92-x2k4p corrId=c-c6c3d4afc286c07b conversion cost calculated loan_id=LN415887222 cost_dkk=25431.76
2026-03-06T17:11:28.910+01:00 INFO quote-service host=quote-service-7c9d5b-x2k4p corrId=c-c6c3d4afc286c07b conversion quote issued quote_id=Q70768546 loan_id=LN415887222
2026-03-06T17:15:00.818+01:00 INFO api-gateway host=api-gateway-a41e92-x2k4p corrId=- health probe ok status=200 latency_ms=25
2026-03-06T17:15:34.114+01:00 INFO portal-bff host=portal-bff-a41e92-x2k4p corrId=c-63f6018331874d39 conversion quote requested loan_id=LN671590547 target_product=FLEX_1Y
2026-03-06T17:15:34.200+01:00 INFO identity-service host=identity-service-a41e92-x2k4p corrId=c-63f6018331874d39 MitID session validated customer_id=C98874844
2026-03-06T17:15:34.321+01:00 INFO pricing-service host=pricing-service-5b8f6c-t6zvn corrId=c-63f6018331874d39 bond price fetched series=BND4.0-2056 price=90.415
2026-03-06T17:15:34.349+01:00 INFO pricing-service host=pricing-service-7c9d5b-t6zvn corrId=c-63f6018331874d39 conversion cost calculated loan_id=LN671590547 cost_dkk=28773.63
2026-03-06T17:15:34.380+01:00 INFO quote-service host=quote-service-a41e92-t6zvn corrId=c-63f6018331874d39 conversion quote issued quote_id=Q60250331 loan_id=LN671590547
2026-03-06T17:15:58.508+01:00 INFO portal-bff host=portal-bff-5b8f6c-t6zvn corrId=c-856fd8b48fb7e451 conversion quote requested loan_id=LN598143104 target_product=FIXED_30Y
2026-03-06T17:15:58.571+01:00 INFO identity-service host=identity-service-5b8f6c-t6zvn corrId=c-856fd8b48fb7e451 MitID session validated customer_id=C44006789
2026-03-06T17:15:58.580+01:00 INFO pricing-service host=pricing-service-5b8f6c-p9qmz corrId=c-856fd8b48fb7e451 bond price fetched series=BND3.0-2056 price=100.178
2026-03-06T17:15:58.703+01:00 INFO pricing-service host=pricing-service-7c9d5b-p9qmz corrId=c-856fd8b48fb7e451 conversion cost calculated loan_id=LN598143104 cost_dkk=18101.97
2026-03-06T17:15:58.777+01:00 INFO quote-service host=quote-service-5b8f6c-t6zvn corrId=c-856fd8b48fb7e451 conversion quote issued quote_id=Q66990267 loan_id=LN598143104
2026-03-06T17:20:00.617+01:00 INFO payment-scheduler host=payment-scheduler-7c9d5b-x2k4p corrId=- scheduler heartbeat lag_ms=106
2026-03-06T17:20:00.636+01:00 INFO api-gateway host=api-gateway-a41e92-t6zvn corrId=- health probe ok status=200 latency_ms=39
2026-03-06T17:25:00.466+01:00 INFO api-gateway host=api-gateway-a41e92-x2k4p corrId=- health probe ok status=200 latency_ms=3
2026-03-06T17:25:52.758+01:00 INFO portal-bff host=portal-bff-5b8f6c-t6zvn corrId=c-5f115ae2a9a36f59 conversion quote requested loan_id=LN697480384 target_product=FIXED_30Y
2026-03-06T17:25:52.814+01:00 INFO identity-service host=identity-service-a41e92-p9qmz corrId=c-5f115ae2a9a36f59 MitID session validated customer_id=C90859163
2026-03-06T17:25:52.854+01:00 INFO pricing-service host=pricing-service-a41e92-p9qmz corrId=c-5f115ae2a9a36f59 bond price fetched series=BND3.0-2053 price=89.162
2026-03-06T17:25:52.889+01:00 INFO pricing-service host=pricing-service-a41e92-x2k4p corrId=c-5f115ae2a9a36f59 conversion cost calculated loan_id=LN697480384 cost_dkk=20975.17
2026-03-06T17:25:52.934+01:00 INFO quote-service host=quote-service-a41e92-x2k4p corrId=c-5f115ae2a9a36f59 conversion quote issued quote_id=Q26141095 loan_id=LN697480384
2026-03-06T17:26:37.983+01:00 INFO portal-bff host=portal-bff-a41e92-x2k4p corrId=c-b1229c360291f810 conversion quote requested loan_id=LN461091031 target_product=FLEX_5Y
2026-03-06T17:26:38.055+01:00 INFO identity-service host=identity-service-5b8f6c-x2k4p corrId=c-b1229c360291f810 MitID session validated customer_id=C89604309
2026-03-06T17:26:38.084+01:00 INFO pricing-service host=pricing-service-5b8f6c-x2k4p corrId=c-b1229c360291f810 bond price fetched series=BND4.0-2056 price=90.067
2026-03-06T17:26:38.136+01:00 INFO pricing-service host=pricing-service-a41e92-x2k4p corrId=c-b1229c360291f810 conversion cost calculated loan_id=LN461091031 cost_dkk=8250.21
2026-03-06T17:26:38.157+01:00 INFO quote-service host=quote-service-7c9d5b-p9qmz corrId=c-b1229c360291f810 conversion quote issued quote_id=Q97886989 loan_id=LN461091031
2026-03-06T17:30:00.208+01:00 INFO payment-scheduler host=payment-scheduler-a41e92-x2k4p corrId=- scheduler heartbeat lag_ms=98
2026-03-06T17:30:00.712+01:00 INFO api-gateway host=api-gateway-7c9d5b-t6zvn corrId=- health probe ok status=200 latency_ms=33
2026-03-06T17:35:00.378+01:00 INFO api-gateway host=api-gateway-a41e92-x2k4p corrId=- health probe ok status=200 latency_ms=34
2026-03-06T17:40:00.252+01:00 INFO api-gateway host=api-gateway-5b8f6c-x2k4p corrId=- health probe ok status=200 latency_ms=5
2026-03-06T17:40:00.734+01:00 INFO payment-scheduler host=payment-scheduler-5b8f6c-x2k4p corrId=- scheduler heartbeat lag_ms=23
2026-03-06T17:43:10.034+01:00 INFO portal-bff host=portal-bff-5b8f6c-t6zvn corrId=c-3adcbbd67cc44e5b conversion quote requested loan_id=LN868444066 target_product=FLEX_1Y
2026-03-06T17:43:10.056+01:00 INFO identity-service host=identity-service-5b8f6c-x2k4p corrId=c-3adcbbd67cc44e5b MitID session validated customer_id=C69352631
2026-03-06T17:43:10.109+01:00 INFO pricing-service host=pricing-service-5b8f6c-p9qmz corrId=c-3adcbbd67cc44e5b bond price fetched series=BND2.5-2056 price=101.226
2026-03-06T17:43:10.139+01:00 INFO pricing-service host=pricing-service-5b8f6c-t6zvn corrId=c-3adcbbd67cc44e5b conversion cost calculated loan_id=LN868444066 cost_dkk=57979.42
2026-03-06T17:43:10.269+01:00 INFO quote-service host=quote-service-5b8f6c-t6zvn corrId=c-3adcbbd67cc44e5b conversion quote issued quote_id=Q74853190 loan_id=LN868444066
2026-03-06T17:45:00.570+01:00 INFO api-gateway host=api-gateway-7c9d5b-t6zvn corrId=- health probe ok status=200 latency_ms=5
2026-03-06T17:50:00.203+01:00 INFO payment-scheduler host=payment-scheduler-7c9d5b-x2k4p corrId=- scheduler heartbeat lag_ms=76
2026-03-06T17:50:00.217+01:00 INFO api-gateway host=api-gateway-7c9d5b-p9qmz corrId=- health probe ok status=200 latency_ms=18
2026-03-06T17:55:00.689+01:00 INFO api-gateway host=api-gateway-a41e92-p9qmz corrId=- health probe ok status=200 latency_ms=9
2026-03-06T18:00:00.545+01:00 INFO payment-scheduler host=payment-scheduler-5b8f6c-x2k4p corrId=- scheduler heartbeat lag_ms=98
2026-03-06T18:00:00.680+01:00 INFO api-gateway host=api-gateway-a41e92-x2k4p corrId=- health probe ok status=200 latency_ms=23
2026-03-06T18:00:54.000+01:00 INFO config-service host=config-service-5b8f6c-x2k4p corrId=- configuration refreshed version=v126
2026-03-06T18:01:04.104+01:00 INFO portal-bff host=portal-bff-7c9d5b-t6zvn corrId=c-ae8f7082f0d5a253 conversion quote requested loan_id=LN199230685 target_product=FIXED_30Y
2026-03-06T18:01:04.125+01:00 INFO identity-service host=identity-service-7c9d5b-x2k4p corrId=c-ae8f7082f0d5a253 MitID session validated customer_id=C58483641
2026-03-06T18:01:04.263+01:00 INFO pricing-service host=pricing-service-5b8f6c-t6zvn corrId=c-ae8f7082f0d5a253 bond price fetched series=BND4.0-2053 price=92.555
2026-03-06T18:01:04.310+01:00 INFO pricing-service host=pricing-service-7c9d5b-p9qmz corrId=c-ae8f7082f0d5a253 conversion cost calculated loan_id=LN199230685 cost_dkk=87355.80
2026-03-06T18:01:04.400+01:00 INFO quote-service host=quote-service-7c9d5b-x2k4p corrId=c-ae8f7082f0d5a253 conversion quote issued quote_id=Q05112617 loan_id=LN199230685
2026-03-06T18:01:13.901+01:00 INFO portal-bff host=portal-bff-7c9d5b-p9qmz corrId=c-22b695876c52f938 conversion quote requested loan_id=LN372829042 target_product=FLEX_1Y
2026-03-06T18:01:14.029+01:00 INFO identity-service host=identity-service-a41e92-p9qmz corrId=c-22b695876c52f938 MitID session validated customer_id=C17781353
2026-03-06T18:01:14.069+01:00 INFO pricing-service host=pricing-service-7c9d5b-p9qmz corrId=c-22b695876c52f938 bond price fetched series=BND3.0-2056 price=90.249
2026-03-06T18:01:14.188+01:00 INFO pricing-service host=pricing-service-5b8f6c-x2k4p corrId=c-22b695876c52f938 conversion cost calculated loan_id=LN372829042 cost_dkk=27532.63
2026-03-06T18:01:14.281+01:00 INFO quote-service host=quote-service-a41e92-x2k4p corrId=c-22b695876c52f938 conversion quote issued quote_id=Q65033191 loan_id=LN372829042
2026-03-06T18:01:22.624+01:00 INFO portal-bff host=portal-bff-7c9d5b-x2k4p corrId=c-f840c847db922c83 conversion quote requested loan_id=LN798449080 target_product=FLEX_1Y
2026-03-06T18:01:22.693+01:00 INFO identity-service host=identity-service-a41e92-x2k4p corrId=c-f840c847db922c83 MitID session validated customer_id=C53264184
2026-03-06T18:01:22.702+01:00 INFO pricing-service host=pricing-service-5b8f6c-p9qmz corrId=c-f840c847db922c83 bond price fetched series=BND3.0-2053 price=99.579
2026-03-06T18:01:22.787+01:00 INFO pricing-service host=pricing-service-7c9d5b-x2k4p corrId=c-f840c847db922c83 conversion cost calculated loan_id=LN798449080 cost_dkk=23202.19
2026-03-06T18:01:22.839+01:00 INFO quote-service host=quote-service-5b8f6c-x2k4p corrId=c-f840c847db922c83 conversion quote issued quote_id=Q82732862 loan_id=LN798449080
2026-03-06T18:05:00.656+01:00 INFO api-gateway host=api-gateway-5b8f6c-t6zvn corrId=- health probe ok status=200 latency_ms=29
2026-03-06T18:10:00.763+01:00 INFO payment-scheduler host=payment-scheduler-5b8f6c-t6zvn corrId=- scheduler heartbeat lag_ms=5
2026-03-06T18:10:00.766+01:00 INFO api-gateway host=api-gateway-5b8f6c-x2k4p corrId=- health probe ok status=200 latency_ms=2
2026-03-06T18:15:00.408+01:00 INFO api-gateway host=api-gateway-a41e92-x2k4p corrId=- health probe ok status=200 latency_ms=27
2026-03-06T18:20:00.278+01:00 INFO payment-scheduler host=payment-scheduler-a41e92-p9qmz corrId=- scheduler heartbeat lag_ms=39
2026-03-06T18:20:00.896+01:00 INFO api-gateway host=api-gateway-7c9d5b-x2k4p corrId=- health probe ok status=200 latency_ms=31
2026-03-06T18:23:19.606+01:00 INFO portal-bff host=portal-bff-7c9d5b-t6zvn corrId=c-dafda242aa3e6716 conversion quote requested loan_id=LN314878273 target_product=FLEX_5Y
2026-03-06T18:23:19.628+01:00 INFO identity-service host=identity-service-5b8f6c-t6zvn corrId=c-dafda242aa3e6716 MitID session validated customer_id=C90099336
2026-03-06T18:23:19.669+01:00 INFO pricing-service host=pricing-service-7c9d5b-p9qmz corrId=c-dafda242aa3e6716 bond price fetched series=BND2.5-2056 price=100.631
2026-03-06T18:23:19.751+01:00 INFO pricing-service host=pricing-service-5b8f6c-p9qmz corrId=c-dafda242aa3e6716 conversion cost calculated loan_id=LN314878273 cost_dkk=36656.02
2026-03-06T18:23:19.888+01:00 INFO quote-service host=quote-service-a41e92-t6zvn corrId=c-dafda242aa3e6716 conversion quote issued quote_id=Q28479409 loan_id=LN314878273
2026-03-06T18:25:00.713+01:00 INFO api-gateway host=api-gateway-a41e92-p9qmz corrId=- health probe ok status=200 latency_ms=12
2026-03-06T18:26:14.657+01:00 INFO portal-bff host=portal-bff-5b8f6c-p9qmz corrId=c-94f9207cece2d3c8 conversion quote requested loan_id=LN630563199 target_product=FLEX_5Y
2026-03-06T18:26:14.693+01:00 INFO identity-service host=identity-service-a41e92-x2k4p corrId=c-94f9207cece2d3c8 MitID session validated customer_id=C63543447
2026-03-06T18:26:14.742+01:00 INFO pricing-service host=pricing-service-5b8f6c-t6zvn corrId=c-94f9207cece2d3c8 bond price fetched series=BND4.0-2053 price=101.487
2026-03-06T18:26:14.839+01:00 INFO pricing-service host=pricing-service-7c9d5b-x2k4p corrId=c-94f9207cece2d3c8 conversion cost calculated loan_id=LN630563199 cost_dkk=83387.10
2026-03-06T18:26:14.893+01:00 INFO quote-service host=quote-service-a41e92-p9qmz corrId=c-94f9207cece2d3c8 conversion quote issued quote_id=Q83614313 loan_id=LN630563199
2026-03-06T18:30:00.085+01:00 INFO payment-scheduler host=payment-scheduler-5b8f6c-x2k4p corrId=- scheduler heartbeat lag_ms=65
2026-03-06T18:30:00.151+01:00 INFO api-gateway host=api-gateway-a41e92-t6zvn corrId=- health probe ok status=200 latency_ms=17
2026-03-06T18:35:00.477+01:00 INFO api-gateway host=api-gateway-a41e92-t6zvn corrId=- health probe ok status=200 latency_ms=32
2026-03-06T18:40:00.732+01:00 INFO payment-scheduler host=payment-scheduler-5b8f6c-t6zvn corrId=- scheduler heartbeat lag_ms=13
2026-03-06T18:40:00.771+01:00 INFO api-gateway host=api-gateway-5b8f6c-p9qmz corrId=- health probe ok status=200 latency_ms=33
2026-03-06T18:42:09.804+01:00 INFO portal-bff host=portal-bff-5b8f6c-p9qmz corrId=c-ca66ccbc5f139676 conversion quote requested loan_id=LN963977501 target_product=FLEX_1Y
2026-03-06T18:42:09.924+01:00 INFO identity-service host=identity-service-7c9d5b-x2k4p corrId=c-ca66ccbc5f139676 MitID session validated customer_id=C84802212
2026-03-06T18:42:09.939+01:00 INFO pricing-service host=pricing-service-7c9d5b-t6zvn corrId=c-ca66ccbc5f139676 bond price fetched series=BND3.0-2056 price=100.877
2026-03-06T18:42:10.027+01:00 INFO pricing-service host=pricing-service-a41e92-t6zvn corrId=c-ca66ccbc5f139676 conversion cost calculated loan_id=LN963977501 cost_dkk=24207.74
2026-03-06T18:42:10.091+01:00 INFO quote-service host=quote-service-a41e92-x2k4p corrId=c-ca66ccbc5f139676 conversion quote issued quote_id=Q16980983 loan_id=LN963977501
2026-03-06T18:45:00.157+01:00 INFO api-gateway host=api-gateway-5b8f6c-p9qmz corrId=- health probe ok status=200 latency_ms=35
2026-03-06T18:50:00.553+01:00 INFO api-gateway host=api-gateway-a41e92-t6zvn corrId=- health probe ok status=200 latency_ms=21
2026-03-06T18:50:00.801+01:00 INFO payment-scheduler host=payment-scheduler-7c9d5b-p9qmz corrId=- scheduler heartbeat lag_ms=43
2026-03-06T18:55:00.262+01:00 INFO api-gateway host=api-gateway-7c9d5b-t6zvn corrId=- health probe ok status=200 latency_ms=38
2026-03-06T18:57:30.485+01:00 INFO portal-bff host=portal-bff-a41e92-p9qmz corrId=c-70018ba80b664c90 conversion quote requested loan_id=LN562975862 target_product=FLEX_5Y
2026-03-06T18:57:30.549+01:00 INFO identity-service host=identity-service-a41e92-x2k4p corrId=c-70018ba80b664c90 MitID session validated customer_id=C81853636
2026-03-06T18:57:30.637+01:00 INFO pricing-service host=pricing-service-7c9d5b-t6zvn corrId=c-70018ba80b664c90 bond price fetched series=BND3.0-2053 price=91.872
2026-03-06T18:57:30.722+01:00 INFO pricing-service host=pricing-service-5b8f6c-t6zvn corrId=c-70018ba80b664c90 conversion cost calculated loan_id=LN562975862 cost_dkk=41380.87
2026-03-06T18:57:30.795+01:00 INFO quote-service host=quote-service-a41e92-x2k4p corrId=c-70018ba80b664c90 conversion quote issued quote_id=Q19496446 loan_id=LN562975862
2026-03-06T19:00:00.086+01:00 INFO api-gateway host=api-gateway-a41e92-t6zvn corrId=- health probe ok status=200 latency_ms=34
2026-03-06T19:00:00.087+01:00 INFO payment-scheduler host=payment-scheduler-a41e92-x2k4p corrId=- scheduler heartbeat lag_ms=115
2026-03-06T19:00:26.000+01:00 INFO config-service host=config-service-a41e92-p9qmz corrId=- configuration refreshed version=v113
2026-03-06T19:05:00.620+01:00 INFO api-gateway host=api-gateway-5b8f6c-p9qmz corrId=- health probe ok status=200 latency_ms=22
2026-03-06T19:10:00.073+01:00 INFO api-gateway host=api-gateway-5b8f6c-p9qmz corrId=- health probe ok status=200 latency_ms=7
2026-03-06T19:10:00.425+01:00 INFO payment-scheduler host=payment-scheduler-5b8f6c-x2k4p corrId=- scheduler heartbeat lag_ms=70
2026-03-06T19:10:26.101+01:00 INFO portal-bff host=portal-bff-7c9d5b-t6zvn corrId=c-99002ffa2488fbbe conversion quote requested loan_id=LN220397114 target_product=FLEX_1Y
2026-03-06T19:10:26.137+01:00 INFO identity-service host=identity-service-7c9d5b-t6zvn corrId=c-99002ffa2488fbbe MitID session validated customer_id=C32536655
2026-03-06T19:10:26.248+01:00 INFO pricing-service host=pricing-service-7c9d5b-p9qmz corrId=c-99002ffa2488fbbe bond price fetched series=BND3.0-2053 price=93.505
2026-03-06T19:10:26.304+01:00 INFO pricing-service host=pricing-service-5b8f6c-p9qmz corrId=c-99002ffa2488fbbe conversion cost calculated loan_id=LN220397114 cost_dkk=12934.51
2026-03-06T19:10:26.359+01:00 INFO quote-service host=quote-service-a41e92-x2k4p corrId=c-99002ffa2488fbbe conversion quote issued quote_id=Q39148409 loan_id=LN220397114
2026-03-06T19:12:44.955+01:00 INFO portal-bff host=portal-bff-5b8f6c-p9qmz corrId=c-8027d8e8135e2c98 conversion quote requested loan_id=LN449327798 target_product=FLEX_5Y
2026-03-06T19:12:45.037+01:00 INFO identity-service host=identity-service-5b8f6c-t6zvn corrId=c-8027d8e8135e2c98 MitID session validated customer_id=C57956836
2026-03-06T19:12:45.081+01:00 INFO pricing-service host=pricing-service-a41e92-x2k4p corrId=c-8027d8e8135e2c98 bond price fetched series=BND4.0-2053 price=98.890
2026-03-06T19:12:45.103+01:00 INFO pricing-service host=pricing-service-5b8f6c-p9qmz corrId=c-8027d8e8135e2c98 conversion cost calculated loan_id=LN449327798 cost_dkk=46228.46
2026-03-06T19:12:45.136+01:00 INFO quote-service host=quote-service-a41e92-x2k4p corrId=c-8027d8e8135e2c98 conversion quote issued quote_id=Q75007959 loan_id=LN449327798
2026-03-06T19:15:00.674+01:00 INFO api-gateway host=api-gateway-5b8f6c-x2k4p corrId=- health probe ok status=200 latency_ms=25
2026-03-06T19:20:00.003+01:00 INFO payment-scheduler host=payment-scheduler-a41e92-p9qmz corrId=- scheduler heartbeat lag_ms=19
2026-03-06T19:20:00.352+01:00 INFO api-gateway host=api-gateway-a41e92-x2k4p corrId=- health probe ok status=200 latency_ms=39
2026-03-06T19:22:42.313+01:00 INFO portal-bff host=portal-bff-7c9d5b-t6zvn corrId=c-e39bef2093567e35 conversion quote requested loan_id=LN152171954 target_product=FLEX_5Y
2026-03-06T19:22:42.342+01:00 INFO identity-service host=identity-service-5b8f6c-t6zvn corrId=c-e39bef2093567e35 MitID session validated customer_id=C19945699
2026-03-06T19:22:42.412+01:00 INFO pricing-service host=pricing-service-7c9d5b-p9qmz corrId=c-e39bef2093567e35 bond price fetched series=BND4.0-2056 price=94.714
2026-03-06T19:22:42.462+01:00 INFO pricing-service host=pricing-service-a41e92-t6zvn corrId=c-e39bef2093567e35 conversion cost calculated loan_id=LN152171954 cost_dkk=76213.54
2026-03-06T19:22:42.527+01:00 INFO quote-service host=quote-service-7c9d5b-p9qmz corrId=c-e39bef2093567e35 conversion quote issued quote_id=Q35345165 loan_id=LN152171954
2026-03-06T19:23:17.090+01:00 INFO portal-bff host=portal-bff-7c9d5b-p9qmz corrId=c-7e5a264a0518d4be conversion quote requested loan_id=LN531323010 target_product=FLEX_5Y
2026-03-06T19:23:17.156+01:00 INFO identity-service host=identity-service-a41e92-p9qmz corrId=c-7e5a264a0518d4be MitID session validated customer_id=C35122444
2026-03-06T19:23:17.197+01:00 INFO pricing-service host=pricing-service-7c9d5b-x2k4p corrId=c-7e5a264a0518d4be bond price fetched series=BND4.0-2053 price=95.559
2026-03-06T19:23:17.234+01:00 INFO pricing-service host=pricing-service-7c9d5b-t6zvn corrId=c-7e5a264a0518d4be conversion cost calculated loan_id=LN531323010 cost_dkk=30860.28
2026-03-06T19:23:17.357+01:00 INFO quote-service host=quote-service-7c9d5b-x2k4p corrId=c-7e5a264a0518d4be conversion quote issued quote_id=Q80119724 loan_id=LN531323010
2026-03-06T19:25:00.645+01:00 INFO api-gateway host=api-gateway-a41e92-t6zvn corrId=- health probe ok status=200 latency_ms=3
2026-03-06T19:30:00.115+01:00 INFO api-gateway host=api-gateway-5b8f6c-t6zvn corrId=- health probe ok status=200 latency_ms=26
2026-03-06T19:30:00.377+01:00 INFO payment-scheduler host=payment-scheduler-a41e92-t6zvn corrId=- scheduler heartbeat lag_ms=3
2026-03-06T19:35:00.068+01:00 INFO api-gateway host=api-gateway-5b8f6c-x2k4p corrId=- health probe ok status=200 latency_ms=19
2026-03-06T19:40:00.035+01:00 INFO api-gateway host=api-gateway-7c9d5b-t6zvn corrId=- health probe ok status=200 latency_ms=19
2026-03-06T19:40:00.392+01:00 INFO payment-scheduler host=payment-scheduler-a41e92-x2k4p corrId=- scheduler heartbeat lag_ms=9
2026-03-06T19:45:00.202+01:00 INFO api-gateway host=api-gateway-7c9d5b-t6zvn corrId=- health probe ok status=200 latency_ms=29
2026-03-06T19:50:00.111+01:00 INFO payment-scheduler host=payment-scheduler-5b8f6c-x2k4p corrId=- scheduler heartbeat lag_ms=62
2026-03-06T19:50:00.699+01:00 INFO api-gateway host=api-gateway-a41e92-x2k4p corrId=- health probe ok status=200 latency_ms=2
2026-03-06T19:50:04.743+01:00 INFO portal-bff host=portal-bff-a41e92-t6zvn corrId=c-0c35a969bd52e2f1 conversion quote requested loan_id=LN692552849 target_product=FLEX_1Y
2026-03-06T19:50:04.844+01:00 INFO identity-service host=identity-service-5b8f6c-t6zvn corrId=c-0c35a969bd52e2f1 MitID session validated customer_id=C75359011
2026-03-06T19:50:04.854+01:00 INFO pricing-service host=pricing-service-7c9d5b-t6zvn corrId=c-0c35a969bd52e2f1 bond price fetched series=BND2.5-2056 price=91.210
2026-03-06T19:50:04.940+01:00 INFO pricing-service host=pricing-service-7c9d5b-p9qmz corrId=c-0c35a969bd52e2f1 conversion cost calculated loan_id=LN692552849 cost_dkk=88488.70
2026-03-06T19:50:05.024+01:00 INFO quote-service host=quote-service-7c9d5b-x2k4p corrId=c-0c35a969bd52e2f1 conversion quote issued quote_id=Q74601752 loan_id=LN692552849
2026-03-06T19:55:00.039+01:00 INFO api-gateway host=api-gateway-5b8f6c-p9qmz corrId=- health probe ok status=200 latency_ms=10
2026-03-06T19:58:57.814+01:00 INFO portal-bff host=portal-bff-a41e92-x2k4p corrId=c-69a1c706f8b47f82 conversion quote requested loan_id=LN548120299 target_product=FLEX_1Y
2026-03-06T19:58:57.830+01:00 INFO identity-service host=identity-service-7c9d5b-x2k4p corrId=c-69a1c706f8b47f82 MitID session validated customer_id=C17123688
2026-03-06T19:58:57.866+01:00 INFO pricing-service host=pricing-service-a41e92-p9qmz corrId=c-69a1c706f8b47f82 bond price fetched series=BND4.0-2053 price=101.108
2026-03-06T19:58:57.958+01:00 INFO pricing-service host=pricing-service-7c9d5b-t6zvn corrId=c-69a1c706f8b47f82 conversion cost calculated loan_id=LN548120299 cost_dkk=56499.16
2026-03-06T19:58:57.968+01:00 INFO quote-service host=quote-service-5b8f6c-x2k4p corrId=c-69a1c706f8b47f82 conversion quote issued quote_id=Q38499523 loan_id=LN548120299
2026-03-06T20:00:00.386+01:00 INFO api-gateway host=api-gateway-a41e92-t6zvn corrId=- health probe ok status=200 latency_ms=7
2026-03-06T20:00:00.721+01:00 INFO payment-scheduler host=payment-scheduler-5b8f6c-t6zvn corrId=- scheduler heartbeat lag_ms=94
2026-03-06T20:00:06.000+01:00 INFO config-service host=config-service-a41e92-p9qmz corrId=- configuration refreshed version=v109
2026-03-06T20:05:00.196+01:00 INFO api-gateway host=api-gateway-a41e92-t6zvn corrId=- health probe ok status=200 latency_ms=39
2026-03-06T20:10:00.128+01:00 INFO payment-scheduler host=payment-scheduler-5b8f6c-p9qmz corrId=- scheduler heartbeat lag_ms=52
2026-03-06T20:10:00.424+01:00 INFO api-gateway host=api-gateway-5b8f6c-t6zvn corrId=- health probe ok status=200 latency_ms=27
2026-03-06T20:15:00.155+01:00 INFO api-gateway host=api-gateway-7c9d5b-x2k4p corrId=- health probe ok status=200 latency_ms=4
2026-03-06T20:20:00.638+01:00 INFO api-gateway host=api-gateway-5b8f6c-t6zvn corrId=- health probe ok status=200 latency_ms=37
2026-03-06T20:20:00.900+01:00 INFO payment-scheduler host=payment-scheduler-5b8f6c-t6zvn corrId=- scheduler heartbeat lag_ms=29
2026-03-06T20:20:06.993+01:00 INFO portal-bff host=portal-bff-5b8f6c-t6zvn corrId=c-93df8120e4ee3087 conversion quote requested loan_id=LN609663383 target_product=FLEX_5Y
2026-03-06T20:20:07.007+01:00 INFO identity-service host=identity-service-7c9d5b-t6zvn corrId=c-93df8120e4ee3087 MitID session validated customer_id=C42703478
2026-03-06T20:20:07.032+01:00 INFO pricing-service host=pricing-service-5b8f6c-t6zvn corrId=c-93df8120e4ee3087 bond price fetched series=BND3.0-2056 price=88.418
2026-03-06T20:20:07.041+01:00 INFO pricing-service host=pricing-service-5b8f6c-t6zvn corrId=c-93df8120e4ee3087 conversion cost calculated loan_id=LN609663383 cost_dkk=38581.71
2026-03-06T20:20:07.069+01:00 INFO quote-service host=quote-service-7c9d5b-p9qmz corrId=c-93df8120e4ee3087 conversion quote issued quote_id=Q14558473 loan_id=LN609663383
2026-03-06T20:25:00.477+01:00 INFO api-gateway host=api-gateway-5b8f6c-t6zvn corrId=- health probe ok status=200 latency_ms=17
2026-03-06T20:29:50.172+01:00 INFO portal-bff host=portal-bff-a41e92-t6zvn corrId=c-bec583b12f75eeb5 conversion quote requested loan_id=LN214308652 target_product=FIXED_30Y
2026-03-06T20:29:50.294+01:00 INFO identity-service host=identity-service-a41e92-t6zvn corrId=c-bec583b12f75eeb5 MitID session validated customer_id=C85601956
2026-03-06T20:29:50.324+01:00 INFO pricing-service host=pricing-service-7c9d5b-t6zvn corrId=c-bec583b12f75eeb5 bond price fetched series=BND2.5-2056 price=93.860
2026-03-06T20:29:50.367+01:00 INFO pricing-service host=pricing-service-a41e92-x2k4p corrId=c-bec583b12f75eeb5 conversion cost calculated loan_id=LN214308652 cost_dkk=69261.27
2026-03-06T20:29:50.495+01:00 INFO quote-service host=quote-service-5b8f6c-t6zvn corrId=c-bec583b12f75eeb5 conversion quote issued quote_id=Q85752012 loan_id=LN214308652
2026-03-06T20:30:00.556+01:00 INFO api-gateway host=api-gateway-7c9d5b-t6zvn corrId=- health probe ok status=200 latency_ms=40
2026-03-06T20:30:00.707+01:00 INFO payment-scheduler host=payment-scheduler-5b8f6c-x2k4p corrId=- scheduler heartbeat lag_ms=74
2026-03-06T20:35:00.130+01:00 INFO api-gateway host=api-gateway-7c9d5b-x2k4p corrId=- health probe ok status=200 latency_ms=32
2026-03-06T20:40:00.705+01:00 INFO payment-scheduler host=payment-scheduler-a41e92-x2k4p corrId=- scheduler heartbeat lag_ms=86
2026-03-06T20:40:00.765+01:00 INFO api-gateway host=api-gateway-a41e92-x2k4p corrId=- health probe ok status=200 latency_ms=2
2026-03-06T20:45:00.574+01:00 INFO api-gateway host=api-gateway-5b8f6c-t6zvn corrId=- health probe ok status=200 latency_ms=39
2026-03-06T20:50:00.116+01:00 INFO payment-scheduler host=payment-scheduler-a41e92-t6zvn corrId=- scheduler heartbeat lag_ms=25
2026-03-06T20:50:00.674+01:00 INFO api-gateway host=api-gateway-7c9d5b-t6zvn corrId=- health probe ok status=200 latency_ms=40
2026-03-06T20:55:00.487+01:00 INFO api-gateway host=api-gateway-5b8f6c-x2k4p corrId=- health probe ok status=200 latency_ms=18
2026-03-06T21:00:00.250+01:00 INFO payment-scheduler host=payment-scheduler-7c9d5b-t6zvn corrId=- scheduler heartbeat lag_ms=47
2026-03-06T21:00:00.281+01:00 INFO api-gateway host=api-gateway-5b8f6c-p9qmz corrId=- health probe ok status=200 latency_ms=6
2026-03-06T21:00:17.000+01:00 INFO config-service host=config-service-7c9d5b-t6zvn corrId=- configuration refreshed version=v133
2026-03-06T21:05:00.118+01:00 INFO api-gateway host=api-gateway-7c9d5b-p9qmz corrId=- health probe ok status=200 latency_ms=15
2026-03-06T21:05:23.948+01:00 INFO portal-bff host=portal-bff-a41e92-x2k4p corrId=c-9b65515818d31518 conversion quote requested loan_id=LN080827827 target_product=FIXED_30Y
2026-03-06T21:05:24.036+01:00 INFO identity-service host=identity-service-7c9d5b-x2k4p corrId=c-9b65515818d31518 MitID session validated customer_id=C39398811
2026-03-06T21:05:24.077+01:00 INFO pricing-service host=pricing-service-5b8f6c-p9qmz corrId=c-9b65515818d31518 bond price fetched series=BND3.0-2053 price=97.607
2026-03-06T21:05:24.129+01:00 INFO pricing-service host=pricing-service-5b8f6c-p9qmz corrId=c-9b65515818d31518 conversion cost calculated loan_id=LN080827827 cost_dkk=23115.33
2026-03-06T21:05:24.267+01:00 INFO quote-service host=quote-service-a41e92-t6zvn corrId=c-9b65515818d31518 conversion quote issued quote_id=Q38913812 loan_id=LN080827827
2026-03-06T21:10:00.243+01:00 INFO payment-scheduler host=payment-scheduler-5b8f6c-t6zvn corrId=- scheduler heartbeat lag_ms=14
2026-03-06T21:10:00.761+01:00 INFO api-gateway host=api-gateway-a41e92-t6zvn corrId=- health probe ok status=200 latency_ms=26
2026-03-06T21:15:00.050+01:00 INFO api-gateway host=api-gateway-7c9d5b-p9qmz corrId=- health probe ok status=200 latency_ms=33
2026-03-06T21:20:00.343+01:00 INFO api-gateway host=api-gateway-5b8f6c-x2k4p corrId=- health probe ok status=200 latency_ms=26
2026-03-06T21:20:00.854+01:00 INFO payment-scheduler host=payment-scheduler-5b8f6c-p9qmz corrId=- scheduler heartbeat lag_ms=12
2026-03-06T21:25:00.229+01:00 INFO api-gateway host=api-gateway-7c9d5b-p9qmz corrId=- health probe ok status=200 latency_ms=39
2026-03-06T21:30:00.130+01:00 INFO payment-scheduler host=payment-scheduler-7c9d5b-t6zvn corrId=- scheduler heartbeat lag_ms=99
2026-03-06T21:30:00.387+01:00 INFO api-gateway host=api-gateway-7c9d5b-t6zvn corrId=- health probe ok status=200 latency_ms=8
2026-03-06T21:35:00.186+01:00 INFO api-gateway host=api-gateway-5b8f6c-p9qmz corrId=- health probe ok status=200 latency_ms=12
2026-03-06T21:40:00.524+01:00 INFO payment-scheduler host=payment-scheduler-5b8f6c-p9qmz corrId=- scheduler heartbeat lag_ms=75
2026-03-06T21:40:00.850+01:00 INFO api-gateway host=api-gateway-7c9d5b-x2k4p corrId=- health probe ok status=200 latency_ms=9
2026-03-06T21:45:00.604+01:00 INFO api-gateway host=api-gateway-7c9d5b-x2k4p corrId=- health probe ok status=200 latency_ms=11
2026-03-06T21:46:18.653+01:00 INFO portal-bff host=portal-bff-5b8f6c-p9qmz corrId=c-02e27521585f4a43 conversion quote requested loan_id=LN585460204 target_product=FLEX_1Y
2026-03-06T21:46:18.695+01:00 INFO identity-service host=identity-service-5b8f6c-t6zvn corrId=c-02e27521585f4a43 MitID session validated customer_id=C58892300
2026-03-06T21:46:18.800+01:00 INFO pricing-service host=pricing-service-5b8f6c-p9qmz corrId=c-02e27521585f4a43 bond price fetched series=BND4.0-2053 price=97.714
2026-03-06T21:46:18.926+01:00 INFO pricing-service host=pricing-service-5b8f6c-p9qmz corrId=c-02e27521585f4a43 conversion cost calculated loan_id=LN585460204 cost_dkk=73191.48
2026-03-06T21:46:19.014+01:00 INFO quote-service host=quote-service-5b8f6c-t6zvn corrId=c-02e27521585f4a43 conversion quote issued quote_id=Q73908511 loan_id=LN585460204
2026-03-06T21:50:00.072+01:00 INFO api-gateway host=api-gateway-7c9d5b-p9qmz corrId=- health probe ok status=200 latency_ms=26
2026-03-06T21:50:00.208+01:00 INFO payment-scheduler host=payment-scheduler-5b8f6c-x2k4p corrId=- scheduler heartbeat lag_ms=17
2026-03-06T21:55:00.830+01:00 INFO api-gateway host=api-gateway-a41e92-p9qmz corrId=- health probe ok status=200 latency_ms=7
2026-03-06T22:00:00.253+01:00 INFO api-gateway host=api-gateway-5b8f6c-x2k4p corrId=- health probe ok status=200 latency_ms=24
2026-03-06T22:00:00.378+01:00 INFO payment-scheduler host=payment-scheduler-a41e92-t6zvn corrId=- scheduler heartbeat lag_ms=67
2026-03-06T22:00:59.000+01:00 INFO config-service host=config-service-7c9d5b-x2k4p corrId=- configuration refreshed version=v137
2026-03-06T22:05:00.225+01:00 INFO api-gateway host=api-gateway-a41e92-p9qmz corrId=- health probe ok status=200 latency_ms=13
2026-03-06T22:10:00.202+01:00 INFO api-gateway host=api-gateway-5b8f6c-x2k4p corrId=- health probe ok status=200 latency_ms=4
2026-03-06T22:10:00.203+01:00 INFO payment-scheduler host=payment-scheduler-7c9d5b-x2k4p corrId=- scheduler heartbeat lag_ms=41
2026-03-06T22:15:00.899+01:00 INFO api-gateway host=api-gateway-5b8f6c-p9qmz corrId=- health probe ok status=200 latency_ms=13
2026-03-06T22:20:00.034+01:00 INFO payment-scheduler host=payment-scheduler-a41e92-t6zvn corrId=- scheduler heartbeat lag_ms=52
2026-03-06T22:20:00.632+01:00 INFO api-gateway host=api-gateway-5b8f6c-t6zvn corrId=- health probe ok status=200 latency_ms=6
2026-03-06T22:25:00.676+01:00 INFO api-gateway host=api-gateway-5b8f6c-x2k4p corrId=- health probe ok status=200 latency_ms=22
2026-03-06T22:30:00.399+01:00 INFO api-gateway host=api-gateway-5b8f6c-x2k4p corrId=- health probe ok status=200 latency_ms=16
2026-03-06T22:30:00.475+01:00 INFO payment-scheduler host=payment-scheduler-7c9d5b-t6zvn corrId=- scheduler heartbeat lag_ms=57
2026-03-06T22:35:00.236+01:00 INFO api-gateway host=api-gateway-7c9d5b-x2k4p corrId=- health probe ok status=200 latency_ms=21
2026-03-06T22:40:00.006+01:00 INFO payment-scheduler host=payment-scheduler-a41e92-t6zvn corrId=- scheduler heartbeat lag_ms=71
2026-03-06T22:40:00.709+01:00 INFO api-gateway host=api-gateway-7c9d5b-p9qmz corrId=- health probe ok status=200 latency_ms=40
2026-03-06T22:45:00.021+01:00 INFO api-gateway host=api-gateway-7c9d5b-p9qmz corrId=- health probe ok status=200 latency_ms=23
2026-03-06T22:50:00.463+01:00 INFO api-gateway host=api-gateway-5b8f6c-x2k4p corrId=- health probe ok status=200 latency_ms=22
2026-03-06T22:50:00.850+01:00 INFO payment-scheduler host=payment-scheduler-5b8f6c-t6zvn corrId=- scheduler heartbeat lag_ms=34
2026-03-06T22:55:00.229+01:00 INFO api-gateway host=api-gateway-7c9d5b-x2k4p corrId=- health probe ok status=200 latency_ms=7
2026-03-06T23:00:00.652+01:00 INFO api-gateway host=api-gateway-a41e92-t6zvn corrId=- health probe ok status=200 latency_ms=16
2026-03-06T23:00:00.688+01:00 INFO payment-scheduler host=payment-scheduler-5b8f6c-p9qmz corrId=- scheduler heartbeat lag_ms=82
2026-03-06T23:00:11.000+01:00 INFO config-service host=config-service-a41e92-t6zvn corrId=- configuration refreshed version=v111
2026-03-06T23:05:00.669+01:00 INFO api-gateway host=api-gateway-a41e92-p9qmz corrId=- health probe ok status=200 latency_ms=38
2026-03-06T23:10:00.653+01:00 INFO api-gateway host=api-gateway-7c9d5b-p9qmz corrId=- health probe ok status=200 latency_ms=10
2026-03-06T23:10:00.762+01:00 INFO payment-scheduler host=payment-scheduler-a41e92-t6zvn corrId=- scheduler heartbeat lag_ms=102
2026-03-06T23:15:00.712+01:00 INFO api-gateway host=api-gateway-a41e92-t6zvn corrId=- health probe ok status=200 latency_ms=32
2026-03-06T23:20:00.585+01:00 INFO payment-scheduler host=payment-scheduler-a41e92-x2k4p corrId=- scheduler heartbeat lag_ms=69
2026-03-06T23:20:00.887+01:00 INFO api-gateway host=api-gateway-a41e92-x2k4p corrId=- health probe ok status=200 latency_ms=38
2026-03-06T23:22:02.000+01:00 INFO valuation-service host=valuation-service-7c9d5b-t6zvn corrId=- jvm gc pause pause_ms=69
2026-03-06T23:25:00.475+01:00 INFO api-gateway host=api-gateway-7c9d5b-p9qmz corrId=- health probe ok status=200 latency_ms=37
2026-03-06T23:30:00.232+01:00 INFO api-gateway host=api-gateway-7c9d5b-t6zvn corrId=- health probe ok status=200 latency_ms=40
2026-03-06T23:30:00.531+01:00 INFO payment-scheduler host=payment-scheduler-a41e92-p9qmz corrId=- scheduler heartbeat lag_ms=14
2026-03-06T23:35:00.469+01:00 INFO api-gateway host=api-gateway-a41e92-t6zvn corrId=- health probe ok status=200 latency_ms=18
2026-03-06T23:40:00.670+01:00 INFO api-gateway host=api-gateway-a41e92-p9qmz corrId=- health probe ok status=200 latency_ms=19
2026-03-06T23:40:00.700+01:00 INFO payment-scheduler host=payment-scheduler-a41e92-p9qmz corrId=- scheduler heartbeat lag_ms=82
2026-03-06T23:45:00.751+01:00 INFO api-gateway host=api-gateway-7c9d5b-p9qmz corrId=- health probe ok status=200 latency_ms=29
2026-03-06T23:50:00.654+01:00 INFO payment-scheduler host=payment-scheduler-a41e92-p9qmz corrId=- scheduler heartbeat lag_ms=41
2026-03-06T23:50:00.881+01:00 INFO api-gateway host=api-gateway-7c9d5b-x2k4p corrId=- health probe ok status=200 latency_ms=22
2026-03-06T23:55:00.041+01:00 INFO api-gateway host=api-gateway-5b8f6c-x2k4p corrId=- health probe ok status=200 latency_ms=2
