2026-03-09T00:00:00.542+01:00 INFO payment-scheduler host=payment-scheduler-a41e92-t6zvn corrId=- scheduler heartbeat lag_ms=104
2026-03-09T00:00:00.644+01:00 INFO api-gateway host=api-gateway-7c9d5b-t6zvn corrId=- health probe ok status=200 latency_ms=19
2026-03-09T00:00:13.000+01:00 INFO config-service host=config-service-5b8f6c-p9qmz corrId=- configuration refreshed version=v115
2026-03-09T00:05:00.305+01:00 INFO api-gateway host=api-gateway-5b8f6c-t6zvn corrId=- health probe ok status=200 latency_ms=21
2026-03-09T00:10:00.645+01:00 INFO api-gateway host=api-gateway-5b8f6c-x2k4p corrId=- health probe ok status=200 latency_ms=7
2026-03-09T00:10:00.710+01:00 INFO payment-scheduler host=payment-scheduler-5b8f6c-t6zvn corrId=- scheduler heartbeat lag_ms=55
2026-03-09T00:15:00.821+01:00 INFO api-gateway host=api-gateway-7c9d5b-p9qmz corrId=- health probe ok status=200 latency_ms=5
2026-03-09T00:20:00.213+01:00 INFO api-gateway host=api-gateway-5b8f6c-x2k4p corrId=- health probe ok status=200 latency_ms=15
2026-03-09T00:20:00.644+01:00 INFO payment-scheduler host=payment-scheduler-7c9d5b-p9qmz corrId=- scheduler heartbeat lag_ms=84
2026-03-09T00:25:00.137+01:00 INFO api-gateway host=api-gateway-5b8f6c-x2k4p corrId=- health probe ok status=200 latency_ms=2
2026-03-09T00:28:15.000+01:00 INFO valuation-service host=valuation-service-7c9d5b-x2k4p corrId=- jvm gc pause pause_ms=89
2026-03-09T00:30:00.368+01:00 INFO payment-scheduler host=payment-scheduler-5b8f6c-t6zvn corrId=- scheduler heartbeat lag_ms=88
2026-03-09T00:30:00.693+01:00 INFO api-gateway host=api-gateway-7c9d5b-x2k4p corrId=- health probe ok status=200 latency_ms=28
2026-03-09T00:31:53.000+01:00 INFO valuation-service host=valuation-service-7c9d5b-t6zvn corrId=- jvm gc pause pause_ms=48
2026-03-09T00:35:00.311+01:00 INFO api-gateway host=api-gateway-a41e92-t6zvn corrId=- health probe ok status=200 latency_ms=39
2026-03-09T00:40:00.223+01:00 INFO payment-scheduler host=payment-scheduler-7c9d5b-p9qmz corrId=- scheduler heartbeat lag_ms=92
2026-03-09T00:40:00.507+01:00 INFO api-gateway host=api-gateway-7c9d5b-p9qmz corrId=- health probe ok status=200 latency_ms=33
2026-03-09T00:45:00.689+01:00 INFO api-gateway host=api-gateway-5b8f6c-x2k4p corrId=- health probe ok status=200 latency_ms=19
2026-03-09T00:50:00.561+01:00 INFO api-gateway host=api-gateway-a41e92-x2k4p corrId=- health probe ok status=200 latency_ms=21
2026-03-09T00:50:00.797+01:00 INFO payment-scheduler host=payment-scheduler-7c9d5b-t6zvn corrId=- scheduler heartbeat lag_ms=95
2026-03-09T00:55:00.699+01:00 INFO api-gateway host=api-gateway-5b8f6c-t6zvn corrId=- health probe ok status=200 latency_ms=2
2026-03-09T01:00:00.201+01:00 INFO payment-scheduler host=payment-scheduler-a41e92-t6zvn corrId=- scheduler heartbeat lag_ms=6
2026-03-09T01:00:00.672+01:00 INFO api-gateway host=api-gateway-a41e92-t6zvn corrId=- health probe ok status=200 latency_ms=34
2026-03-09T01:00:12.000+01:00 INFO config-service host=config-service-7c9d5b-x2k4p corrId=- configuration refreshed version=v108
2026-03-09T01:05:00.321+01:00 INFO api-gateway host=api-gateway-5b8f6c-p9qmz corrId=- health probe ok status=200 latency_ms=7
2026-03-09T01:10:00.045+01:00 INFO api-gateway host=api-gateway-a41e92-x2k4p corrId=- health probe ok status=200 latency_ms=8
2026-03-09T01:10:00.430+01:00 INFO payment-scheduler host=payment-scheduler-7c9d5b-t6zvn corrId=- scheduler heartbeat lag_ms=84
2026-03-09T01:15:00.582+01:00 INFO api-gateway host=api-gateway-7c9d5b-t6zvn corrId=- health probe ok status=200 latency_ms=8
2026-03-09T01:20:00.167+01:00 INFO api-gateway host=api-gateway-5b8f6c-x2k4p corrId=- health probe ok status=200 latency_ms=40
2026-03-09T01:20:00.772+01:00 INFO payment-scheduler host=payment-scheduler-7c9d5b-p9qmz corrId=- scheduler heartbeat lag_ms=21
2026-03-09T01:22:32.000+01:00 INFO valuation-service host=valuation-service-5b8f6c-p9qmz corrId=- jvm gc pause pause_ms=75
2026-03-09T01:25:00.622+01:00 INFO api-gateway host=api-gateway-5b8f6c-x2k4p corrId=- health probe ok status=200 latency_ms=35
2026-03-09T01:30:00.503+01:00 INFO payment-scheduler host=payment-scheduler-a41e92-t6zvn corrId=- scheduler heartbeat lag_ms=26
2026-03-09T01:30:00.716+01:00 INFO api-gateway host=api-gateway-7c9d5b-t6zvn corrId=- health probe ok status=200 latency_ms=2
2026-03-09T01:35:00.671+01:00 INFO api-gateway host=api-gateway-7c9d5b-x2k4p corrId=- health probe ok status=200 latency_ms=18
2026-03-09T01:40:00.352+01:00 INFO api-gateway host=api-gateway-a41e92-t6zvn corrId=- health probe ok status=200 latency_ms=16
2026-03-09T01:40:00.848+01:00 INFO payment-scheduler host=payment-scheduler-5b8f6c-t6zvn corrId=- scheduler heartbeat lag_ms=34
2026-03-09T01:45:00.671+01:00 INFO api-gateway host=api-gateway-7c9d5b-x2k4p corrId=- health probe ok status=200 latency_ms=33
2026-03-09T01:50:00.589+01:00 INFO payment-scheduler host=payment-scheduler-5b8f6c-x2k4p corrId=- scheduler heartbeat lag_ms=107
2026-03-09T01:50:00.770+01:00 INFO api-gateway host=api-gateway-5b8f6c-t6zvn corrId=- health probe ok status=200 latency_ms=24
2026-03-09T01:51:30.000+01:00 INFO valuation-service host=valuation-service-a41e92-x2k4p corrId=- jvm gc pause pause_ms=20
2026-03-09T01:55:00.205+01:00 INFO api-gateway host=api-gateway-5b8f6c-p9qmz corrId=- health probe ok status=200 latency_ms=34
2026-03-09T01:59:44.000+01:00 INFO valuation-service host=valuation-service-5b8f6c-p9qmz corrId=- jvm gc pause pause_ms=57
2026-03-09T02:00:00.137+01:00 INFO payment-scheduler host=payment-scheduler-5b8f6c-t6zvn corrId=- scheduler heartbeat lag_ms=47
2026-03-09T02:00:00.605+01:00 INFO api-gateway host=api-gateway-a41e92-x2k4p corrId=- health probe ok status=200 latency_ms=37
2026-03-09T02:00:07.000+01:00 INFO config-service host=config-service-7c9d5b-t6zvn corrId=- configuration refreshed version=v124
2026-03-09T02:05:00.288+01:00 INFO api-gateway host=api-gateway-a41e92-p9qmz corrId=- health probe ok status=200 latency_ms=30
2026-03-09T02:05:32.002+01:00 INFO payment-scheduler host=payment-scheduler-a41e92-p9qmz corrId=c-fc6e9546c2c37e98 instalment collection started loan_id=LN523118058 due_date=2026-03-01
2026-03-09T02:05:32.014+01:00 INFO payment-service host=payment-service-7c9d5b-x2k4p corrId=c-fc6e9546c2c37e98 direct debit mandate verified loan_id=LN523118058 mandate_id=MD2080408
2026-03-09T02:05:32.024+01:00 INFO payment-service host=payment-service-5b8f6c-p9qmz corrId=c-fc6e9546c2c37e98 payment instruction sent loan_id=LN523118058 amount_dkk=11030.99
2026-03-09T02:05:32.091+01:00 INFO ledger-service host=ledger-service-a41e92-x2k4p corrId=c-fc6e9546c2c37e98 ledger posting accepted loan_id=LN523118058 amount_dkk=11030.99 posting_id=PST-844f628446
2026-03-09T02:05:32.112+01:00 INFO payment-service host=payment-service-a41e92-t6zvn corrId=c-fc6e9546c2c37e98 payment settled loan_id=LN523118058 amount_dkk=11030.99
2026-03-09T02:05:32.181+01:00 INFO notification-service host=notification-service-7c9d5b-p9qmz corrId=c-fc6e9546c2c37e98 payment receipt sent loan_id=LN523118058 channel=DIGITAL_POST
2026-03-09T02:06:41.441+01:00 INFO payment-scheduler host=payment-scheduler-7c9d5b-x2k4p corrId=c-59915bc08301bf8c instalment collection started loan_id=LN184269797 due_date=2026-03-11
2026-03-09T02:06:41.513+01:00 INFO payment-service host=payment-service-7c9d5b-x2k4p corrId=c-59915bc08301bf8c direct debit mandate verified loan_id=LN184269797 mandate_id=MD5114177
2026-03-09T02:06:41.604+01:00 INFO payment-service host=payment-service-a41e92-p9qmz corrId=c-59915bc08301bf8c payment instruction sent loan_id=LN184269797 amount_dkk=4033.01
2026-03-09T02:06:41.655+01:00 INFO ledger-service host=ledger-service-a41e92-t6zvn corrId=c-59915bc08301bf8c ledger posting accepted loan_id=LN184269797 amount_dkk=4033.01 posting_id=PST-8a25ed5c54
2026-03-09T02:06:41.691+01:00 INFO payment-service host=payment-service-a41e92-x2k4p corrId=c-59915bc08301bf8c payment settled loan_id=LN184269797 amount_dkk=4033.01
2026-03-09T02:06:41.829+01:00 INFO notification-service host=notification-service-5b8f6c-t6zvn corrId=c-59915bc08301bf8c payment receipt sent loan_id=LN184269797 channel=EMAIL
2026-03-09T02:08:20.339+01:00 INFO payment-scheduler host=payment-scheduler-7c9d5b-t6zvn corrId=c-c477db1a02a3f108 instalment collection started loan_id=LN522921878 due_date=2026-03-02
2026-03-09T02:08:20.399+01:00 INFO payment-service host=payment-service-5b8f6c-x2k4p corrId=c-c477db1a02a3f108 direct debit mandate verified loan_id=LN522921878 mandate_id=MD3948824
2026-03-09T02:08:20.419+01:00 INFO payment-service host=payment-service-7c9d5b-p9qmz corrId=c-c477db1a02a3f108 payment instruction sent loan_id=LN522921878 amount_dkk=12426.20
2026-03-09T02:08:20.483+01:00 INFO ledger-service host=ledger-service-a41e92-t6zvn corrId=c-c477db1a02a3f108 ledger posting accepted loan_id=LN522921878 amount_dkk=12426.20 posting_id=PST-70f4a59d21
2026-03-09T02:08:20.579+01:00 INFO payment-service host=payment-service-7c9d5b-x2k4p corrId=c-c477db1a02a3f108 payment settled loan_id=LN522921878 amount_dkk=12426.20
2026-03-09T02:08:20.658+01:00 INFO notification-service host=notification-service-5b8f6c-x2k4p corrId=c-c477db1a02a3f108 payment receipt sent loan_id=LN522921878 channel=DIGITAL_POST
2026-03-09T02:08:44.486+01:00 INFO payment-scheduler host=payment-scheduler-5b8f6c-t6zvn corrId=c-e08fab4d820ba5e4 instalment collection started loan_id=LN467842948 due_date=2026-03-21
2026-03-09T02:08:44.520+01:00 INFO payment-service host=payment-service-a41e92-t6zvn corrId=c-e08fab4d820ba5e4 direct debit mandate verified loan_id=LN467842948 mandate_id=MD4589452
2026-03-09T02:08:44.534+01:00 INFO payment-scheduler host=payment-scheduler-a41e92-t6zvn corrId=c-4fb310887a479e57 instalment collection started loan_id=LN552188167 due_date=2026-03-25
2026-03-09T02:08:44.557+01:00 INFO payment-service host=payment-service-a41e92-p9qmz corrId=c-e08fab4d820ba5e4 payment instruction sent loan_id=LN467842948 amount_dkk=11793.07
2026-03-09T02:08:44.589+01:00 INFO ledger-service host=ledger-service-a41e92-x2k4p corrId=c-e08fab4d820ba5e4 ledger posting accepted loan_id=LN467842948 amount_dkk=11793.07 posting_id=PST-b4440ab015
2026-03-09T02:08:44.594+01:00 INFO payment-service host=payment-service-7c9d5b-t6zvn corrId=c-4fb310887a479e57 direct debit mandate verified loan_id=LN552188167 mandate_id=MD3677253
2026-03-09T02:08:44.616+01:00 INFO payment-service host=payment-service-a41e92-t6zvn corrId=c-4fb310887a479e57 payment instruction sent loan_id=LN552188167 amount_dkk=7936.61
2026-03-09T02:08:44.669+01:00 INFO payment-service host=payment-service-a41e92-p9qmz corrId=c-e08fab4d820ba5e4 payment settled loan_id=LN467842948 amount_dkk=11793.07
2026-03-09T02:08:44.687+01:00 INFO notification-service host=notification-service-a41e92-p9qmz corrId=c-e08fab4d820ba5e4 payment receipt sent loan_id=LN467842948 channel=DIGITAL_POST
2026-03-09T02:08:44.723+01:00 INFO ledger-service host=ledger-service-7c9d5b-p9qmz corrId=c-4fb310887a479e57 ledger posting accepted loan_id=LN552188167 amount_dkk=7936.61 posting_id=PST-ca0ae7efe0
2026-03-09T02:08:44.822+01:00 INFO payment-service host=payment-service-5b8f6c-x2k4p corrId=c-4fb310887a479e57 payment settled loan_id=LN552188167 amount_dkk=7936.61
2026-03-09T02:08:44.876+01:00 INFO notification-service host=notification-service-a41e92-t6zvn corrId=c-4fb310887a479e57 payment receipt sent loan_id=LN552188167 channel=EMAIL
2026-03-09T02:10:00.143+01:00 INFO payment-scheduler host=payment-scheduler-a41e92-x2k4p corrId=- scheduler heartbeat lag_ms=55
2026-03-09T02:10:00.418+01:00 INFO api-gateway host=api-gateway-7c9d5b-t6zvn corrId=- health probe ok status=200 latency_ms=40
2026-03-09T02:11:42.764+01:00 INFO payment-scheduler host=payment-scheduler-7c9d5b-p9qmz corrId=c-a0d994b299c5449e instalment collection started loan_id=LN461987240 due_date=2026-03-28
2026-03-09T02:11:42.804+01:00 INFO payment-service host=payment-service-5b8f6c-t6zvn corrId=c-a0d994b299c5449e direct debit mandate verified loan_id=LN461987240 mandate_id=MD6328350
2026-03-09T02:11:42.821+01:00 INFO payment-service host=payment-service-5b8f6c-t6zvn corrId=c-a0d994b299c5449e payment instruction sent loan_id=LN461987240 amount_dkk=10779.66
2026-03-09T02:11:42.949+01:00 INFO ledger-service host=ledger-service-7c9d5b-t6zvn corrId=c-a0d994b299c5449e ledger posting accepted loan_id=LN461987240 amount_dkk=10779.66 posting_id=PST-0d67684938
2026-03-09T02:11:43.084+01:00 INFO payment-service host=payment-service-5b8f6c-t6zvn corrId=c-a0d994b299c5449e payment settled loan_id=LN461987240 amount_dkk=10779.66
2026-03-09T02:11:43.110+01:00 INFO notification-service host=notification-service-7c9d5b-t6zvn corrId=c-a0d994b299c5449e payment receipt sent loan_id=LN461987240 channel=DIGITAL_POST
2026-03-09T02:14:09.302+01:00 INFO payment-scheduler host=payment-scheduler-7c9d5b-x2k4p corrId=c-b50c15f91297a319 instalment collection started loan_id=LN050486489 due_date=2026-03-06
2026-03-09T02:14:09.312+01:00 INFO payment-service host=payment-service-a41e92-t6zvn corrId=c-b50c15f91297a319 direct debit mandate verified loan_id=LN050486489 mandate_id=MD6644362
2026-03-09T02:14:09.356+01:00 INFO payment-service host=payment-service-a41e92-x2k4p corrId=c-b50c15f91297a319 payment instruction sent loan_id=LN050486489 amount_dkk=9285.71
2026-03-09T02:14:09.419+01:00 INFO ledger-service host=ledger-service-7c9d5b-x2k4p corrId=c-b50c15f91297a319 ledger posting accepted loan_id=LN050486489 amount_dkk=9285.71 posting_id=PST-d2c2a57e83
2026-03-09T02:14:09.535+01:00 INFO payment-service host=payment-service-5b8f6c-t6zvn corrId=c-b50c15f91297a319 payment settled loan_id=LN050486489 amount_dkk=9285.71
2026-03-09T02:14:09.558+01:00 INFO notification-service host=notification-service-a41e92-t6zvn corrId=c-b50c15f91297a319 payment receipt sent loan_id=LN050486489 channel=EMAIL
2026-03-09T02:15:00.683+01:00 INFO api-gateway host=api-gateway-7c9d5b-t6zvn corrId=- health probe ok status=200 latency_ms=26
2026-03-09T02:15:01.671+01:00 INFO payment-scheduler host=payment-scheduler-a41e92-p9qmz corrId=c-f243972dbdc4b661 instalment collection started loan_id=LN706850063 due_date=2026-03-26
2026-03-09T02:15:01.807+01:00 INFO payment-service host=payment-service-7c9d5b-p9qmz corrId=c-f243972dbdc4b661 direct debit mandate verified loan_id=LN706850063 mandate_id=MD5564479
2026-03-09T02:15:01.830+01:00 INFO payment-service host=payment-service-5b8f6c-p9qmz corrId=c-f243972dbdc4b661 payment instruction sent loan_id=LN706850063 amount_dkk=14699.59
2026-03-09T02:15:01.965+01:00 INFO ledger-service host=ledger-service-a41e92-t6zvn corrId=c-f243972dbdc4b661 ledger posting accepted loan_id=LN706850063 amount_dkk=14699.59 posting_id=PST-87bbf5da86
2026-03-09T02:15:01.984+01:00 INFO payment-service host=payment-service-7c9d5b-t6zvn corrId=c-f243972dbdc4b661 payment settled loan_id=LN706850063 amount_dkk=14699.59
2026-03-09T02:15:02.112+01:00 INFO notification-service host=notification-service-5b8f6c-x2k4p corrId=c-f243972dbdc4b661 payment receipt sent loan_id=LN706850063 channel=EMAIL
2026-03-09T02:17:31.535+01:00 INFO payment-scheduler host=payment-scheduler-7c9d5b-p9qmz corrId=c-80290458c0aff207 instalment collection started loan_id=LN528926038 due_date=2026-03-19
2026-03-09T02:17:31.631+01:00 INFO payment-service host=payment-service-5b8f6c-p9qmz corrId=c-80290458c0aff207 direct debit mandate verified loan_id=LN528926038 mandate_id=MD8026824
2026-03-09T02:17:31.735+01:00 INFO payment-service host=payment-service-7c9d5b-t6zvn corrId=c-80290458c0aff207 payment instruction sent loan_id=LN528926038 amount_dkk=15332.78
2026-03-09T02:17:31.746+01:00 INFO ledger-service host=ledger-service-a41e92-t6zvn corrId=c-80290458c0aff207 ledger posting accepted loan_id=LN528926038 amount_dkk=15332.78 posting_id=PST-e5c084e6da
2026-03-09T02:17:31.880+01:00 INFO payment-service host=payment-service-a41e92-x2k4p corrId=c-80290458c0aff207 payment settled loan_id=LN528926038 amount_dkk=15332.78
2026-03-09T02:17:31.940+01:00 INFO notification-service host=notification-service-a41e92-p9qmz corrId=c-80290458c0aff207 payment receipt sent loan_id=LN528926038 channel=DIGITAL_POST
2026-03-09T02:17:53.336+01:00 INFO payment-scheduler host=payment-scheduler-5b8f6c-x2k4p corrId=c-ae318c42611dedcb instalment collection started loan_id=LN472831607 due_date=2026-03-16
2026-03-09T02:17:53.368+01:00 INFO payment-service host=payment-service-a41e92-x2k4p corrId=c-ae318c42611dedcb direct debit mandate verified loan_id=LN472831607 mandate_id=MD6846451
2026-03-09T02:17:53.387+01:00 INFO payment-service host=payment-service-a41e92-t6zvn corrId=c-ae318c42611dedcb payment instruction sent loan_id=LN472831607 amount_dkk=6955.19
2026-03-09T02:17:53.522+01:00 INFO ledger-service host=ledger-service-5b8f6c-x2k4p corrId=c-ae318c42611dedcb ledger posting accepted loan_id=LN472831607 amount_dkk=6955.19 posting_id=PST-613d50ebba
2026-03-09T02:17:53.620+01:00 INFO payment-service host=payment-service-a41e92-t6zvn corrId=c-ae318c42611dedcb payment settled loan_id=LN472831607 amount_dkk=6955.19
2026-03-09T02:17:53.626+01:00 INFO notification-service host=notification-service-a41e92-p9qmz corrId=c-ae318c42611dedcb payment receipt sent loan_id=LN472831607 channel=DIGITAL_POST
2026-03-09T02:18:41.558+01:00 INFO payment-scheduler host=payment-scheduler-5b8f6c-x2k4p corrId=c-d601f76bb91b73c3 instalment collection started loan_id=LN479805587 due_date=2026-03-02
2026-03-09T02:18:41.677+01:00 INFO payment-service host=payment-service-5b8f6c-p9qmz corrId=c-d601f76bb91b73c3 direct debit mandate verified loan_id=LN479805587 mandate_id=MD3796000
2026-03-09T02:18:41.704+01:00 INFO payment-service host=payment-service-7c9d5b-t6zvn corrId=c-d601f76bb91b73c3 payment instruction sent loan_id=LN479805587 amount_dkk=2953.11
2026-03-09T02:18:41.815+01:00 INFO ledger-service host=ledger-service-a41e92-x2k4p corrId=c-d601f76bb91b73c3 ledger posting accepted loan_id=LN479805587 amount_dkk=2953.11 posting_id=PST-830643fb31
2026-03-09T02:18:41.898+01:00 INFO payment-service host=payment-service-7c9d5b-t6zvn corrId=c-d601f76bb91b73c3 payment settled loan_id=LN479805587 amount_dkk=2953.11
2026-03-09T02:18:41.903+01:00 INFO notification-service host=notification-service-a41e92-t6zvn corrId=c-d601f76bb91b73c3 payment receipt sent loan_id=LN479805587 channel=DIGITAL_POST
2026-03-09T02:19:24.359+01:00 INFO payment-scheduler host=payment-scheduler-5b8f6c-p9qmz corrId=c-d57358f49eef2114 instalment collection started loan_id=LN204039084 due_date=2026-03-14
2026-03-09T02:19:24.421+01:00 INFO payment-service host=payment-service-5b8f6c-t6zvn corrId=c-d57358f49eef2114 direct debit mandate verified loan_id=LN204039084 mandate_id=MD2270685
2026-03-09T02:19:24.469+01:00 INFO payment-service host=payment-service-7c9d5b-x2k4p corrId=c-d57358f49eef2114 payment instruction sent loan_id=LN204039084 amount_dkk=4152.44
2026-03-09T02:19:24.532+01:00 INFO ledger-service host=ledger-service-5b8f6c-t6zvn corrId=c-d57358f49eef2114 ledger posting accepted loan_id=LN204039084 amount_dkk=4152.44 posting_id=PST-b6ec6e514c
2026-03-09T02:19:24.603+01:00 INFO payment-service host=payment-service-5b8f6c-x2k4p corrId=c-d57358f49eef2114 payment settled loan_id=LN204039084 amount_dkk=4152.44
2026-03-09T02:19:24.717+01:00 INFO notification-service host=notification-service-7c9d5b-t6zvn corrId=c-d57358f49eef2114 payment receipt sent loan_id=LN204039084 channel=EMAIL
2026-03-09T02:19:27.714+01:00 INFO payment-scheduler host=payment-scheduler-5b8f6c-t6zvn corrId=c-54cb1782192ccff9 instalment collection started loan_id=LN333154547 due_date=2026-03-20
2026-03-09T02:19:27.838+01:00 INFO payment-service host=payment-service-5b8f6c-p9qmz corrId=c-54cb1782192ccff9 direct debit mandate verified loan_id=LN333154547 mandate_id=MD3634261
2026-03-09T02:19:27.952+01:00 INFO payment-service host=payment-service-5b8f6c-x2k4p corrId=c-54cb1782192ccff9 payment instruction sent loan_id=LN333154547 amount_dkk=14590.44
2026-03-09T02:19:28.023+01:00 INFO ledger-service host=ledger-service-5b8f6c-x2k4p corrId=c-54cb1782192ccff9 ledger posting accepted loan_id=LN333154547 amount_dkk=14590.44 posting_id=PST-772b08f876
2026-03-09T02:19:28.099+01:00 INFO payment-service host=payment-service-a41e92-p9qmz corrId=c-54cb1782192ccff9 payment settled loan_id=LN333154547 amount_dkk=14590.44
2026-03-09T02:19:28.137+01:00 INFO notification-service host=notification-service-a41e92-t6zvn corrId=c-54cb1782192ccff9 payment receipt sent loan_id=LN333154547 channel=DIGITAL_POST
2026-03-09T02:19:55.206+01:00 INFO payment-scheduler host=payment-scheduler-5b8f6c-t6zvn corrId=c-b440b40b3db52feb instalment collection started loan_id=LN941999028 due_date=2026-03-05
2026-03-09T02:19:55.213+01:00 INFO payment-service host=payment-service-7c9d5b-x2k4p corrId=c-b440b40b3db52feb direct debit mandate verified loan_id=LN941999028 mandate_id=MD5003509
2026-03-09T02:19:55.290+01:00 INFO payment-service host=payment-service-7c9d5b-x2k4p corrId=c-b440b40b3db52feb payment instruction sent loan_id=LN941999028 amount_dkk=15719.33
2026-03-09T02:19:55.368+01:00 INFO ledger-service host=ledger-service-7c9d5b-p9qmz corrId=c-b440b40b3db52feb ledger posting accepted loan_id=LN941999028 amount_dkk=15719.33 posting_id=PST-ac44668e3c
2026-03-09T02:19:55.440+01:00 INFO payment-service host=payment-service-a41e92-x2k4p corrId=c-b440b40b3db52feb payment settled loan_id=LN941999028 amount_dkk=15719.33
2026-03-09T02:19:55.543+01:00 INFO notification-service host=notification-service-5b8f6c-x2k4p corrId=c-b440b40b3db52feb payment receipt sent loan_id=LN941999028 channel=EMAIL
2026-03-09T02:20:00.026+01:00 INFO payment-scheduler host=payment-scheduler-5b8f6c-x2k4p corrId=- scheduler heartbeat lag_ms=73
2026-03-09T02:20:00.390+01:00 INFO api-gateway host=api-gateway-a41e92-p9qmz corrId=- health probe ok status=200 latency_ms=27
2026-03-09T02:20:19.765+01:00 INFO payment-scheduler host=payment-scheduler-5b8f6c-p9qmz corrId=c-9c9294fa9d8d21ca instalment collection started loan_id=LN511582888 due_date=2026-03-24
2026-03-09T02:20:19.786+01:00 INFO payment-service host=payment-service-a41e92-p9qmz corrId=c-9c9294fa9d8d21ca direct debit mandate verified loan_id=LN511582888 mandate_id=MD3238134
2026-03-09T02:20:19.820+01:00 INFO payment-service host=payment-service-5b8f6c-x2k4p corrId=c-9c9294fa9d8d21ca payment instruction sent loan_id=LN511582888 amount_dkk=17724.87
2026-03-09T02:20:19.832+01:00 INFO ledger-service host=ledger-service-a41e92-p9qmz corrId=c-9c9294fa9d8d21ca ledger posting accepted loan_id=LN511582888 amount_dkk=17724.87 posting_id=PST-a89f854401
2026-03-09T02:20:19.865+01:00 INFO payment-service host=payment-service-5b8f6c-p9qmz corrId=c-9c9294fa9d8d21ca payment settled loan_id=LN511582888 amount_dkk=17724.87
2026-03-09T02:20:19.942+01:00 INFO notification-service host=notification-service-a41e92-x2k4p corrId=c-9c9294fa9d8d21ca payment receipt sent loan_id=LN511582888 channel=EMAIL
2026-03-09T02:20:30.168+01:00 INFO payment-scheduler host=payment-scheduler-5b8f6c-x2k4p corrId=c-8c27385308fdfdaa instalment collection started loan_id=LN390034208 due_date=2026-03-13
2026-03-09T02:20:30.254+01:00 INFO payment-service host=payment-service-a41e92-x2k4p corrId=c-8c27385308fdfdaa direct debit mandate verified loan_id=LN390034208 mandate_id=MD5493336
2026-03-09T02:20:30.366+01:00 INFO payment-service host=payment-service-5b8f6c-t6zvn corrId=c-8c27385308fdfdaa payment instruction sent loan_id=LN390034208 amount_dkk=16837.91
2026-03-09T02:20:30.401+01:00 INFO ledger-service host=ledger-service-a41e92-x2k4p corrId=c-8c27385308fdfdaa ledger posting accepted loan_id=LN390034208 amount_dkk=16837.91 posting_id=PST-d62b78fd5f
2026-03-09T02:20:30.499+01:00 INFO payment-service host=payment-service-a41e92-x2k4p corrId=c-8c27385308fdfdaa payment settled loan_id=LN390034208 amount_dkk=16837.91
2026-03-09T02:20:30.522+01:00 INFO notification-service host=notification-service-a41e92-t6zvn corrId=c-8c27385308fdfdaa payment receipt sent loan_id=LN390034208 channel=DIGITAL_POST
2026-03-09T02:20:55.045+01:00 INFO payment-scheduler host=payment-scheduler-5b8f6c-p9qmz corrId=c-fa5a63c87ac80c4b instalment collection started loan_id=LN005590612 due_date=2026-03-15
2026-03-09T02:20:55.063+01:00 INFO payment-service host=payment-service-a41e92-p9qmz corrId=c-fa5a63c87ac80c4b direct debit mandate verified loan_id=LN005590612 mandate_id=MD1809573
2026-03-09T02:20:55.174+01:00 INFO payment-service host=payment-service-a41e92-t6zvn corrId=c-fa5a63c87ac80c4b payment instruction sent loan_id=LN005590612 amount_dkk=3231.27
2026-03-09T02:20:55.259+01:00 INFO ledger-service host=ledger-service-a41e92-t6zvn corrId=c-fa5a63c87ac80c4b ledger posting accepted loan_id=LN005590612 amount_dkk=3231.27 posting_id=PST-af914ae890
2026-03-09T02:20:55.288+01:00 INFO payment-service host=payment-service-7c9d5b-p9qmz corrId=c-fa5a63c87ac80c4b payment settled loan_id=LN005590612 amount_dkk=3231.27
2026-03-09T02:20:55.344+01:00 INFO notification-service host=notification-service-a41e92-x2k4p corrId=c-fa5a63c87ac80c4b payment receipt sent loan_id=LN005590612 channel=DIGITAL_POST
2026-03-09T02:21:01.415+01:00 INFO payment-scheduler host=payment-scheduler-a41e92-p9qmz corrId=c-2d66fcea2c38e15c instalment collection started loan_id=LN234431075 due_date=2026-03-27
2026-03-09T02:21:01.555+01:00 INFO payment-service host=payment-service-a41e92-x2k4p corrId=c-2d66fcea2c38e15c direct debit mandate verified loan_id=LN234431075 mandate_id=MD0339567
2026-03-09T02:21:01.581+01:00 INFO payment-service host=payment-service-a41e92-x2k4p corrId=c-2d66fcea2c38e15c payment instruction sent loan_id=LN234431075 amount_dkk=6659.30
2026-03-09T02:21:01.620+01:00 INFO ledger-service host=ledger-service-7c9d5b-t6zvn corrId=c-2d66fcea2c38e15c ledger posting accepted loan_id=LN234431075 amount_dkk=6659.30 posting_id=PST-8d759c1f00
2026-03-09T02:21:01.677+01:00 INFO payment-service host=payment-service-5b8f6c-x2k4p corrId=c-2d66fcea2c38e15c payment settled loan_id=LN234431075 amount_dkk=6659.30
2026-03-09T02:21:01.807+01:00 INFO notification-service host=notification-service-a41e92-p9qmz corrId=c-2d66fcea2c38e15c payment receipt sent loan_id=LN234431075 channel=EMAIL
2026-03-09T02:21:32.493+01:00 INFO payment-scheduler host=payment-scheduler-5b8f6c-p9qmz corrId=c-2678b6a010e681de instalment collection started loan_id=LN151188153 due_date=2026-03-06
2026-03-09T02:21:32.598+01:00 INFO payment-service host=payment-service-5b8f6c-x2k4p corrId=c-2678b6a010e681de direct debit mandate verified loan_id=LN151188153 mandate_id=MD3334915
2026-03-09T02:21:32.689+01:00 INFO payment-service host=payment-service-7c9d5b-x2k4p corrId=c-2678b6a010e681de payment instruction sent loan_id=LN151188153 amount_dkk=6181.89
2026-03-09T02:21:32.742+01:00 INFO ledger-service host=ledger-service-a41e92-x2k4p corrId=c-2678b6a010e681de ledger posting accepted loan_id=LN151188153 amount_dkk=6181.89 posting_id=PST-33db5b2e0d
2026-03-09T02:21:32.808+01:00 INFO payment-service host=payment-service-5b8f6c-p9qmz corrId=c-2678b6a010e681de payment settled loan_id=LN151188153 amount_dkk=6181.89
2026-03-09T02:21:32.814+01:00 INFO notification-service host=notification-service-5b8f6c-x2k4p corrId=c-2678b6a010e681de payment receipt sent loan_id=LN151188153 channel=DIGITAL_POST
2026-03-09T02:21:38.905+01:00 INFO payment-scheduler host=payment-scheduler-7c9d5b-x2k4p corrId=c-a677bb211289f133 instalment collection started loan_id=LN371526120 due_date=2026-03-01
2026-03-09T02:21:39.039+01:00 INFO payment-service host=payment-service-a41e92-x2k4p corrId=c-a677bb211289f133 direct debit mandate verified loan_id=LN371526120 mandate_id=MD6355592
2026-03-09T02:21:39.132+01:00 INFO payment-service host=payment-service-a41e92-x2k4p corrId=c-a677bb211289f133 payment instruction sent loan_id=LN371526120 amount_dkk=7705.86
2026-03-09T02:21:39.195+01:00 INFO ledger-service host=ledger-service-5b8f6c-x2k4p corrId=c-a677bb211289f133 ledger posting accepted loan_id=LN371526120 amount_dkk=7705.86 posting_id=PST-ceaa9b9dab
2026-03-09T02:21:39.277+01:00 INFO payment-service host=payment-service-5b8f6c-p9qmz corrId=c-a677bb211289f133 payment settled loan_id=LN371526120 amount_dkk=7705.86
2026-03-09T02:21:39.330+01:00 INFO notification-service host=notification-service-5b8f6c-p9qmz corrId=c-a677bb211289f133 payment receipt sent loan_id=LN371526120 channel=DIGITAL_POST
2026-03-09T02:22:03.782+01:00 INFO payment-scheduler host=payment-scheduler-7c9d5b-t6zvn corrId=c-d4e43172a457cb37 instalment collection started loan_id=LN844079919 due_date=2026-03-12
2026-03-09T02:22:03.865+01:00 INFO payment-service host=payment-service-7c9d5b-p9qmz corrId=c-d4e43172a457cb37 direct debit mandate verified loan_id=LN844079919 mandate_id=MD7879460
2026-03-09T02:22:03.887+01:00 INFO payment-service host=payment-service-a41e92-p9qmz corrId=c-d4e43172a457cb37 payment instruction sent loan_id=LN844079919 amount_dkk=17326.74
2026-03-09T02:22:03.936+01:00 INFO ledger-service host=ledger-service-5b8f6c-t6zvn corrId=c-d4e43172a457cb37 ledger posting accepted loan_id=LN844079919 amount_dkk=17326.74 posting_id=PST-acf1d421e9
2026-03-09T02:22:03.955+01:00 INFO payment-service host=payment-service-5b8f6c-x2k4p corrId=c-d4e43172a457cb37 payment settled loan_id=LN844079919 amount_dkk=17326.74
2026-03-09T02:22:04.026+01:00 INFO notification-service host=notification-service-7c9d5b-t6zvn corrId=c-d4e43172a457cb37 payment receipt sent loan_id=LN844079919 channel=DIGITAL_POST
2026-03-09T02:22:27.238+01:00 INFO payment-scheduler host=payment-scheduler-a41e92-t6zvn corrId=c-2ee513763ef86ca2 instalment collection started loan_id=LN602892622 due_date=2026-03-12
2026-03-09T02:22:27.293+01:00 INFO payment-service host=payment-service-5b8f6c-t6zvn corrId=c-2ee513763ef86ca2 direct debit mandate verified loan_id=LN602892622 mandate_id=MD9562042
2026-03-09T02:22:27.395+01:00 INFO payment-service host=payment-service-a41e92-x2k4p corrId=c-2ee513763ef86ca2 payment instruction sent loan_id=LN602892622 amount_dkk=11845.60
2026-03-09T02:22:27.455+01:00 INFO ledger-service host=ledger-service-a41e92-t6zvn corrId=c-2ee513763ef86ca2 ledger posting accepted loan_id=LN602892622 amount_dkk=11845.60 posting_id=PST-a832ff0768
2026-03-09T02:22:27.582+01:00 INFO payment-service host=payment-service-5b8f6c-p9qmz corrId=c-2ee513763ef86ca2 payment settled loan_id=LN602892622 amount_dkk=11845.60
2026-03-09T02:22:27.670+01:00 INFO notification-service host=notification-service-a41e92-p9qmz corrId=c-2ee513763ef86ca2 payment receipt sent loan_id=LN602892622 channel=DIGITAL_POST
2026-03-09T02:22:40.733+01:00 INFO payment-scheduler host=payment-scheduler-5b8f6c-x2k4p corrId=c-fe5635928475faac instalment collection started loan_id=LN564440862 due_date=2026-03-16
2026-03-09T02:22:40.827+01:00 INFO payment-service host=payment-service-7c9d5b-p9qmz corrId=c-fe5635928475faac direct debit mandate verified loan_id=LN564440862 mandate_id=MD1386691
2026-03-09T02:22:40.943+01:00 INFO payment-service host=payment-service-7c9d5b-p9qmz corrId=c-fe5635928475faac payment instruction sent loan_id=LN564440862 amount_dkk=9047.35
2026-03-09T02:22:40.996+01:00 INFO ledger-service host=ledger-service-a41e92-t6zvn corrId=c-fe5635928475faac ledger posting accepted loan_id=LN564440862 amount_dkk=9047.35 posting_id=PST-bc736964a3
2026-03-09T02:22:41.130+01:00 INFO payment-service host=payment-service-5b8f6c-p9qmz corrId=c-fe5635928475faac payment settled loan_id=LN564440862 amount_dkk=9047.35
2026-03-09T02:22:41.266+01:00 INFO notification-service host=notification-service-5b8f6c-x2k4p corrId=c-fe5635928475faac payment receipt sent loan_id=LN564440862 channel=EMAIL
2026-03-09T02:22:50.745+01:00 INFO payment-scheduler host=payment-scheduler-7c9d5b-t6zvn corrId=c-28e77bbdff9447af instalment collection started loan_id=LN492448411 due_date=2026-03-12
2026-03-09T02:22:50.864+01:00 INFO payment-service host=payment-service-a41e92-p9qmz corrId=c-28e77bbdff9447af direct debit mandate verified loan_id=LN492448411 mandate_id=MD6884659
2026-03-09T02:22:50.870+01:00 INFO payment-service host=payment-service-5b8f6c-t6zvn corrId=c-28e77bbdff9447af payment instruction sent loan_id=LN492448411 amount_dkk=6274.25
2026-03-09T02:22:50.921+01:00 INFO ledger-service host=ledger-service-a41e92-t6zvn corrId=c-28e77bbdff9447af ledger posting accepted loan_id=LN492448411 amount_dkk=6274.25 posting_id=PST-7536c9a46e
2026-03-09T02:22:51.056+01:00 INFO payment-service host=payment-service-a41e92-x2k4p corrId=c-28e77bbdff9447af payment settled loan_id=LN492448411 amount_dkk=6274.25
2026-03-09T02:22:51.104+01:00 INFO notification-service host=notification-service-5b8f6c-t6zvn corrId=c-28e77bbdff9447af payment receipt sent loan_id=LN492448411 channel=DIGITAL_POST
2026-03-09T02:23:01.069+01:00 INFO payment-scheduler host=payment-scheduler-7c9d5b-t6zvn corrId=c-991289e1d2610be0 instalment collection started loan_id=LN085652741 due_date=2026-03-10
2026-03-09T02:23:01.095+01:00 INFO payment-service host=payment-service-5b8f6c-p9qmz corrId=c-991289e1d2610be0 direct debit mandate verified loan_id=LN085652741 mandate_id=MD2364251
2026-03-09T02:23:01.138+01:00 INFO payment-service host=payment-service-5b8f6c-p9qmz corrId=c-991289e1d2610be0 payment instruction sent loan_id=LN085652741 amount_dkk=9013.64
2026-03-09T02:23:01.193+01:00 INFO ledger-service host=ledger-service-7c9d5b-p9qmz corrId=c-991289e1d2610be0 ledger posting accepted loan_id=LN085652741 amount_dkk=9013.64 posting_id=PST-a397bddb41
2026-03-09T02:23:01.241+01:00 INFO payment-service host=payment-service-a41e92-t6zvn corrId=c-991289e1d2610be0 payment settled loan_id=LN085652741 amount_dkk=9013.64
2026-03-09T02:23:01.312+01:00 INFO notification-service host=notification-service-7c9d5b-x2k4p corrId=c-991289e1d2610be0 payment receipt sent loan_id=LN085652741 channel=EMAIL
2026-03-09T02:23:21.171+01:00 INFO payment-scheduler host=payment-scheduler-7c9d5b-p9qmz corrId=c-62c33f4de50bbdd7 instalment collection started loan_id=LN528709367 due_date=2026-03-16
2026-03-09T02:23:21.190+01:00 INFO payment-service host=payment-service-5b8f6c-x2k4p corrId=c-62c33f4de50bbdd7 direct debit mandate verified loan_id=LN528709367 mandate_id=MD7929298
2026-03-09T02:23:21.315+01:00 INFO payment-service host=payment-service-7c9d5b-x2k4p corrId=c-62c33f4de50bbdd7 payment instruction sent loan_id=LN528709367 amount_dkk=13073.44
2026-03-09T02:23:21.388+01:00 INFO ledger-service host=ledger-service-a41e92-t6zvn corrId=c-62c33f4de50bbdd7 ledger posting accepted loan_id=LN528709367 amount_dkk=13073.44 posting_id=PST-c45aac7731
2026-03-09T02:23:21.402+01:00 INFO payment-service host=payment-service-a41e92-p9qmz corrId=c-62c33f4de50bbdd7 payment settled loan_id=LN528709367 amount_dkk=13073.44
2026-03-09T02:23:21.466+01:00 INFO notification-service host=notification-service-5b8f6c-p9qmz corrId=c-62c33f4de50bbdd7 payment receipt sent loan_id=LN528709367 channel=DIGITAL_POST
2026-03-09T02:23:31.415+01:00 INFO payment-scheduler host=payment-scheduler-7c9d5b-p9qmz corrId=c-bcd3f9a84f87144c instalment collection started loan_id=LN176585271 due_date=2026-03-03
2026-03-09T02:23:31.472+01:00 INFO payment-service host=payment-service-5b8f6c-t6zvn corrId=c-bcd3f9a84f87144c direct debit mandate verified loan_id=LN176585271 mandate_id=MD2144554
2026-03-09T02:23:31.564+01:00 INFO payment-service host=payment-service-7c9d5b-p9qmz corrId=c-bcd3f9a84f87144c payment instruction sent loan_id=LN176585271 amount_dkk=17469.83
2026-03-09T02:23:31.680+01:00 INFO ledger-service host=ledger-service-5b8f6c-x2k4p corrId=c-bcd3f9a84f87144c ledger posting accepted loan_id=LN176585271 amount_dkk=17469.83 posting_id=PST-c77d71ac5d
2026-03-09T02:23:31.797+01:00 INFO payment-service host=payment-service-a41e92-t6zvn corrId=c-bcd3f9a84f87144c payment settled loan_id=LN176585271 amount_dkk=17469.83
2026-03-09T02:23:31.869+01:00 INFO notification-service host=notification-service-a41e92-t6zvn corrId=c-bcd3f9a84f87144c payment receipt sent loan_id=LN176585271 channel=EMAIL
2026-03-09T02:24:23.989+01:00 INFO payment-scheduler host=payment-scheduler-7c9d5b-t6zvn corrId=c-72523c4ebed4fc83 instalment collection started loan_id=LN684889336 due_date=2026-03-20
2026-03-09T02:24:24.065+01:00 INFO payment-service host=payment-service-5b8f6c-p9qmz corrId=c-72523c4ebed4fc83 direct debit mandate verified loan_id=LN684889336 mandate_id=MD9566038
2026-03-09T02:24:24.182+01:00 INFO payment-service host=payment-service-7c9d5b-t6zvn corrId=c-72523c4ebed4fc83 payment instruction sent loan_id=LN684889336 amount_dkk=10234.71
2026-03-09T02:24:24.293+01:00 INFO ledger-service host=ledger-service-5b8f6c-p9qmz corrId=c-72523c4ebed4fc83 ledger posting accepted loan_id=LN684889336 amount_dkk=10234.71 posting_id=PST-dbce134913
2026-03-09T02:24:24.430+01:00 INFO payment-service host=payment-service-a41e92-x2k4p corrId=c-72523c4ebed4fc83 payment settled loan_id=LN684889336 amount_dkk=10234.71
2026-03-09T02:24:24.465+01:00 INFO notification-service host=notification-service-7c9d5b-p9qmz corrId=c-72523c4ebed4fc83 payment receipt sent loan_id=LN684889336 channel=EMAIL
2026-03-09T02:25:00.381+01:00 INFO payment-scheduler host=payment-scheduler-5b8f6c-x2k4p corrId=c-ba1633d37218c26d instalment collection started loan_id=LN875322744 due_date=2026-03-16
2026-03-09T02:25:00.509+01:00 INFO payment-service host=payment-service-5b8f6c-t6zvn corrId=c-ba1633d37218c26d direct debit mandate verified loan_id=LN875322744 mandate_id=MD4122348
2026-03-09T02:25:00.549+01:00 INFO payment-service host=payment-service-7c9d5b-t6zvn corrId=c-ba1633d37218c26d payment instruction sent loan_id=LN875322744 amount_dkk=9416.18
2026-03-09T02:25:00.630+01:00 INFO ledger-service host=ledger-service-5b8f6c-t6zvn corrId=c-ba1633d37218c26d ledger posting accepted loan_id=LN875322744 amount_dkk=9416.18 posting_id=PST-775caeaebf
2026-03-09T02:25:00.692+01:00 INFO payment-service host=payment-service-a41e92-x2k4p corrId=c-ba1633d37218c26d payment settled loan_id=LN875322744 amount_dkk=9416.18
2026-03-09T02:25:00.814+01:00 INFO notification-service host=notification-service-7c9d5b-x2k4p corrId=c-ba1633d37218c26d payment receipt sent loan_id=LN875322744 channel=DIGITAL_POST
2026-03-09T02:25:00.893+01:00 INFO api-gateway host=api-gateway-7c9d5b-x2k4p corrId=- health probe ok status=200 latency_ms=2
2026-03-09T02:25:46.936+01:00 INFO payment-scheduler host=payment-scheduler-7c9d5b-x2k4p corrId=c-560ff672727fcd76 instalment collection started loan_id=LN865330460 due_date=2026-03-02
2026-03-09T02:25:46.989+01:00 INFO payment-service host=payment-service-a41e92-x2k4p corrId=c-560ff672727fcd76 direct debit mandate verified loan_id=LN865330460 mandate_id=MD1019887
2026-03-09T02:25:47.065+01:00 INFO payment-service host=payment-service-a41e92-p9qmz corrId=c-560ff672727fcd76 payment instruction sent loan_id=LN865330460 amount_dkk=4734.53
2026-03-09T02:25:47.194+01:00 INFO ledger-service host=ledger-service-a41e92-t6zvn corrId=c-560ff672727fcd76 ledger posting accepted loan_id=LN865330460 amount_dkk=4734.53 posting_id=PST-b95c3a1eb3
2026-03-09T02:25:47.290+01:00 INFO payment-service host=payment-service-a41e92-x2k4p corrId=c-560ff672727fcd76 payment settled loan_id=LN865330460 amount_dkk=4734.53
2026-03-09T02:25:47.341+01:00 INFO notification-service host=notification-service-7c9d5b-p9qmz corrId=c-560ff672727fcd76 payment receipt sent loan_id=LN865330460 channel=EMAIL
2026-03-09T02:25:52.369+01:00 INFO payment-scheduler host=payment-scheduler-5b8f6c-p9qmz corrId=c-1f213a0c78565190 instalment collection started loan_id=LN130679306 due_date=2026-03-27
2026-03-09T02:25:52.417+01:00 INFO payment-service host=payment-service-7c9d5b-x2k4p corrId=c-1f213a0c78565190 direct debit mandate verified loan_id=LN130679306 mandate_id=MD3645429
2026-03-09T02:25:52.453+01:00 INFO payment-service host=payment-service-7c9d5b-p9qmz corrId=c-1f213a0c78565190 payment instruction sent loan_id=LN130679306 amount_dkk=12892.19
2026-03-09T02:25:52.568+01:00 INFO ledger-service host=ledger-service-a41e92-x2k4p corrId=c-1f213a0c78565190 ledger posting accepted loan_id=LN130679306 amount_dkk=12892.19 posting_id=PST-b7930c8d10
2026-03-09T02:25:52.682+01:00 INFO payment-service host=payment-service-a41e92-x2k4p corrId=c-1f213a0c78565190 payment settled loan_id=LN130679306 amount_dkk=12892.19
2026-03-09T02:25:52.770+01:00 INFO notification-service host=notification-service-a41e92-t6zvn corrId=c-1f213a0c78565190 payment receipt sent loan_id=LN130679306 channel=DIGITAL_POST
2026-03-09T02:25:56.322+01:00 INFO payment-scheduler host=payment-scheduler-7c9d5b-x2k4p corrId=c-d20cd3aa7620565f instalment collection started loan_id=LN609632525 due_date=2026-03-05
2026-03-09T02:25:56.329+01:00 INFO payment-service host=payment-service-a41e92-p9qmz corrId=c-d20cd3aa7620565f direct debit mandate verified loan_id=LN609632525 mandate_id=MD7413078
2026-03-09T02:25:56.348+01:00 INFO payment-service host=payment-service-a41e92-t6zvn corrId=c-d20cd3aa7620565f payment instruction sent loan_id=LN609632525 amount_dkk=9721.68
2026-03-09T02:25:56.443+01:00 INFO ledger-service host=ledger-service-5b8f6c-p9qmz corrId=c-d20cd3aa7620565f ledger posting accepted loan_id=LN609632525 amount_dkk=9721.68 posting_id=PST-387e652d51
2026-03-09T02:25:56.496+01:00 INFO payment-service host=payment-service-5b8f6c-t6zvn corrId=c-d20cd3aa7620565f payment settled loan_id=LN609632525 amount_dkk=9721.68
2026-03-09T02:25:56.590+01:00 INFO notification-service host=notification-service-5b8f6c-x2k4p corrId=c-d20cd3aa7620565f payment receipt sent loan_id=LN609632525 channel=DIGITAL_POST
2026-03-09T02:26:57.610+01:00 INFO payment-scheduler host=payment-scheduler-5b8f6c-t6zvn corrId=c-53105a6d46db3bc7 instalment collection started loan_id=LN621381934 due_date=2026-03-08
2026-03-09T02:26:57.724+01:00 INFO payment-service host=payment-service-a41e92-p9qmz corrId=c-53105a6d46db3bc7 direct debit mandate verified loan_id=LN621381934 mandate_id=MD5456213
2026-03-09T02:26:57.799+01:00 INFO payment-service host=payment-service-a41e92-t6zvn corrId=c-53105a6d46db3bc7 payment instruction sent loan_id=LN621381934 amount_dkk=13375.38
2026-03-09T02:26:57.925+01:00 INFO ledger-service host=ledger-service-a41e92-p9qmz corrId=c-53105a6d46db3bc7 ledger posting accepted loan_id=LN621381934 amount_dkk=13375.38 posting_id=PST-a6b4a86813
2026-03-09T02:26:58.037+01:00 INFO payment-service host=payment-service-5b8f6c-x2k4p corrId=c-53105a6d46db3bc7 payment settled loan_id=LN621381934 amount_dkk=13375.38
2026-03-09T02:26:58.099+01:00 INFO notification-service host=notification-service-5b8f6c-t6zvn corrId=c-53105a6d46db3bc7 payment receipt sent loan_id=LN621381934 channel=DIGITAL_POST
2026-03-09T02:27:48.018+01:00 INFO payment-scheduler host=payment-scheduler-5b8f6c-t6zvn corrId=c-5b05f2bfdd323a0e instalment collection started loan_id=LN076476481 due_date=2026-03-07
2026-03-09T02:27:48.066+01:00 INFO payment-service host=payment-service-7c9d5b-t6zvn corrId=c-5b05f2bfdd323a0e direct debit mandate verified loan_id=LN076476481 mandate_id=MD2127185
2026-03-09T02:27:48.149+01:00 INFO payment-service host=payment-service-5b8f6c-x2k4p corrId=c-5b05f2bfdd323a0e payment instruction sent loan_id=LN076476481 amount_dkk=3495.85
2026-03-09T02:27:48.286+01:00 INFO ledger-service host=ledger-service-7c9d5b-p9qmz corrId=c-5b05f2bfdd323a0e ledger posting accepted loan_id=LN076476481 amount_dkk=3495.85 posting_id=PST-080226d702
2026-03-09T02:27:48.297+01:00 INFO payment-service host=payment-service-7c9d5b-p9qmz corrId=c-5b05f2bfdd323a0e payment settled loan_id=LN076476481 amount_dkk=3495.85
2026-03-09T02:27:48.418+01:00 INFO notification-service host=notification-service-a41e92-p9qmz corrId=c-5b05f2bfdd323a0e payment receipt sent loan_id=LN076476481 channel=EMAIL
2026-03-09T02:27:54.457+01:00 INFO payment-scheduler host=payment-scheduler-a41e92-t6zvn corrId=c-237947d12669367d instalment collection started loan_id=LN212854769 due_date=2026-03-14
2026-03-09T02:27:54.509+01:00 INFO payment-service host=payment-service-5b8f6c-x2k4p corrId=c-237947d12669367d direct debit mandate verified loan_id=LN212854769 mandate_id=MD0396801
2026-03-09T02:27:54.523+01:00 INFO payment-service host=payment-service-5b8f6c-x2k4p corrId=c-237947d12669367d payment instruction sent loan_id=LN212854769 amount_dkk=17028.79
2026-03-09T02:27:54.594+01:00 INFO ledger-service host=ledger-service-a41e92-x2k4p corrId=c-237947d12669367d ledger posting accepted loan_id=LN212854769 amount_dkk=17028.79 posting_id=PST-b8798ff05e
2026-03-09T02:27:54.663+01:00 INFO payment-service host=payment-service-5b8f6c-t6zvn corrId=c-237947d12669367d payment settled loan_id=LN212854769 amount_dkk=17028.79
2026-03-09T02:27:54.745+01:00 INFO notification-service host=notification-service-a41e92-x2k4p corrId=c-237947d12669367d payment receipt sent loan_id=LN212854769 channel=DIGITAL_POST
2026-03-09T02:28:19.468+01:00 INFO payment-scheduler host=payment-scheduler-a41e92-p9qmz corrId=c-aaa3157e4f1d30a5 instalment collection started loan_id=LN275002121 due_date=2026-03-21
2026-03-09T02:28:19.573+01:00 INFO payment-service host=payment-service-5b8f6c-t6zvn corrId=c-aaa3157e4f1d30a5 direct debit mandate verified loan_id=LN275002121 mandate_id=MD1787665
2026-03-09T02:28:19.650+01:00 INFO payment-service host=payment-service-a41e92-p9qmz corrId=c-aaa3157e4f1d30a5 payment instruction sent loan_id=LN275002121 amount_dkk=6204.63
2026-03-09T02:28:19.698+01:00 INFO ledger-service host=ledger-service-7c9d5b-p9qmz corrId=c-aaa3157e4f1d30a5 ledger posting accepted loan_id=LN275002121 amount_dkk=6204.63 posting_id=PST-f44f1e5f33
2026-03-09T02:28:19.802+01:00 INFO payment-service host=payment-service-5b8f6c-x2k4p corrId=c-aaa3157e4f1d30a5 payment settled loan_id=LN275002121 amount_dkk=6204.63
2026-03-09T02:28:19.901+01:00 INFO notification-service host=notification-service-a41e92-p9qmz corrId=c-aaa3157e4f1d30a5 payment receipt sent loan_id=LN275002121 channel=DIGITAL_POST
2026-03-09T02:28:40.268+01:00 INFO payment-scheduler host=payment-scheduler-7c9d5b-t6zvn corrId=c-0dc4633d2f122582 instalment collection started loan_id=LN583427361 due_date=2026-03-28
2026-03-09T02:28:40.327+01:00 INFO payment-service host=payment-service-7c9d5b-x2k4p corrId=c-0dc4633d2f122582 direct debit mandate verified loan_id=LN583427361 mandate_id=MD8306625
2026-03-09T02:28:40.454+01:00 INFO payment-service host=payment-service-a41e92-t6zvn corrId=c-0dc4633d2f122582 payment instruction sent loan_id=LN583427361 amount_dkk=8719.36
2026-03-09T02:28:40.585+01:00 INFO ledger-service host=ledger-service-a41e92-p9qmz corrId=c-0dc4633d2f122582 ledger posting accepted loan_id=LN583427361 amount_dkk=8719.36 posting_id=PST-7f5da25ef9
2026-03-09T02:28:40.721+01:00 INFO payment-service host=payment-service-a41e92-p9qmz corrId=c-0dc4633d2f122582 payment settled loan_id=LN583427361 amount_dkk=8719.36
2026-03-09T02:28:40.827+01:00 INFO notification-service host=notification-service-5b8f6c-x2k4p corrId=c-0dc4633d2f122582 payment receipt sent loan_id=LN583427361 channel=DIGITAL_POST
2026-03-09T02:28:56.250+01:00 INFO payment-scheduler host=payment-scheduler-a41e92-x2k4p corrId=c-fe3462764b0ef7b4 instalment collection started loan_id=LN931741396 due_date=2026-03-06
2026-03-09T02:28:56.379+01:00 INFO payment-service host=payment-service-a41e92-p9qmz corrId=c-fe3462764b0ef7b4 direct debit mandate verified loan_id=LN931741396 mandate_id=MD8245511
2026-03-09T02:28:56.503+01:00 INFO payment-service host=payment-service-5b8f6c-x2k4p corrId=c-fe3462764b0ef7b4 payment instruction sent loan_id=LN931741396 amount_dkk=10987.29
2026-03-09T02:28:56.619+01:00 INFO ledger-service host=ledger-service-7c9d5b-x2k4p corrId=c-fe3462764b0ef7b4 ledger posting accepted loan_id=LN931741396 amount_dkk=10987.29 posting_id=PST-a1b756a5a7
2026-03-09T02:28:56.722+01:00 INFO payment-service host=payment-service-7c9d5b-t6zvn corrId=c-fe3462764b0ef7b4 payment settled loan_id=LN931741396 amount_dkk=10987.29
2026-03-09T02:28:56.803+01:00 INFO notification-service host=notification-service-5b8f6c-x2k4p corrId=c-fe3462764b0ef7b4 payment receipt sent loan_id=LN931741396 channel=DIGITAL_POST
2026-03-09T02:29:06.618+01:00 INFO payment-scheduler host=payment-scheduler-7c9d5b-x2k4p corrId=c-7eebf965f5b03865 instalment collection started loan_id=LN499165270 due_date=2026-03-02
2026-03-09T02:29:06.758+01:00 INFO payment-service host=payment-service-a41e92-p9qmz corrId=c-7eebf965f5b03865 direct debit mandate verified loan_id=LN499165270 mandate_id=MD8205679
2026-03-09T02:29:06.897+01:00 INFO payment-service host=payment-service-7c9d5b-p9qmz corrId=c-7eebf965f5b03865 payment instruction sent loan_id=LN499165270 amount_dkk=9136.96
2026-03-09T02:29:07.006+01:00 INFO ledger-service host=ledger-service-5b8f6c-p9qmz corrId=c-7eebf965f5b03865 ledger posting accepted loan_id=LN499165270 amount_dkk=9136.96 posting_id=PST-519cf17956
2026-03-09T02:29:07.106+01:00 INFO payment-service host=payment-service-7c9d5b-p9qmz corrId=c-7eebf965f5b03865 payment settled loan_id=LN499165270 amount_dkk=9136.96
2026-03-09T02:29:07.128+01:00 INFO notification-service host=notification-service-a41e92-p9qmz corrId=c-7eebf965f5b03865 payment receipt sent loan_id=LN499165270 channel=EMAIL
2026-03-09T02:29:22.950+01:00 INFO payment-scheduler host=payment-scheduler-a41e92-p9qmz corrId=c-f40f172f05e75caa instalment collection started loan_id=LN524653543 due_date=2026-03-17
2026-03-09T02:29:23.065+01:00 INFO payment-service host=payment-service-5b8f6c-t6zvn corrId=c-f40f172f05e75caa direct debit mandate verified loan_id=LN524653543 mandate_id=MD7198965
2026-03-09T02:29:23.077+01:00 INFO payment-service host=payment-service-5b8f6c-p9qmz corrId=c-f40f172f05e75caa payment instruction sent loan_id=LN524653543 amount_dkk=10442.30
2026-03-09T02:29:23.174+01:00 INFO ledger-service host=ledger-service-7c9d5b-x2k4p corrId=c-f40f172f05e75caa ledger posting accepted loan_id=LN524653543 amount_dkk=10442.30 posting_id=PST-bde6f0a0f1
2026-03-09T02:29:23.251+01:00 INFO payment-service host=payment-service-7c9d5b-p9qmz corrId=c-f40f172f05e75caa payment settled loan_id=LN524653543 amount_dkk=10442.30
2026-03-09T02:29:23.262+01:00 INFO notification-service host=notification-service-7c9d5b-x2k4p corrId=c-f40f172f05e75caa payment receipt sent loan_id=LN524653543 channel=DIGITAL_POST
2026-03-09T02:30:00.573+01:00 INFO payment-scheduler host=payment-scheduler-7c9d5b-t6zvn corrId=- scheduler heartbeat lag_ms=23
2026-03-09T02:30:00.852+01:00 INFO api-gateway host=api-gateway-5b8f6c-p9qmz corrId=- health probe ok status=200 latency_ms=34
2026-03-09T02:30:24.685+01:00 INFO payment-scheduler host=payment-scheduler-a41e92-t6zvn corrId=c-454cf20c1642ea95 instalment collection started loan_id=LN700870874 due_date=2026-03-25
2026-03-09T02:30:24.727+01:00 INFO payment-service host=payment-service-a41e92-t6zvn corrId=c-454cf20c1642ea95 direct debit mandate verified loan_id=LN700870874 mandate_id=MD2359097
2026-03-09T02:30:24.749+01:00 INFO payment-service host=payment-service-a41e92-x2k4p corrId=c-454cf20c1642ea95 payment instruction sent loan_id=LN700870874 amount_dkk=14151.80
2026-03-09T02:30:24.888+01:00 INFO ledger-service host=ledger-service-a41e92-x2k4p corrId=c-454cf20c1642ea95 ledger posting accepted loan_id=LN700870874 amount_dkk=14151.80 posting_id=PST-8e426159df
2026-03-09T02:30:24.947+01:00 INFO payment-service host=payment-service-5b8f6c-x2k4p corrId=c-454cf20c1642ea95 payment settled loan_id=LN700870874 amount_dkk=14151.80
2026-03-09T02:30:25.069+01:00 INFO notification-service host=notification-service-5b8f6c-t6zvn corrId=c-454cf20c1642ea95 payment receipt sent loan_id=LN700870874 channel=DIGITAL_POST
2026-03-09T02:30:34.145+01:00 INFO payment-scheduler host=payment-scheduler-7c9d5b-p9qmz corrId=c-165c5a007b660a56 instalment collection started loan_id=LN530649389 due_date=2026-03-02
2026-03-09T02:30:34.191+01:00 INFO payment-service host=payment-service-a41e92-t6zvn corrId=c-165c5a007b660a56 direct debit mandate verified loan_id=LN530649389 mandate_id=MD8648482
2026-03-09T02:30:34.284+01:00 INFO payment-service host=payment-service-7c9d5b-t6zvn corrId=c-165c5a007b660a56 payment instruction sent loan_id=LN530649389 amount_dkk=15403.78
2026-03-09T02:30:34.357+01:00 INFO ledger-service host=ledger-service-a41e92-x2k4p corrId=c-165c5a007b660a56 ledger posting accepted loan_id=LN530649389 amount_dkk=15403.78 posting_id=PST-979bda615d
2026-03-09T02:30:34.380+01:00 INFO payment-service host=payment-service-7c9d5b-t6zvn corrId=c-165c5a007b660a56 payment settled loan_id=LN530649389 amount_dkk=15403.78
2026-03-09T02:30:34.504+01:00 INFO notification-service host=notification-service-7c9d5b-p9qmz corrId=c-165c5a007b660a56 payment receipt sent loan_id=LN530649389 channel=EMAIL
2026-03-09T02:30:48.730+01:00 INFO payment-scheduler host=payment-scheduler-a41e92-p9qmz corrId=c-571a1dbb970ee753 instalment collection started loan_id=LN031910238 due_date=2026-03-14
2026-03-09T02:30:48.805+01:00 INFO payment-service host=payment-service-a41e92-p9qmz corrId=c-571a1dbb970ee753 direct debit mandate verified loan_id=LN031910238 mandate_id=MD8109082
2026-03-09T02:30:48.895+01:00 INFO payment-service host=payment-service-a41e92-p9qmz corrId=c-571a1dbb970ee753 payment instruction sent loan_id=LN031910238 amount_dkk=5964.35
2026-03-09T02:30:49.005+01:00 INFO ledger-service host=ledger-service-5b8f6c-t6zvn corrId=c-571a1dbb970ee753 ledger posting accepted loan_id=LN031910238 amount_dkk=5964.35 posting_id=PST-223a277ca7
2026-03-09T02:30:49.041+01:00 INFO payment-service host=payment-service-a41e92-t6zvn corrId=c-571a1dbb970ee753 payment settled loan_id=LN031910238 amount_dkk=5964.35
2026-03-09T02:30:49.127+01:00 INFO notification-service host=notification-service-a41e92-t6zvn corrId=c-571a1dbb970ee753 payment receipt sent loan_id=LN031910238 channel=DIGITAL_POST
2026-03-09T02:31:29.290+01:00 INFO payment-scheduler host=payment-scheduler-a41e92-t6zvn corrId=c-2146e4f71705e706 instalment collection started loan_id=LN660334696 due_date=2026-03-16
2026-03-09T02:31:29.327+01:00 INFO payment-service host=payment-service-7c9d5b-t6zvn corrId=c-2146e4f71705e706 direct debit mandate verified loan_id=LN660334696 mandate_id=MD5852846
2026-03-09T02:31:29.437+01:00 INFO payment-service host=payment-service-a41e92-t6zvn corrId=c-2146e4f71705e706 payment instruction sent loan_id=LN660334696 amount_dkk=14037.04
2026-03-09T02:31:29.471+01:00 INFO ledger-service host=ledger-service-a41e92-t6zvn corrId=c-2146e4f71705e706 ledger posting accepted loan_id=LN660334696 amount_dkk=14037.04 posting_id=PST-5ac607339d
2026-03-09T02:31:29.490+01:00 INFO payment-service host=payment-service-a41e92-p9qmz corrId=c-2146e4f71705e706 payment settled loan_id=LN660334696 amount_dkk=14037.04
2026-03-09T02:31:29.605+01:00 INFO notification-service host=notification-service-7c9d5b-x2k4p corrId=c-2146e4f71705e706 payment receipt sent loan_id=LN660334696 channel=EMAIL
2026-03-09T02:32:31.830+01:00 INFO payment-scheduler host=payment-scheduler-7c9d5b-x2k4p corrId=c-351f2175abbcb2f3 instalment collection started loan_id=LN812925292 due_date=2026-03-23
2026-03-09T02:32:31.887+01:00 INFO payment-service host=payment-service-7c9d5b-p9qmz corrId=c-351f2175abbcb2f3 direct debit mandate verified loan_id=LN812925292 mandate_id=MD5873957
2026-03-09T02:32:31.965+01:00 INFO payment-service host=payment-service-7c9d5b-p9qmz corrId=c-351f2175abbcb2f3 payment instruction sent loan_id=LN812925292 amount_dkk=17881.32
2026-03-09T02:32:31.975+01:00 INFO ledger-service host=ledger-service-5b8f6c-x2k4p corrId=c-351f2175abbcb2f3 ledger posting accepted loan_id=LN812925292 amount_dkk=17881.32 posting_id=PST-53c2b6ddfa
2026-03-09T02:32:31.988+01:00 INFO payment-service host=payment-service-5b8f6c-t6zvn corrId=c-351f2175abbcb2f3 payment settled loan_id=LN812925292 amount_dkk=17881.32
2026-03-09T02:32:32.096+01:00 INFO notification-service host=notification-service-a41e92-t6zvn corrId=c-351f2175abbcb2f3 payment receipt sent loan_id=LN812925292 channel=DIGITAL_POST
2026-03-09T02:32:34.213+01:00 INFO payment-scheduler host=payment-scheduler-a41e92-x2k4p corrId=c-1e90a7cf546c7aa5 instalment collection started loan_id=LN166701829 due_date=2026-03-07
2026-03-09T02:32:34.293+01:00 INFO payment-service host=payment-service-7c9d5b-p9qmz corrId=c-1e90a7cf546c7aa5 direct debit mandate verified loan_id=LN166701829 mandate_id=MD9475508
2026-03-09T02:32:34.386+01:00 INFO payment-service host=payment-service-7c9d5b-t6zvn corrId=c-1e90a7cf546c7aa5 payment instruction sent loan_id=LN166701829 amount_dkk=4916.70
2026-03-09T02:32:34.521+01:00 INFO ledger-service host=ledger-service-5b8f6c-x2k4p corrId=c-1e90a7cf546c7aa5 ledger posting accepted loan_id=LN166701829 amount_dkk=4916.70 posting_id=PST-b1d6cf5073
2026-03-09T02:32:34.601+01:00 INFO payment-service host=payment-service-a41e92-p9qmz corrId=c-1e90a7cf546c7aa5 payment settled loan_id=LN166701829 amount_dkk=4916.70
2026-03-09T02:32:34.698+01:00 INFO notification-service host=notification-service-7c9d5b-x2k4p corrId=c-1e90a7cf546c7aa5 payment receipt sent loan_id=LN166701829 channel=DIGITAL_POST
2026-03-09T02:32:59.397+01:00 INFO payment-scheduler host=payment-scheduler-5b8f6c-x2k4p corrId=c-fd1953a5b8897d93 instalment collection started loan_id=LN553408425 due_date=2026-03-06
2026-03-09T02:32:59.477+01:00 INFO payment-service host=payment-service-5b8f6c-p9qmz corrId=c-fd1953a5b8897d93 direct debit mandate verified loan_id=LN553408425 mandate_id=MD6960519
2026-03-09T02:32:59.523+01:00 INFO payment-service host=payment-service-a41e92-x2k4p corrId=c-fd1953a5b8897d93 payment instruction sent loan_id=LN553408425 amount_dkk=2607.45
2026-03-09T02:32:59.637+01:00 INFO ledger-service host=ledger-service-7c9d5b-t6zvn corrId=c-fd1953a5b8897d93 ledger posting accepted loan_id=LN553408425 amount_dkk=2607.45 posting_id=PST-b8b625ad47
2026-03-09T02:32:59.709+01:00 INFO payment-service host=payment-service-5b8f6c-x2k4p corrId=c-fd1953a5b8897d93 payment settled loan_id=LN553408425 amount_dkk=2607.45
2026-03-09T02:32:59.814+01:00 INFO notification-service host=notification-service-7c9d5b-p9qmz corrId=c-fd1953a5b8897d93 payment receipt sent loan_id=LN553408425 channel=DIGITAL_POST
2026-03-09T02:34:55.448+01:00 INFO payment-scheduler host=payment-scheduler-a41e92-x2k4p corrId=c-b41ca6b9708dcc70 instalment collection started loan_id=LN317790859 due_date=2026-03-28
2026-03-09T02:34:55.556+01:00 INFO payment-service host=payment-service-a41e92-p9qmz corrId=c-b41ca6b9708dcc70 direct debit mandate verified loan_id=LN317790859 mandate_id=MD0456168
2026-03-09T02:34:55.614+01:00 INFO payment-service host=payment-service-7c9d5b-p9qmz corrId=c-b41ca6b9708dcc70 payment instruction sent loan_id=LN317790859 amount_dkk=10776.10
2026-03-09T02:34:55.704+01:00 INFO ledger-service host=ledger-service-7c9d5b-x2k4p corrId=c-b41ca6b9708dcc70 ledger posting accepted loan_id=LN317790859 amount_dkk=10776.10 posting_id=PST-2c909489a6
2026-03-09T02:34:55.795+01:00 INFO payment-service host=payment-service-7c9d5b-x2k4p corrId=c-b41ca6b9708dcc70 payment settled loan_id=LN317790859 amount_dkk=10776.10
2026-03-09T02:34:55.927+01:00 INFO notification-service host=notification-service-7c9d5b-p9qmz corrId=c-b41ca6b9708dcc70 payment receipt sent loan_id=LN317790859 channel=DIGITAL_POST
2026-03-09T02:35:00.076+01:00 INFO api-gateway host=api-gateway-a41e92-x2k4p corrId=- health probe ok status=200 latency_ms=19
2026-03-09T02:35:01.405+01:00 INFO payment-scheduler host=payment-scheduler-7c9d5b-t6zvn corrId=c-92770971db3f22e9 instalment collection started loan_id=LN239821020 due_date=2026-03-18
2026-03-09T02:35:01.433+01:00 INFO payment-service host=payment-service-a41e92-x2k4p corrId=c-92770971db3f22e9 direct debit mandate verified loan_id=LN239821020 mandate_id=MD2689703
2026-03-09T02:35:01.508+01:00 INFO payment-service host=payment-service-7c9d5b-x2k4p corrId=c-92770971db3f22e9 payment instruction sent loan_id=LN239821020 amount_dkk=4059.76
2026-03-09T02:35:01.621+01:00 INFO ledger-service host=ledger-service-5b8f6c-x2k4p corrId=c-92770971db3f22e9 ledger posting accepted loan_id=LN239821020 amount_dkk=4059.76 posting_id=PST-4648b85f45
2026-03-09T02:35:01.729+01:00 INFO payment-service host=payment-service-5b8f6c-t6zvn corrId=c-92770971db3f22e9 payment settled loan_id=LN239821020 amount_dkk=4059.76
2026-03-09T02:35:01.867+01:00 INFO notification-service host=notification-service-7c9d5b-p9qmz corrId=c-92770971db3f22e9 payment receipt sent loan_id=LN239821020 channel=EMAIL
2026-03-09T02:35:32.859+01:00 INFO payment-scheduler host=payment-scheduler-5b8f6c-p9qmz corrId=c-55b0d3f62aa63871 instalment collection started loan_id=LN984009455 due_date=2026-03-03
2026-03-09T02:35:32.942+01:00 INFO payment-service host=payment-service-7c9d5b-t6zvn corrId=c-55b0d3f62aa63871 direct debit mandate verified loan_id=LN984009455 mandate_id=MD9890399
2026-03-09T02:35:32.996+01:00 INFO payment-service host=payment-service-a41e92-p9qmz corrId=c-55b0d3f62aa63871 payment instruction sent loan_id=LN984009455 amount_dkk=5723.85
2026-03-09T02:35:33.094+01:00 INFO ledger-service host=ledger-service-a41e92-p9qmz corrId=c-55b0d3f62aa63871 ledger posting accepted loan_id=LN984009455 amount_dkk=5723.85 posting_id=PST-0b66abe046
2026-03-09T02:35:33.181+01:00 INFO payment-service host=payment-service-5b8f6c-t6zvn corrId=c-55b0d3f62aa63871 payment settled loan_id=LN984009455 amount_dkk=5723.85
2026-03-09T02:35:33.219+01:00 INFO notification-service host=notification-service-5b8f6c-t6zvn corrId=c-55b0d3f62aa63871 payment receipt sent loan_id=LN984009455 channel=DIGITAL_POST
2026-03-09T02:35:37.879+01:00 INFO payment-scheduler host=payment-scheduler-5b8f6c-x2k4p corrId=c-08bde152f0adf62b instalment collection started loan_id=LN676179738 due_date=2026-03-05
2026-03-09T02:35:37.964+01:00 INFO payment-service host=payment-service-7c9d5b-t6zvn corrId=c-08bde152f0adf62b direct debit mandate verified loan_id=LN676179738 mandate_id=MD7400816
2026-03-09T02:35:38.003+01:00 INFO payment-service host=payment-service-7c9d5b-x2k4p corrId=c-08bde152f0adf62b payment instruction sent loan_id=LN676179738 amount_dkk=14468.83
2026-03-09T02:35:38.079+01:00 INFO ledger-service host=ledger-service-5b8f6c-p9qmz corrId=c-08bde152f0adf62b ledger posting accepted loan_id=LN676179738 amount_dkk=14468.83 posting_id=PST-21a4bfabd3
2026-03-09T02:35:38.167+01:00 INFO payment-service host=payment-service-7c9d5b-x2k4p corrId=c-08bde152f0adf62b payment settled loan_id=LN676179738 amount_dkk=14468.83
2026-03-09T02:35:38.270+01:00 INFO notification-service host=notification-service-a41e92-t6zvn corrId=c-08bde152f0adf62b payment receipt sent loan_id=LN676179738 channel=EMAIL
2026-03-09T02:36:16.071+01:00 INFO payment-scheduler host=payment-scheduler-7c9d5b-p9qmz corrId=c-0ea029c3bd739836 instalment collection started loan_id=LN912711930 due_date=2026-03-15
2026-03-09T02:36:16.150+01:00 INFO payment-service host=payment-service-7c9d5b-x2k4p corrId=c-0ea029c3bd739836 direct debit mandate verified loan_id=LN912711930 mandate_id=MD5769908
2026-03-09T02:36:16.168+01:00 INFO payment-service host=payment-service-5b8f6c-p9qmz corrId=c-0ea029c3bd739836 payment instruction sent loan_id=LN912711930 amount_dkk=10102.46
2026-03-09T02:36:16.235+01:00 INFO ledger-service host=ledger-service-a41e92-t6zvn corrId=c-0ea029c3bd739836 ledger posting accepted loan_id=LN912711930 amount_dkk=10102.46 posting_id=PST-d80e8b109b
2026-03-09T02:36:16.276+01:00 INFO payment-service host=payment-service-7c9d5b-p9qmz corrId=c-0ea029c3bd739836 payment settled loan_id=LN912711930 amount_dkk=10102.46
2026-03-09T02:36:16.354+01:00 INFO notification-service host=notification-service-7c9d5b-x2k4p corrId=c-0ea029c3bd739836 payment receipt sent loan_id=LN912711930 channel=DIGITAL_POST
2026-03-09T02:36:25.312+01:00 INFO payment-scheduler host=payment-scheduler-7c9d5b-x2k4p corrId=c-e4c8a3c73d030e29 instalment collection started loan_id=LN132447095 due_date=2026-03-27
2026-03-09T02:36:25.393+01:00 INFO payment-service host=payment-service-7c9d5b-t6zvn corrId=c-e4c8a3c73d030e29 direct debit mandate verified loan_id=LN132447095 mandate_id=MD4910064
2026-03-09T02:36:25.430+01:00 INFO payment-service host=payment-service-5b8f6c-p9qmz corrId=c-e4c8a3c73d030e29 payment instruction sent loan_id=LN132447095 amount_dkk=13602.02
2026-03-09T02:36:25.481+01:00 INFO ledger-service host=ledger-service-7c9d5b-x2k4p corrId=c-e4c8a3c73d030e29 ledger posting accepted loan_id=LN132447095 amount_dkk=13602.02 posting_id=PST-2a09e58c18
2026-03-09T02:36:25.543+01:00 INFO payment-service host=payment-service-7c9d5b-t6zvn corrId=c-e4c8a3c73d030e29 payment settled loan_id=LN132447095 amount_dkk=13602.02
2026-03-09T02:36:25.665+01:00 INFO notification-service host=notification-service-a41e92-x2k4p corrId=c-e4c8a3c73d030e29 payment receipt sent loan_id=LN132447095 channel=DIGITAL_POST
2026-03-09T02:37:07.257+01:00 INFO payment-scheduler host=payment-scheduler-a41e92-x2k4p corrId=c-4564e318ef825402 instalment collection started loan_id=LN727897495 due_date=2026-03-05
2026-03-09T02:37:07.378+01:00 INFO payment-service host=payment-service-a41e92-x2k4p corrId=c-4564e318ef825402 direct debit mandate verified loan_id=LN727897495 mandate_id=MD8105022
2026-03-09T02:37:07.387+01:00 INFO payment-service host=payment-service-5b8f6c-p9qmz corrId=c-4564e318ef825402 payment instruction sent loan_id=LN727897495 amount_dkk=13850.34
2026-03-09T02:37:07.521+01:00 INFO ledger-service host=ledger-service-5b8f6c-x2k4p corrId=c-4564e318ef825402 ledger posting accepted loan_id=LN727897495 amount_dkk=13850.34 posting_id=PST-c0ac571d9c
2026-03-09T02:37:07.553+01:00 INFO payment-service host=payment-service-5b8f6c-x2k4p corrId=c-4564e318ef825402 payment settled loan_id=LN727897495 amount_dkk=13850.34
2026-03-09T02:37:07.651+01:00 INFO notification-service host=notification-service-7c9d5b-x2k4p corrId=c-4564e318ef825402 payment receipt sent loan_id=LN727897495 channel=DIGITAL_POST
2026-03-09T02:37:16.928+01:00 INFO payment-scheduler host=payment-scheduler-5b8f6c-x2k4p corrId=c-35f86d231b5d8f7b instalment collection started loan_id=LN770192155 due_date=2026-03-13
2026-03-09T02:37:16.940+01:00 INFO payment-service host=payment-service-5b8f6c-t6zvn corrId=c-35f86d231b5d8f7b direct debit mandate verified loan_id=LN770192155 mandate_id=MD7449689
2026-03-09T02:37:16.968+01:00 INFO payment-service host=payment-service-a41e92-x2k4p corrId=c-35f86d231b5d8f7b payment instruction sent loan_id=LN770192155 amount_dkk=13765.45
2026-03-09T02:37:17.022+01:00 INFO ledger-service host=ledger-service-5b8f6c-t6zvn corrId=c-35f86d231b5d8f7b ledger posting accepted loan_id=LN770192155 amount_dkk=13765.45 posting_id=PST-086d0d8140
2026-03-09T02:37:17.114+01:00 INFO payment-service host=payment-service-7c9d5b-t6zvn corrId=c-35f86d231b5d8f7b payment settled loan_id=LN770192155 amount_dkk=13765.45
2026-03-09T02:37:17.168+01:00 INFO notification-service host=notification-service-5b8f6c-p9qmz corrId=c-35f86d231b5d8f7b payment receipt sent loan_id=LN770192155 channel=EMAIL
2026-03-09T02:37:38.101+01:00 INFO payment-scheduler host=payment-scheduler-5b8f6c-p9qmz corrId=c-9c7a6500c428348d instalment collection started loan_id=LN769317737 due_date=2026-03-06
2026-03-09T02:37:38.210+01:00 INFO payment-service host=payment-service-5b8f6c-x2k4p corrId=c-9c7a6500c428348d direct debit mandate verified loan_id=LN769317737 mandate_id=MD5442004
2026-03-09T02:37:38.316+01:00 INFO payment-service host=payment-service-a41e92-x2k4p corrId=c-9c7a6500c428348d payment instruction sent loan_id=LN769317737 amount_dkk=4397.62
2026-03-09T02:37:38.438+01:00 INFO ledger-service host=ledger-service-7c9d5b-t6zvn corrId=c-9c7a6500c428348d ledger posting accepted loan_id=LN769317737 amount_dkk=4397.62 posting_id=PST-fcf931f282
2026-03-09T02:37:38.455+01:00 INFO payment-service host=payment-service-5b8f6c-p9qmz corrId=c-9c7a6500c428348d payment settled loan_id=LN769317737 amount_dkk=4397.62
2026-03-09T02:37:38.466+01:00 INFO notification-service host=notification-service-7c9d5b-t6zvn corrId=c-9c7a6500c428348d payment receipt sent loan_id=LN769317737 channel=EMAIL
2026-03-09T02:37:52.859+01:00 INFO payment-scheduler host=payment-scheduler-7c9d5b-t6zvn corrId=c-c5cb9d4f67d66a7b instalment collection started loan_id=LN383892535 due_date=2026-03-06
2026-03-09T02:37:52.939+01:00 INFO payment-service host=payment-service-a41e92-p9qmz corrId=c-c5cb9d4f67d66a7b direct debit mandate verified loan_id=LN383892535 mandate_id=MD2987743
2026-03-09T02:37:53.070+01:00 INFO payment-service host=payment-service-5b8f6c-t6zvn corrId=c-c5cb9d4f67d66a7b payment instruction sent loan_id=LN383892535 amount_dkk=16029.93
2026-03-09T02:37:53.187+01:00 INFO ledger-service host=ledger-service-7c9d5b-x2k4p corrId=c-c5cb9d4f67d66a7b ledger posting accepted loan_id=LN383892535 amount_dkk=16029.93 posting_id=PST-06ce81a91b
2026-03-09T02:37:53.258+01:00 INFO payment-service host=payment-service-a41e92-t6zvn corrId=c-c5cb9d4f67d66a7b payment settled loan_id=LN383892535 amount_dkk=16029.93
2026-03-09T02:37:53.321+01:00 INFO notification-service host=notification-service-7c9d5b-t6zvn corrId=c-c5cb9d4f67d66a7b payment receipt sent loan_id=LN383892535 channel=DIGITAL_POST
2026-03-09T02:37:57.724+01:00 INFO payment-scheduler host=payment-scheduler-5b8f6c-p9qmz corrId=c-d5d675002cf533b7 instalment collection started loan_id=LN318503556 due_date=2026-03-02
2026-03-09T02:37:57.744+01:00 INFO payment-service host=payment-service-7c9d5b-p9qmz corrId=c-d5d675002cf533b7 direct debit mandate verified loan_id=LN318503556 mandate_id=MD1880004
2026-03-09T02:37:57.826+01:00 INFO payment-service host=payment-service-7c9d5b-p9qmz corrId=c-d5d675002cf533b7 payment instruction sent loan_id=LN318503556 amount_dkk=17184.99
2026-03-09T02:37:57.867+01:00 INFO ledger-service host=ledger-service-5b8f6c-p9qmz corrId=c-d5d675002cf533b7 ledger posting accepted loan_id=LN318503556 amount_dkk=17184.99 posting_id=PST-799db92a39
2026-03-09T02:37:57.960+01:00 INFO payment-service host=payment-service-a41e92-p9qmz corrId=c-d5d675002cf533b7 payment settled loan_id=LN318503556 amount_dkk=17184.99
2026-03-09T02:37:57.977+01:00 INFO notification-service host=notification-service-7c9d5b-t6zvn corrId=c-d5d675002cf533b7 payment receipt sent loan_id=LN318503556 channel=EMAIL
2026-03-09T02:38:05.682+01:00 INFO payment-scheduler host=payment-scheduler-a41e92-p9qmz corrId=c-b77cd93c160cee40 instalment collection started loan_id=LN430089202 due_date=2026-03-20
2026-03-09T02:38:05.814+01:00 INFO payment-service host=payment-service-7c9d5b-x2k4p corrId=c-b77cd93c160cee40 direct debit mandate verified loan_id=LN430089202 mandate_id=MD9247516
2026-03-09T02:38:05.936+01:00 INFO payment-service host=payment-service-a41e92-t6zvn corrId=c-b77cd93c160cee40 payment instruction sent loan_id=LN430089202 amount_dkk=12438.28
2026-03-09T02:38:06.060+01:00 INFO ledger-service host=ledger-service-5b8f6c-x2k4p corrId=c-b77cd93c160cee40 ledger posting accepted loan_id=LN430089202 amount_dkk=12438.28 posting_id=PST-272acf11c3
2026-03-09T02:38:06.189+01:00 INFO payment-service host=payment-service-5b8f6c-t6zvn corrId=c-b77cd93c160cee40 payment settled loan_id=LN430089202 amount_dkk=12438.28
2026-03-09T02:38:06.262+01:00 INFO notification-service host=notification-service-a41e92-t6zvn corrId=c-b77cd93c160cee40 payment receipt sent loan_id=LN430089202 channel=EMAIL
2026-03-09T02:38:07.251+01:00 INFO payment-scheduler host=payment-scheduler-a41e92-x2k4p corrId=c-ba3ea2cc518a79e4 instalment collection started loan_id=LN863332988 due_date=2026-03-25
2026-03-09T02:38:07.364+01:00 INFO payment-service host=payment-service-a41e92-p9qmz corrId=c-ba3ea2cc518a79e4 direct debit mandate verified loan_id=LN863332988 mandate_id=MD8165192
2026-03-09T02:38:07.467+01:00 INFO payment-service host=payment-service-7c9d5b-p9qmz corrId=c-ba3ea2cc518a79e4 payment instruction sent loan_id=LN863332988 amount_dkk=10979.72
2026-03-09T02:38:07.515+01:00 INFO ledger-service host=ledger-service-7c9d5b-x2k4p corrId=c-ba3ea2cc518a79e4 ledger posting accepted loan_id=LN863332988 amount_dkk=10979.72 posting_id=PST-b1f47aa13f
2026-03-09T02:38:07.562+01:00 INFO payment-service host=payment-service-5b8f6c-x2k4p corrId=c-ba3ea2cc518a79e4 payment settled loan_id=LN863332988 amount_dkk=10979.72
2026-03-09T02:38:07.581+01:00 INFO notification-service host=notification-service-5b8f6c-t6zvn corrId=c-ba3ea2cc518a79e4 payment receipt sent loan_id=LN863332988 channel=DIGITAL_POST
2026-03-09T02:38:23.528+01:00 INFO payment-scheduler host=payment-scheduler-5b8f6c-p9qmz corrId=c-416d21aac93e9d1d instalment collection started loan_id=LN597146049 due_date=2026-03-11
2026-03-09T02:38:23.601+01:00 INFO payment-service host=payment-service-a41e92-p9qmz corrId=c-416d21aac93e9d1d direct debit mandate verified loan_id=LN597146049 mandate_id=MD4270037
2026-03-09T02:38:23.636+01:00 INFO payment-service host=payment-service-5b8f6c-t6zvn corrId=c-416d21aac93e9d1d payment instruction sent loan_id=LN597146049 amount_dkk=6970.09
2026-03-09T02:38:23.772+01:00 INFO ledger-service host=ledger-service-7c9d5b-t6zvn corrId=c-416d21aac93e9d1d ledger posting accepted loan_id=LN597146049 amount_dkk=6970.09 posting_id=PST-eeac0d4ab3
2026-03-09T02:38:23.782+01:00 INFO payment-service host=payment-service-a41e92-t6zvn corrId=c-416d21aac93e9d1d payment settled loan_id=LN597146049 amount_dkk=6970.09
2026-03-09T02:38:23.812+01:00 INFO notification-service host=notification-service-5b8f6c-p9qmz corrId=c-416d21aac93e9d1d payment receipt sent loan_id=LN597146049 channel=DIGITAL_POST
2026-03-09T02:38:39.963+01:00 INFO payment-scheduler host=payment-scheduler-7c9d5b-p9qmz corrId=c-a25b1d3bd59ec88b instalment collection started loan_id=LN515889180 due_date=2026-03-23
2026-03-09T02:38:40.089+01:00 INFO payment-service host=payment-service-7c9d5b-p9qmz corrId=c-a25b1d3bd59ec88b direct debit mandate verified loan_id=LN515889180 mandate_id=MD5096405
2026-03-09T02:38:40.148+01:00 INFO payment-service host=payment-service-5b8f6c-t6zvn corrId=c-a25b1d3bd59ec88b payment instruction sent loan_id=LN515889180 amount_dkk=8951.80
2026-03-09T02:38:40.218+01:00 INFO ledger-service host=ledger-service-7c9d5b-p9qmz corrId=c-a25b1d3bd59ec88b ledger posting accepted loan_id=LN515889180 amount_dkk=8951.80 posting_id=PST-66820383e1
2026-03-09T02:38:40.338+01:00 INFO payment-service host=payment-service-a41e92-x2k4p corrId=c-a25b1d3bd59ec88b payment settled loan_id=LN515889180 amount_dkk=8951.80
2026-03-09T02:38:40.356+01:00 INFO notification-service host=notification-service-5b8f6c-p9qmz corrId=c-a25b1d3bd59ec88b payment receipt sent loan_id=LN515889180 channel=DIGITAL_POST
2026-03-09T02:38:51.127+01:00 INFO payment-scheduler host=payment-scheduler-7c9d5b-p9qmz corrId=c-0d7e18a56182b228 instalment collection started loan_id=LN310215773 due_date=2026-03-20
2026-03-09T02:38:51.205+01:00 INFO payment-service host=payment-service-a41e92-t6zvn corrId=c-0d7e18a56182b228 direct debit mandate verified loan_id=LN310215773 mandate_id=MD7758181
2026-03-09T02:38:51.248+01:00 INFO payment-service host=payment-service-5b8f6c-t6zvn corrId=c-0d7e18a56182b228 payment instruction sent loan_id=LN310215773 amount_dkk=6072.53
2026-03-09T02:38:51.298+01:00 INFO ledger-service host=ledger-service-7c9d5b-p9qmz corrId=c-0d7e18a56182b228 ledger posting accepted loan_id=LN310215773 amount_dkk=6072.53 posting_id=PST-ed873c3f05
2026-03-09T02:38:51.309+01:00 INFO payment-service host=payment-service-a41e92-x2k4p corrId=c-0d7e18a56182b228 payment settled loan_id=LN310215773 amount_dkk=6072.53
2026-03-09T02:38:51.396+01:00 INFO notification-service host=notification-service-7c9d5b-x2k4p corrId=c-0d7e18a56182b228 payment receipt sent loan_id=LN310215773 channel=EMAIL
2026-03-09T02:38:54.272+01:00 INFO payment-scheduler host=payment-scheduler-5b8f6c-p9qmz corrId=c-e5d62261f539a68b instalment collection started loan_id=LN770615567 due_date=2026-03-01
2026-03-09T02:38:54.342+01:00 INFO payment-service host=payment-service-5b8f6c-x2k4p corrId=c-e5d62261f539a68b direct debit mandate verified loan_id=LN770615567 mandate_id=MD1996550
2026-03-09T02:38:54.479+01:00 INFO payment-service host=payment-service-5b8f6c-t6zvn corrId=c-e5d62261f539a68b payment instruction sent loan_id=LN770615567 amount_dkk=15388.79
2026-03-09T02:38:54.585+01:00 INFO ledger-service host=ledger-service-5b8f6c-t6zvn corrId=c-e5d62261f539a68b ledger posting accepted loan_id=LN770615567 amount_dkk=15388.79 posting_id=PST-1b380b32df
2026-03-09T02:38:54.681+01:00 INFO payment-service host=payment-service-7c9d5b-x2k4p corrId=c-e5d62261f539a68b payment settled loan_id=LN770615567 amount_dkk=15388.79
2026-03-09T02:38:54.811+01:00 INFO notification-service host=notification-service-7c9d5b-x2k4p corrId=c-e5d62261f539a68b payment receipt sent loan_id=LN770615567 channel=DIGITAL_POST
2026-03-09T02:39:00.466+01:00 INFO payment-scheduler host=payment-scheduler-5b8f6c-x2k4p corrId=c-180f49e5b145b331 instalment collection started loan_id=LN848525552 due_date=2026-03-07
2026-03-09T02:39:00.560+01:00 INFO payment-service host=payment-service-7c9d5b-p9qmz corrId=c-180f49e5b145b331 direct debit mandate verified loan_id=LN848525552 mandate_id=MD7967479
2026-03-09T02:39:00.604+01:00 INFO payment-service host=payment-service-5b8f6c-p9qmz corrId=c-180f49e5b145b331 payment instruction sent loan_id=LN848525552 amount_dkk=13602.31
2026-03-09T02:39:00.728+01:00 INFO ledger-service host=ledger-service-a41e92-p9qmz corrId=c-180f49e5b145b331 ledger posting accepted loan_id=LN848525552 amount_dkk=13602.31 posting_id=PST-546476b39e
2026-03-09T02:39:00.771+01:00 INFO payment-service host=payment-service-7c9d5b-t6zvn corrId=c-180f49e5b145b331 payment settled loan_id=LN848525552 amount_dkk=13602.31
2026-03-09T02:39:00.796+01:00 INFO notification-service host=notification-service-5b8f6c-x2k4p corrId=c-180f49e5b145b331 payment receipt sent loan_id=LN848525552 channel=DIGITAL_POST
2026-03-09T02:39:27.599+01:00 INFO payment-scheduler host=payment-scheduler-7c9d5b-p9qmz corrId=c-c075efe2401000a6 instalment collection started loan_id=LN611677667 due_date=2026-03-23
2026-03-09T02:39:27.688+01:00 INFO payment-service host=payment-service-a41e92-x2k4p corrId=c-c075efe2401000a6 direct debit mandate verified loan_id=LN611677667 mandate_id=MD5468864
2026-03-09T02:39:27.720+01:00 INFO payment-service host=payment-service-7c9d5b-t6zvn corrId=c-c075efe2401000a6 payment instruction sent loan_id=LN611677667 amount_dkk=8132.32
2026-03-09T02:39:27.830+01:00 INFO ledger-service host=ledger-service-5b8f6c-x2k4p corrId=c-c075efe2401000a6 ledger posting accepted loan_id=LN611677667 amount_dkk=8132.32 posting_id=PST-27024f31d2
2026-03-09T02:39:27.926+01:00 INFO payment-service host=payment-service-5b8f6c-p9qmz corrId=c-c075efe2401000a6 payment settled loan_id=LN611677667 amount_dkk=8132.32
2026-03-09T02:39:27.951+01:00 INFO notification-service host=notification-service-5b8f6c-p9qmz corrId=c-c075efe2401000a6 payment receipt sent loan_id=LN611677667 channel=DIGITAL_POST
2026-03-09T02:39:29.722+01:00 INFO payment-scheduler host=payment-scheduler-7c9d5b-p9qmz corrId=c-973b47b77eab8723 instalment collection started loan_id=LN039877077 due_date=2026-03-02
2026-03-09T02:39:29.841+01:00 INFO payment-service host=payment-service-a41e92-t6zvn corrId=c-973b47b77eab8723 direct debit mandate verified loan_id=LN039877077 mandate_id=MD5539823
2026-03-09T02:39:29.851+01:00 INFO payment-service host=payment-service-5b8f6c-x2k4p corrId=c-973b47b77eab8723 payment instruction sent loan_id=LN039877077 amount_dkk=6103.93
2026-03-09T02:39:29.983+01:00 INFO ledger-service host=ledger-service-7c9d5b-p9qmz corrId=c-973b47b77eab8723 ledger posting accepted loan_id=LN039877077 amount_dkk=6103.93 posting_id=PST-752455c18f
2026-03-09T02:39:29.997+01:00 INFO payment-service host=payment-service-7c9d5b-x2k4p corrId=c-973b47b77eab8723 payment settled loan_id=LN039877077 amount_dkk=6103.93
2026-03-09T02:39:30.088+01:00 INFO notification-service host=notification-service-a41e92-p9qmz corrId=c-973b47b77eab8723 payment receipt sent loan_id=LN039877077 channel=DIGITAL_POST
2026-03-09T02:39:36.889+01:00 INFO payment-scheduler host=payment-scheduler-7c9d5b-t6zvn corrId=c-72cb4412865cd7e0 instalment collection started loan_id=LN011545010 due_date=2026-03-17
2026-03-09T02:39:36.949+01:00 INFO payment-service host=payment-service-5b8f6c-p9qmz corrId=c-72cb4412865cd7e0 direct debit mandate verified loan_id=LN011545010 mandate_id=MD0003469
2026-03-09T02:39:37.050+01:00 INFO payment-service host=payment-service-5b8f6c-x2k4p corrId=c-72cb4412865cd7e0 payment instruction sent loan_id=LN011545010 amount_dkk=4824.68
2026-03-09T02:39:37.056+01:00 INFO ledger-service host=ledger-service-5b8f6c-p9qmz corrId=c-72cb4412865cd7e0 ledger posting accepted loan_id=LN011545010 amount_dkk=4824.68 posting_id=PST-4727c8ef11
2026-03-09T02:39:37.078+01:00 INFO payment-service host=payment-service-a41e92-x2k4p corrId=c-72cb4412865cd7e0 payment settled loan_id=LN011545010 amount_dkk=4824.68
2026-03-09T02:39:37.125+01:00 INFO notification-service host=notification-service-5b8f6c-x2k4p corrId=c-72cb4412865cd7e0 payment receipt sent loan_id=LN011545010 channel=EMAIL
2026-03-09T02:40:00.079+01:00 INFO api-gateway host=api-gateway-7c9d5b-p9qmz corrId=- health probe ok status=200 latency_ms=37
2026-03-09T02:40:00.111+01:00 INFO payment-scheduler host=payment-scheduler-a41e92-x2k4p corrId=- scheduler heartbeat lag_ms=14
2026-03-09T02:40:02.701+01:00 INFO payment-scheduler host=payment-scheduler-7c9d5b-t6zvn corrId=c-a75fa79ed4c29d9b instalment collection started loan_id=LN344362575 due_date=2026-03-15
2026-03-09T02:40:02.838+01:00 INFO payment-service host=payment-service-7c9d5b-t6zvn corrId=c-a75fa79ed4c29d9b direct debit mandate verified loan_id=LN344362575 mandate_id=MD6159790
2026-03-09T02:40:02.976+01:00 INFO payment-service host=payment-service-a41e92-p9qmz corrId=c-a75fa79ed4c29d9b payment instruction sent loan_id=LN344362575 amount_dkk=9642.36
2026-03-09T02:40:03.076+01:00 INFO ledger-service host=ledger-service-a41e92-t6zvn corrId=c-a75fa79ed4c29d9b ledger posting accepted loan_id=LN344362575 amount_dkk=9642.36 posting_id=PST-e282fc4908
2026-03-09T02:40:03.185+01:00 INFO payment-service host=payment-service-5b8f6c-t6zvn corrId=c-a75fa79ed4c29d9b payment settled loan_id=LN344362575 amount_dkk=9642.36
2026-03-09T02:40:03.208+01:00 INFO notification-service host=notification-service-a41e92-x2k4p corrId=c-a75fa79ed4c29d9b payment receipt sent loan_id=LN344362575 channel=DIGITAL_POST
2026-03-09T02:40:51.802+01:00 INFO payment-scheduler host=payment-scheduler-a41e92-t6zvn corrId=c-579b7631b4f4580e instalment collection started loan_id=LN044268770 due_date=2026-03-24
2026-03-09T02:40:51.898+01:00 INFO payment-service host=payment-service-5b8f6c-x2k4p corrId=c-579b7631b4f4580e direct debit mandate verified loan_id=LN044268770 mandate_id=MD4940772
2026-03-09T02:40:51.969+01:00 INFO payment-service host=payment-service-7c9d5b-x2k4p corrId=c-579b7631b4f4580e payment instruction sent loan_id=LN044268770 amount_dkk=8420.71
2026-03-09T02:40:52.065+01:00 INFO ledger-service host=ledger-service-5b8f6c-x2k4p corrId=c-579b7631b4f4580e ledger posting accepted loan_id=LN044268770 amount_dkk=8420.71 posting_id=PST-32d451cfce
2026-03-09T02:40:52.195+01:00 INFO payment-service host=payment-service-7c9d5b-x2k4p corrId=c-579b7631b4f4580e payment settled loan_id=LN044268770 amount_dkk=8420.71
2026-03-09T02:40:52.316+01:00 INFO notification-service host=notification-service-a41e92-t6zvn corrId=c-579b7631b4f4580e payment receipt sent loan_id=LN044268770 channel=DIGITAL_POST
2026-03-09T02:41:28.578+01:00 INFO payment-scheduler host=payment-scheduler-7c9d5b-p9qmz corrId=c-a004350d7aa34689 instalment collection started loan_id=LN604488411 due_date=2026-03-25
2026-03-09T02:41:28.653+01:00 INFO payment-service host=payment-service-a41e92-t6zvn corrId=c-a004350d7aa34689 direct debit mandate verified loan_id=LN604488411 mandate_id=MD5516076
2026-03-09T02:41:28.721+01:00 INFO payment-service host=payment-service-a41e92-t6zvn corrId=c-a004350d7aa34689 payment instruction sent loan_id=LN604488411 amount_dkk=5394.25
2026-03-09T02:41:28.787+01:00 INFO ledger-service host=ledger-service-a41e92-t6zvn corrId=c-a004350d7aa34689 ledger posting accepted loan_id=LN604488411 amount_dkk=5394.25 posting_id=PST-a75f25dede
2026-03-09T02:41:28.915+01:00 INFO payment-service host=payment-service-7c9d5b-x2k4p corrId=c-a004350d7aa34689 payment settled loan_id=LN604488411 amount_dkk=5394.25
2026-03-09T02:41:29.049+01:00 INFO notification-service host=notification-service-7c9d5b-p9qmz corrId=c-a004350d7aa34689 payment receipt sent loan_id=LN604488411 channel=DIGITAL_POST
2026-03-09T02:41:52.025+01:00 INFO payment-scheduler host=payment-scheduler-7c9d5b-x2k4p corrId=c-2c5687aacd4cd13e instalment collection started loan_id=LN820753550 due_date=2026-03-28
2026-03-09T02:41:52.124+01:00 INFO payment-service host=payment-service-5b8f6c-t6zvn corrId=c-2c5687aacd4cd13e direct debit mandate verified loan_id=LN820753550 mandate_id=MD5496607
2026-03-09T02:41:52.216+01:00 INFO payment-service host=payment-service-5b8f6c-p9qmz corrId=c-2c5687aacd4cd13e payment instruction sent loan_id=LN820753550 amount_dkk=8026.83
2026-03-09T02:41:52.226+01:00 INFO ledger-service host=ledger-service-a41e92-x2k4p corrId=c-2c5687aacd4cd13e ledger posting accepted loan_id=LN820753550 amount_dkk=8026.83 posting_id=PST-bcda66ce95
2026-03-09T02:41:52.277+01:00 INFO payment-service host=payment-service-7c9d5b-p9qmz corrId=c-2c5687aacd4cd13e payment settled loan_id=LN820753550 amount_dkk=8026.83
2026-03-09T02:41:52.406+01:00 INFO notification-service host=notification-service-5b8f6c-t6zvn corrId=c-2c5687aacd4cd13e payment receipt sent loan_id=LN820753550 channel=DIGITAL_POST
2026-03-09T02:42:08.266+01:00 INFO payment-scheduler host=payment-scheduler-7c9d5b-t6zvn corrId=c-763f42f0e6a7cc91 instalment collection started loan_id=LN873460142 due_date=2026-03-18
2026-03-09T02:42:08.365+01:00 INFO payment-service host=payment-service-7c9d5b-p9qmz corrId=c-763f42f0e6a7cc91 direct debit mandate verified loan_id=LN873460142 mandate_id=MD0040849
2026-03-09T02:42:08.404+01:00 INFO payment-service host=payment-service-7c9d5b-x2k4p corrId=c-763f42f0e6a7cc91 payment instruction sent loan_id=LN873460142 amount_dkk=11034.67
2026-03-09T02:42:08.533+01:00 INFO ledger-service host=ledger-service-a41e92-x2k4p corrId=c-763f42f0e6a7cc91 ledger posting accepted loan_id=LN873460142 amount_dkk=11034.67 posting_id=PST-7bfa5a40e0
2026-03-09T02:42:08.563+01:00 INFO payment-service host=payment-service-5b8f6c-t6zvn corrId=c-763f42f0e6a7cc91 payment settled loan_id=LN873460142 amount_dkk=11034.67
2026-03-09T02:42:08.672+01:00 INFO notification-service host=notification-service-7c9d5b-t6zvn corrId=c-763f42f0e6a7cc91 payment receipt sent loan_id=LN873460142 channel=DIGITAL_POST
2026-03-09T02:42:11.041+01:00 INFO payment-scheduler host=payment-scheduler-7c9d5b-p9qmz corrId=c-b15a86333e88524d instalment collection started loan_id=LN556859914 due_date=2026-03-16
2026-03-09T02:42:11.090+01:00 INFO payment-service host=payment-service-a41e92-x2k4p corrId=c-b15a86333e88524d direct debit mandate verified loan_id=LN556859914 mandate_id=MD7951493
2026-03-09T02:42:11.160+01:00 INFO payment-service host=payment-service-a41e92-x2k4p corrId=c-b15a86333e88524d payment instruction sent loan_id=LN556859914 amount_dkk=5764.37
2026-03-09T02:42:11.251+01:00 INFO ledger-service host=ledger-service-5b8f6c-t6zvn corrId=c-b15a86333e88524d ledger posting accepted loan_id=LN556859914 amount_dkk=5764.37 posting_id=PST-f1c83d6012
2026-03-09T02:42:11.348+01:00 INFO payment-service host=payment-service-a41e92-t6zvn corrId=c-b15a86333e88524d payment settled loan_id=LN556859914 amount_dkk=5764.37
2026-03-09T02:42:11.431+01:00 INFO notification-service host=notification-service-5b8f6c-x2k4p corrId=c-b15a86333e88524d payment receipt sent loan_id=LN556859914 channel=EMAIL
2026-03-09T02:42:33.766+01:00 INFO payment-scheduler host=payment-scheduler-a41e92-x2k4p corrId=c-f603ade80c7dc118 instalment collection started loan_id=LN128717540 due_date=2026-03-24
2026-03-09T02:42:33.774+01:00 INFO payment-service host=payment-service-a41e92-p9qmz corrId=c-f603ade80c7dc118 direct debit mandate verified loan_id=LN128717540 mandate_id=MD7692457
2026-03-09T02:42:33.802+01:00 INFO payment-service host=payment-service-7c9d5b-x2k4p corrId=c-f603ade80c7dc118 payment instruction sent loan_id=LN128717540 amount_dkk=5829.86
2026-03-09T02:42:33.865+01:00 INFO ledger-service host=ledger-service-a41e92-t6zvn corrId=c-f603ade80c7dc118 ledger posting accepted loan_id=LN128717540 amount_dkk=5829.86 posting_id=PST-97466591eb
2026-03-09T02:42:33.967+01:00 INFO payment-service host=payment-service-7c9d5b-x2k4p corrId=c-f603ade80c7dc118 payment settled loan_id=LN128717540 amount_dkk=5829.86
2026-03-09T02:42:34.035+01:00 INFO notification-service host=notification-service-7c9d5b-p9qmz corrId=c-f603ade80c7dc118 payment receipt sent loan_id=LN128717540 channel=DIGITAL_POST
2026-03-09T02:43:25.732+01:00 INFO payment-scheduler host=payment-scheduler-a41e92-t6zvn corrId=c-28b42304edf948cd instalment collection started loan_id=LN342129870 due_date=2026-03-23
2026-03-09T02:43:25.863+01:00 INFO payment-service host=payment-service-a41e92-p9qmz corrId=c-28b42304edf948cd direct debit mandate verified loan_id=LN342129870 mandate_id=MD9563061
2026-03-09T02:43:25.948+01:00 INFO payment-service host=payment-service-a41e92-p9qmz corrId=c-28b42304edf948cd payment instruction sent loan_id=LN342129870 amount_dkk=12385.76
2026-03-09T02:43:26.078+01:00 INFO ledger-service host=ledger-service-7c9d5b-x2k4p corrId=c-28b42304edf948cd ledger posting accepted loan_id=LN342129870 amount_dkk=12385.76 posting_id=PST-0c3b93521c
2026-03-09T02:43:26.168+01:00 INFO payment-service host=payment-service-7c9d5b-x2k4p corrId=c-28b42304edf948cd payment settled loan_id=LN342129870 amount_dkk=12385.76
2026-03-09T02:43:26.185+01:00 INFO notification-service host=notification-service-a41e92-p9qmz corrId=c-28b42304edf948cd payment receipt sent loan_id=LN342129870 channel=DIGITAL_POST
2026-03-09T02:43:34.337+01:00 INFO payment-scheduler host=payment-scheduler-7c9d5b-t6zvn corrId=c-42ad1c8e918bbf46 instalment collection started loan_id=LN281500168 due_date=2026-03-15
2026-03-09T02:43:34.373+01:00 INFO payment-service host=payment-service-7c9d5b-p9qmz corrId=c-42ad1c8e918bbf46 direct debit mandate verified loan_id=LN281500168 mandate_id=MD1789342
2026-03-09T02:43:34.427+01:00 INFO payment-service host=payment-service-7c9d5b-p9qmz corrId=c-42ad1c8e918bbf46 payment instruction sent loan_id=LN281500168 amount_dkk=3623.09
2026-03-09T02:43:34.535+01:00 INFO ledger-service host=ledger-service-5b8f6c-t6zvn corrId=c-42ad1c8e918bbf46 ledger posting accepted loan_id=LN281500168 amount_dkk=3623.09 posting_id=PST-b8087839c3
2026-03-09T02:43:34.544+01:00 INFO payment-service host=payment-service-5b8f6c-p9qmz corrId=c-42ad1c8e918bbf46 payment settled loan_id=LN281500168 amount_dkk=3623.09
2026-03-09T02:43:34.599+01:00 INFO notification-service host=notification-service-7c9d5b-p9qmz corrId=c-42ad1c8e918bbf46 payment receipt sent loan_id=LN281500168 channel=DIGITAL_POST
2026-03-09T02:44:21.117+01:00 INFO payment-scheduler host=payment-scheduler-5b8f6c-x2k4p corrId=c-1780a700be796eda instalment collection started loan_id=LN450134677 due_date=2026-03-23
2026-03-09T02:44:21.252+01:00 INFO payment-service host=payment-service-7c9d5b-p9qmz corrId=c-1780a700be796eda direct debit mandate verified loan_id=LN450134677 mandate_id=MD5112753
2026-03-09T02:44:21.356+01:00 INFO payment-service host=payment-service-a41e92-t6zvn corrId=c-1780a700be796eda payment instruction sent loan_id=LN450134677 amount_dkk=4765.99
2026-03-09T02:44:21.472+01:00 INFO ledger-service host=ledger-service-a41e92-t6zvn corrId=c-1780a700be796eda ledger posting accepted loan_id=LN450134677 amount_dkk=4765.99 posting_id=PST-b987af5c74
2026-03-09T02:44:21.570+01:00 INFO payment-service host=payment-service-a41e92-t6zvn corrId=c-1780a700be796eda payment settled loan_id=LN450134677 amount_dkk=4765.99
2026-03-09T02:44:21.603+01:00 INFO notification-service host=notification-service-7c9d5b-t6zvn corrId=c-1780a700be796eda payment receipt sent loan_id=LN450134677 channel=DIGITAL_POST
2026-03-09T02:45:00.265+01:00 INFO api-gateway host=api-gateway-5b8f6c-t6zvn corrId=- health probe ok status=200 latency_ms=36
2026-03-09T02:45:10.532+01:00 INFO payment-scheduler host=payment-scheduler-7c9d5b-x2k4p corrId=c-a27fd42fb3a5e620 instalment collection started loan_id=LN881016121 due_date=2026-03-14
2026-03-09T02:45:10.596+01:00 INFO payment-service host=payment-service-a41e92-p9qmz corrId=c-a27fd42fb3a5e620 direct debit mandate verified loan_id=LN881016121 mandate_id=MD1122054
2026-03-09T02:45:10.734+01:00 INFO payment-service host=payment-service-7c9d5b-p9qmz corrId=c-a27fd42fb3a5e620 payment instruction sent loan_id=LN881016121 amount_dkk=10730.80
2026-03-09T02:45:10.773+01:00 INFO ledger-service host=ledger-service-a41e92-p9qmz corrId=c-a27fd42fb3a5e620 ledger posting accepted loan_id=LN881016121 amount_dkk=10730.80 posting_id=PST-eb25a1c081
2026-03-09T02:45:10.802+01:00 INFO payment-service host=payment-service-7c9d5b-x2k4p corrId=c-a27fd42fb3a5e620 payment settled loan_id=LN881016121 amount_dkk=10730.80
2026-03-09T02:45:10.829+01:00 INFO notification-service host=notification-service-5b8f6c-t6zvn corrId=c-a27fd42fb3a5e620 payment receipt sent loan_id=LN881016121 channel=DIGITAL_POST
2026-03-09T02:45:17.358+01:00 INFO payment-scheduler host=payment-scheduler-a41e92-t6zvn corrId=c-7b9f62ca7527f165 instalment collection started loan_id=LN579504642 due_date=2026-03-04
2026-03-09T02:45:17.473+01:00 INFO payment-service host=payment-service-7c9d5b-x2k4p corrId=c-7b9f62ca7527f165 direct debit mandate verified loan_id=LN579504642 mandate_id=MD0730448
2026-03-09T02:45:17.487+01:00 INFO payment-service host=payment-service-a41e92-t6zvn corrId=c-7b9f62ca7527f165 payment instruction sent loan_id=LN579504642 amount_dkk=17048.53
2026-03-09T02:45:17.615+01:00 INFO ledger-service host=ledger-service-5b8f6c-t6zvn corrId=c-7b9f62ca7527f165 ledger posting accepted loan_id=LN579504642 amount_dkk=17048.53 posting_id=PST-7c360bc941
2026-03-09T02:45:17.702+01:00 INFO payment-service host=payment-service-5b8f6c-x2k4p corrId=c-7b9f62ca7527f165 payment settled loan_id=LN579504642 amount_dkk=17048.53
2026-03-09T02:45:17.788+01:00 INFO notification-service host=notification-service-7c9d5b-x2k4p corrId=c-7b9f62ca7527f165 payment receipt sent loan_id=LN579504642 channel=EMAIL
2026-03-09T02:45:46.860+01:00 INFO payment-scheduler host=payment-scheduler-7c9d5b-x2k4p corrId=c-a93b3533d8d3e881 instalment collection started loan_id=LN445118118 due_date=2026-03-11
2026-03-09T02:45:46.873+01:00 INFO payment-service host=payment-service-7c9d5b-p9qmz corrId=c-a93b3533d8d3e881 direct debit mandate verified loan_id=LN445118118 mandate_id=MD0013106
2026-03-09T02:45:46.999+01:00 INFO payment-service host=payment-service-7c9d5b-t6zvn corrId=c-a93b3533d8d3e881 payment instruction sent loan_id=LN445118118 amount_dkk=12637.17
2026-03-09T02:45:47.007+01:00 INFO ledger-service host=ledger-service-a41e92-p9qmz corrId=c-a93b3533d8d3e881 ledger posting accepted loan_id=LN445118118 amount_dkk=12637.17 posting_id=PST-59a11a625f
2026-03-09T02:45:47.060+01:00 INFO payment-service host=payment-service-5b8f6c-p9qmz corrId=c-a93b3533d8d3e881 payment settled loan_id=LN445118118 amount_dkk=12637.17
2026-03-09T02:45:47.121+01:00 INFO notification-service host=notification-service-5b8f6c-t6zvn corrId=c-a93b3533d8d3e881 payment receipt sent loan_id=LN445118118 channel=EMAIL
2026-03-09T02:45:48.524+01:00 INFO payment-scheduler host=payment-scheduler-7c9d5b-t6zvn corrId=c-51792104656ba025 instalment collection started loan_id=LN624092670 due_date=2026-03-04
2026-03-09T02:45:48.600+01:00 INFO payment-service host=payment-service-a41e92-x2k4p corrId=c-51792104656ba025 direct debit mandate verified loan_id=LN624092670 mandate_id=MD8042360
2026-03-09T02:45:48.652+01:00 INFO payment-service host=payment-service-5b8f6c-t6zvn corrId=c-51792104656ba025 payment instruction sent loan_id=LN624092670 amount_dkk=11681.53
2026-03-09T02:45:48.671+01:00 INFO ledger-service host=ledger-service-a41e92-x2k4p corrId=c-51792104656ba025 ledger posting accepted loan_id=LN624092670 amount_dkk=11681.53 posting_id=PST-72edb95475
2026-03-09T02:45:48.694+01:00 INFO payment-service host=payment-service-a41e92-p9qmz corrId=c-51792104656ba025 payment settled loan_id=LN624092670 amount_dkk=11681.53
2026-03-09T02:45:48.822+01:00 INFO notification-service host=notification-service-a41e92-t6zvn corrId=c-51792104656ba025 payment receipt sent loan_id=LN624092670 channel=EMAIL
2026-03-09T02:45:50.492+01:00 INFO payment-scheduler host=payment-scheduler-7c9d5b-x2k4p corrId=c-34b11291003d2e10 instalment collection started loan_id=LN074592328 due_date=2026-03-12
2026-03-09T02:45:50.535+01:00 INFO payment-service host=payment-service-5b8f6c-p9qmz corrId=c-34b11291003d2e10 direct debit mandate verified loan_id=LN074592328 mandate_id=MD5415293
2026-03-09T02:45:50.652+01:00 INFO payment-service host=payment-service-a41e92-x2k4p corrId=c-34b11291003d2e10 payment instruction sent loan_id=LN074592328 amount_dkk=8659.41
2026-03-09T02:45:50.672+01:00 INFO ledger-service host=ledger-service-a41e92-x2k4p corrId=c-34b11291003d2e10 ledger posting accepted loan_id=LN074592328 amount_dkk=8659.41 posting_id=PST-2bdfb0df74
2026-03-09T02:45:50.733+01:00 INFO payment-service host=payment-service-a41e92-p9qmz corrId=c-34b11291003d2e10 payment settled loan_id=LN074592328 amount_dkk=8659.41
2026-03-09T02:45:50.818+01:00 INFO notification-service host=notification-service-5b8f6c-x2k4p corrId=c-34b11291003d2e10 payment receipt sent loan_id=LN074592328 channel=EMAIL
2026-03-09T02:46:03.436+01:00 INFO payment-scheduler host=payment-scheduler-7c9d5b-x2k4p corrId=c-d160ed131f249931 instalment collection started loan_id=LN364203014 due_date=2026-03-08
2026-03-09T02:46:03.482+01:00 INFO payment-service host=payment-service-7c9d5b-p9qmz corrId=c-d160ed131f249931 direct debit mandate verified loan_id=LN364203014 mandate_id=MD0051866
2026-03-09T02:46:03.621+01:00 INFO payment-service host=payment-service-a41e92-x2k4p corrId=c-d160ed131f249931 payment instruction sent loan_id=LN364203014 amount_dkk=7447.41
2026-03-09T02:46:03.643+01:00 INFO ledger-service host=ledger-service-5b8f6c-p9qmz corrId=c-d160ed131f249931 ledger posting accepted loan_id=LN364203014 amount_dkk=7447.41 posting_id=PST-4ee7a5e642
2026-03-09T02:46:03.723+01:00 INFO payment-service host=payment-service-5b8f6c-p9qmz corrId=c-d160ed131f249931 payment settled loan_id=LN364203014 amount_dkk=7447.41
2026-03-09T02:46:03.743+01:00 INFO notification-service host=notification-service-a41e92-p9qmz corrId=c-d160ed131f249931 payment receipt sent loan_id=LN364203014 channel=DIGITAL_POST
2026-03-09T02:46:13.431+01:00 INFO payment-scheduler host=payment-scheduler-5b8f6c-x2k4p corrId=c-87229dedab2d8332 instalment collection started loan_id=LN455014545 due_date=2026-03-23
2026-03-09T02:46:13.474+01:00 INFO payment-service host=payment-service-5b8f6c-p9qmz corrId=c-87229dedab2d8332 direct debit mandate verified loan_id=LN455014545 mandate_id=MD6653151
2026-03-09T02:46:13.539+01:00 INFO payment-service host=payment-service-a41e92-x2k4p corrId=c-87229dedab2d8332 payment instruction sent loan_id=LN455014545 amount_dkk=12108.99
2026-03-09T02:46:13.554+01:00 INFO ledger-service host=ledger-service-5b8f6c-t6zvn corrId=c-87229dedab2d8332 ledger posting accepted loan_id=LN455014545 amount_dkk=12108.99 posting_id=PST-4d0b3af6db
2026-03-09T02:46:13.633+01:00 INFO payment-service host=payment-service-7c9d5b-p9qmz corrId=c-87229dedab2d8332 payment settled loan_id=LN455014545 amount_dkk=12108.99
2026-03-09T02:46:13.647+01:00 INFO notification-service host=notification-service-5b8f6c-x2k4p corrId=c-87229dedab2d8332 payment receipt sent loan_id=LN455014545 channel=DIGITAL_POST
2026-03-09T02:46:20.951+01:00 INFO payment-scheduler host=payment-scheduler-7c9d5b-p9qmz corrId=c-c2947e0b212dfbdc instalment collection started loan_id=LN069313736 due_date=2026-03-06
2026-03-09T02:46:20.974+01:00 INFO payment-service host=payment-service-5b8f6c-p9qmz corrId=c-c2947e0b212dfbdc direct debit mandate verified loan_id=LN069313736 mandate_id=MD6249434
2026-03-09T02:46:20.984+01:00 INFO payment-service host=payment-service-5b8f6c-t6zvn corrId=c-c2947e0b212dfbdc payment instruction sent loan_id=LN069313736 amount_dkk=14515.90
2026-03-09T02:46:21.000+01:00 INFO ledger-service host=ledger-service-7c9d5b-t6zvn corrId=c-c2947e0b212dfbdc ledger posting accepted loan_id=LN069313736 amount_dkk=14515.90 posting_id=PST-5588f92848
2026-03-09T02:46:21.008+01:00 INFO payment-service host=payment-service-a41e92-x2k4p corrId=c-c2947e0b212dfbdc payment settled loan_id=LN069313736 amount_dkk=14515.90
2026-03-09T02:46:21.120+01:00 INFO notification-service host=notification-service-a41e92-x2k4p corrId=c-c2947e0b212dfbdc payment receipt sent loan_id=LN069313736 channel=DIGITAL_POST
2026-03-09T02:47:10.231+01:00 INFO payment-scheduler host=payment-scheduler-5b8f6c-t6zvn corrId=c-e475a6eacd0a7048 instalment collection started loan_id=LN358861087 due_date=2026-03-17
2026-03-09T02:47:10.365+01:00 INFO payment-service host=payment-service-5b8f6c-t6zvn corrId=c-e475a6eacd0a7048 direct debit mandate verified loan_id=LN358861087 mandate_id=MD2609179
2026-03-09T02:47:10.477+01:00 INFO payment-service host=payment-service-7c9d5b-p9qmz corrId=c-e475a6eacd0a7048 payment instruction sent loan_id=LN358861087 amount_dkk=8770.43
2026-03-09T02:47:10.562+01:00 INFO ledger-service host=ledger-service-a41e92-p9qmz corrId=c-e475a6eacd0a7048 ledger posting accepted loan_id=LN358861087 amount_dkk=8770.43 posting_id=PST-f6e08675fe
2026-03-09T02:47:10.700+01:00 INFO payment-service host=payment-service-7c9d5b-x2k4p corrId=c-e475a6eacd0a7048 payment settled loan_id=LN358861087 amount_dkk=8770.43
2026-03-09T02:47:10.710+01:00 INFO notification-service host=notification-service-a41e92-p9qmz corrId=c-e475a6eacd0a7048 payment receipt sent loan_id=LN358861087 channel=DIGITAL_POST
2026-03-09T02:47:23.848+01:00 INFO payment-scheduler host=payment-scheduler-5b8f6c-p9qmz corrId=c-74ff62c23bcbd8fe instalment collection started loan_id=LN947613275 due_date=2026-03-16
2026-03-09T02:47:23.858+01:00 INFO payment-service host=payment-service-7c9d5b-x2k4p corrId=c-74ff62c23bcbd8fe direct debit mandate verified loan_id=LN947613275 mandate_id=MD1488495
2026-03-09T02:47:23.914+01:00 INFO payment-service host=payment-service-7c9d5b-p9qmz corrId=c-74ff62c23bcbd8fe payment instruction sent loan_id=LN947613275 amount_dkk=17290.87
2026-03-09T02:47:24.034+01:00 INFO ledger-service host=ledger-service-a41e92-p9qmz corrId=c-74ff62c23bcbd8fe ledger posting accepted loan_id=LN947613275 amount_dkk=17290.87 posting_id=PST-be36f8aad0
2026-03-09T02:47:24.057+01:00 INFO payment-service host=payment-service-a41e92-t6zvn corrId=c-74ff62c23bcbd8fe payment settled loan_id=LN947613275 amount_dkk=17290.87
2026-03-09T02:47:24.172+01:00 INFO notification-service host=notification-service-7c9d5b-x2k4p corrId=c-74ff62c23bcbd8fe payment receipt sent loan_id=LN947613275 channel=DIGITAL_POST
2026-03-09T02:47:59.388+01:00 INFO payment-scheduler host=payment-scheduler-a41e92-p9qmz corrId=c-3ae542c0346c98af instalment collection started loan_id=LN930354541 due_date=2026-03-24
2026-03-09T02:47:59.462+01:00 INFO payment-service host=payment-service-a41e92-t6zvn corrId=c-3ae542c0346c98af direct debit mandate verified loan_id=LN930354541 mandate_id=MD1173797
2026-03-09T02:47:59.532+01:00 INFO payment-service host=payment-service-7c9d5b-x2k4p corrId=c-3ae542c0346c98af payment instruction sent loan_id=LN930354541 amount_dkk=15558.77
2026-03-09T02:47:59.610+01:00 INFO ledger-service host=ledger-service-5b8f6c-p9qmz corrId=c-3ae542c0346c98af ledger posting accepted loan_id=LN930354541 amount_dkk=15558.77 posting_id=PST-c2d48cf6cb
2026-03-09T02:47:59.670+01:00 INFO payment-service host=payment-service-a41e92-x2k4p corrId=c-3ae542c0346c98af payment settled loan_id=LN930354541 amount_dkk=15558.77
2026-03-09T02:47:59.677+01:00 INFO notification-service host=notification-service-5b8f6c-p9qmz corrId=c-3ae542c0346c98af payment receipt sent loan_id=LN930354541 channel=EMAIL
2026-03-09T02:48:00.145+01:00 INFO payment-scheduler host=payment-scheduler-7c9d5b-t6zvn corrId=c-62b135631e099d0b instalment collection started loan_id=LN156518200 due_date=2026-03-13
2026-03-09T02:48:00.174+01:00 INFO payment-service host=payment-service-7c9d5b-x2k4p corrId=c-62b135631e099d0b direct debit mandate verified loan_id=LN156518200 mandate_id=MD6296775
2026-03-09T02:48:00.220+01:00 INFO payment-service host=payment-service-7c9d5b-t6zvn corrId=c-62b135631e099d0b payment instruction sent loan_id=LN156518200 amount_dkk=2854.23
2026-03-09T02:48:00.322+01:00 INFO ledger-service host=ledger-service-a41e92-p9qmz corrId=c-62b135631e099d0b ledger posting accepted loan_id=LN156518200 amount_dkk=2854.23 posting_id=PST-a4e90386d4
2026-03-09T02:48:00.406+01:00 INFO payment-service host=payment-service-7c9d5b-x2k4p corrId=c-62b135631e099d0b payment settled loan_id=LN156518200 amount_dkk=2854.23
2026-03-09T02:48:00.520+01:00 INFO notification-service host=notification-service-5b8f6c-p9qmz corrId=c-62b135631e099d0b payment receipt sent loan_id=LN156518200 channel=DIGITAL_POST
2026-03-09T02:48:32.672+01:00 INFO payment-scheduler host=payment-scheduler-a41e92-x2k4p corrId=c-385c7fb2396dfab8 instalment collection started loan_id=LN154626605 due_date=2026-03-08
2026-03-09T02:48:32.722+01:00 INFO payment-service host=payment-service-a41e92-t6zvn corrId=c-385c7fb2396dfab8 direct debit mandate verified loan_id=LN154626605 mandate_id=MD4278444
2026-03-09T02:48:32.785+01:00 INFO payment-service host=payment-service-5b8f6c-x2k4p corrId=c-385c7fb2396dfab8 payment instruction sent loan_id=LN154626605 amount_dkk=13008.94
2026-03-09T02:48:32.875+01:00 INFO ledger-service host=ledger-service-7c9d5b-x2k4p corrId=c-385c7fb2396dfab8 ledger posting accepted loan_id=LN154626605 amount_dkk=13008.94 posting_id=PST-23aac26ad6
2026-03-09T02:48:32.963+01:00 INFO payment-service host=payment-service-a41e92-x2k4p corrId=c-385c7fb2396dfab8 payment settled loan_id=LN154626605 amount_dkk=13008.94
2026-03-09T02:48:32.984+01:00 INFO notification-service host=notification-service-7c9d5b-t6zvn corrId=c-385c7fb2396dfab8 payment receipt sent loan_id=LN154626605 channel=DIGITAL_POST
2026-03-09T02:48:33.236+01:00 INFO payment-scheduler host=payment-scheduler-7c9d5b-p9qmz corrId=c-475c1990e938ba5d instalment collection started loan_id=LN376758132 due_date=2026-03-10
2026-03-09T02:48:33.284+01:00 INFO payment-service host=payment-service-a41e92-t6zvn corrId=c-475c1990e938ba5d direct debit mandate verified loan_id=LN376758132 mandate_id=MD1368525
2026-03-09T02:48:33.404+01:00 INFO payment-service host=payment-service-a41e92-p9qmz corrId=c-475c1990e938ba5d payment instruction sent loan_id=LN376758132 amount_dkk=16702.04
2026-03-09T02:48:33.474+01:00 INFO ledger-service host=ledger-service-7c9d5b-t6zvn corrId=c-475c1990e938ba5d ledger posting accepted loan_id=LN376758132 amount_dkk=16702.04 posting_id=PST-0b0452f34e
2026-03-09T02:48:33.503+01:00 INFO payment-service host=payment-service-a41e92-t6zvn corrId=c-475c1990e938ba5d payment settled loan_id=LN376758132 amount_dkk=16702.04
2026-03-09T02:48:33.608+01:00 INFO notification-service host=notification-service-5b8f6c-p9qmz corrId=c-475c1990e938ba5d payment receipt sent loan_id=LN376758132 channel=EMAIL
2026-03-09T02:49:04.230+01:00 INFO payment-scheduler host=payment-scheduler-7c9d5b-t6zvn corrId=c-ba27b2647794e388 instalment collection started loan_id=LN656901199 due_date=2026-03-19
2026-03-09T02:49:04.370+01:00 INFO payment-service host=payment-service-7c9d5b-p9qmz corrId=c-ba27b2647794e388 direct debit mandate verified loan_id=LN656901199 mandate_id=MD3564373
2026-03-09T02:49:04.438+01:00 INFO payment-service host=payment-service-5b8f6c-x2k4p corrId=c-ba27b2647794e388 payment instruction sent loan_id=LN656901199 amount_dkk=17217.80
2026-03-09T02:49:04.541+01:00 INFO ledger-service host=ledger-service-7c9d5b-p9qmz corrId=c-ba27b2647794e388 ledger posting accepted loan_id=LN656901199 amount_dkk=17217.80 posting_id=PST-96b552b5f0
2026-03-09T02:49:04.669+01:00 INFO payment-service host=payment-service-7c9d5b-p9qmz corrId=c-ba27b2647794e388 payment settled loan_id=LN656901199 amount_dkk=17217.80
2026-03-09T02:49:04.717+01:00 INFO notification-service host=notification-service-7c9d5b-t6zvn corrId=c-ba27b2647794e388 payment receipt sent loan_id=LN656901199 channel=DIGITAL_POST
2026-03-09T02:49:38.679+01:00 INFO payment-scheduler host=payment-scheduler-5b8f6c-p9qmz corrId=c-16c1119ea78a9ed0 instalment collection started loan_id=LN000066296 due_date=2026-03-22
2026-03-09T02:49:38.814+01:00 INFO payment-service host=payment-service-5b8f6c-x2k4p corrId=c-16c1119ea78a9ed0 direct debit mandate verified loan_id=LN000066296 mandate_id=MD8106831
2026-03-09T02:49:38.904+01:00 INFO payment-service host=payment-service-5b8f6c-p9qmz corrId=c-16c1119ea78a9ed0 payment instruction sent loan_id=LN000066296 amount_dkk=17251.10
2026-03-09T02:49:38.998+01:00 INFO ledger-service host=ledger-service-a41e92-t6zvn corrId=c-16c1119ea78a9ed0 ledger posting accepted loan_id=LN000066296 amount_dkk=17251.10 posting_id=PST-caa288e24c
2026-03-09T02:49:39.068+01:00 INFO payment-service host=payment-service-a41e92-p9qmz corrId=c-16c1119ea78a9ed0 payment settled loan_id=LN000066296 amount_dkk=17251.10
2026-03-09T02:49:39.097+01:00 INFO notification-service host=notification-service-5b8f6c-x2k4p corrId=c-16c1119ea78a9ed0 payment receipt sent loan_id=LN000066296 channel=DIGITAL_POST
2026-03-09T02:49:59.338+01:00 INFO payment-scheduler host=payment-scheduler-a41e92-p9qmz corrId=c-7537b178104eee88 instalment collection started loan_id=LN203781533 due_date=2026-03-04
2026-03-09T02:49:59.431+01:00 INFO payment-service host=payment-service-5b8f6c-x2k4p corrId=c-7537b178104eee88 direct debit mandate verified loan_id=LN203781533 mandate_id=MD0876597
2026-03-09T02:49:59.568+01:00 INFO payment-service host=payment-service-5b8f6c-p9qmz corrId=c-7537b178104eee88 payment instruction sent loan_id=LN203781533 amount_dkk=4352.53
2026-03-09T02:49:59.665+01:00 INFO ledger-service host=ledger-service-a41e92-x2k4p corrId=c-7537b178104eee88 ledger posting accepted loan_id=LN203781533 amount_dkk=4352.53 posting_id=PST-718611a26b
2026-03-09T02:49:59.797+01:00 INFO payment-service host=payment-service-7c9d5b-t6zvn corrId=c-7537b178104eee88 payment settled loan_id=LN203781533 amount_dkk=4352.53
2026-03-09T02:49:59.813+01:00 INFO notification-service host=notification-service-a41e92-x2k4p corrId=c-7537b178104eee88 payment receipt sent loan_id=LN203781533 channel=EMAIL
2026-03-09T02:50:00.248+01:00 INFO payment-scheduler host=payment-scheduler-5b8f6c-p9qmz corrId=- scheduler heartbeat lag_ms=77
2026-03-09T02:50:00.373+01:00 INFO api-gateway host=api-gateway-a41e92-x2k4p corrId=- health probe ok status=200 latency_ms=5
2026-03-09T02:50:14.483+01:00 INFO payment-scheduler host=payment-scheduler-5b8f6c-t6zvn corrId=c-fd3bf6dd0e539c52 instalment collection started loan_id=LN452319639 due_date=2026-03-19
2026-03-09T02:50:14.539+01:00 INFO payment-service host=payment-service-7c9d5b-t6zvn corrId=c-fd3bf6dd0e539c52 direct debit mandate verified loan_id=LN452319639 mandate_id=MD0470408
2026-03-09T02:50:14.547+01:00 INFO payment-service host=payment-service-5b8f6c-t6zvn corrId=c-fd3bf6dd0e539c52 payment instruction sent loan_id=LN452319639 amount_dkk=4367.30
2026-03-09T02:50:14.611+01:00 INFO ledger-service host=ledger-service-7c9d5b-t6zvn corrId=c-fd3bf6dd0e539c52 ledger posting accepted loan_id=LN452319639 amount_dkk=4367.30 posting_id=PST-e717a73120
2026-03-09T02:50:14.743+01:00 INFO payment-service host=payment-service-7c9d5b-x2k4p corrId=c-fd3bf6dd0e539c52 payment settled loan_id=LN452319639 amount_dkk=4367.30
2026-03-09T02:50:14.854+01:00 INFO notification-service host=notification-service-a41e92-p9qmz corrId=c-fd3bf6dd0e539c52 payment receipt sent loan_id=LN452319639 channel=EMAIL
2026-03-09T02:50:23.888+01:00 INFO payment-scheduler host=payment-scheduler-5b8f6c-x2k4p corrId=c-8004bfbd74c24302 instalment collection started loan_id=LN469555376 due_date=2026-03-18
2026-03-09T02:50:23.990+01:00 INFO payment-service host=payment-service-5b8f6c-p9qmz corrId=c-8004bfbd74c24302 direct debit mandate verified loan_id=LN469555376 mandate_id=MD4557532
2026-03-09T02:50:24.083+01:00 INFO payment-service host=payment-service-7c9d5b-t6zvn corrId=c-8004bfbd74c24302 payment instruction sent loan_id=LN469555376 amount_dkk=5536.55
2026-03-09T02:50:24.138+01:00 INFO ledger-service host=ledger-service-5b8f6c-x2k4p corrId=c-8004bfbd74c24302 ledger posting accepted loan_id=LN469555376 amount_dkk=5536.55 posting_id=PST-bd88b7d37e
2026-03-09T02:50:24.276+01:00 INFO payment-service host=payment-service-7c9d5b-p9qmz corrId=c-8004bfbd74c24302 payment settled loan_id=LN469555376 amount_dkk=5536.55
2026-03-09T02:50:24.412+01:00 INFO notification-service host=notification-service-7c9d5b-p9qmz corrId=c-8004bfbd74c24302 payment receipt sent loan_id=LN469555376 channel=DIGITAL_POST
2026-03-09T02:50:47.936+01:00 INFO payment-scheduler host=payment-scheduler-a41e92-p9qmz corrId=c-319e92c6776bd798 instalment collection started loan_id=LN395685859 due_date=2026-03-11
2026-03-09T02:50:48.042+01:00 INFO payment-service host=payment-service-5b8f6c-x2k4p corrId=c-319e92c6776bd798 direct debit mandate verified loan_id=LN395685859 mandate_id=MD8805187
2026-03-09T02:50:48.084+01:00 INFO payment-service host=payment-service-7c9d5b-x2k4p corrId=c-319e92c6776bd798 payment instruction sent loan_id=LN395685859 amount_dkk=7871.13
2026-03-09T02:50:48.202+01:00 INFO ledger-service host=ledger-service-7c9d5b-p9qmz corrId=c-319e92c6776bd798 ledger posting accepted loan_id=LN395685859 amount_dkk=7871.13 posting_id=PST-82e73ce5f4
2026-03-09T02:50:48.211+01:00 INFO payment-service host=payment-service-7c9d5b-x2k4p corrId=c-319e92c6776bd798 payment settled loan_id=LN395685859 amount_dkk=7871.13
2026-03-09T02:50:48.279+01:00 INFO notification-service host=notification-service-7c9d5b-x2k4p corrId=c-319e92c6776bd798 payment receipt sent loan_id=LN395685859 channel=EMAIL
2026-03-09T02:50:49.083+01:00 INFO payment-scheduler host=payment-scheduler-5b8f6c-t6zvn corrId=c-0f71a7ecd0c89404 instalment collection started loan_id=LN456604351 due_date=2026-03-17
2026-03-09T02:50:49.101+01:00 INFO payment-service host=payment-service-a41e92-t6zvn corrId=c-0f71a7ecd0c89404 direct debit mandate verified loan_id=LN456604351 mandate_id=MD9420230
2026-03-09T02:50:49.125+01:00 INFO payment-service host=payment-service-5b8f6c-t6zvn corrId=c-0f71a7ecd0c89404 payment instruction sent loan_id=LN456604351 amount_dkk=10492.31
2026-03-09T02:50:49.185+01:00 WARN ledger-service host=ledger-service-a41e92-x2k4p corrId=c-0f71a7ecd0c89404 ledger posting retried loan_id=LN456604351 attempt=1
2026-03-09T02:50:49.194+01:00 INFO ledger-service host=ledger-service-5b8f6c-p9qmz corrId=c-0f71a7ecd0c89404 ledger posting accepted loan_id=LN456604351 amount_dkk=10492.31 posting_id=PST-da60d1bd5d
2026-03-09T02:50:49.217+01:00 INFO payment-service host=payment-service-5b8f6c-p9qmz corrId=c-0f71a7ecd0c89404 payment settled loan_id=LN456604351 amount_dkk=10492.31
2026-03-09T02:50:49.257+01:00 INFO notification-service host=notification-service-7c9d5b-t6zvn corrId=c-0f71a7ecd0c89404 payment receipt sent loan_id=LN456604351 channel=EMAIL
2026-03-09T02:51:26.423+01:00 INFO payment-scheduler host=payment-scheduler-a41e92-p9qmz corrId=c-4c6730a6ec0c51b3 instalment collection started loan_id=LN739319473 due_date=2026-03-11
2026-03-09T02:51:26.437+01:00 INFO payment-service host=payment-service-7c9d5b-t6zvn corrId=c-4c6730a6ec0c51b3 direct debit mandate verified loan_id=LN739319473 mandate_id=MD6814465
2026-03-09T02:51:26.501+01:00 INFO payment-service host=payment-service-5b8f6c-t6zvn corrId=c-4c6730a6ec0c51b3 payment instruction sent loan_id=LN739319473 amount_dkk=4989.09
2026-03-09T02:51:26.516+01:00 INFO ledger-service host=ledger-service-7c9d5b-t6zvn corrId=c-4c6730a6ec0c51b3 ledger posting accepted loan_id=LN739319473 amount_dkk=4989.09 posting_id=PST-4f332d639d
2026-03-09T02:51:26.595+01:00 INFO payment-service host=payment-service-7c9d5b-p9qmz corrId=c-4c6730a6ec0c51b3 payment settled loan_id=LN739319473 amount_dkk=4989.09
2026-03-09T02:51:26.641+01:00 INFO notification-service host=notification-service-5b8f6c-t6zvn corrId=c-4c6730a6ec0c51b3 payment receipt sent loan_id=LN739319473 channel=DIGITAL_POST
2026-03-09T02:52:16.913+01:00 INFO payment-scheduler host=payment-scheduler-7c9d5b-x2k4p corrId=c-d5a2c614df0400f6 instalment collection started loan_id=LN973026876 due_date=2026-03-05
2026-03-09T02:52:17.004+01:00 INFO payment-service host=payment-service-7c9d5b-p9qmz corrId=c-d5a2c614df0400f6 direct debit mandate verified loan_id=LN973026876 mandate_id=MD4347357
2026-03-09T02:52:17.136+01:00 INFO payment-service host=payment-service-7c9d5b-t6zvn corrId=c-d5a2c614df0400f6 payment instruction sent loan_id=LN973026876 amount_dkk=3011.78
2026-03-09T02:52:17.247+01:00 INFO ledger-service host=ledger-service-5b8f6c-t6zvn corrId=c-d5a2c614df0400f6 ledger posting accepted loan_id=LN973026876 amount_dkk=3011.78 posting_id=PST-026575a728
2026-03-09T02:52:17.282+01:00 INFO payment-service host=payment-service-a41e92-p9qmz corrId=c-d5a2c614df0400f6 payment settled loan_id=LN973026876 amount_dkk=3011.78
2026-03-09T02:52:17.412+01:00 INFO notification-service host=notification-service-7c9d5b-t6zvn corrId=c-d5a2c614df0400f6 payment receipt sent loan_id=LN973026876 channel=DIGITAL_POST
2026-03-09T02:52:50.243+01:00 INFO payment-scheduler host=payment-scheduler-7c9d5b-t6zvn corrId=c-ffbe05210ab44488 instalment collection started loan_id=LN309546961 due_date=2026-03-04
2026-03-09T02:52:50.264+01:00 INFO payment-service host=payment-service-7c9d5b-t6zvn corrId=c-ffbe05210ab44488 direct debit mandate verified loan_id=LN309546961 mandate_id=MD1222977
2026-03-09T02:52:50.321+01:00 INFO payment-service host=payment-service-5b8f6c-x2k4p corrId=c-ffbe05210ab44488 payment instruction sent loan_id=LN309546961 amount_dkk=14590.82
2026-03-09T02:52:50.442+01:00 INFO ledger-service host=ledger-service-7c9d5b-p9qmz corrId=c-ffbe05210ab44488 ledger posting accepted loan_id=LN309546961 amount_dkk=14590.82 posting_id=PST-f77bbd8b25
2026-03-09T02:52:50.471+01:00 INFO payment-service host=payment-service-5b8f6c-x2k4p corrId=c-ffbe05210ab44488 payment settled loan_id=LN309546961 amount_dkk=14590.82
2026-03-09T02:52:50.482+01:00 INFO notification-service host=notification-service-7c9d5b-t6zvn corrId=c-ffbe05210ab44488 payment receipt sent loan_id=LN309546961 channel=DIGITAL_POST
2026-03-09T02:53:05.439+01:00 INFO payment-scheduler host=payment-scheduler-7c9d5b-x2k4p corrId=c-1ec5c9bce83d7dd5 instalment collection started loan_id=LN880088360 due_date=2026-03-01
2026-03-09T02:53:05.530+01:00 INFO payment-service host=payment-service-5b8f6c-x2k4p corrId=c-1ec5c9bce83d7dd5 direct debit mandate verified loan_id=LN880088360 mandate_id=MD8418058
2026-03-09T02:53:05.636+01:00 INFO payment-service host=payment-service-5b8f6c-p9qmz corrId=c-1ec5c9bce83d7dd5 payment instruction sent loan_id=LN880088360 amount_dkk=14374.03
2026-03-09T02:53:05.712+01:00 INFO ledger-service host=ledger-service-5b8f6c-p9qmz corrId=c-1ec5c9bce83d7dd5 ledger posting accepted loan_id=LN880088360 amount_dkk=14374.03 posting_id=PST-8816cfa494
2026-03-09T02:53:05.743+01:00 INFO payment-service host=payment-service-7c9d5b-x2k4p corrId=c-1ec5c9bce83d7dd5 payment settled loan_id=LN880088360 amount_dkk=14374.03
2026-03-09T02:53:05.755+01:00 INFO notification-service host=notification-service-7c9d5b-x2k4p corrId=c-1ec5c9bce83d7dd5 payment receipt sent loan_id=LN880088360 channel=EMAIL
2026-03-09T02:53:35.988+01:00 INFO payment-scheduler host=payment-scheduler-5b8f6c-t6zvn corrId=c-8af80e7ee610224a instalment collection started loan_id=LN543802508 due_date=2026-03-10
2026-03-09T02:53:36.063+01:00 INFO payment-service host=payment-service-5b8f6c-x2k4p corrId=c-8af80e7ee610224a direct debit mandate verified loan_id=LN543802508 mandate_id=MD7847869
2026-03-09T02:53:36.140+01:00 INFO payment-service host=payment-service-5b8f6c-t6zvn corrId=c-8af80e7ee610224a payment instruction sent loan_id=LN543802508 amount_dkk=15197.23
2026-03-09T02:53:36.242+01:00 INFO ledger-service host=ledger-service-a41e92-x2k4p corrId=c-8af80e7ee610224a ledger posting accepted loan_id=LN543802508 amount_dkk=15197.23 posting_id=PST-0498f4c3ee
2026-03-09T02:53:36.327+01:00 INFO payment-service host=payment-service-7c9d5b-p9qmz corrId=c-8af80e7ee610224a payment settled loan_id=LN543802508 amount_dkk=15197.23
2026-03-09T02:53:36.432+01:00 INFO notification-service host=notification-service-5b8f6c-x2k4p corrId=c-8af80e7ee610224a payment receipt sent loan_id=LN543802508 channel=DIGITAL_POST
2026-03-09T02:54:08.090+01:00 INFO payment-scheduler host=payment-scheduler-7c9d5b-t6zvn corrId=c-8cbdbf7eafa167df instalment collection started loan_id=LN958533479 due_date=2026-03-06
2026-03-09T02:54:08.136+01:00 INFO payment-service host=payment-service-a41e92-p9qmz corrId=c-8cbdbf7eafa167df direct debit mandate verified loan_id=LN958533479 mandate_id=MD8657796
2026-03-09T02:54:08.252+01:00 INFO payment-service host=payment-service-7c9d5b-x2k4p corrId=c-8cbdbf7eafa167df payment instruction sent loan_id=LN958533479 amount_dkk=14272.52
2026-03-09T02:54:08.379+01:00 INFO ledger-service host=ledger-service-7c9d5b-p9qmz corrId=c-8cbdbf7eafa167df ledger posting accepted loan_id=LN958533479 amount_dkk=14272.52 posting_id=PST-134a3c7036
2026-03-09T02:54:08.513+01:00 INFO payment-service host=payment-service-7c9d5b-p9qmz corrId=c-8cbdbf7eafa167df payment settled loan_id=LN958533479 amount_dkk=14272.52
2026-03-09T02:54:08.540+01:00 INFO notification-service host=notification-service-a41e92-p9qmz corrId=c-8cbdbf7eafa167df payment receipt sent loan_id=LN958533479 channel=DIGITAL_POST
2026-03-09T02:54:13.797+01:00 INFO payment-scheduler host=payment-scheduler-5b8f6c-p9qmz corrId=c-aa4162f7bdbf7359 instalment collection started loan_id=LN911457054 due_date=2026-03-19
2026-03-09T02:54:13.911+01:00 INFO payment-service host=payment-service-a41e92-p9qmz corrId=c-aa4162f7bdbf7359 direct debit mandate verified loan_id=LN911457054 mandate_id=MD9960346
2026-03-09T02:54:13.927+01:00 INFO payment-service host=payment-service-a41e92-t6zvn corrId=c-aa4162f7bdbf7359 payment instruction sent loan_id=LN911457054 amount_dkk=8438.24
2026-03-09T02:54:13.941+01:00 INFO ledger-service host=ledger-service-5b8f6c-p9qmz corrId=c-aa4162f7bdbf7359 ledger posting accepted loan_id=LN911457054 amount_dkk=8438.24 posting_id=PST-f74e180380
2026-03-09T02:54:13.949+01:00 INFO payment-service host=payment-service-5b8f6c-x2k4p corrId=c-aa4162f7bdbf7359 payment settled loan_id=LN911457054 amount_dkk=8438.24
2026-03-09T02:54:14.003+01:00 INFO notification-service host=notification-service-7c9d5b-p9qmz corrId=c-aa4162f7bdbf7359 payment receipt sent loan_id=LN911457054 channel=EMAIL
2026-03-09T02:54:19.963+01:00 INFO payment-scheduler host=payment-scheduler-a41e92-p9qmz corrId=c-c85c7bca60d4e8f0 instalment collection started loan_id=LN994221538 due_date=2026-03-21
2026-03-09T02:54:19.982+01:00 INFO payment-service host=payment-service-5b8f6c-p9qmz corrId=c-c85c7bca60d4e8f0 direct debit mandate verified loan_id=LN994221538 mandate_id=MD2786983
2026-03-09T02:54:19.999+01:00 INFO payment-service host=payment-service-a41e92-x2k4p corrId=c-c85c7bca60d4e8f0 payment instruction sent loan_id=LN994221538 amount_dkk=12982.16
2026-03-09T02:54:20.011+01:00 INFO ledger-service host=ledger-service-5b8f6c-x2k4p corrId=c-c85c7bca60d4e8f0 ledger posting accepted loan_id=LN994221538 amount_dkk=12982.16 posting_id=PST-fcdab19b5f
2026-03-09T02:54:20.072+01:00 INFO payment-service host=payment-service-7c9d5b-t6zvn corrId=c-c85c7bca60d4e8f0 payment settled loan_id=LN994221538 amount_dkk=12982.16
2026-03-09T02:54:20.176+01:00 INFO notification-service host=notification-service-a41e92-t6zvn corrId=c-c85c7bca60d4e8f0 payment receipt sent loan_id=LN994221538 channel=DIGITAL_POST
2026-03-09T02:55:00.628+01:00 INFO api-gateway host=api-gateway-5b8f6c-x2k4p corrId=- health probe ok status=200 latency_ms=24
2026-03-09T02:55:00.641+01:00 INFO payment-scheduler host=payment-scheduler-5b8f6c-t6zvn corrId=c-5b87152ae4f0c093 instalment collection started loan_id=LN237384719 due_date=2026-03-11
2026-03-09T02:55:00.724+01:00 INFO payment-service host=payment-service-5b8f6c-x2k4p corrId=c-5b87152ae4f0c093 direct debit mandate verified loan_id=LN237384719 mandate_id=MD5083515
2026-03-09T02:55:00.857+01:00 INFO payment-service host=payment-service-7c9d5b-t6zvn corrId=c-5b87152ae4f0c093 payment instruction sent loan_id=LN237384719 amount_dkk=7769.88
2026-03-09T02:55:00.946+01:00 INFO ledger-service host=ledger-service-a41e92-p9qmz corrId=c-5b87152ae4f0c093 ledger posting accepted loan_id=LN237384719 amount_dkk=7769.88 posting_id=PST-50432dde66
2026-03-09T02:55:01.063+01:00 INFO payment-service host=payment-service-7c9d5b-t6zvn corrId=c-5b87152ae4f0c093 payment settled loan_id=LN237384719 amount_dkk=7769.88
2026-03-09T02:55:01.118+01:00 INFO notification-service host=notification-service-a41e92-x2k4p corrId=c-5b87152ae4f0c093 payment receipt sent loan_id=LN237384719 channel=EMAIL
2026-03-09T02:55:13.313+01:00 INFO payment-scheduler host=payment-scheduler-5b8f6c-t6zvn corrId=c-3f4bc3cf40084a86 instalment collection started loan_id=LN686068874 due_date=2026-03-05
2026-03-09T02:55:13.452+01:00 INFO payment-service host=payment-service-7c9d5b-p9qmz corrId=c-3f4bc3cf40084a86 direct debit mandate verified loan_id=LN686068874 mandate_id=MD2723402
2026-03-09T02:55:13.509+01:00 INFO payment-service host=payment-service-7c9d5b-t6zvn corrId=c-3f4bc3cf40084a86 payment instruction sent loan_id=LN686068874 amount_dkk=10697.31
2026-03-09T02:55:13.534+01:00 INFO ledger-service host=ledger-service-7c9d5b-x2k4p corrId=c-3f4bc3cf40084a86 ledger posting accepted loan_id=LN686068874 amount_dkk=10697.31 posting_id=PST-1391ddf4d0
2026-03-09T02:55:13.551+01:00 INFO payment-service host=payment-service-5b8f6c-p9qmz corrId=c-3f4bc3cf40084a86 payment settled loan_id=LN686068874 amount_dkk=10697.31
2026-03-09T02:55:13.672+01:00 INFO notification-service host=notification-service-7c9d5b-x2k4p corrId=c-3f4bc3cf40084a86 payment receipt sent loan_id=LN686068874 channel=DIGITAL_POST
2026-03-09T02:55:28.232+01:00 INFO payment-scheduler host=payment-scheduler-5b8f6c-x2k4p corrId=c-3f07dd71d887acd6 instalment collection started loan_id=LN610443073 due_date=2026-03-15
2026-03-09T02:55:28.278+01:00 INFO payment-service host=payment-service-a41e92-x2k4p corrId=c-3f07dd71d887acd6 direct debit mandate verified loan_id=LN610443073 mandate_id=MD2347379
2026-03-09T02:55:28.290+01:00 INFO payment-service host=payment-service-5b8f6c-x2k4p corrId=c-3f07dd71d887acd6 payment instruction sent loan_id=LN610443073 amount_dkk=16849.74
2026-03-09T02:55:28.368+01:00 INFO ledger-service host=ledger-service-5b8f6c-x2k4p corrId=c-3f07dd71d887acd6 ledger posting accepted loan_id=LN610443073 amount_dkk=16849.74 posting_id=PST-2e68a63eec
2026-03-09T02:55:28.446+01:00 INFO payment-service host=payment-service-7c9d5b-t6zvn corrId=c-3f07dd71d887acd6 payment settled loan_id=LN610443073 amount_dkk=16849.74
2026-03-09T02:55:28.548+01:00 INFO notification-service host=notification-service-5b8f6c-p9qmz corrId=c-3f07dd71d887acd6 payment receipt sent loan_id=LN610443073 channel=DIGITAL_POST
2026-03-09T02:55:33.663+01:00 INFO payment-scheduler host=payment-scheduler-a41e92-p9qmz corrId=c-a5089309ce968f0f instalment collection started loan_id=LN435299879 due_date=2026-03-12
2026-03-09T02:55:33.689+01:00 INFO payment-service host=payment-service-7c9d5b-t6zvn corrId=c-a5089309ce968f0f direct debit mandate verified loan_id=LN435299879 mandate_id=MD4436650
2026-03-09T02:55:33.707+01:00 INFO payment-service host=payment-service-5b8f6c-t6zvn corrId=c-a5089309ce968f0f payment instruction sent loan_id=LN435299879 amount_dkk=10619.26
2026-03-09T02:55:33.763+01:00 INFO ledger-service host=ledger-service-a41e92-p9qmz corrId=c-a5089309ce968f0f ledger posting accepted loan_id=LN435299879 amount_dkk=10619.26 posting_id=PST-ef31cb961f
2026-03-09T02:55:33.783+01:00 INFO payment-service host=payment-service-a41e92-p9qmz corrId=c-a5089309ce968f0f payment settled loan_id=LN435299879 amount_dkk=10619.26
2026-03-09T02:55:33.830+01:00 INFO notification-service host=notification-service-a41e92-t6zvn corrId=c-a5089309ce968f0f payment receipt sent loan_id=LN435299879 channel=EMAIL
2026-03-09T02:55:53.137+01:00 INFO payment-scheduler host=payment-scheduler-a41e92-p9qmz corrId=c-7741944e6ad94c99 instalment collection started loan_id=LN013536003 due_date=2026-03-05
2026-03-09T02:55:53.155+01:00 INFO payment-service host=payment-service-5b8f6c-x2k4p corrId=c-7741944e6ad94c99 direct debit mandate verified loan_id=LN013536003 mandate_id=MD5156189
2026-03-09T02:55:53.278+01:00 INFO payment-service host=payment-service-5b8f6c-t6zvn corrId=c-7741944e6ad94c99 payment instruction sent loan_id=LN013536003 amount_dkk=17271.14
2026-03-09T02:55:53.337+01:00 INFO ledger-service host=ledger-service-5b8f6c-x2k4p corrId=c-7741944e6ad94c99 ledger posting accepted loan_id=LN013536003 amount_dkk=17271.14 posting_id=PST-d7b003ba5a
2026-03-09T02:55:53.412+01:00 INFO payment-service host=payment-service-5b8f6c-x2k4p corrId=c-7741944e6ad94c99 payment settled loan_id=LN013536003 amount_dkk=17271.14
2026-03-09T02:55:53.498+01:00 INFO notification-service host=notification-service-5b8f6c-t6zvn corrId=c-7741944e6ad94c99 payment receipt sent loan_id=LN013536003 channel=DIGITAL_POST
2026-03-09T02:55:57.651+01:00 INFO payment-scheduler host=payment-scheduler-7c9d5b-p9qmz corrId=c-248229d88f44d055 instalment collection started loan_id=LN214795248 due_date=2026-03-13
2026-03-09T02:55:57.743+01:00 INFO payment-service host=payment-service-7c9d5b-p9qmz corrId=c-248229d88f44d055 direct debit mandate verified loan_id=LN214795248 mandate_id=MD9952538
2026-03-09T02:55:57.845+01:00 INFO payment-service host=payment-service-a41e92-x2k4p corrId=c-248229d88f44d055 payment instruction sent loan_id=LN214795248 amount_dkk=4434.35
2026-03-09T02:55:57.883+01:00 INFO ledger-service host=ledger-service-a41e92-p9qmz corrId=c-248229d88f44d055 ledger posting accepted loan_id=LN214795248 amount_dkk=4434.35 posting_id=PST-6e808d7d88
2026-03-09T02:55:57.968+01:00 INFO payment-service host=payment-service-7c9d5b-t6zvn corrId=c-248229d88f44d055 payment settled loan_id=LN214795248 amount_dkk=4434.35
2026-03-09T02:55:57.990+01:00 INFO notification-service host=notification-service-5b8f6c-x2k4p corrId=c-248229d88f44d055 payment receipt sent loan_id=LN214795248 channel=DIGITAL_POST
2026-03-09T02:56:27.604+01:00 INFO payment-scheduler host=payment-scheduler-5b8f6c-p9qmz corrId=c-351d1b272b986687 instalment collection started loan_id=LN483294715 due_date=2026-03-13
2026-03-09T02:56:27.716+01:00 INFO payment-service host=payment-service-a41e92-p9qmz corrId=c-351d1b272b986687 direct debit mandate verified loan_id=LN483294715 mandate_id=MD1222514
2026-03-09T02:56:27.850+01:00 INFO payment-service host=payment-service-7c9d5b-t6zvn corrId=c-351d1b272b986687 payment instruction sent loan_id=LN483294715 amount_dkk=12844.26
2026-03-09T02:56:27.861+01:00 INFO ledger-service host=ledger-service-5b8f6c-p9qmz corrId=c-351d1b272b986687 ledger posting accepted loan_id=LN483294715 amount_dkk=12844.26 posting_id=PST-be9976cb57
2026-03-09T02:56:27.957+01:00 INFO payment-service host=payment-service-7c9d5b-t6zvn corrId=c-351d1b272b986687 payment settled loan_id=LN483294715 amount_dkk=12844.26
2026-03-09T02:56:28.023+01:00 INFO notification-service host=notification-service-7c9d5b-p9qmz corrId=c-351d1b272b986687 payment receipt sent loan_id=LN483294715 channel=EMAIL
2026-03-09T02:56:40.750+01:00 INFO payment-scheduler host=payment-scheduler-7c9d5b-p9qmz corrId=c-c7f3c5b4363874b9 instalment collection started loan_id=LN335506302 due_date=2026-03-19
2026-03-09T02:56:40.779+01:00 INFO payment-service host=payment-service-7c9d5b-t6zvn corrId=c-c7f3c5b4363874b9 direct debit mandate verified loan_id=LN335506302 mandate_id=MD7427935
2026-03-09T02:56:40.859+01:00 INFO payment-service host=payment-service-5b8f6c-p9qmz corrId=c-c7f3c5b4363874b9 payment instruction sent loan_id=LN335506302 amount_dkk=6220.49
2026-03-09T02:56:40.939+01:00 INFO ledger-service host=ledger-service-5b8f6c-x2k4p corrId=c-c7f3c5b4363874b9 ledger posting accepted loan_id=LN335506302 amount_dkk=6220.49 posting_id=PST-895e637a20
2026-03-09T02:56:41.001+01:00 INFO payment-service host=payment-service-5b8f6c-x2k4p corrId=c-c7f3c5b4363874b9 payment settled loan_id=LN335506302 amount_dkk=6220.49
2026-03-09T02:56:41.038+01:00 INFO notification-service host=notification-service-5b8f6c-p9qmz corrId=c-c7f3c5b4363874b9 payment receipt sent loan_id=LN335506302 channel=DIGITAL_POST
2026-03-09T02:57:39.041+01:00 INFO payment-scheduler host=payment-scheduler-7c9d5b-p9qmz corrId=c-39538314e57ca112 instalment collection started loan_id=LN706852108 due_date=2026-03-26
2026-03-09T02:57:39.170+01:00 INFO payment-service host=payment-service-a41e92-p9qmz corrId=c-39538314e57ca112 direct debit mandate verified loan_id=LN706852108 mandate_id=MD5374552
2026-03-09T02:57:39.216+01:00 INFO payment-service host=payment-service-7c9d5b-p9qmz corrId=c-39538314e57ca112 payment instruction sent loan_id=LN706852108 amount_dkk=8197.47
2026-03-09T02:57:39.259+01:00 INFO ledger-service host=ledger-service-5b8f6c-p9qmz corrId=c-39538314e57ca112 ledger posting accepted loan_id=LN706852108 amount_dkk=8197.47 posting_id=PST-cb686cd1a4
2026-03-09T02:57:39.351+01:00 INFO payment-service host=payment-service-a41e92-p9qmz corrId=c-39538314e57ca112 payment settled loan_id=LN706852108 amount_dkk=8197.47
2026-03-09T02:57:39.380+01:00 INFO notification-service host=notification-service-7c9d5b-x2k4p corrId=c-39538314e57ca112 payment receipt sent loan_id=LN706852108 channel=DIGITAL_POST
2026-03-09T02:57:39.709+01:00 INFO payment-scheduler host=payment-scheduler-7c9d5b-t6zvn corrId=c-03a518d311ee453b instalment collection started loan_id=LN708857056 due_date=2026-03-21
2026-03-09T02:57:39.765+01:00 INFO payment-service host=payment-service-a41e92-t6zvn corrId=c-03a518d311ee453b direct debit mandate verified loan_id=LN708857056 mandate_id=MD6689481
2026-03-09T02:57:39.796+01:00 INFO payment-service host=payment-service-7c9d5b-x2k4p corrId=c-03a518d311ee453b payment instruction sent loan_id=LN708857056 amount_dkk=6493.14
2026-03-09T02:57:39.860+01:00 INFO ledger-service host=ledger-service-7c9d5b-p9qmz corrId=c-03a518d311ee453b ledger posting accepted loan_id=LN708857056 amount_dkk=6493.14 posting_id=PST-c980a09c19
2026-03-09T02:57:39.898+01:00 INFO payment-service host=payment-service-a41e92-p9qmz corrId=c-03a518d311ee453b payment settled loan_id=LN708857056 amount_dkk=6493.14
2026-03-09T02:57:40.009+01:00 INFO notification-service host=notification-service-7c9d5b-x2k4p corrId=c-03a518d311ee453b payment receipt sent loan_id=LN708857056 channel=EMAIL
2026-03-09T02:57:55.075+01:00 INFO payment-scheduler host=payment-scheduler-7c9d5b-t6zvn corrId=c-227bc64a4dc35ec9 instalment collection started loan_id=LN985946411 due_date=2026-03-19
2026-03-09T02:57:55.141+01:00 INFO payment-service host=payment-service-7c9d5b-p9qmz corrId=c-227bc64a4dc35ec9 direct debit mandate verified loan_id=LN985946411 mandate_id=MD1573689
2026-03-09T02:57:55.244+01:00 INFO payment-service host=payment-service-7c9d5b-x2k4p corrId=c-227bc64a4dc35ec9 payment instruction sent loan_id=LN985946411 amount_dkk=14789.17
2026-03-09T02:57:55.307+01:00 INFO ledger-service host=ledger-service-7c9d5b-t6zvn corrId=c-227bc64a4dc35ec9 ledger posting accepted loan_id=LN985946411 amount_dkk=14789.17 posting_id=PST-62f79615b6
2026-03-09T02:57:55.325+01:00 INFO payment-service host=payment-service-a41e92-x2k4p corrId=c-227bc64a4dc35ec9 payment settled loan_id=LN985946411 amount_dkk=14789.17
2026-03-09T02:57:55.455+01:00 INFO notification-service host=notification-service-a41e92-p9qmz corrId=c-227bc64a4dc35ec9 payment receipt sent loan_id=LN985946411 channel=DIGITAL_POST
2026-03-09T02:57:57.847+01:00 INFO payment-scheduler host=payment-scheduler-5b8f6c-x2k4p corrId=c-e90c40823747e4f4 instalment collection started loan_id=LN568724583 due_date=2026-03-19
2026-03-09T02:57:57.972+01:00 INFO payment-service host=payment-service-7c9d5b-p9qmz corrId=c-e90c40823747e4f4 direct debit mandate verified loan_id=LN568724583 mandate_id=MD5866133
2026-03-09T02:57:58.019+01:00 INFO payment-service host=payment-service-a41e92-p9qmz corrId=c-e90c40823747e4f4 payment instruction sent loan_id=LN568724583 amount_dkk=11157.82
2026-03-09T02:57:58.084+01:00 INFO ledger-service host=ledger-service-7c9d5b-x2k4p corrId=c-e90c40823747e4f4 ledger posting accepted loan_id=LN568724583 amount_dkk=11157.82 posting_id=PST-3163f24108
2026-03-09T02:57:58.129+01:00 INFO payment-service host=payment-service-7c9d5b-x2k4p corrId=c-e90c40823747e4f4 payment settled loan_id=LN568724583 amount_dkk=11157.82
2026-03-09T02:57:58.174+01:00 INFO notification-service host=notification-service-a41e92-x2k4p corrId=c-e90c40823747e4f4 payment receipt sent loan_id=LN568724583 channel=DIGITAL_POST
2026-03-09T02:58:10.097+01:00 INFO payment-scheduler host=payment-scheduler-a41e92-t6zvn corrId=c-e9eabd722e0cd035 instalment collection started loan_id=LN430585644 due_date=2026-03-17
2026-03-09T02:58:10.128+01:00 INFO payment-service host=payment-service-5b8f6c-t6zvn corrId=c-e9eabd722e0cd035 direct debit mandate verified loan_id=LN430585644 mandate_id=MD4940129
2026-03-09T02:58:10.198+01:00 INFO payment-service host=payment-service-a41e92-t6zvn corrId=c-e9eabd722e0cd035 payment instruction sent loan_id=LN430585644 amount_dkk=9530.09
2026-03-09T02:58:10.283+01:00 INFO ledger-service host=ledger-service-7c9d5b-x2k4p corrId=c-e9eabd722e0cd035 ledger posting accepted loan_id=LN430585644 amount_dkk=9530.09 posting_id=PST-b9f28b5ff0
2026-03-09T02:58:10.327+01:00 INFO payment-service host=payment-service-a41e92-x2k4p corrId=c-e9eabd722e0cd035 payment settled loan_id=LN430585644 amount_dkk=9530.09
2026-03-09T02:58:10.340+01:00 INFO notification-service host=notification-service-7c9d5b-x2k4p corrId=c-e9eabd722e0cd035 payment receipt sent loan_id=LN430585644 channel=DIGITAL_POST
2026-03-09T02:58:47.511+01:00 INFO payment-scheduler host=payment-scheduler-7c9d5b-x2k4p corrId=c-b5205ed52c1227f5 instalment collection started loan_id=LN408495054 due_date=2026-03-08
2026-03-09T02:58:47.572+01:00 INFO payment-service host=payment-service-a41e92-p9qmz corrId=c-b5205ed52c1227f5 direct debit mandate verified loan_id=LN408495054 mandate_id=MD9352492
2026-03-09T02:58:47.687+01:00 INFO payment-service host=payment-service-a41e92-x2k4p corrId=c-b5205ed52c1227f5 payment instruction sent loan_id=LN408495054 amount_dkk=4567.75
2026-03-09T02:58:47.822+01:00 INFO ledger-service host=ledger-service-5b8f6c-t6zvn corrId=c-b5205ed52c1227f5 ledger posting accepted loan_id=LN408495054 amount_dkk=4567.75 posting_id=PST-7c36448204
2026-03-09T02:58:47.842+01:00 INFO payment-service host=payment-service-5b8f6c-x2k4p corrId=c-b5205ed52c1227f5 payment settled loan_id=LN408495054 amount_dkk=4567.75
2026-03-09T02:58:47.942+01:00 INFO notification-service host=notification-service-5b8f6c-x2k4p corrId=c-b5205ed52c1227f5 payment receipt sent loan_id=LN408495054 channel=DIGITAL_POST
2026-03-09T02:59:29.145+01:00 INFO payment-scheduler host=payment-scheduler-a41e92-x2k4p corrId=c-16574586a10ef8fe instalment collection started loan_id=LN338431391 due_date=2026-03-22
2026-03-09T02:59:29.276+01:00 INFO payment-service host=payment-service-5b8f6c-p9qmz corrId=c-16574586a10ef8fe direct debit mandate verified loan_id=LN338431391 mandate_id=MD7800729
2026-03-09T02:59:29.306+01:00 INFO payment-service host=payment-service-7c9d5b-x2k4p corrId=c-16574586a10ef8fe payment instruction sent loan_id=LN338431391 amount_dkk=16918.67
2026-03-09T02:59:29.394+01:00 INFO ledger-service host=ledger-service-5b8f6c-p9qmz corrId=c-16574586a10ef8fe ledger posting accepted loan_id=LN338431391 amount_dkk=16918.67 posting_id=PST-5868636330
2026-03-09T02:59:29.503+01:00 INFO payment-service host=payment-service-7c9d5b-p9qmz corrId=c-16574586a10ef8fe payment settled loan_id=LN338431391 amount_dkk=16918.67
2026-03-09T02:59:29.509+01:00 INFO notification-service host=notification-service-5b8f6c-p9qmz corrId=c-16574586a10ef8fe payment receipt sent loan_id=LN338431391 channel=EMAIL
2026-03-09T03:00:00.002+01:00 INFO payment-scheduler host=payment-scheduler-a41e92-t6zvn corrId=- scheduler heartbeat lag_ms=35
2026-03-09T03:00:00.379+01:00 INFO api-gateway host=api-gateway-a41e92-p9qmz corrId=- health probe ok status=200 latency_ms=16
2026-03-09T03:00:02.297+01:00 INFO payment-scheduler host=payment-scheduler-a41e92-p9qmz corrId=c-472b67a906a9b890 instalment collection started loan_id=LN936238397 due_date=2026-03-21
2026-03-09T03:00:02.324+01:00 INFO payment-service host=payment-service-a41e92-p9qmz corrId=c-472b67a906a9b890 direct debit mandate verified loan_id=LN936238397 mandate_id=MD8038402
2026-03-09T03:00:02.356+01:00 INFO payment-service host=payment-service-5b8f6c-p9qmz corrId=c-472b67a906a9b890 payment instruction sent loan_id=LN936238397 amount_dkk=12137.28
2026-03-09T03:00:02.444+01:00 INFO ledger-service host=ledger-service-5b8f6c-p9qmz corrId=c-472b67a906a9b890 ledger posting accepted loan_id=LN936238397 amount_dkk=12137.28 posting_id=PST-d5d8b8f1e4
2026-03-09T03:00:02.478+01:00 INFO payment-service host=payment-service-a41e92-x2k4p corrId=c-472b67a906a9b890 payment settled loan_id=LN936238397 amount_dkk=12137.28
2026-03-09T03:00:02.593+01:00 INFO notification-service host=notification-service-7c9d5b-t6zvn corrId=c-472b67a906a9b890 payment receipt sent loan_id=LN936238397 channel=EMAIL
2026-03-09T03:00:19.136+01:00 INFO payment-scheduler host=payment-scheduler-5b8f6c-t6zvn corrId=c-c36f9692812b30a4 instalment collection started loan_id=LN407460085 due_date=2026-03-21
2026-03-09T03:00:19.258+01:00 INFO payment-service host=payment-service-5b8f6c-t6zvn corrId=c-c36f9692812b30a4 direct debit mandate verified loan_id=LN407460085 mandate_id=MD0117152
2026-03-09T03:00:19.279+01:00 INFO payment-service host=payment-service-5b8f6c-p9qmz corrId=c-c36f9692812b30a4 payment instruction sent loan_id=LN407460085 amount_dkk=10464.64
2026-03-09T03:00:19.419+01:00 WARN ledger-service host=ledger-service-5b8f6c-t6zvn corrId=c-c36f9692812b30a4 ledger posting retried loan_id=LN407460085 attempt=1
2026-03-09T03:00:19.502+01:00 INFO ledger-service host=ledger-service-a41e92-p9qmz corrId=c-c36f9692812b30a4 ledger posting accepted loan_id=LN407460085 amount_dkk=10464.64 posting_id=PST-2f4818b5d3
2026-03-09T03:00:19.640+01:00 INFO payment-service host=payment-service-a41e92-p9qmz corrId=c-c36f9692812b30a4 payment settled loan_id=LN407460085 amount_dkk=10464.64
2026-03-09T03:00:19.730+01:00 INFO notification-service host=notification-service-5b8f6c-t6zvn corrId=c-c36f9692812b30a4 payment receipt sent loan_id=LN407460085 channel=DIGITAL_POST
2026-03-09T03:00:20.790+01:00 INFO payment-scheduler host=payment-scheduler-5b8f6c-t6zvn corrId=c-2bb7c171f15ebbe1 instalment collection started loan_id=LN400588746 due_date=2026-03-26
2026-03-09T03:00:20.852+01:00 INFO payment-service host=payment-service-a41e92-t6zvn corrId=c-2bb7c171f15ebbe1 direct debit mandate verified loan_id=LN400588746 mandate_id=MD0324558
2026-03-09T03:00:20.946+01:00 INFO payment-service host=payment-service-5b8f6c-x2k4p corrId=c-2bb7c171f15ebbe1 payment instruction sent loan_id=LN400588746 amount_dkk=14423.95
2026-03-09T03:00:21.051+01:00 INFO ledger-service host=ledger-service-7c9d5b-t6zvn corrId=c-2bb7c171f15ebbe1 ledger posting accepted loan_id=LN400588746 amount_dkk=14423.95 posting_id=PST-7394e7ee8e
2026-03-09T03:00:21.156+01:00 INFO payment-service host=payment-service-7c9d5b-t6zvn corrId=c-2bb7c171f15ebbe1 payment settled loan_id=LN400588746 amount_dkk=14423.95
2026-03-09T03:00:21.239+01:00 INFO notification-service host=notification-service-7c9d5b-p9qmz corrId=c-2bb7c171f15ebbe1 payment receipt sent loan_id=LN400588746 channel=DIGITAL_POST
2026-03-09T03:00:34.208+01:00 INFO payment-scheduler host=payment-scheduler-a41e92-t6zvn corrId=c-7b846670cae87cd0 instalment collection started loan_id=LN003412631 due_date=2026-03-02
2026-03-09T03:00:34.339+01:00 INFO payment-service host=payment-service-5b8f6c-p9qmz corrId=c-7b846670cae87cd0 direct debit mandate verified loan_id=LN003412631 mandate_id=MD4522785
2026-03-09T03:00:34.463+01:00 INFO payment-service host=payment-service-7c9d5b-t6zvn corrId=c-7b846670cae87cd0 payment instruction sent loan_id=LN003412631 amount_dkk=17979.62
2026-03-09T03:00:34.529+01:00 INFO ledger-service host=ledger-service-7c9d5b-t6zvn corrId=c-7b846670cae87cd0 ledger posting accepted loan_id=LN003412631 amount_dkk=17979.62 posting_id=PST-e88155af02
2026-03-09T03:00:34.636+01:00 INFO payment-service host=payment-service-5b8f6c-t6zvn corrId=c-7b846670cae87cd0 payment settled loan_id=LN003412631 amount_dkk=17979.62
2026-03-09T03:00:34.725+01:00 INFO notification-service host=notification-service-5b8f6c-p9qmz corrId=c-7b846670cae87cd0 payment receipt sent loan_id=LN003412631 channel=DIGITAL_POST
2026-03-09T03:00:40.902+01:00 INFO payment-scheduler host=payment-scheduler-5b8f6c-x2k4p corrId=c-880da1d2581352c8 instalment collection started loan_id=LN558727548 due_date=2026-03-01
2026-03-09T03:00:40.921+01:00 INFO payment-service host=payment-service-7c9d5b-p9qmz corrId=c-880da1d2581352c8 direct debit mandate verified loan_id=LN558727548 mandate_id=MD2090004
2026-03-09T03:00:40.933+01:00 INFO payment-service host=payment-service-7c9d5b-t6zvn corrId=c-880da1d2581352c8 payment instruction sent loan_id=LN558727548 amount_dkk=17467.87
2026-03-09T03:00:40.991+01:00 INFO ledger-service host=ledger-service-5b8f6c-p9qmz corrId=c-880da1d2581352c8 ledger posting accepted loan_id=LN558727548 amount_dkk=17467.87 posting_id=PST-412f432953
2026-03-09T03:00:41.027+01:00 INFO payment-service host=payment-service-5b8f6c-t6zvn corrId=c-880da1d2581352c8 payment settled loan_id=LN558727548 amount_dkk=17467.87
2026-03-09T03:00:41.085+01:00 INFO notification-service host=notification-service-a41e92-x2k4p corrId=c-880da1d2581352c8 payment receipt sent loan_id=LN558727548 channel=DIGITAL_POST
2026-03-09T03:00:48.809+01:00 INFO payment-scheduler host=payment-scheduler-5b8f6c-x2k4p corrId=c-48272808e922f4e9 instalment collection started loan_id=LN028845104 due_date=2026-03-22
2026-03-09T03:00:48.889+01:00 INFO payment-service host=payment-service-7c9d5b-p9qmz corrId=c-48272808e922f4e9 direct debit mandate verified loan_id=LN028845104 mandate_id=MD2513183
2026-03-09T03:00:48.924+01:00 INFO payment-service host=payment-service-7c9d5b-t6zvn corrId=c-48272808e922f4e9 payment instruction sent loan_id=LN028845104 amount_dkk=17315.69
2026-03-09T03:00:49.061+01:00 INFO ledger-service host=ledger-service-5b8f6c-x2k4p corrId=c-48272808e922f4e9 ledger posting accepted loan_id=LN028845104 amount_dkk=17315.69 posting_id=PST-7640123923
2026-03-09T03:00:49.072+01:00 INFO payment-service host=payment-service-a41e92-p9qmz corrId=c-48272808e922f4e9 payment settled loan_id=LN028845104 amount_dkk=17315.69
2026-03-09T03:00:49.140+01:00 INFO notification-service host=notification-service-5b8f6c-t6zvn corrId=c-48272808e922f4e9 payment receipt sent loan_id=LN028845104 channel=EMAIL
2026-03-09T03:00:54.143+01:00 INFO payment-scheduler host=payment-scheduler-a41e92-t6zvn corrId=c-d4183f01c8536f0d instalment collection started loan_id=LN218564641 due_date=2026-03-01
2026-03-09T03:00:54.149+01:00 INFO payment-service host=payment-service-a41e92-t6zvn corrId=c-d4183f01c8536f0d direct debit mandate verified loan_id=LN218564641 mandate_id=MD3413226
2026-03-09T03:00:54.181+01:00 INFO payment-service host=payment-service-5b8f6c-x2k4p corrId=c-d4183f01c8536f0d payment instruction sent loan_id=LN218564641 amount_dkk=9740.39
2026-03-09T03:00:54.198+01:00 INFO ledger-service host=ledger-service-5b8f6c-p9qmz corrId=c-d4183f01c8536f0d ledger posting accepted loan_id=LN218564641 amount_dkk=9740.39 posting_id=PST-cf85ca91ac
2026-03-09T03:00:54.266+01:00 INFO payment-service host=payment-service-7c9d5b-x2k4p corrId=c-d4183f01c8536f0d payment settled loan_id=LN218564641 amount_dkk=9740.39
2026-03-09T03:00:54.317+01:00 INFO notification-service host=notification-service-a41e92-t6zvn corrId=c-d4183f01c8536f0d payment receipt sent loan_id=LN218564641 channel=DIGITAL_POST
2026-03-09T03:00:55.000+01:00 INFO config-service host=config-service-a41e92-p9qmz corrId=- configuration refreshed version=v125
2026-03-09T03:01:27.636+01:00 INFO payment-scheduler host=payment-scheduler-7c9d5b-t6zvn corrId=c-bd6af06ffa9f6184 instalment collection started loan_id=LN150879275 due_date=2026-03-03
2026-03-09T03:01:27.720+01:00 INFO payment-service host=payment-service-7c9d5b-p9qmz corrId=c-bd6af06ffa9f6184 direct debit mandate verified loan_id=LN150879275 mandate_id=MD1246971
2026-03-09T03:01:27.817+01:00 INFO payment-service host=payment-service-7c9d5b-t6zvn corrId=c-bd6af06ffa9f6184 payment instruction sent loan_id=LN150879275 amount_dkk=15902.47
2026-03-09T03:01:27.871+01:00 INFO ledger-service host=ledger-service-5b8f6c-x2k4p corrId=c-bd6af06ffa9f6184 ledger posting accepted loan_id=LN150879275 amount_dkk=15902.47 posting_id=PST-0bcde749e1
2026-03-09T03:01:27.890+01:00 INFO payment-service host=payment-service-5b8f6c-t6zvn corrId=c-bd6af06ffa9f6184 payment settled loan_id=LN150879275 amount_dkk=15902.47
2026-03-09T03:01:27.962+01:00 INFO notification-service host=notification-service-5b8f6c-p9qmz corrId=c-bd6af06ffa9f6184 payment receipt sent loan_id=LN150879275 channel=DIGITAL_POST
2026-03-09T03:02:02.760+01:00 INFO payment-scheduler host=payment-scheduler-a41e92-p9qmz corrId=c-691def19edef0ded instalment collection started loan_id=LN653407052 due_date=2026-03-25
2026-03-09T03:02:02.837+01:00 INFO payment-service host=payment-service-5b8f6c-t6zvn corrId=c-691def19edef0ded direct debit mandate verified loan_id=LN653407052 mandate_id=MD0892070
2026-03-09T03:02:02.952+01:00 INFO payment-service host=payment-service-5b8f6c-p9qmz corrId=c-691def19edef0ded payment instruction sent loan_id=LN653407052 amount_dkk=10850.27
2026-03-09T03:02:02.982+01:00 INFO ledger-service host=ledger-service-7c9d5b-x2k4p corrId=c-691def19edef0ded ledger posting accepted loan_id=LN653407052 amount_dkk=10850.27 posting_id=PST-48ea3a89c9
2026-03-09T03:02:03.067+01:00 INFO payment-service host=payment-service-7c9d5b-t6zvn corrId=c-691def19edef0ded payment settled loan_id=LN653407052 amount_dkk=10850.27
2026-03-09T03:02:03.130+01:00 INFO notification-service host=notification-service-5b8f6c-t6zvn corrId=c-691def19edef0ded payment receipt sent loan_id=LN653407052 channel=DIGITAL_POST
2026-03-09T03:02:12.262+01:00 INFO payment-scheduler host=payment-scheduler-5b8f6c-x2k4p corrId=c-716593cc6e686297 instalment collection started loan_id=LN155232150 due_date=2026-03-12
2026-03-09T03:02:12.392+01:00 INFO payment-service host=payment-service-5b8f6c-p9qmz corrId=c-716593cc6e686297 direct debit mandate verified loan_id=LN155232150 mandate_id=MD1390390
2026-03-09T03:02:12.421+01:00 INFO payment-service host=payment-service-a41e92-t6zvn corrId=c-716593cc6e686297 payment instruction sent loan_id=LN155232150 amount_dkk=16626.63
2026-03-09T03:02:12.540+01:00 INFO ledger-service host=ledger-service-5b8f6c-t6zvn corrId=c-716593cc6e686297 ledger posting accepted loan_id=LN155232150 amount_dkk=16626.63 posting_id=PST-a473d2ae05
2026-03-09T03:02:12.654+01:00 INFO payment-service host=payment-service-5b8f6c-p9qmz corrId=c-716593cc6e686297 payment settled loan_id=LN155232150 amount_dkk=16626.63
2026-03-09T03:02:12.688+01:00 INFO notification-service host=notification-service-a41e92-x2k4p corrId=c-716593cc6e686297 payment receipt sent loan_id=LN155232150 channel=DIGITAL_POST
2026-03-09T03:02:31.265+01:00 INFO payment-scheduler host=payment-scheduler-7c9d5b-x2k4p corrId=c-4bf15f0881e9fda2 instalment collection started loan_id=LN310325846 due_date=2026-03-03
2026-03-09T03:02:31.331+01:00 INFO payment-service host=payment-service-a41e92-x2k4p corrId=c-4bf15f0881e9fda2 direct debit mandate verified loan_id=LN310325846 mandate_id=MD2372848
2026-03-09T03:02:31.440+01:00 INFO payment-service host=payment-service-5b8f6c-x2k4p corrId=c-4bf15f0881e9fda2 payment instruction sent loan_id=LN310325846 amount_dkk=8061.76
2026-03-09T03:02:31.455+01:00 INFO ledger-service host=ledger-service-5b8f6c-x2k4p corrId=c-4bf15f0881e9fda2 ledger posting accepted loan_id=LN310325846 amount_dkk=8061.76 posting_id=PST-f670d8586c
2026-03-09T03:02:31.545+01:00 INFO payment-service host=payment-service-a41e92-x2k4p corrId=c-4bf15f0881e9fda2 payment settled loan_id=LN310325846 amount_dkk=8061.76
2026-03-09T03:02:31.564+01:00 INFO notification-service host=notification-service-5b8f6c-p9qmz corrId=c-4bf15f0881e9fda2 payment receipt sent loan_id=LN310325846 channel=EMAIL
2026-03-09T03:02:34.408+01:00 INFO payment-scheduler host=payment-scheduler-5b8f6c-p9qmz corrId=c-aab17fd0b5545458 instalment collection started loan_id=LN700287047 due_date=2026-03-17
2026-03-09T03:02:34.473+01:00 INFO payment-service host=payment-service-5b8f6c-x2k4p corrId=c-aab17fd0b5545458 direct debit mandate verified loan_id=LN700287047 mandate_id=MD2419837
2026-03-09T03:02:34.496+01:00 INFO payment-service host=payment-service-5b8f6c-x2k4p corrId=c-aab17fd0b5545458 payment instruction sent loan_id=LN700287047 amount_dkk=7662.58
2026-03-09T03:02:34.580+01:00 INFO ledger-service host=ledger-service-5b8f6c-x2k4p corrId=c-aab17fd0b5545458 ledger posting accepted loan_id=LN700287047 amount_dkk=7662.58 posting_id=PST-4dad571845
2026-03-09T03:02:34.672+01:00 INFO payment-service host=payment-service-7c9d5b-t6zvn corrId=c-aab17fd0b5545458 payment settled loan_id=LN700287047 amount_dkk=7662.58
2026-03-09T03:02:34.753+01:00 INFO notification-service host=notification-service-a41e92-x2k4p corrId=c-aab17fd0b5545458 payment receipt sent loan_id=LN700287047 channel=DIGITAL_POST
2026-03-09T03:02:46.169+01:00 INFO payment-scheduler host=payment-scheduler-7c9d5b-p9qmz corrId=c-661f4d166f477bb3 instalment collection started loan_id=LN319315710 due_date=2026-03-19
2026-03-09T03:02:46.211+01:00 INFO payment-service host=payment-service-5b8f6c-x2k4p corrId=c-661f4d166f477bb3 direct debit mandate verified loan_id=LN319315710 mandate_id=MD0967171
2026-03-09T03:02:46.227+01:00 INFO payment-service host=payment-service-7c9d5b-p9qmz corrId=c-661f4d166f477bb3 payment instruction sent loan_id=LN319315710 amount_dkk=3201.30
2026-03-09T03:02:46.354+01:00 INFO ledger-service host=ledger-service-7c9d5b-x2k4p corrId=c-661f4d166f477bb3 ledger posting accepted loan_id=LN319315710 amount_dkk=3201.30 posting_id=PST-297d9b0dc3
2026-03-09T03:02:46.476+01:00 INFO payment-service host=payment-service-a41e92-t6zvn corrId=c-661f4d166f477bb3 payment settled loan_id=LN319315710 amount_dkk=3201.30
2026-03-09T03:02:46.589+01:00 INFO notification-service host=notification-service-a41e92-t6zvn corrId=c-661f4d166f477bb3 payment receipt sent loan_id=LN319315710 channel=DIGITAL_POST
2026-03-09T03:02:50.579+01:00 INFO payment-scheduler host=payment-scheduler-7c9d5b-p9qmz corrId=c-0f9fd2f5c9f5f812 instalment collection started loan_id=LN255378804 due_date=2026-03-20
2026-03-09T03:02:50.685+01:00 INFO payment-service host=payment-service-a41e92-t6zvn corrId=c-0f9fd2f5c9f5f812 direct debit mandate verified loan_id=LN255378804 mandate_id=MD6658380
2026-03-09T03:02:50.727+01:00 INFO payment-service host=payment-service-a41e92-x2k4p corrId=c-0f9fd2f5c9f5f812 payment instruction sent loan_id=LN255378804 amount_dkk=4146.07
2026-03-09T03:02:50.860+01:00 INFO ledger-service host=ledger-service-7c9d5b-t6zvn corrId=c-0f9fd2f5c9f5f812 ledger posting accepted loan_id=LN255378804 amount_dkk=4146.07 posting_id=PST-91e1fe92bd
2026-03-09T03:02:50.892+01:00 INFO payment-service host=payment-service-a41e92-p9qmz corrId=c-0f9fd2f5c9f5f812 payment settled loan_id=LN255378804 amount_dkk=4146.07
2026-03-09T03:02:51.024+01:00 INFO notification-service host=notification-service-5b8f6c-x2k4p corrId=c-0f9fd2f5c9f5f812 payment receipt sent loan_id=LN255378804 channel=EMAIL
2026-03-09T03:03:05.777+01:00 INFO payment-scheduler host=payment-scheduler-5b8f6c-x2k4p corrId=c-701d919be6b42f57 instalment collection started loan_id=LN397675831 due_date=2026-03-11
2026-03-09T03:03:05.826+01:00 INFO payment-service host=payment-service-a41e92-x2k4p corrId=c-701d919be6b42f57 direct debit mandate verified loan_id=LN397675831 mandate_id=MD2015861
2026-03-09T03:03:05.857+01:00 INFO payment-service host=payment-service-5b8f6c-t6zvn corrId=c-701d919be6b42f57 payment instruction sent loan_id=LN397675831 amount_dkk=4248.45
2026-03-09T03:03:05.926+01:00 INFO ledger-service host=ledger-service-5b8f6c-t6zvn corrId=c-701d919be6b42f57 ledger posting accepted loan_id=LN397675831 amount_dkk=4248.45 posting_id=PST-9feddba4ed
2026-03-09T03:03:05.968+01:00 INFO payment-service host=payment-service-7c9d5b-x2k4p corrId=c-701d919be6b42f57 payment settled loan_id=LN397675831 amount_dkk=4248.45
2026-03-09T03:03:06.023+01:00 INFO notification-service host=notification-service-7c9d5b-x2k4p corrId=c-701d919be6b42f57 payment receipt sent loan_id=LN397675831 channel=DIGITAL_POST
2026-03-09T03:03:45.985+01:00 INFO payment-scheduler host=payment-scheduler-7c9d5b-t6zvn corrId=c-f806e42bb67eda91 instalment collection started loan_id=LN172505932 due_date=2026-03-15
2026-03-09T03:03:45.991+01:00 INFO payment-service host=payment-service-a41e92-t6zvn corrId=c-f806e42bb67eda91 direct debit mandate verified loan_id=LN172505932 mandate_id=MD7822295
2026-03-09T03:03:46.122+01:00 INFO payment-service host=payment-service-5b8f6c-p9qmz corrId=c-f806e42bb67eda91 payment instruction sent loan_id=LN172505932 amount_dkk=17190.86
2026-03-09T03:03:46.216+01:00 INFO ledger-service host=ledger-service-7c9d5b-x2k4p corrId=c-f806e42bb67eda91 ledger posting accepted loan_id=LN172505932 amount_dkk=17190.86 posting_id=PST-04ae4443d2
2026-03-09T03:03:46.270+01:00 INFO payment-service host=payment-service-5b8f6c-x2k4p corrId=c-f806e42bb67eda91 payment settled loan_id=LN172505932 amount_dkk=17190.86
2026-03-09T03:03:46.317+01:00 INFO notification-service host=notification-service-7c9d5b-t6zvn corrId=c-f806e42bb67eda91 payment receipt sent loan_id=LN172505932 channel=DIGITAL_POST
2026-03-09T03:03:48.657+01:00 INFO payment-scheduler host=payment-scheduler-7c9d5b-p9qmz corrId=c-9b7d000b414fc0f8 instalment collection started loan_id=LN133103481 due_date=2026-03-20
2026-03-09T03:03:48.721+01:00 INFO payment-service host=payment-service-a41e92-t6zvn corrId=c-9b7d000b414fc0f8 direct debit mandate verified loan_id=LN133103481 mandate_id=MD3970977
2026-03-09T03:03:48.843+01:00 INFO payment-service host=payment-service-5b8f6c-t6zvn corrId=c-9b7d000b414fc0f8 payment instruction sent loan_id=LN133103481 amount_dkk=2636.84
2026-03-09T03:03:48.863+01:00 INFO ledger-service host=ledger-service-5b8f6c-p9qmz corrId=c-9b7d000b414fc0f8 ledger posting accepted loan_id=LN133103481 amount_dkk=2636.84 posting_id=PST-1e03e83e17
2026-03-09T03:03:48.886+01:00 INFO payment-service host=payment-service-7c9d5b-p9qmz corrId=c-9b7d000b414fc0f8 payment settled loan_id=LN133103481 amount_dkk=2636.84
2026-03-09T03:03:48.973+01:00 INFO notification-service host=notification-service-7c9d5b-x2k4p corrId=c-9b7d000b414fc0f8 payment receipt sent loan_id=LN133103481 channel=DIGITAL_POST
2026-03-09T03:04:22.601+01:00 INFO payment-scheduler host=payment-scheduler-5b8f6c-x2k4p corrId=c-93af175929cf322d instalment collection started loan_id=LN948017444 due_date=2026-03-19
2026-03-09T03:04:22.741+01:00 INFO payment-service host=payment-service-5b8f6c-t6zvn corrId=c-93af175929cf322d direct debit mandate verified loan_id=LN948017444 mandate_id=MD9633112
2026-03-09T03:04:22.746+01:00 INFO payment-service host=payment-service-7c9d5b-t6zvn corrId=c-93af175929cf322d payment instruction sent loan_id=LN948017444 amount_dkk=15619.03
2026-03-09T03:04:22.765+01:00 INFO ledger-service host=ledger-service-a41e92-p9qmz corrId=c-93af175929cf322d ledger posting accepted loan_id=LN948017444 amount_dkk=15619.03 posting_id=PST-73de909eaf
2026-03-09T03:04:22.877+01:00 INFO payment-service host=payment-service-a41e92-x2k4p corrId=c-93af175929cf322d payment settled loan_id=LN948017444 amount_dkk=15619.03
2026-03-09T03:04:22.958+01:00 INFO notification-service host=notification-service-5b8f6c-p9qmz corrId=c-93af175929cf322d payment receipt sent loan_id=LN948017444 channel=DIGITAL_POST
2026-03-09T03:04:35.335+01:00 INFO payment-scheduler host=payment-scheduler-a41e92-x2k4p corrId=c-7033973f00f18f44 instalment collection started loan_id=LN843785405 due_date=2026-03-17
2026-03-09T03:04:35.345+01:00 INFO payment-service host=payment-service-5b8f6c-x2k4p corrId=c-7033973f00f18f44 direct debit mandate verified loan_id=LN843785405 mandate_id=MD8149022
2026-03-09T03:04:35.480+01:00 INFO payment-service host=payment-service-5b8f6c-x2k4p corrId=c-7033973f00f18f44 payment instruction sent loan_id=LN843785405 amount_dkk=4925.70
2026-03-09T03:04:35.503+01:00 INFO ledger-service host=ledger-service-a41e92-x2k4p corrId=c-7033973f00f18f44 ledger posting accepted loan_id=LN843785405 amount_dkk=4925.70 posting_id=PST-f9d4851dee
2026-03-09T03:04:35.599+01:00 INFO payment-service host=payment-service-a41e92-t6zvn corrId=c-7033973f00f18f44 payment settled loan_id=LN843785405 amount_dkk=4925.70
2026-03-09T03:04:35.710+01:00 INFO notification-service host=notification-service-7c9d5b-x2k4p corrId=c-7033973f00f18f44 payment receipt sent loan_id=LN843785405 channel=EMAIL
2026-03-09T03:05:00.024+01:00 INFO api-gateway host=api-gateway-7c9d5b-t6zvn corrId=- health probe ok status=200 latency_ms=31
2026-03-09T03:05:21.369+01:00 INFO payment-scheduler host=payment-scheduler-5b8f6c-p9qmz corrId=c-c987e3510f5d981f instalment collection started loan_id=LN881904058 due_date=2026-03-24
2026-03-09T03:05:21.393+01:00 INFO payment-service host=payment-service-7c9d5b-p9qmz corrId=c-c987e3510f5d981f direct debit mandate verified loan_id=LN881904058 mandate_id=MD3493656
2026-03-09T03:05:21.412+01:00 INFO payment-service host=payment-service-a41e92-t6zvn corrId=c-c987e3510f5d981f payment instruction sent loan_id=LN881904058 amount_dkk=14769.91
2026-03-09T03:05:21.447+01:00 INFO ledger-service host=ledger-service-7c9d5b-t6zvn corrId=c-c987e3510f5d981f ledger posting accepted loan_id=LN881904058 amount_dkk=14769.91 posting_id=PST-0b986a748b
2026-03-09T03:05:21.490+01:00 INFO payment-service host=payment-service-7c9d5b-t6zvn corrId=c-c987e3510f5d981f payment settled loan_id=LN881904058 amount_dkk=14769.91
2026-03-09T03:05:21.621+01:00 INFO notification-service host=notification-service-5b8f6c-x2k4p corrId=c-c987e3510f5d981f payment receipt sent loan_id=LN881904058 channel=DIGITAL_POST
2026-03-09T03:07:14.033+01:00 INFO payment-scheduler host=payment-scheduler-5b8f6c-t6zvn corrId=c-506516a7c81c607e instalment collection started loan_id=LN453426261 due_date=2026-03-19
2026-03-09T03:07:14.169+01:00 INFO payment-service host=payment-service-7c9d5b-t6zvn corrId=c-506516a7c81c607e direct debit mandate verified loan_id=LN453426261 mandate_id=MD8590200
2026-03-09T03:07:14.251+01:00 INFO payment-service host=payment-service-a41e92-p9qmz corrId=c-506516a7c81c607e payment instruction sent loan_id=LN453426261 amount_dkk=7045.68
2026-03-09T03:07:14.286+01:00 INFO ledger-service host=ledger-service-a41e92-p9qmz corrId=c-506516a7c81c607e ledger posting accepted loan_id=LN453426261 amount_dkk=7045.68 posting_id=PST-d1a8823382
2026-03-09T03:07:14.401+01:00 INFO payment-service host=payment-service-a41e92-t6zvn corrId=c-506516a7c81c607e payment settled loan_id=LN453426261 amount_dkk=7045.68
2026-03-09T03:07:14.530+01:00 INFO notification-service host=notification-service-7c9d5b-p9qmz corrId=c-506516a7c81c607e payment receipt sent loan_id=LN453426261 channel=EMAIL
2026-03-09T03:07:19.288+01:00 INFO payment-scheduler host=payment-scheduler-a41e92-p9qmz corrId=c-7bd4a99f626c2024 instalment collection started loan_id=LN114348842 due_date=2026-03-08
2026-03-09T03:07:19.398+01:00 INFO payment-service host=payment-service-7c9d5b-t6zvn corrId=c-7bd4a99f626c2024 direct debit mandate verified loan_id=LN114348842 mandate_id=MD9329780
2026-03-09T03:07:19.477+01:00 INFO payment-service host=payment-service-a41e92-p9qmz corrId=c-7bd4a99f626c2024 payment instruction sent loan_id=LN114348842 amount_dkk=3987.73
2026-03-09T03:07:19.523+01:00 INFO ledger-service host=ledger-service-7c9d5b-x2k4p corrId=c-7bd4a99f626c2024 ledger posting accepted loan_id=LN114348842 amount_dkk=3987.73 posting_id=PST-4305c3a3c8
2026-03-09T03:07:19.556+01:00 INFO payment-service host=payment-service-5b8f6c-p9qmz corrId=c-7bd4a99f626c2024 payment settled loan_id=LN114348842 amount_dkk=3987.73
2026-03-09T03:07:19.679+01:00 INFO notification-service host=notification-service-a41e92-x2k4p corrId=c-7bd4a99f626c2024 payment receipt sent loan_id=LN114348842 channel=EMAIL
2026-03-09T03:08:31.652+01:00 INFO payment-scheduler host=payment-scheduler-5b8f6c-t6zvn corrId=c-3a6de1eca9419665 instalment collection started loan_id=LN745712213 due_date=2026-03-19
2026-03-09T03:08:31.726+01:00 INFO payment-service host=payment-service-a41e92-p9qmz corrId=c-3a6de1eca9419665 direct debit mandate verified loan_id=LN745712213 mandate_id=MD0546394
2026-03-09T03:08:31.843+01:00 INFO payment-service host=payment-service-7c9d5b-x2k4p corrId=c-3a6de1eca9419665 payment instruction sent loan_id=LN745712213 amount_dkk=5771.77
2026-03-09T03:08:31.927+01:00 INFO ledger-service host=ledger-service-7c9d5b-x2k4p corrId=c-3a6de1eca9419665 ledger posting accepted loan_id=LN745712213 amount_dkk=5771.77 posting_id=PST-eb7eacbbe6
2026-03-09T03:08:31.998+01:00 INFO payment-service host=payment-service-7c9d5b-t6zvn corrId=c-3a6de1eca9419665 payment settled loan_id=LN745712213 amount_dkk=5771.77
2026-03-09T03:08:32.039+01:00 INFO notification-service host=notification-service-a41e92-x2k4p corrId=c-3a6de1eca9419665 payment receipt sent loan_id=LN745712213 channel=DIGITAL_POST
2026-03-09T03:08:36.748+01:00 INFO payment-scheduler host=payment-scheduler-a41e92-x2k4p corrId=c-86152c13be544629 instalment collection started loan_id=LN392931548 due_date=2026-03-15
2026-03-09T03:08:36.798+01:00 INFO payment-service host=payment-service-a41e92-t6zvn corrId=c-86152c13be544629 direct debit mandate verified loan_id=LN392931548 mandate_id=MD4717187
2026-03-09T03:08:36.804+01:00 INFO payment-service host=payment-service-a41e92-p9qmz corrId=c-86152c13be544629 payment instruction sent loan_id=LN392931548 amount_dkk=10531.53
2026-03-09T03:08:36.894+01:00 INFO ledger-service host=ledger-service-7c9d5b-p9qmz corrId=c-86152c13be544629 ledger posting accepted loan_id=LN392931548 amount_dkk=10531.53 posting_id=PST-28fa4b5c2f
2026-03-09T03:08:36.954+01:00 INFO payment-service host=payment-service-5b8f6c-t6zvn corrId=c-86152c13be544629 payment settled loan_id=LN392931548 amount_dkk=10531.53
2026-03-09T03:08:37.022+01:00 INFO notification-service host=notification-service-a41e92-p9qmz corrId=c-86152c13be544629 payment receipt sent loan_id=LN392931548 channel=DIGITAL_POST
2026-03-09T03:08:59.495+01:00 INFO payment-scheduler host=payment-scheduler-a41e92-p9qmz corrId=c-6603f066f1d8f283 instalment collection started loan_id=LN628850011 due_date=2026-03-11
2026-03-09T03:08:59.628+01:00 INFO payment-service host=payment-service-7c9d5b-x2k4p corrId=c-6603f066f1d8f283 direct debit mandate verified loan_id=LN628850011 mandate_id=MD0268626
2026-03-09T03:08:59.655+01:00 INFO payment-service host=payment-service-a41e92-t6zvn corrId=c-6603f066f1d8f283 payment instruction sent loan_id=LN628850011 amount_dkk=6023.13
2026-03-09T03:08:59.670+01:00 INFO ledger-service host=ledger-service-7c9d5b-p9qmz corrId=c-6603f066f1d8f283 ledger posting accepted loan_id=LN628850011 amount_dkk=6023.13 posting_id=PST-e86a9d8429
2026-03-09T03:08:59.704+01:00 INFO payment-scheduler host=payment-scheduler-a41e92-p9qmz corrId=c-19319d8c77000eb0 instalment collection started loan_id=LN303001670 due_date=2026-03-10
2026-03-09T03:08:59.718+01:00 INFO payment-service host=payment-service-5b8f6c-p9qmz corrId=c-19319d8c77000eb0 direct debit mandate verified loan_id=LN303001670 mandate_id=MD2196292
2026-03-09T03:08:59.775+01:00 INFO payment-service host=payment-service-a41e92-p9qmz corrId=c-6603f066f1d8f283 payment settled loan_id=LN628850011 amount_dkk=6023.13
2026-03-09T03:08:59.853+01:00 INFO payment-service host=payment-service-7c9d5b-t6zvn corrId=c-19319d8c77000eb0 payment instruction sent loan_id=LN303001670 amount_dkk=9542.33
2026-03-09T03:08:59.876+01:00 INFO ledger-service host=ledger-service-7c9d5b-p9qmz corrId=c-19319d8c77000eb0 ledger posting accepted loan_id=LN303001670 amount_dkk=9542.33 posting_id=PST-3f99fb512c
2026-03-09T03:08:59.899+01:00 INFO notification-service host=notification-service-7c9d5b-t6zvn corrId=c-6603f066f1d8f283 payment receipt sent loan_id=LN628850011 channel=DIGITAL_POST
2026-03-09T03:08:59.977+01:00 INFO payment-service host=payment-service-7c9d5b-x2k4p corrId=c-19319d8c77000eb0 payment settled loan_id=LN303001670 amount_dkk=9542.33
2026-03-09T03:09:00.017+01:00 INFO notification-service host=notification-service-7c9d5b-p9qmz corrId=c-19319d8c77000eb0 payment receipt sent loan_id=LN303001670 channel=DIGITAL_POST
2026-03-09T03:09:09.060+01:00 INFO payment-scheduler host=payment-scheduler-7c9d5b-p9qmz corrId=c-78913db973460f0a instalment collection started loan_id=LN993262952 due_date=2026-03-02
2026-03-09T03:09:09.176+01:00 INFO payment-service host=payment-service-7c9d5b-t6zvn corrId=c-78913db973460f0a direct debit mandate verified loan_id=LN993262952 mandate_id=MD5832105
2026-03-09T03:09:09.312+01:00 INFO payment-service host=payment-service-5b8f6c-x2k4p corrId=c-78913db973460f0a payment instruction sent loan_id=LN993262952 amount_dkk=3300.10
2026-03-09T03:09:09.447+01:00 INFO ledger-service host=ledger-service-a41e92-x2k4p corrId=c-78913db973460f0a ledger posting accepted loan_id=LN993262952 amount_dkk=3300.10 posting_id=PST-944d25a7d7
2026-03-09T03:09:09.469+01:00 INFO payment-service host=payment-service-a41e92-t6zvn corrId=c-78913db973460f0a payment settled loan_id=LN993262952 amount_dkk=3300.10
2026-03-09T03:09:09.583+01:00 INFO notification-service host=notification-service-a41e92-x2k4p corrId=c-78913db973460f0a payment receipt sent loan_id=LN993262952 channel=EMAIL
2026-03-09T03:10:00.596+01:00 INFO api-gateway host=api-gateway-a41e92-t6zvn corrId=- health probe ok status=200 latency_ms=27
2026-03-09T03:10:00.819+01:00 INFO payment-scheduler host=payment-scheduler-7c9d5b-t6zvn corrId=- scheduler heartbeat lag_ms=80
2026-03-09T03:10:04.259+01:00 INFO payment-scheduler host=payment-scheduler-7c9d5b-p9qmz corrId=c-6bb5ca81eb2a4f2f instalment collection started loan_id=LN315183697 due_date=2026-03-17
2026-03-09T03:10:04.325+01:00 INFO payment-service host=payment-service-7c9d5b-x2k4p corrId=c-6bb5ca81eb2a4f2f direct debit mandate verified loan_id=LN315183697 mandate_id=MD6361755
2026-03-09T03:10:04.332+01:00 INFO payment-service host=payment-service-7c9d5b-x2k4p corrId=c-6bb5ca81eb2a4f2f payment instruction sent loan_id=LN315183697 amount_dkk=9137.12
2026-03-09T03:10:04.451+01:00 INFO ledger-service host=ledger-service-a41e92-x2k4p corrId=c-6bb5ca81eb2a4f2f ledger posting accepted loan_id=LN315183697 amount_dkk=9137.12 posting_id=PST-15327605db
2026-03-09T03:10:04.502+01:00 INFO payment-service host=payment-service-5b8f6c-x2k4p corrId=c-6bb5ca81eb2a4f2f payment settled loan_id=LN315183697 amount_dkk=9137.12
2026-03-09T03:10:04.556+01:00 INFO notification-service host=notification-service-7c9d5b-t6zvn corrId=c-6bb5ca81eb2a4f2f payment receipt sent loan_id=LN315183697 channel=DIGITAL_POST
2026-03-09T03:11:10.147+01:00 INFO payment-scheduler host=payment-scheduler-7c9d5b-x2k4p corrId=c-79cc138094c0518d instalment collection started loan_id=LN472612906 due_date=2026-03-18
2026-03-09T03:11:10.195+01:00 INFO payment-service host=payment-service-7c9d5b-x2k4p corrId=c-79cc138094c0518d direct debit mandate verified loan_id=LN472612906 mandate_id=MD1757884
2026-03-09T03:11:10.282+01:00 INFO payment-service host=payment-service-7c9d5b-x2k4p corrId=c-79cc138094c0518d payment instruction sent loan_id=LN472612906 amount_dkk=13264.91
2026-03-09T03:11:10.289+01:00 INFO ledger-service host=ledger-service-5b8f6c-t6zvn corrId=c-79cc138094c0518d ledger posting accepted loan_id=LN472612906 amount_dkk=13264.91 posting_id=PST-48ca3a91ac
2026-03-09T03:11:10.324+01:00 INFO payment-service host=payment-service-7c9d5b-t6zvn corrId=c-79cc138094c0518d payment settled loan_id=LN472612906 amount_dkk=13264.91
2026-03-09T03:11:10.396+01:00 INFO notification-service host=notification-service-7c9d5b-x2k4p corrId=c-79cc138094c0518d payment receipt sent loan_id=LN472612906 channel=DIGITAL_POST
2026-03-09T03:11:24.889+01:00 INFO payment-scheduler host=payment-scheduler-7c9d5b-p9qmz corrId=c-b03bbe5b6c78a772 instalment collection started loan_id=LN954185999 due_date=2026-03-03
2026-03-09T03:11:24.944+01:00 INFO payment-service host=payment-service-a41e92-x2k4p corrId=c-b03bbe5b6c78a772 direct debit mandate verified loan_id=LN954185999 mandate_id=MD2993413
2026-03-09T03:11:24.958+01:00 INFO payment-service host=payment-service-5b8f6c-t6zvn corrId=c-b03bbe5b6c78a772 payment instruction sent loan_id=LN954185999 amount_dkk=9716.87
2026-03-09T03:11:25.057+01:00 INFO ledger-service host=ledger-service-7c9d5b-x2k4p corrId=c-b03bbe5b6c78a772 ledger posting accepted loan_id=LN954185999 amount_dkk=9716.87 posting_id=PST-0c14e70f80
2026-03-09T03:11:25.168+01:00 INFO payment-service host=payment-service-a41e92-p9qmz corrId=c-b03bbe5b6c78a772 payment settled loan_id=LN954185999 amount_dkk=9716.87
2026-03-09T03:11:25.279+01:00 INFO notification-service host=notification-service-5b8f6c-x2k4p corrId=c-b03bbe5b6c78a772 payment receipt sent loan_id=LN954185999 channel=EMAIL
2026-03-09T03:11:30.514+01:00 INFO payment-scheduler host=payment-scheduler-7c9d5b-x2k4p corrId=c-1da56d7e737abf75 instalment collection started loan_id=LN856303654 due_date=2026-03-04
2026-03-09T03:11:30.586+01:00 INFO payment-service host=payment-service-7c9d5b-t6zvn corrId=c-1da56d7e737abf75 direct debit mandate verified loan_id=LN856303654 mandate_id=MD3352637
2026-03-09T03:11:30.673+01:00 INFO payment-service host=payment-service-5b8f6c-x2k4p corrId=c-1da56d7e737abf75 payment instruction sent loan_id=LN856303654 amount_dkk=5996.98
2026-03-09T03:11:30.690+01:00 INFO ledger-service host=ledger-service-a41e92-x2k4p corrId=c-1da56d7e737abf75 ledger posting accepted loan_id=LN856303654 amount_dkk=5996.98 posting_id=PST-e2e8ccc5d4
2026-03-09T03:11:30.720+01:00 INFO payment-service host=payment-service-5b8f6c-p9qmz corrId=c-1da56d7e737abf75 payment settled loan_id=LN856303654 amount_dkk=5996.98
2026-03-09T03:11:30.800+01:00 INFO notification-service host=notification-service-a41e92-t6zvn corrId=c-1da56d7e737abf75 payment receipt sent loan_id=LN856303654 channel=EMAIL
2026-03-09T03:12:03.442+01:00 INFO payment-scheduler host=payment-scheduler-7c9d5b-p9qmz corrId=c-afb59baaad5552aa instalment collection started loan_id=LN782526951 due_date=2026-03-17
2026-03-09T03:12:03.457+01:00 INFO payment-service host=payment-service-5b8f6c-p9qmz corrId=c-afb59baaad5552aa direct debit mandate verified loan_id=LN782526951 mandate_id=MD6113070
2026-03-09T03:12:03.541+01:00 INFO payment-service host=payment-service-a41e92-t6zvn corrId=c-afb59baaad5552aa payment instruction sent loan_id=LN782526951 amount_dkk=15444.07
2026-03-09T03:12:03.667+01:00 INFO ledger-service host=ledger-service-a41e92-x2k4p corrId=c-afb59baaad5552aa ledger posting accepted loan_id=LN782526951 amount_dkk=15444.07 posting_id=PST-f0d48084c7
2026-03-09T03:12:03.782+01:00 INFO payment-service host=payment-service-a41e92-p9qmz corrId=c-afb59baaad5552aa payment settled loan_id=LN782526951 amount_dkk=15444.07
2026-03-09T03:12:03.865+01:00 INFO notification-service host=notification-service-7c9d5b-x2k4p corrId=c-afb59baaad5552aa payment receipt sent loan_id=LN782526951 channel=EMAIL
2026-03-09T03:12:26.961+01:00 INFO payment-scheduler host=payment-scheduler-7c9d5b-x2k4p corrId=c-7e6054de87530d4c instalment collection started loan_id=LN074431692 due_date=2026-03-07
2026-03-09T03:12:26.999+01:00 INFO payment-service host=payment-service-7c9d5b-t6zvn corrId=c-7e6054de87530d4c direct debit mandate verified loan_id=LN074431692 mandate_id=MD9649778
2026-03-09T03:12:27.097+01:00 INFO payment-service host=payment-service-a41e92-x2k4p corrId=c-7e6054de87530d4c payment instruction sent loan_id=LN074431692 amount_dkk=14766.42
2026-03-09T03:12:27.226+01:00 INFO ledger-service host=ledger-service-5b8f6c-p9qmz corrId=c-7e6054de87530d4c ledger posting accepted loan_id=LN074431692 amount_dkk=14766.42 posting_id=PST-0169a3f1a2
2026-03-09T03:12:27.329+01:00 INFO payment-service host=payment-service-5b8f6c-x2k4p corrId=c-7e6054de87530d4c payment settled loan_id=LN074431692 amount_dkk=14766.42
2026-03-09T03:12:27.408+01:00 INFO notification-service host=notification-service-a41e92-p9qmz corrId=c-7e6054de87530d4c payment receipt sent loan_id=LN074431692 channel=DIGITAL_POST
2026-03-09T03:12:43.028+01:00 INFO payment-scheduler host=payment-scheduler-a41e92-t6zvn corrId=c-0c07c7aee08b7ac2 instalment collection started loan_id=LN449880207 due_date=2026-03-05
2026-03-09T03:12:43.138+01:00 INFO payment-service host=payment-service-a41e92-t6zvn corrId=c-0c07c7aee08b7ac2 direct debit mandate verified loan_id=LN449880207 mandate_id=MD1781262
2026-03-09T03:12:43.220+01:00 INFO payment-service host=payment-service-a41e92-p9qmz corrId=c-0c07c7aee08b7ac2 payment instruction sent loan_id=LN449880207 amount_dkk=11305.67
2026-03-09T03:12:43.231+01:00 INFO ledger-service host=ledger-service-7c9d5b-x2k4p corrId=c-0c07c7aee08b7ac2 ledger posting accepted loan_id=LN449880207 amount_dkk=11305.67 posting_id=PST-60917411c3
2026-03-09T03:12:43.296+01:00 INFO payment-service host=payment-service-a41e92-x2k4p corrId=c-0c07c7aee08b7ac2 payment settled loan_id=LN449880207 amount_dkk=11305.67
2026-03-09T03:12:43.403+01:00 INFO notification-service host=notification-service-a41e92-x2k4p corrId=c-0c07c7aee08b7ac2 payment receipt sent loan_id=LN449880207 channel=DIGITAL_POST
2026-03-09T03:14:09.548+01:00 INFO payment-scheduler host=payment-scheduler-a41e92-p9qmz corrId=c-e90e8da3b1e514d2 instalment collection started loan_id=LN548264185 due_date=2026-03-12
2026-03-09T03:14:09.558+01:00 INFO payment-service host=payment-service-7c9d5b-p9qmz corrId=c-e90e8da3b1e514d2 direct debit mandate verified loan_id=LN548264185 mandate_id=MD2475887
2026-03-09T03:14:09.633+01:00 INFO payment-service host=payment-service-5b8f6c-t6zvn corrId=c-e90e8da3b1e514d2 payment instruction sent loan_id=LN548264185 amount_dkk=17330.27
2026-03-09T03:14:09.692+01:00 INFO ledger-service host=ledger-service-5b8f6c-t6zvn corrId=c-e90e8da3b1e514d2 ledger posting accepted loan_id=LN548264185 amount_dkk=17330.27 posting_id=PST-214616d32b
2026-03-09T03:14:09.709+01:00 INFO payment-service host=payment-service-7c9d5b-x2k4p corrId=c-e90e8da3b1e514d2 payment settled loan_id=LN548264185 amount_dkk=17330.27
2026-03-09T03:14:09.844+01:00 INFO notification-service host=notification-service-a41e92-p9qmz corrId=c-e90e8da3b1e514d2 payment receipt sent loan_id=LN548264185 channel=EMAIL
2026-03-09T03:14:20.250+01:00 INFO payment-scheduler host=payment-scheduler-a41e92-t6zvn corrId=c-e721ba345f702f49 instalment collection started loan_id=LN261085032 due_date=2026-03-27
2026-03-09T03:14:20.297+01:00 INFO payment-service host=payment-service-a41e92-x2k4p corrId=c-e721ba345f702f49 direct debit mandate verified loan_id=LN261085032 mandate_id=MD5662385
2026-03-09T03:14:20.414+01:00 INFO payment-service host=payment-service-a41e92-t6zvn corrId=c-e721ba345f702f49 payment instruction sent loan_id=LN261085032 amount_dkk=10083.56
2026-03-09T03:14:20.487+01:00 INFO ledger-service host=ledger-service-7c9d5b-p9qmz corrId=c-e721ba345f702f49 ledger posting accepted loan_id=LN261085032 amount_dkk=10083.56 posting_id=PST-3df4965fad
2026-03-09T03:14:20.589+01:00 INFO payment-service host=payment-service-a41e92-x2k4p corrId=c-e721ba345f702f49 payment settled loan_id=LN261085032 amount_dkk=10083.56
2026-03-09T03:14:20.717+01:00 INFO notification-service host=notification-service-7c9d5b-x2k4p corrId=c-e721ba345f702f49 payment receipt sent loan_id=LN261085032 channel=EMAIL
2026-03-09T03:14:31.970+01:00 INFO payment-scheduler host=payment-scheduler-a41e92-t6zvn corrId=c-c0ad4f1da08bc1fa instalment collection started loan_id=LN929690453 due_date=2026-03-24
2026-03-09T03:14:32.077+01:00 INFO payment-service host=payment-service-5b8f6c-x2k4p corrId=c-c0ad4f1da08bc1fa direct debit mandate verified loan_id=LN929690453 mandate_id=MD7477840
2026-03-09T03:14:32.175+01:00 INFO payment-service host=payment-service-a41e92-p9qmz corrId=c-c0ad4f1da08bc1fa payment instruction sent loan_id=LN929690453 amount_dkk=2977.76
2026-03-09T03:14:32.204+01:00 INFO ledger-service host=ledger-service-7c9d5b-t6zvn corrId=c-c0ad4f1da08bc1fa ledger posting accepted loan_id=LN929690453 amount_dkk=2977.76 posting_id=PST-81556a3acf
2026-03-09T03:14:32.344+01:00 INFO payment-service host=payment-service-7c9d5b-t6zvn corrId=c-c0ad4f1da08bc1fa payment settled loan_id=LN929690453 amount_dkk=2977.76
2026-03-09T03:14:32.443+01:00 INFO notification-service host=notification-service-7c9d5b-p9qmz corrId=c-c0ad4f1da08bc1fa payment receipt sent loan_id=LN929690453 channel=EMAIL
2026-03-09T03:14:34.928+01:00 INFO payment-scheduler host=payment-scheduler-5b8f6c-p9qmz corrId=c-b50da851714dd05a instalment collection started loan_id=LN187937342 due_date=2026-03-03
2026-03-09T03:14:34.951+01:00 INFO payment-service host=payment-service-7c9d5b-t6zvn corrId=c-b50da851714dd05a direct debit mandate verified loan_id=LN187937342 mandate_id=MD4703711
2026-03-09T03:14:34.984+01:00 INFO payment-service host=payment-service-5b8f6c-t6zvn corrId=c-b50da851714dd05a payment instruction sent loan_id=LN187937342 amount_dkk=10235.90
2026-03-09T03:14:34.991+01:00 INFO ledger-service host=ledger-service-7c9d5b-p9qmz corrId=c-b50da851714dd05a ledger posting accepted loan_id=LN187937342 amount_dkk=10235.90 posting_id=PST-b5904c5d03
2026-03-09T03:14:35.125+01:00 INFO payment-service host=payment-service-7c9d5b-t6zvn corrId=c-b50da851714dd05a payment settled loan_id=LN187937342 amount_dkk=10235.90
2026-03-09T03:14:35.250+01:00 INFO notification-service host=notification-service-5b8f6c-t6zvn corrId=c-b50da851714dd05a payment receipt sent loan_id=LN187937342 channel=DIGITAL_POST
2026-03-09T03:14:39.276+01:00 INFO payment-scheduler host=payment-scheduler-a41e92-p9qmz corrId=c-ba69d60e08d2cb7e instalment collection started loan_id=LN270282969 due_date=2026-03-12
2026-03-09T03:14:39.332+01:00 INFO payment-service host=payment-service-7c9d5b-x2k4p corrId=c-ba69d60e08d2cb7e direct debit mandate verified loan_id=LN270282969 mandate_id=MD7392100
2026-03-09T03:14:39.350+01:00 INFO payment-service host=payment-service-5b8f6c-t6zvn corrId=c-ba69d60e08d2cb7e payment instruction sent loan_id=LN270282969 amount_dkk=6721.63
2026-03-09T03:14:39.480+01:00 INFO ledger-service host=ledger-service-7c9d5b-t6zvn corrId=c-ba69d60e08d2cb7e ledger posting accepted loan_id=LN270282969 amount_dkk=6721.63 posting_id=PST-0b952f94e4
2026-03-09T03:14:39.534+01:00 INFO payment-service host=payment-service-5b8f6c-p9qmz corrId=c-ba69d60e08d2cb7e payment settled loan_id=LN270282969 amount_dkk=6721.63
2026-03-09T03:14:39.634+01:00 INFO notification-service host=notification-service-5b8f6c-p9qmz corrId=c-ba69d60e08d2cb7e payment receipt sent loan_id=LN270282969 channel=DIGITAL_POST
2026-03-09T03:14:54.301+01:00 INFO payment-scheduler host=payment-scheduler-a41e92-t6zvn corrId=c-2c1d68eeb9b2d37e instalment collection started loan_id=LN935894182 due_date=2026-03-15
2026-03-09T03:14:54.411+01:00 INFO payment-service host=payment-service-7c9d5b-p9qmz corrId=c-2c1d68eeb9b2d37e direct debit mandate verified loan_id=LN935894182 mandate_id=MD9661955
2026-03-09T03:14:54.510+01:00 INFO payment-service host=payment-service-a41e92-t6zvn corrId=c-2c1d68eeb9b2d37e payment instruction sent loan_id=LN935894182 amount_dkk=4415.50
2026-03-09T03:14:54.592+01:00 INFO ledger-service host=ledger-service-a41e92-p9qmz corrId=c-2c1d68eeb9b2d37e ledger posting accepted loan_id=LN935894182 amount_dkk=4415.50 posting_id=PST-9472dc252d
2026-03-09T03:14:54.662+01:00 INFO payment-service host=payment-service-7c9d5b-x2k4p corrId=c-2c1d68eeb9b2d37e payment settled loan_id=LN935894182 amount_dkk=4415.50
2026-03-09T03:14:54.698+01:00 INFO notification-service host=notification-service-a41e92-x2k4p corrId=c-2c1d68eeb9b2d37e payment receipt sent loan_id=LN935894182 channel=DIGITAL_POST
2026-03-09T03:14:57.309+01:00 INFO payment-scheduler host=payment-scheduler-5b8f6c-t6zvn corrId=c-9a538b993dfc6c08 instalment collection started loan_id=LN697541886 due_date=2026-03-14
2026-03-09T03:14:57.334+01:00 INFO payment-service host=payment-service-5b8f6c-t6zvn corrId=c-9a538b993dfc6c08 direct debit mandate verified loan_id=LN697541886 mandate_id=MD6389394
2026-03-09T03:14:57.400+01:00 INFO payment-service host=payment-service-a41e92-p9qmz corrId=c-9a538b993dfc6c08 payment instruction sent loan_id=LN697541886 amount_dkk=17576.23
2026-03-09T03:14:57.453+01:00 INFO ledger-service host=ledger-service-a41e92-p9qmz corrId=c-9a538b993dfc6c08 ledger posting accepted loan_id=LN697541886 amount_dkk=17576.23 posting_id=PST-89f5240523
2026-03-09T03:14:57.539+01:00 INFO payment-service host=payment-service-7c9d5b-x2k4p corrId=c-9a538b993dfc6c08 payment settled loan_id=LN697541886 amount_dkk=17576.23
2026-03-09T03:14:57.646+01:00 INFO notification-service host=notification-service-a41e92-t6zvn corrId=c-9a538b993dfc6c08 payment receipt sent loan_id=LN697541886 channel=DIGITAL_POST
2026-03-09T03:15:00.085+01:00 INFO api-gateway host=api-gateway-a41e92-p9qmz corrId=- health probe ok status=200 latency_ms=40
2026-03-09T03:17:04.709+01:00 INFO payment-scheduler host=payment-scheduler-a41e92-t6zvn corrId=c-c8107168c51fd098 instalment collection started loan_id=LN191720206 due_date=2026-03-11
2026-03-09T03:17:04.791+01:00 INFO payment-service host=payment-service-a41e92-t6zvn corrId=c-c8107168c51fd098 direct debit mandate verified loan_id=LN191720206 mandate_id=MD3547080
2026-03-09T03:17:04.807+01:00 INFO payment-service host=payment-service-7c9d5b-x2k4p corrId=c-c8107168c51fd098 payment instruction sent loan_id=LN191720206 amount_dkk=11873.74
2026-03-09T03:17:04.868+01:00 INFO ledger-service host=ledger-service-a41e92-p9qmz corrId=c-c8107168c51fd098 ledger posting accepted loan_id=LN191720206 amount_dkk=11873.74 posting_id=PST-3b320070ac
2026-03-09T03:17:04.994+01:00 INFO payment-service host=payment-service-7c9d5b-x2k4p corrId=c-c8107168c51fd098 payment settled loan_id=LN191720206 amount_dkk=11873.74
2026-03-09T03:17:05.037+01:00 INFO notification-service host=notification-service-5b8f6c-t6zvn corrId=c-c8107168c51fd098 payment receipt sent loan_id=LN191720206 channel=DIGITAL_POST
2026-03-09T03:17:47.279+01:00 INFO payment-scheduler host=payment-scheduler-7c9d5b-p9qmz corrId=c-171fa4aeef8a7078 instalment collection started loan_id=LN912712988 due_date=2026-03-05
2026-03-09T03:17:47.359+01:00 INFO payment-service host=payment-service-a41e92-x2k4p corrId=c-171fa4aeef8a7078 direct debit mandate verified loan_id=LN912712988 mandate_id=MD7250013
2026-03-09T03:17:47.381+01:00 INFO payment-service host=payment-service-a41e92-p9qmz corrId=c-171fa4aeef8a7078 payment instruction sent loan_id=LN912712988 amount_dkk=2623.75
2026-03-09T03:17:47.472+01:00 INFO ledger-service host=ledger-service-a41e92-x2k4p corrId=c-171fa4aeef8a7078 ledger posting accepted loan_id=LN912712988 amount_dkk=2623.75 posting_id=PST-24c61b8f3b
2026-03-09T03:17:47.557+01:00 INFO payment-service host=payment-service-5b8f6c-x2k4p corrId=c-171fa4aeef8a7078 payment settled loan_id=LN912712988 amount_dkk=2623.75
2026-03-09T03:17:47.673+01:00 INFO notification-service host=notification-service-5b8f6c-p9qmz corrId=c-171fa4aeef8a7078 payment receipt sent loan_id=LN912712988 channel=DIGITAL_POST
2026-03-09T03:19:31.937+01:00 INFO payment-scheduler host=payment-scheduler-7c9d5b-x2k4p corrId=c-907f251ae0dbba5e instalment collection started loan_id=LN337013329 due_date=2026-03-26
2026-03-09T03:19:32.043+01:00 INFO payment-service host=payment-service-a41e92-x2k4p corrId=c-907f251ae0dbba5e direct debit mandate verified loan_id=LN337013329 mandate_id=MD6818730
2026-03-09T03:19:32.178+01:00 INFO payment-service host=payment-service-7c9d5b-p9qmz corrId=c-907f251ae0dbba5e payment instruction sent loan_id=LN337013329 amount_dkk=11279.12
2026-03-09T03:19:32.202+01:00 INFO ledger-service host=ledger-service-7c9d5b-t6zvn corrId=c-907f251ae0dbba5e ledger posting accepted loan_id=LN337013329 amount_dkk=11279.12 posting_id=PST-127df2c0cf
2026-03-09T03:19:32.240+01:00 INFO payment-service host=payment-service-7c9d5b-p9qmz corrId=c-907f251ae0dbba5e payment settled loan_id=LN337013329 amount_dkk=11279.12
2026-03-09T03:19:32.310+01:00 INFO notification-service host=notification-service-a41e92-x2k4p corrId=c-907f251ae0dbba5e payment receipt sent loan_id=LN337013329 channel=DIGITAL_POST
2026-03-09T03:20:00.113+01:00 INFO api-gateway host=api-gateway-7c9d5b-p9qmz corrId=- health probe ok status=200 latency_ms=35
2026-03-09T03:20:00.573+01:00 INFO payment-scheduler host=payment-scheduler-5b8f6c-t6zvn corrId=- scheduler heartbeat lag_ms=110
2026-03-09T03:20:07.402+01:00 INFO payment-scheduler host=payment-scheduler-7c9d5b-x2k4p corrId=c-703e62d2a80d9e00 instalment collection started loan_id=LN178666805 due_date=2026-03-10
2026-03-09T03:20:07.485+01:00 INFO payment-service host=payment-service-5b8f6c-p9qmz corrId=c-703e62d2a80d9e00 direct debit mandate verified loan_id=LN178666805 mandate_id=MD5543603
2026-03-09T03:20:07.565+01:00 INFO payment-service host=payment-service-7c9d5b-x2k4p corrId=c-703e62d2a80d9e00 payment instruction sent loan_id=LN178666805 amount_dkk=5489.58
2026-03-09T03:20:07.587+01:00 INFO ledger-service host=ledger-service-7c9d5b-x2k4p corrId=c-703e62d2a80d9e00 ledger posting accepted loan_id=LN178666805 amount_dkk=5489.58 posting_id=PST-85cc8469d9
2026-03-09T03:20:07.633+01:00 INFO payment-service host=payment-service-5b8f6c-t6zvn corrId=c-703e62d2a80d9e00 payment settled loan_id=LN178666805 amount_dkk=5489.58
2026-03-09T03:20:07.701+01:00 INFO notification-service host=notification-service-7c9d5b-p9qmz corrId=c-703e62d2a80d9e00 payment receipt sent loan_id=LN178666805 channel=DIGITAL_POST
2026-03-09T03:20:56.110+01:00 INFO payment-scheduler host=payment-scheduler-5b8f6c-x2k4p corrId=c-fe9979a9387285b7 instalment collection started loan_id=LN966172700 due_date=2026-03-23
2026-03-09T03:20:56.158+01:00 INFO payment-service host=payment-service-a41e92-x2k4p corrId=c-fe9979a9387285b7 direct debit mandate verified loan_id=LN966172700 mandate_id=MD1390317
2026-03-09T03:20:56.228+01:00 INFO payment-service host=payment-service-a41e92-t6zvn corrId=c-fe9979a9387285b7 payment instruction sent loan_id=LN966172700 amount_dkk=5660.90
2026-03-09T03:20:56.300+01:00 INFO ledger-service host=ledger-service-a41e92-x2k4p corrId=c-fe9979a9387285b7 ledger posting accepted loan_id=LN966172700 amount_dkk=5660.90 posting_id=PST-3f08079e44
2026-03-09T03:20:56.432+01:00 INFO payment-service host=payment-service-7c9d5b-p9qmz corrId=c-fe9979a9387285b7 payment settled loan_id=LN966172700 amount_dkk=5660.90
2026-03-09T03:20:56.469+01:00 INFO notification-service host=notification-service-5b8f6c-p9qmz corrId=c-fe9979a9387285b7 payment receipt sent loan_id=LN966172700 channel=DIGITAL_POST
2026-03-09T03:24:58.226+01:00 INFO payment-scheduler host=payment-scheduler-5b8f6c-x2k4p corrId=c-fa279d498e63780c instalment collection started loan_id=LN317273734 due_date=2026-03-14
2026-03-09T03:24:58.358+01:00 INFO payment-service host=payment-service-7c9d5b-p9qmz corrId=c-fa279d498e63780c direct debit mandate verified loan_id=LN317273734 mandate_id=MD5516859
2026-03-09T03:24:58.429+01:00 INFO payment-service host=payment-service-a41e92-p9qmz corrId=c-fa279d498e63780c payment instruction sent loan_id=LN317273734 amount_dkk=2696.01
2026-03-09T03:24:58.512+01:00 INFO ledger-service host=ledger-service-a41e92-t6zvn corrId=c-fa279d498e63780c ledger posting accepted loan_id=LN317273734 amount_dkk=2696.01 posting_id=PST-e1f2ebe4f5
2026-03-09T03:24:58.574+01:00 INFO payment-service host=payment-service-a41e92-t6zvn corrId=c-fa279d498e63780c payment settled loan_id=LN317273734 amount_dkk=2696.01
2026-03-09T03:24:58.656+01:00 INFO notification-service host=notification-service-5b8f6c-x2k4p corrId=c-fa279d498e63780c payment receipt sent loan_id=LN317273734 channel=DIGITAL_POST
2026-03-09T03:25:00.119+01:00 INFO api-gateway host=api-gateway-a41e92-t6zvn corrId=- health probe ok status=200 latency_ms=29
2026-03-09T03:30:00.609+01:00 INFO payment-scheduler host=payment-scheduler-7c9d5b-x2k4p corrId=- scheduler heartbeat lag_ms=113
2026-03-09T03:30:00.680+01:00 INFO api-gateway host=api-gateway-a41e92-x2k4p corrId=- health probe ok status=200 latency_ms=24
2026-03-09T03:35:00.170+01:00 INFO api-gateway host=api-gateway-a41e92-x2k4p corrId=- health probe ok status=200 latency_ms=18
2026-03-09T03:40:00.068+01:00 INFO api-gateway host=api-gateway-5b8f6c-t6zvn corrId=- health probe ok status=200 latency_ms=7
2026-03-09T03:40:00.204+01:00 INFO payment-scheduler host=payment-scheduler-7c9d5b-p9qmz corrId=- scheduler heartbeat lag_ms=17
2026-03-09T03:45:00.085+01:00 INFO api-gateway host=api-gateway-7c9d5b-p9qmz corrId=- health probe ok status=200 latency_ms=39
2026-03-09T03:50:00.117+01:00 INFO payment-scheduler host=payment-scheduler-7c9d5b-t6zvn corrId=- scheduler heartbeat lag_ms=89
2026-03-09T03:50:00.297+01:00 INFO api-gateway host=api-gateway-7c9d5b-p9qmz corrId=- health probe ok status=200 latency_ms=23
2026-03-09T03:55:00.723+01:00 INFO api-gateway host=api-gateway-a41e92-p9qmz corrId=- health probe ok status=200 latency_ms=14
2026-03-09T04:00:00.152+01:00 INFO api-gateway host=api-gateway-5b8f6c-p9qmz corrId=- health probe ok status=200 latency_ms=32
2026-03-09T04:00:00.815+01:00 INFO payment-scheduler host=payment-scheduler-7c9d5b-t6zvn corrId=- scheduler heartbeat lag_ms=7
2026-03-09T04:00:55.000+01:00 INFO config-service host=config-service-5b8f6c-x2k4p corrId=- configuration refreshed version=v135
2026-03-09T04:05:00.777+01:00 INFO api-gateway host=api-gateway-7c9d5b-t6zvn corrId=- health probe ok status=200 latency_ms=9
2026-03-09T04:10:00.408+01:00 INFO payment-scheduler host=payment-scheduler-7c9d5b-x2k4p corrId=- scheduler heartbeat lag_ms=28
2026-03-09T04:10:00.482+01:00 INFO api-gateway host=api-gateway-a41e92-x2k4p corrId=- health probe ok status=200 latency_ms=38
2026-03-09T04:15:00.240+01:00 INFO api-gateway host=api-gateway-7c9d5b-x2k4p corrId=- health probe ok status=200 latency_ms=6
2026-03-09T04:20:00.656+01:00 INFO payment-scheduler host=payment-scheduler-5b8f6c-p9qmz corrId=- scheduler heartbeat lag_ms=73
2026-03-09T04:20:00.881+01:00 INFO api-gateway host=api-gateway-5b8f6c-t6zvn corrId=- health probe ok status=200 latency_ms=15
2026-03-09T04:25:00.714+01:00 INFO api-gateway host=api-gateway-7c9d5b-x2k4p corrId=- health probe ok status=200 latency_ms=24
2026-03-09T04:30:00.646+01:00 INFO payment-scheduler host=payment-scheduler-a41e92-x2k4p corrId=- scheduler heartbeat lag_ms=61
2026-03-09T04:30:00.656+01:00 INFO api-gateway host=api-gateway-a41e92-t6zvn corrId=- health probe ok status=200 latency_ms=17
2026-03-09T04:33:44.000+01:00 INFO valuation-service host=valuation-service-5b8f6c-p9qmz corrId=- jvm gc pause pause_ms=19
2026-03-09T04:35:00.514+01:00 INFO api-gateway host=api-gateway-7c9d5b-p9qmz corrId=- health probe ok status=200 latency_ms=36
2026-03-09T04:40:00.128+01:00 INFO api-gateway host=api-gateway-7c9d5b-x2k4p corrId=- health probe ok status=200 latency_ms=34
2026-03-09T04:40:00.773+01:00 INFO payment-scheduler host=payment-scheduler-7c9d5b-x2k4p corrId=- scheduler heartbeat lag_ms=78
2026-03-09T04:45:00.864+01:00 INFO api-gateway host=api-gateway-7c9d5b-t6zvn corrId=- health probe ok status=200 latency_ms=2
2026-03-09T04:50:00.335+01:00 INFO api-gateway host=api-gateway-7c9d5b-x2k4p corrId=- health probe ok status=200 latency_ms=17
2026-03-09T04:50:00.375+01:00 INFO payment-scheduler host=payment-scheduler-5b8f6c-x2k4p corrId=- scheduler heartbeat lag_ms=107
2026-03-09T04:52:02.000+01:00 INFO valuation-service host=valuation-service-7c9d5b-t6zvn corrId=- jvm gc pause pause_ms=53
2026-03-09T04:55:00.814+01:00 INFO api-gateway host=api-gateway-a41e92-x2k4p corrId=- health probe ok status=200 latency_ms=25
2026-03-09T05:00:00.607+01:00 INFO api-gateway host=api-gateway-a41e92-t6zvn corrId=- health probe ok status=200 latency_ms=26
2026-03-09T05:00:00.805+01:00 INFO payment-scheduler host=payment-scheduler-a41e92-t6zvn corrId=- scheduler heartbeat lag_ms=44
2026-03-09T05:00:43.000+01:00 INFO config-service host=config-service-5b8f6c-p9qmz corrId=- configuration refreshed version=v116
2026-03-09T05:05:00.813+01:00 INFO api-gateway host=api-gateway-a41e92-x2k4p corrId=- health probe ok status=200 latency_ms=29
2026-03-09T05:10:00.064+01:00 INFO api-gateway host=api-gateway-a41e92-p9qmz corrId=- health probe ok status=200 latency_ms=17
2026-03-09T05:10:00.818+01:00 INFO payment-scheduler host=payment-scheduler-5b8f6c-x2k4p corrId=- scheduler heartbeat lag_ms=43
2026-03-09T05:15:00.366+01:00 INFO api-gateway host=api-gateway-5b8f6c-p9qmz corrId=- health probe ok status=200 latency_ms=27
2026-03-09T05:20:00.145+01:00 INFO payment-scheduler host=payment-scheduler-a41e92-t6zvn corrId=- scheduler heartbeat lag_ms=56
2026-03-09T05:20:00.847+01:00 INFO api-gateway host=api-gateway-a41e92-p9qmz corrId=- health probe ok status=200 latency_ms=27
2026-03-09T05:25:00.723+01:00 INFO api-gateway host=api-gateway-7c9d5b-x2k4p corrId=- health probe ok status=200 latency_ms=9
2026-03-09T05:30:00.225+01:00 INFO payment-scheduler host=payment-scheduler-7c9d5b-x2k4p corrId=- scheduler heartbeat lag_ms=36
2026-03-09T05:30:00.403+01:00 INFO api-gateway host=api-gateway-5b8f6c-p9qmz corrId=- health probe ok status=200 latency_ms=28
2026-03-09T05:35:00.713+01:00 INFO api-gateway host=api-gateway-7c9d5b-p9qmz corrId=- health probe ok status=200 latency_ms=9
2026-03-09T05:40:00.111+01:00 INFO api-gateway host=api-gateway-a41e92-x2k4p corrId=- health probe ok status=200 latency_ms=22
2026-03-09T05:40:00.416+01:00 INFO payment-scheduler host=payment-scheduler-a41e92-p9qmz corrId=- scheduler heartbeat lag_ms=62
2026-03-09T05:45:00.795+01:00 INFO api-gateway host=api-gateway-a41e92-p9qmz corrId=- health probe ok status=200 latency_ms=36
2026-03-09T05:50:00.729+01:00 INFO payment-scheduler host=payment-scheduler-a41e92-t6zvn corrId=- scheduler heartbeat lag_ms=97
2026-03-09T05:50:00.871+01:00 INFO api-gateway host=api-gateway-7c9d5b-t6zvn corrId=- health probe ok status=200 latency_ms=2
2026-03-09T05:55:00.837+01:00 INFO api-gateway host=api-gateway-5b8f6c-p9qmz corrId=- health probe ok status=200 latency_ms=8
2026-03-09T05:59:45.000+01:00 INFO valuation-service host=valuation-service-7c9d5b-x2k4p corrId=- jvm gc pause pause_ms=27
2026-03-09T06:00:00.262+01:00 INFO payment-scheduler host=payment-scheduler-a41e92-t6zvn corrId=- scheduler heartbeat lag_ms=2
2026-03-09T06:00:00.782+01:00 INFO api-gateway host=api-gateway-a41e92-t6zvn corrId=- health probe ok status=200 latency_ms=27
2026-03-09T06:00:45.000+01:00 INFO config-service host=config-service-5b8f6c-t6zvn corrId=- configuration refreshed version=v108
2026-03-09T06:05:00.829+01:00 INFO api-gateway host=api-gateway-a41e92-p9qmz corrId=- health probe ok status=200 latency_ms=23
2026-03-09T06:10:00.142+01:00 INFO api-gateway host=api-gateway-a41e92-p9qmz corrId=- health probe ok status=200 latency_ms=14
2026-03-09T06:10:00.717+01:00 INFO payment-scheduler host=payment-scheduler-7c9d5b-t6zvn corrId=- scheduler heartbeat lag_ms=53
2026-03-09T06:13:30.000+01:00 INFO valuation-service host=valuation-service-a41e92-x2k4p corrId=- jvm gc pause pause_ms=35
2026-03-09T06:15:00.039+01:00 INFO api-gateway host=api-gateway-5b8f6c-x2k4p corrId=- health probe ok status=200 latency_ms=22
2026-03-09T06:20:00.516+01:00 INFO api-gateway host=api-gateway-a41e92-p9qmz corrId=- health probe ok status=200 latency_ms=13
2026-03-09T06:20:00.724+01:00 INFO payment-scheduler host=payment-scheduler-5b8f6c-t6zvn corrId=- scheduler heartbeat lag_ms=105
2026-03-09T06:25:00.528+01:00 INFO api-gateway host=api-gateway-a41e92-t6zvn corrId=- health probe ok status=200 latency_ms=6
2026-03-09T06:30:00.389+01:00 INFO payment-scheduler host=payment-scheduler-7c9d5b-x2k4p corrId=- scheduler heartbeat lag_ms=25
2026-03-09T06:30:00.763+01:00 INFO api-gateway host=api-gateway-a41e92-t6zvn corrId=- health probe ok status=200 latency_ms=13
2026-03-09T06:35:00.674+01:00 INFO api-gateway host=api-gateway-a41e92-x2k4p corrId=- health probe ok status=200 latency_ms=24
2026-03-09T06:40:00.560+01:00 INFO payment-scheduler host=payment-scheduler-a41e92-t6zvn corrId=- scheduler heartbeat lag_ms=80
2026-03-09T06:40:00.586+01:00 INFO api-gateway host=api-gateway-7c9d5b-p9qmz corrId=- health probe ok status=200 latency_ms=8
2026-03-09T06:45:00.451+01:00 INFO api-gateway host=api-gateway-7c9d5b-p9qmz corrId=- health probe ok status=200 latency_ms=7
2026-03-09T06:50:00.537+01:00 INFO api-gateway host=api-gateway-a41e92-p9qmz corrId=- health probe ok status=200 latency_ms=22
2026-03-09T06:50:00.565+01:00 INFO payment-scheduler host=payment-scheduler-5b8f6c-x2k4p corrId=- scheduler heartbeat lag_ms=19
2026-03-09T06:55:00.780+01:00 INFO api-gateway host=api-gateway-5b8f6c-x2k4p corrId=- health probe ok status=200 latency_ms=13
2026-03-09T07:00:00.390+01:00 INFO api-gateway host=api-gateway-5b8f6c-t6zvn corrId=- health probe ok status=200 latency_ms=2
2026-03-09T07:00:00.827+01:00 INFO payment-scheduler host=payment-scheduler-5b8f6c-x2k4p corrId=- scheduler heartbeat lag_ms=61
2026-03-09T07:00:26.000+01:00 INFO config-service host=config-service-5b8f6c-p9qmz corrId=- configuration refreshed version=v124
2026-03-09T07:05:00.108+01:00 INFO api-gateway host=api-gateway-5b8f6c-x2k4p corrId=- health probe ok status=200 latency_ms=23
2026-03-09T07:10:00.602+01:00 INFO payment-scheduler host=payment-scheduler-7c9d5b-t6zvn corrId=- scheduler heartbeat lag_ms=89
2026-03-09T07:10:00.694+01:00 INFO api-gateway host=api-gateway-7c9d5b-x2k4p corrId=- health probe ok status=200 latency_ms=30
2026-03-09T07:15:00.595+01:00 INFO api-gateway host=api-gateway-a41e92-x2k4p corrId=- health probe ok status=200 latency_ms=20
2026-03-09T07:16:20.634+01:00 INFO portal-bff host=portal-bff-a41e92-x2k4p corrId=c-0ae131527cd6e6e4 conversion quote requested loan_id=LN001768217 target_product=FIXED_30Y
2026-03-09T07:16:20.668+01:00 INFO identity-service host=identity-service-5b8f6c-p9qmz corrId=c-0ae131527cd6e6e4 MitID session validated customer_id=C53502941
2026-03-09T07:16:20.776+01:00 INFO pricing-service host=pricing-service-a41e92-p9qmz corrId=c-0ae131527cd6e6e4 bond price fetched series=BND4.0-2056 price=88.580
2026-03-09T07:16:20.800+01:00 INFO pricing-service host=pricing-service-5b8f6c-p9qmz corrId=c-0ae131527cd6e6e4 conversion cost calculated loan_id=LN001768217 cost_dkk=44680.87
2026-03-09T07:16:20.899+01:00 INFO quote-service host=quote-service-a41e92-x2k4p corrId=c-0ae131527cd6e6e4 conversion quote issued quote_id=Q30361103 loan_id=LN001768217
2026-03-09T07:20:00.437+01:00 INFO payment-scheduler host=payment-scheduler-a41e92-p9qmz corrId=- scheduler heartbeat lag_ms=12
2026-03-09T07:20:00.719+01:00 INFO api-gateway host=api-gateway-7c9d5b-x2k4p corrId=- health probe ok status=200 latency_ms=22
2026-03-09T07:25:00.248+01:00 INFO api-gateway host=api-gateway-7c9d5b-p9qmz corrId=- health probe ok status=200 latency_ms=37
2026-03-09T07:30:00.287+01:00 INFO api-gateway host=api-gateway-5b8f6c-t6zvn corrId=- health probe ok status=200 latency_ms=38
2026-03-09T07:30:00.411+01:00 INFO payment-scheduler host=payment-scheduler-5b8f6c-p9qmz corrId=- scheduler heartbeat lag_ms=24
2026-03-09T07:33:42.191+01:00 INFO portal-bff host=portal-bff-a41e92-p9qmz corrId=c-f10e865bbbb4e80a conversion quote requested loan_id=LN803662021 target_product=FLEX_1Y
2026-03-09T07:33:42.271+01:00 INFO identity-service host=identity-service-5b8f6c-p9qmz corrId=c-f10e865bbbb4e80a MitID session validated customer_id=C04565551
2026-03-09T07:33:42.289+01:00 INFO pricing-service host=pricing-service-a41e92-p9qmz corrId=c-f10e865bbbb4e80a bond price fetched series=BND3.0-2056 price=93.948
2026-03-09T07:33:42.295+01:00 INFO pricing-service host=pricing-service-5b8f6c-x2k4p corrId=c-f10e865bbbb4e80a conversion cost calculated loan_id=LN803662021 cost_dkk=80053.92
2026-03-09T07:33:42.434+01:00 INFO quote-service host=quote-service-5b8f6c-t6zvn corrId=c-f10e865bbbb4e80a conversion quote issued quote_id=Q21757441 loan_id=LN803662021
2026-03-09T07:35:00.466+01:00 INFO api-gateway host=api-gateway-7c9d5b-x2k4p corrId=- health probe ok status=200 latency_ms=4
2026-03-09T07:40:00.445+01:00 INFO api-gateway host=api-gateway-5b8f6c-t6zvn corrId=- health probe ok status=200 latency_ms=33
2026-03-09T07:40:00.633+01:00 INFO payment-scheduler host=payment-scheduler-a41e92-p9qmz corrId=- scheduler heartbeat lag_ms=54
2026-03-09T07:45:00.533+01:00 INFO api-gateway host=api-gateway-7c9d5b-x2k4p corrId=- health probe ok status=200 latency_ms=31
2026-03-09T07:50:00.227+01:00 INFO payment-scheduler host=payment-scheduler-a41e92-x2k4p corrId=- scheduler heartbeat lag_ms=65
2026-03-09T07:50:00.741+01:00 INFO api-gateway host=api-gateway-7c9d5b-t6zvn corrId=- health probe ok status=200 latency_ms=4
2026-03-09T07:55:00.539+01:00 INFO api-gateway host=api-gateway-a41e92-x2k4p corrId=- health probe ok status=200 latency_ms=11
2026-03-09T08:00:00.488+01:00 INFO api-gateway host=api-gateway-5b8f6c-t6zvn corrId=- health probe ok status=200 latency_ms=20
2026-03-09T08:00:00.518+01:00 INFO payment-scheduler host=payment-scheduler-5b8f6c-p9qmz corrId=- scheduler heartbeat lag_ms=48
2026-03-09T08:00:37.000+01:00 INFO config-service host=config-service-7c9d5b-t6zvn corrId=- configuration refreshed version=v102
2026-03-09T08:05:00.195+01:00 INFO api-gateway host=api-gateway-a41e92-p9qmz corrId=- health probe ok status=200 latency_ms=37
2026-03-09T08:10:00.444+01:00 INFO api-gateway host=api-gateway-5b8f6c-t6zvn corrId=- health probe ok status=200 latency_ms=31
2026-03-09T08:10:00.764+01:00 INFO payment-scheduler host=payment-scheduler-a41e92-t6zvn corrId=- scheduler heartbeat lag_ms=55
2026-03-09T08:15:00.591+01:00 INFO api-gateway host=api-gateway-a41e92-x2k4p corrId=- health probe ok status=200 latency_ms=18
2026-03-09T08:20:00.292+01:00 INFO api-gateway host=api-gateway-5b8f6c-x2k4p corrId=- health probe ok status=200 latency_ms=11
2026-03-09T08:20:00.475+01:00 INFO payment-scheduler host=payment-scheduler-5b8f6c-x2k4p corrId=- scheduler heartbeat lag_ms=13
2026-03-09T08:20:19.320+01:00 INFO portal-bff host=portal-bff-a41e92-x2k4p corrId=c-f035f818bdfc89c9 conversion quote requested loan_id=LN104238378 target_product=FLEX_1Y
2026-03-09T08:20:19.397+01:00 INFO identity-service host=identity-service-a41e92-x2k4p corrId=c-f035f818bdfc89c9 MitID session validated customer_id=C59617201
2026-03-09T08:20:19.534+01:00 INFO pricing-service host=pricing-service-7c9d5b-t6zvn corrId=c-f035f818bdfc89c9 bond price fetched series=BND2.5-2056 price=97.343
2026-03-09T08:20:19.634+01:00 INFO pricing-service host=pricing-service-7c9d5b-x2k4p corrId=c-f035f818bdfc89c9 conversion cost calculated loan_id=LN104238378 cost_dkk=65150.35
2026-03-09T08:20:19.697+01:00 INFO quote-service host=quote-service-7c9d5b-p9qmz corrId=c-f035f818bdfc89c9 conversion quote issued quote_id=Q45745751 loan_id=LN104238378
2026-03-09T08:25:00.069+01:00 INFO api-gateway host=api-gateway-5b8f6c-t6zvn corrId=- health probe ok status=200 latency_ms=22
2026-03-09T08:27:26.383+01:00 INFO portal-bff host=portal-bff-7c9d5b-t6zvn corrId=c-d48d02d6d2d3bc60 loan application submitted application_id=APP-2026-491059 customer_segment=RETAIL
2026-03-09T08:27:26.504+01:00 INFO identity-service host=identity-service-7c9d5b-p9qmz corrId=c-d48d02d6d2d3bc60 MitID session validated customer_id=C38397887
2026-03-09T08:27:26.540+01:00 INFO customer-service host=customer-service-5b8f6c-t6zvn corrId=c-d48d02d6d2d3bc60 KYC profile loaded customer_id=C38397887 risk_class=LOW
2026-03-09T08:27:26.564+01:00 INFO valuation-service host=valuation-service-5b8f6c-p9qmz corrId=c-d48d02d6d2d3bc60 property valuation requested property_id=P0260679 provider=valuta-ejd
2026-03-09T08:27:27.470+01:00 INFO valuation-service host=valuation-service-7c9d5b-p9qmz corrId=c-d48d02d6d2d3bc60 property valuation received property_id=P0260679 value_dkk=5600000 latency_ms=791
2026-03-09T08:27:27.586+01:00 INFO credit-service host=credit-service-a41e92-t6zvn corrId=c-d48d02d6d2d3bc60 credit assessment completed application_id=APP-2026-491059 score=569 decision=APPROVED
2026-03-09T08:27:27.635+01:00 INFO offer-service host=offer-service-a41e92-t6zvn corrId=c-d48d02d6d2d3bc60 loan offer generated application_id=APP-2026-491059 loan_type=FIXED_20Y_IO principal_dkk=5930000
2026-03-09T08:27:27.677+01:00 INFO document-service host=document-service-7c9d5b-x2k4p corrId=c-d48d02d6d2d3bc60 offer document stored application_id=APP-2026-491059 doc_id=DOC-63008c42
2026-03-09T08:27:27.791+01:00 INFO portal-bff host=portal-bff-5b8f6c-t6zvn corrId=c-d48d02d6d2d3bc60 application completed application_id=APP-2026-491059 status=OFFER_ISSUED
2026-03-09T08:30:00.355+01:00 INFO api-gateway host=api-gateway-7c9d5b-x2k4p corrId=- health probe ok status=200 latency_ms=14
2026-03-09T08:30:00.476+01:00 INFO payment-scheduler host=payment-scheduler-a41e92-p9qmz corrId=- scheduler heartbeat lag_ms=88
2026-03-09T08:35:00.555+01:00 INFO api-gateway host=api-gateway-5b8f6c-p9qmz corrId=- health probe ok status=200 latency_ms=26
2026-03-09T08:35:15.849+01:00 INFO portal-bff host=portal-bff-a41e92-t6zvn corrId=c-b857738888cbf2bc loan application submitted application_id=APP-2026-060790 customer_segment=SME
2026-03-09T08:35:15.899+01:00 INFO identity-service host=identity-service-a41e92-t6zvn corrId=c-b857738888cbf2bc MitID session validated customer_id=C31258885
2026-03-09T08:35:15.951+01:00 INFO customer-service host=customer-service-a41e92-p9qmz corrId=c-b857738888cbf2bc KYC profile loaded customer_id=C31258885 risk_class=MEDIUM
2026-03-09T08:35:16.074+01:00 INFO valuation-service host=valuation-service-a41e92-p9qmz corrId=c-b857738888cbf2bc property valuation requested property_id=P1741082 provider=valuta-ejd
2026-03-09T08:35:16.750+01:00 INFO valuation-service host=valuation-service-a41e92-p9qmz corrId=c-b857738888cbf2bc property valuation received property_id=P1741082 value_dkk=6270000 latency_ms=664
2026-03-09T08:35:16.866+01:00 INFO credit-service host=credit-service-a41e92-p9qmz corrId=c-b857738888cbf2bc credit assessment completed application_id=APP-2026-060790 score=797 decision=APPROVED
2026-03-09T08:35:16.983+01:00 INFO offer-service host=offer-service-5b8f6c-x2k4p corrId=c-b857738888cbf2bc loan offer generated application_id=APP-2026-060790 loan_type=FLEX_1Y principal_dkk=5775000
2026-03-09T08:35:17.069+01:00 INFO document-service host=document-service-a41e92-p9qmz corrId=c-b857738888cbf2bc offer document stored application_id=APP-2026-060790 doc_id=DOC-69335a97
2026-03-09T08:35:17.178+01:00 INFO portal-bff host=portal-bff-5b8f6c-p9qmz corrId=c-b857738888cbf2bc application completed application_id=APP-2026-060790 status=OFFER_ISSUED
2026-03-09T08:40:00.092+01:00 INFO payment-scheduler host=payment-scheduler-5b8f6c-x2k4p corrId=- scheduler heartbeat lag_ms=18
2026-03-09T08:40:00.134+01:00 INFO api-gateway host=api-gateway-5b8f6c-x2k4p corrId=- health probe ok status=200 latency_ms=28
2026-03-09T08:40:50.528+01:00 INFO portal-bff host=portal-bff-5b8f6c-p9qmz corrId=c-175d8f72055e6c1e conversion quote requested loan_id=LN985106224 target_product=FLEX_1Y
2026-03-09T08:40:50.558+01:00 INFO identity-service host=identity-service-a41e92-t6zvn corrId=c-175d8f72055e6c1e MitID session validated customer_id=C73965946
2026-03-09T08:40:50.613+01:00 INFO pricing-service host=pricing-service-5b8f6c-x2k4p corrId=c-175d8f72055e6c1e bond price fetched series=BND2.5-2056 price=98.937
2026-03-09T08:40:50.692+01:00 INFO pricing-service host=pricing-service-a41e92-x2k4p corrId=c-175d8f72055e6c1e conversion cost calculated loan_id=LN985106224 cost_dkk=85280.77
2026-03-09T08:40:50.778+01:00 INFO quote-service host=quote-service-a41e92-p9qmz corrId=c-175d8f72055e6c1e conversion quote issued quote_id=Q58069871 loan_id=LN985106224
2026-03-09T08:45:00.334+01:00 INFO api-gateway host=api-gateway-7c9d5b-x2k4p corrId=- health probe ok status=200 latency_ms=7
2026-03-09T08:45:35.158+01:00 INFO portal-bff host=portal-bff-7c9d5b-x2k4p corrId=c-ce3b80a73ccd0842 conversion quote requested loan_id=LN828996060 target_product=FLEX_5Y
2026-03-09T08:45:35.203+01:00 INFO identity-service host=identity-service-5b8f6c-x2k4p corrId=c-ce3b80a73ccd0842 MitID session validated customer_id=C75749791
2026-03-09T08:45:35.239+01:00 INFO pricing-service host=pricing-service-7c9d5b-p9qmz corrId=c-ce3b80a73ccd0842 bond price fetched series=BND2.5-2056 price=93.573
2026-03-09T08:45:35.314+01:00 INFO pricing-service host=pricing-service-5b8f6c-p9qmz corrId=c-ce3b80a73ccd0842 conversion cost calculated loan_id=LN828996060 cost_dkk=81940.13
2026-03-09T08:45:35.340+01:00 INFO quote-service host=quote-service-5b8f6c-x2k4p corrId=c-ce3b80a73ccd0842 conversion quote issued quote_id=Q88168648 loan_id=LN828996060
2026-03-09T08:46:07.697+01:00 INFO portal-bff host=portal-bff-a41e92-p9qmz corrId=c-17a1601e4a5f343e conversion quote requested loan_id=LN438072511 target_product=FLEX_5Y
2026-03-09T08:46:07.751+01:00 INFO identity-service host=identity-service-5b8f6c-t6zvn corrId=c-17a1601e4a5f343e MitID session validated customer_id=C64800603
2026-03-09T08:46:07.875+01:00 INFO pricing-service host=pricing-service-5b8f6c-p9qmz corrId=c-17a1601e4a5f343e bond price fetched series=BND4.0-2056 price=97.913
2026-03-09T08:46:07.886+01:00 INFO pricing-service host=pricing-service-a41e92-t6zvn corrId=c-17a1601e4a5f343e conversion cost calculated loan_id=LN438072511 cost_dkk=32062.91
2026-03-09T08:46:07.952+01:00 INFO quote-service host=quote-service-7c9d5b-t6zvn corrId=c-17a1601e4a5f343e conversion quote issued quote_id=Q80032317 loan_id=LN438072511
2026-03-09T08:50:00.481+01:00 INFO api-gateway host=api-gateway-7c9d5b-t6zvn corrId=- health probe ok status=200 latency_ms=6
2026-03-09T08:50:00.703+01:00 INFO payment-scheduler host=payment-scheduler-5b8f6c-t6zvn corrId=- scheduler heartbeat lag_ms=57
2026-03-09T08:51:37.097+01:00 INFO portal-bff host=portal-bff-a41e92-x2k4p corrId=c-1219401fcb3fa8c0 loan application submitted application_id=APP-2026-241074 customer_segment=RETAIL
2026-03-09T08:51:37.154+01:00 INFO identity-service host=identity-service-7c9d5b-p9qmz corrId=c-1219401fcb3fa8c0 MitID session validated customer_id=C29159529
2026-03-09T08:51:37.181+01:00 INFO customer-service host=customer-service-7c9d5b-x2k4p corrId=c-1219401fcb3fa8c0 KYC profile loaded customer_id=C29159529 risk_class=HIGH
2026-03-09T08:51:37.267+01:00 INFO valuation-service host=valuation-service-a41e92-x2k4p corrId=c-1219401fcb3fa8c0 property valuation requested property_id=P0053518 provider=valuta-ejd
2026-03-09T08:51:37.906+01:00 INFO valuation-service host=valuation-service-7c9d5b-t6zvn corrId=c-1219401fcb3fa8c0 property valuation received property_id=P0053518 value_dkk=5440000 latency_ms=527
2026-03-09T08:51:37.918+01:00 INFO credit-service host=credit-service-7c9d5b-x2k4p corrId=c-1219401fcb3fa8c0 credit assessment completed application_id=APP-2026-241074 score=441 decision=APPROVED
2026-03-09T08:51:37.988+01:00 INFO offer-service host=offer-service-7c9d5b-x2k4p corrId=c-1219401fcb3fa8c0 loan offer generated application_id=APP-2026-241074 loan_type=FIXED_20Y_IO principal_dkk=820000
2026-03-09T08:51:38.089+01:00 INFO document-service host=document-service-7c9d5b-p9qmz corrId=c-1219401fcb3fa8c0 offer document stored application_id=APP-2026-241074 doc_id=DOC-f8d2b617
2026-03-09T08:51:38.167+01:00 INFO portal-bff host=portal-bff-5b8f6c-t6zvn corrId=c-1219401fcb3fa8c0 application completed application_id=APP-2026-241074 status=OFFER_ISSUED
2026-03-09T08:55:00.758+01:00 INFO api-gateway host=api-gateway-a41e92-t6zvn corrId=- health probe ok status=200 latency_ms=27
2026-03-09T08:55:43.132+01:00 INFO portal-bff host=portal-bff-7c9d5b-x2k4p corrId=c-4739f301164ab2be conversion quote requested loan_id=LN927716553 target_product=FIXED_30Y
2026-03-09T08:55:43.197+01:00 INFO identity-service host=identity-service-5b8f6c-t6zvn corrId=c-4739f301164ab2be MitID session validated customer_id=C14828014
2026-03-09T08:55:43.291+01:00 INFO pricing-service host=pricing-service-a41e92-p9qmz corrId=c-4739f301164ab2be bond price fetched series=BND4.0-2053 price=101.938
2026-03-09T08:55:43.405+01:00 INFO pricing-service host=pricing-service-7c9d5b-t6zvn corrId=c-4739f301164ab2be conversion cost calculated loan_id=LN927716553 cost_dkk=76780.95
2026-03-09T08:55:43.441+01:00 INFO quote-service host=quote-service-7c9d5b-p9qmz corrId=c-4739f301164ab2be conversion quote issued quote_id=Q96574590 loan_id=LN927716553
2026-03-09T09:00:00.439+01:00 INFO payment-scheduler host=payment-scheduler-a41e92-p9qmz corrId=- scheduler heartbeat lag_ms=116
2026-03-09T09:00:00.878+01:00 INFO api-gateway host=api-gateway-5b8f6c-p9qmz corrId=- health probe ok status=200 latency_ms=20
2026-03-09T09:00:17.000+01:00 INFO config-service host=config-service-5b8f6c-t6zvn corrId=- configuration refreshed version=v112
2026-03-09T09:05:00.002+01:00 INFO api-gateway host=api-gateway-a41e92-p9qmz corrId=- health probe ok status=200 latency_ms=6
2026-03-09T09:08:34.724+01:00 INFO portal-bff host=portal-bff-5b8f6c-p9qmz corrId=c-3825cd6980de130c conversion quote requested loan_id=LN039136913 target_product=FLEX_1Y
2026-03-09T09:08:34.854+01:00 INFO identity-service host=identity-service-7c9d5b-x2k4p corrId=c-3825cd6980de130c MitID session validated customer_id=C92747692
2026-03-09T09:08:34.880+01:00 INFO pricing-service host=pricing-service-7c9d5b-t6zvn corrId=c-3825cd6980de130c bond price fetched series=BND3.0-2053 price=97.703
2026-03-09T09:08:34.974+01:00 INFO pricing-service host=pricing-service-a41e92-x2k4p corrId=c-3825cd6980de130c conversion cost calculated loan_id=LN039136913 cost_dkk=41466.49
2026-03-09T09:08:35.112+01:00 INFO quote-service host=quote-service-7c9d5b-t6zvn corrId=c-3825cd6980de130c conversion quote issued quote_id=Q11380744 loan_id=LN039136913
2026-03-09T09:09:33.626+01:00 INFO portal-bff host=portal-bff-a41e92-p9qmz corrId=c-47c918ad7f5ca7e2 loan application submitted application_id=APP-2026-555879 customer_segment=PRIVATE
2026-03-09T09:09:33.639+01:00 INFO identity-service host=identity-service-a41e92-p9qmz corrId=c-47c918ad7f5ca7e2 MitID session validated customer_id=C52429127
2026-03-09T09:09:33.694+01:00 INFO customer-service host=customer-service-7c9d5b-p9qmz corrId=c-47c918ad7f5ca7e2 KYC profile loaded customer_id=C52429127 risk_class=LOW
2026-03-09T09:09:33.736+01:00 INFO valuation-service host=valuation-service-5b8f6c-p9qmz corrId=c-47c918ad7f5ca7e2 property valuation requested property_id=P3672322 provider=valuta-ejd
2026-03-09T09:09:34.030+01:00 INFO valuation-service host=valuation-service-7c9d5b-x2k4p corrId=c-47c918ad7f5ca7e2 property valuation received property_id=P3672322 value_dkk=2190000 latency_ms=238
2026-03-09T09:09:34.065+01:00 INFO credit-service host=credit-service-a41e92-p9qmz corrId=c-47c918ad7f5ca7e2 credit assessment completed application_id=APP-2026-555879 score=821 decision=APPROVED
2026-03-09T09:09:34.095+01:00 INFO offer-service host=offer-service-5b8f6c-t6zvn corrId=c-47c918ad7f5ca7e2 loan offer generated application_id=APP-2026-555879 loan_type=FLEX_1Y principal_dkk=5475000
2026-03-09T09:09:34.129+01:00 INFO document-service host=document-service-a41e92-x2k4p corrId=c-47c918ad7f5ca7e2 offer document stored application_id=APP-2026-555879 doc_id=DOC-25ab552d
2026-03-09T09:09:34.239+01:00 INFO portal-bff host=portal-bff-5b8f6c-x2k4p corrId=c-47c918ad7f5ca7e2 application completed application_id=APP-2026-555879 status=OFFER_ISSUED
2026-03-09T09:10:00.611+01:00 INFO payment-scheduler host=payment-scheduler-a41e92-x2k4p corrId=- scheduler heartbeat lag_ms=7
2026-03-09T09:10:00.637+01:00 INFO api-gateway host=api-gateway-5b8f6c-t6zvn corrId=- health probe ok status=200 latency_ms=10
2026-03-09T09:12:09.659+01:00 INFO portal-bff host=portal-bff-5b8f6c-p9qmz corrId=c-1458e31a935aa14e loan application submitted application_id=APP-2026-179055 customer_segment=SME
2026-03-09T09:12:09.784+01:00 INFO identity-service host=identity-service-7c9d5b-p9qmz corrId=c-1458e31a935aa14e MitID session validated customer_id=C16675836
2026-03-09T09:12:09.838+01:00 INFO customer-service host=customer-service-5b8f6c-t6zvn corrId=c-1458e31a935aa14e KYC profile loaded customer_id=C16675836 risk_class=HIGH
2026-03-09T09:12:09.870+01:00 INFO valuation-service host=valuation-service-5b8f6c-x2k4p corrId=c-1458e31a935aa14e property valuation requested property_id=P8777008 provider=valuta-ejd
2026-03-09T09:12:10.653+01:00 INFO valuation-service host=valuation-service-7c9d5b-p9qmz corrId=c-1458e31a935aa14e property valuation received property_id=P8777008 value_dkk=7650000 latency_ms=730
2026-03-09T09:12:10.665+01:00 INFO credit-service host=credit-service-5b8f6c-t6zvn corrId=c-1458e31a935aa14e credit assessment completed application_id=APP-2026-179055 score=618 decision=APPROVED
2026-03-09T09:12:10.785+01:00 INFO offer-service host=offer-service-5b8f6c-p9qmz corrId=c-1458e31a935aa14e loan offer generated application_id=APP-2026-179055 loan_type=FLEX_5Y principal_dkk=2080000
2026-03-09T09:12:10.816+01:00 INFO document-service host=document-service-a41e92-t6zvn corrId=c-1458e31a935aa14e offer document stored application_id=APP-2026-179055 doc_id=DOC-7ff02891
2026-03-09T09:12:10.870+01:00 INFO portal-bff host=portal-bff-5b8f6c-t6zvn corrId=c-1458e31a935aa14e application completed application_id=APP-2026-179055 status=OFFER_ISSUED
2026-03-09T09:13:07.008+01:00 INFO portal-bff host=portal-bff-a41e92-x2k4p corrId=c-3fb780940189e82f conversion quote requested loan_id=LN167921788 target_product=FIXED_30Y
2026-03-09T09:13:07.077+01:00 INFO identity-service host=identity-service-a41e92-x2k4p corrId=c-3fb780940189e82f MitID session validated customer_id=C94256899
2026-03-09T09:13:07.119+01:00 INFO pricing-service host=pricing-service-5b8f6c-x2k4p corrId=c-3fb780940189e82f bond price fetched series=BND3.0-2056 price=97.590
2026-03-09T09:13:07.228+01:00 INFO pricing-service host=pricing-service-7c9d5b-p9qmz corrId=c-3fb780940189e82f conversion cost calculated loan_id=LN167921788 cost_dkk=38241.52
2026-03-09T09:13:07.250+01:00 INFO quote-service host=quote-service-5b8f6c-t6zvn corrId=c-3fb780940189e82f conversion quote issued quote_id=Q16721953 loan_id=LN167921788
2026-03-09T09:15:00.858+01:00 INFO api-gateway host=api-gateway-a41e92-p9qmz corrId=- health probe ok status=200 latency_ms=30
2026-03-09T09:15:07.705+01:00 INFO portal-bff host=portal-bff-7c9d5b-x2k4p corrId=c-93758deca281c0d9 conversion quote requested loan_id=LN814491395 target_product=FLEX_5Y
2026-03-09T09:15:07.841+01:00 INFO identity-service host=identity-service-7c9d5b-x2k4p corrId=c-93758deca281c0d9 MitID session validated customer_id=C32293578
2026-03-09T09:15:07.856+01:00 INFO pricing-service host=pricing-service-a41e92-x2k4p corrId=c-93758deca281c0d9 bond price fetched series=BND3.0-2053 price=96.193
2026-03-09T09:15:07.938+01:00 INFO pricing-service host=pricing-service-a41e92-t6zvn corrId=c-93758deca281c0d9 conversion cost calculated loan_id=LN814491395 cost_dkk=25580.82
2026-03-09T09:15:08.069+01:00 INFO quote-service host=quote-service-7c9d5b-x2k4p corrId=c-93758deca281c0d9 conversion quote issued quote_id=Q52815877 loan_id=LN814491395
2026-03-09T09:15:12.981+01:00 INFO portal-bff host=portal-bff-7c9d5b-t6zvn corrId=c-207329e4f8d415e0 loan application submitted application_id=APP-2026-317382 customer_segment=SME
2026-03-09T09:15:13.120+01:00 INFO identity-service host=identity-service-5b8f6c-p9qmz corrId=c-207329e4f8d415e0 MitID session validated customer_id=C93029959
2026-03-09T09:15:13.260+01:00 INFO customer-service host=customer-service-5b8f6c-t6zvn corrId=c-207329e4f8d415e0 KYC profile loaded customer_id=C93029959 risk_class=MEDIUM
2026-03-09T09:15:13.311+01:00 INFO valuation-service host=valuation-service-5b8f6c-t6zvn corrId=c-207329e4f8d415e0 property valuation requested property_id=P6190062 provider=valuta-ejd
2026-03-09T09:15:14.081+01:00 INFO valuation-service host=valuation-service-a41e92-p9qmz corrId=c-207329e4f8d415e0 property valuation received property_id=P6190062 value_dkk=2030000 latency_ms=630
2026-03-09T09:15:14.130+01:00 INFO credit-service host=credit-service-a41e92-p9qmz corrId=c-207329e4f8d415e0 credit assessment completed application_id=APP-2026-317382 score=603 decision=APPROVED
2026-03-09T09:15:14.166+01:00 INFO offer-service host=offer-service-7c9d5b-x2k4p corrId=c-207329e4f8d415e0 loan offer generated application_id=APP-2026-317382 loan_type=FIXED_20Y_IO principal_dkk=5695000
2026-03-09T09:15:14.244+01:00 INFO document-service host=document-service-7c9d5b-p9qmz corrId=c-207329e4f8d415e0 offer document stored application_id=APP-2026-317382 doc_id=DOC-368f0f07
2026-03-09T09:15:14.256+01:00 INFO portal-bff host=portal-bff-a41e92-x2k4p corrId=c-207329e4f8d415e0 application completed application_id=APP-2026-317382 status=OFFER_ISSUED
2026-03-09T09:20:00.423+01:00 INFO payment-scheduler host=payment-scheduler-a41e92-p9qmz corrId=- scheduler heartbeat lag_ms=13
2026-03-09T09:20:00.726+01:00 INFO api-gateway host=api-gateway-5b8f6c-t6zvn corrId=- health probe ok status=200 latency_ms=15
2026-03-09T09:25:00.679+01:00 INFO api-gateway host=api-gateway-a41e92-p9qmz corrId=- health probe ok status=200 latency_ms=8
2026-03-09T09:29:52.995+01:00 INFO portal-bff host=portal-bff-a41e92-x2k4p corrId=c-6786b0fe50f1a74b conversion quote requested loan_id=LN901738310 target_product=FLEX_1Y
2026-03-09T09:29:53.128+01:00 INFO identity-service host=identity-service-a41e92-t6zvn corrId=c-6786b0fe50f1a74b MitID session validated customer_id=C90205963
2026-03-09T09:29:53.249+01:00 INFO pricing-service host=pricing-service-7c9d5b-x2k4p corrId=c-6786b0fe50f1a74b bond price fetched series=BND3.0-2053 price=90.302
2026-03-09T09:29:53.360+01:00 INFO pricing-service host=pricing-service-a41e92-x2k4p corrId=c-6786b0fe50f1a74b conversion cost calculated loan_id=LN901738310 cost_dkk=84011.01
2026-03-09T09:29:53.449+01:00 INFO quote-service host=quote-service-7c9d5b-x2k4p corrId=c-6786b0fe50f1a74b conversion quote issued quote_id=Q31169879 loan_id=LN901738310
2026-03-09T09:30:00.160+01:00 INFO api-gateway host=api-gateway-5b8f6c-p9qmz corrId=- health probe ok status=200 latency_ms=23
2026-03-09T09:30:00.377+01:00 INFO portal-bff host=portal-bff-7c9d5b-p9qmz corrId=c-a7fac1458c7f0474 conversion quote requested loan_id=LN113083859 target_product=FLEX_1Y
2026-03-09T09:30:00.396+01:00 INFO identity-service host=identity-service-7c9d5b-p9qmz corrId=c-a7fac1458c7f0474 MitID session validated customer_id=C46403720
2026-03-09T09:30:00.419+01:00 INFO pricing-service host=pricing-service-7c9d5b-p9qmz corrId=c-a7fac1458c7f0474 bond price fetched series=BND4.0-2056 price=91.687
2026-03-09T09:30:00.507+01:00 INFO payment-scheduler host=payment-scheduler-a41e92-t6zvn corrId=- scheduler heartbeat lag_ms=45
2026-03-09T09:30:00.520+01:00 INFO pricing-service host=pricing-service-7c9d5b-x2k4p corrId=c-a7fac1458c7f0474 conversion cost calculated loan_id=LN113083859 cost_dkk=43802.62
2026-03-09T09:30:00.557+01:00 INFO quote-service host=quote-service-7c9d5b-p9qmz corrId=c-a7fac1458c7f0474 conversion quote issued quote_id=Q87299965 loan_id=LN113083859
2026-03-09T09:31:48.595+01:00 INFO portal-bff host=portal-bff-a41e92-t6zvn corrId=c-8fc7fc4df72ecca5 conversion quote requested loan_id=LN861064438 target_product=FLEX_1Y
2026-03-09T09:31:48.672+01:00 INFO identity-service host=identity-service-7c9d5b-p9qmz corrId=c-8fc7fc4df72ecca5 MitID session validated customer_id=C96127315
2026-03-09T09:31:48.810+01:00 INFO pricing-service host=pricing-service-7c9d5b-p9qmz corrId=c-8fc7fc4df72ecca5 bond price fetched series=BND4.0-2053 price=91.319
2026-03-09T09:31:48.858+01:00 INFO pricing-service host=pricing-service-5b8f6c-p9qmz corrId=c-8fc7fc4df72ecca5 conversion cost calculated loan_id=LN861064438 cost_dkk=24526.44
2026-03-09T09:31:48.961+01:00 INFO quote-service host=quote-service-5b8f6c-p9qmz corrId=c-8fc7fc4df72ecca5 conversion quote issued quote_id=Q33564128 loan_id=LN861064438
2026-03-09T09:32:40.266+01:00 INFO portal-bff host=portal-bff-a41e92-x2k4p corrId=c-021d01c8e5a15c04 loan application submitted application_id=APP-2026-231971 customer_segment=PRIVATE
2026-03-09T09:32:40.324+01:00 INFO identity-service host=identity-service-a41e92-t6zvn corrId=c-021d01c8e5a15c04 MitID session validated customer_id=C82790868
2026-03-09T09:32:40.430+01:00 INFO customer-service host=customer-service-5b8f6c-x2k4p corrId=c-021d01c8e5a15c04 KYC profile loaded customer_id=C82790868 risk_class=HIGH
2026-03-09T09:32:40.481+01:00 INFO valuation-service host=valuation-service-5b8f6c-t6zvn corrId=c-021d01c8e5a15c04 property valuation requested property_id=P3877965 provider=valuta-ejd
2026-03-09T09:32:40.932+01:00 INFO valuation-service host=valuation-service-5b8f6c-p9qmz corrId=c-021d01c8e5a15c04 property valuation received property_id=P3877965 value_dkk=5360000 latency_ms=400
2026-03-09T09:32:41.045+01:00 INFO credit-service host=credit-service-7c9d5b-t6zvn corrId=c-021d01c8e5a15c04 credit assessment completed application_id=APP-2026-231971 score=523 decision=APPROVED
2026-03-09T09:32:41.061+01:00 INFO offer-service host=offer-service-7c9d5b-x2k4p corrId=c-021d01c8e5a15c04 loan offer generated application_id=APP-2026-231971 loan_type=FIXED_30Y principal_dkk=1415000
2026-03-09T09:32:41.127+01:00 INFO document-service host=document-service-a41e92-t6zvn corrId=c-021d01c8e5a15c04 offer document stored application_id=APP-2026-231971 doc_id=DOC-86a7ca9e
2026-03-09T09:32:41.189+01:00 INFO portal-bff host=portal-bff-a41e92-t6zvn corrId=c-021d01c8e5a15c04 application completed application_id=APP-2026-231971 status=OFFER_ISSUED
2026-03-09T09:33:07.857+01:00 INFO portal-bff host=portal-bff-7c9d5b-t6zvn corrId=c-bab9968a419c5dc8 loan application submitted application_id=APP-2026-347948 customer_segment=SME
2026-03-09T09:33:07.880+01:00 INFO identity-service host=identity-service-7c9d5b-x2k4p corrId=c-bab9968a419c5dc8 MitID session validated customer_id=C51680015
2026-03-09T09:33:07.885+01:00 INFO customer-service host=customer-service-7c9d5b-x2k4p corrId=c-bab9968a419c5dc8 KYC profile loaded customer_id=C51680015 risk_class=LOW
2026-03-09T09:33:07.976+01:00 INFO valuation-service host=valuation-service-a41e92-p9qmz corrId=c-bab9968a419c5dc8 property valuation served from cache property_id=P8288568 value_dkk=1990000
2026-03-09T09:33:08.006+01:00 INFO credit-service host=credit-service-a41e92-t6zvn corrId=c-bab9968a419c5dc8 credit assessment completed application_id=APP-2026-347948 score=836 decision=APPROVED
2026-03-09T09:33:08.022+01:00 INFO offer-service host=offer-service-7c9d5b-t6zvn corrId=c-bab9968a419c5dc8 loan offer generated application_id=APP-2026-347948 loan_type=FIXED_20Y_IO principal_dkk=4410000
2026-03-09T09:33:08.159+01:00 INFO document-service host=document-service-a41e92-x2k4p corrId=c-bab9968a419c5dc8 offer document stored application_id=APP-2026-347948 doc_id=DOC-4f613840
2026-03-09T09:33:08.198+01:00 INFO portal-bff host=portal-bff-7c9d5b-x2k4p corrId=c-bab9968a419c5dc8 application completed application_id=APP-2026-347948 status=OFFER_ISSUED
2026-03-09T09:35:00.134+01:00 INFO api-gateway host=api-gateway-a41e92-x2k4p corrId=- health probe ok status=200 latency_ms=18
2026-03-09T09:40:00.682+01:00 INFO api-gateway host=api-gateway-7c9d5b-t6zvn corrId=- health probe ok status=200 latency_ms=3
2026-03-09T09:40:00.853+01:00 INFO payment-scheduler host=payment-scheduler-a41e92-p9qmz corrId=- scheduler heartbeat lag_ms=73
2026-03-09T09:40:11.317+01:00 INFO portal-bff host=portal-bff-7c9d5b-x2k4p corrId=c-4ef406d5f124fbec loan application submitted application_id=APP-2026-562740 customer_segment=RETAIL
2026-03-09T09:40:11.348+01:00 INFO identity-service host=identity-service-a41e92-t6zvn corrId=c-4ef406d5f124fbec MitID session validated customer_id=C19916380
2026-03-09T09:40:11.399+01:00 INFO customer-service host=customer-service-a41e92-x2k4p corrId=c-4ef406d5f124fbec KYC profile loaded customer_id=C19916380 risk_class=HIGH
2026-03-09T09:40:11.492+01:00 INFO valuation-service host=valuation-service-a41e92-p9qmz corrId=c-4ef406d5f124fbec property valuation requested property_id=P0591393 provider=valuta-ejd
2026-03-09T09:40:11.834+01:00 INFO valuation-service host=valuation-service-7c9d5b-p9qmz corrId=c-4ef406d5f124fbec property valuation received property_id=P0591393 value_dkk=3150000 latency_ms=271
2026-03-09T09:40:11.938+01:00 INFO credit-service host=credit-service-7c9d5b-x2k4p corrId=c-4ef406d5f124fbec credit assessment completed application_id=APP-2026-562740 score=814 decision=APPROVED
2026-03-09T09:40:12.012+01:00 INFO offer-service host=offer-service-5b8f6c-x2k4p corrId=c-4ef406d5f124fbec loan offer generated application_id=APP-2026-562740 loan_type=FLEX_1Y principal_dkk=5195000
2026-03-09T09:40:12.141+01:00 INFO document-service host=document-service-7c9d5b-x2k4p corrId=c-4ef406d5f124fbec offer document stored application_id=APP-2026-562740 doc_id=DOC-b773395b
2026-03-09T09:40:12.197+01:00 INFO portal-bff host=portal-bff-7c9d5b-p9qmz corrId=c-4ef406d5f124fbec application completed application_id=APP-2026-562740 status=OFFER_ISSUED
2026-03-09T09:40:34.944+01:00 INFO offer-service host=offer-service-a41e92-x2k4p corrId=c-7c4eaacd8330d2a7 offer accepted application_id=APP-2026-001319
2026-03-09T09:40:35.025+01:00 INFO ledger-service host=ledger-service-a41e92-t6zvn corrId=c-7c4eaacd8330d2a7 funds reserved application_id=APP-2026-001319 amount_dkk=5175000
2026-03-09T09:40:35.096+01:00 INFO payment-service host=payment-service-7c9d5b-p9qmz corrId=c-7c4eaacd8330d2a7 payout instruction sent application_id=APP-2026-001319 amount_dkk=5175000
2026-03-09T09:40:35.226+01:00 INFO ledger-service host=ledger-service-5b8f6c-p9qmz corrId=c-7c4eaacd8330d2a7 payout booked application_id=APP-2026-001319 posting_id=PST-62283dc114
2026-03-09T09:40:35.313+01:00 INFO notification-service host=notification-service-a41e92-p9qmz corrId=c-7c4eaacd8330d2a7 payout confirmation sent application_id=APP-2026-001319
2026-03-09T09:41:10.789+01:00 INFO portal-bff host=portal-bff-a41e92-x2k4p corrId=c-ceba8cd993d00aaf conversion quote requested loan_id=LN438090165 target_product=FLEX_5Y
2026-03-09T09:41:10.831+01:00 INFO identity-service host=identity-service-a41e92-t6zvn corrId=c-ceba8cd993d00aaf MitID session validated customer_id=C52141332
2026-03-09T09:41:10.922+01:00 INFO pricing-service host=pricing-service-a41e92-x2k4p corrId=c-ceba8cd993d00aaf bond price fetched series=BND4.0-2056 price=97.563
2026-03-09T09:41:11.039+01:00 INFO pricing-service host=pricing-service-7c9d5b-x2k4p corrId=c-ceba8cd993d00aaf conversion cost calculated loan_id=LN438090165 cost_dkk=83253.25
2026-03-09T09:41:11.103+01:00 INFO quote-service host=quote-service-7c9d5b-p9qmz corrId=c-ceba8cd993d00aaf conversion quote issued quote_id=Q99763165 loan_id=LN438090165
2026-03-09T09:43:31.745+01:00 INFO portal-bff host=portal-bff-7c9d5b-t6zvn corrId=c-b9b7a88b25045be9 loan application submitted application_id=APP-2026-630541 customer_segment=RETAIL
2026-03-09T09:43:31.753+01:00 INFO identity-service host=identity-service-a41e92-p9qmz corrId=c-b9b7a88b25045be9 MitID session validated customer_id=C58586894
2026-03-09T09:43:31.800+01:00 INFO customer-service host=customer-service-7c9d5b-t6zvn corrId=c-b9b7a88b25045be9 KYC profile loaded customer_id=C58586894 risk_class=HIGH
2026-03-09T09:43:31.913+01:00 INFO valuation-service host=valuation-service-7c9d5b-x2k4p corrId=c-b9b7a88b25045be9 property valuation requested property_id=P7306705 provider=bolig-vurdering
2026-03-09T09:43:32.601+01:00 INFO valuation-service host=valuation-service-a41e92-x2k4p corrId=c-b9b7a88b25045be9 property valuation received property_id=P7306705 value_dkk=4840000 latency_ms=604
2026-03-09T09:43:32.682+01:00 INFO credit-service host=credit-service-a41e92-x2k4p corrId=c-b9b7a88b25045be9 credit assessment completed application_id=APP-2026-630541 score=844 decision=APPROVED
2026-03-09T09:43:32.779+01:00 INFO offer-service host=offer-service-a41e92-t6zvn corrId=c-b9b7a88b25045be9 loan offer generated application_id=APP-2026-630541 loan_type=FIXED_20Y_IO principal_dkk=1370000
2026-03-09T09:43:32.848+01:00 INFO document-service host=document-service-7c9d5b-t6zvn corrId=c-b9b7a88b25045be9 offer document stored application_id=APP-2026-630541 doc_id=DOC-63e14d60
2026-03-09T09:43:32.964+01:00 INFO portal-bff host=portal-bff-5b8f6c-t6zvn corrId=c-b9b7a88b25045be9 application completed application_id=APP-2026-630541 status=OFFER_ISSUED
2026-03-09T09:45:00.448+01:00 INFO api-gateway host=api-gateway-a41e92-p9qmz corrId=- health probe ok status=200 latency_ms=9
2026-03-09T09:48:47.875+01:00 INFO portal-bff host=portal-bff-7c9d5b-x2k4p corrId=c-394e72d7a408e523 loan application submitted application_id=APP-2026-278341 customer_segment=PRIVATE
2026-03-09T09:48:47.898+01:00 INFO identity-service host=identity-service-a41e92-p9qmz corrId=c-394e72d7a408e523 MitID session validated customer_id=C38952037
2026-03-09T09:48:47.996+01:00 INFO customer-service host=customer-service-5b8f6c-t6zvn corrId=c-394e72d7a408e523 KYC profile loaded customer_id=C38952037 risk_class=HIGH
2026-03-09T09:48:48.074+01:00 INFO valuation-service host=valuation-service-7c9d5b-x2k4p corrId=c-394e72d7a408e523 property valuation requested property_id=P8276226 provider=valuta-ejd
2026-03-09T09:48:48.927+01:00 INFO valuation-service host=valuation-service-5b8f6c-p9qmz corrId=c-394e72d7a408e523 property valuation received property_id=P8276226 value_dkk=1740000 latency_ms=748
2026-03-09T09:48:48.972+01:00 INFO credit-service host=credit-service-5b8f6c-x2k4p corrId=c-394e72d7a408e523 credit assessment completed application_id=APP-2026-278341 score=733 decision=APPROVED
2026-03-09T09:48:49.060+01:00 INFO offer-service host=offer-service-5b8f6c-t6zvn corrId=c-394e72d7a408e523 loan offer generated application_id=APP-2026-278341 loan_type=FLEX_5Y principal_dkk=3105000
2026-03-09T09:48:49.137+01:00 INFO document-service host=document-service-7c9d5b-p9qmz corrId=c-394e72d7a408e523 offer document stored application_id=APP-2026-278341 doc_id=DOC-9676092c
2026-03-09T09:48:49.181+01:00 INFO portal-bff host=portal-bff-a41e92-p9qmz corrId=c-394e72d7a408e523 application completed application_id=APP-2026-278341 status=OFFER_ISSUED
2026-03-09T09:48:50.765+01:00 INFO portal-bff host=portal-bff-a41e92-t6zvn corrId=c-18074c3a9f9d44f3 loan application submitted application_id=APP-2026-978263 customer_segment=RETAIL
2026-03-09T09:48:50.838+01:00 INFO identity-service host=identity-service-a41e92-t6zvn corrId=c-18074c3a9f9d44f3 MitID session validated customer_id=C36565013
2026-03-09T09:48:50.903+01:00 INFO customer-service host=customer-service-a41e92-x2k4p corrId=c-18074c3a9f9d44f3 KYC profile loaded customer_id=C36565013 risk_class=LOW
2026-03-09T09:48:50.965+01:00 INFO valuation-service host=valuation-service-5b8f6c-t6zvn corrId=c-18074c3a9f9d44f3 property valuation served from cache property_id=P5177182 value_dkk=4250000
2026-03-09T09:48:51.043+01:00 INFO credit-service host=credit-service-a41e92-t6zvn corrId=c-18074c3a9f9d44f3 credit assessment completed application_id=APP-2026-978263 score=835 decision=APPROVED
2026-03-09T09:48:51.078+01:00 INFO offer-service host=offer-service-a41e92-x2k4p corrId=c-18074c3a9f9d44f3 loan offer generated application_id=APP-2026-978263 loan_type=FLEX_5Y principal_dkk=2485000
2026-03-09T09:48:51.184+01:00 INFO document-service host=document-service-5b8f6c-x2k4p corrId=c-18074c3a9f9d44f3 offer document stored application_id=APP-2026-978263 doc_id=DOC-d6afe908
2026-03-09T09:48:51.256+01:00 INFO portal-bff host=portal-bff-5b8f6c-p9qmz corrId=c-18074c3a9f9d44f3 application completed application_id=APP-2026-978263 status=OFFER_ISSUED
2026-03-09T09:50:00.703+01:00 INFO api-gateway host=api-gateway-a41e92-p9qmz corrId=- health probe ok status=200 latency_ms=3
2026-03-09T09:50:00.897+01:00 INFO payment-scheduler host=payment-scheduler-5b8f6c-t6zvn corrId=- scheduler heartbeat lag_ms=116
2026-03-09T09:50:45.185+01:00 INFO offer-service host=offer-service-7c9d5b-p9qmz corrId=c-9c6ed6bb3bea49ab offer accepted application_id=APP-2026-317553
2026-03-09T09:50:45.221+01:00 INFO ledger-service host=ledger-service-5b8f6c-p9qmz corrId=c-9c6ed6bb3bea49ab funds reserved application_id=APP-2026-317553 amount_dkk=2230000
2026-03-09T09:50:45.331+01:00 INFO payment-service host=payment-service-a41e92-p9qmz corrId=c-9c6ed6bb3bea49ab payout instruction sent application_id=APP-2026-317553 amount_dkk=2230000
2026-03-09T09:50:45.353+01:00 INFO ledger-service host=ledger-service-a41e92-p9qmz corrId=c-9c6ed6bb3bea49ab payout booked application_id=APP-2026-317553 posting_id=PST-edc70646c5
2026-03-09T09:50:45.361+01:00 INFO notification-service host=notification-service-5b8f6c-p9qmz corrId=c-9c6ed6bb3bea49ab payout confirmation sent application_id=APP-2026-317553
2026-03-09T09:50:46.359+01:00 INFO portal-bff host=portal-bff-5b8f6c-p9qmz corrId=c-30fcb4b44ab50bdf loan application submitted application_id=APP-2026-133338 customer_segment=SME
2026-03-09T09:50:46.440+01:00 INFO identity-service host=identity-service-a41e92-x2k4p corrId=c-30fcb4b44ab50bdf MitID session validated customer_id=C78624551
2026-03-09T09:50:46.548+01:00 INFO customer-service host=customer-service-7c9d5b-x2k4p corrId=c-30fcb4b44ab50bdf KYC profile loaded customer_id=C78624551 risk_class=LOW
2026-03-09T09:50:46.576+01:00 INFO valuation-service host=valuation-service-7c9d5b-p9qmz corrId=c-30fcb4b44ab50bdf property valuation requested property_id=P4424575 provider=bolig-vurdering
2026-03-09T09:50:47.464+01:00 INFO valuation-service host=valuation-service-7c9d5b-t6zvn corrId=c-30fcb4b44ab50bdf property valuation received property_id=P4424575 value_dkk=3130000 latency_ms=819
2026-03-09T09:50:47.524+01:00 INFO credit-service host=credit-service-7c9d5b-x2k4p corrId=c-30fcb4b44ab50bdf credit assessment completed application_id=APP-2026-133338 score=656 decision=APPROVED
2026-03-09T09:50:47.538+01:00 INFO offer-service host=offer-service-5b8f6c-p9qmz corrId=c-30fcb4b44ab50bdf loan offer generated application_id=APP-2026-133338 loan_type=FIXED_30Y principal_dkk=4320000
2026-03-09T09:50:47.649+01:00 INFO document-service host=document-service-a41e92-x2k4p corrId=c-30fcb4b44ab50bdf offer document stored application_id=APP-2026-133338 doc_id=DOC-f8cd7a76
2026-03-09T09:50:47.733+01:00 INFO portal-bff host=portal-bff-a41e92-p9qmz corrId=c-30fcb4b44ab50bdf application completed application_id=APP-2026-133338 status=OFFER_ISSUED
2026-03-09T09:51:09.471+01:00 INFO portal-bff host=portal-bff-7c9d5b-t6zvn corrId=c-96f65924165b7b96 loan application submitted application_id=APP-2026-973999 customer_segment=RETAIL
2026-03-09T09:51:09.572+01:00 INFO identity-service host=identity-service-a41e92-p9qmz corrId=c-96f65924165b7b96 MitID session validated customer_id=C65511918
2026-03-09T09:51:09.653+01:00 INFO customer-service host=customer-service-7c9d5b-x2k4p corrId=c-96f65924165b7b96 KYC profile loaded customer_id=C65511918 risk_class=HIGH
2026-03-09T09:51:09.683+01:00 INFO valuation-service host=valuation-service-7c9d5b-p9qmz corrId=c-96f65924165b7b96 property valuation requested property_id=P9184515 provider=valuta-ejd
2026-03-09T09:51:10.653+01:00 INFO valuation-service host=valuation-service-5b8f6c-p9qmz corrId=c-96f65924165b7b96 property valuation received property_id=P9184515 value_dkk=1080000 latency_ms=929
2026-03-09T09:51:10.738+01:00 INFO credit-service host=credit-service-5b8f6c-p9qmz corrId=c-96f65924165b7b96 credit assessment completed application_id=APP-2026-973999 score=439 decision=APPROVED
2026-03-09T09:51:10.869+01:00 INFO offer-service host=offer-service-a41e92-x2k4p corrId=c-96f65924165b7b96 loan offer generated application_id=APP-2026-973999 loan_type=FIXED_30Y principal_dkk=5440000
2026-03-09T09:51:10.912+01:00 INFO document-service host=document-service-5b8f6c-x2k4p corrId=c-96f65924165b7b96 offer document stored application_id=APP-2026-973999 doc_id=DOC-e099f28a
2026-03-09T09:51:11.033+01:00 INFO portal-bff host=portal-bff-a41e92-t6zvn corrId=c-96f65924165b7b96 application completed application_id=APP-2026-973999 status=OFFER_ISSUED
2026-03-09T09:53:20.513+01:00 INFO portal-bff host=portal-bff-7c9d5b-t6zvn corrId=c-bd0652ad016434cd conversion quote requested loan_id=LN774925059 target_product=FIXED_30Y
2026-03-09T09:53:20.548+01:00 INFO identity-service host=identity-service-5b8f6c-x2k4p corrId=c-bd0652ad016434cd MitID session validated customer_id=C27734634
2026-03-09T09:53:20.598+01:00 INFO pricing-service host=pricing-service-a41e92-x2k4p corrId=c-bd0652ad016434cd bond price fetched series=BND3.0-2056 price=88.678
2026-03-09T09:53:20.648+01:00 INFO pricing-service host=pricing-service-5b8f6c-p9qmz corrId=c-bd0652ad016434cd conversion cost calculated loan_id=LN774925059 cost_dkk=45341.81
2026-03-09T09:53:20.692+01:00 INFO quote-service host=quote-service-a41e92-x2k4p corrId=c-bd0652ad016434cd conversion quote issued quote_id=Q39688700 loan_id=LN774925059
2026-03-09T09:55:00.457+01:00 INFO api-gateway host=api-gateway-5b8f6c-p9qmz corrId=- health probe ok status=200 latency_ms=6
2026-03-09T09:56:20.315+01:00 INFO portal-bff host=portal-bff-a41e92-p9qmz corrId=c-79ade7cfbb89b26b loan application submitted application_id=APP-2026-730847 customer_segment=PRIVATE
2026-03-09T09:56:20.335+01:00 INFO identity-service host=identity-service-a41e92-p9qmz corrId=c-79ade7cfbb89b26b MitID session validated customer_id=C56170226
2026-03-09T09:56:20.374+01:00 INFO customer-service host=customer-service-7c9d5b-t6zvn corrId=c-79ade7cfbb89b26b KYC profile loaded customer_id=C56170226 risk_class=LOW
2026-03-09T09:56:20.506+01:00 INFO valuation-service host=valuation-service-a41e92-p9qmz corrId=c-79ade7cfbb89b26b property valuation served from cache property_id=P1675468 value_dkk=7810000
2026-03-09T09:56:20.573+01:00 INFO credit-service host=credit-service-5b8f6c-p9qmz corrId=c-79ade7cfbb89b26b credit assessment completed application_id=APP-2026-730847 score=679 decision=APPROVED
2026-03-09T09:56:20.609+01:00 INFO offer-service host=offer-service-a41e92-t6zvn corrId=c-79ade7cfbb89b26b loan offer generated application_id=APP-2026-730847 loan_type=FLEX_5Y principal_dkk=815000
2026-03-09T09:56:20.647+01:00 INFO document-service host=document-service-5b8f6c-t6zvn corrId=c-79ade7cfbb89b26b offer document stored application_id=APP-2026-730847 doc_id=DOC-c7ea1085
2026-03-09T09:56:20.773+01:00 INFO portal-bff host=portal-bff-a41e92-t6zvn corrId=c-79ade7cfbb89b26b application completed application_id=APP-2026-730847 status=OFFER_ISSUED
2026-03-09T09:56:51.036+01:00 INFO portal-bff host=portal-bff-a41e92-t6zvn corrId=c-f21d63248cf4bc20 conversion quote requested loan_id=LN469746020 target_product=FIXED_30Y
2026-03-09T09:56:51.047+01:00 INFO identity-service host=identity-service-5b8f6c-x2k4p corrId=c-f21d63248cf4bc20 MitID session validated customer_id=C38702973
2026-03-09T09:56:51.090+01:00 INFO pricing-service host=pricing-service-5b8f6c-t6zvn corrId=c-f21d63248cf4bc20 bond price fetched series=BND4.0-2056 price=94.031
2026-03-09T09:56:51.122+01:00 INFO pricing-service host=pricing-service-a41e92-x2k4p corrId=c-f21d63248cf4bc20 conversion cost calculated loan_id=LN469746020 cost_dkk=80528.74
2026-03-09T09:56:51.262+01:00 INFO quote-service host=quote-service-5b8f6c-p9qmz corrId=c-f21d63248cf4bc20 conversion quote issued quote_id=Q80246555 loan_id=LN469746020
2026-03-09T09:58:25.810+01:00 INFO offer-service host=offer-service-a41e92-x2k4p corrId=c-d57a898d564509bc offer accepted application_id=APP-2026-164272
2026-03-09T09:58:25.841+01:00 INFO ledger-service host=ledger-service-7c9d5b-p9qmz corrId=c-d57a898d564509bc funds reserved application_id=APP-2026-164272 amount_dkk=3485000
2026-03-09T09:58:25.943+01:00 INFO payment-service host=payment-service-5b8f6c-x2k4p corrId=c-d57a898d564509bc payout instruction sent application_id=APP-2026-164272 amount_dkk=3485000
2026-03-09T09:58:25.985+01:00 INFO ledger-service host=ledger-service-5b8f6c-t6zvn corrId=c-d57a898d564509bc payout booked application_id=APP-2026-164272 posting_id=PST-575565417e
2026-03-09T09:58:26.000+01:00 INFO notification-service host=notification-service-a41e92-x2k4p corrId=c-d57a898d564509bc payout confirmation sent application_id=APP-2026-164272
2026-03-09T09:58:34.634+01:00 INFO portal-bff host=portal-bff-5b8f6c-x2k4p corrId=c-752a42b76b76fbfd conversion quote requested loan_id=LN239734665 target_product=FLEX_5Y
2026-03-09T09:58:34.645+01:00 INFO identity-service host=identity-service-a41e92-t6zvn corrId=c-752a42b76b76fbfd MitID session validated customer_id=C33963733
2026-03-09T09:58:34.660+01:00 INFO pricing-service host=pricing-service-a41e92-x2k4p corrId=c-752a42b76b76fbfd bond price fetched series=BND2.5-2056 price=91.891
2026-03-09T09:58:34.776+01:00 INFO pricing-service host=pricing-service-7c9d5b-p9qmz corrId=c-752a42b76b76fbfd conversion cost calculated loan_id=LN239734665 cost_dkk=57738.92
2026-03-09T09:58:34.800+01:00 INFO quote-service host=quote-service-7c9d5b-x2k4p corrId=c-752a42b76b76fbfd conversion quote issued quote_id=Q40048369 loan_id=LN239734665
2026-03-09T10:00:00.063+01:00 INFO payment-scheduler host=payment-scheduler-7c9d5b-x2k4p corrId=- scheduler heartbeat lag_ms=52
2026-03-09T10:00:00.415+01:00 INFO api-gateway host=api-gateway-a41e92-t6zvn corrId=- health probe ok status=200 latency_ms=29
2026-03-09T10:00:19.702+01:00 INFO portal-bff host=portal-bff-a41e92-p9qmz corrId=c-e26ea04ab9d14905 conversion quote requested loan_id=LN634282864 target_product=FIXED_30Y
2026-03-09T10:00:19.731+01:00 INFO identity-service host=identity-service-a41e92-p9qmz corrId=c-e26ea04ab9d14905 MitID session validated customer_id=C44080249
2026-03-09T10:00:19.868+01:00 INFO pricing-service host=pricing-service-a41e92-t6zvn corrId=c-e26ea04ab9d14905 conversion cost calculated loan_id=LN634282864 cost_dkk=16803.71
2026-03-09T10:00:19.981+01:00 INFO pricing-service host=pricing-service-7c9d5b-x2k4p corrId=c-e26ea04ab9d14905 bond price fetched series=BND2.5-2056 price=97.672
2026-03-09T10:00:20.039+01:00 INFO quote-service host=quote-service-a41e92-x2k4p corrId=c-e26ea04ab9d14905 conversion quote issued quote_id=Q77689279 loan_id=LN634282864
2026-03-09T10:00:33.931+01:00 INFO portal-bff host=portal-bff-a41e92-x2k4p corrId=c-93e1ceef0731d211 conversion quote requested loan_id=LN101019088 target_product=FLEX_1Y
2026-03-09T10:00:34.046+01:00 INFO identity-service host=identity-service-5b8f6c-p9qmz corrId=c-93e1ceef0731d211 MitID session validated customer_id=C21369541
2026-03-09T10:00:34.118+01:00 INFO pricing-service host=pricing-service-a41e92-x2k4p corrId=c-93e1ceef0731d211 bond price fetched series=BND2.5-2056 price=93.281
2026-03-09T10:00:34.138+01:00 INFO pricing-service host=pricing-service-7c9d5b-t6zvn corrId=c-93e1ceef0731d211 conversion cost calculated loan_id=LN101019088 cost_dkk=82900.96
2026-03-09T10:00:34.216+01:00 INFO quote-service host=quote-service-5b8f6c-p9qmz corrId=c-93e1ceef0731d211 conversion quote issued quote_id=Q34295191 loan_id=LN101019088
2026-03-09T10:00:55.000+01:00 INFO config-service host=config-service-7c9d5b-x2k4p corrId=- configuration refreshed version=v115
2026-03-09T10:01:26.836+01:00 INFO portal-bff host=portal-bff-7c9d5b-t6zvn corrId=c-c6c159028e795164 conversion quote requested loan_id=LN350529514 target_product=FLEX_1Y
2026-03-09T10:01:26.897+01:00 INFO identity-service host=identity-service-5b8f6c-p9qmz corrId=c-c6c159028e795164 MitID session validated customer_id=C39872945
2026-03-09T10:01:26.946+01:00 INFO pricing-service host=pricing-service-5b8f6c-x2k4p corrId=c-c6c159028e795164 bond price fetched series=BND3.0-2053 price=99.682
2026-03-09T10:01:26.974+01:00 INFO pricing-service host=pricing-service-7c9d5b-t6zvn corrId=c-c6c159028e795164 conversion cost calculated loan_id=LN350529514 cost_dkk=59157.09
2026-03-09T10:01:27.006+01:00 INFO quote-service host=quote-service-7c9d5b-x2k4p corrId=c-c6c159028e795164 conversion quote issued quote_id=Q37693417 loan_id=LN350529514
2026-03-09T10:03:57.106+01:00 INFO portal-bff host=portal-bff-7c9d5b-x2k4p corrId=c-413159c5ce6aaeed conversion quote requested loan_id=LN106633155 target_product=FLEX_5Y
2026-03-09T10:03:57.126+01:00 INFO identity-service host=identity-service-7c9d5b-p9qmz corrId=c-413159c5ce6aaeed MitID session validated customer_id=C13689567
2026-03-09T10:03:57.133+01:00 INFO pricing-service host=pricing-service-a41e92-p9qmz corrId=c-413159c5ce6aaeed bond price fetched series=BND2.5-2053 price=99.114
2026-03-09T10:03:57.184+01:00 INFO pricing-service host=pricing-service-5b8f6c-t6zvn corrId=c-413159c5ce6aaeed conversion cost calculated loan_id=LN106633155 cost_dkk=39854.58
2026-03-09T10:03:57.317+01:00 INFO quote-service host=quote-service-5b8f6c-t6zvn corrId=c-413159c5ce6aaeed conversion quote issued quote_id=Q78557872 loan_id=LN106633155
2026-03-09T10:05:00.871+01:00 INFO api-gateway host=api-gateway-5b8f6c-p9qmz corrId=- health probe ok status=200 latency_ms=7
2026-03-09T10:07:55.294+01:00 INFO portal-bff host=portal-bff-5b8f6c-x2k4p corrId=c-88f9c8dfcbe8d4f1 conversion quote requested loan_id=LN904452055 target_product=FLEX_1Y
2026-03-09T10:07:55.428+01:00 INFO identity-service host=identity-service-7c9d5b-t6zvn corrId=c-88f9c8dfcbe8d4f1 MitID session validated customer_id=C37741119
2026-03-09T10:07:55.457+01:00 INFO pricing-service host=pricing-service-7c9d5b-t6zvn corrId=c-88f9c8dfcbe8d4f1 bond price fetched series=BND2.5-2053 price=89.814
2026-03-09T10:07:55.478+01:00 INFO pricing-service host=pricing-service-5b8f6c-t6zvn corrId=c-88f9c8dfcbe8d4f1 conversion cost calculated loan_id=LN904452055 cost_dkk=30428.16
2026-03-09T10:07:55.523+01:00 INFO quote-service host=quote-service-a41e92-p9qmz corrId=c-88f9c8dfcbe8d4f1 conversion quote issued quote_id=Q65521244 loan_id=LN904452055
2026-03-09T10:10:00.627+01:00 INFO api-gateway host=api-gateway-a41e92-x2k4p corrId=- health probe ok status=200 latency_ms=17
2026-03-09T10:10:00.808+01:00 INFO payment-scheduler host=payment-scheduler-5b8f6c-p9qmz corrId=- scheduler heartbeat lag_ms=52
2026-03-09T10:11:34.539+01:00 INFO portal-bff host=portal-bff-a41e92-p9qmz corrId=c-6a776eaadd634f02 conversion quote requested loan_id=LN224400956 target_product=FLEX_5Y
2026-03-09T10:11:34.583+01:00 INFO identity-service host=identity-service-7c9d5b-p9qmz corrId=c-6a776eaadd634f02 MitID session validated customer_id=C89020471
2026-03-09T10:11:34.599+01:00 INFO pricing-service host=pricing-service-5b8f6c-x2k4p corrId=c-6a776eaadd634f02 bond price fetched series=BND2.5-2056 price=93.211
2026-03-09T10:11:34.657+01:00 INFO pricing-service host=pricing-service-7c9d5b-x2k4p corrId=c-6a776eaadd634f02 conversion cost calculated loan_id=LN224400956 cost_dkk=78839.36
2026-03-09T10:11:34.685+01:00 INFO quote-service host=quote-service-5b8f6c-p9qmz corrId=c-6a776eaadd634f02 conversion quote issued quote_id=Q05333556 loan_id=LN224400956
2026-03-09T10:11:52.473+01:00 INFO portal-bff host=portal-bff-a41e92-x2k4p corrId=c-89be9218986ab0f7 loan application submitted application_id=APP-2026-645568 customer_segment=SME
2026-03-09T10:11:52.555+01:00 INFO identity-service host=identity-service-a41e92-t6zvn corrId=c-89be9218986ab0f7 MitID session validated customer_id=C80628341
2026-03-09T10:11:52.597+01:00 INFO customer-service host=customer-service-a41e92-x2k4p corrId=c-89be9218986ab0f7 KYC profile loaded customer_id=C80628341 risk_class=LOW
2026-03-09T10:11:52.725+01:00 INFO valuation-service host=valuation-service-7c9d5b-p9qmz corrId=c-89be9218986ab0f7 property valuation requested property_id=P9829438 provider=bolig-vurdering
2026-03-09T10:11:53.150+01:00 INFO valuation-service host=valuation-service-a41e92-t6zvn corrId=c-89be9218986ab0f7 property valuation received property_id=P9829438 value_dkk=1510000 latency_ms=292
2026-03-09T10:11:53.213+01:00 INFO credit-service host=credit-service-5b8f6c-x2k4p corrId=c-89be9218986ab0f7 credit assessment completed application_id=APP-2026-645568 score=548 decision=APPROVED
2026-03-09T10:11:53.306+01:00 INFO offer-service host=offer-service-7c9d5b-x2k4p corrId=c-89be9218986ab0f7 loan offer generated application_id=APP-2026-645568 loan_type=FLEX_1Y principal_dkk=1035000
2026-03-09T10:11:53.361+01:00 INFO document-service host=document-service-5b8f6c-x2k4p corrId=c-89be9218986ab0f7 offer document stored application_id=APP-2026-645568 doc_id=DOC-7dfc7753
2026-03-09T10:11:53.487+01:00 INFO portal-bff host=portal-bff-5b8f6c-x2k4p corrId=c-89be9218986ab0f7 application completed application_id=APP-2026-645568 status=OFFER_ISSUED
2026-03-09T10:13:19.304+01:00 INFO portal-bff host=portal-bff-7c9d5b-p9qmz corrId=c-cb2d3139d2bd1f91 conversion quote requested loan_id=LN143849550 target_product=FLEX_1Y
2026-03-09T10:13:19.335+01:00 INFO identity-service host=identity-service-a41e92-t6zvn corrId=c-cb2d3139d2bd1f91 MitID session validated customer_id=C83938499
2026-03-09T10:13:19.470+01:00 INFO pricing-service host=pricing-service-5b8f6c-t6zvn corrId=c-cb2d3139d2bd1f91 bond price fetched series=BND4.0-2056 price=97.633
2026-03-09T10:13:19.542+01:00 INFO pricing-service host=pricing-service-7c9d5b-p9qmz corrId=c-cb2d3139d2bd1f91 conversion cost calculated loan_id=LN143849550 cost_dkk=89918.71
2026-03-09T10:13:19.587+01:00 INFO quote-service host=quote-service-7c9d5b-t6zvn corrId=c-cb2d3139d2bd1f91 conversion quote issued quote_id=Q99683275 loan_id=LN143849550
2026-03-09T10:14:00.760+01:00 INFO portal-bff host=portal-bff-5b8f6c-p9qmz corrId=c-a67a68ed989b852d loan application submitted application_id=APP-2026-780075 customer_segment=PRIVATE
2026-03-09T10:14:00.809+01:00 INFO identity-service host=identity-service-7c9d5b-p9qmz corrId=c-a67a68ed989b852d MitID session validated customer_id=C62180865
2026-03-09T10:14:00.907+01:00 INFO customer-service host=customer-service-a41e92-t6zvn corrId=c-a67a68ed989b852d KYC profile loaded customer_id=C62180865 risk_class=LOW
2026-03-09T10:14:00.972+01:00 INFO valuation-service host=valuation-service-a41e92-p9qmz corrId=c-a67a68ed989b852d property valuation requested property_id=P0015803 provider=valuta-ejd
2026-03-09T10:14:01.851+01:00 INFO valuation-service host=valuation-service-7c9d5b-p9qmz corrId=c-a67a68ed989b852d property valuation received property_id=P0015803 value_dkk=5220000 latency_ms=804
2026-03-09T10:14:01.859+01:00 INFO credit-service host=credit-service-5b8f6c-t6zvn corrId=c-a67a68ed989b852d credit assessment completed application_id=APP-2026-780075 score=522 decision=APPROVED
2026-03-09T10:14:01.957+01:00 INFO offer-service host=offer-service-7c9d5b-x2k4p corrId=c-a67a68ed989b852d loan offer generated application_id=APP-2026-780075 loan_type=FIXED_20Y_IO principal_dkk=1710000
2026-03-09T10:14:02.077+01:00 INFO document-service host=document-service-7c9d5b-t6zvn corrId=c-a67a68ed989b852d offer document stored application_id=APP-2026-780075 doc_id=DOC-bf346416
2026-03-09T10:14:02.179+01:00 INFO portal-bff host=portal-bff-a41e92-x2k4p corrId=c-a67a68ed989b852d application completed application_id=APP-2026-780075 status=OFFER_ISSUED
2026-03-09T10:14:15.389+01:00 INFO portal-bff host=portal-bff-a41e92-x2k4p corrId=c-f90ffebd382a4bd8 loan application submitted application_id=APP-2026-802814 customer_segment=RETAIL
2026-03-09T10:14:15.410+01:00 WARN identity-service host=identity-service-a41e92-t6zvn corrId=c-f90ffebd382a4bd8 MitID token refresh attempt=1
2026-03-09T10:14:15.539+01:00 INFO identity-service host=identity-service-a41e92-t6zvn corrId=c-f90ffebd382a4bd8 MitID session validated customer_id=C99737255
2026-03-09T10:14:15.624+01:00 INFO customer-service host=customer-service-7c9d5b-t6zvn corrId=c-f90ffebd382a4bd8 KYC profile loaded customer_id=C99737255 risk_class=LOW
2026-03-09T10:14:15.663+01:00 INFO valuation-service host=valuation-service-5b8f6c-x2k4p corrId=c-f90ffebd382a4bd8 property valuation requested property_id=P7797952 provider=bolig-vurdering
2026-03-09T10:14:16.378+01:00 INFO valuation-service host=valuation-service-7c9d5b-p9qmz corrId=c-f90ffebd382a4bd8 property valuation received property_id=P7797952 value_dkk=5090000 latency_ms=707
2026-03-09T10:14:16.504+01:00 INFO credit-service host=credit-service-5b8f6c-x2k4p corrId=c-f90ffebd382a4bd8 credit assessment completed application_id=APP-2026-802814 score=605 decision=APPROVED
2026-03-09T10:14:16.556+01:00 INFO offer-service host=offer-service-7c9d5b-x2k4p corrId=c-f90ffebd382a4bd8 loan offer generated application_id=APP-2026-802814 loan_type=FLEX_5Y principal_dkk=955000
2026-03-09T10:14:16.594+01:00 INFO document-service host=document-service-7c9d5b-p9qmz corrId=c-f90ffebd382a4bd8 offer document stored application_id=APP-2026-802814 doc_id=DOC-ec1cc932
2026-03-09T10:14:16.623+01:00 INFO portal-bff host=portal-bff-7c9d5b-p9qmz corrId=c-f90ffebd382a4bd8 application completed application_id=APP-2026-802814 status=OFFER_ISSUED
2026-03-09T10:15:00.151+01:00 INFO api-gateway host=api-gateway-7c9d5b-t6zvn corrId=- health probe ok status=200 latency_ms=40
2026-03-09T10:16:09.854+01:00 INFO portal-bff host=portal-bff-a41e92-t6zvn corrId=c-1cfa0d0f8556910f loan application submitted application_id=APP-2026-729350 customer_segment=RETAIL
2026-03-09T10:16:09.957+01:00 INFO identity-service host=identity-service-7c9d5b-t6zvn corrId=c-1cfa0d0f8556910f MitID session validated customer_id=C63515144
2026-03-09T10:16:10.044+01:00 INFO customer-service host=customer-service-a41e92-p9qmz corrId=c-1cfa0d0f8556910f KYC profile loaded customer_id=C63515144 risk_class=HIGH
2026-03-09T10:16:10.084+01:00 INFO valuation-service host=valuation-service-7c9d5b-p9qmz corrId=c-1cfa0d0f8556910f property valuation requested property_id=P3100871 provider=bolig-vurdering
2026-03-09T10:16:10.564+01:00 INFO valuation-service host=valuation-service-7c9d5b-t6zvn corrId=c-1cfa0d0f8556910f property valuation received property_id=P3100871 value_dkk=3670000 latency_ms=458
2026-03-09T10:16:10.685+01:00 INFO credit-service host=credit-service-a41e92-p9qmz corrId=c-1cfa0d0f8556910f credit assessment completed application_id=APP-2026-729350 score=815 decision=APPROVED
2026-03-09T10:16:10.772+01:00 INFO offer-service host=offer-service-a41e92-p9qmz corrId=c-1cfa0d0f8556910f loan offer generated application_id=APP-2026-729350 loan_type=FIXED_20Y_IO principal_dkk=3655000
2026-03-09T10:16:10.843+01:00 INFO document-service host=document-service-a41e92-t6zvn corrId=c-1cfa0d0f8556910f offer document stored application_id=APP-2026-729350 doc_id=DOC-74ec8b1a
2026-03-09T10:16:10.957+01:00 INFO portal-bff host=portal-bff-a41e92-t6zvn corrId=c-1cfa0d0f8556910f application completed application_id=APP-2026-729350 status=OFFER_ISSUED
2026-03-09T10:19:30.364+01:00 INFO offer-service host=offer-service-a41e92-t6zvn corrId=c-655ac5480d0d3fe4 offer accepted application_id=APP-2026-068652
2026-03-09T10:19:30.440+01:00 INFO ledger-service host=ledger-service-7c9d5b-x2k4p corrId=c-655ac5480d0d3fe4 funds reserved application_id=APP-2026-068652 amount_dkk=3785000
2026-03-09T10:19:30.514+01:00 INFO payment-service host=payment-service-7c9d5b-x2k4p corrId=c-655ac5480d0d3fe4 payout instruction sent application_id=APP-2026-068652 amount_dkk=3785000
2026-03-09T10:19:30.569+01:00 INFO ledger-service host=ledger-service-a41e92-t6zvn corrId=c-655ac5480d0d3fe4 payout booked application_id=APP-2026-068652 posting_id=PST-9749abdaa1
2026-03-09T10:19:30.643+01:00 INFO notification-service host=notification-service-a41e92-t6zvn corrId=c-655ac5480d0d3fe4 payout confirmation sent application_id=APP-2026-068652
2026-03-09T10:20:00.839+01:00 INFO payment-scheduler host=payment-scheduler-5b8f6c-p9qmz corrId=- scheduler heartbeat lag_ms=66
2026-03-09T10:20:00.859+01:00 INFO api-gateway host=api-gateway-5b8f6c-p9qmz corrId=- health probe ok status=200 latency_ms=31
2026-03-09T10:20:35.522+01:00 INFO offer-service host=offer-service-a41e92-x2k4p corrId=c-a7ae08eee9ea7f69 offer accepted application_id=APP-2026-665441
2026-03-09T10:20:35.573+01:00 INFO ledger-service host=ledger-service-a41e92-t6zvn corrId=c-a7ae08eee9ea7f69 funds reserved application_id=APP-2026-665441 amount_dkk=2735000
2026-03-09T10:20:35.679+01:00 INFO payment-service host=payment-service-7c9d5b-t6zvn corrId=c-a7ae08eee9ea7f69 payout instruction sent application_id=APP-2026-665441 amount_dkk=2735000
2026-03-09T10:20:35.696+01:00 INFO ledger-service host=ledger-service-a41e92-p9qmz corrId=c-a7ae08eee9ea7f69 payout booked application_id=APP-2026-665441 posting_id=PST-1881521d1c
2026-03-09T10:20:35.755+01:00 INFO notification-service host=notification-service-5b8f6c-x2k4p corrId=c-a7ae08eee9ea7f69 payout confirmation sent application_id=APP-2026-665441
2026-03-09T10:20:57.279+01:00 INFO portal-bff host=portal-bff-a41e92-p9qmz corrId=c-93122ba3e441bdf8 loan application submitted application_id=APP-2026-059359 customer_segment=PRIVATE
2026-03-09T10:20:57.374+01:00 INFO identity-service host=identity-service-5b8f6c-x2k4p corrId=c-93122ba3e441bdf8 MitID session validated customer_id=C05342102
2026-03-09T10:20:57.443+01:00 INFO customer-service host=customer-service-5b8f6c-x2k4p corrId=c-93122ba3e441bdf8 KYC profile loaded customer_id=C05342102 risk_class=LOW
2026-03-09T10:20:57.472+01:00 INFO valuation-service host=valuation-service-7c9d5b-x2k4p corrId=c-93122ba3e441bdf8 property valuation requested property_id=P7406277 provider=bolig-vurdering
2026-03-09T10:20:57.709+01:00 INFO valuation-service host=valuation-service-7c9d5b-t6zvn corrId=c-93122ba3e441bdf8 property valuation received property_id=P7406277 value_dkk=4820000 latency_ms=188
2026-03-09T10:20:57.811+01:00 INFO credit-service host=credit-service-a41e92-p9qmz corrId=c-93122ba3e441bdf8 credit assessment completed application_id=APP-2026-059359 score=491 decision=APPROVED
2026-03-09T10:20:57.930+01:00 INFO offer-service host=offer-service-a41e92-x2k4p corrId=c-93122ba3e441bdf8 loan offer generated application_id=APP-2026-059359 loan_type=FLEX_5Y principal_dkk=5905000
2026-03-09T10:20:58.002+01:00 INFO document-service host=document-service-5b8f6c-x2k4p corrId=c-93122ba3e441bdf8 offer document stored application_id=APP-2026-059359 doc_id=DOC-e0bad024
2026-03-09T10:20:58.064+01:00 INFO portal-bff host=portal-bff-7c9d5b-x2k4p corrId=c-93122ba3e441bdf8 application completed application_id=APP-2026-059359 status=OFFER_ISSUED
2026-03-09T10:22:37.116+01:00 INFO portal-bff host=portal-bff-a41e92-p9qmz corrId=c-7a494879b50dd031 loan application submitted application_id=APP-2026-648285 customer_segment=RETAIL
2026-03-09T10:22:37.228+01:00 INFO identity-service host=identity-service-5b8f6c-p9qmz corrId=c-7a494879b50dd031 MitID session validated customer_id=C03830736
2026-03-09T10:22:37.269+01:00 INFO customer-service host=customer-service-7c9d5b-t6zvn corrId=c-7a494879b50dd031 KYC profile loaded customer_id=C03830736 risk_class=LOW
2026-03-09T10:22:37.358+01:00 INFO valuation-service host=valuation-service-5b8f6c-p9qmz corrId=c-7a494879b50dd031 property valuation requested property_id=P5422079 provider=bolig-vurdering
2026-03-09T10:22:38.201+01:00 INFO valuation-service host=valuation-service-7c9d5b-x2k4p corrId=c-7a494879b50dd031 property valuation received property_id=P5422079 value_dkk=6850000 latency_ms=817
2026-03-09T10:22:38.267+01:00 INFO credit-service host=credit-service-7c9d5b-x2k4p corrId=c-7a494879b50dd031 credit assessment completed application_id=APP-2026-648285 score=495 decision=APPROVED
2026-03-09T10:22:38.342+01:00 INFO offer-service host=offer-service-5b8f6c-p9qmz corrId=c-7a494879b50dd031 loan offer generated application_id=APP-2026-648285 loan_type=FIXED_30Y principal_dkk=5325000
2026-03-09T10:22:38.425+01:00 INFO document-service host=document-service-5b8f6c-p9qmz corrId=c-7a494879b50dd031 offer document stored application_id=APP-2026-648285 doc_id=DOC-a6f66c34
2026-03-09T10:22:38.537+01:00 INFO portal-bff host=portal-bff-a41e92-t6zvn corrId=c-7a494879b50dd031 application completed application_id=APP-2026-648285 status=OFFER_ISSUED
2026-03-09T10:23:02.023+01:00 INFO portal-bff host=portal-bff-7c9d5b-t6zvn corrId=c-86fdbd54ae41ae60 loan application submitted application_id=APP-2026-927594 customer_segment=PRIVATE
2026-03-09T10:23:02.029+01:00 INFO identity-service host=identity-service-7c9d5b-p9qmz corrId=c-86fdbd54ae41ae60 MitID session validated customer_id=C66500714
2026-03-09T10:23:02.120+01:00 INFO customer-service host=customer-service-5b8f6c-x2k4p corrId=c-86fdbd54ae41ae60 KYC profile loaded customer_id=C66500714 risk_class=LOW
2026-03-09T10:23:02.145+01:00 INFO valuation-service host=valuation-service-a41e92-p9qmz corrId=c-86fdbd54ae41ae60 property valuation requested property_id=P0898426 provider=bolig-vurdering
2026-03-09T10:23:02.940+01:00 INFO valuation-service host=valuation-service-a41e92-t6zvn corrId=c-86fdbd54ae41ae60 property valuation received property_id=P0898426 value_dkk=7340000 latency_ms=679
2026-03-09T10:23:03.008+01:00 INFO credit-service host=credit-service-a41e92-t6zvn corrId=c-86fdbd54ae41ae60 credit assessment completed application_id=APP-2026-927594 score=706 decision=APPROVED
2026-03-09T10:23:03.063+01:00 INFO offer-service host=offer-service-a41e92-t6zvn corrId=c-86fdbd54ae41ae60 loan offer generated application_id=APP-2026-927594 loan_type=FLEX_1Y principal_dkk=5995000
2026-03-09T10:23:03.148+01:00 INFO document-service host=document-service-7c9d5b-p9qmz corrId=c-86fdbd54ae41ae60 offer document stored application_id=APP-2026-927594 doc_id=DOC-2c23336e
2026-03-09T10:23:03.275+01:00 INFO portal-bff host=portal-bff-7c9d5b-t6zvn corrId=c-86fdbd54ae41ae60 application completed application_id=APP-2026-927594 status=OFFER_ISSUED
2026-03-09T10:23:18.906+01:00 INFO portal-bff host=portal-bff-5b8f6c-p9qmz corrId=c-881a493bd686f5d6 conversion quote requested loan_id=LN924086731 target_product=FIXED_30Y
2026-03-09T10:23:19.019+01:00 INFO identity-service host=identity-service-7c9d5b-p9qmz corrId=c-881a493bd686f5d6 MitID session validated customer_id=C49054232
2026-03-09T10:23:19.131+01:00 INFO pricing-service host=pricing-service-a41e92-t6zvn corrId=c-881a493bd686f5d6 bond price fetched series=BND3.0-2056 price=96.271
2026-03-09T10:23:19.144+01:00 INFO pricing-service host=pricing-service-a41e92-x2k4p corrId=c-881a493bd686f5d6 conversion cost calculated loan_id=LN924086731 cost_dkk=84704.42
2026-03-09T10:23:19.153+01:00 INFO quote-service host=quote-service-a41e92-x2k4p corrId=c-881a493bd686f5d6 conversion quote issued quote_id=Q25804833 loan_id=LN924086731
2026-03-09T10:24:01.570+01:00 INFO portal-bff host=portal-bff-5b8f6c-x2k4p corrId=c-7766bbe2f1ad9f16 conversion quote requested loan_id=LN006296958 target_product=FLEX_1Y
2026-03-09T10:24:01.679+01:00 INFO identity-service host=identity-service-a41e92-p9qmz corrId=c-7766bbe2f1ad9f16 MitID session validated customer_id=C47936302
2026-03-09T10:24:01.730+01:00 INFO pricing-service host=pricing-service-5b8f6c-x2k4p corrId=c-7766bbe2f1ad9f16 bond price fetched series=BND2.5-2053 price=98.867
2026-03-09T10:24:01.821+01:00 INFO pricing-service host=pricing-service-7c9d5b-x2k4p corrId=c-7766bbe2f1ad9f16 conversion cost calculated loan_id=LN006296958 cost_dkk=51791.07
2026-03-09T10:24:01.901+01:00 INFO quote-service host=quote-service-5b8f6c-x2k4p corrId=c-7766bbe2f1ad9f16 conversion quote issued quote_id=Q20971403 loan_id=LN006296958
2026-03-09T10:24:30.871+01:00 INFO portal-bff host=portal-bff-a41e92-x2k4p corrId=c-8e51a9214e5b0a36 loan application submitted application_id=APP-2026-923336 customer_segment=RETAIL
2026-03-09T10:24:31.008+01:00 INFO identity-service host=identity-service-a41e92-x2k4p corrId=c-8e51a9214e5b0a36 MitID session validated customer_id=C96839914
2026-03-09T10:24:31.015+01:00 INFO customer-service host=customer-service-5b8f6c-t6zvn corrId=c-8e51a9214e5b0a36 KYC profile loaded customer_id=C96839914 risk_class=HIGH
2026-03-09T10:24:31.134+01:00 INFO valuation-service host=valuation-service-5b8f6c-p9qmz corrId=c-8e51a9214e5b0a36 property valuation requested property_id=P8915344 provider=bolig-vurdering
2026-03-09T10:24:31.654+01:00 INFO valuation-service host=valuation-service-7c9d5b-p9qmz corrId=c-8e51a9214e5b0a36 property valuation received property_id=P8915344 value_dkk=4420000 latency_ms=496
2026-03-09T10:24:31.716+01:00 INFO credit-service host=credit-service-7c9d5b-x2k4p corrId=c-8e51a9214e5b0a36 credit assessment completed application_id=APP-2026-923336 score=840 decision=APPROVED
2026-03-09T10:24:31.769+01:00 INFO offer-service host=offer-service-5b8f6c-x2k4p corrId=c-8e51a9214e5b0a36 loan offer generated application_id=APP-2026-923336 loan_type=FLEX_1Y principal_dkk=1795000
2026-03-09T10:24:31.776+01:00 INFO document-service host=document-service-5b8f6c-t6zvn corrId=c-8e51a9214e5b0a36 offer document stored application_id=APP-2026-923336 doc_id=DOC-f04e12d6
2026-03-09T10:24:31.783+01:00 INFO portal-bff host=portal-bff-a41e92-p9qmz corrId=c-8e51a9214e5b0a36 application completed application_id=APP-2026-923336 status=OFFER_ISSUED
2026-03-09T10:25:00.827+01:00 INFO api-gateway host=api-gateway-7c9d5b-x2k4p corrId=- health probe ok status=200 latency_ms=17
2026-03-09T10:25:43.738+01:00 INFO portal-bff host=portal-bff-7c9d5b-t6zvn corrId=c-4667786591e411cb loan application submitted application_id=APP-2026-260735 customer_segment=RETAIL
2026-03-09T10:25:43.803+01:00 INFO identity-service host=identity-service-5b8f6c-x2k4p corrId=c-4667786591e411cb MitID session validated customer_id=C67589282
2026-03-09T10:25:43.810+01:00 INFO customer-service host=customer-service-5b8f6c-x2k4p corrId=c-4667786591e411cb KYC profile loaded customer_id=C67589282 risk_class=MEDIUM
2026-03-09T10:25:43.947+01:00 INFO valuation-service host=valuation-service-a41e92-x2k4p corrId=c-4667786591e411cb property valuation requested property_id=P7293591 provider=bolig-vurdering
2026-03-09T10:25:44.273+01:00 INFO valuation-service host=valuation-service-a41e92-x2k4p corrId=c-4667786591e411cb property valuation received property_id=P7293591 value_dkk=7860000 latency_ms=232
2026-03-09T10:25:44.388+01:00 INFO credit-service host=credit-service-7c9d5b-t6zvn corrId=c-4667786591e411cb credit assessment completed application_id=APP-2026-260735 score=710 decision=APPROVED
2026-03-09T10:25:44.421+01:00 INFO offer-service host=offer-service-a41e92-x2k4p corrId=c-4667786591e411cb loan offer generated application_id=APP-2026-260735 loan_type=FIXED_20Y_IO principal_dkk=3060000
2026-03-09T10:25:44.521+01:00 INFO document-service host=document-service-7c9d5b-p9qmz corrId=c-4667786591e411cb offer document stored application_id=APP-2026-260735 doc_id=DOC-47100950
2026-03-09T10:25:44.575+01:00 INFO portal-bff host=portal-bff-7c9d5b-p9qmz corrId=c-4667786591e411cb application completed application_id=APP-2026-260735 status=OFFER_ISSUED
2026-03-09T10:25:58.469+01:00 INFO portal-bff host=portal-bff-a41e92-p9qmz corrId=c-914dc3156beafc0a conversion quote requested loan_id=LN563658862 target_product=FLEX_5Y
2026-03-09T10:25:58.599+01:00 INFO identity-service host=identity-service-5b8f6c-x2k4p corrId=c-914dc3156beafc0a MitID session validated customer_id=C54332037
2026-03-09T10:25:58.725+01:00 INFO pricing-service host=pricing-service-7c9d5b-x2k4p corrId=c-914dc3156beafc0a bond price fetched series=BND2.5-2056 price=96.430
2026-03-09T10:25:58.803+01:00 INFO pricing-service host=pricing-service-a41e92-x2k4p corrId=c-914dc3156beafc0a conversion cost calculated loan_id=LN563658862 cost_dkk=61145.51
2026-03-09T10:25:58.810+01:00 INFO quote-service host=quote-service-a41e92-t6zvn corrId=c-914dc3156beafc0a conversion quote issued quote_id=Q70413647 loan_id=LN563658862
2026-03-09T10:26:20.749+01:00 INFO offer-service host=offer-service-5b8f6c-x2k4p corrId=c-f0be5a8f06bbcbe3 offer accepted application_id=APP-2026-940546
2026-03-09T10:26:20.882+01:00 INFO ledger-service host=ledger-service-7c9d5b-p9qmz corrId=c-f0be5a8f06bbcbe3 funds reserved application_id=APP-2026-940546 amount_dkk=2385000
2026-03-09T10:26:20.938+01:00 INFO payment-service host=payment-service-7c9d5b-t6zvn corrId=c-f0be5a8f06bbcbe3 payout instruction sent application_id=APP-2026-940546 amount_dkk=2385000
2026-03-09T10:26:21.068+01:00 INFO ledger-service host=ledger-service-5b8f6c-p9qmz corrId=c-f0be5a8f06bbcbe3 payout booked application_id=APP-2026-940546 posting_id=PST-172838d251
2026-03-09T10:26:21.204+01:00 INFO notification-service host=notification-service-5b8f6c-p9qmz corrId=c-f0be5a8f06bbcbe3 payout confirmation sent application_id=APP-2026-940546
2026-03-09T10:29:45.164+01:00 INFO portal-bff host=portal-bff-7c9d5b-p9qmz corrId=c-8808535793a50f79 conversion quote requested loan_id=LN974696814 target_product=FLEX_1Y
2026-03-09T10:29:45.187+01:00 INFO identity-service host=identity-service-a41e92-t6zvn corrId=c-8808535793a50f79 MitID session validated customer_id=C16864837
2026-03-09T10:29:45.297+01:00 INFO pricing-service host=pricing-service-5b8f6c-p9qmz corrId=c-8808535793a50f79 bond price fetched series=BND2.5-2053 price=90.913
2026-03-09T10:29:45.409+01:00 INFO pricing-service host=pricing-service-5b8f6c-t6zvn corrId=c-8808535793a50f79 conversion cost calculated loan_id=LN974696814 cost_dkk=89372.90
2026-03-09T10:29:45.418+01:00 INFO quote-service host=quote-service-7c9d5b-p9qmz corrId=c-8808535793a50f79 conversion quote issued quote_id=Q34763510 loan_id=LN974696814
2026-03-09T10:30:00.771+01:00 INFO payment-scheduler host=payment-scheduler-a41e92-x2k4p corrId=- scheduler heartbeat lag_ms=71
2026-03-09T10:30:00.828+01:00 INFO api-gateway host=api-gateway-5b8f6c-p9qmz corrId=- health probe ok status=200 latency_ms=2
2026-03-09T10:30:11.838+01:00 INFO offer-service host=offer-service-7c9d5b-p9qmz corrId=c-b5a46ed85b38555d offer accepted application_id=APP-2026-113059
2026-03-09T10:30:11.916+01:00 INFO ledger-service host=ledger-service-7c9d5b-p9qmz corrId=c-b5a46ed85b38555d funds reserved application_id=APP-2026-113059 amount_dkk=1240000
2026-03-09T10:30:11.993+01:00 INFO payment-service host=payment-service-7c9d5b-p9qmz corrId=c-b5a46ed85b38555d payout instruction sent application_id=APP-2026-113059 amount_dkk=1240000
2026-03-09T10:30:12.109+01:00 INFO ledger-service host=ledger-service-5b8f6c-p9qmz corrId=c-b5a46ed85b38555d payout booked application_id=APP-2026-113059 posting_id=PST-ce7c467a4c
2026-03-09T10:30:12.141+01:00 INFO notification-service host=notification-service-7c9d5b-t6zvn corrId=c-b5a46ed85b38555d payout confirmation sent application_id=APP-2026-113059
2026-03-09T10:30:58.578+01:00 INFO portal-bff host=portal-bff-5b8f6c-x2k4p corrId=c-fcf0c87cb5a27678 loan application submitted application_id=APP-2026-919580 customer_segment=PRIVATE
2026-03-09T10:30:58.692+01:00 INFO identity-service host=identity-service-5b8f6c-p9qmz corrId=c-fcf0c87cb5a27678 MitID session validated customer_id=C62060432
2026-03-09T10:30:58.808+01:00 INFO customer-service host=customer-service-7c9d5b-p9qmz corrId=c-fcf0c87cb5a27678 KYC profile loaded customer_id=C62060432 risk_class=MEDIUM
2026-03-09T10:30:58.841+01:00 INFO valuation-service host=valuation-service-5b8f6c-x2k4p corrId=c-fcf0c87cb5a27678 property valuation served from cache property_id=P8891957 value_dkk=4200000
2026-03-09T10:30:58.944+01:00 INFO credit-service host=credit-service-a41e92-p9qmz corrId=c-fcf0c87cb5a27678 credit assessment completed application_id=APP-2026-919580 score=850 decision=APPROVED
2026-03-09T10:30:59.035+01:00 INFO offer-service host=offer-service-a41e92-t6zvn corrId=c-fcf0c87cb5a27678 loan offer generated application_id=APP-2026-919580 loan_type=FLEX_1Y principal_dkk=2405000
2026-03-09T10:30:59.170+01:00 INFO document-service host=document-service-7c9d5b-t6zvn corrId=c-fcf0c87cb5a27678 offer document stored application_id=APP-2026-919580 doc_id=DOC-fd937fd7
2026-03-09T10:30:59.252+01:00 INFO portal-bff host=portal-bff-7c9d5b-t6zvn corrId=c-fcf0c87cb5a27678 application completed application_id=APP-2026-919580 status=OFFER_ISSUED
2026-03-09T10:31:10.073+01:00 INFO portal-bff host=portal-bff-a41e92-x2k4p corrId=c-93e24b071333b6da conversion quote requested loan_id=LN359938672 target_product=FIXED_30Y
2026-03-09T10:31:10.209+01:00 INFO identity-service host=identity-service-a41e92-t6zvn corrId=c-93e24b071333b6da MitID session validated customer_id=C61097311
2026-03-09T10:31:10.239+01:00 INFO pricing-service host=pricing-service-7c9d5b-t6zvn corrId=c-93e24b071333b6da bond price fetched series=BND2.5-2053 price=97.033
2026-03-09T10:31:10.257+01:00 INFO pricing-service host=pricing-service-a41e92-x2k4p corrId=c-93e24b071333b6da conversion cost calculated loan_id=LN359938672 cost_dkk=60367.78
2026-03-09T10:31:10.262+01:00 INFO quote-service host=quote-service-a41e92-t6zvn corrId=c-93e24b071333b6da conversion quote issued quote_id=Q89847428 loan_id=LN359938672
2026-03-09T10:35:00.119+01:00 INFO api-gateway host=api-gateway-a41e92-t6zvn corrId=- health probe ok status=200 latency_ms=6
2026-03-09T10:36:31.240+01:00 INFO portal-bff host=portal-bff-5b8f6c-t6zvn corrId=c-6266ecfb347d0937 loan application submitted application_id=APP-2026-640194 customer_segment=RETAIL
2026-03-09T10:36:31.366+01:00 WARN identity-service host=identity-service-5b8f6c-p9qmz corrId=c-6266ecfb347d0937 MitID token refresh attempt=1
2026-03-09T10:36:31.444+01:00 INFO identity-service host=identity-service-7c9d5b-p9qmz corrId=c-6266ecfb347d0937 MitID session validated customer_id=C18645500
2026-03-09T10:36:31.529+01:00 INFO customer-service host=customer-service-5b8f6c-t6zvn corrId=c-6266ecfb347d0937 KYC profile loaded customer_id=C18645500 risk_class=MEDIUM
2026-03-09T10:36:31.566+01:00 INFO valuation-service host=valuation-service-7c9d5b-p9qmz corrId=c-6266ecfb347d0937 property valuation served from cache property_id=P6848131 value_dkk=3640000
2026-03-09T10:36:31.580+01:00 INFO credit-service host=credit-service-7c9d5b-x2k4p corrId=c-6266ecfb347d0937 credit assessment completed application_id=APP-2026-640194 score=570 decision=APPROVED
2026-03-09T10:36:31.708+01:00 INFO offer-service host=offer-service-a41e92-p9qmz corrId=c-6266ecfb347d0937 loan offer generated application_id=APP-2026-640194 loan_type=FLEX_5Y principal_dkk=1550000
2026-03-09T10:36:31.741+01:00 INFO document-service host=document-service-5b8f6c-x2k4p corrId=c-6266ecfb347d0937 offer document stored application_id=APP-2026-640194 doc_id=DOC-6179d4d6
2026-03-09T10:36:31.825+01:00 INFO portal-bff host=portal-bff-7c9d5b-t6zvn corrId=c-6266ecfb347d0937 application completed application_id=APP-2026-640194 status=OFFER_ISSUED
2026-03-09T10:37:05.823+01:00 INFO portal-bff host=portal-bff-a41e92-x2k4p corrId=c-05b09e79e8eb16c8 conversion quote requested loan_id=LN307458375 target_product=FLEX_1Y
2026-03-09T10:37:05.890+01:00 INFO identity-service host=identity-service-7c9d5b-p9qmz corrId=c-05b09e79e8eb16c8 MitID session validated customer_id=C08199184
2026-03-09T10:37:05.903+01:00 INFO pricing-service host=pricing-service-5b8f6c-t6zvn corrId=c-05b09e79e8eb16c8 bond price fetched series=BND3.0-2056 price=93.201
2026-03-09T10:37:06.018+01:00 INFO pricing-service host=pricing-service-7c9d5b-x2k4p corrId=c-05b09e79e8eb16c8 conversion cost calculated loan_id=LN307458375 cost_dkk=24720.30
2026-03-09T10:37:06.126+01:00 INFO quote-service host=quote-service-7c9d5b-x2k4p corrId=c-05b09e79e8eb16c8 conversion quote issued quote_id=Q87781317 loan_id=LN307458375
2026-03-09T10:37:23.884+01:00 INFO portal-bff host=portal-bff-5b8f6c-t6zvn corrId=c-a448dfbfb9359945 loan application submitted application_id=APP-2026-497793 customer_segment=SME
2026-03-09T10:37:23.905+01:00 INFO identity-service host=identity-service-a41e92-t6zvn corrId=c-a448dfbfb9359945 MitID session validated customer_id=C66488330
2026-03-09T10:37:23.918+01:00 INFO customer-service host=customer-service-7c9d5b-p9qmz corrId=c-a448dfbfb9359945 KYC profile loaded customer_id=C66488330 risk_class=MEDIUM
2026-03-09T10:37:23.941+01:00 INFO valuation-service host=valuation-service-a41e92-t6zvn corrId=c-a448dfbfb9359945 property valuation served from cache property_id=P9011473 value_dkk=2650000
2026-03-09T10:37:23.982+01:00 INFO credit-service host=credit-service-5b8f6c-p9qmz corrId=c-a448dfbfb9359945 credit assessment completed application_id=APP-2026-497793 score=492 decision=APPROVED
2026-03-09T10:37:24.059+01:00 INFO offer-service host=offer-service-5b8f6c-p9qmz corrId=c-a448dfbfb9359945 loan offer generated application_id=APP-2026-497793 loan_type=FLEX_5Y principal_dkk=4940000
2026-03-09T10:37:24.145+01:00 INFO document-service host=document-service-7c9d5b-t6zvn corrId=c-a448dfbfb9359945 offer document stored application_id=APP-2026-497793 doc_id=DOC-96bacbb5
2026-03-09T10:37:24.261+01:00 INFO portal-bff host=portal-bff-a41e92-x2k4p corrId=c-a448dfbfb9359945 application completed application_id=APP-2026-497793 status=OFFER_ISSUED
2026-03-09T10:39:04.000+01:00 INFO valuation-service host=valuation-service-a41e92-t6zvn corrId=- jvm gc pause pause_ms=49
2026-03-09T10:39:44.103+01:00 INFO portal-bff host=portal-bff-7c9d5b-t6zvn corrId=c-c0ae94ac1395410f conversion quote requested loan_id=LN891036113 target_product=FLEX_5Y
2026-03-09T10:39:44.232+01:00 INFO identity-service host=identity-service-5b8f6c-x2k4p corrId=c-c0ae94ac1395410f MitID session validated customer_id=C79868128
2026-03-09T10:39:44.316+01:00 INFO pricing-service host=pricing-service-a41e92-p9qmz corrId=c-c0ae94ac1395410f bond price fetched series=BND3.0-2056 price=90.447
2026-03-09T10:39:44.380+01:00 INFO pricing-service host=pricing-service-a41e92-t6zvn corrId=c-c0ae94ac1395410f conversion cost calculated loan_id=LN891036113 cost_dkk=89222.74
2026-03-09T10:39:44.453+01:00 INFO quote-service host=quote-service-a41e92-p9qmz corrId=c-c0ae94ac1395410f conversion quote issued quote_id=Q90415198 loan_id=LN891036113
2026-03-09T10:40:00.212+01:00 INFO api-gateway host=api-gateway-5b8f6c-x2k4p corrId=- health probe ok status=200 latency_ms=10
2026-03-09T10:40:00.457+01:00 INFO payment-scheduler host=payment-scheduler-a41e92-p9qmz corrId=- scheduler heartbeat lag_ms=0
2026-03-09T10:40:42.860+01:00 INFO portal-bff host=portal-bff-5b8f6c-t6zvn corrId=c-daf30b54f417e25e loan application submitted application_id=APP-2026-313243 customer_segment=RETAIL
2026-03-09T10:40:42.901+01:00 INFO identity-service host=identity-service-5b8f6c-t6zvn corrId=c-daf30b54f417e25e MitID session validated customer_id=C49369930
2026-03-09T10:40:43.016+01:00 INFO customer-service host=customer-service-a41e92-x2k4p corrId=c-daf30b54f417e25e KYC profile loaded customer_id=C49369930 risk_class=LOW
2026-03-09T10:40:43.078+01:00 INFO valuation-service host=valuation-service-5b8f6c-x2k4p corrId=c-daf30b54f417e25e property valuation requested property_id=P6868211 provider=bolig-vurdering
2026-03-09T10:40:43.779+01:00 INFO valuation-service host=valuation-service-5b8f6c-p9qmz corrId=c-daf30b54f417e25e property valuation received property_id=P6868211 value_dkk=6770000 latency_ms=605
2026-03-09T10:40:43.795+01:00 INFO credit-service host=credit-service-7c9d5b-x2k4p corrId=c-daf30b54f417e25e credit assessment completed application_id=APP-2026-313243 score=837 decision=APPROVED
2026-03-09T10:40:43.810+01:00 INFO offer-service host=offer-service-5b8f6c-t6zvn corrId=c-daf30b54f417e25e loan offer generated application_id=APP-2026-313243 loan_type=FLEX_1Y principal_dkk=4075000
2026-03-09T10:40:43.818+01:00 INFO document-service host=document-service-a41e92-t6zvn corrId=c-daf30b54f417e25e offer document stored application_id=APP-2026-313243 doc_id=DOC-f51a3eec
2026-03-09T10:40:43.867+01:00 INFO portal-bff host=portal-bff-5b8f6c-t6zvn corrId=c-daf30b54f417e25e application completed application_id=APP-2026-313243 status=OFFER_ISSUED
2026-03-09T10:41:30.229+01:00 INFO offer-service host=offer-service-a41e92-t6zvn corrId=c-b9eb85081952ade2 offer accepted application_id=APP-2026-745365
2026-03-09T10:41:30.326+01:00 INFO ledger-service host=ledger-service-7c9d5b-x2k4p corrId=c-b9eb85081952ade2 funds reserved application_id=APP-2026-745365 amount_dkk=770000
2026-03-09T10:41:30.443+01:00 INFO payment-service host=payment-service-5b8f6c-p9qmz corrId=c-b9eb85081952ade2 payout instruction sent application_id=APP-2026-745365 amount_dkk=770000
2026-03-09T10:41:30.581+01:00 INFO ledger-service host=ledger-service-7c9d5b-p9qmz corrId=c-b9eb85081952ade2 payout booked application_id=APP-2026-745365 posting_id=PST-db20881cbd
2026-03-09T10:41:30.663+01:00 INFO notification-service host=notification-service-5b8f6c-t6zvn corrId=c-b9eb85081952ade2 payout confirmation sent application_id=APP-2026-745365
2026-03-09T10:43:16.162+01:00 INFO portal-bff host=portal-bff-a41e92-t6zvn corrId=c-fd7da2366e2963e3 loan application submitted application_id=APP-2026-112792 customer_segment=PRIVATE
2026-03-09T10:43:16.236+01:00 INFO identity-service host=identity-service-5b8f6c-t6zvn corrId=c-fd7da2366e2963e3 MitID session validated customer_id=C18258822
2026-03-09T10:43:16.362+01:00 INFO customer-service host=customer-service-5b8f6c-x2k4p corrId=c-fd7da2366e2963e3 KYC profile loaded customer_id=C18258822 risk_class=LOW
2026-03-09T10:43:16.447+01:00 INFO valuation-service host=valuation-service-a41e92-t6zvn corrId=c-fd7da2366e2963e3 property valuation served from cache property_id=P5776262 value_dkk=6600000
2026-03-09T10:43:16.560+01:00 INFO credit-service host=credit-service-5b8f6c-x2k4p corrId=c-fd7da2366e2963e3 credit assessment completed application_id=APP-2026-112792 score=743 decision=APPROVED
2026-03-09T10:43:16.565+01:00 INFO offer-service host=offer-service-7c9d5b-x2k4p corrId=c-fd7da2366e2963e3 loan offer generated application_id=APP-2026-112792 loan_type=FIXED_30Y principal_dkk=3915000
2026-03-09T10:43:16.572+01:00 INFO document-service host=document-service-a41e92-p9qmz corrId=c-fd7da2366e2963e3 offer document stored application_id=APP-2026-112792 doc_id=DOC-07267875
2026-03-09T10:43:16.625+01:00 INFO portal-bff host=portal-bff-5b8f6c-p9qmz corrId=c-fd7da2366e2963e3 application completed application_id=APP-2026-112792 status=OFFER_ISSUED
2026-03-09T10:43:21.733+01:00 INFO portal-bff host=portal-bff-7c9d5b-p9qmz corrId=c-8eceea239925efac conversion quote requested loan_id=LN311287576 target_product=FLEX_5Y
2026-03-09T10:43:21.868+01:00 INFO identity-service host=identity-service-7c9d5b-t6zvn corrId=c-8eceea239925efac MitID session validated customer_id=C94287419
2026-03-09T10:43:21.976+01:00 INFO pricing-service host=pricing-service-7c9d5b-t6zvn corrId=c-8eceea239925efac bond price fetched series=BND2.5-2056 price=100.046
2026-03-09T10:43:22.060+01:00 INFO pricing-service host=pricing-service-5b8f6c-p9qmz corrId=c-8eceea239925efac conversion cost calculated loan_id=LN311287576 cost_dkk=6858.92
2026-03-09T10:43:22.093+01:00 INFO quote-service host=quote-service-a41e92-p9qmz corrId=c-8eceea239925efac conversion quote issued quote_id=Q54796060 loan_id=LN311287576
2026-03-09T10:43:22.427+01:00 INFO offer-service host=offer-service-7c9d5b-t6zvn corrId=c-95378853dc42f138 offer accepted application_id=APP-2026-697155
2026-03-09T10:43:22.541+01:00 INFO ledger-service host=ledger-service-5b8f6c-x2k4p corrId=c-95378853dc42f138 funds reserved application_id=APP-2026-697155 amount_dkk=835000
2026-03-09T10:43:22.672+01:00 INFO payment-service host=payment-service-a41e92-t6zvn corrId=c-95378853dc42f138 payout instruction sent application_id=APP-2026-697155 amount_dkk=835000
2026-03-09T10:43:22.698+01:00 INFO ledger-service host=ledger-service-a41e92-x2k4p corrId=c-95378853dc42f138 payout booked application_id=APP-2026-697155 posting_id=PST-e806a45f83
2026-03-09T10:43:22.734+01:00 INFO notification-service host=notification-service-5b8f6c-p9qmz corrId=c-95378853dc42f138 payout confirmation sent application_id=APP-2026-697155
2026-03-09T10:44:09.849+01:00 INFO portal-bff host=portal-bff-7c9d5b-x2k4p corrId=c-7acdab61f7128e18 conversion quote requested loan_id=LN400954425 target_product=FLEX_5Y
2026-03-09T10:44:09.974+01:00 INFO identity-service host=identity-service-5b8f6c-t6zvn corrId=c-7acdab61f7128e18 MitID session validated customer_id=C47099824
2026-03-09T10:44:10.012+01:00 INFO pricing-service host=pricing-service-5b8f6c-p9qmz corrId=c-7acdab61f7128e18 bond price fetched series=BND3.0-2056 price=91.740
2026-03-09T10:44:10.033+01:00 INFO pricing-service host=pricing-service-5b8f6c-p9qmz corrId=c-7acdab61f7128e18 conversion cost calculated loan_id=LN400954425 cost_dkk=9709.66
2026-03-09T10:44:10.139+01:00 INFO quote-service host=quote-service-7c9d5b-x2k4p corrId=c-7acdab61f7128e18 conversion quote issued quote_id=Q86600507 loan_id=LN400954425
2026-03-09T10:44:57.168+01:00 INFO portal-bff host=portal-bff-a41e92-p9qmz corrId=c-a29acc1002403a72 loan application submitted application_id=APP-2026-919285 customer_segment=RETAIL
2026-03-09T10:44:57.221+01:00 INFO identity-service host=identity-service-a41e92-p9qmz corrId=c-a29acc1002403a72 MitID session validated customer_id=C66352069
2026-03-09T10:44:57.324+01:00 INFO customer-service host=customer-service-7c9d5b-t6zvn corrId=c-a29acc1002403a72 KYC profile loaded customer_id=C66352069 risk_class=LOW
2026-03-09T10:44:57.381+01:00 INFO valuation-service host=valuation-service-a41e92-t6zvn corrId=c-a29acc1002403a72 property valuation requested property_id=P7153567 provider=bolig-vurdering
2026-03-09T10:44:58.347+01:00 INFO valuation-service host=valuation-service-7c9d5b-t6zvn corrId=c-a29acc1002403a72 property valuation received property_id=P7153567 value_dkk=6040000 latency_ms=899
2026-03-09T10:44:58.424+01:00 INFO credit-service host=credit-service-7c9d5b-x2k4p corrId=c-a29acc1002403a72 credit assessment completed application_id=APP-2026-919285 score=778 decision=APPROVED
2026-03-09T10:44:58.549+01:00 INFO offer-service host=offer-service-5b8f6c-p9qmz corrId=c-a29acc1002403a72 loan offer generated application_id=APP-2026-919285 loan_type=FLEX_1Y principal_dkk=1495000
2026-03-09T10:44:58.681+01:00 INFO document-service host=document-service-7c9d5b-t6zvn corrId=c-a29acc1002403a72 offer document stored application_id=APP-2026-919285 doc_id=DOC-becd1538
2026-03-09T10:44:58.801+01:00 INFO portal-bff host=portal-bff-5b8f6c-p9qmz corrId=c-a29acc1002403a72 application completed application_id=APP-2026-919285 status=OFFER_ISSUED
2026-03-09T10:45:00.703+01:00 INFO api-gateway host=api-gateway-a41e92-x2k4p corrId=- health probe ok status=200 latency_ms=20
2026-03-09T10:47:27.392+01:00 INFO offer-service host=offer-service-a41e92-p9qmz corrId=c-99c0bba09ad7b05f offer accepted application_id=APP-2026-012653
2026-03-09T10:47:27.519+01:00 INFO ledger-service host=ledger-service-a41e92-p9qmz corrId=c-99c0bba09ad7b05f funds reserved application_id=APP-2026-012653 amount_dkk=1550000
2026-03-09T10:47:27.612+01:00 INFO payment-service host=payment-service-a41e92-p9qmz corrId=c-99c0bba09ad7b05f payout instruction sent application_id=APP-2026-012653 amount_dkk=1550000
2026-03-09T10:47:27.698+01:00 INFO ledger-service host=ledger-service-7c9d5b-t6zvn corrId=c-99c0bba09ad7b05f payout booked application_id=APP-2026-012653 posting_id=PST-0b73944496
2026-03-09T10:47:27.750+01:00 INFO notification-service host=notification-service-5b8f6c-p9qmz corrId=c-99c0bba09ad7b05f payout confirmation sent application_id=APP-2026-012653
2026-03-09T10:47:47.180+01:00 INFO portal-bff host=portal-bff-7c9d5b-p9qmz corrId=c-c69d904a1351ca11 conversion quote requested loan_id=LN821989700 target_product=FIXED_30Y
2026-03-09T10:47:47.312+01:00 INFO identity-service host=identity-service-5b8f6c-t6zvn corrId=c-c69d904a1351ca11 MitID session validated customer_id=C95939610
2026-03-09T10:47:47.356+01:00 INFO pricing-service host=pricing-service-7c9d5b-x2k4p corrId=c-c69d904a1351ca11 bond price fetched series=BND3.0-2056 price=99.817
2026-03-09T10:47:47.412+01:00 INFO pricing-service host=pricing-service-a41e92-x2k4p corrId=c-c69d904a1351ca11 conversion cost calculated loan_id=LN821989700 cost_dkk=69583.67
2026-03-09T10:47:47.467+01:00 INFO quote-service host=quote-service-5b8f6c-x2k4p corrId=c-c69d904a1351ca11 conversion quote issued quote_id=Q34465360 loan_id=LN821989700
2026-03-09T10:48:10.197+01:00 INFO portal-bff host=portal-bff-5b8f6c-p9qmz corrId=c-d0fe0551f61b5e13 conversion quote requested loan_id=LN874538547 target_product=FLEX_5Y
2026-03-09T10:48:10.323+01:00 INFO identity-service host=identity-service-7c9d5b-t6zvn corrId=c-d0fe0551f61b5e13 MitID session validated customer_id=C87806047
2026-03-09T10:48:10.447+01:00 INFO pricing-service host=pricing-service-5b8f6c-p9qmz corrId=c-d0fe0551f61b5e13 bond price fetched series=BND3.0-2056 price=96.521
2026-03-09T10:48:10.523+01:00 INFO pricing-service host=pricing-service-a41e92-p9qmz corrId=c-d0fe0551f61b5e13 conversion cost calculated loan_id=LN874538547 cost_dkk=7340.55
2026-03-09T10:48:10.655+01:00 INFO quote-service host=quote-service-7c9d5b-p9qmz corrId=c-d0fe0551f61b5e13 conversion quote issued quote_id=Q18887472 loan_id=LN874538547
2026-03-09T10:49:23.136+01:00 INFO portal-bff host=portal-bff-7c9d5b-x2k4p corrId=c-cd1da26c3317cbae loan application submitted application_id=APP-2026-890358 customer_segment=RETAIL
2026-03-09T10:49:23.157+01:00 INFO identity-service host=identity-service-5b8f6c-x2k4p corrId=c-cd1da26c3317cbae MitID session validated customer_id=C22260450
2026-03-09T10:49:23.265+01:00 INFO customer-service host=customer-service-7c9d5b-x2k4p corrId=c-cd1da26c3317cbae KYC profile loaded customer_id=C22260450 risk_class=HIGH
2026-03-09T10:49:23.283+01:00 INFO valuation-service host=valuation-service-5b8f6c-t6zvn corrId=c-cd1da26c3317cbae property valuation requested property_id=P6442175 provider=valuta-ejd
2026-03-09T10:49:24.043+01:00 INFO valuation-service host=valuation-service-7c9d5b-t6zvn corrId=c-cd1da26c3317cbae property valuation received property_id=P6442175 value_dkk=1510000 latency_ms=643
2026-03-09T10:49:24.049+01:00 INFO credit-service host=credit-service-a41e92-t6zvn corrId=c-cd1da26c3317cbae credit assessment completed application_id=APP-2026-890358 score=710 decision=APPROVED
2026-03-09T10:49:24.073+01:00 INFO offer-service host=offer-service-7c9d5b-x2k4p corrId=c-cd1da26c3317cbae loan offer generated application_id=APP-2026-890358 loan_type=FIXED_20Y_IO principal_dkk=4990000
2026-03-09T10:49:24.183+01:00 INFO document-service host=document-service-7c9d5b-t6zvn corrId=c-cd1da26c3317cbae offer document stored application_id=APP-2026-890358 doc_id=DOC-21e4b5f9
2026-03-09T10:49:24.208+01:00 INFO portal-bff host=portal-bff-a41e92-p9qmz corrId=c-cd1da26c3317cbae application completed application_id=APP-2026-890358 status=OFFER_ISSUED
2026-03-09T10:50:00.097+01:00 INFO payment-scheduler host=payment-scheduler-5b8f6c-p9qmz corrId=- scheduler heartbeat lag_ms=95
2026-03-09T10:50:00.301+01:00 INFO api-gateway host=api-gateway-5b8f6c-t6zvn corrId=- health probe ok status=200 latency_ms=23
2026-03-09T10:52:12.399+01:00 INFO portal-bff host=portal-bff-7c9d5b-t6zvn corrId=c-a7fa536e7b316952 loan application submitted application_id=APP-2026-465381 customer_segment=SME
2026-03-09T10:52:12.525+01:00 INFO identity-service host=identity-service-7c9d5b-p9qmz corrId=c-a7fa536e7b316952 MitID session validated customer_id=C42550268
2026-03-09T10:52:12.643+01:00 INFO customer-service host=customer-service-7c9d5b-p9qmz corrId=c-a7fa536e7b316952 KYC profile loaded customer_id=C42550268 risk_class=LOW
2026-03-09T10:52:12.709+01:00 INFO valuation-service host=valuation-service-7c9d5b-x2k4p corrId=c-a7fa536e7b316952 property valuation requested property_id=P0431926 provider=valuta-ejd
2026-03-09T10:52:13.259+01:00 INFO valuation-service host=valuation-service-5b8f6c-t6zvn corrId=c-a7fa536e7b316952 property valuation received property_id=P0431926 value_dkk=8140000 latency_ms=448
2026-03-09T10:52:13.313+01:00 INFO credit-service host=credit-service-7c9d5b-t6zvn corrId=c-a7fa536e7b316952 credit assessment completed application_id=APP-2026-465381 score=677 decision=APPROVED
2026-03-09T10:52:13.344+01:00 INFO offer-service host=offer-service-5b8f6c-p9qmz corrId=c-a7fa536e7b316952 loan offer generated application_id=APP-2026-465381 loan_type=FLEX_1Y principal_dkk=5540000
2026-03-09T10:52:13.441+01:00 INFO document-service host=document-service-a41e92-x2k4p corrId=c-a7fa536e7b316952 offer document stored application_id=APP-2026-465381 doc_id=DOC-2121d99c
2026-03-09T10:52:13.487+01:00 INFO portal-bff host=portal-bff-a41e92-p9qmz corrId=c-a7fa536e7b316952 application completed application_id=APP-2026-465381 status=OFFER_ISSUED
2026-03-09T10:53:52.294+01:00 INFO portal-bff host=portal-bff-5b8f6c-t6zvn corrId=c-7816e0f92d7b4adb conversion quote requested loan_id=LN085752034 target_product=FLEX_1Y
2026-03-09T10:53:52.393+01:00 INFO identity-service host=identity-service-5b8f6c-t6zvn corrId=c-7816e0f92d7b4adb MitID session validated customer_id=C30980953
2026-03-09T10:53:52.520+01:00 INFO pricing-service host=pricing-service-a41e92-p9qmz corrId=c-7816e0f92d7b4adb bond price fetched series=BND3.0-2056 price=88.269
2026-03-09T10:53:52.647+01:00 INFO pricing-service host=pricing-service-a41e92-p9qmz corrId=c-7816e0f92d7b4adb conversion cost calculated loan_id=LN085752034 cost_dkk=56115.13
2026-03-09T10:53:52.664+01:00 INFO quote-service host=quote-service-5b8f6c-x2k4p corrId=c-7816e0f92d7b4adb conversion quote issued quote_id=Q05597623 loan_id=LN085752034
2026-03-09T10:55:00.553+01:00 INFO api-gateway host=api-gateway-7c9d5b-p9qmz corrId=- health probe ok status=200 latency_ms=31
2026-03-09T10:55:43.995+01:00 INFO portal-bff host=portal-bff-5b8f6c-x2k4p corrId=c-c0de125eff63fc31 conversion quote requested loan_id=LN222110745 target_product=FLEX_1Y
2026-03-09T10:55:44.092+01:00 INFO identity-service host=identity-service-5b8f6c-p9qmz corrId=c-c0de125eff63fc31 MitID session validated customer_id=C76326018
2026-03-09T10:55:44.122+01:00 INFO pricing-service host=pricing-service-5b8f6c-x2k4p corrId=c-c0de125eff63fc31 bond price fetched series=BND3.0-2053 price=101.326
2026-03-09T10:55:44.175+01:00 INFO pricing-service host=pricing-service-5b8f6c-x2k4p corrId=c-c0de125eff63fc31 conversion cost calculated loan_id=LN222110745 cost_dkk=84041.16
2026-03-09T10:55:44.219+01:00 INFO quote-service host=quote-service-7c9d5b-p9qmz corrId=c-c0de125eff63fc31 conversion quote issued quote_id=Q52559933 loan_id=LN222110745
2026-03-09T10:58:16.440+01:00 INFO portal-bff host=portal-bff-7c9d5b-p9qmz corrId=c-16b6b36e2cc54bd5 loan application submitted application_id=APP-2026-760798 customer_segment=PRIVATE
2026-03-09T10:58:16.523+01:00 INFO identity-service host=identity-service-a41e92-p9qmz corrId=c-16b6b36e2cc54bd5 MitID session validated customer_id=C02232458
2026-03-09T10:58:16.572+01:00 INFO customer-service host=customer-service-a41e92-p9qmz corrId=c-16b6b36e2cc54bd5 KYC profile loaded customer_id=C02232458 risk_class=HIGH
2026-03-09T10:58:16.601+01:00 INFO valuation-service host=valuation-service-5b8f6c-x2k4p corrId=c-16b6b36e2cc54bd5 property valuation served from cache property_id=P0440923 value_dkk=4020000
2026-03-09T10:58:16.718+01:00 INFO credit-service host=credit-service-a41e92-p9qmz corrId=c-16b6b36e2cc54bd5 credit assessment completed application_id=APP-2026-760798 score=583 decision=APPROVED
2026-03-09T10:58:16.771+01:00 INFO offer-service host=offer-service-a41e92-x2k4p corrId=c-16b6b36e2cc54bd5 loan offer generated application_id=APP-2026-760798 loan_type=FLEX_1Y principal_dkk=750000
2026-03-09T10:58:16.850+01:00 INFO document-service host=document-service-a41e92-t6zvn corrId=c-16b6b36e2cc54bd5 offer document stored application_id=APP-2026-760798 doc_id=DOC-f2eae7c7
2026-03-09T10:58:16.950+01:00 INFO portal-bff host=portal-bff-7c9d5b-t6zvn corrId=c-16b6b36e2cc54bd5 application completed application_id=APP-2026-760798 status=OFFER_ISSUED
2026-03-09T11:00:00.430+01:00 INFO api-gateway host=api-gateway-7c9d5b-t6zvn corrId=- health probe ok status=200 latency_ms=23
2026-03-09T11:00:00.543+01:00 INFO payment-scheduler host=payment-scheduler-7c9d5b-p9qmz corrId=- scheduler heartbeat lag_ms=85
2026-03-09T11:00:02.000+01:00 INFO config-service host=config-service-7c9d5b-p9qmz corrId=- configuration refreshed version=v121
2026-03-09T11:00:18.935+01:00 INFO offer-service host=offer-service-5b8f6c-t6zvn corrId=c-04258fbb63dc287a offer accepted application_id=APP-2026-286981
2026-03-09T11:00:19.050+01:00 INFO ledger-service host=ledger-service-5b8f6c-t6zvn corrId=c-04258fbb63dc287a funds reserved application_id=APP-2026-286981 amount_dkk=5605000
2026-03-09T11:00:19.137+01:00 INFO payment-service host=payment-service-a41e92-p9qmz corrId=c-04258fbb63dc287a payout instruction sent application_id=APP-2026-286981 amount_dkk=5605000
2026-03-09T11:00:19.272+01:00 INFO ledger-service host=ledger-service-7c9d5b-p9qmz corrId=c-04258fbb63dc287a payout booked application_id=APP-2026-286981 posting_id=PST-7998aa60b4
2026-03-09T11:00:19.391+01:00 INFO notification-service host=notification-service-7c9d5b-x2k4p corrId=c-04258fbb63dc287a payout confirmation sent application_id=APP-2026-286981
2026-03-09T11:01:16.805+01:00 INFO portal-bff host=portal-bff-5b8f6c-x2k4p corrId=c-de6612d014973f77 loan application submitted application_id=APP-2026-799670 customer_segment=PRIVATE
2026-03-09T11:01:16.848+01:00 INFO identity-service host=identity-service-5b8f6c-p9qmz corrId=c-de6612d014973f77 MitID session validated customer_id=C72280996
2026-03-09T11:01:16.912+01:00 INFO customer-service host=customer-service-5b8f6c-p9qmz corrId=c-de6612d014973f77 KYC profile loaded customer_id=C72280996 risk_class=LOW
2026-03-09T11:01:16.995+01:00 INFO valuation-service host=valuation-service-a41e92-p9qmz corrId=c-de6612d014973f77 property valuation requested property_id=P3381829 provider=valuta-ejd
2026-03-09T11:01:17.835+01:00 INFO valuation-service host=valuation-service-5b8f6c-x2k4p corrId=c-de6612d014973f77 property valuation received property_id=P3381829 value_dkk=6800000 latency_ms=733
2026-03-09T11:01:17.914+01:00 INFO credit-service host=credit-service-5b8f6c-t6zvn corrId=c-de6612d014973f77 credit assessment completed application_id=APP-2026-799670 score=430 decision=APPROVED
2026-03-09T11:01:18.034+01:00 INFO offer-service host=offer-service-a41e92-p9qmz corrId=c-de6612d014973f77 loan offer generated application_id=APP-2026-799670 loan_type=FLEX_1Y principal_dkk=915000
2026-03-09T11:01:18.101+01:00 INFO document-service host=document-service-7c9d5b-x2k4p corrId=c-de6612d014973f77 offer document stored application_id=APP-2026-799670 doc_id=DOC-eeca4205
2026-03-09T11:01:18.205+01:00 INFO portal-bff host=portal-bff-7c9d5b-p9qmz corrId=c-de6612d014973f77 application completed application_id=APP-2026-799670 status=OFFER_ISSUED
2026-03-09T11:04:47.816+01:00 INFO offer-service host=offer-service-a41e92-x2k4p corrId=c-259efb29896fb03f offer accepted application_id=APP-2026-548224
2026-03-09T11:04:47.911+01:00 INFO ledger-service host=ledger-service-a41e92-x2k4p corrId=c-259efb29896fb03f funds reserved application_id=APP-2026-548224 amount_dkk=2325000
2026-03-09T11:04:48.043+01:00 INFO payment-service host=payment-service-5b8f6c-p9qmz corrId=c-259efb29896fb03f payout instruction sent application_id=APP-2026-548224 amount_dkk=2325000
2026-03-09T11:04:48.143+01:00 INFO ledger-service host=ledger-service-5b8f6c-p9qmz corrId=c-259efb29896fb03f payout booked application_id=APP-2026-548224 posting_id=PST-c050250f76
2026-03-09T11:04:48.201+01:00 INFO notification-service host=notification-service-7c9d5b-x2k4p corrId=c-259efb29896fb03f payout confirmation sent application_id=APP-2026-548224
2026-03-09T11:05:00.345+01:00 INFO api-gateway host=api-gateway-7c9d5b-p9qmz corrId=- health probe ok status=200 latency_ms=14
2026-03-09T11:07:08.697+01:00 INFO portal-bff host=portal-bff-7c9d5b-x2k4p corrId=c-5f81ca40e0c9d1da conversion quote requested loan_id=LN479934020 target_product=FLEX_5Y
2026-03-09T11:07:08.753+01:00 INFO identity-service host=identity-service-a41e92-t6zvn corrId=c-5f81ca40e0c9d1da MitID session validated customer_id=C82660157
2026-03-09T11:07:08.854+01:00 INFO pricing-service host=pricing-service-7c9d5b-p9qmz corrId=c-5f81ca40e0c9d1da bond price fetched series=BND2.5-2053 price=99.138
2026-03-09T11:07:08.938+01:00 INFO pricing-service host=pricing-service-5b8f6c-x2k4p corrId=c-5f81ca40e0c9d1da conversion cost calculated loan_id=LN479934020 cost_dkk=48481.70
2026-03-09T11:07:08.952+01:00 INFO quote-service host=quote-service-7c9d5b-t6zvn corrId=c-5f81ca40e0c9d1da conversion quote issued quote_id=Q49335475 loan_id=LN479934020
2026-03-09T11:08:57.765+01:00 INFO portal-bff host=portal-bff-a41e92-x2k4p corrId=c-15d1b211bcfe5baa loan application submitted application_id=APP-2026-417940 customer_segment=RETAIL
2026-03-09T11:08:57.871+01:00 INFO identity-service host=identity-service-5b8f6c-x2k4p corrId=c-15d1b211bcfe5baa MitID session validated customer_id=C50806237
2026-03-09T11:08:57.983+01:00 INFO customer-service host=customer-service-5b8f6c-p9qmz corrId=c-15d1b211bcfe5baa KYC profile loaded customer_id=C50806237 risk_class=MEDIUM
2026-03-09T11:08:58.079+01:00 INFO valuation-service host=valuation-service-7c9d5b-p9qmz corrId=c-15d1b211bcfe5baa property valuation requested property_id=P5087242 provider=valuta-ejd
2026-03-09T11:08:58.470+01:00 INFO valuation-service host=valuation-service-7c9d5b-x2k4p corrId=c-15d1b211bcfe5baa property valuation received property_id=P5087242 value_dkk=4970000 latency_ms=301
2026-03-09T11:08:58.567+01:00 INFO credit-service host=credit-service-7c9d5b-t6zvn corrId=c-15d1b211bcfe5baa credit assessment completed application_id=APP-2026-417940 score=834 decision=APPROVED
2026-03-09T11:08:58.668+01:00 INFO offer-service host=offer-service-7c9d5b-p9qmz corrId=c-15d1b211bcfe5baa loan offer generated application_id=APP-2026-417940 loan_type=FLEX_5Y principal_dkk=3300000
2026-03-09T11:08:58.690+01:00 INFO document-service host=document-service-5b8f6c-p9qmz corrId=c-15d1b211bcfe5baa offer document stored application_id=APP-2026-417940 doc_id=DOC-2576f10d
2026-03-09T11:08:58.811+01:00 INFO portal-bff host=portal-bff-5b8f6c-p9qmz corrId=c-15d1b211bcfe5baa application completed application_id=APP-2026-417940 status=OFFER_ISSUED
2026-03-09T11:10:00.661+01:00 INFO api-gateway host=api-gateway-7c9d5b-x2k4p corrId=- health probe ok status=200 latency_ms=2
2026-03-09T11:10:00.701+01:00 INFO payment-scheduler host=payment-scheduler-a41e92-x2k4p corrId=- scheduler heartbeat lag_ms=19
2026-03-09T11:13:04.206+01:00 INFO portal-bff host=portal-bff-a41e92-x2k4p corrId=c-9e994cc26b94a9c5 loan application submitted application_id=APP-2026-182412 customer_segment=RETAIL
2026-03-09T11:13:04.249+01:00 INFO identity-service host=identity-service-7c9d5b-p9qmz corrId=c-9e994cc26b94a9c5 MitID session validated customer_id=C56288291
2026-03-09T11:13:04.364+01:00 INFO customer-service host=customer-service-7c9d5b-t6zvn corrId=c-9e994cc26b94a9c5 KYC profile loaded customer_id=C56288291 risk_class=LOW
2026-03-09T11:13:04.450+01:00 INFO valuation-service host=valuation-service-a41e92-t6zvn corrId=c-9e994cc26b94a9c5 property valuation served from cache property_id=P3725066 value_dkk=3020000
2026-03-09T11:13:04.568+01:00 INFO credit-service host=credit-service-a41e92-x2k4p corrId=c-9e994cc26b94a9c5 credit assessment completed application_id=APP-2026-182412 score=551 decision=APPROVED
2026-03-09T11:13:04.602+01:00 INFO offer-service host=offer-service-5b8f6c-x2k4p corrId=c-9e994cc26b94a9c5 loan offer generated application_id=APP-2026-182412 loan_type=FIXED_30Y principal_dkk=785000
2026-03-09T11:13:04.716+01:00 INFO document-service host=document-service-5b8f6c-p9qmz corrId=c-9e994cc26b94a9c5 offer document stored application_id=APP-2026-182412 doc_id=DOC-7015aa78
2026-03-09T11:13:04.781+01:00 INFO portal-bff host=portal-bff-5b8f6c-p9qmz corrId=c-9e994cc26b94a9c5 application completed application_id=APP-2026-182412 status=OFFER_ISSUED
2026-03-09T11:13:32.345+01:00 INFO portal-bff host=portal-bff-7c9d5b-t6zvn corrId=c-e0215a0464dfa282 loan application submitted application_id=APP-2026-912040 customer_segment=RETAIL
2026-03-09T11:13:32.368+01:00 INFO identity-service host=identity-service-5b8f6c-t6zvn corrId=c-e0215a0464dfa282 MitID session validated customer_id=C62263441
2026-03-09T11:13:32.427+01:00 INFO customer-service host=customer-service-7c9d5b-t6zvn corrId=c-e0215a0464dfa282 KYC profile loaded customer_id=C62263441 risk_class=MEDIUM
2026-03-09T11:13:32.438+01:00 INFO valuation-service host=valuation-service-a41e92-x2k4p corrId=c-e0215a0464dfa282 property valuation requested property_id=P1120185 provider=valuta-ejd
2026-03-09T11:13:32.984+01:00 INFO valuation-service host=valuation-service-5b8f6c-t6zvn corrId=c-e0215a0464dfa282 property valuation received property_id=P1120185 value_dkk=4670000 latency_ms=525
2026-03-09T11:13:33.026+01:00 INFO credit-service host=credit-service-a41e92-x2k4p corrId=c-e0215a0464dfa282 credit assessment completed application_id=APP-2026-912040 score=496 decision=APPROVED
2026-03-09T11:13:33.143+01:00 INFO offer-service host=offer-service-a41e92-x2k4p corrId=c-e0215a0464dfa282 loan offer generated application_id=APP-2026-912040 loan_type=FIXED_30Y principal_dkk=4955000
2026-03-09T11:13:33.176+01:00 INFO document-service host=document-service-a41e92-t6zvn corrId=c-e0215a0464dfa282 offer document stored application_id=APP-2026-912040 doc_id=DOC-c24ba906
2026-03-09T11:13:33.220+01:00 INFO portal-bff host=portal-bff-7c9d5b-p9qmz corrId=c-e0215a0464dfa282 application completed application_id=APP-2026-912040 status=OFFER_ISSUED
2026-03-09T11:14:31.969+01:00 INFO offer-service host=offer-service-5b8f6c-p9qmz corrId=c-0a3eb6d214ee8dba offer accepted application_id=APP-2026-474204
2026-03-09T11:14:32.022+01:00 INFO ledger-service host=ledger-service-7c9d5b-p9qmz corrId=c-0a3eb6d214ee8dba funds reserved application_id=APP-2026-474204 amount_dkk=5180000
2026-03-09T11:14:32.042+01:00 INFO payment-service host=payment-service-5b8f6c-x2k4p corrId=c-0a3eb6d214ee8dba payout instruction sent application_id=APP-2026-474204 amount_dkk=5180000
2026-03-09T11:14:32.053+01:00 INFO ledger-service host=ledger-service-7c9d5b-t6zvn corrId=c-0a3eb6d214ee8dba payout booked application_id=APP-2026-474204 posting_id=PST-721ba1c6a2
2026-03-09T11:14:32.096+01:00 INFO notification-service host=notification-service-5b8f6c-x2k4p corrId=c-0a3eb6d214ee8dba payout confirmation sent application_id=APP-2026-474204
2026-03-09T11:14:36.366+01:00 INFO offer-service host=offer-service-5b8f6c-p9qmz corrId=c-34f522f45268621f offer accepted application_id=APP-2026-588314
2026-03-09T11:14:36.377+01:00 INFO ledger-service host=ledger-service-7c9d5b-t6zvn corrId=c-34f522f45268621f funds reserved application_id=APP-2026-588314 amount_dkk=2625000
2026-03-09T11:14:36.407+01:00 INFO payment-service host=payment-service-7c9d5b-x2k4p corrId=c-34f522f45268621f payout instruction sent application_id=APP-2026-588314 amount_dkk=2625000
2026-03-09T11:14:36.496+01:00 INFO ledger-service host=ledger-service-a41e92-t6zvn corrId=c-34f522f45268621f payout booked application_id=APP-2026-588314 posting_id=PST-e3cbd44204
2026-03-09T11:14:36.627+01:00 INFO notification-service host=notification-service-a41e92-t6zvn corrId=c-34f522f45268621f payout confirmation sent application_id=APP-2026-588314
2026-03-09T11:15:00.174+01:00 INFO api-gateway host=api-gateway-7c9d5b-p9qmz corrId=- health probe ok status=200 latency_ms=40
2026-03-09T11:19:30.168+01:00 INFO portal-bff host=portal-bff-a41e92-x2k4p corrId=c-395f7db605e20b24 conversion quote requested loan_id=LN904722174 target_product=FIXED_30Y
2026-03-09T11:19:30.275+01:00 INFO identity-service host=identity-service-5b8f6c-p9qmz corrId=c-395f7db605e20b24 MitID session validated customer_id=C59670219
2026-03-09T11:19:30.325+01:00 INFO pricing-service host=pricing-service-5b8f6c-x2k4p corrId=c-395f7db605e20b24 bond price fetched series=BND3.0-2056 price=100.209
2026-03-09T11:19:30.403+01:00 INFO pricing-service host=pricing-service-a41e92-p9qmz corrId=c-395f7db605e20b24 conversion cost calculated loan_id=LN904722174 cost_dkk=54784.24
2026-03-09T11:19:30.497+01:00 INFO quote-service host=quote-service-5b8f6c-x2k4p corrId=c-395f7db605e20b24 conversion quote issued quote_id=Q27589084 loan_id=LN904722174
2026-03-09T11:20:00.013+01:00 INFO api-gateway host=api-gateway-a41e92-x2k4p corrId=- health probe ok status=200 latency_ms=5
2026-03-09T11:20:00.044+01:00 INFO payment-scheduler host=payment-scheduler-7c9d5b-t6zvn corrId=- scheduler heartbeat lag_ms=2
2026-03-09T11:20:12.831+01:00 INFO portal-bff host=portal-bff-5b8f6c-x2k4p corrId=c-4a14413964b6c8a9 conversion quote requested loan_id=LN488844766 target_product=FLEX_1Y
2026-03-09T11:20:12.872+01:00 INFO identity-service host=identity-service-5b8f6c-x2k4p corrId=c-4a14413964b6c8a9 MitID session validated customer_id=C56254539
2026-03-09T11:20:12.883+01:00 INFO pricing-service host=pricing-service-5b8f6c-x2k4p corrId=c-4a14413964b6c8a9 bond price fetched series=BND4.0-2053 price=91.439
2026-03-09T11:20:12.932+01:00 INFO pricing-service host=pricing-service-a41e92-p9qmz corrId=c-4a14413964b6c8a9 conversion cost calculated loan_id=LN488844766 cost_dkk=66531.59
2026-03-09T11:20:12.957+01:00 INFO quote-service host=quote-service-5b8f6c-x2k4p corrId=c-4a14413964b6c8a9 conversion quote issued quote_id=Q03459044 loan_id=LN488844766
2026-03-09T11:21:10.571+01:00 INFO offer-service host=offer-service-5b8f6c-x2k4p corrId=c-cd493bb538320033 offer accepted application_id=APP-2026-182625
2026-03-09T11:21:10.600+01:00 INFO ledger-service host=ledger-service-a41e92-p9qmz corrId=c-cd493bb538320033 funds reserved application_id=APP-2026-182625 amount_dkk=2350000
2026-03-09T11:21:10.722+01:00 INFO payment-service host=payment-service-a41e92-p9qmz corrId=c-cd493bb538320033 payout instruction sent application_id=APP-2026-182625 amount_dkk=2350000
2026-03-09T11:21:10.748+01:00 INFO ledger-service host=ledger-service-a41e92-p9qmz corrId=c-cd493bb538320033 payout booked application_id=APP-2026-182625 posting_id=PST-d91ea75667
2026-03-09T11:21:10.769+01:00 INFO notification-service host=notification-service-a41e92-p9qmz corrId=c-cd493bb538320033 payout confirmation sent application_id=APP-2026-182625
2026-03-09T11:22:43.933+01:00 INFO portal-bff host=portal-bff-a41e92-p9qmz corrId=c-eb39f3fdbe067465 conversion quote requested loan_id=LN932309434 target_product=FIXED_30Y
2026-03-09T11:22:44.028+01:00 INFO identity-service host=identity-service-5b8f6c-x2k4p corrId=c-eb39f3fdbe067465 MitID session validated customer_id=C94862313
2026-03-09T11:22:44.114+01:00 INFO pricing-service host=pricing-service-5b8f6c-t6zvn corrId=c-eb39f3fdbe067465 bond price fetched series=BND2.5-2053 price=90.014
2026-03-09T11:22:44.232+01:00 INFO pricing-service host=pricing-service-a41e92-p9qmz corrId=c-eb39f3fdbe067465 conversion cost calculated loan_id=LN932309434 cost_dkk=30797.15
2026-03-09T11:22:44.350+01:00 INFO quote-service host=quote-service-a41e92-p9qmz corrId=c-eb39f3fdbe067465 conversion quote issued quote_id=Q78969112 loan_id=LN932309434
2026-03-09T11:24:38.482+01:00 INFO portal-bff host=portal-bff-7c9d5b-x2k4p corrId=c-f4c277706eb5739e loan application submitted application_id=APP-2026-994419 customer_segment=RETAIL
2026-03-09T11:24:38.617+01:00 INFO identity-service host=identity-service-5b8f6c-t6zvn corrId=c-f4c277706eb5739e MitID session validated customer_id=C72766940
2026-03-09T11:24:38.725+01:00 INFO customer-service host=customer-service-a41e92-t6zvn corrId=c-f4c277706eb5739e KYC profile loaded customer_id=C72766940 risk_class=MEDIUM
2026-03-09T11:24:38.844+01:00 INFO valuation-service host=valuation-service-5b8f6c-x2k4p corrId=c-f4c277706eb5739e property valuation requested property_id=P7349700 provider=bolig-vurdering
2026-03-09T11:24:39.564+01:00 INFO valuation-service host=valuation-service-7c9d5b-x2k4p corrId=c-f4c277706eb5739e property valuation received property_id=P7349700 value_dkk=3100000 latency_ms=590
2026-03-09T11:24:39.644+01:00 INFO credit-service host=credit-service-5b8f6c-x2k4p corrId=c-f4c277706eb5739e credit assessment completed application_id=APP-2026-994419 score=572 decision=APPROVED
2026-03-09T11:24:39.693+01:00 INFO offer-service host=offer-service-a41e92-p9qmz corrId=c-f4c277706eb5739e loan offer generated application_id=APP-2026-994419 loan_type=FIXED_20Y_IO principal_dkk=2975000
2026-03-09T11:24:39.771+01:00 INFO document-service host=document-service-a41e92-t6zvn corrId=c-f4c277706eb5739e offer document stored application_id=APP-2026-994419 doc_id=DOC-0f69cbf3
2026-03-09T11:24:39.782+01:00 INFO portal-bff host=portal-bff-a41e92-x2k4p corrId=c-f4c277706eb5739e application completed application_id=APP-2026-994419 status=OFFER_ISSUED
2026-03-09T11:24:57.266+01:00 INFO portal-bff host=portal-bff-5b8f6c-p9qmz corrId=c-e1790e89652b3f50 conversion quote requested loan_id=LN510914317 target_product=FLEX_5Y
2026-03-09T11:24:57.404+01:00 INFO identity-service host=identity-service-7c9d5b-x2k4p corrId=c-e1790e89652b3f50 MitID session validated customer_id=C14266453
2026-03-09T11:24:57.422+01:00 INFO pricing-service host=pricing-service-5b8f6c-x2k4p corrId=c-e1790e89652b3f50 bond price fetched series=BND2.5-2053 price=90.697
2026-03-09T11:24:57.550+01:00 INFO pricing-service host=pricing-service-5b8f6c-t6zvn corrId=c-e1790e89652b3f50 conversion cost calculated loan_id=LN510914317 cost_dkk=12981.77
2026-03-09T11:24:57.683+01:00 INFO quote-service host=quote-service-5b8f6c-t6zvn corrId=c-e1790e89652b3f50 conversion quote issued quote_id=Q69002556 loan_id=LN510914317
2026-03-09T11:25:00.529+01:00 INFO api-gateway host=api-gateway-a41e92-p9qmz corrId=- health probe ok status=200 latency_ms=23
2026-03-09T11:26:54.062+01:00 INFO portal-bff host=portal-bff-7c9d5b-t6zvn corrId=c-27ee53618f1ee107 loan application submitted application_id=APP-2026-991810 customer_segment=SME
2026-03-09T11:26:54.197+01:00 INFO identity-service host=identity-service-7c9d5b-p9qmz corrId=c-27ee53618f1ee107 MitID session validated customer_id=C51058974
2026-03-09T11:26:54.210+01:00 INFO customer-service host=customer-service-a41e92-p9qmz corrId=c-27ee53618f1ee107 KYC profile loaded customer_id=C51058974 risk_class=MEDIUM
2026-03-09T11:26:54.272+01:00 INFO valuation-service host=valuation-service-7c9d5b-p9qmz corrId=c-27ee53618f1ee107 property valuation requested property_id=P3614502 provider=bolig-vurdering
2026-03-09T11:26:54.715+01:00 INFO valuation-service host=valuation-service-a41e92-x2k4p corrId=c-27ee53618f1ee107 property valuation received property_id=P3614502 value_dkk=3330000 latency_ms=413
2026-03-09T11:26:54.817+01:00 INFO credit-service host=credit-service-7c9d5b-x2k4p corrId=c-27ee53618f1ee107 credit assessment completed application_id=APP-2026-991810 score=605 decision=APPROVED
2026-03-09T11:26:54.881+01:00 INFO offer-service host=offer-service-7c9d5b-p9qmz corrId=c-27ee53618f1ee107 loan offer generated application_id=APP-2026-991810 loan_type=FIXED_20Y_IO principal_dkk=5535000
2026-03-09T11:26:54.987+01:00 INFO document-service host=document-service-7c9d5b-p9qmz corrId=c-27ee53618f1ee107 offer document stored application_id=APP-2026-991810 doc_id=DOC-29f9922e
2026-03-09T11:26:55.039+01:00 INFO portal-bff host=portal-bff-5b8f6c-x2k4p corrId=c-27ee53618f1ee107 application completed application_id=APP-2026-991810 status=OFFER_ISSUED
2026-03-09T11:30:00.506+01:00 INFO payment-scheduler host=payment-scheduler-5b8f6c-t6zvn corrId=- scheduler heartbeat lag_ms=48
2026-03-09T11:30:00.612+01:00 INFO api-gateway host=api-gateway-7c9d5b-t6zvn corrId=- health probe ok status=200 latency_ms=21
2026-03-09T11:33:05.858+01:00 INFO portal-bff host=portal-bff-5b8f6c-t6zvn corrId=c-8940a29625fa9d4e loan application submitted application_id=APP-2026-573599 customer_segment=SME
2026-03-09T11:33:05.906+01:00 INFO identity-service host=identity-service-5b8f6c-p9qmz corrId=c-8940a29625fa9d4e MitID session validated customer_id=C98842690
2026-03-09T11:33:05.988+01:00 INFO customer-service host=customer-service-a41e92-x2k4p corrId=c-8940a29625fa9d4e KYC profile loaded customer_id=C98842690 risk_class=LOW
2026-03-09T11:33:06.056+01:00 INFO valuation-service host=valuation-service-5b8f6c-p9qmz corrId=c-8940a29625fa9d4e property valuation requested property_id=P0833408 provider=bolig-vurdering
2026-03-09T11:33:06.814+01:00 INFO valuation-service host=valuation-service-5b8f6c-t6zvn corrId=c-8940a29625fa9d4e property valuation received property_id=P0833408 value_dkk=2350000 latency_ms=745
2026-03-09T11:33:06.836+01:00 INFO credit-service host=credit-service-5b8f6c-x2k4p corrId=c-8940a29625fa9d4e credit assessment completed application_id=APP-2026-573599 score=738 decision=APPROVED
2026-03-09T11:33:06.870+01:00 INFO offer-service host=offer-service-5b8f6c-x2k4p corrId=c-8940a29625fa9d4e loan offer generated application_id=APP-2026-573599 loan_type=FIXED_20Y_IO principal_dkk=2450000
2026-03-09T11:33:07.003+01:00 INFO document-service host=document-service-7c9d5b-x2k4p corrId=c-8940a29625fa9d4e offer document stored application_id=APP-2026-573599 doc_id=DOC-d57f2f04
2026-03-09T11:33:07.026+01:00 INFO portal-bff host=portal-bff-5b8f6c-p9qmz corrId=c-8940a29625fa9d4e application completed application_id=APP-2026-573599 status=OFFER_ISSUED
2026-03-09T11:33:17.164+01:00 INFO portal-bff host=portal-bff-5b8f6c-x2k4p corrId=c-15b34bbf675a5c4e conversion quote requested loan_id=LN919229135 target_product=FLEX_1Y
2026-03-09T11:33:17.298+01:00 INFO identity-service host=identity-service-a41e92-p9qmz corrId=c-15b34bbf675a5c4e MitID session validated customer_id=C62993544
2026-03-09T11:33:17.344+01:00 INFO pricing-service host=pricing-service-a41e92-t6zvn corrId=c-15b34bbf675a5c4e bond price fetched series=BND2.5-2053 price=88.313
2026-03-09T11:33:17.480+01:00 INFO pricing-service host=pricing-service-5b8f6c-t6zvn corrId=c-15b34bbf675a5c4e conversion cost calculated loan_id=LN919229135 cost_dkk=74126.14
2026-03-09T11:33:17.574+01:00 INFO quote-service host=quote-service-7c9d5b-x2k4p corrId=c-15b34bbf675a5c4e conversion quote issued quote_id=Q56385305 loan_id=LN919229135
2026-03-09T11:33:47.654+01:00 INFO offer-service host=offer-service-5b8f6c-p9qmz corrId=c-1c6b43e6e220e556 offer accepted application_id=APP-2026-031230
2026-03-09T11:33:47.687+01:00 INFO ledger-service host=ledger-service-7c9d5b-x2k4p corrId=c-1c6b43e6e220e556 funds reserved application_id=APP-2026-031230 amount_dkk=615000
2026-03-09T11:33:47.755+01:00 INFO payment-service host=payment-service-5b8f6c-x2k4p corrId=c-1c6b43e6e220e556 payout instruction sent application_id=APP-2026-031230 amount_dkk=615000
2026-03-09T11:33:47.837+01:00 INFO ledger-service host=ledger-service-a41e92-p9qmz corrId=c-1c6b43e6e220e556 payout booked application_id=APP-2026-031230 posting_id=PST-dcf76ea35b
2026-03-09T11:33:47.877+01:00 INFO notification-service host=notification-service-7c9d5b-t6zvn corrId=c-1c6b43e6e220e556 payout confirmation sent application_id=APP-2026-031230
2026-03-09T11:34:47.894+01:00 INFO portal-bff host=portal-bff-5b8f6c-t6zvn corrId=c-3e32d456449ec9fc loan application submitted application_id=APP-2026-253965 customer_segment=PRIVATE
2026-03-09T11:34:47.915+01:00 INFO identity-service host=identity-service-5b8f6c-p9qmz corrId=c-3e32d456449ec9fc MitID session validated customer_id=C68819507
2026-03-09T11:34:48.015+01:00 INFO customer-service host=customer-service-5b8f6c-t6zvn corrId=c-3e32d456449ec9fc KYC profile loaded customer_id=C68819507 risk_class=LOW
2026-03-09T11:34:48.134+01:00 INFO valuation-service host=valuation-service-5b8f6c-p9qmz corrId=c-3e32d456449ec9fc property valuation served from cache property_id=P8637937 value_dkk=4390000
2026-03-09T11:34:48.166+01:00 INFO credit-service host=credit-service-a41e92-x2k4p corrId=c-3e32d456449ec9fc credit assessment completed application_id=APP-2026-253965 score=455 decision=APPROVED
2026-03-09T11:34:48.176+01:00 INFO offer-service host=offer-service-7c9d5b-p9qmz corrId=c-3e32d456449ec9fc loan offer generated application_id=APP-2026-253965 loan_type=FLEX_5Y principal_dkk=4655000
2026-03-09T11:34:48.283+01:00 INFO document-service host=document-service-7c9d5b-t6zvn corrId=c-3e32d456449ec9fc offer document stored application_id=APP-2026-253965 doc_id=DOC-0a6ad84a
2026-03-09T11:34:48.408+01:00 INFO portal-bff host=portal-bff-a41e92-x2k4p corrId=c-3e32d456449ec9fc application completed application_id=APP-2026-253965 status=OFFER_ISSUED
2026-03-09T11:35:00.847+01:00 INFO api-gateway host=api-gateway-a41e92-t6zvn corrId=- health probe ok status=200 latency_ms=4
2026-03-09T11:35:32.596+01:00 INFO portal-bff host=portal-bff-7c9d5b-x2k4p corrId=c-1eef8ca2a5fa8a5c loan application submitted application_id=APP-2026-715023 customer_segment=RETAIL
2026-03-09T11:35:32.705+01:00 INFO identity-service host=identity-service-5b8f6c-t6zvn corrId=c-1eef8ca2a5fa8a5c MitID session validated customer_id=C76553961
2026-03-09T11:35:32.745+01:00 INFO customer-service host=customer-service-5b8f6c-x2k4p corrId=c-1eef8ca2a5fa8a5c KYC profile loaded customer_id=C76553961 risk_class=MEDIUM
2026-03-09T11:35:32.801+01:00 INFO valuation-service host=valuation-service-5b8f6c-x2k4p corrId=c-1eef8ca2a5fa8a5c property valuation requested property_id=P7551747 provider=bolig-vurdering
2026-03-09T11:35:33.205+01:00 INFO valuation-service host=valuation-service-7c9d5b-x2k4p corrId=c-1eef8ca2a5fa8a5c property valuation received property_id=P7551747 value_dkk=2990000 latency_ms=355
2026-03-09T11:35:33.275+01:00 INFO credit-service host=credit-service-7c9d5b-x2k4p corrId=c-1eef8ca2a5fa8a5c credit assessment completed application_id=APP-2026-715023 score=634 decision=APPROVED
2026-03-09T11:35:33.336+01:00 INFO offer-service host=offer-service-a41e92-p9qmz corrId=c-1eef8ca2a5fa8a5c loan offer generated application_id=APP-2026-715023 loan_type=FIXED_30Y principal_dkk=4020000
2026-03-09T11:35:33.342+01:00 INFO document-service host=document-service-a41e92-t6zvn corrId=c-1eef8ca2a5fa8a5c offer document stored application_id=APP-2026-715023 doc_id=DOC-756b1004
2026-03-09T11:35:33.353+01:00 INFO portal-bff host=portal-bff-7c9d5b-x2k4p corrId=c-1eef8ca2a5fa8a5c application completed application_id=APP-2026-715023 status=OFFER_ISSUED
2026-03-09T11:35:48.707+01:00 INFO portal-bff host=portal-bff-7c9d5b-p9qmz corrId=c-1c02a8387c03e24b conversion quote requested loan_id=LN560892284 target_product=FLEX_1Y
2026-03-09T11:35:48.755+01:00 INFO identity-service host=identity-service-7c9d5b-x2k4p corrId=c-1c02a8387c03e24b MitID session validated customer_id=C01052105
2026-03-09T11:35:48.814+01:00 INFO pricing-service host=pricing-service-5b8f6c-p9qmz corrId=c-1c02a8387c03e24b bond price fetched series=BND4.0-2053 price=94.583
2026-03-09T11:35:48.844+01:00 INFO pricing-service host=pricing-service-7c9d5b-x2k4p corrId=c-1c02a8387c03e24b conversion cost calculated loan_id=LN560892284 cost_dkk=35733.96
2026-03-09T11:35:48.975+01:00 INFO quote-service host=quote-service-7c9d5b-p9qmz corrId=c-1c02a8387c03e24b conversion quote issued quote_id=Q45325227 loan_id=LN560892284
2026-03-09T11:40:00.559+01:00 INFO api-gateway host=api-gateway-7c9d5b-t6zvn corrId=- health probe ok status=200 latency_ms=16
2026-03-09T11:40:00.835+01:00 INFO payment-scheduler host=payment-scheduler-5b8f6c-p9qmz corrId=- scheduler heartbeat lag_ms=63
2026-03-09T11:40:14.791+01:00 INFO portal-bff host=portal-bff-7c9d5b-x2k4p corrId=c-12489a332b97245b loan application submitted application_id=APP-2026-282536 customer_segment=PRIVATE
2026-03-09T11:40:14.848+01:00 INFO identity-service host=identity-service-7c9d5b-x2k4p corrId=c-12489a332b97245b MitID session validated customer_id=C71069460
2026-03-09T11:40:14.884+01:00 INFO customer-service host=customer-service-7c9d5b-t6zvn corrId=c-12489a332b97245b KYC profile loaded customer_id=C71069460 risk_class=LOW
2026-03-09T11:40:14.929+01:00 INFO valuation-service host=valuation-service-5b8f6c-t6zvn corrId=c-12489a332b97245b property valuation served from cache property_id=P1199439 value_dkk=5080000
2026-03-09T11:40:15.063+01:00 INFO credit-service host=credit-service-a41e92-p9qmz corrId=c-12489a332b97245b credit assessment completed application_id=APP-2026-282536 score=514 decision=APPROVED
2026-03-09T11:40:15.128+01:00 INFO offer-service host=offer-service-5b8f6c-p9qmz corrId=c-12489a332b97245b loan offer generated application_id=APP-2026-282536 loan_type=FLEX_5Y principal_dkk=3515000
2026-03-09T11:40:15.149+01:00 INFO document-service host=document-service-7c9d5b-x2k4p corrId=c-12489a332b97245b offer document stored application_id=APP-2026-282536 doc_id=DOC-39944453
2026-03-09T11:40:15.229+01:00 INFO portal-bff host=portal-bff-5b8f6c-x2k4p corrId=c-12489a332b97245b application completed application_id=APP-2026-282536 status=OFFER_ISSUED
2026-03-09T11:41:22.630+01:00 INFO portal-bff host=portal-bff-5b8f6c-x2k4p corrId=c-dfcb832c8aa6f52b conversion quote requested loan_id=LN033649714 target_product=FIXED_30Y
2026-03-09T11:41:22.666+01:00 INFO identity-service host=identity-service-7c9d5b-t6zvn corrId=c-dfcb832c8aa6f52b MitID session validated customer_id=C29052490
2026-03-09T11:41:22.795+01:00 INFO pricing-service host=pricing-service-5b8f6c-t6zvn corrId=c-dfcb832c8aa6f52b bond price fetched series=BND3.0-2056 price=92.359
2026-03-09T11:41:22.862+01:00 INFO pricing-service host=pricing-service-5b8f6c-p9qmz corrId=c-dfcb832c8aa6f52b conversion cost calculated loan_id=LN033649714 cost_dkk=65237.24
2026-03-09T11:41:22.890+01:00 INFO quote-service host=quote-service-5b8f6c-t6zvn corrId=c-dfcb832c8aa6f52b conversion quote issued quote_id=Q93860240 loan_id=LN033649714
2026-03-09T11:41:33.934+01:00 INFO portal-bff host=portal-bff-a41e92-p9qmz corrId=c-00acb3af5e98b9e9 loan application submitted application_id=APP-2026-476354 customer_segment=PRIVATE
2026-03-09T11:41:33.963+01:00 INFO identity-service host=identity-service-a41e92-p9qmz corrId=c-00acb3af5e98b9e9 MitID session validated customer_id=C30486352
2026-03-09T11:41:34.016+01:00 INFO customer-service host=customer-service-5b8f6c-p9qmz corrId=c-00acb3af5e98b9e9 KYC profile loaded customer_id=C30486352 risk_class=HIGH
2026-03-09T11:41:34.144+01:00 INFO valuation-service host=valuation-service-a41e92-p9qmz corrId=c-00acb3af5e98b9e9 property valuation served from cache property_id=P8930851 value_dkk=4730000
2026-03-09T11:41:34.205+01:00 INFO credit-service host=credit-service-a41e92-p9qmz corrId=c-00acb3af5e98b9e9 credit assessment completed application_id=APP-2026-476354 score=819 decision=APPROVED
2026-03-09T11:41:34.216+01:00 INFO offer-service host=offer-service-5b8f6c-t6zvn corrId=c-00acb3af5e98b9e9 loan offer generated application_id=APP-2026-476354 loan_type=FLEX_5Y principal_dkk=2850000
2026-03-09T11:41:34.335+01:00 INFO document-service host=document-service-7c9d5b-t6zvn corrId=c-00acb3af5e98b9e9 offer document stored application_id=APP-2026-476354 doc_id=DOC-407a88c5
2026-03-09T11:41:34.469+01:00 INFO portal-bff host=portal-bff-a41e92-t6zvn corrId=c-00acb3af5e98b9e9 application completed application_id=APP-2026-476354 status=OFFER_ISSUED
2026-03-09T11:44:47.870+01:00 INFO offer-service host=offer-service-a41e92-x2k4p corrId=c-2880ac52639f3f49 offer accepted application_id=APP-2026-772234
2026-03-09T11:44:47.943+01:00 INFO ledger-service host=ledger-service-7c9d5b-x2k4p corrId=c-2880ac52639f3f49 funds reserved application_id=APP-2026-772234 amount_dkk=3470000
2026-03-09T11:44:47.966+01:00 INFO payment-service host=payment-service-5b8f6c-x2k4p corrId=c-2880ac52639f3f49 payout instruction sent application_id=APP-2026-772234 amount_dkk=3470000
2026-03-09T11:44:48.060+01:00 INFO ledger-service host=ledger-service-5b8f6c-x2k4p corrId=c-2880ac52639f3f49 payout booked application_id=APP-2026-772234 posting_id=PST-66e627ab01
2026-03-09T11:44:48.162+01:00 INFO notification-service host=notification-service-a41e92-x2k4p corrId=c-2880ac52639f3f49 payout confirmation sent application_id=APP-2026-772234
2026-03-09T11:45:00.336+01:00 INFO api-gateway host=api-gateway-7c9d5b-x2k4p corrId=- health probe ok status=200 latency_ms=5
2026-03-09T11:46:25.595+01:00 INFO portal-bff host=portal-bff-5b8f6c-p9qmz corrId=c-daaf4891094d15fe loan application submitted application_id=APP-2026-644795 customer_segment=PRIVATE
2026-03-09T11:46:25.614+01:00 INFO identity-service host=identity-service-5b8f6c-x2k4p corrId=c-daaf4891094d15fe MitID session validated customer_id=C16256318
2026-03-09T11:46:25.744+01:00 INFO customer-service host=customer-service-7c9d5b-p9qmz corrId=c-daaf4891094d15fe KYC profile loaded customer_id=C16256318 risk_class=HIGH
2026-03-09T11:46:25.769+01:00 INFO valuation-service host=valuation-service-5b8f6c-p9qmz corrId=c-daaf4891094d15fe property valuation requested property_id=P8129463 provider=bolig-vurdering
2026-03-09T11:46:26.640+01:00 INFO valuation-service host=valuation-service-5b8f6c-t6zvn corrId=c-daaf4891094d15fe property valuation received property_id=P8129463 value_dkk=8480000 latency_ms=807
2026-03-09T11:46:26.671+01:00 INFO credit-service host=credit-service-a41e92-t6zvn corrId=c-daaf4891094d15fe credit assessment completed application_id=APP-2026-644795 score=691 decision=APPROVED
2026-03-09T11:46:26.700+01:00 INFO offer-service host=offer-service-7c9d5b-t6zvn corrId=c-daaf4891094d15fe loan offer generated application_id=APP-2026-644795 loan_type=FIXED_30Y principal_dkk=2565000
2026-03-09T11:46:26.782+01:00 INFO document-service host=document-service-a41e92-p9qmz corrId=c-daaf4891094d15fe offer document stored application_id=APP-2026-644795 doc_id=DOC-7e493425
2026-03-09T11:46:26.819+01:00 INFO portal-bff host=portal-bff-7c9d5b-x2k4p corrId=c-daaf4891094d15fe application completed application_id=APP-2026-644795 status=OFFER_ISSUED
2026-03-09T11:48:19.674+01:00 INFO portal-bff host=portal-bff-a41e92-p9qmz corrId=c-91a4ddfae4ba3f04 loan application submitted application_id=APP-2026-302803 customer_segment=SME
2026-03-09T11:48:19.688+01:00 INFO identity-service host=identity-service-7c9d5b-t6zvn corrId=c-91a4ddfae4ba3f04 MitID session validated customer_id=C68536864
2026-03-09T11:48:19.728+01:00 INFO customer-service host=customer-service-7c9d5b-x2k4p corrId=c-91a4ddfae4ba3f04 KYC profile loaded customer_id=C68536864 risk_class=MEDIUM
2026-03-09T11:48:19.827+01:00 INFO valuation-service host=valuation-service-7c9d5b-t6zvn corrId=c-91a4ddfae4ba3f04 property valuation requested property_id=P1683714 provider=valuta-ejd
2026-03-09T11:48:20.491+01:00 INFO valuation-service host=valuation-service-5b8f6c-p9qmz corrId=c-91a4ddfae4ba3f04 property valuation received property_id=P1683714 value_dkk=5800000 latency_ms=552
2026-03-09T11:48:20.593+01:00 INFO credit-service host=credit-service-a41e92-x2k4p corrId=c-91a4ddfae4ba3f04 credit assessment completed application_id=APP-2026-302803 score=838 decision=APPROVED
2026-03-09T11:48:20.641+01:00 INFO offer-service host=offer-service-7c9d5b-x2k4p corrId=c-91a4ddfae4ba3f04 loan offer generated application_id=APP-2026-302803 loan_type=FIXED_20Y_IO principal_dkk=4945000
2026-03-09T11:48:20.685+01:00 INFO document-service host=document-service-a41e92-x2k4p corrId=c-91a4ddfae4ba3f04 offer document stored application_id=APP-2026-302803 doc_id=DOC-20a9a417
2026-03-09T11:48:20.766+01:00 INFO portal-bff host=portal-bff-a41e92-t6zvn corrId=c-91a4ddfae4ba3f04 application completed application_id=APP-2026-302803 status=OFFER_ISSUED
2026-03-09T11:49:01.264+01:00 INFO offer-service host=offer-service-5b8f6c-p9qmz corrId=c-4e1f50df76cf5726 offer accepted application_id=APP-2026-059132
2026-03-09T11:49:01.278+01:00 INFO ledger-service host=ledger-service-5b8f6c-t6zvn corrId=c-4e1f50df76cf5726 funds reserved application_id=APP-2026-059132 amount_dkk=2040000
2026-03-09T11:49:01.288+01:00 INFO payment-service host=payment-service-5b8f6c-x2k4p corrId=c-4e1f50df76cf5726 payout instruction sent application_id=APP-2026-059132 amount_dkk=2040000
2026-03-09T11:49:01.334+01:00 INFO ledger-service host=ledger-service-7c9d5b-t6zvn corrId=c-4e1f50df76cf5726 payout booked application_id=APP-2026-059132 posting_id=PST-572b17a5d5
2026-03-09T11:49:01.370+01:00 INFO notification-service host=notification-service-5b8f6c-t6zvn corrId=c-4e1f50df76cf5726 payout confirmation sent application_id=APP-2026-059132
2026-03-09T11:49:19.822+01:00 INFO portal-bff host=portal-bff-7c9d5b-p9qmz corrId=c-d76714da77706499 conversion quote requested loan_id=LN156641684 target_product=FLEX_5Y
2026-03-09T11:49:19.833+01:00 INFO identity-service host=identity-service-5b8f6c-p9qmz corrId=c-d76714da77706499 MitID session validated customer_id=C89592696
2026-03-09T11:49:19.946+01:00 INFO pricing-service host=pricing-service-5b8f6c-p9qmz corrId=c-d76714da77706499 bond price fetched series=BND2.5-2053 price=99.231
2026-03-09T11:49:19.990+01:00 INFO pricing-service host=pricing-service-5b8f6c-p9qmz corrId=c-d76714da77706499 conversion cost calculated loan_id=LN156641684 cost_dkk=27202.80
2026-03-09T11:49:20.040+01:00 INFO quote-service host=quote-service-5b8f6c-p9qmz corrId=c-d76714da77706499 conversion quote issued quote_id=Q43770680 loan_id=LN156641684
2026-03-09T11:50:00.202+01:00 INFO api-gateway host=api-gateway-5b8f6c-p9qmz corrId=- health probe ok status=200 latency_ms=26
2026-03-09T11:50:00.702+01:00 INFO payment-scheduler host=payment-scheduler-7c9d5b-x2k4p corrId=- scheduler heartbeat lag_ms=8
2026-03-09T11:51:07.906+01:00 INFO portal-bff host=portal-bff-a41e92-x2k4p corrId=c-5f467e0b53274a52 loan application submitted application_id=APP-2026-585605 customer_segment=SME
2026-03-09T11:51:08.013+01:00 INFO identity-service host=identity-service-5b8f6c-t6zvn corrId=c-5f467e0b53274a52 MitID session validated customer_id=C12285625
2026-03-09T11:51:08.134+01:00 INFO customer-service host=customer-service-7c9d5b-t6zvn corrId=c-5f467e0b53274a52 KYC profile loaded customer_id=C12285625 risk_class=MEDIUM
2026-03-09T11:51:08.226+01:00 INFO valuation-service host=valuation-service-a41e92-p9qmz corrId=c-5f467e0b53274a52 property valuation requested property_id=P7064535 provider=bolig-vurdering
2026-03-09T11:51:09.132+01:00 INFO valuation-service host=valuation-service-a41e92-p9qmz corrId=c-5f467e0b53274a52 property valuation received property_id=P7064535 value_dkk=4530000 latency_ms=882
2026-03-09T11:51:09.219+01:00 INFO credit-service host=credit-service-5b8f6c-p9qmz corrId=c-5f467e0b53274a52 credit assessment completed application_id=APP-2026-585605 score=686 decision=APPROVED
2026-03-09T11:51:09.354+01:00 INFO offer-service host=offer-service-7c9d5b-x2k4p corrId=c-5f467e0b53274a52 loan offer generated application_id=APP-2026-585605 loan_type=FIXED_20Y_IO principal_dkk=5695000
2026-03-09T11:51:09.466+01:00 INFO document-service host=document-service-a41e92-p9qmz corrId=c-5f467e0b53274a52 offer document stored application_id=APP-2026-585605 doc_id=DOC-82511b34
2026-03-09T11:51:09.487+01:00 INFO portal-bff host=portal-bff-a41e92-t6zvn corrId=c-5f467e0b53274a52 application completed application_id=APP-2026-585605 status=OFFER_ISSUED
2026-03-09T11:52:12.409+01:00 INFO portal-bff host=portal-bff-7c9d5b-t6zvn corrId=c-8fcca637291f3771 loan application submitted application_id=APP-2026-811784 customer_segment=PRIVATE
2026-03-09T11:52:12.435+01:00 INFO identity-service host=identity-service-5b8f6c-t6zvn corrId=c-8fcca637291f3771 MitID session validated customer_id=C89537890
2026-03-09T11:52:12.538+01:00 INFO customer-service host=customer-service-a41e92-x2k4p corrId=c-8fcca637291f3771 KYC profile loaded customer_id=C89537890 risk_class=LOW
2026-03-09T11:52:12.628+01:00 INFO valuation-service host=valuation-service-7c9d5b-p9qmz corrId=c-8fcca637291f3771 property valuation requested property_id=P2756798 provider=bolig-vurdering
2026-03-09T11:52:13.052+01:00 INFO valuation-service host=valuation-service-5b8f6c-x2k4p corrId=c-8fcca637291f3771 property valuation received property_id=P2756798 value_dkk=4680000 latency_ms=313
2026-03-09T11:52:13.086+01:00 INFO credit-service host=credit-service-a41e92-x2k4p corrId=c-8fcca637291f3771 credit assessment completed application_id=APP-2026-811784 score=686 decision=APPROVED
2026-03-09T11:52:13.108+01:00 INFO offer-service host=offer-service-7c9d5b-p9qmz corrId=c-8fcca637291f3771 loan offer generated application_id=APP-2026-811784 loan_type=FIXED_30Y principal_dkk=1555000
2026-03-09T11:52:13.124+01:00 INFO document-service host=document-service-5b8f6c-p9qmz corrId=c-8fcca637291f3771 offer document stored application_id=APP-2026-811784 doc_id=DOC-1f203706
2026-03-09T11:52:13.210+01:00 INFO portal-bff host=portal-bff-7c9d5b-p9qmz corrId=c-8fcca637291f3771 application completed application_id=APP-2026-811784 status=OFFER_ISSUED
2026-03-09T11:53:11.760+01:00 INFO portal-bff host=portal-bff-a41e92-p9qmz corrId=c-700ee95bb7235343 conversion quote requested loan_id=LN804698339 target_product=FLEX_5Y
2026-03-09T11:53:11.855+01:00 INFO identity-service host=identity-service-7c9d5b-x2k4p corrId=c-700ee95bb7235343 MitID session validated customer_id=C90363208
2026-03-09T11:53:11.984+01:00 INFO pricing-service host=pricing-service-5b8f6c-x2k4p corrId=c-700ee95bb7235343 bond price fetched series=BND4.0-2053 price=98.114
2026-03-09T11:53:12.053+01:00 INFO pricing-service host=pricing-service-5b8f6c-p9qmz corrId=c-700ee95bb7235343 conversion cost calculated loan_id=LN804698339 cost_dkk=66247.57
2026-03-09T11:53:12.154+01:00 INFO quote-service host=quote-service-5b8f6c-x2k4p corrId=c-700ee95bb7235343 conversion quote issued quote_id=Q24390739 loan_id=LN804698339
2026-03-09T11:53:47.795+01:00 INFO portal-bff host=portal-bff-5b8f6c-p9qmz corrId=c-508c7cdf8a1b59c6 conversion quote requested loan_id=LN950196112 target_product=FLEX_5Y
2026-03-09T11:53:47.817+01:00 INFO identity-service host=identity-service-7c9d5b-t6zvn corrId=c-508c7cdf8a1b59c6 MitID session validated customer_id=C70662548
2026-03-09T11:53:47.911+01:00 INFO pricing-service host=pricing-service-7c9d5b-t6zvn corrId=c-508c7cdf8a1b59c6 bond price fetched series=BND2.5-2053 price=90.950
2026-03-09T11:53:47.941+01:00 INFO pricing-service host=pricing-service-5b8f6c-t6zvn corrId=c-508c7cdf8a1b59c6 conversion cost calculated loan_id=LN950196112 cost_dkk=47945.39
2026-03-09T11:53:47.978+01:00 INFO quote-service host=quote-service-7c9d5b-p9qmz corrId=c-508c7cdf8a1b59c6 conversion quote issued quote_id=Q40929959 loan_id=LN950196112
2026-03-09T11:53:59.666+01:00 INFO portal-bff host=portal-bff-a41e92-x2k4p corrId=c-7862ac702b5cbbc0 conversion quote requested loan_id=LN714294867 target_product=FIXED_30Y
2026-03-09T11:53:59.672+01:00 INFO identity-service host=identity-service-a41e92-x2k4p corrId=c-7862ac702b5cbbc0 MitID session validated customer_id=C07227434
2026-03-09T11:53:59.766+01:00 INFO pricing-service host=pricing-service-5b8f6c-x2k4p corrId=c-7862ac702b5cbbc0 bond price fetched series=BND4.0-2056 price=92.893
2026-03-09T11:53:59.882+01:00 INFO pricing-service host=pricing-service-7c9d5b-p9qmz corrId=c-7862ac702b5cbbc0 conversion cost calculated loan_id=LN714294867 cost_dkk=72707.64
2026-03-09T11:53:59.997+01:00 INFO quote-service host=quote-service-5b8f6c-p9qmz corrId=c-7862ac702b5cbbc0 conversion quote issued quote_id=Q67134268 loan_id=LN714294867
2026-03-09T11:54:18.637+01:00 INFO portal-bff host=portal-bff-5b8f6c-x2k4p corrId=c-2bd01dbac4a023c4 conversion quote requested loan_id=LN967467498 target_product=FIXED_30Y
2026-03-09T11:54:18.682+01:00 INFO identity-service host=identity-service-7c9d5b-t6zvn corrId=c-2bd01dbac4a023c4 MitID session validated customer_id=C04207335
2026-03-09T11:54:18.741+01:00 INFO pricing-service host=pricing-service-a41e92-t6zvn corrId=c-2bd01dbac4a023c4 bond price fetched series=BND2.5-2056 price=95.347
2026-03-09T11:54:18.852+01:00 INFO pricing-service host=pricing-service-5b8f6c-p9qmz corrId=c-2bd01dbac4a023c4 conversion cost calculated loan_id=LN967467498 cost_dkk=46793.97
2026-03-09T11:54:18.886+01:00 INFO quote-service host=quote-service-a41e92-p9qmz corrId=c-2bd01dbac4a023c4 conversion quote issued quote_id=Q95740021 loan_id=LN967467498
2026-03-09T11:54:20.189+01:00 INFO portal-bff host=portal-bff-5b8f6c-t6zvn corrId=c-94179fdc06e3b880 loan application submitted application_id=APP-2026-218769 customer_segment=RETAIL
2026-03-09T11:54:20.240+01:00 INFO identity-service host=identity-service-7c9d5b-t6zvn corrId=c-94179fdc06e3b880 MitID session validated customer_id=C89227324
2026-03-09T11:54:20.367+01:00 INFO customer-service host=customer-service-7c9d5b-p9qmz corrId=c-94179fdc06e3b880 KYC profile loaded customer_id=C89227324 risk_class=LOW
2026-03-09T11:54:20.465+01:00 INFO valuation-service host=valuation-service-5b8f6c-x2k4p corrId=c-94179fdc06e3b880 property valuation served from cache property_id=P1874308 value_dkk=1050000
2026-03-09T11:54:20.569+01:00 INFO credit-service host=credit-service-a41e92-t6zvn corrId=c-94179fdc06e3b880 credit assessment completed application_id=APP-2026-218769 score=747 decision=APPROVED
2026-03-09T11:54:20.681+01:00 INFO offer-service host=offer-service-7c9d5b-t6zvn corrId=c-94179fdc06e3b880 loan offer generated application_id=APP-2026-218769 loan_type=FLEX_1Y principal_dkk=5145000
2026-03-09T11:54:20.818+01:00 INFO document-service host=document-service-a41e92-p9qmz corrId=c-94179fdc06e3b880 offer document stored application_id=APP-2026-218769 doc_id=DOC-b0c029f6
2026-03-09T11:54:20.830+01:00 INFO portal-bff host=portal-bff-a41e92-p9qmz corrId=c-94179fdc06e3b880 application completed application_id=APP-2026-218769 status=OFFER_ISSUED
2026-03-09T11:54:59.061+01:00 INFO portal-bff host=portal-bff-7c9d5b-t6zvn corrId=c-1c0a127de6e3ec35 loan application submitted application_id=APP-2026-830166 customer_segment=RETAIL
2026-03-09T11:54:59.129+01:00 INFO identity-service host=identity-service-7c9d5b-t6zvn corrId=c-1c0a127de6e3ec35 MitID session validated customer_id=C81965582
2026-03-09T11:54:59.163+01:00 INFO customer-service host=customer-service-5b8f6c-p9qmz corrId=c-1c0a127de6e3ec35 KYC profile loaded customer_id=C81965582 risk_class=LOW
2026-03-09T11:54:59.289+01:00 INFO valuation-service host=valuation-service-5b8f6c-p9qmz corrId=c-1c0a127de6e3ec35 property valuation requested property_id=P3137302 provider=bolig-vurdering
2026-03-09T11:54:59.979+01:00 INFO valuation-service host=valuation-service-a41e92-p9qmz corrId=c-1c0a127de6e3ec35 property valuation received property_id=P3137302 value_dkk=1670000 latency_ms=605
2026-03-09T11:55:00.014+01:00 INFO credit-service host=credit-service-a41e92-x2k4p corrId=c-1c0a127de6e3ec35 credit assessment completed application_id=APP-2026-830166 score=567 decision=APPROVED
2026-03-09T11:55:00.031+01:00 INFO offer-service host=offer-service-7c9d5b-x2k4p corrId=c-1c0a127de6e3ec35 loan offer generated application_id=APP-2026-830166 loan_type=FIXED_30Y principal_dkk=5025000
2026-03-09T11:55:00.133+01:00 INFO document-service host=document-service-5b8f6c-t6zvn corrId=c-1c0a127de6e3ec35 offer document stored application_id=APP-2026-830166 doc_id=DOC-dfac2f29
2026-03-09T11:55:00.239+01:00 INFO portal-bff host=portal-bff-a41e92-t6zvn corrId=c-1c0a127de6e3ec35 application completed application_id=APP-2026-830166 status=OFFER_ISSUED
2026-03-09T11:55:00.864+01:00 INFO api-gateway host=api-gateway-7c9d5b-x2k4p corrId=- health probe ok status=200 latency_ms=18
2026-03-09T11:56:36.568+01:00 INFO portal-bff host=portal-bff-7c9d5b-t6zvn corrId=c-00f1c94b53dad79e conversion quote requested loan_id=LN962136467 target_product=FIXED_30Y
2026-03-09T11:56:36.660+01:00 INFO identity-service host=identity-service-a41e92-p9qmz corrId=c-00f1c94b53dad79e MitID session validated customer_id=C69002018
2026-03-09T11:56:36.797+01:00 INFO pricing-service host=pricing-service-7c9d5b-x2k4p corrId=c-00f1c94b53dad79e bond price fetched series=BND3.0-2053 price=96.425
2026-03-09T11:56:36.868+01:00 INFO pricing-service host=pricing-service-a41e92-t6zvn corrId=c-00f1c94b53dad79e conversion cost calculated loan_id=LN962136467 cost_dkk=5130.36
2026-03-09T11:56:36.914+01:00 INFO quote-service host=quote-service-5b8f6c-x2k4p corrId=c-00f1c94b53dad79e conversion quote issued quote_id=Q28785560 loan_id=LN962136467
2026-03-09T11:58:07.672+01:00 INFO portal-bff host=portal-bff-a41e92-p9qmz corrId=c-f654785cf335c549 loan application submitted application_id=APP-2026-561636 customer_segment=RETAIL
2026-03-09T11:58:07.721+01:00 INFO identity-service host=identity-service-7c9d5b-p9qmz corrId=c-f654785cf335c549 MitID session validated customer_id=C30922348
2026-03-09T11:58:07.757+01:00 INFO customer-service host=customer-service-5b8f6c-p9qmz corrId=c-f654785cf335c549 KYC profile loaded customer_id=C30922348 risk_class=LOW
2026-03-09T11:58:07.879+01:00 INFO valuation-service host=valuation-service-5b8f6c-t6zvn corrId=c-f654785cf335c549 property valuation requested property_id=P5538605 provider=bolig-vurdering
2026-03-09T11:58:08.138+01:00 INFO valuation-service host=valuation-service-a41e92-p9qmz corrId=c-f654785cf335c549 property valuation received property_id=P5538605 value_dkk=760000 latency_ms=237
2026-03-09T11:58:08.157+01:00 INFO credit-service host=credit-service-7c9d5b-p9qmz corrId=c-f654785cf335c549 credit assessment completed application_id=APP-2026-561636 score=720 decision=APPROVED
2026-03-09T11:58:08.276+01:00 INFO offer-service host=offer-service-7c9d5b-t6zvn corrId=c-f654785cf335c549 loan offer generated application_id=APP-2026-561636 loan_type=FIXED_20Y_IO principal_dkk=1250000
2026-03-09T11:58:08.352+01:00 INFO document-service host=document-service-7c9d5b-p9qmz corrId=c-f654785cf335c549 offer document stored application_id=APP-2026-561636 doc_id=DOC-b7ad643b
2026-03-09T11:58:08.389+01:00 INFO portal-bff host=portal-bff-5b8f6c-p9qmz corrId=c-f654785cf335c549 application completed application_id=APP-2026-561636 status=OFFER_ISSUED
2026-03-09T11:58:21.537+01:00 INFO portal-bff host=portal-bff-7c9d5b-t6zvn corrId=c-a30e95b0a62b81f5 loan application submitted application_id=APP-2026-991910 customer_segment=PRIVATE
2026-03-09T11:58:21.554+01:00 WARN identity-service host=identity-service-a41e92-t6zvn corrId=c-a30e95b0a62b81f5 MitID token refresh attempt=1
2026-03-09T11:58:21.659+01:00 INFO identity-service host=identity-service-7c9d5b-p9qmz corrId=c-a30e95b0a62b81f5 MitID session validated customer_id=C32429713
2026-03-09T11:58:21.709+01:00 INFO customer-service host=customer-service-a41e92-x2k4p corrId=c-a30e95b0a62b81f5 KYC profile loaded customer_id=C32429713 risk_class=MEDIUM
2026-03-09T11:58:21.750+01:00 INFO valuation-service host=valuation-service-a41e92-p9qmz corrId=c-a30e95b0a62b81f5 property valuation requested property_id=P3344397 provider=bolig-vurdering
2026-03-09T11:58:22.307+01:00 INFO valuation-service host=valuation-service-5b8f6c-t6zvn corrId=c-a30e95b0a62b81f5 property valuation received property_id=P3344397 value_dkk=8780000 latency_ms=432
2026-03-09T11:58:22.408+01:00 INFO credit-service host=credit-service-5b8f6c-t6zvn corrId=c-a30e95b0a62b81f5 credit assessment completed application_id=APP-2026-991910 score=501 decision=APPROVED
2026-03-09T11:58:22.459+01:00 INFO offer-service host=offer-service-5b8f6c-t6zvn corrId=c-a30e95b0a62b81f5 loan offer generated application_id=APP-2026-991910 loan_type=FIXED_30Y principal_dkk=5015000
2026-03-09T11:58:22.554+01:00 INFO document-service host=document-service-7c9d5b-x2k4p corrId=c-a30e95b0a62b81f5 offer document stored application_id=APP-2026-991910 doc_id=DOC-c138c6aa
2026-03-09T11:58:22.692+01:00 INFO portal-bff host=portal-bff-7c9d5b-t6zvn corrId=c-a30e95b0a62b81f5 application completed application_id=APP-2026-991910 status=OFFER_ISSUED
2026-03-09T12:00:00.114+01:00 INFO payment-scheduler host=payment-scheduler-5b8f6c-x2k4p corrId=- scheduler heartbeat lag_ms=40
2026-03-09T12:00:00.404+01:00 INFO api-gateway host=api-gateway-7c9d5b-t6zvn corrId=- health probe ok status=200 latency_ms=19
2026-03-09T12:00:14.000+01:00 INFO config-service host=config-service-5b8f6c-x2k4p corrId=- configuration refreshed version=v138
2026-03-09T12:01:16.263+01:00 INFO portal-bff host=portal-bff-5b8f6c-t6zvn corrId=c-9a0666cf528875b6 loan application submitted application_id=APP-2026-022286 customer_segment=PRIVATE
2026-03-09T12:01:16.286+01:00 INFO identity-service host=identity-service-5b8f6c-p9qmz corrId=c-9a0666cf528875b6 MitID session validated customer_id=C49929051
2026-03-09T12:01:16.307+01:00 INFO customer-service host=customer-service-5b8f6c-p9qmz corrId=c-9a0666cf528875b6 KYC profile loaded customer_id=C49929051 risk_class=LOW
2026-03-09T12:01:16.317+01:00 INFO valuation-service host=valuation-service-a41e92-x2k4p corrId=c-9a0666cf528875b6 property valuation requested property_id=P0239378 provider=valuta-ejd
2026-03-09T12:01:17.109+01:00 INFO valuation-service host=valuation-service-7c9d5b-p9qmz corrId=c-9a0666cf528875b6 property valuation received property_id=P0239378 value_dkk=5260000 latency_ms=669
2026-03-09T12:01:17.196+01:00 INFO credit-service host=credit-service-5b8f6c-x2k4p corrId=c-9a0666cf528875b6 credit assessment completed application_id=APP-2026-022286 score=812 decision=APPROVED
2026-03-09T12:01:17.254+01:00 INFO offer-service host=offer-service-a41e92-t6zvn corrId=c-9a0666cf528875b6 loan offer generated application_id=APP-2026-022286 loan_type=FLEX_5Y principal_dkk=3115000
2026-03-09T12:01:17.329+01:00 INFO document-service host=document-service-a41e92-p9qmz corrId=c-9a0666cf528875b6 offer document stored application_id=APP-2026-022286 doc_id=DOC-f0e05a06
2026-03-09T12:01:17.423+01:00 INFO portal-bff host=portal-bff-5b8f6c-x2k4p corrId=c-9a0666cf528875b6 application completed application_id=APP-2026-022286 status=OFFER_ISSUED
2026-03-09T12:01:42.068+01:00 INFO portal-bff host=portal-bff-5b8f6c-p9qmz corrId=c-48c21fbf357e3c5c loan application submitted application_id=APP-2026-003062 customer_segment=RETAIL
2026-03-09T12:01:42.128+01:00 INFO identity-service host=identity-service-7c9d5b-x2k4p corrId=c-48c21fbf357e3c5c MitID session validated customer_id=C09265860
2026-03-09T12:01:42.242+01:00 INFO customer-service host=customer-service-a41e92-x2k4p corrId=c-48c21fbf357e3c5c KYC profile loaded customer_id=C09265860 risk_class=LOW
2026-03-09T12:01:42.369+01:00 INFO valuation-service host=valuation-service-a41e92-t6zvn corrId=c-48c21fbf357e3c5c property valuation requested property_id=P7160368 provider=bolig-vurdering
2026-03-09T12:01:42.838+01:00 INFO valuation-service host=valuation-service-7c9d5b-x2k4p corrId=c-48c21fbf357e3c5c property valuation received property_id=P7160368 value_dkk=3080000 latency_ms=407
2026-03-09T12:01:42.974+01:00 INFO credit-service host=credit-service-a41e92-p9qmz corrId=c-48c21fbf357e3c5c credit assessment completed application_id=APP-2026-003062 score=522 decision=APPROVED
2026-03-09T12:01:43.088+01:00 INFO offer-service host=offer-service-7c9d5b-p9qmz corrId=c-48c21fbf357e3c5c loan offer generated application_id=APP-2026-003062 loan_type=FLEX_5Y principal_dkk=4215000
2026-03-09T12:01:43.175+01:00 INFO document-service host=document-service-a41e92-t6zvn corrId=c-48c21fbf357e3c5c offer document stored application_id=APP-2026-003062 doc_id=DOC-d515878d
2026-03-09T12:01:43.278+01:00 INFO portal-bff host=portal-bff-7c9d5b-x2k4p corrId=c-48c21fbf357e3c5c application completed application_id=APP-2026-003062 status=OFFER_ISSUED
2026-03-09T12:02:44.780+01:00 INFO portal-bff host=portal-bff-a41e92-x2k4p corrId=c-814e2250007ec594 loan application submitted application_id=APP-2026-895887 customer_segment=RETAIL
2026-03-09T12:02:44.846+01:00 INFO identity-service host=identity-service-5b8f6c-p9qmz corrId=c-814e2250007ec594 MitID session validated customer_id=C52620301
2026-03-09T12:02:44.963+01:00 INFO customer-service host=customer-service-5b8f6c-p9qmz corrId=c-814e2250007ec594 KYC profile loaded customer_id=C52620301 risk_class=LOW
2026-03-09T12:02:44.985+01:00 INFO valuation-service host=valuation-service-5b8f6c-t6zvn corrId=c-814e2250007ec594 property valuation served from cache property_id=P3256341 value_dkk=670000
2026-03-09T12:02:45.051+01:00 INFO credit-service host=credit-service-a41e92-x2k4p corrId=c-814e2250007ec594 credit assessment completed application_id=APP-2026-895887 score=422 decision=APPROVED
2026-03-09T12:02:45.122+01:00 INFO offer-service host=offer-service-a41e92-x2k4p corrId=c-814e2250007ec594 loan offer generated application_id=APP-2026-895887 loan_type=FLEX_5Y principal_dkk=4140000
2026-03-09T12:02:45.164+01:00 INFO document-service host=document-service-7c9d5b-x2k4p corrId=c-814e2250007ec594 offer document stored application_id=APP-2026-895887 doc_id=DOC-b72e3e6d
2026-03-09T12:02:45.290+01:00 INFO portal-bff host=portal-bff-a41e92-t6zvn corrId=c-814e2250007ec594 application completed application_id=APP-2026-895887 status=OFFER_ISSUED
2026-03-09T12:03:49.820+01:00 INFO portal-bff host=portal-bff-5b8f6c-x2k4p corrId=c-3c59ae3b236631d1 conversion quote requested loan_id=LN798540849 target_product=FLEX_1Y
2026-03-09T12:03:49.949+01:00 INFO identity-service host=identity-service-5b8f6c-x2k4p corrId=c-3c59ae3b236631d1 MitID session validated customer_id=C86768900
2026-03-09T12:03:49.990+01:00 INFO pricing-service host=pricing-service-5b8f6c-t6zvn corrId=c-3c59ae3b236631d1 bond price fetched series=BND3.0-2053 price=96.399
2026-03-09T12:03:50.025+01:00 INFO pricing-service host=pricing-service-7c9d5b-t6zvn corrId=c-3c59ae3b236631d1 conversion cost calculated loan_id=LN798540849 cost_dkk=22590.45
2026-03-09T12:03:50.060+01:00 INFO quote-service host=quote-service-a41e92-p9qmz corrId=c-3c59ae3b236631d1 conversion quote issued quote_id=Q98564411 loan_id=LN798540849
2026-03-09T12:04:16.845+01:00 INFO portal-bff host=portal-bff-7c9d5b-t6zvn corrId=c-fbfa560971aaeaf8 loan application submitted application_id=APP-2026-556632 customer_segment=PRIVATE
2026-03-09T12:04:16.971+01:00 INFO identity-service host=identity-service-7c9d5b-p9qmz corrId=c-fbfa560971aaeaf8 MitID session validated customer_id=C32803665
2026-03-09T12:04:17.003+01:00 INFO customer-service host=customer-service-5b8f6c-x2k4p corrId=c-fbfa560971aaeaf8 KYC profile loaded customer_id=C32803665 risk_class=LOW
2026-03-09T12:04:17.068+01:00 INFO valuation-service host=valuation-service-a41e92-p9qmz corrId=c-fbfa560971aaeaf8 property valuation requested property_id=P2446526 provider=bolig-vurdering
2026-03-09T12:04:18.088+01:00 INFO valuation-service host=valuation-service-a41e92-t6zvn corrId=c-fbfa560971aaeaf8 property valuation received property_id=P2446526 value_dkk=3820000 latency_ms=889
2026-03-09T12:04:18.204+01:00 INFO credit-service host=credit-service-7c9d5b-t6zvn corrId=c-fbfa560971aaeaf8 credit assessment completed application_id=APP-2026-556632 score=597 decision=APPROVED
2026-03-09T12:04:18.324+01:00 INFO offer-service host=offer-service-7c9d5b-p9qmz corrId=c-fbfa560971aaeaf8 loan offer generated application_id=APP-2026-556632 loan_type=FLEX_1Y principal_dkk=5315000
2026-03-09T12:04:18.361+01:00 INFO document-service host=document-service-5b8f6c-p9qmz corrId=c-fbfa560971aaeaf8 offer document stored application_id=APP-2026-556632 doc_id=DOC-2fa8cf52
2026-03-09T12:04:18.472+01:00 INFO portal-bff host=portal-bff-7c9d5b-x2k4p corrId=c-fbfa560971aaeaf8 application completed application_id=APP-2026-556632 status=OFFER_ISSUED
2026-03-09T12:04:54.493+01:00 INFO portal-bff host=portal-bff-5b8f6c-p9qmz corrId=c-a40b6625ea625228 loan application submitted application_id=APP-2026-365296 customer_segment=RETAIL
2026-03-09T12:04:54.502+01:00 INFO identity-service host=identity-service-7c9d5b-p9qmz corrId=c-a40b6625ea625228 MitID session validated customer_id=C33486295
2026-03-09T12:04:54.540+01:00 INFO customer-service host=customer-service-5b8f6c-p9qmz corrId=c-a40b6625ea625228 KYC profile loaded customer_id=C33486295 risk_class=LOW
2026-03-09T12:04:54.641+01:00 INFO valuation-service host=valuation-service-a41e92-x2k4p corrId=c-a40b6625ea625228 property valuation requested property_id=P1727672 provider=valuta-ejd
2026-03-09T12:04:54.848+01:00 INFO valuation-service host=valuation-service-a41e92-t6zvn corrId=c-a40b6625ea625228 property valuation received property_id=P1727672 value_dkk=7340000 latency_ms=185
2026-03-09T12:04:54.883+01:00 INFO portal-bff host=portal-bff-a41e92-t6zvn corrId=c-2e149bd3236854f8 loan application submitted application_id=APP-2026-145706 customer_segment=RETAIL
2026-03-09T12:04:54.918+01:00 INFO credit-service host=credit-service-a41e92-x2k4p corrId=c-a40b6625ea625228 credit assessment completed application_id=APP-2026-365296 score=603 decision=APPROVED
2026-03-09T12:04:54.957+01:00 INFO identity-service host=identity-service-5b8f6c-p9qmz corrId=c-2e149bd3236854f8 MitID session validated customer_id=C43610221
2026-03-09T12:04:54.959+01:00 INFO offer-service host=offer-service-5b8f6c-p9qmz corrId=c-a40b6625ea625228 loan offer generated application_id=APP-2026-365296 loan_type=FIXED_20Y_IO principal_dkk=4710000
2026-03-09T12:04:55.042+01:00 INFO customer-service host=customer-service-a41e92-t6zvn corrId=c-2e149bd3236854f8 KYC profile loaded customer_id=C43610221 risk_class=LOW
2026-03-09T12:04:55.049+01:00 INFO document-service host=document-service-7c9d5b-t6zvn corrId=c-a40b6625ea625228 offer document stored application_id=APP-2026-365296 doc_id=DOC-12be5103
2026-03-09T12:04:55.130+01:00 INFO portal-bff host=portal-bff-a41e92-p9qmz corrId=c-a40b6625ea625228 application completed application_id=APP-2026-365296 status=OFFER_ISSUED
2026-03-09T12:04:55.161+01:00 INFO valuation-service host=valuation-service-7c9d5b-t6zvn corrId=c-2e149bd3236854f8 property valuation served from cache property_id=P5674819 value_dkk=7860000
2026-03-09T12:04:55.224+01:00 INFO credit-service host=credit-service-5b8f6c-t6zvn corrId=c-2e149bd3236854f8 credit assessment completed application_id=APP-2026-145706 score=612 decision=APPROVED
2026-03-09T12:04:55.231+01:00 INFO offer-service host=offer-service-5b8f6c-p9qmz corrId=c-2e149bd3236854f8 loan offer generated application_id=APP-2026-145706 loan_type=FLEX_5Y principal_dkk=3020000
2026-03-09T12:04:55.303+01:00 INFO document-service host=document-service-7c9d5b-x2k4p corrId=c-2e149bd3236854f8 offer document stored application_id=APP-2026-145706 doc_id=DOC-6bcf1b5d
2026-03-09T12:04:55.310+01:00 INFO portal-bff host=portal-bff-5b8f6c-x2k4p corrId=c-2e149bd3236854f8 application completed application_id=APP-2026-145706 status=OFFER_ISSUED
2026-03-09T12:05:00.432+01:00 INFO api-gateway host=api-gateway-7c9d5b-x2k4p corrId=- health probe ok status=200 latency_ms=16
2026-03-09T12:05:53.846+01:00 INFO portal-bff host=portal-bff-5b8f6c-p9qmz corrId=c-100b1ccfba186eff loan application submitted application_id=APP-2026-441222 customer_segment=RETAIL
2026-03-09T12:05:53.921+01:00 INFO identity-service host=identity-service-7c9d5b-t6zvn corrId=c-100b1ccfba186eff MitID session validated customer_id=C66446483
2026-03-09T12:05:53.938+01:00 INFO customer-service host=customer-service-7c9d5b-x2k4p corrId=c-100b1ccfba186eff KYC profile loaded customer_id=C66446483 risk_class=LOW
2026-03-09T12:05:54.059+01:00 INFO valuation-service host=valuation-service-7c9d5b-t6zvn corrId=c-100b1ccfba186eff property valuation served from cache property_id=P5177710 value_dkk=3440000
2026-03-09T12:05:54.163+01:00 INFO credit-service host=credit-service-7c9d5b-t6zvn corrId=c-100b1ccfba186eff credit assessment completed application_id=APP-2026-441222 score=475 decision=APPROVED
2026-03-09T12:05:54.202+01:00 INFO offer-service host=offer-service-7c9d5b-x2k4p corrId=c-100b1ccfba186eff loan offer generated application_id=APP-2026-441222 loan_type=FIXED_30Y principal_dkk=4685000
2026-03-09T12:05:54.341+01:00 INFO document-service host=document-service-7c9d5b-x2k4p corrId=c-100b1ccfba186eff offer document stored application_id=APP-2026-441222 doc_id=DOC-40b770d2
2026-03-09T12:05:54.388+01:00 INFO portal-bff host=portal-bff-a41e92-p9qmz corrId=c-100b1ccfba186eff application completed application_id=APP-2026-441222 status=OFFER_ISSUED
2026-03-09T12:08:06.703+01:00 INFO portal-bff host=portal-bff-5b8f6c-t6zvn corrId=c-bfcd96e9d75ed3fb conversion quote requested loan_id=LN803196097 target_product=FIXED_30Y
2026-03-09T12:08:06.737+01:00 INFO identity-service host=identity-service-5b8f6c-t6zvn corrId=c-bfcd96e9d75ed3fb MitID session validated customer_id=C17729423
2026-03-09T12:08:06.756+01:00 INFO pricing-service host=pricing-service-7c9d5b-p9qmz corrId=c-bfcd96e9d75ed3fb bond price fetched series=BND4.0-2053 price=94.481
2026-03-09T12:08:06.805+01:00 INFO pricing-service host=pricing-service-5b8f6c-p9qmz corrId=c-bfcd96e9d75ed3fb conversion cost calculated loan_id=LN803196097 cost_dkk=13293.27
2026-03-09T12:08:06.819+01:00 INFO quote-service host=quote-service-a41e92-x2k4p corrId=c-bfcd96e9d75ed3fb conversion quote issued quote_id=Q23115538 loan_id=LN803196097
2026-03-09T12:08:07.693+01:00 INFO offer-service host=offer-service-5b8f6c-x2k4p corrId=c-ee90ec0e2832db0f offer accepted application_id=APP-2026-128254
2026-03-09T12:08:07.772+01:00 INFO ledger-service host=ledger-service-a41e92-t6zvn corrId=c-ee90ec0e2832db0f funds reserved application_id=APP-2026-128254 amount_dkk=5225000
2026-03-09T12:08:07.849+01:00 INFO payment-service host=payment-service-7c9d5b-t6zvn corrId=c-ee90ec0e2832db0f payout instruction sent application_id=APP-2026-128254 amount_dkk=5225000
2026-03-09T12:08:07.891+01:00 INFO ledger-service host=ledger-service-5b8f6c-p9qmz corrId=c-ee90ec0e2832db0f payout booked application_id=APP-2026-128254 posting_id=PST-61495b838d
2026-03-09T12:08:07.939+01:00 INFO notification-service host=notification-service-5b8f6c-x2k4p corrId=c-ee90ec0e2832db0f payout confirmation sent application_id=APP-2026-128254
2026-03-09T12:09:18.785+01:00 INFO offer-service host=offer-service-a41e92-t6zvn corrId=c-a5374caebdfa230e offer accepted application_id=APP-2026-307633
2026-03-09T12:09:18.835+01:00 INFO ledger-service host=ledger-service-5b8f6c-p9qmz corrId=c-a5374caebdfa230e funds reserved application_id=APP-2026-307633 amount_dkk=4870000
2026-03-09T12:09:18.969+01:00 INFO payment-service host=payment-service-7c9d5b-p9qmz corrId=c-a5374caebdfa230e payout instruction sent application_id=APP-2026-307633 amount_dkk=4870000
2026-03-09T12:09:19.005+01:00 INFO ledger-service host=ledger-service-7c9d5b-p9qmz corrId=c-a5374caebdfa230e payout booked application_id=APP-2026-307633 posting_id=PST-2c5262fb4a
2026-03-09T12:09:19.131+01:00 INFO notification-service host=notification-service-a41e92-x2k4p corrId=c-a5374caebdfa230e payout confirmation sent application_id=APP-2026-307633
2026-03-09T12:10:00.454+01:00 INFO payment-scheduler host=payment-scheduler-a41e92-p9qmz corrId=- scheduler heartbeat lag_ms=1
2026-03-09T12:10:00.783+01:00 INFO api-gateway host=api-gateway-7c9d5b-x2k4p corrId=- health probe ok status=200 latency_ms=23
2026-03-09T12:10:04.804+01:00 INFO portal-bff host=portal-bff-5b8f6c-x2k4p corrId=c-90805f2479aeda29 loan application submitted application_id=APP-2026-742839 customer_segment=SME
2026-03-09T12:10:04.863+01:00 INFO identity-service host=identity-service-a41e92-t6zvn corrId=c-90805f2479aeda29 MitID session validated customer_id=C33144484
2026-03-09T12:10:04.911+01:00 INFO customer-service host=customer-service-5b8f6c-t6zvn corrId=c-90805f2479aeda29 KYC profile loaded customer_id=C33144484 risk_class=LOW
2026-03-09T12:10:05.004+01:00 INFO valuation-service host=valuation-service-5b8f6c-x2k4p corrId=c-90805f2479aeda29 property valuation served from cache property_id=P8524947 value_dkk=6820000
2026-03-09T12:10:05.040+01:00 INFO credit-service host=credit-service-a41e92-x2k4p corrId=c-90805f2479aeda29 credit assessment completed application_id=APP-2026-742839 score=680 decision=APPROVED
2026-03-09T12:10:05.076+01:00 INFO offer-service host=offer-service-7c9d5b-t6zvn corrId=c-90805f2479aeda29 loan offer generated application_id=APP-2026-742839 loan_type=FIXED_20Y_IO principal_dkk=560000
2026-03-09T12:10:05.139+01:00 INFO document-service host=document-service-7c9d5b-t6zvn corrId=c-90805f2479aeda29 offer document stored application_id=APP-2026-742839 doc_id=DOC-c64e103a
2026-03-09T12:10:05.192+01:00 INFO portal-bff host=portal-bff-7c9d5b-t6zvn corrId=c-90805f2479aeda29 application completed application_id=APP-2026-742839 status=OFFER_ISSUED
2026-03-09T12:10:07.928+01:00 INFO portal-bff host=portal-bff-7c9d5b-p9qmz corrId=c-e11e0be8d16b72de loan application submitted application_id=APP-2026-777769 customer_segment=PRIVATE
2026-03-09T12:10:08.033+01:00 INFO identity-service host=identity-service-5b8f6c-t6zvn corrId=c-e11e0be8d16b72de MitID session validated customer_id=C31192670
2026-03-09T12:10:08.155+01:00 INFO customer-service host=customer-service-a41e92-p9qmz corrId=c-e11e0be8d16b72de KYC profile loaded customer_id=C31192670 risk_class=LOW
2026-03-09T12:10:08.261+01:00 INFO valuation-service host=valuation-service-7c9d5b-t6zvn corrId=c-e11e0be8d16b72de property valuation requested property_id=P9868540 provider=valuta-ejd
2026-03-09T12:10:09.193+01:00 INFO valuation-service host=valuation-service-a41e92-x2k4p corrId=c-e11e0be8d16b72de property valuation received property_id=P9868540 value_dkk=6020000 latency_ms=826
2026-03-09T12:10:09.330+01:00 INFO credit-service host=credit-service-7c9d5b-x2k4p corrId=c-e11e0be8d16b72de credit assessment completed application_id=APP-2026-777769 score=515 decision=APPROVED
2026-03-09T12:10:09.424+01:00 INFO offer-service host=offer-service-a41e92-t6zvn corrId=c-e11e0be8d16b72de loan offer generated application_id=APP-2026-777769 loan_type=FIXED_30Y principal_dkk=2140000
2026-03-09T12:10:09.467+01:00 INFO document-service host=document-service-7c9d5b-p9qmz corrId=c-e11e0be8d16b72de offer document stored application_id=APP-2026-777769 doc_id=DOC-f1fa8fd2
2026-03-09T12:10:09.545+01:00 INFO portal-bff host=portal-bff-a41e92-t6zvn corrId=c-e11e0be8d16b72de application completed application_id=APP-2026-777769 status=OFFER_ISSUED
2026-03-09T12:11:44.299+01:00 INFO portal-bff host=portal-bff-a41e92-t6zvn corrId=c-bfe38b26ef9a83a8 loan application submitted application_id=APP-2026-065042 customer_segment=PRIVATE
2026-03-09T12:11:44.311+01:00 INFO identity-service host=identity-service-a41e92-t6zvn corrId=c-bfe38b26ef9a83a8 MitID session validated customer_id=C29201844
2026-03-09T12:11:44.349+01:00 INFO customer-service host=customer-service-5b8f6c-x2k4p corrId=c-bfe38b26ef9a83a8 KYC profile loaded customer_id=C29201844 risk_class=HIGH
2026-03-09T12:11:44.357+01:00 INFO valuation-service host=valuation-service-7c9d5b-p9qmz corrId=c-bfe38b26ef9a83a8 property valuation requested property_id=P3522091 provider=bolig-vurdering
2026-03-09T12:11:44.901+01:00 INFO valuation-service host=valuation-service-5b8f6c-t6zvn corrId=c-bfe38b26ef9a83a8 property valuation received property_id=P3522091 value_dkk=4760000 latency_ms=533
2026-03-09T12:11:44.974+01:00 INFO credit-service host=credit-service-a41e92-x2k4p corrId=c-bfe38b26ef9a83a8 credit assessment completed application_id=APP-2026-065042 score=873 decision=APPROVED
2026-03-09T12:11:44.995+01:00 INFO offer-service host=offer-service-a41e92-p9qmz corrId=c-bfe38b26ef9a83a8 loan offer generated application_id=APP-2026-065042 loan_type=FIXED_20Y_IO principal_dkk=4935000
2026-03-09T12:11:45.009+01:00 INFO document-service host=document-service-7c9d5b-x2k4p corrId=c-bfe38b26ef9a83a8 offer document stored application_id=APP-2026-065042 doc_id=DOC-a9728890
2026-03-09T12:11:45.134+01:00 INFO portal-bff host=portal-bff-5b8f6c-p9qmz corrId=c-bfe38b26ef9a83a8 application completed application_id=APP-2026-065042 status=OFFER_ISSUED
2026-03-09T12:13:34.908+01:00 INFO portal-bff host=portal-bff-a41e92-x2k4p corrId=c-d741003416e3a8af conversion quote requested loan_id=LN079581159 target_product=FLEX_5Y
2026-03-09T12:13:34.992+01:00 INFO identity-service host=identity-service-a41e92-p9qmz corrId=c-d741003416e3a8af MitID session validated customer_id=C52903663
2026-03-09T12:13:35.003+01:00 INFO pricing-service host=pricing-service-5b8f6c-x2k4p corrId=c-d741003416e3a8af bond price fetched series=BND4.0-2056 price=91.839
2026-03-09T12:13:35.070+01:00 INFO pricing-service host=pricing-service-5b8f6c-p9qmz corrId=c-d741003416e3a8af conversion cost calculated loan_id=LN079581159 cost_dkk=84671.83
2026-03-09T12:13:35.175+01:00 INFO quote-service host=quote-service-a41e92-t6zvn corrId=c-d741003416e3a8af conversion quote issued quote_id=Q82471441 loan_id=LN079581159
2026-03-09T12:15:00.099+01:00 INFO api-gateway host=api-gateway-5b8f6c-x2k4p corrId=- health probe ok status=200 latency_ms=31
2026-03-09T12:17:33.466+01:00 INFO portal-bff host=portal-bff-a41e92-x2k4p corrId=c-90937198850529ce loan application submitted application_id=APP-2026-098624 customer_segment=RETAIL
2026-03-09T12:17:33.564+01:00 INFO identity-service host=identity-service-a41e92-t6zvn corrId=c-90937198850529ce MitID session validated customer_id=C49372363
2026-03-09T12:17:33.658+01:00 INFO customer-service host=customer-service-a41e92-p9qmz corrId=c-90937198850529ce KYC profile loaded customer_id=C49372363 risk_class=HIGH
2026-03-09T12:17:33.737+01:00 INFO valuation-service host=valuation-service-a41e92-x2k4p corrId=c-90937198850529ce property valuation requested property_id=P3660230 provider=bolig-vurdering
2026-03-09T12:17:34.449+01:00 INFO offer-service host=offer-service-a41e92-x2k4p corrId=c-e9c5525ccea291a0 offer accepted application_id=APP-2026-871116
2026-03-09T12:17:34.461+01:00 INFO ledger-service host=ledger-service-a41e92-x2k4p corrId=c-e9c5525ccea291a0 funds reserved application_id=APP-2026-871116 amount_dkk=5815000
2026-03-09T12:17:34.485+01:00 INFO payment-service host=payment-service-7c9d5b-p9qmz corrId=c-e9c5525ccea291a0 payout instruction sent application_id=APP-2026-871116 amount_dkk=5815000
2026-03-09T12:17:34.549+01:00 INFO valuation-service host=valuation-service-a41e92-x2k4p corrId=c-90937198850529ce property valuation received property_id=P3660230 value_dkk=8920000 latency_ms=699
2026-03-09T12:17:34.561+01:00 INFO ledger-service host=ledger-service-a41e92-p9qmz corrId=c-e9c5525ccea291a0 payout booked application_id=APP-2026-871116 posting_id=PST-6f5bcbea67
2026-03-09T12:17:34.583+01:00 INFO credit-service host=credit-service-5b8f6c-x2k4p corrId=c-90937198850529ce credit assessment completed application_id=APP-2026-098624 score=475 decision=APPROVED
2026-03-09T12:17:34.615+01:00 INFO notification-service host=notification-service-5b8f6c-x2k4p corrId=c-e9c5525ccea291a0 payout confirmation sent application_id=APP-2026-871116
2026-03-09T12:17:34.703+01:00 INFO offer-service host=offer-service-5b8f6c-x2k4p corrId=c-90937198850529ce loan offer generated application_id=APP-2026-098624 loan_type=FIXED_30Y principal_dkk=2875000
2026-03-09T12:17:34.822+01:00 INFO document-service host=document-service-7c9d5b-t6zvn corrId=c-90937198850529ce offer document stored application_id=APP-2026-098624 doc_id=DOC-cb7a307a
2026-03-09T12:17:34.961+01:00 INFO portal-bff host=portal-bff-5b8f6c-p9qmz corrId=c-90937198850529ce application completed application_id=APP-2026-098624 status=OFFER_ISSUED
2026-03-09T12:17:39.407+01:00 INFO portal-bff host=portal-bff-a41e92-x2k4p corrId=c-c504557e85a6bd50 loan application submitted application_id=APP-2026-751004 customer_segment=RETAIL
2026-03-09T12:17:39.483+01:00 INFO identity-service host=identity-service-5b8f6c-t6zvn corrId=c-c504557e85a6bd50 MitID session validated customer_id=C07597993
2026-03-09T12:17:39.581+01:00 INFO customer-service host=customer-service-5b8f6c-p9qmz corrId=c-c504557e85a6bd50 KYC profile loaded customer_id=C07597993 risk_class=LOW
2026-03-09T12:17:39.603+01:00 INFO valuation-service host=valuation-service-a41e92-x2k4p corrId=c-c504557e85a6bd50 property valuation requested property_id=P9711703 provider=valuta-ejd
2026-03-09T12:17:40.299+01:00 INFO valuation-service host=valuation-service-5b8f6c-p9qmz corrId=c-c504557e85a6bd50 property valuation received property_id=P9711703 value_dkk=8770000 latency_ms=621
2026-03-09T12:17:40.332+01:00 INFO credit-service host=credit-service-5b8f6c-x2k4p corrId=c-c504557e85a6bd50 credit assessment completed application_id=APP-2026-751004 score=678 decision=APPROVED
2026-03-09T12:17:40.379+01:00 INFO offer-service host=offer-service-5b8f6c-t6zvn corrId=c-c504557e85a6bd50 loan offer generated application_id=APP-2026-751004 loan_type=FIXED_20Y_IO principal_dkk=3070000
2026-03-09T12:17:40.429+01:00 INFO document-service host=document-service-7c9d5b-x2k4p corrId=c-c504557e85a6bd50 offer document stored application_id=APP-2026-751004 doc_id=DOC-c172b2df
2026-03-09T12:17:40.533+01:00 INFO portal-bff host=portal-bff-7c9d5b-x2k4p corrId=c-c504557e85a6bd50 application completed application_id=APP-2026-751004 status=OFFER_ISSUED
2026-03-09T12:17:51.796+01:00 INFO portal-bff host=portal-bff-7c9d5b-x2k4p corrId=c-d4619c88f6b84cbd loan application submitted application_id=APP-2026-426443 customer_segment=SME
2026-03-09T12:17:51.845+01:00 INFO identity-service host=identity-service-7c9d5b-p9qmz corrId=c-d4619c88f6b84cbd MitID session validated customer_id=C76323475
2026-03-09T12:17:51.984+01:00 INFO customer-service host=customer-service-5b8f6c-x2k4p corrId=c-d4619c88f6b84cbd KYC profile loaded customer_id=C76323475 risk_class=HIGH
2026-03-09T12:17:52.047+01:00 INFO valuation-service host=valuation-service-a41e92-p9qmz corrId=c-d4619c88f6b84cbd property valuation requested property_id=P4872286 provider=valuta-ejd
2026-03-09T12:17:52.960+01:00 INFO valuation-service host=valuation-service-a41e92-t6zvn corrId=c-d4619c88f6b84cbd property valuation received property_id=P4872286 value_dkk=7230000 latency_ms=794
2026-03-09T12:17:53.044+01:00 INFO credit-service host=credit-service-5b8f6c-t6zvn corrId=c-d4619c88f6b84cbd credit assessment completed application_id=APP-2026-426443 score=679 decision=APPROVED
2026-03-09T12:17:53.157+01:00 INFO offer-service host=offer-service-5b8f6c-p9qmz corrId=c-d4619c88f6b84cbd loan offer generated application_id=APP-2026-426443 loan_type=FIXED_30Y principal_dkk=2125000
2026-03-09T12:17:53.216+01:00 INFO document-service host=document-service-5b8f6c-t6zvn corrId=c-d4619c88f6b84cbd offer document stored application_id=APP-2026-426443 doc_id=DOC-fbb5381e
2026-03-09T12:17:53.304+01:00 INFO portal-bff host=portal-bff-a41e92-x2k4p corrId=c-d4619c88f6b84cbd application completed application_id=APP-2026-426443 status=OFFER_ISSUED
2026-03-09T12:18:00.321+01:00 INFO portal-bff host=portal-bff-7c9d5b-t6zvn corrId=c-17c70962a8248020 loan application submitted application_id=APP-2026-007748 customer_segment=PRIVATE
2026-03-09T12:18:00.422+01:00 WARN identity-service host=identity-service-a41e92-x2k4p corrId=c-17c70962a8248020 MitID token refresh attempt=1
2026-03-09T12:18:00.488+01:00 INFO identity-service host=identity-service-a41e92-x2k4p corrId=c-17c70962a8248020 MitID session validated customer_id=C10121964
2026-03-09T12:18:00.534+01:00 INFO customer-service host=customer-service-5b8f6c-p9qmz corrId=c-17c70962a8248020 KYC profile loaded customer_id=C10121964 risk_class=HIGH
2026-03-09T12:18:00.645+01:00 INFO valuation-service host=valuation-service-7c9d5b-p9qmz corrId=c-17c70962a8248020 property valuation requested property_id=P2567791 provider=bolig-vurdering
2026-03-09T12:18:01.572+01:00 INFO valuation-service host=valuation-service-a41e92-x2k4p corrId=c-17c70962a8248020 property valuation received property_id=P2567791 value_dkk=6780000 latency_ms=805
2026-03-09T12:18:01.583+01:00 INFO credit-service host=credit-service-a41e92-t6zvn corrId=c-17c70962a8248020 credit assessment completed application_id=APP-2026-007748 score=538 decision=APPROVED
2026-03-09T12:18:01.674+01:00 INFO offer-service host=offer-service-a41e92-p9qmz corrId=c-17c70962a8248020 loan offer generated application_id=APP-2026-007748 loan_type=FIXED_20Y_IO principal_dkk=1650000
2026-03-09T12:18:01.791+01:00 INFO document-service host=document-service-a41e92-t6zvn corrId=c-17c70962a8248020 offer document stored application_id=APP-2026-007748 doc_id=DOC-066bb516
2026-03-09T12:18:01.847+01:00 INFO portal-bff host=portal-bff-7c9d5b-p9qmz corrId=c-17c70962a8248020 application completed application_id=APP-2026-007748 status=OFFER_ISSUED
2026-03-09T12:18:20.361+01:00 INFO portal-bff host=portal-bff-5b8f6c-t6zvn corrId=c-49951b13d83ab627 conversion quote requested loan_id=LN547714780 target_product=FLEX_1Y
2026-03-09T12:18:20.479+01:00 INFO identity-service host=identity-service-a41e92-x2k4p corrId=c-49951b13d83ab627 MitID session validated customer_id=C89565446
2026-03-09T12:18:20.521+01:00 INFO pricing-service host=pricing-service-7c9d5b-t6zvn corrId=c-49951b13d83ab627 bond price fetched series=BND3.0-2053 price=92.431
2026-03-09T12:18:20.578+01:00 INFO pricing-service host=pricing-service-5b8f6c-p9qmz corrId=c-49951b13d83ab627 conversion cost calculated loan_id=LN547714780 cost_dkk=27003.13
2026-03-09T12:18:20.657+01:00 INFO quote-service host=quote-service-5b8f6c-x2k4p corrId=c-49951b13d83ab627 conversion quote issued quote_id=Q21755361 loan_id=LN547714780
2026-03-09T12:18:52.250+01:00 INFO portal-bff host=portal-bff-5b8f6c-x2k4p corrId=c-ee19b0e2fc0a6437 conversion quote requested loan_id=LN021817308 target_product=FLEX_1Y
2026-03-09T12:18:52.338+01:00 INFO identity-service host=identity-service-7c9d5b-x2k4p corrId=c-ee19b0e2fc0a6437 MitID session validated customer_id=C95007805
2026-03-09T12:18:52.472+01:00 INFO pricing-service host=pricing-service-a41e92-p9qmz corrId=c-ee19b0e2fc0a6437 bond price fetched series=BND2.5-2056 price=99.901
2026-03-09T12:18:52.503+01:00 INFO pricing-service host=pricing-service-5b8f6c-t6zvn corrId=c-ee19b0e2fc0a6437 conversion cost calculated loan_id=LN021817308 cost_dkk=80800.32
2026-03-09T12:18:52.627+01:00 INFO quote-service host=quote-service-5b8f6c-p9qmz corrId=c-ee19b0e2fc0a6437 conversion quote issued quote_id=Q64793484 loan_id=LN021817308
2026-03-09T12:20:00.119+01:00 INFO payment-scheduler host=payment-scheduler-a41e92-p9qmz corrId=- scheduler heartbeat lag_ms=67
2026-03-09T12:20:00.580+01:00 INFO api-gateway host=api-gateway-7c9d5b-t6zvn corrId=- health probe ok status=200 latency_ms=3
2026-03-09T12:23:25.711+01:00 INFO portal-bff host=portal-bff-a41e92-x2k4p corrId=c-5454d0f718e80c8b loan application submitted application_id=APP-2026-166020 customer_segment=RETAIL
2026-03-09T12:23:25.762+01:00 INFO identity-service host=identity-service-7c9d5b-t6zvn corrId=c-5454d0f718e80c8b MitID session validated customer_id=C30233512
2026-03-09T12:23:25.848+01:00 INFO customer-service host=customer-service-5b8f6c-t6zvn corrId=c-5454d0f718e80c8b KYC profile loaded customer_id=C30233512 risk_class=LOW
2026-03-09T12:23:25.912+01:00 INFO valuation-service host=valuation-service-7c9d5b-p9qmz corrId=c-5454d0f718e80c8b property valuation requested property_id=P9716097 provider=bolig-vurdering
2026-03-09T12:23:26.547+01:00 INFO valuation-service host=valuation-service-5b8f6c-x2k4p corrId=c-5454d0f718e80c8b property valuation received property_id=P9716097 value_dkk=8030000 latency_ms=622
2026-03-09T12:23:26.554+01:00 INFO credit-service host=credit-service-5b8f6c-x2k4p corrId=c-5454d0f718e80c8b credit assessment completed application_id=APP-2026-166020 score=869 decision=APPROVED
2026-03-09T12:23:26.632+01:00 INFO offer-service host=offer-service-5b8f6c-x2k4p corrId=c-5454d0f718e80c8b loan offer generated application_id=APP-2026-166020 loan_type=FIXED_30Y principal_dkk=2030000
2026-03-09T12:23:26.737+01:00 INFO document-service host=document-service-5b8f6c-p9qmz corrId=c-5454d0f718e80c8b offer document stored application_id=APP-2026-166020 doc_id=DOC-cc924397
2026-03-09T12:23:26.749+01:00 INFO portal-bff host=portal-bff-a41e92-x2k4p corrId=c-5454d0f718e80c8b application completed application_id=APP-2026-166020 status=OFFER_ISSUED
2026-03-09T12:24:51.515+01:00 INFO offer-service host=offer-service-5b8f6c-x2k4p corrId=c-f7eb631449f1085e offer accepted application_id=APP-2026-160002
2026-03-09T12:24:51.600+01:00 INFO ledger-service host=ledger-service-a41e92-p9qmz corrId=c-f7eb631449f1085e funds reserved application_id=APP-2026-160002 amount_dkk=2420000
2026-03-09T12:24:51.689+01:00 INFO payment-service host=payment-service-5b8f6c-t6zvn corrId=c-f7eb631449f1085e payout instruction sent application_id=APP-2026-160002 amount_dkk=2420000
2026-03-09T12:24:51.749+01:00 INFO ledger-service host=ledger-service-a41e92-x2k4p corrId=c-f7eb631449f1085e payout booked application_id=APP-2026-160002 posting_id=PST-c3c180260f
2026-03-09T12:24:51.871+01:00 INFO notification-service host=notification-service-a41e92-t6zvn corrId=c-f7eb631449f1085e payout confirmation sent application_id=APP-2026-160002
2026-03-09T12:24:58.639+01:00 INFO offer-service host=offer-service-5b8f6c-t6zvn corrId=c-a757cece38ba9636 offer accepted application_id=APP-2026-915117
2026-03-09T12:24:58.775+01:00 INFO ledger-service host=ledger-service-7c9d5b-t6zvn corrId=c-a757cece38ba9636 funds reserved application_id=APP-2026-915117 amount_dkk=2835000
2026-03-09T12:24:58.872+01:00 INFO payment-service host=payment-service-5b8f6c-x2k4p corrId=c-a757cece38ba9636 payout instruction sent application_id=APP-2026-915117 amount_dkk=2835000
2026-03-09T12:24:58.921+01:00 INFO ledger-service host=ledger-service-5b8f6c-p9qmz corrId=c-a757cece38ba9636 payout booked application_id=APP-2026-915117 posting_id=PST-2d3a76866c
2026-03-09T12:24:59.003+01:00 INFO notification-service host=notification-service-a41e92-p9qmz corrId=c-a757cece38ba9636 payout confirmation sent application_id=APP-2026-915117
2026-03-09T12:25:00.645+01:00 INFO api-gateway host=api-gateway-7c9d5b-x2k4p corrId=- health probe ok status=200 latency_ms=33
2026-03-09T12:25:36.688+01:00 INFO portal-bff host=portal-bff-7c9d5b-x2k4p corrId=c-5879003bd2b418e8 conversion quote requested loan_id=LN553631839 target_product=FLEX_1Y
2026-03-09T12:25:36.783+01:00 INFO identity-service host=identity-service-5b8f6c-p9qmz corrId=c-5879003bd2b418e8 MitID session validated customer_id=C49184431
2026-03-09T12:25:36.912+01:00 INFO pricing-service host=pricing-service-a41e92-x2k4p corrId=c-5879003bd2b418e8 bond price fetched series=BND2.5-2056 price=95.642
2026-03-09T12:25:37.037+01:00 INFO pricing-service host=pricing-service-7c9d5b-p9qmz corrId=c-5879003bd2b418e8 conversion cost calculated loan_id=LN553631839 cost_dkk=85946.84
2026-03-09T12:25:37.109+01:00 INFO quote-service host=quote-service-5b8f6c-x2k4p corrId=c-5879003bd2b418e8 conversion quote issued quote_id=Q51691511 loan_id=LN553631839
2026-03-09T12:25:56.112+01:00 INFO portal-bff host=portal-bff-5b8f6c-t6zvn corrId=c-f3ce60219c43d80b loan application submitted application_id=APP-2026-119475 customer_segment=PRIVATE
2026-03-09T12:25:56.122+01:00 INFO portal-bff host=portal-bff-7c9d5b-t6zvn corrId=c-e599936485880e97 conversion quote requested loan_id=LN796770390 target_product=FLEX_5Y
2026-03-09T12:25:56.169+01:00 INFO identity-service host=identity-service-5b8f6c-x2k4p corrId=c-f3ce60219c43d80b MitID session validated customer_id=C08783754
2026-03-09T12:25:56.260+01:00 INFO identity-service host=identity-service-a41e92-x2k4p corrId=c-e599936485880e97 MitID session validated customer_id=C76136684
2026-03-09T12:25:56.292+01:00 INFO customer-service host=customer-service-5b8f6c-x2k4p corrId=c-f3ce60219c43d80b KYC profile loaded customer_id=C08783754 risk_class=LOW
2026-03-09T12:25:56.364+01:00 INFO pricing-service host=pricing-service-a41e92-p9qmz corrId=c-e599936485880e97 bond price fetched series=BND4.0-2056 price=94.217
2026-03-09T12:25:56.413+01:00 INFO valuation-service host=valuation-service-a41e92-t6zvn corrId=c-f3ce60219c43d80b property valuation requested property_id=P4758734 provider=valuta-ejd
2026-03-09T12:25:56.422+01:00 INFO pricing-service host=pricing-service-a41e92-x2k4p corrId=c-e599936485880e97 conversion cost calculated loan_id=LN796770390 cost_dkk=66892.13
2026-03-09T12:25:56.440+01:00 INFO quote-service host=quote-service-a41e92-t6zvn corrId=c-e599936485880e97 conversion quote issued quote_id=Q69080312 loan_id=LN796770390
2026-03-09T12:25:57.034+01:00 INFO valuation-service host=valuation-service-a41e92-x2k4p corrId=c-f3ce60219c43d80b property valuation received property_id=P4758734 value_dkk=8200000 latency_ms=603
2026-03-09T12:25:57.136+01:00 INFO credit-service host=credit-service-a41e92-p9qmz corrId=c-f3ce60219c43d80b credit assessment completed application_id=APP-2026-119475 score=604 decision=APPROVED
2026-03-09T12:25:57.260+01:00 INFO offer-service host=offer-service-7c9d5b-t6zvn corrId=c-f3ce60219c43d80b loan offer generated application_id=APP-2026-119475 loan_type=FIXED_30Y principal_dkk=540000
2026-03-09T12:25:57.269+01:00 INFO document-service host=document-service-a41e92-x2k4p corrId=c-f3ce60219c43d80b offer document stored application_id=APP-2026-119475 doc_id=DOC-35066fae
2026-03-09T12:25:57.375+01:00 INFO portal-bff host=portal-bff-5b8f6c-p9qmz corrId=c-f3ce60219c43d80b application completed application_id=APP-2026-119475 status=OFFER_ISSUED
2026-03-09T12:26:00.972+01:00 INFO portal-bff host=portal-bff-5b8f6c-p9qmz corrId=c-c2c4a221c06a020e loan application submitted application_id=APP-2026-230038 customer_segment=RETAIL
2026-03-09T12:26:01.100+01:00 INFO identity-service host=identity-service-7c9d5b-x2k4p corrId=c-c2c4a221c06a020e MitID session validated customer_id=C71795329
2026-03-09T12:26:01.227+01:00 INFO customer-service host=customer-service-a41e92-t6zvn corrId=c-c2c4a221c06a020e KYC profile loaded customer_id=C71795329 risk_class=LOW
2026-03-09T12:26:01.330+01:00 INFO valuation-service host=valuation-service-7c9d5b-x2k4p corrId=c-c2c4a221c06a020e property valuation requested property_id=P5996765 provider=bolig-vurdering
2026-03-09T12:26:02.089+01:00 INFO valuation-service host=valuation-service-a41e92-t6zvn corrId=c-c2c4a221c06a020e property valuation received property_id=P5996765 value_dkk=7740000 latency_ms=727
2026-03-09T12:26:02.134+01:00 INFO credit-service host=credit-service-a41e92-x2k4p corrId=c-c2c4a221c06a020e credit assessment completed application_id=APP-2026-230038 score=840 decision=APPROVED
2026-03-09T12:26:02.227+01:00 INFO offer-service host=offer-service-5b8f6c-p9qmz corrId=c-c2c4a221c06a020e loan offer generated application_id=APP-2026-230038 loan_type=FIXED_30Y principal_dkk=515000
2026-03-09T12:26:02.294+01:00 INFO document-service host=document-service-7c9d5b-t6zvn corrId=c-c2c4a221c06a020e offer document stored application_id=APP-2026-230038 doc_id=DOC-3c1bdfbb
2026-03-09T12:26:02.430+01:00 INFO portal-bff host=portal-bff-5b8f6c-t6zvn corrId=c-c2c4a221c06a020e application completed application_id=APP-2026-230038 status=OFFER_ISSUED
2026-03-09T12:26:05.985+01:00 INFO portal-bff host=portal-bff-5b8f6c-t6zvn corrId=c-7bd5314f0a493c71 conversion quote requested loan_id=LN730538083 target_product=FLEX_5Y
2026-03-09T12:26:06.068+01:00 INFO identity-service host=identity-service-5b8f6c-p9qmz corrId=c-7bd5314f0a493c71 MitID session validated customer_id=C99333904
2026-03-09T12:26:06.202+01:00 INFO pricing-service host=pricing-service-a41e92-x2k4p corrId=c-7bd5314f0a493c71 bond price fetched series=BND2.5-2056 price=92.756
2026-03-09T12:26:06.276+01:00 INFO pricing-service host=pricing-service-a41e92-x2k4p corrId=c-7bd5314f0a493c71 conversion cost calculated loan_id=LN730538083 cost_dkk=81733.72
2026-03-09T12:26:06.403+01:00 INFO quote-service host=quote-service-7c9d5b-t6zvn corrId=c-7bd5314f0a493c71 conversion quote issued quote_id=Q18246519 loan_id=LN730538083
2026-03-09T12:26:11.895+01:00 INFO portal-bff host=portal-bff-a41e92-x2k4p corrId=c-1f86603ba923b763 loan application submitted application_id=APP-2026-465532 customer_segment=RETAIL
2026-03-09T12:26:11.966+01:00 INFO identity-service host=identity-service-7c9d5b-p9qmz corrId=c-1f86603ba923b763 MitID session validated customer_id=C95376193
2026-03-09T12:26:11.996+01:00 INFO customer-service host=customer-service-7c9d5b-p9qmz corrId=c-1f86603ba923b763 KYC profile loaded customer_id=C95376193 risk_class=MEDIUM
2026-03-09T12:26:12.118+01:00 INFO valuation-service host=valuation-service-a41e92-p9qmz corrId=c-1f86603ba923b763 property valuation requested property_id=P9913479 provider=bolig-vurdering
2026-03-09T12:26:13.080+01:00 INFO valuation-service host=valuation-service-7c9d5b-x2k4p corrId=c-1f86603ba923b763 property valuation received property_id=P9913479 value_dkk=1510000 latency_ms=848
2026-03-09T12:26:13.199+01:00 INFO credit-service host=credit-service-5b8f6c-t6zvn corrId=c-1f86603ba923b763 credit assessment completed application_id=APP-2026-465532 score=827 decision=APPROVED
2026-03-09T12:26:13.231+01:00 INFO offer-service host=offer-service-5b8f6c-x2k4p corrId=c-1f86603ba923b763 loan offer generated application_id=APP-2026-465532 loan_type=FLEX_1Y principal_dkk=3665000
2026-03-09T12:26:13.317+01:00 INFO document-service host=document-service-7c9d5b-x2k4p corrId=c-1f86603ba923b763 offer document stored application_id=APP-2026-465532 doc_id=DOC-9483eb24
2026-03-09T12:26:13.383+01:00 INFO portal-bff host=portal-bff-a41e92-p9qmz corrId=c-1f86603ba923b763 application completed application_id=APP-2026-465532 status=OFFER_ISSUED
2026-03-09T12:26:32.510+01:00 INFO offer-service host=offer-service-5b8f6c-t6zvn corrId=c-23a1f35b62b1c2dc offer accepted application_id=APP-2026-077833
2026-03-09T12:26:32.622+01:00 INFO ledger-service host=ledger-service-a41e92-x2k4p corrId=c-23a1f35b62b1c2dc funds reserved application_id=APP-2026-077833 amount_dkk=1945000
2026-03-09T12:26:32.713+01:00 INFO payment-service host=payment-service-a41e92-x2k4p corrId=c-23a1f35b62b1c2dc payout instruction sent application_id=APP-2026-077833 amount_dkk=1945000
2026-03-09T12:26:32.806+01:00 INFO ledger-service host=ledger-service-5b8f6c-t6zvn corrId=c-23a1f35b62b1c2dc payout booked application_id=APP-2026-077833 posting_id=PST-7c81474e43
2026-03-09T12:26:32.911+01:00 INFO notification-service host=notification-service-7c9d5b-t6zvn corrId=c-23a1f35b62b1c2dc payout confirmation sent application_id=APP-2026-077833
2026-03-09T12:28:29.828+01:00 INFO portal-bff host=portal-bff-5b8f6c-t6zvn corrId=c-99c685085120d734 loan application submitted application_id=APP-2026-067555 customer_segment=RETAIL
2026-03-09T12:28:29.906+01:00 INFO identity-service host=identity-service-7c9d5b-t6zvn corrId=c-99c685085120d734 MitID session validated customer_id=C67882267
2026-03-09T12:28:29.928+01:00 INFO customer-service host=customer-service-a41e92-p9qmz corrId=c-99c685085120d734 KYC profile loaded customer_id=C67882267 risk_class=LOW
2026-03-09T12:28:30.033+01:00 INFO valuation-service host=valuation-service-a41e92-p9qmz corrId=c-99c685085120d734 property valuation requested property_id=P7611242 provider=valuta-ejd
2026-03-09T12:28:31.036+01:00 INFO valuation-service host=valuation-service-a41e92-x2k4p corrId=c-99c685085120d734 property valuation received property_id=P7611242 value_dkk=8070000 latency_ms=875
2026-03-09T12:28:31.128+01:00 INFO credit-service host=credit-service-5b8f6c-t6zvn corrId=c-99c685085120d734 credit assessment completed application_id=APP-2026-067555 score=668 decision=APPROVED
2026-03-09T12:28:31.159+01:00 INFO offer-service host=offer-service-5b8f6c-p9qmz corrId=c-99c685085120d734 loan offer generated application_id=APP-2026-067555 loan_type=FLEX_5Y principal_dkk=1955000
2026-03-09T12:28:31.173+01:00 INFO document-service host=document-service-5b8f6c-t6zvn corrId=c-99c685085120d734 offer document stored application_id=APP-2026-067555 doc_id=DOC-9f2e66fb
2026-03-09T12:28:31.207+01:00 INFO portal-bff host=portal-bff-7c9d5b-x2k4p corrId=c-99c685085120d734 application completed application_id=APP-2026-067555 status=OFFER_ISSUED
2026-03-09T12:28:48.916+01:00 INFO offer-service host=offer-service-7c9d5b-p9qmz corrId=c-3e1cfc0536ff3474 offer accepted application_id=APP-2026-117865
2026-03-09T12:28:49.047+01:00 INFO ledger-service host=ledger-service-7c9d5b-t6zvn corrId=c-3e1cfc0536ff3474 funds reserved application_id=APP-2026-117865 amount_dkk=1395000
2026-03-09T12:28:49.065+01:00 INFO payment-service host=payment-service-7c9d5b-p9qmz corrId=c-3e1cfc0536ff3474 payout instruction sent application_id=APP-2026-117865 amount_dkk=1395000
2026-03-09T12:28:49.203+01:00 INFO ledger-service host=ledger-service-a41e92-x2k4p corrId=c-3e1cfc0536ff3474 payout booked application_id=APP-2026-117865 posting_id=PST-90ca8722c1
2026-03-09T12:28:49.304+01:00 INFO notification-service host=notification-service-a41e92-p9qmz corrId=c-3e1cfc0536ff3474 payout confirmation sent application_id=APP-2026-117865
2026-03-09T12:28:52.083+01:00 INFO portal-bff host=portal-bff-7c9d5b-x2k4p corrId=c-8908265fa0bcae55 conversion quote requested loan_id=LN016539432 target_product=FLEX_1Y
2026-03-09T12:28:52.103+01:00 INFO identity-service host=identity-service-5b8f6c-x2k4p corrId=c-8908265fa0bcae55 MitID session validated customer_id=C90498117
2026-03-09T12:28:52.116+01:00 INFO pricing-service host=pricing-service-7c9d5b-p9qmz corrId=c-8908265fa0bcae55 bond price fetched series=BND2.5-2053 price=93.806
2026-03-09T12:28:52.205+01:00 INFO pricing-service host=pricing-service-7c9d5b-x2k4p corrId=c-8908265fa0bcae55 conversion cost calculated loan_id=LN016539432 cost_dkk=51982.05
2026-03-09T12:28:52.320+01:00 INFO quote-service host=quote-service-5b8f6c-p9qmz corrId=c-8908265fa0bcae55 conversion quote issued quote_id=Q05848730 loan_id=LN016539432
2026-03-09T12:29:03.488+01:00 INFO portal-bff host=portal-bff-5b8f6c-x2k4p corrId=c-df0812f215430014 loan application submitted application_id=APP-2026-334347 customer_segment=RETAIL
2026-03-09T12:29:03.585+01:00 INFO identity-service host=identity-service-a41e92-x2k4p corrId=c-df0812f215430014 MitID session validated customer_id=C86616844
2026-03-09T12:29:03.657+01:00 INFO customer-service host=customer-service-7c9d5b-x2k4p corrId=c-df0812f215430014 KYC profile loaded customer_id=C86616844 risk_class=HIGH
2026-03-09T12:29:03.672+01:00 INFO valuation-service host=valuation-service-7c9d5b-p9qmz corrId=c-df0812f215430014 property valuation requested property_id=P0909026 provider=bolig-vurdering
2026-03-09T12:29:04.482+01:00 INFO valuation-service host=valuation-service-7c9d5b-p9qmz corrId=c-df0812f215430014 property valuation received property_id=P0909026 value_dkk=7590000 latency_ms=718
2026-03-09T12:29:04.618+01:00 INFO credit-service host=credit-service-a41e92-t6zvn corrId=c-df0812f215430014 credit assessment completed application_id=APP-2026-334347 score=459 decision=APPROVED
2026-03-09T12:29:04.737+01:00 INFO offer-service host=offer-service-5b8f6c-t6zvn corrId=c-df0812f215430014 loan offer generated application_id=APP-2026-334347 loan_type=FIXED_20Y_IO principal_dkk=5040000
2026-03-09T12:29:04.757+01:00 INFO document-service host=document-service-a41e92-x2k4p corrId=c-df0812f215430014 offer document stored application_id=APP-2026-334347 doc_id=DOC-6992bc28
2026-03-09T12:29:04.809+01:00 INFO portal-bff host=portal-bff-a41e92-t6zvn corrId=c-df0812f215430014 application completed application_id=APP-2026-334347 status=OFFER_ISSUED
2026-03-09T12:29:10.796+01:00 INFO portal-bff host=portal-bff-7c9d5b-p9qmz corrId=c-39e0b92504d83692 conversion quote requested loan_id=LN689762995 target_product=FLEX_1Y
2026-03-09T12:29:10.933+01:00 INFO identity-service host=identity-service-a41e92-x2k4p corrId=c-39e0b92504d83692 MitID session validated customer_id=C84443694
2026-03-09T12:29:11.059+01:00 INFO pricing-service host=pricing-service-7c9d5b-p9qmz corrId=c-39e0b92504d83692 bond price fetched series=BND4.0-2056 price=88.593
2026-03-09T12:29:11.174+01:00 INFO pricing-service host=pricing-service-7c9d5b-t6zvn corrId=c-39e0b92504d83692 conversion cost calculated loan_id=LN689762995 cost_dkk=44026.19
2026-03-09T12:29:11.258+01:00 INFO quote-service host=quote-service-a41e92-t6zvn corrId=c-39e0b92504d83692 conversion quote issued quote_id=Q83786500 loan_id=LN689762995
2026-03-09T12:29:50.262+01:00 INFO portal-bff host=portal-bff-5b8f6c-t6zvn corrId=c-13a72bf764d851b7 loan application submitted application_id=APP-2026-748477 customer_segment=SME
2026-03-09T12:29:50.330+01:00 INFO identity-service host=identity-service-a41e92-t6zvn corrId=c-13a72bf764d851b7 MitID session validated customer_id=C86076871
2026-03-09T12:29:50.462+01:00 INFO customer-service host=customer-service-7c9d5b-t6zvn corrId=c-13a72bf764d851b7 KYC profile loaded customer_id=C86076871 risk_class=MEDIUM
2026-03-09T12:29:50.563+01:00 INFO valuation-service host=valuation-service-7c9d5b-t6zvn corrId=c-13a72bf764d851b7 property valuation requested property_id=P0174840 provider=bolig-vurdering
2026-03-09T12:29:51.300+01:00 INFO valuation-service host=valuation-service-a41e92-x2k4p corrId=c-13a72bf764d851b7 property valuation received property_id=P0174840 value_dkk=1690000 latency_ms=655
2026-03-09T12:29:51.389+01:00 INFO credit-service host=credit-service-a41e92-t6zvn corrId=c-13a72bf764d851b7 credit assessment completed application_id=APP-2026-748477 score=650 decision=APPROVED
2026-03-09T12:29:51.399+01:00 INFO offer-service host=offer-service-5b8f6c-p9qmz corrId=c-13a72bf764d851b7 loan offer generated application_id=APP-2026-748477 loan_type=FLEX_1Y principal_dkk=3260000
2026-03-09T12:29:51.504+01:00 INFO document-service host=document-service-7c9d5b-x2k4p corrId=c-13a72bf764d851b7 offer document stored application_id=APP-2026-748477 doc_id=DOC-010a4d07
2026-03-09T12:29:51.577+01:00 INFO portal-bff host=portal-bff-5b8f6c-t6zvn corrId=c-13a72bf764d851b7 application completed application_id=APP-2026-748477 status=OFFER_ISSUED
2026-03-09T12:30:00.271+01:00 INFO api-gateway host=api-gateway-5b8f6c-t6zvn corrId=- health probe ok status=200 latency_ms=37
2026-03-09T12:30:00.709+01:00 INFO payment-scheduler host=payment-scheduler-7c9d5b-t6zvn corrId=- scheduler heartbeat lag_ms=33
2026-03-09T12:32:37.712+01:00 INFO portal-bff host=portal-bff-5b8f6c-x2k4p corrId=c-1726df975a4b86f0 conversion quote requested loan_id=LN115590684 target_product=FLEX_5Y
2026-03-09T12:32:37.807+01:00 INFO identity-service host=identity-service-5b8f6c-p9qmz corrId=c-1726df975a4b86f0 MitID session validated customer_id=C94709028
2026-03-09T12:32:37.815+01:00 INFO pricing-service host=pricing-service-7c9d5b-x2k4p corrId=c-1726df975a4b86f0 bond price fetched series=BND3.0-2056 price=95.890
2026-03-09T12:32:37.917+01:00 INFO pricing-service host=pricing-service-7c9d5b-x2k4p corrId=c-1726df975a4b86f0 conversion cost calculated loan_id=LN115590684 cost_dkk=44434.14
2026-03-09T12:32:38.038+01:00 INFO quote-service host=quote-service-5b8f6c-x2k4p corrId=c-1726df975a4b86f0 conversion quote issued quote_id=Q73070965 loan_id=LN115590684
2026-03-09T12:32:46.000+01:00 INFO valuation-service host=valuation-service-a41e92-p9qmz corrId=- jvm gc pause pause_ms=15
2026-03-09T12:33:54.566+01:00 INFO portal-bff host=portal-bff-a41e92-x2k4p corrId=c-f0358e9efaefd774 loan application submitted application_id=APP-2026-576861 customer_segment=SME
2026-03-09T12:33:54.629+01:00 INFO identity-service host=identity-service-5b8f6c-t6zvn corrId=c-f0358e9efaefd774 MitID session validated customer_id=C66753354
2026-03-09T12:33:54.761+01:00 INFO customer-service host=customer-service-7c9d5b-x2k4p corrId=c-f0358e9efaefd774 KYC profile loaded customer_id=C66753354 risk_class=MEDIUM
2026-03-09T12:33:54.796+01:00 INFO valuation-service host=valuation-service-a41e92-x2k4p corrId=c-f0358e9efaefd774 property valuation requested property_id=P1378823 provider=valuta-ejd
2026-03-09T12:33:55.396+01:00 INFO valuation-service host=valuation-service-5b8f6c-p9qmz corrId=c-f0358e9efaefd774 property valuation received property_id=P1378823 value_dkk=7600000 latency_ms=499
2026-03-09T12:33:55.492+01:00 INFO credit-service host=credit-service-5b8f6c-p9qmz corrId=c-f0358e9efaefd774 credit assessment completed application_id=APP-2026-576861 score=865 decision=APPROVED
2026-03-09T12:33:55.627+01:00 INFO offer-service host=offer-service-a41e92-p9qmz corrId=c-f0358e9efaefd774 loan offer generated application_id=APP-2026-576861 loan_type=FLEX_5Y principal_dkk=2735000
2026-03-09T12:33:55.667+01:00 INFO document-service host=document-service-7c9d5b-p9qmz corrId=c-f0358e9efaefd774 offer document stored application_id=APP-2026-576861 doc_id=DOC-2588b48a
2026-03-09T12:33:55.766+01:00 INFO portal-bff host=portal-bff-7c9d5b-p9qmz corrId=c-f0358e9efaefd774 application completed application_id=APP-2026-576861 status=OFFER_ISSUED
2026-03-09T12:33:57.554+01:00 INFO portal-bff host=portal-bff-a41e92-t6zvn corrId=c-9b162480bef1225f conversion quote requested loan_id=LN105893824 target_product=FLEX_1Y
2026-03-09T12:33:57.573+01:00 INFO identity-service host=identity-service-7c9d5b-p9qmz corrId=c-9b162480bef1225f MitID session validated customer_id=C01500908
2026-03-09T12:33:57.653+01:00 INFO pricing-service host=pricing-service-7c9d5b-t6zvn corrId=c-9b162480bef1225f bond price fetched series=BND3.0-2053 price=99.459
2026-03-09T12:33:57.673+01:00 INFO pricing-service host=pricing-service-a41e92-t6zvn corrId=c-9b162480bef1225f conversion cost calculated loan_id=LN105893824 cost_dkk=55740.60
2026-03-09T12:33:57.736+01:00 INFO quote-service host=quote-service-a41e92-t6zvn corrId=c-9b162480bef1225f conversion quote issued quote_id=Q77682409 loan_id=LN105893824
2026-03-09T12:34:23.790+01:00 INFO portal-bff host=portal-bff-5b8f6c-x2k4p corrId=c-16dad3cc6a8cf145 conversion quote requested loan_id=LN681186234 target_product=FLEX_1Y
2026-03-09T12:34:23.883+01:00 INFO identity-service host=identity-service-5b8f6c-p9qmz corrId=c-16dad3cc6a8cf145 MitID session validated customer_id=C28792085
2026-03-09T12:34:23.943+01:00 INFO pricing-service host=pricing-service-7c9d5b-t6zvn corrId=c-16dad3cc6a8cf145 bond price fetched series=BND4.0-2056 price=88.730
2026-03-09T12:34:24.049+01:00 INFO pricing-service host=pricing-service-7c9d5b-t6zvn corrId=c-16dad3cc6a8cf145 conversion cost calculated loan_id=LN681186234 cost_dkk=47192.16
2026-03-09T12:34:24.180+01:00 INFO quote-service host=quote-service-5b8f6c-p9qmz corrId=c-16dad3cc6a8cf145 conversion quote issued quote_id=Q28408202 loan_id=LN681186234
2026-03-09T12:35:00.379+01:00 INFO api-gateway host=api-gateway-a41e92-t6zvn corrId=- health probe ok status=200 latency_ms=19
2026-03-09T12:36:46.622+01:00 INFO portal-bff host=portal-bff-a41e92-t6zvn corrId=c-42503c6e8300e3e3 loan application submitted application_id=APP-2026-850268 customer_segment=RETAIL
2026-03-09T12:36:46.636+01:00 INFO identity-service host=identity-service-7c9d5b-t6zvn corrId=c-42503c6e8300e3e3 MitID session validated customer_id=C01562345
2026-03-09T12:36:46.643+01:00 INFO customer-service host=customer-service-a41e92-p9qmz corrId=c-42503c6e8300e3e3 KYC profile loaded customer_id=C01562345 risk_class=LOW
2026-03-09T12:36:46.773+01:00 INFO valuation-service host=valuation-service-7c9d5b-x2k4p corrId=c-42503c6e8300e3e3 property valuation requested property_id=P7279912 provider=valuta-ejd
2026-03-09T12:36:47.483+01:00 INFO valuation-service host=valuation-service-5b8f6c-p9qmz corrId=c-42503c6e8300e3e3 property valuation received property_id=P7279912 value_dkk=6710000 latency_ms=637
2026-03-09T12:36:47.589+01:00 INFO credit-service host=credit-service-7c9d5b-t6zvn corrId=c-42503c6e8300e3e3 credit assessment completed application_id=APP-2026-850268 score=713 decision=APPROVED
2026-03-09T12:36:47.616+01:00 INFO offer-service host=offer-service-a41e92-x2k4p corrId=c-42503c6e8300e3e3 loan offer generated application_id=APP-2026-850268 loan_type=FLEX_5Y principal_dkk=4110000
2026-03-09T12:36:47.749+01:00 INFO document-service host=document-service-7c9d5b-t6zvn corrId=c-42503c6e8300e3e3 offer document stored application_id=APP-2026-850268 doc_id=DOC-ab232c67
2026-03-09T12:36:47.811+01:00 INFO portal-bff host=portal-bff-7c9d5b-p9qmz corrId=c-42503c6e8300e3e3 application completed application_id=APP-2026-850268 status=OFFER_ISSUED
2026-03-09T12:36:54.322+01:00 INFO portal-bff host=portal-bff-a41e92-x2k4p corrId=c-57a09831f906a312 loan application submitted application_id=APP-2026-850967 customer_segment=PRIVATE
2026-03-09T12:36:54.373+01:00 INFO identity-service host=identity-service-a41e92-t6zvn corrId=c-57a09831f906a312 MitID session validated customer_id=C33102811
2026-03-09T12:36:54.494+01:00 INFO customer-service host=customer-service-5b8f6c-t6zvn corrId=c-57a09831f906a312 KYC profile loaded customer_id=C33102811 risk_class=HIGH
2026-03-09T12:36:54.563+01:00 INFO valuation-service host=valuation-service-5b8f6c-t6zvn corrId=c-57a09831f906a312 property valuation requested property_id=P6920772 provider=valuta-ejd
2026-03-09T12:36:55.359+01:00 INFO valuation-service host=valuation-service-a41e92-p9qmz corrId=c-57a09831f906a312 property valuation received property_id=P6920772 value_dkk=5680000 latency_ms=748
2026-03-09T12:36:55.395+01:00 INFO credit-service host=credit-service-7c9d5b-p9qmz corrId=c-57a09831f906a312 credit assessment completed application_id=APP-2026-850967 score=616 decision=APPROVED
2026-03-09T12:36:55.488+01:00 INFO offer-service host=offer-service-7c9d5b-p9qmz corrId=c-57a09831f906a312 loan offer generated application_id=APP-2026-850967 loan_type=FIXED_30Y principal_dkk=510000
2026-03-09T12:36:55.574+01:00 INFO document-service host=document-service-5b8f6c-t6zvn corrId=c-57a09831f906a312 offer document stored application_id=APP-2026-850967 doc_id=DOC-ccc748ff
2026-03-09T12:36:55.639+01:00 INFO portal-bff host=portal-bff-5b8f6c-t6zvn corrId=c-57a09831f906a312 application completed application_id=APP-2026-850967 status=OFFER_ISSUED
2026-03-09T12:37:01.481+01:00 INFO portal-bff host=portal-bff-5b8f6c-t6zvn corrId=c-3b743ead173dd9eb conversion quote requested loan_id=LN641154714 target_product=FLEX_5Y
2026-03-09T12:37:01.545+01:00 INFO identity-service host=identity-service-7c9d5b-p9qmz corrId=c-3b743ead173dd9eb MitID session validated customer_id=C67861681
2026-03-09T12:37:01.615+01:00 INFO pricing-service host=pricing-service-a41e92-p9qmz corrId=c-3b743ead173dd9eb bond price fetched series=BND2.5-2056 price=90.310
2026-03-09T12:37:01.750+01:00 INFO pricing-service host=pricing-service-a41e92-x2k4p corrId=c-3b743ead173dd9eb conversion cost calculated loan_id=LN641154714 cost_dkk=26173.31
2026-03-09T12:37:01.809+01:00 INFO quote-service host=quote-service-7c9d5b-t6zvn corrId=c-3b743ead173dd9eb conversion quote issued quote_id=Q29599722 loan_id=LN641154714
2026-03-09T12:40:00.668+01:00 INFO payment-scheduler host=payment-scheduler-5b8f6c-p9qmz corrId=- scheduler heartbeat lag_ms=92
2026-03-09T12:40:00.768+01:00 INFO api-gateway host=api-gateway-5b8f6c-t6zvn corrId=- health probe ok status=200 latency_ms=5
2026-03-09T12:41:59.821+01:00 INFO portal-bff host=portal-bff-a41e92-t6zvn corrId=c-18d2b36a8954618d conversion quote requested loan_id=LN603128285 target_product=FIXED_30Y
2026-03-09T12:41:59.852+01:00 INFO identity-service host=identity-service-5b8f6c-x2k4p corrId=c-18d2b36a8954618d MitID session validated customer_id=C08956476
2026-03-09T12:41:59.859+01:00 INFO pricing-service host=pricing-service-5b8f6c-x2k4p corrId=c-18d2b36a8954618d bond price fetched series=BND2.5-2056 price=89.127
2026-03-09T12:41:59.947+01:00 INFO pricing-service host=pricing-service-5b8f6c-p9qmz corrId=c-18d2b36a8954618d conversion cost calculated loan_id=LN603128285 cost_dkk=75382.12
2026-03-09T12:42:00.009+01:00 INFO quote-service host=quote-service-5b8f6c-t6zvn corrId=c-18d2b36a8954618d conversion quote issued quote_id=Q85109386 loan_id=LN603128285
2026-03-09T12:43:47.000+01:00 INFO valuation-service host=valuation-service-7c9d5b-x2k4p corrId=- jvm gc pause pause_ms=53
2026-03-09T12:44:52.707+01:00 INFO offer-service host=offer-service-a41e92-x2k4p corrId=c-feb5e3ec31f84f49 offer accepted application_id=APP-2026-262076
2026-03-09T12:44:52.817+01:00 INFO ledger-service host=ledger-service-a41e92-t6zvn corrId=c-feb5e3ec31f84f49 funds reserved application_id=APP-2026-262076 amount_dkk=3660000
2026-03-09T12:44:52.937+01:00 INFO payment-service host=payment-service-7c9d5b-x2k4p corrId=c-feb5e3ec31f84f49 payout instruction sent application_id=APP-2026-262076 amount_dkk=3660000
2026-03-09T12:44:53.043+01:00 INFO ledger-service host=ledger-service-7c9d5b-x2k4p corrId=c-feb5e3ec31f84f49 payout booked application_id=APP-2026-262076 posting_id=PST-c885050c91
2026-03-09T12:44:53.106+01:00 INFO notification-service host=notification-service-a41e92-t6zvn corrId=c-feb5e3ec31f84f49 payout confirmation sent application_id=APP-2026-262076
2026-03-09T12:45:00.410+01:00 INFO api-gateway host=api-gateway-a41e92-p9qmz corrId=- health probe ok status=200 latency_ms=40
2026-03-09T12:46:49.786+01:00 INFO portal-bff host=portal-bff-7c9d5b-t6zvn corrId=c-cab48b1c4b9e93ee conversion quote requested loan_id=LN561590317 target_product=FLEX_5Y
2026-03-09T12:46:49.892+01:00 INFO identity-service host=identity-service-7c9d5b-p9qmz corrId=c-cab48b1c4b9e93ee MitID session validated customer_id=C49914027
2026-03-09T12:46:50.018+01:00 INFO pricing-service host=pricing-service-5b8f6c-p9qmz corrId=c-cab48b1c4b9e93ee bond price fetched series=BND4.0-2056 price=88.747
2026-03-09T12:46:50.105+01:00 INFO pricing-service host=pricing-service-7c9d5b-t6zvn corrId=c-cab48b1c4b9e93ee conversion cost calculated loan_id=LN561590317 cost_dkk=16784.06
2026-03-09T12:46:50.165+01:00 INFO quote-service host=quote-service-a41e92-t6zvn corrId=c-cab48b1c4b9e93ee conversion quote issued quote_id=Q10712933 loan_id=LN561590317
2026-03-09T12:47:40.201+01:00 INFO portal-bff host=portal-bff-7c9d5b-p9qmz corrId=c-2e4c2fe339ec684e loan application submitted application_id=APP-2026-778917 customer_segment=RETAIL
2026-03-09T12:47:40.212+01:00 INFO identity-service host=identity-service-a41e92-t6zvn corrId=c-2e4c2fe339ec684e MitID session validated customer_id=C06114998
2026-03-09T12:47:40.243+01:00 INFO customer-service host=customer-service-a41e92-x2k4p corrId=c-2e4c2fe339ec684e KYC profile loaded customer_id=C06114998 risk_class=HIGH
2026-03-09T12:47:40.371+01:00 INFO valuation-service host=valuation-service-5b8f6c-p9qmz corrId=c-2e4c2fe339ec684e property valuation served from cache property_id=P3463526 value_dkk=4630000
2026-03-09T12:47:40.482+01:00 INFO credit-service host=credit-service-a41e92-t6zvn corrId=c-2e4c2fe339ec684e credit assessment completed application_id=APP-2026-778917 score=451 decision=APPROVED
2026-03-09T12:47:40.586+01:00 INFO offer-service host=offer-service-5b8f6c-p9qmz corrId=c-2e4c2fe339ec684e loan offer generated application_id=APP-2026-778917 loan_type=FIXED_30Y principal_dkk=1795000
2026-03-09T12:47:40.593+01:00 INFO document-service host=document-service-7c9d5b-x2k4p corrId=c-2e4c2fe339ec684e offer document stored application_id=APP-2026-778917 doc_id=DOC-337ff3e9
2026-03-09T12:47:40.644+01:00 INFO portal-bff host=portal-bff-7c9d5b-x2k4p corrId=c-2e4c2fe339ec684e application completed application_id=APP-2026-778917 status=OFFER_ISSUED
2026-03-09T12:47:48.627+01:00 INFO portal-bff host=portal-bff-5b8f6c-x2k4p corrId=c-6ca41bbd204a9241 conversion quote requested loan_id=LN369094278 target_product=FLEX_1Y
2026-03-09T12:47:48.658+01:00 INFO identity-service host=identity-service-a41e92-p9qmz corrId=c-6ca41bbd204a9241 MitID session validated customer_id=C21158063
2026-03-09T12:47:48.741+01:00 INFO pricing-service host=pricing-service-7c9d5b-t6zvn corrId=c-6ca41bbd204a9241 bond price fetched series=BND2.5-2053 price=100.272
2026-03-09T12:47:48.865+01:00 INFO pricing-service host=pricing-service-5b8f6c-p9qmz corrId=c-6ca41bbd204a9241 conversion cost calculated loan_id=LN369094278 cost_dkk=84812.98
2026-03-09T12:47:48.904+01:00 INFO quote-service host=quote-service-7c9d5b-t6zvn corrId=c-6ca41bbd204a9241 conversion quote issued quote_id=Q87659660 loan_id=LN369094278
2026-03-09T12:49:10.993+01:00 INFO portal-bff host=portal-bff-a41e92-x2k4p corrId=c-8ef399d2e92f3523 conversion quote requested loan_id=LN614762482 target_product=FLEX_1Y
2026-03-09T12:49:11.081+01:00 INFO identity-service host=identity-service-5b8f6c-p9qmz corrId=c-8ef399d2e92f3523 MitID session validated customer_id=C33083920
2026-03-09T12:49:11.211+01:00 INFO pricing-service host=pricing-service-7c9d5b-x2k4p corrId=c-8ef399d2e92f3523 bond price fetched series=BND2.5-2056 price=100.696
2026-03-09T12:49:11.268+01:00 INFO pricing-service host=pricing-service-5b8f6c-t6zvn corrId=c-8ef399d2e92f3523 conversion cost calculated loan_id=LN614762482 cost_dkk=4809.79
2026-03-09T12:49:11.403+01:00 INFO quote-service host=quote-service-5b8f6c-x2k4p corrId=c-8ef399d2e92f3523 conversion quote issued quote_id=Q82546737 loan_id=LN614762482
2026-03-09T12:50:00.516+01:00 INFO api-gateway host=api-gateway-7c9d5b-p9qmz corrId=- health probe ok status=200 latency_ms=7
2026-03-09T12:50:00.868+01:00 INFO payment-scheduler host=payment-scheduler-5b8f6c-t6zvn corrId=- scheduler heartbeat lag_ms=107
2026-03-09T12:50:26.309+01:00 INFO portal-bff host=portal-bff-7c9d5b-p9qmz corrId=c-498ca3eb8f8dc55f loan application submitted application_id=APP-2026-549555 customer_segment=RETAIL
2026-03-09T12:50:26.382+01:00 INFO identity-service host=identity-service-a41e92-x2k4p corrId=c-498ca3eb8f8dc55f MitID session validated customer_id=C58240666
2026-03-09T12:50:26.468+01:00 INFO customer-service host=customer-service-7c9d5b-x2k4p corrId=c-498ca3eb8f8dc55f KYC profile loaded customer_id=C58240666 risk_class=MEDIUM
2026-03-09T12:50:26.534+01:00 INFO valuation-service host=valuation-service-5b8f6c-p9qmz corrId=c-498ca3eb8f8dc55f property valuation requested property_id=P2651571 provider=valuta-ejd
2026-03-09T12:50:27.405+01:00 INFO valuation-service host=valuation-service-7c9d5b-p9qmz corrId=c-498ca3eb8f8dc55f property valuation received property_id=P2651571 value_dkk=1750000 latency_ms=800
2026-03-09T12:50:27.542+01:00 INFO credit-service host=credit-service-7c9d5b-p9qmz corrId=c-498ca3eb8f8dc55f credit assessment completed application_id=APP-2026-549555 score=815 decision=APPROVED
2026-03-09T12:50:27.565+01:00 INFO offer-service host=offer-service-a41e92-t6zvn corrId=c-498ca3eb8f8dc55f loan offer generated application_id=APP-2026-549555 loan_type=FLEX_5Y principal_dkk=2695000
2026-03-09T12:50:27.578+01:00 INFO document-service host=document-service-7c9d5b-x2k4p corrId=c-498ca3eb8f8dc55f offer document stored application_id=APP-2026-549555 doc_id=DOC-de1e46f5
2026-03-09T12:50:27.630+01:00 INFO portal-bff host=portal-bff-5b8f6c-t6zvn corrId=c-498ca3eb8f8dc55f application completed application_id=APP-2026-549555 status=OFFER_ISSUED
2026-03-09T12:54:44.236+01:00 INFO portal-bff host=portal-bff-7c9d5b-p9qmz corrId=c-27d5c8ff043995d6 conversion quote requested loan_id=LN265576094 target_product=FIXED_30Y
2026-03-09T12:54:44.314+01:00 INFO identity-service host=identity-service-5b8f6c-x2k4p corrId=c-27d5c8ff043995d6 MitID session validated customer_id=C64550131
2026-03-09T12:54:44.341+01:00 INFO pricing-service host=pricing-service-7c9d5b-p9qmz corrId=c-27d5c8ff043995d6 bond price fetched series=BND2.5-2053 price=93.438
2026-03-09T12:54:44.478+01:00 INFO pricing-service host=pricing-service-5b8f6c-x2k4p corrId=c-27d5c8ff043995d6 conversion cost calculated loan_id=LN265576094 cost_dkk=80123.12
2026-03-09T12:54:44.487+01:00 INFO quote-service host=quote-service-a41e92-p9qmz corrId=c-27d5c8ff043995d6 conversion quote issued quote_id=Q87755928 loan_id=LN265576094
2026-03-09T12:55:00.088+01:00 INFO api-gateway host=api-gateway-5b8f6c-x2k4p corrId=- health probe ok status=200 latency_ms=39
2026-03-09T12:57:00.221+01:00 INFO portal-bff host=portal-bff-5b8f6c-p9qmz corrId=c-e2554e3722f40f96 loan application submitted application_id=APP-2026-648777 customer_segment=RETAIL
2026-03-09T12:57:00.288+01:00 INFO identity-service host=identity-service-a41e92-x2k4p corrId=c-e2554e3722f40f96 MitID session validated customer_id=C93743555
2026-03-09T12:57:00.335+01:00 INFO customer-service host=customer-service-7c9d5b-p9qmz corrId=c-e2554e3722f40f96 KYC profile loaded customer_id=C93743555 risk_class=HIGH
2026-03-09T12:57:00.397+01:00 INFO valuation-service host=valuation-service-7c9d5b-t6zvn corrId=c-e2554e3722f40f96 property valuation requested property_id=P6103399 provider=bolig-vurdering
2026-03-09T12:57:00.990+01:00 INFO valuation-service host=valuation-service-7c9d5b-p9qmz corrId=c-e2554e3722f40f96 property valuation received property_id=P6103399 value_dkk=5640000 latency_ms=506
2026-03-09T12:57:01.039+01:00 INFO credit-service host=credit-service-7c9d5b-x2k4p corrId=c-e2554e3722f40f96 credit assessment completed application_id=APP-2026-648777 score=812 decision=APPROVED
2026-03-09T12:57:01.120+01:00 INFO offer-service host=offer-service-a41e92-t6zvn corrId=c-e2554e3722f40f96 loan offer generated application_id=APP-2026-648777 loan_type=FIXED_20Y_IO principal_dkk=3730000
2026-03-09T12:57:01.217+01:00 INFO document-service host=document-service-a41e92-p9qmz corrId=c-e2554e3722f40f96 offer document stored application_id=APP-2026-648777 doc_id=DOC-0976dd37
2026-03-09T12:57:01.280+01:00 INFO portal-bff host=portal-bff-5b8f6c-p9qmz corrId=c-e2554e3722f40f96 application completed application_id=APP-2026-648777 status=OFFER_ISSUED
2026-03-09T12:57:05.396+01:00 INFO portal-bff host=portal-bff-a41e92-t6zvn corrId=c-62ea99ab35a8b19b loan application submitted application_id=APP-2026-459495 customer_segment=RETAIL
2026-03-09T12:57:05.429+01:00 INFO identity-service host=identity-service-5b8f6c-p9qmz corrId=c-62ea99ab35a8b19b MitID session validated customer_id=C18192245
2026-03-09T12:57:05.545+01:00 INFO customer-service host=customer-service-5b8f6c-p9qmz corrId=c-62ea99ab35a8b19b KYC profile loaded customer_id=C18192245 risk_class=MEDIUM
2026-03-09T12:57:05.667+01:00 INFO valuation-service host=valuation-service-7c9d5b-t6zvn corrId=c-62ea99ab35a8b19b property valuation requested property_id=P0558950 provider=valuta-ejd
2026-03-09T12:57:06.215+01:00 INFO valuation-service host=valuation-service-5b8f6c-p9qmz corrId=c-62ea99ab35a8b19b property valuation received property_id=P0558950 value_dkk=4160000 latency_ms=528
2026-03-09T12:57:06.253+01:00 INFO credit-service host=credit-service-a41e92-x2k4p corrId=c-62ea99ab35a8b19b credit assessment completed application_id=APP-2026-459495 score=446 decision=APPROVED
2026-03-09T12:57:06.338+01:00 INFO offer-service host=offer-service-7c9d5b-t6zvn corrId=c-62ea99ab35a8b19b loan offer generated application_id=APP-2026-459495 loan_type=FIXED_20Y_IO principal_dkk=1575000
2026-03-09T12:57:06.356+01:00 INFO document-service host=document-service-7c9d5b-x2k4p corrId=c-62ea99ab35a8b19b offer document stored application_id=APP-2026-459495 doc_id=DOC-4440745d
2026-03-09T12:57:06.435+01:00 INFO portal-bff host=portal-bff-a41e92-x2k4p corrId=c-62ea99ab35a8b19b application completed application_id=APP-2026-459495 status=OFFER_ISSUED
2026-03-09T12:59:27.939+01:00 INFO portal-bff host=portal-bff-a41e92-t6zvn corrId=c-ba9a697e27c1c352 loan application submitted application_id=APP-2026-726666 customer_segment=SME
2026-03-09T12:59:28.070+01:00 INFO identity-service host=identity-service-5b8f6c-x2k4p corrId=c-ba9a697e27c1c352 MitID session validated customer_id=C07812327
2026-03-09T12:59:28.175+01:00 INFO customer-service host=customer-service-a41e92-t6zvn corrId=c-ba9a697e27c1c352 KYC profile loaded customer_id=C07812327 risk_class=HIGH
2026-03-09T12:59:28.310+01:00 INFO valuation-service host=valuation-service-a41e92-t6zvn corrId=c-ba9a697e27c1c352 property valuation requested property_id=P8157984 provider=valuta-ejd
2026-03-09T12:59:28.600+01:00 INFO valuation-service host=valuation-service-5b8f6c-x2k4p corrId=c-ba9a697e27c1c352 property valuation received property_id=P8157984 value_dkk=3840000 latency_ms=239
2026-03-09T12:59:28.727+01:00 INFO credit-service host=credit-service-7c9d5b-p9qmz corrId=c-ba9a697e27c1c352 credit assessment completed application_id=APP-2026-726666 score=817 decision=APPROVED
2026-03-09T12:59:28.799+01:00 INFO offer-service host=offer-service-5b8f6c-t6zvn corrId=c-ba9a697e27c1c352 loan offer generated application_id=APP-2026-726666 loan_type=FIXED_20Y_IO principal_dkk=1595000
2026-03-09T12:59:28.857+01:00 INFO document-service host=document-service-5b8f6c-x2k4p corrId=c-ba9a697e27c1c352 offer document stored application_id=APP-2026-726666 doc_id=DOC-0a63863f
2026-03-09T12:59:28.943+01:00 INFO portal-bff host=portal-bff-7c9d5b-t6zvn corrId=c-ba9a697e27c1c352 application completed application_id=APP-2026-726666 status=OFFER_ISSUED
2026-03-09T13:00:00.160+01:00 INFO payment-scheduler host=payment-scheduler-5b8f6c-x2k4p corrId=- scheduler heartbeat lag_ms=0
2026-03-09T13:00:00.297+01:00 INFO api-gateway host=api-gateway-a41e92-t6zvn corrId=- health probe ok status=200 latency_ms=26
2026-03-09T13:00:20.000+01:00 INFO config-service host=config-service-a41e92-p9qmz corrId=- configuration refreshed version=v105
2026-03-09T13:01:01.837+01:00 INFO offer-service host=offer-service-5b8f6c-p9qmz corrId=c-0b62ae7042b5b65c offer accepted application_id=APP-2026-126299
2026-03-09T13:01:01.956+01:00 INFO ledger-service host=ledger-service-5b8f6c-p9qmz corrId=c-0b62ae7042b5b65c funds reserved application_id=APP-2026-126299 amount_dkk=880000
2026-03-09T13:01:02.086+01:00 INFO payment-service host=payment-service-a41e92-t6zvn corrId=c-0b62ae7042b5b65c payout instruction sent application_id=APP-2026-126299 amount_dkk=880000
2026-03-09T13:01:02.107+01:00 INFO ledger-service host=ledger-service-5b8f6c-t6zvn corrId=c-0b62ae7042b5b65c payout booked application_id=APP-2026-126299 posting_id=PST-ee92f44fb5
2026-03-09T13:01:02.202+01:00 INFO notification-service host=notification-service-a41e92-x2k4p corrId=c-0b62ae7042b5b65c payout confirmation sent application_id=APP-2026-126299
2026-03-09T13:05:00.775+01:00 INFO api-gateway host=api-gateway-7c9d5b-t6zvn corrId=- health probe ok status=200 latency_ms=40
2026-03-09T13:07:23.229+01:00 INFO portal-bff host=portal-bff-a41e92-x2k4p corrId=c-74af38480b9d8abc loan application submitted application_id=APP-2026-274216 customer_segment=PRIVATE
2026-03-09T13:07:23.255+01:00 INFO identity-service host=identity-service-a41e92-p9qmz corrId=c-74af38480b9d8abc MitID session validated customer_id=C04008870
2026-03-09T13:07:23.325+01:00 INFO customer-service host=customer-service-7c9d5b-p9qmz corrId=c-74af38480b9d8abc KYC profile loaded customer_id=C04008870 risk_class=LOW
2026-03-09T13:07:23.436+01:00 INFO valuation-service host=valuation-service-a41e92-x2k4p corrId=c-74af38480b9d8abc property valuation requested property_id=P3113226 provider=valuta-ejd
2026-03-09T13:07:24.387+01:00 INFO valuation-service host=valuation-service-a41e92-x2k4p corrId=c-74af38480b9d8abc property valuation received property_id=P3113226 value_dkk=2750000 latency_ms=923
2026-03-09T13:07:24.458+01:00 INFO credit-service host=credit-service-a41e92-x2k4p corrId=c-74af38480b9d8abc credit assessment completed application_id=APP-2026-274216 score=529 decision=APPROVED
2026-03-09T13:07:24.556+01:00 INFO offer-service host=offer-service-a41e92-x2k4p corrId=c-74af38480b9d8abc loan offer generated application_id=APP-2026-274216 loan_type=FLEX_1Y principal_dkk=2315000
2026-03-09T13:07:24.581+01:00 INFO document-service host=document-service-a41e92-x2k4p corrId=c-74af38480b9d8abc offer document stored application_id=APP-2026-274216 doc_id=DOC-2d186800
2026-03-09T13:07:24.620+01:00 INFO portal-bff host=portal-bff-a41e92-x2k4p corrId=c-74af38480b9d8abc application completed application_id=APP-2026-274216 status=OFFER_ISSUED
2026-03-09T13:07:43.357+01:00 INFO portal-bff host=portal-bff-7c9d5b-p9qmz corrId=c-390172b74bd04e7f loan application submitted application_id=APP-2026-312634 customer_segment=RETAIL
2026-03-09T13:07:43.393+01:00 INFO identity-service host=identity-service-7c9d5b-t6zvn corrId=c-390172b74bd04e7f MitID session validated customer_id=C53116232
2026-03-09T13:07:43.491+01:00 INFO customer-service host=customer-service-a41e92-p9qmz corrId=c-390172b74bd04e7f KYC profile loaded customer_id=C53116232 risk_class=HIGH
2026-03-09T13:07:43.545+01:00 INFO valuation-service host=valuation-service-7c9d5b-x2k4p corrId=c-390172b74bd04e7f property valuation requested property_id=P0068172 provider=valuta-ejd
2026-03-09T13:07:44.156+01:00 INFO valuation-service host=valuation-service-5b8f6c-t6zvn corrId=c-390172b74bd04e7f property valuation received property_id=P0068172 value_dkk=5100000 latency_ms=496
2026-03-09T13:07:44.235+01:00 INFO credit-service host=credit-service-5b8f6c-t6zvn corrId=c-390172b74bd04e7f credit assessment completed application_id=APP-2026-312634 score=772 decision=APPROVED
2026-03-09T13:07:44.372+01:00 INFO offer-service host=offer-service-a41e92-p9qmz corrId=c-390172b74bd04e7f loan offer generated application_id=APP-2026-312634 loan_type=FIXED_20Y_IO principal_dkk=3290000
2026-03-09T13:07:44.440+01:00 INFO document-service host=document-service-5b8f6c-x2k4p corrId=c-390172b74bd04e7f offer document stored application_id=APP-2026-312634 doc_id=DOC-ba945639
2026-03-09T13:07:44.448+01:00 INFO portal-bff host=portal-bff-a41e92-p9qmz corrId=c-390172b74bd04e7f application completed application_id=APP-2026-312634 status=OFFER_ISSUED
2026-03-09T13:08:09.047+01:00 INFO portal-bff host=portal-bff-7c9d5b-t6zvn corrId=c-5de4ab0f44bd7f6d loan application submitted application_id=APP-2026-307085 customer_segment=RETAIL
2026-03-09T13:08:09.157+01:00 INFO identity-service host=identity-service-7c9d5b-x2k4p corrId=c-5de4ab0f44bd7f6d MitID session validated customer_id=C34884744
2026-03-09T13:08:09.296+01:00 INFO customer-service host=customer-service-5b8f6c-x2k4p corrId=c-5de4ab0f44bd7f6d KYC profile loaded customer_id=C34884744 risk_class=LOW
2026-03-09T13:08:09.411+01:00 INFO valuation-service host=valuation-service-5b8f6c-p9qmz corrId=c-5de4ab0f44bd7f6d property valuation served from cache property_id=P3893807 value_dkk=4870000
2026-03-09T13:08:09.450+01:00 INFO credit-service host=credit-service-7c9d5b-x2k4p corrId=c-5de4ab0f44bd7f6d credit assessment completed application_id=APP-2026-307085 score=536 decision=APPROVED
2026-03-09T13:08:09.507+01:00 INFO offer-service host=offer-service-5b8f6c-p9qmz corrId=c-5de4ab0f44bd7f6d loan offer generated application_id=APP-2026-307085 loan_type=FIXED_20Y_IO principal_dkk=1350000
2026-03-09T13:08:09.573+01:00 INFO document-service host=document-service-5b8f6c-x2k4p corrId=c-5de4ab0f44bd7f6d offer document stored application_id=APP-2026-307085 doc_id=DOC-6876bbec
2026-03-09T13:08:09.621+01:00 INFO portal-bff host=portal-bff-a41e92-t6zvn corrId=c-5de4ab0f44bd7f6d application completed application_id=APP-2026-307085 status=OFFER_ISSUED
2026-03-09T13:09:15.192+01:00 INFO portal-bff host=portal-bff-7c9d5b-x2k4p corrId=c-fcc838a1dd80e70b loan application submitted application_id=APP-2026-483926 customer_segment=RETAIL
2026-03-09T13:09:15.287+01:00 INFO identity-service host=identity-service-7c9d5b-t6zvn corrId=c-fcc838a1dd80e70b MitID session validated customer_id=C53374964
2026-03-09T13:09:15.404+01:00 INFO customer-service host=customer-service-a41e92-t6zvn corrId=c-fcc838a1dd80e70b KYC profile loaded customer_id=C53374964 risk_class=HIGH
2026-03-09T13:09:15.467+01:00 INFO valuation-service host=valuation-service-a41e92-x2k4p corrId=c-fcc838a1dd80e70b property valuation requested property_id=P0413817 provider=bolig-vurdering
2026-03-09T13:09:16.208+01:00 INFO valuation-service host=valuation-service-a41e92-p9qmz corrId=c-fcc838a1dd80e70b property valuation received property_id=P0413817 value_dkk=2710000 latency_ms=721
2026-03-09T13:09:16.343+01:00 INFO credit-service host=credit-service-7c9d5b-t6zvn corrId=c-fcc838a1dd80e70b credit assessment completed application_id=APP-2026-483926 score=533 decision=APPROVED
2026-03-09T13:09:16.398+01:00 INFO offer-service host=offer-service-a41e92-p9qmz corrId=c-fcc838a1dd80e70b loan offer generated application_id=APP-2026-483926 loan_type=FLEX_5Y principal_dkk=1825000
2026-03-09T13:09:16.452+01:00 INFO document-service host=document-service-a41e92-x2k4p corrId=c-fcc838a1dd80e70b offer document stored application_id=APP-2026-483926 doc_id=DOC-039c0cc1
2026-03-09T13:09:16.469+01:00 INFO portal-bff host=portal-bff-a41e92-t6zvn corrId=c-fcc838a1dd80e70b application completed application_id=APP-2026-483926 status=OFFER_ISSUED
2026-03-09T13:09:39.518+01:00 INFO portal-bff host=portal-bff-7c9d5b-p9qmz corrId=c-1589efb5f15dae02 loan application submitted application_id=APP-2026-767543 customer_segment=SME
2026-03-09T13:09:39.593+01:00 INFO identity-service host=identity-service-a41e92-p9qmz corrId=c-1589efb5f15dae02 MitID session validated customer_id=C81063858
2026-03-09T13:09:39.629+01:00 INFO customer-service host=customer-service-5b8f6c-p9qmz corrId=c-1589efb5f15dae02 KYC profile loaded customer_id=C81063858 risk_class=HIGH
2026-03-09T13:09:39.758+01:00 INFO valuation-service host=valuation-service-7c9d5b-p9qmz corrId=c-1589efb5f15dae02 property valuation requested property_id=P2558509 provider=bolig-vurdering
2026-03-09T13:09:40.415+01:00 INFO valuation-service host=valuation-service-5b8f6c-p9qmz corrId=c-1589efb5f15dae02 property valuation received property_id=P2558509 value_dkk=1990000 latency_ms=619
2026-03-09T13:09:40.480+01:00 INFO credit-service host=credit-service-5b8f6c-x2k4p corrId=c-1589efb5f15dae02 credit assessment completed application_id=APP-2026-767543 score=627 decision=APPROVED
2026-03-09T13:09:40.498+01:00 INFO offer-service host=offer-service-5b8f6c-x2k4p corrId=c-1589efb5f15dae02 loan offer generated application_id=APP-2026-767543 loan_type=FIXED_20Y_IO principal_dkk=1900000
2026-03-09T13:09:40.617+01:00 INFO document-service host=document-service-5b8f6c-t6zvn corrId=c-1589efb5f15dae02 offer document stored application_id=APP-2026-767543 doc_id=DOC-9867282b
2026-03-09T13:09:40.646+01:00 INFO portal-bff host=portal-bff-5b8f6c-t6zvn corrId=c-1589efb5f15dae02 application completed application_id=APP-2026-767543 status=OFFER_ISSUED
2026-03-09T13:09:51.848+01:00 INFO portal-bff host=portal-bff-a41e92-t6zvn corrId=c-7e9d099f527d5648 conversion quote requested loan_id=LN105885774 target_product=FIXED_30Y
2026-03-09T13:09:51.931+01:00 INFO identity-service host=identity-service-7c9d5b-t6zvn corrId=c-7e9d099f527d5648 MitID session validated customer_id=C55516235
2026-03-09T13:09:52.032+01:00 INFO pricing-service host=pricing-service-7c9d5b-x2k4p corrId=c-7e9d099f527d5648 bond price fetched series=BND3.0-2056 price=101.409
2026-03-09T13:09:52.134+01:00 INFO pricing-service host=pricing-service-7c9d5b-p9qmz corrId=c-7e9d099f527d5648 conversion cost calculated loan_id=LN105885774 cost_dkk=72698.73
2026-03-09T13:09:52.150+01:00 INFO quote-service host=quote-service-7c9d5b-x2k4p corrId=c-7e9d099f527d5648 conversion quote issued quote_id=Q20873167 loan_id=LN105885774
2026-03-09T13:10:00.594+01:00 INFO api-gateway host=api-gateway-5b8f6c-p9qmz corrId=- health probe ok status=200 latency_ms=2
2026-03-09T13:10:00.655+01:00 INFO payment-scheduler host=payment-scheduler-5b8f6c-t6zvn corrId=- scheduler heartbeat lag_ms=109
2026-03-09T13:10:32.093+01:00 INFO portal-bff host=portal-bff-5b8f6c-t6zvn corrId=c-4004f66cccc6cfb7 loan application submitted application_id=APP-2026-905818 customer_segment=RETAIL
2026-03-09T13:10:32.106+01:00 INFO identity-service host=identity-service-a41e92-x2k4p corrId=c-4004f66cccc6cfb7 MitID session validated customer_id=C31348092
2026-03-09T13:10:32.190+01:00 INFO customer-service host=customer-service-5b8f6c-p9qmz corrId=c-4004f66cccc6cfb7 KYC profile loaded customer_id=C31348092 risk_class=MEDIUM
2026-03-09T13:10:32.312+01:00 INFO valuation-service host=valuation-service-7c9d5b-t6zvn corrId=c-4004f66cccc6cfb7 property valuation served from cache property_id=P1394543 value_dkk=7160000
2026-03-09T13:10:32.399+01:00 INFO credit-service host=credit-service-5b8f6c-t6zvn corrId=c-4004f66cccc6cfb7 credit assessment completed application_id=APP-2026-905818 score=692 decision=APPROVED
2026-03-09T13:10:32.521+01:00 INFO offer-service host=offer-service-7c9d5b-p9qmz corrId=c-4004f66cccc6cfb7 loan offer generated application_id=APP-2026-905818 loan_type=FIXED_20Y_IO principal_dkk=5470000
2026-03-09T13:10:32.615+01:00 INFO document-service host=document-service-5b8f6c-t6zvn corrId=c-4004f66cccc6cfb7 offer document stored application_id=APP-2026-905818 doc_id=DOC-3b684615
2026-03-09T13:10:32.747+01:00 INFO portal-bff host=portal-bff-a41e92-x2k4p corrId=c-4004f66cccc6cfb7 application completed application_id=APP-2026-905818 status=OFFER_ISSUED
2026-03-09T13:10:36.854+01:00 INFO portal-bff host=portal-bff-5b8f6c-p9qmz corrId=c-9a9d5cec894f55df loan application submitted application_id=APP-2026-960759 customer_segment=RETAIL
2026-03-09T13:10:36.893+01:00 INFO identity-service host=identity-service-5b8f6c-t6zvn corrId=c-9a9d5cec894f55df MitID session validated customer_id=C56804849
2026-03-09T13:10:36.930+01:00 INFO customer-service host=customer-service-7c9d5b-t6zvn corrId=c-9a9d5cec894f55df KYC profile loaded customer_id=C56804849 risk_class=MEDIUM
2026-03-09T13:10:36.979+01:00 INFO valuation-service host=valuation-service-a41e92-t6zvn corrId=c-9a9d5cec894f55df property valuation requested property_id=P3939714 provider=valuta-ejd
2026-03-09T13:10:37.585+01:00 INFO valuation-service host=valuation-service-7c9d5b-t6zvn corrId=c-9a9d5cec894f55df property valuation received property_id=P3939714 value_dkk=6010000 latency_ms=569
2026-03-09T13:10:37.723+01:00 INFO credit-service host=credit-service-a41e92-p9qmz corrId=c-9a9d5cec894f55df credit assessment completed application_id=APP-2026-960759 score=748 decision=APPROVED
2026-03-09T13:10:37.833+01:00 INFO offer-service host=offer-service-a41e92-x2k4p corrId=c-9a9d5cec894f55df loan offer generated application_id=APP-2026-960759 loan_type=FLEX_1Y principal_dkk=4280000
2026-03-09T13:10:37.951+01:00 INFO document-service host=document-service-5b8f6c-x2k4p corrId=c-9a9d5cec894f55df offer document stored application_id=APP-2026-960759 doc_id=DOC-e9c0b02e
2026-03-09T13:10:38.072+01:00 INFO portal-bff host=portal-bff-5b8f6c-t6zvn corrId=c-9a9d5cec894f55df application completed application_id=APP-2026-960759 status=OFFER_ISSUED
2026-03-09T13:11:13.359+01:00 INFO offer-service host=offer-service-5b8f6c-t6zvn corrId=c-ac860e6e4b8fc948 offer accepted application_id=APP-2026-841013
2026-03-09T13:11:13.465+01:00 INFO ledger-service host=ledger-service-a41e92-p9qmz corrId=c-ac860e6e4b8fc948 funds reserved application_id=APP-2026-841013 amount_dkk=3215000
2026-03-09T13:11:13.561+01:00 INFO payment-service host=payment-service-7c9d5b-p9qmz corrId=c-ac860e6e4b8fc948 payout instruction sent application_id=APP-2026-841013 amount_dkk=3215000
2026-03-09T13:11:13.628+01:00 INFO ledger-service host=ledger-service-5b8f6c-x2k4p corrId=c-ac860e6e4b8fc948 payout booked application_id=APP-2026-841013 posting_id=PST-b3f4611d20
2026-03-09T13:11:13.754+01:00 INFO notification-service host=notification-service-5b8f6c-p9qmz corrId=c-ac860e6e4b8fc948 payout confirmation sent application_id=APP-2026-841013
2026-03-09T13:11:56.574+01:00 INFO portal-bff host=portal-bff-5b8f6c-x2k4p corrId=c-9d124c736111bdae loan application submitted application_id=APP-2026-042506 customer_segment=RETAIL
2026-03-09T13:11:56.641+01:00 INFO identity-service host=identity-service-7c9d5b-p9qmz corrId=c-9d124c736111bdae MitID session validated customer_id=C22922103
2026-03-09T13:11:56.701+01:00 INFO customer-service host=customer-service-7c9d5b-x2k4p corrId=c-9d124c736111bdae KYC profile loaded customer_id=C22922103 risk_class=MEDIUM
2026-03-09T13:11:56.706+01:00 INFO valuation-service host=valuation-service-7c9d5b-p9qmz corrId=c-9d124c736111bdae property valuation requested property_id=P3677003 provider=bolig-vurdering
2026-03-09T13:11:57.205+01:00 INFO valuation-service host=valuation-service-a41e92-x2k4p corrId=c-9d124c736111bdae property valuation received property_id=P3677003 value_dkk=5360000 latency_ms=430
2026-03-09T13:11:57.286+01:00 INFO credit-service host=credit-service-5b8f6c-x2k4p corrId=c-9d124c736111bdae credit assessment completed application_id=APP-2026-042506 score=701 decision=APPROVED
2026-03-09T13:11:57.368+01:00 INFO offer-service host=offer-service-a41e92-p9qmz corrId=c-9d124c736111bdae loan offer generated application_id=APP-2026-042506 loan_type=FIXED_30Y principal_dkk=5915000
2026-03-09T13:11:57.453+01:00 INFO document-service host=document-service-5b8f6c-x2k4p corrId=c-9d124c736111bdae offer document stored application_id=APP-2026-042506 doc_id=DOC-e2a34a43
2026-03-09T13:11:57.463+01:00 INFO portal-bff host=portal-bff-a41e92-x2k4p corrId=c-9d124c736111bdae application completed application_id=APP-2026-042506 status=OFFER_ISSUED
2026-03-09T13:12:45.305+01:00 INFO portal-bff host=portal-bff-5b8f6c-t6zvn corrId=c-edcc2b01268be919 loan application submitted application_id=APP-2026-957545 customer_segment=SME
2026-03-09T13:12:45.398+01:00 INFO identity-service host=identity-service-7c9d5b-p9qmz corrId=c-edcc2b01268be919 MitID session validated customer_id=C06880931
2026-03-09T13:12:45.431+01:00 INFO customer-service host=customer-service-5b8f6c-t6zvn corrId=c-edcc2b01268be919 KYC profile loaded customer_id=C06880931 risk_class=LOW
2026-03-09T13:12:45.470+01:00 INFO valuation-service host=valuation-service-7c9d5b-t6zvn corrId=c-edcc2b01268be919 property valuation requested property_id=P0691064 provider=valuta-ejd
2026-03-09T13:12:45.728+01:00 INFO valuation-service host=valuation-service-7c9d5b-x2k4p corrId=c-edcc2b01268be919 property valuation received property_id=P0691064 value_dkk=1250000 latency_ms=237
2026-03-09T13:12:45.841+01:00 INFO credit-service host=credit-service-a41e92-t6zvn corrId=c-edcc2b01268be919 credit assessment completed application_id=APP-2026-957545 score=478 decision=APPROVED
2026-03-09T13:12:45.931+01:00 INFO offer-service host=offer-service-a41e92-p9qmz corrId=c-edcc2b01268be919 loan offer generated application_id=APP-2026-957545 loan_type=FLEX_1Y principal_dkk=2520000
2026-03-09T13:12:46.052+01:00 INFO document-service host=document-service-a41e92-x2k4p corrId=c-edcc2b01268be919 offer document stored application_id=APP-2026-957545 doc_id=DOC-0fae395c
2026-03-09T13:12:46.169+01:00 INFO portal-bff host=portal-bff-a41e92-p9qmz corrId=c-edcc2b01268be919 application completed application_id=APP-2026-957545 status=OFFER_ISSUED
2026-03-09T13:13:51.169+01:00 INFO portal-bff host=portal-bff-a41e92-p9qmz corrId=c-edfacf1eddd15c98 loan application submitted application_id=APP-2026-138187 customer_segment=RETAIL
2026-03-09T13:13:51.179+01:00 INFO identity-service host=identity-service-7c9d5b-p9qmz corrId=c-edfacf1eddd15c98 MitID session validated customer_id=C54114496
2026-03-09T13:13:51.195+01:00 INFO customer-service host=customer-service-7c9d5b-t6zvn corrId=c-edfacf1eddd15c98 KYC profile loaded customer_id=C54114496 risk_class=MEDIUM
2026-03-09T13:13:51.302+01:00 INFO valuation-service host=valuation-service-a41e92-p9qmz corrId=c-edfacf1eddd15c98 property valuation served from cache property_id=P5554197 value_dkk=4060000
2026-03-09T13:13:51.346+01:00 INFO credit-service host=credit-service-5b8f6c-x2k4p corrId=c-edfacf1eddd15c98 credit assessment completed application_id=APP-2026-138187 score=838 decision=APPROVED
2026-03-09T13:13:51.433+01:00 INFO offer-service host=offer-service-7c9d5b-p9qmz corrId=c-edfacf1eddd15c98 loan offer generated application_id=APP-2026-138187 loan_type=FLEX_5Y principal_dkk=4780000
2026-03-09T13:13:51.452+01:00 INFO document-service host=document-service-7c9d5b-x2k4p corrId=c-edfacf1eddd15c98 offer document stored application_id=APP-2026-138187 doc_id=DOC-336e6ca2
2026-03-09T13:13:51.459+01:00 INFO portal-bff host=portal-bff-a41e92-t6zvn corrId=c-edfacf1eddd15c98 application completed application_id=APP-2026-138187 status=OFFER_ISSUED
2026-03-09T13:14:18.819+01:00 INFO portal-bff host=portal-bff-a41e92-p9qmz corrId=c-f880c9c169eb6fda loan application submitted application_id=APP-2026-487923 customer_segment=RETAIL
2026-03-09T13:14:18.874+01:00 INFO identity-service host=identity-service-5b8f6c-p9qmz corrId=c-f880c9c169eb6fda MitID session validated customer_id=C41043179
2026-03-09T13:14:18.993+01:00 INFO customer-service host=customer-service-5b8f6c-p9qmz corrId=c-f880c9c169eb6fda KYC profile loaded customer_id=C41043179 risk_class=HIGH
2026-03-09T13:14:19.108+01:00 INFO valuation-service host=valuation-service-a41e92-p9qmz corrId=c-f880c9c169eb6fda property valuation served from cache property_id=P2542910 value_dkk=3620000
2026-03-09T13:14:19.136+01:00 INFO credit-service host=credit-service-a41e92-p9qmz corrId=c-f880c9c169eb6fda credit assessment completed application_id=APP-2026-487923 score=573 decision=APPROVED
2026-03-09T13:14:19.262+01:00 INFO offer-service host=offer-service-7c9d5b-x2k4p corrId=c-f880c9c169eb6fda loan offer generated application_id=APP-2026-487923 loan_type=FIXED_30Y principal_dkk=1930000
2026-03-09T13:14:19.353+01:00 INFO document-service host=document-service-5b8f6c-p9qmz corrId=c-f880c9c169eb6fda offer document stored application_id=APP-2026-487923 doc_id=DOC-8626e32d
2026-03-09T13:14:19.477+01:00 INFO portal-bff host=portal-bff-a41e92-p9qmz corrId=c-f880c9c169eb6fda application completed application_id=APP-2026-487923 status=OFFER_ISSUED
2026-03-09T13:15:00.049+01:00 INFO api-gateway host=api-gateway-5b8f6c-x2k4p corrId=- health probe ok status=200 latency_ms=23
2026-03-09T13:15:27.919+01:00 INFO offer-service host=offer-service-a41e92-p9qmz corrId=c-7b20416d2fb67db7 offer accepted application_id=APP-2026-618957
2026-03-09T13:15:28.011+01:00 INFO ledger-service host=ledger-service-a41e92-p9qmz corrId=c-7b20416d2fb67db7 funds reserved application_id=APP-2026-618957 amount_dkk=4930000
2026-03-09T13:15:28.129+01:00 INFO payment-service host=payment-service-a41e92-p9qmz corrId=c-7b20416d2fb67db7 payout instruction sent application_id=APP-2026-618957 amount_dkk=4930000
2026-03-09T13:15:28.219+01:00 INFO ledger-service host=ledger-service-a41e92-x2k4p corrId=c-7b20416d2fb67db7 payout booked application_id=APP-2026-618957 posting_id=PST-fcb5ffcd3d
2026-03-09T13:15:28.282+01:00 INFO notification-service host=notification-service-7c9d5b-t6zvn corrId=c-7b20416d2fb67db7 payout confirmation sent application_id=APP-2026-618957
2026-03-09T13:15:41.095+01:00 INFO portal-bff host=portal-bff-7c9d5b-x2k4p corrId=c-43c4c7b30472f108 loan application submitted application_id=APP-2026-336479 customer_segment=PRIVATE
2026-03-09T13:15:41.197+01:00 INFO identity-service host=identity-service-a41e92-t6zvn corrId=c-43c4c7b30472f108 MitID session validated customer_id=C97721705
2026-03-09T13:15:41.226+01:00 INFO customer-service host=customer-service-5b8f6c-t6zvn corrId=c-43c4c7b30472f108 KYC profile loaded customer_id=C97721705 risk_class=MEDIUM
2026-03-09T13:15:41.267+01:00 INFO valuation-service host=valuation-service-7c9d5b-p9qmz corrId=c-43c4c7b30472f108 property valuation requested property_id=P8783657 provider=bolig-vurdering
2026-03-09T13:15:41.835+01:00 INFO valuation-service host=valuation-service-a41e92-t6zvn corrId=c-43c4c7b30472f108 property valuation received property_id=P8783657 value_dkk=2080000 latency_ms=433
2026-03-09T13:15:41.851+01:00 INFO credit-service host=credit-service-5b8f6c-t6zvn corrId=c-43c4c7b30472f108 credit assessment completed application_id=APP-2026-336479 score=816 decision=APPROVED
2026-03-09T13:15:41.942+01:00 INFO offer-service host=offer-service-a41e92-x2k4p corrId=c-43c4c7b30472f108 loan offer generated application_id=APP-2026-336479 loan_type=FLEX_5Y principal_dkk=3245000
2026-03-09T13:15:42.001+01:00 INFO document-service host=document-service-a41e92-p9qmz corrId=c-43c4c7b30472f108 offer document stored application_id=APP-2026-336479 doc_id=DOC-1a682ae6
2026-03-09T13:15:42.040+01:00 INFO portal-bff host=portal-bff-7c9d5b-p9qmz corrId=c-43c4c7b30472f108 application completed application_id=APP-2026-336479 status=OFFER_ISSUED
2026-03-09T13:16:10.443+01:00 INFO portal-bff host=portal-bff-7c9d5b-x2k4p corrId=c-862753f280a0c819 loan application submitted application_id=APP-2026-478249 customer_segment=RETAIL
2026-03-09T13:16:10.487+01:00 INFO identity-service host=identity-service-7c9d5b-x2k4p corrId=c-862753f280a0c819 MitID session validated customer_id=C08806372
2026-03-09T13:16:10.524+01:00 INFO customer-service host=customer-service-a41e92-t6zvn corrId=c-862753f280a0c819 KYC profile loaded customer_id=C08806372 risk_class=LOW
2026-03-09T13:16:10.557+01:00 INFO valuation-service host=valuation-service-7c9d5b-x2k4p corrId=c-862753f280a0c819 property valuation served from cache property_id=P9139332 value_dkk=5420000
2026-03-09T13:16:10.611+01:00 INFO credit-service host=credit-service-5b8f6c-p9qmz corrId=c-862753f280a0c819 credit assessment completed application_id=APP-2026-478249 score=676 decision=APPROVED
2026-03-09T13:16:10.648+01:00 INFO offer-service host=offer-service-5b8f6c-p9qmz corrId=c-862753f280a0c819 loan offer generated application_id=APP-2026-478249 loan_type=FLEX_1Y principal_dkk=3135000
2026-03-09T13:16:10.755+01:00 INFO document-service host=document-service-a41e92-x2k4p corrId=c-862753f280a0c819 offer document stored application_id=APP-2026-478249 doc_id=DOC-f85871f6
2026-03-09T13:16:10.891+01:00 INFO portal-bff host=portal-bff-7c9d5b-p9qmz corrId=c-862753f280a0c819 application completed application_id=APP-2026-478249 status=OFFER_ISSUED
2026-03-09T13:18:50.505+01:00 INFO portal-bff host=portal-bff-a41e92-x2k4p corrId=c-09ae4ce9561f3244 conversion quote requested loan_id=LN899808936 target_product=FIXED_30Y
2026-03-09T13:18:50.609+01:00 INFO identity-service host=identity-service-5b8f6c-t6zvn corrId=c-09ae4ce9561f3244 MitID session validated customer_id=C64263324
2026-03-09T13:18:50.727+01:00 INFO pricing-service host=pricing-service-7c9d5b-x2k4p corrId=c-09ae4ce9561f3244 bond price fetched series=BND4.0-2056 price=95.712
2026-03-09T13:18:50.839+01:00 INFO pricing-service host=pricing-service-7c9d5b-x2k4p corrId=c-09ae4ce9561f3244 conversion cost calculated loan_id=LN899808936 cost_dkk=36415.11
2026-03-09T13:18:50.844+01:00 INFO quote-service host=quote-service-5b8f6c-t6zvn corrId=c-09ae4ce9561f3244 conversion quote issued quote_id=Q83214773 loan_id=LN899808936
2026-03-09T13:20:00.343+01:00 INFO payment-scheduler host=payment-scheduler-5b8f6c-p9qmz corrId=- scheduler heartbeat lag_ms=24
2026-03-09T13:20:00.444+01:00 INFO api-gateway host=api-gateway-5b8f6c-t6zvn corrId=- health probe ok status=200 latency_ms=13
2026-03-09T13:20:00.639+01:00 INFO portal-bff host=portal-bff-7c9d5b-x2k4p corrId=c-e3e681861464e6b6 conversion quote requested loan_id=LN430125249 target_product=FIXED_30Y
2026-03-09T13:20:00.670+01:00 INFO identity-service host=identity-service-7c9d5b-x2k4p corrId=c-e3e681861464e6b6 MitID session validated customer_id=C28650545
2026-03-09T13:20:00.712+01:00 INFO pricing-service host=pricing-service-a41e92-x2k4p corrId=c-e3e681861464e6b6 bond price fetched series=BND4.0-2053 price=93.908
2026-03-09T13:20:00.823+01:00 INFO pricing-service host=pricing-service-a41e92-p9qmz corrId=c-e3e681861464e6b6 conversion cost calculated loan_id=LN430125249 cost_dkk=6804.85
2026-03-09T13:20:00.902+01:00 INFO quote-service host=quote-service-5b8f6c-t6zvn corrId=c-e3e681861464e6b6 conversion quote issued quote_id=Q46067453 loan_id=LN430125249
2026-03-09T13:20:39.177+01:00 INFO portal-bff host=portal-bff-a41e92-x2k4p corrId=c-ff0cfc83a753e3dc conversion quote requested loan_id=LN880246614 target_product=FLEX_1Y
2026-03-09T13:20:39.183+01:00 INFO identity-service host=identity-service-a41e92-p9qmz corrId=c-ff0cfc83a753e3dc MitID session validated customer_id=C99892983
2026-03-09T13:20:39.255+01:00 INFO pricing-service host=pricing-service-5b8f6c-p9qmz corrId=c-ff0cfc83a753e3dc bond price fetched series=BND2.5-2053 price=91.855
2026-03-09T13:20:39.382+01:00 INFO pricing-service host=pricing-service-5b8f6c-x2k4p corrId=c-ff0cfc83a753e3dc conversion cost calculated loan_id=LN880246614 cost_dkk=61893.47
2026-03-09T13:20:39.470+01:00 INFO quote-service host=quote-service-7c9d5b-x2k4p corrId=c-ff0cfc83a753e3dc conversion quote issued quote_id=Q17286042 loan_id=LN880246614
2026-03-09T13:21:10.525+01:00 INFO portal-bff host=portal-bff-a41e92-t6zvn corrId=c-6a93f453b80685fd loan application submitted application_id=APP-2026-815287 customer_segment=PRIVATE
2026-03-09T13:21:10.587+01:00 INFO identity-service host=identity-service-7c9d5b-t6zvn corrId=c-6a93f453b80685fd MitID session validated customer_id=C69978367
2026-03-09T13:21:10.691+01:00 INFO customer-service host=customer-service-5b8f6c-p9qmz corrId=c-6a93f453b80685fd KYC profile loaded customer_id=C69978367 risk_class=LOW
2026-03-09T13:21:10.818+01:00 INFO valuation-service host=valuation-service-5b8f6c-p9qmz corrId=c-6a93f453b80685fd property valuation served from cache property_id=P4931347 value_dkk=4290000
2026-03-09T13:21:10.893+01:00 INFO credit-service host=credit-service-5b8f6c-t6zvn corrId=c-6a93f453b80685fd credit assessment completed application_id=APP-2026-815287 score=656 decision=APPROVED
2026-03-09T13:21:11.012+01:00 INFO offer-service host=offer-service-a41e92-p9qmz corrId=c-6a93f453b80685fd loan offer generated application_id=APP-2026-815287 loan_type=FLEX_1Y principal_dkk=5165000
2026-03-09T13:21:11.073+01:00 INFO document-service host=document-service-7c9d5b-p9qmz corrId=c-6a93f453b80685fd offer document stored application_id=APP-2026-815287 doc_id=DOC-a9049155
2026-03-09T13:21:11.168+01:00 INFO portal-bff host=portal-bff-5b8f6c-x2k4p corrId=c-6a93f453b80685fd application completed application_id=APP-2026-815287 status=OFFER_ISSUED
2026-03-09T13:21:45.564+01:00 INFO portal-bff host=portal-bff-7c9d5b-t6zvn corrId=c-a81b824237c22fc4 conversion quote requested loan_id=LN596113416 target_product=FIXED_30Y
2026-03-09T13:21:45.699+01:00 INFO identity-service host=identity-service-a41e92-p9qmz corrId=c-a81b824237c22fc4 MitID session validated customer_id=C98071774
2026-03-09T13:21:45.711+01:00 INFO pricing-service host=pricing-service-a41e92-x2k4p corrId=c-a81b824237c22fc4 bond price fetched series=BND3.0-2056 price=97.474
2026-03-09T13:21:45.806+01:00 INFO pricing-service host=pricing-service-5b8f6c-t6zvn corrId=c-a81b824237c22fc4 conversion cost calculated loan_id=LN596113416 cost_dkk=29564.68
2026-03-09T13:21:45.874+01:00 INFO quote-service host=quote-service-a41e92-x2k4p corrId=c-a81b824237c22fc4 conversion quote issued quote_id=Q86213114 loan_id=LN596113416
2026-03-09T13:23:58.956+01:00 INFO portal-bff host=portal-bff-7c9d5b-t6zvn corrId=c-64403cef98112647 loan application submitted application_id=APP-2026-834528 customer_segment=RETAIL
2026-03-09T13:23:59.036+01:00 INFO identity-service host=identity-service-a41e92-t6zvn corrId=c-64403cef98112647 MitID session validated customer_id=C81912624
2026-03-09T13:23:59.164+01:00 INFO customer-service host=customer-service-7c9d5b-x2k4p corrId=c-64403cef98112647 KYC profile loaded customer_id=C81912624 risk_class=LOW
2026-03-09T13:23:59.254+01:00 INFO valuation-service host=valuation-service-7c9d5b-p9qmz corrId=c-64403cef98112647 property valuation requested property_id=P1995372 provider=valuta-ejd
2026-03-09T13:24:00.293+01:00 INFO valuation-service host=valuation-service-a41e92-x2k4p corrId=c-64403cef98112647 property valuation received property_id=P1995372 value_dkk=1580000 latency_ms=935
2026-03-09T13:24:00.326+01:00 INFO credit-service host=credit-service-7c9d5b-x2k4p corrId=c-64403cef98112647 credit assessment completed application_id=APP-2026-834528 score=723 decision=APPROVED
2026-03-09T13:24:00.400+01:00 INFO offer-service host=offer-service-5b8f6c-x2k4p corrId=c-64403cef98112647 loan offer generated application_id=APP-2026-834528 loan_type=FIXED_30Y principal_dkk=1995000
2026-03-09T13:24:00.529+01:00 INFO document-service host=document-service-5b8f6c-t6zvn corrId=c-64403cef98112647 offer document stored application_id=APP-2026-834528 doc_id=DOC-aadb9acb
2026-03-09T13:24:00.617+01:00 INFO portal-bff host=portal-bff-5b8f6c-x2k4p corrId=c-64403cef98112647 application completed application_id=APP-2026-834528 status=OFFER_ISSUED
2026-03-09T13:25:00.467+01:00 INFO api-gateway host=api-gateway-7c9d5b-t6zvn corrId=- health probe ok status=200 latency_ms=20
2026-03-09T13:25:37.073+01:00 INFO portal-bff host=portal-bff-7c9d5b-t6zvn corrId=c-1da19979246abad3 loan application submitted application_id=APP-2026-894325 customer_segment=RETAIL
2026-03-09T13:25:37.155+01:00 INFO identity-service host=identity-service-a41e92-t6zvn corrId=c-1da19979246abad3 MitID session validated customer_id=C59785214
2026-03-09T13:25:37.189+01:00 INFO customer-service host=customer-service-5b8f6c-t6zvn corrId=c-1da19979246abad3 KYC profile loaded customer_id=C59785214 risk_class=HIGH
2026-03-09T13:25:37.240+01:00 INFO valuation-service host=valuation-service-7c9d5b-t6zvn corrId=c-1da19979246abad3 property valuation requested property_id=P6161914 provider=bolig-vurdering
2026-03-09T13:25:37.690+01:00 INFO valuation-service host=valuation-service-a41e92-t6zvn corrId=c-1da19979246abad3 property valuation received property_id=P6161914 value_dkk=2620000 latency_ms=408
2026-03-09T13:25:37.792+01:00 INFO credit-service host=credit-service-a41e92-t6zvn corrId=c-1da19979246abad3 credit assessment completed application_id=APP-2026-894325 score=716 decision=APPROVED
2026-03-09T13:25:37.856+01:00 INFO offer-service host=offer-service-a41e92-x2k4p corrId=c-1da19979246abad3 loan offer generated application_id=APP-2026-894325 loan_type=FIXED_30Y principal_dkk=1590000
2026-03-09T13:25:37.978+01:00 INFO document-service host=document-service-7c9d5b-x2k4p corrId=c-1da19979246abad3 offer document stored application_id=APP-2026-894325 doc_id=DOC-5715db7c
2026-03-09T13:25:38.066+01:00 INFO portal-bff host=portal-bff-5b8f6c-p9qmz corrId=c-1da19979246abad3 application completed application_id=APP-2026-894325 status=OFFER_ISSUED
2026-03-09T13:26:43.107+01:00 INFO portal-bff host=portal-bff-a41e92-t6zvn corrId=c-cd1981a8a8813c2a loan application submitted application_id=APP-2026-486829 customer_segment=PRIVATE
2026-03-09T13:26:43.131+01:00 INFO identity-service host=identity-service-5b8f6c-p9qmz corrId=c-cd1981a8a8813c2a MitID session validated customer_id=C99619268
2026-03-09T13:26:43.206+01:00 INFO customer-service host=customer-service-a41e92-t6zvn corrId=c-cd1981a8a8813c2a KYC profile loaded customer_id=C99619268 risk_class=HIGH
2026-03-09T13:26:43.270+01:00 INFO valuation-service host=valuation-service-5b8f6c-p9qmz corrId=c-cd1981a8a8813c2a property valuation requested property_id=P7285948 provider=bolig-vurdering
2026-03-09T13:26:43.805+01:00 INFO valuation-service host=valuation-service-a41e92-p9qmz corrId=c-cd1981a8a8813c2a property valuation received property_id=P7285948 value_dkk=4850000 latency_ms=427
2026-03-09T13:26:43.933+01:00 INFO credit-service host=credit-service-7c9d5b-p9qmz corrId=c-cd1981a8a8813c2a credit assessment completed application_id=APP-2026-486829 score=608 decision=APPROVED
2026-03-09T13:26:44.065+01:00 INFO offer-service host=offer-service-a41e92-t6zvn corrId=c-cd1981a8a8813c2a loan offer generated application_id=APP-2026-486829 loan_type=FLEX_5Y principal_dkk=3250000
2026-03-09T13:26:44.198+01:00 INFO document-service host=document-service-a41e92-x2k4p corrId=c-cd1981a8a8813c2a offer document stored application_id=APP-2026-486829 doc_id=DOC-714b8097
2026-03-09T13:26:44.208+01:00 INFO portal-bff host=portal-bff-a41e92-x2k4p corrId=c-cd1981a8a8813c2a application completed application_id=APP-2026-486829 status=OFFER_ISSUED
2026-03-09T13:26:59.155+01:00 INFO portal-bff host=portal-bff-5b8f6c-x2k4p corrId=c-b3f7659e49c68e6e loan application submitted application_id=APP-2026-666327 customer_segment=SME
2026-03-09T13:26:59.178+01:00 INFO identity-service host=identity-service-7c9d5b-x2k4p corrId=c-b3f7659e49c68e6e MitID session validated customer_id=C86087179
2026-03-09T13:26:59.196+01:00 INFO customer-service host=customer-service-a41e92-p9qmz corrId=c-b3f7659e49c68e6e KYC profile loaded customer_id=C86087179 risk_class=LOW
2026-03-09T13:26:59.312+01:00 INFO valuation-service host=valuation-service-7c9d5b-x2k4p corrId=c-b3f7659e49c68e6e property valuation requested property_id=P8687520 provider=bolig-vurdering
2026-03-09T13:26:59.734+01:00 INFO valuation-service host=valuation-service-a41e92-x2k4p corrId=c-b3f7659e49c68e6e property valuation received property_id=P8687520 value_dkk=2330000 latency_ms=358
2026-03-09T13:26:59.793+01:00 INFO credit-service host=credit-service-7c9d5b-p9qmz corrId=c-b3f7659e49c68e6e credit assessment completed application_id=APP-2026-666327 score=424 decision=APPROVED
2026-03-09T13:26:59.832+01:00 INFO offer-service host=offer-service-a41e92-t6zvn corrId=c-b3f7659e49c68e6e loan offer generated application_id=APP-2026-666327 loan_type=FIXED_20Y_IO principal_dkk=785000
2026-03-09T13:26:59.915+01:00 INFO document-service host=document-service-a41e92-p9qmz corrId=c-b3f7659e49c68e6e offer document stored application_id=APP-2026-666327 doc_id=DOC-4e62a654
2026-03-09T13:26:59.939+01:00 INFO portal-bff host=portal-bff-a41e92-t6zvn corrId=c-b3f7659e49c68e6e application completed application_id=APP-2026-666327 status=OFFER_ISSUED
2026-03-09T13:30:00.737+01:00 INFO payment-scheduler host=payment-scheduler-7c9d5b-p9qmz corrId=- scheduler heartbeat lag_ms=24
2026-03-09T13:30:00.776+01:00 INFO api-gateway host=api-gateway-7c9d5b-x2k4p corrId=- health probe ok status=200 latency_ms=40
2026-03-09T13:31:13.572+01:00 INFO portal-bff host=portal-bff-7c9d5b-x2k4p corrId=c-6d5a51400a4901ff loan application submitted application_id=APP-2026-790023 customer_segment=RETAIL
2026-03-09T13:31:13.638+01:00 INFO identity-service host=identity-service-5b8f6c-t6zvn corrId=c-6d5a51400a4901ff MitID session validated customer_id=C14505885
2026-03-09T13:31:13.736+01:00 INFO customer-service host=customer-service-a41e92-t6zvn corrId=c-6d5a51400a4901ff KYC profile loaded customer_id=C14505885 risk_class=MEDIUM
2026-03-09T13:31:13.750+01:00 INFO valuation-service host=valuation-service-7c9d5b-t6zvn corrId=c-6d5a51400a4901ff property valuation requested property_id=P6475506 provider=bolig-vurdering
2026-03-09T13:31:14.290+01:00 INFO valuation-service host=valuation-service-5b8f6c-p9qmz corrId=c-6d5a51400a4901ff property valuation received property_id=P6475506 value_dkk=7030000 latency_ms=523
2026-03-09T13:31:14.322+01:00 INFO credit-service host=credit-service-7c9d5b-p9qmz corrId=c-6d5a51400a4901ff credit assessment completed application_id=APP-2026-790023 score=533 decision=APPROVED
2026-03-09T13:31:14.457+01:00 INFO offer-service host=offer-service-a41e92-p9qmz corrId=c-6d5a51400a4901ff loan offer generated application_id=APP-2026-790023 loan_type=FLEX_5Y principal_dkk=5615000
2026-03-09T13:31:14.582+01:00 INFO document-service host=document-service-7c9d5b-x2k4p corrId=c-6d5a51400a4901ff offer document stored application_id=APP-2026-790023 doc_id=DOC-8e6fd2b3
2026-03-09T13:31:14.609+01:00 INFO portal-bff host=portal-bff-a41e92-t6zvn corrId=c-6d5a51400a4901ff application completed application_id=APP-2026-790023 status=OFFER_ISSUED
2026-03-09T13:32:15.814+01:00 INFO portal-bff host=portal-bff-a41e92-x2k4p corrId=c-bbce19616de6ae88 conversion quote requested loan_id=LN215379517 target_product=FIXED_30Y
2026-03-09T13:32:15.864+01:00 INFO identity-service host=identity-service-a41e92-p9qmz corrId=c-bbce19616de6ae88 MitID session validated customer_id=C94506618
2026-03-09T13:32:15.981+01:00 INFO pricing-service host=pricing-service-a41e92-t6zvn corrId=c-bbce19616de6ae88 bond price fetched series=BND2.5-2056 price=97.786
2026-03-09T13:32:16.084+01:00 INFO pricing-service host=pricing-service-a41e92-t6zvn corrId=c-bbce19616de6ae88 conversion cost calculated loan_id=LN215379517 cost_dkk=56416.02
2026-03-09T13:32:16.154+01:00 INFO quote-service host=quote-service-5b8f6c-t6zvn corrId=c-bbce19616de6ae88 conversion quote issued quote_id=Q04228071 loan_id=LN215379517
2026-03-09T13:34:19.689+01:00 INFO portal-bff host=portal-bff-a41e92-x2k4p corrId=c-55ba8eb628f52173 loan application submitted application_id=APP-2026-047921 customer_segment=PRIVATE
2026-03-09T13:34:19.773+01:00 INFO identity-service host=identity-service-a41e92-p9qmz corrId=c-55ba8eb628f52173 MitID session validated customer_id=C10206045
2026-03-09T13:34:19.779+01:00 INFO customer-service host=customer-service-5b8f6c-t6zvn corrId=c-55ba8eb628f52173 KYC profile loaded customer_id=C10206045 risk_class=MEDIUM
2026-03-09T13:34:19.794+01:00 INFO valuation-service host=valuation-service-5b8f6c-t6zvn corrId=c-55ba8eb628f52173 property valuation requested property_id=P6562860 provider=bolig-vurdering
2026-03-09T13:34:20.318+01:00 INFO valuation-service host=valuation-service-5b8f6c-p9qmz corrId=c-55ba8eb628f52173 property valuation received property_id=P6562860 value_dkk=850000 latency_ms=494
2026-03-09T13:34:20.398+01:00 INFO credit-service host=credit-service-5b8f6c-p9qmz corrId=c-55ba8eb628f52173 credit assessment completed application_id=APP-2026-047921 score=497 decision=APPROVED
2026-03-09T13:34:20.460+01:00 INFO offer-service host=offer-service-a41e92-x2k4p corrId=c-55ba8eb628f52173 loan offer generated application_id=APP-2026-047921 loan_type=FIXED_20Y_IO principal_dkk=2605000
2026-03-09T13:34:20.501+01:00 INFO document-service host=document-service-7c9d5b-t6zvn corrId=c-55ba8eb628f52173 offer document stored application_id=APP-2026-047921 doc_id=DOC-277eb84f
2026-03-09T13:34:20.553+01:00 INFO portal-bff host=portal-bff-5b8f6c-x2k4p corrId=c-55ba8eb628f52173 application completed application_id=APP-2026-047921 status=OFFER_ISSUED
2026-03-09T13:34:23.528+01:00 INFO portal-bff host=portal-bff-7c9d5b-x2k4p corrId=c-42c0c37ac84be212 loan application submitted application_id=APP-2026-872746 customer_segment=RETAIL
2026-03-09T13:34:23.647+01:00 INFO identity-service host=identity-service-7c9d5b-x2k4p corrId=c-42c0c37ac84be212 MitID session validated customer_id=C39670439
2026-03-09T13:34:23.676+01:00 INFO customer-service host=customer-service-7c9d5b-x2k4p corrId=c-42c0c37ac84be212 KYC profile loaded customer_id=C39670439 risk_class=LOW
2026-03-09T13:34:23.717+01:00 INFO valuation-service host=valuation-service-5b8f6c-t6zvn corrId=c-42c0c37ac84be212 property valuation requested property_id=P8998735 provider=valuta-ejd
2026-03-09T13:34:24.527+01:00 INFO valuation-service host=valuation-service-7c9d5b-t6zvn corrId=c-42c0c37ac84be212 property valuation received property_id=P8998735 value_dkk=8870000 latency_ms=790
2026-03-09T13:34:24.605+01:00 INFO credit-service host=credit-service-7c9d5b-x2k4p corrId=c-42c0c37ac84be212 credit assessment completed application_id=APP-2026-872746 score=531 decision=APPROVED
2026-03-09T13:34:24.727+01:00 INFO offer-service host=offer-service-7c9d5b-x2k4p corrId=c-42c0c37ac84be212 loan offer generated application_id=APP-2026-872746 loan_type=FIXED_20Y_IO principal_dkk=2310000
2026-03-09T13:34:24.767+01:00 INFO document-service host=document-service-5b8f6c-t6zvn corrId=c-42c0c37ac84be212 offer document stored application_id=APP-2026-872746 doc_id=DOC-161d7ac5
2026-03-09T13:34:24.776+01:00 INFO portal-bff host=portal-bff-a41e92-x2k4p corrId=c-42c0c37ac84be212 application completed application_id=APP-2026-872746 status=OFFER_ISSUED
2026-03-09T13:35:00.057+01:00 INFO api-gateway host=api-gateway-7c9d5b-p9qmz corrId=- health probe ok status=200 latency_ms=6
2026-03-09T13:39:01.293+01:00 INFO portal-bff host=portal-bff-5b8f6c-x2k4p corrId=c-9137a112d851bfbf conversion quote requested loan_id=LN116602254 target_product=FLEX_1Y
2026-03-09T13:39:01.326+01:00 INFO identity-service host=identity-service-7c9d5b-t6zvn corrId=c-9137a112d851bfbf MitID session validated customer_id=C31819779
2026-03-09T13:39:01.405+01:00 INFO pricing-service host=pricing-service-5b8f6c-t6zvn corrId=c-9137a112d851bfbf bond price fetched series=BND3.0-2053 price=92.528
2026-03-09T13:39:01.526+01:00 INFO pricing-service host=pricing-service-a41e92-x2k4p corrId=c-9137a112d851bfbf conversion cost calculated loan_id=LN116602254 cost_dkk=23609.88
2026-03-09T13:39:01.639+01:00 INFO quote-service host=quote-service-a41e92-x2k4p corrId=c-9137a112d851bfbf conversion quote issued quote_id=Q06311633 loan_id=LN116602254
2026-03-09T13:40:00.207+01:00 INFO payment-scheduler host=payment-scheduler-5b8f6c-t6zvn corrId=- scheduler heartbeat lag_ms=95
2026-03-09T13:40:00.757+01:00 INFO api-gateway host=api-gateway-a41e92-t6zvn corrId=- health probe ok status=200 latency_ms=10
2026-03-09T13:40:20.292+01:00 INFO portal-bff host=portal-bff-5b8f6c-t6zvn corrId=c-fc1ada2728b3a122 loan application submitted application_id=APP-2026-443494 customer_segment=SME
2026-03-09T13:40:20.412+01:00 INFO identity-service host=identity-service-a41e92-x2k4p corrId=c-fc1ada2728b3a122 MitID session validated customer_id=C01497643
2026-03-09T13:40:20.537+01:00 INFO customer-service host=customer-service-a41e92-x2k4p corrId=c-fc1ada2728b3a122 KYC profile loaded customer_id=C01497643 risk_class=MEDIUM
2026-03-09T13:40:20.551+01:00 INFO valuation-service host=valuation-service-5b8f6c-x2k4p corrId=c-fc1ada2728b3a122 property valuation requested property_id=P4072642 provider=valuta-ejd
2026-03-09T13:40:20.962+01:00 INFO valuation-service host=valuation-service-7c9d5b-p9qmz corrId=c-fc1ada2728b3a122 property valuation received property_id=P4072642 value_dkk=6070000 latency_ms=293
2026-03-09T13:40:21.095+01:00 INFO credit-service host=credit-service-7c9d5b-p9qmz corrId=c-fc1ada2728b3a122 credit assessment completed application_id=APP-2026-443494 score=826 decision=APPROVED
2026-03-09T13:40:21.229+01:00 INFO offer-service host=offer-service-a41e92-p9qmz corrId=c-fc1ada2728b3a122 loan offer generated application_id=APP-2026-443494 loan_type=FIXED_20Y_IO principal_dkk=2075000
2026-03-09T13:40:21.349+01:00 INFO document-service host=document-service-a41e92-p9qmz corrId=c-fc1ada2728b3a122 offer document stored application_id=APP-2026-443494 doc_id=DOC-68f727bc
2026-03-09T13:40:21.457+01:00 INFO portal-bff host=portal-bff-7c9d5b-x2k4p corrId=c-fc1ada2728b3a122 application completed application_id=APP-2026-443494 status=OFFER_ISSUED
2026-03-09T13:41:15.907+01:00 INFO offer-service host=offer-service-5b8f6c-p9qmz corrId=c-c4facbe065ddf2d8 offer accepted application_id=APP-2026-174067
2026-03-09T13:41:15.955+01:00 INFO ledger-service host=ledger-service-a41e92-p9qmz corrId=c-c4facbe065ddf2d8 funds reserved application_id=APP-2026-174067 amount_dkk=1800000
2026-03-09T13:41:16.092+01:00 INFO payment-service host=payment-service-5b8f6c-t6zvn corrId=c-c4facbe065ddf2d8 payout instruction sent application_id=APP-2026-174067 amount_dkk=1800000
2026-03-09T13:41:16.098+01:00 INFO ledger-service host=ledger-service-7c9d5b-p9qmz corrId=c-c4facbe065ddf2d8 payout booked application_id=APP-2026-174067 posting_id=PST-9af30fd3b9
2026-03-09T13:41:16.180+01:00 INFO notification-service host=notification-service-5b8f6c-p9qmz corrId=c-c4facbe065ddf2d8 payout confirmation sent application_id=APP-2026-174067
2026-03-09T13:43:13.914+01:00 INFO portal-bff host=portal-bff-a41e92-p9qmz corrId=c-977e2427b486543b loan application submitted application_id=APP-2026-420377 customer_segment=PRIVATE
2026-03-09T13:43:14.023+01:00 INFO identity-service host=identity-service-5b8f6c-t6zvn corrId=c-977e2427b486543b MitID session validated customer_id=C30512866
2026-03-09T13:43:14.127+01:00 INFO customer-service host=customer-service-5b8f6c-x2k4p corrId=c-977e2427b486543b KYC profile loaded customer_id=C30512866 risk_class=LOW
2026-03-09T13:43:14.161+01:00 INFO valuation-service host=valuation-service-a41e92-x2k4p corrId=c-977e2427b486543b property valuation requested property_id=P4617821 provider=valuta-ejd
2026-03-09T13:43:14.686+01:00 INFO valuation-service host=valuation-service-7c9d5b-p9qmz corrId=c-977e2427b486543b property valuation received property_id=P4617821 value_dkk=850000 latency_ms=408
2026-03-09T13:43:14.693+01:00 INFO credit-service host=credit-service-a41e92-t6zvn corrId=c-977e2427b486543b credit assessment completed application_id=APP-2026-420377 score=783 decision=APPROVED
2026-03-09T13:43:14.763+01:00 INFO offer-service host=offer-service-5b8f6c-t6zvn corrId=c-977e2427b486543b loan offer generated application_id=APP-2026-420377 loan_type=FLEX_1Y principal_dkk=785000
2026-03-09T13:43:14.866+01:00 INFO document-service host=document-service-a41e92-x2k4p corrId=c-977e2427b486543b offer document stored application_id=APP-2026-420377 doc_id=DOC-b0040fbc
2026-03-09T13:43:14.971+01:00 INFO portal-bff host=portal-bff-7c9d5b-p9qmz corrId=c-977e2427b486543b application completed application_id=APP-2026-420377 status=OFFER_ISSUED
2026-03-09T13:45:00.841+01:00 INFO api-gateway host=api-gateway-a41e92-x2k4p corrId=- health probe ok status=200 latency_ms=37
2026-03-09T13:45:20.551+01:00 INFO portal-bff host=portal-bff-5b8f6c-t6zvn corrId=c-95ca61a8474e2ba2 loan application submitted application_id=APP-2026-159867 customer_segment=PRIVATE
2026-03-09T13:45:20.605+01:00 INFO identity-service host=identity-service-5b8f6c-p9qmz corrId=c-95ca61a8474e2ba2 MitID session validated customer_id=C42911529
2026-03-09T13:45:20.636+01:00 INFO customer-service host=customer-service-7c9d5b-p9qmz corrId=c-95ca61a8474e2ba2 KYC profile loaded customer_id=C42911529 risk_class=LOW
2026-03-09T13:45:20.663+01:00 INFO valuation-service host=valuation-service-a41e92-x2k4p corrId=c-95ca61a8474e2ba2 property valuation requested property_id=P5269227 provider=valuta-ejd
2026-03-09T13:45:21.679+01:00 INFO valuation-service host=valuation-service-7c9d5b-x2k4p corrId=c-95ca61a8474e2ba2 property valuation received property_id=P5269227 value_dkk=5260000 latency_ms=933
2026-03-09T13:45:21.804+01:00 INFO credit-service host=credit-service-a41e92-x2k4p corrId=c-95ca61a8474e2ba2 credit assessment completed application_id=APP-2026-159867 score=810 decision=APPROVED
2026-03-09T13:45:21.894+01:00 INFO offer-service host=offer-service-7c9d5b-t6zvn corrId=c-95ca61a8474e2ba2 loan offer generated application_id=APP-2026-159867 loan_type=FLEX_5Y principal_dkk=5920000
2026-03-09T13:45:22.003+01:00 INFO document-service host=document-service-7c9d5b-x2k4p corrId=c-95ca61a8474e2ba2 offer document stored application_id=APP-2026-159867 doc_id=DOC-25b5f9ad
2026-03-09T13:45:22.128+01:00 INFO portal-bff host=portal-bff-a41e92-x2k4p corrId=c-95ca61a8474e2ba2 application completed application_id=APP-2026-159867 status=OFFER_ISSUED
2026-03-09T13:46:05.319+01:00 INFO portal-bff host=portal-bff-7c9d5b-t6zvn corrId=c-9f1c4b7eb5d050eb loan application submitted application_id=APP-2026-280007 customer_segment=PRIVATE
2026-03-09T13:46:05.402+01:00 INFO identity-service host=identity-service-7c9d5b-x2k4p corrId=c-9f1c4b7eb5d050eb MitID session validated customer_id=C43233473
2026-03-09T13:46:05.535+01:00 INFO customer-service host=customer-service-5b8f6c-x2k4p corrId=c-9f1c4b7eb5d050eb KYC profile loaded customer_id=C43233473 risk_class=MEDIUM
2026-03-09T13:46:05.614+01:00 INFO valuation-service host=valuation-service-5b8f6c-p9qmz corrId=c-9f1c4b7eb5d050eb property valuation requested property_id=P7982609 provider=bolig-vurdering
2026-03-09T13:46:06.008+01:00 INFO valuation-service host=valuation-service-a41e92-p9qmz corrId=c-9f1c4b7eb5d050eb property valuation received property_id=P7982609 value_dkk=5180000 latency_ms=340
2026-03-09T13:46:06.119+01:00 INFO credit-service host=credit-service-7c9d5b-p9qmz corrId=c-9f1c4b7eb5d050eb credit assessment completed application_id=APP-2026-280007 score=693 decision=APPROVED
2026-03-09T13:46:06.231+01:00 INFO offer-service host=offer-service-5b8f6c-x2k4p corrId=c-9f1c4b7eb5d050eb loan offer generated application_id=APP-2026-280007 loan_type=FIXED_20Y_IO principal_dkk=1450000
2026-03-09T13:46:06.269+01:00 INFO document-service host=document-service-7c9d5b-t6zvn corrId=c-9f1c4b7eb5d050eb offer document stored application_id=APP-2026-280007 doc_id=DOC-4cbbd1fb
2026-03-09T13:46:06.319+01:00 INFO portal-bff host=portal-bff-7c9d5b-p9qmz corrId=c-9f1c4b7eb5d050eb application completed application_id=APP-2026-280007 status=OFFER_ISSUED
2026-03-09T13:47:33.284+01:00 INFO portal-bff host=portal-bff-7c9d5b-t6zvn corrId=c-986db3f7414174e4 loan application submitted application_id=APP-2026-208155 customer_segment=PRIVATE
2026-03-09T13:47:33.356+01:00 INFO identity-service host=identity-service-7c9d5b-t6zvn corrId=c-986db3f7414174e4 MitID session validated customer_id=C21774423
2026-03-09T13:47:33.415+01:00 INFO customer-service host=customer-service-5b8f6c-t6zvn corrId=c-986db3f7414174e4 KYC profile loaded customer_id=C21774423 risk_class=LOW
2026-03-09T13:47:33.422+01:00 INFO valuation-service host=valuation-service-7c9d5b-p9qmz corrId=c-986db3f7414174e4 property valuation requested property_id=P6807346 provider=valuta-ejd
2026-03-09T13:47:33.831+01:00 INFO valuation-service host=valuation-service-5b8f6c-x2k4p corrId=c-986db3f7414174e4 property valuation received property_id=P6807346 value_dkk=6660000 latency_ms=295
2026-03-09T13:47:33.842+01:00 INFO credit-service host=credit-service-5b8f6c-t6zvn corrId=c-986db3f7414174e4 credit assessment completed application_id=APP-2026-208155 score=589 decision=APPROVED
2026-03-09T13:47:33.942+01:00 INFO offer-service host=offer-service-a41e92-x2k4p corrId=c-986db3f7414174e4 loan offer generated application_id=APP-2026-208155 loan_type=FLEX_5Y principal_dkk=4460000
2026-03-09T13:47:34.012+01:00 INFO document-service host=document-service-5b8f6c-t6zvn corrId=c-986db3f7414174e4 offer document stored application_id=APP-2026-208155 doc_id=DOC-f7808de8
2026-03-09T13:47:34.089+01:00 INFO portal-bff host=portal-bff-7c9d5b-x2k4p corrId=c-986db3f7414174e4 application completed application_id=APP-2026-208155 status=OFFER_ISSUED
2026-03-09T13:48:49.181+01:00 INFO portal-bff host=portal-bff-5b8f6c-p9qmz corrId=c-43f1604e291a6c29 conversion quote requested loan_id=LN799246186 target_product=FLEX_5Y
2026-03-09T13:48:49.304+01:00 INFO identity-service host=identity-service-5b8f6c-t6zvn corrId=c-43f1604e291a6c29 MitID session validated customer_id=C68281942
2026-03-09T13:48:49.330+01:00 INFO pricing-service host=pricing-service-7c9d5b-p9qmz corrId=c-43f1604e291a6c29 bond price fetched series=BND2.5-2053 price=97.123
2026-03-09T13:48:49.413+01:00 INFO pricing-service host=pricing-service-5b8f6c-p9qmz corrId=c-43f1604e291a6c29 conversion cost calculated loan_id=LN799246186 cost_dkk=41267.75
2026-03-09T13:48:49.537+01:00 INFO quote-service host=quote-service-7c9d5b-x2k4p corrId=c-43f1604e291a6c29 conversion quote issued quote_id=Q54882752 loan_id=LN799246186
2026-03-09T13:50:00.497+01:00 INFO payment-scheduler host=payment-scheduler-a41e92-x2k4p corrId=- scheduler heartbeat lag_ms=11
2026-03-09T13:50:00.539+01:00 INFO api-gateway host=api-gateway-a41e92-p9qmz corrId=- health probe ok status=200 latency_ms=29
2026-03-09T13:52:03.246+01:00 INFO portal-bff host=portal-bff-a41e92-t6zvn corrId=c-c1597a74714ccd27 loan application submitted application_id=APP-2026-462131 customer_segment=RETAIL
2026-03-09T13:52:03.373+01:00 INFO identity-service host=identity-service-5b8f6c-x2k4p corrId=c-c1597a74714ccd27 MitID session validated customer_id=C17430539
2026-03-09T13:52:03.397+01:00 INFO customer-service host=customer-service-7c9d5b-x2k4p corrId=c-c1597a74714ccd27 KYC profile loaded customer_id=C17430539 risk_class=MEDIUM
2026-03-09T13:52:03.460+01:00 INFO valuation-service host=valuation-service-5b8f6c-t6zvn corrId=c-c1597a74714ccd27 property valuation served from cache property_id=P5314805 value_dkk=4800000
2026-03-09T13:52:03.471+01:00 INFO credit-service host=credit-service-7c9d5b-x2k4p corrId=c-c1597a74714ccd27 credit assessment completed application_id=APP-2026-462131 score=676 decision=APPROVED
2026-03-09T13:52:03.542+01:00 INFO offer-service host=offer-service-7c9d5b-x2k4p corrId=c-c1597a74714ccd27 loan offer generated application_id=APP-2026-462131 loan_type=FIXED_20Y_IO principal_dkk=4160000
2026-03-09T13:52:03.572+01:00 INFO document-service host=document-service-a41e92-p9qmz corrId=c-c1597a74714ccd27 offer document stored application_id=APP-2026-462131 doc_id=DOC-13b36839
2026-03-09T13:52:03.612+01:00 INFO portal-bff host=portal-bff-7c9d5b-p9qmz corrId=c-c1597a74714ccd27 application completed application_id=APP-2026-462131 status=OFFER_ISSUED
2026-03-09T13:52:55.182+01:00 INFO portal-bff host=portal-bff-7c9d5b-x2k4p corrId=c-e3e38bbe93f5a008 loan application submitted application_id=APP-2026-594001 customer_segment=SME
2026-03-09T13:52:55.189+01:00 INFO identity-service host=identity-service-7c9d5b-x2k4p corrId=c-e3e38bbe93f5a008 MitID session validated customer_id=C71046723
2026-03-09T13:52:55.271+01:00 INFO customer-service host=customer-service-5b8f6c-t6zvn corrId=c-e3e38bbe93f5a008 KYC profile loaded customer_id=C71046723 risk_class=MEDIUM
2026-03-09T13:52:55.290+01:00 INFO valuation-service host=valuation-service-5b8f6c-x2k4p corrId=c-e3e38bbe93f5a008 property valuation served from cache property_id=P4088377 value_dkk=7900000
2026-03-09T13:52:55.388+01:00 INFO credit-service host=credit-service-a41e92-x2k4p corrId=c-e3e38bbe93f5a008 credit assessment completed application_id=APP-2026-594001 score=648 decision=APPROVED
2026-03-09T13:52:55.416+01:00 INFO offer-service host=offer-service-a41e92-t6zvn corrId=c-e3e38bbe93f5a008 loan offer generated application_id=APP-2026-594001 loan_type=FLEX_1Y principal_dkk=4125000
2026-03-09T13:52:55.451+01:00 INFO document-service host=document-service-5b8f6c-p9qmz corrId=c-e3e38bbe93f5a008 offer document stored application_id=APP-2026-594001 doc_id=DOC-45c86a87
2026-03-09T13:52:55.518+01:00 INFO portal-bff host=portal-bff-a41e92-x2k4p corrId=c-e3e38bbe93f5a008 application completed application_id=APP-2026-594001 status=OFFER_ISSUED
2026-03-09T13:55:00.206+01:00 INFO api-gateway host=api-gateway-7c9d5b-t6zvn corrId=- health probe ok status=200 latency_ms=9
2026-03-09T13:59:47.211+01:00 INFO portal-bff host=portal-bff-5b8f6c-t6zvn corrId=c-f7fd44916c278ccb loan application submitted application_id=APP-2026-055858 customer_segment=RETAIL
2026-03-09T13:59:47.230+01:00 INFO identity-service host=identity-service-5b8f6c-t6zvn corrId=c-f7fd44916c278ccb MitID session validated customer_id=C52561648
2026-03-09T13:59:47.290+01:00 INFO customer-service host=customer-service-a41e92-x2k4p corrId=c-f7fd44916c278ccb KYC profile loaded customer_id=C52561648 risk_class=HIGH
2026-03-09T13:59:47.335+01:00 INFO valuation-service host=valuation-service-a41e92-x2k4p corrId=c-f7fd44916c278ccb property valuation requested property_id=P2483745 provider=bolig-vurdering
2026-03-09T13:59:48.297+01:00 INFO valuation-service host=valuation-service-a41e92-p9qmz corrId=c-f7fd44916c278ccb property valuation received property_id=P2483745 value_dkk=4340000 latency_ms=931
2026-03-09T13:59:48.388+01:00 INFO credit-service host=credit-service-7c9d5b-x2k4p corrId=c-f7fd44916c278ccb credit assessment completed application_id=APP-2026-055858 score=797 decision=APPROVED
2026-03-09T13:59:48.453+01:00 INFO offer-service host=offer-service-5b8f6c-x2k4p corrId=c-f7fd44916c278ccb loan offer generated application_id=APP-2026-055858 loan_type=FIXED_20Y_IO principal_dkk=2525000
2026-03-09T13:59:48.577+01:00 INFO document-service host=document-service-7c9d5b-x2k4p corrId=c-f7fd44916c278ccb offer document stored application_id=APP-2026-055858 doc_id=DOC-30d2f2b1
2026-03-09T13:59:48.624+01:00 INFO portal-bff host=portal-bff-7c9d5b-x2k4p corrId=c-f7fd44916c278ccb application completed application_id=APP-2026-055858 status=OFFER_ISSUED
2026-03-09T13:59:58.243+01:00 INFO portal-bff host=portal-bff-a41e92-t6zvn corrId=c-a3de9287218d3239 conversion quote requested loan_id=LN815189009 target_product=FIXED_30Y
2026-03-09T13:59:58.303+01:00 INFO identity-service host=identity-service-5b8f6c-x2k4p corrId=c-a3de9287218d3239 MitID session validated customer_id=C04229693
2026-03-09T13:59:58.386+01:00 INFO pricing-service host=pricing-service-a41e92-x2k4p corrId=c-a3de9287218d3239 bond price fetched series=BND2.5-2053 price=99.298
2026-03-09T13:59:58.476+01:00 INFO pricing-service host=pricing-service-7c9d5b-x2k4p corrId=c-a3de9287218d3239 conversion cost calculated loan_id=LN815189009 cost_dkk=72989.04
2026-03-09T13:59:58.541+01:00 INFO quote-service host=quote-service-7c9d5b-p9qmz corrId=c-a3de9287218d3239 conversion quote issued quote_id=Q91111341 loan_id=LN815189009
2026-03-09T14:00:00.175+01:00 INFO payment-scheduler host=payment-scheduler-a41e92-x2k4p corrId=- scheduler heartbeat lag_ms=72
2026-03-09T14:00:00.439+01:00 INFO api-gateway host=api-gateway-a41e92-p9qmz corrId=- health probe ok status=200 latency_ms=35
2026-03-09T14:00:58.000+01:00 INFO config-service host=config-service-7c9d5b-x2k4p corrId=- configuration refreshed version=v129
2026-03-09T14:03:42.066+01:00 INFO portal-bff host=portal-bff-a41e92-p9qmz corrId=c-3cf29e8d5762a03e conversion quote requested loan_id=LN180021060 target_product=FLEX_1Y
2026-03-09T14:03:42.121+01:00 INFO identity-service host=identity-service-a41e92-p9qmz corrId=c-3cf29e8d5762a03e MitID session validated customer_id=C06337066
2026-03-09T14:03:42.243+01:00 INFO pricing-service host=pricing-service-7c9d5b-t6zvn corrId=c-3cf29e8d5762a03e bond price fetched series=BND2.5-2053 price=89.287
2026-03-09T14:03:42.266+01:00 INFO pricing-service host=pricing-service-a41e92-x2k4p corrId=c-3cf29e8d5762a03e conversion cost calculated loan_id=LN180021060 cost_dkk=6284.13
2026-03-09T14:03:42.311+01:00 INFO quote-service host=quote-service-5b8f6c-p9qmz corrId=c-3cf29e8d5762a03e conversion quote issued quote_id=Q48630968 loan_id=LN180021060
2026-03-09T14:04:59.403+01:00 INFO portal-bff host=portal-bff-5b8f6c-p9qmz corrId=c-dbe77ba6aee4ba0e loan application submitted application_id=APP-2026-553397 customer_segment=SME
2026-03-09T14:04:59.438+01:00 INFO identity-service host=identity-service-5b8f6c-x2k4p corrId=c-dbe77ba6aee4ba0e MitID session validated customer_id=C70513877
2026-03-09T14:04:59.572+01:00 INFO customer-service host=customer-service-7c9d5b-p9qmz corrId=c-dbe77ba6aee4ba0e KYC profile loaded customer_id=C70513877 risk_class=MEDIUM
2026-03-09T14:04:59.670+01:00 INFO valuation-service host=valuation-service-5b8f6c-p9qmz corrId=c-dbe77ba6aee4ba0e property valuation requested property_id=P5464012 provider=valuta-ejd
2026-03-09T14:05:00.164+01:00 INFO api-gateway host=api-gateway-a41e92-x2k4p corrId=- health probe ok status=200 latency_ms=13
2026-03-09T14:05:00.318+01:00 INFO valuation-service host=valuation-service-7c9d5b-t6zvn corrId=c-dbe77ba6aee4ba0e property valuation received property_id=P5464012 value_dkk=6800000 latency_ms=578
2026-03-09T14:05:00.449+01:00 INFO credit-service host=credit-service-a41e92-p9qmz corrId=c-dbe77ba6aee4ba0e credit assessment completed application_id=APP-2026-553397 score=646 decision=APPROVED
2026-03-09T14:05:00.574+01:00 INFO offer-service host=offer-service-7c9d5b-x2k4p corrId=c-dbe77ba6aee4ba0e loan offer generated application_id=APP-2026-553397 loan_type=FIXED_20Y_IO principal_dkk=4170000
2026-03-09T14:05:00.700+01:00 INFO document-service host=document-service-7c9d5b-p9qmz corrId=c-dbe77ba6aee4ba0e offer document stored application_id=APP-2026-553397 doc_id=DOC-da0be3b8
2026-03-09T14:05:00.740+01:00 INFO portal-bff host=portal-bff-5b8f6c-p9qmz corrId=c-dbe77ba6aee4ba0e application completed application_id=APP-2026-553397 status=OFFER_ISSUED
2026-03-09T14:10:00.137+01:00 INFO api-gateway host=api-gateway-7c9d5b-t6zvn corrId=- health probe ok status=200 latency_ms=9
2026-03-09T14:10:00.846+01:00 INFO payment-scheduler host=payment-scheduler-7c9d5b-t6zvn corrId=- scheduler heartbeat lag_ms=108
2026-03-09T14:10:10.797+01:00 INFO portal-bff host=portal-bff-a41e92-t6zvn corrId=c-b8848410d2e88913 loan application submitted application_id=APP-2026-183044 customer_segment=RETAIL
2026-03-09T14:10:10.805+01:00 INFO identity-service host=identity-service-5b8f6c-t6zvn corrId=c-b8848410d2e88913 MitID session validated customer_id=C92577778
2026-03-09T14:10:10.873+01:00 INFO customer-service host=customer-service-a41e92-x2k4p corrId=c-b8848410d2e88913 KYC profile loaded customer_id=C92577778 risk_class=LOW
2026-03-09T14:10:10.907+01:00 INFO valuation-service host=valuation-service-a41e92-p9qmz corrId=c-b8848410d2e88913 property valuation requested property_id=P5941681 provider=valuta-ejd
2026-03-09T14:10:11.449+01:00 INFO valuation-service host=valuation-service-a41e92-p9qmz corrId=c-b8848410d2e88913 property valuation received property_id=P5941681 value_dkk=2870000 latency_ms=529
2026-03-09T14:10:11.497+01:00 INFO credit-service host=credit-service-a41e92-t6zvn corrId=c-b8848410d2e88913 credit assessment completed application_id=APP-2026-183044 score=642 decision=APPROVED
2026-03-09T14:10:11.637+01:00 INFO offer-service host=offer-service-a41e92-p9qmz corrId=c-b8848410d2e88913 loan offer generated application_id=APP-2026-183044 loan_type=FIXED_20Y_IO principal_dkk=2480000
2026-03-09T14:10:11.755+01:00 INFO document-service host=document-service-a41e92-x2k4p corrId=c-b8848410d2e88913 offer document stored application_id=APP-2026-183044 doc_id=DOC-e63dfe83
2026-03-09T14:10:11.846+01:00 INFO portal-bff host=portal-bff-a41e92-p9qmz corrId=c-b8848410d2e88913 application completed application_id=APP-2026-183044 status=OFFER_ISSUED
2026-03-09T14:12:05.904+01:00 INFO portal-bff host=portal-bff-7c9d5b-t6zvn corrId=c-bdaf07527a737686 loan application submitted application_id=APP-2026-246325 customer_segment=RETAIL
2026-03-09T14:12:05.963+01:00 INFO identity-service host=identity-service-5b8f6c-p9qmz corrId=c-bdaf07527a737686 MitID session validated customer_id=C42794963
2026-03-09T14:12:06.071+01:00 INFO customer-service host=customer-service-a41e92-t6zvn corrId=c-bdaf07527a737686 KYC profile loaded customer_id=C42794963 risk_class=HIGH
2026-03-09T14:12:06.145+01:00 INFO valuation-service host=valuation-service-a41e92-p9qmz corrId=c-bdaf07527a737686 property valuation requested property_id=P5327567 provider=valuta-ejd
2026-03-09T14:12:07.093+01:00 INFO valuation-service host=valuation-service-a41e92-x2k4p corrId=c-bdaf07527a737686 property valuation received property_id=P5327567 value_dkk=8580000 latency_ms=840
2026-03-09T14:12:07.223+01:00 INFO credit-service host=credit-service-5b8f6c-t6zvn corrId=c-bdaf07527a737686 credit assessment completed application_id=APP-2026-246325 score=654 decision=APPROVED
2026-03-09T14:12:07.332+01:00 INFO offer-service host=offer-service-a41e92-p9qmz corrId=c-bdaf07527a737686 loan offer generated application_id=APP-2026-246325 loan_type=FIXED_30Y principal_dkk=940000
2026-03-09T14:12:07.396+01:00 INFO document-service host=document-service-a41e92-x2k4p corrId=c-bdaf07527a737686 offer document stored application_id=APP-2026-246325 doc_id=DOC-6f470775
2026-03-09T14:12:07.501+01:00 INFO portal-bff host=portal-bff-a41e92-p9qmz corrId=c-bdaf07527a737686 application completed application_id=APP-2026-246325 status=OFFER_ISSUED
2026-03-09T14:12:28.083+01:00 INFO portal-bff host=portal-bff-7c9d5b-x2k4p corrId=c-6a3222c973dd3297 conversion quote requested loan_id=LN171463257 target_product=FLEX_1Y
2026-03-09T14:12:28.148+01:00 INFO identity-service host=identity-service-a41e92-p9qmz corrId=c-6a3222c973dd3297 MitID session validated customer_id=C42420110
2026-03-09T14:12:28.195+01:00 INFO pricing-service host=pricing-service-a41e92-p9qmz corrId=c-6a3222c973dd3297 bond price fetched series=BND4.0-2053 price=98.694
2026-03-09T14:12:28.286+01:00 INFO pricing-service host=pricing-service-5b8f6c-p9qmz corrId=c-6a3222c973dd3297 conversion cost calculated loan_id=LN171463257 cost_dkk=28295.09
2026-03-09T14:12:28.377+01:00 INFO quote-service host=quote-service-7c9d5b-x2k4p corrId=c-6a3222c973dd3297 conversion quote issued quote_id=Q70943722 loan_id=LN171463257
2026-03-09T14:14:20.762+01:00 INFO portal-bff host=portal-bff-7c9d5b-t6zvn corrId=c-a314ed62e97c519d conversion quote requested loan_id=LN008482508 target_product=FLEX_5Y
2026-03-09T14:14:20.794+01:00 INFO identity-service host=identity-service-5b8f6c-x2k4p corrId=c-a314ed62e97c519d MitID session validated customer_id=C66478782
2026-03-09T14:14:20.840+01:00 INFO pricing-service host=pricing-service-5b8f6c-x2k4p corrId=c-a314ed62e97c519d bond price fetched series=BND2.5-2053 price=99.930
2026-03-09T14:14:20.904+01:00 INFO pricing-service host=pricing-service-a41e92-t6zvn corrId=c-a314ed62e97c519d conversion cost calculated loan_id=LN008482508 cost_dkk=62334.42
2026-03-09T14:14:20.959+01:00 INFO quote-service host=quote-service-5b8f6c-p9qmz corrId=c-a314ed62e97c519d conversion quote issued quote_id=Q57927705 loan_id=LN008482508
2026-03-09T14:14:37.835+01:00 INFO portal-bff host=portal-bff-5b8f6c-p9qmz corrId=c-fa4c2d2c661427c0 loan application submitted application_id=APP-2026-452844 customer_segment=PRIVATE
2026-03-09T14:14:37.889+01:00 INFO identity-service host=identity-service-7c9d5b-x2k4p corrId=c-fa4c2d2c661427c0 MitID session validated customer_id=C92225187
2026-03-09T14:14:38.029+01:00 INFO customer-service host=customer-service-7c9d5b-x2k4p corrId=c-fa4c2d2c661427c0 KYC profile loaded customer_id=C92225187 risk_class=LOW
2026-03-09T14:14:38.141+01:00 INFO valuation-service host=valuation-service-5b8f6c-t6zvn corrId=c-fa4c2d2c661427c0 property valuation requested property_id=P1736470 provider=bolig-vurdering
2026-03-09T14:14:38.677+01:00 INFO valuation-service host=valuation-service-a41e92-p9qmz corrId=c-fa4c2d2c661427c0 property valuation received property_id=P1736470 value_dkk=2680000 latency_ms=405
2026-03-09T14:14:38.806+01:00 INFO credit-service host=credit-service-5b8f6c-p9qmz corrId=c-fa4c2d2c661427c0 credit assessment completed application_id=APP-2026-452844 score=535 decision=APPROVED
2026-03-09T14:14:38.863+01:00 INFO offer-service host=offer-service-5b8f6c-t6zvn corrId=c-fa4c2d2c661427c0 loan offer generated application_id=APP-2026-452844 loan_type=FLEX_5Y principal_dkk=5360000
2026-03-09T14:14:38.988+01:00 INFO document-service host=document-service-7c9d5b-p9qmz corrId=c-fa4c2d2c661427c0 offer document stored application_id=APP-2026-452844 doc_id=DOC-eaa84faa
2026-03-09T14:14:39.029+01:00 INFO portal-bff host=portal-bff-7c9d5b-x2k4p corrId=c-fa4c2d2c661427c0 application completed application_id=APP-2026-452844 status=OFFER_ISSUED
2026-03-09T14:14:45.621+01:00 INFO portal-bff host=portal-bff-a41e92-p9qmz corrId=c-f3d574ca53e00850 loan application submitted application_id=APP-2026-265232 customer_segment=PRIVATE
2026-03-09T14:14:45.674+01:00 INFO identity-service host=identity-service-7c9d5b-x2k4p corrId=c-f3d574ca53e00850 MitID session validated customer_id=C56893308
2026-03-09T14:14:45.760+01:00 INFO customer-service host=customer-service-5b8f6c-t6zvn corrId=c-f3d574ca53e00850 KYC profile loaded customer_id=C56893308 risk_class=MEDIUM
2026-03-09T14:14:45.871+01:00 INFO valuation-service host=valuation-service-a41e92-t6zvn corrId=c-f3d574ca53e00850 property valuation requested property_id=P1142566 provider=bolig-vurdering
2026-03-09T14:14:46.269+01:00 INFO valuation-service host=valuation-service-5b8f6c-t6zvn corrId=c-f3d574ca53e00850 property valuation received property_id=P1142566 value_dkk=1740000 latency_ms=318
2026-03-09T14:14:46.277+01:00 INFO credit-service host=credit-service-a41e92-t6zvn corrId=c-f3d574ca53e00850 credit assessment completed application_id=APP-2026-265232 score=662 decision=APPROVED
2026-03-09T14:14:46.291+01:00 INFO offer-service host=offer-service-5b8f6c-t6zvn corrId=c-f3d574ca53e00850 loan offer generated application_id=APP-2026-265232 loan_type=FLEX_5Y principal_dkk=1505000
2026-03-09T14:14:46.410+01:00 INFO document-service host=document-service-a41e92-x2k4p corrId=c-f3d574ca53e00850 offer document stored application_id=APP-2026-265232 doc_id=DOC-e29fd5a5
2026-03-09T14:14:46.474+01:00 INFO portal-bff host=portal-bff-a41e92-x2k4p corrId=c-f3d574ca53e00850 application completed application_id=APP-2026-265232 status=OFFER_ISSUED
2026-03-09T14:15:00.582+01:00 INFO api-gateway host=api-gateway-a41e92-p9qmz corrId=- health probe ok status=200 latency_ms=21
2026-03-09T14:15:27.030+01:00 INFO portal-bff host=portal-bff-a41e92-t6zvn corrId=c-43a181f87b6f5f75 loan application submitted application_id=APP-2026-218557 customer_segment=RETAIL
2026-03-09T14:15:27.117+01:00 INFO identity-service host=identity-service-7c9d5b-t6zvn corrId=c-43a181f87b6f5f75 MitID session validated customer_id=C91291711
2026-03-09T14:15:27.176+01:00 INFO customer-service host=customer-service-7c9d5b-p9qmz corrId=c-43a181f87b6f5f75 KYC profile loaded customer_id=C91291711 risk_class=LOW
2026-03-09T14:15:27.230+01:00 INFO valuation-service host=valuation-service-7c9d5b-x2k4p corrId=c-43a181f87b6f5f75 property valuation requested property_id=P6259917 provider=valuta-ejd
2026-03-09T14:15:28.205+01:00 INFO valuation-service host=valuation-service-5b8f6c-t6zvn corrId=c-43a181f87b6f5f75 property valuation received property_id=P6259917 value_dkk=1940000 latency_ms=900
2026-03-09T14:15:28.316+01:00 INFO credit-service host=credit-service-7c9d5b-x2k4p corrId=c-43a181f87b6f5f75 credit assessment completed application_id=APP-2026-218557 score=550 decision=APPROVED
2026-03-09T14:15:28.382+01:00 INFO offer-service host=offer-service-5b8f6c-x2k4p corrId=c-43a181f87b6f5f75 loan offer generated application_id=APP-2026-218557 loan_type=FIXED_20Y_IO principal_dkk=5865000
2026-03-09T14:15:28.511+01:00 INFO document-service host=document-service-7c9d5b-x2k4p corrId=c-43a181f87b6f5f75 offer document stored application_id=APP-2026-218557 doc_id=DOC-9a5a8f9b
2026-03-09T14:15:28.546+01:00 INFO portal-bff host=portal-bff-7c9d5b-x2k4p corrId=c-43a181f87b6f5f75 application completed application_id=APP-2026-218557 status=OFFER_ISSUED
2026-03-09T14:16:01.692+01:00 INFO portal-bff host=portal-bff-7c9d5b-x2k4p corrId=c-06089ea211514907 conversion quote requested loan_id=LN651212301 target_product=FLEX_1Y
2026-03-09T14:16:01.789+01:00 INFO identity-service host=identity-service-5b8f6c-x2k4p corrId=c-06089ea211514907 MitID session validated customer_id=C96931076
2026-03-09T14:16:01.830+01:00 INFO pricing-service host=pricing-service-a41e92-t6zvn corrId=c-06089ea211514907 bond price fetched series=BND2.5-2053 price=96.247
2026-03-09T14:16:01.872+01:00 INFO pricing-service host=pricing-service-a41e92-p9qmz corrId=c-06089ea211514907 conversion cost calculated loan_id=LN651212301 cost_dkk=29244.58
2026-03-09T14:16:01.890+01:00 INFO quote-service host=quote-service-5b8f6c-t6zvn corrId=c-06089ea211514907 conversion quote issued quote_id=Q77475492 loan_id=LN651212301
2026-03-09T14:18:20.592+01:00 INFO portal-bff host=portal-bff-7c9d5b-x2k4p corrId=c-021718e3d8104fdd loan application submitted application_id=APP-2026-399066 customer_segment=RETAIL
2026-03-09T14:18:20.623+01:00 WARN identity-service host=identity-service-7c9d5b-t6zvn corrId=c-021718e3d8104fdd MitID token refresh attempt=1
2026-03-09T14:18:20.710+01:00 INFO identity-service host=identity-service-5b8f6c-t6zvn corrId=c-021718e3d8104fdd MitID session validated customer_id=C76140707
2026-03-09T14:18:20.821+01:00 INFO customer-service host=customer-service-5b8f6c-t6zvn corrId=c-021718e3d8104fdd KYC profile loaded customer_id=C76140707 risk_class=LOW
2026-03-09T14:18:20.867+01:00 INFO valuation-service host=valuation-service-7c9d5b-x2k4p corrId=c-021718e3d8104fdd property valuation requested property_id=P2490061 provider=bolig-vurdering
2026-03-09T14:18:21.265+01:00 INFO valuation-service host=valuation-service-a41e92-x2k4p corrId=c-021718e3d8104fdd property valuation received property_id=P2490061 value_dkk=6080000 latency_ms=268
2026-03-09T14:18:21.304+01:00 INFO credit-service host=credit-service-7c9d5b-p9qmz corrId=c-021718e3d8104fdd credit assessment completed application_id=APP-2026-399066 score=629 decision=APPROVED
2026-03-09T14:18:21.427+01:00 INFO offer-service host=offer-service-5b8f6c-p9qmz corrId=c-021718e3d8104fdd loan offer generated application_id=APP-2026-399066 loan_type=FLEX_1Y principal_dkk=4480000
2026-03-09T14:18:21.438+01:00 INFO document-service host=document-service-7c9d5b-p9qmz corrId=c-021718e3d8104fdd offer document stored application_id=APP-2026-399066 doc_id=DOC-ed1d89dc
2026-03-09T14:18:21.510+01:00 INFO portal-bff host=portal-bff-5b8f6c-p9qmz corrId=c-021718e3d8104fdd application completed application_id=APP-2026-399066 status=OFFER_ISSUED
2026-03-09T14:18:30.780+01:00 INFO portal-bff host=portal-bff-a41e92-x2k4p corrId=c-98de0ab087bcca76 conversion quote requested loan_id=LN487429633 target_product=FLEX_1Y
2026-03-09T14:18:30.880+01:00 INFO identity-service host=identity-service-5b8f6c-t6zvn corrId=c-98de0ab087bcca76 MitID session validated customer_id=C78905342
2026-03-09T14:18:30.912+01:00 INFO pricing-service host=pricing-service-5b8f6c-x2k4p corrId=c-98de0ab087bcca76 bond price fetched series=BND3.0-2053 price=96.240
2026-03-09T14:18:31.008+01:00 INFO pricing-service host=pricing-service-a41e92-p9qmz corrId=c-98de0ab087bcca76 conversion cost calculated loan_id=LN487429633 cost_dkk=22651.28
2026-03-09T14:18:31.019+01:00 INFO quote-service host=quote-service-5b8f6c-t6zvn corrId=c-98de0ab087bcca76 conversion quote issued quote_id=Q52894691 loan_id=LN487429633
2026-03-09T14:18:45.405+01:00 INFO portal-bff host=portal-bff-a41e92-t6zvn corrId=c-9f75c032222d9f19 loan application submitted application_id=APP-2026-206050 customer_segment=RETAIL
2026-03-09T14:18:45.449+01:00 INFO identity-service host=identity-service-5b8f6c-x2k4p corrId=c-9f75c032222d9f19 MitID session validated customer_id=C69538663
2026-03-09T14:18:45.588+01:00 INFO customer-service host=customer-service-7c9d5b-p9qmz corrId=c-9f75c032222d9f19 KYC profile loaded customer_id=C69538663 risk_class=LOW
2026-03-09T14:18:45.603+01:00 INFO valuation-service host=valuation-service-5b8f6c-p9qmz corrId=c-9f75c032222d9f19 property valuation requested property_id=P2701449 provider=bolig-vurdering
2026-03-09T14:18:46.034+01:00 INFO valuation-service host=valuation-service-5b8f6c-x2k4p corrId=c-9f75c032222d9f19 property valuation received property_id=P2701449 value_dkk=1880000 latency_ms=310
2026-03-09T14:18:46.119+01:00 INFO credit-service host=credit-service-7c9d5b-x2k4p corrId=c-9f75c032222d9f19 credit assessment completed application_id=APP-2026-206050 score=584 decision=APPROVED
2026-03-09T14:18:46.140+01:00 INFO offer-service host=offer-service-a41e92-x2k4p corrId=c-9f75c032222d9f19 loan offer generated application_id=APP-2026-206050 loan_type=FIXED_30Y principal_dkk=4770000
2026-03-09T14:18:46.165+01:00 INFO document-service host=document-service-5b8f6c-t6zvn corrId=c-9f75c032222d9f19 offer document stored application_id=APP-2026-206050 doc_id=DOC-900cdbcf
2026-03-09T14:18:46.201+01:00 INFO portal-bff host=portal-bff-5b8f6c-t6zvn corrId=c-9f75c032222d9f19 application completed application_id=APP-2026-206050 status=OFFER_ISSUED
2026-03-09T14:20:00.118+01:00 INFO payment-scheduler host=payment-scheduler-5b8f6c-x2k4p corrId=- scheduler heartbeat lag_ms=58
2026-03-09T14:20:00.761+01:00 INFO api-gateway host=api-gateway-5b8f6c-t6zvn corrId=- health probe ok status=200 latency_ms=37
2026-03-09T14:20:52.602+01:00 INFO portal-bff host=portal-bff-7c9d5b-x2k4p corrId=c-1125a63b8f2e9f6e conversion quote requested loan_id=LN889708719 target_product=FLEX_1Y
2026-03-09T14:20:52.692+01:00 INFO identity-service host=identity-service-a41e92-x2k4p corrId=c-1125a63b8f2e9f6e MitID session validated customer_id=C79647786
2026-03-09T14:20:52.799+01:00 INFO pricing-service host=pricing-service-a41e92-t6zvn corrId=c-1125a63b8f2e9f6e bond price fetched series=BND3.0-2053 price=94.293
2026-03-09T14:20:52.839+01:00 INFO pricing-service host=pricing-service-5b8f6c-x2k4p corrId=c-1125a63b8f2e9f6e conversion cost calculated loan_id=LN889708719 cost_dkk=12973.29
2026-03-09T14:20:52.927+01:00 INFO quote-service host=quote-service-7c9d5b-t6zvn corrId=c-1125a63b8f2e9f6e conversion quote issued quote_id=Q39665399 loan_id=LN889708719
2026-03-09T14:21:41.000+01:00 INFO valuation-service host=valuation-service-a41e92-t6zvn corrId=- jvm gc pause pause_ms=69
2026-03-09T14:22:00.498+01:00 INFO portal-bff host=portal-bff-7c9d5b-t6zvn corrId=c-8361b9b455638b4a loan application submitted application_id=APP-2026-457244 customer_segment=RETAIL
2026-03-09T14:22:00.544+01:00 INFO identity-service host=identity-service-7c9d5b-x2k4p corrId=c-8361b9b455638b4a MitID session validated customer_id=C77971170
2026-03-09T14:22:00.587+01:00 INFO customer-service host=customer-service-5b8f6c-p9qmz corrId=c-8361b9b455638b4a KYC profile loaded customer_id=C77971170 risk_class=LOW
2026-03-09T14:22:00.724+01:00 INFO valuation-service host=valuation-service-5b8f6c-x2k4p corrId=c-8361b9b455638b4a property valuation requested property_id=P1905820 provider=bolig-vurdering
2026-03-09T14:22:01.305+01:00 INFO valuation-service host=valuation-service-5b8f6c-p9qmz corrId=c-8361b9b455638b4a property valuation received property_id=P1905820 value_dkk=8770000 latency_ms=480
2026-03-09T14:22:01.405+01:00 INFO credit-service host=credit-service-7c9d5b-p9qmz corrId=c-8361b9b455638b4a credit assessment completed application_id=APP-2026-457244 score=474 decision=APPROVED
2026-03-09T14:22:01.448+01:00 INFO offer-service host=offer-service-7c9d5b-t6zvn corrId=c-8361b9b455638b4a loan offer generated application_id=APP-2026-457244 loan_type=FIXED_30Y principal_dkk=1075000
2026-03-09T14:22:01.546+01:00 INFO document-service host=document-service-a41e92-x2k4p corrId=c-8361b9b455638b4a offer document stored application_id=APP-2026-457244 doc_id=DOC-3655270e
2026-03-09T14:22:01.578+01:00 INFO portal-bff host=portal-bff-7c9d5b-x2k4p corrId=c-8361b9b455638b4a application completed application_id=APP-2026-457244 status=OFFER_ISSUED
2026-03-09T14:25:00.786+01:00 INFO api-gateway host=api-gateway-7c9d5b-p9qmz corrId=- health probe ok status=200 latency_ms=5
2026-03-09T14:25:24.324+01:00 INFO portal-bff host=portal-bff-a41e92-t6zvn corrId=c-eb6a0740d8c4deb6 conversion quote requested loan_id=LN233453230 target_product=FLEX_5Y
2026-03-09T14:25:24.371+01:00 INFO identity-service host=identity-service-a41e92-p9qmz corrId=c-eb6a0740d8c4deb6 MitID session validated customer_id=C73912952
2026-03-09T14:25:24.410+01:00 INFO pricing-service host=pricing-service-a41e92-t6zvn corrId=c-eb6a0740d8c4deb6 bond price fetched series=BND4.0-2053 price=93.977
2026-03-09T14:25:24.430+01:00 INFO pricing-service host=pricing-service-a41e92-x2k4p corrId=c-eb6a0740d8c4deb6 conversion cost calculated loan_id=LN233453230 cost_dkk=62677.61
2026-03-09T14:25:24.455+01:00 INFO quote-service host=quote-service-7c9d5b-t6zvn corrId=c-eb6a0740d8c4deb6 conversion quote issued quote_id=Q40845934 loan_id=LN233453230
2026-03-09T14:29:41.507+01:00 INFO portal-bff host=portal-bff-5b8f6c-p9qmz corrId=c-104049392433e322 loan application submitted application_id=APP-2026-086886 customer_segment=PRIVATE
2026-03-09T14:29:41.597+01:00 INFO identity-service host=identity-service-5b8f6c-p9qmz corrId=c-104049392433e322 MitID session validated customer_id=C74386973
2026-03-09T14:29:41.651+01:00 INFO customer-service host=customer-service-a41e92-x2k4p corrId=c-104049392433e322 KYC profile loaded customer_id=C74386973 risk_class=LOW
2026-03-09T14:29:41.696+01:00 INFO valuation-service host=valuation-service-5b8f6c-t6zvn corrId=c-104049392433e322 property valuation requested property_id=P2793210 provider=valuta-ejd
2026-03-09T14:29:42.227+01:00 INFO valuation-service host=valuation-service-5b8f6c-t6zvn corrId=c-104049392433e322 property valuation received property_id=P2793210 value_dkk=5650000 latency_ms=507
2026-03-09T14:29:42.306+01:00 INFO credit-service host=credit-service-a41e92-x2k4p corrId=c-104049392433e322 credit assessment completed application_id=APP-2026-086886 score=505 decision=APPROVED
2026-03-09T14:29:42.396+01:00 INFO offer-service host=offer-service-a41e92-x2k4p corrId=c-104049392433e322 loan offer generated application_id=APP-2026-086886 loan_type=FLEX_5Y principal_dkk=2865000
2026-03-09T14:29:42.411+01:00 INFO document-service host=document-service-7c9d5b-p9qmz corrId=c-104049392433e322 offer document stored application_id=APP-2026-086886 doc_id=DOC-26e4e6c5
2026-03-09T14:29:42.454+01:00 INFO portal-bff host=portal-bff-5b8f6c-p9qmz corrId=c-104049392433e322 application completed application_id=APP-2026-086886 status=OFFER_ISSUED
2026-03-09T14:29:56.873+01:00 INFO portal-bff host=portal-bff-5b8f6c-p9qmz corrId=c-a067a0231a785a99 conversion quote requested loan_id=LN336444556 target_product=FLEX_1Y
2026-03-09T14:29:56.975+01:00 INFO identity-service host=identity-service-a41e92-t6zvn corrId=c-a067a0231a785a99 MitID session validated customer_id=C59542993
2026-03-09T14:29:57.084+01:00 INFO pricing-service host=pricing-service-7c9d5b-x2k4p corrId=c-a067a0231a785a99 bond price fetched series=BND2.5-2056 price=94.020
2026-03-09T14:29:57.150+01:00 INFO pricing-service host=pricing-service-5b8f6c-t6zvn corrId=c-a067a0231a785a99 conversion cost calculated loan_id=LN336444556 cost_dkk=77530.87
2026-03-09T14:29:57.270+01:00 INFO quote-service host=quote-service-5b8f6c-x2k4p corrId=c-a067a0231a785a99 conversion quote issued quote_id=Q92843488 loan_id=LN336444556
2026-03-09T14:30:00.175+01:00 INFO payment-scheduler host=payment-scheduler-5b8f6c-p9qmz corrId=- scheduler heartbeat lag_ms=33
2026-03-09T14:30:00.438+01:00 INFO api-gateway host=api-gateway-a41e92-p9qmz corrId=- health probe ok status=200 latency_ms=3
2026-03-09T14:31:23.364+01:00 INFO portal-bff host=portal-bff-5b8f6c-x2k4p corrId=c-c1db5170849ee917 loan application submitted application_id=APP-2026-950468 customer_segment=RETAIL
2026-03-09T14:31:23.478+01:00 INFO identity-service host=identity-service-7c9d5b-p9qmz corrId=c-c1db5170849ee917 MitID session validated customer_id=C00814731
2026-03-09T14:31:23.526+01:00 INFO customer-service host=customer-service-5b8f6c-p9qmz corrId=c-c1db5170849ee917 KYC profile loaded customer_id=C00814731 risk_class=MEDIUM
2026-03-09T14:31:23.591+01:00 INFO valuation-service host=valuation-service-7c9d5b-t6zvn corrId=c-c1db5170849ee917 property valuation served from cache property_id=P3730622 value_dkk=6070000
2026-03-09T14:31:23.633+01:00 INFO credit-service host=credit-service-5b8f6c-p9qmz corrId=c-c1db5170849ee917 credit assessment completed application_id=APP-2026-950468 score=851 decision=APPROVED
2026-03-09T14:31:23.712+01:00 INFO offer-service host=offer-service-5b8f6c-t6zvn corrId=c-c1db5170849ee917 loan offer generated application_id=APP-2026-950468 loan_type=FLEX_5Y principal_dkk=3580000
2026-03-09T14:31:23.746+01:00 INFO document-service host=document-service-7c9d5b-p9qmz corrId=c-c1db5170849ee917 offer document stored application_id=APP-2026-950468 doc_id=DOC-06479cf3
2026-03-09T14:31:23.855+01:00 INFO portal-bff host=portal-bff-5b8f6c-p9qmz corrId=c-c1db5170849ee917 application completed application_id=APP-2026-950468 status=OFFER_ISSUED
2026-03-09T14:33:55.822+01:00 INFO portal-bff host=portal-bff-7c9d5b-x2k4p corrId=c-1d5f2a39e00dbf98 conversion quote requested loan_id=LN630660039 target_product=FLEX_5Y
2026-03-09T14:33:55.945+01:00 INFO identity-service host=identity-service-7c9d5b-x2k4p corrId=c-1d5f2a39e00dbf98 MitID session validated customer_id=C85359172
2026-03-09T14:33:56.059+01:00 INFO pricing-service host=pricing-service-a41e92-x2k4p corrId=c-1d5f2a39e00dbf98 bond price fetched series=BND3.0-2056 price=92.529
2026-03-09T14:33:56.182+01:00 INFO pricing-service host=pricing-service-7c9d5b-p9qmz corrId=c-1d5f2a39e00dbf98 conversion cost calculated loan_id=LN630660039 cost_dkk=79639.33
2026-03-09T14:33:56.234+01:00 INFO quote-service host=quote-service-7c9d5b-x2k4p corrId=c-1d5f2a39e00dbf98 conversion quote issued quote_id=Q33244455 loan_id=LN630660039
2026-03-09T14:34:38.226+01:00 INFO portal-bff host=portal-bff-7c9d5b-p9qmz corrId=c-8d55cb5554f57ad3 conversion quote requested loan_id=LN797886645 target_product=FIXED_30Y
2026-03-09T14:34:38.274+01:00 INFO identity-service host=identity-service-5b8f6c-p9qmz corrId=c-8d55cb5554f57ad3 MitID session validated customer_id=C68651860
2026-03-09T14:34:38.304+01:00 INFO pricing-service host=pricing-service-7c9d5b-t6zvn corrId=c-8d55cb5554f57ad3 bond price fetched series=BND2.5-2053 price=100.898
2026-03-09T14:34:38.388+01:00 INFO pricing-service host=pricing-service-7c9d5b-t6zvn corrId=c-8d55cb5554f57ad3 conversion cost calculated loan_id=LN797886645 cost_dkk=56809.97
2026-03-09T14:34:38.445+01:00 INFO quote-service host=quote-service-5b8f6c-t6zvn corrId=c-8d55cb5554f57ad3 conversion quote issued quote_id=Q97249158 loan_id=LN797886645
2026-03-09T14:35:00.877+01:00 INFO api-gateway host=api-gateway-a41e92-t6zvn corrId=- health probe ok status=200 latency_ms=13
2026-03-09T14:36:06.973+01:00 INFO portal-bff host=portal-bff-5b8f6c-t6zvn corrId=c-7ec19461143addda loan application submitted application_id=APP-2026-944418 customer_segment=RETAIL
2026-03-09T14:36:07.062+01:00 INFO identity-service host=identity-service-a41e92-t6zvn corrId=c-7ec19461143addda MitID session validated customer_id=C58800821
2026-03-09T14:36:07.091+01:00 INFO customer-service host=customer-service-a41e92-p9qmz corrId=c-7ec19461143addda KYC profile loaded customer_id=C58800821 risk_class=MEDIUM
2026-03-09T14:36:07.187+01:00 INFO valuation-service host=valuation-service-7c9d5b-t6zvn corrId=c-7ec19461143addda property valuation served from cache property_id=P9997897 value_dkk=3480000
2026-03-09T14:36:07.297+01:00 INFO credit-service host=credit-service-7c9d5b-p9qmz corrId=c-7ec19461143addda credit assessment completed application_id=APP-2026-944418 score=521 decision=APPROVED
2026-03-09T14:36:07.395+01:00 INFO offer-service host=offer-service-a41e92-t6zvn corrId=c-7ec19461143addda loan offer generated application_id=APP-2026-944418 loan_type=FLEX_1Y principal_dkk=5775000
2026-03-09T14:36:07.523+01:00 INFO document-service host=document-service-a41e92-p9qmz corrId=c-7ec19461143addda offer document stored application_id=APP-2026-944418 doc_id=DOC-adbc86e3
2026-03-09T14:36:07.570+01:00 INFO portal-bff host=portal-bff-5b8f6c-x2k4p corrId=c-7ec19461143addda application completed application_id=APP-2026-944418 status=OFFER_ISSUED
2026-03-09T14:36:08.562+01:00 INFO portal-bff host=portal-bff-5b8f6c-t6zvn corrId=c-51ab374295d4e795 loan application submitted application_id=APP-2026-853699 customer_segment=RETAIL
2026-03-09T14:36:08.588+01:00 INFO identity-service host=identity-service-5b8f6c-p9qmz corrId=c-51ab374295d4e795 MitID session validated customer_id=C21577439
2026-03-09T14:36:08.688+01:00 INFO customer-service host=customer-service-7c9d5b-x2k4p corrId=c-51ab374295d4e795 KYC profile loaded customer_id=C21577439 risk_class=LOW
2026-03-09T14:36:08.751+01:00 INFO valuation-service host=valuation-service-5b8f6c-t6zvn corrId=c-51ab374295d4e795 property valuation served from cache property_id=P1513321 value_dkk=1340000
2026-03-09T14:36:08.877+01:00 INFO credit-service host=credit-service-5b8f6c-x2k4p corrId=c-51ab374295d4e795 credit assessment completed application_id=APP-2026-853699 score=677 decision=APPROVED
2026-03-09T14:36:08.980+01:00 INFO offer-service host=offer-service-a41e92-p9qmz corrId=c-51ab374295d4e795 loan offer generated application_id=APP-2026-853699 loan_type=FIXED_20Y_IO principal_dkk=5210000
2026-03-09T14:36:09.032+01:00 INFO document-service host=document-service-5b8f6c-t6zvn corrId=c-51ab374295d4e795 offer document stored application_id=APP-2026-853699 doc_id=DOC-fd60a161
2026-03-09T14:36:09.172+01:00 INFO portal-bff host=portal-bff-5b8f6c-p9qmz corrId=c-51ab374295d4e795 application completed application_id=APP-2026-853699 status=OFFER_ISSUED
2026-03-09T14:38:07.115+01:00 INFO portal-bff host=portal-bff-5b8f6c-p9qmz corrId=c-568c91346d232937 conversion quote requested loan_id=LN031036444 target_product=FLEX_5Y
2026-03-09T14:38:07.190+01:00 INFO identity-service host=identity-service-5b8f6c-x2k4p corrId=c-568c91346d232937 MitID session validated customer_id=C88545548
2026-03-09T14:38:07.291+01:00 INFO pricing-service host=pricing-service-7c9d5b-p9qmz corrId=c-568c91346d232937 bond price fetched series=BND2.5-2053 price=93.915
2026-03-09T14:38:07.297+01:00 INFO pricing-service host=pricing-service-5b8f6c-t6zvn corrId=c-568c91346d232937 conversion cost calculated loan_id=LN031036444 cost_dkk=65609.99
2026-03-09T14:38:07.369+01:00 INFO quote-service host=quote-service-5b8f6c-x2k4p corrId=c-568c91346d232937 conversion quote issued quote_id=Q60409794 loan_id=LN031036444
2026-03-09T14:40:00.007+01:00 INFO payment-scheduler host=payment-scheduler-7c9d5b-t6zvn corrId=- scheduler heartbeat lag_ms=93
2026-03-09T14:40:00.149+01:00 INFO api-gateway host=api-gateway-5b8f6c-t6zvn corrId=- health probe ok status=200 latency_ms=24
2026-03-09T14:40:45.359+01:00 INFO portal-bff host=portal-bff-7c9d5b-x2k4p corrId=c-978ac72a90d6933d conversion quote requested loan_id=LN211409238 target_product=FIXED_30Y
2026-03-09T14:40:45.489+01:00 INFO identity-service host=identity-service-a41e92-x2k4p corrId=c-978ac72a90d6933d MitID session validated customer_id=C45784767
2026-03-09T14:40:45.564+01:00 INFO pricing-service host=pricing-service-7c9d5b-x2k4p corrId=c-978ac72a90d6933d bond price fetched series=BND4.0-2053 price=100.499
2026-03-09T14:40:45.693+01:00 INFO pricing-service host=pricing-service-7c9d5b-x2k4p corrId=c-978ac72a90d6933d conversion cost calculated loan_id=LN211409238 cost_dkk=49426.07
2026-03-09T14:40:45.776+01:00 INFO quote-service host=quote-service-5b8f6c-p9qmz corrId=c-978ac72a90d6933d conversion quote issued quote_id=Q48084415 loan_id=LN211409238
2026-03-09T14:43:24.619+01:00 INFO portal-bff host=portal-bff-a41e92-x2k4p corrId=c-7d214663e5491c80 loan application submitted application_id=APP-2026-843514 customer_segment=SME
2026-03-09T14:43:24.695+01:00 INFO identity-service host=identity-service-7c9d5b-t6zvn corrId=c-7d214663e5491c80 MitID session validated customer_id=C40349404
2026-03-09T14:43:24.723+01:00 INFO customer-service host=customer-service-7c9d5b-p9qmz corrId=c-7d214663e5491c80 KYC profile loaded customer_id=C40349404 risk_class=HIGH
2026-03-09T14:43:24.841+01:00 INFO valuation-service host=valuation-service-7c9d5b-p9qmz corrId=c-7d214663e5491c80 property valuation served from cache property_id=P9975937 value_dkk=2790000
2026-03-09T14:43:24.962+01:00 INFO credit-service host=credit-service-a41e92-x2k4p corrId=c-7d214663e5491c80 credit assessment completed application_id=APP-2026-843514 score=513 decision=APPROVED
2026-03-09T14:43:25.037+01:00 INFO offer-service host=offer-service-5b8f6c-t6zvn corrId=c-7d214663e5491c80 loan offer generated application_id=APP-2026-843514 loan_type=FIXED_20Y_IO principal_dkk=5760000
2026-03-09T14:43:25.109+01:00 INFO document-service host=document-service-5b8f6c-t6zvn corrId=c-7d214663e5491c80 offer document stored application_id=APP-2026-843514 doc_id=DOC-b95dcc4b
2026-03-09T14:43:25.233+01:00 INFO portal-bff host=portal-bff-5b8f6c-x2k4p corrId=c-7d214663e5491c80 application completed application_id=APP-2026-843514 status=OFFER_ISSUED
2026-03-09T14:45:00.865+01:00 INFO api-gateway host=api-gateway-7c9d5b-x2k4p corrId=- health probe ok status=200 latency_ms=25
2026-03-09T14:47:17.030+01:00 INFO portal-bff host=portal-bff-a41e92-x2k4p corrId=c-00d1a7aae53c4000 loan application submitted application_id=APP-2026-794961 customer_segment=RETAIL
2026-03-09T14:47:17.114+01:00 INFO identity-service host=identity-service-5b8f6c-x2k4p corrId=c-00d1a7aae53c4000 MitID session validated customer_id=C97546121
2026-03-09T14:47:17.243+01:00 INFO customer-service host=customer-service-7c9d5b-t6zvn corrId=c-00d1a7aae53c4000 KYC profile loaded customer_id=C97546121 risk_class=HIGH
2026-03-09T14:47:17.330+01:00 INFO valuation-service host=valuation-service-5b8f6c-t6zvn corrId=c-00d1a7aae53c4000 property valuation requested property_id=P4566244 provider=bolig-vurdering
2026-03-09T14:47:18.041+01:00 INFO valuation-service host=valuation-service-a41e92-p9qmz corrId=c-00d1a7aae53c4000 property valuation received property_id=P4566244 value_dkk=2390000 latency_ms=665
2026-03-09T14:47:18.096+01:00 INFO credit-service host=credit-service-7c9d5b-p9qmz corrId=c-00d1a7aae53c4000 credit assessment completed application_id=APP-2026-794961 score=570 decision=APPROVED
2026-03-09T14:47:18.108+01:00 INFO offer-service host=offer-service-5b8f6c-p9qmz corrId=c-00d1a7aae53c4000 loan offer generated application_id=APP-2026-794961 loan_type=FIXED_20Y_IO principal_dkk=4910000
2026-03-09T14:47:18.176+01:00 INFO document-service host=document-service-a41e92-p9qmz corrId=c-00d1a7aae53c4000 offer document stored application_id=APP-2026-794961 doc_id=DOC-a01f111a
2026-03-09T14:47:18.261+01:00 INFO portal-bff host=portal-bff-7c9d5b-p9qmz corrId=c-00d1a7aae53c4000 application completed application_id=APP-2026-794961 status=OFFER_ISSUED
2026-03-09T14:48:59.910+01:00 INFO portal-bff host=portal-bff-a41e92-p9qmz corrId=c-71baad11ee91ed07 conversion quote requested loan_id=LN226105224 target_product=FIXED_30Y
2026-03-09T14:49:00.019+01:00 INFO identity-service host=identity-service-a41e92-p9qmz corrId=c-71baad11ee91ed07 MitID session validated customer_id=C93762168
2026-03-09T14:49:00.143+01:00 INFO pricing-service host=pricing-service-a41e92-t6zvn corrId=c-71baad11ee91ed07 bond price fetched series=BND2.5-2053 price=90.041
2026-03-09T14:49:00.231+01:00 INFO pricing-service host=pricing-service-5b8f6c-t6zvn corrId=c-71baad11ee91ed07 conversion cost calculated loan_id=LN226105224 cost_dkk=86427.87
2026-03-09T14:49:00.367+01:00 INFO quote-service host=quote-service-a41e92-p9qmz corrId=c-71baad11ee91ed07 conversion quote issued quote_id=Q13631392 loan_id=LN226105224
2026-03-09T14:50:00.170+01:00 INFO payment-scheduler host=payment-scheduler-5b8f6c-t6zvn corrId=- scheduler heartbeat lag_ms=27
2026-03-09T14:50:00.609+01:00 INFO api-gateway host=api-gateway-a41e92-x2k4p corrId=- health probe ok status=200 latency_ms=25
2026-03-09T14:50:54.567+01:00 INFO portal-bff host=portal-bff-7c9d5b-x2k4p corrId=c-4e7c76b1a7b54f5b loan application submitted application_id=APP-2026-505896 customer_segment=RETAIL
2026-03-09T14:50:54.668+01:00 INFO identity-service host=identity-service-5b8f6c-p9qmz corrId=c-4e7c76b1a7b54f5b MitID session validated customer_id=C59652324
2026-03-09T14:50:54.770+01:00 INFO customer-service host=customer-service-7c9d5b-p9qmz corrId=c-4e7c76b1a7b54f5b KYC profile loaded customer_id=C59652324 risk_class=MEDIUM
2026-03-09T14:50:54.820+01:00 INFO valuation-service host=valuation-service-a41e92-x2k4p corrId=c-4e7c76b1a7b54f5b property valuation requested property_id=P2078088 provider=valuta-ejd
2026-03-09T14:50:55.449+01:00 INFO valuation-service host=valuation-service-7c9d5b-p9qmz corrId=c-4e7c76b1a7b54f5b property valuation received property_id=P2078088 value_dkk=3550000 latency_ms=523
2026-03-09T14:50:55.506+01:00 INFO credit-service host=credit-service-5b8f6c-p9qmz corrId=c-4e7c76b1a7b54f5b credit assessment completed application_id=APP-2026-505896 score=566 decision=APPROVED
2026-03-09T14:50:55.527+01:00 INFO offer-service host=offer-service-5b8f6c-t6zvn corrId=c-4e7c76b1a7b54f5b loan offer generated application_id=APP-2026-505896 loan_type=FIXED_20Y_IO principal_dkk=5015000
2026-03-09T14:50:55.538+01:00 INFO document-service host=document-service-a41e92-t6zvn corrId=c-4e7c76b1a7b54f5b offer document stored application_id=APP-2026-505896 doc_id=DOC-f182c8af
2026-03-09T14:50:55.627+01:00 INFO portal-bff host=portal-bff-a41e92-x2k4p corrId=c-4e7c76b1a7b54f5b application completed application_id=APP-2026-505896 status=OFFER_ISSUED
2026-03-09T14:52:16.712+01:00 INFO portal-bff host=portal-bff-a41e92-p9qmz corrId=c-b38ce14c4db6d67b loan application submitted application_id=APP-2026-806959 customer_segment=RETAIL
2026-03-09T14:52:16.837+01:00 INFO identity-service host=identity-service-5b8f6c-x2k4p corrId=c-b38ce14c4db6d67b MitID session validated customer_id=C31148600
2026-03-09T14:52:16.926+01:00 INFO customer-service host=customer-service-5b8f6c-x2k4p corrId=c-b38ce14c4db6d67b KYC profile loaded customer_id=C31148600 risk_class=LOW
2026-03-09T14:52:16.966+01:00 INFO valuation-service host=valuation-service-5b8f6c-t6zvn corrId=c-b38ce14c4db6d67b property valuation requested property_id=P7459237 provider=bolig-vurdering
2026-03-09T14:52:17.367+01:00 INFO valuation-service host=valuation-service-7c9d5b-p9qmz corrId=c-b38ce14c4db6d67b property valuation received property_id=P7459237 value_dkk=7370000 latency_ms=319
2026-03-09T14:52:17.405+01:00 INFO credit-service host=credit-service-5b8f6c-t6zvn corrId=c-b38ce14c4db6d67b credit assessment completed application_id=APP-2026-806959 score=848 decision=APPROVED
2026-03-09T14:52:17.477+01:00 INFO offer-service host=offer-service-a41e92-x2k4p corrId=c-b38ce14c4db6d67b loan offer generated application_id=APP-2026-806959 loan_type=FLEX_1Y principal_dkk=1235000
2026-03-09T14:52:17.551+01:00 INFO document-service host=document-service-a41e92-x2k4p corrId=c-b38ce14c4db6d67b offer document stored application_id=APP-2026-806959 doc_id=DOC-b1df2d1e
2026-03-09T14:52:17.681+01:00 INFO portal-bff host=portal-bff-a41e92-x2k4p corrId=c-b38ce14c4db6d67b application completed application_id=APP-2026-806959 status=OFFER_ISSUED
2026-03-09T14:53:11.575+01:00 INFO portal-bff host=portal-bff-7c9d5b-t6zvn corrId=c-c371f6fd0dd89c05 conversion quote requested loan_id=LN007982003 target_product=FLEX_5Y
2026-03-09T14:53:11.669+01:00 INFO identity-service host=identity-service-a41e92-t6zvn corrId=c-c371f6fd0dd89c05 MitID session validated customer_id=C54885695
2026-03-09T14:53:11.742+01:00 INFO pricing-service host=pricing-service-5b8f6c-p9qmz corrId=c-c371f6fd0dd89c05 bond price fetched series=BND4.0-2056 price=97.422
2026-03-09T14:53:11.762+01:00 INFO pricing-service host=pricing-service-a41e92-t6zvn corrId=c-c371f6fd0dd89c05 conversion cost calculated loan_id=LN007982003 cost_dkk=18454.76
2026-03-09T14:53:11.816+01:00 INFO quote-service host=quote-service-7c9d5b-x2k4p corrId=c-c371f6fd0dd89c05 conversion quote issued quote_id=Q28404216 loan_id=LN007982003
2026-03-09T14:55:00.438+01:00 INFO api-gateway host=api-gateway-7c9d5b-x2k4p corrId=- health probe ok status=200 latency_ms=17
2026-03-09T14:56:08.181+01:00 INFO portal-bff host=portal-bff-5b8f6c-t6zvn corrId=c-0901cda034e35dc5 loan application submitted application_id=APP-2026-032316 customer_segment=SME
2026-03-09T14:56:08.218+01:00 INFO identity-service host=identity-service-a41e92-t6zvn corrId=c-0901cda034e35dc5 MitID session validated customer_id=C34409430
2026-03-09T14:56:08.300+01:00 INFO customer-service host=customer-service-a41e92-p9qmz corrId=c-0901cda034e35dc5 KYC profile loaded customer_id=C34409430 risk_class=LOW
2026-03-09T14:56:08.401+01:00 INFO valuation-service host=valuation-service-7c9d5b-t6zvn corrId=c-0901cda034e35dc5 property valuation served from cache property_id=P2424086 value_dkk=3070000
2026-03-09T14:56:08.490+01:00 INFO credit-service host=credit-service-7c9d5b-p9qmz corrId=c-0901cda034e35dc5 credit assessment completed application_id=APP-2026-032316 score=825 decision=APPROVED
2026-03-09T14:56:08.545+01:00 INFO offer-service host=offer-service-a41e92-x2k4p corrId=c-0901cda034e35dc5 loan offer generated application_id=APP-2026-032316 loan_type=FIXED_20Y_IO principal_dkk=1595000
2026-03-09T14:56:08.662+01:00 INFO document-service host=document-service-5b8f6c-t6zvn corrId=c-0901cda034e35dc5 offer document stored application_id=APP-2026-032316 doc_id=DOC-0a47ee10
2026-03-09T14:56:08.701+01:00 INFO portal-bff host=portal-bff-5b8f6c-x2k4p corrId=c-0901cda034e35dc5 application completed application_id=APP-2026-032316 status=OFFER_ISSUED
2026-03-09T14:57:42.937+01:00 INFO portal-bff host=portal-bff-7c9d5b-x2k4p corrId=c-8bc6925e0484b6c0 loan application submitted application_id=APP-2026-518230 customer_segment=PRIVATE
2026-03-09T14:57:42.985+01:00 INFO identity-service host=identity-service-5b8f6c-p9qmz corrId=c-8bc6925e0484b6c0 MitID session validated customer_id=C41274952
2026-03-09T14:57:43.115+01:00 INFO customer-service host=customer-service-5b8f6c-t6zvn corrId=c-8bc6925e0484b6c0 KYC profile loaded customer_id=C41274952 risk_class=LOW
2026-03-09T14:57:43.128+01:00 INFO valuation-service host=valuation-service-a41e92-x2k4p corrId=c-8bc6925e0484b6c0 property valuation requested property_id=P5238057 provider=bolig-vurdering
2026-03-09T14:57:44.000+01:00 INFO valuation-service host=valuation-service-a41e92-p9qmz corrId=c-8bc6925e0484b6c0 property valuation received property_id=P5238057 value_dkk=5340000 latency_ms=826
2026-03-09T14:57:44.105+01:00 INFO credit-service host=credit-service-a41e92-t6zvn corrId=c-8bc6925e0484b6c0 credit assessment completed application_id=APP-2026-518230 score=766 decision=APPROVED
2026-03-09T14:57:44.116+01:00 INFO offer-service host=offer-service-5b8f6c-t6zvn corrId=c-8bc6925e0484b6c0 loan offer generated application_id=APP-2026-518230 loan_type=FLEX_1Y principal_dkk=4035000
2026-03-09T14:57:44.199+01:00 INFO document-service host=document-service-7c9d5b-x2k4p corrId=c-8bc6925e0484b6c0 offer document stored application_id=APP-2026-518230 doc_id=DOC-da1e287a
2026-03-09T14:57:44.256+01:00 INFO portal-bff host=portal-bff-7c9d5b-x2k4p corrId=c-8bc6925e0484b6c0 application completed application_id=APP-2026-518230 status=OFFER_ISSUED
2026-03-09T14:59:18.682+01:00 INFO portal-bff host=portal-bff-5b8f6c-t6zvn corrId=c-7d1364415125fb85 conversion quote requested loan_id=LN210463686 target_product=FLEX_1Y
2026-03-09T14:59:18.691+01:00 INFO identity-service host=identity-service-7c9d5b-p9qmz corrId=c-7d1364415125fb85 MitID session validated customer_id=C16566578
2026-03-09T14:59:18.764+01:00 INFO pricing-service host=pricing-service-5b8f6c-x2k4p corrId=c-7d1364415125fb85 bond price fetched series=BND2.5-2056 price=99.877
2026-03-09T14:59:18.858+01:00 INFO pricing-service host=pricing-service-7c9d5b-p9qmz corrId=c-7d1364415125fb85 conversion cost calculated loan_id=LN210463686 cost_dkk=79977.17
2026-03-09T14:59:18.961+01:00 INFO quote-service host=quote-service-5b8f6c-x2k4p corrId=c-7d1364415125fb85 conversion quote issued quote_id=Q94705598 loan_id=LN210463686
2026-03-09T15:00:00.165+01:00 INFO payment-scheduler host=payment-scheduler-a41e92-x2k4p corrId=- scheduler heartbeat lag_ms=72
2026-03-09T15:00:00.660+01:00 INFO api-gateway host=api-gateway-a41e92-p9qmz corrId=- health probe ok status=200 latency_ms=23
2026-03-09T15:00:33.000+01:00 INFO config-service host=config-service-a41e92-x2k4p corrId=- configuration refreshed version=v135
2026-03-09T15:01:47.989+01:00 INFO portal-bff host=portal-bff-a41e92-t6zvn corrId=c-f79f0ff8fc2267c8 loan application submitted application_id=APP-2026-398923 customer_segment=RETAIL
2026-03-09T15:01:48.079+01:00 INFO identity-service host=identity-service-7c9d5b-t6zvn corrId=c-f79f0ff8fc2267c8 MitID session validated customer_id=C75563037
2026-03-09T15:01:48.155+01:00 INFO customer-service host=customer-service-a41e92-x2k4p corrId=c-f79f0ff8fc2267c8 KYC profile loaded customer_id=C75563037 risk_class=LOW
2026-03-09T15:01:48.239+01:00 INFO valuation-service host=valuation-service-7c9d5b-t6zvn corrId=c-f79f0ff8fc2267c8 property valuation served from cache property_id=P4682233 value_dkk=7550000
2026-03-09T15:01:48.358+01:00 INFO credit-service host=credit-service-5b8f6c-p9qmz corrId=c-f79f0ff8fc2267c8 credit assessment completed application_id=APP-2026-398923 score=541 decision=APPROVED
2026-03-09T15:01:48.415+01:00 INFO offer-service host=offer-service-5b8f6c-x2k4p corrId=c-f79f0ff8fc2267c8 loan offer generated application_id=APP-2026-398923 loan_type=FLEX_5Y principal_dkk=2475000
2026-03-09T15:01:48.421+01:00 INFO document-service host=document-service-5b8f6c-x2k4p corrId=c-f79f0ff8fc2267c8 offer document stored application_id=APP-2026-398923 doc_id=DOC-7b3e307c
2026-03-09T15:01:48.521+01:00 INFO portal-bff host=portal-bff-5b8f6c-t6zvn corrId=c-f79f0ff8fc2267c8 application completed application_id=APP-2026-398923 status=OFFER_ISSUED
2026-03-09T15:03:56.107+01:00 INFO portal-bff host=portal-bff-a41e92-p9qmz corrId=c-5af0dd122089fc78 loan application submitted application_id=APP-2026-375598 customer_segment=RETAIL
2026-03-09T15:03:56.224+01:00 INFO identity-service host=identity-service-5b8f6c-x2k4p corrId=c-5af0dd122089fc78 MitID session validated customer_id=C18195761
2026-03-09T15:03:56.315+01:00 INFO customer-service host=customer-service-5b8f6c-x2k4p corrId=c-5af0dd122089fc78 KYC profile loaded customer_id=C18195761 risk_class=LOW
2026-03-09T15:03:56.366+01:00 INFO valuation-service host=valuation-service-7c9d5b-p9qmz corrId=c-5af0dd122089fc78 property valuation requested property_id=P8819726 provider=bolig-vurdering
2026-03-09T15:03:56.763+01:00 INFO valuation-service host=valuation-service-7c9d5b-t6zvn corrId=c-5af0dd122089fc78 property valuation received property_id=P8819726 value_dkk=5860000 latency_ms=303
2026-03-09T15:03:56.851+01:00 INFO credit-service host=credit-service-7c9d5b-p9qmz corrId=c-5af0dd122089fc78 credit assessment completed application_id=APP-2026-375598 score=641 decision=APPROVED
2026-03-09T15:03:56.962+01:00 INFO offer-service host=offer-service-5b8f6c-t6zvn corrId=c-5af0dd122089fc78 loan offer generated application_id=APP-2026-375598 loan_type=FLEX_5Y principal_dkk=3790000
2026-03-09T15:03:57.028+01:00 INFO document-service host=document-service-5b8f6c-p9qmz corrId=c-5af0dd122089fc78 offer document stored application_id=APP-2026-375598 doc_id=DOC-76fd9e80
2026-03-09T15:03:57.081+01:00 INFO portal-bff host=portal-bff-a41e92-x2k4p corrId=c-5af0dd122089fc78 application completed application_id=APP-2026-375598 status=OFFER_ISSUED
2026-03-09T15:05:00.697+01:00 INFO api-gateway host=api-gateway-7c9d5b-t6zvn corrId=- health probe ok status=200 latency_ms=36
2026-03-09T15:06:09.604+01:00 INFO portal-bff host=portal-bff-a41e92-t6zvn corrId=c-b47ed161f1e6c1f2 loan application submitted application_id=APP-2026-111213 customer_segment=RETAIL
2026-03-09T15:06:09.693+01:00 INFO identity-service host=identity-service-7c9d5b-t6zvn corrId=c-b47ed161f1e6c1f2 MitID session validated customer_id=C47610737
2026-03-09T15:06:09.771+01:00 INFO customer-service host=customer-service-7c9d5b-t6zvn corrId=c-b47ed161f1e6c1f2 KYC profile loaded customer_id=C47610737 risk_class=HIGH
2026-03-09T15:06:09.788+01:00 INFO valuation-service host=valuation-service-a41e92-t6zvn corrId=c-b47ed161f1e6c1f2 property valuation requested property_id=P4682682 provider=bolig-vurdering
2026-03-09T15:06:10.725+01:00 INFO valuation-service host=valuation-service-a41e92-x2k4p corrId=c-b47ed161f1e6c1f2 property valuation received property_id=P4682682 value_dkk=3750000 latency_ms=886
2026-03-09T15:06:10.735+01:00 INFO credit-service host=credit-service-7c9d5b-p9qmz corrId=c-b47ed161f1e6c1f2 credit assessment completed application_id=APP-2026-111213 score=792 decision=APPROVED
2026-03-09T15:06:10.870+01:00 INFO offer-service host=offer-service-5b8f6c-t6zvn corrId=c-b47ed161f1e6c1f2 loan offer generated application_id=APP-2026-111213 loan_type=FLEX_1Y principal_dkk=3515000
2026-03-09T15:06:10.936+01:00 INFO document-service host=document-service-5b8f6c-p9qmz corrId=c-b47ed161f1e6c1f2 offer document stored application_id=APP-2026-111213 doc_id=DOC-50ad4150
2026-03-09T15:06:11.041+01:00 INFO portal-bff host=portal-bff-a41e92-t6zvn corrId=c-b47ed161f1e6c1f2 application completed application_id=APP-2026-111213 status=OFFER_ISSUED
2026-03-09T15:10:00.571+01:00 INFO api-gateway host=api-gateway-7c9d5b-p9qmz corrId=- health probe ok status=200 latency_ms=37
2026-03-09T15:10:00.881+01:00 INFO payment-scheduler host=payment-scheduler-5b8f6c-t6zvn corrId=- scheduler heartbeat lag_ms=15
2026-03-09T15:12:32.479+01:00 INFO portal-bff host=portal-bff-7c9d5b-t6zvn corrId=c-f96f99c8a59beb90 loan application submitted application_id=APP-2026-746139 customer_segment=SME
2026-03-09T15:12:32.548+01:00 WARN identity-service host=identity-service-a41e92-x2k4p corrId=c-f96f99c8a59beb90 MitID token refresh attempt=1
2026-03-09T15:12:32.562+01:00 INFO identity-service host=identity-service-a41e92-x2k4p corrId=c-f96f99c8a59beb90 MitID session validated customer_id=C12105894
2026-03-09T15:12:32.697+01:00 INFO customer-service host=customer-service-7c9d5b-x2k4p corrId=c-f96f99c8a59beb90 KYC profile loaded customer_id=C12105894 risk_class=MEDIUM
2026-03-09T15:12:32.740+01:00 INFO valuation-service host=valuation-service-a41e92-t6zvn corrId=c-f96f99c8a59beb90 property valuation requested property_id=P0823936 provider=valuta-ejd
2026-03-09T15:12:33.349+01:00 INFO valuation-service host=valuation-service-5b8f6c-x2k4p corrId=c-f96f99c8a59beb90 property valuation received property_id=P0823936 value_dkk=2890000 latency_ms=516
2026-03-09T15:12:33.487+01:00 INFO credit-service host=credit-service-7c9d5b-p9qmz corrId=c-f96f99c8a59beb90 credit assessment completed application_id=APP-2026-746139 score=486 decision=APPROVED
2026-03-09T15:12:33.496+01:00 INFO offer-service host=offer-service-a41e92-p9qmz corrId=c-f96f99c8a59beb90 loan offer generated application_id=APP-2026-746139 loan_type=FLEX_5Y principal_dkk=5575000
2026-03-09T15:12:33.584+01:00 INFO document-service host=document-service-a41e92-x2k4p corrId=c-f96f99c8a59beb90 offer document stored application_id=APP-2026-746139 doc_id=DOC-4ef55558
2026-03-09T15:12:33.601+01:00 INFO portal-bff host=portal-bff-a41e92-p9qmz corrId=c-f96f99c8a59beb90 application completed application_id=APP-2026-746139 status=OFFER_ISSUED
2026-03-09T15:13:22.940+01:00 INFO portal-bff host=portal-bff-a41e92-t6zvn corrId=c-a8b9c82a3e5bfecf conversion quote requested loan_id=LN278663403 target_product=FIXED_30Y
2026-03-09T15:13:23.005+01:00 INFO identity-service host=identity-service-a41e92-p9qmz corrId=c-a8b9c82a3e5bfecf MitID session validated customer_id=C58842458
2026-03-09T15:13:23.055+01:00 INFO pricing-service host=pricing-service-7c9d5b-p9qmz corrId=c-a8b9c82a3e5bfecf bond price fetched series=BND4.0-2053 price=97.310
2026-03-09T15:13:23.182+01:00 INFO pricing-service host=pricing-service-7c9d5b-t6zvn corrId=c-a8b9c82a3e5bfecf conversion cost calculated loan_id=LN278663403 cost_dkk=52897.97
2026-03-09T15:13:23.292+01:00 INFO quote-service host=quote-service-5b8f6c-t6zvn corrId=c-a8b9c82a3e5bfecf conversion quote issued quote_id=Q39113280 loan_id=LN278663403
2026-03-09T15:15:00.097+01:00 INFO api-gateway host=api-gateway-a41e92-t6zvn corrId=- health probe ok status=200 latency_ms=15
2026-03-09T15:15:11.730+01:00 INFO portal-bff host=portal-bff-5b8f6c-t6zvn corrId=c-771df9816714279e conversion quote requested loan_id=LN016083172 target_product=FLEX_1Y
2026-03-09T15:15:11.833+01:00 INFO identity-service host=identity-service-7c9d5b-p9qmz corrId=c-771df9816714279e MitID session validated customer_id=C02918867
2026-03-09T15:15:11.951+01:00 INFO pricing-service host=pricing-service-a41e92-t6zvn corrId=c-771df9816714279e bond price fetched series=BND4.0-2056 price=93.524
2026-03-09T15:15:12.061+01:00 INFO pricing-service host=pricing-service-5b8f6c-t6zvn corrId=c-771df9816714279e conversion cost calculated loan_id=LN016083172 cost_dkk=16692.02
2026-03-09T15:15:12.171+01:00 INFO quote-service host=quote-service-a41e92-t6zvn corrId=c-771df9816714279e conversion quote issued quote_id=Q83596496 loan_id=LN016083172
2026-03-09T15:20:00.216+01:00 INFO api-gateway host=api-gateway-7c9d5b-p9qmz corrId=- health probe ok status=200 latency_ms=36
2026-03-09T15:20:00.483+01:00 INFO payment-scheduler host=payment-scheduler-7c9d5b-p9qmz corrId=- scheduler heartbeat lag_ms=59
2026-03-09T15:20:11.937+01:00 INFO portal-bff host=portal-bff-7c9d5b-t6zvn corrId=c-98fadeff674cc46b loan application submitted application_id=APP-2026-031462 customer_segment=RETAIL
2026-03-09T15:20:11.993+01:00 INFO identity-service host=identity-service-5b8f6c-t6zvn corrId=c-98fadeff674cc46b MitID session validated customer_id=C94534425
2026-03-09T15:20:12.129+01:00 INFO customer-service host=customer-service-5b8f6c-p9qmz corrId=c-98fadeff674cc46b KYC profile loaded customer_id=C94534425 risk_class=HIGH
2026-03-09T15:20:12.266+01:00 INFO valuation-service host=valuation-service-7c9d5b-t6zvn corrId=c-98fadeff674cc46b property valuation requested property_id=P1152711 provider=valuta-ejd
2026-03-09T15:20:12.637+01:00 INFO valuation-service host=valuation-service-a41e92-x2k4p corrId=c-98fadeff674cc46b property valuation received property_id=P1152711 value_dkk=5050000 latency_ms=282
2026-03-09T15:20:12.646+01:00 INFO credit-service host=credit-service-5b8f6c-x2k4p corrId=c-98fadeff674cc46b credit assessment completed application_id=APP-2026-031462 score=801 decision=APPROVED
2026-03-09T15:20:12.738+01:00 INFO offer-service host=offer-service-a41e92-p9qmz corrId=c-98fadeff674cc46b loan offer generated application_id=APP-2026-031462 loan_type=FLEX_5Y principal_dkk=1200000
2026-03-09T15:20:12.856+01:00 INFO document-service host=document-service-7c9d5b-x2k4p corrId=c-98fadeff674cc46b offer document stored application_id=APP-2026-031462 doc_id=DOC-05657193
2026-03-09T15:20:12.896+01:00 INFO portal-bff host=portal-bff-5b8f6c-x2k4p corrId=c-98fadeff674cc46b application completed application_id=APP-2026-031462 status=OFFER_ISSUED
2026-03-09T15:20:18.108+01:00 INFO portal-bff host=portal-bff-7c9d5b-t6zvn corrId=c-a12b4eb335b98c0c loan application submitted application_id=APP-2026-735877 customer_segment=SME
2026-03-09T15:20:18.124+01:00 INFO identity-service host=identity-service-a41e92-p9qmz corrId=c-a12b4eb335b98c0c MitID session validated customer_id=C60334609
2026-03-09T15:20:18.198+01:00 INFO customer-service host=customer-service-5b8f6c-x2k4p corrId=c-a12b4eb335b98c0c KYC profile loaded customer_id=C60334609 risk_class=HIGH
2026-03-09T15:20:18.261+01:00 INFO valuation-service host=valuation-service-5b8f6c-p9qmz corrId=c-a12b4eb335b98c0c property valuation requested property_id=P1834520 provider=valuta-ejd
2026-03-09T15:20:18.998+01:00 INFO valuation-service host=valuation-service-a41e92-p9qmz corrId=c-a12b4eb335b98c0c property valuation received property_id=P1834520 value_dkk=5040000 latency_ms=607
2026-03-09T15:20:19.051+01:00 INFO credit-service host=credit-service-a41e92-p9qmz corrId=c-a12b4eb335b98c0c credit assessment completed application_id=APP-2026-735877 score=634 decision=APPROVED
2026-03-09T15:20:19.089+01:00 INFO offer-service host=offer-service-5b8f6c-p9qmz corrId=c-a12b4eb335b98c0c loan offer generated application_id=APP-2026-735877 loan_type=FLEX_1Y principal_dkk=4050000
2026-03-09T15:20:19.126+01:00 INFO document-service host=document-service-a41e92-t6zvn corrId=c-a12b4eb335b98c0c offer document stored application_id=APP-2026-735877 doc_id=DOC-76ed6cd3
2026-03-09T15:20:19.140+01:00 INFO portal-bff host=portal-bff-5b8f6c-p9qmz corrId=c-a12b4eb335b98c0c application completed application_id=APP-2026-735877 status=OFFER_ISSUED
2026-03-09T15:22:29.530+01:00 INFO portal-bff host=portal-bff-a41e92-t6zvn corrId=c-4f03faa6e793e571 loan application submitted application_id=APP-2026-252321 customer_segment=RETAIL
2026-03-09T15:22:29.590+01:00 INFO identity-service host=identity-service-a41e92-p9qmz corrId=c-4f03faa6e793e571 MitID session validated customer_id=C75257708
2026-03-09T15:22:29.681+01:00 INFO customer-service host=customer-service-a41e92-t6zvn corrId=c-4f03faa6e793e571 KYC profile loaded customer_id=C75257708 risk_class=MEDIUM
2026-03-09T15:22:29.818+01:00 INFO valuation-service host=valuation-service-7c9d5b-t6zvn corrId=c-4f03faa6e793e571 property valuation served from cache property_id=P0579260 value_dkk=2440000
2026-03-09T15:22:29.861+01:00 INFO credit-service host=credit-service-a41e92-t6zvn corrId=c-4f03faa6e793e571 credit assessment completed application_id=APP-2026-252321 score=677 decision=APPROVED
2026-03-09T15:22:29.875+01:00 INFO offer-service host=offer-service-5b8f6c-p9qmz corrId=c-4f03faa6e793e571 loan offer generated application_id=APP-2026-252321 loan_type=FIXED_30Y principal_dkk=3725000
2026-03-09T15:22:29.920+01:00 INFO document-service host=document-service-5b8f6c-x2k4p corrId=c-4f03faa6e793e571 offer document stored application_id=APP-2026-252321 doc_id=DOC-445daee7
2026-03-09T15:22:29.962+01:00 INFO portal-bff host=portal-bff-7c9d5b-t6zvn corrId=c-4f03faa6e793e571 application completed application_id=APP-2026-252321 status=OFFER_ISSUED
2026-03-09T15:23:29.558+01:00 INFO portal-bff host=portal-bff-5b8f6c-p9qmz corrId=c-063bbe018f2dc4d3 loan application submitted application_id=APP-2026-049435 customer_segment=RETAIL
2026-03-09T15:23:29.635+01:00 INFO identity-service host=identity-service-a41e92-x2k4p corrId=c-063bbe018f2dc4d3 MitID session validated customer_id=C75343670
2026-03-09T15:23:29.711+01:00 INFO customer-service host=customer-service-a41e92-x2k4p corrId=c-063bbe018f2dc4d3 KYC profile loaded customer_id=C75343670 risk_class=LOW
2026-03-09T15:23:29.770+01:00 INFO valuation-service host=valuation-service-a41e92-t6zvn corrId=c-063bbe018f2dc4d3 property valuation requested property_id=P1556382 provider=valuta-ejd
2026-03-09T15:23:30.192+01:00 INFO valuation-service host=valuation-service-a41e92-t6zvn corrId=c-063bbe018f2dc4d3 property valuation received property_id=P1556382 value_dkk=5200000 latency_ms=398
2026-03-09T15:23:30.258+01:00 INFO credit-service host=credit-service-7c9d5b-p9qmz corrId=c-063bbe018f2dc4d3 credit assessment completed application_id=APP-2026-049435 score=551 decision=APPROVED
2026-03-09T15:23:30.383+01:00 INFO offer-service host=offer-service-7c9d5b-p9qmz corrId=c-063bbe018f2dc4d3 loan offer generated application_id=APP-2026-049435 loan_type=FLEX_1Y principal_dkk=3255000
2026-03-09T15:23:30.420+01:00 INFO document-service host=document-service-5b8f6c-x2k4p corrId=c-063bbe018f2dc4d3 offer document stored application_id=APP-2026-049435 doc_id=DOC-d294dc22
2026-03-09T15:23:30.481+01:00 INFO portal-bff host=portal-bff-7c9d5b-p9qmz corrId=c-063bbe018f2dc4d3 application completed application_id=APP-2026-049435 status=OFFER_ISSUED
2026-03-09T15:25:00.193+01:00 INFO api-gateway host=api-gateway-5b8f6c-x2k4p corrId=- health probe ok status=200 latency_ms=18
2026-03-09T15:26:17.621+01:00 INFO portal-bff host=portal-bff-7c9d5b-p9qmz corrId=c-6219891aa6fb419e conversion quote requested loan_id=LN691953971 target_product=FLEX_1Y
2026-03-09T15:26:17.700+01:00 INFO identity-service host=identity-service-5b8f6c-p9qmz corrId=c-6219891aa6fb419e MitID session validated customer_id=C48586412
2026-03-09T15:26:17.762+01:00 INFO pricing-service host=pricing-service-a41e92-t6zvn corrId=c-6219891aa6fb419e bond price fetched series=BND4.0-2053 price=96.313
2026-03-09T15:26:17.848+01:00 INFO pricing-service host=pricing-service-5b8f6c-p9qmz corrId=c-6219891aa6fb419e conversion cost calculated loan_id=LN691953971 cost_dkk=77037.28
2026-03-09T15:26:17.954+01:00 INFO quote-service host=quote-service-a41e92-x2k4p corrId=c-6219891aa6fb419e conversion quote issued quote_id=Q41663254 loan_id=LN691953971
2026-03-09T15:29:54.001+01:00 INFO portal-bff host=portal-bff-7c9d5b-p9qmz corrId=c-3f6799fc4a12e6b9 loan application submitted application_id=APP-2026-148251 customer_segment=PRIVATE
2026-03-09T15:29:54.036+01:00 INFO identity-service host=identity-service-5b8f6c-p9qmz corrId=c-3f6799fc4a12e6b9 MitID session validated customer_id=C40068808
2026-03-09T15:29:54.116+01:00 INFO customer-service host=customer-service-a41e92-x2k4p corrId=c-3f6799fc4a12e6b9 KYC profile loaded customer_id=C40068808 risk_class=LOW
2026-03-09T15:29:54.130+01:00 INFO valuation-service host=valuation-service-7c9d5b-x2k4p corrId=c-3f6799fc4a12e6b9 property valuation requested property_id=P9258735 provider=bolig-vurdering
2026-03-09T15:29:54.491+01:00 INFO valuation-service host=valuation-service-a41e92-p9qmz corrId=c-3f6799fc4a12e6b9 property valuation received property_id=P9258735 value_dkk=8670000 latency_ms=343
2026-03-09T15:29:54.607+01:00 INFO credit-service host=credit-service-5b8f6c-t6zvn corrId=c-3f6799fc4a12e6b9 credit assessment completed application_id=APP-2026-148251 score=657 decision=APPROVED
2026-03-09T15:29:54.649+01:00 INFO offer-service host=offer-service-7c9d5b-x2k4p corrId=c-3f6799fc4a12e6b9 loan offer generated application_id=APP-2026-148251 loan_type=FLEX_1Y principal_dkk=5690000
2026-03-09T15:29:54.706+01:00 INFO document-service host=document-service-7c9d5b-t6zvn corrId=c-3f6799fc4a12e6b9 offer document stored application_id=APP-2026-148251 doc_id=DOC-e833ea70
2026-03-09T15:29:54.713+01:00 INFO portal-bff host=portal-bff-a41e92-t6zvn corrId=c-3f6799fc4a12e6b9 application completed application_id=APP-2026-148251 status=OFFER_ISSUED
2026-03-09T15:30:00.398+01:00 INFO payment-scheduler host=payment-scheduler-7c9d5b-x2k4p corrId=- scheduler heartbeat lag_ms=38
2026-03-09T15:30:00.438+01:00 INFO api-gateway host=api-gateway-7c9d5b-x2k4p corrId=- health probe ok status=200 latency_ms=30
2026-03-09T15:30:38.728+01:00 INFO portal-bff host=portal-bff-5b8f6c-t6zvn corrId=c-4fd211ce25ca523d loan application submitted application_id=APP-2026-964519 customer_segment=RETAIL
2026-03-09T15:30:38.841+01:00 INFO identity-service host=identity-service-5b8f6c-x2k4p corrId=c-4fd211ce25ca523d MitID session validated customer_id=C22765094
2026-03-09T15:30:38.935+01:00 INFO customer-service host=customer-service-5b8f6c-p9qmz corrId=c-4fd211ce25ca523d KYC profile loaded customer_id=C22765094 risk_class=LOW
2026-03-09T15:30:38.992+01:00 INFO valuation-service host=valuation-service-a41e92-t6zvn corrId=c-4fd211ce25ca523d property valuation requested property_id=P9923509 provider=bolig-vurdering
2026-03-09T15:30:39.605+01:00 INFO valuation-service host=valuation-service-a41e92-t6zvn corrId=c-4fd211ce25ca523d property valuation received property_id=P9923509 value_dkk=4900000 latency_ms=491
2026-03-09T15:30:39.707+01:00 INFO credit-service host=credit-service-7c9d5b-p9qmz corrId=c-4fd211ce25ca523d credit assessment completed application_id=APP-2026-964519 score=649 decision=APPROVED
2026-03-09T15:30:39.816+01:00 INFO offer-service host=offer-service-a41e92-x2k4p corrId=c-4fd211ce25ca523d loan offer generated application_id=APP-2026-964519 loan_type=FIXED_20Y_IO principal_dkk=4085000
2026-03-09T15:30:39.857+01:00 INFO document-service host=document-service-7c9d5b-t6zvn corrId=c-4fd211ce25ca523d offer document stored application_id=APP-2026-964519 doc_id=DOC-527d1a46
2026-03-09T15:30:39.886+01:00 INFO portal-bff host=portal-bff-5b8f6c-t6zvn corrId=c-4fd211ce25ca523d application completed application_id=APP-2026-964519 status=OFFER_ISSUED
2026-03-09T15:35:00.609+01:00 INFO api-gateway host=api-gateway-5b8f6c-t6zvn corrId=- health probe ok status=200 latency_ms=29
2026-03-09T15:37:34.562+01:00 INFO portal-bff host=portal-bff-5b8f6c-t6zvn corrId=c-0462608b6bae48a4 loan application submitted application_id=APP-2026-408892 customer_segment=RETAIL
2026-03-09T15:37:34.682+01:00 INFO identity-service host=identity-service-5b8f6c-p9qmz corrId=c-0462608b6bae48a4 MitID session validated customer_id=C18366644
2026-03-09T15:37:34.750+01:00 INFO customer-service host=customer-service-7c9d5b-x2k4p corrId=c-0462608b6bae48a4 KYC profile loaded customer_id=C18366644 risk_class=HIGH
2026-03-09T15:37:34.878+01:00 INFO valuation-service host=valuation-service-5b8f6c-x2k4p corrId=c-0462608b6bae48a4 property valuation requested property_id=P5680253 provider=bolig-vurdering
2026-03-09T15:37:35.137+01:00 INFO valuation-service host=valuation-service-a41e92-p9qmz corrId=c-0462608b6bae48a4 property valuation received property_id=P5680253 value_dkk=3220000 latency_ms=180
2026-03-09T15:37:35.220+01:00 INFO credit-service host=credit-service-a41e92-p9qmz corrId=c-0462608b6bae48a4 credit assessment completed application_id=APP-2026-408892 score=795 decision=APPROVED
2026-03-09T15:37:35.241+01:00 INFO offer-service host=offer-service-7c9d5b-x2k4p corrId=c-0462608b6bae48a4 loan offer generated application_id=APP-2026-408892 loan_type=FLEX_1Y principal_dkk=3985000
2026-03-09T15:37:35.250+01:00 INFO document-service host=document-service-5b8f6c-x2k4p corrId=c-0462608b6bae48a4 offer document stored application_id=APP-2026-408892 doc_id=DOC-ecf12d80
2026-03-09T15:37:35.366+01:00 INFO portal-bff host=portal-bff-7c9d5b-p9qmz corrId=c-0462608b6bae48a4 application completed application_id=APP-2026-408892 status=OFFER_ISSUED
2026-03-09T15:40:00.006+01:00 INFO api-gateway host=api-gateway-5b8f6c-x2k4p corrId=- health probe ok status=200 latency_ms=19
2026-03-09T15:40:00.807+01:00 INFO payment-scheduler host=payment-scheduler-7c9d5b-t6zvn corrId=- scheduler heartbeat lag_ms=72
2026-03-09T15:45:00.715+01:00 INFO api-gateway host=api-gateway-a41e92-p9qmz corrId=- health probe ok status=200 latency_ms=34
2026-03-09T15:45:34.774+01:00 INFO portal-bff host=portal-bff-a41e92-t6zvn corrId=c-31428990c5d51296 conversion quote requested loan_id=LN137924372 target_product=FLEX_5Y
2026-03-09T15:45:34.884+01:00 INFO identity-service host=identity-service-a41e92-t6zvn corrId=c-31428990c5d51296 MitID session validated customer_id=C76516929
2026-03-09T15:45:34.924+01:00 INFO pricing-service host=pricing-service-a41e92-p9qmz corrId=c-31428990c5d51296 bond price fetched series=BND4.0-2053 price=99.273
2026-03-09T15:45:34.977+01:00 INFO pricing-service host=pricing-service-7c9d5b-t6zvn corrId=c-31428990c5d51296 conversion cost calculated loan_id=LN137924372 cost_dkk=86492.10
2026-03-09T15:45:35.025+01:00 INFO quote-service host=quote-service-a41e92-x2k4p corrId=c-31428990c5d51296 conversion quote issued quote_id=Q11778032 loan_id=LN137924372
2026-03-09T15:47:21.961+01:00 INFO portal-bff host=portal-bff-5b8f6c-p9qmz corrId=c-11b3d82432884a80 conversion quote requested loan_id=LN947701978 target_product=FLEX_5Y
2026-03-09T15:47:22.061+01:00 INFO identity-service host=identity-service-5b8f6c-x2k4p corrId=c-11b3d82432884a80 MitID session validated customer_id=C77633085
2026-03-09T15:47:22.171+01:00 INFO pricing-service host=pricing-service-7c9d5b-x2k4p corrId=c-11b3d82432884a80 bond price fetched series=BND4.0-2056 price=91.026
2026-03-09T15:47:22.198+01:00 INFO pricing-service host=pricing-service-7c9d5b-x2k4p corrId=c-11b3d82432884a80 conversion cost calculated loan_id=LN947701978 cost_dkk=75323.12
2026-03-09T15:47:22.228+01:00 INFO quote-service host=quote-service-a41e92-x2k4p corrId=c-11b3d82432884a80 conversion quote issued quote_id=Q42590749 loan_id=LN947701978
2026-03-09T15:47:47.933+01:00 INFO portal-bff host=portal-bff-5b8f6c-t6zvn corrId=c-739f62239b1988dd loan application submitted application_id=APP-2026-626486 customer_segment=PRIVATE
2026-03-09T15:47:47.943+01:00 INFO identity-service host=identity-service-a41e92-x2k4p corrId=c-739f62239b1988dd MitID session validated customer_id=C29640688
2026-03-09T15:47:48.049+01:00 INFO customer-service host=customer-service-7c9d5b-t6zvn corrId=c-739f62239b1988dd KYC profile loaded customer_id=C29640688 risk_class=LOW
2026-03-09T15:47:48.181+01:00 INFO valuation-service host=valuation-service-a41e92-t6zvn corrId=c-739f62239b1988dd property valuation served from cache property_id=P7609639 value_dkk=4770000
2026-03-09T15:47:48.239+01:00 INFO credit-service host=credit-service-a41e92-t6zvn corrId=c-739f62239b1988dd credit assessment completed application_id=APP-2026-626486 score=601 decision=APPROVED
2026-03-09T15:47:48.344+01:00 INFO offer-service host=offer-service-7c9d5b-p9qmz corrId=c-739f62239b1988dd loan offer generated application_id=APP-2026-626486 loan_type=FLEX_1Y principal_dkk=4850000
2026-03-09T15:47:48.450+01:00 INFO document-service host=document-service-7c9d5b-x2k4p corrId=c-739f62239b1988dd offer document stored application_id=APP-2026-626486 doc_id=DOC-586061df
2026-03-09T15:47:48.547+01:00 INFO portal-bff host=portal-bff-a41e92-x2k4p corrId=c-739f62239b1988dd application completed application_id=APP-2026-626486 status=OFFER_ISSUED
2026-03-09T15:50:00.675+01:00 INFO api-gateway host=api-gateway-5b8f6c-p9qmz corrId=- health probe ok status=200 latency_ms=24
2026-03-09T15:50:00.866+01:00 INFO payment-scheduler host=payment-scheduler-5b8f6c-t6zvn corrId=- scheduler heartbeat lag_ms=6
2026-03-09T15:51:01.846+01:00 INFO portal-bff host=portal-bff-7c9d5b-t6zvn corrId=c-3271cd85dc38bfb0 loan application submitted application_id=APP-2026-554831 customer_segment=SME
2026-03-09T15:51:01.914+01:00 INFO identity-service host=identity-service-7c9d5b-t6zvn corrId=c-3271cd85dc38bfb0 MitID session validated customer_id=C05900336
2026-03-09T15:51:01.969+01:00 INFO customer-service host=customer-service-5b8f6c-p9qmz corrId=c-3271cd85dc38bfb0 KYC profile loaded customer_id=C05900336 risk_class=HIGH
2026-03-09T15:51:02.062+01:00 INFO valuation-service host=valuation-service-a41e92-p9qmz corrId=c-3271cd85dc38bfb0 property valuation requested property_id=P1371329 provider=bolig-vurdering
2026-03-09T15:51:03.079+01:00 INFO valuation-service host=valuation-service-7c9d5b-x2k4p corrId=c-3271cd85dc38bfb0 property valuation received property_id=P1371329 value_dkk=5950000 latency_ms=925
2026-03-09T15:51:03.133+01:00 INFO credit-service host=credit-service-5b8f6c-x2k4p corrId=c-3271cd85dc38bfb0 credit assessment completed application_id=APP-2026-554831 score=507 decision=APPROVED
2026-03-09T15:51:03.249+01:00 INFO offer-service host=offer-service-5b8f6c-x2k4p corrId=c-3271cd85dc38bfb0 loan offer generated application_id=APP-2026-554831 loan_type=FLEX_1Y principal_dkk=4235000
2026-03-09T15:51:03.367+01:00 INFO document-service host=document-service-7c9d5b-p9qmz corrId=c-3271cd85dc38bfb0 offer document stored application_id=APP-2026-554831 doc_id=DOC-1573b41b
2026-03-09T15:51:03.438+01:00 INFO portal-bff host=portal-bff-7c9d5b-p9qmz corrId=c-3271cd85dc38bfb0 application completed application_id=APP-2026-554831 status=OFFER_ISSUED
2026-03-09T15:55:00.081+01:00 INFO api-gateway host=api-gateway-5b8f6c-x2k4p corrId=- health probe ok status=200 latency_ms=3
2026-03-09T15:56:04.748+01:00 INFO portal-bff host=portal-bff-a41e92-t6zvn corrId=c-59db6601f68f91db conversion quote requested loan_id=LN032247064 target_product=FLEX_1Y
2026-03-09T15:56:04.789+01:00 INFO identity-service host=identity-service-5b8f6c-p9qmz corrId=c-59db6601f68f91db MitID session validated customer_id=C82151412
2026-03-09T15:56:04.805+01:00 INFO pricing-service host=pricing-service-5b8f6c-x2k4p corrId=c-59db6601f68f91db bond price fetched series=BND4.0-2053 price=98.908
2026-03-09T15:56:04.906+01:00 INFO pricing-service host=pricing-service-a41e92-x2k4p corrId=c-59db6601f68f91db conversion cost calculated loan_id=LN032247064 cost_dkk=5198.31
2026-03-09T15:56:04.977+01:00 INFO quote-service host=quote-service-a41e92-p9qmz corrId=c-59db6601f68f91db conversion quote issued quote_id=Q50696578 loan_id=LN032247064
2026-03-09T15:56:55.169+01:00 INFO portal-bff host=portal-bff-5b8f6c-x2k4p corrId=c-88848cc244725173 loan application submitted application_id=APP-2026-349527 customer_segment=SME
2026-03-09T15:56:55.180+01:00 WARN identity-service host=identity-service-5b8f6c-t6zvn corrId=c-88848cc244725173 MitID token refresh attempt=1
2026-03-09T15:56:55.208+01:00 INFO identity-service host=identity-service-5b8f6c-x2k4p corrId=c-88848cc244725173 MitID session validated customer_id=C40075994
2026-03-09T15:56:55.310+01:00 INFO customer-service host=customer-service-5b8f6c-t6zvn corrId=c-88848cc244725173 KYC profile loaded customer_id=C40075994 risk_class=MEDIUM
2026-03-09T15:56:55.376+01:00 INFO valuation-service host=valuation-service-a41e92-t6zvn corrId=c-88848cc244725173 property valuation requested property_id=P4573141 provider=valuta-ejd
2026-03-09T15:56:55.728+01:00 INFO valuation-service host=valuation-service-7c9d5b-t6zvn corrId=c-88848cc244725173 property valuation received property_id=P4573141 value_dkk=910000 latency_ms=236
2026-03-09T15:56:55.773+01:00 INFO credit-service host=credit-service-a41e92-p9qmz corrId=c-88848cc244725173 credit assessment completed application_id=APP-2026-349527 score=691 decision=APPROVED
2026-03-09T15:56:55.831+01:00 INFO offer-service host=offer-service-7c9d5b-t6zvn corrId=c-88848cc244725173 loan offer generated application_id=APP-2026-349527 loan_type=FLEX_1Y principal_dkk=4180000
2026-03-09T15:56:55.964+01:00 INFO document-service host=document-service-7c9d5b-x2k4p corrId=c-88848cc244725173 offer document stored application_id=APP-2026-349527 doc_id=DOC-3890f6ff
2026-03-09T15:56:55.970+01:00 INFO portal-bff host=portal-bff-7c9d5b-t6zvn corrId=c-88848cc244725173 application completed application_id=APP-2026-349527 status=OFFER_ISSUED
2026-03-09T16:00:00.395+01:00 INFO payment-scheduler host=payment-scheduler-7c9d5b-p9qmz corrId=- scheduler heartbeat lag_ms=0
2026-03-09T16:00:00.790+01:00 INFO api-gateway host=api-gateway-5b8f6c-x2k4p corrId=- health probe ok status=200 latency_ms=9
2026-03-09T16:00:03.000+01:00 INFO config-service host=config-service-a41e92-t6zvn corrId=- configuration refreshed version=v111
2026-03-09T16:05:00.366+01:00 INFO api-gateway host=api-gateway-5b8f6c-p9qmz corrId=- health probe ok status=200 latency_ms=30
2026-03-09T16:10:00.359+01:00 INFO api-gateway host=api-gateway-a41e92-t6zvn corrId=- health probe ok status=200 latency_ms=29
2026-03-09T16:10:00.414+01:00 INFO payment-scheduler host=payment-scheduler-5b8f6c-t6zvn corrId=- scheduler heartbeat lag_ms=8
2026-03-09T16:11:46.205+01:00 INFO portal-bff host=portal-bff-5b8f6c-p9qmz corrId=c-fa613667067079cf loan application submitted application_id=APP-2026-497839 customer_segment=PRIVATE
2026-03-09T16:11:46.322+01:00 INFO identity-service host=identity-service-5b8f6c-x2k4p corrId=c-fa613667067079cf MitID session validated customer_id=C85462319
2026-03-09T16:11:46.370+01:00 INFO customer-service host=customer-service-5b8f6c-t6zvn corrId=c-fa613667067079cf KYC profile loaded customer_id=C85462319 risk_class=LOW
2026-03-09T16:11:46.485+01:00 INFO valuation-service host=valuation-service-a41e92-t6zvn corrId=c-fa613667067079cf property valuation requested property_id=P8547818 provider=bolig-vurdering
2026-03-09T16:11:47.215+01:00 INFO valuation-service host=valuation-service-7c9d5b-p9qmz corrId=c-fa613667067079cf property valuation received property_id=P8547818 value_dkk=6000000 latency_ms=597
2026-03-09T16:11:47.225+01:00 INFO credit-service host=credit-service-a41e92-p9qmz corrId=c-fa613667067079cf credit assessment completed application_id=APP-2026-497839 score=530 decision=APPROVED
2026-03-09T16:11:47.312+01:00 INFO offer-service host=offer-service-5b8f6c-x2k4p corrId=c-fa613667067079cf loan offer generated application_id=APP-2026-497839 loan_type=FLEX_5Y principal_dkk=2590000
2026-03-09T16:11:47.392+01:00 INFO document-service host=document-service-7c9d5b-x2k4p corrId=c-fa613667067079cf offer document stored application_id=APP-2026-497839 doc_id=DOC-f848b230
2026-03-09T16:11:47.523+01:00 INFO portal-bff host=portal-bff-7c9d5b-x2k4p corrId=c-fa613667067079cf application completed application_id=APP-2026-497839 status=OFFER_ISSUED
2026-03-09T16:14:56.239+01:00 INFO portal-bff host=portal-bff-a41e92-x2k4p corrId=c-31e72a2e06197841 conversion quote requested loan_id=LN343404696 target_product=FIXED_30Y
2026-03-09T16:14:56.259+01:00 INFO identity-service host=identity-service-a41e92-t6zvn corrId=c-31e72a2e06197841 MitID session validated customer_id=C31651259
2026-03-09T16:14:56.264+01:00 INFO pricing-service host=pricing-service-7c9d5b-t6zvn corrId=c-31e72a2e06197841 bond price fetched series=BND3.0-2053 price=89.904
2026-03-09T16:14:56.305+01:00 INFO pricing-service host=pricing-service-a41e92-t6zvn corrId=c-31e72a2e06197841 conversion cost calculated loan_id=LN343404696 cost_dkk=6868.74
2026-03-09T16:14:56.338+01:00 INFO quote-service host=quote-service-a41e92-t6zvn corrId=c-31e72a2e06197841 conversion quote issued quote_id=Q75832692 loan_id=LN343404696
2026-03-09T16:15:00.107+01:00 INFO api-gateway host=api-gateway-7c9d5b-t6zvn corrId=- health probe ok status=200 latency_ms=29
2026-03-09T16:19:37.455+01:00 INFO portal-bff host=portal-bff-a41e92-t6zvn corrId=c-769298d232d4dc08 conversion quote requested loan_id=LN451567856 target_product=FLEX_1Y
2026-03-09T16:19:37.512+01:00 INFO identity-service host=identity-service-5b8f6c-x2k4p corrId=c-769298d232d4dc08 MitID session validated customer_id=C78431314
2026-03-09T16:19:37.560+01:00 INFO pricing-service host=pricing-service-a41e92-t6zvn corrId=c-769298d232d4dc08 bond price fetched series=BND3.0-2056 price=101.377
2026-03-09T16:19:37.690+01:00 INFO pricing-service host=pricing-service-5b8f6c-t6zvn corrId=c-769298d232d4dc08 conversion cost calculated loan_id=LN451567856 cost_dkk=9149.39
2026-03-09T16:19:37.812+01:00 INFO quote-service host=quote-service-a41e92-t6zvn corrId=c-769298d232d4dc08 conversion quote issued quote_id=Q70544327 loan_id=LN451567856
2026-03-09T16:20:00.462+01:00 INFO api-gateway host=api-gateway-7c9d5b-p9qmz corrId=- health probe ok status=200 latency_ms=40
2026-03-09T16:20:00.525+01:00 INFO payment-scheduler host=payment-scheduler-5b8f6c-p9qmz corrId=- scheduler heartbeat lag_ms=85
2026-03-09T16:25:00.517+01:00 INFO api-gateway host=api-gateway-7c9d5b-x2k4p corrId=- health probe ok status=200 latency_ms=24
2026-03-09T16:27:12.318+01:00 INFO portal-bff host=portal-bff-5b8f6c-t6zvn corrId=c-8e8e25aee006e681 loan application submitted application_id=APP-2026-239189 customer_segment=RETAIL
2026-03-09T16:27:12.359+01:00 INFO identity-service host=identity-service-7c9d5b-p9qmz corrId=c-8e8e25aee006e681 MitID session validated customer_id=C02953016
2026-03-09T16:27:12.472+01:00 INFO customer-service host=customer-service-5b8f6c-p9qmz corrId=c-8e8e25aee006e681 KYC profile loaded customer_id=C02953016 risk_class=HIGH
2026-03-09T16:27:12.515+01:00 INFO valuation-service host=valuation-service-a41e92-x2k4p corrId=c-8e8e25aee006e681 property valuation requested property_id=P3666191 provider=valuta-ejd
2026-03-09T16:27:13.327+01:00 INFO valuation-service host=valuation-service-7c9d5b-p9qmz corrId=c-8e8e25aee006e681 property valuation received property_id=P3666191 value_dkk=5160000 latency_ms=691
2026-03-09T16:27:13.353+01:00 INFO credit-service host=credit-service-7c9d5b-p9qmz corrId=c-8e8e25aee006e681 credit assessment completed application_id=APP-2026-239189 score=542 decision=APPROVED
2026-03-09T16:27:13.441+01:00 INFO offer-service host=offer-service-a41e92-p9qmz corrId=c-8e8e25aee006e681 loan offer generated application_id=APP-2026-239189 loan_type=FLEX_5Y principal_dkk=4065000
2026-03-09T16:27:13.525+01:00 INFO document-service host=document-service-a41e92-x2k4p corrId=c-8e8e25aee006e681 offer document stored application_id=APP-2026-239189 doc_id=DOC-b668ddaa
2026-03-09T16:27:13.536+01:00 INFO portal-bff host=portal-bff-7c9d5b-p9qmz corrId=c-8e8e25aee006e681 application completed application_id=APP-2026-239189 status=OFFER_ISSUED
2026-03-09T16:29:28.000+01:00 INFO valuation-service host=valuation-service-a41e92-x2k4p corrId=- jvm gc pause pause_ms=66
2026-03-09T16:30:00.366+01:00 INFO payment-scheduler host=payment-scheduler-5b8f6c-x2k4p corrId=- scheduler heartbeat lag_ms=33
2026-03-09T16:30:00.823+01:00 INFO api-gateway host=api-gateway-7c9d5b-x2k4p corrId=- health probe ok status=200 latency_ms=13
2026-03-09T16:30:13.583+01:00 INFO portal-bff host=portal-bff-7c9d5b-t6zvn corrId=c-5f6e7fe325c8a747 conversion quote requested loan_id=LN928380807 target_product=FLEX_5Y
2026-03-09T16:30:13.646+01:00 INFO identity-service host=identity-service-a41e92-x2k4p corrId=c-5f6e7fe325c8a747 MitID session validated customer_id=C92799403
2026-03-09T16:30:13.779+01:00 INFO pricing-service host=pricing-service-7c9d5b-x2k4p corrId=c-5f6e7fe325c8a747 bond price fetched series=BND3.0-2053 price=91.147
2026-03-09T16:30:13.846+01:00 INFO pricing-service host=pricing-service-a41e92-p9qmz corrId=c-5f6e7fe325c8a747 conversion cost calculated loan_id=LN928380807 cost_dkk=38696.13
2026-03-09T16:30:13.921+01:00 INFO quote-service host=quote-service-a41e92-p9qmz corrId=c-5f6e7fe325c8a747 conversion quote issued quote_id=Q16014538 loan_id=LN928380807
2026-03-09T16:31:05.980+01:00 INFO portal-bff host=portal-bff-a41e92-x2k4p corrId=c-172fc5836059e514 loan application submitted application_id=APP-2026-179379 customer_segment=RETAIL
2026-03-09T16:31:06.099+01:00 INFO identity-service host=identity-service-5b8f6c-t6zvn corrId=c-172fc5836059e514 MitID session validated customer_id=C31094351
2026-03-09T16:31:06.236+01:00 INFO customer-service host=customer-service-a41e92-p9qmz corrId=c-172fc5836059e514 KYC profile loaded customer_id=C31094351 risk_class=HIGH
2026-03-09T16:31:06.329+01:00 INFO valuation-service host=valuation-service-5b8f6c-x2k4p corrId=c-172fc5836059e514 property valuation requested property_id=P3380732 provider=valuta-ejd
2026-03-09T16:31:06.914+01:00 INFO valuation-service host=valuation-service-7c9d5b-x2k4p corrId=c-172fc5836059e514 property valuation received property_id=P3380732 value_dkk=5050000 latency_ms=524
2026-03-09T16:31:06.998+01:00 INFO credit-service host=credit-service-a41e92-t6zvn corrId=c-172fc5836059e514 credit assessment completed application_id=APP-2026-179379 score=563 decision=APPROVED
2026-03-09T16:31:07.081+01:00 INFO offer-service host=offer-service-5b8f6c-p9qmz corrId=c-172fc5836059e514 loan offer generated application_id=APP-2026-179379 loan_type=FLEX_1Y principal_dkk=1165000
2026-03-09T16:31:07.190+01:00 INFO document-service host=document-service-a41e92-t6zvn corrId=c-172fc5836059e514 offer document stored application_id=APP-2026-179379 doc_id=DOC-a76f6f29
2026-03-09T16:31:07.250+01:00 INFO portal-bff host=portal-bff-7c9d5b-t6zvn corrId=c-172fc5836059e514 application completed application_id=APP-2026-179379 status=OFFER_ISSUED
2026-03-09T16:34:13.977+01:00 INFO portal-bff host=portal-bff-a41e92-p9qmz corrId=c-8bb9d67fdfc594d6 conversion quote requested loan_id=LN859630587 target_product=FIXED_30Y
2026-03-09T16:34:14.035+01:00 INFO identity-service host=identity-service-5b8f6c-x2k4p corrId=c-8bb9d67fdfc594d6 MitID session validated customer_id=C98857462
2026-03-09T16:34:14.054+01:00 INFO pricing-service host=pricing-service-7c9d5b-t6zvn corrId=c-8bb9d67fdfc594d6 bond price fetched series=BND3.0-2056 price=92.892
2026-03-09T16:34:14.107+01:00 INFO pricing-service host=pricing-service-a41e92-p9qmz corrId=c-8bb9d67fdfc594d6 conversion cost calculated loan_id=LN859630587 cost_dkk=28336.76
2026-03-09T16:34:14.115+01:00 INFO quote-service host=quote-service-7c9d5b-t6zvn corrId=c-8bb9d67fdfc594d6 conversion quote issued quote_id=Q59075645 loan_id=LN859630587
2026-03-09T16:35:00.281+01:00 INFO api-gateway host=api-gateway-a41e92-p9qmz corrId=- health probe ok status=200 latency_ms=37
2026-03-09T16:37:18.209+01:00 INFO portal-bff host=portal-bff-5b8f6c-t6zvn corrId=c-78ffdbb514bffa75 conversion quote requested loan_id=LN982410546 target_product=FIXED_30Y
2026-03-09T16:37:18.320+01:00 INFO identity-service host=identity-service-a41e92-t6zvn corrId=c-78ffdbb514bffa75 MitID session validated customer_id=C60749454
2026-03-09T16:37:18.432+01:00 INFO pricing-service host=pricing-service-7c9d5b-t6zvn corrId=c-78ffdbb514bffa75 bond price fetched series=BND4.0-2056 price=95.575
2026-03-09T16:37:18.473+01:00 INFO pricing-service host=pricing-service-a41e92-t6zvn corrId=c-78ffdbb514bffa75 conversion cost calculated loan_id=LN982410546 cost_dkk=21434.60
2026-03-09T16:37:18.596+01:00 INFO quote-service host=quote-service-7c9d5b-t6zvn corrId=c-78ffdbb514bffa75 conversion quote issued quote_id=Q60131312 loan_id=LN982410546
2026-03-09T16:38:59.001+01:00 INFO portal-bff host=portal-bff-7c9d5b-x2k4p corrId=c-79ce99a28f1ecd65 conversion quote requested loan_id=LN206383043 target_product=FIXED_30Y
2026-03-09T16:38:59.017+01:00 INFO identity-service host=identity-service-a41e92-t6zvn corrId=c-79ce99a28f1ecd65 MitID session validated customer_id=C53424380
2026-03-09T16:38:59.095+01:00 INFO pricing-service host=pricing-service-7c9d5b-t6zvn corrId=c-79ce99a28f1ecd65 bond price fetched series=BND4.0-2053 price=94.276
2026-03-09T16:38:59.115+01:00 INFO pricing-service host=pricing-service-7c9d5b-x2k4p corrId=c-79ce99a28f1ecd65 conversion cost calculated loan_id=LN206383043 cost_dkk=65993.99
2026-03-09T16:38:59.143+01:00 INFO quote-service host=quote-service-7c9d5b-p9qmz corrId=c-79ce99a28f1ecd65 conversion quote issued quote_id=Q48249624 loan_id=LN206383043
2026-03-09T16:40:00.054+01:00 INFO payment-scheduler host=payment-scheduler-a41e92-t6zvn corrId=- scheduler heartbeat lag_ms=45
2026-03-09T16:40:00.121+01:00 INFO api-gateway host=api-gateway-5b8f6c-x2k4p corrId=- health probe ok status=200 latency_ms=19
2026-03-09T16:45:00.477+01:00 INFO api-gateway host=api-gateway-a41e92-x2k4p corrId=- health probe ok status=200 latency_ms=10
2026-03-09T16:46:34.415+01:00 INFO portal-bff host=portal-bff-a41e92-p9qmz corrId=c-abe92183d6daf1cb conversion quote requested loan_id=LN919370491 target_product=FLEX_1Y
2026-03-09T16:46:34.479+01:00 INFO identity-service host=identity-service-7c9d5b-t6zvn corrId=c-abe92183d6daf1cb MitID session validated customer_id=C63252482
2026-03-09T16:46:34.488+01:00 INFO pricing-service host=pricing-service-7c9d5b-p9qmz corrId=c-abe92183d6daf1cb bond price fetched series=BND4.0-2053 price=94.819
2026-03-09T16:46:34.547+01:00 INFO pricing-service host=pricing-service-5b8f6c-x2k4p corrId=c-abe92183d6daf1cb conversion cost calculated loan_id=LN919370491 cost_dkk=62355.60
2026-03-09T16:46:34.561+01:00 INFO quote-service host=quote-service-7c9d5b-p9qmz corrId=c-abe92183d6daf1cb conversion quote issued quote_id=Q16352740 loan_id=LN919370491
2026-03-09T16:50:00.067+01:00 INFO payment-scheduler host=payment-scheduler-5b8f6c-t6zvn corrId=- scheduler heartbeat lag_ms=107
2026-03-09T16:50:00.508+01:00 INFO api-gateway host=api-gateway-5b8f6c-x2k4p corrId=- health probe ok status=200 latency_ms=2
2026-03-09T16:55:00.112+01:00 INFO api-gateway host=api-gateway-a41e92-t6zvn corrId=- health probe ok status=200 latency_ms=15
2026-03-09T17:00:00.523+01:00 INFO api-gateway host=api-gateway-5b8f6c-t6zvn corrId=- health probe ok status=200 latency_ms=38
2026-03-09T17:00:00.724+01:00 INFO payment-scheduler host=payment-scheduler-7c9d5b-p9qmz corrId=- scheduler heartbeat lag_ms=103
2026-03-09T17:00:26.000+01:00 INFO config-service host=config-service-7c9d5b-t6zvn corrId=- configuration refreshed version=v121
2026-03-09T17:05:00.327+01:00 INFO api-gateway host=api-gateway-a41e92-x2k4p corrId=- health probe ok status=200 latency_ms=29
2026-03-09T17:10:00.409+01:00 INFO payment-scheduler host=payment-scheduler-5b8f6c-t6zvn corrId=- scheduler heartbeat lag_ms=66
2026-03-09T17:10:00.715+01:00 INFO api-gateway host=api-gateway-7c9d5b-t6zvn corrId=- health probe ok status=200 latency_ms=27
2026-03-09T17:15:00.562+01:00 INFO api-gateway host=api-gateway-5b8f6c-p9qmz corrId=- health probe ok status=200 latency_ms=33
2026-03-09T17:18:33.315+01:00 INFO portal-bff host=portal-bff-5b8f6c-p9qmz corrId=c-284495418cf742ee conversion quote requested loan_id=LN668592339 target_product=FLEX_1Y
2026-03-09T17:18:33.410+01:00 INFO identity-service host=identity-service-5b8f6c-x2k4p corrId=c-284495418cf742ee MitID session validated customer_id=C05106790
2026-03-09T17:18:33.548+01:00 INFO pricing-service host=pricing-service-5b8f6c-x2k4p corrId=c-284495418cf742ee bond price fetched series=BND4.0-2056 price=96.892
2026-03-09T17:18:33.615+01:00 INFO pricing-service host=pricing-service-7c9d5b-t6zvn corrId=c-284495418cf742ee conversion cost calculated loan_id=LN668592339 cost_dkk=11618.15
2026-03-09T17:18:33.665+01:00 INFO quote-service host=quote-service-7c9d5b-t6zvn corrId=c-284495418cf742ee conversion quote issued quote_id=Q88356739 loan_id=LN668592339
2026-03-09T17:20:00.721+01:00 INFO payment-scheduler host=payment-scheduler-a41e92-x2k4p corrId=- scheduler heartbeat lag_ms=119
2026-03-09T17:20:00.786+01:00 INFO api-gateway host=api-gateway-5b8f6c-x2k4p corrId=- health probe ok status=200 latency_ms=4
2026-03-09T17:20:47.684+01:00 INFO portal-bff host=portal-bff-a41e92-p9qmz corrId=c-c51a266483c9dc69 conversion quote requested loan_id=LN409347323 target_product=FLEX_1Y
2026-03-09T17:20:47.817+01:00 INFO identity-service host=identity-service-5b8f6c-t6zvn corrId=c-c51a266483c9dc69 MitID session validated customer_id=C32582359
2026-03-09T17:20:47.943+01:00 INFO pricing-service host=pricing-service-a41e92-x2k4p corrId=c-c51a266483c9dc69 bond price fetched series=BND4.0-2053 price=101.595
2026-03-09T17:20:48.049+01:00 INFO pricing-service host=pricing-service-7c9d5b-x2k4p corrId=c-c51a266483c9dc69 conversion cost calculated loan_id=LN409347323 cost_dkk=33274.09
2026-03-09T17:20:48.065+01:00 INFO quote-service host=quote-service-a41e92-p9qmz corrId=c-c51a266483c9dc69 conversion quote issued quote_id=Q21567261 loan_id=LN409347323
2026-03-09T17:25:00.365+01:00 INFO api-gateway host=api-gateway-a41e92-x2k4p corrId=- health probe ok status=200 latency_ms=23
2026-03-09T17:30:00.066+01:00 INFO payment-scheduler host=payment-scheduler-a41e92-x2k4p corrId=- scheduler heartbeat lag_ms=57
2026-03-09T17:30:00.868+01:00 INFO api-gateway host=api-gateway-a41e92-t6zvn corrId=- health probe ok status=200 latency_ms=37
2026-03-09T17:35:00.828+01:00 INFO api-gateway host=api-gateway-7c9d5b-t6zvn corrId=- health probe ok status=200 latency_ms=36
2026-03-09T17:36:41.375+01:00 INFO portal-bff host=portal-bff-5b8f6c-p9qmz corrId=c-a2e653d26f75ad11 conversion quote requested loan_id=LN701727512 target_product=FLEX_5Y
2026-03-09T17:36:41.385+01:00 INFO identity-service host=identity-service-5b8f6c-t6zvn corrId=c-a2e653d26f75ad11 MitID session validated customer_id=C33107104
2026-03-09T17:36:41.428+01:00 INFO pricing-service host=pricing-service-a41e92-p9qmz corrId=c-a2e653d26f75ad11 bond price fetched series=BND2.5-2056 price=93.116
2026-03-09T17:36:41.513+01:00 INFO pricing-service host=pricing-service-a41e92-p9qmz corrId=c-a2e653d26f75ad11 conversion cost calculated loan_id=LN701727512 cost_dkk=85765.57
2026-03-09T17:36:41.533+01:00 INFO quote-service host=quote-service-a41e92-t6zvn corrId=c-a2e653d26f75ad11 conversion quote issued quote_id=Q00176241 loan_id=LN701727512
2026-03-09T17:40:00.263+01:00 INFO payment-scheduler host=payment-scheduler-a41e92-x2k4p corrId=- scheduler heartbeat lag_ms=32
2026-03-09T17:40:00.687+01:00 INFO api-gateway host=api-gateway-a41e92-x2k4p corrId=- health probe ok status=200 latency_ms=14
2026-03-09T17:44:45.878+01:00 INFO portal-bff host=portal-bff-5b8f6c-x2k4p corrId=c-e4647ffaaec2e063 conversion quote requested loan_id=LN552995396 target_product=FLEX_1Y
2026-03-09T17:44:45.962+01:00 INFO identity-service host=identity-service-7c9d5b-p9qmz corrId=c-e4647ffaaec2e063 MitID session validated customer_id=C27055646
2026-03-09T17:44:46.057+01:00 INFO pricing-service host=pricing-service-a41e92-p9qmz corrId=c-e4647ffaaec2e063 bond price fetched series=BND3.0-2053 price=99.144
2026-03-09T17:44:46.124+01:00 INFO pricing-service host=pricing-service-5b8f6c-p9qmz corrId=c-e4647ffaaec2e063 conversion cost calculated loan_id=LN552995396 cost_dkk=23393.40
2026-03-09T17:44:46.134+01:00 INFO quote-service host=quote-service-7c9d5b-t6zvn corrId=c-e4647ffaaec2e063 conversion quote issued quote_id=Q18343854 loan_id=LN552995396
2026-03-09T17:45:00.360+01:00 INFO api-gateway host=api-gateway-7c9d5b-p9qmz corrId=- health probe ok status=200 latency_ms=37
2026-03-09T17:50:00.472+01:00 INFO payment-scheduler host=payment-scheduler-a41e92-t6zvn corrId=- scheduler heartbeat lag_ms=32
2026-03-09T17:50:00.562+01:00 INFO api-gateway host=api-gateway-7c9d5b-t6zvn corrId=- health probe ok status=200 latency_ms=28
2026-03-09T17:54:28.250+01:00 INFO portal-bff host=portal-bff-5b8f6c-x2k4p corrId=c-084ca4943bcc4974 conversion quote requested loan_id=LN505213351 target_product=FIXED_30Y
2026-03-09T17:54:28.388+01:00 INFO identity-service host=identity-service-a41e92-p9qmz corrId=c-084ca4943bcc4974 MitID session validated customer_id=C97118533
2026-03-09T17:54:28.437+01:00 INFO pricing-service host=pricing-service-5b8f6c-x2k4p corrId=c-084ca4943bcc4974 bond price fetched series=BND4.0-2056 price=101.349
2026-03-09T17:54:28.515+01:00 INFO pricing-service host=pricing-service-7c9d5b-t6zvn corrId=c-084ca4943bcc4974 conversion cost calculated loan_id=LN505213351 cost_dkk=42665.38
2026-03-09T17:54:28.613+01:00 INFO quote-service host=quote-service-7c9d5b-t6zvn corrId=c-084ca4943bcc4974 conversion quote issued quote_id=Q97701684 loan_id=LN505213351
2026-03-09T17:55:00.312+01:00 INFO api-gateway host=api-gateway-7c9d5b-t6zvn corrId=- health probe ok status=200 latency_ms=22
2026-03-09T18:00:00.606+01:00 INFO payment-scheduler host=payment-scheduler-7c9d5b-x2k4p corrId=- scheduler heartbeat lag_ms=33
2026-03-09T18:00:00.628+01:00 INFO api-gateway host=api-gateway-a41e92-p9qmz corrId=- health probe ok status=200 latency_ms=21
2026-03-09T18:00:22.000+01:00 INFO valuation-service host=valuation-service-5b8f6c-p9qmz corrId=- jvm gc pause pause_ms=65
2026-03-09T18:00:52.000+01:00 INFO config-service host=config-service-5b8f6c-x2k4p corrId=- configuration refreshed version=v110
2026-03-09T18:05:00.454+01:00 INFO api-gateway host=api-gateway-5b8f6c-t6zvn corrId=- health probe ok status=200 latency_ms=8
2026-03-09T18:10:00.054+01:00 INFO api-gateway host=api-gateway-7c9d5b-x2k4p corrId=- health probe ok status=200 latency_ms=18
2026-03-09T18:10:00.648+01:00 INFO payment-scheduler host=payment-scheduler-5b8f6c-x2k4p corrId=- scheduler heartbeat lag_ms=86
2026-03-09T18:12:48.216+01:00 INFO portal-bff host=portal-bff-5b8f6c-x2k4p corrId=c-59da7c5e73b9433e conversion quote requested loan_id=LN438364702 target_product=FLEX_1Y
2026-03-09T18:12:48.270+01:00 INFO identity-service host=identity-service-5b8f6c-x2k4p corrId=c-59da7c5e73b9433e MitID session validated customer_id=C95861678
2026-03-09T18:12:48.368+01:00 INFO pricing-service host=pricing-service-5b8f6c-x2k4p corrId=c-59da7c5e73b9433e bond price fetched series=BND3.0-2056 price=99.269
2026-03-09T18:12:48.478+01:00 INFO pricing-service host=pricing-service-7c9d5b-x2k4p corrId=c-59da7c5e73b9433e conversion cost calculated loan_id=LN438364702 cost_dkk=64522.55
2026-03-09T18:12:48.613+01:00 INFO quote-service host=quote-service-5b8f6c-p9qmz corrId=c-59da7c5e73b9433e conversion quote issued quote_id=Q63542653 loan_id=LN438364702
2026-03-09T18:15:00.754+01:00 INFO api-gateway host=api-gateway-a41e92-x2k4p corrId=- health probe ok status=200 latency_ms=39
2026-03-09T18:20:00.022+01:00 INFO payment-scheduler host=payment-scheduler-5b8f6c-t6zvn corrId=- scheduler heartbeat lag_ms=120
2026-03-09T18:20:00.088+01:00 INFO api-gateway host=api-gateway-7c9d5b-p9qmz corrId=- health probe ok status=200 latency_ms=17
2026-03-09T18:21:14.468+01:00 INFO portal-bff host=portal-bff-7c9d5b-p9qmz corrId=c-b103a45877da8926 conversion quote requested loan_id=LN814004161 target_product=FLEX_5Y
2026-03-09T18:21:14.526+01:00 INFO identity-service host=identity-service-7c9d5b-x2k4p corrId=c-b103a45877da8926 MitID session validated customer_id=C60823373
2026-03-09T18:21:14.629+01:00 INFO pricing-service host=pricing-service-a41e92-p9qmz corrId=c-b103a45877da8926 bond price fetched series=BND4.0-2053 price=88.231
2026-03-09T18:21:14.676+01:00 INFO pricing-service host=pricing-service-a41e92-p9qmz corrId=c-b103a45877da8926 conversion cost calculated loan_id=LN814004161 cost_dkk=65887.56
2026-03-09T18:21:14.806+01:00 INFO quote-service host=quote-service-a41e92-p9qmz corrId=c-b103a45877da8926 conversion quote issued quote_id=Q49770122 loan_id=LN814004161
2026-03-09T18:25:00.028+01:00 INFO api-gateway host=api-gateway-7c9d5b-x2k4p corrId=- health probe ok status=200 latency_ms=21
2026-03-09T18:26:45.000+01:00 INFO valuation-service host=valuation-service-7c9d5b-x2k4p corrId=- jvm gc pause pause_ms=17
2026-03-09T18:30:00.152+01:00 INFO api-gateway host=api-gateway-5b8f6c-p9qmz corrId=- health probe ok status=200 latency_ms=12
2026-03-09T18:30:00.507+01:00 INFO payment-scheduler host=payment-scheduler-5b8f6c-t6zvn corrId=- scheduler heartbeat lag_ms=118
2026-03-09T18:35:00.169+01:00 INFO api-gateway host=api-gateway-7c9d5b-t6zvn corrId=- health probe ok status=200 latency_ms=19
2026-03-09T18:40:00.240+01:00 INFO api-gateway host=api-gateway-a41e92-p9qmz corrId=- health probe ok status=200 latency_ms=13
2026-03-09T18:40:00.347+01:00 INFO payment-scheduler host=payment-scheduler-5b8f6c-x2k4p corrId=- scheduler heartbeat lag_ms=95
2026-03-09T18:45:00.380+01:00 INFO api-gateway host=api-gateway-a41e92-t6zvn corrId=- health probe ok status=200 latency_ms=9
2026-03-09T18:48:00.546+01:00 INFO portal-bff host=portal-bff-a41e92-p9qmz corrId=c-53e01950df0e62c2 conversion quote requested loan_id=LN842763995 target_product=FIXED_30Y
2026-03-09T18:48:00.639+01:00 INFO identity-service host=identity-service-5b8f6c-t6zvn corrId=c-53e01950df0e62c2 MitID session validated customer_id=C60461593
2026-03-09T18:48:00.709+01:00 INFO pricing-service host=pricing-service-7c9d5b-x2k4p corrId=c-53e01950df0e62c2 bond price fetched series=BND3.0-2053 price=95.119
2026-03-09T18:48:00.849+01:00 INFO pricing-service host=pricing-service-7c9d5b-p9qmz corrId=c-53e01950df0e62c2 conversion cost calculated loan_id=LN842763995 cost_dkk=25329.45
2026-03-09T18:48:00.984+01:00 INFO quote-service host=quote-service-5b8f6c-t6zvn corrId=c-53e01950df0e62c2 conversion quote issued quote_id=Q70043394 loan_id=LN842763995
2026-03-09T18:50:00.079+01:00 INFO api-gateway host=api-gateway-7c9d5b-p9qmz corrId=- health probe ok status=200 latency_ms=37
2026-03-09T18:50:00.700+01:00 INFO payment-scheduler host=payment-scheduler-5b8f6c-t6zvn corrId=- scheduler heartbeat lag_ms=75
2026-03-09T18:55:00.760+01:00 INFO api-gateway host=api-gateway-5b8f6c-t6zvn corrId=- health probe ok status=200 latency_ms=4
2026-03-09T19:00:00.289+01:00 INFO api-gateway host=api-gateway-a41e92-t6zvn corrId=- health probe ok status=200 latency_ms=16
2026-03-09T19:00:00.471+01:00 INFO payment-scheduler host=payment-scheduler-a41e92-p9qmz corrId=- scheduler heartbeat lag_ms=95
2026-03-09T19:00:18.000+01:00 INFO config-service host=config-service-7c9d5b-x2k4p corrId=- configuration refreshed version=v119
2026-03-09T19:05:00.059+01:00 INFO api-gateway host=api-gateway-a41e92-t6zvn corrId=- health probe ok status=200 latency_ms=35
2026-03-09T19:10:00.454+01:00 INFO payment-scheduler host=payment-scheduler-7c9d5b-p9qmz corrId=- scheduler heartbeat lag_ms=14
2026-03-09T19:10:00.673+01:00 INFO api-gateway host=api-gateway-a41e92-x2k4p corrId=- health probe ok status=200 latency_ms=3
2026-03-09T19:14:29.291+01:00 INFO portal-bff host=portal-bff-7c9d5b-t6zvn corrId=c-9d9fc57ef1c2473f conversion quote requested loan_id=LN035726754 target_product=FIXED_30Y
2026-03-09T19:14:29.389+01:00 INFO identity-service host=identity-service-5b8f6c-t6zvn corrId=c-9d9fc57ef1c2473f MitID session validated customer_id=C08668926
2026-03-09T19:14:29.506+01:00 INFO pricing-service host=pricing-service-7c9d5b-p9qmz corrId=c-9d9fc57ef1c2473f bond price fetched series=BND3.0-2053 price=96.433
2026-03-09T19:14:29.552+01:00 INFO pricing-service host=pricing-service-7c9d5b-p9qmz corrId=c-9d9fc57ef1c2473f conversion cost calculated loan_id=LN035726754 cost_dkk=14314.58
2026-03-09T19:14:29.669+01:00 INFO quote-service host=quote-service-7c9d5b-p9qmz corrId=c-9d9fc57ef1c2473f conversion quote issued quote_id=Q92454432 loan_id=LN035726754
2026-03-09T19:15:00.473+01:00 INFO api-gateway host=api-gateway-7c9d5b-t6zvn corrId=- health probe ok status=200 latency_ms=9
2026-03-09T19:20:00.520+01:00 INFO payment-scheduler host=payment-scheduler-5b8f6c-t6zvn corrId=- scheduler heartbeat lag_ms=19
2026-03-09T19:20:00.767+01:00 INFO api-gateway host=api-gateway-7c9d5b-p9qmz corrId=- health probe ok status=200 latency_ms=10
2026-03-09T19:22:14.021+01:00 INFO portal-bff host=portal-bff-a41e92-t6zvn corrId=c-2ef2b679a06d2339 conversion quote requested loan_id=LN344767248 target_product=FLEX_5Y
2026-03-09T19:22:14.138+01:00 INFO identity-service host=identity-service-5b8f6c-x2k4p corrId=c-2ef2b679a06d2339 MitID session validated customer_id=C14002839
2026-03-09T19:22:14.190+01:00 INFO pricing-service host=pricing-service-7c9d5b-x2k4p corrId=c-2ef2b679a06d2339 bond price fetched series=BND3.0-2053 price=100.033
2026-03-09T19:22:14.211+01:00 INFO pricing-service host=pricing-service-a41e92-x2k4p corrId=c-2ef2b679a06d2339 conversion cost calculated loan_id=LN344767248 cost_dkk=64030.45
2026-03-09T19:22:14.306+01:00 INFO quote-service host=quote-service-7c9d5b-t6zvn corrId=c-2ef2b679a06d2339 conversion quote issued quote_id=Q15435881 loan_id=LN344767248
2026-03-09T19:25:00.459+01:00 INFO api-gateway host=api-gateway-5b8f6c-t6zvn corrId=- health probe ok status=200 latency_ms=10
2026-03-09T19:30:00.217+01:00 INFO api-gateway host=api-gateway-5b8f6c-x2k4p corrId=- health probe ok status=200 latency_ms=19
2026-03-09T19:30:00.878+01:00 INFO payment-scheduler host=payment-scheduler-a41e92-t6zvn corrId=- scheduler heartbeat lag_ms=46
2026-03-09T19:35:00.792+01:00 INFO api-gateway host=api-gateway-a41e92-p9qmz corrId=- health probe ok status=200 latency_ms=7
2026-03-09T19:40:00.374+01:00 INFO api-gateway host=api-gateway-7c9d5b-x2k4p corrId=- health probe ok status=200 latency_ms=39
2026-03-09T19:40:00.630+01:00 INFO payment-scheduler host=payment-scheduler-5b8f6c-p9qmz corrId=- scheduler heartbeat lag_ms=64
2026-03-09T19:45:00.295+01:00 INFO api-gateway host=api-gateway-a41e92-t6zvn corrId=- health probe ok status=200 latency_ms=37
2026-03-09T19:50:00.194+01:00 INFO payment-scheduler host=payment-scheduler-7c9d5b-x2k4p corrId=- scheduler heartbeat lag_ms=103
2026-03-09T19:50:00.752+01:00 INFO api-gateway host=api-gateway-7c9d5b-p9qmz corrId=- health probe ok status=200 latency_ms=16
2026-03-09T19:51:30.639+01:00 INFO portal-bff host=portal-bff-5b8f6c-x2k4p corrId=c-bf6efdbc9d1f7fe2 conversion quote requested loan_id=LN640706074 target_product=FLEX_5Y
2026-03-09T19:51:30.693+01:00 INFO identity-service host=identity-service-a41e92-p9qmz corrId=c-bf6efdbc9d1f7fe2 MitID session validated customer_id=C02880784
2026-03-09T19:51:30.759+01:00 INFO pricing-service host=pricing-service-7c9d5b-p9qmz corrId=c-bf6efdbc9d1f7fe2 bond price fetched series=BND2.5-2053 price=99.386
2026-03-09T19:51:30.790+01:00 INFO pricing-service host=pricing-service-a41e92-t6zvn corrId=c-bf6efdbc9d1f7fe2 conversion cost calculated loan_id=LN640706074 cost_dkk=27718.94
2026-03-09T19:51:30.858+01:00 INFO quote-service host=quote-service-5b8f6c-p9qmz corrId=c-bf6efdbc9d1f7fe2 conversion quote issued quote_id=Q70287700 loan_id=LN640706074
2026-03-09T19:55:00.412+01:00 INFO api-gateway host=api-gateway-5b8f6c-t6zvn corrId=- health probe ok status=200 latency_ms=16
2026-03-09T20:00:00.276+01:00 INFO payment-scheduler host=payment-scheduler-a41e92-p9qmz corrId=- scheduler heartbeat lag_ms=4
2026-03-09T20:00:00.384+01:00 INFO api-gateway host=api-gateway-7c9d5b-p9qmz corrId=- health probe ok status=200 latency_ms=35
2026-03-09T20:00:56.000+01:00 INFO config-service host=config-service-a41e92-p9qmz corrId=- configuration refreshed version=v113
2026-03-09T20:05:00.744+01:00 INFO api-gateway host=api-gateway-a41e92-x2k4p corrId=- health probe ok status=200 latency_ms=5
2026-03-09T20:10:00.141+01:00 INFO payment-scheduler host=payment-scheduler-5b8f6c-p9qmz corrId=- scheduler heartbeat lag_ms=30
2026-03-09T20:10:00.386+01:00 INFO api-gateway host=api-gateway-5b8f6c-t6zvn corrId=- health probe ok status=200 latency_ms=29
2026-03-09T20:15:00.300+01:00 INFO api-gateway host=api-gateway-7c9d5b-t6zvn corrId=- health probe ok status=200 latency_ms=38
2026-03-09T20:18:09.000+01:00 INFO valuation-service host=valuation-service-7c9d5b-p9qmz corrId=- jvm gc pause pause_ms=59
2026-03-09T20:20:00.004+01:00 INFO api-gateway host=api-gateway-5b8f6c-t6zvn corrId=- health probe ok status=200 latency_ms=3
2026-03-09T20:20:00.210+01:00 INFO payment-scheduler host=payment-scheduler-5b8f6c-x2k4p corrId=- scheduler heartbeat lag_ms=71
2026-03-09T20:25:00.899+01:00 INFO api-gateway host=api-gateway-a41e92-p9qmz corrId=- health probe ok status=200 latency_ms=14
2026-03-09T20:30:00.517+01:00 INFO api-gateway host=api-gateway-5b8f6c-t6zvn corrId=- health probe ok status=200 latency_ms=22
2026-03-09T20:30:00.792+01:00 INFO payment-scheduler host=payment-scheduler-a41e92-x2k4p corrId=- scheduler heartbeat lag_ms=54
2026-03-09T20:35:00.000+01:00 INFO valuation-service host=valuation-service-5b8f6c-p9qmz corrId=- jvm gc pause pause_ms=42
2026-03-09T20:35:00.203+01:00 INFO api-gateway host=api-gateway-5b8f6c-t6zvn corrId=- health probe ok status=200 latency_ms=5
2026-03-09T20:40:00.251+01:00 INFO api-gateway host=api-gateway-7c9d5b-t6zvn corrId=- health probe ok status=200 latency_ms=34
2026-03-09T20:40:00.682+01:00 INFO payment-scheduler host=payment-scheduler-5b8f6c-x2k4p corrId=- scheduler heartbeat lag_ms=80
2026-03-09T20:45:00.447+01:00 INFO api-gateway host=api-gateway-5b8f6c-t6zvn corrId=- health probe ok status=200 latency_ms=31
2026-03-09T20:50:00.173+01:00 INFO payment-scheduler host=payment-scheduler-a41e92-t6zvn corrId=- scheduler heartbeat lag_ms=112
2026-03-09T20:50:00.623+01:00 INFO api-gateway host=api-gateway-7c9d5b-p9qmz corrId=- health probe ok status=200 latency_ms=29
2026-03-09T20:55:00.196+01:00 INFO api-gateway host=api-gateway-5b8f6c-t6zvn corrId=- health probe ok status=200 latency_ms=21
2026-03-09T20:55:53.904+01:00 INFO portal-bff host=portal-bff-7c9d5b-t6zvn corrId=c-360041d377cbb61b conversion quote requested loan_id=LN192376759 target_product=FIXED_30Y
2026-03-09T20:55:53.969+01:00 INFO identity-service host=identity-service-a41e92-x2k4p corrId=c-360041d377cbb61b MitID session validated customer_id=C55148242
2026-03-09T20:55:53.982+01:00 INFO pricing-service host=pricing-service-7c9d5b-t6zvn corrId=c-360041d377cbb61b bond price fetched series=BND2.5-2053 price=99.618
2026-03-09T20:55:54.035+01:00 INFO pricing-service host=pricing-service-5b8f6c-t6zvn corrId=c-360041d377cbb61b conversion cost calculated loan_id=LN192376759 cost_dkk=52348.98
2026-03-09T20:55:54.131+01:00 INFO quote-service host=quote-service-5b8f6c-t6zvn corrId=c-360041d377cbb61b conversion quote issued quote_id=Q74651050 loan_id=LN192376759
2026-03-09T21:00:00.609+01:00 INFO api-gateway host=api-gateway-7c9d5b-p9qmz corrId=- health probe ok status=200 latency_ms=34
2026-03-09T21:00:00.700+01:00 INFO payment-scheduler host=payment-scheduler-7c9d5b-t6zvn corrId=- scheduler heartbeat lag_ms=45
2026-03-09T21:00:45.419+01:00 INFO portal-bff host=portal-bff-7c9d5b-p9qmz corrId=c-52f4dcb91eff3129 conversion quote requested loan_id=LN475189464 target_product=FLEX_1Y
2026-03-09T21:00:45.514+01:00 INFO identity-service host=identity-service-5b8f6c-t6zvn corrId=c-52f4dcb91eff3129 MitID session validated customer_id=C58191592
2026-03-09T21:00:45.615+01:00 INFO pricing-service host=pricing-service-a41e92-t6zvn corrId=c-52f4dcb91eff3129 bond price fetched series=BND4.0-2056 price=94.793
2026-03-09T21:00:45.708+01:00 INFO pricing-service host=pricing-service-a41e92-t6zvn corrId=c-52f4dcb91eff3129 conversion cost calculated loan_id=LN475189464 cost_dkk=37254.62
2026-03-09T21:00:45.751+01:00 INFO quote-service host=quote-service-a41e92-t6zvn corrId=c-52f4dcb91eff3129 conversion quote issued quote_id=Q52322740 loan_id=LN475189464
2026-03-09T21:00:48.000+01:00 INFO config-service host=config-service-7c9d5b-p9qmz corrId=- configuration refreshed version=v123
2026-03-09T21:05:00.088+01:00 INFO api-gateway host=api-gateway-a41e92-t6zvn corrId=- health probe ok status=200 latency_ms=5
2026-03-09T21:10:00.245+01:00 INFO payment-scheduler host=payment-scheduler-5b8f6c-t6zvn corrId=- scheduler heartbeat lag_ms=12
2026-03-09T21:10:00.453+01:00 INFO api-gateway host=api-gateway-5b8f6c-t6zvn corrId=- health probe ok status=200 latency_ms=12
2026-03-09T21:15:00.373+01:00 INFO api-gateway host=api-gateway-a41e92-t6zvn corrId=- health probe ok status=200 latency_ms=2
2026-03-09T21:20:00.165+01:00 INFO payment-scheduler host=payment-scheduler-7c9d5b-x2k4p corrId=- scheduler heartbeat lag_ms=57
2026-03-09T21:20:00.621+01:00 INFO api-gateway host=api-gateway-a41e92-p9qmz corrId=- health probe ok status=200 latency_ms=9
2026-03-09T21:25:00.383+01:00 INFO api-gateway host=api-gateway-a41e92-t6zvn corrId=- health probe ok status=200 latency_ms=38
2026-03-09T21:30:00.547+01:00 INFO api-gateway host=api-gateway-5b8f6c-x2k4p corrId=- health probe ok status=200 latency_ms=34
2026-03-09T21:30:00.601+01:00 INFO payment-scheduler host=payment-scheduler-5b8f6c-t6zvn corrId=- scheduler heartbeat lag_ms=35
2026-03-09T21:35:00.587+01:00 INFO api-gateway host=api-gateway-a41e92-t6zvn corrId=- health probe ok status=200 latency_ms=26
2026-03-09T21:40:00.022+01:00 INFO payment-scheduler host=payment-scheduler-5b8f6c-p9qmz corrId=- scheduler heartbeat lag_ms=9
2026-03-09T21:40:00.520+01:00 INFO api-gateway host=api-gateway-a41e92-t6zvn corrId=- health probe ok status=200 latency_ms=8
2026-03-09T21:45:00.492+01:00 INFO api-gateway host=api-gateway-7c9d5b-p9qmz corrId=- health probe ok status=200 latency_ms=8
2026-03-09T21:50:00.441+01:00 INFO payment-scheduler host=payment-scheduler-7c9d5b-t6zvn corrId=- scheduler heartbeat lag_ms=101
2026-03-09T21:50:00.526+01:00 INFO api-gateway host=api-gateway-5b8f6c-x2k4p corrId=- health probe ok status=200 latency_ms=38
2026-03-09T21:55:00.041+01:00 INFO api-gateway host=api-gateway-a41e92-p9qmz corrId=- health probe ok status=200 latency_ms=29
2026-03-09T22:00:00.353+01:00 INFO payment-scheduler host=payment-scheduler-a41e92-t6zvn corrId=- scheduler heartbeat lag_ms=82
2026-03-09T22:00:00.667+01:00 INFO api-gateway host=api-gateway-a41e92-p9qmz corrId=- health probe ok status=200 latency_ms=14
2026-03-09T22:00:02.000+01:00 INFO config-service host=config-service-7c9d5b-x2k4p corrId=- configuration refreshed version=v109
2026-03-09T22:05:00.323+01:00 INFO api-gateway host=api-gateway-7c9d5b-t6zvn corrId=- health probe ok status=200 latency_ms=15
2026-03-09T22:10:00.050+01:00 INFO payment-scheduler host=payment-scheduler-7c9d5b-t6zvn corrId=- scheduler heartbeat lag_ms=87
2026-03-09T22:10:00.055+01:00 INFO api-gateway host=api-gateway-5b8f6c-t6zvn corrId=- health probe ok status=200 latency_ms=28
2026-03-09T22:15:00.260+01:00 INFO api-gateway host=api-gateway-5b8f6c-x2k4p corrId=- health probe ok status=200 latency_ms=3
2026-03-09T22:15:45.000+01:00 INFO valuation-service host=valuation-service-7c9d5b-t6zvn corrId=- jvm gc pause pause_ms=19
2026-03-09T22:20:00.161+01:00 INFO api-gateway host=api-gateway-a41e92-p9qmz corrId=- health probe ok status=200 latency_ms=15
2026-03-09T22:20:00.292+01:00 INFO payment-scheduler host=payment-scheduler-7c9d5b-t6zvn corrId=- scheduler heartbeat lag_ms=69
2026-03-09T22:25:00.145+01:00 INFO api-gateway host=api-gateway-5b8f6c-p9qmz corrId=- health probe ok status=200 latency_ms=2
2026-03-09T22:30:00.273+01:00 INFO api-gateway host=api-gateway-a41e92-x2k4p corrId=- health probe ok status=200 latency_ms=20
2026-03-09T22:30:00.797+01:00 INFO payment-scheduler host=payment-scheduler-7c9d5b-p9qmz corrId=- scheduler heartbeat lag_ms=6
2026-03-09T22:35:00.143+01:00 INFO api-gateway host=api-gateway-7c9d5b-t6zvn corrId=- health probe ok status=200 latency_ms=35
2026-03-09T22:40:00.035+01:00 INFO api-gateway host=api-gateway-a41e92-p9qmz corrId=- health probe ok status=200 latency_ms=26
2026-03-09T22:40:00.778+01:00 INFO payment-scheduler host=payment-scheduler-5b8f6c-p9qmz corrId=- scheduler heartbeat lag_ms=1
2026-03-09T22:45:00.767+01:00 INFO api-gateway host=api-gateway-a41e92-p9qmz corrId=- health probe ok status=200 latency_ms=10
2026-03-09T22:50:00.242+01:00 INFO payment-scheduler host=payment-scheduler-5b8f6c-t6zvn corrId=- scheduler heartbeat lag_ms=14
2026-03-09T22:50:00.688+01:00 INFO api-gateway host=api-gateway-7c9d5b-p9qmz corrId=- health probe ok status=200 latency_ms=17
2026-03-09T22:55:00.335+01:00 INFO api-gateway host=api-gateway-5b8f6c-t6zvn corrId=- health probe ok status=200 latency_ms=20
2026-03-09T23:00:00.341+01:00 INFO api-gateway host=api-gateway-a41e92-t6zvn corrId=- health probe ok status=200 latency_ms=24
2026-03-09T23:00:00.537+01:00 INFO payment-scheduler host=payment-scheduler-5b8f6c-t6zvn corrId=- scheduler heartbeat lag_ms=10
2026-03-09T23:00:39.000+01:00 INFO config-service host=config-service-5b8f6c-t6zvn corrId=- configuration refreshed version=v123
2026-03-09T23:05:00.571+01:00 INFO api-gateway host=api-gateway-a41e92-x2k4p corrId=- health probe ok status=200 latency_ms=17
2026-03-09T23:10:00.808+01:00 INFO api-gateway host=api-gateway-a41e92-p9qmz corrId=- health probe ok status=200 latency_ms=17
2026-03-09T23:10:00.815+01:00 INFO payment-scheduler host=payment-scheduler-a41e92-p9qmz corrId=- scheduler heartbeat lag_ms=71
2026-03-09T23:15:00.311+01:00 INFO api-gateway host=api-gateway-5b8f6c-p9qmz corrId=- health probe ok status=200 latency_ms=29
2026-03-09T23:20:00.438+01:00 INFO payment-scheduler host=payment-scheduler-a41e92-x2k4p corrId=- scheduler heartbeat lag_ms=37
2026-03-09T23:20:00.786+01:00 INFO api-gateway host=api-gateway-a41e92-p9qmz corrId=- health probe ok status=200 latency_ms=22
2026-03-09T23:25:00.192+01:00 INFO api-gateway host=api-gateway-7c9d5b-x2k4p corrId=- health probe ok status=200 latency_ms=10
2026-03-09T23:30:00.373+01:00 INFO api-gateway host=api-gateway-7c9d5b-t6zvn corrId=- health probe ok status=200 latency_ms=13
2026-03-09T23:30:00.544+01:00 INFO payment-scheduler host=payment-scheduler-5b8f6c-p9qmz corrId=- scheduler heartbeat lag_ms=78
2026-03-09T23:35:00.369+01:00 INFO api-gateway host=api-gateway-7c9d5b-p9qmz corrId=- health probe ok status=200 latency_ms=21
2026-03-09T23:40:00.470+01:00 INFO payment-scheduler host=payment-scheduler-5b8f6c-p9qmz corrId=- scheduler heartbeat lag_ms=2
2026-03-09T23:40:00.656+01:00 INFO api-gateway host=api-gateway-7c9d5b-x2k4p corrId=- health probe ok status=200 latency_ms=23
2026-03-09T23:45:00.801+01:00 INFO api-gateway host=api-gateway-5b8f6c-x2k4p corrId=- health probe ok status=200 latency_ms=9
2026-03-09T23:50:00.267+01:00 INFO api-gateway host=api-gateway-7c9d5b-t6zvn corrId=- health probe ok status=200 latency_ms=11
2026-03-09T23:50:00.490+01:00 INFO payment-scheduler host=payment-scheduler-7c9d5b-x2k4p corrId=- scheduler heartbeat lag_ms=70
2026-03-09T23:55:00.078+01:00 INFO api-gateway host=api-gateway-7c9d5b-p9qmz corrId=- health probe ok status=200 latency_ms=28
2026-03-09T23:56:48.000+01:00 INFO valuation-service host=valuation-service-7c9d5b-p9qmz corrId=- jvm gc pause pause_ms=75
