2026-03-03T00:00:00.201+01:00 INFO payment-scheduler host=payment-scheduler-5b8f6c-p9qmz corrId=- scheduler heartbeat lag_ms=96
2026-03-03T00:00:00.779+01:00 INFO api-gateway host=api-gateway-7c9d5b-x2k4p corrId=- health probe ok status=200 latency_ms=4
2026-03-03T00:00:53.000+01:00 INFO config-service host=config-service-7c9d5b-x2k4p corrId=- configuration refreshed version=v115
2026-03-03T00:05:00.123+01:00 INFO api-gateway host=api-gateway-7c9d5b-t6zvn corrId=- health probe ok status=200 latency_ms=30
2026-03-03T00:10:00.087+01:00 INFO api-gateway host=api-gateway-5b8f6c-t6zvn corrId=- health probe ok status=200 latency_ms=30
2026-03-03T00:10:00.541+01:00 INFO payment-scheduler host=payment-scheduler-5b8f6c-t6zvn corrId=- scheduler heartbeat lag_ms=57
2026-03-03T00:15:00.814+01:00 INFO api-gateway host=api-gateway-7c9d5b-t6zvn corrId=- health probe ok status=200 latency_ms=10
2026-03-03T00:20:00.279+01:00 INFO api-gateway host=api-gateway-7c9d5b-x2k4p corrId=- health probe ok status=200 latency_ms=4
2026-03-03T00:20:00.382+01:00 INFO payment-scheduler host=payment-scheduler-7c9d5b-t6zvn corrId=- scheduler heartbeat lag_ms=65
2026-03-03T00:24:12.000+01:00 INFO valuation-service host=valuation-service-7c9d5b-x2k4p corrId=- jvm gc pause pause_ms=86
2026-03-03T00:25:00.868+01:00 INFO api-gateway host=api-gateway-7c9d5b-p9qmz corrId=- health probe ok status=200 latency_ms=21
2026-03-03T00:30:00.606+01:00 INFO api-gateway host=api-gateway-5b8f6c-p9qmz corrId=- health probe ok status=200 latency_ms=27
2026-03-03T00:30:00.731+01:00 INFO payment-scheduler host=payment-scheduler-5b8f6c-x2k4p corrId=- scheduler heartbeat lag_ms=12
2026-03-03T00:30:28.000+01:00 INFO valuation-service host=valuation-service-7c9d5b-t6zvn corrId=- jvm gc pause pause_ms=63
2026-03-03T00:31:11.000+01:00 INFO valuation-service host=valuation-service-a41e92-p9qmz corrId=- jvm gc pause pause_ms=40
2026-03-03T00:35:00.249+01:00 INFO api-gateway host=api-gateway-a41e92-x2k4p corrId=- health probe ok status=200 latency_ms=4
2026-03-03T00:35:19.000+01:00 INFO valuation-service host=valuation-service-5b8f6c-p9qmz corrId=- jvm gc pause pause_ms=43
2026-03-03T00:40:00.444+01:00 INFO payment-scheduler host=payment-scheduler-a41e92-x2k4p corrId=- scheduler heartbeat lag_ms=36
2026-03-03T00:40:00.757+01:00 INFO api-gateway host=api-gateway-a41e92-x2k4p corrId=- health probe ok status=200 latency_ms=35
2026-03-03T00:45:00.758+01:00 INFO api-gateway host=api-gateway-a41e92-p9qmz corrId=- health probe ok status=200 latency_ms=14
2026-03-03T00:50:00.253+01:00 INFO payment-scheduler host=payment-scheduler-a41e92-x2k4p corrId=- scheduler heartbeat lag_ms=9
2026-03-03T00:50:00.257+01:00 INFO api-gateway host=api-gateway-a41e92-p9qmz corrId=- health probe ok status=200 latency_ms=15
2026-03-03T00:55:00.143+01:00 INFO api-gateway host=api-gateway-5b8f6c-x2k4p corrId=- health probe ok status=200 latency_ms=7
2026-03-03T00:57:51.000+01:00 INFO valuation-service host=valuation-service-5b8f6c-p9qmz corrId=- jvm gc pause pause_ms=49
2026-03-03T01:00:00.599+01:00 INFO payment-scheduler host=payment-scheduler-5b8f6c-t6zvn corrId=- scheduler heartbeat lag_ms=2
2026-03-03T01:00:00.705+01:00 INFO api-gateway host=api-gateway-5b8f6c-x2k4p corrId=- health probe ok status=200 latency_ms=8
2026-03-03T01:00:08.000+01:00 INFO config-service host=config-service-5b8f6c-x2k4p corrId=- configuration refreshed version=v136
2026-03-03T01:05:00.395+01:00 INFO api-gateway host=api-gateway-5b8f6c-p9qmz corrId=- health probe ok status=200 latency_ms=9
2026-03-03T01:10:00.191+01:00 INFO payment-scheduler host=payment-scheduler-a41e92-x2k4p corrId=- scheduler heartbeat lag_ms=44
2026-03-03T01:10:00.661+01:00 INFO api-gateway host=api-gateway-5b8f6c-t6zvn corrId=- health probe ok status=200 latency_ms=20
2026-03-03T01:15:00.456+01:00 INFO api-gateway host=api-gateway-a41e92-t6zvn corrId=- health probe ok status=200 latency_ms=8
2026-03-03T01:20:00.081+01:00 INFO api-gateway host=api-gateway-7c9d5b-p9qmz corrId=- health probe ok status=200 latency_ms=22
2026-03-03T01:20:00.200+01:00 INFO payment-scheduler host=payment-scheduler-5b8f6c-t6zvn corrId=- scheduler heartbeat lag_ms=72
2026-03-03T01:25:00.191+01:00 INFO api-gateway host=api-gateway-7c9d5b-x2k4p corrId=- health probe ok status=200 latency_ms=26
2026-03-03T01:30:00.708+01:00 INFO payment-scheduler host=payment-scheduler-a41e92-t6zvn corrId=- scheduler heartbeat lag_ms=4
2026-03-03T01:30:00.842+01:00 INFO api-gateway host=api-gateway-5b8f6c-t6zvn corrId=- health probe ok status=200 latency_ms=7
2026-03-03T01:35:00.895+01:00 INFO api-gateway host=api-gateway-5b8f6c-p9qmz corrId=- health probe ok status=200 latency_ms=22
2026-03-03T01:40:00.215+01:00 INFO api-gateway host=api-gateway-5b8f6c-x2k4p corrId=- health probe ok status=200 latency_ms=11
2026-03-03T01:40:00.518+01:00 INFO payment-scheduler host=payment-scheduler-5b8f6c-p9qmz corrId=- scheduler heartbeat lag_ms=22
2026-03-03T01:45:00.605+01:00 INFO api-gateway host=api-gateway-a41e92-t6zvn corrId=- health probe ok status=200 latency_ms=9
2026-03-03T01:46:33.000+01:00 INFO valuation-service host=valuation-service-5b8f6c-t6zvn corrId=- jvm gc pause pause_ms=61
2026-03-03T01:50:00.191+01:00 INFO api-gateway host=api-gateway-7c9d5b-p9qmz corrId=- health probe ok status=200 latency_ms=20
2026-03-03T01:50:00.320+01:00 INFO payment-scheduler host=payment-scheduler-5b8f6c-p9qmz corrId=- scheduler heartbeat lag_ms=112
2026-03-03T01:55:00.363+01:00 INFO api-gateway host=api-gateway-7c9d5b-t6zvn corrId=- health probe ok status=200 latency_ms=11
2026-03-03T02:00:00.450+01:00 INFO api-gateway host=api-gateway-7c9d5b-t6zvn corrId=- health probe ok status=200 latency_ms=37
2026-03-03T02:00:00.531+01:00 INFO payment-scheduler host=payment-scheduler-7c9d5b-p9qmz corrId=- scheduler heartbeat lag_ms=84
2026-03-03T02:00:38.000+01:00 INFO config-service host=config-service-5b8f6c-p9qmz corrId=- configuration refreshed version=v131
2026-03-03T02:01:36.656+01:00 INFO payment-scheduler host=payment-scheduler-7c9d5b-t6zvn corrId=c-8b4ffae755b6cbf2 instalment collection started loan_id=LN298461157 due_date=2026-03-17
2026-03-03T02:01:36.666+01:00 INFO payment-service host=payment-service-5b8f6c-t6zvn corrId=c-8b4ffae755b6cbf2 direct debit mandate verified loan_id=LN298461157 mandate_id=MD0565082
2026-03-03T02:01:36.676+01:00 INFO payment-service host=payment-service-5b8f6c-t6zvn corrId=c-8b4ffae755b6cbf2 payment instruction sent loan_id=LN298461157 amount_dkk=10315.57
2026-03-03T02:01:36.753+01:00 INFO ledger-service host=ledger-service-a41e92-p9qmz corrId=c-8b4ffae755b6cbf2 ledger posting accepted loan_id=LN298461157 amount_dkk=10315.57 posting_id=PST-b7a308000f
2026-03-03T02:01:36.875+01:00 INFO payment-service host=payment-service-7c9d5b-x2k4p corrId=c-8b4ffae755b6cbf2 payment settled loan_id=LN298461157 amount_dkk=10315.57
2026-03-03T02:01:36.964+01:00 INFO notification-service host=notification-service-7c9d5b-p9qmz corrId=c-8b4ffae755b6cbf2 payment receipt sent loan_id=LN298461157 channel=DIGITAL_POST
2026-03-03T02:04:59.303+01:00 INFO payment-scheduler host=payment-scheduler-a41e92-t6zvn corrId=c-218be3645bd6cdf0 instalment collection started loan_id=LN771238144 due_date=2026-03-21
2026-03-03T02:04:59.359+01:00 INFO payment-service host=payment-service-7c9d5b-p9qmz corrId=c-218be3645bd6cdf0 direct debit mandate verified loan_id=LN771238144 mandate_id=MD7808051
2026-03-03T02:04:59.484+01:00 INFO payment-service host=payment-service-a41e92-x2k4p corrId=c-218be3645bd6cdf0 payment instruction sent loan_id=LN771238144 amount_dkk=11084.60
2026-03-03T02:04:59.614+01:00 INFO ledger-service host=ledger-service-a41e92-x2k4p corrId=c-218be3645bd6cdf0 ledger posting accepted loan_id=LN771238144 amount_dkk=11084.60 posting_id=PST-aa86e984cf
2026-03-03T02:04:59.750+01:00 INFO payment-service host=payment-service-7c9d5b-x2k4p corrId=c-218be3645bd6cdf0 payment settled loan_id=LN771238144 amount_dkk=11084.60
2026-03-03T02:04:59.853+01:00 INFO notification-service host=notification-service-a41e92-x2k4p corrId=c-218be3645bd6cdf0 payment receipt sent loan_id=LN771238144 channel=DIGITAL_POST
2026-03-03T02:05:00.281+01:00 INFO api-gateway host=api-gateway-a41e92-p9qmz corrId=- health probe ok status=200 latency_ms=15
2026-03-03T02:05:21.335+01:00 INFO payment-scheduler host=payment-scheduler-a41e92-p9qmz corrId=c-a0503a62cee0c43f instalment collection started loan_id=LN129719995 due_date=2026-03-26
2026-03-03T02:05:21.348+01:00 INFO payment-service host=payment-service-7c9d5b-p9qmz corrId=c-a0503a62cee0c43f direct debit mandate verified loan_id=LN129719995 mandate_id=MD4710031
2026-03-03T02:05:21.356+01:00 INFO payment-service host=payment-service-5b8f6c-t6zvn corrId=c-a0503a62cee0c43f payment instruction sent loan_id=LN129719995 amount_dkk=16846.49
2026-03-03T02:05:21.380+01:00 INFO ledger-service host=ledger-service-5b8f6c-t6zvn corrId=c-a0503a62cee0c43f ledger posting accepted loan_id=LN129719995 amount_dkk=16846.49 posting_id=PST-4f6b5f9b48
2026-03-03T02:05:21.429+01:00 INFO payment-service host=payment-service-5b8f6c-p9qmz corrId=c-a0503a62cee0c43f payment settled loan_id=LN129719995 amount_dkk=16846.49
2026-03-03T02:05:21.549+01:00 INFO notification-service host=notification-service-5b8f6c-x2k4p corrId=c-a0503a62cee0c43f payment receipt sent loan_id=LN129719995 channel=DIGITAL_POST
2026-03-03T02:07:20.548+01:00 INFO payment-scheduler host=payment-scheduler-5b8f6c-x2k4p corrId=c-469da933fb46fd5e instalment collection started loan_id=LN052251034 due_date=2026-03-20
2026-03-03T02:07:20.677+01:00 INFO payment-service host=payment-service-7c9d5b-x2k4p corrId=c-469da933fb46fd5e direct debit mandate verified loan_id=LN052251034 mandate_id=MD1322058
2026-03-03T02:07:20.782+01:00 INFO payment-service host=payment-service-5b8f6c-x2k4p corrId=c-469da933fb46fd5e payment instruction sent loan_id=LN052251034 amount_dkk=11495.33
2026-03-03T02:07:20.805+01:00 INFO ledger-service host=ledger-service-a41e92-p9qmz corrId=c-469da933fb46fd5e ledger posting accepted loan_id=LN052251034 amount_dkk=11495.33 posting_id=PST-73effa9436
2026-03-03T02:07:20.888+01:00 INFO payment-service host=payment-service-5b8f6c-x2k4p corrId=c-469da933fb46fd5e payment settled loan_id=LN052251034 amount_dkk=11495.33
2026-03-03T02:07:20.914+01:00 INFO notification-service host=notification-service-a41e92-t6zvn corrId=c-469da933fb46fd5e payment receipt sent loan_id=LN052251034 channel=DIGITAL_POST
2026-03-03T02:07:54.928+01:00 INFO payment-scheduler host=payment-scheduler-a41e92-x2k4p corrId=c-d521fae348357b68 instalment collection started loan_id=LN209784054 due_date=2026-03-26
2026-03-03T02:07:54.958+01:00 INFO payment-service host=payment-service-5b8f6c-p9qmz corrId=c-d521fae348357b68 direct debit mandate verified loan_id=LN209784054 mandate_id=MD9003001
2026-03-03T02:07:54.997+01:00 INFO payment-service host=payment-service-5b8f6c-p9qmz corrId=c-d521fae348357b68 payment instruction sent loan_id=LN209784054 amount_dkk=7419.01
2026-03-03T02:07:55.024+01:00 INFO ledger-service host=ledger-service-5b8f6c-t6zvn corrId=c-d521fae348357b68 ledger posting accepted loan_id=LN209784054 amount_dkk=7419.01 posting_id=PST-c871c18ec5
2026-03-03T02:07:55.119+01:00 INFO payment-service host=payment-service-7c9d5b-t6zvn corrId=c-d521fae348357b68 payment settled loan_id=LN209784054 amount_dkk=7419.01
2026-03-03T02:07:55.222+01:00 INFO notification-service host=notification-service-a41e92-t6zvn corrId=c-d521fae348357b68 payment receipt sent loan_id=LN209784054 channel=EMAIL
2026-03-03T02:09:52.057+01:00 INFO payment-scheduler host=payment-scheduler-a41e92-x2k4p corrId=c-d301f83a5790994e instalment collection started loan_id=LN889130585 due_date=2026-03-01
2026-03-03T02:09:52.103+01:00 INFO payment-service host=payment-service-7c9d5b-p9qmz corrId=c-d301f83a5790994e direct debit mandate verified loan_id=LN889130585 mandate_id=MD8862939
2026-03-03T02:09:52.199+01:00 INFO payment-service host=payment-service-5b8f6c-x2k4p corrId=c-d301f83a5790994e payment instruction sent loan_id=LN889130585 amount_dkk=14623.48
2026-03-03T02:09:52.265+01:00 INFO ledger-service host=ledger-service-a41e92-x2k4p corrId=c-d301f83a5790994e ledger posting accepted loan_id=LN889130585 amount_dkk=14623.48 posting_id=PST-e282b1e4ee
2026-03-03T02:09:52.292+01:00 INFO payment-service host=payment-service-7c9d5b-x2k4p corrId=c-d301f83a5790994e payment settled loan_id=LN889130585 amount_dkk=14623.48
2026-03-03T02:09:52.331+01:00 INFO notification-service host=notification-service-7c9d5b-x2k4p corrId=c-d301f83a5790994e payment receipt sent loan_id=LN889130585 channel=DIGITAL_POST
2026-03-03T02:10:00.282+01:00 INFO payment-scheduler host=payment-scheduler-a41e92-p9qmz corrId=- scheduler heartbeat lag_ms=62
2026-03-03T02:10:00.351+01:00 INFO api-gateway host=api-gateway-5b8f6c-p9qmz corrId=- health probe ok status=200 latency_ms=15
2026-03-03T02:10:55.923+01:00 INFO payment-scheduler host=payment-scheduler-a41e92-x2k4p corrId=c-3ceb8a8515a78f27 instalment collection started loan_id=LN056066721 due_date=2026-03-23
2026-03-03T02:10:56.024+01:00 INFO payment-service host=payment-service-5b8f6c-t6zvn corrId=c-3ceb8a8515a78f27 direct debit mandate verified loan_id=LN056066721 mandate_id=MD3282562
2026-03-03T02:10:56.105+01:00 INFO payment-service host=payment-service-7c9d5b-p9qmz corrId=c-3ceb8a8515a78f27 payment instruction sent loan_id=LN056066721 amount_dkk=3391.47
2026-03-03T02:10:56.137+01:00 INFO ledger-service host=ledger-service-a41e92-p9qmz corrId=c-3ceb8a8515a78f27 ledger posting accepted loan_id=LN056066721 amount_dkk=3391.47 posting_id=PST-41cb0e1dc1
2026-03-03T02:10:56.186+01:00 INFO payment-service host=payment-service-7c9d5b-x2k4p corrId=c-3ceb8a8515a78f27 payment settled loan_id=LN056066721 amount_dkk=3391.47
2026-03-03T02:10:56.289+01:00 INFO notification-service host=notification-service-a41e92-p9qmz corrId=c-3ceb8a8515a78f27 payment receipt sent loan_id=LN056066721 channel=DIGITAL_POST
2026-03-03T02:13:21.980+01:00 INFO payment-scheduler host=payment-scheduler-7c9d5b-x2k4p corrId=c-ef04f7cfa7259130 instalment collection started loan_id=LN394258234 due_date=2026-03-20
2026-03-03T02:13:22.008+01:00 INFO payment-service host=payment-service-7c9d5b-x2k4p corrId=c-ef04f7cfa7259130 direct debit mandate verified loan_id=LN394258234 mandate_id=MD8654521
2026-03-03T02:13:22.053+01:00 INFO payment-service host=payment-service-a41e92-x2k4p corrId=c-ef04f7cfa7259130 payment instruction sent loan_id=LN394258234 amount_dkk=15970.76
2026-03-03T02:13:22.074+01:00 INFO ledger-service host=ledger-service-5b8f6c-x2k4p corrId=c-ef04f7cfa7259130 ledger posting accepted loan_id=LN394258234 amount_dkk=15970.76 posting_id=PST-b3eb4450f2
2026-03-03T02:13:22.081+01:00 INFO payment-service host=payment-service-5b8f6c-x2k4p corrId=c-ef04f7cfa7259130 payment settled loan_id=LN394258234 amount_dkk=15970.76
2026-03-03T02:13:22.152+01:00 INFO notification-service host=notification-service-5b8f6c-x2k4p corrId=c-ef04f7cfa7259130 payment receipt sent loan_id=LN394258234 channel=DIGITAL_POST
2026-03-03T02:13:39.326+01:00 INFO payment-scheduler host=payment-scheduler-7c9d5b-x2k4p corrId=c-981207259652ffe6 instalment collection started loan_id=LN992035314 due_date=2026-03-21
2026-03-03T02:13:39.410+01:00 INFO payment-service host=payment-service-a41e92-x2k4p corrId=c-981207259652ffe6 direct debit mandate verified loan_id=LN992035314 mandate_id=MD7920769
2026-03-03T02:13:39.457+01:00 INFO payment-service host=payment-service-7c9d5b-t6zvn corrId=c-981207259652ffe6 payment instruction sent loan_id=LN992035314 amount_dkk=12134.62
2026-03-03T02:13:39.572+01:00 INFO ledger-service host=ledger-service-a41e92-x2k4p corrId=c-981207259652ffe6 ledger posting accepted loan_id=LN992035314 amount_dkk=12134.62 posting_id=PST-3f9a7d0b65
2026-03-03T02:13:39.579+01:00 INFO payment-service host=payment-service-5b8f6c-t6zvn corrId=c-981207259652ffe6 payment settled loan_id=LN992035314 amount_dkk=12134.62
2026-03-03T02:13:39.605+01:00 INFO notification-service host=notification-service-5b8f6c-p9qmz corrId=c-981207259652ffe6 payment receipt sent loan_id=LN992035314 channel=DIGITAL_POST
2026-03-03T02:13:39.631+01:00 INFO payment-scheduler host=payment-scheduler-5b8f6c-p9qmz corrId=c-fa1d7ffc7407a7a0 instalment collection started loan_id=LN241336835 due_date=2026-03-28
2026-03-03T02:13:39.688+01:00 INFO payment-service host=payment-service-5b8f6c-t6zvn corrId=c-fa1d7ffc7407a7a0 direct debit mandate verified loan_id=LN241336835 mandate_id=MD6554437
2026-03-03T02:13:39.755+01:00 INFO payment-service host=payment-service-5b8f6c-x2k4p corrId=c-fa1d7ffc7407a7a0 payment instruction sent loan_id=LN241336835 amount_dkk=15504.13
2026-03-03T02:13:39.841+01:00 INFO ledger-service host=ledger-service-7c9d5b-t6zvn corrId=c-fa1d7ffc7407a7a0 ledger posting accepted loan_id=LN241336835 amount_dkk=15504.13 posting_id=PST-133dd9ffbe
2026-03-03T02:13:39.884+01:00 INFO payment-service host=payment-service-7c9d5b-x2k4p corrId=c-fa1d7ffc7407a7a0 payment settled loan_id=LN241336835 amount_dkk=15504.13
2026-03-03T02:13:39.931+01:00 INFO notification-service host=notification-service-7c9d5b-x2k4p corrId=c-fa1d7ffc7407a7a0 payment receipt sent loan_id=LN241336835 channel=EMAIL
2026-03-03T02:14:35.657+01:00 INFO payment-scheduler host=payment-scheduler-a41e92-x2k4p corrId=c-b7a1608ff2787173 instalment collection started loan_id=LN088481361 due_date=2026-03-22
2026-03-03T02:14:35.751+01:00 INFO payment-service host=payment-service-a41e92-p9qmz corrId=c-b7a1608ff2787173 direct debit mandate verified loan_id=LN088481361 mandate_id=MD5771169
2026-03-03T02:14:35.839+01:00 INFO payment-service host=payment-service-7c9d5b-p9qmz corrId=c-b7a1608ff2787173 payment instruction sent loan_id=LN088481361 amount_dkk=12292.64
2026-03-03T02:14:35.951+01:00 INFO ledger-service host=ledger-service-a41e92-t6zvn corrId=c-b7a1608ff2787173 ledger posting accepted loan_id=LN088481361 amount_dkk=12292.64 posting_id=PST-d55eb92a31
2026-03-03T02:14:35.993+01:00 INFO payment-service host=payment-service-a41e92-p9qmz corrId=c-b7a1608ff2787173 payment settled loan_id=LN088481361 amount_dkk=12292.64
2026-03-03T02:14:36.077+01:00 INFO notification-service host=notification-service-7c9d5b-p9qmz corrId=c-b7a1608ff2787173 payment receipt sent loan_id=LN088481361 channel=EMAIL
2026-03-03T02:14:55.644+01:00 INFO payment-scheduler host=payment-scheduler-a41e92-x2k4p corrId=c-ece3d0f3ccc5ed27 instalment collection started loan_id=LN528517767 due_date=2026-03-14
2026-03-03T02:14:55.781+01:00 INFO payment-service host=payment-service-7c9d5b-x2k4p corrId=c-ece3d0f3ccc5ed27 direct debit mandate verified loan_id=LN528517767 mandate_id=MD2326623
2026-03-03T02:14:55.796+01:00 INFO payment-service host=payment-service-a41e92-t6zvn corrId=c-ece3d0f3ccc5ed27 payment instruction sent loan_id=LN528517767 amount_dkk=6430.35
2026-03-03T02:14:55.910+01:00 INFO ledger-service host=ledger-service-5b8f6c-p9qmz corrId=c-ece3d0f3ccc5ed27 ledger posting accepted loan_id=LN528517767 amount_dkk=6430.35 posting_id=PST-101c97a858
2026-03-03T02:14:55.941+01:00 INFO payment-service host=payment-service-5b8f6c-t6zvn corrId=c-ece3d0f3ccc5ed27 payment settled loan_id=LN528517767 amount_dkk=6430.35
2026-03-03T02:14:56.018+01:00 INFO notification-service host=notification-service-7c9d5b-p9qmz corrId=c-ece3d0f3ccc5ed27 payment receipt sent loan_id=LN528517767 channel=DIGITAL_POST
2026-03-03T02:15:00.849+01:00 INFO api-gateway host=api-gateway-7c9d5b-t6zvn corrId=- health probe ok status=200 latency_ms=5
2026-03-03T02:15:03.289+01:00 INFO payment-scheduler host=payment-scheduler-a41e92-t6zvn corrId=c-319f6ad08ee49c35 instalment collection started loan_id=LN841516343 due_date=2026-03-14
2026-03-03T02:15:03.408+01:00 INFO payment-service host=payment-service-a41e92-x2k4p corrId=c-319f6ad08ee49c35 direct debit mandate verified loan_id=LN841516343 mandate_id=MD8450315
2026-03-03T02:15:03.437+01:00 INFO payment-service host=payment-service-a41e92-x2k4p corrId=c-319f6ad08ee49c35 payment instruction sent loan_id=LN841516343 amount_dkk=4125.76
2026-03-03T02:15:03.522+01:00 INFO ledger-service host=ledger-service-5b8f6c-x2k4p corrId=c-319f6ad08ee49c35 ledger posting accepted loan_id=LN841516343 amount_dkk=4125.76 posting_id=PST-969031129b
2026-03-03T02:15:03.584+01:00 INFO payment-service host=payment-service-5b8f6c-x2k4p corrId=c-319f6ad08ee49c35 payment settled loan_id=LN841516343 amount_dkk=4125.76
2026-03-03T02:15:03.699+01:00 INFO notification-service host=notification-service-5b8f6c-p9qmz corrId=c-319f6ad08ee49c35 payment receipt sent loan_id=LN841516343 channel=DIGITAL_POST
2026-03-03T02:18:54.047+01:00 INFO payment-scheduler host=payment-scheduler-7c9d5b-x2k4p corrId=c-bb66de7d4b8a5245 instalment collection started loan_id=LN143725960 due_date=2026-03-25
2026-03-03T02:18:54.065+01:00 INFO payment-service host=payment-service-a41e92-t6zvn corrId=c-bb66de7d4b8a5245 direct debit mandate verified loan_id=LN143725960 mandate_id=MD1385951
2026-03-03T02:18:54.194+01:00 INFO payment-service host=payment-service-7c9d5b-x2k4p corrId=c-bb66de7d4b8a5245 payment instruction sent loan_id=LN143725960 amount_dkk=10003.16
2026-03-03T02:18:54.311+01:00 INFO ledger-service host=ledger-service-7c9d5b-x2k4p corrId=c-bb66de7d4b8a5245 ledger posting accepted loan_id=LN143725960 amount_dkk=10003.16 posting_id=PST-dccf9d8301
2026-03-03T02:18:54.402+01:00 INFO payment-service host=payment-service-7c9d5b-x2k4p corrId=c-bb66de7d4b8a5245 payment settled loan_id=LN143725960 amount_dkk=10003.16
2026-03-03T02:18:54.508+01:00 INFO notification-service host=notification-service-5b8f6c-t6zvn corrId=c-bb66de7d4b8a5245 payment receipt sent loan_id=LN143725960 channel=DIGITAL_POST
2026-03-03T02:19:07.725+01:00 INFO payment-scheduler host=payment-scheduler-a41e92-p9qmz corrId=c-5b190c0cb3e72f41 instalment collection started loan_id=LN276960401 due_date=2026-03-20
2026-03-03T02:19:07.828+01:00 INFO payment-service host=payment-service-7c9d5b-t6zvn corrId=c-5b190c0cb3e72f41 direct debit mandate verified loan_id=LN276960401 mandate_id=MD2251395
2026-03-03T02:19:07.838+01:00 INFO payment-service host=payment-service-5b8f6c-p9qmz corrId=c-5b190c0cb3e72f41 payment instruction sent loan_id=LN276960401 amount_dkk=16427.52
2026-03-03T02:19:07.977+01:00 INFO ledger-service host=ledger-service-5b8f6c-t6zvn corrId=c-5b190c0cb3e72f41 ledger posting accepted loan_id=LN276960401 amount_dkk=16427.52 posting_id=PST-7bc56fc959
2026-03-03T02:19:08.104+01:00 INFO payment-service host=payment-service-5b8f6c-x2k4p corrId=c-5b190c0cb3e72f41 payment settled loan_id=LN276960401 amount_dkk=16427.52
2026-03-03T02:19:08.166+01:00 INFO notification-service host=notification-service-a41e92-p9qmz corrId=c-5b190c0cb3e72f41 payment receipt sent loan_id=LN276960401 channel=EMAIL
2026-03-03T02:19:54.546+01:00 INFO payment-scheduler host=payment-scheduler-5b8f6c-p9qmz corrId=c-5c8d557585c9b8c8 instalment collection started loan_id=LN468390600 due_date=2026-03-04
2026-03-03T02:19:54.551+01:00 INFO payment-service host=payment-service-a41e92-p9qmz corrId=c-5c8d557585c9b8c8 direct debit mandate verified loan_id=LN468390600 mandate_id=MD3971065
2026-03-03T02:19:54.641+01:00 INFO payment-service host=payment-service-5b8f6c-x2k4p corrId=c-5c8d557585c9b8c8 payment instruction sent loan_id=LN468390600 amount_dkk=7194.18
2026-03-03T02:19:54.680+01:00 INFO ledger-service host=ledger-service-a41e92-p9qmz corrId=c-5c8d557585c9b8c8 ledger posting accepted loan_id=LN468390600 amount_dkk=7194.18 posting_id=PST-b287766ba8
2026-03-03T02:19:54.766+01:00 INFO payment-service host=payment-service-5b8f6c-x2k4p corrId=c-5c8d557585c9b8c8 payment settled loan_id=LN468390600 amount_dkk=7194.18
2026-03-03T02:19:54.799+01:00 INFO notification-service host=notification-service-7c9d5b-x2k4p corrId=c-5c8d557585c9b8c8 payment receipt sent loan_id=LN468390600 channel=DIGITAL_POST
2026-03-03T02:20:00.071+01:00 INFO payment-scheduler host=payment-scheduler-7c9d5b-t6zvn corrId=- scheduler heartbeat lag_ms=73
2026-03-03T02:20:00.240+01:00 INFO api-gateway host=api-gateway-a41e92-p9qmz corrId=- health probe ok status=200 latency_ms=22
2026-03-03T02:20:43.132+01:00 INFO payment-scheduler host=payment-scheduler-7c9d5b-p9qmz corrId=c-49438e066b482523 instalment collection started loan_id=LN277093497 due_date=2026-03-21
2026-03-03T02:20:43.162+01:00 INFO payment-service host=payment-service-a41e92-x2k4p corrId=c-49438e066b482523 direct debit mandate verified loan_id=LN277093497 mandate_id=MD2382931
2026-03-03T02:20:43.229+01:00 INFO payment-service host=payment-service-5b8f6c-t6zvn corrId=c-49438e066b482523 payment instruction sent loan_id=LN277093497 amount_dkk=5952.08
2026-03-03T02:20:43.247+01:00 INFO ledger-service host=ledger-service-5b8f6c-t6zvn corrId=c-49438e066b482523 ledger posting accepted loan_id=LN277093497 amount_dkk=5952.08 posting_id=PST-ec7e776ecf
2026-03-03T02:20:43.386+01:00 INFO payment-service host=payment-service-7c9d5b-p9qmz corrId=c-49438e066b482523 payment settled loan_id=LN277093497 amount_dkk=5952.08
2026-03-03T02:20:43.446+01:00 INFO notification-service host=notification-service-5b8f6c-x2k4p corrId=c-49438e066b482523 payment receipt sent loan_id=LN277093497 channel=DIGITAL_POST
2026-03-03T02:21:45.047+01:00 INFO payment-scheduler host=payment-scheduler-a41e92-p9qmz corrId=c-3053feaf61b58be4 instalment collection started loan_id=LN993571125 due_date=2026-03-07
2026-03-03T02:21:45.100+01:00 INFO payment-service host=payment-service-5b8f6c-t6zvn corrId=c-3053feaf61b58be4 direct debit mandate verified loan_id=LN993571125 mandate_id=MD1522136
2026-03-03T02:21:45.168+01:00 INFO payment-service host=payment-service-5b8f6c-x2k4p corrId=c-3053feaf61b58be4 payment instruction sent loan_id=LN993571125 amount_dkk=6125.51
2026-03-03T02:21:45.206+01:00 INFO ledger-service host=ledger-service-5b8f6c-p9qmz corrId=c-3053feaf61b58be4 ledger posting accepted loan_id=LN993571125 amount_dkk=6125.51 posting_id=PST-b1a32eec8a
2026-03-03T02:21:45.261+01:00 INFO payment-service host=payment-service-5b8f6c-p9qmz corrId=c-3053feaf61b58be4 payment settled loan_id=LN993571125 amount_dkk=6125.51
2026-03-03T02:21:45.328+01:00 INFO notification-service host=notification-service-a41e92-t6zvn corrId=c-3053feaf61b58be4 payment receipt sent loan_id=LN993571125 channel=DIGITAL_POST
2026-03-03T02:21:54.596+01:00 INFO payment-scheduler host=payment-scheduler-5b8f6c-t6zvn corrId=c-14012ced9417d453 instalment collection started loan_id=LN834775741 due_date=2026-03-14
2026-03-03T02:21:54.724+01:00 INFO payment-service host=payment-service-a41e92-x2k4p corrId=c-14012ced9417d453 direct debit mandate verified loan_id=LN834775741 mandate_id=MD8721500
2026-03-03T02:21:54.843+01:00 INFO payment-service host=payment-service-7c9d5b-t6zvn corrId=c-14012ced9417d453 payment instruction sent loan_id=LN834775741 amount_dkk=12580.53
2026-03-03T02:21:54.862+01:00 INFO ledger-service host=ledger-service-5b8f6c-t6zvn corrId=c-14012ced9417d453 ledger posting accepted loan_id=LN834775741 amount_dkk=12580.53 posting_id=PST-60037e918d
2026-03-03T02:21:55.000+01:00 INFO payment-service host=payment-service-5b8f6c-x2k4p corrId=c-14012ced9417d453 payment settled loan_id=LN834775741 amount_dkk=12580.53
2026-03-03T02:21:55.073+01:00 INFO notification-service host=notification-service-5b8f6c-x2k4p corrId=c-14012ced9417d453 payment receipt sent loan_id=LN834775741 channel=DIGITAL_POST
2026-03-03T02:22:26.805+01:00 INFO payment-scheduler host=payment-scheduler-5b8f6c-t6zvn corrId=c-6f0fa052f966f0ca instalment collection started loan_id=LN926754494 due_date=2026-03-20
2026-03-03T02:22:26.873+01:00 INFO payment-service host=payment-service-5b8f6c-t6zvn corrId=c-6f0fa052f966f0ca direct debit mandate verified loan_id=LN926754494 mandate_id=MD8176179
2026-03-03T02:22:26.975+01:00 INFO payment-service host=payment-service-5b8f6c-t6zvn corrId=c-6f0fa052f966f0ca payment instruction sent loan_id=LN926754494 amount_dkk=5871.73
2026-03-03T02:22:27.005+01:00 INFO ledger-service host=ledger-service-a41e92-p9qmz corrId=c-6f0fa052f966f0ca ledger posting accepted loan_id=LN926754494 amount_dkk=5871.73 posting_id=PST-5a84fcc42e
2026-03-03T02:22:27.025+01:00 INFO payment-service host=payment-service-7c9d5b-x2k4p corrId=c-6f0fa052f966f0ca payment settled loan_id=LN926754494 amount_dkk=5871.73
2026-03-03T02:22:27.135+01:00 INFO notification-service host=notification-service-7c9d5b-x2k4p corrId=c-6f0fa052f966f0ca payment receipt sent loan_id=LN926754494 channel=DIGITAL_POST
2026-03-03T02:22:53.697+01:00 INFO payment-scheduler host=payment-scheduler-7c9d5b-t6zvn corrId=c-11e00a044602ce5d instalment collection started loan_id=LN679908894 due_date=2026-03-17
2026-03-03T02:22:53.702+01:00 INFO payment-service host=payment-service-5b8f6c-t6zvn corrId=c-11e00a044602ce5d direct debit mandate verified loan_id=LN679908894 mandate_id=MD8495264
2026-03-03T02:22:53.767+01:00 INFO payment-service host=payment-service-a41e92-p9qmz corrId=c-11e00a044602ce5d payment instruction sent loan_id=LN679908894 amount_dkk=10345.11
2026-03-03T02:22:53.882+01:00 INFO ledger-service host=ledger-service-7c9d5b-x2k4p corrId=c-11e00a044602ce5d ledger posting accepted loan_id=LN679908894 amount_dkk=10345.11 posting_id=PST-9400ffe712
2026-03-03T02:22:53.924+01:00 INFO payment-service host=payment-service-7c9d5b-x2k4p corrId=c-11e00a044602ce5d payment settled loan_id=LN679908894 amount_dkk=10345.11
2026-03-03T02:22:53.942+01:00 INFO notification-service host=notification-service-5b8f6c-p9qmz corrId=c-11e00a044602ce5d payment receipt sent loan_id=LN679908894 channel=DIGITAL_POST
2026-03-03T02:23:02.673+01:00 INFO payment-scheduler host=payment-scheduler-7c9d5b-x2k4p corrId=c-d89def05a00c8422 instalment collection started loan_id=LN308464910 due_date=2026-03-08
2026-03-03T02:23:02.786+01:00 INFO payment-service host=payment-service-5b8f6c-x2k4p corrId=c-d89def05a00c8422 direct debit mandate verified loan_id=LN308464910 mandate_id=MD6419044
2026-03-03T02:23:02.830+01:00 INFO payment-service host=payment-service-7c9d5b-p9qmz corrId=c-d89def05a00c8422 payment instruction sent loan_id=LN308464910 amount_dkk=12603.40
2026-03-03T02:23:02.945+01:00 INFO ledger-service host=ledger-service-5b8f6c-x2k4p corrId=c-d89def05a00c8422 ledger posting accepted loan_id=LN308464910 amount_dkk=12603.40 posting_id=PST-ab865c7b5c
2026-03-03T02:23:02.981+01:00 INFO payment-service host=payment-service-a41e92-t6zvn corrId=c-d89def05a00c8422 payment settled loan_id=LN308464910 amount_dkk=12603.40
2026-03-03T02:23:03.071+01:00 INFO notification-service host=notification-service-7c9d5b-p9qmz corrId=c-d89def05a00c8422 payment receipt sent loan_id=LN308464910 channel=EMAIL
2026-03-03T02:23:07.061+01:00 INFO payment-scheduler host=payment-scheduler-5b8f6c-x2k4p corrId=c-601f424afedace45 instalment collection started loan_id=LN851586464 due_date=2026-03-26
2026-03-03T02:23:07.145+01:00 INFO payment-service host=payment-service-7c9d5b-x2k4p corrId=c-601f424afedace45 direct debit mandate verified loan_id=LN851586464 mandate_id=MD8803543
2026-03-03T02:23:07.179+01:00 INFO payment-service host=payment-service-a41e92-t6zvn corrId=c-601f424afedace45 payment instruction sent loan_id=LN851586464 amount_dkk=16350.46
2026-03-03T02:23:07.277+01:00 INFO ledger-service host=ledger-service-5b8f6c-p9qmz corrId=c-601f424afedace45 ledger posting accepted loan_id=LN851586464 amount_dkk=16350.46 posting_id=PST-9940a190a3
2026-03-03T02:23:07.383+01:00 INFO payment-service host=payment-service-7c9d5b-x2k4p corrId=c-601f424afedace45 payment settled loan_id=LN851586464 amount_dkk=16350.46
2026-03-03T02:23:07.519+01:00 INFO notification-service host=notification-service-5b8f6c-p9qmz corrId=c-601f424afedace45 payment receipt sent loan_id=LN851586464 channel=EMAIL
2026-03-03T02:23:09.083+01:00 INFO payment-scheduler host=payment-scheduler-5b8f6c-x2k4p corrId=c-4e986d2e61479dca instalment collection started loan_id=LN911756092 due_date=2026-03-07
2026-03-03T02:23:09.134+01:00 INFO payment-service host=payment-service-a41e92-t6zvn corrId=c-4e986d2e61479dca direct debit mandate verified loan_id=LN911756092 mandate_id=MD6544640
2026-03-03T02:23:09.183+01:00 INFO payment-service host=payment-service-5b8f6c-t6zvn corrId=c-4e986d2e61479dca payment instruction sent loan_id=LN911756092 amount_dkk=17297.17
2026-03-03T02:23:09.301+01:00 INFO ledger-service host=ledger-service-7c9d5b-t6zvn corrId=c-4e986d2e61479dca ledger posting accepted loan_id=LN911756092 amount_dkk=17297.17 posting_id=PST-5f9a867a3c
2026-03-03T02:23:09.414+01:00 INFO payment-service host=payment-service-5b8f6c-p9qmz corrId=c-4e986d2e61479dca payment settled loan_id=LN911756092 amount_dkk=17297.17
2026-03-03T02:23:09.422+01:00 INFO notification-service host=notification-service-7c9d5b-x2k4p corrId=c-4e986d2e61479dca payment receipt sent loan_id=LN911756092 channel=DIGITAL_POST
2026-03-03T02:23:33.441+01:00 INFO payment-scheduler host=payment-scheduler-a41e92-p9qmz corrId=c-5e75cd001ce6b3ec instalment collection started loan_id=LN075327459 due_date=2026-03-03
2026-03-03T02:23:33.540+01:00 INFO payment-service host=payment-service-a41e92-p9qmz corrId=c-5e75cd001ce6b3ec direct debit mandate verified loan_id=LN075327459 mandate_id=MD3747247
2026-03-03T02:23:33.554+01:00 INFO payment-service host=payment-service-5b8f6c-x2k4p corrId=c-5e75cd001ce6b3ec payment instruction sent loan_id=LN075327459 amount_dkk=3000.92
2026-03-03T02:23:33.659+01:00 INFO ledger-service host=ledger-service-a41e92-p9qmz corrId=c-5e75cd001ce6b3ec ledger posting accepted loan_id=LN075327459 amount_dkk=3000.92 posting_id=PST-a5ce3a66db
2026-03-03T02:23:33.723+01:00 INFO payment-service host=payment-service-a41e92-x2k4p corrId=c-5e75cd001ce6b3ec payment settled loan_id=LN075327459 amount_dkk=3000.92
2026-03-03T02:23:33.777+01:00 INFO notification-service host=notification-service-a41e92-p9qmz corrId=c-5e75cd001ce6b3ec payment receipt sent loan_id=LN075327459 channel=DIGITAL_POST
2026-03-03T02:23:37.659+01:00 INFO payment-scheduler host=payment-scheduler-5b8f6c-x2k4p corrId=c-be3afc8fa5c2f881 instalment collection started loan_id=LN373889678 due_date=2026-03-05
2026-03-03T02:23:37.789+01:00 INFO payment-service host=payment-service-7c9d5b-x2k4p corrId=c-be3afc8fa5c2f881 direct debit mandate verified loan_id=LN373889678 mandate_id=MD5644666
2026-03-03T02:23:37.862+01:00 INFO payment-service host=payment-service-5b8f6c-p9qmz corrId=c-be3afc8fa5c2f881 payment instruction sent loan_id=LN373889678 amount_dkk=11524.15
2026-03-03T02:23:37.944+01:00 INFO ledger-service host=ledger-service-a41e92-t6zvn corrId=c-be3afc8fa5c2f881 ledger posting accepted loan_id=LN373889678 amount_dkk=11524.15 posting_id=PST-e96c6d8cc6
2026-03-03T02:23:37.993+01:00 INFO payment-service host=payment-service-5b8f6c-p9qmz corrId=c-be3afc8fa5c2f881 payment settled loan_id=LN373889678 amount_dkk=11524.15
2026-03-03T02:23:38.015+01:00 INFO notification-service host=notification-service-5b8f6c-x2k4p corrId=c-be3afc8fa5c2f881 payment receipt sent loan_id=LN373889678 channel=DIGITAL_POST
2026-03-03T02:23:43.050+01:00 INFO payment-scheduler host=payment-scheduler-5b8f6c-p9qmz corrId=c-1da627853e41e03e instalment collection started loan_id=LN673222300 due_date=2026-03-17
2026-03-03T02:23:43.112+01:00 INFO payment-service host=payment-service-7c9d5b-p9qmz corrId=c-1da627853e41e03e direct debit mandate verified loan_id=LN673222300 mandate_id=MD7977631
2026-03-03T02:23:43.242+01:00 INFO payment-service host=payment-service-a41e92-p9qmz corrId=c-1da627853e41e03e payment instruction sent loan_id=LN673222300 amount_dkk=5076.08
2026-03-03T02:23:43.373+01:00 INFO ledger-service host=ledger-service-a41e92-x2k4p corrId=c-1da627853e41e03e ledger posting accepted loan_id=LN673222300 amount_dkk=5076.08 posting_id=PST-5875441391
2026-03-03T02:23:43.446+01:00 INFO payment-service host=payment-service-5b8f6c-t6zvn corrId=c-1da627853e41e03e payment settled loan_id=LN673222300 amount_dkk=5076.08
2026-03-03T02:23:43.489+01:00 INFO notification-service host=notification-service-7c9d5b-x2k4p corrId=c-1da627853e41e03e payment receipt sent loan_id=LN673222300 channel=DIGITAL_POST
2026-03-03T02:23:51.872+01:00 INFO payment-scheduler host=payment-scheduler-a41e92-x2k4p corrId=c-615ad1460852e703 instalment collection started loan_id=LN139693781 due_date=2026-03-05
2026-03-03T02:23:51.937+01:00 INFO payment-service host=payment-service-7c9d5b-t6zvn corrId=c-615ad1460852e703 direct debit mandate verified loan_id=LN139693781 mandate_id=MD1979082
2026-03-03T02:23:52.064+01:00 INFO payment-service host=payment-service-a41e92-p9qmz corrId=c-615ad1460852e703 payment instruction sent loan_id=LN139693781 amount_dkk=5636.79
2026-03-03T02:23:52.172+01:00 INFO ledger-service host=ledger-service-7c9d5b-x2k4p corrId=c-615ad1460852e703 ledger posting accepted loan_id=LN139693781 amount_dkk=5636.79 posting_id=PST-9034173ad6
2026-03-03T02:23:52.237+01:00 INFO payment-service host=payment-service-a41e92-p9qmz corrId=c-615ad1460852e703 payment settled loan_id=LN139693781 amount_dkk=5636.79
2026-03-03T02:23:52.371+01:00 INFO notification-service host=notification-service-5b8f6c-x2k4p corrId=c-615ad1460852e703 payment receipt sent loan_id=LN139693781 channel=DIGITAL_POST
2026-03-03T02:24:11.319+01:00 INFO payment-scheduler host=payment-scheduler-a41e92-t6zvn corrId=c-91f3b5f23da8a9e5 instalment collection started loan_id=LN781773513 due_date=2026-03-11
2026-03-03T02:24:11.418+01:00 INFO payment-service host=payment-service-5b8f6c-x2k4p corrId=c-91f3b5f23da8a9e5 direct debit mandate verified loan_id=LN781773513 mandate_id=MD4471463
2026-03-03T02:24:11.467+01:00 INFO payment-service host=payment-service-a41e92-t6zvn corrId=c-91f3b5f23da8a9e5 payment instruction sent loan_id=LN781773513 amount_dkk=9760.83
2026-03-03T02:24:11.486+01:00 INFO ledger-service host=ledger-service-a41e92-t6zvn corrId=c-91f3b5f23da8a9e5 ledger posting accepted loan_id=LN781773513 amount_dkk=9760.83 posting_id=PST-b076a0b816
2026-03-03T02:24:11.619+01:00 INFO payment-service host=payment-service-5b8f6c-t6zvn corrId=c-91f3b5f23da8a9e5 payment settled loan_id=LN781773513 amount_dkk=9760.83
2026-03-03T02:24:11.752+01:00 INFO notification-service host=notification-service-a41e92-t6zvn corrId=c-91f3b5f23da8a9e5 payment receipt sent loan_id=LN781773513 channel=DIGITAL_POST
2026-03-03T02:25:00.394+01:00 INFO api-gateway host=api-gateway-7c9d5b-x2k4p corrId=- health probe ok status=200 latency_ms=14
2026-03-03T02:25:20.818+01:00 INFO payment-scheduler host=payment-scheduler-a41e92-x2k4p corrId=c-120e3407901633e6 instalment collection started loan_id=LN971205275 due_date=2026-03-28
2026-03-03T02:25:20.831+01:00 INFO payment-service host=payment-service-5b8f6c-p9qmz corrId=c-120e3407901633e6 direct debit mandate verified loan_id=LN971205275 mandate_id=MD3998144
2026-03-03T02:25:20.958+01:00 INFO payment-service host=payment-service-5b8f6c-t6zvn corrId=c-120e3407901633e6 payment instruction sent loan_id=LN971205275 amount_dkk=9715.41
2026-03-03T02:25:21.052+01:00 INFO ledger-service host=ledger-service-5b8f6c-x2k4p corrId=c-120e3407901633e6 ledger posting accepted loan_id=LN971205275 amount_dkk=9715.41 posting_id=PST-94fbe8b5bb
2026-03-03T02:25:21.190+01:00 INFO payment-service host=payment-service-5b8f6c-x2k4p corrId=c-120e3407901633e6 payment settled loan_id=LN971205275 amount_dkk=9715.41
2026-03-03T02:25:21.259+01:00 INFO notification-service host=notification-service-a41e92-t6zvn corrId=c-120e3407901633e6 payment receipt sent loan_id=LN971205275 channel=EMAIL
2026-03-03T02:25:24.740+01:00 INFO payment-scheduler host=payment-scheduler-7c9d5b-t6zvn corrId=c-6e00338841596b3d instalment collection started loan_id=LN092748562 due_date=2026-03-08
2026-03-03T02:25:24.823+01:00 INFO payment-service host=payment-service-7c9d5b-t6zvn corrId=c-6e00338841596b3d direct debit mandate verified loan_id=LN092748562 mandate_id=MD4979885
2026-03-03T02:25:24.864+01:00 INFO payment-service host=payment-service-5b8f6c-p9qmz corrId=c-6e00338841596b3d payment instruction sent loan_id=LN092748562 amount_dkk=10310.49
2026-03-03T02:25:24.950+01:00 INFO ledger-service host=ledger-service-a41e92-p9qmz corrId=c-6e00338841596b3d ledger posting accepted loan_id=LN092748562 amount_dkk=10310.49 posting_id=PST-eb6fa33d06
2026-03-03T02:25:25.031+01:00 INFO payment-service host=payment-service-7c9d5b-x2k4p corrId=c-6e00338841596b3d payment settled loan_id=LN092748562 amount_dkk=10310.49
2026-03-03T02:25:25.131+01:00 INFO notification-service host=notification-service-7c9d5b-p9qmz corrId=c-6e00338841596b3d payment receipt sent loan_id=LN092748562 channel=DIGITAL_POST
2026-03-03T02:26:40.945+01:00 INFO payment-scheduler host=payment-scheduler-5b8f6c-x2k4p corrId=c-c990940b46685b2a instalment collection started loan_id=LN705874180 due_date=2026-03-19
2026-03-03T02:26:40.953+01:00 INFO payment-service host=payment-service-a41e92-t6zvn corrId=c-c990940b46685b2a direct debit mandate verified loan_id=LN705874180 mandate_id=MD1958829
2026-03-03T02:26:41.082+01:00 INFO payment-service host=payment-service-a41e92-x2k4p corrId=c-c990940b46685b2a payment instruction sent loan_id=LN705874180 amount_dkk=8641.84
2026-03-03T02:26:41.217+01:00 INFO ledger-service host=ledger-service-a41e92-p9qmz corrId=c-c990940b46685b2a ledger posting accepted loan_id=LN705874180 amount_dkk=8641.84 posting_id=PST-2ba319ab48
2026-03-03T02:26:41.319+01:00 INFO payment-service host=payment-service-5b8f6c-t6zvn corrId=c-c990940b46685b2a payment settled loan_id=LN705874180 amount_dkk=8641.84
2026-03-03T02:26:41.433+01:00 INFO notification-service host=notification-service-5b8f6c-t6zvn corrId=c-c990940b46685b2a payment receipt sent loan_id=LN705874180 channel=DIGITAL_POST
2026-03-03T02:26:50.350+01:00 INFO payment-scheduler host=payment-scheduler-a41e92-x2k4p corrId=c-be823ee8bda4e726 instalment collection started loan_id=LN215441539 due_date=2026-03-18
2026-03-03T02:26:50.473+01:00 INFO payment-service host=payment-service-7c9d5b-p9qmz corrId=c-be823ee8bda4e726 direct debit mandate verified loan_id=LN215441539 mandate_id=MD8811484
2026-03-03T02:26:50.609+01:00 INFO payment-service host=payment-service-5b8f6c-p9qmz corrId=c-be823ee8bda4e726 payment instruction sent loan_id=LN215441539 amount_dkk=12484.59
2026-03-03T02:26:50.624+01:00 INFO ledger-service host=ledger-service-a41e92-x2k4p corrId=c-be823ee8bda4e726 ledger posting accepted loan_id=LN215441539 amount_dkk=12484.59 posting_id=PST-205ca23aee
2026-03-03T02:26:50.641+01:00 INFO payment-service host=payment-service-5b8f6c-p9qmz corrId=c-be823ee8bda4e726 payment settled loan_id=LN215441539 amount_dkk=12484.59
2026-03-03T02:26:50.748+01:00 INFO notification-service host=notification-service-7c9d5b-p9qmz corrId=c-be823ee8bda4e726 payment receipt sent loan_id=LN215441539 channel=DIGITAL_POST
2026-03-03T02:26:51.727+01:00 INFO payment-scheduler host=payment-scheduler-a41e92-t6zvn corrId=c-babc7438dc576bbb instalment collection started loan_id=LN544946771 due_date=2026-03-01
2026-03-03T02:26:51.820+01:00 INFO payment-service host=payment-service-a41e92-x2k4p corrId=c-babc7438dc576bbb direct debit mandate verified loan_id=LN544946771 mandate_id=MD2099428
2026-03-03T02:26:51.867+01:00 INFO payment-service host=payment-service-a41e92-p9qmz corrId=c-babc7438dc576bbb payment instruction sent loan_id=LN544946771 amount_dkk=9800.87
2026-03-03T02:26:51.955+01:00 INFO ledger-service host=ledger-service-5b8f6c-t6zvn corrId=c-babc7438dc576bbb ledger posting accepted loan_id=LN544946771 amount_dkk=9800.87 posting_id=PST-68cb6ea1b3
2026-03-03T02:26:52.094+01:00 INFO payment-service host=payment-service-5b8f6c-x2k4p corrId=c-babc7438dc576bbb payment settled loan_id=LN544946771 amount_dkk=9800.87
2026-03-03T02:26:52.221+01:00 INFO notification-service host=notification-service-7c9d5b-x2k4p corrId=c-babc7438dc576bbb payment receipt sent loan_id=LN544946771 channel=DIGITAL_POST
2026-03-03T02:27:08.544+01:00 INFO payment-scheduler host=payment-scheduler-5b8f6c-p9qmz corrId=c-0e86a922550ac229 instalment collection started loan_id=LN848802629 due_date=2026-03-12
2026-03-03T02:27:08.589+01:00 INFO payment-service host=payment-service-a41e92-p9qmz corrId=c-0e86a922550ac229 direct debit mandate verified loan_id=LN848802629 mandate_id=MD4037676
2026-03-03T02:27:08.609+01:00 INFO payment-service host=payment-service-a41e92-x2k4p corrId=c-0e86a922550ac229 payment instruction sent loan_id=LN848802629 amount_dkk=7135.33
2026-03-03T02:27:08.658+01:00 INFO ledger-service host=ledger-service-5b8f6c-t6zvn corrId=c-0e86a922550ac229 ledger posting accepted loan_id=LN848802629 amount_dkk=7135.33 posting_id=PST-4afbf0ce6b
2026-03-03T02:27:08.741+01:00 INFO payment-service host=payment-service-7c9d5b-x2k4p corrId=c-0e86a922550ac229 payment settled loan_id=LN848802629 amount_dkk=7135.33
2026-03-03T02:27:08.850+01:00 INFO notification-service host=notification-service-7c9d5b-t6zvn corrId=c-0e86a922550ac229 payment receipt sent loan_id=LN848802629 channel=DIGITAL_POST
2026-03-03T02:27:44.864+01:00 INFO payment-scheduler host=payment-scheduler-5b8f6c-x2k4p corrId=c-4175b1c3239a670b instalment collection started loan_id=LN291291488 due_date=2026-03-22
2026-03-03T02:27:44.969+01:00 INFO payment-service host=payment-service-5b8f6c-t6zvn corrId=c-4175b1c3239a670b direct debit mandate verified loan_id=LN291291488 mandate_id=MD3196184
2026-03-03T02:27:44.974+01:00 INFO payment-service host=payment-service-5b8f6c-t6zvn corrId=c-4175b1c3239a670b payment instruction sent loan_id=LN291291488 amount_dkk=5260.77
2026-03-03T02:27:45.098+01:00 INFO ledger-service host=ledger-service-7c9d5b-x2k4p corrId=c-4175b1c3239a670b ledger posting accepted loan_id=LN291291488 amount_dkk=5260.77 posting_id=PST-ecfef3d21e
2026-03-03T02:27:45.168+01:00 INFO payment-service host=payment-service-a41e92-x2k4p corrId=c-4175b1c3239a670b payment settled loan_id=LN291291488 amount_dkk=5260.77
2026-03-03T02:27:45.243+01:00 INFO notification-service host=notification-service-7c9d5b-x2k4p corrId=c-4175b1c3239a670b payment receipt sent loan_id=LN291291488 channel=DIGITAL_POST
2026-03-03T02:27:52.333+01:00 INFO payment-scheduler host=payment-scheduler-5b8f6c-x2k4p corrId=c-95557720de67e86e instalment collection started loan_id=LN601203241 due_date=2026-03-28
2026-03-03T02:27:52.394+01:00 INFO payment-service host=payment-service-5b8f6c-p9qmz corrId=c-95557720de67e86e direct debit mandate verified loan_id=LN601203241 mandate_id=MD5570563
2026-03-03T02:27:52.418+01:00 INFO payment-service host=payment-service-5b8f6c-t6zvn corrId=c-95557720de67e86e payment instruction sent loan_id=LN601203241 amount_dkk=3375.47
2026-03-03T02:27:52.478+01:00 INFO ledger-service host=ledger-service-7c9d5b-t6zvn corrId=c-95557720de67e86e ledger posting accepted loan_id=LN601203241 amount_dkk=3375.47 posting_id=PST-f9caee2065
2026-03-03T02:27:52.483+01:00 INFO payment-service host=payment-service-a41e92-p9qmz corrId=c-95557720de67e86e payment settled loan_id=LN601203241 amount_dkk=3375.47
2026-03-03T02:27:52.597+01:00 INFO notification-service host=notification-service-7c9d5b-x2k4p corrId=c-95557720de67e86e payment receipt sent loan_id=LN601203241 channel=EMAIL
2026-03-03T02:28:08.325+01:00 INFO payment-scheduler host=payment-scheduler-a41e92-t6zvn corrId=c-35ee09f99367c656 instalment collection started loan_id=LN398170828 due_date=2026-03-14
2026-03-03T02:28:08.393+01:00 INFO payment-service host=payment-service-5b8f6c-t6zvn corrId=c-35ee09f99367c656 direct debit mandate verified loan_id=LN398170828 mandate_id=MD5069719
2026-03-03T02:28:08.426+01:00 INFO payment-service host=payment-service-7c9d5b-t6zvn corrId=c-35ee09f99367c656 payment instruction sent loan_id=LN398170828 amount_dkk=4919.08
2026-03-03T02:28:08.497+01:00 INFO ledger-service host=ledger-service-a41e92-t6zvn corrId=c-35ee09f99367c656 ledger posting accepted loan_id=LN398170828 amount_dkk=4919.08 posting_id=PST-2b820205dd
2026-03-03T02:28:08.503+01:00 INFO payment-service host=payment-service-a41e92-t6zvn corrId=c-35ee09f99367c656 payment settled loan_id=LN398170828 amount_dkk=4919.08
2026-03-03T02:28:08.621+01:00 INFO notification-service host=notification-service-7c9d5b-p9qmz corrId=c-35ee09f99367c656 payment receipt sent loan_id=LN398170828 channel=EMAIL
2026-03-03T02:28:40.705+01:00 INFO payment-scheduler host=payment-scheduler-7c9d5b-t6zvn corrId=c-d08e55b79cb5f833 instalment collection started loan_id=LN202446725 due_date=2026-03-07
2026-03-03T02:28:40.778+01:00 INFO payment-service host=payment-service-a41e92-p9qmz corrId=c-d08e55b79cb5f833 direct debit mandate verified loan_id=LN202446725 mandate_id=MD5266401
2026-03-03T02:28:40.858+01:00 INFO payment-service host=payment-service-7c9d5b-t6zvn corrId=c-d08e55b79cb5f833 payment instruction sent loan_id=LN202446725 amount_dkk=10667.55
2026-03-03T02:28:40.991+01:00 INFO ledger-service host=ledger-service-7c9d5b-p9qmz corrId=c-d08e55b79cb5f833 ledger posting accepted loan_id=LN202446725 amount_dkk=10667.55 posting_id=PST-fa5ad06e43
2026-03-03T02:28:41.108+01:00 INFO payment-service host=payment-service-7c9d5b-p9qmz corrId=c-d08e55b79cb5f833 payment settled loan_id=LN202446725 amount_dkk=10667.55
2026-03-03T02:28:41.215+01:00 INFO notification-service host=notification-service-a41e92-t6zvn corrId=c-d08e55b79cb5f833 payment receipt sent loan_id=LN202446725 channel=DIGITAL_POST
2026-03-03T02:28:52.023+01:00 INFO payment-scheduler host=payment-scheduler-5b8f6c-t6zvn corrId=c-f1041708c1face07 instalment collection started loan_id=LN418835028 due_date=2026-03-01
2026-03-03T02:28:52.034+01:00 INFO payment-service host=payment-service-a41e92-p9qmz corrId=c-f1041708c1face07 direct debit mandate verified loan_id=LN418835028 mandate_id=MD5119470
2026-03-03T02:28:52.066+01:00 INFO payment-service host=payment-service-5b8f6c-p9qmz corrId=c-f1041708c1face07 payment instruction sent loan_id=LN418835028 amount_dkk=5605.93
2026-03-03T02:28:52.183+01:00 INFO ledger-service host=ledger-service-a41e92-p9qmz corrId=c-f1041708c1face07 ledger posting accepted loan_id=LN418835028 amount_dkk=5605.93 posting_id=PST-5e6e609837
2026-03-03T02:28:52.246+01:00 INFO payment-service host=payment-service-5b8f6c-p9qmz corrId=c-f1041708c1face07 payment settled loan_id=LN418835028 amount_dkk=5605.93
2026-03-03T02:28:52.335+01:00 INFO notification-service host=notification-service-5b8f6c-x2k4p corrId=c-f1041708c1face07 payment receipt sent loan_id=LN418835028 channel=DIGITAL_POST
2026-03-03T02:28:58.255+01:00 INFO payment-scheduler host=payment-scheduler-7c9d5b-t6zvn corrId=c-ad7567c5dffe8948 instalment collection started loan_id=LN486282411 due_date=2026-03-22
2026-03-03T02:28:58.286+01:00 INFO payment-service host=payment-service-7c9d5b-x2k4p corrId=c-ad7567c5dffe8948 direct debit mandate verified loan_id=LN486282411 mandate_id=MD6942048
2026-03-03T02:28:58.419+01:00 INFO payment-service host=payment-service-5b8f6c-x2k4p corrId=c-ad7567c5dffe8948 payment instruction sent loan_id=LN486282411 amount_dkk=16425.65
2026-03-03T02:28:58.452+01:00 INFO ledger-service host=ledger-service-5b8f6c-p9qmz corrId=c-ad7567c5dffe8948 ledger posting accepted loan_id=LN486282411 amount_dkk=16425.65 posting_id=PST-65d6ae7ab0
2026-03-03T02:28:58.521+01:00 INFO payment-service host=payment-service-5b8f6c-p9qmz corrId=c-ad7567c5dffe8948 payment settled loan_id=LN486282411 amount_dkk=16425.65
2026-03-03T02:28:58.622+01:00 INFO notification-service host=notification-service-a41e92-p9qmz corrId=c-ad7567c5dffe8948 payment receipt sent loan_id=LN486282411 channel=DIGITAL_POST
2026-03-03T02:29:17.008+01:00 INFO payment-scheduler host=payment-scheduler-a41e92-t6zvn corrId=c-0ee87c2d4622630e instalment collection started loan_id=LN932165023 due_date=2026-03-11
2026-03-03T02:29:17.103+01:00 INFO payment-service host=payment-service-7c9d5b-x2k4p corrId=c-0ee87c2d4622630e direct debit mandate verified loan_id=LN932165023 mandate_id=MD6324704
2026-03-03T02:29:17.189+01:00 INFO payment-service host=payment-service-5b8f6c-x2k4p corrId=c-0ee87c2d4622630e payment instruction sent loan_id=LN932165023 amount_dkk=10342.33
2026-03-03T02:29:17.268+01:00 INFO ledger-service host=ledger-service-5b8f6c-t6zvn corrId=c-0ee87c2d4622630e ledger posting accepted loan_id=LN932165023 amount_dkk=10342.33 posting_id=PST-65ddbb0c1d
2026-03-03T02:29:17.295+01:00 INFO payment-service host=payment-service-5b8f6c-t6zvn corrId=c-0ee87c2d4622630e payment settled loan_id=LN932165023 amount_dkk=10342.33
2026-03-03T02:29:17.303+01:00 INFO notification-service host=notification-service-5b8f6c-x2k4p corrId=c-0ee87c2d4622630e payment receipt sent loan_id=LN932165023 channel=DIGITAL_POST
2026-03-03T02:29:40.251+01:00 INFO payment-scheduler host=payment-scheduler-7c9d5b-t6zvn corrId=c-d67ded0c18d08d51 instalment collection started loan_id=LN683396346 due_date=2026-03-24
2026-03-03T02:29:40.339+01:00 INFO payment-service host=payment-service-a41e92-p9qmz corrId=c-d67ded0c18d08d51 direct debit mandate verified loan_id=LN683396346 mandate_id=MD7457170
2026-03-03T02:29:40.360+01:00 INFO payment-service host=payment-service-5b8f6c-p9qmz corrId=c-d67ded0c18d08d51 payment instruction sent loan_id=LN683396346 amount_dkk=17329.87
2026-03-03T02:29:40.391+01:00 INFO ledger-service host=ledger-service-5b8f6c-t6zvn corrId=c-d67ded0c18d08d51 ledger posting accepted loan_id=LN683396346 amount_dkk=17329.87 posting_id=PST-98d7f05d74
2026-03-03T02:29:40.454+01:00 INFO payment-service host=payment-service-7c9d5b-p9qmz corrId=c-d67ded0c18d08d51 payment settled loan_id=LN683396346 amount_dkk=17329.87
2026-03-03T02:29:40.493+01:00 INFO notification-service host=notification-service-a41e92-p9qmz corrId=c-d67ded0c18d08d51 payment receipt sent loan_id=LN683396346 channel=EMAIL
2026-03-03T02:30:00.433+01:00 INFO payment-scheduler host=payment-scheduler-7c9d5b-t6zvn corrId=- scheduler heartbeat lag_ms=120
2026-03-03T02:30:00.624+01:00 INFO api-gateway host=api-gateway-a41e92-x2k4p corrId=- health probe ok status=200 latency_ms=18
2026-03-03T02:30:11.727+01:00 INFO payment-scheduler host=payment-scheduler-a41e92-x2k4p corrId=c-7279feaf1f6c2095 instalment collection started loan_id=LN951519597 due_date=2026-03-15
2026-03-03T02:30:11.742+01:00 INFO payment-service host=payment-service-a41e92-p9qmz corrId=c-7279feaf1f6c2095 direct debit mandate verified loan_id=LN951519597 mandate_id=MD9062269
2026-03-03T02:30:11.780+01:00 INFO payment-service host=payment-service-5b8f6c-p9qmz corrId=c-7279feaf1f6c2095 payment instruction sent loan_id=LN951519597 amount_dkk=3336.23
2026-03-03T02:30:11.864+01:00 INFO ledger-service host=ledger-service-5b8f6c-p9qmz corrId=c-7279feaf1f6c2095 ledger posting accepted loan_id=LN951519597 amount_dkk=3336.23 posting_id=PST-7000b6b7fc
2026-03-03T02:30:11.954+01:00 INFO payment-service host=payment-service-a41e92-x2k4p corrId=c-7279feaf1f6c2095 payment settled loan_id=LN951519597 amount_dkk=3336.23
2026-03-03T02:30:12.000+01:00 INFO notification-service host=notification-service-5b8f6c-p9qmz corrId=c-7279feaf1f6c2095 payment receipt sent loan_id=LN951519597 channel=DIGITAL_POST
2026-03-03T02:31:03.580+01:00 INFO payment-scheduler host=payment-scheduler-5b8f6c-x2k4p corrId=c-771aecd9e55a3806 instalment collection started loan_id=LN792152409 due_date=2026-03-14
2026-03-03T02:31:03.697+01:00 INFO payment-service host=payment-service-7c9d5b-p9qmz corrId=c-771aecd9e55a3806 direct debit mandate verified loan_id=LN792152409 mandate_id=MD8324992
2026-03-03T02:31:03.826+01:00 INFO payment-service host=payment-service-7c9d5b-p9qmz corrId=c-771aecd9e55a3806 payment instruction sent loan_id=LN792152409 amount_dkk=2894.66
2026-03-03T02:31:03.909+01:00 INFO ledger-service host=ledger-service-5b8f6c-p9qmz corrId=c-771aecd9e55a3806 ledger posting accepted loan_id=LN792152409 amount_dkk=2894.66 posting_id=PST-8ff98e0585
2026-03-03T02:31:04.024+01:00 INFO payment-service host=payment-service-a41e92-p9qmz corrId=c-771aecd9e55a3806 payment settled loan_id=LN792152409 amount_dkk=2894.66
2026-03-03T02:31:04.078+01:00 INFO notification-service host=notification-service-a41e92-p9qmz corrId=c-771aecd9e55a3806 payment receipt sent loan_id=LN792152409 channel=EMAIL
2026-03-03T02:31:52.981+01:00 INFO payment-scheduler host=payment-scheduler-5b8f6c-p9qmz corrId=c-f204fc0d6ea79de6 instalment collection started loan_id=LN015500529 due_date=2026-03-23
2026-03-03T02:31:53.019+01:00 INFO payment-service host=payment-service-5b8f6c-p9qmz corrId=c-f204fc0d6ea79de6 direct debit mandate verified loan_id=LN015500529 mandate_id=MD3388850
2026-03-03T02:31:53.047+01:00 INFO payment-service host=payment-service-7c9d5b-t6zvn corrId=c-f204fc0d6ea79de6 payment instruction sent loan_id=LN015500529 amount_dkk=16600.43
2026-03-03T02:31:53.136+01:00 INFO ledger-service host=ledger-service-a41e92-t6zvn corrId=c-f204fc0d6ea79de6 ledger posting accepted loan_id=LN015500529 amount_dkk=16600.43 posting_id=PST-91c36d426a
2026-03-03T02:31:53.217+01:00 INFO payment-service host=payment-service-7c9d5b-x2k4p corrId=c-f204fc0d6ea79de6 payment settled loan_id=LN015500529 amount_dkk=16600.43
2026-03-03T02:31:53.325+01:00 INFO notification-service host=notification-service-7c9d5b-x2k4p corrId=c-f204fc0d6ea79de6 payment receipt sent loan_id=LN015500529 channel=DIGITAL_POST
2026-03-03T02:32:25.147+01:00 INFO payment-scheduler host=payment-scheduler-7c9d5b-p9qmz corrId=c-439d31dcc544b79f instalment collection started loan_id=LN093906128 due_date=2026-03-12
2026-03-03T02:32:25.191+01:00 INFO payment-service host=payment-service-5b8f6c-x2k4p corrId=c-439d31dcc544b79f direct debit mandate verified loan_id=LN093906128 mandate_id=MD7668534
2026-03-03T02:32:25.279+01:00 INFO payment-service host=payment-service-7c9d5b-p9qmz corrId=c-439d31dcc544b79f payment instruction sent loan_id=LN093906128 amount_dkk=16530.18
2026-03-03T02:32:25.390+01:00 INFO ledger-service host=ledger-service-7c9d5b-t6zvn corrId=c-439d31dcc544b79f ledger posting accepted loan_id=LN093906128 amount_dkk=16530.18 posting_id=PST-16cc8e417c
2026-03-03T02:32:25.442+01:00 INFO payment-service host=payment-service-5b8f6c-x2k4p corrId=c-439d31dcc544b79f payment settled loan_id=LN093906128 amount_dkk=16530.18
2026-03-03T02:32:25.564+01:00 INFO notification-service host=notification-service-a41e92-x2k4p corrId=c-439d31dcc544b79f payment receipt sent loan_id=LN093906128 channel=DIGITAL_POST
2026-03-03T02:32:32.996+01:00 INFO payment-scheduler host=payment-scheduler-5b8f6c-t6zvn corrId=c-c3281d3a7455df67 instalment collection started loan_id=LN863637138 due_date=2026-03-08
2026-03-03T02:32:33.098+01:00 INFO payment-service host=payment-service-7c9d5b-x2k4p corrId=c-c3281d3a7455df67 direct debit mandate verified loan_id=LN863637138 mandate_id=MD4264180
2026-03-03T02:32:33.107+01:00 INFO payment-service host=payment-service-5b8f6c-p9qmz corrId=c-c3281d3a7455df67 payment instruction sent loan_id=LN863637138 amount_dkk=13178.28
2026-03-03T02:32:33.176+01:00 INFO ledger-service host=ledger-service-7c9d5b-x2k4p corrId=c-c3281d3a7455df67 ledger posting accepted loan_id=LN863637138 amount_dkk=13178.28 posting_id=PST-2371451024
2026-03-03T02:32:33.226+01:00 INFO payment-service host=payment-service-7c9d5b-p9qmz corrId=c-c3281d3a7455df67 payment settled loan_id=LN863637138 amount_dkk=13178.28
2026-03-03T02:32:33.248+01:00 INFO notification-service host=notification-service-5b8f6c-x2k4p corrId=c-c3281d3a7455df67 payment receipt sent loan_id=LN863637138 channel=EMAIL
2026-03-03T02:32:44.557+01:00 INFO payment-scheduler host=payment-scheduler-5b8f6c-t6zvn corrId=c-a9c462ccb58937a5 instalment collection started loan_id=LN662241688 due_date=2026-03-18
2026-03-03T02:32:44.574+01:00 INFO payment-service host=payment-service-a41e92-x2k4p corrId=c-a9c462ccb58937a5 direct debit mandate verified loan_id=LN662241688 mandate_id=MD2031547
2026-03-03T02:32:44.700+01:00 INFO payment-service host=payment-service-a41e92-p9qmz corrId=c-a9c462ccb58937a5 payment instruction sent loan_id=LN662241688 amount_dkk=5496.70
2026-03-03T02:32:44.712+01:00 INFO ledger-service host=ledger-service-7c9d5b-p9qmz corrId=c-a9c462ccb58937a5 ledger posting accepted loan_id=LN662241688 amount_dkk=5496.70 posting_id=PST-3874861c5d
2026-03-03T02:32:44.728+01:00 INFO payment-service host=payment-service-a41e92-p9qmz corrId=c-a9c462ccb58937a5 payment settled loan_id=LN662241688 amount_dkk=5496.70
2026-03-03T02:32:44.784+01:00 INFO notification-service host=notification-service-7c9d5b-t6zvn corrId=c-a9c462ccb58937a5 payment receipt sent loan_id=LN662241688 channel=EMAIL
2026-03-03T02:33:07.075+01:00 INFO payment-scheduler host=payment-scheduler-7c9d5b-t6zvn corrId=c-050d62924776586f instalment collection started loan_id=LN172707439 due_date=2026-03-21
2026-03-03T02:33:07.144+01:00 INFO payment-service host=payment-service-5b8f6c-x2k4p corrId=c-050d62924776586f direct debit mandate verified loan_id=LN172707439 mandate_id=MD6226027
2026-03-03T02:33:07.226+01:00 INFO payment-service host=payment-service-7c9d5b-p9qmz corrId=c-050d62924776586f payment instruction sent loan_id=LN172707439 amount_dkk=16260.80
2026-03-03T02:33:07.351+01:00 INFO ledger-service host=ledger-service-a41e92-t6zvn corrId=c-050d62924776586f ledger posting accepted loan_id=LN172707439 amount_dkk=16260.80 posting_id=PST-8cfaaf0ff6
2026-03-03T02:33:07.383+01:00 INFO payment-service host=payment-service-7c9d5b-t6zvn corrId=c-050d62924776586f payment settled loan_id=LN172707439 amount_dkk=16260.80
2026-03-03T02:33:07.497+01:00 INFO notification-service host=notification-service-5b8f6c-x2k4p corrId=c-050d62924776586f payment receipt sent loan_id=LN172707439 channel=DIGITAL_POST
2026-03-03T02:33:15.188+01:00 INFO payment-scheduler host=payment-scheduler-7c9d5b-x2k4p corrId=c-7e7fb13e22483084 instalment collection started loan_id=LN717202707 due_date=2026-03-14
2026-03-03T02:33:15.208+01:00 INFO payment-service host=payment-service-a41e92-x2k4p corrId=c-7e7fb13e22483084 direct debit mandate verified loan_id=LN717202707 mandate_id=MD7960146
2026-03-03T02:33:15.247+01:00 INFO payment-service host=payment-service-a41e92-t6zvn corrId=c-7e7fb13e22483084 payment instruction sent loan_id=LN717202707 amount_dkk=12154.88
2026-03-03T02:33:15.303+01:00 INFO ledger-service host=ledger-service-a41e92-t6zvn corrId=c-7e7fb13e22483084 ledger posting accepted loan_id=LN717202707 amount_dkk=12154.88 posting_id=PST-5ce59a8367
2026-03-03T02:33:15.365+01:00 INFO payment-service host=payment-service-5b8f6c-t6zvn corrId=c-7e7fb13e22483084 payment settled loan_id=LN717202707 amount_dkk=12154.88
2026-03-03T02:33:15.474+01:00 INFO notification-service host=notification-service-7c9d5b-p9qmz corrId=c-7e7fb13e22483084 payment receipt sent loan_id=LN717202707 channel=DIGITAL_POST
2026-03-03T02:33:31.483+01:00 INFO payment-scheduler host=payment-scheduler-a41e92-t6zvn corrId=c-3971a6fd7825f728 instalment collection started loan_id=LN990631570 due_date=2026-03-11
2026-03-03T02:33:31.621+01:00 INFO payment-service host=payment-service-5b8f6c-p9qmz corrId=c-3971a6fd7825f728 direct debit mandate verified loan_id=LN990631570 mandate_id=MD6063735
2026-03-03T02:33:31.732+01:00 INFO payment-service host=payment-service-5b8f6c-t6zvn corrId=c-3971a6fd7825f728 payment instruction sent loan_id=LN990631570 amount_dkk=10913.75
2026-03-03T02:33:31.811+01:00 INFO ledger-service host=ledger-service-a41e92-x2k4p corrId=c-3971a6fd7825f728 ledger posting accepted loan_id=LN990631570 amount_dkk=10913.75 posting_id=PST-cf8bd12ce2
2026-03-03T02:33:31.824+01:00 INFO payment-service host=payment-service-5b8f6c-x2k4p corrId=c-3971a6fd7825f728 payment settled loan_id=LN990631570 amount_dkk=10913.75
2026-03-03T02:33:31.929+01:00 INFO notification-service host=notification-service-7c9d5b-x2k4p corrId=c-3971a6fd7825f728 payment receipt sent loan_id=LN990631570 channel=DIGITAL_POST
2026-03-03T02:33:53.877+01:00 INFO payment-scheduler host=payment-scheduler-5b8f6c-x2k4p corrId=c-741d7777fe5d940c instalment collection started loan_id=LN536576927 due_date=2026-03-01
2026-03-03T02:33:53.951+01:00 INFO payment-service host=payment-service-a41e92-t6zvn corrId=c-741d7777fe5d940c direct debit mandate verified loan_id=LN536576927 mandate_id=MD9954707
2026-03-03T02:33:53.989+01:00 INFO payment-scheduler host=payment-scheduler-7c9d5b-x2k4p corrId=c-694667c99be6e3f5 instalment collection started loan_id=LN013290139 due_date=2026-03-27
2026-03-03T02:33:54.047+01:00 INFO payment-service host=payment-service-7c9d5b-p9qmz corrId=c-741d7777fe5d940c payment instruction sent loan_id=LN536576927 amount_dkk=7869.13
2026-03-03T02:33:54.089+01:00 INFO payment-service host=payment-service-a41e92-t6zvn corrId=c-694667c99be6e3f5 direct debit mandate verified loan_id=LN013290139 mandate_id=MD4051851
2026-03-03T02:33:54.156+01:00 INFO payment-service host=payment-service-5b8f6c-t6zvn corrId=c-694667c99be6e3f5 payment instruction sent loan_id=LN013290139 amount_dkk=10916.06
2026-03-03T02:33:54.160+01:00 INFO ledger-service host=ledger-service-5b8f6c-p9qmz corrId=c-741d7777fe5d940c ledger posting accepted loan_id=LN536576927 amount_dkk=7869.13 posting_id=PST-22089ad610
2026-03-03T02:33:54.171+01:00 INFO payment-service host=payment-service-7c9d5b-x2k4p corrId=c-741d7777fe5d940c payment settled loan_id=LN536576927 amount_dkk=7869.13
2026-03-03T02:33:54.198+01:00 INFO ledger-service host=ledger-service-a41e92-t6zvn corrId=c-694667c99be6e3f5 ledger posting accepted loan_id=LN013290139 amount_dkk=10916.06 posting_id=PST-1c163191cc
2026-03-03T02:33:54.233+01:00 INFO payment-service host=payment-service-7c9d5b-t6zvn corrId=c-694667c99be6e3f5 payment settled loan_id=LN013290139 amount_dkk=10916.06
2026-03-03T02:33:54.294+01:00 INFO notification-service host=notification-service-7c9d5b-p9qmz corrId=c-741d7777fe5d940c payment receipt sent loan_id=LN536576927 channel=DIGITAL_POST
2026-03-03T02:33:54.318+01:00 INFO notification-service host=notification-service-5b8f6c-p9qmz corrId=c-694667c99be6e3f5 payment receipt sent loan_id=LN013290139 channel=DIGITAL_POST
2026-03-03T02:34:02.345+01:00 INFO payment-scheduler host=payment-scheduler-7c9d5b-p9qmz corrId=c-3452cafee21d826b instalment collection started loan_id=LN703139607 due_date=2026-03-11
2026-03-03T02:34:02.350+01:00 INFO payment-service host=payment-service-5b8f6c-t6zvn corrId=c-3452cafee21d826b direct debit mandate verified loan_id=LN703139607 mandate_id=MD5263033
2026-03-03T02:34:02.440+01:00 INFO payment-service host=payment-service-a41e92-p9qmz corrId=c-3452cafee21d826b payment instruction sent loan_id=LN703139607 amount_dkk=17788.49
2026-03-03T02:34:02.452+01:00 INFO ledger-service host=ledger-service-7c9d5b-x2k4p corrId=c-3452cafee21d826b ledger posting accepted loan_id=LN703139607 amount_dkk=17788.49 posting_id=PST-2fd3f7b0bc
2026-03-03T02:34:02.581+01:00 INFO payment-service host=payment-service-a41e92-x2k4p corrId=c-3452cafee21d826b payment settled loan_id=LN703139607 amount_dkk=17788.49
2026-03-03T02:34:02.598+01:00 INFO notification-service host=notification-service-7c9d5b-p9qmz corrId=c-3452cafee21d826b payment receipt sent loan_id=LN703139607 channel=EMAIL
2026-03-03T02:35:00.227+01:00 INFO api-gateway host=api-gateway-7c9d5b-p9qmz corrId=- health probe ok status=200 latency_ms=32
2026-03-03T02:35:16.233+01:00 INFO payment-scheduler host=payment-scheduler-a41e92-p9qmz corrId=c-bf1570c5b2f05818 instalment collection started loan_id=LN309385087 due_date=2026-03-27
2026-03-03T02:35:16.303+01:00 INFO payment-service host=payment-service-a41e92-t6zvn corrId=c-bf1570c5b2f05818 direct debit mandate verified loan_id=LN309385087 mandate_id=MD6356535
2026-03-03T02:35:16.408+01:00 INFO payment-service host=payment-service-a41e92-x2k4p corrId=c-bf1570c5b2f05818 payment instruction sent loan_id=LN309385087 amount_dkk=11593.18
2026-03-03T02:35:16.426+01:00 INFO ledger-service host=ledger-service-7c9d5b-t6zvn corrId=c-bf1570c5b2f05818 ledger posting accepted loan_id=LN309385087 amount_dkk=11593.18 posting_id=PST-680b13596d
2026-03-03T02:35:16.466+01:00 INFO payment-service host=payment-service-a41e92-p9qmz corrId=c-bf1570c5b2f05818 payment settled loan_id=LN309385087 amount_dkk=11593.18
2026-03-03T02:35:16.507+01:00 INFO notification-service host=notification-service-7c9d5b-x2k4p corrId=c-bf1570c5b2f05818 payment receipt sent loan_id=LN309385087 channel=DIGITAL_POST
2026-03-03T02:35:50.571+01:00 INFO payment-scheduler host=payment-scheduler-5b8f6c-p9qmz corrId=c-1ee9ede8280049cd instalment collection started loan_id=LN115594686 due_date=2026-03-17
2026-03-03T02:35:50.669+01:00 INFO payment-service host=payment-service-7c9d5b-x2k4p corrId=c-1ee9ede8280049cd direct debit mandate verified loan_id=LN115594686 mandate_id=MD5242326
2026-03-03T02:35:50.734+01:00 INFO payment-service host=payment-service-7c9d5b-t6zvn corrId=c-1ee9ede8280049cd payment instruction sent loan_id=LN115594686 amount_dkk=16331.74
2026-03-03T02:35:50.768+01:00 INFO ledger-service host=ledger-service-5b8f6c-x2k4p corrId=c-1ee9ede8280049cd ledger posting accepted loan_id=LN115594686 amount_dkk=16331.74 posting_id=PST-4394d58863
2026-03-03T02:35:50.878+01:00 INFO payment-service host=payment-service-5b8f6c-x2k4p corrId=c-1ee9ede8280049cd payment settled loan_id=LN115594686 amount_dkk=16331.74
2026-03-03T02:35:50.907+01:00 INFO notification-service host=notification-service-5b8f6c-t6zvn corrId=c-1ee9ede8280049cd payment receipt sent loan_id=LN115594686 channel=EMAIL
2026-03-03T02:35:59.813+01:00 INFO payment-scheduler host=payment-scheduler-a41e92-x2k4p corrId=c-795966718474104b instalment collection started loan_id=LN193158432 due_date=2026-03-05
2026-03-03T02:35:59.844+01:00 INFO payment-service host=payment-service-a41e92-x2k4p corrId=c-795966718474104b direct debit mandate verified loan_id=LN193158432 mandate_id=MD7926433
2026-03-03T02:35:59.882+01:00 INFO payment-service host=payment-service-7c9d5b-t6zvn corrId=c-795966718474104b payment instruction sent loan_id=LN193158432 amount_dkk=17912.97
2026-03-03T02:36:00.021+01:00 INFO ledger-service host=ledger-service-7c9d5b-p9qmz corrId=c-795966718474104b ledger posting accepted loan_id=LN193158432 amount_dkk=17912.97 posting_id=PST-c771911afe
2026-03-03T02:36:00.086+01:00 INFO payment-service host=payment-service-a41e92-x2k4p corrId=c-795966718474104b payment settled loan_id=LN193158432 amount_dkk=17912.97
2026-03-03T02:36:00.152+01:00 INFO notification-service host=notification-service-5b8f6c-t6zvn corrId=c-795966718474104b payment receipt sent loan_id=LN193158432 channel=DIGITAL_POST
2026-03-03T02:36:51.260+01:00 INFO payment-scheduler host=payment-scheduler-5b8f6c-x2k4p corrId=c-9b90cd478d69cb78 instalment collection started loan_id=LN847434354 due_date=2026-03-01
2026-03-03T02:36:51.273+01:00 INFO payment-service host=payment-service-5b8f6c-x2k4p corrId=c-9b90cd478d69cb78 direct debit mandate verified loan_id=LN847434354 mandate_id=MD0275060
2026-03-03T02:36:51.335+01:00 INFO payment-service host=payment-service-5b8f6c-t6zvn corrId=c-9b90cd478d69cb78 payment instruction sent loan_id=LN847434354 amount_dkk=4902.49
2026-03-03T02:36:51.450+01:00 INFO ledger-service host=ledger-service-7c9d5b-t6zvn corrId=c-9b90cd478d69cb78 ledger posting accepted loan_id=LN847434354 amount_dkk=4902.49 posting_id=PST-6695628fb8
2026-03-03T02:36:51.512+01:00 INFO payment-service host=payment-service-5b8f6c-p9qmz corrId=c-9b90cd478d69cb78 payment settled loan_id=LN847434354 amount_dkk=4902.49
2026-03-03T02:36:51.639+01:00 INFO notification-service host=notification-service-5b8f6c-p9qmz corrId=c-9b90cd478d69cb78 payment receipt sent loan_id=LN847434354 channel=DIGITAL_POST
2026-03-03T02:37:26.149+01:00 INFO payment-scheduler host=payment-scheduler-a41e92-t6zvn corrId=c-896acb8c60315078 instalment collection started loan_id=LN864267254 due_date=2026-03-25
2026-03-03T02:37:26.174+01:00 INFO payment-service host=payment-service-a41e92-x2k4p corrId=c-896acb8c60315078 direct debit mandate verified loan_id=LN864267254 mandate_id=MD1655149
2026-03-03T02:37:26.224+01:00 INFO payment-service host=payment-service-7c9d5b-t6zvn corrId=c-896acb8c60315078 payment instruction sent loan_id=LN864267254 amount_dkk=2791.03
2026-03-03T02:37:26.289+01:00 INFO ledger-service host=ledger-service-5b8f6c-p9qmz corrId=c-896acb8c60315078 ledger posting accepted loan_id=LN864267254 amount_dkk=2791.03 posting_id=PST-5a4f19c842
2026-03-03T02:37:26.345+01:00 INFO payment-service host=payment-service-5b8f6c-p9qmz corrId=c-896acb8c60315078 payment settled loan_id=LN864267254 amount_dkk=2791.03
2026-03-03T02:37:26.381+01:00 INFO notification-service host=notification-service-5b8f6c-p9qmz corrId=c-896acb8c60315078 payment receipt sent loan_id=LN864267254 channel=DIGITAL_POST
2026-03-03T02:37:31.706+01:00 INFO payment-scheduler host=payment-scheduler-5b8f6c-t6zvn corrId=c-33ef14dba436eed2 instalment collection started loan_id=LN989225921 due_date=2026-03-11
2026-03-03T02:37:31.846+01:00 INFO payment-service host=payment-service-5b8f6c-x2k4p corrId=c-33ef14dba436eed2 direct debit mandate verified loan_id=LN989225921 mandate_id=MD4223807
2026-03-03T02:37:31.951+01:00 INFO payment-service host=payment-service-5b8f6c-t6zvn corrId=c-33ef14dba436eed2 payment instruction sent loan_id=LN989225921 amount_dkk=12990.89
2026-03-03T02:37:32.032+01:00 INFO ledger-service host=ledger-service-7c9d5b-x2k4p corrId=c-33ef14dba436eed2 ledger posting accepted loan_id=LN989225921 amount_dkk=12990.89 posting_id=PST-546817e4da
2026-03-03T02:37:32.114+01:00 INFO payment-service host=payment-service-7c9d5b-p9qmz corrId=c-33ef14dba436eed2 payment settled loan_id=LN989225921 amount_dkk=12990.89
2026-03-03T02:37:32.237+01:00 INFO notification-service host=notification-service-7c9d5b-t6zvn corrId=c-33ef14dba436eed2 payment receipt sent loan_id=LN989225921 channel=DIGITAL_POST
2026-03-03T02:37:34.163+01:00 INFO payment-scheduler host=payment-scheduler-7c9d5b-t6zvn corrId=c-802a75fb4acd2e38 instalment collection started loan_id=LN011935236 due_date=2026-03-21
2026-03-03T02:37:34.256+01:00 INFO payment-service host=payment-service-7c9d5b-t6zvn corrId=c-802a75fb4acd2e38 direct debit mandate verified loan_id=LN011935236 mandate_id=MD5451749
2026-03-03T02:37:34.273+01:00 INFO payment-service host=payment-service-5b8f6c-x2k4p corrId=c-802a75fb4acd2e38 payment instruction sent loan_id=LN011935236 amount_dkk=15914.42
2026-03-03T02:37:34.342+01:00 INFO ledger-service host=ledger-service-5b8f6c-p9qmz corrId=c-802a75fb4acd2e38 ledger posting accepted loan_id=LN011935236 amount_dkk=15914.42 posting_id=PST-0d215c4f11
2026-03-03T02:37:34.433+01:00 INFO payment-service host=payment-service-7c9d5b-x2k4p corrId=c-802a75fb4acd2e38 payment settled loan_id=LN011935236 amount_dkk=15914.42
2026-03-03T02:37:34.543+01:00 INFO notification-service host=notification-service-5b8f6c-t6zvn corrId=c-802a75fb4acd2e38 payment receipt sent loan_id=LN011935236 channel=DIGITAL_POST
2026-03-03T02:38:04.685+01:00 INFO payment-scheduler host=payment-scheduler-a41e92-t6zvn corrId=c-585977f6d3611754 instalment collection started loan_id=LN645372923 due_date=2026-03-06
2026-03-03T02:38:04.755+01:00 INFO payment-service host=payment-service-a41e92-x2k4p corrId=c-585977f6d3611754 direct debit mandate verified loan_id=LN645372923 mandate_id=MD7414068
2026-03-03T02:38:04.855+01:00 INFO payment-service host=payment-service-5b8f6c-t6zvn corrId=c-585977f6d3611754 payment instruction sent loan_id=LN645372923 amount_dkk=7544.71
2026-03-03T02:38:04.893+01:00 INFO ledger-service host=ledger-service-5b8f6c-p9qmz corrId=c-585977f6d3611754 ledger posting accepted loan_id=LN645372923 amount_dkk=7544.71 posting_id=PST-151792ec38
2026-03-03T02:38:04.980+01:00 INFO payment-service host=payment-service-a41e92-x2k4p corrId=c-585977f6d3611754 payment settled loan_id=LN645372923 amount_dkk=7544.71
2026-03-03T02:38:05.073+01:00 INFO notification-service host=notification-service-7c9d5b-x2k4p corrId=c-585977f6d3611754 payment receipt sent loan_id=LN645372923 channel=DIGITAL_POST
2026-03-03T02:38:07.032+01:00 INFO payment-scheduler host=payment-scheduler-7c9d5b-p9qmz corrId=c-757223be9cc57a4c instalment collection started loan_id=LN571472040 due_date=2026-03-18
2026-03-03T02:38:07.103+01:00 INFO payment-service host=payment-service-a41e92-p9qmz corrId=c-757223be9cc57a4c direct debit mandate verified loan_id=LN571472040 mandate_id=MD6904181
2026-03-03T02:38:07.184+01:00 INFO payment-service host=payment-service-a41e92-x2k4p corrId=c-757223be9cc57a4c payment instruction sent loan_id=LN571472040 amount_dkk=15635.75
2026-03-03T02:38:07.305+01:00 INFO ledger-service host=ledger-service-5b8f6c-p9qmz corrId=c-757223be9cc57a4c ledger posting accepted loan_id=LN571472040 amount_dkk=15635.75 posting_id=PST-93c6f44c77
2026-03-03T02:38:07.380+01:00 INFO payment-service host=payment-service-a41e92-x2k4p corrId=c-757223be9cc57a4c payment settled loan_id=LN571472040 amount_dkk=15635.75
2026-03-03T02:38:07.445+01:00 INFO notification-service host=notification-service-5b8f6c-x2k4p corrId=c-757223be9cc57a4c payment receipt sent loan_id=LN571472040 channel=DIGITAL_POST
2026-03-03T02:38:10.607+01:00 INFO payment-scheduler host=payment-scheduler-7c9d5b-t6zvn corrId=c-c23e3ddaddc8ae95 instalment collection started loan_id=LN961779627 due_date=2026-03-19
2026-03-03T02:38:10.702+01:00 INFO payment-service host=payment-service-a41e92-t6zvn corrId=c-c23e3ddaddc8ae95 direct debit mandate verified loan_id=LN961779627 mandate_id=MD7546753
2026-03-03T02:38:10.733+01:00 INFO payment-service host=payment-service-a41e92-x2k4p corrId=c-c23e3ddaddc8ae95 payment instruction sent loan_id=LN961779627 amount_dkk=14797.04
2026-03-03T02:38:10.796+01:00 INFO ledger-service host=ledger-service-5b8f6c-t6zvn corrId=c-c23e3ddaddc8ae95 ledger posting accepted loan_id=LN961779627 amount_dkk=14797.04 posting_id=PST-3874cbe345
2026-03-03T02:38:10.896+01:00 INFO payment-service host=payment-service-5b8f6c-p9qmz corrId=c-c23e3ddaddc8ae95 payment settled loan_id=LN961779627 amount_dkk=14797.04
2026-03-03T02:38:10.972+01:00 INFO notification-service host=notification-service-7c9d5b-x2k4p corrId=c-c23e3ddaddc8ae95 payment receipt sent loan_id=LN961779627 channel=EMAIL
2026-03-03T02:38:35.963+01:00 INFO payment-scheduler host=payment-scheduler-7c9d5b-t6zvn corrId=c-3016fc05a8b74a0e instalment collection started loan_id=LN703476273 due_date=2026-03-01
2026-03-03T02:38:36.043+01:00 INFO payment-service host=payment-service-7c9d5b-p9qmz corrId=c-3016fc05a8b74a0e direct debit mandate verified loan_id=LN703476273 mandate_id=MD2079213
2026-03-03T02:38:36.148+01:00 INFO payment-service host=payment-service-5b8f6c-x2k4p corrId=c-3016fc05a8b74a0e payment instruction sent loan_id=LN703476273 amount_dkk=17389.02
2026-03-03T02:38:36.196+01:00 INFO ledger-service host=ledger-service-a41e92-p9qmz corrId=c-3016fc05a8b74a0e ledger posting accepted loan_id=LN703476273 amount_dkk=17389.02 posting_id=PST-9dfe889cab
2026-03-03T02:38:36.278+01:00 INFO payment-service host=payment-service-5b8f6c-p9qmz corrId=c-3016fc05a8b74a0e payment settled loan_id=LN703476273 amount_dkk=17389.02
2026-03-03T02:38:36.365+01:00 INFO notification-service host=notification-service-a41e92-t6zvn corrId=c-3016fc05a8b74a0e payment receipt sent loan_id=LN703476273 channel=DIGITAL_POST
2026-03-03T02:39:02.819+01:00 INFO payment-scheduler host=payment-scheduler-5b8f6c-x2k4p corrId=c-54fb76f596dfef5d instalment collection started loan_id=LN113007672 due_date=2026-03-09
2026-03-03T02:39:02.902+01:00 INFO payment-service host=payment-service-a41e92-x2k4p corrId=c-54fb76f596dfef5d direct debit mandate verified loan_id=LN113007672 mandate_id=MD0748283
2026-03-03T02:39:02.910+01:00 INFO payment-service host=payment-service-5b8f6c-p9qmz corrId=c-54fb76f596dfef5d payment instruction sent loan_id=LN113007672 amount_dkk=3877.75
2026-03-03T02:39:02.924+01:00 INFO ledger-service host=ledger-service-5b8f6c-p9qmz corrId=c-54fb76f596dfef5d ledger posting accepted loan_id=LN113007672 amount_dkk=3877.75 posting_id=PST-ded5b5537b
2026-03-03T02:39:02.989+01:00 INFO payment-service host=payment-service-7c9d5b-x2k4p corrId=c-54fb76f596dfef5d payment settled loan_id=LN113007672 amount_dkk=3877.75
2026-03-03T02:39:03.119+01:00 INFO notification-service host=notification-service-7c9d5b-t6zvn corrId=c-54fb76f596dfef5d payment receipt sent loan_id=LN113007672 channel=EMAIL
2026-03-03T02:39:07.791+01:00 INFO payment-scheduler host=payment-scheduler-7c9d5b-t6zvn corrId=c-b06c0eb491c88296 instalment collection started loan_id=LN188439830 due_date=2026-03-27
2026-03-03T02:39:07.879+01:00 INFO payment-service host=payment-service-a41e92-x2k4p corrId=c-b06c0eb491c88296 direct debit mandate verified loan_id=LN188439830 mandate_id=MD9234814
2026-03-03T02:39:07.900+01:00 INFO payment-service host=payment-service-a41e92-t6zvn corrId=c-b06c0eb491c88296 payment instruction sent loan_id=LN188439830 amount_dkk=14716.26
2026-03-03T02:39:07.960+01:00 INFO ledger-service host=ledger-service-a41e92-p9qmz corrId=c-b06c0eb491c88296 ledger posting accepted loan_id=LN188439830 amount_dkk=14716.26 posting_id=PST-7271856eb5
2026-03-03T02:39:08.073+01:00 INFO payment-service host=payment-service-7c9d5b-t6zvn corrId=c-b06c0eb491c88296 payment settled loan_id=LN188439830 amount_dkk=14716.26
2026-03-03T02:39:08.182+01:00 INFO notification-service host=notification-service-5b8f6c-t6zvn corrId=c-b06c0eb491c88296 payment receipt sent loan_id=LN188439830 channel=DIGITAL_POST
2026-03-03T02:39:13.766+01:00 INFO payment-scheduler host=payment-scheduler-a41e92-x2k4p corrId=c-fbd691dfe8d82622 instalment collection started loan_id=LN960183042 due_date=2026-03-28
2026-03-03T02:39:13.790+01:00 INFO payment-service host=payment-service-5b8f6c-x2k4p corrId=c-fbd691dfe8d82622 direct debit mandate verified loan_id=LN960183042 mandate_id=MD6552954
2026-03-03T02:39:13.855+01:00 INFO payment-service host=payment-service-5b8f6c-t6zvn corrId=c-fbd691dfe8d82622 payment instruction sent loan_id=LN960183042 amount_dkk=3893.56
2026-03-03T02:39:13.993+01:00 INFO ledger-service host=ledger-service-5b8f6c-p9qmz corrId=c-fbd691dfe8d82622 ledger posting accepted loan_id=LN960183042 amount_dkk=3893.56 posting_id=PST-1d4731685d
2026-03-03T02:39:14.071+01:00 INFO payment-service host=payment-service-5b8f6c-t6zvn corrId=c-fbd691dfe8d82622 payment settled loan_id=LN960183042 amount_dkk=3893.56
2026-03-03T02:39:14.164+01:00 INFO notification-service host=notification-service-7c9d5b-x2k4p corrId=c-fbd691dfe8d82622 payment receipt sent loan_id=LN960183042 channel=EMAIL
2026-03-03T02:39:20.886+01:00 INFO payment-scheduler host=payment-scheduler-a41e92-p9qmz corrId=c-2c3a57fd10cb16af instalment collection started loan_id=LN033854130 due_date=2026-03-02
2026-03-03T02:39:20.897+01:00 INFO payment-service host=payment-service-7c9d5b-t6zvn corrId=c-2c3a57fd10cb16af direct debit mandate verified loan_id=LN033854130 mandate_id=MD6611348
2026-03-03T02:39:20.992+01:00 INFO payment-service host=payment-service-7c9d5b-p9qmz corrId=c-2c3a57fd10cb16af payment instruction sent loan_id=LN033854130 amount_dkk=13259.64
2026-03-03T02:39:21.002+01:00 INFO ledger-service host=ledger-service-a41e92-p9qmz corrId=c-2c3a57fd10cb16af ledger posting accepted loan_id=LN033854130 amount_dkk=13259.64 posting_id=PST-ebc1851b00
2026-03-03T02:39:21.060+01:00 INFO payment-service host=payment-service-7c9d5b-p9qmz corrId=c-2c3a57fd10cb16af payment settled loan_id=LN033854130 amount_dkk=13259.64
2026-03-03T02:39:21.066+01:00 INFO notification-service host=notification-service-7c9d5b-t6zvn corrId=c-2c3a57fd10cb16af payment receipt sent loan_id=LN033854130 channel=DIGITAL_POST
2026-03-03T02:39:24.612+01:00 INFO payment-scheduler host=payment-scheduler-7c9d5b-x2k4p corrId=c-fff9d41cdf3ad390 instalment collection started loan_id=LN384871719 due_date=2026-03-20
2026-03-03T02:39:24.622+01:00 INFO payment-service host=payment-service-5b8f6c-t6zvn corrId=c-fff9d41cdf3ad390 direct debit mandate verified loan_id=LN384871719 mandate_id=MD1830651
2026-03-03T02:39:24.735+01:00 INFO payment-service host=payment-service-5b8f6c-t6zvn corrId=c-fff9d41cdf3ad390 payment instruction sent loan_id=LN384871719 amount_dkk=5677.65
2026-03-03T02:39:24.808+01:00 INFO ledger-service host=ledger-service-a41e92-t6zvn corrId=c-fff9d41cdf3ad390 ledger posting accepted loan_id=LN384871719 amount_dkk=5677.65 posting_id=PST-a0487f25e8
2026-03-03T02:39:24.832+01:00 INFO payment-service host=payment-service-5b8f6c-t6zvn corrId=c-fff9d41cdf3ad390 payment settled loan_id=LN384871719 amount_dkk=5677.65
2026-03-03T02:39:24.850+01:00 INFO notification-service host=notification-service-7c9d5b-t6zvn corrId=c-fff9d41cdf3ad390 payment receipt sent loan_id=LN384871719 channel=EMAIL
2026-03-03T02:39:40.887+01:00 INFO payment-scheduler host=payment-scheduler-7c9d5b-x2k4p corrId=c-d9ced413d1836145 instalment collection started loan_id=LN449174735 due_date=2026-03-26
2026-03-03T02:39:41.010+01:00 INFO payment-service host=payment-service-a41e92-t6zvn corrId=c-d9ced413d1836145 direct debit mandate verified loan_id=LN449174735 mandate_id=MD5370484
2026-03-03T02:39:41.089+01:00 INFO payment-service host=payment-service-7c9d5b-t6zvn corrId=c-d9ced413d1836145 payment instruction sent loan_id=LN449174735 amount_dkk=15725.08
2026-03-03T02:39:41.192+01:00 INFO ledger-service host=ledger-service-5b8f6c-p9qmz corrId=c-d9ced413d1836145 ledger posting accepted loan_id=LN449174735 amount_dkk=15725.08 posting_id=PST-89f95b9f23
2026-03-03T02:39:41.272+01:00 INFO payment-service host=payment-service-a41e92-x2k4p corrId=c-d9ced413d1836145 payment settled loan_id=LN449174735 amount_dkk=15725.08
2026-03-03T02:39:41.374+01:00 INFO notification-service host=notification-service-5b8f6c-t6zvn corrId=c-d9ced413d1836145 payment receipt sent loan_id=LN449174735 channel=DIGITAL_POST
2026-03-03T02:39:47.599+01:00 INFO payment-scheduler host=payment-scheduler-7c9d5b-x2k4p corrId=c-64e45bbf325a8b32 instalment collection started loan_id=LN927993195 due_date=2026-03-14
2026-03-03T02:39:47.704+01:00 INFO payment-service host=payment-service-7c9d5b-p9qmz corrId=c-64e45bbf325a8b32 direct debit mandate verified loan_id=LN927993195 mandate_id=MD6877912
2026-03-03T02:39:47.836+01:00 INFO payment-service host=payment-service-5b8f6c-p9qmz corrId=c-64e45bbf325a8b32 payment instruction sent loan_id=LN927993195 amount_dkk=4708.91
2026-03-03T02:39:47.951+01:00 WARN ledger-service host=ledger-service-5b8f6c-t6zvn corrId=c-64e45bbf325a8b32 ledger posting retried loan_id=LN927993195 attempt=1
2026-03-03T02:39:48.080+01:00 INFO ledger-service host=ledger-service-5b8f6c-x2k4p corrId=c-64e45bbf325a8b32 ledger posting accepted loan_id=LN927993195 amount_dkk=4708.91 posting_id=PST-a5c8f85f24
2026-03-03T02:39:48.176+01:00 INFO payment-service host=payment-service-a41e92-x2k4p corrId=c-64e45bbf325a8b32 payment settled loan_id=LN927993195 amount_dkk=4708.91
2026-03-03T02:39:48.253+01:00 INFO notification-service host=notification-service-a41e92-t6zvn corrId=c-64e45bbf325a8b32 payment receipt sent loan_id=LN927993195 channel=DIGITAL_POST
2026-03-03T02:39:54.871+01:00 INFO payment-scheduler host=payment-scheduler-5b8f6c-t6zvn corrId=c-896f67c592488611 instalment collection started loan_id=LN715482671 due_date=2026-03-14
2026-03-03T02:39:55.004+01:00 INFO payment-service host=payment-service-7c9d5b-x2k4p corrId=c-896f67c592488611 direct debit mandate verified loan_id=LN715482671 mandate_id=MD0845919
2026-03-03T02:39:55.029+01:00 INFO payment-service host=payment-service-5b8f6c-p9qmz corrId=c-896f67c592488611 payment instruction sent loan_id=LN715482671 amount_dkk=10560.38
2026-03-03T02:39:55.064+01:00 INFO ledger-service host=ledger-service-a41e92-t6zvn corrId=c-896f67c592488611 ledger posting accepted loan_id=LN715482671 amount_dkk=10560.38 posting_id=PST-36e068c39a
2026-03-03T02:39:55.103+01:00 INFO payment-service host=payment-service-7c9d5b-p9qmz corrId=c-896f67c592488611 payment settled loan_id=LN715482671 amount_dkk=10560.38
2026-03-03T02:39:55.241+01:00 INFO notification-service host=notification-service-a41e92-t6zvn corrId=c-896f67c592488611 payment receipt sent loan_id=LN715482671 channel=DIGITAL_POST
2026-03-03T02:39:57.063+01:00 INFO payment-scheduler host=payment-scheduler-7c9d5b-x2k4p corrId=c-736b1e08adb7f4e2 instalment collection started loan_id=LN048108804 due_date=2026-03-03
2026-03-03T02:39:57.182+01:00 INFO payment-service host=payment-service-5b8f6c-p9qmz corrId=c-736b1e08adb7f4e2 direct debit mandate verified loan_id=LN048108804 mandate_id=MD6378452
2026-03-03T02:39:57.285+01:00 INFO payment-service host=payment-service-5b8f6c-t6zvn corrId=c-736b1e08adb7f4e2 payment instruction sent loan_id=LN048108804 amount_dkk=7446.06
2026-03-03T02:39:57.321+01:00 INFO ledger-service host=ledger-service-7c9d5b-t6zvn corrId=c-736b1e08adb7f4e2 ledger posting accepted loan_id=LN048108804 amount_dkk=7446.06 posting_id=PST-aaa244f5b3
2026-03-03T02:39:57.455+01:00 INFO payment-service host=payment-service-7c9d5b-x2k4p corrId=c-736b1e08adb7f4e2 payment settled loan_id=LN048108804 amount_dkk=7446.06
2026-03-03T02:39:57.569+01:00 INFO notification-service host=notification-service-7c9d5b-t6zvn corrId=c-736b1e08adb7f4e2 payment receipt sent loan_id=LN048108804 channel=EMAIL
2026-03-03T02:40:00.060+01:00 INFO api-gateway host=api-gateway-5b8f6c-t6zvn corrId=- health probe ok status=200 latency_ms=13
2026-03-03T02:40:00.350+01:00 INFO payment-scheduler host=payment-scheduler-a41e92-t6zvn corrId=- scheduler heartbeat lag_ms=31
2026-03-03T02:40:07.140+01:00 INFO payment-scheduler host=payment-scheduler-5b8f6c-x2k4p corrId=c-b1df29af58e5583b instalment collection started loan_id=LN048856211 due_date=2026-03-25
2026-03-03T02:40:07.178+01:00 INFO payment-service host=payment-service-7c9d5b-x2k4p corrId=c-b1df29af58e5583b direct debit mandate verified loan_id=LN048856211 mandate_id=MD1539539
2026-03-03T02:40:07.277+01:00 INFO payment-service host=payment-service-5b8f6c-p9qmz corrId=c-b1df29af58e5583b payment instruction sent loan_id=LN048856211 amount_dkk=4742.13
2026-03-03T02:40:07.389+01:00 INFO ledger-service host=ledger-service-7c9d5b-p9qmz corrId=c-b1df29af58e5583b ledger posting accepted loan_id=LN048856211 amount_dkk=4742.13 posting_id=PST-f1d6b8395d
2026-03-03T02:40:07.527+01:00 INFO payment-service host=payment-service-7c9d5b-t6zvn corrId=c-b1df29af58e5583b payment settled loan_id=LN048856211 amount_dkk=4742.13
2026-03-03T02:40:07.542+01:00 INFO notification-service host=notification-service-5b8f6c-p9qmz corrId=c-b1df29af58e5583b payment receipt sent loan_id=LN048856211 channel=DIGITAL_POST
2026-03-03T02:40:45.970+01:00 INFO payment-scheduler host=payment-scheduler-a41e92-p9qmz corrId=c-5bdbd46095649d4d instalment collection started loan_id=LN393780494 due_date=2026-03-05
2026-03-03T02:40:46.081+01:00 INFO payment-service host=payment-service-a41e92-p9qmz corrId=c-5bdbd46095649d4d direct debit mandate verified loan_id=LN393780494 mandate_id=MD4638581
2026-03-03T02:40:46.115+01:00 INFO payment-service host=payment-service-5b8f6c-x2k4p corrId=c-5bdbd46095649d4d payment instruction sent loan_id=LN393780494 amount_dkk=7664.72
2026-03-03T02:40:46.161+01:00 INFO ledger-service host=ledger-service-a41e92-x2k4p corrId=c-5bdbd46095649d4d ledger posting accepted loan_id=LN393780494 amount_dkk=7664.72 posting_id=PST-d82ccd3eeb
2026-03-03T02:40:46.191+01:00 INFO payment-service host=payment-service-7c9d5b-p9qmz corrId=c-5bdbd46095649d4d payment settled loan_id=LN393780494 amount_dkk=7664.72
2026-03-03T02:40:46.317+01:00 INFO notification-service host=notification-service-7c9d5b-t6zvn corrId=c-5bdbd46095649d4d payment receipt sent loan_id=LN393780494 channel=EMAIL
2026-03-03T02:41:04.744+01:00 INFO payment-scheduler host=payment-scheduler-a41e92-p9qmz corrId=c-82ed9bc51e7e6012 instalment collection started loan_id=LN045474030 due_date=2026-03-18
2026-03-03T02:41:04.796+01:00 INFO payment-service host=payment-service-5b8f6c-t6zvn corrId=c-82ed9bc51e7e6012 direct debit mandate verified loan_id=LN045474030 mandate_id=MD5520067
2026-03-03T02:41:04.842+01:00 INFO payment-service host=payment-service-5b8f6c-t6zvn corrId=c-82ed9bc51e7e6012 payment instruction sent loan_id=LN045474030 amount_dkk=15715.07
2026-03-03T02:41:04.963+01:00 INFO ledger-service host=ledger-service-7c9d5b-t6zvn corrId=c-82ed9bc51e7e6012 ledger posting accepted loan_id=LN045474030 amount_dkk=15715.07 posting_id=PST-c410eaee66
2026-03-03T02:41:05.077+01:00 INFO payment-service host=payment-service-a41e92-p9qmz corrId=c-82ed9bc51e7e6012 payment settled loan_id=LN045474030 amount_dkk=15715.07
2026-03-03T02:41:05.189+01:00 INFO notification-service host=notification-service-7c9d5b-t6zvn corrId=c-82ed9bc51e7e6012 payment receipt sent loan_id=LN045474030 channel=EMAIL
2026-03-03T02:41:16.040+01:00 INFO payment-scheduler host=payment-scheduler-a41e92-t6zvn corrId=c-1d85b3d30b1fbe52 instalment collection started loan_id=LN566384048 due_date=2026-03-10
2026-03-03T02:41:16.176+01:00 INFO payment-service host=payment-service-5b8f6c-x2k4p corrId=c-1d85b3d30b1fbe52 direct debit mandate verified loan_id=LN566384048 mandate_id=MD8418270
2026-03-03T02:41:16.230+01:00 INFO payment-service host=payment-service-5b8f6c-t6zvn corrId=c-1d85b3d30b1fbe52 payment instruction sent loan_id=LN566384048 amount_dkk=9868.50
2026-03-03T02:41:16.302+01:00 INFO ledger-service host=ledger-service-7c9d5b-x2k4p corrId=c-1d85b3d30b1fbe52 ledger posting accepted loan_id=LN566384048 amount_dkk=9868.50 posting_id=PST-1b40b77829
2026-03-03T02:41:16.374+01:00 INFO payment-service host=payment-service-5b8f6c-t6zvn corrId=c-1d85b3d30b1fbe52 payment settled loan_id=LN566384048 amount_dkk=9868.50
2026-03-03T02:41:16.470+01:00 INFO notification-service host=notification-service-a41e92-x2k4p corrId=c-1d85b3d30b1fbe52 payment receipt sent loan_id=LN566384048 channel=DIGITAL_POST
2026-03-03T02:41:27.477+01:00 INFO payment-scheduler host=payment-scheduler-5b8f6c-t6zvn corrId=c-ed985802dce4912e instalment collection started loan_id=LN767276023 due_date=2026-03-18
2026-03-03T02:41:27.562+01:00 INFO payment-service host=payment-service-a41e92-p9qmz corrId=c-ed985802dce4912e direct debit mandate verified loan_id=LN767276023 mandate_id=MD8197138
2026-03-03T02:41:27.621+01:00 INFO payment-service host=payment-service-7c9d5b-t6zvn corrId=c-ed985802dce4912e payment instruction sent loan_id=LN767276023 amount_dkk=10161.39
2026-03-03T02:41:27.710+01:00 INFO ledger-service host=ledger-service-7c9d5b-t6zvn corrId=c-ed985802dce4912e ledger posting accepted loan_id=LN767276023 amount_dkk=10161.39 posting_id=PST-07550da70d
2026-03-03T02:41:27.750+01:00 INFO payment-service host=payment-service-5b8f6c-x2k4p corrId=c-ed985802dce4912e payment settled loan_id=LN767276023 amount_dkk=10161.39
2026-03-03T02:41:27.858+01:00 INFO notification-service host=notification-service-a41e92-x2k4p corrId=c-ed985802dce4912e payment receipt sent loan_id=LN767276023 channel=EMAIL
2026-03-03T02:41:38.883+01:00 INFO payment-scheduler host=payment-scheduler-7c9d5b-x2k4p corrId=c-82dc5bcb39533aae instalment collection started loan_id=LN742867350 due_date=2026-03-26
2026-03-03T02:41:38.957+01:00 INFO payment-service host=payment-service-a41e92-t6zvn corrId=c-82dc5bcb39533aae direct debit mandate verified loan_id=LN742867350 mandate_id=MD0639988
2026-03-03T02:41:38.973+01:00 INFO payment-service host=payment-service-a41e92-t6zvn corrId=c-82dc5bcb39533aae payment instruction sent loan_id=LN742867350 amount_dkk=11260.82
2026-03-03T02:41:39.072+01:00 INFO ledger-service host=ledger-service-5b8f6c-x2k4p corrId=c-82dc5bcb39533aae ledger posting accepted loan_id=LN742867350 amount_dkk=11260.82 posting_id=PST-20067acc70
2026-03-03T02:41:39.148+01:00 INFO payment-service host=payment-service-7c9d5b-t6zvn corrId=c-82dc5bcb39533aae payment settled loan_id=LN742867350 amount_dkk=11260.82
2026-03-03T02:41:39.207+01:00 INFO notification-service host=notification-service-5b8f6c-t6zvn corrId=c-82dc5bcb39533aae payment receipt sent loan_id=LN742867350 channel=DIGITAL_POST
2026-03-03T02:41:39.985+01:00 INFO payment-scheduler host=payment-scheduler-a41e92-t6zvn corrId=c-4230c8af82399376 instalment collection started loan_id=LN841333918 due_date=2026-03-06
2026-03-03T02:41:40.028+01:00 INFO payment-service host=payment-service-5b8f6c-x2k4p corrId=c-4230c8af82399376 direct debit mandate verified loan_id=LN841333918 mandate_id=MD6325999
2026-03-03T02:41:40.048+01:00 INFO payment-service host=payment-service-a41e92-t6zvn corrId=c-4230c8af82399376 payment instruction sent loan_id=LN841333918 amount_dkk=4106.06
2026-03-03T02:41:40.127+01:00 INFO ledger-service host=ledger-service-5b8f6c-t6zvn corrId=c-4230c8af82399376 ledger posting accepted loan_id=LN841333918 amount_dkk=4106.06 posting_id=PST-a1a282ab1b
2026-03-03T02:41:40.265+01:00 INFO payment-service host=payment-service-5b8f6c-x2k4p corrId=c-4230c8af82399376 payment settled loan_id=LN841333918 amount_dkk=4106.06
2026-03-03T02:41:40.375+01:00 INFO notification-service host=notification-service-7c9d5b-p9qmz corrId=c-4230c8af82399376 payment receipt sent loan_id=LN841333918 channel=DIGITAL_POST
2026-03-03T02:41:42.675+01:00 INFO payment-scheduler host=payment-scheduler-5b8f6c-p9qmz corrId=c-2057a2e8ff3bd94f instalment collection started loan_id=LN829688796 due_date=2026-03-17
2026-03-03T02:41:42.728+01:00 INFO payment-service host=payment-service-a41e92-x2k4p corrId=c-2057a2e8ff3bd94f direct debit mandate verified loan_id=LN829688796 mandate_id=MD8032167
2026-03-03T02:41:42.805+01:00 INFO payment-service host=payment-service-a41e92-p9qmz corrId=c-2057a2e8ff3bd94f payment instruction sent loan_id=LN829688796 amount_dkk=16359.04
2026-03-03T02:41:42.832+01:00 INFO ledger-service host=ledger-service-5b8f6c-t6zvn corrId=c-2057a2e8ff3bd94f ledger posting accepted loan_id=LN829688796 amount_dkk=16359.04 posting_id=PST-3146c8f31d
2026-03-03T02:41:42.896+01:00 INFO payment-service host=payment-service-7c9d5b-p9qmz corrId=c-2057a2e8ff3bd94f payment settled loan_id=LN829688796 amount_dkk=16359.04
2026-03-03T02:41:43.014+01:00 INFO notification-service host=notification-service-5b8f6c-t6zvn corrId=c-2057a2e8ff3bd94f payment receipt sent loan_id=LN829688796 channel=DIGITAL_POST
2026-03-03T02:41:53.672+01:00 INFO payment-scheduler host=payment-scheduler-a41e92-x2k4p corrId=c-940c2e78f21206cb instalment collection started loan_id=LN547034357 due_date=2026-03-22
2026-03-03T02:41:53.728+01:00 INFO payment-service host=payment-service-7c9d5b-t6zvn corrId=c-940c2e78f21206cb direct debit mandate verified loan_id=LN547034357 mandate_id=MD1831782
2026-03-03T02:41:53.792+01:00 INFO payment-service host=payment-service-5b8f6c-x2k4p corrId=c-940c2e78f21206cb payment instruction sent loan_id=LN547034357 amount_dkk=2814.20
2026-03-03T02:41:53.856+01:00 INFO ledger-service host=ledger-service-5b8f6c-p9qmz corrId=c-940c2e78f21206cb ledger posting accepted loan_id=LN547034357 amount_dkk=2814.20 posting_id=PST-78f9d3aebc
2026-03-03T02:41:53.864+01:00 INFO payment-service host=payment-service-a41e92-x2k4p corrId=c-940c2e78f21206cb payment settled loan_id=LN547034357 amount_dkk=2814.20
2026-03-03T02:41:53.897+01:00 INFO notification-service host=notification-service-5b8f6c-p9qmz corrId=c-940c2e78f21206cb payment receipt sent loan_id=LN547034357 channel=EMAIL
2026-03-03T02:41:54.875+01:00 INFO payment-scheduler host=payment-scheduler-7c9d5b-t6zvn corrId=c-1de0d72bbf08b993 instalment collection started loan_id=LN617471125 due_date=2026-03-07
2026-03-03T02:41:54.962+01:00 INFO payment-service host=payment-service-7c9d5b-t6zvn corrId=c-1de0d72bbf08b993 direct debit mandate verified loan_id=LN617471125 mandate_id=MD8034361
2026-03-03T02:41:55.043+01:00 INFO payment-service host=payment-service-5b8f6c-p9qmz corrId=c-1de0d72bbf08b993 payment instruction sent loan_id=LN617471125 amount_dkk=9516.95
2026-03-03T02:41:55.056+01:00 INFO ledger-service host=ledger-service-a41e92-p9qmz corrId=c-1de0d72bbf08b993 ledger posting accepted loan_id=LN617471125 amount_dkk=9516.95 posting_id=PST-e24deec2e7
2026-03-03T02:41:55.185+01:00 INFO payment-service host=payment-service-a41e92-p9qmz corrId=c-1de0d72bbf08b993 payment settled loan_id=LN617471125 amount_dkk=9516.95
2026-03-03T02:41:55.228+01:00 INFO notification-service host=notification-service-5b8f6c-x2k4p corrId=c-1de0d72bbf08b993 payment receipt sent loan_id=LN617471125 channel=DIGITAL_POST
2026-03-03T02:42:45.748+01:00 INFO payment-scheduler host=payment-scheduler-a41e92-t6zvn corrId=c-e3919a5dd4d91c87 instalment collection started loan_id=LN999240922 due_date=2026-03-12
2026-03-03T02:42:45.804+01:00 INFO payment-service host=payment-service-5b8f6c-t6zvn corrId=c-e3919a5dd4d91c87 direct debit mandate verified loan_id=LN999240922 mandate_id=MD8794497
2026-03-03T02:42:45.943+01:00 INFO payment-service host=payment-service-a41e92-t6zvn corrId=c-e3919a5dd4d91c87 payment instruction sent loan_id=LN999240922 amount_dkk=5601.41
2026-03-03T02:42:46.069+01:00 INFO ledger-service host=ledger-service-a41e92-p9qmz corrId=c-e3919a5dd4d91c87 ledger posting accepted loan_id=LN999240922 amount_dkk=5601.41 posting_id=PST-23ac6da8c6
2026-03-03T02:42:46.117+01:00 INFO payment-scheduler host=payment-scheduler-7c9d5b-t6zvn corrId=c-6392159628abf051 instalment collection started loan_id=LN386978707 due_date=2026-03-28
2026-03-03T02:42:46.159+01:00 INFO payment-service host=payment-service-a41e92-t6zvn corrId=c-6392159628abf051 direct debit mandate verified loan_id=LN386978707 mandate_id=MD1102670
2026-03-03T02:42:46.176+01:00 INFO payment-service host=payment-service-7c9d5b-x2k4p corrId=c-e3919a5dd4d91c87 payment settled loan_id=LN999240922 amount_dkk=5601.41
2026-03-03T02:42:46.269+01:00 INFO payment-service host=payment-service-7c9d5b-t6zvn corrId=c-6392159628abf051 payment instruction sent loan_id=LN386978707 amount_dkk=9095.09
2026-03-03T02:42:46.300+01:00 INFO notification-service host=notification-service-5b8f6c-x2k4p corrId=c-e3919a5dd4d91c87 payment receipt sent loan_id=LN999240922 channel=EMAIL
2026-03-03T02:42:46.329+01:00 INFO ledger-service host=ledger-service-5b8f6c-t6zvn corrId=c-6392159628abf051 ledger posting accepted loan_id=LN386978707 amount_dkk=9095.09 posting_id=PST-b592ac2eef
2026-03-03T02:42:46.354+01:00 INFO payment-service host=payment-service-5b8f6c-p9qmz corrId=c-6392159628abf051 payment settled loan_id=LN386978707 amount_dkk=9095.09
2026-03-03T02:42:46.459+01:00 INFO notification-service host=notification-service-7c9d5b-t6zvn corrId=c-6392159628abf051 payment receipt sent loan_id=LN386978707 channel=DIGITAL_POST
2026-03-03T02:42:51.770+01:00 INFO payment-scheduler host=payment-scheduler-7c9d5b-p9qmz corrId=c-8f3cb2cd55f3102b instalment collection started loan_id=LN066463534 due_date=2026-03-26
2026-03-03T02:42:51.887+01:00 INFO payment-service host=payment-service-5b8f6c-x2k4p corrId=c-8f3cb2cd55f3102b direct debit mandate verified loan_id=LN066463534 mandate_id=MD1627061
2026-03-03T02:42:51.976+01:00 INFO payment-service host=payment-service-5b8f6c-x2k4p corrId=c-8f3cb2cd55f3102b payment instruction sent loan_id=LN066463534 amount_dkk=2720.59
2026-03-03T02:42:52.104+01:00 INFO ledger-service host=ledger-service-7c9d5b-p9qmz corrId=c-8f3cb2cd55f3102b ledger posting accepted loan_id=LN066463534 amount_dkk=2720.59 posting_id=PST-26187a70a2
2026-03-03T02:42:52.216+01:00 INFO payment-service host=payment-service-7c9d5b-x2k4p corrId=c-8f3cb2cd55f3102b payment settled loan_id=LN066463534 amount_dkk=2720.59
2026-03-03T02:42:52.306+01:00 INFO notification-service host=notification-service-a41e92-x2k4p corrId=c-8f3cb2cd55f3102b payment receipt sent loan_id=LN066463534 channel=EMAIL
2026-03-03T02:43:17.539+01:00 INFO payment-scheduler host=payment-scheduler-5b8f6c-p9qmz corrId=c-dbed2c292caf0371 instalment collection started loan_id=LN583083589 due_date=2026-03-28
2026-03-03T02:43:17.674+01:00 INFO payment-service host=payment-service-5b8f6c-x2k4p corrId=c-dbed2c292caf0371 direct debit mandate verified loan_id=LN583083589 mandate_id=MD7597519
2026-03-03T02:43:17.792+01:00 INFO payment-service host=payment-service-5b8f6c-p9qmz corrId=c-dbed2c292caf0371 payment instruction sent loan_id=LN583083589 amount_dkk=16909.32
2026-03-03T02:43:17.820+01:00 INFO ledger-service host=ledger-service-7c9d5b-x2k4p corrId=c-dbed2c292caf0371 ledger posting accepted loan_id=LN583083589 amount_dkk=16909.32 posting_id=PST-72b0c37d1a
2026-03-03T02:43:17.918+01:00 INFO payment-service host=payment-service-5b8f6c-t6zvn corrId=c-dbed2c292caf0371 payment settled loan_id=LN583083589 amount_dkk=16909.32
2026-03-03T02:43:18.052+01:00 INFO notification-service host=notification-service-5b8f6c-x2k4p corrId=c-dbed2c292caf0371 payment receipt sent loan_id=LN583083589 channel=DIGITAL_POST
2026-03-03T02:43:19.093+01:00 INFO payment-scheduler host=payment-scheduler-7c9d5b-t6zvn corrId=c-736ee33133432995 instalment collection started loan_id=LN744963557 due_date=2026-03-10
2026-03-03T02:43:19.220+01:00 INFO payment-service host=payment-service-a41e92-x2k4p corrId=c-736ee33133432995 direct debit mandate verified loan_id=LN744963557 mandate_id=MD3740941
2026-03-03T02:43:19.270+01:00 INFO payment-service host=payment-service-a41e92-x2k4p corrId=c-736ee33133432995 payment instruction sent loan_id=LN744963557 amount_dkk=15210.62
2026-03-03T02:43:19.381+01:00 INFO ledger-service host=ledger-service-5b8f6c-p9qmz corrId=c-736ee33133432995 ledger posting accepted loan_id=LN744963557 amount_dkk=15210.62 posting_id=PST-374618b1dd
2026-03-03T02:43:19.456+01:00 INFO payment-service host=payment-service-5b8f6c-p9qmz corrId=c-736ee33133432995 payment settled loan_id=LN744963557 amount_dkk=15210.62
2026-03-03T02:43:19.479+01:00 INFO notification-service host=notification-service-7c9d5b-t6zvn corrId=c-736ee33133432995 payment receipt sent loan_id=LN744963557 channel=DIGITAL_POST
2026-03-03T02:43:21.464+01:00 INFO payment-scheduler host=payment-scheduler-5b8f6c-t6zvn corrId=c-783181bc2f8a4270 instalment collection started loan_id=LN837128955 due_date=2026-03-11
2026-03-03T02:43:21.493+01:00 INFO payment-service host=payment-service-a41e92-p9qmz corrId=c-783181bc2f8a4270 direct debit mandate verified loan_id=LN837128955 mandate_id=MD5343253
2026-03-03T02:43:21.632+01:00 INFO payment-service host=payment-service-5b8f6c-x2k4p corrId=c-783181bc2f8a4270 payment instruction sent loan_id=LN837128955 amount_dkk=10513.51
2026-03-03T02:43:21.764+01:00 INFO ledger-service host=ledger-service-a41e92-t6zvn corrId=c-783181bc2f8a4270 ledger posting accepted loan_id=LN837128955 amount_dkk=10513.51 posting_id=PST-005dd41109
2026-03-03T02:43:21.872+01:00 INFO payment-service host=payment-service-a41e92-t6zvn corrId=c-783181bc2f8a4270 payment settled loan_id=LN837128955 amount_dkk=10513.51
2026-03-03T02:43:21.953+01:00 INFO notification-service host=notification-service-5b8f6c-t6zvn corrId=c-783181bc2f8a4270 payment receipt sent loan_id=LN837128955 channel=DIGITAL_POST
2026-03-03T02:43:52.955+01:00 INFO payment-scheduler host=payment-scheduler-7c9d5b-t6zvn corrId=c-89a3dfcf037be3bd instalment collection started loan_id=LN865306487 due_date=2026-03-09
2026-03-03T02:43:52.982+01:00 INFO payment-service host=payment-service-7c9d5b-p9qmz corrId=c-89a3dfcf037be3bd direct debit mandate verified loan_id=LN865306487 mandate_id=MD1986260
2026-03-03T02:43:53.100+01:00 INFO payment-service host=payment-service-a41e92-x2k4p corrId=c-89a3dfcf037be3bd payment instruction sent loan_id=LN865306487 amount_dkk=4690.39
2026-03-03T02:43:53.225+01:00 INFO ledger-service host=ledger-service-7c9d5b-x2k4p corrId=c-89a3dfcf037be3bd ledger posting accepted loan_id=LN865306487 amount_dkk=4690.39 posting_id=PST-829334b238
2026-03-03T02:43:53.306+01:00 INFO payment-service host=payment-service-7c9d5b-t6zvn corrId=c-89a3dfcf037be3bd payment settled loan_id=LN865306487 amount_dkk=4690.39
2026-03-03T02:43:53.388+01:00 INFO notification-service host=notification-service-7c9d5b-x2k4p corrId=c-89a3dfcf037be3bd payment receipt sent loan_id=LN865306487 channel=EMAIL
2026-03-03T02:44:14.830+01:00 INFO payment-scheduler host=payment-scheduler-7c9d5b-t6zvn corrId=c-705b277c389f86b5 instalment collection started loan_id=LN354161248 due_date=2026-03-08
2026-03-03T02:44:14.952+01:00 INFO payment-service host=payment-service-7c9d5b-t6zvn corrId=c-705b277c389f86b5 direct debit mandate verified loan_id=LN354161248 mandate_id=MD2272032
2026-03-03T02:44:14.992+01:00 INFO payment-service host=payment-service-7c9d5b-x2k4p corrId=c-705b277c389f86b5 payment instruction sent loan_id=LN354161248 amount_dkk=11300.73
2026-03-03T02:44:15.118+01:00 INFO ledger-service host=ledger-service-7c9d5b-t6zvn corrId=c-705b277c389f86b5 ledger posting accepted loan_id=LN354161248 amount_dkk=11300.73 posting_id=PST-7fcc0be3eb
2026-03-03T02:44:15.137+01:00 INFO payment-service host=payment-service-a41e92-p9qmz corrId=c-705b277c389f86b5 payment settled loan_id=LN354161248 amount_dkk=11300.73
2026-03-03T02:44:15.164+01:00 INFO notification-service host=notification-service-7c9d5b-t6zvn corrId=c-705b277c389f86b5 payment receipt sent loan_id=LN354161248 channel=EMAIL
2026-03-03T02:44:32.983+01:00 INFO payment-scheduler host=payment-scheduler-5b8f6c-x2k4p corrId=c-2eb02e7341166cbc instalment collection started loan_id=LN540266028 due_date=2026-03-10
2026-03-03T02:44:33.110+01:00 INFO payment-service host=payment-service-7c9d5b-x2k4p corrId=c-2eb02e7341166cbc direct debit mandate verified loan_id=LN540266028 mandate_id=MD0257410
2026-03-03T02:44:33.176+01:00 INFO payment-service host=payment-service-a41e92-t6zvn corrId=c-2eb02e7341166cbc payment instruction sent loan_id=LN540266028 amount_dkk=4545.64
2026-03-03T02:44:33.296+01:00 INFO ledger-service host=ledger-service-7c9d5b-t6zvn corrId=c-2eb02e7341166cbc ledger posting accepted loan_id=LN540266028 amount_dkk=4545.64 posting_id=PST-9990973c88
2026-03-03T02:44:33.321+01:00 INFO payment-service host=payment-service-5b8f6c-x2k4p corrId=c-2eb02e7341166cbc payment settled loan_id=LN540266028 amount_dkk=4545.64
2026-03-03T02:44:33.443+01:00 INFO notification-service host=notification-service-7c9d5b-x2k4p corrId=c-2eb02e7341166cbc payment receipt sent loan_id=LN540266028 channel=EMAIL
2026-03-03T02:44:44.817+01:00 INFO payment-scheduler host=payment-scheduler-a41e92-t6zvn corrId=c-ea26a26f9501354d instalment collection started loan_id=LN621231905 due_date=2026-03-28
2026-03-03T02:44:44.941+01:00 INFO payment-service host=payment-service-5b8f6c-p9qmz corrId=c-ea26a26f9501354d direct debit mandate verified loan_id=LN621231905 mandate_id=MD3421246
2026-03-03T02:44:44.963+01:00 INFO payment-service host=payment-service-a41e92-p9qmz corrId=c-ea26a26f9501354d payment instruction sent loan_id=LN621231905 amount_dkk=4824.84
2026-03-03T02:44:45.103+01:00 INFO ledger-service host=ledger-service-a41e92-p9qmz corrId=c-ea26a26f9501354d ledger posting accepted loan_id=LN621231905 amount_dkk=4824.84 posting_id=PST-f8c11cb4af
2026-03-03T02:44:45.215+01:00 INFO payment-service host=payment-service-5b8f6c-t6zvn corrId=c-ea26a26f9501354d payment settled loan_id=LN621231905 amount_dkk=4824.84
2026-03-03T02:44:45.301+01:00 INFO notification-service host=notification-service-a41e92-x2k4p corrId=c-ea26a26f9501354d payment receipt sent loan_id=LN621231905 channel=DIGITAL_POST
2026-03-03T02:44:49.448+01:00 INFO payment-scheduler host=payment-scheduler-7c9d5b-x2k4p corrId=c-fd3b45b2c5ff2002 instalment collection started loan_id=LN206176908 due_date=2026-03-24
2026-03-03T02:44:49.455+01:00 INFO payment-service host=payment-service-a41e92-t6zvn corrId=c-fd3b45b2c5ff2002 direct debit mandate verified loan_id=LN206176908 mandate_id=MD6256413
2026-03-03T02:44:49.471+01:00 INFO payment-service host=payment-service-7c9d5b-t6zvn corrId=c-fd3b45b2c5ff2002 payment instruction sent loan_id=LN206176908 amount_dkk=8331.29
2026-03-03T02:44:49.511+01:00 INFO ledger-service host=ledger-service-5b8f6c-x2k4p corrId=c-fd3b45b2c5ff2002 ledger posting accepted loan_id=LN206176908 amount_dkk=8331.29 posting_id=PST-ad75bd77d9
2026-03-03T02:44:49.572+01:00 INFO payment-service host=payment-service-5b8f6c-p9qmz corrId=c-fd3b45b2c5ff2002 payment settled loan_id=LN206176908 amount_dkk=8331.29
2026-03-03T02:44:49.640+01:00 INFO notification-service host=notification-service-5b8f6c-t6zvn corrId=c-fd3b45b2c5ff2002 payment receipt sent loan_id=LN206176908 channel=EMAIL
2026-03-03T02:44:59.560+01:00 INFO payment-scheduler host=payment-scheduler-7c9d5b-p9qmz corrId=c-3046c7101a01eb62 instalment collection started loan_id=LN172444540 due_date=2026-03-18
2026-03-03T02:44:59.576+01:00 INFO payment-service host=payment-service-5b8f6c-t6zvn corrId=c-3046c7101a01eb62 direct debit mandate verified loan_id=LN172444540 mandate_id=MD0259883
2026-03-03T02:44:59.700+01:00 INFO payment-service host=payment-service-a41e92-x2k4p corrId=c-3046c7101a01eb62 payment instruction sent loan_id=LN172444540 amount_dkk=11662.04
2026-03-03T02:44:59.752+01:00 INFO ledger-service host=ledger-service-7c9d5b-p9qmz corrId=c-3046c7101a01eb62 ledger posting accepted loan_id=LN172444540 amount_dkk=11662.04 posting_id=PST-5e6b342a8d
2026-03-03T02:44:59.799+01:00 INFO payment-service host=payment-service-7c9d5b-t6zvn corrId=c-3046c7101a01eb62 payment settled loan_id=LN172444540 amount_dkk=11662.04
2026-03-03T02:44:59.818+01:00 INFO notification-service host=notification-service-7c9d5b-p9qmz corrId=c-3046c7101a01eb62 payment receipt sent loan_id=LN172444540 channel=EMAIL
2026-03-03T02:45:00.427+01:00 INFO api-gateway host=api-gateway-5b8f6c-t6zvn corrId=- health probe ok status=200 latency_ms=14
2026-03-03T02:45:21.991+01:00 INFO payment-scheduler host=payment-scheduler-7c9d5b-t6zvn corrId=c-2bc80b06b4404e1d instalment collection started loan_id=LN245855557 due_date=2026-03-25
2026-03-03T02:45:21.998+01:00 INFO payment-service host=payment-service-7c9d5b-x2k4p corrId=c-2bc80b06b4404e1d direct debit mandate verified loan_id=LN245855557 mandate_id=MD6290299
2026-03-03T02:45:22.055+01:00 INFO payment-service host=payment-service-7c9d5b-x2k4p corrId=c-2bc80b06b4404e1d payment instruction sent loan_id=LN245855557 amount_dkk=15232.55
2026-03-03T02:45:22.129+01:00 INFO ledger-service host=ledger-service-7c9d5b-p9qmz corrId=c-2bc80b06b4404e1d ledger posting accepted loan_id=LN245855557 amount_dkk=15232.55 posting_id=PST-cede35b01b
2026-03-03T02:45:22.206+01:00 INFO payment-service host=payment-service-5b8f6c-x2k4p corrId=c-2bc80b06b4404e1d payment settled loan_id=LN245855557 amount_dkk=15232.55
2026-03-03T02:45:22.322+01:00 INFO notification-service host=notification-service-a41e92-p9qmz corrId=c-2bc80b06b4404e1d payment receipt sent loan_id=LN245855557 channel=DIGITAL_POST
2026-03-03T02:45:25.846+01:00 INFO payment-scheduler host=payment-scheduler-7c9d5b-p9qmz corrId=c-5599a2b926fa4dbc instalment collection started loan_id=LN392318059 due_date=2026-03-16
2026-03-03T02:45:25.878+01:00 INFO payment-service host=payment-service-7c9d5b-t6zvn corrId=c-5599a2b926fa4dbc direct debit mandate verified loan_id=LN392318059 mandate_id=MD3343668
2026-03-03T02:45:25.932+01:00 INFO payment-service host=payment-service-5b8f6c-p9qmz corrId=c-5599a2b926fa4dbc payment instruction sent loan_id=LN392318059 amount_dkk=9773.92
2026-03-03T02:45:25.968+01:00 INFO ledger-service host=ledger-service-a41e92-x2k4p corrId=c-5599a2b926fa4dbc ledger posting accepted loan_id=LN392318059 amount_dkk=9773.92 posting_id=PST-ece174279a
2026-03-03T02:45:26.107+01:00 INFO payment-service host=payment-service-a41e92-p9qmz corrId=c-5599a2b926fa4dbc payment settled loan_id=LN392318059 amount_dkk=9773.92
2026-03-03T02:45:26.154+01:00 INFO notification-service host=notification-service-7c9d5b-p9qmz corrId=c-5599a2b926fa4dbc payment receipt sent loan_id=LN392318059 channel=DIGITAL_POST
2026-03-03T02:45:42.931+01:00 INFO payment-scheduler host=payment-scheduler-a41e92-t6zvn corrId=c-9bf033afb1bb56ca instalment collection started loan_id=LN377925945 due_date=2026-03-04
2026-03-03T02:45:43.049+01:00 INFO payment-service host=payment-service-5b8f6c-t6zvn corrId=c-9bf033afb1bb56ca direct debit mandate verified loan_id=LN377925945 mandate_id=MD4708279
2026-03-03T02:45:43.121+01:00 INFO payment-service host=payment-service-5b8f6c-t6zvn corrId=c-9bf033afb1bb56ca payment instruction sent loan_id=LN377925945 amount_dkk=7268.13
2026-03-03T02:45:43.153+01:00 INFO ledger-service host=ledger-service-a41e92-p9qmz corrId=c-9bf033afb1bb56ca ledger posting accepted loan_id=LN377925945 amount_dkk=7268.13 posting_id=PST-32500296a5
2026-03-03T02:45:43.165+01:00 INFO payment-service host=payment-service-5b8f6c-p9qmz corrId=c-9bf033afb1bb56ca payment settled loan_id=LN377925945 amount_dkk=7268.13
2026-03-03T02:45:43.266+01:00 INFO notification-service host=notification-service-a41e92-t6zvn corrId=c-9bf033afb1bb56ca payment receipt sent loan_id=LN377925945 channel=DIGITAL_POST
2026-03-03T02:45:58.121+01:00 INFO payment-scheduler host=payment-scheduler-a41e92-x2k4p corrId=c-fdeee8bf81e6adc5 instalment collection started loan_id=LN955847642 due_date=2026-03-04
2026-03-03T02:45:58.130+01:00 INFO payment-service host=payment-service-7c9d5b-p9qmz corrId=c-fdeee8bf81e6adc5 direct debit mandate verified loan_id=LN955847642 mandate_id=MD8030428
2026-03-03T02:45:58.220+01:00 INFO payment-service host=payment-service-7c9d5b-x2k4p corrId=c-fdeee8bf81e6adc5 payment instruction sent loan_id=LN955847642 amount_dkk=17695.30
2026-03-03T02:45:58.344+01:00 INFO ledger-service host=ledger-service-7c9d5b-t6zvn corrId=c-fdeee8bf81e6adc5 ledger posting accepted loan_id=LN955847642 amount_dkk=17695.30 posting_id=PST-ffde78c4dd
2026-03-03T02:45:58.406+01:00 INFO payment-service host=payment-service-a41e92-t6zvn corrId=c-fdeee8bf81e6adc5 payment settled loan_id=LN955847642 amount_dkk=17695.30
2026-03-03T02:45:58.467+01:00 INFO notification-service host=notification-service-7c9d5b-t6zvn corrId=c-fdeee8bf81e6adc5 payment receipt sent loan_id=LN955847642 channel=EMAIL
2026-03-03T02:46:02.058+01:00 INFO payment-scheduler host=payment-scheduler-5b8f6c-p9qmz corrId=c-95d7cedb2de46c75 instalment collection started loan_id=LN600333360 due_date=2026-03-01
2026-03-03T02:46:02.183+01:00 INFO payment-service host=payment-service-a41e92-t6zvn corrId=c-95d7cedb2de46c75 direct debit mandate verified loan_id=LN600333360 mandate_id=MD1717726
2026-03-03T02:46:02.199+01:00 INFO payment-service host=payment-service-7c9d5b-t6zvn corrId=c-95d7cedb2de46c75 payment instruction sent loan_id=LN600333360 amount_dkk=2733.82
2026-03-03T02:46:02.321+01:00 INFO ledger-service host=ledger-service-7c9d5b-x2k4p corrId=c-95d7cedb2de46c75 ledger posting accepted loan_id=LN600333360 amount_dkk=2733.82 posting_id=PST-5cc4dc73d6
2026-03-03T02:46:02.455+01:00 INFO payment-service host=payment-service-7c9d5b-x2k4p corrId=c-95d7cedb2de46c75 payment settled loan_id=LN600333360 amount_dkk=2733.82
2026-03-03T02:46:02.506+01:00 INFO notification-service host=notification-service-a41e92-t6zvn corrId=c-95d7cedb2de46c75 payment receipt sent loan_id=LN600333360 channel=EMAIL
2026-03-03T02:46:03.293+01:00 INFO payment-scheduler host=payment-scheduler-7c9d5b-p9qmz corrId=c-e58b9c3606564aa7 instalment collection started loan_id=LN754762340 due_date=2026-03-09
2026-03-03T02:46:03.431+01:00 INFO payment-service host=payment-service-7c9d5b-t6zvn corrId=c-e58b9c3606564aa7 direct debit mandate verified loan_id=LN754762340 mandate_id=MD7207659
2026-03-03T02:46:03.447+01:00 INFO payment-service host=payment-service-5b8f6c-t6zvn corrId=c-e58b9c3606564aa7 payment instruction sent loan_id=LN754762340 amount_dkk=14389.34
2026-03-03T02:46:03.465+01:00 INFO ledger-service host=ledger-service-5b8f6c-x2k4p corrId=c-e58b9c3606564aa7 ledger posting accepted loan_id=LN754762340 amount_dkk=14389.34 posting_id=PST-952faec049
2026-03-03T02:46:03.528+01:00 INFO payment-service host=payment-service-a41e92-p9qmz corrId=c-e58b9c3606564aa7 payment settled loan_id=LN754762340 amount_dkk=14389.34
2026-03-03T02:46:03.620+01:00 INFO notification-service host=notification-service-a41e92-p9qmz corrId=c-e58b9c3606564aa7 payment receipt sent loan_id=LN754762340 channel=EMAIL
2026-03-03T02:46:25.734+01:00 INFO payment-scheduler host=payment-scheduler-a41e92-p9qmz corrId=c-ead50c2323c61d12 instalment collection started loan_id=LN454222888 due_date=2026-03-06
2026-03-03T02:46:25.816+01:00 INFO payment-service host=payment-service-a41e92-p9qmz corrId=c-ead50c2323c61d12 direct debit mandate verified loan_id=LN454222888 mandate_id=MD5883119
2026-03-03T02:46:25.825+01:00 INFO payment-service host=payment-service-5b8f6c-x2k4p corrId=c-ead50c2323c61d12 payment instruction sent loan_id=LN454222888 amount_dkk=10373.46
2026-03-03T02:46:25.848+01:00 INFO ledger-service host=ledger-service-5b8f6c-p9qmz corrId=c-ead50c2323c61d12 ledger posting accepted loan_id=LN454222888 amount_dkk=10373.46 posting_id=PST-6f34fe2b3c
2026-03-03T02:46:25.932+01:00 INFO payment-service host=payment-service-5b8f6c-t6zvn corrId=c-ead50c2323c61d12 payment settled loan_id=LN454222888 amount_dkk=10373.46
2026-03-03T02:46:26.035+01:00 INFO notification-service host=notification-service-5b8f6c-p9qmz corrId=c-ead50c2323c61d12 payment receipt sent loan_id=LN454222888 channel=EMAIL
2026-03-03T02:46:40.508+01:00 INFO payment-scheduler host=payment-scheduler-5b8f6c-t6zvn corrId=c-c8881c41c3967d3c instalment collection started loan_id=LN250037006 due_date=2026-03-27
2026-03-03T02:46:40.608+01:00 INFO payment-service host=payment-service-7c9d5b-x2k4p corrId=c-c8881c41c3967d3c direct debit mandate verified loan_id=LN250037006 mandate_id=MD9240082
2026-03-03T02:46:40.732+01:00 INFO payment-service host=payment-service-a41e92-t6zvn corrId=c-c8881c41c3967d3c payment instruction sent loan_id=LN250037006 amount_dkk=11826.44
2026-03-03T02:46:40.816+01:00 INFO ledger-service host=ledger-service-5b8f6c-t6zvn corrId=c-c8881c41c3967d3c ledger posting accepted loan_id=LN250037006 amount_dkk=11826.44 posting_id=PST-1c58cebbd7
2026-03-03T02:46:40.952+01:00 INFO payment-service host=payment-service-7c9d5b-p9qmz corrId=c-c8881c41c3967d3c payment settled loan_id=LN250037006 amount_dkk=11826.44
2026-03-03T02:46:41.001+01:00 INFO notification-service host=notification-service-a41e92-x2k4p corrId=c-c8881c41c3967d3c payment receipt sent loan_id=LN250037006 channel=EMAIL
2026-03-03T02:46:47.789+01:00 INFO payment-scheduler host=payment-scheduler-7c9d5b-x2k4p corrId=c-130a802e0291956a instalment collection started loan_id=LN364524206 due_date=2026-03-01
2026-03-03T02:46:47.881+01:00 INFO payment-service host=payment-service-a41e92-t6zvn corrId=c-130a802e0291956a direct debit mandate verified loan_id=LN364524206 mandate_id=MD9901613
2026-03-03T02:46:48.001+01:00 INFO payment-service host=payment-service-a41e92-x2k4p corrId=c-130a802e0291956a payment instruction sent loan_id=LN364524206 amount_dkk=17709.43
2026-03-03T02:46:48.046+01:00 INFO ledger-service host=ledger-service-5b8f6c-t6zvn corrId=c-130a802e0291956a ledger posting accepted loan_id=LN364524206 amount_dkk=17709.43 posting_id=PST-e727f9c758
2026-03-03T02:46:48.161+01:00 INFO payment-service host=payment-service-5b8f6c-p9qmz corrId=c-130a802e0291956a payment settled loan_id=LN364524206 amount_dkk=17709.43
2026-03-03T02:46:48.269+01:00 INFO notification-service host=notification-service-5b8f6c-p9qmz corrId=c-130a802e0291956a payment receipt sent loan_id=LN364524206 channel=EMAIL
2026-03-03T02:46:58.839+01:00 INFO payment-scheduler host=payment-scheduler-5b8f6c-t6zvn corrId=c-5bc06c686a78a896 instalment collection started loan_id=LN059981071 due_date=2026-03-22
2026-03-03T02:46:58.916+01:00 INFO payment-service host=payment-service-7c9d5b-x2k4p corrId=c-5bc06c686a78a896 direct debit mandate verified loan_id=LN059981071 mandate_id=MD3949916
2026-03-03T02:46:58.995+01:00 INFO payment-service host=payment-service-a41e92-p9qmz corrId=c-5bc06c686a78a896 payment instruction sent loan_id=LN059981071 amount_dkk=11308.15
2026-03-03T02:46:59.046+01:00 INFO ledger-service host=ledger-service-5b8f6c-t6zvn corrId=c-5bc06c686a78a896 ledger posting accepted loan_id=LN059981071 amount_dkk=11308.15 posting_id=PST-a6223a6a60
2026-03-03T02:46:59.148+01:00 INFO payment-service host=payment-service-a41e92-t6zvn corrId=c-5bc06c686a78a896 payment settled loan_id=LN059981071 amount_dkk=11308.15
2026-03-03T02:46:59.182+01:00 INFO notification-service host=notification-service-5b8f6c-t6zvn corrId=c-5bc06c686a78a896 payment receipt sent loan_id=LN059981071 channel=DIGITAL_POST
2026-03-03T02:47:15.969+01:00 INFO payment-scheduler host=payment-scheduler-a41e92-x2k4p corrId=c-81a7e4e61e473eec instalment collection started loan_id=LN702527348 due_date=2026-03-20
2026-03-03T02:47:16.011+01:00 INFO payment-service host=payment-service-7c9d5b-t6zvn corrId=c-81a7e4e61e473eec direct debit mandate verified loan_id=LN702527348 mandate_id=MD0562871
2026-03-03T02:47:16.107+01:00 INFO payment-service host=payment-service-5b8f6c-t6zvn corrId=c-81a7e4e61e473eec payment instruction sent loan_id=LN702527348 amount_dkk=15419.41
2026-03-03T02:47:16.186+01:00 INFO ledger-service host=ledger-service-a41e92-x2k4p corrId=c-81a7e4e61e473eec ledger posting accepted loan_id=LN702527348 amount_dkk=15419.41 posting_id=PST-2a1a0a74e7
2026-03-03T02:47:16.315+01:00 INFO payment-service host=payment-service-5b8f6c-x2k4p corrId=c-81a7e4e61e473eec payment settled loan_id=LN702527348 amount_dkk=15419.41
2026-03-03T02:47:16.410+01:00 INFO notification-service host=notification-service-a41e92-x2k4p corrId=c-81a7e4e61e473eec payment receipt sent loan_id=LN702527348 channel=DIGITAL_POST
2026-03-03T02:47:41.432+01:00 INFO payment-scheduler host=payment-scheduler-7c9d5b-x2k4p corrId=c-1e6753e629d8ff95 instalment collection started loan_id=LN346855133 due_date=2026-03-24
2026-03-03T02:47:41.513+01:00 INFO payment-service host=payment-service-5b8f6c-t6zvn corrId=c-1e6753e629d8ff95 direct debit mandate verified loan_id=LN346855133 mandate_id=MD2151500
2026-03-03T02:47:41.617+01:00 INFO payment-service host=payment-service-a41e92-p9qmz corrId=c-1e6753e629d8ff95 payment instruction sent loan_id=LN346855133 amount_dkk=9738.79
2026-03-03T02:47:41.637+01:00 INFO ledger-service host=ledger-service-7c9d5b-p9qmz corrId=c-1e6753e629d8ff95 ledger posting accepted loan_id=LN346855133 amount_dkk=9738.79 posting_id=PST-d0d273edc0
2026-03-03T02:47:41.647+01:00 INFO payment-service host=payment-service-7c9d5b-t6zvn corrId=c-1e6753e629d8ff95 payment settled loan_id=LN346855133 amount_dkk=9738.79
2026-03-03T02:47:41.696+01:00 INFO notification-service host=notification-service-7c9d5b-x2k4p corrId=c-1e6753e629d8ff95 payment receipt sent loan_id=LN346855133 channel=DIGITAL_POST
2026-03-03T02:47:45.984+01:00 INFO payment-scheduler host=payment-scheduler-7c9d5b-p9qmz corrId=c-4fa7c0dd805b91d1 instalment collection started loan_id=LN514429836 due_date=2026-03-15
2026-03-03T02:47:46.100+01:00 INFO payment-service host=payment-service-a41e92-t6zvn corrId=c-4fa7c0dd805b91d1 direct debit mandate verified loan_id=LN514429836 mandate_id=MD9037096
2026-03-03T02:47:46.125+01:00 INFO payment-service host=payment-service-7c9d5b-t6zvn corrId=c-4fa7c0dd805b91d1 payment instruction sent loan_id=LN514429836 amount_dkk=17311.28
2026-03-03T02:47:46.135+01:00 INFO ledger-service host=ledger-service-5b8f6c-p9qmz corrId=c-4fa7c0dd805b91d1 ledger posting accepted loan_id=LN514429836 amount_dkk=17311.28 posting_id=PST-0057ae817e
2026-03-03T02:47:46.186+01:00 INFO payment-service host=payment-service-7c9d5b-x2k4p corrId=c-4fa7c0dd805b91d1 payment settled loan_id=LN514429836 amount_dkk=17311.28
2026-03-03T02:47:46.316+01:00 INFO notification-service host=notification-service-7c9d5b-t6zvn corrId=c-4fa7c0dd805b91d1 payment receipt sent loan_id=LN514429836 channel=EMAIL
2026-03-03T02:48:43.417+01:00 INFO payment-scheduler host=payment-scheduler-5b8f6c-t6zvn corrId=c-2748023691564782 instalment collection started loan_id=LN937988600 due_date=2026-03-01
2026-03-03T02:48:43.503+01:00 INFO payment-service host=payment-service-7c9d5b-t6zvn corrId=c-2748023691564782 direct debit mandate verified loan_id=LN937988600 mandate_id=MD5972207
2026-03-03T02:48:43.593+01:00 INFO payment-service host=payment-service-a41e92-x2k4p corrId=c-2748023691564782 payment instruction sent loan_id=LN937988600 amount_dkk=15211.21
2026-03-03T02:48:43.732+01:00 INFO ledger-service host=ledger-service-a41e92-x2k4p corrId=c-2748023691564782 ledger posting accepted loan_id=LN937988600 amount_dkk=15211.21 posting_id=PST-9c84c09f85
2026-03-03T02:48:43.870+01:00 INFO payment-service host=payment-service-5b8f6c-t6zvn corrId=c-2748023691564782 payment settled loan_id=LN937988600 amount_dkk=15211.21
2026-03-03T02:48:43.993+01:00 INFO notification-service host=notification-service-7c9d5b-t6zvn corrId=c-2748023691564782 payment receipt sent loan_id=LN937988600 channel=DIGITAL_POST
2026-03-03T02:49:36.697+01:00 INFO payment-scheduler host=payment-scheduler-5b8f6c-p9qmz corrId=c-bde7825bce79bef9 instalment collection started loan_id=LN680985739 due_date=2026-03-18
2026-03-03T02:49:36.788+01:00 INFO payment-service host=payment-service-7c9d5b-p9qmz corrId=c-bde7825bce79bef9 direct debit mandate verified loan_id=LN680985739 mandate_id=MD2877645
2026-03-03T02:49:36.893+01:00 INFO payment-service host=payment-service-7c9d5b-t6zvn corrId=c-bde7825bce79bef9 payment instruction sent loan_id=LN680985739 amount_dkk=3295.42
2026-03-03T02:49:36.904+01:00 INFO ledger-service host=ledger-service-7c9d5b-x2k4p corrId=c-bde7825bce79bef9 ledger posting accepted loan_id=LN680985739 amount_dkk=3295.42 posting_id=PST-4043a85738
2026-03-03T02:49:36.995+01:00 INFO payment-service host=payment-service-5b8f6c-x2k4p corrId=c-bde7825bce79bef9 payment settled loan_id=LN680985739 amount_dkk=3295.42
2026-03-03T02:49:37.133+01:00 INFO notification-service host=notification-service-a41e92-x2k4p corrId=c-bde7825bce79bef9 payment receipt sent loan_id=LN680985739 channel=DIGITAL_POST
2026-03-03T02:50:00.507+01:00 INFO payment-scheduler host=payment-scheduler-7c9d5b-t6zvn corrId=- scheduler heartbeat lag_ms=100
2026-03-03T02:50:00.704+01:00 INFO api-gateway host=api-gateway-7c9d5b-t6zvn corrId=- health probe ok status=200 latency_ms=3
2026-03-03T02:50:01.536+01:00 INFO payment-scheduler host=payment-scheduler-a41e92-x2k4p corrId=c-366c2dffadd1dae4 instalment collection started loan_id=LN810421125 due_date=2026-03-11
2026-03-03T02:50:01.554+01:00 INFO payment-service host=payment-service-7c9d5b-x2k4p corrId=c-366c2dffadd1dae4 direct debit mandate verified loan_id=LN810421125 mandate_id=MD3334474
2026-03-03T02:50:01.655+01:00 INFO payment-service host=payment-service-5b8f6c-t6zvn corrId=c-366c2dffadd1dae4 payment instruction sent loan_id=LN810421125 amount_dkk=8013.85
2026-03-03T02:50:01.740+01:00 INFO ledger-service host=ledger-service-7c9d5b-x2k4p corrId=c-366c2dffadd1dae4 ledger posting accepted loan_id=LN810421125 amount_dkk=8013.85 posting_id=PST-b62ff9e0e6
2026-03-03T02:50:01.781+01:00 INFO payment-service host=payment-service-a41e92-p9qmz corrId=c-366c2dffadd1dae4 payment settled loan_id=LN810421125 amount_dkk=8013.85
2026-03-03T02:50:01.901+01:00 INFO notification-service host=notification-service-a41e92-t6zvn corrId=c-366c2dffadd1dae4 payment receipt sent loan_id=LN810421125 channel=EMAIL
2026-03-03T02:50:06.758+01:00 INFO payment-scheduler host=payment-scheduler-5b8f6c-x2k4p corrId=c-c36a6aea91e43e8e instalment collection started loan_id=LN581194204 due_date=2026-03-26
2026-03-03T02:50:06.848+01:00 INFO payment-service host=payment-service-7c9d5b-x2k4p corrId=c-c36a6aea91e43e8e direct debit mandate verified loan_id=LN581194204 mandate_id=MD5206904
2026-03-03T02:50:06.913+01:00 INFO payment-service host=payment-service-7c9d5b-x2k4p corrId=c-c36a6aea91e43e8e payment instruction sent loan_id=LN581194204 amount_dkk=6048.69
2026-03-03T02:50:06.989+01:00 INFO ledger-service host=ledger-service-5b8f6c-x2k4p corrId=c-c36a6aea91e43e8e ledger posting accepted loan_id=LN581194204 amount_dkk=6048.69 posting_id=PST-a66d942ba5
2026-03-03T02:50:07.107+01:00 INFO payment-service host=payment-service-7c9d5b-t6zvn corrId=c-c36a6aea91e43e8e payment settled loan_id=LN581194204 amount_dkk=6048.69
2026-03-03T02:50:07.149+01:00 INFO notification-service host=notification-service-5b8f6c-p9qmz corrId=c-c36a6aea91e43e8e payment receipt sent loan_id=LN581194204 channel=DIGITAL_POST
2026-03-03T02:50:21.401+01:00 INFO payment-scheduler host=payment-scheduler-7c9d5b-t6zvn corrId=c-93b3481a8673d088 instalment collection started loan_id=LN643527543 due_date=2026-03-04
2026-03-03T02:50:21.447+01:00 INFO payment-service host=payment-service-5b8f6c-t6zvn corrId=c-93b3481a8673d088 direct debit mandate verified loan_id=LN643527543 mandate_id=MD5713752
2026-03-03T02:50:21.546+01:00 INFO payment-service host=payment-service-7c9d5b-x2k4p corrId=c-93b3481a8673d088 payment instruction sent loan_id=LN643527543 amount_dkk=7279.11
2026-03-03T02:50:21.664+01:00 INFO ledger-service host=ledger-service-a41e92-x2k4p corrId=c-93b3481a8673d088 ledger posting accepted loan_id=LN643527543 amount_dkk=7279.11 posting_id=PST-2409e0defd
2026-03-03T02:50:21.760+01:00 INFO payment-service host=payment-service-7c9d5b-p9qmz corrId=c-93b3481a8673d088 payment settled loan_id=LN643527543 amount_dkk=7279.11
2026-03-03T02:50:21.833+01:00 INFO notification-service host=notification-service-5b8f6c-x2k4p corrId=c-93b3481a8673d088 payment receipt sent loan_id=LN643527543 channel=EMAIL
2026-03-03T02:50:21.869+01:00 INFO payment-scheduler host=payment-scheduler-7c9d5b-t6zvn corrId=c-5de64e281bd4846f instalment collection started loan_id=LN315872963 due_date=2026-03-11
2026-03-03T02:50:21.913+01:00 INFO payment-service host=payment-service-5b8f6c-t6zvn corrId=c-5de64e281bd4846f direct debit mandate verified loan_id=LN315872963 mandate_id=MD0523766
2026-03-03T02:50:21.959+01:00 INFO payment-service host=payment-service-7c9d5b-p9qmz corrId=c-5de64e281bd4846f payment instruction sent loan_id=LN315872963 amount_dkk=12239.62
2026-03-03T02:50:21.986+01:00 INFO ledger-service host=ledger-service-7c9d5b-x2k4p corrId=c-5de64e281bd4846f ledger posting accepted loan_id=LN315872963 amount_dkk=12239.62 posting_id=PST-f7a07e510b
2026-03-03T02:50:22.001+01:00 INFO payment-service host=payment-service-a41e92-t6zvn corrId=c-5de64e281bd4846f payment settled loan_id=LN315872963 amount_dkk=12239.62
2026-03-03T02:50:22.093+01:00 INFO notification-service host=notification-service-7c9d5b-p9qmz corrId=c-5de64e281bd4846f payment receipt sent loan_id=LN315872963 channel=EMAIL
2026-03-03T02:51:06.616+01:00 INFO payment-scheduler host=payment-scheduler-5b8f6c-t6zvn corrId=c-f5f646e687128618 instalment collection started loan_id=LN036072209 due_date=2026-03-09
2026-03-03T02:51:06.649+01:00 INFO payment-service host=payment-service-a41e92-t6zvn corrId=c-f5f646e687128618 direct debit mandate verified loan_id=LN036072209 mandate_id=MD0631265
2026-03-03T02:51:06.688+01:00 INFO payment-service host=payment-service-5b8f6c-t6zvn corrId=c-f5f646e687128618 payment instruction sent loan_id=LN036072209 amount_dkk=8851.12
2026-03-03T02:51:06.812+01:00 INFO ledger-service host=ledger-service-a41e92-x2k4p corrId=c-f5f646e687128618 ledger posting accepted loan_id=LN036072209 amount_dkk=8851.12 posting_id=PST-d6aa124e8f
2026-03-03T02:51:06.832+01:00 INFO payment-service host=payment-service-a41e92-t6zvn corrId=c-f5f646e687128618 payment settled loan_id=LN036072209 amount_dkk=8851.12
2026-03-03T02:51:06.846+01:00 INFO notification-service host=notification-service-5b8f6c-p9qmz corrId=c-f5f646e687128618 payment receipt sent loan_id=LN036072209 channel=DIGITAL_POST
2026-03-03T02:51:26.186+01:00 INFO payment-scheduler host=payment-scheduler-7c9d5b-p9qmz corrId=c-f4131444c6289540 instalment collection started loan_id=LN012315398 due_date=2026-03-02
2026-03-03T02:51:26.281+01:00 INFO payment-service host=payment-service-7c9d5b-p9qmz corrId=c-f4131444c6289540 direct debit mandate verified loan_id=LN012315398 mandate_id=MD0241899
2026-03-03T02:51:26.379+01:00 INFO payment-service host=payment-service-5b8f6c-t6zvn corrId=c-f4131444c6289540 payment instruction sent loan_id=LN012315398 amount_dkk=15330.41
2026-03-03T02:51:26.455+01:00 INFO ledger-service host=ledger-service-a41e92-x2k4p corrId=c-f4131444c6289540 ledger posting accepted loan_id=LN012315398 amount_dkk=15330.41 posting_id=PST-27a50f54d2
2026-03-03T02:51:26.464+01:00 INFO payment-scheduler host=payment-scheduler-5b8f6c-t6zvn corrId=c-de8ebd405b7f8b99 instalment collection started loan_id=LN883874599 due_date=2026-03-02
2026-03-03T02:51:26.540+01:00 INFO payment-service host=payment-service-a41e92-t6zvn corrId=c-de8ebd405b7f8b99 direct debit mandate verified loan_id=LN883874599 mandate_id=MD3267808
2026-03-03T02:51:26.568+01:00 INFO payment-service host=payment-service-7c9d5b-t6zvn corrId=c-f4131444c6289540 payment settled loan_id=LN012315398 amount_dkk=15330.41
2026-03-03T02:51:26.590+01:00 INFO notification-service host=notification-service-7c9d5b-p9qmz corrId=c-f4131444c6289540 payment receipt sent loan_id=LN012315398 channel=EMAIL
2026-03-03T02:51:26.663+01:00 INFO payment-service host=payment-service-a41e92-t6zvn corrId=c-de8ebd405b7f8b99 payment instruction sent loan_id=LN883874599 amount_dkk=4742.39
2026-03-03T02:51:26.759+01:00 INFO ledger-service host=ledger-service-7c9d5b-p9qmz corrId=c-de8ebd405b7f8b99 ledger posting accepted loan_id=LN883874599 amount_dkk=4742.39 posting_id=PST-47c3a6e224
2026-03-03T02:51:26.806+01:00 INFO payment-service host=payment-service-a41e92-x2k4p corrId=c-de8ebd405b7f8b99 payment settled loan_id=LN883874599 amount_dkk=4742.39
2026-03-03T02:51:26.861+01:00 INFO notification-service host=notification-service-5b8f6c-t6zvn corrId=c-de8ebd405b7f8b99 payment receipt sent loan_id=LN883874599 channel=EMAIL
2026-03-03T02:51:28.291+01:00 INFO payment-scheduler host=payment-scheduler-5b8f6c-x2k4p corrId=c-2b289b0e80c47f91 instalment collection started loan_id=LN199750976 due_date=2026-03-23
2026-03-03T02:51:28.310+01:00 INFO payment-service host=payment-service-a41e92-p9qmz corrId=c-2b289b0e80c47f91 direct debit mandate verified loan_id=LN199750976 mandate_id=MD7067162
2026-03-03T02:51:28.321+01:00 INFO payment-service host=payment-service-a41e92-x2k4p corrId=c-2b289b0e80c47f91 payment instruction sent loan_id=LN199750976 amount_dkk=14715.51
2026-03-03T02:51:28.379+01:00 INFO ledger-service host=ledger-service-a41e92-p9qmz corrId=c-2b289b0e80c47f91 ledger posting accepted loan_id=LN199750976 amount_dkk=14715.51 posting_id=PST-eff0e17127
2026-03-03T02:51:28.476+01:00 INFO payment-service host=payment-service-7c9d5b-t6zvn corrId=c-2b289b0e80c47f91 payment settled loan_id=LN199750976 amount_dkk=14715.51
2026-03-03T02:51:28.595+01:00 INFO notification-service host=notification-service-a41e92-t6zvn corrId=c-2b289b0e80c47f91 payment receipt sent loan_id=LN199750976 channel=DIGITAL_POST
2026-03-03T02:51:35.741+01:00 INFO payment-scheduler host=payment-scheduler-5b8f6c-p9qmz corrId=c-176db6218fee1cc1 instalment collection started loan_id=LN797285508 due_date=2026-03-14
2026-03-03T02:51:35.754+01:00 INFO payment-service host=payment-service-7c9d5b-p9qmz corrId=c-176db6218fee1cc1 direct debit mandate verified loan_id=LN797285508 mandate_id=MD1814816
2026-03-03T02:51:35.794+01:00 INFO payment-service host=payment-service-7c9d5b-x2k4p corrId=c-176db6218fee1cc1 payment instruction sent loan_id=LN797285508 amount_dkk=17999.56
2026-03-03T02:51:35.924+01:00 INFO ledger-service host=ledger-service-a41e92-x2k4p corrId=c-176db6218fee1cc1 ledger posting accepted loan_id=LN797285508 amount_dkk=17999.56 posting_id=PST-c53b6a6721
2026-03-03T02:51:35.945+01:00 INFO payment-service host=payment-service-a41e92-p9qmz corrId=c-176db6218fee1cc1 payment settled loan_id=LN797285508 amount_dkk=17999.56
2026-03-03T02:51:36.080+01:00 INFO notification-service host=notification-service-a41e92-p9qmz corrId=c-176db6218fee1cc1 payment receipt sent loan_id=LN797285508 channel=EMAIL
2026-03-03T02:51:53.849+01:00 INFO payment-scheduler host=payment-scheduler-5b8f6c-p9qmz corrId=c-5b6eb58bc6257d17 instalment collection started loan_id=LN272287800 due_date=2026-03-24
2026-03-03T02:51:53.968+01:00 INFO payment-service host=payment-service-a41e92-t6zvn corrId=c-5b6eb58bc6257d17 direct debit mandate verified loan_id=LN272287800 mandate_id=MD1799453
2026-03-03T02:51:53.987+01:00 INFO payment-service host=payment-service-a41e92-t6zvn corrId=c-5b6eb58bc6257d17 payment instruction sent loan_id=LN272287800 amount_dkk=7587.79
2026-03-03T02:51:54.027+01:00 INFO ledger-service host=ledger-service-7c9d5b-t6zvn corrId=c-5b6eb58bc6257d17 ledger posting accepted loan_id=LN272287800 amount_dkk=7587.79 posting_id=PST-ceca6b4cfb
2026-03-03T02:51:54.140+01:00 INFO payment-service host=payment-service-5b8f6c-p9qmz corrId=c-5b6eb58bc6257d17 payment settled loan_id=LN272287800 amount_dkk=7587.79
2026-03-03T02:51:54.187+01:00 INFO payment-scheduler host=payment-scheduler-5b8f6c-x2k4p corrId=c-31f858c7bb88e7d3 instalment collection started loan_id=LN622919138 due_date=2026-03-17
2026-03-03T02:51:54.199+01:00 INFO notification-service host=notification-service-a41e92-p9qmz corrId=c-5b6eb58bc6257d17 payment receipt sent loan_id=LN272287800 channel=DIGITAL_POST
2026-03-03T02:51:54.245+01:00 INFO payment-service host=payment-service-a41e92-t6zvn corrId=c-31f858c7bb88e7d3 direct debit mandate verified loan_id=LN622919138 mandate_id=MD8830885
2026-03-03T02:51:54.316+01:00 INFO payment-service host=payment-service-a41e92-x2k4p corrId=c-31f858c7bb88e7d3 payment instruction sent loan_id=LN622919138 amount_dkk=6382.25
2026-03-03T02:51:54.359+01:00 INFO ledger-service host=ledger-service-a41e92-t6zvn corrId=c-31f858c7bb88e7d3 ledger posting accepted loan_id=LN622919138 amount_dkk=6382.25 posting_id=PST-44249f247e
2026-03-03T02:51:54.379+01:00 INFO payment-service host=payment-service-7c9d5b-p9qmz corrId=c-31f858c7bb88e7d3 payment settled loan_id=LN622919138 amount_dkk=6382.25
2026-03-03T02:51:54.416+01:00 INFO notification-service host=notification-service-7c9d5b-x2k4p corrId=c-31f858c7bb88e7d3 payment receipt sent loan_id=LN622919138 channel=EMAIL
2026-03-03T02:51:55.971+01:00 INFO payment-scheduler host=payment-scheduler-5b8f6c-t6zvn corrId=c-381b16137ba818b5 instalment collection started loan_id=LN961718918 due_date=2026-03-16
2026-03-03T02:51:55.987+01:00 INFO payment-service host=payment-service-a41e92-x2k4p corrId=c-381b16137ba818b5 direct debit mandate verified loan_id=LN961718918 mandate_id=MD8342991
2026-03-03T02:51:56.121+01:00 INFO payment-service host=payment-service-5b8f6c-x2k4p corrId=c-381b16137ba818b5 payment instruction sent loan_id=LN961718918 amount_dkk=17176.52
2026-03-03T02:51:56.250+01:00 INFO ledger-service host=ledger-service-5b8f6c-p9qmz corrId=c-381b16137ba818b5 ledger posting accepted loan_id=LN961718918 amount_dkk=17176.52 posting_id=PST-ef6f50a5ce
2026-03-03T02:51:56.381+01:00 INFO payment-service host=payment-service-7c9d5b-t6zvn corrId=c-381b16137ba818b5 payment settled loan_id=LN961718918 amount_dkk=17176.52
2026-03-03T02:51:56.470+01:00 INFO notification-service host=notification-service-a41e92-x2k4p corrId=c-381b16137ba818b5 payment receipt sent loan_id=LN961718918 channel=DIGITAL_POST
2026-03-03T02:52:18.041+01:00 INFO payment-scheduler host=payment-scheduler-a41e92-p9qmz corrId=c-76e02176b0d36d23 instalment collection started loan_id=LN655214990 due_date=2026-03-17
2026-03-03T02:52:18.093+01:00 INFO payment-service host=payment-service-5b8f6c-p9qmz corrId=c-76e02176b0d36d23 direct debit mandate verified loan_id=LN655214990 mandate_id=MD7803400
2026-03-03T02:52:18.099+01:00 INFO payment-service host=payment-service-7c9d5b-x2k4p corrId=c-76e02176b0d36d23 payment instruction sent loan_id=LN655214990 amount_dkk=12674.08
2026-03-03T02:52:18.171+01:00 ERROR ledger-service host=ledger-service-a41e92-t6zvn corrId=c-76e02176b0d36d23 ledger posting rejected loan_id=LN655214990 reason=QUEUE_TIMEOUT
2026-03-03T02:52:18.289+01:00 INFO payment-service host=payment-service-5b8f6c-p9qmz corrId=c-76e02176b0d36d23 payment settled loan_id=LN655214990 amount_dkk=12674.08
2026-03-03T02:52:18.374+01:00 INFO notification-service host=notification-service-7c9d5b-p9qmz corrId=c-76e02176b0d36d23 payment receipt sent loan_id=LN655214990 channel=DIGITAL_POST
2026-03-03T02:52:29.406+01:00 INFO payment-scheduler host=payment-scheduler-a41e92-p9qmz corrId=c-50401da82a7ce82d instalment collection started loan_id=LN204068741 due_date=2026-03-04
2026-03-03T02:52:29.436+01:00 INFO payment-service host=payment-service-a41e92-p9qmz corrId=c-50401da82a7ce82d direct debit mandate verified loan_id=LN204068741 mandate_id=MD9789345
2026-03-03T02:52:29.444+01:00 INFO payment-service host=payment-service-7c9d5b-t6zvn corrId=c-50401da82a7ce82d payment instruction sent loan_id=LN204068741 amount_dkk=12780.34
2026-03-03T02:52:29.542+01:00 INFO ledger-service host=ledger-service-a41e92-x2k4p corrId=c-50401da82a7ce82d ledger posting accepted loan_id=LN204068741 amount_dkk=12780.34 posting_id=PST-899c6a1db2
2026-03-03T02:52:29.607+01:00 INFO payment-service host=payment-service-7c9d5b-p9qmz corrId=c-50401da82a7ce82d payment settled loan_id=LN204068741 amount_dkk=12780.34
2026-03-03T02:52:29.623+01:00 INFO notification-service host=notification-service-7c9d5b-t6zvn corrId=c-50401da82a7ce82d payment receipt sent loan_id=LN204068741 channel=DIGITAL_POST
2026-03-03T02:52:47.523+01:00 INFO payment-scheduler host=payment-scheduler-7c9d5b-x2k4p corrId=c-e7f3bad0c900a61e instalment collection started loan_id=LN772359602 due_date=2026-03-11
2026-03-03T02:52:47.653+01:00 INFO payment-service host=payment-service-5b8f6c-t6zvn corrId=c-e7f3bad0c900a61e direct debit mandate verified loan_id=LN772359602 mandate_id=MD5329278
2026-03-03T02:52:47.766+01:00 INFO payment-service host=payment-service-7c9d5b-x2k4p corrId=c-e7f3bad0c900a61e payment instruction sent loan_id=LN772359602 amount_dkk=10370.33
2026-03-03T02:52:47.786+01:00 INFO ledger-service host=ledger-service-5b8f6c-t6zvn corrId=c-e7f3bad0c900a61e ledger posting accepted loan_id=LN772359602 amount_dkk=10370.33 posting_id=PST-ed95c84ca9
2026-03-03T02:52:47.879+01:00 INFO payment-service host=payment-service-5b8f6c-p9qmz corrId=c-e7f3bad0c900a61e payment settled loan_id=LN772359602 amount_dkk=10370.33
2026-03-03T02:52:47.927+01:00 INFO notification-service host=notification-service-7c9d5b-x2k4p corrId=c-e7f3bad0c900a61e payment receipt sent loan_id=LN772359602 channel=DIGITAL_POST
2026-03-03T02:52:56.860+01:00 INFO payment-scheduler host=payment-scheduler-7c9d5b-p9qmz corrId=c-85072b55f92ab4bc instalment collection started loan_id=LN020892018 due_date=2026-03-24
2026-03-03T02:52:56.914+01:00 INFO payment-service host=payment-service-5b8f6c-t6zvn corrId=c-85072b55f92ab4bc direct debit mandate verified loan_id=LN020892018 mandate_id=MD2525605
2026-03-03T02:52:56.990+01:00 INFO payment-service host=payment-service-7c9d5b-t6zvn corrId=c-85072b55f92ab4bc payment instruction sent loan_id=LN020892018 amount_dkk=12923.64
2026-03-03T02:52:57.091+01:00 INFO ledger-service host=ledger-service-7c9d5b-p9qmz corrId=c-85072b55f92ab4bc ledger posting accepted loan_id=LN020892018 amount_dkk=12923.64 posting_id=PST-fe8b755b8f
2026-03-03T02:52:57.163+01:00 INFO payment-service host=payment-service-5b8f6c-x2k4p corrId=c-85072b55f92ab4bc payment settled loan_id=LN020892018 amount_dkk=12923.64
2026-03-03T02:52:57.220+01:00 INFO notification-service host=notification-service-5b8f6c-t6zvn corrId=c-85072b55f92ab4bc payment receipt sent loan_id=LN020892018 channel=DIGITAL_POST
2026-03-03T02:53:10.779+01:00 INFO payment-scheduler host=payment-scheduler-5b8f6c-x2k4p corrId=c-3632ea0b12f3688d instalment collection started loan_id=LN544168636 due_date=2026-03-10
2026-03-03T02:53:10.811+01:00 INFO payment-service host=payment-service-5b8f6c-p9qmz corrId=c-3632ea0b12f3688d direct debit mandate verified loan_id=LN544168636 mandate_id=MD2476397
2026-03-03T02:53:10.867+01:00 INFO payment-service host=payment-service-7c9d5b-t6zvn corrId=c-3632ea0b12f3688d payment instruction sent loan_id=LN544168636 amount_dkk=2885.26
2026-03-03T02:53:10.883+01:00 INFO ledger-service host=ledger-service-5b8f6c-t6zvn corrId=c-3632ea0b12f3688d ledger posting accepted loan_id=LN544168636 amount_dkk=2885.26 posting_id=PST-00c708857b
2026-03-03T02:53:11.007+01:00 INFO payment-service host=payment-service-5b8f6c-x2k4p corrId=c-3632ea0b12f3688d payment settled loan_id=LN544168636 amount_dkk=2885.26
2026-03-03T02:53:11.047+01:00 INFO notification-service host=notification-service-7c9d5b-x2k4p corrId=c-3632ea0b12f3688d payment receipt sent loan_id=LN544168636 channel=DIGITAL_POST
2026-03-03T02:53:21.220+01:00 INFO payment-scheduler host=payment-scheduler-7c9d5b-p9qmz corrId=c-339d0a145c585fa3 instalment collection started loan_id=LN060022419 due_date=2026-03-03
2026-03-03T02:53:21.309+01:00 INFO payment-service host=payment-service-7c9d5b-p9qmz corrId=c-339d0a145c585fa3 direct debit mandate verified loan_id=LN060022419 mandate_id=MD5821400
2026-03-03T02:53:21.327+01:00 INFO payment-service host=payment-service-7c9d5b-x2k4p corrId=c-339d0a145c585fa3 payment instruction sent loan_id=LN060022419 amount_dkk=7152.24
2026-03-03T02:53:21.365+01:00 INFO ledger-service host=ledger-service-7c9d5b-x2k4p corrId=c-339d0a145c585fa3 ledger posting accepted loan_id=LN060022419 amount_dkk=7152.24 posting_id=PST-e1cc3eb9f1
2026-03-03T02:53:21.420+01:00 INFO payment-service host=payment-service-a41e92-p9qmz corrId=c-339d0a145c585fa3 payment settled loan_id=LN060022419 amount_dkk=7152.24
2026-03-03T02:53:21.460+01:00 INFO notification-service host=notification-service-7c9d5b-x2k4p corrId=c-339d0a145c585fa3 payment receipt sent loan_id=LN060022419 channel=EMAIL
2026-03-03T02:53:22.812+01:00 INFO payment-scheduler host=payment-scheduler-a41e92-p9qmz corrId=c-2fdb0e825b12da54 instalment collection started loan_id=LN849322359 due_date=2026-03-05
2026-03-03T02:53:22.850+01:00 INFO payment-service host=payment-service-7c9d5b-t6zvn corrId=c-2fdb0e825b12da54 direct debit mandate verified loan_id=LN849322359 mandate_id=MD2620220
2026-03-03T02:53:22.930+01:00 INFO payment-service host=payment-service-7c9d5b-x2k4p corrId=c-2fdb0e825b12da54 payment instruction sent loan_id=LN849322359 amount_dkk=15423.34
2026-03-03T02:53:23.041+01:00 INFO ledger-service host=ledger-service-5b8f6c-p9qmz corrId=c-2fdb0e825b12da54 ledger posting accepted loan_id=LN849322359 amount_dkk=15423.34 posting_id=PST-b195655d4b
2026-03-03T02:53:23.141+01:00 INFO payment-service host=payment-service-5b8f6c-p9qmz corrId=c-2fdb0e825b12da54 payment settled loan_id=LN849322359 amount_dkk=15423.34
2026-03-03T02:53:23.226+01:00 INFO notification-service host=notification-service-a41e92-x2k4p corrId=c-2fdb0e825b12da54 payment receipt sent loan_id=LN849322359 channel=DIGITAL_POST
2026-03-03T02:53:31.916+01:00 INFO payment-scheduler host=payment-scheduler-a41e92-x2k4p corrId=c-5a80edc77dd5a0c1 instalment collection started loan_id=LN775305108 due_date=2026-03-22
2026-03-03T02:53:31.924+01:00 INFO payment-service host=payment-service-a41e92-t6zvn corrId=c-5a80edc77dd5a0c1 direct debit mandate verified loan_id=LN775305108 mandate_id=MD1102662
2026-03-03T02:53:31.962+01:00 INFO payment-service host=payment-service-5b8f6c-p9qmz corrId=c-5a80edc77dd5a0c1 payment instruction sent loan_id=LN775305108 amount_dkk=9989.94
2026-03-03T02:53:31.971+01:00 INFO ledger-service host=ledger-service-7c9d5b-x2k4p corrId=c-5a80edc77dd5a0c1 ledger posting accepted loan_id=LN775305108 amount_dkk=9989.94 posting_id=PST-a4adf43d8f
2026-03-03T02:53:32.069+01:00 INFO payment-service host=payment-service-5b8f6c-t6zvn corrId=c-5a80edc77dd5a0c1 payment settled loan_id=LN775305108 amount_dkk=9989.94
2026-03-03T02:53:32.137+01:00 INFO notification-service host=notification-service-5b8f6c-x2k4p corrId=c-5a80edc77dd5a0c1 payment receipt sent loan_id=LN775305108 channel=DIGITAL_POST
2026-03-03T02:54:04.683+01:00 INFO payment-scheduler host=payment-scheduler-a41e92-t6zvn corrId=c-d926240cadb70325 instalment collection started loan_id=LN564975368 due_date=2026-03-15
2026-03-03T02:54:04.779+01:00 INFO payment-service host=payment-service-5b8f6c-x2k4p corrId=c-d926240cadb70325 direct debit mandate verified loan_id=LN564975368 mandate_id=MD5795340
2026-03-03T02:54:04.900+01:00 INFO payment-service host=payment-service-7c9d5b-p9qmz corrId=c-d926240cadb70325 payment instruction sent loan_id=LN564975368 amount_dkk=8158.34
2026-03-03T02:54:04.947+01:00 INFO ledger-service host=ledger-service-5b8f6c-t6zvn corrId=c-d926240cadb70325 ledger posting accepted loan_id=LN564975368 amount_dkk=8158.34 posting_id=PST-dc0f37737c
2026-03-03T02:54:05.086+01:00 INFO payment-service host=payment-service-7c9d5b-x2k4p corrId=c-d926240cadb70325 payment settled loan_id=LN564975368 amount_dkk=8158.34
2026-03-03T02:54:05.170+01:00 INFO notification-service host=notification-service-5b8f6c-p9qmz corrId=c-d926240cadb70325 payment receipt sent loan_id=LN564975368 channel=DIGITAL_POST
2026-03-03T02:54:18.840+01:00 INFO payment-scheduler host=payment-scheduler-7c9d5b-t6zvn corrId=c-e76baf7d332204c0 instalment collection started loan_id=LN757766535 due_date=2026-03-09
2026-03-03T02:54:18.946+01:00 INFO payment-service host=payment-service-5b8f6c-t6zvn corrId=c-e76baf7d332204c0 direct debit mandate verified loan_id=LN757766535 mandate_id=MD8630999
2026-03-03T02:54:19.033+01:00 INFO payment-service host=payment-service-a41e92-t6zvn corrId=c-e76baf7d332204c0 payment instruction sent loan_id=LN757766535 amount_dkk=12780.60
2026-03-03T02:54:19.077+01:00 INFO ledger-service host=ledger-service-7c9d5b-x2k4p corrId=c-e76baf7d332204c0 ledger posting accepted loan_id=LN757766535 amount_dkk=12780.60 posting_id=PST-92fcbf5bbf
2026-03-03T02:54:19.096+01:00 INFO payment-service host=payment-service-a41e92-p9qmz corrId=c-e76baf7d332204c0 payment settled loan_id=LN757766535 amount_dkk=12780.60
2026-03-03T02:54:19.139+01:00 INFO notification-service host=notification-service-5b8f6c-p9qmz corrId=c-e76baf7d332204c0 payment receipt sent loan_id=LN757766535 channel=DIGITAL_POST
2026-03-03T02:54:24.708+01:00 INFO payment-scheduler host=payment-scheduler-a41e92-x2k4p corrId=c-06ae540b1edc9edb instalment collection started loan_id=LN830970638 due_date=2026-03-26
2026-03-03T02:54:24.834+01:00 INFO payment-service host=payment-service-a41e92-t6zvn corrId=c-06ae540b1edc9edb direct debit mandate verified loan_id=LN830970638 mandate_id=MD6426770
2026-03-03T02:54:24.929+01:00 INFO payment-service host=payment-service-5b8f6c-x2k4p corrId=c-06ae540b1edc9edb payment instruction sent loan_id=LN830970638 amount_dkk=2522.56
2026-03-03T02:54:24.953+01:00 INFO ledger-service host=ledger-service-a41e92-p9qmz corrId=c-06ae540b1edc9edb ledger posting accepted loan_id=LN830970638 amount_dkk=2522.56 posting_id=PST-bf33ef8d44
2026-03-03T02:54:24.980+01:00 INFO payment-service host=payment-service-a41e92-x2k4p corrId=c-06ae540b1edc9edb payment settled loan_id=LN830970638 amount_dkk=2522.56
2026-03-03T02:54:25.014+01:00 INFO notification-service host=notification-service-a41e92-x2k4p corrId=c-06ae540b1edc9edb payment receipt sent loan_id=LN830970638 channel=DIGITAL_POST
2026-03-03T02:54:36.447+01:00 INFO payment-scheduler host=payment-scheduler-a41e92-t6zvn corrId=c-a10e17cc969845dc instalment collection started loan_id=LN803975620 due_date=2026-03-28
2026-03-03T02:54:36.544+01:00 INFO payment-service host=payment-service-7c9d5b-t6zvn corrId=c-a10e17cc969845dc direct debit mandate verified loan_id=LN803975620 mandate_id=MD8387431
2026-03-03T02:54:36.602+01:00 INFO payment-service host=payment-service-a41e92-x2k4p corrId=c-a10e17cc969845dc payment instruction sent loan_id=LN803975620 amount_dkk=3625.86
2026-03-03T02:54:36.628+01:00 INFO ledger-service host=ledger-service-a41e92-x2k4p corrId=c-a10e17cc969845dc ledger posting accepted loan_id=LN803975620 amount_dkk=3625.86 posting_id=PST-daa2d6cfe7
2026-03-03T02:54:36.749+01:00 INFO payment-service host=payment-service-7c9d5b-t6zvn corrId=c-a10e17cc969845dc payment settled loan_id=LN803975620 amount_dkk=3625.86
2026-03-03T02:54:36.774+01:00 INFO notification-service host=notification-service-5b8f6c-x2k4p corrId=c-a10e17cc969845dc payment receipt sent loan_id=LN803975620 channel=DIGITAL_POST
2026-03-03T02:54:54.256+01:00 INFO payment-scheduler host=payment-scheduler-a41e92-p9qmz corrId=c-51e60b2f8af42362 instalment collection started loan_id=LN493955970 due_date=2026-03-25
2026-03-03T02:54:54.296+01:00 INFO payment-service host=payment-service-a41e92-t6zvn corrId=c-51e60b2f8af42362 direct debit mandate verified loan_id=LN493955970 mandate_id=MD9181243
2026-03-03T02:54:54.370+01:00 INFO payment-service host=payment-service-a41e92-x2k4p corrId=c-51e60b2f8af42362 payment instruction sent loan_id=LN493955970 amount_dkk=9965.42
2026-03-03T02:54:54.378+01:00 INFO ledger-service host=ledger-service-7c9d5b-p9qmz corrId=c-51e60b2f8af42362 ledger posting accepted loan_id=LN493955970 amount_dkk=9965.42 posting_id=PST-202effb6b2
2026-03-03T02:54:54.480+01:00 INFO payment-service host=payment-service-5b8f6c-t6zvn corrId=c-51e60b2f8af42362 payment settled loan_id=LN493955970 amount_dkk=9965.42
2026-03-03T02:54:54.529+01:00 INFO notification-service host=notification-service-7c9d5b-x2k4p corrId=c-51e60b2f8af42362 payment receipt sent loan_id=LN493955970 channel=DIGITAL_POST
2026-03-03T02:55:00.365+01:00 INFO api-gateway host=api-gateway-5b8f6c-p9qmz corrId=- health probe ok status=200 latency_ms=7
2026-03-03T02:55:53.025+01:00 INFO payment-scheduler host=payment-scheduler-5b8f6c-x2k4p corrId=c-580575d337c64525 instalment collection started loan_id=LN967542838 due_date=2026-03-16
2026-03-03T02:55:53.084+01:00 INFO payment-service host=payment-service-7c9d5b-t6zvn corrId=c-580575d337c64525 direct debit mandate verified loan_id=LN967542838 mandate_id=MD6438376
2026-03-03T02:55:53.164+01:00 INFO payment-service host=payment-service-5b8f6c-x2k4p corrId=c-580575d337c64525 payment instruction sent loan_id=LN967542838 amount_dkk=12445.04
2026-03-03T02:55:53.230+01:00 INFO ledger-service host=ledger-service-7c9d5b-t6zvn corrId=c-580575d337c64525 ledger posting accepted loan_id=LN967542838 amount_dkk=12445.04 posting_id=PST-41a90f927b
2026-03-03T02:55:53.259+01:00 INFO payment-service host=payment-service-a41e92-x2k4p corrId=c-580575d337c64525 payment settled loan_id=LN967542838 amount_dkk=12445.04
2026-03-03T02:55:53.350+01:00 INFO notification-service host=notification-service-7c9d5b-p9qmz corrId=c-580575d337c64525 payment receipt sent loan_id=LN967542838 channel=DIGITAL_POST
2026-03-03T02:56:12.760+01:00 INFO payment-scheduler host=payment-scheduler-a41e92-t6zvn corrId=c-b5c4483c009244d8 instalment collection started loan_id=LN962475663 due_date=2026-03-03
2026-03-03T02:56:12.805+01:00 INFO payment-service host=payment-service-5b8f6c-x2k4p corrId=c-b5c4483c009244d8 direct debit mandate verified loan_id=LN962475663 mandate_id=MD9879339
2026-03-03T02:56:12.868+01:00 INFO payment-service host=payment-service-5b8f6c-x2k4p corrId=c-b5c4483c009244d8 payment instruction sent loan_id=LN962475663 amount_dkk=5158.94
2026-03-03T02:56:12.938+01:00 INFO ledger-service host=ledger-service-a41e92-x2k4p corrId=c-b5c4483c009244d8 ledger posting accepted loan_id=LN962475663 amount_dkk=5158.94 posting_id=PST-fb95bc3de8
2026-03-03T02:56:12.981+01:00 INFO payment-service host=payment-service-a41e92-p9qmz corrId=c-b5c4483c009244d8 payment settled loan_id=LN962475663 amount_dkk=5158.94
2026-03-03T02:56:13.071+01:00 INFO notification-service host=notification-service-5b8f6c-x2k4p corrId=c-b5c4483c009244d8 payment receipt sent loan_id=LN962475663 channel=DIGITAL_POST
2026-03-03T02:56:52.596+01:00 INFO payment-scheduler host=payment-scheduler-5b8f6c-x2k4p corrId=c-3ba261a6ce3fe011 instalment collection started loan_id=LN495100110 due_date=2026-03-22
2026-03-03T02:56:52.601+01:00 INFO payment-service host=payment-service-a41e92-x2k4p corrId=c-3ba261a6ce3fe011 direct debit mandate verified loan_id=LN495100110 mandate_id=MD0159279
2026-03-03T02:56:52.713+01:00 INFO payment-service host=payment-service-7c9d5b-p9qmz corrId=c-3ba261a6ce3fe011 payment instruction sent loan_id=LN495100110 amount_dkk=14528.20
2026-03-03T02:56:52.762+01:00 INFO ledger-service host=ledger-service-7c9d5b-p9qmz corrId=c-3ba261a6ce3fe011 ledger posting accepted loan_id=LN495100110 amount_dkk=14528.20 posting_id=PST-b0ac22b572
2026-03-03T02:56:52.783+01:00 INFO payment-service host=payment-service-a41e92-x2k4p corrId=c-3ba261a6ce3fe011 payment settled loan_id=LN495100110 amount_dkk=14528.20
2026-03-03T02:56:52.881+01:00 INFO notification-service host=notification-service-7c9d5b-x2k4p corrId=c-3ba261a6ce3fe011 payment receipt sent loan_id=LN495100110 channel=EMAIL
2026-03-03T02:57:00.512+01:00 INFO payment-scheduler host=payment-scheduler-a41e92-x2k4p corrId=c-dbdb4a94d4f3dac6 instalment collection started loan_id=LN836439695 due_date=2026-03-03
2026-03-03T02:57:00.611+01:00 INFO payment-service host=payment-service-7c9d5b-t6zvn corrId=c-dbdb4a94d4f3dac6 direct debit mandate verified loan_id=LN836439695 mandate_id=MD5426166
2026-03-03T02:57:00.683+01:00 INFO payment-service host=payment-service-a41e92-x2k4p corrId=c-dbdb4a94d4f3dac6 payment instruction sent loan_id=LN836439695 amount_dkk=9585.47
2026-03-03T02:57:00.717+01:00 INFO ledger-service host=ledger-service-a41e92-x2k4p corrId=c-dbdb4a94d4f3dac6 ledger posting accepted loan_id=LN836439695 amount_dkk=9585.47 posting_id=PST-6aa24ce1bf
2026-03-03T02:57:00.832+01:00 INFO payment-service host=payment-service-5b8f6c-t6zvn corrId=c-dbdb4a94d4f3dac6 payment settled loan_id=LN836439695 amount_dkk=9585.47
2026-03-03T02:57:00.959+01:00 INFO notification-service host=notification-service-a41e92-t6zvn corrId=c-dbdb4a94d4f3dac6 payment receipt sent loan_id=LN836439695 channel=EMAIL
2026-03-03T02:57:18.825+01:00 INFO payment-scheduler host=payment-scheduler-a41e92-x2k4p corrId=c-04cddf74e9777e1b instalment collection started loan_id=LN532724887 due_date=2026-03-16
2026-03-03T02:57:18.953+01:00 INFO payment-service host=payment-service-7c9d5b-x2k4p corrId=c-04cddf74e9777e1b direct debit mandate verified loan_id=LN532724887 mandate_id=MD3638441
2026-03-03T02:57:18.996+01:00 INFO payment-service host=payment-service-5b8f6c-x2k4p corrId=c-04cddf74e9777e1b payment instruction sent loan_id=LN532724887 amount_dkk=10444.38
2026-03-03T02:57:19.030+01:00 INFO ledger-service host=ledger-service-a41e92-t6zvn corrId=c-04cddf74e9777e1b ledger posting accepted loan_id=LN532724887 amount_dkk=10444.38 posting_id=PST-f05c6b5bda
2026-03-03T02:57:19.099+01:00 INFO payment-service host=payment-service-a41e92-t6zvn corrId=c-04cddf74e9777e1b payment settled loan_id=LN532724887 amount_dkk=10444.38
2026-03-03T02:57:19.180+01:00 INFO notification-service host=notification-service-5b8f6c-t6zvn corrId=c-04cddf74e9777e1b payment receipt sent loan_id=LN532724887 channel=EMAIL
2026-03-03T02:58:36.971+01:00 INFO payment-scheduler host=payment-scheduler-7c9d5b-x2k4p corrId=c-e5e8d502225b755a instalment collection started loan_id=LN038203423 due_date=2026-03-03
2026-03-03T02:58:37.026+01:00 INFO payment-service host=payment-service-a41e92-p9qmz corrId=c-e5e8d502225b755a direct debit mandate verified loan_id=LN038203423 mandate_id=MD2704504
2026-03-03T02:58:37.126+01:00 INFO payment-service host=payment-service-5b8f6c-x2k4p corrId=c-e5e8d502225b755a payment instruction sent loan_id=LN038203423 amount_dkk=7031.23
2026-03-03T02:58:37.187+01:00 INFO ledger-service host=ledger-service-7c9d5b-t6zvn corrId=c-e5e8d502225b755a ledger posting accepted loan_id=LN038203423 amount_dkk=7031.23 posting_id=PST-3b9290af49
2026-03-03T02:58:37.248+01:00 INFO payment-service host=payment-service-5b8f6c-p9qmz corrId=c-e5e8d502225b755a payment settled loan_id=LN038203423 amount_dkk=7031.23
2026-03-03T02:58:37.253+01:00 INFO notification-service host=notification-service-5b8f6c-x2k4p corrId=c-e5e8d502225b755a payment receipt sent loan_id=LN038203423 channel=DIGITAL_POST
2026-03-03T02:59:35.888+01:00 INFO payment-scheduler host=payment-scheduler-a41e92-x2k4p corrId=c-e92c3e11992e27f9 instalment collection started loan_id=LN849660664 due_date=2026-03-10
2026-03-03T02:59:35.958+01:00 INFO payment-service host=payment-service-7c9d5b-x2k4p corrId=c-e92c3e11992e27f9 direct debit mandate verified loan_id=LN849660664 mandate_id=MD1643990
2026-03-03T02:59:36.080+01:00 INFO payment-service host=payment-service-7c9d5b-t6zvn corrId=c-e92c3e11992e27f9 payment instruction sent loan_id=LN849660664 amount_dkk=10324.24
2026-03-03T02:59:36.183+01:00 INFO ledger-service host=ledger-service-a41e92-t6zvn corrId=c-e92c3e11992e27f9 ledger posting accepted loan_id=LN849660664 amount_dkk=10324.24 posting_id=PST-93e3f3e355
2026-03-03T02:59:36.208+01:00 INFO payment-service host=payment-service-a41e92-p9qmz corrId=c-e92c3e11992e27f9 payment settled loan_id=LN849660664 amount_dkk=10324.24
2026-03-03T02:59:36.270+01:00 INFO notification-service host=notification-service-5b8f6c-p9qmz corrId=c-e92c3e11992e27f9 payment receipt sent loan_id=LN849660664 channel=EMAIL
2026-03-03T03:00:00.368+01:00 INFO payment-scheduler host=payment-scheduler-5b8f6c-t6zvn corrId=- scheduler heartbeat lag_ms=51
2026-03-03T03:00:00.791+01:00 INFO api-gateway host=api-gateway-7c9d5b-x2k4p corrId=- health probe ok status=200 latency_ms=16
2026-03-03T03:00:04.367+01:00 INFO payment-scheduler host=payment-scheduler-5b8f6c-t6zvn corrId=c-8744ebca6c1915d0 instalment collection started loan_id=LN187447596 due_date=2026-03-18
2026-03-03T03:00:04.429+01:00 INFO payment-service host=payment-service-a41e92-t6zvn corrId=c-8744ebca6c1915d0 direct debit mandate verified loan_id=LN187447596 mandate_id=MD9841925
2026-03-03T03:00:04.552+01:00 INFO payment-service host=payment-service-a41e92-x2k4p corrId=c-8744ebca6c1915d0 payment instruction sent loan_id=LN187447596 amount_dkk=15363.97
2026-03-03T03:00:04.586+01:00 INFO ledger-service host=ledger-service-5b8f6c-t6zvn corrId=c-8744ebca6c1915d0 ledger posting accepted loan_id=LN187447596 amount_dkk=15363.97 posting_id=PST-6bcc7f9aa1
2026-03-03T03:00:04.654+01:00 INFO payment-service host=payment-service-a41e92-t6zvn corrId=c-8744ebca6c1915d0 payment settled loan_id=LN187447596 amount_dkk=15363.97
2026-03-03T03:00:04.678+01:00 INFO notification-service host=notification-service-5b8f6c-p9qmz corrId=c-8744ebca6c1915d0 payment receipt sent loan_id=LN187447596 channel=DIGITAL_POST
2026-03-03T03:00:10.119+01:00 INFO payment-scheduler host=payment-scheduler-5b8f6c-t6zvn corrId=c-4c40f50846559ad0 instalment collection started loan_id=LN251923350 due_date=2026-03-09
2026-03-03T03:00:10.159+01:00 INFO payment-service host=payment-service-a41e92-p9qmz corrId=c-4c40f50846559ad0 direct debit mandate verified loan_id=LN251923350 mandate_id=MD8693066
2026-03-03T03:00:10.298+01:00 INFO payment-service host=payment-service-5b8f6c-x2k4p corrId=c-4c40f50846559ad0 payment instruction sent loan_id=LN251923350 amount_dkk=17330.63
2026-03-03T03:00:10.351+01:00 INFO ledger-service host=ledger-service-a41e92-x2k4p corrId=c-4c40f50846559ad0 ledger posting accepted loan_id=LN251923350 amount_dkk=17330.63 posting_id=PST-ee27d52c79
2026-03-03T03:00:10.363+01:00 INFO payment-service host=payment-service-a41e92-x2k4p corrId=c-4c40f50846559ad0 payment settled loan_id=LN251923350 amount_dkk=17330.63
2026-03-03T03:00:10.369+01:00 INFO notification-service host=notification-service-7c9d5b-t6zvn corrId=c-4c40f50846559ad0 payment receipt sent loan_id=LN251923350 channel=DIGITAL_POST
2026-03-03T03:00:28.120+01:00 INFO payment-scheduler host=payment-scheduler-7c9d5b-t6zvn corrId=c-ec1a6f0ec125bd40 instalment collection started loan_id=LN552852737 due_date=2026-03-11
2026-03-03T03:00:28.173+01:00 INFO payment-service host=payment-service-5b8f6c-p9qmz corrId=c-ec1a6f0ec125bd40 direct debit mandate verified loan_id=LN552852737 mandate_id=MD8797701
2026-03-03T03:00:28.221+01:00 INFO payment-service host=payment-service-7c9d5b-x2k4p corrId=c-ec1a6f0ec125bd40 payment instruction sent loan_id=LN552852737 amount_dkk=10935.14
2026-03-03T03:00:28.230+01:00 INFO ledger-service host=ledger-service-a41e92-x2k4p corrId=c-ec1a6f0ec125bd40 ledger posting accepted loan_id=LN552852737 amount_dkk=10935.14 posting_id=PST-e475bc6dfb
2026-03-03T03:00:28.308+01:00 INFO payment-service host=payment-service-a41e92-x2k4p corrId=c-ec1a6f0ec125bd40 payment settled loan_id=LN552852737 amount_dkk=10935.14
2026-03-03T03:00:28.408+01:00 INFO notification-service host=notification-service-7c9d5b-t6zvn corrId=c-ec1a6f0ec125bd40 payment receipt sent loan_id=LN552852737 channel=DIGITAL_POST
2026-03-03T03:00:52.000+01:00 INFO config-service host=config-service-5b8f6c-x2k4p corrId=- configuration refreshed version=v107
2026-03-03T03:01:34.466+01:00 INFO payment-scheduler host=payment-scheduler-a41e92-x2k4p corrId=c-b201bdaaf5375720 instalment collection started loan_id=LN720773168 due_date=2026-03-22
2026-03-03T03:01:34.551+01:00 INFO payment-service host=payment-service-7c9d5b-x2k4p corrId=c-b201bdaaf5375720 direct debit mandate verified loan_id=LN720773168 mandate_id=MD7873846
2026-03-03T03:01:34.646+01:00 INFO payment-service host=payment-service-7c9d5b-t6zvn corrId=c-b201bdaaf5375720 payment instruction sent loan_id=LN720773168 amount_dkk=11375.91
2026-03-03T03:01:34.716+01:00 INFO ledger-service host=ledger-service-5b8f6c-x2k4p corrId=c-b201bdaaf5375720 ledger posting accepted loan_id=LN720773168 amount_dkk=11375.91 posting_id=PST-06c0f2f223
2026-03-03T03:01:34.766+01:00 INFO payment-service host=payment-service-7c9d5b-p9qmz corrId=c-b201bdaaf5375720 payment settled loan_id=LN720773168 amount_dkk=11375.91
2026-03-03T03:01:34.855+01:00 INFO notification-service host=notification-service-7c9d5b-x2k4p corrId=c-b201bdaaf5375720 payment receipt sent loan_id=LN720773168 channel=DIGITAL_POST
2026-03-03T03:01:50.701+01:00 INFO payment-scheduler host=payment-scheduler-7c9d5b-x2k4p corrId=c-7e68fbc9bbdf450d instalment collection started loan_id=LN839285803 due_date=2026-03-09
2026-03-03T03:01:50.765+01:00 INFO payment-service host=payment-service-a41e92-t6zvn corrId=c-7e68fbc9bbdf450d direct debit mandate verified loan_id=LN839285803 mandate_id=MD3034343
2026-03-03T03:01:50.871+01:00 INFO payment-service host=payment-service-a41e92-x2k4p corrId=c-7e68fbc9bbdf450d payment instruction sent loan_id=LN839285803 amount_dkk=7050.95
2026-03-03T03:01:50.938+01:00 INFO ledger-service host=ledger-service-5b8f6c-p9qmz corrId=c-7e68fbc9bbdf450d ledger posting accepted loan_id=LN839285803 amount_dkk=7050.95 posting_id=PST-3f02a64670
2026-03-03T03:01:51.009+01:00 INFO payment-service host=payment-service-a41e92-x2k4p corrId=c-7e68fbc9bbdf450d payment settled loan_id=LN839285803 amount_dkk=7050.95
2026-03-03T03:01:51.033+01:00 INFO notification-service host=notification-service-7c9d5b-p9qmz corrId=c-7e68fbc9bbdf450d payment receipt sent loan_id=LN839285803 channel=DIGITAL_POST
2026-03-03T03:02:21.000+01:00 INFO valuation-service host=valuation-service-7c9d5b-t6zvn corrId=- jvm gc pause pause_ms=78
2026-03-03T03:02:54.374+01:00 INFO payment-scheduler host=payment-scheduler-7c9d5b-x2k4p corrId=c-62a49c9133c4e6c6 instalment collection started loan_id=LN536984966 due_date=2026-03-28
2026-03-03T03:02:54.488+01:00 INFO payment-service host=payment-service-5b8f6c-p9qmz corrId=c-62a49c9133c4e6c6 direct debit mandate verified loan_id=LN536984966 mandate_id=MD8376851
2026-03-03T03:02:54.507+01:00 INFO payment-service host=payment-service-5b8f6c-x2k4p corrId=c-62a49c9133c4e6c6 payment instruction sent loan_id=LN536984966 amount_dkk=7225.70
2026-03-03T03:02:54.615+01:00 INFO ledger-service host=ledger-service-a41e92-t6zvn corrId=c-62a49c9133c4e6c6 ledger posting accepted loan_id=LN536984966 amount_dkk=7225.70 posting_id=PST-7ceb95d088
2026-03-03T03:02:54.651+01:00 INFO payment-service host=payment-service-5b8f6c-t6zvn corrId=c-62a49c9133c4e6c6 payment settled loan_id=LN536984966 amount_dkk=7225.70
2026-03-03T03:02:54.703+01:00 INFO notification-service host=notification-service-7c9d5b-t6zvn corrId=c-62a49c9133c4e6c6 payment receipt sent loan_id=LN536984966 channel=DIGITAL_POST
2026-03-03T03:03:05.722+01:00 INFO payment-scheduler host=payment-scheduler-5b8f6c-t6zvn corrId=c-09beb725c6efc61b instalment collection started loan_id=LN716002294 due_date=2026-03-21
2026-03-03T03:03:05.767+01:00 INFO payment-service host=payment-service-a41e92-x2k4p corrId=c-09beb725c6efc61b direct debit mandate verified loan_id=LN716002294 mandate_id=MD5422999
2026-03-03T03:03:05.827+01:00 INFO payment-service host=payment-service-a41e92-x2k4p corrId=c-09beb725c6efc61b payment instruction sent loan_id=LN716002294 amount_dkk=10384.26
2026-03-03T03:03:05.873+01:00 INFO ledger-service host=ledger-service-a41e92-p9qmz corrId=c-09beb725c6efc61b ledger posting accepted loan_id=LN716002294 amount_dkk=10384.26 posting_id=PST-930a2c2a39
2026-03-03T03:03:05.878+01:00 INFO payment-service host=payment-service-a41e92-t6zvn corrId=c-09beb725c6efc61b payment settled loan_id=LN716002294 amount_dkk=10384.26
2026-03-03T03:03:05.924+01:00 INFO notification-service host=notification-service-5b8f6c-x2k4p corrId=c-09beb725c6efc61b payment receipt sent loan_id=LN716002294 channel=DIGITAL_POST
2026-03-03T03:03:20.312+01:00 INFO payment-scheduler host=payment-scheduler-a41e92-x2k4p corrId=c-3c33614826608673 instalment collection started loan_id=LN674961695 due_date=2026-03-20
2026-03-03T03:03:20.411+01:00 INFO payment-service host=payment-service-5b8f6c-p9qmz corrId=c-3c33614826608673 direct debit mandate verified loan_id=LN674961695 mandate_id=MD2593606
2026-03-03T03:03:20.424+01:00 INFO payment-service host=payment-service-7c9d5b-t6zvn corrId=c-3c33614826608673 payment instruction sent loan_id=LN674961695 amount_dkk=3644.13
2026-03-03T03:03:20.431+01:00 INFO ledger-service host=ledger-service-a41e92-t6zvn corrId=c-3c33614826608673 ledger posting accepted loan_id=LN674961695 amount_dkk=3644.13 posting_id=PST-fe51028d7d
2026-03-03T03:03:20.490+01:00 INFO payment-service host=payment-service-7c9d5b-x2k4p corrId=c-3c33614826608673 payment settled loan_id=LN674961695 amount_dkk=3644.13
2026-03-03T03:03:20.513+01:00 INFO notification-service host=notification-service-a41e92-p9qmz corrId=c-3c33614826608673 payment receipt sent loan_id=LN674961695 channel=DIGITAL_POST
2026-03-03T03:03:39.516+01:00 INFO payment-scheduler host=payment-scheduler-5b8f6c-p9qmz corrId=c-e4839ea3f113486e instalment collection started loan_id=LN896675007 due_date=2026-03-01
2026-03-03T03:03:39.543+01:00 INFO payment-service host=payment-service-7c9d5b-p9qmz corrId=c-e4839ea3f113486e direct debit mandate verified loan_id=LN896675007 mandate_id=MD7688621
2026-03-03T03:03:39.656+01:00 INFO payment-service host=payment-service-5b8f6c-p9qmz corrId=c-e4839ea3f113486e payment instruction sent loan_id=LN896675007 amount_dkk=9890.16
2026-03-03T03:03:39.792+01:00 INFO ledger-service host=ledger-service-5b8f6c-t6zvn corrId=c-e4839ea3f113486e ledger posting accepted loan_id=LN896675007 amount_dkk=9890.16 posting_id=PST-4ec365e001
2026-03-03T03:03:39.932+01:00 INFO payment-service host=payment-service-5b8f6c-x2k4p corrId=c-e4839ea3f113486e payment settled loan_id=LN896675007 amount_dkk=9890.16
2026-03-03T03:03:39.949+01:00 INFO notification-service host=notification-service-5b8f6c-x2k4p corrId=c-e4839ea3f113486e payment receipt sent loan_id=LN896675007 channel=DIGITAL_POST
2026-03-03T03:04:56.718+01:00 INFO payment-scheduler host=payment-scheduler-5b8f6c-t6zvn corrId=c-a4b77b1ad89e9405 instalment collection started loan_id=LN118841768 due_date=2026-03-23
2026-03-03T03:04:56.730+01:00 INFO payment-service host=payment-service-a41e92-p9qmz corrId=c-a4b77b1ad89e9405 direct debit mandate verified loan_id=LN118841768 mandate_id=MD9987569
2026-03-03T03:04:56.769+01:00 INFO payment-service host=payment-service-7c9d5b-p9qmz corrId=c-a4b77b1ad89e9405 payment instruction sent loan_id=LN118841768 amount_dkk=14864.45
2026-03-03T03:04:56.814+01:00 INFO ledger-service host=ledger-service-7c9d5b-x2k4p corrId=c-a4b77b1ad89e9405 ledger posting accepted loan_id=LN118841768 amount_dkk=14864.45 posting_id=PST-2064dfb3cd
2026-03-03T03:04:56.870+01:00 INFO payment-service host=payment-service-7c9d5b-p9qmz corrId=c-a4b77b1ad89e9405 payment settled loan_id=LN118841768 amount_dkk=14864.45
2026-03-03T03:04:56.913+01:00 INFO notification-service host=notification-service-5b8f6c-p9qmz corrId=c-a4b77b1ad89e9405 payment receipt sent loan_id=LN118841768 channel=DIGITAL_POST
2026-03-03T03:05:00.415+01:00 INFO api-gateway host=api-gateway-7c9d5b-x2k4p corrId=- health probe ok status=200 latency_ms=25
2026-03-03T03:05:44.134+01:00 INFO payment-scheduler host=payment-scheduler-7c9d5b-p9qmz corrId=c-f3e2482d6a98d74d instalment collection started loan_id=LN166015252 due_date=2026-03-10
2026-03-03T03:05:44.181+01:00 INFO payment-service host=payment-service-5b8f6c-t6zvn corrId=c-f3e2482d6a98d74d direct debit mandate verified loan_id=LN166015252 mandate_id=MD6519737
2026-03-03T03:05:44.285+01:00 INFO payment-service host=payment-service-a41e92-x2k4p corrId=c-f3e2482d6a98d74d payment instruction sent loan_id=LN166015252 amount_dkk=7756.77
2026-03-03T03:05:44.407+01:00 INFO ledger-service host=ledger-service-a41e92-x2k4p corrId=c-f3e2482d6a98d74d ledger posting accepted loan_id=LN166015252 amount_dkk=7756.77 posting_id=PST-15a0c5a2a5
2026-03-03T03:05:44.450+01:00 INFO payment-service host=payment-service-5b8f6c-t6zvn corrId=c-f3e2482d6a98d74d payment settled loan_id=LN166015252 amount_dkk=7756.77
2026-03-03T03:05:44.508+01:00 INFO notification-service host=notification-service-5b8f6c-x2k4p corrId=c-f3e2482d6a98d74d payment receipt sent loan_id=LN166015252 channel=DIGITAL_POST
2026-03-03T03:05:44.923+01:00 INFO payment-scheduler host=payment-scheduler-5b8f6c-x2k4p corrId=c-1c354e6e3a43a2f7 instalment collection started loan_id=LN774417040 due_date=2026-03-26
2026-03-03T03:05:45.010+01:00 INFO payment-service host=payment-service-7c9d5b-p9qmz corrId=c-1c354e6e3a43a2f7 direct debit mandate verified loan_id=LN774417040 mandate_id=MD2066804
2026-03-03T03:05:45.067+01:00 INFO payment-service host=payment-service-a41e92-p9qmz corrId=c-1c354e6e3a43a2f7 payment instruction sent loan_id=LN774417040 amount_dkk=13784.09
2026-03-03T03:05:45.171+01:00 INFO ledger-service host=ledger-service-5b8f6c-p9qmz corrId=c-1c354e6e3a43a2f7 ledger posting accepted loan_id=LN774417040 amount_dkk=13784.09 posting_id=PST-03e23dc063
2026-03-03T03:05:45.282+01:00 INFO payment-service host=payment-service-5b8f6c-x2k4p corrId=c-1c354e6e3a43a2f7 payment settled loan_id=LN774417040 amount_dkk=13784.09
2026-03-03T03:05:45.305+01:00 INFO notification-service host=notification-service-a41e92-p9qmz corrId=c-1c354e6e3a43a2f7 payment receipt sent loan_id=LN774417040 channel=EMAIL
2026-03-03T03:06:54.368+01:00 INFO payment-scheduler host=payment-scheduler-a41e92-p9qmz corrId=c-11d557a9a69bb54a instalment collection started loan_id=LN652649084 due_date=2026-03-26
2026-03-03T03:06:54.471+01:00 INFO payment-service host=payment-service-7c9d5b-t6zvn corrId=c-11d557a9a69bb54a direct debit mandate verified loan_id=LN652649084 mandate_id=MD9815236
2026-03-03T03:06:54.572+01:00 INFO payment-service host=payment-service-a41e92-t6zvn corrId=c-11d557a9a69bb54a payment instruction sent loan_id=LN652649084 amount_dkk=13971.98
2026-03-03T03:06:54.710+01:00 INFO ledger-service host=ledger-service-5b8f6c-p9qmz corrId=c-11d557a9a69bb54a ledger posting accepted loan_id=LN652649084 amount_dkk=13971.98 posting_id=PST-17f9faa519
2026-03-03T03:06:54.826+01:00 INFO payment-service host=payment-service-5b8f6c-x2k4p corrId=c-11d557a9a69bb54a payment settled loan_id=LN652649084 amount_dkk=13971.98
2026-03-03T03:06:54.894+01:00 INFO notification-service host=notification-service-7c9d5b-t6zvn corrId=c-11d557a9a69bb54a payment receipt sent loan_id=LN652649084 channel=EMAIL
2026-03-03T03:07:24.615+01:00 INFO payment-scheduler host=payment-scheduler-7c9d5b-x2k4p corrId=c-34b83a7133c7462b instalment collection started loan_id=LN552668473 due_date=2026-03-23
2026-03-03T03:07:24.723+01:00 INFO payment-service host=payment-service-a41e92-p9qmz corrId=c-34b83a7133c7462b direct debit mandate verified loan_id=LN552668473 mandate_id=MD4137281
2026-03-03T03:07:24.760+01:00 INFO payment-service host=payment-service-a41e92-x2k4p corrId=c-34b83a7133c7462b payment instruction sent loan_id=LN552668473 amount_dkk=17462.93
2026-03-03T03:07:24.802+01:00 INFO ledger-service host=ledger-service-7c9d5b-x2k4p corrId=c-34b83a7133c7462b ledger posting accepted loan_id=LN552668473 amount_dkk=17462.93 posting_id=PST-675bc621c9
2026-03-03T03:07:24.864+01:00 INFO payment-service host=payment-service-5b8f6c-t6zvn corrId=c-34b83a7133c7462b payment settled loan_id=LN552668473 amount_dkk=17462.93
2026-03-03T03:07:24.870+01:00 INFO notification-service host=notification-service-a41e92-p9qmz corrId=c-34b83a7133c7462b payment receipt sent loan_id=LN552668473 channel=DIGITAL_POST
2026-03-03T03:07:46.865+01:00 INFO payment-scheduler host=payment-scheduler-a41e92-x2k4p corrId=c-0c4dcced5827c093 instalment collection started loan_id=LN350909436 due_date=2026-03-23
2026-03-03T03:07:46.954+01:00 INFO payment-service host=payment-service-5b8f6c-p9qmz corrId=c-0c4dcced5827c093 direct debit mandate verified loan_id=LN350909436 mandate_id=MD8147965
2026-03-03T03:07:47.054+01:00 INFO payment-service host=payment-service-7c9d5b-p9qmz corrId=c-0c4dcced5827c093 payment instruction sent loan_id=LN350909436 amount_dkk=11984.71
2026-03-03T03:07:47.132+01:00 INFO ledger-service host=ledger-service-5b8f6c-p9qmz corrId=c-0c4dcced5827c093 ledger posting accepted loan_id=LN350909436 amount_dkk=11984.71 posting_id=PST-06fe895ceb
2026-03-03T03:07:47.152+01:00 INFO payment-service host=payment-service-7c9d5b-x2k4p corrId=c-0c4dcced5827c093 payment settled loan_id=LN350909436 amount_dkk=11984.71
2026-03-03T03:07:47.191+01:00 INFO notification-service host=notification-service-a41e92-t6zvn corrId=c-0c4dcced5827c093 payment receipt sent loan_id=LN350909436 channel=DIGITAL_POST
2026-03-03T03:08:35.639+01:00 INFO payment-scheduler host=payment-scheduler-7c9d5b-x2k4p corrId=c-662eda73b17426b6 instalment collection started loan_id=LN269630827 due_date=2026-03-05
2026-03-03T03:08:35.677+01:00 INFO payment-service host=payment-service-5b8f6c-p9qmz corrId=c-662eda73b17426b6 direct debit mandate verified loan_id=LN269630827 mandate_id=MD2159608
2026-03-03T03:08:35.814+01:00 INFO payment-service host=payment-service-a41e92-x2k4p corrId=c-662eda73b17426b6 payment instruction sent loan_id=LN269630827 amount_dkk=10199.28
2026-03-03T03:08:35.946+01:00 INFO ledger-service host=ledger-service-a41e92-t6zvn corrId=c-662eda73b17426b6 ledger posting accepted loan_id=LN269630827 amount_dkk=10199.28 posting_id=PST-ba6f7a83eb
2026-03-03T03:08:35.977+01:00 INFO payment-service host=payment-service-7c9d5b-x2k4p corrId=c-662eda73b17426b6 payment settled loan_id=LN269630827 amount_dkk=10199.28
2026-03-03T03:08:35.996+01:00 INFO notification-service host=notification-service-5b8f6c-t6zvn corrId=c-662eda73b17426b6 payment receipt sent loan_id=LN269630827 channel=DIGITAL_POST
2026-03-03T03:09:25.550+01:00 INFO payment-scheduler host=payment-scheduler-5b8f6c-p9qmz corrId=c-cef631b55d3db2d9 instalment collection started loan_id=LN791478391 due_date=2026-03-22
2026-03-03T03:09:25.572+01:00 INFO payment-service host=payment-service-a41e92-p9qmz corrId=c-cef631b55d3db2d9 direct debit mandate verified loan_id=LN791478391 mandate_id=MD7439927
2026-03-03T03:09:25.697+01:00 INFO payment-service host=payment-service-7c9d5b-p9qmz corrId=c-cef631b55d3db2d9 payment instruction sent loan_id=LN791478391 amount_dkk=5970.80
2026-03-03T03:09:25.704+01:00 INFO ledger-service host=ledger-service-7c9d5b-t6zvn corrId=c-cef631b55d3db2d9 ledger posting accepted loan_id=LN791478391 amount_dkk=5970.80 posting_id=PST-9d98cb4e69
2026-03-03T03:09:25.724+01:00 INFO payment-service host=payment-service-a41e92-x2k4p corrId=c-cef631b55d3db2d9 payment settled loan_id=LN791478391 amount_dkk=5970.80
2026-03-03T03:09:25.812+01:00 INFO notification-service host=notification-service-7c9d5b-p9qmz corrId=c-cef631b55d3db2d9 payment receipt sent loan_id=LN791478391 channel=DIGITAL_POST
2026-03-03T03:10:00.261+01:00 INFO api-gateway host=api-gateway-5b8f6c-p9qmz corrId=- health probe ok status=200 latency_ms=3
2026-03-03T03:10:00.817+01:00 INFO payment-scheduler host=payment-scheduler-a41e92-x2k4p corrId=- scheduler heartbeat lag_ms=85
2026-03-03T03:11:01.698+01:00 INFO payment-scheduler host=payment-scheduler-a41e92-x2k4p corrId=c-fa677dfbe08e70b7 instalment collection started loan_id=LN493926456 due_date=2026-03-18
2026-03-03T03:11:01.791+01:00 INFO payment-service host=payment-service-7c9d5b-x2k4p corrId=c-fa677dfbe08e70b7 direct debit mandate verified loan_id=LN493926456 mandate_id=MD8840057
2026-03-03T03:11:01.915+01:00 INFO payment-service host=payment-service-7c9d5b-x2k4p corrId=c-fa677dfbe08e70b7 payment instruction sent loan_id=LN493926456 amount_dkk=12746.24
2026-03-03T03:11:02.042+01:00 INFO ledger-service host=ledger-service-5b8f6c-x2k4p corrId=c-fa677dfbe08e70b7 ledger posting accepted loan_id=LN493926456 amount_dkk=12746.24 posting_id=PST-c0aa4f580b
2026-03-03T03:11:02.158+01:00 INFO payment-service host=payment-service-a41e92-p9qmz corrId=c-fa677dfbe08e70b7 payment settled loan_id=LN493926456 amount_dkk=12746.24
2026-03-03T03:11:02.246+01:00 INFO notification-service host=notification-service-7c9d5b-t6zvn corrId=c-fa677dfbe08e70b7 payment receipt sent loan_id=LN493926456 channel=DIGITAL_POST
2026-03-03T03:11:04.054+01:00 INFO payment-scheduler host=payment-scheduler-7c9d5b-p9qmz corrId=c-5a3c2d07daca1f0e instalment collection started loan_id=LN855724229 due_date=2026-03-06
2026-03-03T03:11:04.108+01:00 INFO payment-service host=payment-service-7c9d5b-p9qmz corrId=c-5a3c2d07daca1f0e direct debit mandate verified loan_id=LN855724229 mandate_id=MD5941182
2026-03-03T03:11:04.201+01:00 INFO payment-service host=payment-service-7c9d5b-x2k4p corrId=c-5a3c2d07daca1f0e payment instruction sent loan_id=LN855724229 amount_dkk=15998.84
2026-03-03T03:11:04.250+01:00 INFO ledger-service host=ledger-service-7c9d5b-x2k4p corrId=c-5a3c2d07daca1f0e ledger posting accepted loan_id=LN855724229 amount_dkk=15998.84 posting_id=PST-dcc2d01d98
2026-03-03T03:11:04.335+01:00 INFO payment-service host=payment-service-7c9d5b-p9qmz corrId=c-5a3c2d07daca1f0e payment settled loan_id=LN855724229 amount_dkk=15998.84
2026-03-03T03:11:04.420+01:00 INFO notification-service host=notification-service-7c9d5b-p9qmz corrId=c-5a3c2d07daca1f0e payment receipt sent loan_id=LN855724229 channel=EMAIL
2026-03-03T03:12:00.025+01:00 INFO payment-scheduler host=payment-scheduler-5b8f6c-x2k4p corrId=c-b82efe319ddfd0d3 instalment collection started loan_id=LN842740477 due_date=2026-03-04
2026-03-03T03:12:00.123+01:00 INFO payment-service host=payment-service-a41e92-x2k4p corrId=c-b82efe319ddfd0d3 direct debit mandate verified loan_id=LN842740477 mandate_id=MD2355249
2026-03-03T03:12:00.135+01:00 INFO payment-service host=payment-service-a41e92-t6zvn corrId=c-b82efe319ddfd0d3 payment instruction sent loan_id=LN842740477 amount_dkk=15453.91
2026-03-03T03:12:00.224+01:00 WARN ledger-service host=ledger-service-7c9d5b-t6zvn corrId=c-b82efe319ddfd0d3 ledger posting retried loan_id=LN842740477 attempt=1
2026-03-03T03:12:00.328+01:00 INFO ledger-service host=ledger-service-7c9d5b-t6zvn corrId=c-b82efe319ddfd0d3 ledger posting accepted loan_id=LN842740477 amount_dkk=15453.91 posting_id=PST-72773375e6
2026-03-03T03:12:00.395+01:00 INFO payment-service host=payment-service-5b8f6c-x2k4p corrId=c-b82efe319ddfd0d3 payment settled loan_id=LN842740477 amount_dkk=15453.91
2026-03-03T03:12:00.460+01:00 INFO notification-service host=notification-service-a41e92-t6zvn corrId=c-b82efe319ddfd0d3 payment receipt sent loan_id=LN842740477 channel=EMAIL
2026-03-03T03:12:22.162+01:00 INFO payment-scheduler host=payment-scheduler-5b8f6c-x2k4p corrId=c-5b0f9c838ab71f99 instalment collection started loan_id=LN069982050 due_date=2026-03-10
2026-03-03T03:12:22.259+01:00 INFO payment-service host=payment-service-a41e92-p9qmz corrId=c-5b0f9c838ab71f99 direct debit mandate verified loan_id=LN069982050 mandate_id=MD2479283
2026-03-03T03:12:22.388+01:00 INFO payment-service host=payment-service-7c9d5b-p9qmz corrId=c-5b0f9c838ab71f99 payment instruction sent loan_id=LN069982050 amount_dkk=6245.21
2026-03-03T03:12:22.444+01:00 INFO ledger-service host=ledger-service-7c9d5b-t6zvn corrId=c-5b0f9c838ab71f99 ledger posting accepted loan_id=LN069982050 amount_dkk=6245.21 posting_id=PST-d4826143bc
2026-03-03T03:12:22.450+01:00 INFO payment-service host=payment-service-7c9d5b-x2k4p corrId=c-5b0f9c838ab71f99 payment settled loan_id=LN069982050 amount_dkk=6245.21
2026-03-03T03:12:22.585+01:00 INFO notification-service host=notification-service-7c9d5b-p9qmz corrId=c-5b0f9c838ab71f99 payment receipt sent loan_id=LN069982050 channel=EMAIL
2026-03-03T03:14:09.262+01:00 INFO payment-scheduler host=payment-scheduler-7c9d5b-p9qmz corrId=c-d5c8d51e281e53e7 instalment collection started loan_id=LN221755319 due_date=2026-03-04
2026-03-03T03:14:09.383+01:00 INFO payment-service host=payment-service-7c9d5b-t6zvn corrId=c-d5c8d51e281e53e7 direct debit mandate verified loan_id=LN221755319 mandate_id=MD7029991
2026-03-03T03:14:09.441+01:00 INFO payment-service host=payment-service-5b8f6c-p9qmz corrId=c-d5c8d51e281e53e7 payment instruction sent loan_id=LN221755319 amount_dkk=12399.51
2026-03-03T03:14:09.485+01:00 INFO ledger-service host=ledger-service-a41e92-p9qmz corrId=c-d5c8d51e281e53e7 ledger posting accepted loan_id=LN221755319 amount_dkk=12399.51 posting_id=PST-c26fb84fcc
2026-03-03T03:14:09.567+01:00 INFO payment-service host=payment-service-a41e92-t6zvn corrId=c-d5c8d51e281e53e7 payment settled loan_id=LN221755319 amount_dkk=12399.51
2026-03-03T03:14:09.675+01:00 INFO notification-service host=notification-service-7c9d5b-t6zvn corrId=c-d5c8d51e281e53e7 payment receipt sent loan_id=LN221755319 channel=EMAIL
2026-03-03T03:14:17.785+01:00 INFO payment-scheduler host=payment-scheduler-5b8f6c-p9qmz corrId=c-de165435ac9c07e7 instalment collection started loan_id=LN219472626 due_date=2026-03-23
2026-03-03T03:14:17.806+01:00 INFO payment-service host=payment-service-7c9d5b-t6zvn corrId=c-de165435ac9c07e7 direct debit mandate verified loan_id=LN219472626 mandate_id=MD7907184
2026-03-03T03:14:17.848+01:00 INFO payment-service host=payment-service-5b8f6c-x2k4p corrId=c-de165435ac9c07e7 payment instruction sent loan_id=LN219472626 amount_dkk=17704.44
2026-03-03T03:14:17.966+01:00 INFO ledger-service host=ledger-service-7c9d5b-p9qmz corrId=c-de165435ac9c07e7 ledger posting accepted loan_id=LN219472626 amount_dkk=17704.44 posting_id=PST-9f849c70a9
2026-03-03T03:14:18.017+01:00 INFO payment-service host=payment-service-a41e92-t6zvn corrId=c-de165435ac9c07e7 payment settled loan_id=LN219472626 amount_dkk=17704.44
2026-03-03T03:14:18.062+01:00 INFO notification-service host=notification-service-a41e92-p9qmz corrId=c-de165435ac9c07e7 payment receipt sent loan_id=LN219472626 channel=DIGITAL_POST
2026-03-03T03:14:47.843+01:00 INFO payment-scheduler host=payment-scheduler-5b8f6c-t6zvn corrId=c-b8c02e52e2ca9142 instalment collection started loan_id=LN898474645 due_date=2026-03-11
2026-03-03T03:14:47.948+01:00 INFO payment-service host=payment-service-5b8f6c-x2k4p corrId=c-b8c02e52e2ca9142 direct debit mandate verified loan_id=LN898474645 mandate_id=MD0228282
2026-03-03T03:14:48.055+01:00 INFO payment-service host=payment-service-a41e92-t6zvn corrId=c-b8c02e52e2ca9142 payment instruction sent loan_id=LN898474645 amount_dkk=7444.37
2026-03-03T03:14:48.188+01:00 INFO ledger-service host=ledger-service-7c9d5b-t6zvn corrId=c-b8c02e52e2ca9142 ledger posting accepted loan_id=LN898474645 amount_dkk=7444.37 posting_id=PST-142e5f82ad
2026-03-03T03:14:48.225+01:00 INFO payment-service host=payment-service-5b8f6c-x2k4p corrId=c-b8c02e52e2ca9142 payment settled loan_id=LN898474645 amount_dkk=7444.37
2026-03-03T03:14:48.356+01:00 INFO notification-service host=notification-service-7c9d5b-p9qmz corrId=c-b8c02e52e2ca9142 payment receipt sent loan_id=LN898474645 channel=EMAIL
2026-03-03T03:15:00.244+01:00 INFO api-gateway host=api-gateway-5b8f6c-p9qmz corrId=- health probe ok status=200 latency_ms=10
2026-03-03T03:15:10.529+01:00 INFO payment-scheduler host=payment-scheduler-5b8f6c-x2k4p corrId=c-b5709d06f818c4a0 instalment collection started loan_id=LN179024800 due_date=2026-03-23
2026-03-03T03:15:10.643+01:00 INFO payment-service host=payment-service-7c9d5b-x2k4p corrId=c-b5709d06f818c4a0 direct debit mandate verified loan_id=LN179024800 mandate_id=MD0698412
2026-03-03T03:15:10.767+01:00 INFO payment-service host=payment-service-a41e92-x2k4p corrId=c-b5709d06f818c4a0 payment instruction sent loan_id=LN179024800 amount_dkk=2532.45
2026-03-03T03:15:10.890+01:00 INFO ledger-service host=ledger-service-a41e92-t6zvn corrId=c-b5709d06f818c4a0 ledger posting accepted loan_id=LN179024800 amount_dkk=2532.45 posting_id=PST-60859928bf
2026-03-03T03:15:10.930+01:00 INFO payment-service host=payment-service-a41e92-p9qmz corrId=c-b5709d06f818c4a0 payment settled loan_id=LN179024800 amount_dkk=2532.45
2026-03-03T03:15:11.069+01:00 INFO notification-service host=notification-service-7c9d5b-x2k4p corrId=c-b5709d06f818c4a0 payment receipt sent loan_id=LN179024800 channel=EMAIL
2026-03-03T03:16:13.604+01:00 INFO payment-scheduler host=payment-scheduler-7c9d5b-x2k4p corrId=c-45b4a6f1a3ef4eec instalment collection started loan_id=LN558561019 due_date=2026-03-10
2026-03-03T03:16:13.733+01:00 INFO payment-service host=payment-service-7c9d5b-t6zvn corrId=c-45b4a6f1a3ef4eec direct debit mandate verified loan_id=LN558561019 mandate_id=MD9283020
2026-03-03T03:16:13.788+01:00 INFO payment-service host=payment-service-7c9d5b-p9qmz corrId=c-45b4a6f1a3ef4eec payment instruction sent loan_id=LN558561019 amount_dkk=3062.73
2026-03-03T03:16:13.839+01:00 INFO ledger-service host=ledger-service-a41e92-p9qmz corrId=c-45b4a6f1a3ef4eec ledger posting accepted loan_id=LN558561019 amount_dkk=3062.73 posting_id=PST-bf07a66d49
2026-03-03T03:16:13.963+01:00 INFO payment-service host=payment-service-a41e92-p9qmz corrId=c-45b4a6f1a3ef4eec payment settled loan_id=LN558561019 amount_dkk=3062.73
2026-03-03T03:16:14.085+01:00 INFO notification-service host=notification-service-7c9d5b-p9qmz corrId=c-45b4a6f1a3ef4eec payment receipt sent loan_id=LN558561019 channel=DIGITAL_POST
2026-03-03T03:16:21.582+01:00 INFO payment-scheduler host=payment-scheduler-7c9d5b-p9qmz corrId=c-679f7756cd07fdfc instalment collection started loan_id=LN993766747 due_date=2026-03-11
2026-03-03T03:16:21.631+01:00 INFO payment-service host=payment-service-5b8f6c-t6zvn corrId=c-679f7756cd07fdfc direct debit mandate verified loan_id=LN993766747 mandate_id=MD1482881
2026-03-03T03:16:21.765+01:00 INFO payment-service host=payment-service-5b8f6c-t6zvn corrId=c-679f7756cd07fdfc payment instruction sent loan_id=LN993766747 amount_dkk=17414.63
2026-03-03T03:16:21.865+01:00 INFO ledger-service host=ledger-service-7c9d5b-p9qmz corrId=c-679f7756cd07fdfc ledger posting accepted loan_id=LN993766747 amount_dkk=17414.63 posting_id=PST-1e0d83be7c
2026-03-03T03:16:21.991+01:00 INFO payment-service host=payment-service-7c9d5b-x2k4p corrId=c-679f7756cd07fdfc payment settled loan_id=LN993766747 amount_dkk=17414.63
2026-03-03T03:16:22.050+01:00 INFO notification-service host=notification-service-5b8f6c-x2k4p corrId=c-679f7756cd07fdfc payment receipt sent loan_id=LN993766747 channel=DIGITAL_POST
2026-03-03T03:17:07.601+01:00 INFO payment-scheduler host=payment-scheduler-a41e92-t6zvn corrId=c-3cae4f1db1695eec instalment collection started loan_id=LN862410661 due_date=2026-03-26
2026-03-03T03:17:07.724+01:00 INFO payment-service host=payment-service-7c9d5b-p9qmz corrId=c-3cae4f1db1695eec direct debit mandate verified loan_id=LN862410661 mandate_id=MD9259976
2026-03-03T03:17:07.754+01:00 INFO payment-service host=payment-service-7c9d5b-p9qmz corrId=c-3cae4f1db1695eec payment instruction sent loan_id=LN862410661 amount_dkk=10721.18
2026-03-03T03:17:07.831+01:00 INFO ledger-service host=ledger-service-a41e92-p9qmz corrId=c-3cae4f1db1695eec ledger posting accepted loan_id=LN862410661 amount_dkk=10721.18 posting_id=PST-4467363f2e
2026-03-03T03:17:07.950+01:00 INFO payment-service host=payment-service-5b8f6c-x2k4p corrId=c-3cae4f1db1695eec payment settled loan_id=LN862410661 amount_dkk=10721.18
2026-03-03T03:17:07.963+01:00 INFO notification-service host=notification-service-7c9d5b-p9qmz corrId=c-3cae4f1db1695eec payment receipt sent loan_id=LN862410661 channel=DIGITAL_POST
2026-03-03T03:17:21.922+01:00 INFO payment-scheduler host=payment-scheduler-7c9d5b-x2k4p corrId=c-a29dc7d41a41dbf2 instalment collection started loan_id=LN315858787 due_date=2026-03-25
2026-03-03T03:17:21.969+01:00 INFO payment-service host=payment-service-5b8f6c-p9qmz corrId=c-a29dc7d41a41dbf2 direct debit mandate verified loan_id=LN315858787 mandate_id=MD1263940
2026-03-03T03:17:22.080+01:00 INFO payment-service host=payment-service-5b8f6c-t6zvn corrId=c-a29dc7d41a41dbf2 payment instruction sent loan_id=LN315858787 amount_dkk=12190.18
2026-03-03T03:17:22.203+01:00 INFO ledger-service host=ledger-service-a41e92-p9qmz corrId=c-a29dc7d41a41dbf2 ledger posting accepted loan_id=LN315858787 amount_dkk=12190.18 posting_id=PST-4d6303be87
2026-03-03T03:17:22.305+01:00 INFO payment-service host=payment-service-5b8f6c-t6zvn corrId=c-a29dc7d41a41dbf2 payment settled loan_id=LN315858787 amount_dkk=12190.18
2026-03-03T03:17:22.344+01:00 INFO notification-service host=notification-service-7c9d5b-p9qmz corrId=c-a29dc7d41a41dbf2 payment receipt sent loan_id=LN315858787 channel=DIGITAL_POST
2026-03-03T03:17:58.472+01:00 INFO payment-scheduler host=payment-scheduler-5b8f6c-p9qmz corrId=c-1f28cf62957cb6ef instalment collection started loan_id=LN267063071 due_date=2026-03-25
2026-03-03T03:17:58.504+01:00 INFO payment-service host=payment-service-a41e92-x2k4p corrId=c-1f28cf62957cb6ef direct debit mandate verified loan_id=LN267063071 mandate_id=MD8208739
2026-03-03T03:17:58.576+01:00 INFO payment-service host=payment-service-7c9d5b-t6zvn corrId=c-1f28cf62957cb6ef payment instruction sent loan_id=LN267063071 amount_dkk=10329.58
2026-03-03T03:17:58.701+01:00 WARN ledger-service host=ledger-service-a41e92-p9qmz corrId=c-1f28cf62957cb6ef ledger posting retried loan_id=LN267063071 attempt=1
2026-03-03T03:17:58.821+01:00 INFO ledger-service host=ledger-service-a41e92-t6zvn corrId=c-1f28cf62957cb6ef ledger posting accepted loan_id=LN267063071 amount_dkk=10329.58 posting_id=PST-a4df0f6a18
2026-03-03T03:17:58.880+01:00 INFO payment-service host=payment-service-7c9d5b-x2k4p corrId=c-1f28cf62957cb6ef payment settled loan_id=LN267063071 amount_dkk=10329.58
2026-03-03T03:17:58.994+01:00 INFO notification-service host=notification-service-5b8f6c-p9qmz corrId=c-1f28cf62957cb6ef payment receipt sent loan_id=LN267063071 channel=EMAIL
2026-03-03T03:19:12.694+01:00 INFO payment-scheduler host=payment-scheduler-7c9d5b-t6zvn corrId=c-9db5663446b3a125 instalment collection started loan_id=LN829956887 due_date=2026-03-28
2026-03-03T03:19:12.789+01:00 INFO payment-service host=payment-service-a41e92-x2k4p corrId=c-9db5663446b3a125 direct debit mandate verified loan_id=LN829956887 mandate_id=MD8618894
2026-03-03T03:19:12.923+01:00 INFO payment-service host=payment-service-7c9d5b-p9qmz corrId=c-9db5663446b3a125 payment instruction sent loan_id=LN829956887 amount_dkk=5784.26
2026-03-03T03:19:13.032+01:00 INFO ledger-service host=ledger-service-a41e92-t6zvn corrId=c-9db5663446b3a125 ledger posting accepted loan_id=LN829956887 amount_dkk=5784.26 posting_id=PST-92b6b94e6f
2026-03-03T03:19:13.127+01:00 INFO payment-service host=payment-service-a41e92-p9qmz corrId=c-9db5663446b3a125 payment settled loan_id=LN829956887 amount_dkk=5784.26
2026-03-03T03:19:13.266+01:00 INFO notification-service host=notification-service-7c9d5b-t6zvn corrId=c-9db5663446b3a125 payment receipt sent loan_id=LN829956887 channel=DIGITAL_POST
2026-03-03T03:19:59.544+01:00 INFO payment-scheduler host=payment-scheduler-7c9d5b-t6zvn corrId=c-f3953d4eef597863 instalment collection started loan_id=LN296949562 due_date=2026-03-25
2026-03-03T03:19:59.579+01:00 INFO payment-service host=payment-service-7c9d5b-x2k4p corrId=c-f3953d4eef597863 direct debit mandate verified loan_id=LN296949562 mandate_id=MD4075283
2026-03-03T03:19:59.705+01:00 INFO payment-service host=payment-service-a41e92-x2k4p corrId=c-f3953d4eef597863 payment instruction sent loan_id=LN296949562 amount_dkk=2726.72
2026-03-03T03:19:59.810+01:00 INFO ledger-service host=ledger-service-5b8f6c-x2k4p corrId=c-f3953d4eef597863 ledger posting accepted loan_id=LN296949562 amount_dkk=2726.72 posting_id=PST-76700657df
2026-03-03T03:19:59.849+01:00 INFO payment-service host=payment-service-5b8f6c-p9qmz corrId=c-f3953d4eef597863 payment settled loan_id=LN296949562 amount_dkk=2726.72
2026-03-03T03:19:59.876+01:00 INFO notification-service host=notification-service-5b8f6c-t6zvn corrId=c-f3953d4eef597863 payment receipt sent loan_id=LN296949562 channel=DIGITAL_POST
2026-03-03T03:20:00.655+01:00 INFO payment-scheduler host=payment-scheduler-7c9d5b-p9qmz corrId=- scheduler heartbeat lag_ms=85
2026-03-03T03:20:00.847+01:00 INFO api-gateway host=api-gateway-5b8f6c-x2k4p corrId=- health probe ok status=200 latency_ms=8
2026-03-03T03:20:56.145+01:00 INFO payment-scheduler host=payment-scheduler-a41e92-t6zvn corrId=c-0447d7d89a01864a instalment collection started loan_id=LN901312762 due_date=2026-03-07
2026-03-03T03:20:56.173+01:00 INFO payment-service host=payment-service-5b8f6c-t6zvn corrId=c-0447d7d89a01864a direct debit mandate verified loan_id=LN901312762 mandate_id=MD5309257
2026-03-03T03:20:56.207+01:00 INFO payment-service host=payment-service-7c9d5b-p9qmz corrId=c-0447d7d89a01864a payment instruction sent loan_id=LN901312762 amount_dkk=5510.79
2026-03-03T03:20:56.313+01:00 INFO ledger-service host=ledger-service-5b8f6c-x2k4p corrId=c-0447d7d89a01864a ledger posting accepted loan_id=LN901312762 amount_dkk=5510.79 posting_id=PST-cf74dd92b7
2026-03-03T03:20:56.410+01:00 INFO payment-service host=payment-service-5b8f6c-p9qmz corrId=c-0447d7d89a01864a payment settled loan_id=LN901312762 amount_dkk=5510.79
2026-03-03T03:20:56.495+01:00 INFO notification-service host=notification-service-a41e92-p9qmz corrId=c-0447d7d89a01864a payment receipt sent loan_id=LN901312762 channel=DIGITAL_POST
2026-03-03T03:23:18.672+01:00 INFO payment-scheduler host=payment-scheduler-7c9d5b-x2k4p corrId=c-71fcbfe20a16f7c7 instalment collection started loan_id=LN678827314 due_date=2026-03-02
2026-03-03T03:23:18.757+01:00 INFO payment-service host=payment-service-5b8f6c-x2k4p corrId=c-71fcbfe20a16f7c7 direct debit mandate verified loan_id=LN678827314 mandate_id=MD6096796
2026-03-03T03:23:18.835+01:00 INFO payment-service host=payment-service-5b8f6c-p9qmz corrId=c-71fcbfe20a16f7c7 payment instruction sent loan_id=LN678827314 amount_dkk=9397.06
2026-03-03T03:23:18.953+01:00 INFO ledger-service host=ledger-service-a41e92-x2k4p corrId=c-71fcbfe20a16f7c7 ledger posting accepted loan_id=LN678827314 amount_dkk=9397.06 posting_id=PST-4b5b56af1f
2026-03-03T03:23:18.993+01:00 INFO payment-service host=payment-service-5b8f6c-x2k4p corrId=c-71fcbfe20a16f7c7 payment settled loan_id=LN678827314 amount_dkk=9397.06
2026-03-03T03:23:19.031+01:00 INFO notification-service host=notification-service-a41e92-p9qmz corrId=c-71fcbfe20a16f7c7 payment receipt sent loan_id=LN678827314 channel=DIGITAL_POST
2026-03-03T03:25:00.742+01:00 INFO api-gateway host=api-gateway-5b8f6c-p9qmz corrId=- health probe ok status=200 latency_ms=7
2026-03-03T03:30:00.046+01:00 INFO api-gateway host=api-gateway-7c9d5b-p9qmz corrId=- health probe ok status=200 latency_ms=17
2026-03-03T03:30:00.158+01:00 INFO payment-scheduler host=payment-scheduler-a41e92-x2k4p corrId=- scheduler heartbeat lag_ms=61
2026-03-03T03:35:00.526+01:00 INFO api-gateway host=api-gateway-a41e92-p9qmz corrId=- health probe ok status=200 latency_ms=4
2026-03-03T03:40:00.603+01:00 INFO payment-scheduler host=payment-scheduler-5b8f6c-x2k4p corrId=- scheduler heartbeat lag_ms=102
2026-03-03T03:40:00.691+01:00 INFO api-gateway host=api-gateway-a41e92-x2k4p corrId=- health probe ok status=200 latency_ms=9
2026-03-03T03:45:00.600+01:00 INFO api-gateway host=api-gateway-5b8f6c-p9qmz corrId=- health probe ok status=200 latency_ms=7
2026-03-03T03:50:00.123+01:00 INFO api-gateway host=api-gateway-a41e92-t6zvn corrId=- health probe ok status=200 latency_ms=4
2026-03-03T03:50:00.378+01:00 INFO payment-scheduler host=payment-scheduler-7c9d5b-p9qmz corrId=- scheduler heartbeat lag_ms=84
2026-03-03T03:51:52.000+01:00 INFO valuation-service host=valuation-service-5b8f6c-x2k4p corrId=- jvm gc pause pause_ms=80
2026-03-03T03:55:00.511+01:00 INFO api-gateway host=api-gateway-a41e92-x2k4p corrId=- health probe ok status=200 latency_ms=20
2026-03-03T04:00:00.236+01:00 INFO payment-scheduler host=payment-scheduler-7c9d5b-t6zvn corrId=- scheduler heartbeat lag_ms=1
2026-03-03T04:00:00.575+01:00 INFO api-gateway host=api-gateway-a41e92-t6zvn corrId=- health probe ok status=200 latency_ms=14
2026-03-03T04:00:49.000+01:00 INFO config-service host=config-service-5b8f6c-t6zvn corrId=- configuration refreshed version=v140
2026-03-03T04:05:00.410+01:00 INFO api-gateway host=api-gateway-a41e92-x2k4p corrId=- health probe ok status=200 latency_ms=14
2026-03-03T04:10:00.141+01:00 INFO payment-scheduler host=payment-scheduler-a41e92-p9qmz corrId=- scheduler heartbeat lag_ms=103
2026-03-03T04:10:00.451+01:00 INFO api-gateway host=api-gateway-5b8f6c-t6zvn corrId=- health probe ok status=200 latency_ms=36
2026-03-03T04:15:00.474+01:00 INFO api-gateway host=api-gateway-a41e92-x2k4p corrId=- health probe ok status=200 latency_ms=18
2026-03-03T04:20:00.136+01:00 INFO payment-scheduler host=payment-scheduler-5b8f6c-x2k4p corrId=- scheduler heartbeat lag_ms=23
2026-03-03T04:20:00.456+01:00 INFO api-gateway host=api-gateway-5b8f6c-t6zvn corrId=- health probe ok status=200 latency_ms=37
2026-03-03T04:25:00.606+01:00 INFO api-gateway host=api-gateway-a41e92-p9qmz corrId=- health probe ok status=200 latency_ms=40
2026-03-03T04:30:00.504+01:00 INFO payment-scheduler host=payment-scheduler-a41e92-x2k4p corrId=- scheduler heartbeat lag_ms=109
2026-03-03T04:30:00.743+01:00 INFO api-gateway host=api-gateway-a41e92-t6zvn corrId=- health probe ok status=200 latency_ms=30
2026-03-03T04:34:54.000+01:00 INFO valuation-service host=valuation-service-a41e92-t6zvn corrId=- jvm gc pause pause_ms=28
2026-03-03T04:35:00.520+01:00 INFO api-gateway host=api-gateway-5b8f6c-x2k4p corrId=- health probe ok status=200 latency_ms=9
2026-03-03T04:40:00.291+01:00 INFO api-gateway host=api-gateway-a41e92-p9qmz corrId=- health probe ok status=200 latency_ms=19
2026-03-03T04:40:00.784+01:00 INFO payment-scheduler host=payment-scheduler-5b8f6c-t6zvn corrId=- scheduler heartbeat lag_ms=80
2026-03-03T04:45:00.379+01:00 INFO api-gateway host=api-gateway-a41e92-p9qmz corrId=- health probe ok status=200 latency_ms=23
2026-03-03T04:50:00.333+01:00 INFO payment-scheduler host=payment-scheduler-7c9d5b-p9qmz corrId=- scheduler heartbeat lag_ms=85
2026-03-03T04:50:00.337+01:00 INFO api-gateway host=api-gateway-7c9d5b-x2k4p corrId=- health probe ok status=200 latency_ms=19
2026-03-03T04:55:00.091+01:00 INFO api-gateway host=api-gateway-a41e92-t6zvn corrId=- health probe ok status=200 latency_ms=37
2026-03-03T05:00:00.000+01:00 INFO config-service host=config-service-5b8f6c-t6zvn corrId=- configuration refreshed version=v129
2026-03-03T05:00:00.058+01:00 INFO payment-scheduler host=payment-scheduler-7c9d5b-x2k4p corrId=- scheduler heartbeat lag_ms=45
2026-03-03T05:00:00.883+01:00 INFO api-gateway host=api-gateway-7c9d5b-t6zvn corrId=- health probe ok status=200 latency_ms=3
2026-03-03T05:05:00.484+01:00 INFO api-gateway host=api-gateway-5b8f6c-p9qmz corrId=- health probe ok status=200 latency_ms=18
2026-03-03T05:10:00.404+01:00 INFO payment-scheduler host=payment-scheduler-a41e92-t6zvn corrId=- scheduler heartbeat lag_ms=17
2026-03-03T05:10:00.842+01:00 INFO api-gateway host=api-gateway-a41e92-t6zvn corrId=- health probe ok status=200 latency_ms=24
2026-03-03T05:15:00.292+01:00 INFO api-gateway host=api-gateway-5b8f6c-p9qmz corrId=- health probe ok status=200 latency_ms=14
2026-03-03T05:20:00.056+01:00 INFO api-gateway host=api-gateway-a41e92-x2k4p corrId=- health probe ok status=200 latency_ms=18
2026-03-03T05:20:00.565+01:00 INFO payment-scheduler host=payment-scheduler-7c9d5b-x2k4p corrId=- scheduler heartbeat lag_ms=114
2026-03-03T05:25:00.263+01:00 INFO api-gateway host=api-gateway-7c9d5b-t6zvn corrId=- health probe ok status=200 latency_ms=9
2026-03-03T05:30:00.246+01:00 INFO payment-scheduler host=payment-scheduler-a41e92-t6zvn corrId=- scheduler heartbeat lag_ms=15
2026-03-03T05:30:00.867+01:00 INFO api-gateway host=api-gateway-7c9d5b-x2k4p corrId=- health probe ok status=200 latency_ms=3
2026-03-03T05:35:00.194+01:00 INFO api-gateway host=api-gateway-5b8f6c-t6zvn corrId=- health probe ok status=200 latency_ms=33
2026-03-03T05:40:00.105+01:00 INFO api-gateway host=api-gateway-5b8f6c-p9qmz corrId=- health probe ok status=200 latency_ms=4
2026-03-03T05:40:00.225+01:00 INFO payment-scheduler host=payment-scheduler-5b8f6c-x2k4p corrId=- scheduler heartbeat lag_ms=119
2026-03-03T05:45:00.129+01:00 INFO api-gateway host=api-gateway-5b8f6c-p9qmz corrId=- health probe ok status=200 latency_ms=31
2026-03-03T05:50:00.048+01:00 INFO api-gateway host=api-gateway-7c9d5b-t6zvn corrId=- health probe ok status=200 latency_ms=9
2026-03-03T05:50:00.710+01:00 INFO payment-scheduler host=payment-scheduler-a41e92-x2k4p corrId=- scheduler heartbeat lag_ms=40
2026-03-03T05:55:00.870+01:00 INFO api-gateway host=api-gateway-5b8f6c-p9qmz corrId=- health probe ok status=200 latency_ms=30
2026-03-03T05:59:57.000+01:00 INFO valuation-service host=valuation-service-5b8f6c-t6zvn corrId=- jvm gc pause pause_ms=79
2026-03-03T06:00:00.098+01:00 INFO payment-scheduler host=payment-scheduler-a41e92-x2k4p corrId=- scheduler heartbeat lag_ms=96
2026-03-03T06:00:00.237+01:00 INFO api-gateway host=api-gateway-5b8f6c-p9qmz corrId=- health probe ok status=200 latency_ms=4
2026-03-03T06:00:08.000+01:00 INFO config-service host=config-service-5b8f6c-p9qmz corrId=- configuration refreshed version=v139
2026-03-03T06:05:00.007+01:00 INFO api-gateway host=api-gateway-a41e92-x2k4p corrId=- health probe ok status=200 latency_ms=35
2026-03-03T06:10:00.415+01:00 INFO api-gateway host=api-gateway-7c9d5b-p9qmz corrId=- health probe ok status=200 latency_ms=17
2026-03-03T06:10:00.617+01:00 INFO payment-scheduler host=payment-scheduler-a41e92-t6zvn corrId=- scheduler heartbeat lag_ms=110
2026-03-03T06:15:00.543+01:00 INFO api-gateway host=api-gateway-5b8f6c-t6zvn corrId=- health probe ok status=200 latency_ms=6
2026-03-03T06:20:00.473+01:00 INFO api-gateway host=api-gateway-5b8f6c-x2k4p corrId=- health probe ok status=200 latency_ms=35
2026-03-03T06:20:00.780+01:00 INFO payment-scheduler host=payment-scheduler-5b8f6c-x2k4p corrId=- scheduler heartbeat lag_ms=63
2026-03-03T06:25:00.831+01:00 INFO api-gateway host=api-gateway-a41e92-t6zvn corrId=- health probe ok status=200 latency_ms=13
2026-03-03T06:30:00.312+01:00 INFO payment-scheduler host=payment-scheduler-5b8f6c-x2k4p corrId=- scheduler heartbeat lag_ms=63
2026-03-03T06:30:00.695+01:00 INFO api-gateway host=api-gateway-5b8f6c-p9qmz corrId=- health probe ok status=200 latency_ms=40
2026-03-03T06:35:00.724+01:00 INFO api-gateway host=api-gateway-5b8f6c-t6zvn corrId=- health probe ok status=200 latency_ms=38
2026-03-03T06:40:00.157+01:00 INFO api-gateway host=api-gateway-5b8f6c-t6zvn corrId=- health probe ok status=200 latency_ms=3
2026-03-03T06:40:00.797+01:00 INFO payment-scheduler host=payment-scheduler-5b8f6c-x2k4p corrId=- scheduler heartbeat lag_ms=83
2026-03-03T06:45:00.275+01:00 INFO api-gateway host=api-gateway-7c9d5b-p9qmz corrId=- health probe ok status=200 latency_ms=33
2026-03-03T06:50:00.298+01:00 INFO api-gateway host=api-gateway-7c9d5b-p9qmz corrId=- health probe ok status=200 latency_ms=38
2026-03-03T06:50:00.389+01:00 INFO payment-scheduler host=payment-scheduler-a41e92-t6zvn corrId=- scheduler heartbeat lag_ms=44
2026-03-03T06:55:00.015+01:00 INFO api-gateway host=api-gateway-7c9d5b-x2k4p corrId=- health probe ok status=200 latency_ms=18
2026-03-03T06:58:44.000+01:00 INFO valuation-service host=valuation-service-a41e92-x2k4p corrId=- jvm gc pause pause_ms=43
2026-03-03T07:00:00.023+01:00 INFO api-gateway host=api-gateway-5b8f6c-t6zvn corrId=- health probe ok status=200 latency_ms=3
2026-03-03T07:00:00.245+01:00 INFO payment-scheduler host=payment-scheduler-a41e92-p9qmz corrId=- scheduler heartbeat lag_ms=12
2026-03-03T07:00:01.000+01:00 INFO config-service host=config-service-7c9d5b-p9qmz corrId=- configuration refreshed version=v111
2026-03-03T07:05:00.741+01:00 INFO api-gateway host=api-gateway-a41e92-p9qmz corrId=- health probe ok status=200 latency_ms=14
2026-03-03T07:10:00.451+01:00 INFO api-gateway host=api-gateway-a41e92-p9qmz corrId=- health probe ok status=200 latency_ms=15
2026-03-03T07:10:00.613+01:00 INFO payment-scheduler host=payment-scheduler-a41e92-p9qmz corrId=- scheduler heartbeat lag_ms=88
2026-03-03T07:15:00.779+01:00 INFO api-gateway host=api-gateway-a41e92-p9qmz corrId=- health probe ok status=200 latency_ms=32
2026-03-03T07:20:00.398+01:00 INFO api-gateway host=api-gateway-5b8f6c-p9qmz corrId=- health probe ok status=200 latency_ms=13
2026-03-03T07:20:00.424+01:00 INFO payment-scheduler host=payment-scheduler-7c9d5b-t6zvn corrId=- scheduler heartbeat lag_ms=9
2026-03-03T07:25:00.786+01:00 INFO api-gateway host=api-gateway-5b8f6c-t6zvn corrId=- health probe ok status=200 latency_ms=40
2026-03-03T07:30:00.555+01:00 INFO payment-scheduler host=payment-scheduler-5b8f6c-t6zvn corrId=- scheduler heartbeat lag_ms=112
2026-03-03T07:30:00.839+01:00 INFO api-gateway host=api-gateway-7c9d5b-p9qmz corrId=- health probe ok status=200 latency_ms=17
2026-03-03T07:35:00.625+01:00 INFO api-gateway host=api-gateway-7c9d5b-x2k4p corrId=- health probe ok status=200 latency_ms=6
2026-03-03T07:40:00.412+01:00 INFO payment-scheduler host=payment-scheduler-7c9d5b-p9qmz corrId=- scheduler heartbeat lag_ms=67
2026-03-03T07:40:00.725+01:00 INFO api-gateway host=api-gateway-7c9d5b-t6zvn corrId=- health probe ok status=200 latency_ms=26
2026-03-03T07:45:00.078+01:00 INFO api-gateway host=api-gateway-a41e92-t6zvn corrId=- health probe ok status=200 latency_ms=5
2026-03-03T07:50:00.285+01:00 INFO api-gateway host=api-gateway-7c9d5b-p9qmz corrId=- health probe ok status=200 latency_ms=14
2026-03-03T07:50:00.688+01:00 INFO payment-scheduler host=payment-scheduler-5b8f6c-t6zvn corrId=- scheduler heartbeat lag_ms=21
2026-03-03T07:50:29.539+01:00 INFO portal-bff host=portal-bff-a41e92-x2k4p corrId=c-af97cc224d311603 conversion quote requested loan_id=LN520542226 target_product=FLEX_1Y
2026-03-03T07:50:29.626+01:00 INFO identity-service host=identity-service-a41e92-x2k4p corrId=c-af97cc224d311603 MitID session validated customer_id=C59810809
2026-03-03T07:50:29.733+01:00 INFO pricing-service host=pricing-service-a41e92-x2k4p corrId=c-af97cc224d311603 bond price fetched series=BND2.5-2056 price=89.475
2026-03-03T07:50:29.824+01:00 INFO pricing-service host=pricing-service-a41e92-t6zvn corrId=c-af97cc224d311603 conversion cost calculated loan_id=LN520542226 cost_dkk=88342.79
2026-03-03T07:50:29.863+01:00 INFO quote-service host=quote-service-a41e92-p9qmz corrId=c-af97cc224d311603 conversion quote issued quote_id=Q11249622 loan_id=LN520542226
2026-03-03T07:55:00.406+01:00 INFO api-gateway host=api-gateway-5b8f6c-p9qmz corrId=- health probe ok status=200 latency_ms=39
2026-03-03T07:59:13.578+01:00 INFO portal-bff host=portal-bff-a41e92-x2k4p corrId=c-192fbcdcbecd2507 conversion quote requested loan_id=LN307559851 target_product=FIXED_30Y
2026-03-03T07:59:13.639+01:00 INFO identity-service host=identity-service-5b8f6c-p9qmz corrId=c-192fbcdcbecd2507 MitID session validated customer_id=C90658425
2026-03-03T07:59:13.717+01:00 INFO pricing-service host=pricing-service-a41e92-x2k4p corrId=c-192fbcdcbecd2507 bond price fetched series=BND3.0-2053 price=100.923
2026-03-03T07:59:13.781+01:00 INFO pricing-service host=pricing-service-a41e92-t6zvn corrId=c-192fbcdcbecd2507 conversion cost calculated loan_id=LN307559851 cost_dkk=37809.17
2026-03-03T07:59:13.794+01:00 INFO quote-service host=quote-service-7c9d5b-x2k4p corrId=c-192fbcdcbecd2507 conversion quote issued quote_id=Q47939948 loan_id=LN307559851
2026-03-03T08:00:00.000+01:00 INFO config-service host=config-service-5b8f6c-t6zvn corrId=- configuration refreshed version=v125
2026-03-03T08:00:00.123+01:00 INFO payment-scheduler host=payment-scheduler-a41e92-t6zvn corrId=- scheduler heartbeat lag_ms=51
2026-03-03T08:00:00.209+01:00 INFO api-gateway host=api-gateway-5b8f6c-p9qmz corrId=- health probe ok status=200 latency_ms=26
2026-03-03T08:05:00.446+01:00 INFO api-gateway host=api-gateway-a41e92-t6zvn corrId=- health probe ok status=200 latency_ms=12
2026-03-03T08:10:00.286+01:00 INFO payment-scheduler host=payment-scheduler-5b8f6c-p9qmz corrId=- scheduler heartbeat lag_ms=24
2026-03-03T08:10:00.703+01:00 INFO api-gateway host=api-gateway-5b8f6c-t6zvn corrId=- health probe ok status=200 latency_ms=23
2026-03-03T08:14:02.774+01:00 INFO portal-bff host=portal-bff-a41e92-p9qmz corrId=c-ec2863408195a5d4 conversion quote requested loan_id=LN395744134 target_product=FLEX_1Y
2026-03-03T08:14:02.801+01:00 INFO identity-service host=identity-service-5b8f6c-p9qmz corrId=c-ec2863408195a5d4 MitID session validated customer_id=C95535147
2026-03-03T08:14:02.909+01:00 INFO pricing-service host=pricing-service-7c9d5b-x2k4p corrId=c-ec2863408195a5d4 bond price fetched series=BND3.0-2056 price=93.226
2026-03-03T08:14:03.012+01:00 INFO pricing-service host=pricing-service-a41e92-p9qmz corrId=c-ec2863408195a5d4 conversion cost calculated loan_id=LN395744134 cost_dkk=4756.07
2026-03-03T08:14:03.039+01:00 INFO quote-service host=quote-service-7c9d5b-p9qmz corrId=c-ec2863408195a5d4 conversion quote issued quote_id=Q66880275 loan_id=LN395744134
2026-03-03T08:15:00.788+01:00 INFO api-gateway host=api-gateway-7c9d5b-t6zvn corrId=- health probe ok status=200 latency_ms=36
2026-03-03T08:20:00.045+01:00 INFO api-gateway host=api-gateway-7c9d5b-t6zvn corrId=- health probe ok status=200 latency_ms=34
2026-03-03T08:20:00.048+01:00 INFO payment-scheduler host=payment-scheduler-5b8f6c-p9qmz corrId=- scheduler heartbeat lag_ms=99
2026-03-03T08:20:07.581+01:00 INFO portal-bff host=portal-bff-a41e92-p9qmz corrId=c-b5889cb093796e49 loan application submitted application_id=APP-2026-185654 customer_segment=SME
2026-03-03T08:20:07.594+01:00 INFO identity-service host=identity-service-5b8f6c-x2k4p corrId=c-b5889cb093796e49 MitID session validated customer_id=C45982939
2026-03-03T08:20:07.654+01:00 INFO customer-service host=customer-service-5b8f6c-t6zvn corrId=c-b5889cb093796e49 KYC profile loaded customer_id=C45982939 risk_class=LOW
2026-03-03T08:20:07.672+01:00 INFO valuation-service host=valuation-service-a41e92-x2k4p corrId=c-b5889cb093796e49 property valuation requested property_id=P0846236 provider=bolig-vurdering
2026-03-03T08:20:07.976+01:00 INFO valuation-service host=valuation-service-5b8f6c-p9qmz corrId=c-b5889cb093796e49 property valuation received property_id=P0846236 value_dkk=4400000 latency_ms=235
2026-03-03T08:20:08.032+01:00 INFO credit-service host=credit-service-5b8f6c-t6zvn corrId=c-b5889cb093796e49 credit assessment completed application_id=APP-2026-185654 score=807 decision=APPROVED
2026-03-03T08:20:08.064+01:00 INFO offer-service host=offer-service-a41e92-t6zvn corrId=c-b5889cb093796e49 loan offer generated application_id=APP-2026-185654 loan_type=FIXED_30Y principal_dkk=1695000
2026-03-03T08:20:08.163+01:00 INFO document-service host=document-service-5b8f6c-t6zvn corrId=c-b5889cb093796e49 offer document stored application_id=APP-2026-185654 doc_id=DOC-d56d0c7b
2026-03-03T08:20:08.297+01:00 INFO portal-bff host=portal-bff-5b8f6c-t6zvn corrId=c-b5889cb093796e49 application completed application_id=APP-2026-185654 status=OFFER_ISSUED
2026-03-03T08:22:56.836+01:00 INFO portal-bff host=portal-bff-a41e92-x2k4p corrId=c-40ad99d5e2a09f5d loan application submitted application_id=APP-2026-188159 customer_segment=SME
2026-03-03T08:22:56.857+01:00 INFO identity-service host=identity-service-7c9d5b-x2k4p corrId=c-40ad99d5e2a09f5d MitID session validated customer_id=C79647246
2026-03-03T08:22:56.944+01:00 INFO customer-service host=customer-service-a41e92-x2k4p corrId=c-40ad99d5e2a09f5d KYC profile loaded customer_id=C79647246 risk_class=LOW
2026-03-03T08:22:56.987+01:00 INFO valuation-service host=valuation-service-a41e92-p9qmz corrId=c-40ad99d5e2a09f5d property valuation requested property_id=P4993122 provider=bolig-vurdering
2026-03-03T08:22:57.622+01:00 INFO valuation-service host=valuation-service-5b8f6c-x2k4p corrId=c-40ad99d5e2a09f5d property valuation received property_id=P4993122 value_dkk=6660000 latency_ms=614
2026-03-03T08:22:57.737+01:00 INFO credit-service host=credit-service-5b8f6c-p9qmz corrId=c-40ad99d5e2a09f5d credit assessment completed application_id=APP-2026-188159 score=664 decision=APPROVED
2026-03-03T08:22:57.806+01:00 INFO offer-service host=offer-service-a41e92-x2k4p corrId=c-40ad99d5e2a09f5d loan offer generated application_id=APP-2026-188159 loan_type=FIXED_20Y_IO principal_dkk=2830000
2026-03-03T08:22:57.899+01:00 INFO document-service host=document-service-5b8f6c-t6zvn corrId=c-40ad99d5e2a09f5d offer document stored application_id=APP-2026-188159 doc_id=DOC-fad387df
2026-03-03T08:22:57.923+01:00 INFO portal-bff host=portal-bff-7c9d5b-x2k4p corrId=c-40ad99d5e2a09f5d application completed application_id=APP-2026-188159 status=OFFER_ISSUED
2026-03-03T08:25:00.344+01:00 INFO api-gateway host=api-gateway-5b8f6c-x2k4p corrId=- health probe ok status=200 latency_ms=40
2026-03-03T08:26:59.866+01:00 INFO portal-bff host=portal-bff-5b8f6c-p9qmz corrId=c-964a3aae0fa256a6 loan application submitted application_id=APP-2026-208314 customer_segment=RETAIL
2026-03-03T08:26:59.929+01:00 WARN identity-service host=identity-service-7c9d5b-t6zvn corrId=c-964a3aae0fa256a6 MitID token refresh attempt=1
2026-03-03T08:26:59.951+01:00 INFO identity-service host=identity-service-5b8f6c-t6zvn corrId=c-964a3aae0fa256a6 MitID session validated customer_id=C47695064
2026-03-03T08:27:00.059+01:00 INFO customer-service host=customer-service-7c9d5b-p9qmz corrId=c-964a3aae0fa256a6 KYC profile loaded customer_id=C47695064 risk_class=MEDIUM
2026-03-03T08:27:00.197+01:00 INFO valuation-service host=valuation-service-5b8f6c-x2k4p corrId=c-964a3aae0fa256a6 property valuation served from cache property_id=P1594299 value_dkk=4430000
2026-03-03T08:27:00.273+01:00 INFO credit-service host=credit-service-7c9d5b-t6zvn corrId=c-964a3aae0fa256a6 credit assessment completed application_id=APP-2026-208314 score=523 decision=APPROVED
2026-03-03T08:27:00.399+01:00 INFO offer-service host=offer-service-7c9d5b-t6zvn corrId=c-964a3aae0fa256a6 loan offer generated application_id=APP-2026-208314 loan_type=FIXED_30Y principal_dkk=1160000
2026-03-03T08:27:00.524+01:00 INFO document-service host=document-service-5b8f6c-t6zvn corrId=c-964a3aae0fa256a6 offer document stored application_id=APP-2026-208314 doc_id=DOC-76d1ea1a
2026-03-03T08:27:00.652+01:00 INFO portal-bff host=portal-bff-5b8f6c-t6zvn corrId=c-964a3aae0fa256a6 application completed application_id=APP-2026-208314 status=OFFER_ISSUED
2026-03-03T08:28:41.288+01:00 INFO portal-bff host=portal-bff-7c9d5b-x2k4p corrId=c-ea4bdb8278a5815a loan application submitted application_id=APP-2026-377016 customer_segment=RETAIL
2026-03-03T08:28:41.341+01:00 INFO identity-service host=identity-service-5b8f6c-t6zvn corrId=c-ea4bdb8278a5815a MitID session validated customer_id=C86459133
2026-03-03T08:28:41.464+01:00 INFO customer-service host=customer-service-5b8f6c-p9qmz corrId=c-ea4bdb8278a5815a KYC profile loaded customer_id=C86459133 risk_class=LOW
2026-03-03T08:28:41.472+01:00 INFO valuation-service host=valuation-service-5b8f6c-x2k4p corrId=c-ea4bdb8278a5815a property valuation served from cache property_id=P2500324 value_dkk=7010000
2026-03-03T08:28:41.545+01:00 INFO credit-service host=credit-service-5b8f6c-x2k4p corrId=c-ea4bdb8278a5815a credit assessment completed application_id=APP-2026-377016 score=857 decision=APPROVED
2026-03-03T08:28:41.624+01:00 INFO offer-service host=offer-service-a41e92-x2k4p corrId=c-ea4bdb8278a5815a loan offer generated application_id=APP-2026-377016 loan_type=FLEX_5Y principal_dkk=5540000
2026-03-03T08:28:41.754+01:00 INFO document-service host=document-service-a41e92-x2k4p corrId=c-ea4bdb8278a5815a offer document stored application_id=APP-2026-377016 doc_id=DOC-d9a522e9
2026-03-03T08:28:41.765+01:00 INFO portal-bff host=portal-bff-5b8f6c-t6zvn corrId=c-ea4bdb8278a5815a application completed application_id=APP-2026-377016 status=OFFER_ISSUED
2026-03-03T08:30:00.644+01:00 INFO api-gateway host=api-gateway-a41e92-x2k4p corrId=- health probe ok status=200 latency_ms=3
2026-03-03T08:30:00.816+01:00 INFO payment-scheduler host=payment-scheduler-5b8f6c-p9qmz corrId=- scheduler heartbeat lag_ms=47
2026-03-03T08:31:06.476+01:00 INFO portal-bff host=portal-bff-5b8f6c-x2k4p corrId=c-0c75fb40701a9d9a loan application submitted application_id=APP-2026-137446 customer_segment=SME
2026-03-03T08:31:06.514+01:00 INFO identity-service host=identity-service-a41e92-p9qmz corrId=c-0c75fb40701a9d9a MitID session validated customer_id=C47452722
2026-03-03T08:31:06.611+01:00 INFO customer-service host=customer-service-a41e92-p9qmz corrId=c-0c75fb40701a9d9a KYC profile loaded customer_id=C47452722 risk_class=LOW
2026-03-03T08:31:06.661+01:00 INFO valuation-service host=valuation-service-a41e92-p9qmz corrId=c-0c75fb40701a9d9a property valuation requested property_id=P4684114 provider=bolig-vurdering
2026-03-03T08:31:07.438+01:00 INFO valuation-service host=valuation-service-a41e92-x2k4p corrId=c-0c75fb40701a9d9a property valuation received property_id=P4684114 value_dkk=5060000 latency_ms=644
2026-03-03T08:31:07.463+01:00 INFO credit-service host=credit-service-a41e92-t6zvn corrId=c-0c75fb40701a9d9a credit assessment completed application_id=APP-2026-137446 score=853 decision=APPROVED
2026-03-03T08:31:07.538+01:00 INFO offer-service host=offer-service-5b8f6c-x2k4p corrId=c-0c75fb40701a9d9a loan offer generated application_id=APP-2026-137446 loan_type=FLEX_1Y principal_dkk=5695000
2026-03-03T08:31:07.635+01:00 INFO document-service host=document-service-7c9d5b-p9qmz corrId=c-0c75fb40701a9d9a offer document stored application_id=APP-2026-137446 doc_id=DOC-9eedea0a
2026-03-03T08:31:07.704+01:00 INFO portal-bff host=portal-bff-a41e92-x2k4p corrId=c-0c75fb40701a9d9a application completed application_id=APP-2026-137446 status=OFFER_ISSUED
2026-03-03T08:33:43.912+01:00 INFO portal-bff host=portal-bff-5b8f6c-t6zvn corrId=c-f7bebcc02475075f conversion quote requested loan_id=LN755496289 target_product=FLEX_5Y
2026-03-03T08:33:44.006+01:00 INFO identity-service host=identity-service-7c9d5b-p9qmz corrId=c-f7bebcc02475075f MitID session validated customer_id=C88289937
2026-03-03T08:33:44.097+01:00 INFO pricing-service host=pricing-service-7c9d5b-p9qmz corrId=c-f7bebcc02475075f bond price fetched series=BND4.0-2053 price=89.731
2026-03-03T08:33:44.139+01:00 INFO pricing-service host=pricing-service-a41e92-p9qmz corrId=c-f7bebcc02475075f conversion cost calculated loan_id=LN755496289 cost_dkk=40670.97
2026-03-03T08:33:44.193+01:00 INFO quote-service host=quote-service-a41e92-p9qmz corrId=c-f7bebcc02475075f conversion quote issued quote_id=Q36773203 loan_id=LN755496289
2026-03-03T08:33:59.308+01:00 INFO portal-bff host=portal-bff-5b8f6c-t6zvn corrId=c-1fdf2a9b9a45f225 conversion quote requested loan_id=LN091890558 target_product=FLEX_1Y
2026-03-03T08:33:59.347+01:00 INFO identity-service host=identity-service-7c9d5b-x2k4p corrId=c-1fdf2a9b9a45f225 MitID session validated customer_id=C00445459
2026-03-03T08:33:59.386+01:00 INFO pricing-service host=pricing-service-a41e92-t6zvn corrId=c-1fdf2a9b9a45f225 bond price fetched series=BND4.0-2056 price=95.917
2026-03-03T08:33:59.413+01:00 INFO pricing-service host=pricing-service-5b8f6c-x2k4p corrId=c-1fdf2a9b9a45f225 conversion cost calculated loan_id=LN091890558 cost_dkk=18706.19
2026-03-03T08:33:59.550+01:00 INFO quote-service host=quote-service-7c9d5b-t6zvn corrId=c-1fdf2a9b9a45f225 conversion quote issued quote_id=Q00115357 loan_id=LN091890558
2026-03-03T08:35:00.508+01:00 INFO api-gateway host=api-gateway-a41e92-p9qmz corrId=- health probe ok status=200 latency_ms=9
2026-03-03T08:37:26.275+01:00 INFO portal-bff host=portal-bff-5b8f6c-p9qmz corrId=c-7c4264cc3b331f70 loan application submitted application_id=APP-2026-902972 customer_segment=RETAIL
2026-03-03T08:37:26.328+01:00 INFO identity-service host=identity-service-a41e92-x2k4p corrId=c-7c4264cc3b331f70 MitID session validated customer_id=C96642662
2026-03-03T08:37:26.417+01:00 INFO customer-service host=customer-service-5b8f6c-p9qmz corrId=c-7c4264cc3b331f70 KYC profile loaded customer_id=C96642662 risk_class=HIGH
2026-03-03T08:37:26.469+01:00 INFO valuation-service host=valuation-service-7c9d5b-t6zvn corrId=c-7c4264cc3b331f70 property valuation served from cache property_id=P0844801 value_dkk=8550000
2026-03-03T08:37:26.538+01:00 INFO credit-service host=credit-service-a41e92-x2k4p corrId=c-7c4264cc3b331f70 credit assessment completed application_id=APP-2026-902972 score=662 decision=APPROVED
2026-03-03T08:37:26.571+01:00 INFO offer-service host=offer-service-7c9d5b-t6zvn corrId=c-7c4264cc3b331f70 loan offer generated application_id=APP-2026-902972 loan_type=FLEX_1Y principal_dkk=3065000
2026-03-03T08:37:26.602+01:00 INFO document-service host=document-service-7c9d5b-p9qmz corrId=c-7c4264cc3b331f70 offer document stored application_id=APP-2026-902972 doc_id=DOC-063dd696
2026-03-03T08:37:26.697+01:00 INFO portal-bff host=portal-bff-a41e92-t6zvn corrId=c-7c4264cc3b331f70 application completed application_id=APP-2026-902972 status=OFFER_ISSUED
2026-03-03T08:37:49.489+01:00 INFO portal-bff host=portal-bff-7c9d5b-p9qmz corrId=c-00f25f373dcbcf0f conversion quote requested loan_id=LN989718498 target_product=FLEX_1Y
2026-03-03T08:37:49.563+01:00 INFO identity-service host=identity-service-a41e92-p9qmz corrId=c-00f25f373dcbcf0f MitID session validated customer_id=C59104073
2026-03-03T08:37:49.591+01:00 INFO pricing-service host=pricing-service-a41e92-t6zvn corrId=c-00f25f373dcbcf0f bond price fetched series=BND3.0-2056 price=101.232
2026-03-03T08:37:49.721+01:00 INFO pricing-service host=pricing-service-a41e92-p9qmz corrId=c-00f25f373dcbcf0f conversion cost calculated loan_id=LN989718498 cost_dkk=18060.35
2026-03-03T08:37:49.819+01:00 INFO quote-service host=quote-service-7c9d5b-p9qmz corrId=c-00f25f373dcbcf0f conversion quote issued quote_id=Q09369527 loan_id=LN989718498
2026-03-03T08:40:00.139+01:00 INFO payment-scheduler host=payment-scheduler-7c9d5b-t6zvn corrId=- scheduler heartbeat lag_ms=78
2026-03-03T08:40:00.759+01:00 INFO api-gateway host=api-gateway-5b8f6c-t6zvn corrId=- health probe ok status=200 latency_ms=29
2026-03-03T08:42:01.370+01:00 INFO portal-bff host=portal-bff-7c9d5b-x2k4p corrId=c-fa52cfd4088d7670 conversion quote requested loan_id=LN820984059 target_product=FLEX_1Y
2026-03-03T08:42:01.448+01:00 INFO identity-service host=identity-service-a41e92-t6zvn corrId=c-fa52cfd4088d7670 MitID session validated customer_id=C10792476
2026-03-03T08:42:01.572+01:00 INFO pricing-service host=pricing-service-5b8f6c-x2k4p corrId=c-fa52cfd4088d7670 bond price fetched series=BND3.0-2056 price=91.226
2026-03-03T08:42:01.661+01:00 INFO pricing-service host=pricing-service-5b8f6c-t6zvn corrId=c-fa52cfd4088d7670 conversion cost calculated loan_id=LN820984059 cost_dkk=36519.21
2026-03-03T08:42:01.738+01:00 INFO quote-service host=quote-service-7c9d5b-t6zvn corrId=c-fa52cfd4088d7670 conversion quote issued quote_id=Q99230454 loan_id=LN820984059
2026-03-03T08:45:00.341+01:00 INFO api-gateway host=api-gateway-a41e92-p9qmz corrId=- health probe ok status=200 latency_ms=32
2026-03-03T08:47:29.093+01:00 INFO portal-bff host=portal-bff-5b8f6c-x2k4p corrId=c-52f5d29536a10d39 conversion quote requested loan_id=LN498927982 target_product=FIXED_30Y
2026-03-03T08:47:29.122+01:00 INFO identity-service host=identity-service-5b8f6c-p9qmz corrId=c-52f5d29536a10d39 MitID session validated customer_id=C69647034
2026-03-03T08:47:29.205+01:00 INFO pricing-service host=pricing-service-7c9d5b-x2k4p corrId=c-52f5d29536a10d39 bond price fetched series=BND4.0-2053 price=100.645
2026-03-03T08:47:29.315+01:00 INFO pricing-service host=pricing-service-a41e92-x2k4p corrId=c-52f5d29536a10d39 conversion cost calculated loan_id=LN498927982 cost_dkk=12908.25
2026-03-03T08:47:29.417+01:00 INFO quote-service host=quote-service-7c9d5b-x2k4p corrId=c-52f5d29536a10d39 conversion quote issued quote_id=Q50159249 loan_id=LN498927982
2026-03-03T08:49:00.097+01:00 INFO portal-bff host=portal-bff-7c9d5b-t6zvn corrId=c-8fa7892fede85d65 conversion quote requested loan_id=LN517032676 target_product=FLEX_5Y
2026-03-03T08:49:00.108+01:00 INFO identity-service host=identity-service-5b8f6c-t6zvn corrId=c-8fa7892fede85d65 MitID session validated customer_id=C25262129
2026-03-03T08:49:00.246+01:00 INFO pricing-service host=pricing-service-5b8f6c-x2k4p corrId=c-8fa7892fede85d65 bond price fetched series=BND2.5-2053 price=89.763
2026-03-03T08:49:00.353+01:00 INFO pricing-service host=pricing-service-a41e92-p9qmz corrId=c-8fa7892fede85d65 conversion cost calculated loan_id=LN517032676 cost_dkk=80722.42
2026-03-03T08:49:00.472+01:00 INFO quote-service host=quote-service-5b8f6c-x2k4p corrId=c-8fa7892fede85d65 conversion quote issued quote_id=Q35515779 loan_id=LN517032676
2026-03-03T08:50:00.000+01:00 INFO api-gateway host=api-gateway-a41e92-t6zvn corrId=- health probe ok status=200 latency_ms=29
2026-03-03T08:50:00.774+01:00 INFO payment-scheduler host=payment-scheduler-5b8f6c-t6zvn corrId=- scheduler heartbeat lag_ms=17
2026-03-03T08:55:00.407+01:00 INFO api-gateway host=api-gateway-a41e92-p9qmz corrId=- health probe ok status=200 latency_ms=27
2026-03-03T08:58:49.625+01:00 INFO portal-bff host=portal-bff-5b8f6c-p9qmz corrId=c-df8ea58ce21d55e6 loan application submitted application_id=APP-2026-598896 customer_segment=RETAIL
2026-03-03T08:58:49.742+01:00 INFO identity-service host=identity-service-5b8f6c-x2k4p corrId=c-df8ea58ce21d55e6 MitID session validated customer_id=C85000320
2026-03-03T08:58:49.851+01:00 INFO customer-service host=customer-service-a41e92-p9qmz corrId=c-df8ea58ce21d55e6 KYC profile loaded customer_id=C85000320 risk_class=LOW
2026-03-03T08:58:49.933+01:00 INFO valuation-service host=valuation-service-7c9d5b-t6zvn corrId=c-df8ea58ce21d55e6 property valuation requested property_id=P2090004 provider=bolig-vurdering
2026-03-03T08:58:50.534+01:00 INFO valuation-service host=valuation-service-a41e92-x2k4p corrId=c-df8ea58ce21d55e6 property valuation received property_id=P2090004 value_dkk=8030000 latency_ms=462
2026-03-03T08:58:50.591+01:00 INFO credit-service host=credit-service-a41e92-p9qmz corrId=c-df8ea58ce21d55e6 credit assessment completed application_id=APP-2026-598896 score=718 decision=APPROVED
2026-03-03T08:58:50.635+01:00 INFO offer-service host=offer-service-7c9d5b-p9qmz corrId=c-df8ea58ce21d55e6 loan offer generated application_id=APP-2026-598896 loan_type=FIXED_30Y principal_dkk=2880000
2026-03-03T08:58:50.657+01:00 INFO document-service host=document-service-7c9d5b-p9qmz corrId=c-df8ea58ce21d55e6 offer document stored application_id=APP-2026-598896 doc_id=DOC-6d4aea11
2026-03-03T08:58:50.733+01:00 INFO portal-bff host=portal-bff-5b8f6c-x2k4p corrId=c-df8ea58ce21d55e6 application completed application_id=APP-2026-598896 status=OFFER_ISSUED
2026-03-03T08:59:06.985+01:00 INFO portal-bff host=portal-bff-7c9d5b-x2k4p corrId=c-ac85bf99e85adeed conversion quote requested loan_id=LN961100065 target_product=FLEX_1Y
2026-03-03T08:59:07.032+01:00 INFO identity-service host=identity-service-a41e92-x2k4p corrId=c-ac85bf99e85adeed MitID session validated customer_id=C78337845
2026-03-03T08:59:07.105+01:00 INFO pricing-service host=pricing-service-7c9d5b-p9qmz corrId=c-ac85bf99e85adeed bond price fetched series=BND2.5-2056 price=97.936
2026-03-03T08:59:07.205+01:00 INFO pricing-service host=pricing-service-7c9d5b-t6zvn corrId=c-ac85bf99e85adeed conversion cost calculated loan_id=LN961100065 cost_dkk=75949.80
2026-03-03T08:59:07.265+01:00 INFO quote-service host=quote-service-a41e92-p9qmz corrId=c-ac85bf99e85adeed conversion quote issued quote_id=Q59993130 loan_id=LN961100065
2026-03-03T09:00:00.066+01:00 INFO api-gateway host=api-gateway-a41e92-x2k4p corrId=- health probe ok status=200 latency_ms=11
2026-03-03T09:00:00.116+01:00 INFO payment-scheduler host=payment-scheduler-5b8f6c-p9qmz corrId=- scheduler heartbeat lag_ms=59
2026-03-03T09:00:51.000+01:00 INFO config-service host=config-service-5b8f6c-x2k4p corrId=- configuration refreshed version=v120
2026-03-03T09:05:00.796+01:00 INFO api-gateway host=api-gateway-7c9d5b-p9qmz corrId=- health probe ok status=200 latency_ms=34
2026-03-03T09:05:25.796+01:00 INFO portal-bff host=portal-bff-5b8f6c-t6zvn corrId=c-67d01daf71272ca8 conversion quote requested loan_id=LN998864409 target_product=FLEX_5Y
2026-03-03T09:05:25.908+01:00 INFO identity-service host=identity-service-7c9d5b-t6zvn corrId=c-67d01daf71272ca8 MitID session validated customer_id=C33770604
2026-03-03T09:05:26.020+01:00 INFO pricing-service host=pricing-service-5b8f6c-t6zvn corrId=c-67d01daf71272ca8 bond price fetched series=BND3.0-2053 price=95.328
2026-03-03T09:05:26.105+01:00 INFO pricing-service host=pricing-service-a41e92-x2k4p corrId=c-67d01daf71272ca8 conversion cost calculated loan_id=LN998864409 cost_dkk=40875.07
2026-03-03T09:05:26.146+01:00 INFO quote-service host=quote-service-7c9d5b-x2k4p corrId=c-67d01daf71272ca8 conversion quote issued quote_id=Q13747732 loan_id=LN998864409
2026-03-03T09:05:33.973+01:00 INFO portal-bff host=portal-bff-5b8f6c-x2k4p corrId=c-63a35a30c24f76ac conversion quote requested loan_id=LN062046663 target_product=FIXED_30Y
2026-03-03T09:05:34.028+01:00 INFO identity-service host=identity-service-a41e92-p9qmz corrId=c-63a35a30c24f76ac MitID session validated customer_id=C58018397
2026-03-03T09:05:34.061+01:00 INFO pricing-service host=pricing-service-7c9d5b-x2k4p corrId=c-63a35a30c24f76ac bond price fetched series=BND2.5-2056 price=94.791
2026-03-03T09:05:34.073+01:00 INFO pricing-service host=pricing-service-a41e92-x2k4p corrId=c-63a35a30c24f76ac conversion cost calculated loan_id=LN062046663 cost_dkk=84804.61
2026-03-03T09:05:34.083+01:00 INFO quote-service host=quote-service-7c9d5b-t6zvn corrId=c-63a35a30c24f76ac conversion quote issued quote_id=Q12173781 loan_id=LN062046663
2026-03-03T09:05:52.057+01:00 INFO portal-bff host=portal-bff-a41e92-t6zvn corrId=c-e6f6fc84eb6df437 conversion quote requested loan_id=LN820005732 target_product=FLEX_1Y
2026-03-03T09:05:52.107+01:00 INFO identity-service host=identity-service-a41e92-p9qmz corrId=c-e6f6fc84eb6df437 MitID session validated customer_id=C25440901
2026-03-03T09:05:52.176+01:00 INFO pricing-service host=pricing-service-7c9d5b-t6zvn corrId=c-e6f6fc84eb6df437 bond price fetched series=BND2.5-2053 price=96.341
2026-03-03T09:05:52.214+01:00 INFO pricing-service host=pricing-service-a41e92-p9qmz corrId=c-e6f6fc84eb6df437 conversion cost calculated loan_id=LN820005732 cost_dkk=5494.84
2026-03-03T09:05:52.271+01:00 INFO quote-service host=quote-service-5b8f6c-x2k4p corrId=c-e6f6fc84eb6df437 conversion quote issued quote_id=Q57538566 loan_id=LN820005732
2026-03-03T09:05:56.563+01:00 INFO portal-bff host=portal-bff-5b8f6c-p9qmz corrId=c-eeabd2011b2c7e8a loan application submitted application_id=APP-2026-844127 customer_segment=PRIVATE
2026-03-03T09:05:56.578+01:00 INFO identity-service host=identity-service-7c9d5b-t6zvn corrId=c-eeabd2011b2c7e8a MitID session validated customer_id=C62109466
2026-03-03T09:05:56.593+01:00 INFO customer-service host=customer-service-a41e92-t6zvn corrId=c-eeabd2011b2c7e8a KYC profile loaded customer_id=C62109466 risk_class=HIGH
2026-03-03T09:05:56.674+01:00 INFO valuation-service host=valuation-service-5b8f6c-t6zvn corrId=c-eeabd2011b2c7e8a property valuation requested property_id=P5038457 provider=bolig-vurdering
2026-03-03T09:05:57.731+01:00 INFO valuation-service host=valuation-service-5b8f6c-p9qmz corrId=c-eeabd2011b2c7e8a property valuation received property_id=P5038457 value_dkk=1000000 latency_ms=942
2026-03-03T09:05:57.768+01:00 INFO credit-service host=credit-service-5b8f6c-p9qmz corrId=c-eeabd2011b2c7e8a credit assessment completed application_id=APP-2026-844127 score=580 decision=APPROVED
2026-03-03T09:05:57.836+01:00 INFO offer-service host=offer-service-5b8f6c-p9qmz corrId=c-eeabd2011b2c7e8a loan offer generated application_id=APP-2026-844127 loan_type=FIXED_30Y principal_dkk=4175000
2026-03-03T09:05:57.927+01:00 INFO document-service host=document-service-7c9d5b-t6zvn corrId=c-eeabd2011b2c7e8a offer document stored application_id=APP-2026-844127 doc_id=DOC-94963109
2026-03-03T09:05:57.938+01:00 INFO portal-bff host=portal-bff-5b8f6c-p9qmz corrId=c-eeabd2011b2c7e8a application completed application_id=APP-2026-844127 status=OFFER_ISSUED
2026-03-03T09:06:25.634+01:00 INFO portal-bff host=portal-bff-7c9d5b-x2k4p corrId=c-c96e4bafb8e9ac5f loan application submitted application_id=APP-2026-624304 customer_segment=SME
2026-03-03T09:06:25.763+01:00 INFO identity-service host=identity-service-5b8f6c-p9qmz corrId=c-c96e4bafb8e9ac5f MitID session validated customer_id=C03512931
2026-03-03T09:06:25.864+01:00 INFO customer-service host=customer-service-7c9d5b-x2k4p corrId=c-c96e4bafb8e9ac5f KYC profile loaded customer_id=C03512931 risk_class=HIGH
2026-03-03T09:06:25.922+01:00 INFO valuation-service host=valuation-service-5b8f6c-p9qmz corrId=c-c96e4bafb8e9ac5f property valuation requested property_id=P3860003 provider=bolig-vurdering
2026-03-03T09:06:26.711+01:00 INFO valuation-service host=valuation-service-5b8f6c-x2k4p corrId=c-c96e4bafb8e9ac5f property valuation received property_id=P3860003 value_dkk=4460000 latency_ms=731
2026-03-03T09:06:26.791+01:00 INFO credit-service host=credit-service-7c9d5b-p9qmz corrId=c-c96e4bafb8e9ac5f credit assessment completed application_id=APP-2026-624304 score=692 decision=APPROVED
2026-03-03T09:06:26.818+01:00 INFO offer-service host=offer-service-5b8f6c-p9qmz corrId=c-c96e4bafb8e9ac5f loan offer generated application_id=APP-2026-624304 loan_type=FIXED_20Y_IO principal_dkk=5545000
2026-03-03T09:06:26.933+01:00 INFO document-service host=document-service-a41e92-t6zvn corrId=c-c96e4bafb8e9ac5f offer document stored application_id=APP-2026-624304 doc_id=DOC-a1fb870f
2026-03-03T09:06:26.991+01:00 INFO portal-bff host=portal-bff-7c9d5b-x2k4p corrId=c-c96e4bafb8e9ac5f application completed application_id=APP-2026-624304 status=OFFER_ISSUED
2026-03-03T09:09:34.515+01:00 INFO portal-bff host=portal-bff-5b8f6c-x2k4p corrId=c-355674711e7ae684 loan application submitted application_id=APP-2026-093393 customer_segment=RETAIL
2026-03-03T09:09:34.559+01:00 INFO identity-service host=identity-service-a41e92-p9qmz corrId=c-355674711e7ae684 MitID session validated customer_id=C81641137
2026-03-03T09:09:34.565+01:00 INFO customer-service host=customer-service-7c9d5b-x2k4p corrId=c-355674711e7ae684 KYC profile loaded customer_id=C81641137 risk_class=LOW
2026-03-03T09:09:34.603+01:00 INFO valuation-service host=valuation-service-7c9d5b-t6zvn corrId=c-355674711e7ae684 property valuation served from cache property_id=P4325704 value_dkk=7810000
2026-03-03T09:09:34.716+01:00 INFO credit-service host=credit-service-a41e92-p9qmz corrId=c-355674711e7ae684 credit assessment completed application_id=APP-2026-093393 score=554 decision=APPROVED
2026-03-03T09:09:34.832+01:00 INFO offer-service host=offer-service-5b8f6c-t6zvn corrId=c-355674711e7ae684 loan offer generated application_id=APP-2026-093393 loan_type=FLEX_1Y principal_dkk=2935000
2026-03-03T09:09:34.840+01:00 INFO document-service host=document-service-5b8f6c-t6zvn corrId=c-355674711e7ae684 offer document stored application_id=APP-2026-093393 doc_id=DOC-88773d8f
2026-03-03T09:09:34.928+01:00 INFO portal-bff host=portal-bff-a41e92-t6zvn corrId=c-355674711e7ae684 application completed application_id=APP-2026-093393 status=OFFER_ISSUED
2026-03-03T09:10:00.522+01:00 INFO api-gateway host=api-gateway-7c9d5b-p9qmz corrId=- health probe ok status=200 latency_ms=36
2026-03-03T09:10:00.823+01:00 INFO payment-scheduler host=payment-scheduler-5b8f6c-t6zvn corrId=- scheduler heartbeat lag_ms=21
2026-03-03T09:10:21.494+01:00 INFO portal-bff host=portal-bff-5b8f6c-x2k4p corrId=c-33e2a82a02cecca4 loan application submitted application_id=APP-2026-243289 customer_segment=PRIVATE
2026-03-03T09:10:21.533+01:00 INFO identity-service host=identity-service-5b8f6c-p9qmz corrId=c-33e2a82a02cecca4 MitID session validated customer_id=C94165649
2026-03-03T09:10:21.658+01:00 INFO customer-service host=customer-service-7c9d5b-x2k4p corrId=c-33e2a82a02cecca4 KYC profile loaded customer_id=C94165649 risk_class=MEDIUM
2026-03-03T09:10:21.678+01:00 INFO valuation-service host=valuation-service-a41e92-t6zvn corrId=c-33e2a82a02cecca4 property valuation served from cache property_id=P1015841 value_dkk=4510000
2026-03-03T09:10:21.784+01:00 INFO credit-service host=credit-service-7c9d5b-t6zvn corrId=c-33e2a82a02cecca4 credit assessment completed application_id=APP-2026-243289 score=784 decision=APPROVED
2026-03-03T09:10:21.900+01:00 INFO offer-service host=offer-service-7c9d5b-p9qmz corrId=c-33e2a82a02cecca4 loan offer generated application_id=APP-2026-243289 loan_type=FLEX_1Y principal_dkk=4380000
2026-03-03T09:10:21.930+01:00 INFO document-service host=document-service-7c9d5b-t6zvn corrId=c-33e2a82a02cecca4 offer document stored application_id=APP-2026-243289 doc_id=DOC-d076c7ee
2026-03-03T09:10:21.946+01:00 INFO portal-bff host=portal-bff-5b8f6c-t6zvn corrId=c-33e2a82a02cecca4 application completed application_id=APP-2026-243289 status=OFFER_ISSUED
2026-03-03T09:14:43.684+01:00 INFO portal-bff host=portal-bff-7c9d5b-p9qmz corrId=c-433767b208bda9ae conversion quote requested loan_id=LN073205485 target_product=FLEX_1Y
2026-03-03T09:14:43.709+01:00 INFO identity-service host=identity-service-a41e92-x2k4p corrId=c-433767b208bda9ae MitID session validated customer_id=C28587439
2026-03-03T09:14:43.779+01:00 INFO pricing-service host=pricing-service-7c9d5b-x2k4p corrId=c-433767b208bda9ae bond price fetched series=BND3.0-2056 price=97.618
2026-03-03T09:14:43.874+01:00 INFO pricing-service host=pricing-service-5b8f6c-x2k4p corrId=c-433767b208bda9ae conversion cost calculated loan_id=LN073205485 cost_dkk=75433.54
2026-03-03T09:14:43.944+01:00 INFO quote-service host=quote-service-a41e92-t6zvn corrId=c-433767b208bda9ae conversion quote issued quote_id=Q49678417 loan_id=LN073205485
2026-03-03T09:15:00.788+01:00 INFO api-gateway host=api-gateway-7c9d5b-x2k4p corrId=- health probe ok status=200 latency_ms=12
2026-03-03T09:16:25.161+01:00 INFO portal-bff host=portal-bff-7c9d5b-t6zvn corrId=c-4b18519e5c711aec loan application submitted application_id=APP-2026-922587 customer_segment=RETAIL
2026-03-03T09:16:25.272+01:00 INFO identity-service host=identity-service-a41e92-t6zvn corrId=c-4b18519e5c711aec MitID session validated customer_id=C89186482
2026-03-03T09:16:25.362+01:00 INFO customer-service host=customer-service-7c9d5b-x2k4p corrId=c-4b18519e5c711aec KYC profile loaded customer_id=C89186482 risk_class=LOW
2026-03-03T09:16:25.440+01:00 INFO valuation-service host=valuation-service-a41e92-t6zvn corrId=c-4b18519e5c711aec property valuation requested property_id=P3239450 provider=valuta-ejd
2026-03-03T09:16:25.801+01:00 INFO valuation-service host=valuation-service-a41e92-x2k4p corrId=c-4b18519e5c711aec property valuation received property_id=P3239450 value_dkk=6490000 latency_ms=270
2026-03-03T09:16:25.910+01:00 INFO credit-service host=credit-service-a41e92-t6zvn corrId=c-4b18519e5c711aec credit assessment completed application_id=APP-2026-922587 score=462 decision=APPROVED
2026-03-03T09:16:25.938+01:00 INFO offer-service host=offer-service-5b8f6c-x2k4p corrId=c-4b18519e5c711aec loan offer generated application_id=APP-2026-922587 loan_type=FIXED_30Y principal_dkk=4070000
2026-03-03T09:16:25.974+01:00 INFO document-service host=document-service-a41e92-x2k4p corrId=c-4b18519e5c711aec offer document stored application_id=APP-2026-922587 doc_id=DOC-45743bfb
2026-03-03T09:16:26.045+01:00 INFO portal-bff host=portal-bff-5b8f6c-t6zvn corrId=c-4b18519e5c711aec application completed application_id=APP-2026-922587 status=OFFER_ISSUED
2026-03-03T09:19:19.953+01:00 INFO portal-bff host=portal-bff-5b8f6c-t6zvn corrId=c-396d8036ee469900 conversion quote requested loan_id=LN603267738 target_product=FLEX_1Y
2026-03-03T09:19:20.048+01:00 INFO identity-service host=identity-service-5b8f6c-p9qmz corrId=c-396d8036ee469900 MitID session validated customer_id=C51504219
2026-03-03T09:19:20.177+01:00 INFO pricing-service host=pricing-service-7c9d5b-p9qmz corrId=c-396d8036ee469900 bond price fetched series=BND3.0-2053 price=92.981
2026-03-03T09:19:20.316+01:00 INFO pricing-service host=pricing-service-a41e92-x2k4p corrId=c-396d8036ee469900 conversion cost calculated loan_id=LN603267738 cost_dkk=63381.43
2026-03-03T09:19:20.359+01:00 INFO quote-service host=quote-service-7c9d5b-t6zvn corrId=c-396d8036ee469900 conversion quote issued quote_id=Q00158148 loan_id=LN603267738
2026-03-03T09:19:54.607+01:00 INFO portal-bff host=portal-bff-5b8f6c-x2k4p corrId=c-a142155f8aec766d loan application submitted application_id=APP-2026-151849 customer_segment=PRIVATE
2026-03-03T09:19:54.738+01:00 INFO identity-service host=identity-service-a41e92-p9qmz corrId=c-a142155f8aec766d MitID session validated customer_id=C85300968
2026-03-03T09:19:54.783+01:00 INFO customer-service host=customer-service-5b8f6c-t6zvn corrId=c-a142155f8aec766d KYC profile loaded customer_id=C85300968 risk_class=LOW
2026-03-03T09:19:54.813+01:00 INFO valuation-service host=valuation-service-5b8f6c-p9qmz corrId=c-a142155f8aec766d property valuation requested property_id=P6296542 provider=bolig-vurdering
2026-03-03T09:19:55.703+01:00 INFO valuation-service host=valuation-service-a41e92-t6zvn corrId=c-a142155f8aec766d property valuation received property_id=P6296542 value_dkk=5180000 latency_ms=872
2026-03-03T09:19:55.728+01:00 INFO credit-service host=credit-service-a41e92-t6zvn corrId=c-a142155f8aec766d credit assessment completed application_id=APP-2026-151849 score=820 decision=APPROVED
2026-03-03T09:19:55.749+01:00 INFO offer-service host=offer-service-7c9d5b-x2k4p corrId=c-a142155f8aec766d loan offer generated application_id=APP-2026-151849 loan_type=FIXED_30Y principal_dkk=1325000
2026-03-03T09:19:55.769+01:00 INFO document-service host=document-service-7c9d5b-t6zvn corrId=c-a142155f8aec766d offer document stored application_id=APP-2026-151849 doc_id=DOC-3652b86f
2026-03-03T09:19:55.804+01:00 INFO portal-bff host=portal-bff-a41e92-t6zvn corrId=c-a142155f8aec766d application completed application_id=APP-2026-151849 status=OFFER_ISSUED
2026-03-03T09:20:00.073+01:00 INFO api-gateway host=api-gateway-5b8f6c-x2k4p corrId=- health probe ok status=200 latency_ms=12
2026-03-03T09:20:00.423+01:00 INFO payment-scheduler host=payment-scheduler-5b8f6c-x2k4p corrId=- scheduler heartbeat lag_ms=50
2026-03-03T09:20:34.732+01:00 INFO portal-bff host=portal-bff-a41e92-t6zvn corrId=c-50bca2be96f8d235 loan application submitted application_id=APP-2026-259447 customer_segment=SME
2026-03-03T09:20:34.774+01:00 INFO identity-service host=identity-service-5b8f6c-x2k4p corrId=c-50bca2be96f8d235 MitID session validated customer_id=C97267384
2026-03-03T09:20:34.858+01:00 INFO customer-service host=customer-service-a41e92-p9qmz corrId=c-50bca2be96f8d235 KYC profile loaded customer_id=C97267384 risk_class=MEDIUM
2026-03-03T09:20:34.977+01:00 INFO valuation-service host=valuation-service-5b8f6c-p9qmz corrId=c-50bca2be96f8d235 property valuation requested property_id=P5124077 provider=bolig-vurdering
2026-03-03T09:20:35.269+01:00 INFO valuation-service host=valuation-service-a41e92-t6zvn corrId=c-50bca2be96f8d235 property valuation received property_id=P5124077 value_dkk=7460000 latency_ms=246
2026-03-03T09:20:35.311+01:00 INFO credit-service host=credit-service-7c9d5b-p9qmz corrId=c-50bca2be96f8d235 credit assessment completed application_id=APP-2026-259447 score=830 decision=APPROVED
2026-03-03T09:20:35.383+01:00 INFO offer-service host=offer-service-5b8f6c-x2k4p corrId=c-50bca2be96f8d235 loan offer generated application_id=APP-2026-259447 loan_type=FIXED_20Y_IO principal_dkk=590000
2026-03-03T09:20:35.405+01:00 INFO document-service host=document-service-7c9d5b-t6zvn corrId=c-50bca2be96f8d235 offer document stored application_id=APP-2026-259447 doc_id=DOC-502e8467
2026-03-03T09:20:35.423+01:00 INFO portal-bff host=portal-bff-a41e92-p9qmz corrId=c-50bca2be96f8d235 application completed application_id=APP-2026-259447 status=OFFER_ISSUED
2026-03-03T09:21:10.211+01:00 INFO portal-bff host=portal-bff-a41e92-x2k4p corrId=c-de544ee86f521588 conversion quote requested loan_id=LN850014914 target_product=FLEX_1Y
2026-03-03T09:21:10.282+01:00 INFO identity-service host=identity-service-5b8f6c-x2k4p corrId=c-de544ee86f521588 MitID session validated customer_id=C50973898
2026-03-03T09:21:10.382+01:00 INFO pricing-service host=pricing-service-5b8f6c-t6zvn corrId=c-de544ee86f521588 bond price fetched series=BND2.5-2053 price=94.066
2026-03-03T09:21:10.412+01:00 INFO pricing-service host=pricing-service-a41e92-p9qmz corrId=c-de544ee86f521588 conversion cost calculated loan_id=LN850014914 cost_dkk=80406.91
2026-03-03T09:21:10.520+01:00 INFO quote-service host=quote-service-5b8f6c-t6zvn corrId=c-de544ee86f521588 conversion quote issued quote_id=Q85419285 loan_id=LN850014914
2026-03-03T09:22:12.621+01:00 INFO portal-bff host=portal-bff-7c9d5b-p9qmz corrId=c-d58dc42296ea4a4b loan application submitted application_id=APP-2026-660463 customer_segment=PRIVATE
2026-03-03T09:22:12.722+01:00 INFO identity-service host=identity-service-7c9d5b-x2k4p corrId=c-d58dc42296ea4a4b MitID session validated customer_id=C26968872
2026-03-03T09:22:12.797+01:00 INFO customer-service host=customer-service-a41e92-t6zvn corrId=c-d58dc42296ea4a4b KYC profile loaded customer_id=C26968872 risk_class=LOW
2026-03-03T09:22:12.906+01:00 INFO valuation-service host=valuation-service-a41e92-x2k4p corrId=c-d58dc42296ea4a4b property valuation requested property_id=P8652619 provider=valuta-ejd
2026-03-03T09:22:13.836+01:00 INFO valuation-service host=valuation-service-5b8f6c-x2k4p corrId=c-d58dc42296ea4a4b property valuation received property_id=P8652619 value_dkk=4250000 latency_ms=818
2026-03-03T09:22:13.859+01:00 INFO credit-service host=credit-service-a41e92-t6zvn corrId=c-d58dc42296ea4a4b credit assessment completed application_id=APP-2026-660463 score=441 decision=APPROVED
2026-03-03T09:22:13.950+01:00 INFO offer-service host=offer-service-7c9d5b-x2k4p corrId=c-d58dc42296ea4a4b loan offer generated application_id=APP-2026-660463 loan_type=FLEX_1Y principal_dkk=4975000
2026-03-03T09:22:14.013+01:00 INFO document-service host=document-service-5b8f6c-t6zvn corrId=c-d58dc42296ea4a4b offer document stored application_id=APP-2026-660463 doc_id=DOC-bc9e2f04
2026-03-03T09:22:14.040+01:00 INFO portal-bff host=portal-bff-5b8f6c-p9qmz corrId=c-d58dc42296ea4a4b application completed application_id=APP-2026-660463 status=OFFER_ISSUED
2026-03-03T09:25:00.502+01:00 INFO api-gateway host=api-gateway-a41e92-x2k4p corrId=- health probe ok status=200 latency_ms=3
2026-03-03T09:27:00.071+01:00 INFO portal-bff host=portal-bff-a41e92-p9qmz corrId=c-02403b84268ab8de conversion quote requested loan_id=LN857829476 target_product=FLEX_5Y
2026-03-03T09:27:00.176+01:00 INFO identity-service host=identity-service-5b8f6c-p9qmz corrId=c-02403b84268ab8de MitID session validated customer_id=C66283729
2026-03-03T09:27:00.294+01:00 INFO pricing-service host=pricing-service-7c9d5b-t6zvn corrId=c-02403b84268ab8de bond price fetched series=BND2.5-2056 price=99.759
2026-03-03T09:27:00.339+01:00 INFO pricing-service host=pricing-service-a41e92-p9qmz corrId=c-02403b84268ab8de conversion cost calculated loan_id=LN857829476 cost_dkk=20265.99
2026-03-03T09:27:00.475+01:00 INFO quote-service host=quote-service-5b8f6c-x2k4p corrId=c-02403b84268ab8de conversion quote issued quote_id=Q18831910 loan_id=LN857829476
2026-03-03T09:27:47.603+01:00 INFO portal-bff host=portal-bff-a41e92-p9qmz corrId=c-6f5763fae3ebe87b loan application submitted application_id=APP-2026-161749 customer_segment=PRIVATE
2026-03-03T09:27:47.731+01:00 INFO identity-service host=identity-service-a41e92-x2k4p corrId=c-6f5763fae3ebe87b MitID session validated customer_id=C53404561
2026-03-03T09:27:47.751+01:00 INFO customer-service host=customer-service-5b8f6c-x2k4p corrId=c-6f5763fae3ebe87b KYC profile loaded customer_id=C53404561 risk_class=LOW
2026-03-03T09:27:47.767+01:00 INFO valuation-service host=valuation-service-a41e92-p9qmz corrId=c-6f5763fae3ebe87b property valuation requested property_id=P2135210 provider=bolig-vurdering
2026-03-03T09:27:48.673+01:00 INFO valuation-service host=valuation-service-5b8f6c-p9qmz corrId=c-6f5763fae3ebe87b property valuation received property_id=P2135210 value_dkk=1310000 latency_ms=767
2026-03-03T09:27:48.686+01:00 INFO credit-service host=credit-service-7c9d5b-x2k4p corrId=c-6f5763fae3ebe87b credit assessment completed application_id=APP-2026-161749 score=872 decision=APPROVED
2026-03-03T09:27:48.695+01:00 INFO offer-service host=offer-service-7c9d5b-t6zvn corrId=c-6f5763fae3ebe87b loan offer generated application_id=APP-2026-161749 loan_type=FIXED_30Y principal_dkk=865000
2026-03-03T09:27:48.812+01:00 INFO document-service host=document-service-7c9d5b-t6zvn corrId=c-6f5763fae3ebe87b offer document stored application_id=APP-2026-161749 doc_id=DOC-3ef18882
2026-03-03T09:27:48.914+01:00 INFO portal-bff host=portal-bff-7c9d5b-t6zvn corrId=c-6f5763fae3ebe87b application completed application_id=APP-2026-161749 status=OFFER_ISSUED
2026-03-03T09:30:00.313+01:00 INFO payment-scheduler host=payment-scheduler-7c9d5b-x2k4p corrId=- scheduler heartbeat lag_ms=105
2026-03-03T09:30:00.579+01:00 INFO api-gateway host=api-gateway-a41e92-t6zvn corrId=- health probe ok status=200 latency_ms=16
2026-03-03T09:30:36.535+01:00 INFO portal-bff host=portal-bff-a41e92-p9qmz corrId=c-f6d2462e64d32397 loan application submitted application_id=APP-2026-157964 customer_segment=RETAIL
2026-03-03T09:30:36.651+01:00 INFO identity-service host=identity-service-5b8f6c-x2k4p corrId=c-f6d2462e64d32397 MitID session validated customer_id=C91989975
2026-03-03T09:30:36.658+01:00 INFO customer-service host=customer-service-5b8f6c-x2k4p corrId=c-f6d2462e64d32397 KYC profile loaded customer_id=C91989975 risk_class=MEDIUM
2026-03-03T09:30:36.793+01:00 INFO valuation-service host=valuation-service-5b8f6c-x2k4p corrId=c-f6d2462e64d32397 property valuation requested property_id=P1658110 provider=valuta-ejd
2026-03-03T09:30:37.229+01:00 INFO valuation-service host=valuation-service-7c9d5b-t6zvn corrId=c-f6d2462e64d32397 property valuation received property_id=P1658110 value_dkk=2100000 latency_ms=322
2026-03-03T09:30:37.330+01:00 INFO credit-service host=credit-service-a41e92-p9qmz corrId=c-f6d2462e64d32397 credit assessment completed application_id=APP-2026-157964 score=859 decision=APPROVED
2026-03-03T09:30:37.441+01:00 INFO offer-service host=offer-service-a41e92-p9qmz corrId=c-f6d2462e64d32397 loan offer generated application_id=APP-2026-157964 loan_type=FLEX_1Y principal_dkk=1630000
2026-03-03T09:30:37.546+01:00 INFO document-service host=document-service-5b8f6c-t6zvn corrId=c-f6d2462e64d32397 offer document stored application_id=APP-2026-157964 doc_id=DOC-71731524
2026-03-03T09:30:37.632+01:00 INFO portal-bff host=portal-bff-5b8f6c-x2k4p corrId=c-f6d2462e64d32397 application completed application_id=APP-2026-157964 status=OFFER_ISSUED
2026-03-03T09:35:00.169+01:00 INFO api-gateway host=api-gateway-7c9d5b-p9qmz corrId=- health probe ok status=200 latency_ms=23
2026-03-03T09:36:04.300+01:00 INFO portal-bff host=portal-bff-a41e92-t6zvn corrId=c-848015d7fb3049fd loan application submitted application_id=APP-2026-510180 customer_segment=RETAIL
2026-03-03T09:36:04.351+01:00 INFO identity-service host=identity-service-7c9d5b-x2k4p corrId=c-848015d7fb3049fd MitID session validated customer_id=C40586994
2026-03-03T09:36:04.366+01:00 INFO customer-service host=customer-service-7c9d5b-x2k4p corrId=c-848015d7fb3049fd KYC profile loaded customer_id=C40586994 risk_class=MEDIUM
2026-03-03T09:36:04.489+01:00 INFO valuation-service host=valuation-service-7c9d5b-p9qmz corrId=c-848015d7fb3049fd property valuation requested property_id=P9113515 provider=valuta-ejd
2026-03-03T09:36:04.846+01:00 INFO valuation-service host=valuation-service-5b8f6c-x2k4p corrId=c-848015d7fb3049fd property valuation received property_id=P9113515 value_dkk=8120000 latency_ms=240
2026-03-03T09:36:04.983+01:00 INFO credit-service host=credit-service-7c9d5b-x2k4p corrId=c-848015d7fb3049fd credit assessment completed application_id=APP-2026-510180 score=877 decision=APPROVED
2026-03-03T09:36:05.089+01:00 INFO offer-service host=offer-service-7c9d5b-t6zvn corrId=c-848015d7fb3049fd loan offer generated application_id=APP-2026-510180 loan_type=FIXED_20Y_IO principal_dkk=2565000
2026-03-03T09:36:05.172+01:00 INFO document-service host=document-service-a41e92-x2k4p corrId=c-848015d7fb3049fd offer document stored application_id=APP-2026-510180 doc_id=DOC-1f7cb03d
2026-03-03T09:36:05.291+01:00 INFO portal-bff host=portal-bff-a41e92-p9qmz corrId=c-848015d7fb3049fd application completed application_id=APP-2026-510180 status=OFFER_ISSUED
2026-03-03T09:37:25.593+01:00 INFO portal-bff host=portal-bff-7c9d5b-x2k4p corrId=c-0e32894dc7b41e8b loan application submitted application_id=APP-2026-874727 customer_segment=SME
2026-03-03T09:37:25.602+01:00 INFO identity-service host=identity-service-5b8f6c-t6zvn corrId=c-0e32894dc7b41e8b MitID session validated customer_id=C94649069
2026-03-03T09:37:25.740+01:00 INFO customer-service host=customer-service-a41e92-x2k4p corrId=c-0e32894dc7b41e8b KYC profile loaded customer_id=C94649069 risk_class=LOW
2026-03-03T09:37:25.844+01:00 INFO valuation-service host=valuation-service-a41e92-x2k4p corrId=c-0e32894dc7b41e8b property valuation served from cache property_id=P5720132 value_dkk=8760000
2026-03-03T09:37:25.883+01:00 INFO credit-service host=credit-service-7c9d5b-p9qmz corrId=c-0e32894dc7b41e8b credit assessment completed application_id=APP-2026-874727 score=835 decision=APPROVED
2026-03-03T09:37:26.019+01:00 INFO offer-service host=offer-service-7c9d5b-x2k4p corrId=c-0e32894dc7b41e8b loan offer generated application_id=APP-2026-874727 loan_type=FIXED_20Y_IO principal_dkk=935000
2026-03-03T09:37:26.075+01:00 INFO document-service host=document-service-5b8f6c-p9qmz corrId=c-0e32894dc7b41e8b offer document stored application_id=APP-2026-874727 doc_id=DOC-b014ba6d
2026-03-03T09:37:26.161+01:00 INFO portal-bff host=portal-bff-a41e92-t6zvn corrId=c-0e32894dc7b41e8b application completed application_id=APP-2026-874727 status=OFFER_ISSUED
2026-03-03T09:39:06.655+01:00 INFO portal-bff host=portal-bff-5b8f6c-p9qmz corrId=c-f507ce20f29fae50 loan application submitted application_id=APP-2026-920858 customer_segment=SME
2026-03-03T09:39:06.778+01:00 INFO identity-service host=identity-service-a41e92-p9qmz corrId=c-f507ce20f29fae50 MitID session validated customer_id=C70975313
2026-03-03T09:39:06.849+01:00 INFO customer-service host=customer-service-5b8f6c-x2k4p corrId=c-f507ce20f29fae50 KYC profile loaded customer_id=C70975313 risk_class=HIGH
2026-03-03T09:39:06.970+01:00 INFO valuation-service host=valuation-service-5b8f6c-p9qmz corrId=c-f507ce20f29fae50 property valuation served from cache property_id=P7670548 value_dkk=2100000
2026-03-03T09:39:07.073+01:00 INFO credit-service host=credit-service-a41e92-t6zvn corrId=c-f507ce20f29fae50 credit assessment completed application_id=APP-2026-920858 score=797 decision=APPROVED
2026-03-03T09:39:07.107+01:00 INFO offer-service host=offer-service-a41e92-p9qmz corrId=c-f507ce20f29fae50 loan offer generated application_id=APP-2026-920858 loan_type=FIXED_20Y_IO principal_dkk=655000
2026-03-03T09:39:07.146+01:00 INFO document-service host=document-service-7c9d5b-x2k4p corrId=c-f507ce20f29fae50 offer document stored application_id=APP-2026-920858 doc_id=DOC-bf53833d
2026-03-03T09:39:07.207+01:00 INFO portal-bff host=portal-bff-7c9d5b-x2k4p corrId=c-f507ce20f29fae50 application completed application_id=APP-2026-920858 status=OFFER_ISSUED
2026-03-03T09:39:24.869+01:00 INFO portal-bff host=portal-bff-7c9d5b-t6zvn corrId=c-ccb879a9877e2658 conversion quote requested loan_id=LN755557249 target_product=FIXED_30Y
2026-03-03T09:39:24.947+01:00 INFO identity-service host=identity-service-a41e92-t6zvn corrId=c-ccb879a9877e2658 MitID session validated customer_id=C60151822
2026-03-03T09:39:24.982+01:00 INFO pricing-service host=pricing-service-5b8f6c-p9qmz corrId=c-ccb879a9877e2658 bond price fetched series=BND4.0-2056 price=93.720
2026-03-03T09:39:25.034+01:00 INFO pricing-service host=pricing-service-5b8f6c-p9qmz corrId=c-ccb879a9877e2658 conversion cost calculated loan_id=LN755557249 cost_dkk=70585.71
2026-03-03T09:39:25.144+01:00 INFO quote-service host=quote-service-7c9d5b-p9qmz corrId=c-ccb879a9877e2658 conversion quote issued quote_id=Q78698200 loan_id=LN755557249
2026-03-03T09:40:00.203+01:00 INFO api-gateway host=api-gateway-7c9d5b-x2k4p corrId=- health probe ok status=200 latency_ms=19
2026-03-03T09:40:00.430+01:00 INFO payment-scheduler host=payment-scheduler-a41e92-p9qmz corrId=- scheduler heartbeat lag_ms=91
2026-03-03T09:41:43.460+01:00 INFO portal-bff host=portal-bff-5b8f6c-t6zvn corrId=c-2babcd8cfbd6fcb2 conversion quote requested loan_id=LN322189768 target_product=FLEX_1Y
2026-03-03T09:41:43.557+01:00 INFO identity-service host=identity-service-a41e92-x2k4p corrId=c-2babcd8cfbd6fcb2 MitID session validated customer_id=C98257463
2026-03-03T09:41:43.655+01:00 INFO pricing-service host=pricing-service-a41e92-x2k4p corrId=c-2babcd8cfbd6fcb2 bond price fetched series=BND3.0-2053 price=92.601
2026-03-03T09:41:43.789+01:00 INFO pricing-service host=pricing-service-5b8f6c-p9qmz corrId=c-2babcd8cfbd6fcb2 conversion cost calculated loan_id=LN322189768 cost_dkk=60983.34
2026-03-03T09:41:43.855+01:00 INFO quote-service host=quote-service-7c9d5b-p9qmz corrId=c-2babcd8cfbd6fcb2 conversion quote issued quote_id=Q90848238 loan_id=LN322189768
2026-03-03T09:45:00.758+01:00 INFO api-gateway host=api-gateway-a41e92-t6zvn corrId=- health probe ok status=200 latency_ms=40
2026-03-03T09:50:00.072+01:00 INFO api-gateway host=api-gateway-5b8f6c-x2k4p corrId=- health probe ok status=200 latency_ms=29
2026-03-03T09:50:00.891+01:00 INFO payment-scheduler host=payment-scheduler-7c9d5b-t6zvn corrId=- scheduler heartbeat lag_ms=46
2026-03-03T09:54:44.000+01:00 INFO valuation-service host=valuation-service-5b8f6c-t6zvn corrId=- jvm gc pause pause_ms=88
2026-03-03T09:55:00.266+01:00 INFO api-gateway host=api-gateway-7c9d5b-p9qmz corrId=- health probe ok status=200 latency_ms=35
2026-03-03T09:58:36.939+01:00 INFO portal-bff host=portal-bff-7c9d5b-x2k4p corrId=c-8133a5bfac95be54 conversion quote requested loan_id=LN645926786 target_product=FIXED_30Y
2026-03-03T09:58:37.054+01:00 INFO identity-service host=identity-service-5b8f6c-x2k4p corrId=c-8133a5bfac95be54 MitID session validated customer_id=C49111084
2026-03-03T09:58:37.167+01:00 INFO pricing-service host=pricing-service-5b8f6c-x2k4p corrId=c-8133a5bfac95be54 bond price fetched series=BND3.0-2056 price=89.334
2026-03-03T09:58:37.293+01:00 INFO pricing-service host=pricing-service-5b8f6c-p9qmz corrId=c-8133a5bfac95be54 conversion cost calculated loan_id=LN645926786 cost_dkk=20579.49
2026-03-03T09:58:37.302+01:00 INFO quote-service host=quote-service-a41e92-p9qmz corrId=c-8133a5bfac95be54 conversion quote issued quote_id=Q36702650 loan_id=LN645926786
2026-03-03T10:00:00.158+01:00 INFO payment-scheduler host=payment-scheduler-a41e92-x2k4p corrId=- scheduler heartbeat lag_ms=27
2026-03-03T10:00:00.836+01:00 INFO api-gateway host=api-gateway-5b8f6c-p9qmz corrId=- health probe ok status=200 latency_ms=33
2026-03-03T10:00:52.000+01:00 INFO config-service host=config-service-7c9d5b-x2k4p corrId=- configuration refreshed version=v135
2026-03-03T10:03:12.833+01:00 INFO portal-bff host=portal-bff-5b8f6c-p9qmz corrId=c-97504675714c17be loan application submitted application_id=APP-2026-027098 customer_segment=RETAIL
2026-03-03T10:03:12.923+01:00 INFO identity-service host=identity-service-7c9d5b-x2k4p corrId=c-97504675714c17be MitID session validated customer_id=C15593314
2026-03-03T10:03:12.939+01:00 INFO customer-service host=customer-service-5b8f6c-x2k4p corrId=c-97504675714c17be KYC profile loaded customer_id=C15593314 risk_class=HIGH
2026-03-03T10:03:13.070+01:00 INFO valuation-service host=valuation-service-a41e92-x2k4p corrId=c-97504675714c17be property valuation requested property_id=P3994595 provider=valuta-ejd
2026-03-03T10:03:13.814+01:00 INFO valuation-service host=valuation-service-a41e92-x2k4p corrId=c-97504675714c17be property valuation received property_id=P3994595 value_dkk=1920000 latency_ms=703
2026-03-03T10:03:13.887+01:00 INFO credit-service host=credit-service-a41e92-p9qmz corrId=c-97504675714c17be credit assessment completed application_id=APP-2026-027098 score=776 decision=APPROVED
2026-03-03T10:03:14.000+01:00 INFO offer-service host=offer-service-5b8f6c-t6zvn corrId=c-97504675714c17be loan offer generated application_id=APP-2026-027098 loan_type=FIXED_30Y principal_dkk=3550000
2026-03-03T10:03:14.030+01:00 INFO document-service host=document-service-a41e92-p9qmz corrId=c-97504675714c17be offer document stored application_id=APP-2026-027098 doc_id=DOC-a608d961
2026-03-03T10:03:14.046+01:00 INFO portal-bff host=portal-bff-7c9d5b-t6zvn corrId=c-97504675714c17be application completed application_id=APP-2026-027098 status=OFFER_ISSUED
2026-03-03T10:05:00.486+01:00 INFO api-gateway host=api-gateway-5b8f6c-x2k4p corrId=- health probe ok status=200 latency_ms=32
2026-03-03T10:08:36.159+01:00 INFO portal-bff host=portal-bff-a41e92-p9qmz corrId=c-8b9a502cfa67fa45 conversion quote requested loan_id=LN681175061 target_product=FIXED_30Y
2026-03-03T10:08:36.270+01:00 INFO identity-service host=identity-service-a41e92-x2k4p corrId=c-8b9a502cfa67fa45 MitID session validated customer_id=C95195533
2026-03-03T10:08:36.388+01:00 INFO pricing-service host=pricing-service-7c9d5b-x2k4p corrId=c-8b9a502cfa67fa45 bond price fetched series=BND2.5-2056 price=91.523
2026-03-03T10:08:36.433+01:00 INFO pricing-service host=pricing-service-7c9d5b-p9qmz corrId=c-8b9a502cfa67fa45 conversion cost calculated loan_id=LN681175061 cost_dkk=57729.62
2026-03-03T10:08:36.549+01:00 INFO quote-service host=quote-service-5b8f6c-p9qmz corrId=c-8b9a502cfa67fa45 conversion quote issued quote_id=Q31592875 loan_id=LN681175061
2026-03-03T10:10:00.239+01:00 INFO api-gateway host=api-gateway-5b8f6c-p9qmz corrId=- health probe ok status=200 latency_ms=23
2026-03-03T10:10:00.635+01:00 INFO payment-scheduler host=payment-scheduler-a41e92-p9qmz corrId=- scheduler heartbeat lag_ms=53
2026-03-03T10:10:18.747+01:00 INFO portal-bff host=portal-bff-5b8f6c-x2k4p corrId=c-08588f5ac7aef0ed conversion quote requested loan_id=LN690150024 target_product=FLEX_1Y
2026-03-03T10:10:18.877+01:00 INFO identity-service host=identity-service-5b8f6c-p9qmz corrId=c-08588f5ac7aef0ed MitID session validated customer_id=C15461648
2026-03-03T10:10:18.899+01:00 INFO pricing-service host=pricing-service-a41e92-t6zvn corrId=c-08588f5ac7aef0ed bond price fetched series=BND3.0-2053 price=94.151
2026-03-03T10:10:18.936+01:00 INFO pricing-service host=pricing-service-7c9d5b-x2k4p corrId=c-08588f5ac7aef0ed conversion cost calculated loan_id=LN690150024 cost_dkk=64921.44
2026-03-03T10:10:19.017+01:00 INFO quote-service host=quote-service-7c9d5b-x2k4p corrId=c-08588f5ac7aef0ed conversion quote issued quote_id=Q50648199 loan_id=LN690150024
2026-03-03T10:10:25.867+01:00 INFO portal-bff host=portal-bff-5b8f6c-t6zvn corrId=c-7e4a9b08c786295d loan application submitted application_id=APP-2026-202541 customer_segment=SME
2026-03-03T10:10:25.922+01:00 INFO identity-service host=identity-service-7c9d5b-t6zvn corrId=c-7e4a9b08c786295d MitID session validated customer_id=C81293297
2026-03-03T10:10:25.948+01:00 INFO customer-service host=customer-service-a41e92-t6zvn corrId=c-7e4a9b08c786295d KYC profile loaded customer_id=C81293297 risk_class=LOW
2026-03-03T10:10:26.058+01:00 INFO valuation-service host=valuation-service-a41e92-x2k4p corrId=c-7e4a9b08c786295d property valuation requested property_id=P3659809 provider=valuta-ejd
2026-03-03T10:10:26.854+01:00 INFO valuation-service host=valuation-service-a41e92-p9qmz corrId=c-7e4a9b08c786295d property valuation received property_id=P3659809 value_dkk=5270000 latency_ms=671
2026-03-03T10:10:26.897+01:00 INFO credit-service host=credit-service-5b8f6c-t6zvn corrId=c-7e4a9b08c786295d credit assessment completed application_id=APP-2026-202541 score=518 decision=APPROVED
2026-03-03T10:10:27.026+01:00 INFO offer-service host=offer-service-5b8f6c-x2k4p corrId=c-7e4a9b08c786295d loan offer generated application_id=APP-2026-202541 loan_type=FIXED_30Y principal_dkk=2485000
2026-03-03T10:10:27.152+01:00 INFO document-service host=document-service-a41e92-p9qmz corrId=c-7e4a9b08c786295d offer document stored application_id=APP-2026-202541 doc_id=DOC-63491272
2026-03-03T10:10:27.165+01:00 INFO portal-bff host=portal-bff-7c9d5b-t6zvn corrId=c-7e4a9b08c786295d application completed application_id=APP-2026-202541 status=OFFER_ISSUED
2026-03-03T10:11:02.797+01:00 INFO portal-bff host=portal-bff-7c9d5b-t6zvn corrId=c-ef09757b5c3630a3 loan application submitted application_id=APP-2026-451056 customer_segment=RETAIL
2026-03-03T10:11:02.815+01:00 WARN identity-service host=identity-service-a41e92-x2k4p corrId=c-ef09757b5c3630a3 MitID token refresh attempt=1
2026-03-03T10:11:02.864+01:00 INFO identity-service host=identity-service-7c9d5b-p9qmz corrId=c-ef09757b5c3630a3 MitID session validated customer_id=C70769540
2026-03-03T10:11:02.964+01:00 INFO customer-service host=customer-service-a41e92-p9qmz corrId=c-ef09757b5c3630a3 KYC profile loaded customer_id=C70769540 risk_class=LOW
2026-03-03T10:11:03.042+01:00 INFO valuation-service host=valuation-service-7c9d5b-t6zvn corrId=c-ef09757b5c3630a3 property valuation requested property_id=P2573822 provider=bolig-vurdering
2026-03-03T10:11:03.362+01:00 INFO valuation-service host=valuation-service-a41e92-x2k4p corrId=c-ef09757b5c3630a3 property valuation received property_id=P2573822 value_dkk=3420000 latency_ms=269
2026-03-03T10:11:03.458+01:00 INFO credit-service host=credit-service-5b8f6c-x2k4p corrId=c-ef09757b5c3630a3 credit assessment completed application_id=APP-2026-451056 score=776 decision=APPROVED
2026-03-03T10:11:03.570+01:00 INFO offer-service host=offer-service-a41e92-t6zvn corrId=c-ef09757b5c3630a3 loan offer generated application_id=APP-2026-451056 loan_type=FLEX_1Y principal_dkk=5580000
2026-03-03T10:11:03.621+01:00 INFO document-service host=document-service-a41e92-x2k4p corrId=c-ef09757b5c3630a3 offer document stored application_id=APP-2026-451056 doc_id=DOC-e689f3c6
2026-03-03T10:11:03.676+01:00 INFO portal-bff host=portal-bff-5b8f6c-t6zvn corrId=c-ef09757b5c3630a3 application completed application_id=APP-2026-451056 status=OFFER_ISSUED
2026-03-03T10:12:27.052+01:00 INFO portal-bff host=portal-bff-5b8f6c-t6zvn corrId=c-48d028efd880b48b loan application submitted application_id=APP-2026-704890 customer_segment=SME
2026-03-03T10:12:27.067+01:00 WARN identity-service host=identity-service-5b8f6c-x2k4p corrId=c-48d028efd880b48b MitID token refresh attempt=1
2026-03-03T10:12:27.117+01:00 INFO identity-service host=identity-service-a41e92-p9qmz corrId=c-48d028efd880b48b MitID session validated customer_id=C60189103
2026-03-03T10:12:27.134+01:00 INFO customer-service host=customer-service-5b8f6c-t6zvn corrId=c-48d028efd880b48b KYC profile loaded customer_id=C60189103 risk_class=HIGH
2026-03-03T10:12:27.230+01:00 INFO valuation-service host=valuation-service-a41e92-t6zvn corrId=c-48d028efd880b48b property valuation requested property_id=P7077959 provider=bolig-vurdering
2026-03-03T10:12:28.053+01:00 INFO valuation-service host=valuation-service-a41e92-p9qmz corrId=c-48d028efd880b48b property valuation received property_id=P7077959 value_dkk=5200000 latency_ms=812
2026-03-03T10:12:28.063+01:00 INFO credit-service host=credit-service-a41e92-t6zvn corrId=c-48d028efd880b48b credit assessment completed application_id=APP-2026-704890 score=855 decision=APPROVED
2026-03-03T10:12:28.131+01:00 INFO offer-service host=offer-service-5b8f6c-x2k4p corrId=c-48d028efd880b48b loan offer generated application_id=APP-2026-704890 loan_type=FIXED_30Y principal_dkk=3220000
2026-03-03T10:12:28.259+01:00 INFO document-service host=document-service-5b8f6c-p9qmz corrId=c-48d028efd880b48b offer document stored application_id=APP-2026-704890 doc_id=DOC-451b35fd
2026-03-03T10:12:28.372+01:00 INFO portal-bff host=portal-bff-7c9d5b-t6zvn corrId=c-48d028efd880b48b application completed application_id=APP-2026-704890 status=OFFER_ISSUED
2026-03-03T10:15:00.787+01:00 INFO api-gateway host=api-gateway-5b8f6c-x2k4p corrId=- health probe ok status=200 latency_ms=9
2026-03-03T10:15:08.248+01:00 INFO portal-bff host=portal-bff-5b8f6c-x2k4p corrId=c-1a9c7063a218f37e conversion quote requested loan_id=LN410830753 target_product=FLEX_1Y
2026-03-03T10:15:08.343+01:00 INFO identity-service host=identity-service-5b8f6c-p9qmz corrId=c-1a9c7063a218f37e MitID session validated customer_id=C12138425
2026-03-03T10:15:08.406+01:00 INFO pricing-service host=pricing-service-a41e92-p9qmz corrId=c-1a9c7063a218f37e bond price fetched series=BND4.0-2053 price=89.862
2026-03-03T10:15:08.424+01:00 INFO pricing-service host=pricing-service-5b8f6c-p9qmz corrId=c-1a9c7063a218f37e conversion cost calculated loan_id=LN410830753 cost_dkk=44051.70
2026-03-03T10:15:08.517+01:00 INFO quote-service host=quote-service-7c9d5b-x2k4p corrId=c-1a9c7063a218f37e conversion quote issued quote_id=Q92922659 loan_id=LN410830753
2026-03-03T10:15:57.613+01:00 INFO offer-service host=offer-service-5b8f6c-x2k4p corrId=c-1c05f8ac1bb2af90 offer accepted application_id=APP-2026-798943
2026-03-03T10:15:57.674+01:00 INFO ledger-service host=ledger-service-5b8f6c-x2k4p corrId=c-1c05f8ac1bb2af90 funds reserved application_id=APP-2026-798943 amount_dkk=4235000
2026-03-03T10:15:57.788+01:00 INFO payment-service host=payment-service-5b8f6c-t6zvn corrId=c-1c05f8ac1bb2af90 payout instruction sent application_id=APP-2026-798943 amount_dkk=4235000
2026-03-03T10:15:57.885+01:00 INFO ledger-service host=ledger-service-7c9d5b-p9qmz corrId=c-1c05f8ac1bb2af90 payout booked application_id=APP-2026-798943 posting_id=PST-45d1f40b76
2026-03-03T10:15:57.901+01:00 INFO notification-service host=notification-service-7c9d5b-p9qmz corrId=c-1c05f8ac1bb2af90 payout confirmation sent application_id=APP-2026-798943
2026-03-03T10:16:11.056+01:00 INFO portal-bff host=portal-bff-7c9d5b-x2k4p corrId=c-268e52dd3f0254a9 loan application submitted application_id=APP-2026-730828 customer_segment=PRIVATE
2026-03-03T10:16:11.126+01:00 INFO identity-service host=identity-service-5b8f6c-t6zvn corrId=c-268e52dd3f0254a9 MitID session validated customer_id=C76626410
2026-03-03T10:16:11.138+01:00 INFO customer-service host=customer-service-5b8f6c-p9qmz corrId=c-268e52dd3f0254a9 KYC profile loaded customer_id=C76626410 risk_class=LOW
2026-03-03T10:16:11.272+01:00 INFO valuation-service host=valuation-service-a41e92-t6zvn corrId=c-268e52dd3f0254a9 property valuation requested property_id=P6526274 provider=valuta-ejd
2026-03-03T10:16:11.579+01:00 INFO valuation-service host=valuation-service-5b8f6c-t6zvn corrId=c-268e52dd3f0254a9 property valuation received property_id=P6526274 value_dkk=2620000 latency_ms=235
2026-03-03T10:16:11.625+01:00 INFO credit-service host=credit-service-5b8f6c-x2k4p corrId=c-268e52dd3f0254a9 credit assessment completed application_id=APP-2026-730828 score=554 decision=APPROVED
2026-03-03T10:16:11.751+01:00 INFO offer-service host=offer-service-7c9d5b-x2k4p corrId=c-268e52dd3f0254a9 loan offer generated application_id=APP-2026-730828 loan_type=FIXED_30Y principal_dkk=1290000
2026-03-03T10:16:11.815+01:00 INFO document-service host=document-service-7c9d5b-t6zvn corrId=c-268e52dd3f0254a9 offer document stored application_id=APP-2026-730828 doc_id=DOC-93ed289a
2026-03-03T10:16:11.839+01:00 INFO portal-bff host=portal-bff-a41e92-p9qmz corrId=c-268e52dd3f0254a9 application completed application_id=APP-2026-730828 status=OFFER_ISSUED
2026-03-03T10:16:52.121+01:00 INFO portal-bff host=portal-bff-5b8f6c-t6zvn corrId=c-485c35c9acbc2c7c conversion quote requested loan_id=LN756496800 target_product=FLEX_1Y
2026-03-03T10:16:52.201+01:00 INFO identity-service host=identity-service-5b8f6c-p9qmz corrId=c-485c35c9acbc2c7c MitID session validated customer_id=C96144068
2026-03-03T10:16:52.309+01:00 INFO pricing-service host=pricing-service-7c9d5b-t6zvn corrId=c-485c35c9acbc2c7c bond price fetched series=BND3.0-2053 price=96.426
2026-03-03T10:16:52.417+01:00 INFO pricing-service host=pricing-service-5b8f6c-x2k4p corrId=c-485c35c9acbc2c7c conversion cost calculated loan_id=LN756496800 cost_dkk=29196.80
2026-03-03T10:16:52.446+01:00 INFO quote-service host=quote-service-7c9d5b-x2k4p corrId=c-485c35c9acbc2c7c conversion quote issued quote_id=Q06201876 loan_id=LN756496800
2026-03-03T10:16:55.753+01:00 INFO portal-bff host=portal-bff-7c9d5b-t6zvn corrId=c-befe5bd5013d25cd conversion quote requested loan_id=LN937050125 target_product=FLEX_1Y
2026-03-03T10:16:55.849+01:00 INFO identity-service host=identity-service-a41e92-x2k4p corrId=c-befe5bd5013d25cd MitID session validated customer_id=C81611501
2026-03-03T10:16:55.886+01:00 INFO pricing-service host=pricing-service-5b8f6c-x2k4p corrId=c-befe5bd5013d25cd bond price fetched series=BND2.5-2056 price=92.911
2026-03-03T10:16:55.937+01:00 INFO pricing-service host=pricing-service-5b8f6c-p9qmz corrId=c-befe5bd5013d25cd conversion cost calculated loan_id=LN937050125 cost_dkk=8859.76
2026-03-03T10:16:55.991+01:00 INFO quote-service host=quote-service-a41e92-t6zvn corrId=c-befe5bd5013d25cd conversion quote issued quote_id=Q01135680 loan_id=LN937050125
2026-03-03T10:17:49.259+01:00 INFO portal-bff host=portal-bff-a41e92-x2k4p corrId=c-68aeccd0c6409527 loan application submitted application_id=APP-2026-491459 customer_segment=RETAIL
2026-03-03T10:17:49.399+01:00 INFO identity-service host=identity-service-5b8f6c-x2k4p corrId=c-68aeccd0c6409527 MitID session validated customer_id=C18560899
2026-03-03T10:17:49.498+01:00 INFO customer-service host=customer-service-7c9d5b-t6zvn corrId=c-68aeccd0c6409527 KYC profile loaded customer_id=C18560899 risk_class=MEDIUM
2026-03-03T10:17:49.631+01:00 INFO valuation-service host=valuation-service-5b8f6c-p9qmz corrId=c-68aeccd0c6409527 property valuation requested property_id=P7197487 provider=bolig-vurdering
2026-03-03T10:17:50.496+01:00 INFO valuation-service host=valuation-service-5b8f6c-x2k4p corrId=c-68aeccd0c6409527 property valuation received property_id=P7197487 value_dkk=1110000 latency_ms=735
2026-03-03T10:17:50.532+01:00 INFO credit-service host=credit-service-a41e92-x2k4p corrId=c-68aeccd0c6409527 credit assessment completed application_id=APP-2026-491459 score=685 decision=APPROVED
2026-03-03T10:17:50.578+01:00 INFO offer-service host=offer-service-5b8f6c-t6zvn corrId=c-68aeccd0c6409527 loan offer generated application_id=APP-2026-491459 loan_type=FIXED_20Y_IO principal_dkk=3410000
2026-03-03T10:17:50.607+01:00 INFO document-service host=document-service-5b8f6c-p9qmz corrId=c-68aeccd0c6409527 offer document stored application_id=APP-2026-491459 doc_id=DOC-51c5010d
2026-03-03T10:17:50.642+01:00 INFO portal-bff host=portal-bff-7c9d5b-p9qmz corrId=c-68aeccd0c6409527 application completed application_id=APP-2026-491459 status=OFFER_ISSUED
2026-03-03T10:20:00.026+01:00 INFO api-gateway host=api-gateway-5b8f6c-t6zvn corrId=- health probe ok status=200 latency_ms=35
2026-03-03T10:20:00.838+01:00 INFO payment-scheduler host=payment-scheduler-a41e92-t6zvn corrId=- scheduler heartbeat lag_ms=98
2026-03-03T10:22:52.414+01:00 INFO portal-bff host=portal-bff-a41e92-x2k4p corrId=c-4f4399cfacf69d61 conversion quote requested loan_id=LN538606436 target_product=FLEX_1Y
2026-03-03T10:22:52.533+01:00 INFO identity-service host=identity-service-5b8f6c-p9qmz corrId=c-4f4399cfacf69d61 MitID session validated customer_id=C10684923
2026-03-03T10:22:52.653+01:00 INFO pricing-service host=pricing-service-7c9d5b-p9qmz corrId=c-4f4399cfacf69d61 bond price fetched series=BND3.0-2053 price=95.787
2026-03-03T10:22:52.697+01:00 INFO pricing-service host=pricing-service-5b8f6c-p9qmz corrId=c-4f4399cfacf69d61 conversion cost calculated loan_id=LN538606436 cost_dkk=81866.45
2026-03-03T10:22:52.754+01:00 INFO quote-service host=quote-service-5b8f6c-p9qmz corrId=c-4f4399cfacf69d61 conversion quote issued quote_id=Q40669318 loan_id=LN538606436
2026-03-03T10:24:47.194+01:00 INFO offer-service host=offer-service-5b8f6c-p9qmz corrId=c-24559efea6ee2634 offer accepted application_id=APP-2026-056014
2026-03-03T10:24:47.269+01:00 INFO ledger-service host=ledger-service-a41e92-t6zvn corrId=c-24559efea6ee2634 funds reserved application_id=APP-2026-056014 amount_dkk=4015000
2026-03-03T10:24:47.348+01:00 INFO payment-service host=payment-service-7c9d5b-t6zvn corrId=c-24559efea6ee2634 payout instruction sent application_id=APP-2026-056014 amount_dkk=4015000
2026-03-03T10:24:47.374+01:00 INFO ledger-service host=ledger-service-5b8f6c-t6zvn corrId=c-24559efea6ee2634 payout booked application_id=APP-2026-056014 posting_id=PST-212c9ec6e5
2026-03-03T10:24:47.429+01:00 INFO notification-service host=notification-service-5b8f6c-p9qmz corrId=c-24559efea6ee2634 payout confirmation sent application_id=APP-2026-056014
2026-03-03T10:25:00.146+01:00 INFO api-gateway host=api-gateway-a41e92-x2k4p corrId=- health probe ok status=200 latency_ms=22
2026-03-03T10:25:48.500+01:00 INFO offer-service host=offer-service-5b8f6c-p9qmz corrId=c-4adf078cc4228313 offer accepted application_id=APP-2026-212100
2026-03-03T10:25:48.555+01:00 INFO ledger-service host=ledger-service-7c9d5b-x2k4p corrId=c-4adf078cc4228313 funds reserved application_id=APP-2026-212100 amount_dkk=5405000
2026-03-03T10:25:48.694+01:00 INFO payment-service host=payment-service-7c9d5b-x2k4p corrId=c-4adf078cc4228313 payout instruction sent application_id=APP-2026-212100 amount_dkk=5405000
2026-03-03T10:25:48.731+01:00 INFO ledger-service host=ledger-service-5b8f6c-p9qmz corrId=c-4adf078cc4228313 payout booked application_id=APP-2026-212100 posting_id=PST-dc93edba11
2026-03-03T10:25:48.830+01:00 INFO notification-service host=notification-service-7c9d5b-t6zvn corrId=c-4adf078cc4228313 payout confirmation sent application_id=APP-2026-212100
2026-03-03T10:26:12.250+01:00 INFO offer-service host=offer-service-a41e92-t6zvn corrId=c-2b89c6be7c9fd0db offer accepted application_id=APP-2026-852839
2026-03-03T10:26:12.265+01:00 INFO ledger-service host=ledger-service-7c9d5b-x2k4p corrId=c-2b89c6be7c9fd0db funds reserved application_id=APP-2026-852839 amount_dkk=3595000
2026-03-03T10:26:12.311+01:00 INFO payment-service host=payment-service-5b8f6c-t6zvn corrId=c-2b89c6be7c9fd0db payout instruction sent application_id=APP-2026-852839 amount_dkk=3595000
2026-03-03T10:26:12.332+01:00 INFO ledger-service host=ledger-service-5b8f6c-t6zvn corrId=c-2b89c6be7c9fd0db payout booked application_id=APP-2026-852839 posting_id=PST-b8dbef0a5d
2026-03-03T10:26:12.458+01:00 INFO notification-service host=notification-service-7c9d5b-t6zvn corrId=c-2b89c6be7c9fd0db payout confirmation sent application_id=APP-2026-852839
2026-03-03T10:30:00.369+01:00 INFO payment-scheduler host=payment-scheduler-5b8f6c-p9qmz corrId=- scheduler heartbeat lag_ms=4
2026-03-03T10:30:00.692+01:00 INFO api-gateway host=api-gateway-7c9d5b-p9qmz corrId=- health probe ok status=200 latency_ms=21
2026-03-03T10:30:05.812+01:00 INFO portal-bff host=portal-bff-5b8f6c-x2k4p corrId=c-f11ad80bb170f252 loan application submitted application_id=APP-2026-814617 customer_segment=RETAIL
2026-03-03T10:30:05.848+01:00 INFO identity-service host=identity-service-7c9d5b-x2k4p corrId=c-f11ad80bb170f252 MitID session validated customer_id=C95464923
2026-03-03T10:30:05.913+01:00 INFO customer-service host=customer-service-5b8f6c-t6zvn corrId=c-f11ad80bb170f252 KYC profile loaded customer_id=C95464923 risk_class=LOW
2026-03-03T10:30:05.988+01:00 INFO valuation-service host=valuation-service-5b8f6c-x2k4p corrId=c-f11ad80bb170f252 property valuation requested property_id=P4722791 provider=valuta-ejd
2026-03-03T10:30:06.416+01:00 INFO valuation-service host=valuation-service-7c9d5b-p9qmz corrId=c-f11ad80bb170f252 property valuation received property_id=P4722791 value_dkk=8490000 latency_ms=311
2026-03-03T10:30:06.475+01:00 INFO credit-service host=credit-service-5b8f6c-x2k4p corrId=c-f11ad80bb170f252 credit assessment completed application_id=APP-2026-814617 score=547 decision=APPROVED
2026-03-03T10:30:06.556+01:00 INFO offer-service host=offer-service-7c9d5b-t6zvn corrId=c-f11ad80bb170f252 loan offer generated application_id=APP-2026-814617 loan_type=FIXED_20Y_IO principal_dkk=3510000
2026-03-03T10:30:06.571+01:00 INFO document-service host=document-service-a41e92-t6zvn corrId=c-f11ad80bb170f252 offer document stored application_id=APP-2026-814617 doc_id=DOC-a55bbf30
2026-03-03T10:30:06.632+01:00 INFO portal-bff host=portal-bff-a41e92-x2k4p corrId=c-f11ad80bb170f252 application completed application_id=APP-2026-814617 status=OFFER_ISSUED
2026-03-03T10:30:13.706+01:00 INFO offer-service host=offer-service-7c9d5b-t6zvn corrId=c-6cd75db85f1e2d4e offer accepted application_id=APP-2026-383245
2026-03-03T10:30:13.821+01:00 INFO ledger-service host=ledger-service-7c9d5b-p9qmz corrId=c-6cd75db85f1e2d4e funds reserved application_id=APP-2026-383245 amount_dkk=5165000
2026-03-03T10:30:13.842+01:00 INFO payment-service host=payment-service-5b8f6c-x2k4p corrId=c-6cd75db85f1e2d4e payout instruction sent application_id=APP-2026-383245 amount_dkk=5165000
2026-03-03T10:30:13.943+01:00 INFO ledger-service host=ledger-service-a41e92-p9qmz corrId=c-6cd75db85f1e2d4e payout booked application_id=APP-2026-383245 posting_id=PST-e15809cc43
2026-03-03T10:30:13.990+01:00 INFO notification-service host=notification-service-7c9d5b-t6zvn corrId=c-6cd75db85f1e2d4e payout confirmation sent application_id=APP-2026-383245
2026-03-03T10:34:15.649+01:00 INFO offer-service host=offer-service-7c9d5b-p9qmz corrId=c-0f917d92a7ccedf9 offer accepted application_id=APP-2026-729015
2026-03-03T10:34:15.666+01:00 INFO ledger-service host=ledger-service-5b8f6c-p9qmz corrId=c-0f917d92a7ccedf9 funds reserved application_id=APP-2026-729015 amount_dkk=1125000
2026-03-03T10:34:15.802+01:00 INFO payment-service host=payment-service-7c9d5b-x2k4p corrId=c-0f917d92a7ccedf9 payout instruction sent application_id=APP-2026-729015 amount_dkk=1125000
2026-03-03T10:34:15.807+01:00 INFO ledger-service host=ledger-service-a41e92-x2k4p corrId=c-0f917d92a7ccedf9 payout booked application_id=APP-2026-729015 posting_id=PST-ab3399414e
2026-03-03T10:34:15.882+01:00 INFO notification-service host=notification-service-5b8f6c-x2k4p corrId=c-0f917d92a7ccedf9 payout confirmation sent application_id=APP-2026-729015
2026-03-03T10:34:48.304+01:00 INFO portal-bff host=portal-bff-7c9d5b-t6zvn corrId=c-9a167b136fb20a4c conversion quote requested loan_id=LN361203828 target_product=FLEX_5Y
2026-03-03T10:34:48.312+01:00 INFO identity-service host=identity-service-7c9d5b-p9qmz corrId=c-9a167b136fb20a4c MitID session validated customer_id=C11696640
2026-03-03T10:34:48.376+01:00 INFO pricing-service host=pricing-service-5b8f6c-t6zvn corrId=c-9a167b136fb20a4c bond price fetched series=BND4.0-2056 price=89.916
2026-03-03T10:34:48.397+01:00 INFO pricing-service host=pricing-service-a41e92-p9qmz corrId=c-9a167b136fb20a4c conversion cost calculated loan_id=LN361203828 cost_dkk=48649.56
2026-03-03T10:34:48.525+01:00 INFO quote-service host=quote-service-7c9d5b-t6zvn corrId=c-9a167b136fb20a4c conversion quote issued quote_id=Q90704124 loan_id=LN361203828
2026-03-03T10:35:00.268+01:00 INFO api-gateway host=api-gateway-5b8f6c-p9qmz corrId=- health probe ok status=200 latency_ms=26
2026-03-03T10:37:10.246+01:00 INFO portal-bff host=portal-bff-5b8f6c-t6zvn corrId=c-5d3d695fbaee5b66 loan application submitted application_id=APP-2026-307491 customer_segment=RETAIL
2026-03-03T10:37:10.374+01:00 INFO identity-service host=identity-service-a41e92-x2k4p corrId=c-5d3d695fbaee5b66 MitID session validated customer_id=C41999410
2026-03-03T10:37:10.486+01:00 INFO customer-service host=customer-service-a41e92-p9qmz corrId=c-5d3d695fbaee5b66 KYC profile loaded customer_id=C41999410 risk_class=LOW
2026-03-03T10:37:10.505+01:00 INFO valuation-service host=valuation-service-5b8f6c-p9qmz corrId=c-5d3d695fbaee5b66 property valuation requested property_id=P0900491 provider=valuta-ejd
2026-03-03T10:37:11.245+01:00 INFO valuation-service host=valuation-service-5b8f6c-x2k4p corrId=c-5d3d695fbaee5b66 property valuation received property_id=P0900491 value_dkk=2450000 latency_ms=655
2026-03-03T10:37:11.285+01:00 INFO credit-service host=credit-service-a41e92-p9qmz corrId=c-5d3d695fbaee5b66 credit assessment completed application_id=APP-2026-307491 score=472 decision=APPROVED
2026-03-03T10:37:11.351+01:00 INFO offer-service host=offer-service-a41e92-p9qmz corrId=c-5d3d695fbaee5b66 loan offer generated application_id=APP-2026-307491 loan_type=FIXED_20Y_IO principal_dkk=3225000
2026-03-03T10:37:11.438+01:00 INFO document-service host=document-service-7c9d5b-p9qmz corrId=c-5d3d695fbaee5b66 offer document stored application_id=APP-2026-307491 doc_id=DOC-6b81f8cb
2026-03-03T10:37:11.529+01:00 INFO portal-bff host=portal-bff-a41e92-x2k4p corrId=c-5d3d695fbaee5b66 application completed application_id=APP-2026-307491 status=OFFER_ISSUED
2026-03-03T10:37:32.233+01:00 INFO portal-bff host=portal-bff-a41e92-x2k4p corrId=c-5fbb244458977eea loan application submitted application_id=APP-2026-243757 customer_segment=RETAIL
2026-03-03T10:37:32.283+01:00 INFO identity-service host=identity-service-a41e92-t6zvn corrId=c-5fbb244458977eea MitID session validated customer_id=C92394883
2026-03-03T10:37:32.383+01:00 INFO customer-service host=customer-service-5b8f6c-p9qmz corrId=c-5fbb244458977eea KYC profile loaded customer_id=C92394883 risk_class=LOW
2026-03-03T10:37:32.505+01:00 INFO valuation-service host=valuation-service-5b8f6c-t6zvn corrId=c-5fbb244458977eea property valuation requested property_id=P6890342 provider=bolig-vurdering
2026-03-03T10:37:32.893+01:00 INFO valuation-service host=valuation-service-5b8f6c-t6zvn corrId=c-5fbb244458977eea property valuation received property_id=P6890342 value_dkk=8790000 latency_ms=263
2026-03-03T10:37:32.908+01:00 INFO credit-service host=credit-service-7c9d5b-t6zvn corrId=c-5fbb244458977eea credit assessment completed application_id=APP-2026-243757 score=655 decision=APPROVED
2026-03-03T10:37:32.950+01:00 INFO offer-service host=offer-service-a41e92-t6zvn corrId=c-5fbb244458977eea loan offer generated application_id=APP-2026-243757 loan_type=FIXED_20Y_IO principal_dkk=4100000
2026-03-03T10:37:32.961+01:00 INFO document-service host=document-service-a41e92-t6zvn corrId=c-5fbb244458977eea offer document stored application_id=APP-2026-243757 doc_id=DOC-d7af34b1
2026-03-03T10:37:33.078+01:00 INFO portal-bff host=portal-bff-5b8f6c-p9qmz corrId=c-5fbb244458977eea application completed application_id=APP-2026-243757 status=OFFER_ISSUED
2026-03-03T10:38:11.213+01:00 INFO portal-bff host=portal-bff-7c9d5b-p9qmz corrId=c-73dd00f6d75f2d1d conversion quote requested loan_id=LN062315010 target_product=FLEX_1Y
2026-03-03T10:38:11.302+01:00 INFO identity-service host=identity-service-7c9d5b-t6zvn corrId=c-73dd00f6d75f2d1d MitID session validated customer_id=C49885322
2026-03-03T10:38:11.414+01:00 INFO pricing-service host=pricing-service-a41e92-t6zvn corrId=c-73dd00f6d75f2d1d bond price fetched series=BND2.5-2053 price=93.108
2026-03-03T10:38:11.541+01:00 INFO pricing-service host=pricing-service-5b8f6c-x2k4p corrId=c-73dd00f6d75f2d1d conversion cost calculated loan_id=LN062315010 cost_dkk=17757.15
2026-03-03T10:38:11.550+01:00 INFO quote-service host=quote-service-a41e92-x2k4p corrId=c-73dd00f6d75f2d1d conversion quote issued quote_id=Q53689573 loan_id=LN062315010
2026-03-03T10:38:32.934+01:00 INFO offer-service host=offer-service-7c9d5b-t6zvn corrId=c-99c84458e6c74a1e offer accepted application_id=APP-2026-549503
2026-03-03T10:38:32.958+01:00 INFO ledger-service host=ledger-service-5b8f6c-p9qmz corrId=c-99c84458e6c74a1e funds reserved application_id=APP-2026-549503 amount_dkk=1530000
2026-03-03T10:38:33.091+01:00 INFO payment-service host=payment-service-a41e92-x2k4p corrId=c-99c84458e6c74a1e payout instruction sent application_id=APP-2026-549503 amount_dkk=1530000
2026-03-03T10:38:33.164+01:00 INFO ledger-service host=ledger-service-5b8f6c-t6zvn corrId=c-99c84458e6c74a1e payout booked application_id=APP-2026-549503 posting_id=PST-2a0903714c
2026-03-03T10:38:33.252+01:00 INFO notification-service host=notification-service-5b8f6c-t6zvn corrId=c-99c84458e6c74a1e payout confirmation sent application_id=APP-2026-549503
2026-03-03T10:40:00.324+01:00 INFO api-gateway host=api-gateway-a41e92-x2k4p corrId=- health probe ok status=200 latency_ms=4
2026-03-03T10:40:00.446+01:00 INFO payment-scheduler host=payment-scheduler-5b8f6c-p9qmz corrId=- scheduler heartbeat lag_ms=27
2026-03-03T10:40:37.088+01:00 INFO portal-bff host=portal-bff-7c9d5b-x2k4p corrId=c-3c39c0f859d63043 conversion quote requested loan_id=LN564494235 target_product=FIXED_30Y
2026-03-03T10:40:37.118+01:00 INFO identity-service host=identity-service-a41e92-t6zvn corrId=c-3c39c0f859d63043 MitID session validated customer_id=C79450955
2026-03-03T10:40:37.129+01:00 INFO pricing-service host=pricing-service-5b8f6c-x2k4p corrId=c-3c39c0f859d63043 bond price fetched series=BND3.0-2056 price=89.877
2026-03-03T10:40:37.179+01:00 INFO pricing-service host=pricing-service-7c9d5b-x2k4p corrId=c-3c39c0f859d63043 conversion cost calculated loan_id=LN564494235 cost_dkk=6381.44
2026-03-03T10:40:37.298+01:00 INFO quote-service host=quote-service-5b8f6c-t6zvn corrId=c-3c39c0f859d63043 conversion quote issued quote_id=Q08783791 loan_id=LN564494235
2026-03-03T10:41:10.837+01:00 INFO portal-bff host=portal-bff-5b8f6c-p9qmz corrId=c-2c627d6e5b0201a8 loan application submitted application_id=APP-2026-269379 customer_segment=RETAIL
2026-03-03T10:41:10.884+01:00 INFO identity-service host=identity-service-5b8f6c-x2k4p corrId=c-2c627d6e5b0201a8 MitID session validated customer_id=C59105614
2026-03-03T10:41:10.907+01:00 INFO customer-service host=customer-service-a41e92-p9qmz corrId=c-2c627d6e5b0201a8 KYC profile loaded customer_id=C59105614 risk_class=MEDIUM
2026-03-03T10:41:10.977+01:00 INFO valuation-service host=valuation-service-a41e92-p9qmz corrId=c-2c627d6e5b0201a8 property valuation served from cache property_id=P5596279 value_dkk=5890000
2026-03-03T10:41:10.987+01:00 INFO credit-service host=credit-service-5b8f6c-p9qmz corrId=c-2c627d6e5b0201a8 credit assessment completed application_id=APP-2026-269379 score=673 decision=APPROVED
2026-03-03T10:41:11.009+01:00 INFO offer-service host=offer-service-5b8f6c-p9qmz corrId=c-2c627d6e5b0201a8 loan offer generated application_id=APP-2026-269379 loan_type=FIXED_30Y principal_dkk=3920000
2026-03-03T10:41:11.058+01:00 INFO document-service host=document-service-7c9d5b-x2k4p corrId=c-2c627d6e5b0201a8 offer document stored application_id=APP-2026-269379 doc_id=DOC-a53cd61a
2026-03-03T10:41:11.066+01:00 INFO portal-bff host=portal-bff-7c9d5b-p9qmz corrId=c-2c627d6e5b0201a8 application completed application_id=APP-2026-269379 status=OFFER_ISSUED
2026-03-03T10:41:40.985+01:00 INFO portal-bff host=portal-bff-7c9d5b-p9qmz corrId=c-f7b391e7d6cba96c conversion quote requested loan_id=LN284538569 target_product=FIXED_30Y
2026-03-03T10:41:41.118+01:00 INFO identity-service host=identity-service-a41e92-p9qmz corrId=c-f7b391e7d6cba96c MitID session validated customer_id=C24241346
2026-03-03T10:41:41.242+01:00 INFO pricing-service host=pricing-service-7c9d5b-p9qmz corrId=c-f7b391e7d6cba96c bond price fetched series=BND4.0-2053 price=88.612
2026-03-03T10:41:41.344+01:00 INFO pricing-service host=pricing-service-a41e92-x2k4p corrId=c-f7b391e7d6cba96c conversion cost calculated loan_id=LN284538569 cost_dkk=76805.98
2026-03-03T10:41:41.480+01:00 INFO quote-service host=quote-service-5b8f6c-t6zvn corrId=c-f7b391e7d6cba96c conversion quote issued quote_id=Q56860477 loan_id=LN284538569
2026-03-03T10:45:00.664+01:00 INFO api-gateway host=api-gateway-a41e92-x2k4p corrId=- health probe ok status=200 latency_ms=4
2026-03-03T10:46:34.127+01:00 INFO portal-bff host=portal-bff-7c9d5b-p9qmz corrId=c-c4a6b2ce6959cbe7 loan application submitted application_id=APP-2026-574358 customer_segment=PRIVATE
2026-03-03T10:46:34.254+01:00 INFO identity-service host=identity-service-a41e92-x2k4p corrId=c-c4a6b2ce6959cbe7 MitID session validated customer_id=C22613178
2026-03-03T10:46:34.363+01:00 INFO customer-service host=customer-service-5b8f6c-p9qmz corrId=c-c4a6b2ce6959cbe7 KYC profile loaded customer_id=C22613178 risk_class=MEDIUM
2026-03-03T10:46:34.453+01:00 INFO valuation-service host=valuation-service-a41e92-p9qmz corrId=c-c4a6b2ce6959cbe7 property valuation served from cache property_id=P5935524 value_dkk=6120000
2026-03-03T10:46:34.471+01:00 INFO credit-service host=credit-service-7c9d5b-t6zvn corrId=c-c4a6b2ce6959cbe7 credit assessment completed application_id=APP-2026-574358 score=450 decision=APPROVED
2026-03-03T10:46:34.577+01:00 INFO offer-service host=offer-service-7c9d5b-x2k4p corrId=c-c4a6b2ce6959cbe7 loan offer generated application_id=APP-2026-574358 loan_type=FIXED_30Y principal_dkk=4150000
2026-03-03T10:46:34.623+01:00 INFO document-service host=document-service-5b8f6c-t6zvn corrId=c-c4a6b2ce6959cbe7 offer document stored application_id=APP-2026-574358 doc_id=DOC-412e9e45
2026-03-03T10:46:34.761+01:00 INFO portal-bff host=portal-bff-5b8f6c-t6zvn corrId=c-c4a6b2ce6959cbe7 application completed application_id=APP-2026-574358 status=OFFER_ISSUED
2026-03-03T10:46:42.492+01:00 INFO offer-service host=offer-service-7c9d5b-t6zvn corrId=c-5555ffa0178015dc offer accepted application_id=APP-2026-783954
2026-03-03T10:46:42.526+01:00 INFO ledger-service host=ledger-service-5b8f6c-p9qmz corrId=c-5555ffa0178015dc funds reserved application_id=APP-2026-783954 amount_dkk=5450000
2026-03-03T10:46:42.596+01:00 INFO payment-service host=payment-service-a41e92-t6zvn corrId=c-5555ffa0178015dc payout instruction sent application_id=APP-2026-783954 amount_dkk=5450000
2026-03-03T10:46:42.606+01:00 INFO ledger-service host=ledger-service-7c9d5b-t6zvn corrId=c-5555ffa0178015dc payout booked application_id=APP-2026-783954 posting_id=PST-c785d3be8e
2026-03-03T10:46:42.659+01:00 INFO notification-service host=notification-service-7c9d5b-p9qmz corrId=c-5555ffa0178015dc payout confirmation sent application_id=APP-2026-783954
2026-03-03T10:48:24.752+01:00 INFO portal-bff host=portal-bff-5b8f6c-p9qmz corrId=c-5ff4a7a9a184631f conversion quote requested loan_id=LN187830305 target_product=FLEX_1Y
2026-03-03T10:48:24.809+01:00 INFO identity-service host=identity-service-5b8f6c-t6zvn corrId=c-5ff4a7a9a184631f MitID session validated customer_id=C01500760
2026-03-03T10:48:24.905+01:00 INFO pricing-service host=pricing-service-a41e92-x2k4p corrId=c-5ff4a7a9a184631f bond price fetched series=BND4.0-2053 price=96.035
2026-03-03T10:48:24.957+01:00 INFO pricing-service host=pricing-service-a41e92-p9qmz corrId=c-5ff4a7a9a184631f conversion cost calculated loan_id=LN187830305 cost_dkk=67615.82
2026-03-03T10:48:24.981+01:00 INFO quote-service host=quote-service-a41e92-x2k4p corrId=c-5ff4a7a9a184631f conversion quote issued quote_id=Q20658288 loan_id=LN187830305
2026-03-03T10:48:45.942+01:00 INFO offer-service host=offer-service-7c9d5b-t6zvn corrId=c-040c96bf77e5841b offer accepted application_id=APP-2026-127793
2026-03-03T10:48:46.042+01:00 INFO ledger-service host=ledger-service-5b8f6c-t6zvn corrId=c-040c96bf77e5841b funds reserved application_id=APP-2026-127793 amount_dkk=5380000
2026-03-03T10:48:46.100+01:00 INFO payment-service host=payment-service-7c9d5b-t6zvn corrId=c-040c96bf77e5841b payout instruction sent application_id=APP-2026-127793 amount_dkk=5380000
2026-03-03T10:48:46.169+01:00 INFO ledger-service host=ledger-service-7c9d5b-x2k4p corrId=c-040c96bf77e5841b payout booked application_id=APP-2026-127793 posting_id=PST-11b4de651d
2026-03-03T10:48:46.243+01:00 INFO notification-service host=notification-service-a41e92-x2k4p corrId=c-040c96bf77e5841b payout confirmation sent application_id=APP-2026-127793
2026-03-03T10:50:00.215+01:00 INFO api-gateway host=api-gateway-7c9d5b-p9qmz corrId=- health probe ok status=200 latency_ms=37
2026-03-03T10:50:00.258+01:00 INFO payment-scheduler host=payment-scheduler-a41e92-t6zvn corrId=- scheduler heartbeat lag_ms=70
2026-03-03T10:50:51.719+01:00 INFO portal-bff host=portal-bff-a41e92-p9qmz corrId=c-749d3a89d1c57d12 loan application submitted application_id=APP-2026-508511 customer_segment=PRIVATE
2026-03-03T10:50:51.789+01:00 INFO identity-service host=identity-service-5b8f6c-x2k4p corrId=c-749d3a89d1c57d12 MitID session validated customer_id=C29302912
2026-03-03T10:50:51.807+01:00 INFO customer-service host=customer-service-5b8f6c-x2k4p corrId=c-749d3a89d1c57d12 KYC profile loaded customer_id=C29302912 risk_class=LOW
2026-03-03T10:50:51.821+01:00 INFO valuation-service host=valuation-service-5b8f6c-p9qmz corrId=c-749d3a89d1c57d12 property valuation served from cache property_id=P9562007 value_dkk=4520000
2026-03-03T10:50:51.883+01:00 INFO credit-service host=credit-service-7c9d5b-t6zvn corrId=c-749d3a89d1c57d12 credit assessment completed application_id=APP-2026-508511 score=801 decision=APPROVED
2026-03-03T10:50:51.991+01:00 INFO offer-service host=offer-service-5b8f6c-p9qmz corrId=c-749d3a89d1c57d12 loan offer generated application_id=APP-2026-508511 loan_type=FIXED_30Y principal_dkk=3650000
2026-03-03T10:50:52.058+01:00 INFO document-service host=document-service-7c9d5b-p9qmz corrId=c-749d3a89d1c57d12 offer document stored application_id=APP-2026-508511 doc_id=DOC-e2d8c521
2026-03-03T10:50:52.196+01:00 INFO portal-bff host=portal-bff-7c9d5b-t6zvn corrId=c-749d3a89d1c57d12 application completed application_id=APP-2026-508511 status=OFFER_ISSUED
2026-03-03T10:51:16.802+01:00 INFO portal-bff host=portal-bff-7c9d5b-x2k4p corrId=c-460edb25e9df92f6 loan application submitted application_id=APP-2026-298612 customer_segment=PRIVATE
2026-03-03T10:51:16.934+01:00 INFO identity-service host=identity-service-a41e92-x2k4p corrId=c-460edb25e9df92f6 MitID session validated customer_id=C49886425
2026-03-03T10:51:16.998+01:00 INFO customer-service host=customer-service-7c9d5b-t6zvn corrId=c-460edb25e9df92f6 KYC profile loaded customer_id=C49886425 risk_class=LOW
2026-03-03T10:51:17.116+01:00 INFO valuation-service host=valuation-service-7c9d5b-t6zvn corrId=c-460edb25e9df92f6 property valuation requested property_id=P8438541 provider=valuta-ejd
2026-03-03T10:51:17.600+01:00 INFO valuation-service host=valuation-service-5b8f6c-p9qmz corrId=c-460edb25e9df92f6 property valuation received property_id=P8438541 value_dkk=6450000 latency_ms=459
2026-03-03T10:51:17.727+01:00 INFO credit-service host=credit-service-a41e92-x2k4p corrId=c-460edb25e9df92f6 credit assessment completed application_id=APP-2026-298612 score=620 decision=APPROVED
2026-03-03T10:51:17.816+01:00 INFO offer-service host=offer-service-5b8f6c-p9qmz corrId=c-460edb25e9df92f6 loan offer generated application_id=APP-2026-298612 loan_type=FLEX_1Y principal_dkk=530000
2026-03-03T10:51:17.884+01:00 INFO document-service host=document-service-7c9d5b-x2k4p corrId=c-460edb25e9df92f6 offer document stored application_id=APP-2026-298612 doc_id=DOC-a652e475
2026-03-03T10:51:17.913+01:00 INFO portal-bff host=portal-bff-a41e92-t6zvn corrId=c-460edb25e9df92f6 application completed application_id=APP-2026-298612 status=OFFER_ISSUED
2026-03-03T10:51:27.715+01:00 INFO portal-bff host=portal-bff-5b8f6c-t6zvn corrId=c-1a94ee5f27898f44 conversion quote requested loan_id=LN071220319 target_product=FIXED_30Y
2026-03-03T10:51:27.786+01:00 INFO identity-service host=identity-service-7c9d5b-p9qmz corrId=c-1a94ee5f27898f44 MitID session validated customer_id=C14837747
2026-03-03T10:51:27.835+01:00 INFO pricing-service host=pricing-service-5b8f6c-p9qmz corrId=c-1a94ee5f27898f44 bond price fetched series=BND3.0-2056 price=88.221
2026-03-03T10:51:27.849+01:00 INFO pricing-service host=pricing-service-7c9d5b-x2k4p corrId=c-1a94ee5f27898f44 conversion cost calculated loan_id=LN071220319 cost_dkk=79235.90
2026-03-03T10:51:27.882+01:00 INFO quote-service host=quote-service-5b8f6c-p9qmz corrId=c-1a94ee5f27898f44 conversion quote issued quote_id=Q33345517 loan_id=LN071220319
2026-03-03T10:52:01.909+01:00 INFO portal-bff host=portal-bff-a41e92-p9qmz corrId=c-85bc9720e6554f73 conversion quote requested loan_id=LN830077780 target_product=FLEX_1Y
2026-03-03T10:52:01.921+01:00 INFO identity-service host=identity-service-a41e92-p9qmz corrId=c-85bc9720e6554f73 MitID session validated customer_id=C88483722
2026-03-03T10:52:02.029+01:00 INFO pricing-service host=pricing-service-5b8f6c-t6zvn corrId=c-85bc9720e6554f73 bond price fetched series=BND2.5-2056 price=101.661
2026-03-03T10:52:02.130+01:00 INFO pricing-service host=pricing-service-7c9d5b-x2k4p corrId=c-85bc9720e6554f73 conversion cost calculated loan_id=LN830077780 cost_dkk=26691.57
2026-03-03T10:52:02.241+01:00 INFO quote-service host=quote-service-5b8f6c-x2k4p corrId=c-85bc9720e6554f73 conversion quote issued quote_id=Q19105010 loan_id=LN830077780
2026-03-03T10:55:00.650+01:00 INFO api-gateway host=api-gateway-a41e92-t6zvn corrId=- health probe ok status=200 latency_ms=7
2026-03-03T10:59:15.410+01:00 INFO portal-bff host=portal-bff-5b8f6c-t6zvn corrId=c-cb43edeb64a3ab12 loan application submitted application_id=APP-2026-006682 customer_segment=RETAIL
2026-03-03T10:59:15.424+01:00 INFO identity-service host=identity-service-a41e92-t6zvn corrId=c-cb43edeb64a3ab12 MitID session validated customer_id=C09539344
2026-03-03T10:59:15.451+01:00 INFO customer-service host=customer-service-5b8f6c-t6zvn corrId=c-cb43edeb64a3ab12 KYC profile loaded customer_id=C09539344 risk_class=LOW
2026-03-03T10:59:15.521+01:00 INFO valuation-service host=valuation-service-a41e92-t6zvn corrId=c-cb43edeb64a3ab12 property valuation served from cache property_id=P9919877 value_dkk=1600000
2026-03-03T10:59:15.560+01:00 INFO credit-service host=credit-service-7c9d5b-x2k4p corrId=c-cb43edeb64a3ab12 credit assessment completed application_id=APP-2026-006682 score=778 decision=APPROVED
2026-03-03T10:59:15.659+01:00 INFO offer-service host=offer-service-5b8f6c-x2k4p corrId=c-cb43edeb64a3ab12 loan offer generated application_id=APP-2026-006682 loan_type=FIXED_20Y_IO principal_dkk=2845000
2026-03-03T10:59:15.729+01:00 INFO document-service host=document-service-7c9d5b-x2k4p corrId=c-cb43edeb64a3ab12 offer document stored application_id=APP-2026-006682 doc_id=DOC-b617a0ac
2026-03-03T10:59:15.774+01:00 INFO portal-bff host=portal-bff-a41e92-x2k4p corrId=c-cb43edeb64a3ab12 application completed application_id=APP-2026-006682 status=OFFER_ISSUED
2026-03-03T10:59:56.819+01:00 INFO portal-bff host=portal-bff-a41e92-p9qmz corrId=c-435136ac4001e90e loan application submitted application_id=APP-2026-976061 customer_segment=RETAIL
2026-03-03T10:59:56.918+01:00 INFO identity-service host=identity-service-a41e92-p9qmz corrId=c-435136ac4001e90e MitID session validated customer_id=C58288216
2026-03-03T10:59:57.006+01:00 INFO customer-service host=customer-service-5b8f6c-p9qmz corrId=c-435136ac4001e90e KYC profile loaded customer_id=C58288216 risk_class=LOW
2026-03-03T10:59:57.098+01:00 INFO valuation-service host=valuation-service-5b8f6c-x2k4p corrId=c-435136ac4001e90e property valuation requested property_id=P7174342 provider=bolig-vurdering
2026-03-03T10:59:57.406+01:00 INFO valuation-service host=valuation-service-5b8f6c-x2k4p corrId=c-435136ac4001e90e property valuation received property_id=P7174342 value_dkk=3580000 latency_ms=262
2026-03-03T10:59:57.454+01:00 INFO credit-service host=credit-service-a41e92-t6zvn corrId=c-435136ac4001e90e credit assessment completed application_id=APP-2026-976061 score=744 decision=APPROVED
2026-03-03T10:59:57.491+01:00 INFO offer-service host=offer-service-7c9d5b-x2k4p corrId=c-435136ac4001e90e loan offer generated application_id=APP-2026-976061 loan_type=FIXED_20Y_IO principal_dkk=5440000
2026-03-03T10:59:57.577+01:00 INFO document-service host=document-service-7c9d5b-p9qmz corrId=c-435136ac4001e90e offer document stored application_id=APP-2026-976061 doc_id=DOC-d88be359
2026-03-03T10:59:57.639+01:00 INFO portal-bff host=portal-bff-a41e92-x2k4p corrId=c-435136ac4001e90e application completed application_id=APP-2026-976061 status=OFFER_ISSUED
2026-03-03T11:00:00.325+01:00 INFO payment-scheduler host=payment-scheduler-a41e92-t6zvn corrId=- scheduler heartbeat lag_ms=72
2026-03-03T11:00:00.668+01:00 INFO api-gateway host=api-gateway-a41e92-t6zvn corrId=- health probe ok status=200 latency_ms=21
2026-03-03T11:00:12.760+01:00 INFO portal-bff host=portal-bff-5b8f6c-t6zvn corrId=c-f57a013bd6282692 loan application submitted application_id=APP-2026-605678 customer_segment=PRIVATE
2026-03-03T11:00:12.825+01:00 INFO identity-service host=identity-service-5b8f6c-p9qmz corrId=c-f57a013bd6282692 MitID session validated customer_id=C09690612
2026-03-03T11:00:12.943+01:00 INFO customer-service host=customer-service-5b8f6c-x2k4p corrId=c-f57a013bd6282692 KYC profile loaded customer_id=C09690612 risk_class=LOW
2026-03-03T11:00:13.062+01:00 INFO valuation-service host=valuation-service-5b8f6c-x2k4p corrId=c-f57a013bd6282692 property valuation requested property_id=P8622024 provider=valuta-ejd
2026-03-03T11:00:13.774+01:00 INFO valuation-service host=valuation-service-a41e92-p9qmz corrId=c-f57a013bd6282692 property valuation received property_id=P8622024 value_dkk=5770000 latency_ms=669
2026-03-03T11:00:13.833+01:00 INFO credit-service host=credit-service-a41e92-t6zvn corrId=c-f57a013bd6282692 credit assessment completed application_id=APP-2026-605678 score=649 decision=APPROVED
2026-03-03T11:00:13.840+01:00 INFO offer-service host=offer-service-a41e92-p9qmz corrId=c-f57a013bd6282692 loan offer generated application_id=APP-2026-605678 loan_type=FLEX_1Y principal_dkk=2320000
2026-03-03T11:00:13.867+01:00 INFO document-service host=document-service-5b8f6c-t6zvn corrId=c-f57a013bd6282692 offer document stored application_id=APP-2026-605678 doc_id=DOC-9eafff4c
2026-03-03T11:00:13.986+01:00 INFO portal-bff host=portal-bff-a41e92-p9qmz corrId=c-f57a013bd6282692 application completed application_id=APP-2026-605678 status=OFFER_ISSUED
2026-03-03T11:00:50.000+01:00 INFO config-service host=config-service-5b8f6c-t6zvn corrId=- configuration refreshed version=v118
2026-03-03T11:02:37.442+01:00 INFO portal-bff host=portal-bff-a41e92-p9qmz corrId=c-7eff2f6e4b7a1ce0 loan application submitted application_id=APP-2026-875659 customer_segment=SME
2026-03-03T11:02:37.567+01:00 INFO identity-service host=identity-service-7c9d5b-x2k4p corrId=c-7eff2f6e4b7a1ce0 MitID session validated customer_id=C34511149
2026-03-03T11:02:37.699+01:00 INFO customer-service host=customer-service-7c9d5b-x2k4p corrId=c-7eff2f6e4b7a1ce0 KYC profile loaded customer_id=C34511149 risk_class=LOW
2026-03-03T11:02:37.709+01:00 INFO valuation-service host=valuation-service-a41e92-p9qmz corrId=c-7eff2f6e4b7a1ce0 property valuation requested property_id=P7042888 provider=valuta-ejd
2026-03-03T11:02:38.686+01:00 INFO valuation-service host=valuation-service-a41e92-x2k4p corrId=c-7eff2f6e4b7a1ce0 property valuation received property_id=P7042888 value_dkk=8890000 latency_ms=838
2026-03-03T11:02:38.803+01:00 INFO credit-service host=credit-service-a41e92-p9qmz corrId=c-7eff2f6e4b7a1ce0 credit assessment completed application_id=APP-2026-875659 score=828 decision=APPROVED
2026-03-03T11:02:38.851+01:00 INFO offer-service host=offer-service-5b8f6c-t6zvn corrId=c-7eff2f6e4b7a1ce0 loan offer generated application_id=APP-2026-875659 loan_type=FLEX_5Y principal_dkk=985000
2026-03-03T11:02:38.968+01:00 INFO document-service host=document-service-5b8f6c-p9qmz corrId=c-7eff2f6e4b7a1ce0 offer document stored application_id=APP-2026-875659 doc_id=DOC-ddcfe53c
2026-03-03T11:02:39.078+01:00 INFO portal-bff host=portal-bff-7c9d5b-p9qmz corrId=c-7eff2f6e4b7a1ce0 application completed application_id=APP-2026-875659 status=OFFER_ISSUED
2026-03-03T11:05:00.780+01:00 INFO api-gateway host=api-gateway-5b8f6c-x2k4p corrId=- health probe ok status=200 latency_ms=6
2026-03-03T11:05:25.056+01:00 INFO portal-bff host=portal-bff-5b8f6c-x2k4p corrId=c-7df7361369ab833e loan application submitted application_id=APP-2026-087022 customer_segment=PRIVATE
2026-03-03T11:05:25.118+01:00 INFO identity-service host=identity-service-a41e92-p9qmz corrId=c-7df7361369ab833e MitID session validated customer_id=C96401329
2026-03-03T11:05:25.158+01:00 INFO customer-service host=customer-service-a41e92-p9qmz corrId=c-7df7361369ab833e KYC profile loaded customer_id=C96401329 risk_class=MEDIUM
2026-03-03T11:05:25.163+01:00 INFO valuation-service host=valuation-service-5b8f6c-t6zvn corrId=c-7df7361369ab833e property valuation requested property_id=P6963437 provider=bolig-vurdering
2026-03-03T11:05:25.794+01:00 INFO valuation-service host=valuation-service-7c9d5b-p9qmz corrId=c-7df7361369ab833e property valuation received property_id=P6963437 value_dkk=6260000 latency_ms=520
2026-03-03T11:05:25.848+01:00 INFO credit-service host=credit-service-a41e92-p9qmz corrId=c-7df7361369ab833e credit assessment completed application_id=APP-2026-087022 score=659 decision=APPROVED
2026-03-03T11:05:25.882+01:00 INFO offer-service host=offer-service-5b8f6c-p9qmz corrId=c-7df7361369ab833e loan offer generated application_id=APP-2026-087022 loan_type=FIXED_20Y_IO principal_dkk=4510000
2026-03-03T11:05:25.966+01:00 INFO document-service host=document-service-a41e92-t6zvn corrId=c-7df7361369ab833e offer document stored application_id=APP-2026-087022 doc_id=DOC-6c6a3232
2026-03-03T11:05:26.049+01:00 INFO portal-bff host=portal-bff-5b8f6c-t6zvn corrId=c-7df7361369ab833e application completed application_id=APP-2026-087022 status=OFFER_ISSUED
2026-03-03T11:06:00.033+01:00 INFO portal-bff host=portal-bff-5b8f6c-x2k4p corrId=c-3234e08a59e7fbf8 loan application submitted application_id=APP-2026-022606 customer_segment=RETAIL
2026-03-03T11:06:00.116+01:00 INFO identity-service host=identity-service-5b8f6c-t6zvn corrId=c-3234e08a59e7fbf8 MitID session validated customer_id=C96184137
2026-03-03T11:06:00.196+01:00 INFO customer-service host=customer-service-7c9d5b-x2k4p corrId=c-3234e08a59e7fbf8 KYC profile loaded customer_id=C96184137 risk_class=MEDIUM
2026-03-03T11:06:00.301+01:00 INFO valuation-service host=valuation-service-5b8f6c-p9qmz corrId=c-3234e08a59e7fbf8 property valuation requested property_id=P3984724 provider=valuta-ejd
2026-03-03T11:06:01.079+01:00 INFO valuation-service host=valuation-service-7c9d5b-x2k4p corrId=c-3234e08a59e7fbf8 property valuation received property_id=P3984724 value_dkk=1410000 latency_ms=669
2026-03-03T11:06:01.151+01:00 INFO credit-service host=credit-service-7c9d5b-x2k4p corrId=c-3234e08a59e7fbf8 credit assessment completed application_id=APP-2026-022606 score=648 decision=APPROVED
2026-03-03T11:06:01.278+01:00 INFO offer-service host=offer-service-5b8f6c-t6zvn corrId=c-3234e08a59e7fbf8 loan offer generated application_id=APP-2026-022606 loan_type=FIXED_30Y principal_dkk=410000
2026-03-03T11:06:01.340+01:00 INFO document-service host=document-service-a41e92-p9qmz corrId=c-3234e08a59e7fbf8 offer document stored application_id=APP-2026-022606 doc_id=DOC-58f0b061
2026-03-03T11:06:01.447+01:00 INFO portal-bff host=portal-bff-a41e92-t6zvn corrId=c-3234e08a59e7fbf8 application completed application_id=APP-2026-022606 status=OFFER_ISSUED
2026-03-03T11:06:37.000+01:00 INFO valuation-service host=valuation-service-5b8f6c-x2k4p corrId=- jvm gc pause pause_ms=40
2026-03-03T11:07:30.671+01:00 INFO offer-service host=offer-service-a41e92-t6zvn corrId=c-373ac18a06f61b51 offer accepted application_id=APP-2026-258856
2026-03-03T11:07:30.810+01:00 INFO ledger-service host=ledger-service-a41e92-x2k4p corrId=c-373ac18a06f61b51 funds reserved application_id=APP-2026-258856 amount_dkk=3410000
2026-03-03T11:07:30.866+01:00 INFO payment-service host=payment-service-7c9d5b-t6zvn corrId=c-373ac18a06f61b51 payout instruction sent application_id=APP-2026-258856 amount_dkk=3410000
2026-03-03T11:07:30.959+01:00 INFO ledger-service host=ledger-service-a41e92-x2k4p corrId=c-373ac18a06f61b51 payout booked application_id=APP-2026-258856 posting_id=PST-2667c10e89
2026-03-03T11:07:30.997+01:00 INFO notification-service host=notification-service-7c9d5b-p9qmz corrId=c-373ac18a06f61b51 payout confirmation sent application_id=APP-2026-258856
2026-03-03T11:07:49.290+01:00 INFO portal-bff host=portal-bff-7c9d5b-t6zvn corrId=c-4e5a93df9447f44e loan application submitted application_id=APP-2026-620523 customer_segment=PRIVATE
2026-03-03T11:07:49.374+01:00 INFO identity-service host=identity-service-a41e92-t6zvn corrId=c-4e5a93df9447f44e MitID session validated customer_id=C92427164
2026-03-03T11:07:49.385+01:00 INFO customer-service host=customer-service-a41e92-t6zvn corrId=c-4e5a93df9447f44e KYC profile loaded customer_id=C92427164 risk_class=LOW
2026-03-03T11:07:49.431+01:00 INFO valuation-service host=valuation-service-5b8f6c-x2k4p corrId=c-4e5a93df9447f44e property valuation requested property_id=P3302670 provider=valuta-ejd
2026-03-03T11:07:50.167+01:00 INFO valuation-service host=valuation-service-a41e92-x2k4p corrId=c-4e5a93df9447f44e property valuation received property_id=P3302670 value_dkk=8960000 latency_ms=615
2026-03-03T11:07:50.265+01:00 INFO credit-service host=credit-service-a41e92-t6zvn corrId=c-4e5a93df9447f44e credit assessment completed application_id=APP-2026-620523 score=878 decision=APPROVED
2026-03-03T11:07:50.346+01:00 INFO offer-service host=offer-service-a41e92-t6zvn corrId=c-4e5a93df9447f44e loan offer generated application_id=APP-2026-620523 loan_type=FIXED_20Y_IO principal_dkk=3610000
2026-03-03T11:07:50.392+01:00 INFO document-service host=document-service-5b8f6c-t6zvn corrId=c-4e5a93df9447f44e offer document stored application_id=APP-2026-620523 doc_id=DOC-5d3fbfec
2026-03-03T11:07:50.514+01:00 INFO portal-bff host=portal-bff-a41e92-t6zvn corrId=c-4e5a93df9447f44e application completed application_id=APP-2026-620523 status=OFFER_ISSUED
2026-03-03T11:08:01.771+01:00 INFO portal-bff host=portal-bff-7c9d5b-t6zvn corrId=c-fa8ad8d75b489336 conversion quote requested loan_id=LN344022357 target_product=FLEX_5Y
2026-03-03T11:08:01.825+01:00 INFO identity-service host=identity-service-5b8f6c-p9qmz corrId=c-fa8ad8d75b489336 MitID session validated customer_id=C63792732
2026-03-03T11:08:01.952+01:00 INFO pricing-service host=pricing-service-a41e92-x2k4p corrId=c-fa8ad8d75b489336 bond price fetched series=BND2.5-2056 price=98.193
2026-03-03T11:08:02.076+01:00 INFO pricing-service host=pricing-service-7c9d5b-p9qmz corrId=c-fa8ad8d75b489336 conversion cost calculated loan_id=LN344022357 cost_dkk=14087.31
2026-03-03T11:08:02.146+01:00 INFO quote-service host=quote-service-5b8f6c-x2k4p corrId=c-fa8ad8d75b489336 conversion quote issued quote_id=Q11016063 loan_id=LN344022357
2026-03-03T11:08:22.944+01:00 INFO offer-service host=offer-service-a41e92-t6zvn corrId=c-a55553db18ff88bf offer accepted application_id=APP-2026-071075
2026-03-03T11:08:23.068+01:00 INFO ledger-service host=ledger-service-7c9d5b-t6zvn corrId=c-a55553db18ff88bf funds reserved application_id=APP-2026-071075 amount_dkk=4985000
2026-03-03T11:08:23.083+01:00 INFO payment-service host=payment-service-7c9d5b-x2k4p corrId=c-a55553db18ff88bf payout instruction sent application_id=APP-2026-071075 amount_dkk=4985000
2026-03-03T11:08:23.201+01:00 INFO ledger-service host=ledger-service-7c9d5b-t6zvn corrId=c-a55553db18ff88bf payout booked application_id=APP-2026-071075 posting_id=PST-f5788ab5c8
2026-03-03T11:08:23.258+01:00 INFO notification-service host=notification-service-7c9d5b-x2k4p corrId=c-a55553db18ff88bf payout confirmation sent application_id=APP-2026-071075
2026-03-03T11:09:52.642+01:00 INFO portal-bff host=portal-bff-a41e92-x2k4p corrId=c-536cf04966795007 loan application submitted application_id=APP-2026-087170 customer_segment=PRIVATE
2026-03-03T11:09:52.740+01:00 INFO identity-service host=identity-service-5b8f6c-t6zvn corrId=c-536cf04966795007 MitID session validated customer_id=C23034426
2026-03-03T11:09:52.869+01:00 INFO customer-service host=customer-service-5b8f6c-p9qmz corrId=c-536cf04966795007 KYC profile loaded customer_id=C23034426 risk_class=MEDIUM
2026-03-03T11:09:52.983+01:00 INFO valuation-service host=valuation-service-7c9d5b-x2k4p corrId=c-536cf04966795007 property valuation requested property_id=P9680273 provider=bolig-vurdering
2026-03-03T11:09:53.895+01:00 INFO valuation-service host=valuation-service-a41e92-t6zvn corrId=c-536cf04966795007 property valuation received property_id=P9680273 value_dkk=3630000 latency_ms=776
2026-03-03T11:09:53.997+01:00 INFO credit-service host=credit-service-5b8f6c-p9qmz corrId=c-536cf04966795007 credit assessment completed application_id=APP-2026-087170 score=436 decision=APPROVED
2026-03-03T11:09:54.102+01:00 INFO offer-service host=offer-service-5b8f6c-p9qmz corrId=c-536cf04966795007 loan offer generated application_id=APP-2026-087170 loan_type=FIXED_20Y_IO principal_dkk=4385000
2026-03-03T11:09:54.158+01:00 INFO document-service host=document-service-5b8f6c-t6zvn corrId=c-536cf04966795007 offer document stored application_id=APP-2026-087170 doc_id=DOC-d4cffa4f
2026-03-03T11:09:54.230+01:00 INFO portal-bff host=portal-bff-7c9d5b-x2k4p corrId=c-536cf04966795007 application completed application_id=APP-2026-087170 status=OFFER_ISSUED
2026-03-03T11:10:00.410+01:00 INFO api-gateway host=api-gateway-a41e92-x2k4p corrId=- health probe ok status=200 latency_ms=28
2026-03-03T11:10:00.448+01:00 INFO payment-scheduler host=payment-scheduler-5b8f6c-x2k4p corrId=- scheduler heartbeat lag_ms=34
2026-03-03T11:10:53.328+01:00 INFO portal-bff host=portal-bff-7c9d5b-x2k4p corrId=c-96344e8c25dd28ff loan application submitted application_id=APP-2026-357737 customer_segment=RETAIL
2026-03-03T11:10:53.361+01:00 INFO identity-service host=identity-service-7c9d5b-p9qmz corrId=c-96344e8c25dd28ff MitID session validated customer_id=C25439834
2026-03-03T11:10:53.492+01:00 INFO customer-service host=customer-service-5b8f6c-x2k4p corrId=c-96344e8c25dd28ff KYC profile loaded customer_id=C25439834 risk_class=MEDIUM
2026-03-03T11:10:53.498+01:00 INFO valuation-service host=valuation-service-a41e92-p9qmz corrId=c-96344e8c25dd28ff property valuation requested property_id=P8618882 provider=bolig-vurdering
2026-03-03T11:10:53.990+01:00 INFO valuation-service host=valuation-service-7c9d5b-t6zvn corrId=c-96344e8c25dd28ff property valuation received property_id=P8618882 value_dkk=4360000 latency_ms=456
2026-03-03T11:10:54.030+01:00 INFO credit-service host=credit-service-5b8f6c-p9qmz corrId=c-96344e8c25dd28ff credit assessment completed application_id=APP-2026-357737 score=787 decision=APPROVED
2026-03-03T11:10:54.092+01:00 INFO offer-service host=offer-service-5b8f6c-p9qmz corrId=c-96344e8c25dd28ff loan offer generated application_id=APP-2026-357737 loan_type=FIXED_20Y_IO principal_dkk=5170000
2026-03-03T11:10:54.194+01:00 INFO document-service host=document-service-a41e92-x2k4p corrId=c-96344e8c25dd28ff offer document stored application_id=APP-2026-357737 doc_id=DOC-fad66924
2026-03-03T11:10:54.212+01:00 INFO portal-bff host=portal-bff-a41e92-x2k4p corrId=c-96344e8c25dd28ff application completed application_id=APP-2026-357737 status=OFFER_ISSUED
2026-03-03T11:11:10.345+01:00 INFO portal-bff host=portal-bff-7c9d5b-p9qmz corrId=c-f475849c1b469559 conversion quote requested loan_id=LN249256388 target_product=FIXED_30Y
2026-03-03T11:11:10.414+01:00 INFO identity-service host=identity-service-a41e92-t6zvn corrId=c-f475849c1b469559 MitID session validated customer_id=C27641678
2026-03-03T11:11:10.474+01:00 INFO pricing-service host=pricing-service-a41e92-x2k4p corrId=c-f475849c1b469559 bond price fetched series=BND2.5-2056 price=101.099
2026-03-03T11:11:10.580+01:00 INFO pricing-service host=pricing-service-a41e92-x2k4p corrId=c-f475849c1b469559 conversion cost calculated loan_id=LN249256388 cost_dkk=14063.06
2026-03-03T11:11:10.587+01:00 INFO quote-service host=quote-service-7c9d5b-t6zvn corrId=c-f475849c1b469559 conversion quote issued quote_id=Q21233348 loan_id=LN249256388
2026-03-03T11:11:11.747+01:00 INFO portal-bff host=portal-bff-5b8f6c-x2k4p corrId=c-c66d86ba641c49e3 loan application submitted application_id=APP-2026-964437 customer_segment=RETAIL
2026-03-03T11:11:11.770+01:00 WARN identity-service host=identity-service-a41e92-p9qmz corrId=c-c66d86ba641c49e3 MitID token refresh attempt=1
2026-03-03T11:11:11.834+01:00 INFO identity-service host=identity-service-5b8f6c-x2k4p corrId=c-c66d86ba641c49e3 MitID session validated customer_id=C28095786
2026-03-03T11:11:11.863+01:00 INFO customer-service host=customer-service-a41e92-t6zvn corrId=c-c66d86ba641c49e3 KYC profile loaded customer_id=C28095786 risk_class=HIGH
2026-03-03T11:11:11.946+01:00 INFO valuation-service host=valuation-service-7c9d5b-x2k4p corrId=c-c66d86ba641c49e3 property valuation requested property_id=P4685354 provider=valuta-ejd
2026-03-03T11:11:12.413+01:00 INFO valuation-service host=valuation-service-7c9d5b-x2k4p corrId=c-c66d86ba641c49e3 property valuation received property_id=P4685354 value_dkk=7810000 latency_ms=457
2026-03-03T11:11:12.509+01:00 INFO credit-service host=credit-service-5b8f6c-p9qmz corrId=c-c66d86ba641c49e3 credit assessment completed application_id=APP-2026-964437 score=789 decision=APPROVED
2026-03-03T11:11:12.598+01:00 INFO offer-service host=offer-service-7c9d5b-t6zvn corrId=c-c66d86ba641c49e3 loan offer generated application_id=APP-2026-964437 loan_type=FLEX_5Y principal_dkk=3785000
2026-03-03T11:11:12.617+01:00 INFO document-service host=document-service-5b8f6c-p9qmz corrId=c-c66d86ba641c49e3 offer document stored application_id=APP-2026-964437 doc_id=DOC-c850e41d
2026-03-03T11:11:12.638+01:00 INFO portal-bff host=portal-bff-7c9d5b-x2k4p corrId=c-c66d86ba641c49e3 application completed application_id=APP-2026-964437 status=OFFER_ISSUED
2026-03-03T11:13:08.319+01:00 INFO portal-bff host=portal-bff-5b8f6c-p9qmz corrId=c-65445d28b12d37e9 loan application submitted application_id=APP-2026-876239 customer_segment=RETAIL
2026-03-03T11:13:08.338+01:00 INFO identity-service host=identity-service-7c9d5b-x2k4p corrId=c-65445d28b12d37e9 MitID session validated customer_id=C55192052
2026-03-03T11:13:08.389+01:00 INFO customer-service host=customer-service-7c9d5b-p9qmz corrId=c-65445d28b12d37e9 KYC profile loaded customer_id=C55192052 risk_class=MEDIUM
2026-03-03T11:13:08.430+01:00 INFO valuation-service host=valuation-service-5b8f6c-t6zvn corrId=c-65445d28b12d37e9 property valuation requested property_id=P2113476 provider=bolig-vurdering
2026-03-03T11:13:08.797+01:00 INFO valuation-service host=valuation-service-a41e92-x2k4p corrId=c-65445d28b12d37e9 property valuation received property_id=P2113476 value_dkk=1430000 latency_ms=228
2026-03-03T11:13:08.877+01:00 INFO credit-service host=credit-service-5b8f6c-p9qmz corrId=c-65445d28b12d37e9 credit assessment completed application_id=APP-2026-876239 score=663 decision=APPROVED
2026-03-03T11:13:08.933+01:00 INFO offer-service host=offer-service-5b8f6c-p9qmz corrId=c-65445d28b12d37e9 loan offer generated application_id=APP-2026-876239 loan_type=FIXED_20Y_IO principal_dkk=475000
2026-03-03T11:13:09.070+01:00 INFO document-service host=document-service-a41e92-p9qmz corrId=c-65445d28b12d37e9 offer document stored application_id=APP-2026-876239 doc_id=DOC-c95fdc09
2026-03-03T11:13:09.120+01:00 INFO portal-bff host=portal-bff-7c9d5b-x2k4p corrId=c-65445d28b12d37e9 application completed application_id=APP-2026-876239 status=OFFER_ISSUED
2026-03-03T11:15:00.185+01:00 INFO api-gateway host=api-gateway-5b8f6c-p9qmz corrId=- health probe ok status=200 latency_ms=9
2026-03-03T11:15:36.514+01:00 INFO portal-bff host=portal-bff-a41e92-x2k4p corrId=c-2253ca9d008af373 loan application submitted application_id=APP-2026-495074 customer_segment=RETAIL
2026-03-03T11:15:36.527+01:00 INFO identity-service host=identity-service-5b8f6c-x2k4p corrId=c-2253ca9d008af373 MitID session validated customer_id=C44620939
2026-03-03T11:15:36.650+01:00 INFO customer-service host=customer-service-7c9d5b-p9qmz corrId=c-2253ca9d008af373 KYC profile loaded customer_id=C44620939 risk_class=HIGH
2026-03-03T11:15:36.784+01:00 INFO valuation-service host=valuation-service-a41e92-t6zvn corrId=c-2253ca9d008af373 property valuation requested property_id=P5959768 provider=valuta-ejd
2026-03-03T11:15:37.805+01:00 INFO valuation-service host=valuation-service-5b8f6c-p9qmz corrId=c-2253ca9d008af373 property valuation received property_id=P5959768 value_dkk=3570000 latency_ms=905
2026-03-03T11:15:37.855+01:00 INFO credit-service host=credit-service-7c9d5b-p9qmz corrId=c-2253ca9d008af373 credit assessment completed application_id=APP-2026-495074 score=661 decision=APPROVED
2026-03-03T11:15:37.877+01:00 INFO offer-service host=offer-service-a41e92-p9qmz corrId=c-2253ca9d008af373 loan offer generated application_id=APP-2026-495074 loan_type=FIXED_30Y principal_dkk=2345000
2026-03-03T11:15:37.947+01:00 INFO document-service host=document-service-a41e92-t6zvn corrId=c-2253ca9d008af373 offer document stored application_id=APP-2026-495074 doc_id=DOC-55715606
2026-03-03T11:15:38.086+01:00 INFO portal-bff host=portal-bff-7c9d5b-t6zvn corrId=c-2253ca9d008af373 application completed application_id=APP-2026-495074 status=OFFER_ISSUED
2026-03-03T11:16:48.178+01:00 INFO portal-bff host=portal-bff-7c9d5b-p9qmz corrId=c-6193be44ea2f99f7 loan application submitted application_id=APP-2026-357658 customer_segment=PRIVATE
2026-03-03T11:16:48.262+01:00 INFO identity-service host=identity-service-7c9d5b-x2k4p corrId=c-6193be44ea2f99f7 MitID session validated customer_id=C67370056
2026-03-03T11:16:48.358+01:00 INFO customer-service host=customer-service-a41e92-x2k4p corrId=c-6193be44ea2f99f7 KYC profile loaded customer_id=C67370056 risk_class=MEDIUM
2026-03-03T11:16:48.431+01:00 INFO valuation-service host=valuation-service-a41e92-x2k4p corrId=c-6193be44ea2f99f7 property valuation requested property_id=P5560937 provider=bolig-vurdering
2026-03-03T11:16:49.170+01:00 INFO valuation-service host=valuation-service-5b8f6c-t6zvn corrId=c-6193be44ea2f99f7 property valuation received property_id=P5560937 value_dkk=7000000 latency_ms=644
2026-03-03T11:16:49.248+01:00 INFO credit-service host=credit-service-5b8f6c-x2k4p corrId=c-6193be44ea2f99f7 credit assessment completed application_id=APP-2026-357658 score=683 decision=APPROVED
2026-03-03T11:16:49.327+01:00 INFO offer-service host=offer-service-a41e92-p9qmz corrId=c-6193be44ea2f99f7 loan offer generated application_id=APP-2026-357658 loan_type=FLEX_5Y principal_dkk=2490000
2026-03-03T11:16:49.424+01:00 INFO document-service host=document-service-7c9d5b-p9qmz corrId=c-6193be44ea2f99f7 offer document stored application_id=APP-2026-357658 doc_id=DOC-c6bf3b0b
2026-03-03T11:16:49.523+01:00 INFO portal-bff host=portal-bff-7c9d5b-p9qmz corrId=c-6193be44ea2f99f7 application completed application_id=APP-2026-357658 status=OFFER_ISSUED
2026-03-03T11:19:15.607+01:00 INFO portal-bff host=portal-bff-5b8f6c-p9qmz corrId=c-ee5d4513c437c85e loan application submitted application_id=APP-2026-926189 customer_segment=SME
2026-03-03T11:19:15.699+01:00 INFO identity-service host=identity-service-a41e92-p9qmz corrId=c-ee5d4513c437c85e MitID session validated customer_id=C93876386
2026-03-03T11:19:15.809+01:00 INFO customer-service host=customer-service-7c9d5b-x2k4p corrId=c-ee5d4513c437c85e KYC profile loaded customer_id=C93876386 risk_class=LOW
2026-03-03T11:19:15.861+01:00 INFO valuation-service host=valuation-service-7c9d5b-x2k4p corrId=c-ee5d4513c437c85e property valuation requested property_id=P3713766 provider=bolig-vurdering
2026-03-03T11:19:16.435+01:00 INFO valuation-service host=valuation-service-a41e92-x2k4p corrId=c-ee5d4513c437c85e property valuation received property_id=P3713766 value_dkk=800000 latency_ms=524
2026-03-03T11:19:16.569+01:00 INFO credit-service host=credit-service-a41e92-t6zvn corrId=c-ee5d4513c437c85e credit assessment completed application_id=APP-2026-926189 score=578 decision=APPROVED
2026-03-03T11:19:16.605+01:00 INFO offer-service host=offer-service-7c9d5b-t6zvn corrId=c-ee5d4513c437c85e loan offer generated application_id=APP-2026-926189 loan_type=FLEX_1Y principal_dkk=795000
2026-03-03T11:19:16.659+01:00 INFO document-service host=document-service-7c9d5b-t6zvn corrId=c-ee5d4513c437c85e offer document stored application_id=APP-2026-926189 doc_id=DOC-6b0bbca1
2026-03-03T11:19:16.673+01:00 INFO portal-bff host=portal-bff-7c9d5b-t6zvn corrId=c-ee5d4513c437c85e application completed application_id=APP-2026-926189 status=OFFER_ISSUED
2026-03-03T11:20:00.057+01:00 INFO payment-scheduler host=payment-scheduler-a41e92-p9qmz corrId=- scheduler heartbeat lag_ms=98
2026-03-03T11:20:00.415+01:00 INFO api-gateway host=api-gateway-7c9d5b-t6zvn corrId=- health probe ok status=200 latency_ms=27
2026-03-03T11:23:24.743+01:00 INFO portal-bff host=portal-bff-7c9d5b-p9qmz corrId=c-6c00a8ca2a6e1f21 conversion quote requested loan_id=LN755233767 target_product=FLEX_1Y
2026-03-03T11:23:24.868+01:00 INFO identity-service host=identity-service-5b8f6c-p9qmz corrId=c-6c00a8ca2a6e1f21 MitID session validated customer_id=C51128433
2026-03-03T11:23:24.963+01:00 INFO pricing-service host=pricing-service-5b8f6c-p9qmz corrId=c-6c00a8ca2a6e1f21 bond price fetched series=BND4.0-2053 price=99.795
2026-03-03T11:23:25.066+01:00 INFO pricing-service host=pricing-service-5b8f6c-x2k4p corrId=c-6c00a8ca2a6e1f21 conversion cost calculated loan_id=LN755233767 cost_dkk=30263.73
2026-03-03T11:23:25.166+01:00 INFO quote-service host=quote-service-7c9d5b-p9qmz corrId=c-6c00a8ca2a6e1f21 conversion quote issued quote_id=Q59700057 loan_id=LN755233767
2026-03-03T11:24:14.662+01:00 INFO portal-bff host=portal-bff-a41e92-p9qmz corrId=c-6febdf571f0d9abb conversion quote requested loan_id=LN979637577 target_product=FIXED_30Y
2026-03-03T11:24:14.798+01:00 INFO identity-service host=identity-service-a41e92-x2k4p corrId=c-6febdf571f0d9abb MitID session validated customer_id=C33931110
2026-03-03T11:24:14.932+01:00 INFO pricing-service host=pricing-service-5b8f6c-t6zvn corrId=c-6febdf571f0d9abb bond price fetched series=BND3.0-2053 price=96.390
2026-03-03T11:24:14.963+01:00 INFO pricing-service host=pricing-service-7c9d5b-p9qmz corrId=c-6febdf571f0d9abb conversion cost calculated loan_id=LN979637577 cost_dkk=22205.62
2026-03-03T11:24:15.000+01:00 INFO quote-service host=quote-service-5b8f6c-x2k4p corrId=c-6febdf571f0d9abb conversion quote issued quote_id=Q62346662 loan_id=LN979637577
2026-03-03T11:25:00.423+01:00 INFO api-gateway host=api-gateway-5b8f6c-p9qmz corrId=- health probe ok status=200 latency_ms=21
2026-03-03T11:26:45.121+01:00 INFO portal-bff host=portal-bff-7c9d5b-p9qmz corrId=c-55b8f6ebe0d1ee0e loan application submitted application_id=APP-2026-289048 customer_segment=SME
2026-03-03T11:26:45.142+01:00 WARN identity-service host=identity-service-7c9d5b-p9qmz corrId=c-55b8f6ebe0d1ee0e MitID token refresh attempt=1
2026-03-03T11:26:45.277+01:00 INFO identity-service host=identity-service-5b8f6c-x2k4p corrId=c-55b8f6ebe0d1ee0e MitID session validated customer_id=C94909762
2026-03-03T11:26:45.306+01:00 INFO customer-service host=customer-service-5b8f6c-p9qmz corrId=c-55b8f6ebe0d1ee0e KYC profile loaded customer_id=C94909762 risk_class=LOW
2026-03-03T11:26:45.434+01:00 INFO valuation-service host=valuation-service-7c9d5b-x2k4p corrId=c-55b8f6ebe0d1ee0e property valuation requested property_id=P9308578 provider=bolig-vurdering
2026-03-03T11:26:46.300+01:00 INFO valuation-service host=valuation-service-5b8f6c-t6zvn corrId=c-55b8f6ebe0d1ee0e property valuation received property_id=P9308578 value_dkk=6680000 latency_ms=840
2026-03-03T11:26:46.360+01:00 INFO credit-service host=credit-service-a41e92-x2k4p corrId=c-55b8f6ebe0d1ee0e credit assessment completed application_id=APP-2026-289048 score=789 decision=APPROVED
2026-03-03T11:26:46.446+01:00 INFO offer-service host=offer-service-7c9d5b-x2k4p corrId=c-55b8f6ebe0d1ee0e loan offer generated application_id=APP-2026-289048 loan_type=FLEX_5Y principal_dkk=1740000
2026-03-03T11:26:46.548+01:00 INFO document-service host=document-service-a41e92-t6zvn corrId=c-55b8f6ebe0d1ee0e offer document stored application_id=APP-2026-289048 doc_id=DOC-8e46c638
2026-03-03T11:26:46.563+01:00 INFO portal-bff host=portal-bff-a41e92-t6zvn corrId=c-55b8f6ebe0d1ee0e application completed application_id=APP-2026-289048 status=OFFER_ISSUED
2026-03-03T11:26:52.483+01:00 INFO portal-bff host=portal-bff-5b8f6c-x2k4p corrId=c-adad52d1ee4a96ea loan application submitted application_id=APP-2026-625872 customer_segment=RETAIL
2026-03-03T11:26:52.612+01:00 INFO identity-service host=identity-service-7c9d5b-p9qmz corrId=c-adad52d1ee4a96ea MitID session validated customer_id=C89754158
2026-03-03T11:26:52.688+01:00 INFO customer-service host=customer-service-a41e92-t6zvn corrId=c-adad52d1ee4a96ea KYC profile loaded customer_id=C89754158 risk_class=MEDIUM
2026-03-03T11:26:52.715+01:00 INFO valuation-service host=valuation-service-a41e92-t6zvn corrId=c-adad52d1ee4a96ea property valuation requested property_id=P5267393 provider=valuta-ejd
2026-03-03T11:26:53.469+01:00 INFO valuation-service host=valuation-service-7c9d5b-x2k4p corrId=c-adad52d1ee4a96ea property valuation received property_id=P5267393 value_dkk=8560000 latency_ms=651
2026-03-03T11:26:53.503+01:00 INFO credit-service host=credit-service-7c9d5b-p9qmz corrId=c-adad52d1ee4a96ea credit assessment completed application_id=APP-2026-625872 score=619 decision=APPROVED
2026-03-03T11:26:53.581+01:00 INFO offer-service host=offer-service-5b8f6c-x2k4p corrId=c-adad52d1ee4a96ea loan offer generated application_id=APP-2026-625872 loan_type=FLEX_1Y principal_dkk=3770000
2026-03-03T11:26:53.619+01:00 INFO document-service host=document-service-7c9d5b-x2k4p corrId=c-adad52d1ee4a96ea offer document stored application_id=APP-2026-625872 doc_id=DOC-a3c77a08
2026-03-03T11:26:53.703+01:00 INFO portal-bff host=portal-bff-5b8f6c-t6zvn corrId=c-adad52d1ee4a96ea application completed application_id=APP-2026-625872 status=OFFER_ISSUED
2026-03-03T11:27:15.937+01:00 INFO portal-bff host=portal-bff-a41e92-p9qmz corrId=c-b577a3b1030d94cd loan application submitted application_id=APP-2026-739208 customer_segment=RETAIL
2026-03-03T11:27:15.953+01:00 INFO identity-service host=identity-service-7c9d5b-p9qmz corrId=c-b577a3b1030d94cd MitID session validated customer_id=C37093579
2026-03-03T11:27:15.972+01:00 INFO customer-service host=customer-service-7c9d5b-p9qmz corrId=c-b577a3b1030d94cd KYC profile loaded customer_id=C37093579 risk_class=HIGH
2026-03-03T11:27:16.042+01:00 INFO valuation-service host=valuation-service-a41e92-p9qmz corrId=c-b577a3b1030d94cd property valuation requested property_id=P9510912 provider=bolig-vurdering
2026-03-03T11:27:16.548+01:00 INFO valuation-service host=valuation-service-7c9d5b-p9qmz corrId=c-b577a3b1030d94cd property valuation received property_id=P9510912 value_dkk=620000 latency_ms=492
2026-03-03T11:27:16.678+01:00 INFO credit-service host=credit-service-5b8f6c-x2k4p corrId=c-b577a3b1030d94cd credit assessment completed application_id=APP-2026-739208 score=491 decision=APPROVED
2026-03-03T11:27:16.809+01:00 INFO offer-service host=offer-service-5b8f6c-p9qmz corrId=c-b577a3b1030d94cd loan offer generated application_id=APP-2026-739208 loan_type=FIXED_20Y_IO principal_dkk=2115000
2026-03-03T11:27:16.824+01:00 INFO document-service host=document-service-5b8f6c-t6zvn corrId=c-b577a3b1030d94cd offer document stored application_id=APP-2026-739208 doc_id=DOC-510a5f1d
2026-03-03T11:27:16.839+01:00 INFO portal-bff host=portal-bff-5b8f6c-t6zvn corrId=c-b577a3b1030d94cd application completed application_id=APP-2026-739208 status=OFFER_ISSUED
2026-03-03T11:28:52.730+01:00 INFO portal-bff host=portal-bff-a41e92-x2k4p corrId=c-044c54ef0dd6b748 conversion quote requested loan_id=LN480861974 target_product=FIXED_30Y
2026-03-03T11:28:52.832+01:00 INFO identity-service host=identity-service-5b8f6c-t6zvn corrId=c-044c54ef0dd6b748 MitID session validated customer_id=C29072022
2026-03-03T11:28:52.853+01:00 INFO pricing-service host=pricing-service-a41e92-t6zvn corrId=c-044c54ef0dd6b748 bond price fetched series=BND2.5-2053 price=91.938
2026-03-03T11:28:52.966+01:00 INFO pricing-service host=pricing-service-5b8f6c-x2k4p corrId=c-044c54ef0dd6b748 conversion cost calculated loan_id=LN480861974 cost_dkk=74259.70
2026-03-03T11:28:53.082+01:00 INFO quote-service host=quote-service-7c9d5b-x2k4p corrId=c-044c54ef0dd6b748 conversion quote issued quote_id=Q19691830 loan_id=LN480861974
2026-03-03T11:29:40.954+01:00 INFO portal-bff host=portal-bff-5b8f6c-p9qmz corrId=c-a8d5f6367d753826 loan application submitted application_id=APP-2026-799449 customer_segment=RETAIL
2026-03-03T11:29:41.067+01:00 INFO identity-service host=identity-service-7c9d5b-t6zvn corrId=c-a8d5f6367d753826 MitID session validated customer_id=C62117094
2026-03-03T11:29:41.146+01:00 INFO customer-service host=customer-service-7c9d5b-t6zvn corrId=c-a8d5f6367d753826 KYC profile loaded customer_id=C62117094 risk_class=LOW
2026-03-03T11:29:41.250+01:00 INFO valuation-service host=valuation-service-7c9d5b-x2k4p corrId=c-a8d5f6367d753826 property valuation served from cache property_id=P7514103 value_dkk=5760000
2026-03-03T11:29:41.311+01:00 INFO credit-service host=credit-service-5b8f6c-x2k4p corrId=c-a8d5f6367d753826 credit assessment completed application_id=APP-2026-799449 score=657 decision=APPROVED
2026-03-03T11:29:41.338+01:00 INFO offer-service host=offer-service-a41e92-p9qmz corrId=c-a8d5f6367d753826 loan offer generated application_id=APP-2026-799449 loan_type=FLEX_5Y principal_dkk=1320000
2026-03-03T11:29:41.380+01:00 INFO document-service host=document-service-a41e92-x2k4p corrId=c-a8d5f6367d753826 offer document stored application_id=APP-2026-799449 doc_id=DOC-e85ab537
2026-03-03T11:29:41.443+01:00 INFO portal-bff host=portal-bff-a41e92-t6zvn corrId=c-a8d5f6367d753826 application completed application_id=APP-2026-799449 status=OFFER_ISSUED
2026-03-03T11:30:00.013+01:00 INFO payment-scheduler host=payment-scheduler-a41e92-x2k4p corrId=- scheduler heartbeat lag_ms=55
2026-03-03T11:30:00.526+01:00 INFO api-gateway host=api-gateway-7c9d5b-x2k4p corrId=- health probe ok status=200 latency_ms=35
2026-03-03T11:33:23.360+01:00 INFO offer-service host=offer-service-a41e92-t6zvn corrId=c-f42d8029a91b98ef offer accepted application_id=APP-2026-341028
2026-03-03T11:33:23.452+01:00 INFO ledger-service host=ledger-service-a41e92-t6zvn corrId=c-f42d8029a91b98ef funds reserved application_id=APP-2026-341028 amount_dkk=520000
2026-03-03T11:33:23.514+01:00 INFO payment-service host=payment-service-a41e92-x2k4p corrId=c-f42d8029a91b98ef payout instruction sent application_id=APP-2026-341028 amount_dkk=520000
2026-03-03T11:33:23.603+01:00 INFO ledger-service host=ledger-service-a41e92-t6zvn corrId=c-f42d8029a91b98ef payout booked application_id=APP-2026-341028 posting_id=PST-62e4cf236b
2026-03-03T11:33:23.710+01:00 INFO notification-service host=notification-service-a41e92-x2k4p corrId=c-f42d8029a91b98ef payout confirmation sent application_id=APP-2026-341028
2026-03-03T11:33:24.263+01:00 INFO portal-bff host=portal-bff-5b8f6c-x2k4p corrId=c-db46cf5694ab75fc loan application submitted application_id=APP-2026-278237 customer_segment=RETAIL
2026-03-03T11:33:24.393+01:00 INFO identity-service host=identity-service-5b8f6c-p9qmz corrId=c-db46cf5694ab75fc MitID session validated customer_id=C43410446
2026-03-03T11:33:24.438+01:00 INFO customer-service host=customer-service-5b8f6c-p9qmz corrId=c-db46cf5694ab75fc KYC profile loaded customer_id=C43410446 risk_class=LOW
2026-03-03T11:33:24.501+01:00 INFO valuation-service host=valuation-service-5b8f6c-p9qmz corrId=c-db46cf5694ab75fc property valuation requested property_id=P8495715 provider=valuta-ejd
2026-03-03T11:33:25.320+01:00 INFO valuation-service host=valuation-service-a41e92-x2k4p corrId=c-db46cf5694ab75fc property valuation received property_id=P8495715 value_dkk=1670000 latency_ms=773
2026-03-03T11:33:25.408+01:00 INFO credit-service host=credit-service-7c9d5b-p9qmz corrId=c-db46cf5694ab75fc credit assessment completed application_id=APP-2026-278237 score=461 decision=APPROVED
2026-03-03T11:33:25.512+01:00 INFO offer-service host=offer-service-a41e92-p9qmz corrId=c-db46cf5694ab75fc loan offer generated application_id=APP-2026-278237 loan_type=FIXED_20Y_IO principal_dkk=3225000
2026-03-03T11:33:25.571+01:00 INFO document-service host=document-service-a41e92-x2k4p corrId=c-db46cf5694ab75fc offer document stored application_id=APP-2026-278237 doc_id=DOC-0f5ae6be
2026-03-03T11:33:25.644+01:00 INFO portal-bff host=portal-bff-7c9d5b-x2k4p corrId=c-db46cf5694ab75fc application completed application_id=APP-2026-278237 status=OFFER_ISSUED
2026-03-03T11:33:28.854+01:00 INFO offer-service host=offer-service-5b8f6c-x2k4p corrId=c-256f2a717614125f offer accepted application_id=APP-2026-888397
2026-03-03T11:33:28.890+01:00 INFO ledger-service host=ledger-service-7c9d5b-t6zvn corrId=c-256f2a717614125f funds reserved application_id=APP-2026-888397 amount_dkk=585000
2026-03-03T11:33:28.941+01:00 INFO payment-service host=payment-service-a41e92-p9qmz corrId=c-256f2a717614125f payout instruction sent application_id=APP-2026-888397 amount_dkk=585000
2026-03-03T11:33:29.055+01:00 INFO ledger-service host=ledger-service-a41e92-p9qmz corrId=c-256f2a717614125f payout booked application_id=APP-2026-888397 posting_id=PST-879d287c4f
2026-03-03T11:33:29.138+01:00 INFO notification-service host=notification-service-7c9d5b-t6zvn corrId=c-256f2a717614125f payout confirmation sent application_id=APP-2026-888397
2026-03-03T11:35:00.559+01:00 INFO api-gateway host=api-gateway-5b8f6c-p9qmz corrId=- health probe ok status=200 latency_ms=26
2026-03-03T11:40:00.144+01:00 INFO payment-scheduler host=payment-scheduler-5b8f6c-p9qmz corrId=- scheduler heartbeat lag_ms=106
2026-03-03T11:40:00.387+01:00 INFO api-gateway host=api-gateway-a41e92-p9qmz corrId=- health probe ok status=200 latency_ms=40
2026-03-03T11:42:30.033+01:00 INFO portal-bff host=portal-bff-5b8f6c-x2k4p corrId=c-ecbec6a073f1d82e conversion quote requested loan_id=LN872215354 target_product=FLEX_1Y
2026-03-03T11:42:30.044+01:00 INFO identity-service host=identity-service-7c9d5b-p9qmz corrId=c-ecbec6a073f1d82e MitID session validated customer_id=C41544105
2026-03-03T11:42:30.065+01:00 INFO pricing-service host=pricing-service-5b8f6c-x2k4p corrId=c-ecbec6a073f1d82e bond price fetched series=BND2.5-2053 price=100.312
2026-03-03T11:42:30.195+01:00 INFO pricing-service host=pricing-service-5b8f6c-t6zvn corrId=c-ecbec6a073f1d82e conversion cost calculated loan_id=LN872215354 cost_dkk=11181.32
2026-03-03T11:42:30.274+01:00 INFO quote-service host=quote-service-7c9d5b-p9qmz corrId=c-ecbec6a073f1d82e conversion quote issued quote_id=Q17836509 loan_id=LN872215354
2026-03-03T11:42:36.964+01:00 INFO portal-bff host=portal-bff-7c9d5b-p9qmz corrId=c-52ed4d4e6b337d5a loan application submitted application_id=APP-2026-888727 customer_segment=SME
2026-03-03T11:42:37.103+01:00 INFO identity-service host=identity-service-5b8f6c-p9qmz corrId=c-52ed4d4e6b337d5a MitID session validated customer_id=C76858827
2026-03-03T11:42:37.129+01:00 INFO customer-service host=customer-service-7c9d5b-t6zvn corrId=c-52ed4d4e6b337d5a KYC profile loaded customer_id=C76858827 risk_class=HIGH
2026-03-03T11:42:37.238+01:00 INFO valuation-service host=valuation-service-a41e92-x2k4p corrId=c-52ed4d4e6b337d5a property valuation requested property_id=P6963941 provider=valuta-ejd
2026-03-03T11:42:38.237+01:00 INFO valuation-service host=valuation-service-5b8f6c-t6zvn corrId=c-52ed4d4e6b337d5a property valuation received property_id=P6963941 value_dkk=5880000 latency_ms=921
2026-03-03T11:42:38.296+01:00 INFO credit-service host=credit-service-5b8f6c-x2k4p corrId=c-52ed4d4e6b337d5a credit assessment completed application_id=APP-2026-888727 score=500 decision=APPROVED
2026-03-03T11:42:38.315+01:00 INFO offer-service host=offer-service-5b8f6c-p9qmz corrId=c-52ed4d4e6b337d5a loan offer generated application_id=APP-2026-888727 loan_type=FIXED_20Y_IO principal_dkk=5140000
2026-03-03T11:42:38.428+01:00 INFO document-service host=document-service-a41e92-t6zvn corrId=c-52ed4d4e6b337d5a offer document stored application_id=APP-2026-888727 doc_id=DOC-93bf33dd
2026-03-03T11:42:38.438+01:00 INFO portal-bff host=portal-bff-7c9d5b-t6zvn corrId=c-52ed4d4e6b337d5a application completed application_id=APP-2026-888727 status=OFFER_ISSUED
2026-03-03T11:43:46.447+01:00 INFO portal-bff host=portal-bff-5b8f6c-x2k4p corrId=c-1221cb1497371513 conversion quote requested loan_id=LN030712178 target_product=FIXED_30Y
2026-03-03T11:43:46.457+01:00 INFO identity-service host=identity-service-a41e92-p9qmz corrId=c-1221cb1497371513 MitID session validated customer_id=C85002676
2026-03-03T11:43:46.597+01:00 INFO pricing-service host=pricing-service-5b8f6c-p9qmz corrId=c-1221cb1497371513 bond price fetched series=BND2.5-2053 price=100.426
2026-03-03T11:43:46.666+01:00 INFO pricing-service host=pricing-service-a41e92-x2k4p corrId=c-1221cb1497371513 conversion cost calculated loan_id=LN030712178 cost_dkk=30189.16
2026-03-03T11:43:46.714+01:00 INFO quote-service host=quote-service-7c9d5b-t6zvn corrId=c-1221cb1497371513 conversion quote issued quote_id=Q48592916 loan_id=LN030712178
2026-03-03T11:45:00.248+01:00 INFO api-gateway host=api-gateway-7c9d5b-t6zvn corrId=- health probe ok status=200 latency_ms=30
2026-03-03T11:45:39.917+01:00 INFO offer-service host=offer-service-a41e92-p9qmz corrId=c-e16be5f1effee235 offer accepted application_id=APP-2026-054550
2026-03-03T11:45:39.966+01:00 INFO ledger-service host=ledger-service-a41e92-t6zvn corrId=c-e16be5f1effee235 funds reserved application_id=APP-2026-054550 amount_dkk=835000
2026-03-03T11:45:40.017+01:00 INFO payment-service host=payment-service-7c9d5b-t6zvn corrId=c-e16be5f1effee235 payout instruction sent application_id=APP-2026-054550 amount_dkk=835000
2026-03-03T11:45:40.033+01:00 INFO ledger-service host=ledger-service-7c9d5b-x2k4p corrId=c-e16be5f1effee235 payout booked application_id=APP-2026-054550 posting_id=PST-e84821c88c
2026-03-03T11:45:40.116+01:00 INFO notification-service host=notification-service-7c9d5b-t6zvn corrId=c-e16be5f1effee235 payout confirmation sent application_id=APP-2026-054550
2026-03-03T11:46:06.664+01:00 INFO offer-service host=offer-service-7c9d5b-p9qmz corrId=c-41150b28a74e808c offer accepted application_id=APP-2026-946884
2026-03-03T11:46:06.727+01:00 INFO ledger-service host=ledger-service-a41e92-x2k4p corrId=c-41150b28a74e808c funds reserved application_id=APP-2026-946884 amount_dkk=4465000
2026-03-03T11:46:06.781+01:00 INFO payment-service host=payment-service-7c9d5b-p9qmz corrId=c-41150b28a74e808c payout instruction sent application_id=APP-2026-946884 amount_dkk=4465000
2026-03-03T11:46:06.787+01:00 INFO ledger-service host=ledger-service-5b8f6c-p9qmz corrId=c-41150b28a74e808c payout booked application_id=APP-2026-946884 posting_id=PST-c430215f57
2026-03-03T11:46:06.808+01:00 INFO notification-service host=notification-service-7c9d5b-t6zvn corrId=c-41150b28a74e808c payout confirmation sent application_id=APP-2026-946884
2026-03-03T11:50:00.104+01:00 INFO payment-scheduler host=payment-scheduler-a41e92-t6zvn corrId=- scheduler heartbeat lag_ms=102
2026-03-03T11:50:00.335+01:00 INFO api-gateway host=api-gateway-5b8f6c-t6zvn corrId=- health probe ok status=200 latency_ms=17
2026-03-03T11:50:28.840+01:00 INFO offer-service host=offer-service-5b8f6c-p9qmz corrId=c-934feff40a7e2e60 offer accepted application_id=APP-2026-975888
2026-03-03T11:50:28.901+01:00 INFO ledger-service host=ledger-service-7c9d5b-t6zvn corrId=c-934feff40a7e2e60 funds reserved application_id=APP-2026-975888 amount_dkk=4705000
2026-03-03T11:50:29.030+01:00 INFO payment-service host=payment-service-a41e92-p9qmz corrId=c-934feff40a7e2e60 payout instruction sent application_id=APP-2026-975888 amount_dkk=4705000
2026-03-03T11:50:29.035+01:00 INFO ledger-service host=ledger-service-a41e92-t6zvn corrId=c-934feff40a7e2e60 payout booked application_id=APP-2026-975888 posting_id=PST-982ed7084f
2026-03-03T11:50:29.082+01:00 INFO notification-service host=notification-service-7c9d5b-t6zvn corrId=c-934feff40a7e2e60 payout confirmation sent application_id=APP-2026-975888
2026-03-03T11:55:00.884+01:00 INFO api-gateway host=api-gateway-7c9d5b-x2k4p corrId=- health probe ok status=200 latency_ms=10
2026-03-03T11:56:19.853+01:00 INFO portal-bff host=portal-bff-7c9d5b-x2k4p corrId=c-b11adf868964a77f loan application submitted application_id=APP-2026-422501 customer_segment=PRIVATE
2026-03-03T11:56:19.886+01:00 INFO identity-service host=identity-service-5b8f6c-t6zvn corrId=c-b11adf868964a77f MitID session validated customer_id=C38778443
2026-03-03T11:56:19.972+01:00 INFO customer-service host=customer-service-a41e92-x2k4p corrId=c-b11adf868964a77f KYC profile loaded customer_id=C38778443 risk_class=LOW
2026-03-03T11:56:20.071+01:00 INFO valuation-service host=valuation-service-7c9d5b-x2k4p corrId=c-b11adf868964a77f property valuation served from cache property_id=P9379349 value_dkk=2460000
2026-03-03T11:56:20.090+01:00 INFO credit-service host=credit-service-7c9d5b-p9qmz corrId=c-b11adf868964a77f credit assessment completed application_id=APP-2026-422501 score=676 decision=APPROVED
2026-03-03T11:56:20.115+01:00 INFO offer-service host=offer-service-7c9d5b-x2k4p corrId=c-b11adf868964a77f loan offer generated application_id=APP-2026-422501 loan_type=FIXED_30Y principal_dkk=1715000
2026-03-03T11:56:20.247+01:00 INFO document-service host=document-service-a41e92-t6zvn corrId=c-b11adf868964a77f offer document stored application_id=APP-2026-422501 doc_id=DOC-eb0216f1
2026-03-03T11:56:20.300+01:00 INFO portal-bff host=portal-bff-a41e92-x2k4p corrId=c-b11adf868964a77f application completed application_id=APP-2026-422501 status=OFFER_ISSUED
2026-03-03T11:57:25.949+01:00 INFO portal-bff host=portal-bff-a41e92-p9qmz corrId=c-608145ae78688631 conversion quote requested loan_id=LN312541161 target_product=FIXED_30Y
2026-03-03T11:57:26.006+01:00 INFO identity-service host=identity-service-a41e92-p9qmz corrId=c-608145ae78688631 MitID session validated customer_id=C53398624
2026-03-03T11:57:26.104+01:00 INFO pricing-service host=pricing-service-5b8f6c-x2k4p corrId=c-608145ae78688631 bond price fetched series=BND4.0-2056 price=93.186
2026-03-03T11:57:26.113+01:00 INFO pricing-service host=pricing-service-a41e92-t6zvn corrId=c-608145ae78688631 conversion cost calculated loan_id=LN312541161 cost_dkk=55603.89
2026-03-03T11:57:26.197+01:00 INFO quote-service host=quote-service-5b8f6c-p9qmz corrId=c-608145ae78688631 conversion quote issued quote_id=Q16156423 loan_id=LN312541161
2026-03-03T11:57:43.238+01:00 INFO portal-bff host=portal-bff-7c9d5b-x2k4p corrId=c-f8106d93b7f72a84 loan application submitted application_id=APP-2026-590060 customer_segment=SME
2026-03-03T11:57:43.289+01:00 INFO identity-service host=identity-service-5b8f6c-t6zvn corrId=c-f8106d93b7f72a84 MitID session validated customer_id=C81433317
2026-03-03T11:57:43.360+01:00 INFO customer-service host=customer-service-5b8f6c-p9qmz corrId=c-f8106d93b7f72a84 KYC profile loaded customer_id=C81433317 risk_class=MEDIUM
2026-03-03T11:57:43.386+01:00 INFO valuation-service host=valuation-service-a41e92-p9qmz corrId=c-f8106d93b7f72a84 property valuation requested property_id=P9203083 provider=valuta-ejd
2026-03-03T11:57:44.297+01:00 INFO valuation-service host=valuation-service-5b8f6c-p9qmz corrId=c-f8106d93b7f72a84 property valuation received property_id=P9203083 value_dkk=3270000 latency_ms=825
2026-03-03T11:57:44.357+01:00 INFO credit-service host=credit-service-5b8f6c-p9qmz corrId=c-f8106d93b7f72a84 credit assessment completed application_id=APP-2026-590060 score=745 decision=APPROVED
2026-03-03T11:57:44.497+01:00 INFO offer-service host=offer-service-5b8f6c-p9qmz corrId=c-f8106d93b7f72a84 loan offer generated application_id=APP-2026-590060 loan_type=FIXED_30Y principal_dkk=1265000
2026-03-03T11:57:44.562+01:00 INFO document-service host=document-service-a41e92-x2k4p corrId=c-f8106d93b7f72a84 offer document stored application_id=APP-2026-590060 doc_id=DOC-26ba45b8
2026-03-03T11:57:44.628+01:00 INFO portal-bff host=portal-bff-a41e92-x2k4p corrId=c-f8106d93b7f72a84 application completed application_id=APP-2026-590060 status=OFFER_ISSUED
2026-03-03T11:57:59.213+01:00 INFO portal-bff host=portal-bff-7c9d5b-x2k4p corrId=c-37c35c55e7b63784 conversion quote requested loan_id=LN424953252 target_product=FLEX_1Y
2026-03-03T11:57:59.234+01:00 INFO identity-service host=identity-service-5b8f6c-t6zvn corrId=c-37c35c55e7b63784 MitID session validated customer_id=C51517518
2026-03-03T11:57:59.337+01:00 INFO pricing-service host=pricing-service-5b8f6c-t6zvn corrId=c-37c35c55e7b63784 bond price fetched series=BND3.0-2053 price=101.909
2026-03-03T11:57:59.446+01:00 INFO pricing-service host=pricing-service-5b8f6c-t6zvn corrId=c-37c35c55e7b63784 conversion cost calculated loan_id=LN424953252 cost_dkk=78328.83
2026-03-03T11:57:59.486+01:00 INFO quote-service host=quote-service-5b8f6c-p9qmz corrId=c-37c35c55e7b63784 conversion quote issued quote_id=Q08569603 loan_id=LN424953252
2026-03-03T11:58:02.710+01:00 INFO offer-service host=offer-service-5b8f6c-x2k4p corrId=c-f028d25803442d88 offer accepted application_id=APP-2026-230632
2026-03-03T11:58:02.792+01:00 INFO ledger-service host=ledger-service-a41e92-t6zvn corrId=c-f028d25803442d88 funds reserved application_id=APP-2026-230632 amount_dkk=1785000
2026-03-03T11:58:02.921+01:00 INFO payment-service host=payment-service-7c9d5b-x2k4p corrId=c-f028d25803442d88 payout instruction sent application_id=APP-2026-230632 amount_dkk=1785000
2026-03-03T11:58:02.946+01:00 INFO ledger-service host=ledger-service-7c9d5b-t6zvn corrId=c-f028d25803442d88 payout booked application_id=APP-2026-230632 posting_id=PST-4dddfa2f15
2026-03-03T11:58:02.994+01:00 INFO notification-service host=notification-service-7c9d5b-p9qmz corrId=c-f028d25803442d88 payout confirmation sent application_id=APP-2026-230632
2026-03-03T11:58:33.979+01:00 INFO portal-bff host=portal-bff-7c9d5b-p9qmz corrId=c-05838207465da9cc loan application submitted application_id=APP-2026-976231 customer_segment=RETAIL
2026-03-03T11:58:33.996+01:00 INFO identity-service host=identity-service-a41e92-x2k4p corrId=c-05838207465da9cc MitID session validated customer_id=C69822054
2026-03-03T11:58:34.047+01:00 INFO customer-service host=customer-service-a41e92-t6zvn corrId=c-05838207465da9cc KYC profile loaded customer_id=C69822054 risk_class=HIGH
2026-03-03T11:58:34.158+01:00 INFO valuation-service host=valuation-service-7c9d5b-t6zvn corrId=c-05838207465da9cc property valuation requested property_id=P5149507 provider=bolig-vurdering
2026-03-03T11:58:34.883+01:00 INFO valuation-service host=valuation-service-a41e92-t6zvn corrId=c-05838207465da9cc property valuation received property_id=P5149507 value_dkk=5870000 latency_ms=649
2026-03-03T11:58:34.982+01:00 INFO credit-service host=credit-service-a41e92-t6zvn corrId=c-05838207465da9cc credit assessment completed application_id=APP-2026-976231 score=816 decision=APPROVED
2026-03-03T11:58:35.027+01:00 INFO offer-service host=offer-service-7c9d5b-t6zvn corrId=c-05838207465da9cc loan offer generated application_id=APP-2026-976231 loan_type=FLEX_1Y principal_dkk=1750000
2026-03-03T11:58:35.047+01:00 INFO document-service host=document-service-5b8f6c-t6zvn corrId=c-05838207465da9cc offer document stored application_id=APP-2026-976231 doc_id=DOC-31f13d17
2026-03-03T11:58:35.090+01:00 INFO portal-bff host=portal-bff-5b8f6c-t6zvn corrId=c-05838207465da9cc application completed application_id=APP-2026-976231 status=OFFER_ISSUED
2026-03-03T12:00:00.139+01:00 INFO payment-scheduler host=payment-scheduler-a41e92-t6zvn corrId=- scheduler heartbeat lag_ms=77
2026-03-03T12:00:00.671+01:00 INFO api-gateway host=api-gateway-7c9d5b-t6zvn corrId=- health probe ok status=200 latency_ms=19
2026-03-03T12:00:37.000+01:00 INFO config-service host=config-service-7c9d5b-t6zvn corrId=- configuration refreshed version=v135
2026-03-03T12:02:04.481+01:00 INFO offer-service host=offer-service-a41e92-x2k4p corrId=c-9a989d4e20dcec18 offer accepted application_id=APP-2026-159501
2026-03-03T12:02:04.598+01:00 INFO ledger-service host=ledger-service-7c9d5b-x2k4p corrId=c-9a989d4e20dcec18 funds reserved application_id=APP-2026-159501 amount_dkk=1815000
2026-03-03T12:02:04.647+01:00 INFO payment-service host=payment-service-7c9d5b-p9qmz corrId=c-9a989d4e20dcec18 payout instruction sent application_id=APP-2026-159501 amount_dkk=1815000
2026-03-03T12:02:04.741+01:00 INFO ledger-service host=ledger-service-5b8f6c-p9qmz corrId=c-9a989d4e20dcec18 payout booked application_id=APP-2026-159501 posting_id=PST-c2486a234c
2026-03-03T12:02:04.759+01:00 INFO notification-service host=notification-service-a41e92-p9qmz corrId=c-9a989d4e20dcec18 payout confirmation sent application_id=APP-2026-159501
2026-03-03T12:04:01.658+01:00 INFO portal-bff host=portal-bff-5b8f6c-x2k4p corrId=c-1ea842d0d36b13cc loan application submitted application_id=APP-2026-418112 customer_segment=RETAIL
2026-03-03T12:04:01.755+01:00 INFO identity-service host=identity-service-7c9d5b-t6zvn corrId=c-1ea842d0d36b13cc MitID session validated customer_id=C98259884
2026-03-03T12:04:01.856+01:00 INFO customer-service host=customer-service-a41e92-x2k4p corrId=c-1ea842d0d36b13cc KYC profile loaded customer_id=C98259884 risk_class=LOW
2026-03-03T12:04:01.889+01:00 INFO valuation-service host=valuation-service-7c9d5b-x2k4p corrId=c-1ea842d0d36b13cc property valuation served from cache property_id=P0980033 value_dkk=1880000
2026-03-03T12:04:01.949+01:00 INFO credit-service host=credit-service-5b8f6c-t6zvn corrId=c-1ea842d0d36b13cc credit assessment completed application_id=APP-2026-418112 score=822 decision=APPROVED
2026-03-03T12:04:02.008+01:00 INFO offer-service host=offer-service-5b8f6c-t6zvn corrId=c-1ea842d0d36b13cc loan offer generated application_id=APP-2026-418112 loan_type=FIXED_30Y principal_dkk=1555000
2026-03-03T12:04:02.079+01:00 INFO document-service host=document-service-a41e92-p9qmz corrId=c-1ea842d0d36b13cc offer document stored application_id=APP-2026-418112 doc_id=DOC-4b8f793c
2026-03-03T12:04:02.172+01:00 INFO portal-bff host=portal-bff-a41e92-x2k4p corrId=c-1ea842d0d36b13cc application completed application_id=APP-2026-418112 status=OFFER_ISSUED
2026-03-03T12:05:00.127+01:00 INFO api-gateway host=api-gateway-a41e92-x2k4p corrId=- health probe ok status=200 latency_ms=3
2026-03-03T12:07:26.847+01:00 INFO portal-bff host=portal-bff-5b8f6c-p9qmz corrId=c-5b9341f69ce668a3 loan application submitted application_id=APP-2026-456433 customer_segment=RETAIL
2026-03-03T12:07:26.939+01:00 INFO identity-service host=identity-service-5b8f6c-x2k4p corrId=c-5b9341f69ce668a3 MitID session validated customer_id=C77985351
2026-03-03T12:07:26.950+01:00 INFO customer-service host=customer-service-7c9d5b-p9qmz corrId=c-5b9341f69ce668a3 KYC profile loaded customer_id=C77985351 risk_class=LOW
2026-03-03T12:07:27.039+01:00 INFO valuation-service host=valuation-service-5b8f6c-x2k4p corrId=c-5b9341f69ce668a3 property valuation requested property_id=P1691032 provider=valuta-ejd
2026-03-03T12:07:27.954+01:00 INFO valuation-service host=valuation-service-5b8f6c-t6zvn corrId=c-5b9341f69ce668a3 property valuation received property_id=P1691032 value_dkk=1770000 latency_ms=792
2026-03-03T12:07:28.068+01:00 INFO credit-service host=credit-service-7c9d5b-p9qmz corrId=c-5b9341f69ce668a3 credit assessment completed application_id=APP-2026-456433 score=473 decision=APPROVED
2026-03-03T12:07:28.197+01:00 INFO offer-service host=offer-service-5b8f6c-x2k4p corrId=c-5b9341f69ce668a3 loan offer generated application_id=APP-2026-456433 loan_type=FIXED_30Y principal_dkk=2235000
2026-03-03T12:07:28.242+01:00 INFO document-service host=document-service-7c9d5b-t6zvn corrId=c-5b9341f69ce668a3 offer document stored application_id=APP-2026-456433 doc_id=DOC-c79f174d
2026-03-03T12:07:28.303+01:00 INFO portal-bff host=portal-bff-7c9d5b-t6zvn corrId=c-5b9341f69ce668a3 application completed application_id=APP-2026-456433 status=OFFER_ISSUED
2026-03-03T12:07:56.615+01:00 INFO portal-bff host=portal-bff-7c9d5b-x2k4p corrId=c-1d5d26b5d90dc72a conversion quote requested loan_id=LN213738518 target_product=FLEX_5Y
2026-03-03T12:07:56.621+01:00 INFO identity-service host=identity-service-7c9d5b-p9qmz corrId=c-1d5d26b5d90dc72a MitID session validated customer_id=C23815768
2026-03-03T12:07:56.731+01:00 INFO pricing-service host=pricing-service-7c9d5b-t6zvn corrId=c-1d5d26b5d90dc72a bond price fetched series=BND3.0-2056 price=96.705
2026-03-03T12:07:56.772+01:00 INFO pricing-service host=pricing-service-a41e92-p9qmz corrId=c-1d5d26b5d90dc72a conversion cost calculated loan_id=LN213738518 cost_dkk=88748.81
2026-03-03T12:07:56.790+01:00 INFO quote-service host=quote-service-a41e92-p9qmz corrId=c-1d5d26b5d90dc72a conversion quote issued quote_id=Q46514393 loan_id=LN213738518
2026-03-03T12:10:00.016+01:00 INFO api-gateway host=api-gateway-5b8f6c-x2k4p corrId=- health probe ok status=200 latency_ms=15
2026-03-03T12:10:00.276+01:00 INFO payment-scheduler host=payment-scheduler-5b8f6c-x2k4p corrId=- scheduler heartbeat lag_ms=89
2026-03-03T12:12:55.958+01:00 INFO portal-bff host=portal-bff-a41e92-t6zvn corrId=c-7d9ae77a72499a04 loan application submitted application_id=APP-2026-075131 customer_segment=PRIVATE
2026-03-03T12:12:56.024+01:00 INFO identity-service host=identity-service-5b8f6c-t6zvn corrId=c-7d9ae77a72499a04 MitID session validated customer_id=C69796228
2026-03-03T12:12:56.045+01:00 INFO customer-service host=customer-service-5b8f6c-x2k4p corrId=c-7d9ae77a72499a04 KYC profile loaded customer_id=C69796228 risk_class=HIGH
2026-03-03T12:12:56.154+01:00 INFO valuation-service host=valuation-service-5b8f6c-t6zvn corrId=c-7d9ae77a72499a04 property valuation requested property_id=P7621000 provider=valuta-ejd
2026-03-03T12:12:56.893+01:00 INFO valuation-service host=valuation-service-a41e92-x2k4p corrId=c-7d9ae77a72499a04 property valuation received property_id=P7621000 value_dkk=6760000 latency_ms=627
2026-03-03T12:12:56.973+01:00 INFO credit-service host=credit-service-5b8f6c-x2k4p corrId=c-7d9ae77a72499a04 credit assessment completed application_id=APP-2026-075131 score=619 decision=APPROVED
2026-03-03T12:12:56.995+01:00 INFO offer-service host=offer-service-7c9d5b-t6zvn corrId=c-7d9ae77a72499a04 loan offer generated application_id=APP-2026-075131 loan_type=FIXED_30Y principal_dkk=780000
2026-03-03T12:12:57.015+01:00 INFO document-service host=document-service-7c9d5b-p9qmz corrId=c-7d9ae77a72499a04 offer document stored application_id=APP-2026-075131 doc_id=DOC-ee53ac55
2026-03-03T12:12:57.079+01:00 INFO portal-bff host=portal-bff-5b8f6c-x2k4p corrId=c-7d9ae77a72499a04 application completed application_id=APP-2026-075131 status=OFFER_ISSUED
2026-03-03T12:14:47.805+01:00 INFO offer-service host=offer-service-7c9d5b-x2k4p corrId=c-c2870ae6ba649104 offer accepted application_id=APP-2026-886462
2026-03-03T12:14:47.833+01:00 INFO ledger-service host=ledger-service-a41e92-p9qmz corrId=c-c2870ae6ba649104 funds reserved application_id=APP-2026-886462 amount_dkk=2870000
2026-03-03T12:14:47.885+01:00 INFO payment-service host=payment-service-a41e92-t6zvn corrId=c-c2870ae6ba649104 payout instruction sent application_id=APP-2026-886462 amount_dkk=2870000
2026-03-03T12:14:47.925+01:00 INFO ledger-service host=ledger-service-7c9d5b-p9qmz corrId=c-c2870ae6ba649104 payout booked application_id=APP-2026-886462 posting_id=PST-902251d317
2026-03-03T12:14:48.027+01:00 INFO notification-service host=notification-service-7c9d5b-x2k4p corrId=c-c2870ae6ba649104 payout confirmation sent application_id=APP-2026-886462
2026-03-03T12:15:00.777+01:00 INFO api-gateway host=api-gateway-5b8f6c-p9qmz corrId=- health probe ok status=200 latency_ms=2
2026-03-03T12:15:10.449+01:00 INFO offer-service host=offer-service-5b8f6c-p9qmz corrId=c-3d57b9e438ae2cbd offer accepted application_id=APP-2026-449678
2026-03-03T12:15:10.518+01:00 INFO ledger-service host=ledger-service-7c9d5b-t6zvn corrId=c-3d57b9e438ae2cbd funds reserved application_id=APP-2026-449678 amount_dkk=4915000
2026-03-03T12:15:10.635+01:00 INFO payment-service host=payment-service-5b8f6c-x2k4p corrId=c-3d57b9e438ae2cbd payout instruction sent application_id=APP-2026-449678 amount_dkk=4915000
2026-03-03T12:15:10.693+01:00 INFO ledger-service host=ledger-service-5b8f6c-x2k4p corrId=c-3d57b9e438ae2cbd payout booked application_id=APP-2026-449678 posting_id=PST-f7c3795714
2026-03-03T12:15:10.753+01:00 INFO notification-service host=notification-service-5b8f6c-x2k4p corrId=c-3d57b9e438ae2cbd payout confirmation sent application_id=APP-2026-449678
2026-03-03T12:17:52.362+01:00 INFO offer-service host=offer-service-7c9d5b-t6zvn corrId=c-14e902a237ee9d69 offer accepted application_id=APP-2026-918329
2026-03-03T12:17:52.418+01:00 INFO ledger-service host=ledger-service-5b8f6c-x2k4p corrId=c-14e902a237ee9d69 funds reserved application_id=APP-2026-918329 amount_dkk=1275000
2026-03-03T12:17:52.536+01:00 INFO payment-service host=payment-service-5b8f6c-p9qmz corrId=c-14e902a237ee9d69 payout instruction sent application_id=APP-2026-918329 amount_dkk=1275000
2026-03-03T12:17:52.638+01:00 INFO ledger-service host=ledger-service-a41e92-t6zvn corrId=c-14e902a237ee9d69 payout booked application_id=APP-2026-918329 posting_id=PST-5a1d252b93
2026-03-03T12:17:52.776+01:00 INFO notification-service host=notification-service-a41e92-x2k4p corrId=c-14e902a237ee9d69 payout confirmation sent application_id=APP-2026-918329
2026-03-03T12:19:08.176+01:00 INFO portal-bff host=portal-bff-5b8f6c-x2k4p corrId=c-73ce33cc8c80b135 loan application submitted application_id=APP-2026-643556 customer_segment=PRIVATE
2026-03-03T12:19:08.264+01:00 INFO identity-service host=identity-service-5b8f6c-p9qmz corrId=c-73ce33cc8c80b135 MitID session validated customer_id=C59474900
2026-03-03T12:19:08.379+01:00 INFO customer-service host=customer-service-7c9d5b-x2k4p corrId=c-73ce33cc8c80b135 KYC profile loaded customer_id=C59474900 risk_class=LOW
2026-03-03T12:19:08.468+01:00 INFO valuation-service host=valuation-service-7c9d5b-x2k4p corrId=c-73ce33cc8c80b135 property valuation requested property_id=P4447042 provider=bolig-vurdering
2026-03-03T12:19:09.218+01:00 INFO valuation-service host=valuation-service-5b8f6c-p9qmz corrId=c-73ce33cc8c80b135 property valuation received property_id=P4447042 value_dkk=3930000 latency_ms=665
2026-03-03T12:19:09.233+01:00 INFO credit-service host=credit-service-5b8f6c-t6zvn corrId=c-73ce33cc8c80b135 credit assessment completed application_id=APP-2026-643556 score=734 decision=APPROVED
2026-03-03T12:19:09.265+01:00 INFO offer-service host=offer-service-7c9d5b-x2k4p corrId=c-73ce33cc8c80b135 loan offer generated application_id=APP-2026-643556 loan_type=FIXED_30Y principal_dkk=2740000
2026-03-03T12:19:09.341+01:00 INFO document-service host=document-service-7c9d5b-t6zvn corrId=c-73ce33cc8c80b135 offer document stored application_id=APP-2026-643556 doc_id=DOC-c58c524e
2026-03-03T12:19:09.417+01:00 INFO portal-bff host=portal-bff-5b8f6c-x2k4p corrId=c-73ce33cc8c80b135 application completed application_id=APP-2026-643556 status=OFFER_ISSUED
2026-03-03T12:20:00.000+01:00 INFO payment-scheduler host=payment-scheduler-7c9d5b-t6zvn corrId=- scheduler heartbeat lag_ms=74
2026-03-03T12:20:00.025+01:00 INFO api-gateway host=api-gateway-7c9d5b-x2k4p corrId=- health probe ok status=200 latency_ms=30
2026-03-03T12:20:59.712+01:00 INFO portal-bff host=portal-bff-5b8f6c-p9qmz corrId=c-93c2ad77ee426308 loan application submitted application_id=APP-2026-205059 customer_segment=PRIVATE
2026-03-03T12:20:59.750+01:00 INFO identity-service host=identity-service-a41e92-x2k4p corrId=c-93c2ad77ee426308 MitID session validated customer_id=C32073076
2026-03-03T12:20:59.886+01:00 INFO customer-service host=customer-service-5b8f6c-x2k4p corrId=c-93c2ad77ee426308 KYC profile loaded customer_id=C32073076 risk_class=LOW
2026-03-03T12:20:59.994+01:00 INFO valuation-service host=valuation-service-a41e92-t6zvn corrId=c-93c2ad77ee426308 property valuation requested property_id=P1768191 provider=valuta-ejd
2026-03-03T12:21:00.474+01:00 INFO valuation-service host=valuation-service-7c9d5b-t6zvn corrId=c-93c2ad77ee426308 property valuation received property_id=P1768191 value_dkk=4560000 latency_ms=359
2026-03-03T12:21:00.591+01:00 INFO credit-service host=credit-service-7c9d5b-x2k4p corrId=c-93c2ad77ee426308 credit assessment completed application_id=APP-2026-205059 score=733 decision=APPROVED
2026-03-03T12:21:00.626+01:00 INFO offer-service host=offer-service-7c9d5b-x2k4p corrId=c-93c2ad77ee426308 loan offer generated application_id=APP-2026-205059 loan_type=FIXED_30Y principal_dkk=2190000
2026-03-03T12:21:00.758+01:00 INFO document-service host=document-service-a41e92-t6zvn corrId=c-93c2ad77ee426308 offer document stored application_id=APP-2026-205059 doc_id=DOC-2c87e3bb
2026-03-03T12:21:00.875+01:00 INFO portal-bff host=portal-bff-7c9d5b-t6zvn corrId=c-93c2ad77ee426308 application completed application_id=APP-2026-205059 status=OFFER_ISSUED
2026-03-03T12:21:40.999+01:00 INFO offer-service host=offer-service-7c9d5b-t6zvn corrId=c-0484fa7e6eb3e06b offer accepted application_id=APP-2026-944565
2026-03-03T12:21:41.040+01:00 INFO ledger-service host=ledger-service-a41e92-x2k4p corrId=c-0484fa7e6eb3e06b funds reserved application_id=APP-2026-944565 amount_dkk=535000
2026-03-03T12:21:41.089+01:00 INFO payment-service host=payment-service-7c9d5b-t6zvn corrId=c-0484fa7e6eb3e06b payout instruction sent application_id=APP-2026-944565 amount_dkk=535000
2026-03-03T12:21:41.174+01:00 INFO ledger-service host=ledger-service-a41e92-x2k4p corrId=c-0484fa7e6eb3e06b payout booked application_id=APP-2026-944565 posting_id=PST-e227491cfa
2026-03-03T12:21:41.278+01:00 INFO notification-service host=notification-service-a41e92-p9qmz corrId=c-0484fa7e6eb3e06b payout confirmation sent application_id=APP-2026-944565
2026-03-03T12:21:51.496+01:00 INFO portal-bff host=portal-bff-5b8f6c-x2k4p corrId=c-fb90b80574596115 loan application submitted application_id=APP-2026-256390 customer_segment=RETAIL
2026-03-03T12:21:51.556+01:00 INFO identity-service host=identity-service-7c9d5b-x2k4p corrId=c-fb90b80574596115 MitID session validated customer_id=C14672566
2026-03-03T12:21:51.665+01:00 INFO customer-service host=customer-service-5b8f6c-x2k4p corrId=c-fb90b80574596115 KYC profile loaded customer_id=C14672566 risk_class=LOW
2026-03-03T12:21:51.759+01:00 INFO valuation-service host=valuation-service-5b8f6c-t6zvn corrId=c-fb90b80574596115 property valuation requested property_id=P4386156 provider=valuta-ejd
2026-03-03T12:21:52.549+01:00 INFO valuation-service host=valuation-service-7c9d5b-x2k4p corrId=c-fb90b80574596115 property valuation received property_id=P4386156 value_dkk=4760000 latency_ms=778
2026-03-03T12:21:52.682+01:00 INFO credit-service host=credit-service-a41e92-p9qmz corrId=c-fb90b80574596115 credit assessment completed application_id=APP-2026-256390 score=643 decision=APPROVED
2026-03-03T12:21:52.774+01:00 INFO offer-service host=offer-service-7c9d5b-x2k4p corrId=c-fb90b80574596115 loan offer generated application_id=APP-2026-256390 loan_type=FLEX_1Y principal_dkk=4460000
2026-03-03T12:21:52.909+01:00 INFO document-service host=document-service-5b8f6c-t6zvn corrId=c-fb90b80574596115 offer document stored application_id=APP-2026-256390 doc_id=DOC-2334fbe5
2026-03-03T12:21:52.935+01:00 INFO portal-bff host=portal-bff-5b8f6c-p9qmz corrId=c-fb90b80574596115 application completed application_id=APP-2026-256390 status=OFFER_ISSUED
2026-03-03T12:23:00.168+01:00 INFO portal-bff host=portal-bff-7c9d5b-x2k4p corrId=c-61466e357cda8ec1 loan application submitted application_id=APP-2026-603085 customer_segment=SME
2026-03-03T12:23:00.190+01:00 INFO identity-service host=identity-service-7c9d5b-p9qmz corrId=c-61466e357cda8ec1 MitID session validated customer_id=C85019133
2026-03-03T12:23:00.273+01:00 INFO customer-service host=customer-service-7c9d5b-p9qmz corrId=c-61466e357cda8ec1 KYC profile loaded customer_id=C85019133 risk_class=HIGH
2026-03-03T12:23:00.350+01:00 INFO valuation-service host=valuation-service-a41e92-x2k4p corrId=c-61466e357cda8ec1 property valuation requested property_id=P2658319 provider=valuta-ejd
2026-03-03T12:23:00.690+01:00 INFO valuation-service host=valuation-service-a41e92-p9qmz corrId=c-61466e357cda8ec1 property valuation received property_id=P2658319 value_dkk=8540000 latency_ms=268
2026-03-03T12:23:00.747+01:00 INFO credit-service host=credit-service-7c9d5b-t6zvn corrId=c-61466e357cda8ec1 credit assessment completed application_id=APP-2026-603085 score=493 decision=APPROVED
2026-03-03T12:23:00.809+01:00 INFO offer-service host=offer-service-7c9d5b-t6zvn corrId=c-61466e357cda8ec1 loan offer generated application_id=APP-2026-603085 loan_type=FLEX_1Y principal_dkk=550000
2026-03-03T12:23:00.821+01:00 INFO document-service host=document-service-7c9d5b-x2k4p corrId=c-61466e357cda8ec1 offer document stored application_id=APP-2026-603085 doc_id=DOC-29f297a7
2026-03-03T12:23:00.850+01:00 INFO portal-bff host=portal-bff-5b8f6c-p9qmz corrId=c-61466e357cda8ec1 application completed application_id=APP-2026-603085 status=OFFER_ISSUED
2026-03-03T12:24:27.176+01:00 INFO portal-bff host=portal-bff-5b8f6c-t6zvn corrId=c-9eead49e18408f57 conversion quote requested loan_id=LN934900936 target_product=FLEX_5Y
2026-03-03T12:24:27.297+01:00 INFO identity-service host=identity-service-a41e92-p9qmz corrId=c-9eead49e18408f57 MitID session validated customer_id=C75639731
2026-03-03T12:24:27.394+01:00 INFO pricing-service host=pricing-service-a41e92-p9qmz corrId=c-9eead49e18408f57 bond price fetched series=BND3.0-2053 price=100.486
2026-03-03T12:24:27.533+01:00 INFO pricing-service host=pricing-service-7c9d5b-t6zvn corrId=c-9eead49e18408f57 conversion cost calculated loan_id=LN934900936 cost_dkk=25473.71
2026-03-03T12:24:27.621+01:00 INFO quote-service host=quote-service-5b8f6c-x2k4p corrId=c-9eead49e18408f57 conversion quote issued quote_id=Q22205999 loan_id=LN934900936
2026-03-03T12:24:38.387+01:00 INFO portal-bff host=portal-bff-a41e92-t6zvn corrId=c-d89e2808cae4ef0b conversion quote requested loan_id=LN450251134 target_product=FLEX_1Y
2026-03-03T12:24:38.419+01:00 INFO identity-service host=identity-service-5b8f6c-t6zvn corrId=c-d89e2808cae4ef0b MitID session validated customer_id=C65021484
2026-03-03T12:24:38.496+01:00 INFO pricing-service host=pricing-service-5b8f6c-t6zvn corrId=c-d89e2808cae4ef0b bond price fetched series=BND2.5-2053 price=99.057
2026-03-03T12:24:38.612+01:00 INFO pricing-service host=pricing-service-5b8f6c-t6zvn corrId=c-d89e2808cae4ef0b conversion cost calculated loan_id=LN450251134 cost_dkk=89772.85
2026-03-03T12:24:38.664+01:00 INFO quote-service host=quote-service-a41e92-x2k4p corrId=c-d89e2808cae4ef0b conversion quote issued quote_id=Q68877607 loan_id=LN450251134
2026-03-03T12:24:46.695+01:00 INFO portal-bff host=portal-bff-7c9d5b-x2k4p corrId=c-8f3f0e31144e5505 conversion quote requested loan_id=LN457984370 target_product=FLEX_5Y
2026-03-03T12:24:46.785+01:00 INFO identity-service host=identity-service-7c9d5b-p9qmz corrId=c-8f3f0e31144e5505 MitID session validated customer_id=C74660139
2026-03-03T12:24:46.860+01:00 INFO pricing-service host=pricing-service-7c9d5b-p9qmz corrId=c-8f3f0e31144e5505 bond price fetched series=BND4.0-2053 price=90.649
2026-03-03T12:24:46.988+01:00 INFO pricing-service host=pricing-service-a41e92-x2k4p corrId=c-8f3f0e31144e5505 conversion cost calculated loan_id=LN457984370 cost_dkk=44419.55
2026-03-03T12:24:47.012+01:00 INFO quote-service host=quote-service-5b8f6c-t6zvn corrId=c-8f3f0e31144e5505 conversion quote issued quote_id=Q94348518 loan_id=LN457984370
2026-03-03T12:25:00.400+01:00 INFO api-gateway host=api-gateway-5b8f6c-t6zvn corrId=- health probe ok status=200 latency_ms=30
2026-03-03T12:25:15.777+01:00 INFO portal-bff host=portal-bff-5b8f6c-p9qmz corrId=c-df022bb1863305b2 loan application submitted application_id=APP-2026-758186 customer_segment=RETAIL
2026-03-03T12:25:15.795+01:00 INFO identity-service host=identity-service-5b8f6c-p9qmz corrId=c-df022bb1863305b2 MitID session validated customer_id=C09310799
2026-03-03T12:25:15.855+01:00 INFO customer-service host=customer-service-7c9d5b-p9qmz corrId=c-df022bb1863305b2 KYC profile loaded customer_id=C09310799 risk_class=LOW
2026-03-03T12:25:15.977+01:00 INFO valuation-service host=valuation-service-7c9d5b-p9qmz corrId=c-df022bb1863305b2 property valuation requested property_id=P9347945 provider=valuta-ejd
2026-03-03T12:25:16.320+01:00 INFO valuation-service host=valuation-service-5b8f6c-p9qmz corrId=c-df022bb1863305b2 property valuation received property_id=P9347945 value_dkk=6280000 latency_ms=233
2026-03-03T12:25:16.349+01:00 INFO credit-service host=credit-service-5b8f6c-p9qmz corrId=c-df022bb1863305b2 credit assessment completed application_id=APP-2026-758186 score=855 decision=APPROVED
2026-03-03T12:25:16.429+01:00 INFO offer-service host=offer-service-5b8f6c-x2k4p corrId=c-df022bb1863305b2 loan offer generated application_id=APP-2026-758186 loan_type=FIXED_30Y principal_dkk=3270000
2026-03-03T12:25:16.501+01:00 INFO document-service host=document-service-5b8f6c-t6zvn corrId=c-df022bb1863305b2 offer document stored application_id=APP-2026-758186 doc_id=DOC-49ca95cb
2026-03-03T12:25:16.583+01:00 INFO portal-bff host=portal-bff-5b8f6c-p9qmz corrId=c-df022bb1863305b2 application completed application_id=APP-2026-758186 status=OFFER_ISSUED
2026-03-03T12:26:32.164+01:00 INFO portal-bff host=portal-bff-5b8f6c-t6zvn corrId=c-2dc20c2cc74ff945 loan application submitted application_id=APP-2026-486737 customer_segment=RETAIL
2026-03-03T12:26:32.252+01:00 INFO identity-service host=identity-service-7c9d5b-t6zvn corrId=c-2dc20c2cc74ff945 MitID session validated customer_id=C48793356
2026-03-03T12:26:32.368+01:00 INFO customer-service host=customer-service-a41e92-p9qmz corrId=c-2dc20c2cc74ff945 KYC profile loaded customer_id=C48793356 risk_class=LOW
2026-03-03T12:26:32.497+01:00 INFO valuation-service host=valuation-service-7c9d5b-p9qmz corrId=c-2dc20c2cc74ff945 property valuation requested property_id=P4518917 provider=bolig-vurdering
2026-03-03T12:26:33.142+01:00 INFO valuation-service host=valuation-service-5b8f6c-p9qmz corrId=c-2dc20c2cc74ff945 property valuation received property_id=P4518917 value_dkk=4510000 latency_ms=528
2026-03-03T12:26:33.244+01:00 INFO credit-service host=credit-service-7c9d5b-t6zvn corrId=c-2dc20c2cc74ff945 credit assessment completed application_id=APP-2026-486737 score=440 decision=APPROVED
2026-03-03T12:26:33.252+01:00 INFO offer-service host=offer-service-7c9d5b-x2k4p corrId=c-2dc20c2cc74ff945 loan offer generated application_id=APP-2026-486737 loan_type=FLEX_1Y principal_dkk=1230000
2026-03-03T12:26:33.371+01:00 INFO document-service host=document-service-a41e92-t6zvn corrId=c-2dc20c2cc74ff945 offer document stored application_id=APP-2026-486737 doc_id=DOC-b8daec41
2026-03-03T12:26:33.478+01:00 INFO portal-bff host=portal-bff-7c9d5b-p9qmz corrId=c-2dc20c2cc74ff945 application completed application_id=APP-2026-486737 status=OFFER_ISSUED
2026-03-03T12:27:45.758+01:00 INFO portal-bff host=portal-bff-5b8f6c-x2k4p corrId=c-84709ac955929c3f loan application submitted application_id=APP-2026-813280 customer_segment=SME
2026-03-03T12:27:45.867+01:00 INFO identity-service host=identity-service-a41e92-x2k4p corrId=c-84709ac955929c3f MitID session validated customer_id=C99374433
2026-03-03T12:27:45.935+01:00 INFO customer-service host=customer-service-5b8f6c-x2k4p corrId=c-84709ac955929c3f KYC profile loaded customer_id=C99374433 risk_class=LOW
2026-03-03T12:27:46.044+01:00 INFO valuation-service host=valuation-service-7c9d5b-t6zvn corrId=c-84709ac955929c3f property valuation requested property_id=P4746352 provider=valuta-ejd
2026-03-03T12:27:47.083+01:00 INFO valuation-service host=valuation-service-5b8f6c-p9qmz corrId=c-84709ac955929c3f property valuation received property_id=P4746352 value_dkk=2000000 latency_ms=901
2026-03-03T12:27:47.146+01:00 INFO credit-service host=credit-service-7c9d5b-p9qmz corrId=c-84709ac955929c3f credit assessment completed application_id=APP-2026-813280 score=869 decision=APPROVED
2026-03-03T12:27:47.212+01:00 INFO offer-service host=offer-service-5b8f6c-x2k4p corrId=c-84709ac955929c3f loan offer generated application_id=APP-2026-813280 loan_type=FIXED_20Y_IO principal_dkk=1155000
2026-03-03T12:27:47.257+01:00 INFO document-service host=document-service-5b8f6c-x2k4p corrId=c-84709ac955929c3f offer document stored application_id=APP-2026-813280 doc_id=DOC-078b2d3d
2026-03-03T12:27:47.284+01:00 INFO portal-bff host=portal-bff-a41e92-t6zvn corrId=c-84709ac955929c3f application completed application_id=APP-2026-813280 status=OFFER_ISSUED
2026-03-03T12:30:00.399+01:00 INFO api-gateway host=api-gateway-a41e92-x2k4p corrId=- health probe ok status=200 latency_ms=25
2026-03-03T12:30:00.829+01:00 INFO payment-scheduler host=payment-scheduler-a41e92-p9qmz corrId=- scheduler heartbeat lag_ms=65
2026-03-03T12:32:59.218+01:00 INFO portal-bff host=portal-bff-7c9d5b-p9qmz corrId=c-201c0239e0016cbc loan application submitted application_id=APP-2026-376975 customer_segment=RETAIL
2026-03-03T12:32:59.330+01:00 INFO identity-service host=identity-service-a41e92-t6zvn corrId=c-201c0239e0016cbc MitID session validated customer_id=C01253850
2026-03-03T12:32:59.461+01:00 INFO customer-service host=customer-service-5b8f6c-t6zvn corrId=c-201c0239e0016cbc KYC profile loaded customer_id=C01253850 risk_class=LOW
2026-03-03T12:32:59.506+01:00 INFO valuation-service host=valuation-service-5b8f6c-x2k4p corrId=c-201c0239e0016cbc property valuation requested property_id=P6391018 provider=bolig-vurdering
2026-03-03T12:33:00.496+01:00 INFO valuation-service host=valuation-service-a41e92-t6zvn corrId=c-201c0239e0016cbc property valuation received property_id=P6391018 value_dkk=5770000 latency_ms=930
2026-03-03T12:33:00.633+01:00 INFO credit-service host=credit-service-7c9d5b-t6zvn corrId=c-201c0239e0016cbc credit assessment completed application_id=APP-2026-376975 score=545 decision=APPROVED
2026-03-03T12:33:00.665+01:00 INFO offer-service host=offer-service-5b8f6c-t6zvn corrId=c-201c0239e0016cbc loan offer generated application_id=APP-2026-376975 loan_type=FLEX_5Y principal_dkk=2665000
2026-03-03T12:33:00.708+01:00 INFO document-service host=document-service-7c9d5b-t6zvn corrId=c-201c0239e0016cbc offer document stored application_id=APP-2026-376975 doc_id=DOC-dfe93072
2026-03-03T12:33:00.823+01:00 INFO portal-bff host=portal-bff-a41e92-p9qmz corrId=c-201c0239e0016cbc application completed application_id=APP-2026-376975 status=OFFER_ISSUED
2026-03-03T12:33:29.571+01:00 INFO portal-bff host=portal-bff-7c9d5b-p9qmz corrId=c-1fc1ff372c8c0f99 conversion quote requested loan_id=LN961995226 target_product=FIXED_30Y
2026-03-03T12:33:29.665+01:00 INFO identity-service host=identity-service-7c9d5b-p9qmz corrId=c-1fc1ff372c8c0f99 MitID session validated customer_id=C11935708
2026-03-03T12:33:29.703+01:00 INFO pricing-service host=pricing-service-7c9d5b-x2k4p corrId=c-1fc1ff372c8c0f99 bond price fetched series=BND4.0-2056 price=95.582
2026-03-03T12:33:29.777+01:00 INFO pricing-service host=pricing-service-5b8f6c-p9qmz corrId=c-1fc1ff372c8c0f99 conversion cost calculated loan_id=LN961995226 cost_dkk=14245.62
2026-03-03T12:33:29.898+01:00 INFO quote-service host=quote-service-5b8f6c-x2k4p corrId=c-1fc1ff372c8c0f99 conversion quote issued quote_id=Q15117261 loan_id=LN961995226
2026-03-03T12:34:23.629+01:00 INFO portal-bff host=portal-bff-7c9d5b-p9qmz corrId=c-cf69a3483a8c1625 loan application submitted application_id=APP-2026-996073 customer_segment=RETAIL
2026-03-03T12:34:23.635+01:00 INFO identity-service host=identity-service-a41e92-p9qmz corrId=c-cf69a3483a8c1625 MitID session validated customer_id=C59991506
2026-03-03T12:34:23.650+01:00 INFO customer-service host=customer-service-5b8f6c-t6zvn corrId=c-cf69a3483a8c1625 KYC profile loaded customer_id=C59991506 risk_class=LOW
2026-03-03T12:34:23.782+01:00 INFO valuation-service host=valuation-service-5b8f6c-p9qmz corrId=c-cf69a3483a8c1625 property valuation served from cache property_id=P4274889 value_dkk=730000
2026-03-03T12:34:23.858+01:00 INFO credit-service host=credit-service-7c9d5b-t6zvn corrId=c-cf69a3483a8c1625 credit assessment completed application_id=APP-2026-996073 score=555 decision=APPROVED
2026-03-03T12:34:23.906+01:00 INFO offer-service host=offer-service-5b8f6c-x2k4p corrId=c-cf69a3483a8c1625 loan offer generated application_id=APP-2026-996073 loan_type=FIXED_20Y_IO principal_dkk=1285000
2026-03-03T12:34:23.970+01:00 INFO document-service host=document-service-7c9d5b-x2k4p corrId=c-cf69a3483a8c1625 offer document stored application_id=APP-2026-996073 doc_id=DOC-a218566c
2026-03-03T12:34:24.022+01:00 INFO portal-bff host=portal-bff-5b8f6c-p9qmz corrId=c-cf69a3483a8c1625 application completed application_id=APP-2026-996073 status=OFFER_ISSUED
2026-03-03T12:34:38.293+01:00 INFO portal-bff host=portal-bff-a41e92-p9qmz corrId=c-6d396f499c8d2e82 loan application submitted application_id=APP-2026-702303 customer_segment=PRIVATE
2026-03-03T12:34:38.374+01:00 INFO identity-service host=identity-service-7c9d5b-t6zvn corrId=c-6d396f499c8d2e82 MitID session validated customer_id=C08059967
2026-03-03T12:34:38.404+01:00 INFO customer-service host=customer-service-5b8f6c-t6zvn corrId=c-6d396f499c8d2e82 KYC profile loaded customer_id=C08059967 risk_class=MEDIUM
2026-03-03T12:34:38.534+01:00 INFO valuation-service host=valuation-service-7c9d5b-x2k4p corrId=c-6d396f499c8d2e82 property valuation requested property_id=P9380290 provider=bolig-vurdering
2026-03-03T12:34:39.130+01:00 INFO valuation-service host=valuation-service-7c9d5b-t6zvn corrId=c-6d396f499c8d2e82 property valuation received property_id=P9380290 value_dkk=6240000 latency_ms=510
2026-03-03T12:34:39.151+01:00 INFO credit-service host=credit-service-5b8f6c-p9qmz corrId=c-6d396f499c8d2e82 credit assessment completed application_id=APP-2026-702303 score=479 decision=APPROVED
2026-03-03T12:34:39.247+01:00 INFO offer-service host=offer-service-a41e92-p9qmz corrId=c-6d396f499c8d2e82 loan offer generated application_id=APP-2026-702303 loan_type=FLEX_5Y principal_dkk=3330000
2026-03-03T12:34:39.311+01:00 INFO document-service host=document-service-7c9d5b-t6zvn corrId=c-6d396f499c8d2e82 offer document stored application_id=APP-2026-702303 doc_id=DOC-3b9be715
2026-03-03T12:34:39.436+01:00 INFO portal-bff host=portal-bff-a41e92-x2k4p corrId=c-6d396f499c8d2e82 application completed application_id=APP-2026-702303 status=OFFER_ISSUED
2026-03-03T12:35:00.180+01:00 INFO api-gateway host=api-gateway-a41e92-p9qmz corrId=- health probe ok status=200 latency_ms=6
2026-03-03T12:35:32.587+01:00 INFO portal-bff host=portal-bff-a41e92-x2k4p corrId=c-ca1499205830f851 loan application submitted application_id=APP-2026-711424 customer_segment=RETAIL
2026-03-03T12:35:32.648+01:00 INFO identity-service host=identity-service-7c9d5b-x2k4p corrId=c-ca1499205830f851 MitID session validated customer_id=C27613329
2026-03-03T12:35:32.782+01:00 INFO customer-service host=customer-service-5b8f6c-x2k4p corrId=c-ca1499205830f851 KYC profile loaded customer_id=C27613329 risk_class=HIGH
2026-03-03T12:35:32.867+01:00 INFO valuation-service host=valuation-service-7c9d5b-x2k4p corrId=c-ca1499205830f851 property valuation served from cache property_id=P8437787 value_dkk=7870000
2026-03-03T12:35:32.904+01:00 INFO credit-service host=credit-service-5b8f6c-x2k4p corrId=c-ca1499205830f851 credit assessment completed application_id=APP-2026-711424 score=733 decision=APPROVED
2026-03-03T12:35:32.913+01:00 INFO offer-service host=offer-service-a41e92-p9qmz corrId=c-ca1499205830f851 loan offer generated application_id=APP-2026-711424 loan_type=FIXED_30Y principal_dkk=1390000
2026-03-03T12:35:32.928+01:00 INFO document-service host=document-service-7c9d5b-p9qmz corrId=c-ca1499205830f851 offer document stored application_id=APP-2026-711424 doc_id=DOC-24c4df1c
2026-03-03T12:35:33.000+01:00 INFO portal-bff host=portal-bff-5b8f6c-p9qmz corrId=c-ca1499205830f851 application completed application_id=APP-2026-711424 status=OFFER_ISSUED
2026-03-03T12:36:37.048+01:00 INFO portal-bff host=portal-bff-5b8f6c-p9qmz corrId=c-bb867a3fa7ca3341 conversion quote requested loan_id=LN378161093 target_product=FIXED_30Y
2026-03-03T12:36:37.100+01:00 INFO identity-service host=identity-service-5b8f6c-t6zvn corrId=c-bb867a3fa7ca3341 MitID session validated customer_id=C70591500
2026-03-03T12:36:37.178+01:00 INFO pricing-service host=pricing-service-7c9d5b-p9qmz corrId=c-bb867a3fa7ca3341 bond price fetched series=BND4.0-2053 price=99.000
2026-03-03T12:36:37.268+01:00 INFO pricing-service host=pricing-service-7c9d5b-t6zvn corrId=c-bb867a3fa7ca3341 conversion cost calculated loan_id=LN378161093 cost_dkk=89191.21
2026-03-03T12:36:37.357+01:00 INFO quote-service host=quote-service-a41e92-x2k4p corrId=c-bb867a3fa7ca3341 conversion quote issued quote_id=Q09464642 loan_id=LN378161093
2026-03-03T12:36:38.484+01:00 INFO portal-bff host=portal-bff-5b8f6c-x2k4p corrId=c-342e5d81dae109e1 loan application submitted application_id=APP-2026-075492 customer_segment=RETAIL
2026-03-03T12:36:38.609+01:00 INFO identity-service host=identity-service-a41e92-t6zvn corrId=c-342e5d81dae109e1 MitID session validated customer_id=C54583640
2026-03-03T12:36:38.697+01:00 INFO customer-service host=customer-service-7c9d5b-t6zvn corrId=c-342e5d81dae109e1 KYC profile loaded customer_id=C54583640 risk_class=LOW
2026-03-03T12:36:38.733+01:00 INFO valuation-service host=valuation-service-a41e92-p9qmz corrId=c-342e5d81dae109e1 property valuation served from cache property_id=P3346737 value_dkk=3120000
2026-03-03T12:36:38.821+01:00 INFO credit-service host=credit-service-7c9d5b-p9qmz corrId=c-342e5d81dae109e1 credit assessment completed application_id=APP-2026-075492 score=668 decision=APPROVED
2026-03-03T12:36:38.940+01:00 INFO offer-service host=offer-service-5b8f6c-p9qmz corrId=c-342e5d81dae109e1 loan offer generated application_id=APP-2026-075492 loan_type=FIXED_20Y_IO principal_dkk=2410000
2026-03-03T12:36:39.032+01:00 INFO document-service host=document-service-a41e92-t6zvn corrId=c-342e5d81dae109e1 offer document stored application_id=APP-2026-075492 doc_id=DOC-e7092878
2026-03-03T12:36:39.113+01:00 INFO portal-bff host=portal-bff-5b8f6c-t6zvn corrId=c-342e5d81dae109e1 application completed application_id=APP-2026-075492 status=OFFER_ISSUED
2026-03-03T12:38:13.149+01:00 INFO offer-service host=offer-service-7c9d5b-p9qmz corrId=c-fab914cdd8f708a5 offer accepted application_id=APP-2026-476360
2026-03-03T12:38:13.222+01:00 INFO ledger-service host=ledger-service-a41e92-x2k4p corrId=c-fab914cdd8f708a5 funds reserved application_id=APP-2026-476360 amount_dkk=4595000
2026-03-03T12:38:13.229+01:00 INFO payment-service host=payment-service-5b8f6c-p9qmz corrId=c-fab914cdd8f708a5 payout instruction sent application_id=APP-2026-476360 amount_dkk=4595000
2026-03-03T12:38:13.283+01:00 INFO ledger-service host=ledger-service-5b8f6c-p9qmz corrId=c-fab914cdd8f708a5 payout booked application_id=APP-2026-476360 posting_id=PST-e64cf05f56
2026-03-03T12:38:13.395+01:00 INFO notification-service host=notification-service-7c9d5b-t6zvn corrId=c-fab914cdd8f708a5 payout confirmation sent application_id=APP-2026-476360
2026-03-03T12:38:31.626+01:00 INFO portal-bff host=portal-bff-7c9d5b-p9qmz corrId=c-7eb58abb60eb1549 conversion quote requested loan_id=LN223011601 target_product=FIXED_30Y
2026-03-03T12:38:31.722+01:00 INFO identity-service host=identity-service-7c9d5b-p9qmz corrId=c-7eb58abb60eb1549 MitID session validated customer_id=C29058314
2026-03-03T12:38:31.804+01:00 INFO pricing-service host=pricing-service-5b8f6c-x2k4p corrId=c-7eb58abb60eb1549 bond price fetched series=BND2.5-2056 price=100.798
2026-03-03T12:38:31.815+01:00 INFO pricing-service host=pricing-service-5b8f6c-x2k4p corrId=c-7eb58abb60eb1549 conversion cost calculated loan_id=LN223011601 cost_dkk=7371.31
2026-03-03T12:38:31.912+01:00 INFO quote-service host=quote-service-5b8f6c-p9qmz corrId=c-7eb58abb60eb1549 conversion quote issued quote_id=Q78331061 loan_id=LN223011601
2026-03-03T12:39:45.867+01:00 INFO portal-bff host=portal-bff-5b8f6c-x2k4p corrId=c-1681e45aca25fcf4 conversion quote requested loan_id=LN532289648 target_product=FLEX_5Y
2026-03-03T12:39:45.890+01:00 INFO identity-service host=identity-service-a41e92-t6zvn corrId=c-1681e45aca25fcf4 MitID session validated customer_id=C65940663
2026-03-03T12:39:45.916+01:00 INFO pricing-service host=pricing-service-5b8f6c-x2k4p corrId=c-1681e45aca25fcf4 bond price fetched series=BND2.5-2053 price=98.092
2026-03-03T12:39:46.052+01:00 INFO pricing-service host=pricing-service-a41e92-t6zvn corrId=c-1681e45aca25fcf4 conversion cost calculated loan_id=LN532289648 cost_dkk=4486.29
2026-03-03T12:39:46.084+01:00 INFO quote-service host=quote-service-7c9d5b-t6zvn corrId=c-1681e45aca25fcf4 conversion quote issued quote_id=Q48280610 loan_id=LN532289648
2026-03-03T12:39:54.877+01:00 INFO portal-bff host=portal-bff-5b8f6c-p9qmz corrId=c-f52df38bf70208d7 loan application submitted application_id=APP-2026-052762 customer_segment=SME
2026-03-03T12:39:54.933+01:00 INFO identity-service host=identity-service-a41e92-p9qmz corrId=c-f52df38bf70208d7 MitID session validated customer_id=C87555105
2026-03-03T12:39:54.983+01:00 INFO customer-service host=customer-service-5b8f6c-x2k4p corrId=c-f52df38bf70208d7 KYC profile loaded customer_id=C87555105 risk_class=MEDIUM
2026-03-03T12:39:55.105+01:00 INFO valuation-service host=valuation-service-7c9d5b-p9qmz corrId=c-f52df38bf70208d7 property valuation requested property_id=P0703917 provider=valuta-ejd
2026-03-03T12:39:55.648+01:00 INFO valuation-service host=valuation-service-a41e92-t6zvn corrId=c-f52df38bf70208d7 property valuation received property_id=P0703917 value_dkk=3460000 latency_ms=480
2026-03-03T12:39:55.724+01:00 INFO credit-service host=credit-service-7c9d5b-x2k4p corrId=c-f52df38bf70208d7 credit assessment completed application_id=APP-2026-052762 score=683 decision=APPROVED
2026-03-03T12:39:55.854+01:00 INFO offer-service host=offer-service-a41e92-x2k4p corrId=c-f52df38bf70208d7 loan offer generated application_id=APP-2026-052762 loan_type=FLEX_1Y principal_dkk=1060000
2026-03-03T12:39:55.897+01:00 INFO document-service host=document-service-7c9d5b-t6zvn corrId=c-f52df38bf70208d7 offer document stored application_id=APP-2026-052762 doc_id=DOC-3eeb8f02
2026-03-03T12:39:55.986+01:00 INFO portal-bff host=portal-bff-5b8f6c-x2k4p corrId=c-f52df38bf70208d7 application completed application_id=APP-2026-052762 status=OFFER_ISSUED
2026-03-03T12:40:00.105+01:00 INFO payment-scheduler host=payment-scheduler-a41e92-t6zvn corrId=- scheduler heartbeat lag_ms=77
2026-03-03T12:40:00.150+01:00 INFO api-gateway host=api-gateway-a41e92-p9qmz corrId=- health probe ok status=200 latency_ms=20
2026-03-03T12:45:00.448+01:00 INFO api-gateway host=api-gateway-7c9d5b-t6zvn corrId=- health probe ok status=200 latency_ms=10
2026-03-03T12:45:01.761+01:00 INFO portal-bff host=portal-bff-5b8f6c-t6zvn corrId=c-874bcd2471c2f32d loan application submitted application_id=APP-2026-778848 customer_segment=RETAIL
2026-03-03T12:45:01.789+01:00 INFO identity-service host=identity-service-a41e92-p9qmz corrId=c-874bcd2471c2f32d MitID session validated customer_id=C21005735
2026-03-03T12:45:01.799+01:00 INFO customer-service host=customer-service-5b8f6c-p9qmz corrId=c-874bcd2471c2f32d KYC profile loaded customer_id=C21005735 risk_class=HIGH
2026-03-03T12:45:01.834+01:00 INFO valuation-service host=valuation-service-7c9d5b-t6zvn corrId=c-874bcd2471c2f32d property valuation requested property_id=P3162040 provider=bolig-vurdering
2026-03-03T12:45:02.195+01:00 INFO valuation-service host=valuation-service-5b8f6c-x2k4p corrId=c-874bcd2471c2f32d property valuation received property_id=P3162040 value_dkk=6640000 latency_ms=271
2026-03-03T12:45:02.217+01:00 INFO credit-service host=credit-service-7c9d5b-p9qmz corrId=c-874bcd2471c2f32d credit assessment completed application_id=APP-2026-778848 score=807 decision=APPROVED
2026-03-03T12:45:02.262+01:00 INFO offer-service host=offer-service-5b8f6c-p9qmz corrId=c-874bcd2471c2f32d loan offer generated application_id=APP-2026-778848 loan_type=FLEX_5Y principal_dkk=490000
2026-03-03T12:45:02.284+01:00 INFO document-service host=document-service-5b8f6c-t6zvn corrId=c-874bcd2471c2f32d offer document stored application_id=APP-2026-778848 doc_id=DOC-bae737e7
2026-03-03T12:45:02.303+01:00 INFO portal-bff host=portal-bff-a41e92-t6zvn corrId=c-874bcd2471c2f32d application completed application_id=APP-2026-778848 status=OFFER_ISSUED
2026-03-03T12:46:10.585+01:00 INFO portal-bff host=portal-bff-5b8f6c-x2k4p corrId=c-f4202e891c7b2ebb loan application submitted application_id=APP-2026-438027 customer_segment=PRIVATE
2026-03-03T12:46:10.638+01:00 INFO identity-service host=identity-service-5b8f6c-p9qmz corrId=c-f4202e891c7b2ebb MitID session validated customer_id=C13445951
2026-03-03T12:46:10.699+01:00 INFO customer-service host=customer-service-7c9d5b-p9qmz corrId=c-f4202e891c7b2ebb KYC profile loaded customer_id=C13445951 risk_class=HIGH
2026-03-03T12:46:10.747+01:00 INFO valuation-service host=valuation-service-7c9d5b-p9qmz corrId=c-f4202e891c7b2ebb property valuation requested property_id=P1287580 provider=bolig-vurdering
2026-03-03T12:46:11.159+01:00 INFO valuation-service host=valuation-service-a41e92-t6zvn corrId=c-f4202e891c7b2ebb property valuation received property_id=P1287580 value_dkk=4650000 latency_ms=294
2026-03-03T12:46:11.299+01:00 INFO credit-service host=credit-service-5b8f6c-t6zvn corrId=c-f4202e891c7b2ebb credit assessment completed application_id=APP-2026-438027 score=628 decision=APPROVED
2026-03-03T12:46:11.385+01:00 INFO offer-service host=offer-service-a41e92-t6zvn corrId=c-f4202e891c7b2ebb loan offer generated application_id=APP-2026-438027 loan_type=FIXED_30Y principal_dkk=4675000
2026-03-03T12:46:11.472+01:00 INFO document-service host=document-service-a41e92-x2k4p corrId=c-f4202e891c7b2ebb offer document stored application_id=APP-2026-438027 doc_id=DOC-771caac9
2026-03-03T12:46:11.534+01:00 INFO portal-bff host=portal-bff-5b8f6c-x2k4p corrId=c-f4202e891c7b2ebb application completed application_id=APP-2026-438027 status=OFFER_ISSUED
2026-03-03T12:46:19.972+01:00 INFO portal-bff host=portal-bff-5b8f6c-t6zvn corrId=c-d87d9a73a7cadd7d loan application submitted application_id=APP-2026-713547 customer_segment=RETAIL
2026-03-03T12:46:19.990+01:00 INFO identity-service host=identity-service-5b8f6c-t6zvn corrId=c-d87d9a73a7cadd7d MitID session validated customer_id=C43909789
2026-03-03T12:46:20.052+01:00 INFO customer-service host=customer-service-a41e92-x2k4p corrId=c-d87d9a73a7cadd7d KYC profile loaded customer_id=C43909789 risk_class=MEDIUM
2026-03-03T12:46:20.156+01:00 INFO valuation-service host=valuation-service-7c9d5b-p9qmz corrId=c-d87d9a73a7cadd7d property valuation requested property_id=P3599621 provider=valuta-ejd
2026-03-03T12:46:20.991+01:00 INFO valuation-service host=valuation-service-5b8f6c-p9qmz corrId=c-d87d9a73a7cadd7d property valuation received property_id=P3599621 value_dkk=5640000 latency_ms=798
2026-03-03T12:46:21.081+01:00 INFO credit-service host=credit-service-5b8f6c-x2k4p corrId=c-d87d9a73a7cadd7d credit assessment completed application_id=APP-2026-713547 score=770 decision=APPROVED
2026-03-03T12:46:21.165+01:00 INFO offer-service host=offer-service-5b8f6c-p9qmz corrId=c-d87d9a73a7cadd7d loan offer generated application_id=APP-2026-713547 loan_type=FIXED_20Y_IO principal_dkk=4235000
2026-03-03T12:46:21.280+01:00 INFO document-service host=document-service-5b8f6c-x2k4p corrId=c-d87d9a73a7cadd7d offer document stored application_id=APP-2026-713547 doc_id=DOC-36c08995
2026-03-03T12:46:21.287+01:00 INFO portal-bff host=portal-bff-5b8f6c-x2k4p corrId=c-d87d9a73a7cadd7d application completed application_id=APP-2026-713547 status=OFFER_ISSUED
2026-03-03T12:47:40.340+01:00 INFO offer-service host=offer-service-a41e92-p9qmz corrId=c-b73f2ee4dc5126f4 offer accepted application_id=APP-2026-575878
2026-03-03T12:47:40.404+01:00 INFO ledger-service host=ledger-service-a41e92-p9qmz corrId=c-b73f2ee4dc5126f4 funds reserved application_id=APP-2026-575878 amount_dkk=4870000
2026-03-03T12:47:40.469+01:00 INFO payment-service host=payment-service-5b8f6c-p9qmz corrId=c-b73f2ee4dc5126f4 payout instruction sent application_id=APP-2026-575878 amount_dkk=4870000
2026-03-03T12:47:40.595+01:00 INFO ledger-service host=ledger-service-a41e92-t6zvn corrId=c-b73f2ee4dc5126f4 payout booked application_id=APP-2026-575878 posting_id=PST-71166cb0cc
2026-03-03T12:47:40.735+01:00 INFO notification-service host=notification-service-5b8f6c-t6zvn corrId=c-b73f2ee4dc5126f4 payout confirmation sent application_id=APP-2026-575878
2026-03-03T12:48:20.361+01:00 INFO offer-service host=offer-service-5b8f6c-p9qmz corrId=c-bfc39a84a7b07f55 offer accepted application_id=APP-2026-339251
2026-03-03T12:48:20.492+01:00 INFO ledger-service host=ledger-service-a41e92-t6zvn corrId=c-bfc39a84a7b07f55 funds reserved application_id=APP-2026-339251 amount_dkk=1405000
2026-03-03T12:48:20.544+01:00 INFO payment-service host=payment-service-5b8f6c-p9qmz corrId=c-bfc39a84a7b07f55 payout instruction sent application_id=APP-2026-339251 amount_dkk=1405000
2026-03-03T12:48:20.634+01:00 INFO ledger-service host=ledger-service-a41e92-p9qmz corrId=c-bfc39a84a7b07f55 payout booked application_id=APP-2026-339251 posting_id=PST-2e6cd3a825
2026-03-03T12:48:20.703+01:00 INFO notification-service host=notification-service-5b8f6c-t6zvn corrId=c-bfc39a84a7b07f55 payout confirmation sent application_id=APP-2026-339251
2026-03-03T12:48:48.691+01:00 INFO portal-bff host=portal-bff-7c9d5b-t6zvn corrId=c-0772cbefa9f3fd6d loan application submitted application_id=APP-2026-593634 customer_segment=RETAIL
2026-03-03T12:48:48.731+01:00 INFO identity-service host=identity-service-7c9d5b-t6zvn corrId=c-0772cbefa9f3fd6d MitID session validated customer_id=C30746624
2026-03-03T12:48:48.844+01:00 INFO customer-service host=customer-service-5b8f6c-t6zvn corrId=c-0772cbefa9f3fd6d KYC profile loaded customer_id=C30746624 risk_class=MEDIUM
2026-03-03T12:48:48.868+01:00 INFO valuation-service host=valuation-service-5b8f6c-x2k4p corrId=c-0772cbefa9f3fd6d property valuation served from cache property_id=P0153952 value_dkk=3340000
2026-03-03T12:48:48.935+01:00 INFO credit-service host=credit-service-5b8f6c-x2k4p corrId=c-0772cbefa9f3fd6d credit assessment completed application_id=APP-2026-593634 score=446 decision=APPROVED
2026-03-03T12:48:49.055+01:00 INFO offer-service host=offer-service-5b8f6c-p9qmz corrId=c-0772cbefa9f3fd6d loan offer generated application_id=APP-2026-593634 loan_type=FIXED_20Y_IO principal_dkk=5930000
2026-03-03T12:48:49.155+01:00 INFO document-service host=document-service-7c9d5b-p9qmz corrId=c-0772cbefa9f3fd6d offer document stored application_id=APP-2026-593634 doc_id=DOC-b926fb7c
2026-03-03T12:48:49.161+01:00 INFO portal-bff host=portal-bff-5b8f6c-t6zvn corrId=c-0772cbefa9f3fd6d application completed application_id=APP-2026-593634 status=OFFER_ISSUED
2026-03-03T12:49:17.603+01:00 INFO portal-bff host=portal-bff-5b8f6c-t6zvn corrId=c-cdcd57c7c0fb1b62 conversion quote requested loan_id=LN134873387 target_product=FLEX_1Y
2026-03-03T12:49:17.627+01:00 INFO identity-service host=identity-service-5b8f6c-x2k4p corrId=c-cdcd57c7c0fb1b62 MitID session validated customer_id=C57149022
2026-03-03T12:49:17.687+01:00 INFO pricing-service host=pricing-service-7c9d5b-x2k4p corrId=c-cdcd57c7c0fb1b62 bond price fetched series=BND3.0-2053 price=93.454
2026-03-03T12:49:17.706+01:00 INFO pricing-service host=pricing-service-5b8f6c-t6zvn corrId=c-cdcd57c7c0fb1b62 bond price fetched series=BND3.0-2053 price=93.454
2026-03-03T12:49:17.795+01:00 INFO pricing-service host=pricing-service-5b8f6c-p9qmz corrId=c-cdcd57c7c0fb1b62 bond price fetched series=BND3.0-2053 price=93.454
2026-03-03T12:49:17.911+01:00 INFO pricing-service host=pricing-service-7c9d5b-t6zvn corrId=c-cdcd57c7c0fb1b62 bond price fetched series=BND3.0-2053 price=93.454
2026-03-03T12:49:18.014+01:00 INFO pricing-service host=pricing-service-7c9d5b-p9qmz corrId=c-cdcd57c7c0fb1b62 bond price fetched series=BND3.0-2053 price=93.454
2026-03-03T12:49:18.044+01:00 INFO pricing-service host=pricing-service-5b8f6c-p9qmz corrId=c-cdcd57c7c0fb1b62 bond price fetched series=BND3.0-2053 price=93.454
2026-03-03T12:49:18.102+01:00 INFO pricing-service host=pricing-service-5b8f6c-p9qmz corrId=c-cdcd57c7c0fb1b62 conversion cost calculated loan_id=LN134873387 cost_dkk=41018.02
2026-03-03T12:49:18.138+01:00 INFO quote-service host=quote-service-5b8f6c-t6zvn corrId=c-cdcd57c7c0fb1b62 conversion quote issued quote_id=Q36327247 loan_id=LN134873387
2026-03-03T12:49:55.333+01:00 INFO portal-bff host=portal-bff-7c9d5b-t6zvn corrId=c-2976391ae193cdd4 conversion quote requested loan_id=LN189036500 target_product=FLEX_5Y
2026-03-03T12:49:55.454+01:00 INFO identity-service host=identity-service-a41e92-p9qmz corrId=c-2976391ae193cdd4 MitID session validated customer_id=C59491090
2026-03-03T12:49:55.519+01:00 INFO pricing-service host=pricing-service-a41e92-t6zvn corrId=c-2976391ae193cdd4 bond price fetched series=BND2.5-2056 price=91.189
2026-03-03T12:49:55.615+01:00 INFO pricing-service host=pricing-service-5b8f6c-x2k4p corrId=c-2976391ae193cdd4 conversion cost calculated loan_id=LN189036500 cost_dkk=17968.23
2026-03-03T12:49:55.726+01:00 INFO quote-service host=quote-service-a41e92-x2k4p corrId=c-2976391ae193cdd4 conversion quote issued quote_id=Q27146100 loan_id=LN189036500
2026-03-03T12:49:57.844+01:00 INFO portal-bff host=portal-bff-5b8f6c-x2k4p corrId=c-9f45d385fcc66526 loan application submitted application_id=APP-2026-391898 customer_segment=RETAIL
2026-03-03T12:49:57.909+01:00 INFO identity-service host=identity-service-7c9d5b-p9qmz corrId=c-9f45d385fcc66526 MitID session validated customer_id=C68560268
2026-03-03T12:49:58.045+01:00 INFO customer-service host=customer-service-5b8f6c-t6zvn corrId=c-9f45d385fcc66526 KYC profile loaded customer_id=C68560268 risk_class=LOW
2026-03-03T12:49:58.128+01:00 INFO valuation-service host=valuation-service-5b8f6c-x2k4p corrId=c-9f45d385fcc66526 property valuation requested property_id=P2920316 provider=bolig-vurdering
2026-03-03T12:49:59.045+01:00 INFO valuation-service host=valuation-service-a41e92-p9qmz corrId=c-9f45d385fcc66526 property valuation received property_id=P2920316 value_dkk=2140000 latency_ms=852
2026-03-03T12:49:59.131+01:00 INFO credit-service host=credit-service-a41e92-p9qmz corrId=c-9f45d385fcc66526 credit assessment completed application_id=APP-2026-391898 score=511 decision=APPROVED
2026-03-03T12:49:59.184+01:00 INFO offer-service host=offer-service-7c9d5b-x2k4p corrId=c-9f45d385fcc66526 loan offer generated application_id=APP-2026-391898 loan_type=FLEX_1Y principal_dkk=2070000
2026-03-03T12:49:59.215+01:00 INFO document-service host=document-service-a41e92-t6zvn corrId=c-9f45d385fcc66526 offer document stored application_id=APP-2026-391898 doc_id=DOC-77c9eafc
2026-03-03T12:49:59.294+01:00 INFO portal-bff host=portal-bff-a41e92-x2k4p corrId=c-9f45d385fcc66526 application completed application_id=APP-2026-391898 status=OFFER_ISSUED
2026-03-03T12:50:00.685+01:00 INFO payment-scheduler host=payment-scheduler-a41e92-t6zvn corrId=- scheduler heartbeat lag_ms=42
2026-03-03T12:50:00.857+01:00 INFO api-gateway host=api-gateway-7c9d5b-x2k4p corrId=- health probe ok status=200 latency_ms=17
2026-03-03T12:52:18.771+01:00 INFO portal-bff host=portal-bff-7c9d5b-t6zvn corrId=c-c190c27db936cf4b loan application submitted application_id=APP-2026-197996 customer_segment=PRIVATE
2026-03-03T12:52:18.857+01:00 INFO identity-service host=identity-service-a41e92-x2k4p corrId=c-c190c27db936cf4b MitID session validated customer_id=C12484744
2026-03-03T12:52:18.914+01:00 INFO customer-service host=customer-service-7c9d5b-x2k4p corrId=c-c190c27db936cf4b KYC profile loaded customer_id=C12484744 risk_class=LOW
2026-03-03T12:52:18.965+01:00 INFO valuation-service host=valuation-service-7c9d5b-p9qmz corrId=c-c190c27db936cf4b property valuation requested property_id=P5905513 provider=valuta-ejd
2026-03-03T12:52:19.482+01:00 INFO valuation-service host=valuation-service-7c9d5b-p9qmz corrId=c-c190c27db936cf4b property valuation received property_id=P5905513 value_dkk=8680000 latency_ms=464
2026-03-03T12:52:19.555+01:00 INFO credit-service host=credit-service-7c9d5b-x2k4p corrId=c-c190c27db936cf4b credit assessment completed application_id=APP-2026-197996 score=601 decision=APPROVED
2026-03-03T12:52:19.661+01:00 INFO offer-service host=offer-service-5b8f6c-t6zvn corrId=c-c190c27db936cf4b loan offer generated application_id=APP-2026-197996 loan_type=FLEX_5Y principal_dkk=3845000
2026-03-03T12:52:19.714+01:00 INFO document-service host=document-service-7c9d5b-p9qmz corrId=c-c190c27db936cf4b offer document stored application_id=APP-2026-197996 doc_id=DOC-4f421a1c
2026-03-03T12:52:19.842+01:00 INFO portal-bff host=portal-bff-5b8f6c-t6zvn corrId=c-c190c27db936cf4b application completed application_id=APP-2026-197996 status=OFFER_ISSUED
2026-03-03T12:52:20.756+01:00 INFO portal-bff host=portal-bff-a41e92-t6zvn corrId=c-b5848826a4c31c80 loan application submitted application_id=APP-2026-770789 customer_segment=PRIVATE
2026-03-03T12:52:20.824+01:00 INFO identity-service host=identity-service-a41e92-x2k4p corrId=c-b5848826a4c31c80 MitID session validated customer_id=C97165272
2026-03-03T12:52:20.963+01:00 INFO customer-service host=customer-service-a41e92-p9qmz corrId=c-b5848826a4c31c80 KYC profile loaded customer_id=C97165272 risk_class=HIGH
2026-03-03T12:52:20.975+01:00 INFO valuation-service host=valuation-service-7c9d5b-t6zvn corrId=c-b5848826a4c31c80 property valuation requested property_id=P8102156 provider=bolig-vurdering
2026-03-03T12:52:21.776+01:00 INFO valuation-service host=valuation-service-a41e92-x2k4p corrId=c-b5848826a4c31c80 property valuation received property_id=P8102156 value_dkk=4010000 latency_ms=719
2026-03-03T12:52:21.892+01:00 INFO credit-service host=credit-service-5b8f6c-p9qmz corrId=c-b5848826a4c31c80 credit assessment completed application_id=APP-2026-770789 score=603 decision=APPROVED
2026-03-03T12:52:21.953+01:00 INFO offer-service host=offer-service-7c9d5b-p9qmz corrId=c-b5848826a4c31c80 loan offer generated application_id=APP-2026-770789 loan_type=FLEX_1Y principal_dkk=5360000
2026-03-03T12:52:22.069+01:00 INFO document-service host=document-service-5b8f6c-p9qmz corrId=c-b5848826a4c31c80 offer document stored application_id=APP-2026-770789 doc_id=DOC-701d11b7
2026-03-03T12:52:22.169+01:00 INFO portal-bff host=portal-bff-a41e92-p9qmz corrId=c-b5848826a4c31c80 application completed application_id=APP-2026-770789 status=OFFER_ISSUED
2026-03-03T12:52:32.991+01:00 INFO portal-bff host=portal-bff-5b8f6c-t6zvn corrId=c-bcaa36d1aa2a1371 loan application submitted application_id=APP-2026-546360 customer_segment=PRIVATE
2026-03-03T12:52:33.054+01:00 INFO identity-service host=identity-service-5b8f6c-x2k4p corrId=c-bcaa36d1aa2a1371 MitID session validated customer_id=C81349523
2026-03-03T12:52:33.167+01:00 INFO customer-service host=customer-service-5b8f6c-t6zvn corrId=c-bcaa36d1aa2a1371 KYC profile loaded customer_id=C81349523 risk_class=LOW
2026-03-03T12:52:33.265+01:00 INFO valuation-service host=valuation-service-a41e92-x2k4p corrId=c-bcaa36d1aa2a1371 property valuation requested property_id=P9611074 provider=bolig-vurdering
2026-03-03T12:52:33.696+01:00 INFO valuation-service host=valuation-service-7c9d5b-p9qmz corrId=c-bcaa36d1aa2a1371 property valuation received property_id=P9611074 value_dkk=2910000 latency_ms=329
2026-03-03T12:52:33.786+01:00 INFO credit-service host=credit-service-7c9d5b-x2k4p corrId=c-bcaa36d1aa2a1371 credit assessment completed application_id=APP-2026-546360 score=561 decision=APPROVED
2026-03-03T12:52:33.826+01:00 INFO offer-service host=offer-service-7c9d5b-x2k4p corrId=c-bcaa36d1aa2a1371 loan offer generated application_id=APP-2026-546360 loan_type=FLEX_1Y principal_dkk=4365000
2026-03-03T12:52:33.898+01:00 INFO document-service host=document-service-5b8f6c-x2k4p corrId=c-bcaa36d1aa2a1371 offer document stored application_id=APP-2026-546360 doc_id=DOC-d75b0483
2026-03-03T12:52:33.995+01:00 INFO portal-bff host=portal-bff-5b8f6c-x2k4p corrId=c-bcaa36d1aa2a1371 application completed application_id=APP-2026-546360 status=OFFER_ISSUED
2026-03-03T12:52:43.031+01:00 INFO portal-bff host=portal-bff-5b8f6c-p9qmz corrId=c-012b76b8af5485c9 loan application submitted application_id=APP-2026-329780 customer_segment=RETAIL
2026-03-03T12:52:43.083+01:00 INFO identity-service host=identity-service-5b8f6c-x2k4p corrId=c-012b76b8af5485c9 MitID session validated customer_id=C66232166
2026-03-03T12:52:43.155+01:00 INFO customer-service host=customer-service-5b8f6c-p9qmz corrId=c-012b76b8af5485c9 KYC profile loaded customer_id=C66232166 risk_class=LOW
2026-03-03T12:52:43.251+01:00 INFO valuation-service host=valuation-service-7c9d5b-t6zvn corrId=c-012b76b8af5485c9 property valuation served from cache property_id=P5443689 value_dkk=2800000
2026-03-03T12:52:43.259+01:00 INFO credit-service host=credit-service-5b8f6c-x2k4p corrId=c-012b76b8af5485c9 credit assessment completed application_id=APP-2026-329780 score=458 decision=APPROVED
2026-03-03T12:52:43.395+01:00 INFO offer-service host=offer-service-7c9d5b-p9qmz corrId=c-012b76b8af5485c9 loan offer generated application_id=APP-2026-329780 loan_type=FLEX_1Y principal_dkk=2410000
2026-03-03T12:52:43.526+01:00 INFO document-service host=document-service-a41e92-p9qmz corrId=c-012b76b8af5485c9 offer document stored application_id=APP-2026-329780 doc_id=DOC-9f3a3012
2026-03-03T12:52:43.566+01:00 INFO portal-bff host=portal-bff-5b8f6c-t6zvn corrId=c-012b76b8af5485c9 application completed application_id=APP-2026-329780 status=OFFER_ISSUED
2026-03-03T12:54:25.073+01:00 INFO portal-bff host=portal-bff-5b8f6c-t6zvn corrId=c-e7f7d84f21fa3c95 loan application submitted application_id=APP-2026-466830 customer_segment=RETAIL
2026-03-03T12:54:25.177+01:00 INFO identity-service host=identity-service-5b8f6c-x2k4p corrId=c-e7f7d84f21fa3c95 MitID session validated customer_id=C91663015
2026-03-03T12:54:25.303+01:00 INFO customer-service host=customer-service-5b8f6c-x2k4p corrId=c-e7f7d84f21fa3c95 KYC profile loaded customer_id=C91663015 risk_class=MEDIUM
2026-03-03T12:54:25.317+01:00 INFO valuation-service host=valuation-service-a41e92-x2k4p corrId=c-e7f7d84f21fa3c95 property valuation served from cache property_id=P3965387 value_dkk=5040000
2026-03-03T12:54:25.403+01:00 INFO credit-service host=credit-service-5b8f6c-p9qmz corrId=c-e7f7d84f21fa3c95 credit assessment completed application_id=APP-2026-466830 score=480 decision=APPROVED
2026-03-03T12:54:25.506+01:00 INFO offer-service host=offer-service-5b8f6c-p9qmz corrId=c-e7f7d84f21fa3c95 loan offer generated application_id=APP-2026-466830 loan_type=FIXED_20Y_IO principal_dkk=3655000
2026-03-03T12:54:25.561+01:00 INFO document-service host=document-service-a41e92-p9qmz corrId=c-e7f7d84f21fa3c95 offer document stored application_id=APP-2026-466830 doc_id=DOC-a5fceb50
2026-03-03T12:54:25.567+01:00 INFO portal-bff host=portal-bff-7c9d5b-p9qmz corrId=c-e7f7d84f21fa3c95 application completed application_id=APP-2026-466830 status=OFFER_ISSUED
2026-03-03T12:55:00.793+01:00 INFO api-gateway host=api-gateway-5b8f6c-x2k4p corrId=- health probe ok status=200 latency_ms=5
2026-03-03T12:55:55.898+01:00 INFO portal-bff host=portal-bff-7c9d5b-x2k4p corrId=c-21d2fe4074158c48 loan application submitted application_id=APP-2026-115426 customer_segment=RETAIL
2026-03-03T12:55:55.962+01:00 INFO identity-service host=identity-service-a41e92-x2k4p corrId=c-21d2fe4074158c48 MitID session validated customer_id=C63054650
2026-03-03T12:55:56.012+01:00 INFO customer-service host=customer-service-5b8f6c-x2k4p corrId=c-21d2fe4074158c48 KYC profile loaded customer_id=C63054650 risk_class=LOW
2026-03-03T12:55:56.139+01:00 INFO valuation-service host=valuation-service-a41e92-x2k4p corrId=c-21d2fe4074158c48 property valuation requested property_id=P4075582 provider=bolig-vurdering
2026-03-03T12:55:57.011+01:00 INFO valuation-service host=valuation-service-5b8f6c-p9qmz corrId=c-21d2fe4074158c48 property valuation received property_id=P4075582 value_dkk=4110000 latency_ms=746
2026-03-03T12:55:57.073+01:00 INFO credit-service host=credit-service-7c9d5b-x2k4p corrId=c-21d2fe4074158c48 credit assessment completed application_id=APP-2026-115426 score=694 decision=APPROVED
2026-03-03T12:55:57.130+01:00 INFO offer-service host=offer-service-7c9d5b-x2k4p corrId=c-21d2fe4074158c48 loan offer generated application_id=APP-2026-115426 loan_type=FIXED_30Y principal_dkk=1015000
2026-03-03T12:55:57.181+01:00 INFO document-service host=document-service-5b8f6c-x2k4p corrId=c-21d2fe4074158c48 offer document stored application_id=APP-2026-115426 doc_id=DOC-c15ea82b
2026-03-03T12:55:57.242+01:00 INFO portal-bff host=portal-bff-5b8f6c-x2k4p corrId=c-21d2fe4074158c48 application completed application_id=APP-2026-115426 status=OFFER_ISSUED
2026-03-03T12:56:22.842+01:00 INFO portal-bff host=portal-bff-7c9d5b-t6zvn corrId=c-1d24c5d4ec0be08d loan application submitted application_id=APP-2026-658976 customer_segment=RETAIL
2026-03-03T12:56:22.860+01:00 INFO offer-service host=offer-service-7c9d5b-x2k4p corrId=c-69b4c3f8fa518795 offer accepted application_id=APP-2026-888066
2026-03-03T12:56:22.875+01:00 INFO identity-service host=identity-service-7c9d5b-t6zvn corrId=c-1d24c5d4ec0be08d MitID session validated customer_id=C80533174
2026-03-03T12:56:22.912+01:00 INFO ledger-service host=ledger-service-5b8f6c-t6zvn corrId=c-69b4c3f8fa518795 funds reserved application_id=APP-2026-888066 amount_dkk=2755000
2026-03-03T12:56:22.915+01:00 INFO customer-service host=customer-service-7c9d5b-t6zvn corrId=c-1d24c5d4ec0be08d KYC profile loaded customer_id=C80533174 risk_class=LOW
2026-03-03T12:56:23.006+01:00 INFO valuation-service host=valuation-service-5b8f6c-p9qmz corrId=c-1d24c5d4ec0be08d property valuation requested property_id=P6832572 provider=bolig-vurdering
2026-03-03T12:56:23.021+01:00 INFO payment-service host=payment-service-a41e92-t6zvn corrId=c-69b4c3f8fa518795 payout instruction sent application_id=APP-2026-888066 amount_dkk=2755000
2026-03-03T12:56:23.074+01:00 INFO ledger-service host=ledger-service-7c9d5b-p9qmz corrId=c-69b4c3f8fa518795 payout booked application_id=APP-2026-888066 posting_id=PST-ad102ffc7f
2026-03-03T12:56:23.119+01:00 INFO notification-service host=notification-service-5b8f6c-x2k4p corrId=c-69b4c3f8fa518795 payout confirmation sent application_id=APP-2026-888066
2026-03-03T12:56:24.021+01:00 INFO valuation-service host=valuation-service-5b8f6c-p9qmz corrId=c-1d24c5d4ec0be08d property valuation received property_id=P6832572 value_dkk=2640000 latency_ms=897
2026-03-03T12:56:24.159+01:00 INFO credit-service host=credit-service-a41e92-t6zvn corrId=c-1d24c5d4ec0be08d credit assessment completed application_id=APP-2026-658976 score=832 decision=APPROVED
2026-03-03T12:56:24.295+01:00 INFO offer-service host=offer-service-a41e92-t6zvn corrId=c-1d24c5d4ec0be08d loan offer generated application_id=APP-2026-658976 loan_type=FLEX_5Y principal_dkk=4735000
2026-03-03T12:56:24.416+01:00 INFO document-service host=document-service-a41e92-t6zvn corrId=c-1d24c5d4ec0be08d offer document stored application_id=APP-2026-658976 doc_id=DOC-a6796267
2026-03-03T12:56:24.485+01:00 INFO portal-bff host=portal-bff-a41e92-p9qmz corrId=c-1d24c5d4ec0be08d application completed application_id=APP-2026-658976 status=OFFER_ISSUED
2026-03-03T12:58:15.601+01:00 INFO portal-bff host=portal-bff-7c9d5b-x2k4p corrId=c-a7b51d64bda13232 loan application submitted application_id=APP-2026-799279 customer_segment=PRIVATE
2026-03-03T12:58:15.716+01:00 INFO identity-service host=identity-service-5b8f6c-p9qmz corrId=c-a7b51d64bda13232 MitID session validated customer_id=C17270464
2026-03-03T12:58:15.755+01:00 INFO customer-service host=customer-service-5b8f6c-t6zvn corrId=c-a7b51d64bda13232 KYC profile loaded customer_id=C17270464 risk_class=LOW
2026-03-03T12:58:15.855+01:00 INFO valuation-service host=valuation-service-5b8f6c-t6zvn corrId=c-a7b51d64bda13232 property valuation requested property_id=P3946970 provider=bolig-vurdering
2026-03-03T12:58:16.443+01:00 INFO valuation-service host=valuation-service-7c9d5b-p9qmz corrId=c-a7b51d64bda13232 property valuation received property_id=P3946970 value_dkk=1810000 latency_ms=453
2026-03-03T12:58:16.472+01:00 INFO credit-service host=credit-service-5b8f6c-t6zvn corrId=c-a7b51d64bda13232 credit assessment completed application_id=APP-2026-799279 score=475 decision=APPROVED
2026-03-03T12:58:16.552+01:00 INFO offer-service host=offer-service-7c9d5b-t6zvn corrId=c-a7b51d64bda13232 loan offer generated application_id=APP-2026-799279 loan_type=FLEX_5Y principal_dkk=2260000
2026-03-03T12:58:16.636+01:00 INFO document-service host=document-service-a41e92-t6zvn corrId=c-a7b51d64bda13232 offer document stored application_id=APP-2026-799279 doc_id=DOC-dec4f922
2026-03-03T12:58:16.708+01:00 INFO portal-bff host=portal-bff-5b8f6c-t6zvn corrId=c-a7b51d64bda13232 application completed application_id=APP-2026-799279 status=OFFER_ISSUED
2026-03-03T12:58:32.545+01:00 INFO portal-bff host=portal-bff-5b8f6c-p9qmz corrId=c-bd81abe669b77951 loan application submitted application_id=APP-2026-975824 customer_segment=RETAIL
2026-03-03T12:58:32.659+01:00 INFO identity-service host=identity-service-a41e92-t6zvn corrId=c-bd81abe669b77951 MitID session validated customer_id=C69833549
2026-03-03T12:58:32.771+01:00 INFO customer-service host=customer-service-a41e92-p9qmz corrId=c-bd81abe669b77951 KYC profile loaded customer_id=C69833549 risk_class=LOW
2026-03-03T12:58:32.894+01:00 INFO valuation-service host=valuation-service-5b8f6c-t6zvn corrId=c-bd81abe669b77951 property valuation requested property_id=P5204507 provider=valuta-ejd
2026-03-03T12:58:33.218+01:00 INFO valuation-service host=valuation-service-7c9d5b-t6zvn corrId=c-bd81abe669b77951 property valuation received property_id=P5204507 value_dkk=1290000 latency_ms=263
2026-03-03T12:58:33.285+01:00 INFO credit-service host=credit-service-7c9d5b-x2k4p corrId=c-bd81abe669b77951 credit assessment completed application_id=APP-2026-975824 score=827 decision=APPROVED
2026-03-03T12:58:33.297+01:00 INFO offer-service host=offer-service-5b8f6c-p9qmz corrId=c-bd81abe669b77951 loan offer generated application_id=APP-2026-975824 loan_type=FIXED_20Y_IO principal_dkk=1460000
2026-03-03T12:58:33.419+01:00 INFO document-service host=document-service-5b8f6c-t6zvn corrId=c-bd81abe669b77951 offer document stored application_id=APP-2026-975824 doc_id=DOC-c2987465
2026-03-03T12:58:33.485+01:00 INFO portal-bff host=portal-bff-a41e92-p9qmz corrId=c-bd81abe669b77951 application completed application_id=APP-2026-975824 status=OFFER_ISSUED
2026-03-03T12:58:58.084+01:00 INFO offer-service host=offer-service-7c9d5b-t6zvn corrId=c-1fd1eac83b8d833c offer accepted application_id=APP-2026-825870
2026-03-03T12:58:58.204+01:00 INFO ledger-service host=ledger-service-a41e92-p9qmz corrId=c-1fd1eac83b8d833c funds reserved application_id=APP-2026-825870 amount_dkk=3875000
2026-03-03T12:58:58.331+01:00 INFO payment-service host=payment-service-7c9d5b-p9qmz corrId=c-1fd1eac83b8d833c payout instruction sent application_id=APP-2026-825870 amount_dkk=3875000
2026-03-03T12:58:58.359+01:00 INFO ledger-service host=ledger-service-a41e92-t6zvn corrId=c-1fd1eac83b8d833c payout booked application_id=APP-2026-825870 posting_id=PST-4e69230425
2026-03-03T12:58:58.399+01:00 INFO notification-service host=notification-service-5b8f6c-p9qmz corrId=c-1fd1eac83b8d833c payout confirmation sent application_id=APP-2026-825870
2026-03-03T13:00:00.120+01:00 INFO api-gateway host=api-gateway-7c9d5b-x2k4p corrId=- health probe ok status=200 latency_ms=32
2026-03-03T13:00:00.403+01:00 INFO payment-scheduler host=payment-scheduler-7c9d5b-p9qmz corrId=- scheduler heartbeat lag_ms=109
2026-03-03T13:00:10.000+01:00 INFO config-service host=config-service-7c9d5b-p9qmz corrId=- configuration refreshed version=v140
2026-03-03T13:01:41.300+01:00 INFO portal-bff host=portal-bff-a41e92-x2k4p corrId=c-c2dd43e5459f4e96 loan application submitted application_id=APP-2026-567987 customer_segment=PRIVATE
2026-03-03T13:01:41.308+01:00 INFO identity-service host=identity-service-5b8f6c-x2k4p corrId=c-c2dd43e5459f4e96 MitID session validated customer_id=C34902384
2026-03-03T13:01:41.402+01:00 INFO customer-service host=customer-service-7c9d5b-p9qmz corrId=c-c2dd43e5459f4e96 KYC profile loaded customer_id=C34902384 risk_class=LOW
2026-03-03T13:01:41.413+01:00 INFO valuation-service host=valuation-service-5b8f6c-p9qmz corrId=c-c2dd43e5459f4e96 property valuation served from cache property_id=P0759064 value_dkk=4850000
2026-03-03T13:01:41.529+01:00 INFO credit-service host=credit-service-a41e92-t6zvn corrId=c-c2dd43e5459f4e96 credit assessment completed application_id=APP-2026-567987 score=664 decision=APPROVED
2026-03-03T13:01:41.541+01:00 INFO offer-service host=offer-service-a41e92-p9qmz corrId=c-c2dd43e5459f4e96 loan offer generated application_id=APP-2026-567987 loan_type=FLEX_5Y principal_dkk=815000
2026-03-03T13:01:41.596+01:00 INFO document-service host=document-service-a41e92-p9qmz corrId=c-c2dd43e5459f4e96 offer document stored application_id=APP-2026-567987 doc_id=DOC-95b88d04
2026-03-03T13:01:41.633+01:00 INFO portal-bff host=portal-bff-7c9d5b-p9qmz corrId=c-c2dd43e5459f4e96 application completed application_id=APP-2026-567987 status=OFFER_ISSUED
2026-03-03T13:04:40.785+01:00 INFO portal-bff host=portal-bff-7c9d5b-x2k4p corrId=c-6f9afe69c69b272f conversion quote requested loan_id=LN880196924 target_product=FLEX_1Y
2026-03-03T13:04:40.809+01:00 INFO identity-service host=identity-service-5b8f6c-t6zvn corrId=c-6f9afe69c69b272f MitID session validated customer_id=C33152749
2026-03-03T13:04:40.858+01:00 INFO pricing-service host=pricing-service-7c9d5b-p9qmz corrId=c-6f9afe69c69b272f bond price fetched series=BND3.0-2053 price=99.827
2026-03-03T13:04:40.908+01:00 INFO pricing-service host=pricing-service-7c9d5b-x2k4p corrId=c-6f9afe69c69b272f conversion cost calculated loan_id=LN880196924 cost_dkk=82075.46
2026-03-03T13:04:40.987+01:00 INFO quote-service host=quote-service-7c9d5b-t6zvn corrId=c-6f9afe69c69b272f conversion quote issued quote_id=Q30834739 loan_id=LN880196924
2026-03-03T13:05:00.732+01:00 INFO api-gateway host=api-gateway-7c9d5b-p9qmz corrId=- health probe ok status=200 latency_ms=29
2026-03-03T13:05:01.079+01:00 INFO portal-bff host=portal-bff-5b8f6c-t6zvn corrId=c-2f5fa622d073a7d8 loan application submitted application_id=APP-2026-098147 customer_segment=PRIVATE
2026-03-03T13:05:01.152+01:00 INFO identity-service host=identity-service-7c9d5b-p9qmz corrId=c-2f5fa622d073a7d8 MitID session validated customer_id=C72770294
2026-03-03T13:05:01.200+01:00 INFO customer-service host=customer-service-5b8f6c-t6zvn corrId=c-2f5fa622d073a7d8 KYC profile loaded customer_id=C72770294 risk_class=MEDIUM
2026-03-03T13:05:01.313+01:00 INFO valuation-service host=valuation-service-5b8f6c-p9qmz corrId=c-2f5fa622d073a7d8 property valuation requested property_id=P1659919 provider=valuta-ejd
2026-03-03T13:05:02.257+01:00 INFO valuation-service host=valuation-service-a41e92-x2k4p corrId=c-2f5fa622d073a7d8 property valuation received property_id=P1659919 value_dkk=6070000 latency_ms=806
2026-03-03T13:05:02.362+01:00 INFO credit-service host=credit-service-a41e92-t6zvn corrId=c-2f5fa622d073a7d8 credit assessment completed application_id=APP-2026-098147 score=430 decision=APPROVED
2026-03-03T13:05:02.374+01:00 INFO offer-service host=offer-service-7c9d5b-t6zvn corrId=c-2f5fa622d073a7d8 loan offer generated application_id=APP-2026-098147 loan_type=FLEX_1Y principal_dkk=5650000
2026-03-03T13:05:02.389+01:00 INFO document-service host=document-service-7c9d5b-t6zvn corrId=c-2f5fa622d073a7d8 offer document stored application_id=APP-2026-098147 doc_id=DOC-66c21240
2026-03-03T13:05:02.473+01:00 INFO portal-bff host=portal-bff-a41e92-t6zvn corrId=c-2f5fa622d073a7d8 application completed application_id=APP-2026-098147 status=OFFER_ISSUED
2026-03-03T13:05:32.363+01:00 INFO portal-bff host=portal-bff-7c9d5b-p9qmz corrId=c-740807a81b79f55b loan application submitted application_id=APP-2026-318993 customer_segment=PRIVATE
2026-03-03T13:05:32.401+01:00 INFO identity-service host=identity-service-7c9d5b-p9qmz corrId=c-740807a81b79f55b MitID session validated customer_id=C57977208
2026-03-03T13:05:32.471+01:00 INFO customer-service host=customer-service-7c9d5b-p9qmz corrId=c-740807a81b79f55b KYC profile loaded customer_id=C57977208 risk_class=LOW
2026-03-03T13:05:32.545+01:00 INFO valuation-service host=valuation-service-7c9d5b-p9qmz corrId=c-740807a81b79f55b property valuation requested property_id=P2697525 provider=valuta-ejd
2026-03-03T13:05:33.496+01:00 INFO valuation-service host=valuation-service-a41e92-t6zvn corrId=c-740807a81b79f55b property valuation received property_id=P2697525 value_dkk=4090000 latency_ms=855
2026-03-03T13:05:33.515+01:00 INFO credit-service host=credit-service-a41e92-x2k4p corrId=c-740807a81b79f55b credit assessment completed application_id=APP-2026-318993 score=474 decision=APPROVED
2026-03-03T13:05:33.595+01:00 INFO offer-service host=offer-service-a41e92-p9qmz corrId=c-740807a81b79f55b loan offer generated application_id=APP-2026-318993 loan_type=FIXED_20Y_IO principal_dkk=2360000
2026-03-03T13:05:33.711+01:00 INFO document-service host=document-service-a41e92-p9qmz corrId=c-740807a81b79f55b offer document stored application_id=APP-2026-318993 doc_id=DOC-f6d5fcdd
2026-03-03T13:05:33.725+01:00 INFO portal-bff host=portal-bff-a41e92-t6zvn corrId=c-740807a81b79f55b application completed application_id=APP-2026-318993 status=OFFER_ISSUED
2026-03-03T13:06:27.297+01:00 INFO portal-bff host=portal-bff-5b8f6c-x2k4p corrId=c-455de10b7b45ecd2 loan application submitted application_id=APP-2026-794875 customer_segment=SME
2026-03-03T13:06:27.403+01:00 INFO identity-service host=identity-service-a41e92-p9qmz corrId=c-455de10b7b45ecd2 MitID session validated customer_id=C26679003
2026-03-03T13:06:27.409+01:00 INFO customer-service host=customer-service-5b8f6c-p9qmz corrId=c-455de10b7b45ecd2 KYC profile loaded customer_id=C26679003 risk_class=HIGH
2026-03-03T13:06:27.510+01:00 INFO valuation-service host=valuation-service-a41e92-p9qmz corrId=c-455de10b7b45ecd2 property valuation requested property_id=P6735260 provider=bolig-vurdering
2026-03-03T13:06:28.124+01:00 INFO valuation-service host=valuation-service-5b8f6c-p9qmz corrId=c-455de10b7b45ecd2 property valuation received property_id=P6735260 value_dkk=1550000 latency_ms=544
2026-03-03T13:06:28.168+01:00 INFO credit-service host=credit-service-7c9d5b-p9qmz corrId=c-455de10b7b45ecd2 credit assessment completed application_id=APP-2026-794875 score=429 decision=APPROVED
2026-03-03T13:06:28.195+01:00 INFO offer-service host=offer-service-5b8f6c-t6zvn corrId=c-455de10b7b45ecd2 loan offer generated application_id=APP-2026-794875 loan_type=FIXED_30Y principal_dkk=2185000
2026-03-03T13:06:28.212+01:00 INFO document-service host=document-service-5b8f6c-x2k4p corrId=c-455de10b7b45ecd2 offer document stored application_id=APP-2026-794875 doc_id=DOC-c7e49bac
2026-03-03T13:06:28.249+01:00 INFO portal-bff host=portal-bff-7c9d5b-x2k4p corrId=c-455de10b7b45ecd2 application completed application_id=APP-2026-794875 status=OFFER_ISSUED
2026-03-03T13:07:57.560+01:00 INFO portal-bff host=portal-bff-7c9d5b-x2k4p corrId=c-0816cde64e80426d loan application submitted application_id=APP-2026-267414 customer_segment=SME
2026-03-03T13:07:57.581+01:00 INFO identity-service host=identity-service-a41e92-p9qmz corrId=c-0816cde64e80426d MitID session validated customer_id=C55822264
2026-03-03T13:07:57.650+01:00 INFO customer-service host=customer-service-7c9d5b-t6zvn corrId=c-0816cde64e80426d KYC profile loaded customer_id=C55822264 risk_class=MEDIUM
2026-03-03T13:07:57.769+01:00 INFO valuation-service host=valuation-service-5b8f6c-x2k4p corrId=c-0816cde64e80426d property valuation requested property_id=P7046345 provider=bolig-vurdering
2026-03-03T13:07:58.215+01:00 INFO valuation-service host=valuation-service-7c9d5b-x2k4p corrId=c-0816cde64e80426d property valuation received property_id=P7046345 value_dkk=8050000 latency_ms=392
2026-03-03T13:07:58.304+01:00 INFO credit-service host=credit-service-5b8f6c-t6zvn corrId=c-0816cde64e80426d credit assessment completed application_id=APP-2026-267414 score=807 decision=APPROVED
2026-03-03T13:07:58.411+01:00 INFO offer-service host=offer-service-7c9d5b-p9qmz corrId=c-0816cde64e80426d loan offer generated application_id=APP-2026-267414 loan_type=FLEX_5Y principal_dkk=880000
2026-03-03T13:07:58.492+01:00 INFO document-service host=document-service-7c9d5b-t6zvn corrId=c-0816cde64e80426d offer document stored application_id=APP-2026-267414 doc_id=DOC-82c001e8
2026-03-03T13:07:58.501+01:00 INFO portal-bff host=portal-bff-a41e92-p9qmz corrId=c-0816cde64e80426d application completed application_id=APP-2026-267414 status=OFFER_ISSUED
2026-03-03T13:08:26.812+01:00 INFO portal-bff host=portal-bff-7c9d5b-t6zvn corrId=c-6677e6bfa0433d30 loan application submitted application_id=APP-2026-574228 customer_segment=SME
2026-03-03T13:08:26.833+01:00 INFO identity-service host=identity-service-5b8f6c-x2k4p corrId=c-6677e6bfa0433d30 MitID session validated customer_id=C82656752
2026-03-03T13:08:26.845+01:00 INFO customer-service host=customer-service-5b8f6c-p9qmz corrId=c-6677e6bfa0433d30 KYC profile loaded customer_id=C82656752 risk_class=LOW
2026-03-03T13:08:26.982+01:00 INFO valuation-service host=valuation-service-7c9d5b-t6zvn corrId=c-6677e6bfa0433d30 property valuation requested property_id=P2609662 provider=valuta-ejd
2026-03-03T13:08:27.485+01:00 INFO valuation-service host=valuation-service-5b8f6c-p9qmz corrId=c-6677e6bfa0433d30 property valuation received property_id=P2609662 value_dkk=2680000 latency_ms=389
2026-03-03T13:08:27.533+01:00 INFO credit-service host=credit-service-a41e92-p9qmz corrId=c-6677e6bfa0433d30 credit assessment completed application_id=APP-2026-574228 score=728 decision=APPROVED
2026-03-03T13:08:27.558+01:00 INFO offer-service host=offer-service-5b8f6c-x2k4p corrId=c-6677e6bfa0433d30 loan offer generated application_id=APP-2026-574228 loan_type=FLEX_1Y principal_dkk=5850000
2026-03-03T13:08:27.670+01:00 INFO document-service host=document-service-7c9d5b-x2k4p corrId=c-6677e6bfa0433d30 offer document stored application_id=APP-2026-574228 doc_id=DOC-11f436ea
2026-03-03T13:08:27.774+01:00 INFO portal-bff host=portal-bff-5b8f6c-t6zvn corrId=c-6677e6bfa0433d30 application completed application_id=APP-2026-574228 status=OFFER_ISSUED
2026-03-03T13:08:48.336+01:00 INFO portal-bff host=portal-bff-a41e92-t6zvn corrId=c-3b94d8cd70ec9158 conversion quote requested loan_id=LN750617130 target_product=FLEX_5Y
2026-03-03T13:08:48.400+01:00 INFO identity-service host=identity-service-7c9d5b-p9qmz corrId=c-3b94d8cd70ec9158 MitID session validated customer_id=C74949520
2026-03-03T13:08:48.433+01:00 INFO pricing-service host=pricing-service-5b8f6c-t6zvn corrId=c-3b94d8cd70ec9158 bond price fetched series=BND2.5-2053 price=89.303
2026-03-03T13:08:48.552+01:00 INFO pricing-service host=pricing-service-a41e92-p9qmz corrId=c-3b94d8cd70ec9158 conversion cost calculated loan_id=LN750617130 cost_dkk=60220.83
2026-03-03T13:08:48.622+01:00 INFO quote-service host=quote-service-5b8f6c-x2k4p corrId=c-3b94d8cd70ec9158 conversion quote issued quote_id=Q24767456 loan_id=LN750617130
2026-03-03T13:09:29.547+01:00 INFO portal-bff host=portal-bff-5b8f6c-x2k4p corrId=c-a7e1fd211774d7a7 loan application submitted application_id=APP-2026-415406 customer_segment=SME
2026-03-03T13:09:29.674+01:00 INFO identity-service host=identity-service-a41e92-t6zvn corrId=c-a7e1fd211774d7a7 MitID session validated customer_id=C34093375
2026-03-03T13:09:29.754+01:00 INFO customer-service host=customer-service-7c9d5b-t6zvn corrId=c-a7e1fd211774d7a7 KYC profile loaded customer_id=C34093375 risk_class=HIGH
2026-03-03T13:09:29.875+01:00 INFO valuation-service host=valuation-service-a41e92-t6zvn corrId=c-a7e1fd211774d7a7 property valuation requested property_id=P2110861 provider=bolig-vurdering
2026-03-03T13:09:30.379+01:00 INFO valuation-service host=valuation-service-7c9d5b-t6zvn corrId=c-a7e1fd211774d7a7 property valuation received property_id=P2110861 value_dkk=4500000 latency_ms=468
2026-03-03T13:09:30.460+01:00 INFO credit-service host=credit-service-5b8f6c-p9qmz corrId=c-a7e1fd211774d7a7 credit assessment completed application_id=APP-2026-415406 score=724 decision=APPROVED
2026-03-03T13:09:30.488+01:00 INFO offer-service host=offer-service-7c9d5b-x2k4p corrId=c-a7e1fd211774d7a7 loan offer generated application_id=APP-2026-415406 loan_type=FLEX_1Y principal_dkk=790000
2026-03-03T13:09:30.521+01:00 INFO document-service host=document-service-5b8f6c-p9qmz corrId=c-a7e1fd211774d7a7 offer document stored application_id=APP-2026-415406 doc_id=DOC-983105f2
2026-03-03T13:09:30.529+01:00 INFO portal-bff host=portal-bff-a41e92-t6zvn corrId=c-a7e1fd211774d7a7 application completed application_id=APP-2026-415406 status=OFFER_ISSUED
2026-03-03T13:10:00.371+01:00 INFO api-gateway host=api-gateway-5b8f6c-p9qmz corrId=- health probe ok status=200 latency_ms=37
2026-03-03T13:10:00.424+01:00 INFO payment-scheduler host=payment-scheduler-5b8f6c-x2k4p corrId=- scheduler heartbeat lag_ms=41
2026-03-03T13:10:24.594+01:00 INFO offer-service host=offer-service-7c9d5b-x2k4p corrId=c-8d06462deffde015 offer accepted application_id=APP-2026-963071
2026-03-03T13:10:24.686+01:00 INFO ledger-service host=ledger-service-a41e92-x2k4p corrId=c-8d06462deffde015 funds reserved application_id=APP-2026-963071 amount_dkk=4745000
2026-03-03T13:10:24.700+01:00 INFO payment-service host=payment-service-5b8f6c-t6zvn corrId=c-8d06462deffde015 payout instruction sent application_id=APP-2026-963071 amount_dkk=4745000
2026-03-03T13:10:24.722+01:00 INFO ledger-service host=ledger-service-7c9d5b-t6zvn corrId=c-8d06462deffde015 payout booked application_id=APP-2026-963071 posting_id=PST-b24ced2fe9
2026-03-03T13:10:24.741+01:00 INFO notification-service host=notification-service-a41e92-t6zvn corrId=c-8d06462deffde015 payout confirmation sent application_id=APP-2026-963071
2026-03-03T13:11:53.432+01:00 INFO portal-bff host=portal-bff-a41e92-p9qmz corrId=c-1705bab921e931b2 loan application submitted application_id=APP-2026-049182 customer_segment=RETAIL
2026-03-03T13:11:53.497+01:00 INFO identity-service host=identity-service-7c9d5b-p9qmz corrId=c-1705bab921e931b2 MitID session validated customer_id=C88174278
2026-03-03T13:11:53.545+01:00 INFO customer-service host=customer-service-7c9d5b-t6zvn corrId=c-1705bab921e931b2 KYC profile loaded customer_id=C88174278 risk_class=LOW
2026-03-03T13:11:53.556+01:00 INFO valuation-service host=valuation-service-5b8f6c-x2k4p corrId=c-1705bab921e931b2 property valuation served from cache property_id=P6476463 value_dkk=850000
2026-03-03T13:11:53.657+01:00 INFO credit-service host=credit-service-5b8f6c-p9qmz corrId=c-1705bab921e931b2 credit assessment completed application_id=APP-2026-049182 score=475 decision=APPROVED
2026-03-03T13:11:53.757+01:00 INFO offer-service host=offer-service-5b8f6c-p9qmz corrId=c-1705bab921e931b2 loan offer generated application_id=APP-2026-049182 loan_type=FLEX_1Y principal_dkk=4405000
2026-03-03T13:11:53.802+01:00 INFO document-service host=document-service-a41e92-p9qmz corrId=c-1705bab921e931b2 offer document stored application_id=APP-2026-049182 doc_id=DOC-b1492ae9
2026-03-03T13:11:53.844+01:00 INFO portal-bff host=portal-bff-5b8f6c-p9qmz corrId=c-1705bab921e931b2 application completed application_id=APP-2026-049182 status=OFFER_ISSUED
2026-03-03T13:12:07.583+01:00 INFO portal-bff host=portal-bff-7c9d5b-t6zvn corrId=c-24c3c94e0aa25789 loan application submitted application_id=APP-2026-095413 customer_segment=RETAIL
2026-03-03T13:12:07.593+01:00 INFO identity-service host=identity-service-a41e92-t6zvn corrId=c-24c3c94e0aa25789 MitID session validated customer_id=C83149904
2026-03-03T13:12:07.616+01:00 INFO customer-service host=customer-service-5b8f6c-p9qmz corrId=c-24c3c94e0aa25789 KYC profile loaded customer_id=C83149904 risk_class=MEDIUM
2026-03-03T13:12:07.707+01:00 INFO valuation-service host=valuation-service-7c9d5b-t6zvn corrId=c-24c3c94e0aa25789 property valuation requested property_id=P9210327 provider=bolig-vurdering
2026-03-03T13:12:08.230+01:00 INFO valuation-service host=valuation-service-5b8f6c-x2k4p corrId=c-24c3c94e0aa25789 property valuation received property_id=P9210327 value_dkk=2520000 latency_ms=437
2026-03-03T13:12:08.280+01:00 INFO credit-service host=credit-service-7c9d5b-p9qmz corrId=c-24c3c94e0aa25789 credit assessment completed application_id=APP-2026-095413 score=768 decision=APPROVED
2026-03-03T13:12:08.350+01:00 INFO offer-service host=offer-service-7c9d5b-p9qmz corrId=c-24c3c94e0aa25789 loan offer generated application_id=APP-2026-095413 loan_type=FIXED_20Y_IO principal_dkk=5360000
2026-03-03T13:12:08.484+01:00 INFO document-service host=document-service-7c9d5b-p9qmz corrId=c-24c3c94e0aa25789 offer document stored application_id=APP-2026-095413 doc_id=DOC-fde3d0fa
2026-03-03T13:12:08.575+01:00 INFO portal-bff host=portal-bff-7c9d5b-t6zvn corrId=c-24c3c94e0aa25789 application completed application_id=APP-2026-095413 status=OFFER_ISSUED
2026-03-03T13:13:25.269+01:00 INFO portal-bff host=portal-bff-5b8f6c-t6zvn corrId=c-89234876a154332a loan application submitted application_id=APP-2026-830424 customer_segment=PRIVATE
2026-03-03T13:13:25.399+01:00 INFO identity-service host=identity-service-a41e92-p9qmz corrId=c-89234876a154332a MitID session validated customer_id=C41841919
2026-03-03T13:13:25.422+01:00 INFO customer-service host=customer-service-5b8f6c-x2k4p corrId=c-89234876a154332a KYC profile loaded customer_id=C41841919 risk_class=HIGH
2026-03-03T13:13:25.540+01:00 INFO valuation-service host=valuation-service-7c9d5b-x2k4p corrId=c-89234876a154332a property valuation requested property_id=P0953403 provider=bolig-vurdering
2026-03-03T13:13:26.110+01:00 INFO valuation-service host=valuation-service-7c9d5b-p9qmz corrId=c-89234876a154332a property valuation received property_id=P0953403 value_dkk=1020000 latency_ms=514
2026-03-03T13:13:26.139+01:00 INFO credit-service host=credit-service-7c9d5b-x2k4p corrId=c-89234876a154332a credit assessment completed application_id=APP-2026-830424 score=540 decision=APPROVED
2026-03-03T13:13:26.218+01:00 INFO offer-service host=offer-service-a41e92-t6zvn corrId=c-89234876a154332a loan offer generated application_id=APP-2026-830424 loan_type=FLEX_1Y principal_dkk=4465000
2026-03-03T13:13:26.251+01:00 INFO document-service host=document-service-a41e92-x2k4p corrId=c-89234876a154332a offer document stored application_id=APP-2026-830424 doc_id=DOC-4aa2234d
2026-03-03T13:13:26.294+01:00 INFO portal-bff host=portal-bff-5b8f6c-x2k4p corrId=c-89234876a154332a application completed application_id=APP-2026-830424 status=OFFER_ISSUED
2026-03-03T13:13:58.423+01:00 INFO portal-bff host=portal-bff-a41e92-t6zvn corrId=c-da9770d5b4c6c2fc loan application submitted application_id=APP-2026-894302 customer_segment=RETAIL
2026-03-03T13:13:58.557+01:00 INFO identity-service host=identity-service-a41e92-t6zvn corrId=c-da9770d5b4c6c2fc MitID session validated customer_id=C89011232
2026-03-03T13:13:58.598+01:00 INFO customer-service host=customer-service-7c9d5b-t6zvn corrId=c-da9770d5b4c6c2fc KYC profile loaded customer_id=C89011232 risk_class=LOW
2026-03-03T13:13:58.722+01:00 INFO valuation-service host=valuation-service-5b8f6c-t6zvn corrId=c-da9770d5b4c6c2fc property valuation requested property_id=P9577172 provider=valuta-ejd
2026-03-03T13:13:59.676+01:00 INFO valuation-service host=valuation-service-a41e92-t6zvn corrId=c-da9770d5b4c6c2fc property valuation received property_id=P9577172 value_dkk=4050000 latency_ms=823
2026-03-03T13:13:59.732+01:00 INFO credit-service host=credit-service-a41e92-p9qmz corrId=c-da9770d5b4c6c2fc credit assessment completed application_id=APP-2026-894302 score=641 decision=APPROVED
2026-03-03T13:13:59.802+01:00 INFO offer-service host=offer-service-7c9d5b-t6zvn corrId=c-da9770d5b4c6c2fc loan offer generated application_id=APP-2026-894302 loan_type=FLEX_5Y principal_dkk=1830000
2026-03-03T13:13:59.919+01:00 INFO document-service host=document-service-7c9d5b-x2k4p corrId=c-da9770d5b4c6c2fc offer document stored application_id=APP-2026-894302 doc_id=DOC-cd179c1b
2026-03-03T13:13:59.966+01:00 INFO portal-bff host=portal-bff-a41e92-x2k4p corrId=c-da9770d5b4c6c2fc application completed application_id=APP-2026-894302 status=OFFER_ISSUED
2026-03-03T13:14:06.191+01:00 INFO portal-bff host=portal-bff-a41e92-p9qmz corrId=c-7430d444e41fee7e loan application submitted application_id=APP-2026-282973 customer_segment=PRIVATE
2026-03-03T13:14:06.212+01:00 INFO identity-service host=identity-service-a41e92-p9qmz corrId=c-7430d444e41fee7e MitID session validated customer_id=C42192592
2026-03-03T13:14:06.275+01:00 INFO customer-service host=customer-service-a41e92-p9qmz corrId=c-7430d444e41fee7e KYC profile loaded customer_id=C42192592 risk_class=LOW
2026-03-03T13:14:06.329+01:00 INFO valuation-service host=valuation-service-7c9d5b-x2k4p corrId=c-7430d444e41fee7e property valuation requested property_id=P8351643 provider=valuta-ejd
2026-03-03T13:14:07.320+01:00 INFO valuation-service host=valuation-service-5b8f6c-p9qmz corrId=c-7430d444e41fee7e property valuation received property_id=P8351643 value_dkk=7700000 latency_ms=943
2026-03-03T13:14:07.448+01:00 INFO credit-service host=credit-service-a41e92-x2k4p corrId=c-7430d444e41fee7e credit assessment completed application_id=APP-2026-282973 score=522 decision=APPROVED
2026-03-03T13:14:07.514+01:00 INFO offer-service host=offer-service-5b8f6c-x2k4p corrId=c-7430d444e41fee7e loan offer generated application_id=APP-2026-282973 loan_type=FLEX_5Y principal_dkk=5110000
2026-03-03T13:14:07.574+01:00 INFO document-service host=document-service-7c9d5b-p9qmz corrId=c-7430d444e41fee7e offer document stored application_id=APP-2026-282973 doc_id=DOC-be57c265
2026-03-03T13:14:07.701+01:00 INFO portal-bff host=portal-bff-7c9d5b-x2k4p corrId=c-7430d444e41fee7e application completed application_id=APP-2026-282973 status=OFFER_ISSUED
2026-03-03T13:14:31.962+01:00 INFO portal-bff host=portal-bff-5b8f6c-p9qmz corrId=c-da5560b77258b996 loan application submitted application_id=APP-2026-725550 customer_segment=PRIVATE
2026-03-03T13:14:32.013+01:00 INFO identity-service host=identity-service-a41e92-t6zvn corrId=c-da5560b77258b996 MitID session validated customer_id=C93559151
2026-03-03T13:14:32.058+01:00 INFO customer-service host=customer-service-5b8f6c-x2k4p corrId=c-da5560b77258b996 KYC profile loaded customer_id=C93559151 risk_class=LOW
2026-03-03T13:14:32.173+01:00 INFO valuation-service host=valuation-service-a41e92-x2k4p corrId=c-da5560b77258b996 property valuation requested property_id=P5186468 provider=bolig-vurdering
2026-03-03T13:14:32.534+01:00 INFO valuation-service host=valuation-service-a41e92-p9qmz corrId=c-da5560b77258b996 property valuation received property_id=P5186468 value_dkk=4620000 latency_ms=267
2026-03-03T13:14:32.662+01:00 INFO credit-service host=credit-service-a41e92-t6zvn corrId=c-da5560b77258b996 credit assessment completed application_id=APP-2026-725550 score=624 decision=APPROVED
2026-03-03T13:14:32.781+01:00 INFO offer-service host=offer-service-5b8f6c-x2k4p corrId=c-da5560b77258b996 loan offer generated application_id=APP-2026-725550 loan_type=FLEX_1Y principal_dkk=5835000
2026-03-03T13:14:32.835+01:00 INFO document-service host=document-service-5b8f6c-x2k4p corrId=c-da5560b77258b996 offer document stored application_id=APP-2026-725550 doc_id=DOC-fc982814
2026-03-03T13:14:32.900+01:00 INFO portal-bff host=portal-bff-5b8f6c-p9qmz corrId=c-da5560b77258b996 application completed application_id=APP-2026-725550 status=OFFER_ISSUED
2026-03-03T13:15:00.898+01:00 INFO api-gateway host=api-gateway-7c9d5b-x2k4p corrId=- health probe ok status=200 latency_ms=10
2026-03-03T13:15:34.036+01:00 INFO portal-bff host=portal-bff-5b8f6c-p9qmz corrId=c-fef0c12d145a4e95 loan application submitted application_id=APP-2026-132360 customer_segment=SME
2026-03-03T13:15:34.063+01:00 WARN identity-service host=identity-service-7c9d5b-x2k4p corrId=c-fef0c12d145a4e95 MitID token refresh attempt=1
2026-03-03T13:15:34.102+01:00 INFO identity-service host=identity-service-5b8f6c-t6zvn corrId=c-fef0c12d145a4e95 MitID session validated customer_id=C23821032
2026-03-03T13:15:34.146+01:00 INFO customer-service host=customer-service-5b8f6c-t6zvn corrId=c-fef0c12d145a4e95 KYC profile loaded customer_id=C23821032 risk_class=HIGH
2026-03-03T13:15:34.189+01:00 INFO valuation-service host=valuation-service-a41e92-t6zvn corrId=c-fef0c12d145a4e95 property valuation requested property_id=P6785998 provider=valuta-ejd
2026-03-03T13:15:34.839+01:00 INFO valuation-service host=valuation-service-a41e92-x2k4p corrId=c-fef0c12d145a4e95 property valuation received property_id=P6785998 value_dkk=7840000 latency_ms=530
2026-03-03T13:15:34.925+01:00 INFO credit-service host=credit-service-a41e92-t6zvn corrId=c-fef0c12d145a4e95 credit assessment completed application_id=APP-2026-132360 score=488 decision=APPROVED
2026-03-03T13:15:34.971+01:00 INFO offer-service host=offer-service-a41e92-p9qmz corrId=c-fef0c12d145a4e95 loan offer generated application_id=APP-2026-132360 loan_type=FLEX_5Y principal_dkk=5330000
2026-03-03T13:15:35.011+01:00 INFO document-service host=document-service-5b8f6c-p9qmz corrId=c-fef0c12d145a4e95 offer document stored application_id=APP-2026-132360 doc_id=DOC-796987ad
2026-03-03T13:15:35.138+01:00 INFO portal-bff host=portal-bff-5b8f6c-x2k4p corrId=c-fef0c12d145a4e95 application completed application_id=APP-2026-132360 status=OFFER_ISSUED
2026-03-03T13:17:07.399+01:00 INFO portal-bff host=portal-bff-a41e92-p9qmz corrId=c-664579b7006c6cab loan application submitted application_id=APP-2026-279910 customer_segment=RETAIL
2026-03-03T13:17:07.414+01:00 INFO identity-service host=identity-service-5b8f6c-p9qmz corrId=c-664579b7006c6cab MitID session validated customer_id=C64593212
2026-03-03T13:17:07.529+01:00 INFO customer-service host=customer-service-7c9d5b-t6zvn corrId=c-664579b7006c6cab KYC profile loaded customer_id=C64593212 risk_class=LOW
2026-03-03T13:17:07.537+01:00 INFO valuation-service host=valuation-service-7c9d5b-x2k4p corrId=c-664579b7006c6cab property valuation requested property_id=P6916888 provider=valuta-ejd
2026-03-03T13:17:08.407+01:00 INFO valuation-service host=valuation-service-5b8f6c-t6zvn corrId=c-664579b7006c6cab property valuation received property_id=P6916888 value_dkk=7410000 latency_ms=799
2026-03-03T13:17:08.450+01:00 INFO credit-service host=credit-service-7c9d5b-p9qmz corrId=c-664579b7006c6cab credit assessment completed application_id=APP-2026-279910 score=734 decision=APPROVED
2026-03-03T13:17:08.461+01:00 INFO offer-service host=offer-service-5b8f6c-t6zvn corrId=c-664579b7006c6cab loan offer generated application_id=APP-2026-279910 loan_type=FLEX_5Y principal_dkk=4355000
2026-03-03T13:17:08.492+01:00 INFO document-service host=document-service-7c9d5b-t6zvn corrId=c-664579b7006c6cab offer document stored application_id=APP-2026-279910 doc_id=DOC-a668c83a
2026-03-03T13:17:08.505+01:00 INFO portal-bff host=portal-bff-a41e92-p9qmz corrId=c-664579b7006c6cab application completed application_id=APP-2026-279910 status=OFFER_ISSUED
2026-03-03T13:20:00.235+01:00 INFO payment-scheduler host=payment-scheduler-5b8f6c-x2k4p corrId=- scheduler heartbeat lag_ms=56
2026-03-03T13:20:00.540+01:00 INFO api-gateway host=api-gateway-7c9d5b-p9qmz corrId=- health probe ok status=200 latency_ms=29
2026-03-03T13:21:34.915+01:00 INFO portal-bff host=portal-bff-5b8f6c-t6zvn corrId=c-3cf8a85ed5fd2d88 conversion quote requested loan_id=LN179878584 target_product=FIXED_30Y
2026-03-03T13:21:35.048+01:00 INFO identity-service host=identity-service-7c9d5b-p9qmz corrId=c-3cf8a85ed5fd2d88 MitID session validated customer_id=C29966264
2026-03-03T13:21:35.147+01:00 INFO pricing-service host=pricing-service-a41e92-x2k4p corrId=c-3cf8a85ed5fd2d88 bond price fetched series=BND3.0-2053 price=94.556
2026-03-03T13:21:35.189+01:00 INFO pricing-service host=pricing-service-7c9d5b-t6zvn corrId=c-3cf8a85ed5fd2d88 conversion cost calculated loan_id=LN179878584 cost_dkk=86527.11
2026-03-03T13:21:35.326+01:00 INFO quote-service host=quote-service-a41e92-p9qmz corrId=c-3cf8a85ed5fd2d88 conversion quote issued quote_id=Q23617547 loan_id=LN179878584
2026-03-03T13:21:59.000+01:00 INFO valuation-service host=valuation-service-5b8f6c-p9qmz corrId=- jvm gc pause pause_ms=23
2026-03-03T13:22:17.951+01:00 INFO portal-bff host=portal-bff-a41e92-p9qmz corrId=c-cfbdff17ea038059 loan application submitted application_id=APP-2026-210864 customer_segment=PRIVATE
2026-03-03T13:22:17.985+01:00 INFO identity-service host=identity-service-7c9d5b-t6zvn corrId=c-cfbdff17ea038059 MitID session validated customer_id=C53367857
2026-03-03T13:22:18.079+01:00 INFO customer-service host=customer-service-5b8f6c-p9qmz corrId=c-cfbdff17ea038059 KYC profile loaded customer_id=C53367857 risk_class=LOW
2026-03-03T13:22:18.169+01:00 INFO valuation-service host=valuation-service-7c9d5b-t6zvn corrId=c-cfbdff17ea038059 property valuation requested property_id=P6137278 provider=valuta-ejd
2026-03-03T13:22:18.602+01:00 INFO valuation-service host=valuation-service-5b8f6c-x2k4p corrId=c-cfbdff17ea038059 property valuation received property_id=P6137278 value_dkk=8080000 latency_ms=398
2026-03-03T13:22:18.697+01:00 INFO credit-service host=credit-service-7c9d5b-p9qmz corrId=c-cfbdff17ea038059 credit assessment completed application_id=APP-2026-210864 score=611 decision=APPROVED
2026-03-03T13:22:18.723+01:00 INFO offer-service host=offer-service-5b8f6c-x2k4p corrId=c-cfbdff17ea038059 loan offer generated application_id=APP-2026-210864 loan_type=FLEX_1Y principal_dkk=1025000
2026-03-03T13:22:18.768+01:00 INFO document-service host=document-service-7c9d5b-p9qmz corrId=c-cfbdff17ea038059 offer document stored application_id=APP-2026-210864 doc_id=DOC-8efcc4f9
2026-03-03T13:22:18.841+01:00 INFO portal-bff host=portal-bff-7c9d5b-x2k4p corrId=c-cfbdff17ea038059 application completed application_id=APP-2026-210864 status=OFFER_ISSUED
2026-03-03T13:22:40.789+01:00 INFO portal-bff host=portal-bff-5b8f6c-x2k4p corrId=c-b90c8cc5462d2955 conversion quote requested loan_id=LN559209702 target_product=FIXED_30Y
2026-03-03T13:22:40.910+01:00 INFO identity-service host=identity-service-5b8f6c-t6zvn corrId=c-b90c8cc5462d2955 MitID session validated customer_id=C16411601
2026-03-03T13:22:40.965+01:00 INFO pricing-service host=pricing-service-5b8f6c-t6zvn corrId=c-b90c8cc5462d2955 bond price fetched series=BND2.5-2056 price=88.348
2026-03-03T13:22:41.019+01:00 INFO pricing-service host=pricing-service-7c9d5b-p9qmz corrId=c-b90c8cc5462d2955 conversion cost calculated loan_id=LN559209702 cost_dkk=76861.13
2026-03-03T13:22:41.130+01:00 INFO quote-service host=quote-service-5b8f6c-t6zvn corrId=c-b90c8cc5462d2955 conversion quote issued quote_id=Q34943444 loan_id=LN559209702
2026-03-03T13:25:00.567+01:00 INFO api-gateway host=api-gateway-a41e92-x2k4p corrId=- health probe ok status=200 latency_ms=5
2026-03-03T13:28:48.248+01:00 INFO portal-bff host=portal-bff-7c9d5b-t6zvn corrId=c-d88b1ae4cc697c09 conversion quote requested loan_id=LN942814391 target_product=FIXED_30Y
2026-03-03T13:28:48.323+01:00 INFO identity-service host=identity-service-5b8f6c-x2k4p corrId=c-d88b1ae4cc697c09 MitID session validated customer_id=C18049109
2026-03-03T13:28:48.414+01:00 INFO pricing-service host=pricing-service-a41e92-x2k4p corrId=c-d88b1ae4cc697c09 bond price fetched series=BND2.5-2053 price=89.848
2026-03-03T13:28:48.479+01:00 INFO pricing-service host=pricing-service-7c9d5b-t6zvn corrId=c-d88b1ae4cc697c09 conversion cost calculated loan_id=LN942814391 cost_dkk=77137.53
2026-03-03T13:28:48.513+01:00 INFO quote-service host=quote-service-7c9d5b-x2k4p corrId=c-d88b1ae4cc697c09 conversion quote issued quote_id=Q53217429 loan_id=LN942814391
2026-03-03T13:29:55.908+01:00 INFO portal-bff host=portal-bff-5b8f6c-x2k4p corrId=c-f2177ed7a7f103d2 conversion quote requested loan_id=LN530561513 target_product=FLEX_1Y
2026-03-03T13:29:56.018+01:00 INFO identity-service host=identity-service-7c9d5b-t6zvn corrId=c-f2177ed7a7f103d2 MitID session validated customer_id=C15331049
2026-03-03T13:29:56.090+01:00 INFO pricing-service host=pricing-service-5b8f6c-p9qmz corrId=c-f2177ed7a7f103d2 bond price fetched series=BND2.5-2053 price=88.053
2026-03-03T13:29:56.230+01:00 INFO pricing-service host=pricing-service-5b8f6c-p9qmz corrId=c-f2177ed7a7f103d2 conversion cost calculated loan_id=LN530561513 cost_dkk=15283.04
2026-03-03T13:29:56.338+01:00 INFO quote-service host=quote-service-5b8f6c-x2k4p corrId=c-f2177ed7a7f103d2 conversion quote issued quote_id=Q46620464 loan_id=LN530561513
2026-03-03T13:30:00.090+01:00 INFO api-gateway host=api-gateway-7c9d5b-t6zvn corrId=- health probe ok status=200 latency_ms=38
2026-03-03T13:30:00.564+01:00 INFO payment-scheduler host=payment-scheduler-a41e92-t6zvn corrId=- scheduler heartbeat lag_ms=29
2026-03-03T13:30:16.677+01:00 INFO portal-bff host=portal-bff-a41e92-x2k4p corrId=c-f5b4865700b69886 loan application submitted application_id=APP-2026-617333 customer_segment=SME
2026-03-03T13:30:16.735+01:00 INFO identity-service host=identity-service-a41e92-t6zvn corrId=c-f5b4865700b69886 MitID session validated customer_id=C00813969
2026-03-03T13:30:16.846+01:00 INFO customer-service host=customer-service-7c9d5b-p9qmz corrId=c-f5b4865700b69886 KYC profile loaded customer_id=C00813969 risk_class=LOW
2026-03-03T13:30:16.861+01:00 INFO valuation-service host=valuation-service-5b8f6c-t6zvn corrId=c-f5b4865700b69886 property valuation requested property_id=P5251902 provider=valuta-ejd
2026-03-03T13:30:17.412+01:00 INFO valuation-service host=valuation-service-a41e92-p9qmz corrId=c-f5b4865700b69886 property valuation received property_id=P5251902 value_dkk=4520000 latency_ms=530
2026-03-03T13:30:17.450+01:00 INFO credit-service host=credit-service-7c9d5b-p9qmz corrId=c-f5b4865700b69886 credit assessment completed application_id=APP-2026-617333 score=698 decision=APPROVED
2026-03-03T13:30:17.525+01:00 INFO offer-service host=offer-service-5b8f6c-x2k4p corrId=c-f5b4865700b69886 loan offer generated application_id=APP-2026-617333 loan_type=FIXED_30Y principal_dkk=630000
2026-03-03T13:30:17.656+01:00 INFO document-service host=document-service-7c9d5b-t6zvn corrId=c-f5b4865700b69886 offer document stored application_id=APP-2026-617333 doc_id=DOC-d6e2aacb
2026-03-03T13:30:17.758+01:00 INFO portal-bff host=portal-bff-5b8f6c-t6zvn corrId=c-f5b4865700b69886 application completed application_id=APP-2026-617333 status=OFFER_ISSUED
2026-03-03T13:30:22.873+01:00 INFO portal-bff host=portal-bff-7c9d5b-p9qmz corrId=c-d6274c4be2700885 loan application submitted application_id=APP-2026-654194 customer_segment=SME
2026-03-03T13:30:22.887+01:00 INFO identity-service host=identity-service-a41e92-t6zvn corrId=c-d6274c4be2700885 MitID session validated customer_id=C07034127
2026-03-03T13:30:22.925+01:00 INFO customer-service host=customer-service-a41e92-t6zvn corrId=c-d6274c4be2700885 KYC profile loaded customer_id=C07034127 risk_class=LOW
2026-03-03T13:30:22.932+01:00 INFO valuation-service host=valuation-service-7c9d5b-x2k4p corrId=c-d6274c4be2700885 property valuation requested property_id=P0719189 provider=valuta-ejd
2026-03-03T13:30:23.834+01:00 INFO valuation-service host=valuation-service-7c9d5b-p9qmz corrId=c-d6274c4be2700885 property valuation received property_id=P0719189 value_dkk=7820000 latency_ms=874
2026-03-03T13:30:23.883+01:00 INFO credit-service host=credit-service-5b8f6c-x2k4p corrId=c-d6274c4be2700885 credit assessment completed application_id=APP-2026-654194 score=462 decision=APPROVED
2026-03-03T13:30:23.990+01:00 INFO offer-service host=offer-service-5b8f6c-x2k4p corrId=c-d6274c4be2700885 loan offer generated application_id=APP-2026-654194 loan_type=FLEX_1Y principal_dkk=1815000
2026-03-03T13:30:23.996+01:00 INFO document-service host=document-service-5b8f6c-p9qmz corrId=c-d6274c4be2700885 offer document stored application_id=APP-2026-654194 doc_id=DOC-1d3d081c
2026-03-03T13:30:24.102+01:00 INFO portal-bff host=portal-bff-a41e92-x2k4p corrId=c-d6274c4be2700885 application completed application_id=APP-2026-654194 status=OFFER_ISSUED
2026-03-03T13:30:42.624+01:00 INFO portal-bff host=portal-bff-a41e92-p9qmz corrId=c-d8bda33eff555551 loan application submitted application_id=APP-2026-183195 customer_segment=SME
2026-03-03T13:30:42.655+01:00 INFO identity-service host=identity-service-a41e92-x2k4p corrId=c-d8bda33eff555551 MitID session validated customer_id=C44189398
2026-03-03T13:30:42.777+01:00 INFO customer-service host=customer-service-a41e92-x2k4p corrId=c-d8bda33eff555551 KYC profile loaded customer_id=C44189398 risk_class=HIGH
2026-03-03T13:30:42.882+01:00 INFO valuation-service host=valuation-service-7c9d5b-p9qmz corrId=c-d8bda33eff555551 property valuation requested property_id=P3714605 provider=bolig-vurdering
2026-03-03T13:30:43.315+01:00 INFO valuation-service host=valuation-service-a41e92-p9qmz corrId=c-d8bda33eff555551 property valuation received property_id=P3714605 value_dkk=8540000 latency_ms=348
2026-03-03T13:30:43.342+01:00 INFO credit-service host=credit-service-a41e92-p9qmz corrId=c-d8bda33eff555551 credit assessment completed application_id=APP-2026-183195 score=637 decision=APPROVED
2026-03-03T13:30:43.457+01:00 INFO offer-service host=offer-service-5b8f6c-x2k4p corrId=c-d8bda33eff555551 loan offer generated application_id=APP-2026-183195 loan_type=FIXED_20Y_IO principal_dkk=4160000
2026-03-03T13:30:43.551+01:00 INFO document-service host=document-service-7c9d5b-p9qmz corrId=c-d8bda33eff555551 offer document stored application_id=APP-2026-183195 doc_id=DOC-e8307759
2026-03-03T13:30:43.563+01:00 INFO portal-bff host=portal-bff-a41e92-p9qmz corrId=c-d8bda33eff555551 application completed application_id=APP-2026-183195 status=OFFER_ISSUED
2026-03-03T13:32:49.186+01:00 INFO portal-bff host=portal-bff-a41e92-x2k4p corrId=c-c9b847bc8a6072a6 loan application submitted application_id=APP-2026-887709 customer_segment=RETAIL
2026-03-03T13:32:49.254+01:00 INFO identity-service host=identity-service-7c9d5b-t6zvn corrId=c-c9b847bc8a6072a6 MitID session validated customer_id=C78203049
2026-03-03T13:32:49.311+01:00 INFO customer-service host=customer-service-7c9d5b-x2k4p corrId=c-c9b847bc8a6072a6 KYC profile loaded customer_id=C78203049 risk_class=LOW
2026-03-03T13:32:49.326+01:00 INFO valuation-service host=valuation-service-7c9d5b-p9qmz corrId=c-c9b847bc8a6072a6 property valuation requested property_id=P3960480 provider=valuta-ejd
2026-03-03T13:32:50.246+01:00 INFO valuation-service host=valuation-service-a41e92-x2k4p corrId=c-c9b847bc8a6072a6 property valuation received property_id=P3960480 value_dkk=4950000 latency_ms=867
2026-03-03T13:32:50.329+01:00 INFO credit-service host=credit-service-a41e92-x2k4p corrId=c-c9b847bc8a6072a6 credit assessment completed application_id=APP-2026-887709 score=653 decision=APPROVED
2026-03-03T13:32:50.410+01:00 INFO offer-service host=offer-service-5b8f6c-p9qmz corrId=c-c9b847bc8a6072a6 loan offer generated application_id=APP-2026-887709 loan_type=FLEX_5Y principal_dkk=3005000
2026-03-03T13:32:50.467+01:00 INFO document-service host=document-service-a41e92-p9qmz corrId=c-c9b847bc8a6072a6 offer document stored application_id=APP-2026-887709 doc_id=DOC-b03f4b6c
2026-03-03T13:32:50.587+01:00 INFO portal-bff host=portal-bff-5b8f6c-x2k4p corrId=c-c9b847bc8a6072a6 application completed application_id=APP-2026-887709 status=OFFER_ISSUED
2026-03-03T13:32:55.371+01:00 INFO portal-bff host=portal-bff-5b8f6c-p9qmz corrId=c-23fb628d462beb74 loan application submitted application_id=APP-2026-896040 customer_segment=RETAIL
2026-03-03T13:32:55.408+01:00 INFO identity-service host=identity-service-5b8f6c-t6zvn corrId=c-23fb628d462beb74 MitID session validated customer_id=C58827384
2026-03-03T13:32:55.491+01:00 INFO customer-service host=customer-service-7c9d5b-p9qmz corrId=c-23fb628d462beb74 KYC profile loaded customer_id=C58827384 risk_class=LOW
2026-03-03T13:32:55.584+01:00 INFO valuation-service host=valuation-service-5b8f6c-p9qmz corrId=c-23fb628d462beb74 property valuation requested property_id=P1555349 provider=valuta-ejd
2026-03-03T13:32:56.153+01:00 INFO valuation-service host=valuation-service-5b8f6c-x2k4p corrId=c-23fb628d462beb74 property valuation received property_id=P1555349 value_dkk=7390000 latency_ms=526
2026-03-03T13:32:56.184+01:00 INFO credit-service host=credit-service-a41e92-x2k4p corrId=c-23fb628d462beb74 credit assessment completed application_id=APP-2026-896040 score=611 decision=APPROVED
2026-03-03T13:32:56.237+01:00 INFO offer-service host=offer-service-7c9d5b-x2k4p corrId=c-23fb628d462beb74 loan offer generated application_id=APP-2026-896040 loan_type=FIXED_30Y principal_dkk=5505000
2026-03-03T13:32:56.341+01:00 INFO document-service host=document-service-a41e92-t6zvn corrId=c-23fb628d462beb74 offer document stored application_id=APP-2026-896040 doc_id=DOC-c3cb8299
2026-03-03T13:32:56.438+01:00 INFO portal-bff host=portal-bff-7c9d5b-x2k4p corrId=c-23fb628d462beb74 application completed application_id=APP-2026-896040 status=OFFER_ISSUED
2026-03-03T13:35:00.211+01:00 INFO api-gateway host=api-gateway-a41e92-p9qmz corrId=- health probe ok status=200 latency_ms=18
2026-03-03T13:35:55.079+01:00 INFO portal-bff host=portal-bff-5b8f6c-t6zvn corrId=c-7acdf4cfcca4458a conversion quote requested loan_id=LN378836034 target_product=FLEX_1Y
2026-03-03T13:35:55.134+01:00 INFO identity-service host=identity-service-5b8f6c-x2k4p corrId=c-7acdf4cfcca4458a MitID session validated customer_id=C13355696
2026-03-03T13:35:55.240+01:00 INFO pricing-service host=pricing-service-7c9d5b-t6zvn corrId=c-7acdf4cfcca4458a bond price fetched series=BND4.0-2053 price=93.457
2026-03-03T13:35:55.334+01:00 INFO pricing-service host=pricing-service-5b8f6c-x2k4p corrId=c-7acdf4cfcca4458a conversion cost calculated loan_id=LN378836034 cost_dkk=83787.71
2026-03-03T13:35:55.402+01:00 INFO quote-service host=quote-service-a41e92-p9qmz corrId=c-7acdf4cfcca4458a conversion quote issued quote_id=Q62215690 loan_id=LN378836034
2026-03-03T13:37:35.695+01:00 INFO portal-bff host=portal-bff-5b8f6c-t6zvn corrId=c-51fa2befc9427ad9 loan application submitted application_id=APP-2026-552428 customer_segment=PRIVATE
2026-03-03T13:37:35.833+01:00 INFO identity-service host=identity-service-5b8f6c-t6zvn corrId=c-51fa2befc9427ad9 MitID session validated customer_id=C06203516
2026-03-03T13:37:35.961+01:00 INFO customer-service host=customer-service-5b8f6c-x2k4p corrId=c-51fa2befc9427ad9 KYC profile loaded customer_id=C06203516 risk_class=MEDIUM
2026-03-03T13:37:36.062+01:00 INFO valuation-service host=valuation-service-5b8f6c-t6zvn corrId=c-51fa2befc9427ad9 property valuation requested property_id=P7725703 provider=valuta-ejd
2026-03-03T13:37:36.597+01:00 INFO valuation-service host=valuation-service-5b8f6c-x2k4p corrId=c-51fa2befc9427ad9 property valuation received property_id=P7725703 value_dkk=1130000 latency_ms=455
2026-03-03T13:37:36.616+01:00 INFO credit-service host=credit-service-7c9d5b-x2k4p corrId=c-51fa2befc9427ad9 credit assessment completed application_id=APP-2026-552428 score=750 decision=APPROVED
2026-03-03T13:37:36.647+01:00 INFO offer-service host=offer-service-a41e92-p9qmz corrId=c-51fa2befc9427ad9 loan offer generated application_id=APP-2026-552428 loan_type=FLEX_5Y principal_dkk=4445000
2026-03-03T13:37:36.678+01:00 INFO document-service host=document-service-a41e92-t6zvn corrId=c-51fa2befc9427ad9 offer document stored application_id=APP-2026-552428 doc_id=DOC-f18b60c7
2026-03-03T13:37:36.798+01:00 INFO portal-bff host=portal-bff-7c9d5b-t6zvn corrId=c-51fa2befc9427ad9 application completed application_id=APP-2026-552428 status=OFFER_ISSUED
2026-03-03T13:37:52.712+01:00 INFO portal-bff host=portal-bff-a41e92-x2k4p corrId=c-fa5e60d8d547151d loan application submitted application_id=APP-2026-832612 customer_segment=PRIVATE
2026-03-03T13:37:52.790+01:00 INFO identity-service host=identity-service-a41e92-x2k4p corrId=c-fa5e60d8d547151d MitID session validated customer_id=C74212806
2026-03-03T13:37:52.819+01:00 INFO customer-service host=customer-service-5b8f6c-t6zvn corrId=c-fa5e60d8d547151d KYC profile loaded customer_id=C74212806 risk_class=MEDIUM
2026-03-03T13:37:52.898+01:00 INFO valuation-service host=valuation-service-7c9d5b-p9qmz corrId=c-fa5e60d8d547151d property valuation served from cache property_id=P7881988 value_dkk=1150000
2026-03-03T13:37:53.027+01:00 INFO credit-service host=credit-service-a41e92-t6zvn corrId=c-fa5e60d8d547151d credit assessment completed application_id=APP-2026-832612 score=770 decision=APPROVED
2026-03-03T13:37:53.111+01:00 INFO offer-service host=offer-service-a41e92-p9qmz corrId=c-fa5e60d8d547151d loan offer generated application_id=APP-2026-832612 loan_type=FIXED_20Y_IO principal_dkk=600000
2026-03-03T13:37:53.211+01:00 INFO document-service host=document-service-a41e92-p9qmz corrId=c-fa5e60d8d547151d offer document stored application_id=APP-2026-832612 doc_id=DOC-1a23eb3b
2026-03-03T13:37:53.269+01:00 INFO portal-bff host=portal-bff-7c9d5b-t6zvn corrId=c-fa5e60d8d547151d application completed application_id=APP-2026-832612 status=OFFER_ISSUED
2026-03-03T13:40:00.425+01:00 INFO payment-scheduler host=payment-scheduler-5b8f6c-x2k4p corrId=- scheduler heartbeat lag_ms=74
2026-03-03T13:40:00.678+01:00 INFO api-gateway host=api-gateway-7c9d5b-x2k4p corrId=- health probe ok status=200 latency_ms=29
2026-03-03T13:40:39.919+01:00 INFO portal-bff host=portal-bff-7c9d5b-x2k4p corrId=c-7a41128bbc6cf584 loan application submitted application_id=APP-2026-130237 customer_segment=RETAIL
2026-03-03T13:40:40.004+01:00 INFO identity-service host=identity-service-7c9d5b-t6zvn corrId=c-7a41128bbc6cf584 MitID session validated customer_id=C98078902
2026-03-03T13:40:40.135+01:00 INFO customer-service host=customer-service-7c9d5b-t6zvn corrId=c-7a41128bbc6cf584 KYC profile loaded customer_id=C98078902 risk_class=MEDIUM
2026-03-03T13:40:40.255+01:00 INFO valuation-service host=valuation-service-5b8f6c-p9qmz corrId=c-7a41128bbc6cf584 property valuation served from cache property_id=P6045060 value_dkk=2650000
2026-03-03T13:40:40.360+01:00 INFO credit-service host=credit-service-5b8f6c-p9qmz corrId=c-7a41128bbc6cf584 credit assessment completed application_id=APP-2026-130237 score=562 decision=APPROVED
2026-03-03T13:40:40.443+01:00 INFO offer-service host=offer-service-a41e92-x2k4p corrId=c-7a41128bbc6cf584 loan offer generated application_id=APP-2026-130237 loan_type=FLEX_1Y principal_dkk=5480000
2026-03-03T13:40:40.480+01:00 INFO document-service host=document-service-a41e92-t6zvn corrId=c-7a41128bbc6cf584 offer document stored application_id=APP-2026-130237 doc_id=DOC-a96b5eef
2026-03-03T13:40:40.492+01:00 INFO portal-bff host=portal-bff-5b8f6c-p9qmz corrId=c-7a41128bbc6cf584 application completed application_id=APP-2026-130237 status=OFFER_ISSUED
2026-03-03T13:40:53.837+01:00 INFO portal-bff host=portal-bff-5b8f6c-p9qmz corrId=c-34cde8c78187cf8e loan application submitted application_id=APP-2026-846135 customer_segment=PRIVATE
2026-03-03T13:40:53.852+01:00 INFO identity-service host=identity-service-7c9d5b-x2k4p corrId=c-34cde8c78187cf8e MitID session validated customer_id=C14236192
2026-03-03T13:40:53.895+01:00 INFO customer-service host=customer-service-7c9d5b-x2k4p corrId=c-34cde8c78187cf8e KYC profile loaded customer_id=C14236192 risk_class=MEDIUM
2026-03-03T13:40:54.017+01:00 INFO valuation-service host=valuation-service-a41e92-t6zvn corrId=c-34cde8c78187cf8e property valuation served from cache property_id=P2047692 value_dkk=5570000
2026-03-03T13:40:54.057+01:00 INFO credit-service host=credit-service-5b8f6c-p9qmz corrId=c-34cde8c78187cf8e credit assessment completed application_id=APP-2026-846135 score=690 decision=APPROVED
2026-03-03T13:40:54.183+01:00 INFO offer-service host=offer-service-5b8f6c-x2k4p corrId=c-34cde8c78187cf8e loan offer generated application_id=APP-2026-846135 loan_type=FLEX_1Y principal_dkk=4725000
2026-03-03T13:40:54.196+01:00 INFO document-service host=document-service-5b8f6c-t6zvn corrId=c-34cde8c78187cf8e offer document stored application_id=APP-2026-846135 doc_id=DOC-c918b93d
2026-03-03T13:40:54.312+01:00 INFO portal-bff host=portal-bff-5b8f6c-x2k4p corrId=c-34cde8c78187cf8e application completed application_id=APP-2026-846135 status=OFFER_ISSUED
2026-03-03T13:42:25.548+01:00 INFO portal-bff host=portal-bff-5b8f6c-t6zvn corrId=c-215495d82fbecf37 conversion quote requested loan_id=LN951909653 target_product=FLEX_1Y
2026-03-03T13:42:25.660+01:00 INFO identity-service host=identity-service-a41e92-x2k4p corrId=c-215495d82fbecf37 MitID session validated customer_id=C00970348
2026-03-03T13:42:25.793+01:00 INFO pricing-service host=pricing-service-5b8f6c-p9qmz corrId=c-215495d82fbecf37 bond price fetched series=BND4.0-2053 price=96.553
2026-03-03T13:42:25.808+01:00 INFO pricing-service host=pricing-service-5b8f6c-x2k4p corrId=c-215495d82fbecf37 conversion cost calculated loan_id=LN951909653 cost_dkk=63821.60
2026-03-03T13:42:25.881+01:00 INFO quote-service host=quote-service-a41e92-t6zvn corrId=c-215495d82fbecf37 conversion quote issued quote_id=Q83025212 loan_id=LN951909653
2026-03-03T13:42:41.269+01:00 INFO portal-bff host=portal-bff-5b8f6c-p9qmz corrId=c-9b3be206a405f1b8 loan application submitted application_id=APP-2026-020089 customer_segment=RETAIL
2026-03-03T13:42:41.371+01:00 INFO identity-service host=identity-service-a41e92-x2k4p corrId=c-9b3be206a405f1b8 MitID session validated customer_id=C82782346
2026-03-03T13:42:41.483+01:00 INFO customer-service host=customer-service-a41e92-t6zvn corrId=c-9b3be206a405f1b8 KYC profile loaded customer_id=C82782346 risk_class=MEDIUM
2026-03-03T13:42:41.604+01:00 INFO valuation-service host=valuation-service-a41e92-p9qmz corrId=c-9b3be206a405f1b8 property valuation requested property_id=P2938838 provider=bolig-vurdering
2026-03-03T13:42:42.438+01:00 INFO valuation-service host=valuation-service-7c9d5b-x2k4p corrId=c-9b3be206a405f1b8 property valuation received property_id=P2938838 value_dkk=4730000 latency_ms=736
2026-03-03T13:42:42.547+01:00 INFO credit-service host=credit-service-5b8f6c-t6zvn corrId=c-9b3be206a405f1b8 credit assessment completed application_id=APP-2026-020089 score=440 decision=APPROVED
2026-03-03T13:42:42.639+01:00 INFO offer-service host=offer-service-a41e92-t6zvn corrId=c-9b3be206a405f1b8 loan offer generated application_id=APP-2026-020089 loan_type=FLEX_5Y principal_dkk=1195000
2026-03-03T13:42:42.665+01:00 INFO document-service host=document-service-a41e92-p9qmz corrId=c-9b3be206a405f1b8 offer document stored application_id=APP-2026-020089 doc_id=DOC-e2546773
2026-03-03T13:42:42.792+01:00 INFO portal-bff host=portal-bff-5b8f6c-t6zvn corrId=c-9b3be206a405f1b8 application completed application_id=APP-2026-020089 status=OFFER_ISSUED
2026-03-03T13:43:29.695+01:00 INFO portal-bff host=portal-bff-a41e92-x2k4p corrId=c-825e7d76895bcc29 loan application submitted application_id=APP-2026-223037 customer_segment=RETAIL
2026-03-03T13:43:29.784+01:00 INFO identity-service host=identity-service-5b8f6c-x2k4p corrId=c-825e7d76895bcc29 MitID session validated customer_id=C96525976
2026-03-03T13:43:29.866+01:00 INFO customer-service host=customer-service-7c9d5b-t6zvn corrId=c-825e7d76895bcc29 KYC profile loaded customer_id=C96525976 risk_class=HIGH
2026-03-03T13:43:29.956+01:00 INFO valuation-service host=valuation-service-5b8f6c-x2k4p corrId=c-825e7d76895bcc29 property valuation served from cache property_id=P4655208 value_dkk=2380000
2026-03-03T13:43:30.044+01:00 INFO credit-service host=credit-service-5b8f6c-p9qmz corrId=c-825e7d76895bcc29 credit assessment completed application_id=APP-2026-223037 score=872 decision=APPROVED
2026-03-03T13:43:30.168+01:00 INFO offer-service host=offer-service-5b8f6c-x2k4p corrId=c-825e7d76895bcc29 loan offer generated application_id=APP-2026-223037 loan_type=FLEX_1Y principal_dkk=4895000
2026-03-03T13:43:30.197+01:00 INFO document-service host=document-service-7c9d5b-x2k4p corrId=c-825e7d76895bcc29 offer document stored application_id=APP-2026-223037 doc_id=DOC-bcf31892
2026-03-03T13:43:30.232+01:00 INFO portal-bff host=portal-bff-7c9d5b-t6zvn corrId=c-825e7d76895bcc29 application completed application_id=APP-2026-223037 status=OFFER_ISSUED
2026-03-03T13:45:00.523+01:00 INFO api-gateway host=api-gateway-a41e92-t6zvn corrId=- health probe ok status=200 latency_ms=36
2026-03-03T13:45:06.790+01:00 INFO portal-bff host=portal-bff-5b8f6c-p9qmz corrId=c-d2ac7259744062ce loan application submitted application_id=APP-2026-025043 customer_segment=RETAIL
2026-03-03T13:45:06.890+01:00 INFO identity-service host=identity-service-7c9d5b-p9qmz corrId=c-d2ac7259744062ce MitID session validated customer_id=C38281907
2026-03-03T13:45:06.904+01:00 INFO customer-service host=customer-service-a41e92-p9qmz corrId=c-d2ac7259744062ce KYC profile loaded customer_id=C38281907 risk_class=LOW
2026-03-03T13:45:07.028+01:00 INFO valuation-service host=valuation-service-a41e92-p9qmz corrId=c-d2ac7259744062ce property valuation requested property_id=P5903990 provider=valuta-ejd
2026-03-03T13:45:07.406+01:00 INFO valuation-service host=valuation-service-a41e92-t6zvn corrId=c-d2ac7259744062ce property valuation received property_id=P5903990 value_dkk=2670000 latency_ms=304
2026-03-03T13:45:07.468+01:00 INFO credit-service host=credit-service-7c9d5b-x2k4p corrId=c-d2ac7259744062ce credit assessment completed application_id=APP-2026-025043 score=606 decision=APPROVED
2026-03-03T13:45:07.597+01:00 INFO offer-service host=offer-service-7c9d5b-t6zvn corrId=c-d2ac7259744062ce loan offer generated application_id=APP-2026-025043 loan_type=FLEX_1Y principal_dkk=825000
2026-03-03T13:45:07.676+01:00 INFO document-service host=document-service-7c9d5b-p9qmz corrId=c-d2ac7259744062ce offer document stored application_id=APP-2026-025043 doc_id=DOC-735d0339
2026-03-03T13:45:07.813+01:00 INFO portal-bff host=portal-bff-a41e92-p9qmz corrId=c-d2ac7259744062ce application completed application_id=APP-2026-025043 status=OFFER_ISSUED
2026-03-03T13:46:00.051+01:00 INFO portal-bff host=portal-bff-7c9d5b-p9qmz corrId=c-1f67800cd867b9f7 conversion quote requested loan_id=LN717695531 target_product=FLEX_5Y
2026-03-03T13:46:00.107+01:00 INFO identity-service host=identity-service-a41e92-p9qmz corrId=c-1f67800cd867b9f7 MitID session validated customer_id=C72669098
2026-03-03T13:46:00.211+01:00 INFO pricing-service host=pricing-service-a41e92-t6zvn corrId=c-1f67800cd867b9f7 bond price fetched series=BND4.0-2053 price=92.295
2026-03-03T13:46:00.337+01:00 INFO pricing-service host=pricing-service-5b8f6c-x2k4p corrId=c-1f67800cd867b9f7 conversion cost calculated loan_id=LN717695531 cost_dkk=31536.39
2026-03-03T13:46:00.428+01:00 INFO quote-service host=quote-service-7c9d5b-p9qmz corrId=c-1f67800cd867b9f7 conversion quote issued quote_id=Q07832726 loan_id=LN717695531
2026-03-03T13:46:12.758+01:00 INFO portal-bff host=portal-bff-5b8f6c-t6zvn corrId=c-d8df4553dc1a6e7c conversion quote requested loan_id=LN080995304 target_product=FLEX_1Y
2026-03-03T13:46:12.790+01:00 INFO identity-service host=identity-service-a41e92-p9qmz corrId=c-d8df4553dc1a6e7c MitID session validated customer_id=C67218686
2026-03-03T13:46:12.843+01:00 INFO pricing-service host=pricing-service-7c9d5b-t6zvn corrId=c-d8df4553dc1a6e7c bond price fetched series=BND4.0-2056 price=97.038
2026-03-03T13:46:12.918+01:00 INFO pricing-service host=pricing-service-7c9d5b-x2k4p corrId=c-d8df4553dc1a6e7c conversion cost calculated loan_id=LN080995304 cost_dkk=29250.71
2026-03-03T13:46:12.982+01:00 INFO quote-service host=quote-service-7c9d5b-t6zvn corrId=c-d8df4553dc1a6e7c conversion quote issued quote_id=Q16137569 loan_id=LN080995304
2026-03-03T13:46:18.613+01:00 INFO portal-bff host=portal-bff-a41e92-p9qmz corrId=c-d735b580b02eb6c5 conversion quote requested loan_id=LN486464487 target_product=FIXED_30Y
2026-03-03T13:46:18.681+01:00 INFO identity-service host=identity-service-7c9d5b-x2k4p corrId=c-d735b580b02eb6c5 MitID session validated customer_id=C16197511
2026-03-03T13:46:18.805+01:00 INFO pricing-service host=pricing-service-a41e92-p9qmz corrId=c-d735b580b02eb6c5 bond price fetched series=BND4.0-2053 price=101.569
2026-03-03T13:46:18.940+01:00 INFO pricing-service host=pricing-service-5b8f6c-p9qmz corrId=c-d735b580b02eb6c5 conversion cost calculated loan_id=LN486464487 cost_dkk=78456.49
2026-03-03T13:46:18.959+01:00 INFO quote-service host=quote-service-5b8f6c-x2k4p corrId=c-d735b580b02eb6c5 conversion quote issued quote_id=Q45634732 loan_id=LN486464487
2026-03-03T13:50:00.433+01:00 INFO payment-scheduler host=payment-scheduler-5b8f6c-x2k4p corrId=- scheduler heartbeat lag_ms=108
2026-03-03T13:50:00.810+01:00 INFO api-gateway host=api-gateway-7c9d5b-p9qmz corrId=- health probe ok status=200 latency_ms=35
2026-03-03T13:50:48.456+01:00 INFO portal-bff host=portal-bff-5b8f6c-x2k4p corrId=c-4540e68c85117dc3 loan application submitted application_id=APP-2026-267818 customer_segment=PRIVATE
2026-03-03T13:50:48.547+01:00 INFO identity-service host=identity-service-5b8f6c-t6zvn corrId=c-4540e68c85117dc3 MitID session validated customer_id=C59968659
2026-03-03T13:50:48.637+01:00 INFO customer-service host=customer-service-7c9d5b-p9qmz corrId=c-4540e68c85117dc3 KYC profile loaded customer_id=C59968659 risk_class=HIGH
2026-03-03T13:50:48.729+01:00 INFO valuation-service host=valuation-service-a41e92-t6zvn corrId=c-4540e68c85117dc3 property valuation requested property_id=P5038106 provider=bolig-vurdering
2026-03-03T13:50:49.593+01:00 INFO valuation-service host=valuation-service-5b8f6c-p9qmz corrId=c-4540e68c85117dc3 property valuation received property_id=P5038106 value_dkk=5720000 latency_ms=851
2026-03-03T13:50:49.644+01:00 INFO credit-service host=credit-service-a41e92-t6zvn corrId=c-4540e68c85117dc3 credit assessment completed application_id=APP-2026-267818 score=624 decision=APPROVED
2026-03-03T13:50:49.717+01:00 INFO offer-service host=offer-service-5b8f6c-p9qmz corrId=c-4540e68c85117dc3 loan offer generated application_id=APP-2026-267818 loan_type=FLEX_1Y principal_dkk=5905000
2026-03-03T13:50:49.736+01:00 INFO document-service host=document-service-a41e92-t6zvn corrId=c-4540e68c85117dc3 offer document stored application_id=APP-2026-267818 doc_id=DOC-e89794c9
2026-03-03T13:50:49.780+01:00 INFO portal-bff host=portal-bff-a41e92-p9qmz corrId=c-4540e68c85117dc3 application completed application_id=APP-2026-267818 status=OFFER_ISSUED
2026-03-03T13:52:50.432+01:00 INFO portal-bff host=portal-bff-7c9d5b-x2k4p corrId=c-d8f71f2b9237d22b loan application submitted application_id=APP-2026-702194 customer_segment=PRIVATE
2026-03-03T13:52:50.532+01:00 INFO identity-service host=identity-service-a41e92-x2k4p corrId=c-d8f71f2b9237d22b MitID session validated customer_id=C60965015
2026-03-03T13:52:50.633+01:00 INFO customer-service host=customer-service-7c9d5b-x2k4p corrId=c-d8f71f2b9237d22b KYC profile loaded customer_id=C60965015 risk_class=LOW
2026-03-03T13:52:50.672+01:00 INFO valuation-service host=valuation-service-7c9d5b-x2k4p corrId=c-d8f71f2b9237d22b property valuation served from cache property_id=P4352408 value_dkk=2370000
2026-03-03T13:52:50.717+01:00 INFO credit-service host=credit-service-7c9d5b-x2k4p corrId=c-d8f71f2b9237d22b credit assessment completed application_id=APP-2026-702194 score=507 decision=APPROVED
2026-03-03T13:52:50.769+01:00 INFO offer-service host=offer-service-7c9d5b-t6zvn corrId=c-d8f71f2b9237d22b loan offer generated application_id=APP-2026-702194 loan_type=FLEX_1Y principal_dkk=5375000
2026-03-03T13:52:50.874+01:00 INFO document-service host=document-service-5b8f6c-x2k4p corrId=c-d8f71f2b9237d22b offer document stored application_id=APP-2026-702194 doc_id=DOC-ce3b5b6e
2026-03-03T13:52:50.900+01:00 INFO portal-bff host=portal-bff-7c9d5b-x2k4p corrId=c-d8f71f2b9237d22b application completed application_id=APP-2026-702194 status=OFFER_ISSUED
2026-03-03T13:53:41.088+01:00 INFO portal-bff host=portal-bff-7c9d5b-p9qmz corrId=c-037606155a93a706 conversion quote requested loan_id=LN492514142 target_product=FLEX_5Y
2026-03-03T13:53:41.120+01:00 INFO identity-service host=identity-service-a41e92-p9qmz corrId=c-037606155a93a706 MitID session validated customer_id=C66537172
2026-03-03T13:53:41.157+01:00 INFO pricing-service host=pricing-service-5b8f6c-x2k4p corrId=c-037606155a93a706 bond price fetched series=BND2.5-2056 price=96.552
2026-03-03T13:53:41.295+01:00 INFO pricing-service host=pricing-service-5b8f6c-p9qmz corrId=c-037606155a93a706 conversion cost calculated loan_id=LN492514142 cost_dkk=33839.30
2026-03-03T13:53:41.317+01:00 INFO quote-service host=quote-service-a41e92-t6zvn corrId=c-037606155a93a706 conversion quote issued quote_id=Q25772789 loan_id=LN492514142
2026-03-03T13:54:11.165+01:00 INFO portal-bff host=portal-bff-7c9d5b-x2k4p corrId=c-a2100fa91f436ea2 loan application submitted application_id=APP-2026-988768 customer_segment=PRIVATE
2026-03-03T13:54:11.245+01:00 INFO identity-service host=identity-service-7c9d5b-t6zvn corrId=c-a2100fa91f436ea2 MitID session validated customer_id=C96987442
2026-03-03T13:54:11.317+01:00 INFO customer-service host=customer-service-5b8f6c-x2k4p corrId=c-a2100fa91f436ea2 KYC profile loaded customer_id=C96987442 risk_class=HIGH
2026-03-03T13:54:11.396+01:00 INFO valuation-service host=valuation-service-5b8f6c-x2k4p corrId=c-a2100fa91f436ea2 property valuation requested property_id=P5008551 provider=bolig-vurdering
2026-03-03T13:54:11.818+01:00 INFO valuation-service host=valuation-service-a41e92-t6zvn corrId=c-a2100fa91f436ea2 property valuation received property_id=P5008551 value_dkk=6270000 latency_ms=298
2026-03-03T13:54:11.841+01:00 INFO credit-service host=credit-service-7c9d5b-t6zvn corrId=c-a2100fa91f436ea2 credit assessment completed application_id=APP-2026-988768 score=683 decision=APPROVED
2026-03-03T13:54:11.970+01:00 INFO offer-service host=offer-service-7c9d5b-t6zvn corrId=c-a2100fa91f436ea2 loan offer generated application_id=APP-2026-988768 loan_type=FLEX_1Y principal_dkk=5035000
2026-03-03T13:54:12.107+01:00 INFO document-service host=document-service-5b8f6c-p9qmz corrId=c-a2100fa91f436ea2 offer document stored application_id=APP-2026-988768 doc_id=DOC-1db00c99
2026-03-03T13:54:12.174+01:00 INFO portal-bff host=portal-bff-5b8f6c-t6zvn corrId=c-a2100fa91f436ea2 application completed application_id=APP-2026-988768 status=OFFER_ISSUED
2026-03-03T13:55:00.092+01:00 INFO api-gateway host=api-gateway-5b8f6c-x2k4p corrId=- health probe ok status=200 latency_ms=34
2026-03-03T13:55:55.760+01:00 INFO portal-bff host=portal-bff-7c9d5b-p9qmz corrId=c-0b70cc4d82d8b79d loan application submitted application_id=APP-2026-588518 customer_segment=RETAIL
2026-03-03T13:55:55.803+01:00 INFO identity-service host=identity-service-a41e92-p9qmz corrId=c-0b70cc4d82d8b79d MitID session validated customer_id=C09926150
2026-03-03T13:55:55.831+01:00 INFO customer-service host=customer-service-a41e92-t6zvn corrId=c-0b70cc4d82d8b79d KYC profile loaded customer_id=C09926150 risk_class=HIGH
2026-03-03T13:55:55.941+01:00 INFO valuation-service host=valuation-service-a41e92-x2k4p corrId=c-0b70cc4d82d8b79d property valuation served from cache property_id=P5293898 value_dkk=8770000
2026-03-03T13:55:55.957+01:00 INFO credit-service host=credit-service-5b8f6c-t6zvn corrId=c-0b70cc4d82d8b79d credit assessment completed application_id=APP-2026-588518 score=586 decision=APPROVED
2026-03-03T13:55:56.081+01:00 INFO offer-service host=offer-service-5b8f6c-p9qmz corrId=c-0b70cc4d82d8b79d loan offer generated application_id=APP-2026-588518 loan_type=FIXED_30Y principal_dkk=4670000
2026-03-03T13:55:56.219+01:00 INFO document-service host=document-service-5b8f6c-t6zvn corrId=c-0b70cc4d82d8b79d offer document stored application_id=APP-2026-588518 doc_id=DOC-bc83e901
2026-03-03T13:55:56.338+01:00 INFO portal-bff host=portal-bff-a41e92-p9qmz corrId=c-0b70cc4d82d8b79d application completed application_id=APP-2026-588518 status=OFFER_ISSUED
2026-03-03T13:57:03.645+01:00 INFO portal-bff host=portal-bff-7c9d5b-x2k4p corrId=c-408a51253409dfd4 loan application submitted application_id=APP-2026-486172 customer_segment=SME
2026-03-03T13:57:03.772+01:00 INFO identity-service host=identity-service-a41e92-x2k4p corrId=c-408a51253409dfd4 MitID session validated customer_id=C51420559
2026-03-03T13:57:03.893+01:00 INFO customer-service host=customer-service-a41e92-t6zvn corrId=c-408a51253409dfd4 KYC profile loaded customer_id=C51420559 risk_class=HIGH
2026-03-03T13:57:04.001+01:00 INFO valuation-service host=valuation-service-7c9d5b-t6zvn corrId=c-408a51253409dfd4 property valuation requested property_id=P5514200 provider=valuta-ejd
2026-03-03T13:57:04.799+01:00 INFO valuation-service host=valuation-service-7c9d5b-x2k4p corrId=c-408a51253409dfd4 property valuation received property_id=P5514200 value_dkk=2480000 latency_ms=679
2026-03-03T13:57:04.811+01:00 INFO credit-service host=credit-service-a41e92-x2k4p corrId=c-408a51253409dfd4 credit assessment completed application_id=APP-2026-486172 score=843 decision=APPROVED
2026-03-03T13:57:04.880+01:00 INFO offer-service host=offer-service-5b8f6c-x2k4p corrId=c-408a51253409dfd4 loan offer generated application_id=APP-2026-486172 loan_type=FLEX_1Y principal_dkk=5445000
2026-03-03T13:57:04.991+01:00 INFO document-service host=document-service-5b8f6c-t6zvn corrId=c-408a51253409dfd4 offer document stored application_id=APP-2026-486172 doc_id=DOC-ff1234f1
2026-03-03T13:57:05.086+01:00 INFO portal-bff host=portal-bff-7c9d5b-p9qmz corrId=c-408a51253409dfd4 application completed application_id=APP-2026-486172 status=OFFER_ISSUED
2026-03-03T13:57:38.410+01:00 INFO portal-bff host=portal-bff-5b8f6c-x2k4p corrId=c-4cbc8e43da03ba25 conversion quote requested loan_id=LN409321805 target_product=FIXED_30Y
2026-03-03T13:57:38.471+01:00 INFO identity-service host=identity-service-7c9d5b-p9qmz corrId=c-4cbc8e43da03ba25 MitID session validated customer_id=C69347967
2026-03-03T13:57:38.586+01:00 INFO pricing-service host=pricing-service-a41e92-t6zvn corrId=c-4cbc8e43da03ba25 bond price fetched series=BND2.5-2056 price=92.774
2026-03-03T13:57:38.610+01:00 INFO pricing-service host=pricing-service-7c9d5b-x2k4p corrId=c-4cbc8e43da03ba25 conversion cost calculated loan_id=LN409321805 cost_dkk=20056.75
2026-03-03T13:57:38.681+01:00 INFO quote-service host=quote-service-a41e92-t6zvn corrId=c-4cbc8e43da03ba25 conversion quote issued quote_id=Q31159411 loan_id=LN409321805
2026-03-03T13:57:45.277+01:00 INFO portal-bff host=portal-bff-a41e92-x2k4p corrId=c-75117b45199942a9 loan application submitted application_id=APP-2026-829206 customer_segment=PRIVATE
2026-03-03T13:57:45.355+01:00 INFO identity-service host=identity-service-a41e92-t6zvn corrId=c-75117b45199942a9 MitID session validated customer_id=C02020632
2026-03-03T13:57:45.414+01:00 INFO customer-service host=customer-service-a41e92-x2k4p corrId=c-75117b45199942a9 KYC profile loaded customer_id=C02020632 risk_class=MEDIUM
2026-03-03T13:57:45.519+01:00 INFO valuation-service host=valuation-service-a41e92-x2k4p corrId=c-75117b45199942a9 property valuation requested property_id=P0937972 provider=bolig-vurdering
2026-03-03T13:57:46.199+01:00 INFO valuation-service host=valuation-service-5b8f6c-x2k4p corrId=c-75117b45199942a9 property valuation received property_id=P0937972 value_dkk=4960000 latency_ms=641
2026-03-03T13:57:46.262+01:00 INFO credit-service host=credit-service-5b8f6c-x2k4p corrId=c-75117b45199942a9 credit assessment completed application_id=APP-2026-829206 score=801 decision=APPROVED
2026-03-03T13:57:46.394+01:00 INFO offer-service host=offer-service-7c9d5b-x2k4p corrId=c-75117b45199942a9 loan offer generated application_id=APP-2026-829206 loan_type=FIXED_30Y principal_dkk=1925000
2026-03-03T13:57:46.516+01:00 INFO document-service host=document-service-a41e92-t6zvn corrId=c-75117b45199942a9 offer document stored application_id=APP-2026-829206 doc_id=DOC-22fc7eb9
2026-03-03T13:57:46.539+01:00 INFO portal-bff host=portal-bff-5b8f6c-p9qmz corrId=c-75117b45199942a9 application completed application_id=APP-2026-829206 status=OFFER_ISSUED
2026-03-03T13:59:48.943+01:00 INFO offer-service host=offer-service-5b8f6c-x2k4p corrId=c-beafa54f74b84e53 offer accepted application_id=APP-2026-702382
2026-03-03T13:59:49.032+01:00 INFO ledger-service host=ledger-service-7c9d5b-x2k4p corrId=c-beafa54f74b84e53 funds reserved application_id=APP-2026-702382 amount_dkk=3810000
2026-03-03T13:59:49.132+01:00 INFO payment-service host=payment-service-5b8f6c-t6zvn corrId=c-beafa54f74b84e53 payout instruction sent application_id=APP-2026-702382 amount_dkk=3810000
2026-03-03T13:59:49.233+01:00 INFO ledger-service host=ledger-service-a41e92-p9qmz corrId=c-beafa54f74b84e53 payout booked application_id=APP-2026-702382 posting_id=PST-fad8615807
2026-03-03T13:59:49.252+01:00 INFO notification-service host=notification-service-7c9d5b-p9qmz corrId=c-beafa54f74b84e53 payout confirmation sent application_id=APP-2026-702382
2026-03-03T13:59:51.631+01:00 INFO offer-service host=offer-service-a41e92-t6zvn corrId=c-ad726456cbecfda7 offer accepted application_id=APP-2026-638322
2026-03-03T13:59:51.664+01:00 INFO ledger-service host=ledger-service-7c9d5b-p9qmz corrId=c-ad726456cbecfda7 funds reserved application_id=APP-2026-638322 amount_dkk=3440000
2026-03-03T13:59:51.759+01:00 INFO payment-service host=payment-service-7c9d5b-x2k4p corrId=c-ad726456cbecfda7 payout instruction sent application_id=APP-2026-638322 amount_dkk=3440000
2026-03-03T13:59:51.840+01:00 INFO ledger-service host=ledger-service-5b8f6c-p9qmz corrId=c-ad726456cbecfda7 payout booked application_id=APP-2026-638322 posting_id=PST-c9256ee2fe
2026-03-03T13:59:51.956+01:00 INFO notification-service host=notification-service-5b8f6c-x2k4p corrId=c-ad726456cbecfda7 payout confirmation sent application_id=APP-2026-638322
2026-03-03T13:59:56.053+01:00 INFO portal-bff host=portal-bff-7c9d5b-p9qmz corrId=c-8e7421324c0a22e1 loan application submitted application_id=APP-2026-959902 customer_segment=RETAIL
2026-03-03T13:59:56.159+01:00 INFO identity-service host=identity-service-a41e92-t6zvn corrId=c-8e7421324c0a22e1 MitID session validated customer_id=C34893619
2026-03-03T13:59:56.225+01:00 INFO customer-service host=customer-service-a41e92-p9qmz corrId=c-8e7421324c0a22e1 KYC profile loaded customer_id=C34893619 risk_class=MEDIUM
2026-03-03T13:59:56.263+01:00 INFO portal-bff host=portal-bff-a41e92-x2k4p corrId=c-583e87b7b6463a77 loan application submitted application_id=APP-2026-710517 customer_segment=RETAIL
2026-03-03T13:59:56.309+01:00 INFO identity-service host=identity-service-a41e92-t6zvn corrId=c-583e87b7b6463a77 MitID session validated customer_id=C18779130
2026-03-03T13:59:56.349+01:00 INFO valuation-service host=valuation-service-5b8f6c-p9qmz corrId=c-8e7421324c0a22e1 property valuation requested property_id=P6167660 provider=bolig-vurdering
2026-03-03T13:59:56.448+01:00 INFO customer-service host=customer-service-a41e92-p9qmz corrId=c-583e87b7b6463a77 KYC profile loaded customer_id=C18779130 risk_class=LOW
2026-03-03T13:59:56.478+01:00 INFO valuation-service host=valuation-service-7c9d5b-p9qmz corrId=c-583e87b7b6463a77 property valuation requested property_id=P9210670 provider=bolig-vurdering
2026-03-03T13:59:57.115+01:00 INFO valuation-service host=valuation-service-5b8f6c-x2k4p corrId=c-583e87b7b6463a77 property valuation received property_id=P9210670 value_dkk=3210000 latency_ms=580
2026-03-03T13:59:57.252+01:00 INFO credit-service host=credit-service-7c9d5b-t6zvn corrId=c-583e87b7b6463a77 credit assessment completed application_id=APP-2026-710517 score=749 decision=APPROVED
2026-03-03T13:59:57.319+01:00 INFO valuation-service host=valuation-service-7c9d5b-p9qmz corrId=c-8e7421324c0a22e1 property valuation received property_id=P6167660 value_dkk=7160000 latency_ms=870
2026-03-03T13:59:57.377+01:00 INFO offer-service host=offer-service-7c9d5b-t6zvn corrId=c-583e87b7b6463a77 loan offer generated application_id=APP-2026-710517 loan_type=FIXED_20Y_IO principal_dkk=2035000
2026-03-03T13:59:57.432+01:00 INFO credit-service host=credit-service-a41e92-t6zvn corrId=c-8e7421324c0a22e1 credit assessment completed application_id=APP-2026-959902 score=644 decision=APPROVED
2026-03-03T13:59:57.463+01:00 INFO offer-service host=offer-service-7c9d5b-p9qmz corrId=c-8e7421324c0a22e1 loan offer generated application_id=APP-2026-959902 loan_type=FLEX_5Y principal_dkk=3480000
2026-03-03T13:59:57.501+01:00 INFO document-service host=document-service-a41e92-t6zvn corrId=c-583e87b7b6463a77 offer document stored application_id=APP-2026-710517 doc_id=DOC-87dc7ea4
2026-03-03T13:59:57.529+01:00 INFO document-service host=document-service-7c9d5b-t6zvn corrId=c-8e7421324c0a22e1 offer document stored application_id=APP-2026-959902 doc_id=DOC-269539f9
2026-03-03T13:59:57.548+01:00 INFO portal-bff host=portal-bff-a41e92-p9qmz corrId=c-8e7421324c0a22e1 application completed application_id=APP-2026-959902 status=OFFER_ISSUED
2026-03-03T13:59:57.613+01:00 INFO portal-bff host=portal-bff-7c9d5b-t6zvn corrId=c-583e87b7b6463a77 application completed application_id=APP-2026-710517 status=OFFER_ISSUED
2026-03-03T14:00:00.518+01:00 INFO payment-scheduler host=payment-scheduler-5b8f6c-t6zvn corrId=- scheduler heartbeat lag_ms=109
2026-03-03T14:00:00.662+01:00 INFO api-gateway host=api-gateway-5b8f6c-x2k4p corrId=- health probe ok status=200 latency_ms=18
2026-03-03T14:00:06.656+01:00 INFO offer-service host=offer-service-5b8f6c-t6zvn corrId=c-c42324bb7236e52d offer accepted application_id=APP-2026-737996
2026-03-03T14:00:06.720+01:00 INFO ledger-service host=ledger-service-5b8f6c-x2k4p corrId=c-c42324bb7236e52d funds reserved application_id=APP-2026-737996 amount_dkk=5595000
2026-03-03T14:00:06.752+01:00 INFO payment-service host=payment-service-7c9d5b-t6zvn corrId=c-c42324bb7236e52d payout instruction sent application_id=APP-2026-737996 amount_dkk=5595000
2026-03-03T14:00:06.770+01:00 INFO ledger-service host=ledger-service-5b8f6c-p9qmz corrId=c-c42324bb7236e52d payout booked application_id=APP-2026-737996 posting_id=PST-87c8b76f44
2026-03-03T14:00:06.832+01:00 INFO notification-service host=notification-service-7c9d5b-x2k4p corrId=c-c42324bb7236e52d payout confirmation sent application_id=APP-2026-737996
2026-03-03T14:00:40.000+01:00 INFO config-service host=config-service-a41e92-t6zvn corrId=- configuration refreshed version=v140
2026-03-03T14:00:58.132+01:00 INFO portal-bff host=portal-bff-5b8f6c-x2k4p corrId=c-f2c66b32992cb4e5 loan application submitted application_id=APP-2026-252665 customer_segment=PRIVATE
2026-03-03T14:00:58.227+01:00 INFO identity-service host=identity-service-7c9d5b-p9qmz corrId=c-f2c66b32992cb4e5 MitID session validated customer_id=C82846746
2026-03-03T14:00:58.367+01:00 INFO customer-service host=customer-service-5b8f6c-x2k4p corrId=c-f2c66b32992cb4e5 KYC profile loaded customer_id=C82846746 risk_class=MEDIUM
2026-03-03T14:00:58.408+01:00 INFO valuation-service host=valuation-service-a41e92-t6zvn corrId=c-f2c66b32992cb4e5 property valuation requested property_id=P6399070 provider=valuta-ejd
2026-03-03T14:00:59.314+01:00 INFO valuation-service host=valuation-service-5b8f6c-t6zvn corrId=c-f2c66b32992cb4e5 property valuation received property_id=P6399070 value_dkk=2640000 latency_ms=801
2026-03-03T14:00:59.339+01:00 INFO credit-service host=credit-service-7c9d5b-p9qmz corrId=c-f2c66b32992cb4e5 credit assessment completed application_id=APP-2026-252665 score=781 decision=APPROVED
2026-03-03T14:00:59.451+01:00 INFO offer-service host=offer-service-a41e92-x2k4p corrId=c-f2c66b32992cb4e5 loan offer generated application_id=APP-2026-252665 loan_type=FLEX_1Y principal_dkk=5795000
2026-03-03T14:00:59.525+01:00 INFO document-service host=document-service-a41e92-p9qmz corrId=c-f2c66b32992cb4e5 offer document stored application_id=APP-2026-252665 doc_id=DOC-762ab63c
2026-03-03T14:00:59.560+01:00 INFO portal-bff host=portal-bff-5b8f6c-p9qmz corrId=c-f2c66b32992cb4e5 application completed application_id=APP-2026-252665 status=OFFER_ISSUED
2026-03-03T14:04:12.751+01:00 INFO portal-bff host=portal-bff-a41e92-t6zvn corrId=c-9794c979677eb12b loan application submitted application_id=APP-2026-093906 customer_segment=SME
2026-03-03T14:04:12.770+01:00 INFO identity-service host=identity-service-7c9d5b-x2k4p corrId=c-9794c979677eb12b MitID session validated customer_id=C31674116
2026-03-03T14:04:12.910+01:00 INFO customer-service host=customer-service-5b8f6c-p9qmz corrId=c-9794c979677eb12b KYC profile loaded customer_id=C31674116 risk_class=HIGH
2026-03-03T14:04:12.944+01:00 INFO valuation-service host=valuation-service-a41e92-t6zvn corrId=c-9794c979677eb12b property valuation served from cache property_id=P6291923 value_dkk=3790000
2026-03-03T14:04:12.964+01:00 INFO credit-service host=credit-service-7c9d5b-p9qmz corrId=c-9794c979677eb12b credit assessment completed application_id=APP-2026-093906 score=549 decision=APPROVED
2026-03-03T14:04:13.017+01:00 INFO offer-service host=offer-service-7c9d5b-p9qmz corrId=c-9794c979677eb12b loan offer generated application_id=APP-2026-093906 loan_type=FLEX_5Y principal_dkk=5160000
2026-03-03T14:04:13.106+01:00 INFO document-service host=document-service-5b8f6c-t6zvn corrId=c-9794c979677eb12b offer document stored application_id=APP-2026-093906 doc_id=DOC-143b1a74
2026-03-03T14:04:13.229+01:00 INFO portal-bff host=portal-bff-7c9d5b-t6zvn corrId=c-9794c979677eb12b application completed application_id=APP-2026-093906 status=OFFER_ISSUED
2026-03-03T14:04:38.387+01:00 INFO portal-bff host=portal-bff-7c9d5b-t6zvn corrId=c-3da48ba7bec6d496 loan application submitted application_id=APP-2026-100625 customer_segment=SME
2026-03-03T14:04:38.478+01:00 INFO identity-service host=identity-service-5b8f6c-p9qmz corrId=c-3da48ba7bec6d496 MitID session validated customer_id=C83158570
2026-03-03T14:04:38.535+01:00 INFO customer-service host=customer-service-a41e92-t6zvn corrId=c-3da48ba7bec6d496 KYC profile loaded customer_id=C83158570 risk_class=LOW
2026-03-03T14:04:38.672+01:00 INFO valuation-service host=valuation-service-5b8f6c-x2k4p corrId=c-3da48ba7bec6d496 property valuation requested property_id=P0245626 provider=valuta-ejd
2026-03-03T14:04:39.089+01:00 INFO valuation-service host=valuation-service-5b8f6c-x2k4p corrId=c-3da48ba7bec6d496 property valuation received property_id=P0245626 value_dkk=2270000 latency_ms=306
2026-03-03T14:04:39.158+01:00 INFO credit-service host=credit-service-a41e92-t6zvn corrId=c-3da48ba7bec6d496 credit assessment completed application_id=APP-2026-100625 score=577 decision=APPROVED
2026-03-03T14:04:39.174+01:00 INFO offer-service host=offer-service-5b8f6c-t6zvn corrId=c-3da48ba7bec6d496 loan offer generated application_id=APP-2026-100625 loan_type=FIXED_30Y principal_dkk=4410000
2026-03-03T14:04:39.269+01:00 INFO document-service host=document-service-5b8f6c-x2k4p corrId=c-3da48ba7bec6d496 offer document stored application_id=APP-2026-100625 doc_id=DOC-31118ee5
2026-03-03T14:04:39.393+01:00 INFO portal-bff host=portal-bff-7c9d5b-t6zvn corrId=c-3da48ba7bec6d496 application completed application_id=APP-2026-100625 status=OFFER_ISSUED
2026-03-03T14:05:00.141+01:00 INFO api-gateway host=api-gateway-a41e92-p9qmz corrId=- health probe ok status=200 latency_ms=8
2026-03-03T14:06:06.577+01:00 INFO portal-bff host=portal-bff-7c9d5b-p9qmz corrId=c-5f1379bc6ae99d4a loan application submitted application_id=APP-2026-107428 customer_segment=RETAIL
2026-03-03T14:06:06.691+01:00 INFO identity-service host=identity-service-7c9d5b-x2k4p corrId=c-5f1379bc6ae99d4a MitID session validated customer_id=C32850582
2026-03-03T14:06:06.711+01:00 INFO customer-service host=customer-service-7c9d5b-p9qmz corrId=c-5f1379bc6ae99d4a KYC profile loaded customer_id=C32850582 risk_class=LOW
2026-03-03T14:06:06.765+01:00 INFO valuation-service host=valuation-service-5b8f6c-x2k4p corrId=c-5f1379bc6ae99d4a property valuation requested property_id=P0075051 provider=valuta-ejd
2026-03-03T14:06:07.436+01:00 INFO valuation-service host=valuation-service-5b8f6c-t6zvn corrId=c-5f1379bc6ae99d4a property valuation received property_id=P0075051 value_dkk=5550000 latency_ms=553
2026-03-03T14:06:07.446+01:00 INFO credit-service host=credit-service-a41e92-t6zvn corrId=c-5f1379bc6ae99d4a credit assessment completed application_id=APP-2026-107428 score=754 decision=APPROVED
2026-03-03T14:06:07.498+01:00 INFO offer-service host=offer-service-5b8f6c-t6zvn corrId=c-5f1379bc6ae99d4a loan offer generated application_id=APP-2026-107428 loan_type=FLEX_5Y principal_dkk=3265000
2026-03-03T14:06:07.586+01:00 INFO document-service host=document-service-5b8f6c-p9qmz corrId=c-5f1379bc6ae99d4a offer document stored application_id=APP-2026-107428 doc_id=DOC-cd4e908e
2026-03-03T14:06:07.621+01:00 INFO portal-bff host=portal-bff-5b8f6c-p9qmz corrId=c-5f1379bc6ae99d4a application completed application_id=APP-2026-107428 status=OFFER_ISSUED
2026-03-03T14:07:08.916+01:00 INFO portal-bff host=portal-bff-a41e92-t6zvn corrId=c-3a9495bdd8bb5f66 conversion quote requested loan_id=LN010405435 target_product=FLEX_1Y
2026-03-03T14:07:08.926+01:00 INFO identity-service host=identity-service-a41e92-t6zvn corrId=c-3a9495bdd8bb5f66 MitID session validated customer_id=C79256772
2026-03-03T14:07:08.959+01:00 INFO pricing-service host=pricing-service-a41e92-t6zvn corrId=c-3a9495bdd8bb5f66 bond price fetched series=BND2.5-2053 price=97.769
2026-03-03T14:07:09.050+01:00 INFO pricing-service host=pricing-service-5b8f6c-x2k4p corrId=c-3a9495bdd8bb5f66 conversion cost calculated loan_id=LN010405435 cost_dkk=21400.97
2026-03-03T14:07:09.116+01:00 INFO quote-service host=quote-service-7c9d5b-p9qmz corrId=c-3a9495bdd8bb5f66 conversion quote issued quote_id=Q77952775 loan_id=LN010405435
2026-03-03T14:10:00.712+01:00 INFO api-gateway host=api-gateway-7c9d5b-t6zvn corrId=- health probe ok status=200 latency_ms=13
2026-03-03T14:10:00.778+01:00 INFO payment-scheduler host=payment-scheduler-7c9d5b-t6zvn corrId=- scheduler heartbeat lag_ms=38
2026-03-03T14:10:26.575+01:00 INFO portal-bff host=portal-bff-a41e92-t6zvn corrId=c-d3d84f433de4519c conversion quote requested loan_id=LN807613067 target_product=FLEX_1Y
2026-03-03T14:10:26.637+01:00 INFO identity-service host=identity-service-7c9d5b-t6zvn corrId=c-d3d84f433de4519c MitID session validated customer_id=C10224547
2026-03-03T14:10:26.736+01:00 INFO pricing-service host=pricing-service-7c9d5b-t6zvn corrId=c-d3d84f433de4519c bond price fetched series=BND4.0-2053 price=90.567
2026-03-03T14:10:26.802+01:00 INFO pricing-service host=pricing-service-a41e92-t6zvn corrId=c-d3d84f433de4519c conversion cost calculated loan_id=LN807613067 cost_dkk=24744.95
2026-03-03T14:10:26.940+01:00 INFO quote-service host=quote-service-a41e92-p9qmz corrId=c-d3d84f433de4519c conversion quote issued quote_id=Q25988163 loan_id=LN807613067
2026-03-03T14:10:29.893+01:00 INFO portal-bff host=portal-bff-7c9d5b-x2k4p corrId=c-2d60e917dcda6d64 loan application submitted application_id=APP-2026-896855 customer_segment=RETAIL
2026-03-03T14:10:29.940+01:00 INFO identity-service host=identity-service-5b8f6c-p9qmz corrId=c-2d60e917dcda6d64 MitID session validated customer_id=C11394918
2026-03-03T14:10:29.988+01:00 INFO customer-service host=customer-service-5b8f6c-p9qmz corrId=c-2d60e917dcda6d64 KYC profile loaded customer_id=C11394918 risk_class=LOW
2026-03-03T14:10:30.107+01:00 INFO valuation-service host=valuation-service-a41e92-x2k4p corrId=c-2d60e917dcda6d64 property valuation requested property_id=P3942213 provider=valuta-ejd
2026-03-03T14:10:30.831+01:00 INFO valuation-service host=valuation-service-5b8f6c-t6zvn corrId=c-2d60e917dcda6d64 property valuation received property_id=P3942213 value_dkk=5820000 latency_ms=704
2026-03-03T14:10:30.908+01:00 INFO credit-service host=credit-service-a41e92-x2k4p corrId=c-2d60e917dcda6d64 credit assessment completed application_id=APP-2026-896855 score=782 decision=APPROVED
2026-03-03T14:10:31.020+01:00 INFO offer-service host=offer-service-a41e92-p9qmz corrId=c-2d60e917dcda6d64 loan offer generated application_id=APP-2026-896855 loan_type=FIXED_30Y principal_dkk=5950000
2026-03-03T14:10:31.153+01:00 INFO document-service host=document-service-a41e92-x2k4p corrId=c-2d60e917dcda6d64 offer document stored application_id=APP-2026-896855 doc_id=DOC-8ecdb3bb
2026-03-03T14:10:31.232+01:00 INFO portal-bff host=portal-bff-7c9d5b-x2k4p corrId=c-2d60e917dcda6d64 application completed application_id=APP-2026-896855 status=OFFER_ISSUED
2026-03-03T14:12:13.006+01:00 INFO portal-bff host=portal-bff-5b8f6c-p9qmz corrId=c-ed3c806e7b8f8cce conversion quote requested loan_id=LN045933739 target_product=FIXED_30Y
2026-03-03T14:12:13.133+01:00 INFO identity-service host=identity-service-a41e92-p9qmz corrId=c-ed3c806e7b8f8cce MitID session validated customer_id=C04182605
2026-03-03T14:12:13.246+01:00 INFO pricing-service host=pricing-service-a41e92-x2k4p corrId=c-ed3c806e7b8f8cce bond price fetched series=BND4.0-2053 price=92.099
2026-03-03T14:12:13.349+01:00 INFO pricing-service host=pricing-service-5b8f6c-p9qmz corrId=c-ed3c806e7b8f8cce conversion cost calculated loan_id=LN045933739 cost_dkk=73279.86
2026-03-03T14:12:13.472+01:00 INFO quote-service host=quote-service-5b8f6c-x2k4p corrId=c-ed3c806e7b8f8cce conversion quote issued quote_id=Q39387518 loan_id=LN045933739
2026-03-03T14:12:56.346+01:00 INFO portal-bff host=portal-bff-7c9d5b-p9qmz corrId=c-a16cdeb226e9897c conversion quote requested loan_id=LN456546684 target_product=FLEX_1Y
2026-03-03T14:12:56.413+01:00 INFO identity-service host=identity-service-5b8f6c-x2k4p corrId=c-a16cdeb226e9897c MitID session validated customer_id=C31642535
2026-03-03T14:12:56.456+01:00 INFO pricing-service host=pricing-service-7c9d5b-x2k4p corrId=c-a16cdeb226e9897c bond price fetched series=BND3.0-2056 price=93.241
2026-03-03T14:12:56.509+01:00 INFO pricing-service host=pricing-service-a41e92-x2k4p corrId=c-a16cdeb226e9897c conversion cost calculated loan_id=LN456546684 cost_dkk=66554.12
2026-03-03T14:12:56.516+01:00 INFO quote-service host=quote-service-7c9d5b-p9qmz corrId=c-a16cdeb226e9897c conversion quote issued quote_id=Q18144542 loan_id=LN456546684
2026-03-03T14:13:10.696+01:00 INFO portal-bff host=portal-bff-a41e92-t6zvn corrId=c-4ab74539e672e90e loan application submitted application_id=APP-2026-002601 customer_segment=SME
2026-03-03T14:13:10.832+01:00 INFO identity-service host=identity-service-a41e92-p9qmz corrId=c-4ab74539e672e90e MitID session validated customer_id=C14195483
2026-03-03T14:13:10.962+01:00 INFO customer-service host=customer-service-5b8f6c-p9qmz corrId=c-4ab74539e672e90e KYC profile loaded customer_id=C14195483 risk_class=HIGH
2026-03-03T14:13:11.056+01:00 INFO valuation-service host=valuation-service-a41e92-x2k4p corrId=c-4ab74539e672e90e property valuation requested property_id=P8164185 provider=bolig-vurdering
2026-03-03T14:13:11.807+01:00 INFO valuation-service host=valuation-service-5b8f6c-x2k4p corrId=c-4ab74539e672e90e property valuation received property_id=P8164185 value_dkk=4140000 latency_ms=700
2026-03-03T14:13:11.842+01:00 INFO credit-service host=credit-service-7c9d5b-x2k4p corrId=c-4ab74539e672e90e credit assessment completed application_id=APP-2026-002601 score=579 decision=APPROVED
2026-03-03T14:13:11.980+01:00 INFO offer-service host=offer-service-a41e92-t6zvn corrId=c-4ab74539e672e90e loan offer generated application_id=APP-2026-002601 loan_type=FLEX_5Y principal_dkk=3200000
2026-03-03T14:13:12.120+01:00 INFO document-service host=document-service-a41e92-x2k4p corrId=c-4ab74539e672e90e offer document stored application_id=APP-2026-002601 doc_id=DOC-485d3814
2026-03-03T14:13:12.244+01:00 INFO portal-bff host=portal-bff-5b8f6c-x2k4p corrId=c-4ab74539e672e90e application completed application_id=APP-2026-002601 status=OFFER_ISSUED
2026-03-03T14:13:16.042+01:00 INFO portal-bff host=portal-bff-7c9d5b-p9qmz corrId=c-a6445a18c3187654 loan application submitted application_id=APP-2026-045481 customer_segment=RETAIL
2026-03-03T14:13:16.115+01:00 INFO identity-service host=identity-service-a41e92-t6zvn corrId=c-a6445a18c3187654 MitID session validated customer_id=C45420317
2026-03-03T14:13:16.148+01:00 INFO customer-service host=customer-service-a41e92-p9qmz corrId=c-a6445a18c3187654 KYC profile loaded customer_id=C45420317 risk_class=MEDIUM
2026-03-03T14:13:16.216+01:00 INFO valuation-service host=valuation-service-5b8f6c-t6zvn corrId=c-a6445a18c3187654 property valuation served from cache property_id=P9552045 value_dkk=3960000
2026-03-03T14:13:16.339+01:00 INFO credit-service host=credit-service-7c9d5b-t6zvn corrId=c-a6445a18c3187654 credit assessment completed application_id=APP-2026-045481 score=730 decision=APPROVED
2026-03-03T14:13:16.349+01:00 INFO offer-service host=offer-service-7c9d5b-t6zvn corrId=c-a6445a18c3187654 loan offer generated application_id=APP-2026-045481 loan_type=FIXED_30Y principal_dkk=3460000
2026-03-03T14:13:16.446+01:00 INFO document-service host=document-service-5b8f6c-t6zvn corrId=c-a6445a18c3187654 offer document stored application_id=APP-2026-045481 doc_id=DOC-941e67d9
2026-03-03T14:13:16.455+01:00 INFO portal-bff host=portal-bff-a41e92-x2k4p corrId=c-a6445a18c3187654 application completed application_id=APP-2026-045481 status=OFFER_ISSUED
2026-03-03T14:13:50.791+01:00 INFO offer-service host=offer-service-a41e92-p9qmz corrId=c-6208b899c95ca72a offer accepted application_id=APP-2026-104045
2026-03-03T14:13:50.839+01:00 INFO ledger-service host=ledger-service-a41e92-x2k4p corrId=c-6208b899c95ca72a funds reserved application_id=APP-2026-104045 amount_dkk=1005000
2026-03-03T14:13:50.911+01:00 INFO ledger-service host=ledger-service-5b8f6c-t6zvn corrId=c-6208b899c95ca72a payout booked application_id=APP-2026-104045 posting_id=PST-271fac3453
2026-03-03T14:13:51.048+01:00 INFO payment-service host=payment-service-a41e92-p9qmz corrId=c-6208b899c95ca72a payout instruction sent application_id=APP-2026-104045 amount_dkk=1005000
2026-03-03T14:13:51.072+01:00 INFO notification-service host=notification-service-a41e92-p9qmz corrId=c-6208b899c95ca72a payout confirmation sent application_id=APP-2026-104045
2026-03-03T14:14:31.569+01:00 INFO portal-bff host=portal-bff-a41e92-x2k4p corrId=c-baffc3340ae20a79 loan application submitted application_id=APP-2026-523438 customer_segment=RETAIL
2026-03-03T14:14:31.624+01:00 INFO identity-service host=identity-service-5b8f6c-p9qmz corrId=c-baffc3340ae20a79 MitID session validated customer_id=C58949059
2026-03-03T14:14:31.709+01:00 INFO customer-service host=customer-service-a41e92-t6zvn corrId=c-baffc3340ae20a79 KYC profile loaded customer_id=C58949059 risk_class=LOW
2026-03-03T14:14:31.719+01:00 INFO valuation-service host=valuation-service-7c9d5b-t6zvn corrId=c-baffc3340ae20a79 property valuation served from cache property_id=P1544787 value_dkk=7900000
2026-03-03T14:14:31.805+01:00 INFO credit-service host=credit-service-a41e92-p9qmz corrId=c-baffc3340ae20a79 credit assessment completed application_id=APP-2026-523438 score=436 decision=APPROVED
2026-03-03T14:14:31.915+01:00 INFO offer-service host=offer-service-5b8f6c-t6zvn corrId=c-baffc3340ae20a79 loan offer generated application_id=APP-2026-523438 loan_type=FLEX_1Y principal_dkk=2810000
2026-03-03T14:14:31.937+01:00 INFO document-service host=document-service-a41e92-t6zvn corrId=c-baffc3340ae20a79 offer document stored application_id=APP-2026-523438 doc_id=DOC-cb299c2f
2026-03-03T14:14:32.000+01:00 INFO portal-bff host=portal-bff-a41e92-t6zvn corrId=c-baffc3340ae20a79 application completed application_id=APP-2026-523438 status=OFFER_ISSUED
2026-03-03T14:14:36.611+01:00 INFO portal-bff host=portal-bff-7c9d5b-t6zvn corrId=c-3948910578466555 loan application submitted application_id=APP-2026-304844 customer_segment=RETAIL
2026-03-03T14:14:36.705+01:00 INFO identity-service host=identity-service-5b8f6c-x2k4p corrId=c-3948910578466555 MitID session validated customer_id=C25816467
2026-03-03T14:14:36.808+01:00 INFO customer-service host=customer-service-7c9d5b-x2k4p corrId=c-3948910578466555 KYC profile loaded customer_id=C25816467 risk_class=MEDIUM
2026-03-03T14:14:36.935+01:00 INFO valuation-service host=valuation-service-a41e92-x2k4p corrId=c-3948910578466555 property valuation requested property_id=P6568757 provider=valuta-ejd
2026-03-03T14:14:37.897+01:00 INFO valuation-service host=valuation-service-7c9d5b-p9qmz corrId=c-3948910578466555 property valuation received property_id=P6568757 value_dkk=2600000 latency_ms=921
2026-03-03T14:14:37.983+01:00 INFO credit-service host=credit-service-5b8f6c-x2k4p corrId=c-3948910578466555 credit assessment completed application_id=APP-2026-304844 score=503 decision=APPROVED
2026-03-03T14:14:38.030+01:00 INFO offer-service host=offer-service-7c9d5b-t6zvn corrId=c-3948910578466555 loan offer generated application_id=APP-2026-304844 loan_type=FLEX_1Y principal_dkk=3580000
2026-03-03T14:14:38.114+01:00 INFO document-service host=document-service-a41e92-x2k4p corrId=c-3948910578466555 offer document stored application_id=APP-2026-304844 doc_id=DOC-b3b7adbd
2026-03-03T14:14:38.223+01:00 INFO portal-bff host=portal-bff-7c9d5b-t6zvn corrId=c-3948910578466555 application completed application_id=APP-2026-304844 status=OFFER_ISSUED
2026-03-03T14:15:00.549+01:00 INFO api-gateway host=api-gateway-a41e92-p9qmz corrId=- health probe ok status=200 latency_ms=28
2026-03-03T14:16:18.000+01:00 INFO valuation-service host=valuation-service-a41e92-p9qmz corrId=- jvm gc pause pause_ms=30
2026-03-03T14:20:00.412+01:00 INFO api-gateway host=api-gateway-a41e92-t6zvn corrId=- health probe ok status=200 latency_ms=6
2026-03-03T14:20:00.634+01:00 INFO payment-scheduler host=payment-scheduler-7c9d5b-t6zvn corrId=- scheduler heartbeat lag_ms=10
2026-03-03T14:20:15.954+01:00 INFO portal-bff host=portal-bff-7c9d5b-t6zvn corrId=c-8ba8cefe7c3ef18f loan application submitted application_id=APP-2026-310814 customer_segment=SME
2026-03-03T14:20:15.997+01:00 INFO identity-service host=identity-service-a41e92-x2k4p corrId=c-8ba8cefe7c3ef18f MitID session validated customer_id=C61843014
2026-03-03T14:20:16.113+01:00 INFO customer-service host=customer-service-7c9d5b-p9qmz corrId=c-8ba8cefe7c3ef18f KYC profile loaded customer_id=C61843014 risk_class=MEDIUM
2026-03-03T14:20:16.211+01:00 INFO valuation-service host=valuation-service-7c9d5b-t6zvn corrId=c-8ba8cefe7c3ef18f property valuation requested property_id=P2559047 provider=valuta-ejd
2026-03-03T14:20:17.283+01:00 INFO valuation-service host=valuation-service-7c9d5b-t6zvn corrId=c-8ba8cefe7c3ef18f property valuation received property_id=P2559047 value_dkk=7080000 latency_ms=945
2026-03-03T14:20:17.393+01:00 INFO credit-service host=credit-service-7c9d5b-x2k4p corrId=c-8ba8cefe7c3ef18f credit assessment completed application_id=APP-2026-310814 score=633 decision=APPROVED
2026-03-03T14:20:17.406+01:00 INFO offer-service host=offer-service-7c9d5b-t6zvn corrId=c-8ba8cefe7c3ef18f loan offer generated application_id=APP-2026-310814 loan_type=FLEX_1Y principal_dkk=620000
2026-03-03T14:20:17.544+01:00 INFO document-service host=document-service-5b8f6c-x2k4p corrId=c-8ba8cefe7c3ef18f offer document stored application_id=APP-2026-310814 doc_id=DOC-6814e2f4
2026-03-03T14:20:17.642+01:00 INFO portal-bff host=portal-bff-7c9d5b-x2k4p corrId=c-8ba8cefe7c3ef18f application completed application_id=APP-2026-310814 status=OFFER_ISSUED
2026-03-03T14:22:55.765+01:00 INFO portal-bff host=portal-bff-5b8f6c-p9qmz corrId=c-2341ff879bd067f1 loan application submitted application_id=APP-2026-767791 customer_segment=RETAIL
2026-03-03T14:22:55.824+01:00 INFO identity-service host=identity-service-a41e92-x2k4p corrId=c-2341ff879bd067f1 MitID session validated customer_id=C18470593
2026-03-03T14:22:55.831+01:00 INFO customer-service host=customer-service-a41e92-x2k4p corrId=c-2341ff879bd067f1 KYC profile loaded customer_id=C18470593 risk_class=HIGH
2026-03-03T14:22:55.966+01:00 INFO valuation-service host=valuation-service-5b8f6c-x2k4p corrId=c-2341ff879bd067f1 property valuation requested property_id=P4151647 provider=bolig-vurdering
2026-03-03T14:22:56.822+01:00 INFO valuation-service host=valuation-service-a41e92-t6zvn corrId=c-2341ff879bd067f1 property valuation received property_id=P4151647 value_dkk=4050000 latency_ms=809
2026-03-03T14:22:56.829+01:00 INFO credit-service host=credit-service-5b8f6c-p9qmz corrId=c-2341ff879bd067f1 credit assessment completed application_id=APP-2026-767791 score=757 decision=APPROVED
2026-03-03T14:22:56.957+01:00 INFO offer-service host=offer-service-a41e92-p9qmz corrId=c-2341ff879bd067f1 loan offer generated application_id=APP-2026-767791 loan_type=FLEX_5Y principal_dkk=5690000
2026-03-03T14:22:57.061+01:00 INFO document-service host=document-service-a41e92-p9qmz corrId=c-2341ff879bd067f1 offer document stored application_id=APP-2026-767791 doc_id=DOC-d4831db3
2026-03-03T14:22:57.172+01:00 INFO portal-bff host=portal-bff-5b8f6c-t6zvn corrId=c-2341ff879bd067f1 application completed application_id=APP-2026-767791 status=OFFER_ISSUED
2026-03-03T14:24:40.002+01:00 INFO portal-bff host=portal-bff-a41e92-t6zvn corrId=c-871b07f5e057e93f loan application submitted application_id=APP-2026-279992 customer_segment=SME
2026-03-03T14:24:40.055+01:00 INFO identity-service host=identity-service-5b8f6c-x2k4p corrId=c-871b07f5e057e93f MitID session validated customer_id=C08456352
2026-03-03T14:24:40.111+01:00 INFO customer-service host=customer-service-a41e92-t6zvn corrId=c-871b07f5e057e93f KYC profile loaded customer_id=C08456352 risk_class=HIGH
2026-03-03T14:24:40.188+01:00 INFO valuation-service host=valuation-service-a41e92-p9qmz corrId=c-871b07f5e057e93f property valuation served from cache property_id=P1455956 value_dkk=7780000
2026-03-03T14:24:40.196+01:00 INFO credit-service host=credit-service-5b8f6c-t6zvn corrId=c-871b07f5e057e93f credit assessment completed application_id=APP-2026-279992 score=830 decision=APPROVED
2026-03-03T14:24:40.282+01:00 INFO offer-service host=offer-service-7c9d5b-p9qmz corrId=c-871b07f5e057e93f loan offer generated application_id=APP-2026-279992 loan_type=FLEX_1Y principal_dkk=2645000
2026-03-03T14:24:40.411+01:00 INFO document-service host=document-service-a41e92-x2k4p corrId=c-871b07f5e057e93f offer document stored application_id=APP-2026-279992 doc_id=DOC-15be46e4
2026-03-03T14:24:40.505+01:00 INFO portal-bff host=portal-bff-a41e92-t6zvn corrId=c-871b07f5e057e93f application completed application_id=APP-2026-279992 status=OFFER_ISSUED
2026-03-03T14:25:00.278+01:00 INFO api-gateway host=api-gateway-5b8f6c-t6zvn corrId=- health probe ok status=200 latency_ms=15
2026-03-03T14:25:35.971+01:00 INFO portal-bff host=portal-bff-a41e92-x2k4p corrId=c-872e39ae281eeb0e conversion quote requested loan_id=LN746064775 target_product=FLEX_1Y
2026-03-03T14:25:36.058+01:00 INFO identity-service host=identity-service-a41e92-p9qmz corrId=c-872e39ae281eeb0e MitID session validated customer_id=C25565015
2026-03-03T14:25:36.163+01:00 INFO pricing-service host=pricing-service-5b8f6c-p9qmz corrId=c-872e39ae281eeb0e bond price fetched series=BND2.5-2056 price=88.748
2026-03-03T14:25:36.238+01:00 INFO pricing-service host=pricing-service-7c9d5b-x2k4p corrId=c-872e39ae281eeb0e conversion cost calculated loan_id=LN746064775 cost_dkk=44932.15
2026-03-03T14:25:36.374+01:00 INFO quote-service host=quote-service-5b8f6c-t6zvn corrId=c-872e39ae281eeb0e conversion quote issued quote_id=Q63037035 loan_id=LN746064775
2026-03-03T14:26:15.300+01:00 INFO portal-bff host=portal-bff-5b8f6c-t6zvn corrId=c-9b48774e8ea85a74 conversion quote requested loan_id=LN769149783 target_product=FIXED_30Y
2026-03-03T14:26:15.372+01:00 INFO identity-service host=identity-service-a41e92-x2k4p corrId=c-9b48774e8ea85a74 MitID session validated customer_id=C97413311
2026-03-03T14:26:15.507+01:00 INFO pricing-service host=pricing-service-5b8f6c-t6zvn corrId=c-9b48774e8ea85a74 bond price fetched series=BND3.0-2056 price=101.206
2026-03-03T14:26:15.615+01:00 INFO pricing-service host=pricing-service-5b8f6c-p9qmz corrId=c-9b48774e8ea85a74 conversion cost calculated loan_id=LN769149783 cost_dkk=81801.74
2026-03-03T14:26:15.726+01:00 INFO quote-service host=quote-service-a41e92-x2k4p corrId=c-9b48774e8ea85a74 conversion quote issued quote_id=Q07152234 loan_id=LN769149783
2026-03-03T14:26:26.975+01:00 INFO portal-bff host=portal-bff-a41e92-x2k4p corrId=c-d2742c3c6ffd2794 conversion quote requested loan_id=LN731962615 target_product=FIXED_30Y
2026-03-03T14:26:27.046+01:00 INFO identity-service host=identity-service-5b8f6c-t6zvn corrId=c-d2742c3c6ffd2794 MitID session validated customer_id=C91056964
2026-03-03T14:26:27.080+01:00 INFO pricing-service host=pricing-service-5b8f6c-x2k4p corrId=c-d2742c3c6ffd2794 bond price fetched series=BND3.0-2053 price=89.893
2026-03-03T14:26:27.116+01:00 INFO pricing-service host=pricing-service-5b8f6c-t6zvn corrId=c-d2742c3c6ffd2794 conversion cost calculated loan_id=LN731962615 cost_dkk=51019.06
2026-03-03T14:26:27.160+01:00 INFO quote-service host=quote-service-5b8f6c-x2k4p corrId=c-d2742c3c6ffd2794 conversion quote issued quote_id=Q87699208 loan_id=LN731962615
2026-03-03T14:27:15.474+01:00 INFO portal-bff host=portal-bff-a41e92-x2k4p corrId=c-77828a1e2316f72a loan application submitted application_id=APP-2026-197941 customer_segment=RETAIL
2026-03-03T14:27:15.531+01:00 INFO identity-service host=identity-service-7c9d5b-x2k4p corrId=c-77828a1e2316f72a MitID session validated customer_id=C70062382
2026-03-03T14:27:15.661+01:00 INFO customer-service host=customer-service-5b8f6c-x2k4p corrId=c-77828a1e2316f72a KYC profile loaded customer_id=C70062382 risk_class=LOW
2026-03-03T14:27:15.782+01:00 INFO valuation-service host=valuation-service-a41e92-p9qmz corrId=c-77828a1e2316f72a property valuation requested property_id=P6283051 provider=valuta-ejd
2026-03-03T14:27:16.649+01:00 INFO valuation-service host=valuation-service-7c9d5b-x2k4p corrId=c-77828a1e2316f72a property valuation received property_id=P6283051 value_dkk=5430000 latency_ms=773
2026-03-03T14:27:16.786+01:00 INFO credit-service host=credit-service-7c9d5b-p9qmz corrId=c-77828a1e2316f72a credit assessment completed application_id=APP-2026-197941 score=644 decision=APPROVED
2026-03-03T14:27:16.811+01:00 INFO offer-service host=offer-service-7c9d5b-p9qmz corrId=c-77828a1e2316f72a loan offer generated application_id=APP-2026-197941 loan_type=FLEX_1Y principal_dkk=4240000
2026-03-03T14:27:16.918+01:00 INFO document-service host=document-service-7c9d5b-x2k4p corrId=c-77828a1e2316f72a offer document stored application_id=APP-2026-197941 doc_id=DOC-14c05467
2026-03-03T14:27:16.936+01:00 INFO portal-bff host=portal-bff-a41e92-p9qmz corrId=c-77828a1e2316f72a application completed application_id=APP-2026-197941 status=OFFER_ISSUED
2026-03-03T14:30:00.061+01:00 INFO api-gateway host=api-gateway-7c9d5b-x2k4p corrId=- health probe ok status=200 latency_ms=14
2026-03-03T14:30:00.155+01:00 INFO payment-scheduler host=payment-scheduler-5b8f6c-x2k4p corrId=- scheduler heartbeat lag_ms=36
2026-03-03T14:33:02.407+01:00 INFO portal-bff host=portal-bff-a41e92-t6zvn corrId=c-22111bae601afe98 conversion quote requested loan_id=LN925755371 target_product=FLEX_1Y
2026-03-03T14:33:02.420+01:00 INFO identity-service host=identity-service-a41e92-t6zvn corrId=c-22111bae601afe98 MitID session validated customer_id=C88299267
2026-03-03T14:33:02.512+01:00 INFO pricing-service host=pricing-service-5b8f6c-p9qmz corrId=c-22111bae601afe98 bond price fetched series=BND2.5-2053 price=99.165
2026-03-03T14:33:02.561+01:00 INFO pricing-service host=pricing-service-7c9d5b-x2k4p corrId=c-22111bae601afe98 conversion cost calculated loan_id=LN925755371 cost_dkk=84053.35
2026-03-03T14:33:02.639+01:00 INFO quote-service host=quote-service-a41e92-t6zvn corrId=c-22111bae601afe98 conversion quote issued quote_id=Q48495920 loan_id=LN925755371
2026-03-03T14:34:25.850+01:00 INFO portal-bff host=portal-bff-7c9d5b-p9qmz corrId=c-aee23254fa8140e7 conversion quote requested loan_id=LN831557223 target_product=FLEX_5Y
2026-03-03T14:34:25.862+01:00 INFO identity-service host=identity-service-a41e92-p9qmz corrId=c-aee23254fa8140e7 MitID session validated customer_id=C91768422
2026-03-03T14:34:25.870+01:00 INFO pricing-service host=pricing-service-7c9d5b-x2k4p corrId=c-aee23254fa8140e7 bond price fetched series=BND2.5-2056 price=97.989
2026-03-03T14:34:25.972+01:00 INFO pricing-service host=pricing-service-a41e92-p9qmz corrId=c-aee23254fa8140e7 conversion cost calculated loan_id=LN831557223 cost_dkk=73560.61
2026-03-03T14:34:26.038+01:00 INFO quote-service host=quote-service-a41e92-p9qmz corrId=c-aee23254fa8140e7 conversion quote issued quote_id=Q03365619 loan_id=LN831557223
2026-03-03T14:35:00.153+01:00 INFO api-gateway host=api-gateway-a41e92-p9qmz corrId=- health probe ok status=200 latency_ms=20
2026-03-03T14:36:36.394+01:00 INFO portal-bff host=portal-bff-7c9d5b-x2k4p corrId=c-4b79d311200f82df loan application submitted application_id=APP-2026-140870 customer_segment=RETAIL
2026-03-03T14:36:36.498+01:00 INFO identity-service host=identity-service-a41e92-x2k4p corrId=c-4b79d311200f82df MitID session validated customer_id=C62621805
2026-03-03T14:36:36.512+01:00 INFO customer-service host=customer-service-5b8f6c-x2k4p corrId=c-4b79d311200f82df KYC profile loaded customer_id=C62621805 risk_class=LOW
2026-03-03T14:36:36.618+01:00 INFO valuation-service host=valuation-service-5b8f6c-x2k4p corrId=c-4b79d311200f82df property valuation requested property_id=P3870770 provider=bolig-vurdering
2026-03-03T14:36:37.386+01:00 INFO valuation-service host=valuation-service-a41e92-p9qmz corrId=c-4b79d311200f82df property valuation received property_id=P3870770 value_dkk=2290000 latency_ms=636
2026-03-03T14:36:37.407+01:00 INFO credit-service host=credit-service-7c9d5b-t6zvn corrId=c-4b79d311200f82df credit assessment completed application_id=APP-2026-140870 score=718 decision=APPROVED
2026-03-03T14:36:37.482+01:00 INFO offer-service host=offer-service-5b8f6c-p9qmz corrId=c-4b79d311200f82df loan offer generated application_id=APP-2026-140870 loan_type=FLEX_5Y principal_dkk=5080000
2026-03-03T14:36:37.500+01:00 INFO document-service host=document-service-7c9d5b-t6zvn corrId=c-4b79d311200f82df offer document stored application_id=APP-2026-140870 doc_id=DOC-50892306
2026-03-03T14:36:37.534+01:00 INFO portal-bff host=portal-bff-5b8f6c-p9qmz corrId=c-4b79d311200f82df application completed application_id=APP-2026-140870 status=OFFER_ISSUED
2026-03-03T14:38:21.519+01:00 INFO portal-bff host=portal-bff-5b8f6c-p9qmz corrId=c-fa5b2a96784cac5f loan application submitted application_id=APP-2026-291143 customer_segment=SME
2026-03-03T14:38:21.552+01:00 INFO identity-service host=identity-service-7c9d5b-x2k4p corrId=c-fa5b2a96784cac5f MitID session validated customer_id=C42335361
2026-03-03T14:38:21.573+01:00 INFO customer-service host=customer-service-5b8f6c-t6zvn corrId=c-fa5b2a96784cac5f KYC profile loaded customer_id=C42335361 risk_class=LOW
2026-03-03T14:38:21.689+01:00 INFO valuation-service host=valuation-service-5b8f6c-p9qmz corrId=c-fa5b2a96784cac5f property valuation served from cache property_id=P4445978 value_dkk=3000000
2026-03-03T14:38:21.699+01:00 INFO credit-service host=credit-service-a41e92-p9qmz corrId=c-fa5b2a96784cac5f credit assessment completed application_id=APP-2026-291143 score=749 decision=APPROVED
2026-03-03T14:38:21.708+01:00 INFO offer-service host=offer-service-7c9d5b-p9qmz corrId=c-fa5b2a96784cac5f loan offer generated application_id=APP-2026-291143 loan_type=FIXED_30Y principal_dkk=2550000
2026-03-03T14:38:21.791+01:00 INFO document-service host=document-service-7c9d5b-t6zvn corrId=c-fa5b2a96784cac5f offer document stored application_id=APP-2026-291143 doc_id=DOC-2217b8dc
2026-03-03T14:38:21.804+01:00 INFO portal-bff host=portal-bff-a41e92-p9qmz corrId=c-fa5b2a96784cac5f application completed application_id=APP-2026-291143 status=OFFER_ISSUED
2026-03-03T14:38:58.431+01:00 INFO portal-bff host=portal-bff-a41e92-x2k4p corrId=c-b669eade14c27c00 loan application submitted application_id=APP-2026-763254 customer_segment=PRIVATE
2026-03-03T14:38:58.477+01:00 INFO identity-service host=identity-service-5b8f6c-t6zvn corrId=c-b669eade14c27c00 MitID session validated customer_id=C57672405
2026-03-03T14:38:58.529+01:00 INFO customer-service host=customer-service-5b8f6c-x2k4p corrId=c-b669eade14c27c00 KYC profile loaded customer_id=C57672405 risk_class=HIGH
2026-03-03T14:38:58.577+01:00 INFO valuation-service host=valuation-service-5b8f6c-p9qmz corrId=c-b669eade14c27c00 property valuation requested property_id=P7169033 provider=bolig-vurdering
2026-03-03T14:38:59.170+01:00 INFO valuation-service host=valuation-service-7c9d5b-x2k4p corrId=c-b669eade14c27c00 property valuation received property_id=P7169033 value_dkk=2830000 latency_ms=513
2026-03-03T14:38:59.279+01:00 INFO credit-service host=credit-service-5b8f6c-t6zvn corrId=c-b669eade14c27c00 credit assessment completed application_id=APP-2026-763254 score=571 decision=APPROVED
2026-03-03T14:38:59.288+01:00 INFO offer-service host=offer-service-5b8f6c-p9qmz corrId=c-b669eade14c27c00 loan offer generated application_id=APP-2026-763254 loan_type=FIXED_30Y principal_dkk=5270000
2026-03-03T14:38:59.384+01:00 INFO document-service host=document-service-a41e92-p9qmz corrId=c-b669eade14c27c00 offer document stored application_id=APP-2026-763254 doc_id=DOC-e8300fed
2026-03-03T14:38:59.508+01:00 INFO portal-bff host=portal-bff-5b8f6c-p9qmz corrId=c-b669eade14c27c00 application completed application_id=APP-2026-763254 status=OFFER_ISSUED
2026-03-03T14:39:53.198+01:00 INFO portal-bff host=portal-bff-a41e92-p9qmz corrId=c-811ad139956e4aa3 loan application submitted application_id=APP-2026-100092 customer_segment=SME
2026-03-03T14:39:53.289+01:00 INFO identity-service host=identity-service-a41e92-p9qmz corrId=c-811ad139956e4aa3 MitID session validated customer_id=C26021360
2026-03-03T14:39:53.384+01:00 INFO customer-service host=customer-service-5b8f6c-x2k4p corrId=c-811ad139956e4aa3 KYC profile loaded customer_id=C26021360 risk_class=HIGH
2026-03-03T14:39:53.484+01:00 INFO valuation-service host=valuation-service-7c9d5b-t6zvn corrId=c-811ad139956e4aa3 property valuation served from cache property_id=P2089075 value_dkk=8760000
2026-03-03T14:39:53.551+01:00 INFO credit-service host=credit-service-5b8f6c-t6zvn corrId=c-811ad139956e4aa3 credit assessment completed application_id=APP-2026-100092 score=783 decision=APPROVED
2026-03-03T14:39:53.667+01:00 INFO offer-service host=offer-service-5b8f6c-x2k4p corrId=c-811ad139956e4aa3 loan offer generated application_id=APP-2026-100092 loan_type=FLEX_1Y principal_dkk=4160000
2026-03-03T14:39:53.721+01:00 INFO document-service host=document-service-a41e92-x2k4p corrId=c-811ad139956e4aa3 offer document stored application_id=APP-2026-100092 doc_id=DOC-33b7c922
2026-03-03T14:39:53.735+01:00 INFO portal-bff host=portal-bff-7c9d5b-p9qmz corrId=c-811ad139956e4aa3 application completed application_id=APP-2026-100092 status=OFFER_ISSUED
2026-03-03T14:40:00.444+01:00 INFO payment-scheduler host=payment-scheduler-5b8f6c-p9qmz corrId=- scheduler heartbeat lag_ms=7
2026-03-03T14:40:00.498+01:00 INFO api-gateway host=api-gateway-7c9d5b-p9qmz corrId=- health probe ok status=200 latency_ms=20
2026-03-03T14:45:00.796+01:00 INFO api-gateway host=api-gateway-a41e92-p9qmz corrId=- health probe ok status=200 latency_ms=26
2026-03-03T14:46:56.075+01:00 INFO portal-bff host=portal-bff-a41e92-x2k4p corrId=c-b24bef9870514895 loan application submitted application_id=APP-2026-817949 customer_segment=SME
2026-03-03T14:46:56.210+01:00 INFO identity-service host=identity-service-5b8f6c-t6zvn corrId=c-b24bef9870514895 MitID session validated customer_id=C95761806
2026-03-03T14:46:56.341+01:00 INFO customer-service host=customer-service-a41e92-x2k4p corrId=c-b24bef9870514895 KYC profile loaded customer_id=C95761806 risk_class=MEDIUM
2026-03-03T14:46:56.412+01:00 INFO valuation-service host=valuation-service-7c9d5b-t6zvn corrId=c-b24bef9870514895 property valuation served from cache property_id=P5698724 value_dkk=8600000
2026-03-03T14:46:56.460+01:00 INFO credit-service host=credit-service-7c9d5b-p9qmz corrId=c-b24bef9870514895 credit assessment completed application_id=APP-2026-817949 score=564 decision=APPROVED
2026-03-03T14:46:56.552+01:00 INFO offer-service host=offer-service-5b8f6c-x2k4p corrId=c-b24bef9870514895 loan offer generated application_id=APP-2026-817949 loan_type=FIXED_30Y principal_dkk=4810000
2026-03-03T14:46:56.668+01:00 INFO document-service host=document-service-a41e92-p9qmz corrId=c-b24bef9870514895 offer document stored application_id=APP-2026-817949 doc_id=DOC-08e953fc
2026-03-03T14:46:56.799+01:00 INFO portal-bff host=portal-bff-a41e92-x2k4p corrId=c-b24bef9870514895 application completed application_id=APP-2026-817949 status=OFFER_ISSUED
2026-03-03T14:47:28.259+01:00 INFO portal-bff host=portal-bff-a41e92-x2k4p corrId=c-71b17c1c9f55713b loan application submitted application_id=APP-2026-703837 customer_segment=RETAIL
2026-03-03T14:47:28.351+01:00 INFO identity-service host=identity-service-a41e92-x2k4p corrId=c-71b17c1c9f55713b MitID session validated customer_id=C64793713
2026-03-03T14:47:28.394+01:00 INFO customer-service host=customer-service-a41e92-x2k4p corrId=c-71b17c1c9f55713b KYC profile loaded customer_id=C64793713 risk_class=MEDIUM
2026-03-03T14:47:28.404+01:00 INFO valuation-service host=valuation-service-a41e92-t6zvn corrId=c-71b17c1c9f55713b property valuation requested property_id=P9817208 provider=bolig-vurdering
2026-03-03T14:47:28.803+01:00 INFO valuation-service host=valuation-service-5b8f6c-t6zvn corrId=c-71b17c1c9f55713b property valuation received property_id=P9817208 value_dkk=8690000 latency_ms=365
2026-03-03T14:47:28.810+01:00 INFO credit-service host=credit-service-5b8f6c-p9qmz corrId=c-71b17c1c9f55713b credit assessment completed application_id=APP-2026-703837 score=730 decision=APPROVED
2026-03-03T14:47:28.901+01:00 INFO offer-service host=offer-service-7c9d5b-t6zvn corrId=c-71b17c1c9f55713b loan offer generated application_id=APP-2026-703837 loan_type=FIXED_30Y principal_dkk=930000
2026-03-03T14:47:29.040+01:00 INFO document-service host=document-service-7c9d5b-p9qmz corrId=c-71b17c1c9f55713b offer document stored application_id=APP-2026-703837 doc_id=DOC-1bf5ab5b
2026-03-03T14:47:29.097+01:00 INFO portal-bff host=portal-bff-7c9d5b-x2k4p corrId=c-71b17c1c9f55713b application completed application_id=APP-2026-703837 status=OFFER_ISSUED
2026-03-03T14:47:59.367+01:00 INFO portal-bff host=portal-bff-a41e92-p9qmz corrId=c-f0e049b3ea035310 conversion quote requested loan_id=LN884231647 target_product=FLEX_1Y
2026-03-03T14:47:59.443+01:00 INFO identity-service host=identity-service-7c9d5b-x2k4p corrId=c-f0e049b3ea035310 MitID session validated customer_id=C57207472
2026-03-03T14:47:59.574+01:00 INFO pricing-service host=pricing-service-7c9d5b-x2k4p corrId=c-f0e049b3ea035310 bond price fetched series=BND3.0-2053 price=89.169
2026-03-03T14:47:59.684+01:00 INFO pricing-service host=pricing-service-7c9d5b-t6zvn corrId=c-f0e049b3ea035310 conversion cost calculated loan_id=LN884231647 cost_dkk=76869.71
2026-03-03T14:47:59.690+01:00 INFO quote-service host=quote-service-7c9d5b-p9qmz corrId=c-f0e049b3ea035310 conversion quote issued quote_id=Q27189070 loan_id=LN884231647
2026-03-03T14:48:46.275+01:00 INFO portal-bff host=portal-bff-7c9d5b-x2k4p corrId=c-2a1914c84535e82a loan application submitted application_id=APP-2026-571259 customer_segment=RETAIL
2026-03-03T14:48:46.290+01:00 INFO identity-service host=identity-service-a41e92-t6zvn corrId=c-2a1914c84535e82a MitID session validated customer_id=C22941239
2026-03-03T14:48:46.307+01:00 INFO customer-service host=customer-service-5b8f6c-p9qmz corrId=c-2a1914c84535e82a KYC profile loaded customer_id=C22941239 risk_class=LOW
2026-03-03T14:48:46.383+01:00 INFO valuation-service host=valuation-service-7c9d5b-p9qmz corrId=c-2a1914c84535e82a property valuation requested property_id=P4520551 provider=bolig-vurdering
2026-03-03T14:48:46.879+01:00 INFO valuation-service host=valuation-service-a41e92-t6zvn corrId=c-2a1914c84535e82a property valuation received property_id=P4520551 value_dkk=4700000 latency_ms=421
2026-03-03T14:48:46.943+01:00 INFO credit-service host=credit-service-a41e92-x2k4p corrId=c-2a1914c84535e82a credit assessment completed application_id=APP-2026-571259 score=775 decision=APPROVED
2026-03-03T14:48:47.036+01:00 INFO offer-service host=offer-service-5b8f6c-t6zvn corrId=c-2a1914c84535e82a loan offer generated application_id=APP-2026-571259 loan_type=FIXED_30Y principal_dkk=2440000
2026-03-03T14:48:47.060+01:00 INFO document-service host=document-service-7c9d5b-x2k4p corrId=c-2a1914c84535e82a offer document stored application_id=APP-2026-571259 doc_id=DOC-97d1272d
2026-03-03T14:48:47.118+01:00 INFO portal-bff host=portal-bff-7c9d5b-x2k4p corrId=c-2a1914c84535e82a application completed application_id=APP-2026-571259 status=OFFER_ISSUED
2026-03-03T14:49:03.592+01:00 INFO portal-bff host=portal-bff-5b8f6c-t6zvn corrId=c-1dbbd07039b4cf0e loan application submitted application_id=APP-2026-873689 customer_segment=SME
2026-03-03T14:49:03.610+01:00 INFO identity-service host=identity-service-7c9d5b-t6zvn corrId=c-1dbbd07039b4cf0e MitID session validated customer_id=C40265303
2026-03-03T14:49:03.718+01:00 INFO customer-service host=customer-service-5b8f6c-t6zvn corrId=c-1dbbd07039b4cf0e KYC profile loaded customer_id=C40265303 risk_class=HIGH
2026-03-03T14:49:03.808+01:00 INFO valuation-service host=valuation-service-7c9d5b-t6zvn corrId=c-1dbbd07039b4cf0e property valuation requested property_id=P2037484 provider=bolig-vurdering
2026-03-03T14:49:04.307+01:00 INFO valuation-service host=valuation-service-7c9d5b-t6zvn corrId=c-1dbbd07039b4cf0e property valuation received property_id=P2037484 value_dkk=3600000 latency_ms=434
2026-03-03T14:49:04.436+01:00 INFO credit-service host=credit-service-a41e92-t6zvn corrId=c-1dbbd07039b4cf0e credit assessment completed application_id=APP-2026-873689 score=555 decision=APPROVED
2026-03-03T14:49:04.572+01:00 INFO offer-service host=offer-service-a41e92-t6zvn corrId=c-1dbbd07039b4cf0e loan offer generated application_id=APP-2026-873689 loan_type=FIXED_20Y_IO principal_dkk=2090000
2026-03-03T14:49:04.610+01:00 INFO document-service host=document-service-5b8f6c-x2k4p corrId=c-1dbbd07039b4cf0e offer document stored application_id=APP-2026-873689 doc_id=DOC-49f1470e
2026-03-03T14:49:04.629+01:00 INFO portal-bff host=portal-bff-5b8f6c-t6zvn corrId=c-1dbbd07039b4cf0e application completed application_id=APP-2026-873689 status=OFFER_ISSUED
2026-03-03T14:50:00.185+01:00 INFO payment-scheduler host=payment-scheduler-7c9d5b-x2k4p corrId=- scheduler heartbeat lag_ms=84
2026-03-03T14:50:00.456+01:00 INFO api-gateway host=api-gateway-5b8f6c-p9qmz corrId=- health probe ok status=200 latency_ms=5
2026-03-03T14:52:11.386+01:00 INFO portal-bff host=portal-bff-5b8f6c-p9qmz corrId=c-93a6ceafeea670db loan application submitted application_id=APP-2026-484881 customer_segment=RETAIL
2026-03-03T14:52:11.456+01:00 INFO identity-service host=identity-service-5b8f6c-x2k4p corrId=c-93a6ceafeea670db MitID session validated customer_id=C95548957
2026-03-03T14:52:11.471+01:00 INFO customer-service host=customer-service-5b8f6c-t6zvn corrId=c-93a6ceafeea670db KYC profile loaded customer_id=C95548957 risk_class=MEDIUM
2026-03-03T14:52:11.558+01:00 INFO valuation-service host=valuation-service-5b8f6c-x2k4p corrId=c-93a6ceafeea670db property valuation served from cache property_id=P0990466 value_dkk=6600000
2026-03-03T14:52:11.669+01:00 INFO credit-service host=credit-service-a41e92-t6zvn corrId=c-93a6ceafeea670db credit assessment completed application_id=APP-2026-484881 score=512 decision=APPROVED
2026-03-03T14:52:11.785+01:00 INFO offer-service host=offer-service-7c9d5b-p9qmz corrId=c-93a6ceafeea670db loan offer generated application_id=APP-2026-484881 loan_type=FIXED_20Y_IO principal_dkk=4710000
2026-03-03T14:52:11.891+01:00 INFO document-service host=document-service-5b8f6c-x2k4p corrId=c-93a6ceafeea670db offer document stored application_id=APP-2026-484881 doc_id=DOC-9919749d
2026-03-03T14:52:11.972+01:00 INFO portal-bff host=portal-bff-a41e92-t6zvn corrId=c-93a6ceafeea670db application completed application_id=APP-2026-484881 status=OFFER_ISSUED
2026-03-03T14:54:19.475+01:00 INFO portal-bff host=portal-bff-7c9d5b-t6zvn corrId=c-1d1a938237e79a90 loan application submitted application_id=APP-2026-384007 customer_segment=RETAIL
2026-03-03T14:54:19.596+01:00 INFO identity-service host=identity-service-5b8f6c-x2k4p corrId=c-1d1a938237e79a90 MitID session validated customer_id=C49780312
2026-03-03T14:54:19.627+01:00 INFO customer-service host=customer-service-7c9d5b-t6zvn corrId=c-1d1a938237e79a90 KYC profile loaded customer_id=C49780312 risk_class=LOW
2026-03-03T14:54:19.661+01:00 INFO valuation-service host=valuation-service-a41e92-x2k4p corrId=c-1d1a938237e79a90 property valuation requested property_id=P8088936 provider=bolig-vurdering
2026-03-03T14:54:20.181+01:00 INFO valuation-service host=valuation-service-a41e92-p9qmz corrId=c-1d1a938237e79a90 property valuation received property_id=P8088936 value_dkk=5670000 latency_ms=429
2026-03-03T14:54:20.296+01:00 INFO credit-service host=credit-service-7c9d5b-t6zvn corrId=c-1d1a938237e79a90 credit assessment completed application_id=APP-2026-384007 score=710 decision=APPROVED
2026-03-03T14:54:20.412+01:00 INFO offer-service host=offer-service-5b8f6c-p9qmz corrId=c-1d1a938237e79a90 loan offer generated application_id=APP-2026-384007 loan_type=FLEX_5Y principal_dkk=1405000
2026-03-03T14:54:20.451+01:00 INFO document-service host=document-service-a41e92-x2k4p corrId=c-1d1a938237e79a90 offer document stored application_id=APP-2026-384007 doc_id=DOC-49371467
2026-03-03T14:54:20.547+01:00 INFO portal-bff host=portal-bff-a41e92-x2k4p corrId=c-1d1a938237e79a90 application completed application_id=APP-2026-384007 status=OFFER_ISSUED
2026-03-03T14:55:00.028+01:00 INFO api-gateway host=api-gateway-a41e92-t6zvn corrId=- health probe ok status=200 latency_ms=12
2026-03-03T14:57:45.274+01:00 INFO portal-bff host=portal-bff-7c9d5b-x2k4p corrId=c-10f4b9ede74587f3 loan application submitted application_id=APP-2026-414428 customer_segment=RETAIL
2026-03-03T14:57:45.291+01:00 INFO identity-service host=identity-service-7c9d5b-t6zvn corrId=c-10f4b9ede74587f3 MitID session validated customer_id=C91010040
2026-03-03T14:57:45.369+01:00 INFO customer-service host=customer-service-a41e92-t6zvn corrId=c-10f4b9ede74587f3 KYC profile loaded customer_id=C91010040 risk_class=LOW
2026-03-03T14:57:45.492+01:00 INFO valuation-service host=valuation-service-7c9d5b-x2k4p corrId=c-10f4b9ede74587f3 property valuation requested property_id=P9256037 provider=bolig-vurdering
2026-03-03T14:57:46.285+01:00 INFO valuation-service host=valuation-service-5b8f6c-p9qmz corrId=c-10f4b9ede74587f3 property valuation received property_id=P9256037 value_dkk=6520000 latency_ms=669
2026-03-03T14:57:46.379+01:00 INFO credit-service host=credit-service-7c9d5b-t6zvn corrId=c-10f4b9ede74587f3 credit assessment completed application_id=APP-2026-414428 score=730 decision=APPROVED
2026-03-03T14:57:46.480+01:00 INFO offer-service host=offer-service-a41e92-t6zvn corrId=c-10f4b9ede74587f3 loan offer generated application_id=APP-2026-414428 loan_type=FIXED_20Y_IO principal_dkk=2230000
2026-03-03T14:57:46.527+01:00 INFO document-service host=document-service-7c9d5b-p9qmz corrId=c-10f4b9ede74587f3 offer document stored application_id=APP-2026-414428 doc_id=DOC-70e3e3ab
2026-03-03T14:57:46.613+01:00 INFO portal-bff host=portal-bff-a41e92-x2k4p corrId=c-10f4b9ede74587f3 application completed application_id=APP-2026-414428 status=OFFER_ISSUED
2026-03-03T15:00:00.639+01:00 INFO api-gateway host=api-gateway-a41e92-p9qmz corrId=- health probe ok status=200 latency_ms=15
2026-03-03T15:00:00.651+01:00 INFO payment-scheduler host=payment-scheduler-5b8f6c-t6zvn corrId=- scheduler heartbeat lag_ms=7
2026-03-03T15:00:07.000+01:00 INFO config-service host=config-service-7c9d5b-p9qmz corrId=- configuration refreshed version=v127
2026-03-03T15:04:16.849+01:00 INFO portal-bff host=portal-bff-5b8f6c-t6zvn corrId=c-de4218cd6c9e9a73 loan application submitted application_id=APP-2026-971677 customer_segment=PRIVATE
2026-03-03T15:04:16.877+01:00 INFO identity-service host=identity-service-7c9d5b-x2k4p corrId=c-de4218cd6c9e9a73 MitID session validated customer_id=C39578937
2026-03-03T15:04:16.921+01:00 INFO customer-service host=customer-service-5b8f6c-x2k4p corrId=c-de4218cd6c9e9a73 KYC profile loaded customer_id=C39578937 risk_class=LOW
2026-03-03T15:04:16.956+01:00 INFO valuation-service host=valuation-service-a41e92-p9qmz corrId=c-de4218cd6c9e9a73 property valuation served from cache property_id=P0298375 value_dkk=6000000
2026-03-03T15:04:17.023+01:00 INFO credit-service host=credit-service-5b8f6c-t6zvn corrId=c-de4218cd6c9e9a73 credit assessment completed application_id=APP-2026-971677 score=453 decision=APPROVED
2026-03-03T15:04:17.053+01:00 INFO offer-service host=offer-service-7c9d5b-x2k4p corrId=c-de4218cd6c9e9a73 loan offer generated application_id=APP-2026-971677 loan_type=FIXED_20Y_IO principal_dkk=3400000
2026-03-03T15:04:17.095+01:00 INFO document-service host=document-service-7c9d5b-p9qmz corrId=c-de4218cd6c9e9a73 offer document stored application_id=APP-2026-971677 doc_id=DOC-ddc6f5e2
2026-03-03T15:04:17.115+01:00 INFO portal-bff host=portal-bff-5b8f6c-t6zvn corrId=c-de4218cd6c9e9a73 application completed application_id=APP-2026-971677 status=OFFER_ISSUED
2026-03-03T15:04:52.468+01:00 INFO portal-bff host=portal-bff-a41e92-p9qmz corrId=c-85df61a1e8b4adc1 loan application submitted application_id=APP-2026-097360 customer_segment=RETAIL
2026-03-03T15:04:52.508+01:00 INFO identity-service host=identity-service-a41e92-p9qmz corrId=c-85df61a1e8b4adc1 MitID session validated customer_id=C71646167
2026-03-03T15:04:52.534+01:00 INFO customer-service host=customer-service-a41e92-p9qmz corrId=c-85df61a1e8b4adc1 KYC profile loaded customer_id=C71646167 risk_class=LOW
2026-03-03T15:04:52.607+01:00 INFO valuation-service host=valuation-service-5b8f6c-t6zvn corrId=c-85df61a1e8b4adc1 property valuation served from cache property_id=P2363029 value_dkk=4420000
2026-03-03T15:04:52.659+01:00 INFO credit-service host=credit-service-a41e92-x2k4p corrId=c-85df61a1e8b4adc1 credit assessment completed application_id=APP-2026-097360 score=740 decision=APPROVED
2026-03-03T15:04:52.789+01:00 INFO offer-service host=offer-service-7c9d5b-t6zvn corrId=c-85df61a1e8b4adc1 loan offer generated application_id=APP-2026-097360 loan_type=FIXED_30Y principal_dkk=1815000
2026-03-03T15:04:52.889+01:00 INFO document-service host=document-service-5b8f6c-p9qmz corrId=c-85df61a1e8b4adc1 offer document stored application_id=APP-2026-097360 doc_id=DOC-fb27daf1
2026-03-03T15:04:52.964+01:00 INFO portal-bff host=portal-bff-a41e92-p9qmz corrId=c-85df61a1e8b4adc1 application completed application_id=APP-2026-097360 status=OFFER_ISSUED
2026-03-03T15:05:00.833+01:00 INFO api-gateway host=api-gateway-5b8f6c-t6zvn corrId=- health probe ok status=200 latency_ms=34
2026-03-03T15:10:00.308+01:00 INFO payment-scheduler host=payment-scheduler-7c9d5b-x2k4p corrId=- scheduler heartbeat lag_ms=74
2026-03-03T15:10:00.863+01:00 INFO api-gateway host=api-gateway-7c9d5b-p9qmz corrId=- health probe ok status=200 latency_ms=3
2026-03-03T15:10:29.673+01:00 INFO portal-bff host=portal-bff-a41e92-t6zvn corrId=c-0a35733f07d50218 conversion quote requested loan_id=LN660089907 target_product=FLEX_5Y
2026-03-03T15:10:29.753+01:00 INFO identity-service host=identity-service-a41e92-p9qmz corrId=c-0a35733f07d50218 MitID session validated customer_id=C64255460
2026-03-03T15:10:29.808+01:00 INFO pricing-service host=pricing-service-5b8f6c-p9qmz corrId=c-0a35733f07d50218 bond price fetched series=BND2.5-2056 price=93.655
2026-03-03T15:10:29.885+01:00 INFO pricing-service host=pricing-service-5b8f6c-t6zvn corrId=c-0a35733f07d50218 conversion cost calculated loan_id=LN660089907 cost_dkk=62960.99
2026-03-03T15:10:29.984+01:00 INFO quote-service host=quote-service-a41e92-p9qmz corrId=c-0a35733f07d50218 conversion quote issued quote_id=Q91891824 loan_id=LN660089907
2026-03-03T15:15:00.795+01:00 INFO api-gateway host=api-gateway-5b8f6c-t6zvn corrId=- health probe ok status=200 latency_ms=3
2026-03-03T15:18:36.666+01:00 INFO portal-bff host=portal-bff-5b8f6c-x2k4p corrId=c-392a18f46b4e9f4b conversion quote requested loan_id=LN701415706 target_product=FLEX_1Y
2026-03-03T15:18:36.721+01:00 INFO identity-service host=identity-service-7c9d5b-t6zvn corrId=c-392a18f46b4e9f4b MitID session validated customer_id=C15776581
2026-03-03T15:18:36.784+01:00 INFO pricing-service host=pricing-service-7c9d5b-p9qmz corrId=c-392a18f46b4e9f4b bond price fetched series=BND3.0-2053 price=98.674
2026-03-03T15:18:36.844+01:00 INFO pricing-service host=pricing-service-7c9d5b-p9qmz corrId=c-392a18f46b4e9f4b conversion cost calculated loan_id=LN701415706 cost_dkk=12329.92
2026-03-03T15:18:36.881+01:00 INFO quote-service host=quote-service-7c9d5b-p9qmz corrId=c-392a18f46b4e9f4b conversion quote issued quote_id=Q23687770 loan_id=LN701415706
2026-03-03T15:19:02.921+01:00 INFO portal-bff host=portal-bff-5b8f6c-p9qmz corrId=c-0d26002a721387e0 loan application submitted application_id=APP-2026-179946 customer_segment=RETAIL
2026-03-03T15:19:03.033+01:00 INFO identity-service host=identity-service-a41e92-p9qmz corrId=c-0d26002a721387e0 MitID session validated customer_id=C72158020
2026-03-03T15:19:03.108+01:00 INFO customer-service host=customer-service-7c9d5b-p9qmz corrId=c-0d26002a721387e0 KYC profile loaded customer_id=C72158020 risk_class=HIGH
2026-03-03T15:19:03.206+01:00 INFO valuation-service host=valuation-service-5b8f6c-p9qmz corrId=c-0d26002a721387e0 property valuation requested property_id=P3840191 provider=bolig-vurdering
2026-03-03T15:19:03.548+01:00 INFO valuation-service host=valuation-service-7c9d5b-x2k4p corrId=c-0d26002a721387e0 property valuation received property_id=P3840191 value_dkk=4130000 latency_ms=273
2026-03-03T15:19:03.620+01:00 INFO credit-service host=credit-service-5b8f6c-t6zvn corrId=c-0d26002a721387e0 credit assessment completed application_id=APP-2026-179946 score=731 decision=APPROVED
2026-03-03T15:19:03.675+01:00 INFO offer-service host=offer-service-7c9d5b-t6zvn corrId=c-0d26002a721387e0 loan offer generated application_id=APP-2026-179946 loan_type=FIXED_20Y_IO principal_dkk=3785000
2026-03-03T15:19:03.808+01:00 INFO document-service host=document-service-5b8f6c-x2k4p corrId=c-0d26002a721387e0 offer document stored application_id=APP-2026-179946 doc_id=DOC-3ad55fb6
2026-03-03T15:19:03.889+01:00 INFO portal-bff host=portal-bff-5b8f6c-t6zvn corrId=c-0d26002a721387e0 application completed application_id=APP-2026-179946 status=OFFER_ISSUED
2026-03-03T15:20:00.289+01:00 INFO payment-scheduler host=payment-scheduler-a41e92-x2k4p corrId=- scheduler heartbeat lag_ms=87
2026-03-03T15:20:00.523+01:00 INFO api-gateway host=api-gateway-5b8f6c-x2k4p corrId=- health probe ok status=200 latency_ms=38
2026-03-03T15:20:32.693+01:00 INFO portal-bff host=portal-bff-7c9d5b-x2k4p corrId=c-1cfae63a5d8767aa loan application submitted application_id=APP-2026-282066 customer_segment=RETAIL
2026-03-03T15:20:32.815+01:00 INFO identity-service host=identity-service-a41e92-x2k4p corrId=c-1cfae63a5d8767aa MitID session validated customer_id=C78360740
2026-03-03T15:20:32.822+01:00 INFO customer-service host=customer-service-a41e92-x2k4p corrId=c-1cfae63a5d8767aa KYC profile loaded customer_id=C78360740 risk_class=MEDIUM
2026-03-03T15:20:32.910+01:00 INFO valuation-service host=valuation-service-5b8f6c-x2k4p corrId=c-1cfae63a5d8767aa property valuation served from cache property_id=P1889381 value_dkk=2940000
2026-03-03T15:20:32.937+01:00 INFO credit-service host=credit-service-5b8f6c-t6zvn corrId=c-1cfae63a5d8767aa credit assessment completed application_id=APP-2026-282066 score=526 decision=APPROVED
2026-03-03T15:20:33.023+01:00 INFO offer-service host=offer-service-5b8f6c-p9qmz corrId=c-1cfae63a5d8767aa loan offer generated application_id=APP-2026-282066 loan_type=FIXED_20Y_IO principal_dkk=1795000
2026-03-03T15:20:33.137+01:00 INFO document-service host=document-service-a41e92-t6zvn corrId=c-1cfae63a5d8767aa offer document stored application_id=APP-2026-282066 doc_id=DOC-4aa1d80d
2026-03-03T15:20:33.213+01:00 INFO portal-bff host=portal-bff-7c9d5b-p9qmz corrId=c-1cfae63a5d8767aa application completed application_id=APP-2026-282066 status=OFFER_ISSUED
2026-03-03T15:21:03.279+01:00 INFO portal-bff host=portal-bff-5b8f6c-x2k4p corrId=c-c73d239bdd9e7a9d loan application submitted application_id=APP-2026-079886 customer_segment=SME
2026-03-03T15:21:03.413+01:00 INFO identity-service host=identity-service-7c9d5b-x2k4p corrId=c-c73d239bdd9e7a9d MitID session validated customer_id=C80758352
2026-03-03T15:21:03.441+01:00 INFO customer-service host=customer-service-7c9d5b-p9qmz corrId=c-c73d239bdd9e7a9d KYC profile loaded customer_id=C80758352 risk_class=HIGH
2026-03-03T15:21:03.491+01:00 INFO valuation-service host=valuation-service-7c9d5b-t6zvn corrId=c-c73d239bdd9e7a9d property valuation requested property_id=P9592510 provider=valuta-ejd
2026-03-03T15:21:04.147+01:00 INFO valuation-service host=valuation-service-a41e92-p9qmz corrId=c-c73d239bdd9e7a9d property valuation received property_id=P9592510 value_dkk=3240000 latency_ms=566
2026-03-03T15:21:04.210+01:00 INFO credit-service host=credit-service-a41e92-x2k4p corrId=c-c73d239bdd9e7a9d credit assessment completed application_id=APP-2026-079886 score=487 decision=APPROVED
2026-03-03T15:21:04.332+01:00 INFO offer-service host=offer-service-5b8f6c-x2k4p corrId=c-c73d239bdd9e7a9d loan offer generated application_id=APP-2026-079886 loan_type=FLEX_1Y principal_dkk=3770000
2026-03-03T15:21:04.432+01:00 INFO document-service host=document-service-5b8f6c-p9qmz corrId=c-c73d239bdd9e7a9d offer document stored application_id=APP-2026-079886 doc_id=DOC-3ff40cf0
2026-03-03T15:21:04.454+01:00 INFO portal-bff host=portal-bff-5b8f6c-p9qmz corrId=c-c73d239bdd9e7a9d application completed application_id=APP-2026-079886 status=OFFER_ISSUED
2026-03-03T15:21:21.994+01:00 INFO offer-service host=offer-service-5b8f6c-t6zvn corrId=c-fdefa11644205b92 offer accepted application_id=APP-2026-209478
2026-03-03T15:21:22.099+01:00 INFO ledger-service host=ledger-service-7c9d5b-t6zvn corrId=c-fdefa11644205b92 funds reserved application_id=APP-2026-209478 amount_dkk=2620000
2026-03-03T15:21:22.112+01:00 INFO payment-service host=payment-service-a41e92-t6zvn corrId=c-fdefa11644205b92 payout instruction sent application_id=APP-2026-209478 amount_dkk=2620000
2026-03-03T15:21:22.225+01:00 INFO ledger-service host=ledger-service-7c9d5b-t6zvn corrId=c-fdefa11644205b92 payout booked application_id=APP-2026-209478 posting_id=PST-5969e9b9d8
2026-03-03T15:21:22.364+01:00 INFO notification-service host=notification-service-a41e92-t6zvn corrId=c-fdefa11644205b92 payout confirmation sent application_id=APP-2026-209478
2026-03-03T15:21:37.703+01:00 INFO portal-bff host=portal-bff-5b8f6c-p9qmz corrId=c-009873688bde1cc6 loan application submitted application_id=APP-2026-280998 customer_segment=RETAIL
2026-03-03T15:21:37.791+01:00 INFO identity-service host=identity-service-a41e92-x2k4p corrId=c-009873688bde1cc6 MitID session validated customer_id=C02382051
2026-03-03T15:21:37.901+01:00 INFO customer-service host=customer-service-7c9d5b-t6zvn corrId=c-009873688bde1cc6 KYC profile loaded customer_id=C02382051 risk_class=LOW
2026-03-03T15:21:38.015+01:00 INFO valuation-service host=valuation-service-a41e92-t6zvn corrId=c-009873688bde1cc6 property valuation requested property_id=P2345853 provider=bolig-vurdering
2026-03-03T15:21:38.517+01:00 INFO valuation-service host=valuation-service-a41e92-p9qmz corrId=c-009873688bde1cc6 property valuation received property_id=P2345853 value_dkk=2100000 latency_ms=398
2026-03-03T15:21:38.587+01:00 INFO credit-service host=credit-service-5b8f6c-t6zvn corrId=c-009873688bde1cc6 credit assessment completed application_id=APP-2026-280998 score=458 decision=APPROVED
2026-03-03T15:21:38.647+01:00 INFO offer-service host=offer-service-7c9d5b-x2k4p corrId=c-009873688bde1cc6 loan offer generated application_id=APP-2026-280998 loan_type=FIXED_30Y principal_dkk=1315000
2026-03-03T15:21:38.724+01:00 INFO document-service host=document-service-5b8f6c-p9qmz corrId=c-009873688bde1cc6 offer document stored application_id=APP-2026-280998 doc_id=DOC-bdccf4ae
2026-03-03T15:21:38.791+01:00 INFO portal-bff host=portal-bff-5b8f6c-t6zvn corrId=c-009873688bde1cc6 application completed application_id=APP-2026-280998 status=OFFER_ISSUED
2026-03-03T15:25:00.584+01:00 INFO api-gateway host=api-gateway-7c9d5b-t6zvn corrId=- health probe ok status=200 latency_ms=38
2026-03-03T15:26:55.434+01:00 INFO portal-bff host=portal-bff-5b8f6c-x2k4p corrId=c-28e63b4dc4325f8f loan application submitted application_id=APP-2026-473189 customer_segment=RETAIL
2026-03-03T15:26:55.498+01:00 INFO identity-service host=identity-service-a41e92-t6zvn corrId=c-28e63b4dc4325f8f MitID session validated customer_id=C71561338
2026-03-03T15:26:55.621+01:00 INFO customer-service host=customer-service-5b8f6c-t6zvn corrId=c-28e63b4dc4325f8f KYC profile loaded customer_id=C71561338 risk_class=LOW
2026-03-03T15:26:55.699+01:00 INFO valuation-service host=valuation-service-a41e92-p9qmz corrId=c-28e63b4dc4325f8f property valuation requested property_id=P4807383 provider=bolig-vurdering
2026-03-03T15:26:56.484+01:00 INFO valuation-service host=valuation-service-5b8f6c-p9qmz corrId=c-28e63b4dc4325f8f property valuation received property_id=P4807383 value_dkk=7560000 latency_ms=690
2026-03-03T15:26:56.619+01:00 INFO credit-service host=credit-service-7c9d5b-x2k4p corrId=c-28e63b4dc4325f8f credit assessment completed application_id=APP-2026-473189 score=510 decision=APPROVED
2026-03-03T15:26:56.669+01:00 INFO offer-service host=offer-service-5b8f6c-t6zvn corrId=c-28e63b4dc4325f8f loan offer generated application_id=APP-2026-473189 loan_type=FIXED_30Y principal_dkk=2305000
2026-03-03T15:26:56.756+01:00 INFO document-service host=document-service-5b8f6c-t6zvn corrId=c-28e63b4dc4325f8f offer document stored application_id=APP-2026-473189 doc_id=DOC-b786b6f6
2026-03-03T15:26:56.782+01:00 INFO portal-bff host=portal-bff-a41e92-p9qmz corrId=c-28e63b4dc4325f8f application completed application_id=APP-2026-473189 status=OFFER_ISSUED
2026-03-03T15:27:23.783+01:00 INFO portal-bff host=portal-bff-5b8f6c-t6zvn corrId=c-2300fdf63d245e19 conversion quote requested loan_id=LN980430123 target_product=FLEX_5Y
2026-03-03T15:27:23.897+01:00 INFO identity-service host=identity-service-7c9d5b-p9qmz corrId=c-2300fdf63d245e19 MitID session validated customer_id=C38362216
2026-03-03T15:27:24.000+01:00 INFO pricing-service host=pricing-service-5b8f6c-p9qmz corrId=c-2300fdf63d245e19 bond price fetched series=BND3.0-2053 price=99.871
2026-03-03T15:27:24.036+01:00 INFO pricing-service host=pricing-service-7c9d5b-p9qmz corrId=c-2300fdf63d245e19 conversion cost calculated loan_id=LN980430123 cost_dkk=25703.27
2026-03-03T15:27:24.106+01:00 INFO quote-service host=quote-service-7c9d5b-p9qmz corrId=c-2300fdf63d245e19 conversion quote issued quote_id=Q35032684 loan_id=LN980430123
2026-03-03T15:28:19.083+01:00 INFO portal-bff host=portal-bff-5b8f6c-x2k4p corrId=c-2f9fcd4b0a44589a loan application submitted application_id=APP-2026-135365 customer_segment=SME
2026-03-03T15:28:19.121+01:00 INFO identity-service host=identity-service-5b8f6c-x2k4p corrId=c-2f9fcd4b0a44589a MitID session validated customer_id=C85345401
2026-03-03T15:28:19.232+01:00 INFO customer-service host=customer-service-7c9d5b-x2k4p corrId=c-2f9fcd4b0a44589a KYC profile loaded customer_id=C85345401 risk_class=LOW
2026-03-03T15:28:19.259+01:00 INFO valuation-service host=valuation-service-a41e92-p9qmz corrId=c-2f9fcd4b0a44589a property valuation requested property_id=P8938536 provider=valuta-ejd
2026-03-03T15:28:20.028+01:00 INFO valuation-service host=valuation-service-a41e92-t6zvn corrId=c-2f9fcd4b0a44589a property valuation received property_id=P8938536 value_dkk=1090000 latency_ms=665
2026-03-03T15:28:20.154+01:00 INFO credit-service host=credit-service-5b8f6c-p9qmz corrId=c-2f9fcd4b0a44589a credit assessment completed application_id=APP-2026-135365 score=466 decision=APPROVED
2026-03-03T15:28:20.211+01:00 INFO offer-service host=offer-service-a41e92-p9qmz corrId=c-2f9fcd4b0a44589a loan offer generated application_id=APP-2026-135365 loan_type=FIXED_30Y principal_dkk=475000
2026-03-03T15:28:20.303+01:00 INFO document-service host=document-service-5b8f6c-t6zvn corrId=c-2f9fcd4b0a44589a offer document stored application_id=APP-2026-135365 doc_id=DOC-0a88730f
2026-03-03T15:28:20.404+01:00 INFO portal-bff host=portal-bff-5b8f6c-x2k4p corrId=c-2f9fcd4b0a44589a application completed application_id=APP-2026-135365 status=OFFER_ISSUED
2026-03-03T15:29:06.745+01:00 INFO portal-bff host=portal-bff-5b8f6c-p9qmz corrId=c-a2c80682628e2ff2 loan application submitted application_id=APP-2026-893471 customer_segment=RETAIL
2026-03-03T15:29:06.758+01:00 INFO identity-service host=identity-service-a41e92-x2k4p corrId=c-a2c80682628e2ff2 MitID session validated customer_id=C55161415
2026-03-03T15:29:06.869+01:00 INFO customer-service host=customer-service-5b8f6c-t6zvn corrId=c-a2c80682628e2ff2 KYC profile loaded customer_id=C55161415 risk_class=MEDIUM
2026-03-03T15:29:06.879+01:00 INFO valuation-service host=valuation-service-7c9d5b-t6zvn corrId=c-a2c80682628e2ff2 property valuation requested property_id=P4471859 provider=valuta-ejd
2026-03-03T15:29:07.619+01:00 INFO valuation-service host=valuation-service-a41e92-t6zvn corrId=c-a2c80682628e2ff2 property valuation received property_id=P4471859 value_dkk=5760000 latency_ms=614
2026-03-03T15:29:07.725+01:00 INFO credit-service host=credit-service-a41e92-t6zvn corrId=c-a2c80682628e2ff2 credit assessment completed application_id=APP-2026-893471 score=748 decision=APPROVED
2026-03-03T15:29:07.767+01:00 INFO offer-service host=offer-service-a41e92-t6zvn corrId=c-a2c80682628e2ff2 loan offer generated application_id=APP-2026-893471 loan_type=FIXED_30Y principal_dkk=4630000
2026-03-03T15:29:07.799+01:00 INFO document-service host=document-service-5b8f6c-x2k4p corrId=c-a2c80682628e2ff2 offer document stored application_id=APP-2026-893471 doc_id=DOC-a64a5f10
2026-03-03T15:29:07.845+01:00 INFO portal-bff host=portal-bff-5b8f6c-t6zvn corrId=c-a2c80682628e2ff2 application completed application_id=APP-2026-893471 status=OFFER_ISSUED
2026-03-03T15:30:00.617+01:00 INFO payment-scheduler host=payment-scheduler-a41e92-x2k4p corrId=- scheduler heartbeat lag_ms=29
2026-03-03T15:30:00.683+01:00 INFO api-gateway host=api-gateway-5b8f6c-p9qmz corrId=- health probe ok status=200 latency_ms=10
2026-03-03T15:30:30.443+01:00 INFO portal-bff host=portal-bff-a41e92-x2k4p corrId=c-b48af64b7f1cba01 loan application submitted application_id=APP-2026-488995 customer_segment=SME
2026-03-03T15:30:30.472+01:00 INFO identity-service host=identity-service-a41e92-p9qmz corrId=c-b48af64b7f1cba01 MitID session validated customer_id=C38753960
2026-03-03T15:30:30.561+01:00 INFO customer-service host=customer-service-5b8f6c-t6zvn corrId=c-b48af64b7f1cba01 KYC profile loaded customer_id=C38753960 risk_class=MEDIUM
2026-03-03T15:30:30.698+01:00 INFO valuation-service host=valuation-service-5b8f6c-t6zvn corrId=c-b48af64b7f1cba01 property valuation requested property_id=P1766396 provider=bolig-vurdering
2026-03-03T15:30:31.635+01:00 INFO valuation-service host=valuation-service-5b8f6c-t6zvn corrId=c-b48af64b7f1cba01 property valuation received property_id=P1766396 value_dkk=790000 latency_ms=869
2026-03-03T15:30:31.644+01:00 INFO credit-service host=credit-service-5b8f6c-p9qmz corrId=c-b48af64b7f1cba01 credit assessment completed application_id=APP-2026-488995 score=824 decision=APPROVED
2026-03-03T15:30:31.733+01:00 INFO offer-service host=offer-service-5b8f6c-p9qmz corrId=c-b48af64b7f1cba01 loan offer generated application_id=APP-2026-488995 loan_type=FIXED_30Y principal_dkk=4605000
2026-03-03T15:30:31.854+01:00 INFO document-service host=document-service-a41e92-p9qmz corrId=c-b48af64b7f1cba01 offer document stored application_id=APP-2026-488995 doc_id=DOC-be2e1eda
2026-03-03T15:30:31.874+01:00 INFO portal-bff host=portal-bff-a41e92-p9qmz corrId=c-b48af64b7f1cba01 application completed application_id=APP-2026-488995 status=OFFER_ISSUED
2026-03-03T15:30:49.117+01:00 INFO portal-bff host=portal-bff-5b8f6c-x2k4p corrId=c-2fc684d7fc5a82a0 loan application submitted application_id=APP-2026-704466 customer_segment=RETAIL
2026-03-03T15:30:49.182+01:00 INFO identity-service host=identity-service-a41e92-p9qmz corrId=c-2fc684d7fc5a82a0 MitID session validated customer_id=C32020287
2026-03-03T15:30:49.287+01:00 INFO customer-service host=customer-service-7c9d5b-x2k4p corrId=c-2fc684d7fc5a82a0 KYC profile loaded customer_id=C32020287 risk_class=MEDIUM
2026-03-03T15:30:49.297+01:00 INFO valuation-service host=valuation-service-7c9d5b-x2k4p corrId=c-2fc684d7fc5a82a0 property valuation requested property_id=P0717136 provider=bolig-vurdering
2026-03-03T15:30:50.295+01:00 INFO valuation-service host=valuation-service-7c9d5b-t6zvn corrId=c-2fc684d7fc5a82a0 property valuation received property_id=P0717136 value_dkk=3430000 latency_ms=883
2026-03-03T15:30:50.423+01:00 INFO credit-service host=credit-service-5b8f6c-p9qmz corrId=c-2fc684d7fc5a82a0 credit assessment completed application_id=APP-2026-704466 score=862 decision=APPROVED
2026-03-03T15:30:50.520+01:00 INFO offer-service host=offer-service-a41e92-t6zvn corrId=c-2fc684d7fc5a82a0 loan offer generated application_id=APP-2026-704466 loan_type=FIXED_30Y principal_dkk=1965000
2026-03-03T15:30:50.632+01:00 INFO document-service host=document-service-a41e92-t6zvn corrId=c-2fc684d7fc5a82a0 offer document stored application_id=APP-2026-704466 doc_id=DOC-14df619e
2026-03-03T15:30:50.738+01:00 INFO portal-bff host=portal-bff-7c9d5b-p9qmz corrId=c-2fc684d7fc5a82a0 application completed application_id=APP-2026-704466 status=OFFER_ISSUED
2026-03-03T15:31:06.723+01:00 INFO portal-bff host=portal-bff-5b8f6c-p9qmz corrId=c-7062a0aa585914b2 conversion quote requested loan_id=LN980458691 target_product=FIXED_30Y
2026-03-03T15:31:06.792+01:00 INFO identity-service host=identity-service-a41e92-x2k4p corrId=c-7062a0aa585914b2 MitID session validated customer_id=C37166035
2026-03-03T15:31:06.911+01:00 INFO pricing-service host=pricing-service-7c9d5b-p9qmz corrId=c-7062a0aa585914b2 bond price fetched series=BND2.5-2056 price=89.068
2026-03-03T15:31:06.926+01:00 INFO pricing-service host=pricing-service-5b8f6c-t6zvn corrId=c-7062a0aa585914b2 conversion cost calculated loan_id=LN980458691 cost_dkk=13397.66
2026-03-03T15:31:06.952+01:00 INFO quote-service host=quote-service-5b8f6c-x2k4p corrId=c-7062a0aa585914b2 conversion quote issued quote_id=Q81595329 loan_id=LN980458691
2026-03-03T15:32:06.873+01:00 INFO portal-bff host=portal-bff-a41e92-x2k4p corrId=c-d097ba0d07598778 conversion quote requested loan_id=LN449788110 target_product=FLEX_5Y
2026-03-03T15:32:06.921+01:00 INFO identity-service host=identity-service-5b8f6c-t6zvn corrId=c-d097ba0d07598778 MitID session validated customer_id=C80650661
2026-03-03T15:32:06.960+01:00 INFO pricing-service host=pricing-service-5b8f6c-t6zvn corrId=c-d097ba0d07598778 bond price fetched series=BND4.0-2056 price=91.865
2026-03-03T15:32:06.988+01:00 INFO pricing-service host=pricing-service-a41e92-t6zvn corrId=c-d097ba0d07598778 conversion cost calculated loan_id=LN449788110 cost_dkk=15414.52
2026-03-03T15:32:07.049+01:00 INFO quote-service host=quote-service-7c9d5b-t6zvn corrId=c-d097ba0d07598778 conversion quote issued quote_id=Q97152209 loan_id=LN449788110
2026-03-03T15:33:53.482+01:00 INFO portal-bff host=portal-bff-5b8f6c-x2k4p corrId=c-b6b8492d02f064de conversion quote requested loan_id=LN949251400 target_product=FLEX_5Y
2026-03-03T15:33:53.605+01:00 INFO identity-service host=identity-service-a41e92-p9qmz corrId=c-b6b8492d02f064de MitID session validated customer_id=C08821856
2026-03-03T15:33:53.737+01:00 INFO pricing-service host=pricing-service-a41e92-t6zvn corrId=c-b6b8492d02f064de bond price fetched series=BND4.0-2053 price=88.161
2026-03-03T15:33:53.823+01:00 INFO pricing-service host=pricing-service-5b8f6c-t6zvn corrId=c-b6b8492d02f064de conversion cost calculated loan_id=LN949251400 cost_dkk=30336.14
2026-03-03T15:33:53.897+01:00 INFO quote-service host=quote-service-5b8f6c-t6zvn corrId=c-b6b8492d02f064de conversion quote issued quote_id=Q83785784 loan_id=LN949251400
2026-03-03T15:35:00.450+01:00 INFO api-gateway host=api-gateway-5b8f6c-x2k4p corrId=- health probe ok status=200 latency_ms=2
2026-03-03T15:36:00.028+01:00 INFO portal-bff host=portal-bff-7c9d5b-x2k4p corrId=c-3339b5ba473a1857 conversion quote requested loan_id=LN557445078 target_product=FLEX_5Y
2026-03-03T15:36:00.058+01:00 INFO identity-service host=identity-service-5b8f6c-x2k4p corrId=c-3339b5ba473a1857 MitID session validated customer_id=C31778043
2026-03-03T15:36:00.192+01:00 INFO pricing-service host=pricing-service-a41e92-p9qmz corrId=c-3339b5ba473a1857 bond price fetched series=BND3.0-2056 price=98.417
2026-03-03T15:36:00.203+01:00 INFO pricing-service host=pricing-service-a41e92-t6zvn corrId=c-3339b5ba473a1857 conversion cost calculated loan_id=LN557445078 cost_dkk=84278.21
2026-03-03T15:36:00.318+01:00 INFO quote-service host=quote-service-5b8f6c-t6zvn corrId=c-3339b5ba473a1857 conversion quote issued quote_id=Q61668471 loan_id=LN557445078
2026-03-03T15:36:35.399+01:00 INFO portal-bff host=portal-bff-a41e92-p9qmz corrId=c-dbafd5286cd6458e conversion quote requested loan_id=LN284956581 target_product=FLEX_1Y
2026-03-03T15:36:35.444+01:00 INFO identity-service host=identity-service-5b8f6c-p9qmz corrId=c-dbafd5286cd6458e MitID session validated customer_id=C78337479
2026-03-03T15:36:35.520+01:00 INFO pricing-service host=pricing-service-a41e92-x2k4p corrId=c-dbafd5286cd6458e bond price fetched series=BND3.0-2053 price=90.733
2026-03-03T15:36:35.607+01:00 INFO pricing-service host=pricing-service-5b8f6c-x2k4p corrId=c-dbafd5286cd6458e conversion cost calculated loan_id=LN284956581 cost_dkk=65205.04
2026-03-03T15:36:35.658+01:00 INFO quote-service host=quote-service-a41e92-t6zvn corrId=c-dbafd5286cd6458e conversion quote issued quote_id=Q07374707 loan_id=LN284956581
2026-03-03T15:40:00.099+01:00 INFO api-gateway host=api-gateway-7c9d5b-p9qmz corrId=- health probe ok status=200 latency_ms=31
2026-03-03T15:40:00.788+01:00 INFO payment-scheduler host=payment-scheduler-7c9d5b-x2k4p corrId=- scheduler heartbeat lag_ms=6
2026-03-03T15:41:58.687+01:00 INFO portal-bff host=portal-bff-a41e92-x2k4p corrId=c-c32564f5f9a5dff1 conversion quote requested loan_id=LN544834284 target_product=FLEX_5Y
2026-03-03T15:41:58.740+01:00 INFO identity-service host=identity-service-5b8f6c-x2k4p corrId=c-c32564f5f9a5dff1 MitID session validated customer_id=C46384547
2026-03-03T15:41:58.855+01:00 INFO pricing-service host=pricing-service-7c9d5b-p9qmz corrId=c-c32564f5f9a5dff1 bond price fetched series=BND2.5-2053 price=93.748
2026-03-03T15:41:58.928+01:00 INFO pricing-service host=pricing-service-7c9d5b-x2k4p corrId=c-c32564f5f9a5dff1 conversion cost calculated loan_id=LN544834284 cost_dkk=37308.93
2026-03-03T15:41:59.039+01:00 INFO quote-service host=quote-service-7c9d5b-p9qmz corrId=c-c32564f5f9a5dff1 conversion quote issued quote_id=Q72827915 loan_id=LN544834284
2026-03-03T15:45:00.040+01:00 INFO api-gateway host=api-gateway-7c9d5b-t6zvn corrId=- health probe ok status=200 latency_ms=6
2026-03-03T15:47:45.692+01:00 INFO portal-bff host=portal-bff-5b8f6c-t6zvn corrId=c-995461faeb41e67f conversion quote requested loan_id=LN724815275 target_product=FLEX_5Y
2026-03-03T15:47:45.745+01:00 INFO identity-service host=identity-service-5b8f6c-x2k4p corrId=c-995461faeb41e67f MitID session validated customer_id=C96221692
2026-03-03T15:47:45.805+01:00 INFO pricing-service host=pricing-service-5b8f6c-t6zvn corrId=c-995461faeb41e67f bond price fetched series=BND2.5-2056 price=95.427
2026-03-03T15:47:45.896+01:00 INFO pricing-service host=pricing-service-7c9d5b-t6zvn corrId=c-995461faeb41e67f conversion cost calculated loan_id=LN724815275 cost_dkk=80525.04
2026-03-03T15:47:46.027+01:00 INFO quote-service host=quote-service-7c9d5b-t6zvn corrId=c-995461faeb41e67f conversion quote issued quote_id=Q86619306 loan_id=LN724815275
2026-03-03T15:48:59.003+01:00 INFO portal-bff host=portal-bff-7c9d5b-p9qmz corrId=c-5c66ea748dadf063 loan application submitted application_id=APP-2026-626143 customer_segment=SME
2026-03-03T15:48:59.116+01:00 INFO identity-service host=identity-service-7c9d5b-t6zvn corrId=c-5c66ea748dadf063 MitID session validated customer_id=C72992150
2026-03-03T15:48:59.198+01:00 INFO customer-service host=customer-service-7c9d5b-p9qmz corrId=c-5c66ea748dadf063 KYC profile loaded customer_id=C72992150 risk_class=LOW
2026-03-03T15:48:59.230+01:00 INFO valuation-service host=valuation-service-a41e92-x2k4p corrId=c-5c66ea748dadf063 property valuation served from cache property_id=P8672091 value_dkk=900000
2026-03-03T15:48:59.309+01:00 INFO credit-service host=credit-service-7c9d5b-p9qmz corrId=c-5c66ea748dadf063 credit assessment completed application_id=APP-2026-626143 score=521 decision=APPROVED
2026-03-03T15:48:59.374+01:00 INFO offer-service host=offer-service-5b8f6c-x2k4p corrId=c-5c66ea748dadf063 loan offer generated application_id=APP-2026-626143 loan_type=FLEX_5Y principal_dkk=3360000
2026-03-03T15:48:59.431+01:00 INFO document-service host=document-service-7c9d5b-t6zvn corrId=c-5c66ea748dadf063 offer document stored application_id=APP-2026-626143 doc_id=DOC-1df63832
2026-03-03T15:48:59.487+01:00 INFO portal-bff host=portal-bff-a41e92-p9qmz corrId=c-5c66ea748dadf063 application completed application_id=APP-2026-626143 status=OFFER_ISSUED
2026-03-03T15:50:00.460+01:00 INFO payment-scheduler host=payment-scheduler-5b8f6c-p9qmz corrId=- scheduler heartbeat lag_ms=114
2026-03-03T15:50:00.598+01:00 INFO api-gateway host=api-gateway-5b8f6c-t6zvn corrId=- health probe ok status=200 latency_ms=39
2026-03-03T15:53:56.958+01:00 INFO portal-bff host=portal-bff-7c9d5b-t6zvn corrId=c-d530bc472ca0e355 conversion quote requested loan_id=LN532111250 target_product=FLEX_1Y
2026-03-03T15:53:56.985+01:00 INFO identity-service host=identity-service-a41e92-t6zvn corrId=c-d530bc472ca0e355 MitID session validated customer_id=C81884855
2026-03-03T15:53:57.037+01:00 INFO pricing-service host=pricing-service-5b8f6c-t6zvn corrId=c-d530bc472ca0e355 bond price fetched series=BND3.0-2056 price=101.522
2026-03-03T15:53:57.047+01:00 INFO pricing-service host=pricing-service-7c9d5b-x2k4p corrId=c-d530bc472ca0e355 conversion cost calculated loan_id=LN532111250 cost_dkk=89279.53
2026-03-03T15:53:57.059+01:00 INFO quote-service host=quote-service-a41e92-p9qmz corrId=c-d530bc472ca0e355 conversion quote issued quote_id=Q96598496 loan_id=LN532111250
2026-03-03T15:54:06.876+01:00 INFO portal-bff host=portal-bff-a41e92-p9qmz corrId=c-3c50592f00c5db11 loan application submitted application_id=APP-2026-642469 customer_segment=RETAIL
2026-03-03T15:54:06.890+01:00 INFO identity-service host=identity-service-5b8f6c-t6zvn corrId=c-3c50592f00c5db11 MitID session validated customer_id=C13181749
2026-03-03T15:54:06.999+01:00 INFO customer-service host=customer-service-7c9d5b-x2k4p corrId=c-3c50592f00c5db11 KYC profile loaded customer_id=C13181749 risk_class=LOW
2026-03-03T15:54:07.077+01:00 INFO valuation-service host=valuation-service-7c9d5b-t6zvn corrId=c-3c50592f00c5db11 property valuation requested property_id=P8351564 provider=bolig-vurdering
2026-03-03T15:54:07.752+01:00 INFO valuation-service host=valuation-service-a41e92-p9qmz corrId=c-3c50592f00c5db11 property valuation received property_id=P8351564 value_dkk=720000 latency_ms=652
2026-03-03T15:54:07.788+01:00 INFO credit-service host=credit-service-5b8f6c-t6zvn corrId=c-3c50592f00c5db11 credit assessment completed application_id=APP-2026-642469 score=447 decision=APPROVED
2026-03-03T15:54:07.912+01:00 INFO offer-service host=offer-service-a41e92-x2k4p corrId=c-3c50592f00c5db11 loan offer generated application_id=APP-2026-642469 loan_type=FLEX_1Y principal_dkk=1140000
2026-03-03T15:54:07.941+01:00 INFO document-service host=document-service-5b8f6c-t6zvn corrId=c-3c50592f00c5db11 offer document stored application_id=APP-2026-642469 doc_id=DOC-da85e65e
2026-03-03T15:54:08.075+01:00 INFO portal-bff host=portal-bff-a41e92-p9qmz corrId=c-3c50592f00c5db11 application completed application_id=APP-2026-642469 status=OFFER_ISSUED
2026-03-03T15:55:00.885+01:00 INFO api-gateway host=api-gateway-a41e92-p9qmz corrId=- health probe ok status=200 latency_ms=22
2026-03-03T16:00:00.119+01:00 INFO payment-scheduler host=payment-scheduler-7c9d5b-t6zvn corrId=- scheduler heartbeat lag_ms=34
2026-03-03T16:00:00.130+01:00 INFO api-gateway host=api-gateway-a41e92-t6zvn corrId=- health probe ok status=200 latency_ms=15
2026-03-03T16:00:41.000+01:00 INFO config-service host=config-service-5b8f6c-p9qmz corrId=- configuration refreshed version=v129
2026-03-03T16:05:00.241+01:00 INFO api-gateway host=api-gateway-a41e92-p9qmz corrId=- health probe ok status=200 latency_ms=37
2026-03-03T16:05:27.553+01:00 INFO portal-bff host=portal-bff-5b8f6c-t6zvn corrId=c-f493e91b5d3f5c61 conversion quote requested loan_id=LN368772443 target_product=FIXED_30Y
2026-03-03T16:05:27.611+01:00 INFO identity-service host=identity-service-a41e92-p9qmz corrId=c-f493e91b5d3f5c61 MitID session validated customer_id=C16943476
2026-03-03T16:05:27.704+01:00 INFO pricing-service host=pricing-service-a41e92-t6zvn corrId=c-f493e91b5d3f5c61 bond price fetched series=BND3.0-2056 price=100.623
2026-03-03T16:05:27.751+01:00 INFO pricing-service host=pricing-service-5b8f6c-p9qmz corrId=c-f493e91b5d3f5c61 conversion cost calculated loan_id=LN368772443 cost_dkk=57059.06
2026-03-03T16:05:27.860+01:00 INFO quote-service host=quote-service-a41e92-x2k4p corrId=c-f493e91b5d3f5c61 conversion quote issued quote_id=Q79424395 loan_id=LN368772443
2026-03-03T16:07:13.297+01:00 INFO portal-bff host=portal-bff-a41e92-t6zvn corrId=c-20560327812a557e loan application submitted application_id=APP-2026-611681 customer_segment=RETAIL
2026-03-03T16:07:13.337+01:00 INFO identity-service host=identity-service-a41e92-t6zvn corrId=c-20560327812a557e MitID session validated customer_id=C95763316
2026-03-03T16:07:13.414+01:00 INFO customer-service host=customer-service-5b8f6c-p9qmz corrId=c-20560327812a557e KYC profile loaded customer_id=C95763316 risk_class=MEDIUM
2026-03-03T16:07:13.526+01:00 INFO valuation-service host=valuation-service-7c9d5b-t6zvn corrId=c-20560327812a557e property valuation served from cache property_id=P3017307 value_dkk=4360000
2026-03-03T16:07:13.562+01:00 INFO credit-service host=credit-service-5b8f6c-x2k4p corrId=c-20560327812a557e credit assessment completed application_id=APP-2026-611681 score=621 decision=APPROVED
2026-03-03T16:07:13.642+01:00 INFO offer-service host=offer-service-5b8f6c-p9qmz corrId=c-20560327812a557e loan offer generated application_id=APP-2026-611681 loan_type=FLEX_5Y principal_dkk=1185000
2026-03-03T16:07:13.703+01:00 INFO document-service host=document-service-a41e92-t6zvn corrId=c-20560327812a557e offer document stored application_id=APP-2026-611681 doc_id=DOC-e12949ec
2026-03-03T16:07:13.711+01:00 INFO portal-bff host=portal-bff-7c9d5b-t6zvn corrId=c-20560327812a557e application completed application_id=APP-2026-611681 status=OFFER_ISSUED
2026-03-03T16:10:00.673+01:00 INFO api-gateway host=api-gateway-a41e92-x2k4p corrId=- health probe ok status=200 latency_ms=23
2026-03-03T16:10:00.759+01:00 INFO payment-scheduler host=payment-scheduler-7c9d5b-x2k4p corrId=- scheduler heartbeat lag_ms=63
2026-03-03T16:11:56.623+01:00 INFO portal-bff host=portal-bff-5b8f6c-x2k4p corrId=c-1428a70bde113dfb loan application submitted application_id=APP-2026-630458 customer_segment=RETAIL
2026-03-03T16:11:56.659+01:00 INFO identity-service host=identity-service-7c9d5b-t6zvn corrId=c-1428a70bde113dfb MitID session validated customer_id=C46528069
2026-03-03T16:11:56.779+01:00 INFO customer-service host=customer-service-a41e92-p9qmz corrId=c-1428a70bde113dfb KYC profile loaded customer_id=C46528069 risk_class=MEDIUM
2026-03-03T16:11:56.881+01:00 INFO valuation-service host=valuation-service-a41e92-x2k4p corrId=c-1428a70bde113dfb property valuation served from cache property_id=P2680281 value_dkk=3030000
2026-03-03T16:11:56.889+01:00 INFO credit-service host=credit-service-5b8f6c-x2k4p corrId=c-1428a70bde113dfb credit assessment completed application_id=APP-2026-630458 score=641 decision=APPROVED
2026-03-03T16:11:57.008+01:00 INFO offer-service host=offer-service-a41e92-p9qmz corrId=c-1428a70bde113dfb loan offer generated application_id=APP-2026-630458 loan_type=FIXED_20Y_IO principal_dkk=790000
2026-03-03T16:11:57.111+01:00 INFO document-service host=document-service-5b8f6c-p9qmz corrId=c-1428a70bde113dfb offer document stored application_id=APP-2026-630458 doc_id=DOC-8c5e0c93
2026-03-03T16:11:57.178+01:00 INFO portal-bff host=portal-bff-7c9d5b-x2k4p corrId=c-1428a70bde113dfb application completed application_id=APP-2026-630458 status=OFFER_ISSUED
2026-03-03T16:15:00.842+01:00 INFO api-gateway host=api-gateway-a41e92-x2k4p corrId=- health probe ok status=200 latency_ms=30
2026-03-03T16:15:34.506+01:00 INFO portal-bff host=portal-bff-5b8f6c-p9qmz corrId=c-7b2ef106aa5e2f29 loan application submitted application_id=APP-2026-695445 customer_segment=SME
2026-03-03T16:15:34.600+01:00 INFO identity-service host=identity-service-7c9d5b-t6zvn corrId=c-7b2ef106aa5e2f29 MitID session validated customer_id=C76488543
2026-03-03T16:15:34.643+01:00 INFO customer-service host=customer-service-a41e92-t6zvn corrId=c-7b2ef106aa5e2f29 KYC profile loaded customer_id=C76488543 risk_class=HIGH
2026-03-03T16:15:34.765+01:00 INFO valuation-service host=valuation-service-a41e92-t6zvn corrId=c-7b2ef106aa5e2f29 property valuation requested property_id=P3958108 provider=valuta-ejd
2026-03-03T16:15:35.042+01:00 INFO valuation-service host=valuation-service-a41e92-p9qmz corrId=c-7b2ef106aa5e2f29 property valuation received property_id=P3958108 value_dkk=6000000 latency_ms=210
2026-03-03T16:15:35.150+01:00 INFO credit-service host=credit-service-a41e92-p9qmz corrId=c-7b2ef106aa5e2f29 credit assessment completed application_id=APP-2026-695445 score=523 decision=APPROVED
2026-03-03T16:15:35.243+01:00 INFO offer-service host=offer-service-7c9d5b-p9qmz corrId=c-7b2ef106aa5e2f29 loan offer generated application_id=APP-2026-695445 loan_type=FLEX_5Y principal_dkk=3605000
2026-03-03T16:15:35.379+01:00 INFO document-service host=document-service-7c9d5b-p9qmz corrId=c-7b2ef106aa5e2f29 offer document stored application_id=APP-2026-695445 doc_id=DOC-dbc6c7f8
2026-03-03T16:15:35.512+01:00 INFO portal-bff host=portal-bff-7c9d5b-p9qmz corrId=c-7b2ef106aa5e2f29 application completed application_id=APP-2026-695445 status=OFFER_ISSUED
2026-03-03T16:16:08.350+01:00 INFO portal-bff host=portal-bff-a41e92-x2k4p corrId=c-f4589d08c741d5c1 loan application submitted application_id=APP-2026-889935 customer_segment=SME
2026-03-03T16:16:08.484+01:00 INFO identity-service host=identity-service-7c9d5b-x2k4p corrId=c-f4589d08c741d5c1 MitID session validated customer_id=C44544100
2026-03-03T16:16:08.546+01:00 INFO customer-service host=customer-service-7c9d5b-t6zvn corrId=c-f4589d08c741d5c1 KYC profile loaded customer_id=C44544100 risk_class=MEDIUM
2026-03-03T16:16:08.598+01:00 INFO valuation-service host=valuation-service-5b8f6c-p9qmz corrId=c-f4589d08c741d5c1 property valuation requested property_id=P2844370 provider=bolig-vurdering
2026-03-03T16:16:09.566+01:00 INFO valuation-service host=valuation-service-5b8f6c-p9qmz corrId=c-f4589d08c741d5c1 property valuation received property_id=P2844370 value_dkk=1120000 latency_ms=848
2026-03-03T16:16:09.583+01:00 INFO credit-service host=credit-service-a41e92-x2k4p corrId=c-f4589d08c741d5c1 credit assessment completed application_id=APP-2026-889935 score=833 decision=APPROVED
2026-03-03T16:16:09.647+01:00 INFO offer-service host=offer-service-7c9d5b-x2k4p corrId=c-f4589d08c741d5c1 loan offer generated application_id=APP-2026-889935 loan_type=FLEX_5Y principal_dkk=5120000
2026-03-03T16:16:09.747+01:00 INFO document-service host=document-service-5b8f6c-x2k4p corrId=c-f4589d08c741d5c1 offer document stored application_id=APP-2026-889935 doc_id=DOC-d41f382f
2026-03-03T16:16:09.859+01:00 INFO portal-bff host=portal-bff-5b8f6c-t6zvn corrId=c-f4589d08c741d5c1 application completed application_id=APP-2026-889935 status=OFFER_ISSUED
2026-03-03T16:18:30.165+01:00 INFO portal-bff host=portal-bff-a41e92-t6zvn corrId=c-a11e3454ad2ae982 conversion quote requested loan_id=LN212481772 target_product=FLEX_5Y
2026-03-03T16:18:30.198+01:00 INFO identity-service host=identity-service-5b8f6c-p9qmz corrId=c-a11e3454ad2ae982 MitID session validated customer_id=C29219178
2026-03-03T16:18:30.232+01:00 INFO pricing-service host=pricing-service-7c9d5b-t6zvn corrId=c-a11e3454ad2ae982 bond price fetched series=BND4.0-2053 price=88.975
2026-03-03T16:18:30.347+01:00 INFO pricing-service host=pricing-service-7c9d5b-x2k4p corrId=c-a11e3454ad2ae982 conversion cost calculated loan_id=LN212481772 cost_dkk=71545.58
2026-03-03T16:18:30.412+01:00 INFO quote-service host=quote-service-7c9d5b-t6zvn corrId=c-a11e3454ad2ae982 conversion quote issued quote_id=Q13661970 loan_id=LN212481772
2026-03-03T16:20:00.015+01:00 INFO api-gateway host=api-gateway-7c9d5b-x2k4p corrId=- health probe ok status=200 latency_ms=6
2026-03-03T16:20:00.491+01:00 INFO payment-scheduler host=payment-scheduler-a41e92-t6zvn corrId=- scheduler heartbeat lag_ms=40
2026-03-03T16:24:48.146+01:00 INFO portal-bff host=portal-bff-a41e92-p9qmz corrId=c-d74448efe073891b loan application submitted application_id=APP-2026-132085 customer_segment=SME
2026-03-03T16:24:48.207+01:00 INFO identity-service host=identity-service-5b8f6c-x2k4p corrId=c-d74448efe073891b MitID session validated customer_id=C86416652
2026-03-03T16:24:48.286+01:00 INFO customer-service host=customer-service-5b8f6c-p9qmz corrId=c-d74448efe073891b KYC profile loaded customer_id=C86416652 risk_class=LOW
2026-03-03T16:24:48.333+01:00 INFO valuation-service host=valuation-service-a41e92-p9qmz corrId=c-d74448efe073891b property valuation requested property_id=P1541495 provider=valuta-ejd
2026-03-03T16:24:48.642+01:00 INFO valuation-service host=valuation-service-a41e92-p9qmz corrId=c-d74448efe073891b property valuation received property_id=P1541495 value_dkk=7330000 latency_ms=286
2026-03-03T16:24:48.681+01:00 INFO credit-service host=credit-service-a41e92-t6zvn corrId=c-d74448efe073891b credit assessment completed application_id=APP-2026-132085 score=832 decision=APPROVED
2026-03-03T16:24:48.761+01:00 INFO offer-service host=offer-service-a41e92-p9qmz corrId=c-d74448efe073891b loan offer generated application_id=APP-2026-132085 loan_type=FLEX_5Y principal_dkk=3270000
2026-03-03T16:24:48.787+01:00 INFO document-service host=document-service-7c9d5b-p9qmz corrId=c-d74448efe073891b offer document stored application_id=APP-2026-132085 doc_id=DOC-7c2132cc
2026-03-03T16:24:48.845+01:00 INFO portal-bff host=portal-bff-5b8f6c-t6zvn corrId=c-d74448efe073891b application completed application_id=APP-2026-132085 status=OFFER_ISSUED
2026-03-03T16:25:00.282+01:00 INFO api-gateway host=api-gateway-7c9d5b-p9qmz corrId=- health probe ok status=200 latency_ms=21
2026-03-03T16:27:04.188+01:00 INFO portal-bff host=portal-bff-7c9d5b-t6zvn corrId=c-d8fa480098488006 loan application submitted application_id=APP-2026-052236 customer_segment=RETAIL
2026-03-03T16:27:04.206+01:00 INFO identity-service host=identity-service-a41e92-p9qmz corrId=c-d8fa480098488006 MitID session validated customer_id=C97838390
2026-03-03T16:27:04.223+01:00 INFO customer-service host=customer-service-7c9d5b-t6zvn corrId=c-d8fa480098488006 KYC profile loaded customer_id=C97838390 risk_class=LOW
2026-03-03T16:27:04.353+01:00 INFO valuation-service host=valuation-service-7c9d5b-t6zvn corrId=c-d8fa480098488006 property valuation requested property_id=P9103069 provider=valuta-ejd
2026-03-03T16:27:05.150+01:00 INFO valuation-service host=valuation-service-a41e92-p9qmz corrId=c-d8fa480098488006 property valuation received property_id=P9103069 value_dkk=2120000 latency_ms=694
2026-03-03T16:27:05.170+01:00 INFO credit-service host=credit-service-7c9d5b-t6zvn corrId=c-d8fa480098488006 credit assessment completed application_id=APP-2026-052236 score=877 decision=APPROVED
2026-03-03T16:27:05.185+01:00 INFO offer-service host=offer-service-a41e92-p9qmz corrId=c-d8fa480098488006 loan offer generated application_id=APP-2026-052236 loan_type=FLEX_5Y principal_dkk=2900000
2026-03-03T16:27:05.310+01:00 INFO document-service host=document-service-7c9d5b-x2k4p corrId=c-d8fa480098488006 offer document stored application_id=APP-2026-052236 doc_id=DOC-b9fd1da2
2026-03-03T16:27:05.367+01:00 INFO portal-bff host=portal-bff-5b8f6c-t6zvn corrId=c-d8fa480098488006 application completed application_id=APP-2026-052236 status=OFFER_ISSUED
2026-03-03T16:28:14.565+01:00 INFO portal-bff host=portal-bff-a41e92-p9qmz corrId=c-f25e2aa4516532d6 conversion quote requested loan_id=LN040960007 target_product=FLEX_1Y
2026-03-03T16:28:14.587+01:00 INFO identity-service host=identity-service-5b8f6c-t6zvn corrId=c-f25e2aa4516532d6 MitID session validated customer_id=C43065575
2026-03-03T16:28:14.624+01:00 INFO pricing-service host=pricing-service-5b8f6c-t6zvn corrId=c-f25e2aa4516532d6 bond price fetched series=BND4.0-2056 price=91.242
2026-03-03T16:28:14.666+01:00 INFO pricing-service host=pricing-service-5b8f6c-p9qmz corrId=c-f25e2aa4516532d6 conversion cost calculated loan_id=LN040960007 cost_dkk=36501.82
2026-03-03T16:28:14.724+01:00 INFO quote-service host=quote-service-7c9d5b-x2k4p corrId=c-f25e2aa4516532d6 conversion quote issued quote_id=Q49047133 loan_id=LN040960007
2026-03-03T16:28:33.175+01:00 INFO portal-bff host=portal-bff-7c9d5b-t6zvn corrId=c-743ffb1341da396b loan application submitted application_id=APP-2026-828383 customer_segment=RETAIL
2026-03-03T16:28:33.274+01:00 INFO identity-service host=identity-service-a41e92-x2k4p corrId=c-743ffb1341da396b MitID session validated customer_id=C39730662
2026-03-03T16:28:33.289+01:00 INFO customer-service host=customer-service-5b8f6c-x2k4p corrId=c-743ffb1341da396b KYC profile loaded customer_id=C39730662 risk_class=MEDIUM
2026-03-03T16:28:33.310+01:00 INFO valuation-service host=valuation-service-5b8f6c-t6zvn corrId=c-743ffb1341da396b property valuation requested property_id=P0658094 provider=valuta-ejd
2026-03-03T16:28:33.650+01:00 INFO valuation-service host=valuation-service-a41e92-x2k4p corrId=c-743ffb1341da396b property valuation received property_id=P0658094 value_dkk=3600000 latency_ms=265
2026-03-03T16:28:33.746+01:00 INFO credit-service host=credit-service-5b8f6c-x2k4p corrId=c-743ffb1341da396b credit assessment completed application_id=APP-2026-828383 score=754 decision=APPROVED
2026-03-03T16:28:33.850+01:00 INFO offer-service host=offer-service-5b8f6c-x2k4p corrId=c-743ffb1341da396b loan offer generated application_id=APP-2026-828383 loan_type=FLEX_1Y principal_dkk=5515000
2026-03-03T16:28:33.951+01:00 INFO document-service host=document-service-5b8f6c-p9qmz corrId=c-743ffb1341da396b offer document stored application_id=APP-2026-828383 doc_id=DOC-503c5b97
2026-03-03T16:28:34.021+01:00 INFO portal-bff host=portal-bff-7c9d5b-p9qmz corrId=c-743ffb1341da396b application completed application_id=APP-2026-828383 status=OFFER_ISSUED
2026-03-03T16:30:00.661+01:00 INFO api-gateway host=api-gateway-5b8f6c-t6zvn corrId=- health probe ok status=200 latency_ms=37
2026-03-03T16:30:00.840+01:00 INFO payment-scheduler host=payment-scheduler-7c9d5b-t6zvn corrId=- scheduler heartbeat lag_ms=118
2026-03-03T16:30:51.158+01:00 INFO portal-bff host=portal-bff-5b8f6c-x2k4p corrId=c-dcd80c8a645f5e3c conversion quote requested loan_id=LN451762120 target_product=FLEX_1Y
2026-03-03T16:30:51.243+01:00 INFO identity-service host=identity-service-a41e92-p9qmz corrId=c-dcd80c8a645f5e3c MitID session validated customer_id=C73300793
2026-03-03T16:30:51.251+01:00 INFO pricing-service host=pricing-service-a41e92-p9qmz corrId=c-dcd80c8a645f5e3c bond price fetched series=BND3.0-2053 price=98.823
2026-03-03T16:30:51.262+01:00 INFO pricing-service host=pricing-service-7c9d5b-p9qmz corrId=c-dcd80c8a645f5e3c conversion cost calculated loan_id=LN451762120 cost_dkk=42569.05
2026-03-03T16:30:51.376+01:00 INFO quote-service host=quote-service-a41e92-x2k4p corrId=c-dcd80c8a645f5e3c conversion quote issued quote_id=Q23667077 loan_id=LN451762120
2026-03-03T16:31:37.874+01:00 INFO portal-bff host=portal-bff-7c9d5b-p9qmz corrId=c-f544466290d50280 conversion quote requested loan_id=LN654132624 target_product=FLEX_5Y
2026-03-03T16:31:37.990+01:00 INFO identity-service host=identity-service-5b8f6c-x2k4p corrId=c-f544466290d50280 MitID session validated customer_id=C65612745
2026-03-03T16:31:38.034+01:00 INFO pricing-service host=pricing-service-5b8f6c-t6zvn corrId=c-f544466290d50280 bond price fetched series=BND3.0-2056 price=100.417
2026-03-03T16:31:38.113+01:00 INFO pricing-service host=pricing-service-7c9d5b-p9qmz corrId=c-f544466290d50280 conversion cost calculated loan_id=LN654132624 cost_dkk=32172.46
2026-03-03T16:31:38.192+01:00 INFO quote-service host=quote-service-a41e92-p9qmz corrId=c-f544466290d50280 conversion quote issued quote_id=Q58020912 loan_id=LN654132624
2026-03-03T16:35:00.732+01:00 INFO api-gateway host=api-gateway-5b8f6c-x2k4p corrId=- health probe ok status=200 latency_ms=13
2026-03-03T16:35:53.316+01:00 INFO portal-bff host=portal-bff-7c9d5b-t6zvn corrId=c-fe555590318bb4a7 conversion quote requested loan_id=LN818141251 target_product=FLEX_5Y
2026-03-03T16:35:53.341+01:00 INFO identity-service host=identity-service-5b8f6c-x2k4p corrId=c-fe555590318bb4a7 MitID session validated customer_id=C98512076
2026-03-03T16:35:53.407+01:00 INFO pricing-service host=pricing-service-5b8f6c-x2k4p corrId=c-fe555590318bb4a7 bond price fetched series=BND3.0-2056 price=88.754
2026-03-03T16:35:53.508+01:00 INFO pricing-service host=pricing-service-a41e92-t6zvn corrId=c-fe555590318bb4a7 conversion cost calculated loan_id=LN818141251 cost_dkk=31848.36
2026-03-03T16:35:53.531+01:00 INFO quote-service host=quote-service-a41e92-p9qmz corrId=c-fe555590318bb4a7 conversion quote issued quote_id=Q75648182 loan_id=LN818141251
2026-03-03T16:40:00.197+01:00 INFO payment-scheduler host=payment-scheduler-7c9d5b-x2k4p corrId=- scheduler heartbeat lag_ms=54
2026-03-03T16:40:00.298+01:00 INFO api-gateway host=api-gateway-5b8f6c-t6zvn corrId=- health probe ok status=200 latency_ms=13
2026-03-03T16:40:16.151+01:00 INFO portal-bff host=portal-bff-7c9d5b-t6zvn corrId=c-1d8f9eb8dd0d501b loan application submitted application_id=APP-2026-817088 customer_segment=RETAIL
2026-03-03T16:40:16.174+01:00 INFO identity-service host=identity-service-5b8f6c-p9qmz corrId=c-1d8f9eb8dd0d501b MitID session validated customer_id=C43860093
2026-03-03T16:40:16.220+01:00 INFO customer-service host=customer-service-a41e92-t6zvn corrId=c-1d8f9eb8dd0d501b KYC profile loaded customer_id=C43860093 risk_class=LOW
2026-03-03T16:40:16.268+01:00 INFO valuation-service host=valuation-service-a41e92-x2k4p corrId=c-1d8f9eb8dd0d501b property valuation requested property_id=P4262296 provider=valuta-ejd
2026-03-03T16:40:17.245+01:00 INFO valuation-service host=valuation-service-5b8f6c-x2k4p corrId=c-1d8f9eb8dd0d501b property valuation received property_id=P4262296 value_dkk=6180000 latency_ms=849
2026-03-03T16:40:17.362+01:00 INFO credit-service host=credit-service-7c9d5b-p9qmz corrId=c-1d8f9eb8dd0d501b credit assessment completed application_id=APP-2026-817088 score=561 decision=APPROVED
2026-03-03T16:40:17.424+01:00 INFO offer-service host=offer-service-5b8f6c-t6zvn corrId=c-1d8f9eb8dd0d501b loan offer generated application_id=APP-2026-817088 loan_type=FLEX_5Y principal_dkk=2390000
2026-03-03T16:40:17.462+01:00 INFO document-service host=document-service-7c9d5b-x2k4p corrId=c-1d8f9eb8dd0d501b offer document stored application_id=APP-2026-817088 doc_id=DOC-e0debad6
2026-03-03T16:40:17.480+01:00 INFO portal-bff host=portal-bff-a41e92-p9qmz corrId=c-1d8f9eb8dd0d501b application completed application_id=APP-2026-817088 status=OFFER_ISSUED
2026-03-03T16:40:51.671+01:00 INFO portal-bff host=portal-bff-7c9d5b-t6zvn corrId=c-794770f1b34f3b74 loan application submitted application_id=APP-2026-555490 customer_segment=RETAIL
2026-03-03T16:40:51.803+01:00 INFO identity-service host=identity-service-5b8f6c-x2k4p corrId=c-794770f1b34f3b74 MitID session validated customer_id=C78687825
2026-03-03T16:40:51.928+01:00 INFO customer-service host=customer-service-5b8f6c-x2k4p corrId=c-794770f1b34f3b74 KYC profile loaded customer_id=C78687825 risk_class=HIGH
2026-03-03T16:40:51.948+01:00 INFO valuation-service host=valuation-service-5b8f6c-t6zvn corrId=c-794770f1b34f3b74 property valuation requested property_id=P0105463 provider=bolig-vurdering
2026-03-03T16:40:52.244+01:00 INFO valuation-service host=valuation-service-7c9d5b-p9qmz corrId=c-794770f1b34f3b74 property valuation received property_id=P0105463 value_dkk=3070000 latency_ms=234
2026-03-03T16:40:52.304+01:00 INFO credit-service host=credit-service-5b8f6c-t6zvn corrId=c-794770f1b34f3b74 credit assessment completed application_id=APP-2026-555490 score=515 decision=APPROVED
2026-03-03T16:40:52.352+01:00 INFO offer-service host=offer-service-a41e92-p9qmz corrId=c-794770f1b34f3b74 loan offer generated application_id=APP-2026-555490 loan_type=FIXED_30Y principal_dkk=2890000
2026-03-03T16:40:52.471+01:00 INFO document-service host=document-service-7c9d5b-p9qmz corrId=c-794770f1b34f3b74 offer document stored application_id=APP-2026-555490 doc_id=DOC-d03f6641
2026-03-03T16:40:52.531+01:00 INFO portal-bff host=portal-bff-7c9d5b-t6zvn corrId=c-794770f1b34f3b74 application completed application_id=APP-2026-555490 status=OFFER_ISSUED
2026-03-03T16:45:00.863+01:00 INFO api-gateway host=api-gateway-5b8f6c-t6zvn corrId=- health probe ok status=200 latency_ms=27
2026-03-03T16:50:00.158+01:00 INFO api-gateway host=api-gateway-a41e92-p9qmz corrId=- health probe ok status=200 latency_ms=4
2026-03-03T16:50:00.564+01:00 INFO payment-scheduler host=payment-scheduler-5b8f6c-p9qmz corrId=- scheduler heartbeat lag_ms=43
2026-03-03T16:55:00.854+01:00 INFO api-gateway host=api-gateway-a41e92-t6zvn corrId=- health probe ok status=200 latency_ms=34
2026-03-03T17:00:00.060+01:00 INFO payment-scheduler host=payment-scheduler-a41e92-x2k4p corrId=- scheduler heartbeat lag_ms=60
2026-03-03T17:00:00.156+01:00 INFO api-gateway host=api-gateway-5b8f6c-t6zvn corrId=- health probe ok status=200 latency_ms=2
2026-03-03T17:00:10.000+01:00 INFO config-service host=config-service-7c9d5b-t6zvn corrId=- configuration refreshed version=v134
2026-03-03T17:05:00.263+01:00 INFO api-gateway host=api-gateway-a41e92-t6zvn corrId=- health probe ok status=200 latency_ms=26
2026-03-03T17:07:24.000+01:00 INFO valuation-service host=valuation-service-a41e92-x2k4p corrId=- jvm gc pause pause_ms=75
2026-03-03T17:10:00.098+01:00 INFO payment-scheduler host=payment-scheduler-7c9d5b-x2k4p corrId=- scheduler heartbeat lag_ms=117
2026-03-03T17:10:00.383+01:00 INFO api-gateway host=api-gateway-a41e92-x2k4p corrId=- health probe ok status=200 latency_ms=40
2026-03-03T17:15:00.721+01:00 INFO api-gateway host=api-gateway-7c9d5b-p9qmz corrId=- health probe ok status=200 latency_ms=16
2026-03-03T17:20:00.081+01:00 INFO api-gateway host=api-gateway-5b8f6c-t6zvn corrId=- health probe ok status=200 latency_ms=14
2026-03-03T17:20:00.282+01:00 INFO payment-scheduler host=payment-scheduler-5b8f6c-t6zvn corrId=- scheduler heartbeat lag_ms=22
2026-03-03T17:23:54.014+01:00 INFO portal-bff host=portal-bff-5b8f6c-x2k4p corrId=c-e9dc78f97f5b1112 conversion quote requested loan_id=LN240722194 target_product=FLEX_1Y
2026-03-03T17:23:54.130+01:00 INFO identity-service host=identity-service-a41e92-p9qmz corrId=c-e9dc78f97f5b1112 MitID session validated customer_id=C63510807
2026-03-03T17:23:54.248+01:00 INFO pricing-service host=pricing-service-a41e92-p9qmz corrId=c-e9dc78f97f5b1112 bond price fetched series=BND2.5-2053 price=101.295
2026-03-03T17:23:54.303+01:00 INFO pricing-service host=pricing-service-7c9d5b-t6zvn corrId=c-e9dc78f97f5b1112 conversion cost calculated loan_id=LN240722194 cost_dkk=25555.35
2026-03-03T17:23:54.379+01:00 INFO quote-service host=quote-service-a41e92-t6zvn corrId=c-e9dc78f97f5b1112 conversion quote issued quote_id=Q67467198 loan_id=LN240722194
2026-03-03T17:25:00.579+01:00 INFO api-gateway host=api-gateway-a41e92-p9qmz corrId=- health probe ok status=200 latency_ms=16
2026-03-03T17:27:44.992+01:00 INFO portal-bff host=portal-bff-5b8f6c-p9qmz corrId=c-3d8e66c37909215b conversion quote requested loan_id=LN005900818 target_product=FLEX_5Y
2026-03-03T17:27:45.126+01:00 INFO identity-service host=identity-service-7c9d5b-x2k4p corrId=c-3d8e66c37909215b MitID session validated customer_id=C77441278
2026-03-03T17:27:45.251+01:00 INFO pricing-service host=pricing-service-5b8f6c-t6zvn corrId=c-3d8e66c37909215b bond price fetched series=BND3.0-2053 price=98.278
2026-03-03T17:27:45.328+01:00 INFO pricing-service host=pricing-service-5b8f6c-p9qmz corrId=c-3d8e66c37909215b conversion cost calculated loan_id=LN005900818 cost_dkk=17229.58
2026-03-03T17:27:45.336+01:00 INFO quote-service host=quote-service-a41e92-p9qmz corrId=c-3d8e66c37909215b conversion quote issued quote_id=Q27400443 loan_id=LN005900818
2026-03-03T17:30:00.020+01:00 INFO api-gateway host=api-gateway-5b8f6c-t6zvn corrId=- health probe ok status=200 latency_ms=29
2026-03-03T17:30:00.475+01:00 INFO payment-scheduler host=payment-scheduler-7c9d5b-p9qmz corrId=- scheduler heartbeat lag_ms=25
2026-03-03T17:35:00.139+01:00 INFO api-gateway host=api-gateway-7c9d5b-p9qmz corrId=- health probe ok status=200 latency_ms=4
2026-03-03T17:40:00.004+01:00 INFO payment-scheduler host=payment-scheduler-7c9d5b-x2k4p corrId=- scheduler heartbeat lag_ms=88
2026-03-03T17:40:00.576+01:00 INFO api-gateway host=api-gateway-7c9d5b-p9qmz corrId=- health probe ok status=200 latency_ms=13
2026-03-03T17:45:00.384+01:00 INFO api-gateway host=api-gateway-a41e92-p9qmz corrId=- health probe ok status=200 latency_ms=30
2026-03-03T17:50:00.000+01:00 INFO payment-scheduler host=payment-scheduler-a41e92-x2k4p corrId=- scheduler heartbeat lag_ms=118
2026-03-03T17:50:00.108+01:00 INFO api-gateway host=api-gateway-a41e92-t6zvn corrId=- health probe ok status=200 latency_ms=20
2026-03-03T17:55:00.483+01:00 INFO api-gateway host=api-gateway-7c9d5b-x2k4p corrId=- health probe ok status=200 latency_ms=21
2026-03-03T18:00:00.215+01:00 INFO payment-scheduler host=payment-scheduler-a41e92-x2k4p corrId=- scheduler heartbeat lag_ms=74
2026-03-03T18:00:00.254+01:00 INFO api-gateway host=api-gateway-5b8f6c-x2k4p corrId=- health probe ok status=200 latency_ms=37
2026-03-03T18:00:04.000+01:00 INFO config-service host=config-service-7c9d5b-p9qmz corrId=- configuration refreshed version=v100
2026-03-03T18:00:43.103+01:00 INFO portal-bff host=portal-bff-7c9d5b-p9qmz corrId=c-d126850bf2c866ad conversion quote requested loan_id=LN732733570 target_product=FLEX_5Y
2026-03-03T18:00:43.201+01:00 INFO identity-service host=identity-service-a41e92-t6zvn corrId=c-d126850bf2c866ad MitID session validated customer_id=C94434074
2026-03-03T18:00:43.317+01:00 INFO pricing-service host=pricing-service-a41e92-p9qmz corrId=c-d126850bf2c866ad bond price fetched series=BND3.0-2053 price=93.768
2026-03-03T18:00:43.425+01:00 INFO pricing-service host=pricing-service-7c9d5b-p9qmz corrId=c-d126850bf2c866ad conversion cost calculated loan_id=LN732733570 cost_dkk=80832.20
2026-03-03T18:00:43.516+01:00 INFO quote-service host=quote-service-7c9d5b-t6zvn corrId=c-d126850bf2c866ad conversion quote issued quote_id=Q48030891 loan_id=LN732733570
2026-03-03T18:05:00.674+01:00 INFO api-gateway host=api-gateway-5b8f6c-t6zvn corrId=- health probe ok status=200 latency_ms=31
2026-03-03T18:09:08.528+01:00 INFO portal-bff host=portal-bff-a41e92-t6zvn corrId=c-b88e586f26327a11 conversion quote requested loan_id=LN341096949 target_product=FLEX_5Y
2026-03-03T18:09:08.577+01:00 INFO identity-service host=identity-service-5b8f6c-x2k4p corrId=c-b88e586f26327a11 MitID session validated customer_id=C38461929
2026-03-03T18:09:08.591+01:00 INFO pricing-service host=pricing-service-a41e92-x2k4p corrId=c-b88e586f26327a11 bond price fetched series=BND4.0-2053 price=95.420
2026-03-03T18:09:08.606+01:00 INFO pricing-service host=pricing-service-7c9d5b-p9qmz corrId=c-b88e586f26327a11 conversion cost calculated loan_id=LN341096949 cost_dkk=82231.77
2026-03-03T18:09:08.620+01:00 INFO quote-service host=quote-service-5b8f6c-p9qmz corrId=c-b88e586f26327a11 conversion quote issued quote_id=Q04444361 loan_id=LN341096949
2026-03-03T18:10:00.572+01:00 INFO payment-scheduler host=payment-scheduler-7c9d5b-t6zvn corrId=- scheduler heartbeat lag_ms=113
2026-03-03T18:10:00.659+01:00 INFO api-gateway host=api-gateway-7c9d5b-p9qmz corrId=- health probe ok status=200 latency_ms=27
2026-03-03T18:15:00.450+01:00 INFO api-gateway host=api-gateway-7c9d5b-x2k4p corrId=- health probe ok status=200 latency_ms=32
2026-03-03T18:17:39.452+01:00 INFO portal-bff host=portal-bff-7c9d5b-p9qmz corrId=c-6b990f5a84fedca4 conversion quote requested loan_id=LN471411373 target_product=FIXED_30Y
2026-03-03T18:17:39.574+01:00 INFO identity-service host=identity-service-5b8f6c-t6zvn corrId=c-6b990f5a84fedca4 MitID session validated customer_id=C94295377
2026-03-03T18:17:39.591+01:00 INFO pricing-service host=pricing-service-7c9d5b-x2k4p corrId=c-6b990f5a84fedca4 bond price fetched series=BND2.5-2053 price=91.583
2026-03-03T18:17:39.704+01:00 INFO pricing-service host=pricing-service-5b8f6c-x2k4p corrId=c-6b990f5a84fedca4 conversion cost calculated loan_id=LN471411373 cost_dkk=10078.91
2026-03-03T18:17:39.747+01:00 INFO quote-service host=quote-service-7c9d5b-t6zvn corrId=c-6b990f5a84fedca4 conversion quote issued quote_id=Q18344964 loan_id=LN471411373
2026-03-03T18:20:00.153+01:00 INFO api-gateway host=api-gateway-a41e92-t6zvn corrId=- health probe ok status=200 latency_ms=30
2026-03-03T18:20:00.476+01:00 INFO payment-scheduler host=payment-scheduler-5b8f6c-t6zvn corrId=- scheduler heartbeat lag_ms=45
2026-03-03T18:25:00.054+01:00 INFO api-gateway host=api-gateway-7c9d5b-x2k4p corrId=- health probe ok status=200 latency_ms=35
2026-03-03T18:30:00.199+01:00 INFO api-gateway host=api-gateway-7c9d5b-p9qmz corrId=- health probe ok status=200 latency_ms=2
2026-03-03T18:30:00.425+01:00 INFO payment-scheduler host=payment-scheduler-7c9d5b-p9qmz corrId=- scheduler heartbeat lag_ms=21
2026-03-03T18:35:00.263+01:00 INFO api-gateway host=api-gateway-7c9d5b-p9qmz corrId=- health probe ok status=200 latency_ms=33
2026-03-03T18:40:00.477+01:00 INFO api-gateway host=api-gateway-a41e92-p9qmz corrId=- health probe ok status=200 latency_ms=7
2026-03-03T18:40:00.693+01:00 INFO payment-scheduler host=payment-scheduler-7c9d5b-t6zvn corrId=- scheduler heartbeat lag_ms=111
2026-03-03T18:45:00.460+01:00 INFO api-gateway host=api-gateway-a41e92-x2k4p corrId=- health probe ok status=200 latency_ms=7
2026-03-03T18:47:00.913+01:00 INFO portal-bff host=portal-bff-5b8f6c-x2k4p corrId=c-7344b2819408a0cf conversion quote requested loan_id=LN193916010 target_product=FLEX_5Y
2026-03-03T18:47:01.050+01:00 INFO identity-service host=identity-service-5b8f6c-x2k4p corrId=c-7344b2819408a0cf MitID session validated customer_id=C06083848
2026-03-03T18:47:01.069+01:00 INFO pricing-service host=pricing-service-5b8f6c-x2k4p corrId=c-7344b2819408a0cf bond price fetched series=BND4.0-2056 price=96.177
2026-03-03T18:47:01.124+01:00 INFO pricing-service host=pricing-service-5b8f6c-t6zvn corrId=c-7344b2819408a0cf conversion cost calculated loan_id=LN193916010 cost_dkk=79992.13
2026-03-03T18:47:01.213+01:00 INFO quote-service host=quote-service-a41e92-t6zvn corrId=c-7344b2819408a0cf conversion quote issued quote_id=Q92930766 loan_id=LN193916010
2026-03-03T18:48:27.634+01:00 INFO portal-bff host=portal-bff-a41e92-p9qmz corrId=c-c1cea4a90426dbd0 conversion quote requested loan_id=LN301384048 target_product=FIXED_30Y
2026-03-03T18:48:27.667+01:00 INFO identity-service host=identity-service-a41e92-t6zvn corrId=c-c1cea4a90426dbd0 MitID session validated customer_id=C02287059
2026-03-03T18:48:27.734+01:00 INFO pricing-service host=pricing-service-a41e92-t6zvn corrId=c-c1cea4a90426dbd0 bond price fetched series=BND3.0-2056 price=94.888
2026-03-03T18:48:27.754+01:00 INFO pricing-service host=pricing-service-a41e92-t6zvn corrId=c-c1cea4a90426dbd0 conversion cost calculated loan_id=LN301384048 cost_dkk=45563.25
2026-03-03T18:48:27.759+01:00 INFO quote-service host=quote-service-5b8f6c-p9qmz corrId=c-c1cea4a90426dbd0 conversion quote issued quote_id=Q41140755 loan_id=LN301384048
2026-03-03T18:50:00.685+01:00 INFO api-gateway host=api-gateway-5b8f6c-t6zvn corrId=- health probe ok status=200 latency_ms=8
2026-03-03T18:50:00.710+01:00 INFO payment-scheduler host=payment-scheduler-5b8f6c-t6zvn corrId=- scheduler heartbeat lag_ms=11
2026-03-03T18:54:48.592+01:00 INFO portal-bff host=portal-bff-a41e92-x2k4p corrId=c-9c7103d5fe27468d conversion quote requested loan_id=LN543482863 target_product=FLEX_1Y
2026-03-03T18:54:48.723+01:00 INFO identity-service host=identity-service-a41e92-x2k4p corrId=c-9c7103d5fe27468d MitID session validated customer_id=C83280346
2026-03-03T18:54:48.790+01:00 INFO pricing-service host=pricing-service-5b8f6c-t6zvn corrId=c-9c7103d5fe27468d bond price fetched series=BND2.5-2056 price=94.641
2026-03-03T18:54:48.812+01:00 INFO pricing-service host=pricing-service-a41e92-p9qmz corrId=c-9c7103d5fe27468d conversion cost calculated loan_id=LN543482863 cost_dkk=83947.75
2026-03-03T18:54:48.912+01:00 INFO quote-service host=quote-service-a41e92-t6zvn corrId=c-9c7103d5fe27468d conversion quote issued quote_id=Q03434808 loan_id=LN543482863
2026-03-03T18:55:00.487+01:00 INFO api-gateway host=api-gateway-7c9d5b-x2k4p corrId=- health probe ok status=200 latency_ms=28
2026-03-03T19:00:00.330+01:00 INFO payment-scheduler host=payment-scheduler-5b8f6c-p9qmz corrId=- scheduler heartbeat lag_ms=120
2026-03-03T19:00:00.418+01:00 INFO api-gateway host=api-gateway-7c9d5b-p9qmz corrId=- health probe ok status=200 latency_ms=29
2026-03-03T19:00:08.000+01:00 INFO config-service host=config-service-5b8f6c-x2k4p corrId=- configuration refreshed version=v120
2026-03-03T19:04:07.897+01:00 INFO portal-bff host=portal-bff-5b8f6c-t6zvn corrId=c-d481da4edd37335e conversion quote requested loan_id=LN139737870 target_product=FLEX_1Y
2026-03-03T19:04:07.966+01:00 INFO identity-service host=identity-service-a41e92-x2k4p corrId=c-d481da4edd37335e MitID session validated customer_id=C75529924
2026-03-03T19:04:08.032+01:00 INFO pricing-service host=pricing-service-a41e92-t6zvn corrId=c-d481da4edd37335e bond price fetched series=BND3.0-2056 price=101.359
2026-03-03T19:04:08.140+01:00 INFO pricing-service host=pricing-service-a41e92-x2k4p corrId=c-d481da4edd37335e conversion cost calculated loan_id=LN139737870 cost_dkk=46754.95
2026-03-03T19:04:08.257+01:00 INFO quote-service host=quote-service-5b8f6c-x2k4p corrId=c-d481da4edd37335e conversion quote issued quote_id=Q91290351 loan_id=LN139737870
2026-03-03T19:04:14.000+01:00 INFO valuation-service host=valuation-service-7c9d5b-t6zvn corrId=- jvm gc pause pause_ms=81
2026-03-03T19:05:00.193+01:00 INFO api-gateway host=api-gateway-7c9d5b-t6zvn corrId=- health probe ok status=200 latency_ms=39
2026-03-03T19:10:00.114+01:00 INFO api-gateway host=api-gateway-a41e92-x2k4p corrId=- health probe ok status=200 latency_ms=5
2026-03-03T19:10:00.585+01:00 INFO payment-scheduler host=payment-scheduler-a41e92-p9qmz corrId=- scheduler heartbeat lag_ms=87
2026-03-03T19:15:00.434+01:00 INFO api-gateway host=api-gateway-5b8f6c-t6zvn corrId=- health probe ok status=200 latency_ms=35
2026-03-03T19:20:00.095+01:00 INFO payment-scheduler host=payment-scheduler-7c9d5b-t6zvn corrId=- scheduler heartbeat lag_ms=57
2026-03-03T19:20:00.484+01:00 INFO api-gateway host=api-gateway-a41e92-p9qmz corrId=- health probe ok status=200 latency_ms=20
2026-03-03T19:21:28.548+01:00 INFO portal-bff host=portal-bff-a41e92-p9qmz corrId=c-36f09c9d989adcbb conversion quote requested loan_id=LN871428511 target_product=FLEX_1Y
2026-03-03T19:21:28.624+01:00 INFO identity-service host=identity-service-7c9d5b-t6zvn corrId=c-36f09c9d989adcbb MitID session validated customer_id=C49225964
2026-03-03T19:21:28.672+01:00 INFO pricing-service host=pricing-service-7c9d5b-t6zvn corrId=c-36f09c9d989adcbb bond price fetched series=BND2.5-2056 price=88.978
2026-03-03T19:21:28.789+01:00 INFO pricing-service host=pricing-service-5b8f6c-x2k4p corrId=c-36f09c9d989adcbb conversion cost calculated loan_id=LN871428511 cost_dkk=20370.54
2026-03-03T19:21:28.815+01:00 INFO quote-service host=quote-service-5b8f6c-t6zvn corrId=c-36f09c9d989adcbb conversion quote issued quote_id=Q73155490 loan_id=LN871428511
2026-03-03T19:25:00.114+01:00 INFO api-gateway host=api-gateway-5b8f6c-x2k4p corrId=- health probe ok status=200 latency_ms=29
2026-03-03T19:28:03.280+01:00 INFO portal-bff host=portal-bff-5b8f6c-p9qmz corrId=c-868cc2bb3d358066 conversion quote requested loan_id=LN445177548 target_product=FIXED_30Y
2026-03-03T19:28:03.295+01:00 INFO identity-service host=identity-service-7c9d5b-t6zvn corrId=c-868cc2bb3d358066 MitID session validated customer_id=C43379218
2026-03-03T19:28:03.354+01:00 INFO pricing-service host=pricing-service-7c9d5b-x2k4p corrId=c-868cc2bb3d358066 bond price fetched series=BND4.0-2053 price=96.198
2026-03-03T19:28:03.411+01:00 INFO pricing-service host=pricing-service-a41e92-x2k4p corrId=c-868cc2bb3d358066 conversion cost calculated loan_id=LN445177548 cost_dkk=69235.77
2026-03-03T19:28:03.440+01:00 INFO quote-service host=quote-service-a41e92-x2k4p corrId=c-868cc2bb3d358066 conversion quote issued quote_id=Q39758264 loan_id=LN445177548
2026-03-03T19:28:49.769+01:00 INFO portal-bff host=portal-bff-a41e92-t6zvn corrId=c-edda20741eabff06 conversion quote requested loan_id=LN514851477 target_product=FLEX_1Y
2026-03-03T19:28:49.876+01:00 INFO identity-service host=identity-service-7c9d5b-t6zvn corrId=c-edda20741eabff06 MitID session validated customer_id=C39700127
2026-03-03T19:28:49.985+01:00 INFO pricing-service host=pricing-service-7c9d5b-x2k4p corrId=c-edda20741eabff06 bond price fetched series=BND2.5-2056 price=94.765
2026-03-03T19:28:50.048+01:00 INFO pricing-service host=pricing-service-7c9d5b-x2k4p corrId=c-edda20741eabff06 conversion cost calculated loan_id=LN514851477 cost_dkk=31058.39
2026-03-03T19:28:50.093+01:00 INFO quote-service host=quote-service-5b8f6c-x2k4p corrId=c-edda20741eabff06 conversion quote issued quote_id=Q31645718 loan_id=LN514851477
2026-03-03T19:30:00.810+01:00 INFO api-gateway host=api-gateway-5b8f6c-p9qmz corrId=- health probe ok status=200 latency_ms=38
2026-03-03T19:30:00.813+01:00 INFO payment-scheduler host=payment-scheduler-a41e92-t6zvn corrId=- scheduler heartbeat lag_ms=27
2026-03-03T19:35:00.183+01:00 INFO api-gateway host=api-gateway-5b8f6c-p9qmz corrId=- health probe ok status=200 latency_ms=2
2026-03-03T19:40:00.022+01:00 INFO api-gateway host=api-gateway-7c9d5b-x2k4p corrId=- health probe ok status=200 latency_ms=20
2026-03-03T19:40:00.707+01:00 INFO payment-scheduler host=payment-scheduler-5b8f6c-x2k4p corrId=- scheduler heartbeat lag_ms=65
2026-03-03T19:45:00.416+01:00 INFO api-gateway host=api-gateway-7c9d5b-p9qmz corrId=- health probe ok status=200 latency_ms=17
2026-03-03T19:50:00.134+01:00 INFO payment-scheduler host=payment-scheduler-a41e92-t6zvn corrId=- scheduler heartbeat lag_ms=59
2026-03-03T19:50:00.597+01:00 INFO api-gateway host=api-gateway-a41e92-x2k4p corrId=- health probe ok status=200 latency_ms=2
2026-03-03T19:55:00.658+01:00 INFO api-gateway host=api-gateway-a41e92-p9qmz corrId=- health probe ok status=200 latency_ms=20
2026-03-03T19:55:58.666+01:00 INFO portal-bff host=portal-bff-5b8f6c-t6zvn corrId=c-c3184fd182f15e91 conversion quote requested loan_id=LN951384504 target_product=FIXED_30Y
2026-03-03T19:55:58.798+01:00 INFO identity-service host=identity-service-5b8f6c-x2k4p corrId=c-c3184fd182f15e91 MitID session validated customer_id=C63543339
2026-03-03T19:55:58.917+01:00 INFO pricing-service host=pricing-service-a41e92-t6zvn corrId=c-c3184fd182f15e91 bond price fetched series=BND4.0-2056 price=97.055
2026-03-03T19:55:58.969+01:00 INFO pricing-service host=pricing-service-5b8f6c-x2k4p corrId=c-c3184fd182f15e91 conversion cost calculated loan_id=LN951384504 cost_dkk=6213.36
2026-03-03T19:55:58.976+01:00 INFO quote-service host=quote-service-a41e92-x2k4p corrId=c-c3184fd182f15e91 conversion quote issued quote_id=Q36492542 loan_id=LN951384504
2026-03-03T19:59:18.000+01:00 INFO valuation-service host=valuation-service-5b8f6c-x2k4p corrId=- jvm gc pause pause_ms=82
2026-03-03T19:59:47.156+01:00 INFO portal-bff host=portal-bff-7c9d5b-x2k4p corrId=c-e59ee145036b5e54 conversion quote requested loan_id=LN170470407 target_product=FLEX_1Y
2026-03-03T19:59:47.189+01:00 INFO identity-service host=identity-service-a41e92-t6zvn corrId=c-e59ee145036b5e54 MitID session validated customer_id=C86699959
2026-03-03T19:59:47.320+01:00 INFO pricing-service host=pricing-service-7c9d5b-t6zvn corrId=c-e59ee145036b5e54 bond price fetched series=BND3.0-2053 price=101.171
2026-03-03T19:59:47.347+01:00 INFO pricing-service host=pricing-service-a41e92-x2k4p corrId=c-e59ee145036b5e54 conversion cost calculated loan_id=LN170470407 cost_dkk=4887.41
2026-03-03T19:59:47.456+01:00 INFO quote-service host=quote-service-a41e92-p9qmz corrId=c-e59ee145036b5e54 conversion quote issued quote_id=Q21208115 loan_id=LN170470407
2026-03-03T20:00:00.282+01:00 INFO payment-scheduler host=payment-scheduler-7c9d5b-p9qmz corrId=- scheduler heartbeat lag_ms=5
2026-03-03T20:00:00.483+01:00 INFO api-gateway host=api-gateway-7c9d5b-p9qmz corrId=- health probe ok status=200 latency_ms=7
2026-03-03T20:00:57.000+01:00 INFO config-service host=config-service-5b8f6c-p9qmz corrId=- configuration refreshed version=v123
2026-03-03T20:05:00.189+01:00 INFO api-gateway host=api-gateway-7c9d5b-p9qmz corrId=- health probe ok status=200 latency_ms=16
2026-03-03T20:08:48.062+01:00 INFO portal-bff host=portal-bff-7c9d5b-p9qmz corrId=c-8003ace57db128d8 conversion quote requested loan_id=LN988886531 target_product=FLEX_1Y
2026-03-03T20:08:48.124+01:00 INFO identity-service host=identity-service-7c9d5b-p9qmz corrId=c-8003ace57db128d8 MitID session validated customer_id=C90253912
2026-03-03T20:08:48.227+01:00 INFO pricing-service host=pricing-service-7c9d5b-x2k4p corrId=c-8003ace57db128d8 bond price fetched series=BND3.0-2056 price=92.244
2026-03-03T20:08:48.361+01:00 INFO pricing-service host=pricing-service-a41e92-p9qmz corrId=c-8003ace57db128d8 conversion cost calculated loan_id=LN988886531 cost_dkk=49932.49
2026-03-03T20:08:48.416+01:00 INFO quote-service host=quote-service-5b8f6c-p9qmz corrId=c-8003ace57db128d8 conversion quote issued quote_id=Q56301389 loan_id=LN988886531
2026-03-03T20:10:00.675+01:00 INFO payment-scheduler host=payment-scheduler-7c9d5b-p9qmz corrId=- scheduler heartbeat lag_ms=76
2026-03-03T20:10:00.693+01:00 INFO api-gateway host=api-gateway-7c9d5b-p9qmz corrId=- health probe ok status=200 latency_ms=24
2026-03-03T20:15:00.368+01:00 INFO api-gateway host=api-gateway-a41e92-x2k4p corrId=- health probe ok status=200 latency_ms=31
2026-03-03T20:20:00.029+01:00 INFO api-gateway host=api-gateway-a41e92-t6zvn corrId=- health probe ok status=200 latency_ms=17
2026-03-03T20:20:00.778+01:00 INFO payment-scheduler host=payment-scheduler-a41e92-p9qmz corrId=- scheduler heartbeat lag_ms=113
2026-03-03T20:25:00.735+01:00 INFO api-gateway host=api-gateway-a41e92-x2k4p corrId=- health probe ok status=200 latency_ms=15
2026-03-03T20:30:00.031+01:00 INFO api-gateway host=api-gateway-5b8f6c-p9qmz corrId=- health probe ok status=200 latency_ms=26
2026-03-03T20:30:00.643+01:00 INFO payment-scheduler host=payment-scheduler-a41e92-p9qmz corrId=- scheduler heartbeat lag_ms=65
2026-03-03T20:30:06.195+01:00 INFO portal-bff host=portal-bff-a41e92-p9qmz corrId=c-6907c6f057f4a148 conversion quote requested loan_id=LN710118485 target_product=FLEX_5Y
2026-03-03T20:30:06.258+01:00 INFO identity-service host=identity-service-a41e92-p9qmz corrId=c-6907c6f057f4a148 MitID session validated customer_id=C82042837
2026-03-03T20:30:06.309+01:00 INFO pricing-service host=pricing-service-5b8f6c-t6zvn corrId=c-6907c6f057f4a148 bond price fetched series=BND3.0-2053 price=93.287
2026-03-03T20:30:06.423+01:00 INFO pricing-service host=pricing-service-a41e92-t6zvn corrId=c-6907c6f057f4a148 conversion cost calculated loan_id=LN710118485 cost_dkk=54386.50
2026-03-03T20:30:06.491+01:00 INFO quote-service host=quote-service-5b8f6c-t6zvn corrId=c-6907c6f057f4a148 conversion quote issued quote_id=Q29227369 loan_id=LN710118485
2026-03-03T20:35:00.680+01:00 INFO api-gateway host=api-gateway-a41e92-x2k4p corrId=- health probe ok status=200 latency_ms=9
2026-03-03T20:40:00.082+01:00 INFO api-gateway host=api-gateway-a41e92-x2k4p corrId=- health probe ok status=200 latency_ms=13
2026-03-03T20:40:00.816+01:00 INFO payment-scheduler host=payment-scheduler-5b8f6c-x2k4p corrId=- scheduler heartbeat lag_ms=101
2026-03-03T20:45:00.691+01:00 INFO api-gateway host=api-gateway-7c9d5b-t6zvn corrId=- health probe ok status=200 latency_ms=28
2026-03-03T20:50:00.038+01:00 INFO api-gateway host=api-gateway-7c9d5b-p9qmz corrId=- health probe ok status=200 latency_ms=8
2026-03-03T20:50:00.272+01:00 INFO payment-scheduler host=payment-scheduler-a41e92-x2k4p corrId=- scheduler heartbeat lag_ms=113
2026-03-03T20:50:48.161+01:00 INFO portal-bff host=portal-bff-7c9d5b-x2k4p corrId=c-3b6a19a25bb6a06c conversion quote requested loan_id=LN059624216 target_product=FLEX_1Y
2026-03-03T20:50:48.277+01:00 INFO identity-service host=identity-service-a41e92-p9qmz corrId=c-3b6a19a25bb6a06c MitID session validated customer_id=C71268690
2026-03-03T20:50:48.369+01:00 INFO pricing-service host=pricing-service-5b8f6c-t6zvn corrId=c-3b6a19a25bb6a06c bond price fetched series=BND4.0-2053 price=92.340
2026-03-03T20:50:48.407+01:00 INFO pricing-service host=pricing-service-5b8f6c-p9qmz corrId=c-3b6a19a25bb6a06c conversion cost calculated loan_id=LN059624216 cost_dkk=29108.14
2026-03-03T20:50:48.544+01:00 INFO quote-service host=quote-service-a41e92-t6zvn corrId=c-3b6a19a25bb6a06c conversion quote issued quote_id=Q47572618 loan_id=LN059624216
2026-03-03T20:55:00.333+01:00 INFO api-gateway host=api-gateway-5b8f6c-p9qmz corrId=- health probe ok status=200 latency_ms=35
2026-03-03T21:00:00.575+01:00 INFO payment-scheduler host=payment-scheduler-7c9d5b-t6zvn corrId=- scheduler heartbeat lag_ms=7
2026-03-03T21:00:00.636+01:00 INFO api-gateway host=api-gateway-7c9d5b-t6zvn corrId=- health probe ok status=200 latency_ms=26
2026-03-03T21:00:54.000+01:00 INFO config-service host=config-service-a41e92-p9qmz corrId=- configuration refreshed version=v112
2026-03-03T21:05:00.044+01:00 INFO api-gateway host=api-gateway-5b8f6c-t6zvn corrId=- health probe ok status=200 latency_ms=5
2026-03-03T21:10:00.029+01:00 INFO payment-scheduler host=payment-scheduler-7c9d5b-t6zvn corrId=- scheduler heartbeat lag_ms=103
2026-03-03T21:10:00.396+01:00 INFO api-gateway host=api-gateway-7c9d5b-p9qmz corrId=- health probe ok status=200 latency_ms=26
2026-03-03T21:15:00.635+01:00 INFO api-gateway host=api-gateway-5b8f6c-x2k4p corrId=- health probe ok status=200 latency_ms=3
2026-03-03T21:20:00.282+01:00 INFO payment-scheduler host=payment-scheduler-7c9d5b-p9qmz corrId=- scheduler heartbeat lag_ms=10
2026-03-03T21:20:00.360+01:00 INFO api-gateway host=api-gateway-7c9d5b-t6zvn corrId=- health probe ok status=200 latency_ms=31
2026-03-03T21:25:00.533+01:00 INFO api-gateway host=api-gateway-a41e92-t6zvn corrId=- health probe ok status=200 latency_ms=26
2026-03-03T21:30:00.050+01:00 INFO api-gateway host=api-gateway-5b8f6c-p9qmz corrId=- health probe ok status=200 latency_ms=2
2026-03-03T21:30:00.621+01:00 INFO payment-scheduler host=payment-scheduler-7c9d5b-x2k4p corrId=- scheduler heartbeat lag_ms=27
2026-03-03T21:35:00.292+01:00 INFO api-gateway host=api-gateway-a41e92-p9qmz corrId=- health probe ok status=200 latency_ms=10
2026-03-03T21:40:00.725+01:00 INFO payment-scheduler host=payment-scheduler-7c9d5b-t6zvn corrId=- scheduler heartbeat lag_ms=31
2026-03-03T21:40:00.845+01:00 INFO api-gateway host=api-gateway-7c9d5b-t6zvn corrId=- health probe ok status=200 latency_ms=19
2026-03-03T21:45:00.626+01:00 INFO api-gateway host=api-gateway-7c9d5b-p9qmz corrId=- health probe ok status=200 latency_ms=8
2026-03-03T21:50:00.020+01:00 INFO api-gateway host=api-gateway-5b8f6c-t6zvn corrId=- health probe ok status=200 latency_ms=4
2026-03-03T21:50:00.023+01:00 INFO payment-scheduler host=payment-scheduler-5b8f6c-x2k4p corrId=- scheduler heartbeat lag_ms=21
2026-03-03T21:55:00.156+01:00 INFO api-gateway host=api-gateway-7c9d5b-t6zvn corrId=- health probe ok status=200 latency_ms=8
2026-03-03T22:00:00.108+01:00 INFO payment-scheduler host=payment-scheduler-7c9d5b-t6zvn corrId=- scheduler heartbeat lag_ms=22
2026-03-03T22:00:00.809+01:00 INFO api-gateway host=api-gateway-a41e92-p9qmz corrId=- health probe ok status=200 latency_ms=23
2026-03-03T22:00:32.000+01:00 INFO config-service host=config-service-5b8f6c-x2k4p corrId=- configuration refreshed version=v139
2026-03-03T22:05:00.479+01:00 INFO api-gateway host=api-gateway-5b8f6c-p9qmz corrId=- health probe ok status=200 latency_ms=8
2026-03-03T22:10:00.603+01:00 INFO payment-scheduler host=payment-scheduler-5b8f6c-x2k4p corrId=- scheduler heartbeat lag_ms=117
2026-03-03T22:10:00.777+01:00 INFO api-gateway host=api-gateway-7c9d5b-t6zvn corrId=- health probe ok status=200 latency_ms=36
2026-03-03T22:15:00.304+01:00 INFO api-gateway host=api-gateway-5b8f6c-x2k4p corrId=- health probe ok status=200 latency_ms=22
2026-03-03T22:20:00.026+01:00 INFO payment-scheduler host=payment-scheduler-5b8f6c-p9qmz corrId=- scheduler heartbeat lag_ms=66
2026-03-03T22:20:00.741+01:00 INFO api-gateway host=api-gateway-a41e92-p9qmz corrId=- health probe ok status=200 latency_ms=14
2026-03-03T22:25:00.099+01:00 INFO api-gateway host=api-gateway-7c9d5b-t6zvn corrId=- health probe ok status=200 latency_ms=13
2026-03-03T22:30:00.031+01:00 INFO payment-scheduler host=payment-scheduler-5b8f6c-p9qmz corrId=- scheduler heartbeat lag_ms=1
2026-03-03T22:30:00.213+01:00 INFO api-gateway host=api-gateway-5b8f6c-p9qmz corrId=- health probe ok status=200 latency_ms=17
2026-03-03T22:35:00.821+01:00 INFO api-gateway host=api-gateway-a41e92-t6zvn corrId=- health probe ok status=200 latency_ms=26
2026-03-03T22:40:00.503+01:00 INFO payment-scheduler host=payment-scheduler-a41e92-t6zvn corrId=- scheduler heartbeat lag_ms=55
2026-03-03T22:40:00.693+01:00 INFO api-gateway host=api-gateway-5b8f6c-t6zvn corrId=- health probe ok status=200 latency_ms=24
2026-03-03T22:45:00.736+01:00 INFO api-gateway host=api-gateway-5b8f6c-p9qmz corrId=- health probe ok status=200 latency_ms=19
2026-03-03T22:50:00.676+01:00 INFO api-gateway host=api-gateway-5b8f6c-p9qmz corrId=- health probe ok status=200 latency_ms=17
2026-03-03T22:50:00.692+01:00 INFO payment-scheduler host=payment-scheduler-a41e92-p9qmz corrId=- scheduler heartbeat lag_ms=98
2026-03-03T22:55:00.875+01:00 INFO api-gateway host=api-gateway-a41e92-p9qmz corrId=- health probe ok status=200 latency_ms=2
2026-03-03T23:00:00.062+01:00 INFO payment-scheduler host=payment-scheduler-a41e92-x2k4p corrId=- scheduler heartbeat lag_ms=42
2026-03-03T23:00:00.075+01:00 INFO api-gateway host=api-gateway-7c9d5b-t6zvn corrId=- health probe ok status=200 latency_ms=32
2026-03-03T23:00:01.000+01:00 INFO config-service host=config-service-a41e92-p9qmz corrId=- configuration refreshed version=v132
2026-03-03T23:05:00.238+01:00 INFO api-gateway host=api-gateway-5b8f6c-p9qmz corrId=- health probe ok status=200 latency_ms=15
2026-03-03T23:10:00.430+01:00 INFO api-gateway host=api-gateway-7c9d5b-p9qmz corrId=- health probe ok status=200 latency_ms=4
2026-03-03T23:10:00.709+01:00 INFO payment-scheduler host=payment-scheduler-7c9d5b-x2k4p corrId=- scheduler heartbeat lag_ms=13
2026-03-03T23:15:00.601+01:00 INFO api-gateway host=api-gateway-7c9d5b-t6zvn corrId=- health probe ok status=200 latency_ms=28
2026-03-03T23:20:00.453+01:00 INFO api-gateway host=api-gateway-a41e92-p9qmz corrId=- health probe ok status=200 latency_ms=28
2026-03-03T23:20:00.641+01:00 INFO payment-scheduler host=payment-scheduler-7c9d5b-p9qmz corrId=- scheduler heartbeat lag_ms=79
2026-03-03T23:25:00.146+01:00 INFO api-gateway host=api-gateway-a41e92-p9qmz corrId=- health probe ok status=200 latency_ms=19
2026-03-03T23:30:00.056+01:00 INFO api-gateway host=api-gateway-a41e92-x2k4p corrId=- health probe ok status=200 latency_ms=2
2026-03-03T23:30:00.335+01:00 INFO payment-scheduler host=payment-scheduler-5b8f6c-p9qmz corrId=- scheduler heartbeat lag_ms=104
2026-03-03T23:30:06.000+01:00 INFO valuation-service host=valuation-service-a41e92-t6zvn corrId=- jvm gc pause pause_ms=81
2026-03-03T23:34:48.000+01:00 INFO valuation-service host=valuation-service-a41e92-t6zvn corrId=- jvm gc pause pause_ms=48
2026-03-03T23:35:00.362+01:00 INFO api-gateway host=api-gateway-a41e92-t6zvn corrId=- health probe ok status=200 latency_ms=37
2026-03-03T23:40:00.060+01:00 INFO api-gateway host=api-gateway-5b8f6c-p9qmz corrId=- health probe ok status=200 latency_ms=16
2026-03-03T23:40:00.754+01:00 INFO payment-scheduler host=payment-scheduler-5b8f6c-t6zvn corrId=- scheduler heartbeat lag_ms=120
2026-03-03T23:45:00.152+01:00 INFO api-gateway host=api-gateway-5b8f6c-p9qmz corrId=- health probe ok status=200 latency_ms=20
2026-03-03T23:50:00.636+01:00 INFO payment-scheduler host=payment-scheduler-a41e92-t6zvn corrId=- scheduler heartbeat lag_ms=28
2026-03-03T23:50:00.734+01:00 INFO api-gateway host=api-gateway-5b8f6c-p9qmz corrId=- health probe ok status=200 latency_ms=19
2026-03-03T23:55:00.192+01:00 INFO api-gateway host=api-gateway-5b8f6c-p9qmz corrId=- health probe ok status=200 latency_ms=19
