trace_id,flow,start,label,anomaly_type,first_deviation_index,phase,incident_id
c-a3f8d05e403fd994,instalment_collection,2026-03-02T02:12:23.529+01:00,0,none,,background,
c-34600cb82641f430,instalment_collection,2026-03-02T02:12:50.134+01:00,0,none,,background,
c-4a02ecab1141494c,instalment_collection,2026-03-02T02:13:01.333+01:00,0,none,,background,
c-b425b8b245cc57d5,instalment_collection,2026-03-02T02:14:15.551+01:00,0,none,,background,
c-7d194b92f0f9bc0c,instalment_collection,2026-03-02T02:14:52.083+01:00,0,none,,background,
c-baf802674da71a8f,instalment_collection,2026-03-02T02:15:00.536+01:00,0,none,,background,
c-6d40d01fec9d3517,instalment_collection,2026-03-02T02:15:03.533+01:00,0,none,,background,
c-3cea848405b86a70,instalment_collection,2026-03-02T02:15:25.979+01:00,0,none,,background,
c-0596d463155b6bca,instalment_collection,2026-03-02T02:16:51.027+01:00,0,none,,background,
c-c3d076c8801d8e14,instalment_collection,2026-03-02T02:17:29.777+01:00,0,none,,background,
c-5833ee1ef2343433,instalment_collection,2026-03-02T02:17:44.044+01:00,0,none,,background,
c-1c97a5fc0a43657a,instalment_collection,2026-03-02T02:17:59.237+01:00,0,none,,background,
c-ba795b2fcc614767,instalment_collection,2026-03-02T02:18:04.549+01:00,0,none,,background,
c-b4d3d2140595cf80,instalment_collection,2026-03-02T02:18:04.849+01:00,0,none,,background,
c-5cb3d2fb9a6c9d09,instalment_collection,2026-03-02T02:18:57.713+01:00,0,none,,background,
c-54ee24ab6c80f9e9,instalment_collection,2026-03-02T02:19:29.172+01:00,0,none,,background,
c-d731d7ff92312d28,instalment_collection,2026-03-02T02:19:52.602+01:00,0,none,,background,
c-4cd93f9960a9e189,instalment_collection,2026-03-02T02:20:23.820+01:00,0,none,,background,
c-58b31e739b92089f,instalment_collection,2026-03-02T02:20:26.681+01:00,0,none,,background,
c-e3eca621019495df,instalment_collection,2026-03-02T02:20:59.060+01:00,0,none,,background,
c-80a3028ab30e992f,instalment_collection,2026-03-02T02:21:05.933+01:00,0,none,,background,
c-8e0dbb4e5b714990,instalment_collection,2026-03-02T02:22:11.777+01:00,0,none,,background,
c-6e9fd8629dce487a,instalment_collection,2026-03-02T02:22:30.445+01:00,0,none,,background,
c-8c7d9ee3f32d4666,instalment_collection,2026-03-02T02:23:05.137+01:00,0,none,,background,
c-222348fa498ff52a,instalment_collection,2026-03-02T02:23:06.216+01:00,0,none,,background,
c-aceee0b8fdd18a9b,instalment_collection,2026-03-02T02:23:12.282+01:00,0,none,,background,
c-1ce462abad6418b9,instalment_collection,2026-03-02T02:23:38.893+01:00,0,none,,background,
c-3eb93d23e3ac943f,instalment_collection,2026-03-02T02:24:46.564+01:00,0,none,,background,
c-eda059b52a5affa7,instalment_collection,2026-03-02T02:25:19.278+01:00,0,none,,background,
c-afdb7f747b8ab3d7,instalment_collection,2026-03-02T02:25:22.092+01:00,0,none,,background,
c-8a08d6ada182c578,instalment_collection,2026-03-02T02:26:45.513+01:00,0,none,,background,
c-a65804319bc244fc,instalment_collection,2026-03-02T02:27:03.564+01:00,0,none,,background,
c-f12bd0df8e1506bf,instalment_collection,2026-03-02T02:27:18.098+01:00,0,none,,background,
c-1641a40525bfe960,instalment_collection,2026-03-02T02:27:28.457+01:00,0,none,,background,
c-77685737980e24ae,instalment_collection,2026-03-02T02:27:36.057+01:00,0,none,,background,
c-40de8d8d0813b592,instalment_collection,2026-03-02T02:27:39.891+01:00,0,none,,background,
c-e3549d974a1bb347,instalment_collection,2026-03-02T02:28:02.680+01:00,0,none,,background,
c-6a933aefd2ec1d0c,instalment_collection,2026-03-02T02:28:08.591+01:00,0,none,,background,
c-0fce8d9a4329942c,instalment_collection,2026-03-02T02:28:29.627+01:00,0,none,,background,
c-33f461105cb6857e,instalment_collection,2026-03-02T02:28:43.598+01:00,0,none,,background,
c-a350b77d03f4f785,instalment_collection,2026-03-02T02:29:06.224+01:00,0,none,,background,
c-70426711e1594ce1,instalment_collection,2026-03-02T02:30:13.231+01:00,0,none,,background,
c-ef9a067c35678fc5,instalment_collection,2026-03-02T02:30:31.872+01:00,0,none,,background,
c-e98d6f7f125fa0d8,instalment_collection,2026-03-02T02:30:42.058+01:00,0,none,,background,
c-d7e9388a6a769557,instalment_collection,2026-03-02T02:31:05.138+01:00,0,none,,background,
c-da56d2d0905ac7a8,instalment_collection,2026-03-02T02:31:10.760+01:00,0,none,,background,
c-f6bd3b44ba456066,instalment_collection,2026-03-02T02:31:34.198+01:00,0,none,,background,
c-dcb7f40fc6bce47d,instalment_collection,2026-03-02T02:31:56.835+01:00,0,none,,background,
c-6ce5bf8ac033e1d8,instalment_collection,2026-03-02T02:32:06.678+01:00,0,none,,background,
c-62782f452f2587bb,instalment_collection,2026-03-02T02:32:23.303+01:00,0,none,,background,
c-dffeb2311d11d1b9,instalment_collection,2026-03-02T02:32:33.445+01:00,0,none,,background,
c-ad0f321191360923,instalment_collection,2026-03-02T02:32:35.667+01:00,0,none,,background,
c-1d623fcb3a1a3e5a,instalment_collection,2026-03-02T02:32:43.929+01:00,0,none,,background,
c-1da59f0813a9b509,instalment_collection,2026-03-02T02:33:07.582+01:00,0,none,,background,
c-280c80a7ac2af042,instalment_collection,2026-03-02T02:33:47.179+01:00,0,none,,background,
c-040241b3b1e99747,instalment_collection,2026-03-02T02:34:36.564+01:00,0,none,,background,
c-9677f625726ced9d,instalment_collection,2026-03-02T02:34:44.409+01:00,0,none,,background,
c-d9658058acee34a0,instalment_collection,2026-03-02T02:34:53.763+01:00,0,none,,background,
c-91fa71cd176ccc91,instalment_collection,2026-03-02T02:34:56.570+01:00,0,none,,background,
c-1bc1b942dc4c9f0f,instalment_collection,2026-03-02T02:34:59.728+01:00,0,none,,background,
c-cc6a19e9d1639231,instalment_collection,2026-03-02T02:35:10.876+01:00,0,none,,background,
c-2f0b62f6e82e3b41,instalment_collection,2026-03-02T02:35:33.703+01:00,0,none,,background,
c-f5bb463357078c6d,instalment_collection,2026-03-02T02:35:45.825+01:00,0,none,,background,
c-f60a9b57f241f4e3,instalment_collection,2026-03-02T02:36:08.406+01:00,0,none,,background,
c-0a6a39cf9bdcabe0,instalment_collection,2026-03-02T02:36:08.805+01:00,0,none,,background,
c-a96f26f69f8738e8,instalment_collection,2026-03-02T02:36:10.600+01:00,0,none,,background,
c-dddbbadb4a0878ad,instalment_collection,2026-03-02T02:36:33.390+01:00,0,none,,background,
c-50539597eec4c2d4,instalment_collection,2026-03-02T02:36:40.305+01:00,0,none,,background,
c-fcd3df1617ba2356,instalment_collection,2026-03-02T02:36:47.074+01:00,0,none,,background,
c-ccdf8b92485885db,instalment_collection,2026-03-02T02:37:12.807+01:00,0,none,,background,
c-81de5f3b5e3f654f,instalment_collection,2026-03-02T02:38:09.050+01:00,0,none,,background,
c-97cdeb3f3900fadc,instalment_collection,2026-03-02T02:38:23.653+01:00,0,none,,background,
c-07fc44c08ef1e9c4,instalment_collection,2026-03-02T02:38:36.555+01:00,0,none,,background,
c-3020a4329c0dc9ef,instalment_collection,2026-03-02T02:38:57.602+01:00,0,none,,background,
c-7baa573d439523de,instalment_collection,2026-03-02T02:39:27.361+01:00,0,none,,background,
c-ba580daa48e9e720,instalment_collection,2026-03-02T02:39:37.386+01:00,0,none,,background,
c-c531c4accd02ddef,instalment_collection,2026-03-02T02:40:07.730+01:00,0,none,,background,
c-c7c2018f5dbefa1f,instalment_collection,2026-03-02T02:40:12.131+01:00,0,none,,background,
c-f2ac2d46dc3c193e,instalment_collection,2026-03-02T02:40:20.458+01:00,0,none,,background,
c-ed7f38d4a2f94c65,instalment_collection,2026-03-02T02:40:59.963+01:00,0,none,,background,
c-b27d39b79d238942,instalment_collection,2026-03-02T02:41:11.790+01:00,0,none,,background,
c-208c9eddc66d3639,instalment_collection,2026-03-02T02:41:13.595+01:00,0,none,,background,
c-2a037e6ee729d740,instalment_collection,2026-03-02T02:41:38.946+01:00,0,none,,background,
c-9ba9ecfa76789dc9,instalment_collection,2026-03-02T02:41:39.424+01:00,0,none,,background,
c-df88b3b09ff1f051,instalment_collection,2026-03-02T02:41:45.790+01:00,0,none,,background,
c-42971078dbc0e40e,instalment_collection,2026-03-02T02:41:46.396+01:00,0,none,,background,
c-08c7ba1655d28b9f,instalment_collection,2026-03-02T02:41:56.974+01:00,0,none,,background,
c-b19dcf013d41e515,instalment_collection,2026-03-02T02:42:03.512+01:00,0,none,,background,
c-563bf20b594ff46f,instalment_collection,2026-03-02T02:42:09.959+01:00,0,none,,background,
c-87bfdca12218be6b,instalment_collection,2026-03-02T02:42:50.782+01:00,0,none,,background,
c-a4a13d22bbc4c6f1,instalment_collection,2026-03-02T02:42:55.274+01:00,0,none,,background,
c-ab1a72833572fba1,instalment_collection,2026-03-02T02:43:21.756+01:00,0,none,,background,
c-ef975e7ef3a2833c,instalment_collection,2026-03-02T02:43:25.697+01:00,0,none,,background,
c-332442f52449c021,instalment_collection,2026-03-02T02:43:29.980+01:00,0,none,,background,
c-226ad27f93315484,instalment_collection,2026-03-02T02:43:32.590+01:00,0,none,,background,
c-742939448f737357,instalment_collection,2026-03-02T02:43:34.338+01:00,0,none,,background,
c-8fd529e3e4e55002,instalment_collection,2026-03-02T02:43:38.694+01:00,0,none,,background,
c-8812c91b04a7463f,instalment_collection,2026-03-02T02:43:58.122+01:00,0,none,,background,
c-0129aeee65cc16c0,instalment_collection,2026-03-02T02:44:01.413+01:00,0,none,,background,
c-7075f336cd939dde,instalment_collection,2026-03-02T02:44:30.648+01:00,0,none,,background,
c-1b63b4dc7505c181,instalment_collection,2026-03-02T02:44:32.370+01:00,0,none,,background,
c-584c7418d585928d,instalment_collection,2026-03-02T02:44:33.104+01:00,0,none,,background,
c-077c2c40bed1d228,instalment_collection,2026-03-02T02:44:38.801+01:00,0,none,,background,
c-365d2460385ac418,instalment_collection,2026-03-02T02:45:27.290+01:00,0,none,,background,
c-23a9bd30b866c319,instalment_collection,2026-03-02T02:45:34.981+01:00,0,none,,background,
c-618f39fb66f17960,instalment_collection,2026-03-02T02:45:42.969+01:00,0,none,,background,
c-db2d8d9810dbe3df,instalment_collection,2026-03-02T02:45:54.289+01:00,0,none,,background,
c-720543e241418633,instalment_collection,2026-03-02T02:45:59.481+01:00,0,none,,background,
c-05fe89ba96eeeec4,instalment_collection,2026-03-02T02:46:31.296+01:00,0,none,,background,
c-103ff93b280fa5b4,instalment_collection,2026-03-02T02:46:38.745+01:00,0,none,,background,
c-1cb4b9f91051dbce,instalment_collection,2026-03-02T02:47:02.077+01:00,0,none,,background,
c-6710fddeff49fa8a,instalment_collection,2026-03-02T02:47:19.981+01:00,0,none,,background,
c-a59f85b6422610d1,instalment_collection,2026-03-02T02:47:29.106+01:00,0,none,,background,
c-fae52c4005bd2bb6,instalment_collection,2026-03-02T02:47:39.078+01:00,0,none,,background,
c-e42501565486c35e,instalment_collection,2026-03-02T02:48:02.093+01:00,0,none,,background,
c-4f3c3a6612434ecf,instalment_collection,2026-03-02T02:48:51.720+01:00,0,none,,background,
c-4383bef6d643b34c,instalment_collection,2026-03-02T02:49:01.477+01:00,0,none,,background,
c-d4b084a1edd95cba,instalment_collection,2026-03-02T02:49:14.785+01:00,1,truncated,3,background,
c-253166e55162bbfd,instalment_collection,2026-03-02T02:49:24.797+01:00,0,none,,background,
c-7b08b79808fcf627,instalment_collection,2026-03-02T02:50:17.726+01:00,0,none,,background,
c-f7092447ff94c596,instalment_collection,2026-03-02T02:50:23.735+01:00,0,none,,background,
c-cb4fa7ec96ea220c,instalment_collection,2026-03-02T02:51:39.970+01:00,0,none,,background,
c-4fc938478de0326c,instalment_collection,2026-03-02T02:52:17.883+01:00,0,none,,background,
c-23d24e50e77bfe20,instalment_collection,2026-03-02T02:52:19.623+01:00,0,none,,background,
c-19d0269cf0dc92b1,instalment_collection,2026-03-02T02:52:55.033+01:00,0,none,,background,
c-31ca6e84bc8a6db0,instalment_collection,2026-03-02T02:53:00.909+01:00,0,none,,background,
c-58e8f287432bd5ad,instalment_collection,2026-03-02T02:53:32.777+01:00,0,none,,background,
c-579765f3b7cc3c02,instalment_collection,2026-03-02T02:53:34.628+01:00,0,none,,background,
c-24a439365f54f476,instalment_collection,2026-03-02T02:53:50.631+01:00,0,none,,background,
c-08f2df459ec650d6,instalment_collection,2026-03-02T02:53:57.998+01:00,0,none,,background,
c-f4a8cc01aebe96e2,instalment_collection,2026-03-02T02:53:59.807+01:00,0,none,,background,
c-cddf48d1ae1b490d,instalment_collection,2026-03-02T02:54:05.387+01:00,0,none,,background,
c-32d6dbff55f19f40,instalment_collection,2026-03-02T02:54:17.408+01:00,0,none,,background,
c-cd42a92f817a14ec,instalment_collection,2026-03-02T02:54:21.680+01:00,0,none,,background,
c-f4884e64dc487972,instalment_collection,2026-03-02T02:54:23.829+01:00,0,none,,background,
c-084aa13297ff75cd,instalment_collection,2026-03-02T02:54:28.124+01:00,0,none,,background,
c-70c9abd3431bafc9,instalment_collection,2026-03-02T02:54:28.214+01:00,0,none,,background,
c-8162aad2f5540201,instalment_collection,2026-03-02T02:54:29.752+01:00,0,none,,background,
c-3dd41e0f7dd96f21,instalment_collection,2026-03-02T02:54:34.381+01:00,0,none,,background,
c-8336962b85dbfc6a,instalment_collection,2026-03-02T02:55:02.383+01:00,0,none,,background,
c-d1e64e5a9aa1ff97,instalment_collection,2026-03-02T02:55:38.489+01:00,0,none,,background,
c-33d404c7a25431fa,instalment_collection,2026-03-02T02:56:04.636+01:00,0,none,,background,
c-28b32ea1ac3483f6,instalment_collection,2026-03-02T02:56:05.812+01:00,0,none,,background,
c-88ddc07a0d9d726e,instalment_collection,2026-03-02T02:56:33.738+01:00,0,none,,background,
c-25af406aead498b0,instalment_collection,2026-03-02T02:56:59.415+01:00,0,none,,background,
c-4f350e7547b3691b,instalment_collection,2026-03-02T02:57:17.291+01:00,0,none,,background,
c-68bea072d67bccc5,instalment_collection,2026-03-02T02:57:20.814+01:00,0,none,,background,
c-d0779a1f2c5859da,instalment_collection,2026-03-02T02:58:28.950+01:00,0,none,,background,
c-0de4374495762e92,instalment_collection,2026-03-02T02:58:49.286+01:00,0,none,,background,
c-b868eb5a01682323,instalment_collection,2026-03-02T02:58:55.803+01:00,0,none,,background,
c-c70d0d83dfd18260,instalment_collection,2026-03-02T02:59:18.283+01:00,0,none,,background,
c-429773d1e5a05b2e,instalment_collection,2026-03-02T03:00:41.876+01:00,0,none,,background,
c-2906a4e245e29c89,instalment_collection,2026-03-02T03:00:56.070+01:00,0,none,,background,
c-1f94a2629d7bb0ae,instalment_collection,2026-03-02T03:01:07.021+01:00,0,none,,background,
c-9f23adcddb6f1aae,instalment_collection,2026-03-02T03:01:49.797+01:00,0,none,,background,
c-f74d7161492a7a7e,instalment_collection,2026-03-02T03:02:08.346+01:00,0,none,,background,
c-daa02e6f06fec441,instalment_collection,2026-03-02T03:02:11.603+01:00,0,none,,background,
c-480214b9a5c79a37,instalment_collection,2026-03-02T03:02:12.199+01:00,0,none,,background,
c-3e52199554b68ae8,instalment_collection,2026-03-02T03:02:40.593+01:00,1,wrong_order,4,background,
c-536015c691ff52a9,instalment_collection,2026-03-02T03:02:44.032+01:00,0,none,,background,
c-384b8270c18ca742,instalment_collection,2026-03-02T03:03:04.584+01:00,0,none,,background,
c-fbf232733919c616,instalment_collection,2026-03-02T03:03:14.186+01:00,0,none,,background,
c-acd3a87841df739d,instalment_collection,2026-03-02T03:03:19.387+01:00,0,none,,background,
c-186482e260249684,instalment_collection,2026-03-02T03:03:50.488+01:00,0,none,,background,
c-c7290562d28d0f73,instalment_collection,2026-03-02T03:03:53.010+01:00,0,none,,background,
c-ea9c126113860e82,instalment_collection,2026-03-02T03:04:06.407+01:00,0,none,,background,
c-43c6583661ec5f47,instalment_collection,2026-03-02T03:04:12.574+01:00,0,none,,background,
c-e3d6bb06e5461386,instalment_collection,2026-03-02T03:04:25.328+01:00,0,none,,background,
c-4a7cf2620cc01ffe,instalment_collection,2026-03-02T03:05:14.871+01:00,0,none,,background,
c-30603ec2dbec9efc,instalment_collection,2026-03-02T03:05:46.444+01:00,0,none,,background,
c-24b4fa0d2b9451ad,instalment_collection,2026-03-02T03:06:14.502+01:00,0,none,,background,
c-e0e7ce30149c3af3,instalment_collection,2026-03-02T03:06:25.537+01:00,0,none,,background,
c-f1f867348295c20a,instalment_collection,2026-03-02T03:06:47.492+01:00,0,none,,background,
c-aa9c1e11aa4967d1,instalment_collection,2026-03-02T03:07:33.223+01:00,0,none,,background,
c-44e6028ab75bb58f,instalment_collection,2026-03-02T03:08:14.884+01:00,0,none,,background,
c-193dc770332f0095,instalment_collection,2026-03-02T03:08:47.628+01:00,0,none,,background,
c-d955eab8673757a4,instalment_collection,2026-03-02T03:09:05.670+01:00,0,none,,background,
c-16112a620840d4a0,instalment_collection,2026-03-02T03:10:37.955+01:00,0,none,,background,
c-5c25caf31e13bf3b,instalment_collection,2026-03-02T03:10:39.715+01:00,0,none,,background,
c-d4a97973b19d75fb,instalment_collection,2026-03-02T03:11:13.648+01:00,0,none,,background,
c-8d140d0a171c44d8,instalment_collection,2026-03-02T03:11:52.407+01:00,0,none,,background,
c-8900a9e6697828c5,instalment_collection,2026-03-02T03:12:48.916+01:00,0,none,,background,
c-d708a52aeab9b35f,instalment_collection,2026-03-02T03:12:52.890+01:00,0,none,,background,
c-20ef11ccf1c8169d,instalment_collection,2026-03-02T03:13:24.214+01:00,0,none,,background,
c-a50b8a89a5f64b44,instalment_collection,2026-03-02T03:13:40.856+01:00,0,none,,background,
c-ffbc1e7178daff31,instalment_collection,2026-03-02T03:13:59.458+01:00,0,none,,background,
c-a5caa77f2a3798a1,instalment_collection,2026-03-02T03:14:43.404+01:00,0,none,,background,
c-aba1ccf241ad907e,instalment_collection,2026-03-02T03:15:51.396+01:00,0,none,,background,
c-bb70d4201f699e7d,instalment_collection,2026-03-02T03:16:57.634+01:00,0,none,,background,
c-cdec624e13d3df63,instalment_collection,2026-03-02T03:19:30.468+01:00,0,none,,background,
c-ec87d40f44e4fc9f,instalment_collection,2026-03-02T03:20:07.711+01:00,0,none,,background,
c-50efacd59d003f8e,instalment_collection,2026-03-02T03:20:22.381+01:00,0,none,,background,
c-f471ff80048d84f0,instalment_collection,2026-03-02T03:20:52.718+01:00,0,none,,background,
c-e87acf010fba3525,instalment_collection,2026-03-02T03:22:31.878+01:00,0,none,,background,
c-e8f1483647492f65,instalment_collection,2026-03-02T03:28:20.396+01:00,0,none,,background,
c-1018a109fff1384e,mortgage_application,2026-03-02T08:06:14.355+01:00,0,none,,background,
c-9a3c643ee2f6ecd2,loan_conversion_quote,2026-03-02T08:19:34.691+01:00,0,none,,background,
c-d18b4ef05f8a7700,loan_conversion_quote,2026-03-02T08:34:38.064+01:00,0,none,,background,
c-c04459e04d9cb308,loan_conversion_quote,2026-03-02T08:45:25.687+01:00,0,none,,background,
c-b022b67bd44912cb,loan_conversion_quote,2026-03-02T09:08:11.052+01:00,0,none,,background,
c-025692d4cb1019ab,mortgage_application,2026-03-02T09:08:14.284+01:00,0,none,,background,
c-4f4529dc97bac6cb,loan_conversion_quote,2026-03-02T09:09:50.865+01:00,0,none,,background,
c-d3e534eab415602b,mortgage_application,2026-03-02T09:10:05.470+01:00,0,none,,background,
c-442a5cd15c9d52d9,mortgage_application,2026-03-02T09:10:47.404+01:00,0,none,,background,
c-324e0ad0755b0892,loan_conversion_quote,2026-03-02T09:12:39.304+01:00,0,none,,background,
c-96f922f662a7b05a,disbursement,2026-03-02T09:13:47.028+01:00,0,none,,background,
c-b815a15d13f95a01,loan_conversion_quote,2026-03-02T09:16:27.777+01:00,0,none,,background,
c-b609db2d6102a928,mortgage_application,2026-03-02T09:19:16.803+01:00,0,none,,background,
c-cb935b4e1b05db51,mortgage_application,2026-03-02T09:19:23.581+01:00,0,none,,background,
c-b454e94dfc1035fd,loan_conversion_quote,2026-03-02T09:21:00.224+01:00,0,none,,background,
c-d182045e8ac125a5,loan_conversion_quote,2026-03-02T09:23:35.088+01:00,0,none,,background,
c-f3cb903149194ad9,mortgage_application,2026-03-02T09:27:06.435+01:00,0,none,,background,
c-c2c2b66decdcd463,mortgage_application,2026-03-02T09:27:52.004+01:00,0,none,,background,
c-7b65ddc2463923c8,mortgage_application,2026-03-02T09:28:23.929+01:00,0,none,,background,
c-4bacea83c7304c16,loan_conversion_quote,2026-03-02T09:32:07.158+01:00,0,none,,background,
c-ce688d2a7f66ff9f,disbursement,2026-03-02T09:33:54.272+01:00,0,none,,background,
c-4594a41c28c4096b,loan_conversion_quote,2026-03-02T09:35:39.281+01:00,0,none,,background,
c-6e40a9fa0b279243,loan_conversion_quote,2026-03-02T09:39:04.024+01:00,0,none,,background,
c-74e4d02192dd446c,mortgage_application,2026-03-02T09:40:58.539+01:00,0,none,,background,
c-391537b3e7eff453,loan_conversion_quote,2026-03-02T09:46:00.742+01:00,0,none,,background,
c-34d621d0edd87f70,mortgage_application,2026-03-02T09:48:40.767+01:00,0,none,,background,
c-c3d009a6e6a5ffdb,mortgage_application,2026-03-02T09:51:14.402+01:00,0,none,,background,
c-937ed2de0e39d250,mortgage_application,2026-03-02T09:51:48.080+01:00,0,none,,background,
c-01b44c275df81e80,mortgage_application,2026-03-02T09:52:56.018+01:00,0,none,,background,
c-352aa60197538021,mortgage_application,2026-03-02T09:53:42.807+01:00,0,none,,background,
c-5b8d9538cc9b1d8d,disbursement,2026-03-02T09:55:21.718+01:00,0,none,,background,
c-f340e58505d26458,mortgage_application,2026-03-02T09:59:28.095+01:00,0,none,,background,
c-397c414b0b6fe4ca,mortgage_application,2026-03-02T10:05:43.438+01:00,0,none,,background,
c-88acc9f15e60f238,mortgage_application,2026-03-02T10:06:27.658+01:00,0,none,,background,
c-efc1bebd6ca479d7,disbursement,2026-03-02T10:09:57.184+01:00,0,none,,background,
c-92020e18320fc0cc,loan_conversion_quote,2026-03-02T10:10:35.334+01:00,0,none,,background,
c-c8f51e9911ba5154,mortgage_application,2026-03-02T10:11:08.412+01:00,0,none,,background,
c-3b0a45fb909ce282,mortgage_application,2026-03-02T10:15:30.173+01:00,0,none,,background,
c-3c9945604afe9bde,loan_conversion_quote,2026-03-02T10:16:42.831+01:00,0,none,,background,
c-9bab0bff6820abc2,mortgage_application,2026-03-02T10:16:54.766+01:00,0,none,,background,
c-363c7e49a43a8327,mortgage_application,2026-03-02T10:18:38.215+01:00,0,none,,background,
c-aab8f3deee3cf6ae,loan_conversion_quote,2026-03-02T10:19:19.591+01:00,0,none,,background,
c-5dea59f7b076b171,disbursement,2026-03-02T10:20:23.300+01:00,0,none,,background,
c-0d65753e753dfb00,mortgage_application,2026-03-02T10:23:33.102+01:00,0,none,,background,
c-0906b07939b1d540,loan_conversion_quote,2026-03-02T10:26:11.663+01:00,0,none,,background,
c-4e830afa47f48d57,mortgage_application,2026-03-02T10:26:32.034+01:00,0,none,,background,
c-a098b8bb2a1ac0c3,loan_conversion_quote,2026-03-02T10:28:15.147+01:00,0,none,,background,
c-5e74e8287f530896,mortgage_application,2026-03-02T10:28:46.612+01:00,0,none,,background,
c-576ae2ac95be1968,mortgage_application,2026-03-02T10:30:25.240+01:00,0,none,,background,
c-622878f583e01416,mortgage_application,2026-03-02T10:31:13.956+01:00,0,none,,background,
c-b26e09dbda26399f,disbursement,2026-03-02T10:37:12.114+01:00,0,none,,background,
c-4a83eef1686a51df,loan_conversion_quote,2026-03-02T10:37:23.556+01:00,0,none,,background,
c-e90720adf0f15502,loan_conversion_quote,2026-03-02T10:39:27.388+01:00,0,none,,background,
c-093dd7aa8bffa109,loan_conversion_quote,2026-03-02T10:39:36.685+01:00,0,none,,background,
c-777f8117a9fd6d7c,loan_conversion_quote,2026-03-02T10:41:36.288+01:00,0,none,,background,
c-2bcaa24960ea7089,mortgage_application,2026-03-02T10:44:40.151+01:00,0,none,,background,
c-11f6f1fa0586b9c5,mortgage_application,2026-03-02T10:44:49.228+01:00,0,none,,background,
c-fbeb9809b701ee10,mortgage_application,2026-03-02T10:45:37.105+01:00,0,none,,background,
c-1a2b8be7675589fe,disbursement,2026-03-02T10:48:32.804+01:00,0,none,,background,
c-504bff7041ccaf7d,loan_conversion_quote,2026-03-02T10:49:14.900+01:00,0,none,,background,
c-65d3da4f983afbc2,mortgage_application,2026-03-02T10:50:43.132+01:00,0,none,,background,
c-dbd3b78f620d995d,mortgage_application,2026-03-02T10:50:43.552+01:00,0,none,,background,
c-39fe3a48e70e5e0e,loan_conversion_quote,2026-03-02T10:50:48.276+01:00,0,none,,background,
c-2988265e26125ecd,loan_conversion_quote,2026-03-02T10:52:08.525+01:00,0,none,,background,
c-fb85c675f95da9b1,mortgage_application,2026-03-02T10:52:37.352+01:00,0,none,,background,
c-6116ece48563018e,disbursement,2026-03-02T10:53:31.004+01:00,0,none,,background,
c-ecbd7a49073356c4,loan_conversion_quote,2026-03-02T10:55:32.711+01:00,0,none,,background,
c-1dd647f7e05baaaf,loan_conversion_quote,2026-03-02T10:58:45.497+01:00,0,none,,background,
c-cd689035b95baceb,mortgage_application,2026-03-02T11:00:20.538+01:00,0,none,,background,
c-5bac8924b59969ca,disbursement,2026-03-02T11:01:39.137+01:00,0,none,,background,
c-acb6daad11c5355b,disbursement,2026-03-02T11:02:40.419+01:00,0,none,,background,
c-05fb3559cfa71151,disbursement,2026-03-02T11:03:04.059+01:00,0,none,,background,
c-91214907728d3726,mortgage_application,2026-03-02T11:03:58.737+01:00,0,none,,background,
c-1976f60cad0392c3,mortgage_application,2026-03-02T11:05:36.440+01:00,0,none,,background,
c-c8ec988b5093e4a2,mortgage_application,2026-03-02T11:05:38.396+01:00,0,none,,background,
c-8c056d9cbd274005,loan_conversion_quote,2026-03-02T11:06:40.014+01:00,0,none,,background,
c-7c5f09f615baecfe,mortgage_application,2026-03-02T11:09:14.344+01:00,0,none,,background,
c-49ff3bad7327654f,loan_conversion_quote,2026-03-02T11:09:28.783+01:00,0,none,,background,
c-214caad2d1b5e1bf,disbursement,2026-03-02T11:11:02.626+01:00,0,none,,background,
c-38e2336ab00edf49,mortgage_application,2026-03-02T11:11:16.003+01:00,0,none,,background,
c-3631eb3e2da5184e,mortgage_application,2026-03-02T11:12:12.237+01:00,0,none,,background,
c-2c58c4952941525b,loan_conversion_quote,2026-03-02T11:13:15.619+01:00,0,none,,background,
c-e1f7f301b8904d5c,mortgage_application,2026-03-02T11:13:39.554+01:00,0,none,,background,
c-e441a41a4e755a9a,loan_conversion_quote,2026-03-02T11:14:44.549+01:00,0,none,,background,
c-ce5b58bb0ba75b18,mortgage_application,2026-03-02T11:15:03.709+01:00,0,none,,background,
c-3bad6666565fc3c8,loan_conversion_quote,2026-03-02T11:15:14.355+01:00,0,none,,background,
c-477d720c05f1f222,mortgage_application,2026-03-02T11:16:14.047+01:00,0,none,,background,
c-57cc0c4c3ffedc96,disbursement,2026-03-02T11:17:20.655+01:00,0,none,,background,
c-e2c8fa89a142d652,loan_conversion_quote,2026-03-02T11:17:27.673+01:00,0,none,,background,
c-8d6978bcb4364e0a,disbursement,2026-03-02T11:17:32.567+01:00,0,none,,background,
c-f978834440c2e920,mortgage_application,2026-03-02T11:18:45.151+01:00,0,none,,background,
c-ffc71bcac9807635,loan_conversion_quote,2026-03-02T11:20:06.767+01:00,0,none,,background,
c-f9b8481a6eff7690,mortgage_application,2026-03-02T11:21:28.396+01:00,0,none,,background,
c-101a462526470bf8,loan_conversion_quote,2026-03-02T11:22:02.297+01:00,0,none,,background,
c-0491b0e06e852dfa,mortgage_application,2026-03-02T11:25:20.490+01:00,0,none,,background,
c-13212d618bb550f9,mortgage_application,2026-03-02T11:26:05.519+01:00,0,none,,background,
c-961e78c678837ed3,loan_conversion_quote,2026-03-02T11:29:04.843+01:00,0,none,,background,
c-7d9476c45d84c8d0,mortgage_application,2026-03-02T11:29:38.817+01:00,0,none,,background,
c-674dc437a1f0376f,mortgage_application,2026-03-02T11:29:39.929+01:00,0,none,,background,
c-0710dc0ceac402be,mortgage_application,2026-03-02T11:29:47.888+01:00,0,none,,background,
c-5a78094ab1002dbc,mortgage_application,2026-03-02T11:30:14.166+01:00,0,none,,background,
c-dc2ca0c1e9874059,mortgage_application,2026-03-02T11:32:18.899+01:00,0,none,,background,
c-a879f366faa90b86,mortgage_application,2026-03-02T11:33:00.867+01:00,0,none,,background,
c-f8b90b09428c2386,mortgage_application,2026-03-02T11:33:40.383+01:00,0,none,,background,
c-ac8739bc474f7cda,mortgage_application,2026-03-02T11:37:27.191+01:00,0,none,,background,
c-5ae875410c9a7bf3,mortgage_application,2026-03-02T11:39:49.385+01:00,0,none,,background,
c-cefa00b06a295d62,loan_conversion_quote,2026-03-02T11:40:35.182+01:00,0,none,,background,
c-80917c0b57819718,loan_conversion_quote,2026-03-02T11:42:12.878+01:00,0,none,,background,
c-41d4b471df5c3421,mortgage_application,2026-03-02T11:44:38.421+01:00,0,none,,background,
c-2db87ccca8955539,disbursement,2026-03-02T11:45:51.428+01:00,0,none,,background,
c-205c9dabd0dbbcb9,loan_conversion_quote,2026-03-02T11:50:55.734+01:00,0,none,,background,
c-dc76a30dfc0f1c86,loan_conversion_quote,2026-03-02T11:53:51.977+01:00,0,none,,background,
c-8aa332ceaea91fef,mortgage_application,2026-03-02T11:54:27.053+01:00,0,none,,background,
c-b41d20c951d0a257,loan_conversion_quote,2026-03-02T11:57:31.711+01:00,0,none,,background,
c-311159a7dfb62bab,mortgage_application,2026-03-02T11:57:49.958+01:00,0,none,,background,
c-2fdd9883d338c645,mortgage_application,2026-03-02T11:57:57.687+01:00,0,none,,background,
c-ec0c56b2a97aad18,mortgage_application,2026-03-02T11:58:08.884+01:00,0,none,,background,
c-2d0188c25aaa8023,disbursement,2026-03-02T12:01:01.310+01:00,0,none,,background,
c-3a2a89f3b301cfbd,mortgage_application,2026-03-02T12:01:51.895+01:00,0,none,,background,
c-d9f4a4f3881b19dd,mortgage_application,2026-03-02T12:02:43.587+01:00,0,none,,background,
c-d87901c8433efa28,mortgage_application,2026-03-02T12:03:20.896+01:00,0,none,,background,
c-a25999ff12968c79,loan_conversion_quote,2026-03-02T12:04:56.536+01:00,0,none,,background,
c-002c7c26852e918c,mortgage_application,2026-03-02T12:06:11.759+01:00,0,none,,background,
c-34f402772a17d0af,mortgage_application,2026-03-02T12:06:54.724+01:00,0,none,,background,
c-8ec51bd292bb66fc,mortgage_application,2026-03-02T12:07:28.712+01:00,0,none,,background,
c-cbaf43d69e796545,loan_conversion_quote,2026-03-02T12:08:56.564+01:00,0,none,,background,
c-22af45f5a5ff5f5a,disbursement,2026-03-02T12:12:07.984+01:00,0,none,,background,
c-6c10176cb1ea401c,loan_conversion_quote,2026-03-02T12:12:59.617+01:00,0,none,,background,
c-b5b1224121ca99f4,mortgage_application,2026-03-02T12:13:05.152+01:00,0,none,,background,
c-f7289ebc2f21f3d0,mortgage_application,2026-03-02T12:15:54.259+01:00,0,none,,background,
c-6806c53673602de7,mortgage_application,2026-03-02T12:16:04.520+01:00,0,none,,background,
c-85a8de9ea66aa64f,mortgage_application,2026-03-02T12:16:35.090+01:00,0,none,,background,
c-d5f5b997c415a726,mortgage_application,2026-03-02T12:17:20.525+01:00,0,none,,background,
c-3141a0c9d356131f,mortgage_application,2026-03-02T12:19:37.314+01:00,0,none,,background,
c-a562e89fb8fd99b3,mortgage_application,2026-03-02T12:19:55.782+01:00,0,none,,background,
c-f1714fdf3e81dcc7,mortgage_application,2026-03-02T12:20:17.549+01:00,0,none,,background,
c-41365825fac4f744,disbursement,2026-03-02T12:20:23.533+01:00,0,none,,background,
c-00a3bd74adee4b7c,mortgage_application,2026-03-02T12:20:50.571+01:00,0,none,,background,
c-b784d1eb5dc7d8dc,mortgage_application,2026-03-02T12:21:36.307+01:00,0,none,,background,
c-112107ac2c1a459e,mortgage_application,2026-03-02T12:21:48.687+01:00,0,none,,background,
c-41653da3c45b7ffa,mortgage_application,2026-03-02T12:24:21.246+01:00,0,none,,background,
c-bf6b69da67bbc856,mortgage_application,2026-03-02T12:25:25.961+01:00,0,none,,background,
c-463bf7549a38a2b5,mortgage_application,2026-03-02T12:25:48.014+01:00,0,none,,background,
c-c4c4641cfb429f10,loan_conversion_quote,2026-03-02T12:25:54.758+01:00,0,none,,background,
c-a737216bcd43e120,mortgage_application,2026-03-02T12:28:14.334+01:00,0,none,,background,
c-0d41adad3f91c94f,mortgage_application,2026-03-02T12:32:35.063+01:00,0,none,,background,
c-ca3b55ebf6003565,loan_conversion_quote,2026-03-02T12:33:11.881+01:00,0,none,,background,
c-3c9643a5609be898,mortgage_application,2026-03-02T12:34:32.602+01:00,0,none,,background,
c-e39416d6b5dfe200,loan_conversion_quote,2026-03-02T12:35:28.044+01:00,0,none,,background,
c-ee044656860ebe05,loan_conversion_quote,2026-03-02T12:35:54.199+01:00,0,none,,background,
c-83ac2baa4f1defa9,mortgage_application,2026-03-02T12:35:59.579+01:00,0,none,,background,
c-2a4f95df7f9bfa93,mortgage_application,2026-03-02T12:36:05.830+01:00,0,none,,background,
c-8116654aa7abe2c2,mortgage_application,2026-03-02T12:36:06.002+01:00,0,none,,background,
c-be064e0fe93bb9df,mortgage_application,2026-03-02T12:36:51.957+01:00,0,none,,background,
c-00f244915bdd727e,mortgage_application,2026-03-02T12:39:36.514+01:00,0,none,,background,
c-fc9abc5805226a98,mortgage_application,2026-03-02T12:39:46.461+01:00,0,none,,background,
c-eaf8e4a5de66db1b,mortgage_application,2026-03-02T12:41:00.745+01:00,0,none,,background,
c-e54cdd4b2ef3bc46,mortgage_application,2026-03-02T12:41:55.857+01:00,0,none,,background,
c-c70ff0f9096d3dea,mortgage_application,2026-03-02T12:42:39.535+01:00,0,none,,background,
c-e1ef020bef4a7f40,loan_conversion_quote,2026-03-02T12:43:14.246+01:00,0,none,,background,
c-c1bf3c554a541117,loan_conversion_quote,2026-03-02T12:43:26.352+01:00,0,none,,background,
c-2af4442c2cd17d06,mortgage_application,2026-03-02T12:44:08.815+01:00,0,none,,background,
c-044caa1f95f2d31d,mortgage_application,2026-03-02T12:44:26.283+01:00,0,none,,background,
c-f6e6bc9964efd1ca,mortgage_application,2026-03-02T12:44:32.922+01:00,0,none,,background,
c-b621909ec4c47d25,disbursement,2026-03-02T12:45:56.110+01:00,0,none,,background,
c-5f817616b7dcadff,loan_conversion_quote,2026-03-02T12:48:09.367+01:00,0,none,,background,
c-3b4712dafe7eec9e,disbursement,2026-03-02T12:48:28.094+01:00,0,none,,background,
c-e603c74f6e49aab7,mortgage_application,2026-03-02T12:49:09.035+01:00,0,none,,background,
c-65efc95beb4f3ef4,mortgage_application,2026-03-02T12:51:55.020+01:00,0,none,,background,
c-b0a63800bafd6260,mortgage_application,2026-03-02T12:52:37.481+01:00,0,none,,background,
c-e0ec117ff6c05f96,loan_conversion_quote,2026-03-02T12:54:01.532+01:00,0,none,,background,
c-2e9401391d8ae8cb,disbursement,2026-03-02T12:54:16.321+01:00,0,none,,background,
c-c10acf4416cf9793,mortgage_application,2026-03-02T12:54:26.829+01:00,0,none,,background,
c-e6431ab19fe77c0d,mortgage_application,2026-03-02T12:54:37.967+01:00,0,none,,background,
c-bf1d03138e5973a1,mortgage_application,2026-03-02T12:55:08.689+01:00,0,none,,background,
c-451c0f6a3816faa2,mortgage_application,2026-03-02T12:56:03.090+01:00,0,none,,background,
c-899c59be1f52485e,loan_conversion_quote,2026-03-02T12:56:30.546+01:00,0,none,,background,
c-ad6561fc0597dea7,mortgage_application,2026-03-02T12:57:49.140+01:00,0,none,,background,
c-90d3438486954f10,mortgage_application,2026-03-02T12:58:38.798+01:00,0,none,,background,
c-a68c0ee21f20481d,loan_conversion_quote,2026-03-02T13:00:08.667+01:00,0,none,,background,
c-d99e2cfef4ec547d,mortgage_application,2026-03-02T13:00:10.410+01:00,0,none,,background,
c-8ee8da22d8ca838a,mortgage_application,2026-03-02T13:00:11.841+01:00,0,none,,background,
c-9b731d9a538f388a,mortgage_application,2026-03-02T13:03:32.690+01:00,0,none,,background,
c-94f74dcb9881618a,mortgage_application,2026-03-02T13:04:56.045+01:00,0,none,,background,
c-92f20eb72c450d18,mortgage_application,2026-03-02T13:05:07.601+01:00,0,none,,background,
c-c58b76ab7923f0ba,loan_conversion_quote,2026-03-02T13:05:19.330+01:00,0,none,,background,
c-fa76d3c3c711a115,mortgage_application,2026-03-02T13:05:45.939+01:00,0,none,,background,
c-4b8eaaa7b0433f1f,mortgage_application,2026-03-02T13:07:34.401+01:00,0,none,,background,
c-806d1dcdb53a7b7b,mortgage_application,2026-03-02T13:08:14.088+01:00,0,none,,background,
c-3c2cbd3d568b2b37,loan_conversion_quote,2026-03-02T13:08:45.361+01:00,0,none,,background,
c-0bf6b69cdd9d5dcd,mortgage_application,2026-03-02T13:10:02.402+01:00,0,none,,background,
c-ce3b10dce18263fc,mortgage_application,2026-03-02T13:11:43.885+01:00,0,none,,background,
c-c94e7f62aadd12fe,mortgage_application,2026-03-02T13:15:00.359+01:00,0,none,,background,
c-c04599472b66ee3e,loan_conversion_quote,2026-03-02T13:15:14.215+01:00,0,none,,background,
c-0075ba7aaa33d4e5,mortgage_application,2026-03-02T13:17:04.489+01:00,0,none,,background,
c-8de4e202c765ba5c,mortgage_application,2026-03-02T13:17:50.838+01:00,0,none,,background,
c-e693e53da59adc3e,loan_conversion_quote,2026-03-02T13:18:36.299+01:00,0,none,,background,
c-15ae592c311d63f9,loan_conversion_quote,2026-03-02T13:19:00.752+01:00,0,none,,background,
c-ba56f5e1e2fdf0d8,mortgage_application,2026-03-02T13:19:25.480+01:00,0,none,,background,
c-e01cd439ab70d03d,mortgage_application,2026-03-02T13:20:07.477+01:00,0,none,,background,
c-9c393f8d3dc057dc,loan_conversion_quote,2026-03-02T13:26:08.091+01:00,0,none,,background,
c-cb861d9469fe1d36,loan_conversion_quote,2026-03-02T13:26:11.009+01:00,0,none,,background,
c-1d2502608eeffb86,mortgage_application,2026-03-02T13:26:20.495+01:00,0,none,,background,
c-fa32da63f490a505,loan_conversion_quote,2026-03-02T13:26:32.478+01:00,0,none,,background,
c-3a584208d74fb0c6,mortgage_application,2026-03-02T13:26:38.063+01:00,0,none,,background,
c-88ee141f90e54c6c,disbursement,2026-03-02T13:28:03.611+01:00,0,none,,background,
c-5ea5463acb326cc6,mortgage_application,2026-03-02T13:28:50.569+01:00,0,none,,background,
c-de9a10341ea09584,loan_conversion_quote,2026-03-02T13:28:57.742+01:00,0,none,,background,
c-efec85be00acd7c8,loan_conversion_quote,2026-03-02T13:29:48.125+01:00,0,none,,background,
c-4a94d7fdbb53e577,loan_conversion_quote,2026-03-02T13:30:08.164+01:00,0,none,,background,
c-ff857f81a547515a,loan_conversion_quote,2026-03-02T13:30:39.944+01:00,0,none,,background,
c-0aacbe063a10d668,disbursement,2026-03-02T13:31:24.361+01:00,0,none,,background,
c-97900bfc02a0bae9,mortgage_application,2026-03-02T13:33:04.437+01:00,0,none,,background,
c-c5095453ae796dd8,mortgage_application,2026-03-02T13:34:24.545+01:00,0,none,,background,
c-5eef72f84b162451,disbursement,2026-03-02T13:34:32.888+01:00,0,none,,background,
c-9ac9788a3fe77bab,mortgage_application,2026-03-02T13:39:03.477+01:00,0,none,,background,
c-27346aa1036144b8,loan_conversion_quote,2026-03-02T13:40:56.666+01:00,0,none,,background,
c-0923e96ba57db6bd,loan_conversion_quote,2026-03-02T13:43:12.851+01:00,0,none,,background,
c-16c4950f27b39883,mortgage_application,2026-03-02T13:44:03.376+01:00,0,none,,background,
c-c6c2437ecd19573b,disbursement,2026-03-02T13:44:57.493+01:00,0,none,,background,
c-7b9db88e1d9ce6d3,mortgage_application,2026-03-02T13:45:05.163+01:00,0,none,,background,
c-be1cf24dd8c62685,mortgage_application,2026-03-02T13:46:56.167+01:00,0,none,,background,
c-5d092c0b2d7056f2,mortgage_application,2026-03-02T13:49:17.666+01:00,0,none,,background,
c-ebfdf5f27e35f482,mortgage_application,2026-03-02T13:50:05.614+01:00,0,none,,background,
c-4456c87089db3499,disbursement,2026-03-02T13:51:38.972+01:00,0,none,,background,
c-7bec0e26b9543666,loan_conversion_quote,2026-03-02T13:51:48.607+01:00,0,none,,background,
c-fd9f38d2e0995672,mortgage_application,2026-03-02T13:52:07.130+01:00,0,none,,background,
c-5b3418e00bb5649e,mortgage_application,2026-03-02T13:52:17.574+01:00,0,none,,background,
c-6dfb8293c6c950b9,mortgage_application,2026-03-02T13:52:19.255+01:00,0,none,,background,
c-10c69f2baa551f56,disbursement,2026-03-02T13:52:19.269+01:00,0,none,,background,
c-8aa2be833f547d4d,mortgage_application,2026-03-02T13:56:56.476+01:00,0,none,,background,
c-3a355415127be85f,loan_conversion_quote,2026-03-02T13:56:58.076+01:00,0,none,,background,
c-dfc0ef222c119204,mortgage_application,2026-03-02T13:57:32.520+01:00,0,none,,background,
c-39e94a2ffbe78f16,mortgage_application,2026-03-02T13:59:24.211+01:00,0,none,,background,
c-1358c52189cc52fd,loan_conversion_quote,2026-03-02T14:04:17.936+01:00,0,none,,background,
c-c3c3630edc2690d1,loan_conversion_quote,2026-03-02T14:04:58.200+01:00,0,none,,background,
c-a143c4c17b1e28ad,mortgage_application,2026-03-02T14:05:07.315+01:00,0,none,,background,
c-8212e02b7fb09afd,mortgage_application,2026-03-02T14:06:33.604+01:00,0,none,,background,
c-faef0831c092ca1d,loan_conversion_quote,2026-03-02T14:10:48.858+01:00,0,none,,background,
c-d17d5abfa62520f2,disbursement,2026-03-02T14:10:56.873+01:00,0,none,,background,
c-d1c7c30ed73402b6,mortgage_application,2026-03-02T14:11:00.789+01:00,0,none,,background,
c-bd5806569a4459a1,mortgage_application,2026-03-02T14:12:37.678+01:00,0,none,,background,
c-13e0424b01e49332,disbursement,2026-03-02T14:15:42.687+01:00,0,none,,background,
c-391e5162a0cfd5a5,loan_conversion_quote,2026-03-02T14:18:19.534+01:00,0,none,,background,
c-148ddc54ad4d246c,disbursement,2026-03-02T14:19:20.273+01:00,0,none,,background,
c-451e227062216fc4,disbursement,2026-03-02T14:19:24.175+01:00,0,none,,background,
c-ecf189051ced9ac6,mortgage_application,2026-03-02T14:20:14.811+01:00,0,none,,background,
c-4341774fa9d2aa1f,mortgage_application,2026-03-02T14:20:36.350+01:00,0,none,,background,
c-81d8cd8011333fc2,mortgage_application,2026-03-02T14:25:54.052+01:00,0,none,,background,
c-ad1908bf80822b63,mortgage_application,2026-03-02T14:28:27.008+01:00,0,none,,background,
c-8f4f9e130a6b0165,mortgage_application,2026-03-02T14:29:11.598+01:00,0,none,,background,
c-4f658dca4c365348,loan_conversion_quote,2026-03-02T14:30:37.184+01:00,0,none,,background,
c-49c5742ae2bb32ff,mortgage_application,2026-03-02T14:30:53.805+01:00,0,none,,background,
c-32893639e0f1de52,mortgage_application,2026-03-02T14:31:15.952+01:00,0,none,,background,
c-a5665e9402c57429,mortgage_application,2026-03-02T14:34:33.937+01:00,0,none,,background,
c-81369996c8fb4c2f,mortgage_application,2026-03-02T14:35:37.377+01:00,0,none,,background,
c-c26e71580726da23,mortgage_application,2026-03-02T14:37:55.646+01:00,0,none,,background,
c-1024aeffd48342ea,loan_conversion_quote,2026-03-02T14:38:30.754+01:00,0,none,,background,
c-07199d462df08713,mortgage_application,2026-03-02T14:42:10.432+01:00,0,none,,background,
c-e72216d6f5c2229c,mortgage_application,2026-03-02T14:42:27.555+01:00,0,none,,background,
c-49cebbf59e42da5d,loan_conversion_quote,2026-03-02T14:44:32.344+01:00,0,none,,background,
c-a48785d55737688b,loan_conversion_quote,2026-03-02T14:46:55.552+01:00,0,none,,background,
c-30ef7da14bb26ad3,mortgage_application,2026-03-02T14:50:59.320+01:00,0,none,,background,
c-571d491ea8d6110f,loan_conversion_quote,2026-03-02T14:53:37.290+01:00,0,none,,background,
c-fff1d504da255d8a,loan_conversion_quote,2026-03-02T14:53:38.766+01:00,0,none,,background,
c-1978e3ecb9d29373,loan_conversion_quote,2026-03-02T14:57:03.042+01:00,0,none,,background,
c-1d654e613c127900,mortgage_application,2026-03-02T14:58:43.436+01:00,0,none,,background,
c-fc17644b79c957ae,mortgage_application,2026-03-02T14:58:52.389+01:00,0,none,,background,
c-d651b2b7bfc39283,loan_conversion_quote,2026-03-02T15:00:44.623+01:00,0,none,,background,
c-3919fbebdf49c2ad,mortgage_application,2026-03-02T15:00:53.373+01:00,0,none,,background,
c-2fa39325be313bea,loan_conversion_quote,2026-03-02T15:04:15.198+01:00,0,none,,background,
c-e9a7a1a4863a256a,loan_conversion_quote,2026-03-02T15:04:26.503+01:00,0,none,,background,
c-d8d20343382c8ec6,loan_conversion_quote,2026-03-02T15:04:36.696+01:00,0,none,,background,
c-994fc6001b745f6c,loan_conversion_quote,2026-03-02T15:14:19.032+01:00,0,none,,background,
c-b73c7e2cba7ed5fc,mortgage_application,2026-03-02T15:22:36.933+01:00,0,none,,background,
c-60533bfc384f3305,mortgage_application,2026-03-02T15:25:57.763+01:00,0,none,,background,
c-373d67d8a26026a6,loan_conversion_quote,2026-03-02T15:28:48.286+01:00,0,none,,background,
c-0e769933096c78dc,mortgage_application,2026-03-02T15:28:49.430+01:00,0,none,,background,
c-defd2888be12814f,loan_conversion_quote,2026-03-02T15:34:36.196+01:00,0,none,,background,
c-227433b96838b53c,loan_conversion_quote,2026-03-02T15:38:56.270+01:00,0,none,,background,
c-5893e994741668ed,mortgage_application,2026-03-02T15:40:57.866+01:00,0,none,,background,
c-1bcdaf22f04fed52,mortgage_application,2026-03-02T15:42:02.169+01:00,0,none,,background,
c-42943c261ac92b87,loan_conversion_quote,2026-03-02T15:43:06.787+01:00,0,none,,background,
c-f5cca16e20b1fda8,mortgage_application,2026-03-02T15:43:17.416+01:00,0,none,,background,
c-68eb50bf17640aad,mortgage_application,2026-03-02T15:45:30.459+01:00,0,none,,background,
c-3999ff2c5d2f60cf,mortgage_application,2026-03-02T15:47:11.407+01:00,0,none,,background,
c-cc2d683e9e5fb0fb,loan_conversion_quote,2026-03-02T15:53:34.910+01:00,0,none,,background,
c-fde9103060ba09e6,loan_conversion_quote,2026-03-02T15:54:33.549+01:00,0,none,,background,
c-bbaf56390810a64c,loan_conversion_quote,2026-03-02T16:02:12.377+01:00,0,none,,background,
c-b359a3728da0a666,mortgage_application,2026-03-02T16:03:01.977+01:00,0,none,,background,
c-a879bd1cfa1b5002,mortgage_application,2026-03-02T16:04:16.536+01:00,0,none,,background,
c-4770bf3bd3b352a0,mortgage_application,2026-03-02T16:05:56.883+01:00,0,none,,background,
c-48d3e1022a54fb46,mortgage_application,2026-03-02T16:06:56.769+01:00,0,none,,background,
c-a9bee9b2c31d3e17,mortgage_application,2026-03-02T16:11:43.358+01:00,0,none,,background,
c-f465d18587e2c866,mortgage_application,2026-03-02T16:13:35.208+01:00,0,none,,background,
c-3254526d579ad83d,loan_conversion_quote,2026-03-02T16:15:00.392+01:00,0,none,,background,
c-87cd60274f7bc4b5,mortgage_application,2026-03-02T16:15:35.768+01:00,0,none,,background,
c-3adb90f662974a92,loan_conversion_quote,2026-03-02T16:16:05.170+01:00,0,none,,background,
c-e7d12efe9d0237b9,mortgage_application,2026-03-02T16:18:15.985+01:00,0,none,,background,
c-67b830636de558de,loan_conversion_quote,2026-03-02T16:27:40.582+01:00,0,none,,background,
c-89d81b967697d97b,mortgage_application,2026-03-02T16:31:59.841+01:00,0,none,,background,
c-3893da5278dedde4,mortgage_application,2026-03-02T16:37:11.462+01:00,0,none,,background,
c-2272f6e57b774591,loan_conversion_quote,2026-03-02T16:43:13.587+01:00,0,none,,background,
c-de4ecf3f0ddc0789,loan_conversion_quote,2026-03-02T16:47:26.620+01:00,0,none,,background,
c-68d066361de42f38,loan_conversion_quote,2026-03-02T17:35:21.382+01:00,0,none,,background,
c-92751641fa14a3ce,loan_conversion_quote,2026-03-02T17:42:16.096+01:00,0,none,,background,
c-27ed18b021dd94a0,loan_conversion_quote,2026-03-02T17:47:25.547+01:00,0,none,,background,
c-0e496b355b0569ca,loan_conversion_quote,2026-03-02T17:54:34.373+01:00,0,none,,background,
c-a9d53efe6afedc40,loan_conversion_quote,2026-03-02T17:59:14.647+01:00,0,none,,background,
c-9e7ac7547ce19884,loan_conversion_quote,2026-03-02T18:03:59.501+01:00,0,none,,background,
c-c34bd244a770260b,loan_conversion_quote,2026-03-02T18:20:15.836+01:00,0,none,,background,
c-aa2e27e8eb883d6a,loan_conversion_quote,2026-03-02T18:21:28.457+01:00,0,none,,background,
c-4ed780ee4b0409db,loan_conversion_quote,2026-03-02T18:22:26.899+01:00,0,none,,background,
c-3c1884edea6e28c7,loan_conversion_quote,2026-03-02T18:49:58.287+01:00,0,none,,background,
c-7e360e0b7051d081,loan_conversion_quote,2026-03-02T18:59:12.643+01:00,0,none,,background,
c-a3d31f202c094bc2,loan_conversion_quote,2026-03-02T18:59:55.588+01:00,0,none,,background,
c-269a94e0482d2d93,loan_conversion_quote,2026-03-02T19:03:47.275+01:00,0,none,,background,
c-f987761aaac2d51f,loan_conversion_quote,2026-03-02T19:05:46.011+01:00,0,none,,background,
c-7c1862e2cee96ea2,loan_conversion_quote,2026-03-02T19:35:01.140+01:00,0,none,,background,
c-8a5adc40d4d69d6d,loan_conversion_quote,2026-03-02T19:36:04.544+01:00,0,none,,background,
c-ecf7e7c731e469b6,loan_conversion_quote,2026-03-02T19:39:20.000+01:00,0,none,,background,
c-629d7820c31bdc55,loan_conversion_quote,2026-03-02T19:47:03.024+01:00,0,none,,background,
c-501dce83321c8b93,loan_conversion_quote,2026-03-02T19:48:34.471+01:00,0,none,,background,
c-3535406359d6e1c2,loan_conversion_quote,2026-03-02T20:25:09.420+01:00,0,none,,background,
c-31e6dba39c393948,loan_conversion_quote,2026-03-02T20:31:03.172+01:00,0,none,,background,
c-08e71ed3f7234c5c,loan_conversion_quote,2026-03-02T20:37:06.274+01:00,0,none,,background,
c-0abb988361b5f404,loan_conversion_quote,2026-03-02T20:51:48.887+01:00,0,none,,background,
c-8b4ffae755b6cbf2,instalment_collection,2026-03-03T02:01:36.656+01:00,0,none,,background,
c-218be3645bd6cdf0,instalment_collection,2026-03-03T02:04:59.303+01:00,0,none,,background,
c-a0503a62cee0c43f,instalment_collection,2026-03-03T02:05:21.335+01:00,0,none,,background,
c-469da933fb46fd5e,instalment_collection,2026-03-03T02:07:20.548+01:00,0,none,,background,
c-d521fae348357b68,instalment_collection,2026-03-03T02:07:54.928+01:00,0,none,,background,
c-d301f83a5790994e,instalment_collection,2026-03-03T02:09:52.057+01:00,0,none,,background,
c-3ceb8a8515a78f27,instalment_collection,2026-03-03T02:10:55.923+01:00,0,none,,background,
c-ef04f7cfa7259130,instalment_collection,2026-03-03T02:13:21.980+01:00,0,none,,background,
c-981207259652ffe6,instalment_collection,2026-03-03T02:13:39.326+01:00,0,none,,background,
c-fa1d7ffc7407a7a0,instalment_collection,2026-03-03T02:13:39.631+01:00,0,none,,background,
c-b7a1608ff2787173,instalment_collection,2026-03-03T02:14:35.657+01:00,0,none,,background,
c-ece3d0f3ccc5ed27,instalment_collection,2026-03-03T02:14:55.644+01:00,0,none,,background,
c-319f6ad08ee49c35,instalment_collection,2026-03-03T02:15:03.289+01:00,0,none,,background,
c-bb66de7d4b8a5245,instalment_collection,2026-03-03T02:18:54.047+01:00,0,none,,background,
c-5b190c0cb3e72f41,instalment_collection,2026-03-03T02:19:07.725+01:00,0,none,,background,
c-5c8d557585c9b8c8,instalment_collection,2026-03-03T02:19:54.546+01:00,0,none,,background,
c-49438e066b482523,instalment_collection,2026-03-03T02:20:43.132+01:00,0,none,,background,
c-3053feaf61b58be4,instalment_collection,2026-03-03T02:21:45.047+01:00,0,none,,background,
c-14012ced9417d453,instalment_collection,2026-03-03T02:21:54.596+01:00,0,none,,background,
c-6f0fa052f966f0ca,instalment_collection,2026-03-03T02:22:26.805+01:00,0,none,,background,
c-11e00a044602ce5d,instalment_collection,2026-03-03T02:22:53.697+01:00,0,none,,background,
c-d89def05a00c8422,instalment_collection,2026-03-03T02:23:02.673+01:00,0,none,,background,
c-601f424afedace45,instalment_collection,2026-03-03T02:23:07.061+01:00,0,none,,background,
c-4e986d2e61479dca,instalment_collection,2026-03-03T02:23:09.083+01:00,0,none,,background,
c-5e75cd001ce6b3ec,instalment_collection,2026-03-03T02:23:33.441+01:00,0,none,,background,
c-be3afc8fa5c2f881,instalment_collection,2026-03-03T02:23:37.659+01:00,0,none,,background,
c-1da627853e41e03e,instalment_collection,2026-03-03T02:23:43.050+01:00,0,none,,background,
c-615ad1460852e703,instalment_collection,2026-03-03T02:23:51.872+01:00,0,none,,background,
c-91f3b5f23da8a9e5,instalment_collection,2026-03-03T02:24:11.319+01:00,0,none,,background,
c-120e3407901633e6,instalment_collection,2026-03-03T02:25:20.818+01:00,0,none,,background,
c-6e00338841596b3d,instalment_collection,2026-03-03T02:25:24.740+01:00,0,none,,background,
c-c990940b46685b2a,instalment_collection,2026-03-03T02:26:40.945+01:00,0,none,,background,
c-be823ee8bda4e726,instalment_collection,2026-03-03T02:26:50.350+01:00,0,none,,background,
c-babc7438dc576bbb,instalment_collection,2026-03-03T02:26:51.727+01:00,0,none,,background,
c-0e86a922550ac229,instalment_collection,2026-03-03T02:27:08.544+01:00,0,none,,background,
c-4175b1c3239a670b,instalment_collection,2026-03-03T02:27:44.864+01:00,0,none,,background,
c-95557720de67e86e,instalment_collection,2026-03-03T02:27:52.333+01:00,0,none,,background,
c-35ee09f99367c656,instalment_collection,2026-03-03T02:28:08.325+01:00,0,none,,background,
c-d08e55b79cb5f833,instalment_collection,2026-03-03T02:28:40.705+01:00,0,none,,background,
c-f1041708c1face07,instalment_collection,2026-03-03T02:28:52.023+01:00,0,none,,background,
c-ad7567c5dffe8948,instalment_collection,2026-03-03T02:28:58.255+01:00,0,none,,background,
c-0ee87c2d4622630e,instalment_collection,2026-03-03T02:29:17.008+01:00,0,none,,background,
c-d67ded0c18d08d51,instalment_collection,2026-03-03T02:29:40.251+01:00,0,none,,background,
c-7279feaf1f6c2095,instalment_collection,2026-03-03T02:30:11.727+01:00,0,none,,background,
c-771aecd9e55a3806,instalment_collection,2026-03-03T02:31:03.580+01:00,0,none,,background,
c-f204fc0d6ea79de6,instalment_collection,2026-03-03T02:31:52.981+01:00,0,none,,background,
c-439d31dcc544b79f,instalment_collection,2026-03-03T02:32:25.147+01:00,0,none,,background,
c-c3281d3a7455df67,instalment_collection,2026-03-03T02:32:32.996+01:00,0,none,,background,
c-a9c462ccb58937a5,instalment_collection,2026-03-03T02:32:44.557+01:00,0,none,,background,
c-050d62924776586f,instalment_collection,2026-03-03T02:33:07.075+01:00,0,none,,background,
c-7e7fb13e22483084,instalment_collection,2026-03-03T02:33:15.188+01:00,0,none,,background,
c-3971a6fd7825f728,instalment_collection,2026-03-03T02:33:31.483+01:00,0,none,,background,
c-741d7777fe5d940c,instalment_collection,2026-03-03T02:33:53.877+01:00,0,none,,background,
c-694667c99be6e3f5,instalment_collection,2026-03-03T02:33:53.989+01:00,0,none,,background,
c-3452cafee21d826b,instalment_collection,2026-03-03T02:34:02.345+01:00,0,none,,background,
c-bf1570c5b2f05818,instalment_collection,2026-03-03T02:35:16.233+01:00,0,none,,background,
c-1ee9ede8280049cd,instalment_collection,2026-03-03T02:35:50.571+01:00,0,none,,background,
c-795966718474104b,instalment_collection,2026-03-03T02:35:59.813+01:00,0,none,,background,
c-9b90cd478d69cb78,instalment_collection,2026-03-03T02:36:51.260+01:00,0,none,,background,
c-896acb8c60315078,instalment_collection,2026-03-03T02:37:26.149+01:00,0,none,,background,
c-33ef14dba436eed2,instalment_collection,2026-03-03T02:37:31.706+01:00,0,none,,background,
c-802a75fb4acd2e38,instalment_collection,2026-03-03T02:37:34.163+01:00,0,none,,background,
c-585977f6d3611754,instalment_collection,2026-03-03T02:38:04.685+01:00,0,none,,background,
c-757223be9cc57a4c,instalment_collection,2026-03-03T02:38:07.032+01:00,0,none,,background,
c-c23e3ddaddc8ae95,instalment_collection,2026-03-03T02:38:10.607+01:00,0,none,,background,
c-3016fc05a8b74a0e,instalment_collection,2026-03-03T02:38:35.963+01:00,0,none,,background,
c-54fb76f596dfef5d,instalment_collection,2026-03-03T02:39:02.819+01:00,0,none,,background,
c-b06c0eb491c88296,instalment_collection,2026-03-03T02:39:07.791+01:00,0,none,,background,
c-fbd691dfe8d82622,instalment_collection,2026-03-03T02:39:13.766+01:00,0,none,,background,
c-2c3a57fd10cb16af,instalment_collection,2026-03-03T02:39:20.886+01:00,0,none,,background,
c-fff9d41cdf3ad390,instalment_collection,2026-03-03T02:39:24.612+01:00,0,none,,background,
c-d9ced413d1836145,instalment_collection,2026-03-03T02:39:40.887+01:00,0,none,,background,
c-64e45bbf325a8b32,instalment_collection,2026-03-03T02:39:47.599+01:00,0,none,,background,
c-896f67c592488611,instalment_collection,2026-03-03T02:39:54.871+01:00,0,none,,background,
c-736b1e08adb7f4e2,instalment_collection,2026-03-03T02:39:57.063+01:00,0,none,,background,
c-b1df29af58e5583b,instalment_collection,2026-03-03T02:40:07.140+01:00,0,none,,background,
c-5bdbd46095649d4d,instalment_collection,2026-03-03T02:40:45.970+01:00,0,none,,background,
c-82ed9bc51e7e6012,instalment_collection,2026-03-03T02:41:04.744+01:00,0,none,,background,
c-1d85b3d30b1fbe52,instalment_collection,2026-03-03T02:41:16.040+01:00,0,none,,background,
c-ed985802dce4912e,instalment_collection,2026-03-03T02:41:27.477+01:00,0,none,,background,
c-82dc5bcb39533aae,instalment_collection,2026-03-03T02:41:38.883+01:00,0,none,,background,
c-4230c8af82399376,instalment_collection,2026-03-03T02:41:39.985+01:00,0,none,,background,
c-2057a2e8ff3bd94f,instalment_collection,2026-03-03T02:41:42.675+01:00,0,none,,background,
c-940c2e78f21206cb,instalment_collection,2026-03-03T02:41:53.672+01:00,0,none,,background,
c-1de0d72bbf08b993,instalment_collection,2026-03-03T02:41:54.875+01:00,0,none,,background,
c-e3919a5dd4d91c87,instalment_collection,2026-03-03T02:42:45.748+01:00,0,none,,background,
c-6392159628abf051,instalment_collection,2026-03-03T02:42:46.117+01:00,0,none,,background,
c-8f3cb2cd55f3102b,instalment_collection,2026-03-03T02:42:51.770+01:00,0,none,,background,
c-dbed2c292caf0371,instalment_collection,2026-03-03T02:43:17.539+01:00,0,none,,background,
c-736ee33133432995,instalment_collection,2026-03-03T02:43:19.093+01:00,0,none,,background,
c-783181bc2f8a4270,instalment_collection,2026-03-03T02:43:21.464+01:00,0,none,,background,
c-89a3dfcf037be3bd,instalment_collection,2026-03-03T02:43:52.955+01:00,0,none,,background,
c-705b277c389f86b5,instalment_collection,2026-03-03T02:44:14.830+01:00,0,none,,background,
c-2eb02e7341166cbc,instalment_collection,2026-03-03T02:44:32.983+01:00,0,none,,background,
c-ea26a26f9501354d,instalment_collection,2026-03-03T02:44:44.817+01:00,0,none,,background,
c-fd3b45b2c5ff2002,instalment_collection,2026-03-03T02:44:49.448+01:00,0,none,,background,
c-3046c7101a01eb62,instalment_collection,2026-03-03T02:44:59.560+01:00,0,none,,background,
c-2bc80b06b4404e1d,instalment_collection,2026-03-03T02:45:21.991+01:00,0,none,,background,
c-5599a2b926fa4dbc,instalment_collection,2026-03-03T02:45:25.846+01:00,0,none,,background,
c-9bf033afb1bb56ca,instalment_collection,2026-03-03T02:45:42.931+01:00,0,none,,background,
c-fdeee8bf81e6adc5,instalment_collection,2026-03-03T02:45:58.121+01:00,0,none,,background,
c-95d7cedb2de46c75,instalment_collection,2026-03-03T02:46:02.058+01:00,0,none,,background,
c-e58b9c3606564aa7,instalment_collection,2026-03-03T02:46:03.293+01:00,0,none,,background,
c-ead50c2323c61d12,instalment_collection,2026-03-03T02:46:25.734+01:00,0,none,,background,
c-c8881c41c3967d3c,instalment_collection,2026-03-03T02:46:40.508+01:00,0,none,,background,
c-130a802e0291956a,instalment_collection,2026-03-03T02:46:47.789+01:00,0,none,,background,
c-5bc06c686a78a896,instalment_collection,2026-03-03T02:46:58.839+01:00,0,none,,background,
c-81a7e4e61e473eec,instalment_collection,2026-03-03T02:47:15.969+01:00,0,none,,background,
c-1e6753e629d8ff95,instalment_collection,2026-03-03T02:47:41.432+01:00,0,none,,background,
c-4fa7c0dd805b91d1,instalment_collection,2026-03-03T02:47:45.984+01:00,0,none,,background,
c-2748023691564782,instalment_collection,2026-03-03T02:48:43.417+01:00,0,none,,background,
c-bde7825bce79bef9,instalment_collection,2026-03-03T02:49:36.697+01:00,0,none,,background,
c-366c2dffadd1dae4,instalment_collection,2026-03-03T02:50:01.536+01:00,0,none,,background,
c-c36a6aea91e43e8e,instalment_collection,2026-03-03T02:50:06.758+01:00,0,none,,background,
c-93b3481a8673d088,instalment_collection,2026-03-03T02:50:21.401+01:00,0,none,,background,
c-5de64e281bd4846f,instalment_collection,2026-03-03T02:50:21.869+01:00,0,none,,background,
c-f5f646e687128618,instalment_collection,2026-03-03T02:51:06.616+01:00,0,none,,background,
c-f4131444c6289540,instalment_collection,2026-03-03T02:51:26.186+01:00,0,none,,background,
c-de8ebd405b7f8b99,instalment_collection,2026-03-03T02:51:26.464+01:00,0,none,,background,
c-2b289b0e80c47f91,instalment_collection,2026-03-03T02:51:28.291+01:00,0,none,,background,
c-176db6218fee1cc1,instalment_collection,2026-03-03T02:51:35.741+01:00,0,none,,background,
c-5b6eb58bc6257d17,instalment_collection,2026-03-03T02:51:53.849+01:00,0,none,,background,
c-31f858c7bb88e7d3,instalment_collection,2026-03-03T02:51:54.187+01:00,0,none,,background,
c-381b16137ba818b5,instalment_collection,2026-03-03T02:51:55.971+01:00,0,none,,background,
c-76e02176b0d36d23,instalment_collection,2026-03-03T02:52:18.041+01:00,1,visible_error,3,background,
c-50401da82a7ce82d,instalment_collection,2026-03-03T02:52:29.406+01:00,0,none,,background,
c-e7f3bad0c900a61e,instalment_collection,2026-03-03T02:52:47.523+01:00,0,none,,background,
c-85072b55f92ab4bc,instalment_collection,2026-03-03T02:52:56.860+01:00,0,none,,background,
c-3632ea0b12f3688d,instalment_collection,2026-03-03T02:53:10.779+01:00,0,none,,background,
c-339d0a145c585fa3,instalment_collection,2026-03-03T02:53:21.220+01:00,0,none,,background,
c-2fdb0e825b12da54,instalment_collection,2026-03-03T02:53:22.812+01:00,0,none,,background,
c-5a80edc77dd5a0c1,instalment_collection,2026-03-03T02:53:31.916+01:00,0,none,,background,
c-d926240cadb70325,instalment_collection,2026-03-03T02:54:04.683+01:00,0,none,,background,
c-e76baf7d332204c0,instalment_collection,2026-03-03T02:54:18.840+01:00,0,none,,background,
c-06ae540b1edc9edb,instalment_collection,2026-03-03T02:54:24.708+01:00,0,none,,background,
c-a10e17cc969845dc,instalment_collection,2026-03-03T02:54:36.447+01:00,0,none,,background,
c-51e60b2f8af42362,instalment_collection,2026-03-03T02:54:54.256+01:00,0,none,,background,
c-580575d337c64525,instalment_collection,2026-03-03T02:55:53.025+01:00,0,none,,background,
c-b5c4483c009244d8,instalment_collection,2026-03-03T02:56:12.760+01:00,0,none,,background,
c-3ba261a6ce3fe011,instalment_collection,2026-03-03T02:56:52.596+01:00,0,none,,background,
c-dbdb4a94d4f3dac6,instalment_collection,2026-03-03T02:57:00.512+01:00,0,none,,background,
c-04cddf74e9777e1b,instalment_collection,2026-03-03T02:57:18.825+01:00,0,none,,background,
c-e5e8d502225b755a,instalment_collection,2026-03-03T02:58:36.971+01:00,0,none,,background,
c-e92c3e11992e27f9,instalment_collection,2026-03-03T02:59:35.888+01:00,0,none,,background,
c-8744ebca6c1915d0,instalment_collection,2026-03-03T03:00:04.367+01:00,0,none,,background,
c-4c40f50846559ad0,instalment_collection,2026-03-03T03:00:10.119+01:00,0,none,,background,
c-ec1a6f0ec125bd40,instalment_collection,2026-03-03T03:00:28.120+01:00,0,none,,background,
c-b201bdaaf5375720,instalment_collection,2026-03-03T03:01:34.466+01:00,0,none,,background,
c-7e68fbc9bbdf450d,instalment_collection,2026-03-03T03:01:50.701+01:00,0,none,,background,
c-62a49c9133c4e6c6,instalment_collection,2026-03-03T03:02:54.374+01:00,0,none,,background,
c-09beb725c6efc61b,instalment_collection,2026-03-03T03:03:05.722+01:00,0,none,,background,
c-3c33614826608673,instalment_collection,2026-03-03T03:03:20.312+01:00,0,none,,background,
c-e4839ea3f113486e,instalment_collection,2026-03-03T03:03:39.516+01:00,0,none,,background,
c-a4b77b1ad89e9405,instalment_collection,2026-03-03T03:04:56.718+01:00,0,none,,background,
c-f3e2482d6a98d74d,instalment_collection,2026-03-03T03:05:44.134+01:00,0,none,,background,
c-1c354e6e3a43a2f7,instalment_collection,2026-03-03T03:05:44.923+01:00,0,none,,background,
c-11d557a9a69bb54a,instalment_collection,2026-03-03T03:06:54.368+01:00,0,none,,background,
c-34b83a7133c7462b,instalment_collection,2026-03-03T03:07:24.615+01:00,0,none,,background,
c-0c4dcced5827c093,instalment_collection,2026-03-03T03:07:46.865+01:00,0,none,,background,
c-662eda73b17426b6,instalment_collection,2026-03-03T03:08:35.639+01:00,0,none,,background,
c-cef631b55d3db2d9,instalment_collection,2026-03-03T03:09:25.550+01:00,0,none,,background,
c-fa677dfbe08e70b7,instalment_collection,2026-03-03T03:11:01.698+01:00,0,none,,background,
c-5a3c2d07daca1f0e,instalment_collection,2026-03-03T03:11:04.054+01:00,0,none,,background,
c-b82efe319ddfd0d3,instalment_collection,2026-03-03T03:12:00.025+01:00,0,none,,background,
c-5b0f9c838ab71f99,instalment_collection,2026-03-03T03:12:22.162+01:00,0,none,,background,
c-d5c8d51e281e53e7,instalment_collection,2026-03-03T03:14:09.262+01:00,0,none,,background,
c-de165435ac9c07e7,instalment_collection,2026-03-03T03:14:17.785+01:00,0,none,,background,
c-b8c02e52e2ca9142,instalment_collection,2026-03-03T03:14:47.843+01:00,0,none,,background,
c-b5709d06f818c4a0,instalment_collection,2026-03-03T03:15:10.529+01:00,0,none,,background,
c-45b4a6f1a3ef4eec,instalment_collection,2026-03-03T03:16:13.604+01:00,0,none,,background,
c-679f7756cd07fdfc,instalment_collection,2026-03-03T03:16:21.582+01:00,0,none,,background,
c-3cae4f1db1695eec,instalment_collection,2026-03-03T03:17:07.601+01:00,0,none,,background,
c-a29dc7d41a41dbf2,instalment_collection,2026-03-03T03:17:21.922+01:00,0,none,,background,
c-1f28cf62957cb6ef,instalment_collection,2026-03-03T03:17:58.472+01:00,0,none,,background,
c-9db5663446b3a125,instalment_collection,2026-03-03T03:19:12.694+01:00,0,none,,background,
c-f3953d4eef597863,instalment_collection,2026-03-03T03:19:59.544+01:00,0,none,,background,
c-0447d7d89a01864a,instalment_collection,2026-03-03T03:20:56.145+01:00,0,none,,background,
c-71fcbfe20a16f7c7,instalment_collection,2026-03-03T03:23:18.672+01:00,0,none,,background,
c-af97cc224d311603,loan_conversion_quote,2026-03-03T07:50:29.539+01:00,0,none,,background,
c-192fbcdcbecd2507,loan_conversion_quote,2026-03-03T07:59:13.578+01:00,0,none,,background,
c-ec2863408195a5d4,loan_conversion_quote,2026-03-03T08:14:02.774+01:00,0,none,,background,
c-b5889cb093796e49,mortgage_application,2026-03-03T08:20:07.581+01:00,0,none,,background,
c-40ad99d5e2a09f5d,mortgage_application,2026-03-03T08:22:56.836+01:00,0,none,,background,
c-964a3aae0fa256a6,mortgage_application,2026-03-03T08:26:59.866+01:00,0,none,,background,
c-ea4bdb8278a5815a,mortgage_application,2026-03-03T08:28:41.288+01:00,0,none,,background,
c-0c75fb40701a9d9a,mortgage_application,2026-03-03T08:31:06.476+01:00,0,none,,background,
c-f7bebcc02475075f,loan_conversion_quote,2026-03-03T08:33:43.912+01:00,0,none,,background,
c-1fdf2a9b9a45f225,loan_conversion_quote,2026-03-03T08:33:59.308+01:00,0,none,,background,
c-7c4264cc3b331f70,mortgage_application,2026-03-03T08:37:26.275+01:00,0,none,,background,
c-00f25f373dcbcf0f,loan_conversion_quote,2026-03-03T08:37:49.489+01:00,0,none,,background,
c-fa52cfd4088d7670,loan_conversion_quote,2026-03-03T08:42:01.370+01:00,0,none,,background,
c-52f5d29536a10d39,loan_conversion_quote,2026-03-03T08:47:29.093+01:00,0,none,,background,
c-8fa7892fede85d65,loan_conversion_quote,2026-03-03T08:49:00.097+01:00,0,none,,background,
c-df8ea58ce21d55e6,mortgage_application,2026-03-03T08:58:49.625+01:00,0,none,,background,
c-ac85bf99e85adeed,loan_conversion_quote,2026-03-03T08:59:06.985+01:00,0,none,,background,
c-67d01daf71272ca8,loan_conversion_quote,2026-03-03T09:05:25.796+01:00,0,none,,background,
c-63a35a30c24f76ac,loan_conversion_quote,2026-03-03T09:05:33.973+01:00,0,none,,background,
c-e6f6fc84eb6df437,loan_conversion_quote,2026-03-03T09:05:52.057+01:00,0,none,,background,
c-eeabd2011b2c7e8a,mortgage_application,2026-03-03T09:05:56.563+01:00,0,none,,background,
c-c96e4bafb8e9ac5f,mortgage_application,2026-03-03T09:06:25.634+01:00,0,none,,background,
c-355674711e7ae684,mortgage_application,2026-03-03T09:09:34.515+01:00,0,none,,background,
c-33e2a82a02cecca4,mortgage_application,2026-03-03T09:10:21.494+01:00,0,none,,background,
c-433767b208bda9ae,loan_conversion_quote,2026-03-03T09:14:43.684+01:00,0,none,,background,
c-4b18519e5c711aec,mortgage_application,2026-03-03T09:16:25.161+01:00,0,none,,background,
c-396d8036ee469900,loan_conversion_quote,2026-03-03T09:19:19.953+01:00,0,none,,background,
c-a142155f8aec766d,mortgage_application,2026-03-03T09:19:54.607+01:00,0,none,,background,
c-50bca2be96f8d235,mortgage_application,2026-03-03T09:20:34.732+01:00,0,none,,background,
c-de544ee86f521588,loan_conversion_quote,2026-03-03T09:21:10.211+01:00,0,none,,background,
c-d58dc42296ea4a4b,mortgage_application,2026-03-03T09:22:12.621+01:00,0,none,,background,
c-02403b84268ab8de,loan_conversion_quote,2026-03-03T09:27:00.071+01:00,0,none,,background,
c-6f5763fae3ebe87b,mortgage_application,2026-03-03T09:27:47.603+01:00,0,none,,background,
c-f6d2462e64d32397,mortgage_application,2026-03-03T09:30:36.535+01:00,0,none,,background,
c-848015d7fb3049fd,mortgage_application,2026-03-03T09:36:04.300+01:00,0,none,,background,
c-0e32894dc7b41e8b,mortgage_application,2026-03-03T09:37:25.593+01:00,0,none,,background,
c-f507ce20f29fae50,mortgage_application,2026-03-03T09:39:06.655+01:00,0,none,,background,
c-ccb879a9877e2658,loan_conversion_quote,2026-03-03T09:39:24.869+01:00,0,none,,background,
c-2babcd8cfbd6fcb2,loan_conversion_quote,2026-03-03T09:41:43.460+01:00,0,none,,background,
c-8133a5bfac95be54,loan_conversion_quote,2026-03-03T09:58:36.939+01:00,0,none,,background,
c-97504675714c17be,mortgage_application,2026-03-03T10:03:12.833+01:00,0,none,,background,
c-8b9a502cfa67fa45,loan_conversion_quote,2026-03-03T10:08:36.159+01:00,0,none,,background,
c-08588f5ac7aef0ed,loan_conversion_quote,2026-03-03T10:10:18.747+01:00,0,none,,background,
c-7e4a9b08c786295d,mortgage_application,2026-03-03T10:10:25.867+01:00,0,none,,background,
c-ef09757b5c3630a3,mortgage_application,2026-03-03T10:11:02.797+01:00,0,none,,background,
c-48d028efd880b48b,mortgage_application,2026-03-03T10:12:27.052+01:00,0,none,,background,
c-1a9c7063a218f37e,loan_conversion_quote,2026-03-03T10:15:08.248+01:00,0,none,,background,
c-1c05f8ac1bb2af90,disbursement,2026-03-03T10:15:57.613+01:00,0,none,,background,
c-268e52dd3f0254a9,mortgage_application,2026-03-03T10:16:11.056+01:00,0,none,,background,
c-485c35c9acbc2c7c,loan_conversion_quote,2026-03-03T10:16:52.121+01:00,0,none,,background,
c-befe5bd5013d25cd,loan_conversion_quote,2026-03-03T10:16:55.753+01:00,0,none,,background,
c-68aeccd0c6409527,mortgage_application,2026-03-03T10:17:49.259+01:00,0,none,,background,
c-4f4399cfacf69d61,loan_conversion_quote,2026-03-03T10:22:52.414+01:00,0,none,,background,
c-24559efea6ee2634,disbursement,2026-03-03T10:24:47.194+01:00,0,none,,background,
c-4adf078cc4228313,disbursement,2026-03-03T10:25:48.500+01:00,0,none,,background,
c-2b89c6be7c9fd0db,disbursement,2026-03-03T10:26:12.250+01:00,0,none,,background,
c-f11ad80bb170f252,mortgage_application,2026-03-03T10:30:05.812+01:00,0,none,,background,
c-6cd75db85f1e2d4e,disbursement,2026-03-03T10:30:13.706+01:00,0,none,,background,
c-0f917d92a7ccedf9,disbursement,2026-03-03T10:34:15.649+01:00,0,none,,background,
c-9a167b136fb20a4c,loan_conversion_quote,2026-03-03T10:34:48.304+01:00,0,none,,background,
c-5d3d695fbaee5b66,mortgage_application,2026-03-03T10:37:10.246+01:00,0,none,,background,
c-5fbb244458977eea,mortgage_application,2026-03-03T10:37:32.233+01:00,0,none,,background,
c-73dd00f6d75f2d1d,loan_conversion_quote,2026-03-03T10:38:11.213+01:00,0,none,,background,
c-99c84458e6c74a1e,disbursement,2026-03-03T10:38:32.934+01:00,0,none,,background,
c-3c39c0f859d63043,loan_conversion_quote,2026-03-03T10:40:37.088+01:00,0,none,,background,
c-2c627d6e5b0201a8,mortgage_application,2026-03-03T10:41:10.837+01:00,0,none,,background,
c-f7b391e7d6cba96c,loan_conversion_quote,2026-03-03T10:41:40.985+01:00,0,none,,background,
c-c4a6b2ce6959cbe7,mortgage_application,2026-03-03T10:46:34.127+01:00,0,none,,background,
c-5555ffa0178015dc,disbursement,2026-03-03T10:46:42.492+01:00,0,none,,background,
c-5ff4a7a9a184631f,loan_conversion_quote,2026-03-03T10:48:24.752+01:00,0,none,,background,
c-040c96bf77e5841b,disbursement,2026-03-03T10:48:45.942+01:00,0,none,,background,
c-749d3a89d1c57d12,mortgage_application,2026-03-03T10:50:51.719+01:00,0,none,,background,
c-460edb25e9df92f6,mortgage_application,2026-03-03T10:51:16.802+01:00,0,none,,background,
c-1a94ee5f27898f44,loan_conversion_quote,2026-03-03T10:51:27.715+01:00,0,none,,background,
c-85bc9720e6554f73,loan_conversion_quote,2026-03-03T10:52:01.909+01:00,0,none,,background,
c-cb43edeb64a3ab12,mortgage_application,2026-03-03T10:59:15.410+01:00,0,none,,background,
c-435136ac4001e90e,mortgage_application,2026-03-03T10:59:56.819+01:00,0,none,,background,
c-f57a013bd6282692,mortgage_application,2026-03-03T11:00:12.760+01:00,0,none,,background,
c-7eff2f6e4b7a1ce0,mortgage_application,2026-03-03T11:02:37.442+01:00,0,none,,background,
c-7df7361369ab833e,mortgage_application,2026-03-03T11:05:25.056+01:00,0,none,,background,
c-3234e08a59e7fbf8,mortgage_application,2026-03-03T11:06:00.033+01:00,0,none,,background,
c-373ac18a06f61b51,disbursement,2026-03-03T11:07:30.671+01:00,0,none,,background,
c-4e5a93df9447f44e,mortgage_application,2026-03-03T11:07:49.290+01:00,0,none,,background,
c-fa8ad8d75b489336,loan_conversion_quote,2026-03-03T11:08:01.771+01:00,0,none,,background,
c-a55553db18ff88bf,disbursement,2026-03-03T11:08:22.944+01:00,0,none,,background,
c-536cf04966795007,mortgage_application,2026-03-03T11:09:52.642+01:00,0,none,,background,
c-96344e8c25dd28ff,mortgage_application,2026-03-03T11:10:53.328+01:00,0,none,,background,
c-f475849c1b469559,loan_conversion_quote,2026-03-03T11:11:10.345+01:00,0,none,,background,
c-c66d86ba641c49e3,mortgage_application,2026-03-03T11:11:11.747+01:00,0,none,,background,
c-65445d28b12d37e9,mortgage_application,2026-03-03T11:13:08.319+01:00,0,none,,background,
c-2253ca9d008af373,mortgage_application,2026-03-03T11:15:36.514+01:00,0,none,,background,
c-6193be44ea2f99f7,mortgage_application,2026-03-03T11:16:48.178+01:00,0,none,,background,
c-ee5d4513c437c85e,mortgage_application,2026-03-03T11:19:15.607+01:00,0,none,,background,
c-6c00a8ca2a6e1f21,loan_conversion_quote,2026-03-03T11:23:24.743+01:00,0,none,,background,
c-6febdf571f0d9abb,loan_conversion_quote,2026-03-03T11:24:14.662+01:00,0,none,,background,
c-55b8f6ebe0d1ee0e,mortgage_application,2026-03-03T11:26:45.121+01:00,0,none,,background,
c-adad52d1ee4a96ea,mortgage_application,2026-03-03T11:26:52.483+01:00,0,none,,background,
c-b577a3b1030d94cd,mortgage_application,2026-03-03T11:27:15.937+01:00,0,none,,background,
c-044c54ef0dd6b748,loan_conversion_quote,2026-03-03T11:28:52.730+01:00,0,none,,background,
c-a8d5f6367d753826,mortgage_application,2026-03-03T11:29:40.954+01:00,0,none,,background,
c-f42d8029a91b98ef,disbursement,2026-03-03T11:33:23.360+01:00,0,none,,background,
c-db46cf5694ab75fc,mortgage_application,2026-03-03T11:33:24.263+01:00,0,none,,background,
c-256f2a717614125f,disbursement,2026-03-03T11:33:28.854+01:00,0,none,,background,
c-ecbec6a073f1d82e,loan_conversion_quote,2026-03-03T11:42:30.033+01:00,0,none,,background,
c-52ed4d4e6b337d5a,mortgage_application,2026-03-03T11:42:36.964+01:00,0,none,,background,
c-1221cb1497371513,loan_conversion_quote,2026-03-03T11:43:46.447+01:00,0,none,,background,
c-e16be5f1effee235,disbursement,2026-03-03T11:45:39.917+01:00,0,none,,background,
c-41150b28a74e808c,disbursement,2026-03-03T11:46:06.664+01:00,0,none,,background,
c-934feff40a7e2e60,disbursement,2026-03-03T11:50:28.840+01:00,0,none,,background,
c-b11adf868964a77f,mortgage_application,2026-03-03T11:56:19.853+01:00,0,none,,background,
c-608145ae78688631,loan_conversion_quote,2026-03-03T11:57:25.949+01:00,0,none,,background,
c-f8106d93b7f72a84,mortgage_application,2026-03-03T11:57:43.238+01:00,0,none,,background,
c-37c35c55e7b63784,loan_conversion_quote,2026-03-03T11:57:59.213+01:00,0,none,,background,
c-f028d25803442d88,disbursement,2026-03-03T11:58:02.710+01:00,0,none,,background,
c-05838207465da9cc,mortgage_application,2026-03-03T11:58:33.979+01:00,0,none,,background,
c-9a989d4e20dcec18,disbursement,2026-03-03T12:02:04.481+01:00,0,none,,background,
c-1ea842d0d36b13cc,mortgage_application,2026-03-03T12:04:01.658+01:00,0,none,,background,
c-5b9341f69ce668a3,mortgage_application,2026-03-03T12:07:26.847+01:00,0,none,,background,
c-1d5d26b5d90dc72a,loan_conversion_quote,2026-03-03T12:07:56.615+01:00,0,none,,background,
c-7d9ae77a72499a04,mortgage_application,2026-03-03T12:12:55.958+01:00,0,none,,background,
c-c2870ae6ba649104,disbursement,2026-03-03T12:14:47.805+01:00,0,none,,background,
c-3d57b9e438ae2cbd,disbursement,2026-03-03T12:15:10.449+01:00,0,none,,background,
c-14e902a237ee9d69,disbursement,2026-03-03T12:17:52.362+01:00,0,none,,background,
c-73ce33cc8c80b135,mortgage_application,2026-03-03T12:19:08.176+01:00,0,none,,background,
c-93c2ad77ee426308,mortgage_application,2026-03-03T12:20:59.712+01:00,0,none,,background,
c-0484fa7e6eb3e06b,disbursement,2026-03-03T12:21:40.999+01:00,0,none,,background,
c-fb90b80574596115,mortgage_application,2026-03-03T12:21:51.496+01:00,0,none,,background,
c-61466e357cda8ec1,mortgage_application,2026-03-03T12:23:00.168+01:00,0,none,,background,
c-9eead49e18408f57,loan_conversion_quote,2026-03-03T12:24:27.176+01:00,0,none,,background,
c-d89e2808cae4ef0b,loan_conversion_quote,2026-03-03T12:24:38.387+01:00,0,none,,background,
c-8f3f0e31144e5505,loan_conversion_quote,2026-03-03T12:24:46.695+01:00,0,none,,background,
c-df022bb1863305b2,mortgage_application,2026-03-03T12:25:15.777+01:00,0,none,,background,
c-2dc20c2cc74ff945,mortgage_application,2026-03-03T12:26:32.164+01:00,0,none,,background,
c-84709ac955929c3f,mortgage_application,2026-03-03T12:27:45.758+01:00,0,none,,background,
c-201c0239e0016cbc,mortgage_application,2026-03-03T12:32:59.218+01:00,0,none,,background,
c-1fc1ff372c8c0f99,loan_conversion_quote,2026-03-03T12:33:29.571+01:00,0,none,,background,
c-cf69a3483a8c1625,mortgage_application,2026-03-03T12:34:23.629+01:00,0,none,,background,
c-6d396f499c8d2e82,mortgage_application,2026-03-03T12:34:38.293+01:00,0,none,,background,
c-ca1499205830f851,mortgage_application,2026-03-03T12:35:32.587+01:00,0,none,,background,
c-bb867a3fa7ca3341,loan_conversion_quote,2026-03-03T12:36:37.048+01:00,0,none,,background,
c-342e5d81dae109e1,mortgage_application,2026-03-03T12:36:38.484+01:00,0,none,,background,
c-fab914cdd8f708a5,disbursement,2026-03-03T12:38:13.149+01:00,0,none,,background,
c-7eb58abb60eb1549,loan_conversion_quote,2026-03-03T12:38:31.626+01:00,0,none,,background,
c-1681e45aca25fcf4,loan_conversion_quote,2026-03-03T12:39:45.867+01:00,0,none,,background,
c-f52df38bf70208d7,mortgage_application,2026-03-03T12:39:54.877+01:00,0,none,,background,
c-874bcd2471c2f32d,mortgage_application,2026-03-03T12:45:01.761+01:00,0,none,,background,
c-f4202e891c7b2ebb,mortgage_application,2026-03-03T12:46:10.585+01:00,0,none,,background,
c-d87d9a73a7cadd7d,mortgage_application,2026-03-03T12:46:19.972+01:00,0,none,,background,
c-b73f2ee4dc5126f4,disbursement,2026-03-03T12:47:40.340+01:00,0,none,,background,
c-bfc39a84a7b07f55,disbursement,2026-03-03T12:48:20.361+01:00,0,none,,background,
c-0772cbefa9f3fd6d,mortgage_application,2026-03-03T12:48:48.691+01:00,0,none,,background,
c-cdcd57c7c0fb1b62,loan_conversion_quote,2026-03-03T12:49:17.603+01:00,1,retry_storm,3,background,
c-2976391ae193cdd4,loan_conversion_quote,2026-03-03T12:49:55.333+01:00,0,none,,background,
c-9f45d385fcc66526,mortgage_application,2026-03-03T12:49:57.844+01:00,0,none,,background,
c-c190c27db936cf4b,mortgage_application,2026-03-03T12:52:18.771+01:00,0,none,,background,
c-b5848826a4c31c80,mortgage_application,2026-03-03T12:52:20.756+01:00,0,none,,background,
c-bcaa36d1aa2a1371,mortgage_application,2026-03-03T12:52:32.991+01:00,0,none,,background,
c-012b76b8af5485c9,mortgage_application,2026-03-03T12:52:43.031+01:00,0,none,,background,
c-e7f7d84f21fa3c95,mortgage_application,2026-03-03T12:54:25.073+01:00,0,none,,background,
c-21d2fe4074158c48,mortgage_application,2026-03-03T12:55:55.898+01:00,0,none,,background,
c-1d24c5d4ec0be08d,mortgage_application,2026-03-03T12:56:22.842+01:00,0,none,,background,
c-69b4c3f8fa518795,disbursement,2026-03-03T12:56:22.860+01:00,0,none,,background,
c-a7b51d64bda13232,mortgage_application,2026-03-03T12:58:15.601+01:00,0,none,,background,
c-bd81abe669b77951,mortgage_application,2026-03-03T12:58:32.545+01:00,0,none,,background,
c-1fd1eac83b8d833c,disbursement,2026-03-03T12:58:58.084+01:00,0,none,,background,
c-c2dd43e5459f4e96,mortgage_application,2026-03-03T13:01:41.300+01:00,0,none,,background,
c-6f9afe69c69b272f,loan_conversion_quote,2026-03-03T13:04:40.785+01:00,0,none,,background,
c-2f5fa622d073a7d8,mortgage_application,2026-03-03T13:05:01.079+01:00,0,none,,background,
c-740807a81b79f55b,mortgage_application,2026-03-03T13:05:32.363+01:00,0,none,,background,
c-455de10b7b45ecd2,mortgage_application,2026-03-03T13:06:27.297+01:00,0,none,,background,
c-0816cde64e80426d,mortgage_application,2026-03-03T13:07:57.560+01:00,0,none,,background,
c-6677e6bfa0433d30,mortgage_application,2026-03-03T13:08:26.812+01:00,0,none,,background,
c-3b94d8cd70ec9158,loan_conversion_quote,2026-03-03T13:08:48.336+01:00,0,none,,background,
c-a7e1fd211774d7a7,mortgage_application,2026-03-03T13:09:29.547+01:00,0,none,,background,
c-8d06462deffde015,disbursement,2026-03-03T13:10:24.594+01:00,0,none,,background,
c-1705bab921e931b2,mortgage_application,2026-03-03T13:11:53.432+01:00,0,none,,background,
c-24c3c94e0aa25789,mortgage_application,2026-03-03T13:12:07.583+01:00,0,none,,background,
c-89234876a154332a,mortgage_application,2026-03-03T13:13:25.269+01:00,0,none,,background,
c-da9770d5b4c6c2fc,mortgage_application,2026-03-03T13:13:58.423+01:00,0,none,,background,
c-7430d444e41fee7e,mortgage_application,2026-03-03T13:14:06.191+01:00,0,none,,background,
c-da5560b77258b996,mortgage_application,2026-03-03T13:14:31.962+01:00,0,none,,background,
c-fef0c12d145a4e95,mortgage_application,2026-03-03T13:15:34.036+01:00,0,none,,background,
c-664579b7006c6cab,mortgage_application,2026-03-03T13:17:07.399+01:00,0,none,,background,
c-3cf8a85ed5fd2d88,loan_conversion_quote,2026-03-03T13:21:34.915+01:00,0,none,,background,
c-cfbdff17ea038059,mortgage_application,2026-03-03T13:22:17.951+01:00,0,none,,background,
c-b90c8cc5462d2955,loan_conversion_quote,2026-03-03T13:22:40.789+01:00,0,none,,background,
c-d88b1ae4cc697c09,loan_conversion_quote,2026-03-03T13:28:48.248+01:00,0,none,,background,
c-f2177ed7a7f103d2,loan_conversion_quote,2026-03-03T13:29:55.908+01:00,0,none,,background,
c-f5b4865700b69886,mortgage_application,2026-03-03T13:30:16.677+01:00,0,none,,background,
c-d6274c4be2700885,mortgage_application,2026-03-03T13:30:22.873+01:00,0,none,,background,
c-d8bda33eff555551,mortgage_application,2026-03-03T13:30:42.624+01:00,0,none,,background,
c-c9b847bc8a6072a6,mortgage_application,2026-03-03T13:32:49.186+01:00,0,none,,background,
c-23fb628d462beb74,mortgage_application,2026-03-03T13:32:55.371+01:00,0,none,,background,
c-7acdf4cfcca4458a,loan_conversion_quote,2026-03-03T13:35:55.079+01:00,0,none,,background,
c-51fa2befc9427ad9,mortgage_application,2026-03-03T13:37:35.695+01:00,0,none,,background,
c-fa5e60d8d547151d,mortgage_application,2026-03-03T13:37:52.712+01:00,0,none,,background,
c-7a41128bbc6cf584,mortgage_application,2026-03-03T13:40:39.919+01:00,0,none,,background,
c-34cde8c78187cf8e,mortgage_application,2026-03-03T13:40:53.837+01:00,0,none,,background,
c-215495d82fbecf37,loan_conversion_quote,2026-03-03T13:42:25.548+01:00,0,none,,background,
c-9b3be206a405f1b8,mortgage_application,2026-03-03T13:42:41.269+01:00,0,none,,background,
c-825e7d76895bcc29,mortgage_application,2026-03-03T13:43:29.695+01:00,0,none,,background,
c-d2ac7259744062ce,mortgage_application,2026-03-03T13:45:06.790+01:00,0,none,,background,
c-1f67800cd867b9f7,loan_conversion_quote,2026-03-03T13:46:00.051+01:00,0,none,,background,
c-d8df4553dc1a6e7c,loan_conversion_quote,2026-03-03T13:46:12.758+01:00,0,none,,background,
c-d735b580b02eb6c5,loan_conversion_quote,2026-03-03T13:46:18.613+01:00,0,none,,background,
c-4540e68c85117dc3,mortgage_application,2026-03-03T13:50:48.456+01:00,0,none,,background,
c-d8f71f2b9237d22b,mortgage_application,2026-03-03T13:52:50.432+01:00,0,none,,background,
c-037606155a93a706,loan_conversion_quote,2026-03-03T13:53:41.088+01:00,0,none,,background,
c-a2100fa91f436ea2,mortgage_application,2026-03-03T13:54:11.165+01:00,0,none,,background,
c-0b70cc4d82d8b79d,mortgage_application,2026-03-03T13:55:55.760+01:00,0,none,,background,
c-408a51253409dfd4,mortgage_application,2026-03-03T13:57:03.645+01:00,0,none,,background,
c-4cbc8e43da03ba25,loan_conversion_quote,2026-03-03T13:57:38.410+01:00,0,none,,background,
c-75117b45199942a9,mortgage_application,2026-03-03T13:57:45.277+01:00,0,none,,background,
c-beafa54f74b84e53,disbursement,2026-03-03T13:59:48.943+01:00,0,none,,background,
c-ad726456cbecfda7,disbursement,2026-03-03T13:59:51.631+01:00,0,none,,background,
c-8e7421324c0a22e1,mortgage_application,2026-03-03T13:59:56.053+01:00,0,none,,background,
c-583e87b7b6463a77,mortgage_application,2026-03-03T13:59:56.263+01:00,0,none,,background,
c-c42324bb7236e52d,disbursement,2026-03-03T14:00:06.656+01:00,0,none,,background,
c-f2c66b32992cb4e5,mortgage_application,2026-03-03T14:00:58.132+01:00,0,none,,background,
c-9794c979677eb12b,mortgage_application,2026-03-03T14:04:12.751+01:00,0,none,,background,
c-3da48ba7bec6d496,mortgage_application,2026-03-03T14:04:38.387+01:00,0,none,,background,
c-5f1379bc6ae99d4a,mortgage_application,2026-03-03T14:06:06.577+01:00,0,none,,background,
c-3a9495bdd8bb5f66,loan_conversion_quote,2026-03-03T14:07:08.916+01:00,0,none,,background,
c-d3d84f433de4519c,loan_conversion_quote,2026-03-03T14:10:26.575+01:00,0,none,,background,
c-2d60e917dcda6d64,mortgage_application,2026-03-03T14:10:29.893+01:00,0,none,,background,
c-ed3c806e7b8f8cce,loan_conversion_quote,2026-03-03T14:12:13.006+01:00,0,none,,background,
c-a16cdeb226e9897c,loan_conversion_quote,2026-03-03T14:12:56.346+01:00,0,none,,background,
c-4ab74539e672e90e,mortgage_application,2026-03-03T14:13:10.696+01:00,0,none,,background,
c-a6445a18c3187654,mortgage_application,2026-03-03T14:13:16.042+01:00,0,none,,background,
c-6208b899c95ca72a,disbursement,2026-03-03T14:13:50.791+01:00,1,wrong_order,2,background,
c-baffc3340ae20a79,mortgage_application,2026-03-03T14:14:31.569+01:00,0,none,,background,
c-3948910578466555,mortgage_application,2026-03-03T14:14:36.611+01:00,0,none,,background,
c-8ba8cefe7c3ef18f,mortgage_application,2026-03-03T14:20:15.954+01:00,0,none,,background,
c-2341ff879bd067f1,mortgage_application,2026-03-03T14:22:55.765+01:00,0,none,,background,
c-871b07f5e057e93f,mortgage_application,2026-03-03T14:24:40.002+01:00,0,none,,background,
c-872e39ae281eeb0e,loan_conversion_quote,2026-03-03T14:25:35.971+01:00,0,none,,background,
c-9b48774e8ea85a74,loan_conversion_quote,2026-03-03T14:26:15.300+01:00,0,none,,background,
c-d2742c3c6ffd2794,loan_conversion_quote,2026-03-03T14:26:26.975+01:00,0,none,,background,
c-77828a1e2316f72a,mortgage_application,2026-03-03T14:27:15.474+01:00,0,none,,background,
c-22111bae601afe98,loan_conversion_quote,2026-03-03T14:33:02.407+01:00,0,none,,background,
c-aee23254fa8140e7,loan_conversion_quote,2026-03-03T14:34:25.850+01:00,0,none,,background,
c-4b79d311200f82df,mortgage_application,2026-03-03T14:36:36.394+01:00,0,none,,background,
c-fa5b2a96784cac5f,mortgage_application,2026-03-03T14:38:21.519+01:00,0,none,,background,
c-b669eade14c27c00,mortgage_application,2026-03-03T14:38:58.431+01:00,0,none,,background,
c-811ad139956e4aa3,mortgage_application,2026-03-03T14:39:53.198+01:00,0,none,,background,
c-b24bef9870514895,mortgage_application,2026-03-03T14:46:56.075+01:00,0,none,,background,
c-71b17c1c9f55713b,mortgage_application,2026-03-03T14:47:28.259+01:00,0,none,,background,
c-f0e049b3ea035310,loan_conversion_quote,2026-03-03T14:47:59.367+01:00,0,none,,background,
c-2a1914c84535e82a,mortgage_application,2026-03-03T14:48:46.275+01:00,0,none,,background,
c-1dbbd07039b4cf0e,mortgage_application,2026-03-03T14:49:03.592+01:00,0,none,,background,
c-93a6ceafeea670db,mortgage_application,2026-03-03T14:52:11.386+01:00,0,none,,background,
c-1d1a938237e79a90,mortgage_application,2026-03-03T14:54:19.475+01:00,0,none,,background,
c-10f4b9ede74587f3,mortgage_application,2026-03-03T14:57:45.274+01:00,0,none,,background,
c-de4218cd6c9e9a73,mortgage_application,2026-03-03T15:04:16.849+01:00,0,none,,background,
c-85df61a1e8b4adc1,mortgage_application,2026-03-03T15:04:52.468+01:00,0,none,,background,
c-0a35733f07d50218,loan_conversion_quote,2026-03-03T15:10:29.673+01:00,0,none,,background,
c-392a18f46b4e9f4b,loan_conversion_quote,2026-03-03T15:18:36.666+01:00,0,none,,background,
c-0d26002a721387e0,mortgage_application,2026-03-03T15:19:02.921+01:00,0,none,,background,
c-1cfae63a5d8767aa,mortgage_application,2026-03-03T15:20:32.693+01:00,0,none,,background,
c-c73d239bdd9e7a9d,mortgage_application,2026-03-03T15:21:03.279+01:00,0,none,,background,
c-fdefa11644205b92,disbursement,2026-03-03T15:21:21.994+01:00,0,none,,background,
c-009873688bde1cc6,mortgage_application,2026-03-03T15:21:37.703+01:00,0,none,,background,
c-28e63b4dc4325f8f,mortgage_application,2026-03-03T15:26:55.434+01:00,0,none,,background,
c-2300fdf63d245e19,loan_conversion_quote,2026-03-03T15:27:23.783+01:00,0,none,,background,
c-2f9fcd4b0a44589a,mortgage_application,2026-03-03T15:28:19.083+01:00,0,none,,background,
c-a2c80682628e2ff2,mortgage_application,2026-03-03T15:29:06.745+01:00,0,none,,background,
c-b48af64b7f1cba01,mortgage_application,2026-03-03T15:30:30.443+01:00,0,none,,background,
c-2fc684d7fc5a82a0,mortgage_application,2026-03-03T15:30:49.117+01:00,0,none,,background,
c-7062a0aa585914b2,loan_conversion_quote,2026-03-03T15:31:06.723+01:00,0,none,,background,
c-d097ba0d07598778,loan_conversion_quote,2026-03-03T15:32:06.873+01:00,0,none,,background,
c-b6b8492d02f064de,loan_conversion_quote,2026-03-03T15:33:53.482+01:00,0,none,,background,
c-3339b5ba473a1857,loan_conversion_quote,2026-03-03T15:36:00.028+01:00,0,none,,background,
c-dbafd5286cd6458e,loan_conversion_quote,2026-03-03T15:36:35.399+01:00,0,none,,background,
c-c32564f5f9a5dff1,loan_conversion_quote,2026-03-03T15:41:58.687+01:00,0,none,,background,
c-995461faeb41e67f,loan_conversion_quote,2026-03-03T15:47:45.692+01:00,0,none,,background,
c-5c66ea748dadf063,mortgage_application,2026-03-03T15:48:59.003+01:00,0,none,,background,
c-d530bc472ca0e355,loan_conversion_quote,2026-03-03T15:53:56.958+01:00,0,none,,background,
c-3c50592f00c5db11,mortgage_application,2026-03-03T15:54:06.876+01:00,0,none,,background,
c-f493e91b5d3f5c61,loan_conversion_quote,2026-03-03T16:05:27.553+01:00,0,none,,background,
c-20560327812a557e,mortgage_application,2026-03-03T16:07:13.297+01:00,0,none,,background,
c-1428a70bde113dfb,mortgage_application,2026-03-03T16:11:56.623+01:00,0,none,,background,
c-7b2ef106aa5e2f29,mortgage_application,2026-03-03T16:15:34.506+01:00,0,none,,background,
c-f4589d08c741d5c1,mortgage_application,2026-03-03T16:16:08.350+01:00,0,none,,background,
c-a11e3454ad2ae982,loan_conversion_quote,2026-03-03T16:18:30.165+01:00,0,none,,background,
c-d74448efe073891b,mortgage_application,2026-03-03T16:24:48.146+01:00,0,none,,background,
c-d8fa480098488006,mortgage_application,2026-03-03T16:27:04.188+01:00,0,none,,background,
c-f25e2aa4516532d6,loan_conversion_quote,2026-03-03T16:28:14.565+01:00,0,none,,background,
c-743ffb1341da396b,mortgage_application,2026-03-03T16:28:33.175+01:00,0,none,,background,
c-dcd80c8a645f5e3c,loan_conversion_quote,2026-03-03T16:30:51.158+01:00,0,none,,background,
c-f544466290d50280,loan_conversion_quote,2026-03-03T16:31:37.874+01:00,0,none,,background,
c-fe555590318bb4a7,loan_conversion_quote,2026-03-03T16:35:53.316+01:00,0,none,,background,
c-1d8f9eb8dd0d501b,mortgage_application,2026-03-03T16:40:16.151+01:00,0,none,,background,
c-794770f1b34f3b74,mortgage_application,2026-03-03T16:40:51.671+01:00,0,none,,background,
c-e9dc78f97f5b1112,loan_conversion_quote,2026-03-03T17:23:54.014+01:00,0,none,,background,
c-3d8e66c37909215b,loan_conversion_quote,2026-03-03T17:27:44.992+01:00,0,none,,background,
c-d126850bf2c866ad,loan_conversion_quote,2026-03-03T18:00:43.103+01:00,0,none,,background,
c-b88e586f26327a11,loan_conversion_quote,2026-03-03T18:09:08.528+01:00,0,none,,background,
c-6b990f5a84fedca4,loan_conversion_quote,2026-03-03T18:17:39.452+01:00,0,none,,background,
c-7344b2819408a0cf,loan_conversion_quote,2026-03-03T18:47:00.913+01:00,0,none,,background,
c-c1cea4a90426dbd0,loan_conversion_quote,2026-03-03T18:48:27.634+01:00,0,none,,background,
c-9c7103d5fe27468d,loan_conversion_quote,2026-03-03T18:54:48.592+01:00,0,none,,background,
c-d481da4edd37335e,loan_conversion_quote,2026-03-03T19:04:07.897+01:00,0,none,,background,
c-36f09c9d989adcbb,loan_conversion_quote,2026-03-03T19:21:28.548+01:00,0,none,,background,
c-868cc2bb3d358066,loan_conversion_quote,2026-03-03T19:28:03.280+01:00,0,none,,background,
c-edda20741eabff06,loan_conversion_quote,2026-03-03T19:28:49.769+01:00,0,none,,background,
c-c3184fd182f15e91,loan_conversion_quote,2026-03-03T19:55:58.666+01:00,0,none,,background,
c-e59ee145036b5e54,loan_conversion_quote,2026-03-03T19:59:47.156+01:00,0,none,,background,
c-8003ace57db128d8,loan_conversion_quote,2026-03-03T20:08:48.062+01:00,0,none,,background,
c-6907c6f057f4a148,loan_conversion_quote,2026-03-03T20:30:06.195+01:00,0,none,,background,
c-3b6a19a25bb6a06c,loan_conversion_quote,2026-03-03T20:50:48.161+01:00,0,none,,background,
c-9b04ab3712090935,instalment_collection,2026-03-04T02:02:16.566+01:00,0,none,,background,
c-a436a7557819d851,instalment_collection,2026-03-04T02:04:21.163+01:00,0,none,,background,
c-cfdab22e4173e530,instalment_collection,2026-03-04T02:05:39.646+01:00,0,none,,background,
c-f1d72b1b3d194091,instalment_collection,2026-03-04T02:06:01.369+01:00,0,none,,background,
c-b88f8019fb4f4834,instalment_collection,2026-03-04T02:06:19.081+01:00,0,none,,background,
c-87f8358d5aece4cb,instalment_collection,2026-03-04T02:06:45.795+01:00,0,none,,background,
c-f7a5be439e342cb1,instalment_collection,2026-03-04T02:09:03.793+01:00,0,none,,background,
c-1a57dc2f09a68962,instalment_collection,2026-03-04T02:10:25.525+01:00,0,none,,background,
c-d3ad526f9d8a595f,instalment_collection,2026-03-04T02:12:09.455+01:00,0,none,,background,
c-29a0470358999129,instalment_collection,2026-03-04T02:12:45.050+01:00,0,none,,background,
c-a3a6ac9ee6a2c8f3,instalment_collection,2026-03-04T02:13:20.120+01:00,0,none,,background,
c-0b611ee1396c2f11,instalment_collection,2026-03-04T02:14:13.516+01:00,0,none,,background,
c-b972aaf27869b763,instalment_collection,2026-03-04T02:14:42.861+01:00,0,none,,background,
c-b09248eff32c1baa,instalment_collection,2026-03-04T02:14:54.716+01:00,0,none,,background,
c-883c768f1eda579b,instalment_collection,2026-03-04T02:15:01.329+01:00,0,none,,background,
c-c1b8517b810980bd,instalment_collection,2026-03-04T02:15:05.188+01:00,0,none,,background,
c-af3c65ecb9c1dfa2,instalment_collection,2026-03-04T02:16:11.138+01:00,0,none,,background,
c-86c8020163b0fd1d,instalment_collection,2026-03-04T02:16:20.515+01:00,0,none,,background,
c-2cfa744017fe0c9f,instalment_collection,2026-03-04T02:16:31.663+01:00,0,none,,background,
c-5b9a0f99ea0dfdfe,instalment_collection,2026-03-04T02:16:35.196+01:00,0,none,,background,
c-ef565083f802a7e8,instalment_collection,2026-03-04T02:16:46.465+01:00,0,none,,background,
c-c7823c426a8a4048,instalment_collection,2026-03-04T02:17:14.166+01:00,0,none,,background,
c-56ee62fd40449672,instalment_collection,2026-03-04T02:18:03.047+01:00,0,none,,background,
c-fd0837b8760a4b97,instalment_collection,2026-03-04T02:18:34.419+01:00,0,none,,background,
c-fcd726ea4894c80c,instalment_collection,2026-03-04T02:18:38.581+01:00,0,none,,background,
c-2d1f3f3fad041795,instalment_collection,2026-03-04T02:19:24.991+01:00,0,none,,background,
c-536e66fd771a1eb2,instalment_collection,2026-03-04T02:20:04.979+01:00,0,none,,background,
c-4ffc768a9b328f9f,instalment_collection,2026-03-04T02:20:55.517+01:00,0,none,,background,
c-79adffb1e8e81d0e,instalment_collection,2026-03-04T02:21:29.969+01:00,0,none,,background,
c-a93e42ca411f1731,instalment_collection,2026-03-04T02:21:58.060+01:00,0,none,,background,
c-45b27876622921d9,instalment_collection,2026-03-04T02:22:18.725+01:00,0,none,,background,
c-ff3e5951738ba620,instalment_collection,2026-03-04T02:22:32.186+01:00,0,none,,background,
c-d50a27ce9f5ae354,instalment_collection,2026-03-04T02:23:00.966+01:00,0,none,,background,
c-51b95adf2cfaa6ac,instalment_collection,2026-03-04T02:23:04.617+01:00,0,none,,background,
c-135900516effc370,instalment_collection,2026-03-04T02:23:47.240+01:00,0,none,,background,
c-9e3e50ae0a9f8ade,instalment_collection,2026-03-04T02:23:50.078+01:00,0,none,,background,
c-534788a32b47079c,instalment_collection,2026-03-04T02:23:56.637+01:00,0,none,,background,
c-8ab70dca0c5f993b,instalment_collection,2026-03-04T02:24:29.314+01:00,0,none,,background,
c-c2a4ec43a76ad4b4,instalment_collection,2026-03-04T02:24:56.594+01:00,0,none,,background,
c-33487e263c0c37c9,instalment_collection,2026-03-04T02:25:11.756+01:00,0,none,,background,
c-37dfb77b1e2b360e,instalment_collection,2026-03-04T02:25:30.414+01:00,0,none,,background,
c-b452ea2bc38e7451,instalment_collection,2026-03-04T02:26:04.979+01:00,0,none,,background,
c-e114b3044b81e266,instalment_collection,2026-03-04T02:27:07.384+01:00,0,none,,background,
c-a2327c3454553d6e,instalment_collection,2026-03-04T02:27:14.255+01:00,0,none,,background,
c-eb85eaf78d648e6b,instalment_collection,2026-03-04T02:27:34.656+01:00,0,none,,background,
c-dbcd068452a23096,instalment_collection,2026-03-04T02:28:49.575+01:00,0,none,,background,
c-0b431fc1507226aa,instalment_collection,2026-03-04T02:29:37.220+01:00,0,none,,background,
c-97546b0a830f008e,instalment_collection,2026-03-04T02:29:40.831+01:00,0,none,,background,
c-0ac12a37f9c487c6,instalment_collection,2026-03-04T02:30:53.068+01:00,0,none,,background,
c-2f96dd2ff3668ab7,instalment_collection,2026-03-04T02:30:53.911+01:00,0,none,,background,
c-28a518de415badad,instalment_collection,2026-03-04T02:32:11.724+01:00,0,none,,background,
c-a36ac5aa8f0f1d11,instalment_collection,2026-03-04T02:32:30.506+01:00,0,none,,background,
c-044db995da36957b,instalment_collection,2026-03-04T02:32:30.850+01:00,0,none,,background,
c-46b57a734c5eb386,instalment_collection,2026-03-04T02:32:32.654+01:00,0,none,,background,
c-9aae9d5fd21a2d6d,instalment_collection,2026-03-04T02:32:55.399+01:00,0,none,,background,
c-ea915dea11ccef69,instalment_collection,2026-03-04T02:32:58.703+01:00,0,none,,background,
c-f7b2a35815a6145c,instalment_collection,2026-03-04T02:33:16.589+01:00,0,none,,background,
c-76461f79f41bb198,instalment_collection,2026-03-04T02:33:35.752+01:00,0,none,,background,
c-bbc7972e2211561e,instalment_collection,2026-03-04T02:33:52.057+01:00,0,none,,background,
c-d7b26643693b01d5,instalment_collection,2026-03-04T02:33:56.709+01:00,0,none,,background,
c-1beb7a4449850aa1,instalment_collection,2026-03-04T02:34:14.024+01:00,0,none,,background,
c-6bb12083a15fb032,instalment_collection,2026-03-04T02:34:14.200+01:00,0,none,,background,
c-c2597dcee1c328b7,instalment_collection,2026-03-04T02:34:19.415+01:00,0,none,,background,
c-066dd336b223b3fb,instalment_collection,2026-03-04T02:34:42.085+01:00,0,none,,background,
c-f54caac4698b846c,instalment_collection,2026-03-04T02:34:56.528+01:00,0,none,,background,
c-163069fb15a8cea0,instalment_collection,2026-03-04T02:35:06.113+01:00,0,none,,background,
c-b25c67a864d8cc39,instalment_collection,2026-03-04T02:35:09.759+01:00,0,none,,background,
c-8542dc317d441614,instalment_collection,2026-03-04T02:35:38.104+01:00,0,none,,background,
c-f22ed5aba6fdf2d8,instalment_collection,2026-03-04T02:35:41.493+01:00,0,none,,background,
c-20b50d9110358d77,instalment_collection,2026-03-04T02:35:57.189+01:00,0,none,,background,
c-91dc50eb392334f6,instalment_collection,2026-03-04T02:36:54.691+01:00,0,none,,background,
c-ec5be7585b59f34e,instalment_collection,2026-03-04T02:37:02.019+01:00,0,none,,background,
c-1bcfc3d0df30d288,instalment_collection,2026-03-04T02:37:02.563+01:00,0,none,,background,
c-08097d5ce7723d5e,instalment_collection,2026-03-04T02:37:03.944+01:00,0,none,,background,
c-bc2f4a941000072f,instalment_collection,2026-03-04T02:37:23.519+01:00,0,none,,background,
c-23f0a414577db608,instalment_collection,2026-03-04T02:37:29.112+01:00,0,none,,background,
c-86a3bc93e03db870,instalment_collection,2026-03-04T02:37:32.623+01:00,0,none,,background,
c-adb508fa89142819,instalment_collection,2026-03-04T02:37:40.937+01:00,0,none,,background,
c-c7db05d3b58cc937,instalment_collection,2026-03-04T02:37:52.338+01:00,0,none,,background,
c-0d7476190127364f,instalment_collection,2026-03-04T02:38:13.189+01:00,0,none,,background,
c-115e7bf9d5c655d9,instalment_collection,2026-03-04T02:38:19.465+01:00,0,none,,background,
c-4de3877fda51ffad,instalment_collection,2026-03-04T02:38:51.513+01:00,0,none,,background,
c-cd34ed8b524b7362,instalment_collection,2026-03-04T02:39:13.570+01:00,0,none,,background,
c-79f44b059137efe9,instalment_collection,2026-03-04T02:39:16.197+01:00,0,none,,background,
c-56ea7d9d7c0966fc,instalment_collection,2026-03-04T02:39:26.874+01:00,0,none,,background,
c-ef66b9927be8f87a,instalment_collection,2026-03-04T02:39:31.979+01:00,0,none,,background,
c-b6287f1effd47efc,instalment_collection,2026-03-04T02:39:32.125+01:00,0,none,,background,
c-4b6c49a06325b275,instalment_collection,2026-03-04T02:39:34.175+01:00,0,none,,background,
c-d5d287baa4928cf4,instalment_collection,2026-03-04T02:40:07.271+01:00,0,none,,background,
c-f6056189c5ba26ce,instalment_collection,2026-03-04T02:40:16.765+01:00,0,none,,background,
c-800ffb620bdc1060,instalment_collection,2026-03-04T02:40:48.198+01:00,0,none,,background,
c-6708153e2ea4820b,instalment_collection,2026-03-04T02:41:12.378+01:00,0,none,,background,
c-fce1b036d0bd9156,instalment_collection,2026-03-04T02:41:12.710+01:00,0,none,,background,
c-8fa6f5ab4be6d5a0,instalment_collection,2026-03-04T02:42:15.756+01:00,0,none,,background,
c-b365e1c726cfb940,instalment_collection,2026-03-04T02:42:17.125+01:00,0,none,,background,
c-ce34806ea260d38b,instalment_collection,2026-03-04T02:42:31.207+01:00,0,none,,background,
c-bae264035413cfe0,instalment_collection,2026-03-04T02:42:38.655+01:00,0,none,,background,
c-8a4d91fd62651b56,instalment_collection,2026-03-04T02:43:20.769+01:00,0,none,,background,
c-c012406cd519e39f,instalment_collection,2026-03-04T02:43:44.396+01:00,0,none,,background,
c-dd2822d986b7a2f6,instalment_collection,2026-03-04T02:43:53.961+01:00,0,none,,background,
c-f29da125871ce267,instalment_collection,2026-03-04T02:44:11.179+01:00,0,none,,background,
c-a61e256e3fbf74be,instalment_collection,2026-03-04T02:44:15.805+01:00,0,none,,background,
c-3a1df82b98b8de92,instalment_collection,2026-03-04T02:44:18.293+01:00,0,none,,background,
c-074b13a228630cf5,instalment_collection,2026-03-04T02:44:55.362+01:00,0,none,,background,
c-09d960eaa9adf4a8,instalment_collection,2026-03-04T02:45:06.152+01:00,0,none,,background,
c-a218c61934097f5c,instalment_collection,2026-03-04T02:45:25.752+01:00,0,none,,background,
c-4d20b163e4479769,instalment_collection,2026-03-04T02:45:48.418+01:00,0,none,,background,
c-4da072a1ae736405,instalment_collection,2026-03-04T02:45:56.688+01:00,0,none,,background,
c-1ff610828de84c7f,instalment_collection,2026-03-04T02:46:49.876+01:00,0,none,,background,
c-2653263ed977face,instalment_collection,2026-03-04T02:47:38.520+01:00,0,none,,background,
c-5d5991af88746071,instalment_collection,2026-03-04T02:48:05.908+01:00,0,none,,background,
c-dd8fd81d996b5781,instalment_collection,2026-03-04T02:48:06.516+01:00,0,none,,background,
c-5970ceaa1142ec3d,instalment_collection,2026-03-04T02:48:09.368+01:00,0,none,,background,
c-36e2cd12b530f616,instalment_collection,2026-03-04T02:48:44.651+01:00,0,none,,background,
c-6611fa53ab2415fc,instalment_collection,2026-03-04T02:49:27.782+01:00,0,none,,background,
c-cfd1ce5ed60f7a85,instalment_collection,2026-03-04T02:49:39.618+01:00,0,none,,background,
c-f9692dd844b0fb20,instalment_collection,2026-03-04T02:49:48.349+01:00,0,none,,background,
c-93984775018c07a3,instalment_collection,2026-03-04T02:49:51.856+01:00,0,none,,background,
c-15ad8263f0720b83,instalment_collection,2026-03-04T02:49:58.828+01:00,0,none,,background,
c-8b572af9060455d1,instalment_collection,2026-03-04T02:50:03.305+01:00,0,none,,background,
c-f8f4b6ac9dec1906,instalment_collection,2026-03-04T02:50:22.476+01:00,0,none,,background,
c-fe7b0df7b69e28e6,instalment_collection,2026-03-04T02:50:34.343+01:00,0,none,,background,
c-6ab06c4bbf79de1c,instalment_collection,2026-03-04T02:50:37.084+01:00,0,none,,background,
c-b0b275db7d00a8e8,instalment_collection,2026-03-04T02:50:48.504+01:00,0,none,,background,
c-27c7f1ebfcc898f9,instalment_collection,2026-03-04T02:50:51.072+01:00,0,none,,background,
c-3aef27fa13567573,instalment_collection,2026-03-04T02:51:04.362+01:00,0,none,,background,
c-6685a625afccde7c,instalment_collection,2026-03-04T02:51:11.345+01:00,0,none,,background,
c-1a5360bf559ddbe2,instalment_collection,2026-03-04T02:51:41.408+01:00,0,none,,background,
c-84c56d3dda915721,instalment_collection,2026-03-04T02:51:53.083+01:00,0,none,,background,
c-790f5ec717edd661,instalment_collection,2026-03-04T02:52:15.011+01:00,0,none,,background,
c-b82fecbe8fbd1627,instalment_collection,2026-03-04T02:52:23.712+01:00,0,none,,background,
c-5c24c72bd3418796,instalment_collection,2026-03-04T02:52:27.936+01:00,0,none,,background,
c-431c94111cc255f7,instalment_collection,2026-03-04T02:53:05.766+01:00,0,none,,background,
c-7dfcc515255e707a,instalment_collection,2026-03-04T02:53:10.940+01:00,0,none,,background,
c-6803d133090af342,instalment_collection,2026-03-04T02:53:22.788+01:00,0,none,,background,
c-2c0992d25a9f343b,instalment_collection,2026-03-04T02:53:26.008+01:00,0,none,,background,
c-d5fa4ab4e6411c92,instalment_collection,2026-03-04T02:53:50.875+01:00,0,none,,background,
c-1e73e208bdbf18fc,instalment_collection,2026-03-04T02:54:31.409+01:00,0,none,,background,
c-095da8704107b5ae,instalment_collection,2026-03-04T02:54:45.897+01:00,0,none,,background,
c-3deeda1519bcd2ac,instalment_collection,2026-03-04T02:55:02.018+01:00,0,none,,background,
c-9df3849e8f86e754,instalment_collection,2026-03-04T02:55:21.848+01:00,0,none,,background,
c-438e572ff583397a,instalment_collection,2026-03-04T02:55:37.017+01:00,0,none,,background,
c-1c02b83349649656,instalment_collection,2026-03-04T02:56:10.975+01:00,0,none,,background,
c-1c3b2b946a40a083,instalment_collection,2026-03-04T02:56:14.917+01:00,0,none,,background,
c-87d920de3bdb3bf6,instalment_collection,2026-03-04T02:56:22.127+01:00,0,none,,background,
c-718c7111ae8577aa,instalment_collection,2026-03-04T02:56:42.161+01:00,0,none,,background,
c-827e373de6d4ce91,instalment_collection,2026-03-04T02:56:44.257+01:00,0,none,,background,
c-e155120fef22924e,instalment_collection,2026-03-04T02:56:48.557+01:00,0,none,,background,
c-f159486b6185c014,instalment_collection,2026-03-04T02:56:49.163+01:00,0,none,,background,
c-504764e18341ba3d,instalment_collection,2026-03-04T02:58:15.250+01:00,0,none,,background,
c-dda1f615021509ad,instalment_collection,2026-03-04T02:59:24.627+01:00,0,none,,background,
c-dbf493d927605a5b,instalment_collection,2026-03-04T02:59:32.780+01:00,0,none,,background,
c-3d9f5c67345086a1,instalment_collection,2026-03-04T02:59:33.080+01:00,0,none,,background,
c-1d2aa22065a7d731,instalment_collection,2026-03-04T02:59:53.923+01:00,0,none,,background,
c-8e4baf83f626f310,instalment_collection,2026-03-04T03:00:05.108+01:00,0,none,,background,
c-81e90fd3ecf824fe,instalment_collection,2026-03-04T03:00:07.392+01:00,0,none,,background,
c-cb7994e67f8685fe,instalment_collection,2026-03-04T03:00:49.855+01:00,0,none,,background,
c-19363002d7623dc6,instalment_collection,2026-03-04T03:01:17.998+01:00,0,none,,background,
c-8d1e4a9490166f14,instalment_collection,2026-03-04T03:01:32.215+01:00,0,none,,background,
c-2967e15f83167b6d,instalment_collection,2026-03-04T03:01:55.714+01:00,0,none,,background,
c-81484aee10771b4b,instalment_collection,2026-03-04T03:01:55.878+01:00,0,none,,background,
c-b1615ffa934eed58,instalment_collection,2026-03-04T03:01:59.740+01:00,0,none,,background,
c-bdb9a91cf5601de5,instalment_collection,2026-03-04T03:03:00.158+01:00,0,none,,background,
c-eadd11c13ef2311f,instalment_collection,2026-03-04T03:03:15.718+01:00,0,none,,background,
c-ccefe6ec6649ac11,instalment_collection,2026-03-04T03:03:34.766+01:00,0,none,,background,
c-8b883cace3a1f1c4,instalment_collection,2026-03-04T03:04:10.380+01:00,0,none,,background,
c-a4add943dd18cfa5,instalment_collection,2026-03-04T03:04:44.649+01:00,0,none,,background,
c-3a1f912cae93574c,instalment_collection,2026-03-04T03:05:54.226+01:00,0,none,,background,
c-96b8e8a925875f3c,instalment_collection,2026-03-04T03:06:48.308+01:00,0,none,,background,
c-2e276f82a01628bc,instalment_collection,2026-03-04T03:06:48.897+01:00,0,none,,background,
c-afad62ad90f0bfd1,instalment_collection,2026-03-04T03:06:49.338+01:00,0,none,,background,
c-4545db29a496c3ef,instalment_collection,2026-03-04T03:07:15.138+01:00,0,none,,background,
c-765dbdfe0945a1b4,instalment_collection,2026-03-04T03:07:19.047+01:00,0,none,,background,
c-7915600ab6f91c70,instalment_collection,2026-03-04T03:08:24.792+01:00,0,none,,background,
c-009e862dde3dd475,instalment_collection,2026-03-04T03:10:15.343+01:00,0,none,,background,
c-148f10c5d6c252ff,instalment_collection,2026-03-04T03:10:27.082+01:00,0,none,,background,
c-2ce6a31148085513,instalment_collection,2026-03-04T03:11:33.146+01:00,0,none,,background,
c-83ff955b52c62f27,instalment_collection,2026-03-04T03:11:38.582+01:00,0,none,,background,
c-53a9ea52b537f66a,instalment_collection,2026-03-04T03:11:57.756+01:00,0,none,,background,
c-e0dc690f7aee2e6c,instalment_collection,2026-03-04T03:12:42.116+01:00,0,none,,background,
c-b85ca8d617037c8e,instalment_collection,2026-03-04T03:12:51.598+01:00,0,none,,background,
c-67ba076639b96aa5,instalment_collection,2026-03-04T03:13:04.220+01:00,0,none,,background,
c-0b57b6e440b609bd,instalment_collection,2026-03-04T03:13:37.836+01:00,0,none,,background,
c-bf1a2d2bca8a0a89,instalment_collection,2026-03-04T03:13:43.829+01:00,0,none,,background,
c-047276d98fe5646d,instalment_collection,2026-03-04T03:14:21.796+01:00,0,none,,background,
c-87a143cf777fc829,instalment_collection,2026-03-04T03:14:22.357+01:00,0,none,,background,
c-896ffe21694375a8,instalment_collection,2026-03-04T03:14:50.470+01:00,0,none,,background,
c-44612887141bf23a,instalment_collection,2026-03-04T03:14:52.729+01:00,0,none,,background,
c-9a0964f7ad200cc6,instalment_collection,2026-03-04T03:15:35.457+01:00,0,none,,background,
c-f95fe3fa20eb35d8,instalment_collection,2026-03-04T03:16:10.810+01:00,0,none,,background,
c-0c84d6a51c02c161,instalment_collection,2026-03-04T03:16:26.574+01:00,0,none,,background,
c-7365b4c30018e90a,instalment_collection,2026-03-04T03:17:07.402+01:00,0,none,,background,
c-bf388055c63477e6,instalment_collection,2026-03-04T03:18:01.197+01:00,0,none,,background,
c-9e9bc583d4d64a88,instalment_collection,2026-03-04T03:19:16.303+01:00,0,none,,background,
c-88ee7d2d7a78670f,instalment_collection,2026-03-04T03:19:49.608+01:00,0,none,,background,
c-cd9e566098efc6f4,instalment_collection,2026-03-04T03:20:26.401+01:00,0,none,,background,
c-9641b96c215c9c67,instalment_collection,2026-03-04T03:21:10.806+01:00,0,none,,background,
c-9b1b1a2ab3e33347,instalment_collection,2026-03-04T03:21:37.560+01:00,0,none,,background,
c-eae6280482f10455,instalment_collection,2026-03-04T03:22:53.738+01:00,0,none,,background,
c-98924942fd4154ae,instalment_collection,2026-03-04T03:27:11.325+01:00,0,none,,background,
c-0c07a3bc5881d3d0,mortgage_application,2026-03-04T08:21:54.887+01:00,0,none,,background,
c-468b8ed71bf5236f,loan_conversion_quote,2026-03-04T08:24:10.577+01:00,0,none,,background,
c-49ec38f7f0d3f9d7,loan_conversion_quote,2026-03-04T08:30:21.148+01:00,0,none,,background,
c-97fc35cfb08cb0e2,loan_conversion_quote,2026-03-04T08:34:22.214+01:00,0,none,,background,
c-8f207fd006e7ef4c,loan_conversion_quote,2026-03-04T08:37:36.281+01:00,0,none,,background,
c-fa78b5f4b48a5ca7,loan_conversion_quote,2026-03-04T08:50:55.178+01:00,0,none,,background,
c-f040740bac78174a,loan_conversion_quote,2026-03-04T08:55:45.175+01:00,0,none,,background,
c-fb56443dcf46fdda,loan_conversion_quote,2026-03-04T08:55:45.830+01:00,0,none,,background,
c-4246b8e7ae4ee6e1,mortgage_application,2026-03-04T09:01:00.500+01:00,0,none,,background,
c-da80d624c81d88eb,loan_conversion_quote,2026-03-04T09:07:43.819+01:00,0,none,,background,
c-8b9f1aedbb8711c9,mortgage_application,2026-03-04T09:10:09.874+01:00,0,none,,background,
c-972431b5366cbfe1,loan_conversion_quote,2026-03-04T09:12:14.352+01:00,0,none,,background,
c-01ba1b41b303e757,loan_conversion_quote,2026-03-04T09:19:46.005+01:00,0,none,,background,
c-2d633554853348b0,mortgage_application,2026-03-04T09:23:28.439+01:00,0,none,,background,
c-e34844140ddc6f82,mortgage_application,2026-03-04T09:26:33.455+01:00,0,none,,background,
c-049075b99d41fce2,mortgage_application,2026-03-04T09:35:57.046+01:00,0,none,,background,
c-e832eea0ca69f68d,mortgage_application,2026-03-04T09:47:31.305+01:00,0,none,,background,
c-7cc3a95ec35587b9,mortgage_application,2026-03-04T09:48:07.892+01:00,0,none,,background,
c-a518a4ff40e1f0c9,loan_conversion_quote,2026-03-04T09:52:01.914+01:00,0,none,,background,
c-fb6f5e587e50e313,disbursement,2026-03-04T09:54:51.581+01:00,0,none,,background,
c-38bbb49f1d255c10,loan_conversion_quote,2026-03-04T09:55:21.017+01:00,0,none,,background,
c-da06c0960e3369ed,loan_conversion_quote,2026-03-04T09:57:05.301+01:00,0,none,,background,
c-5b45c87c40c1080d,mortgage_application,2026-03-04T09:58:18.256+01:00,0,none,,background,
c-4848a77dc370ae7d,mortgage_application,2026-03-04T09:59:36.799+01:00,0,none,,background,
c-18dec78236befb4b,loan_conversion_quote,2026-03-04T10:01:47.779+01:00,0,none,,background,
c-86cbc0c8fca0d0f6,disbursement,2026-03-04T10:02:54.643+01:00,0,none,,background,
c-e9ee3862fba6ee77,loan_conversion_quote,2026-03-04T10:03:28.077+01:00,0,none,,background,
c-42cb5fc765a6b4e4,mortgage_application,2026-03-04T10:04:18.907+01:00,0,none,,background,
c-573ce1393044d8e2,mortgage_application,2026-03-04T10:04:22.353+01:00,0,none,,background,
c-df0520aa573de941,loan_conversion_quote,2026-03-04T10:05:19.428+01:00,0,none,,background,
c-88f9280f4eb2947e,loan_conversion_quote,2026-03-04T10:09:57.603+01:00,0,none,,background,
c-db3880837cdaf843,mortgage_application,2026-03-04T10:10:50.225+01:00,0,none,,background,
c-72e90d0340f18d2c,loan_conversion_quote,2026-03-04T10:12:04.760+01:00,0,none,,background,
c-aebdb9d023c41c5e,mortgage_application,2026-03-04T10:13:03.182+01:00,0,none,,background,
c-a360af401500f4a4,loan_conversion_quote,2026-03-04T10:13:49.570+01:00,0,none,,background,
c-c5235ec99449a144,mortgage_application,2026-03-04T10:16:09.228+01:00,0,none,,background,
c-0f65d9b76cb8aebe,mortgage_application,2026-03-04T10:17:32.231+01:00,0,none,,background,
c-a4e91841eac9d372,disbursement,2026-03-04T10:20:48.295+01:00,0,none,,background,
c-ea8d0e2bbf37e23f,loan_conversion_quote,2026-03-04T10:20:56.601+01:00,0,none,,background,
c-cac7758a79615c47,loan_conversion_quote,2026-03-04T10:21:12.147+01:00,0,none,,background,
c-8b2d45595f4265e0,mortgage_application,2026-03-04T10:21:15.582+01:00,0,none,,background,
c-3d528611e516e60a,disbursement,2026-03-04T10:24:41.550+01:00,0,none,,background,
c-d10e160f9097f0b8,disbursement,2026-03-04T10:26:09.675+01:00,0,none,,background,
c-25aefe4c96b2fe6c,mortgage_application,2026-03-04T10:27:45.538+01:00,0,none,,background,
c-2889ab4c76cdaa9c,disbursement,2026-03-04T10:29:50.961+01:00,0,none,,background,
c-ae8f56b01f900945,disbursement,2026-03-04T10:32:16.872+01:00,0,none,,background,
c-fb28ad7fa6bea0ac,mortgage_application,2026-03-04T10:33:08.172+01:00,0,none,,background,
c-3373544da8a830f0,loan_conversion_quote,2026-03-04T10:33:43.098+01:00,0,none,,background,
c-2a54db8996a22970,disbursement,2026-03-04T10:35:18.500+01:00,0,none,,background,
c-899dc9161edb3182,loan_conversion_quote,2026-03-04T10:36:36.537+01:00,0,none,,background,
c-2d877057693277e0,loan_conversion_quote,2026-03-04T10:42:53.925+01:00,0,none,,background,
c-5fd052d8e71df1ef,disbursement,2026-03-04T10:43:35.789+01:00,0,none,,background,
c-a680b4422e956c45,mortgage_application,2026-03-04T10:45:10.013+01:00,0,none,,background,
c-4ee2bc8331f37c9c,loan_conversion_quote,2026-03-04T10:46:40.700+01:00,0,none,,background,
c-69714b9a0024bd11,mortgage_application,2026-03-04T10:50:41.717+01:00,0,none,,background,
c-1c3131757e1fc3e2,loan_conversion_quote,2026-03-04T10:52:49.054+01:00,0,none,,background,
c-e0305a143ec43c60,mortgage_application,2026-03-04T10:55:58.753+01:00,0,none,,background,
c-1e6beb0fa2493644,disbursement,2026-03-04T10:56:00.561+01:00,0,none,,background,
c-9000210bdb464ed0,disbursement,2026-03-04T10:58:48.929+01:00,0,none,,background,
c-61f938bda062c8cf,loan_conversion_quote,2026-03-04T10:58:50.776+01:00,0,none,,background,
c-5ad9edadb44e1a5a,disbursement,2026-03-04T10:59:31.910+01:00,0,none,,background,
c-749d9774742251c4,loan_conversion_quote,2026-03-04T10:59:59.664+01:00,0,none,,background,
c-a7c33c56f4290132,mortgage_application,2026-03-04T11:00:48.359+01:00,0,none,,background,
c-d375f399650c3c04,mortgage_application,2026-03-04T11:02:41.477+01:00,0,none,,background,
c-c6d01cfbf5ab14c6,mortgage_application,2026-03-04T11:03:39.197+01:00,0,none,,background,
c-e5a1ee16270c8478,disbursement,2026-03-04T11:04:02.786+01:00,0,none,,background,
c-89e75c301be9c445,disbursement,2026-03-04T11:06:04.774+01:00,0,none,,background,
c-07c0edf046021bd3,mortgage_application,2026-03-04T11:09:11.925+01:00,0,none,,background,
c-25c1d1ab15ec083f,mortgage_application,2026-03-04T11:09:47.467+01:00,0,none,,background,
c-3515034458557287,mortgage_application,2026-03-04T11:11:10.633+01:00,0,none,,background,
c-e4b1c1ed58e594b4,mortgage_application,2026-03-04T11:11:36.274+01:00,0,none,,background,
c-0b43388ca4106508,mortgage_application,2026-03-04T11:11:55.591+01:00,0,none,,background,
c-81db3435257c5739,mortgage_application,2026-03-04T11:12:40.951+01:00,0,none,,background,
c-a713b2536d41fcbb,mortgage_application,2026-03-04T11:14:41.419+01:00,0,none,,background,
c-19707fc9b0342b29,disbursement,2026-03-04T11:14:41.504+01:00,0,none,,background,
c-c7fe4f69f5c25740,mortgage_application,2026-03-04T11:16:20.543+01:00,0,none,,background,
c-f86c052f34508689,mortgage_application,2026-03-04T11:17:18.459+01:00,0,none,,background,
c-36670cd45d1a2ac4,mortgage_application,2026-03-04T11:17:19.232+01:00,0,none,,background,
c-66b33a1d5971f6fc,mortgage_application,2026-03-04T11:20:51.044+01:00,0,none,,background,
c-1379cdd3b321dd55,mortgage_application,2026-03-04T11:24:56.310+01:00,0,none,,background,
c-fb2d101b690cda9c,loan_conversion_quote,2026-03-04T11:27:27.775+01:00,0,none,,background,
c-94e21e79a94ce5f0,loan_conversion_quote,2026-03-04T11:27:56.879+01:00,0,none,,background,
c-24be0e9849dc2b99,loan_conversion_quote,2026-03-04T11:28:09.213+01:00,0,none,,background,
c-e9211bc3910c3d59,mortgage_application,2026-03-04T11:29:26.275+01:00,0,none,,background,
c-f03cf0c8b47c54f5,mortgage_application,2026-03-04T11:29:31.936+01:00,0,none,,background,
c-a631fdc69841bf28,mortgage_application,2026-03-04T11:30:22.099+01:00,0,none,,background,
c-6063567b1fdadaab,loan_conversion_quote,2026-03-04T11:31:04.462+01:00,0,none,,background,
c-55bd395a212fafa2,mortgage_application,2026-03-04T11:31:11.148+01:00,0,none,,background,
c-6c2458cb1b6192fa,loan_conversion_quote,2026-03-04T11:34:58.076+01:00,0,none,,background,
c-2ee124d2aa5f7307,loan_conversion_quote,2026-03-04T11:35:03.128+01:00,0,none,,background,
c-380f48926f08e19f,mortgage_application,2026-03-04T11:36:51.925+01:00,0,none,,background,
c-3f005d0c6b2a410c,mortgage_application,2026-03-04T11:37:10.457+01:00,0,none,,background,
c-c27136edfcec68f0,loan_conversion_quote,2026-03-04T11:38:32.155+01:00,0,none,,background,
c-15e8ab196b78b12e,disbursement,2026-03-04T11:38:54.482+01:00,0,none,,background,
c-03d4afeb020846f4,loan_conversion_quote,2026-03-04T11:39:16.786+01:00,0,none,,background,
c-21e5568962245177,mortgage_application,2026-03-04T11:40:50.220+01:00,0,none,,background,
c-336d71535ffa0c2c,mortgage_application,2026-03-04T11:42:18.045+01:00,0,none,,background,
c-4ecaecf6bcfa594e,disbursement,2026-03-04T11:43:53.978+01:00,0,none,,background,
c-9f87c07b517e180c,loan_conversion_quote,2026-03-04T11:44:10.334+01:00,0,none,,background,
c-e02664a4432eab1a,loan_conversion_quote,2026-03-04T11:45:08.564+01:00,0,none,,background,
c-e1a77cfbb5a09033,loan_conversion_quote,2026-03-04T11:45:29.904+01:00,0,none,,background,
c-047fed677bd8562a,mortgage_application,2026-03-04T11:46:27.316+01:00,0,none,,background,
c-6e02a3f73e80508d,mortgage_application,2026-03-04T11:46:35.562+01:00,0,none,,background,
c-ab48c3e33443a9c6,loan_conversion_quote,2026-03-04T11:46:46.251+01:00,0,none,,background,
c-4846f286b14f0e9c,loan_conversion_quote,2026-03-04T11:47:24.102+01:00,0,none,,background,
c-e9fa884a8f4d344e,mortgage_application,2026-03-04T11:47:52.264+01:00,0,none,,background,
c-d3bd19a0779ee256,loan_conversion_quote,2026-03-04T11:48:11.315+01:00,0,none,,background,
c-264d98f01ab474b2,mortgage_application,2026-03-04T11:50:36.057+01:00,0,none,,background,
c-e0d463d795c893ea,loan_conversion_quote,2026-03-04T11:55:08.395+01:00,0,none,,background,
c-0aeeeed8f40716cf,mortgage_application,2026-03-04T11:55:13.306+01:00,0,none,,background,
c-834a0363a8d0322d,mortgage_application,2026-03-04T11:55:16.447+01:00,0,none,,background,
c-e0e36a4e68c87067,mortgage_application,2026-03-04T11:55:46.325+01:00,0,none,,background,
c-04fa13a6189cac72,mortgage_application,2026-03-04T11:55:56.016+01:00,0,none,,background,
c-f13e98ccd6cc53dc,loan_conversion_quote,2026-03-04T11:56:49.693+01:00,0,none,,background,
c-882806e3718a73dd,disbursement,2026-03-04T11:57:03.700+01:00,0,none,,background,
c-3ad047eba035b679,mortgage_application,2026-03-04T11:57:33.878+01:00,0,none,,background,
c-5d3c754f7da1856d,loan_conversion_quote,2026-03-04T11:57:47.264+01:00,0,none,,background,
c-933056af20151e85,loan_conversion_quote,2026-03-04T11:58:22.189+01:00,0,none,,background,
c-a3d53c1f12a29a2a,loan_conversion_quote,2026-03-04T12:00:49.794+01:00,0,none,,background,
c-1a3a3161f0589aa7,mortgage_application,2026-03-04T12:04:52.289+01:00,0,none,,background,
c-bed422077589c328,loan_conversion_quote,2026-03-04T12:05:01.420+01:00,0,none,,background,
c-c380f380ae06da09,mortgage_application,2026-03-04T12:05:02.601+01:00,0,none,,background,
c-69f2abfc381bd84c,mortgage_application,2026-03-04T12:05:57.531+01:00,0,none,,background,
c-3152cca6eef3c03a,mortgage_application,2026-03-04T12:08:32.286+01:00,0,none,,background,
c-d2219560bc976c30,loan_conversion_quote,2026-03-04T12:09:44.488+01:00,0,none,,background,
c-5bfc45570df3fac6,loan_conversion_quote,2026-03-04T12:14:39.475+01:00,0,none,,background,
c-3206321eca31f24f,loan_conversion_quote,2026-03-04T12:15:56.380+01:00,0,none,,background,
c-3dc0f95eaad09352,mortgage_application,2026-03-04T12:16:52.042+01:00,0,none,,background,
c-b15144e6e4651a1e,mortgage_application,2026-03-04T12:17:04.633+01:00,0,none,,background,
c-ca7888a83bcf81bf,mortgage_application,2026-03-04T12:17:14.507+01:00,0,none,,background,
c-e94e1cc9e1d20809,disbursement,2026-03-04T12:18:21.719+01:00,0,none,,background,
c-85762a9dbbfca3ef,loan_conversion_quote,2026-03-04T12:18:21.973+01:00,0,none,,background,
c-46cb5d28bd3aee2f,disbursement,2026-03-04T12:20:08.846+01:00,0,none,,background,
c-d148ea2d0701a182,loan_conversion_quote,2026-03-04T12:20:20.331+01:00,0,none,,background,
c-18548af7e5b4cfdb,mortgage_application,2026-03-04T12:20:54.692+01:00,1,visible_error,4,background,
c-35e76259a795dd87,mortgage_application,2026-03-04T12:21:21.126+01:00,0,none,,background,
c-16237f28e4ae4f4c,loan_conversion_quote,2026-03-04T12:22:22.853+01:00,0,none,,background,
c-acbc4815de21c3d9,mortgage_application,2026-03-04T12:24:58.322+01:00,0,none,,background,
c-d9462a49a5d4f311,disbursement,2026-03-04T12:25:41.423+01:00,0,none,,background,
c-ec919e7b76b744ad,loan_conversion_quote,2026-03-04T12:25:54.346+01:00,0,none,,background,
c-270566b6f69fdefa,mortgage_application,2026-03-04T12:26:50.238+01:00,0,none,,background,
c-707f7d3bc50a8254,mortgage_application,2026-03-04T12:28:08.981+01:00,0,none,,background,
c-a85c767229a20790,mortgage_application,2026-03-04T12:29:00.904+01:00,0,none,,background,
c-96a3fa4e1e46c190,mortgage_application,2026-03-04T12:29:39.049+01:00,0,none,,background,
c-2e5c20e2c639edc7,loan_conversion_quote,2026-03-04T12:29:53.660+01:00,0,none,,background,
c-909b99f89ad2fbb9,mortgage_application,2026-03-04T12:30:03.437+01:00,0,none,,background,
c-3fa8616cbef3ebe5,disbursement,2026-03-04T12:30:08.874+01:00,0,none,,background,
c-271a2c80b6c4e611,mortgage_application,2026-03-04T12:30:30.877+01:00,0,none,,background,
c-d89c645632fc16ea,loan_conversion_quote,2026-03-04T12:32:19.804+01:00,0,none,,background,
c-17629b71f7b4786c,mortgage_application,2026-03-04T12:33:10.997+01:00,0,none,,background,
c-033e1d29bf79bc6b,loan_conversion_quote,2026-03-04T12:34:01.694+01:00,0,none,,background,
c-30645df5e6e41a95,mortgage_application,2026-03-04T12:35:53.132+01:00,0,none,,background,
c-d7b3566c94ac881c,loan_conversion_quote,2026-03-04T12:35:55.471+01:00,0,none,,background,
c-c5b661d7d1a65a25,mortgage_application,2026-03-04T12:37:44.021+01:00,0,none,,background,
c-a4ef5d3eafdaea46,loan_conversion_quote,2026-03-04T12:37:57.481+01:00,0,none,,background,
c-bc62189d1920589a,disbursement,2026-03-04T12:39:23.180+01:00,0,none,,background,
c-d16c7d77a8d53ad9,disbursement,2026-03-04T12:40:20.692+01:00,0,none,,background,
c-1495aa4ba1346a7b,mortgage_application,2026-03-04T12:40:30.125+01:00,0,none,,background,
c-0b76ea39d4a4dce5,disbursement,2026-03-04T12:41:20.758+01:00,0,none,,background,
c-c044f7992bd9ed22,mortgage_application,2026-03-04T12:45:03.214+01:00,0,none,,background,
c-dfcf2f7691d12099,loan_conversion_quote,2026-03-04T12:45:23.376+01:00,0,none,,background,
c-80d47074597e6400,mortgage_application,2026-03-04T12:48:58.311+01:00,0,none,,background,
c-7bab1aae663e13f6,mortgage_application,2026-03-04T12:49:07.750+01:00,0,none,,background,
c-c4273ff69e3383f6,mortgage_application,2026-03-04T12:49:47.167+01:00,0,none,,background,
c-a3a41dcd6f574aec,loan_conversion_quote,2026-03-04T12:49:54.970+01:00,0,none,,background,
c-76b38e7daff52507,loan_conversion_quote,2026-03-04T12:51:12.456+01:00,0,none,,background,
c-936a4ab547a33cb7,mortgage_application,2026-03-04T12:51:13.855+01:00,0,none,,background,
c-d9733ed8b93fbae0,mortgage_application,2026-03-04T12:52:55.347+01:00,1,visible_error,4,background,
c-431cf57367042bab,mortgage_application,2026-03-04T12:55:36.428+01:00,0,none,,background,
c-e14e8206bed5acd8,mortgage_application,2026-03-04T12:59:35.282+01:00,0,none,,background,
c-479d28c0a47fffa8,mortgage_application,2026-03-04T13:01:42.454+01:00,0,none,,background,
c-d7294ee400e7655f,mortgage_application,2026-03-04T13:03:27.609+01:00,0,none,,background,
c-7289d66e6affb780,loan_conversion_quote,2026-03-04T13:04:15.053+01:00,0,none,,background,
c-dcac72e45f114bd6,loan_conversion_quote,2026-03-04T13:04:47.758+01:00,0,none,,background,
c-db87b91be3856e44,loan_conversion_quote,2026-03-04T13:05:08.028+01:00,0,none,,background,
c-fdfe9b48d21925cc,mortgage_application,2026-03-04T13:05:29.937+01:00,0,none,,background,
c-946c098fd648f3cc,disbursement,2026-03-04T13:06:46.061+01:00,0,none,,background,
c-f76e30495d7fa18c,mortgage_application,2026-03-04T13:07:38.782+01:00,0,none,,background,
c-7485740ee4914839,mortgage_application,2026-03-04T13:11:08.349+01:00,0,none,,background,
c-ad83a52896aa637a,disbursement,2026-03-04T13:12:27.006+01:00,0,none,,background,
c-dcb6bec143e54226,loan_conversion_quote,2026-03-04T13:17:17.200+01:00,0,none,,background,
c-a27257848a0f5634,mortgage_application,2026-03-04T13:17:45.715+01:00,0,none,,background,
c-48b67c5a046f47f3,mortgage_application,2026-03-04T13:17:52.272+01:00,0,none,,background,
c-35e8d08f77bda759,loan_conversion_quote,2026-03-04T13:18:25.337+01:00,0,none,,background,
c-0346bd8797112111,mortgage_application,2026-03-04T13:18:28.135+01:00,0,none,,background,
c-0e5f35b831854fde,mortgage_application,2026-03-04T13:19:22.143+01:00,0,none,,background,
c-da18a618fcf34519,mortgage_application,2026-03-04T13:19:53.198+01:00,0,none,,background,
c-274b441bb09cf7d7,mortgage_application,2026-03-04T13:20:27.780+01:00,0,none,,background,
c-c6d113b5c13558eb,mortgage_application,2026-03-04T13:21:32.693+01:00,0,none,,background,
c-674eee7bf1c5190c,disbursement,2026-03-04T13:21:56.955+01:00,0,none,,background,
c-4626d1a1d0373a51,mortgage_application,2026-03-04T13:22:15.774+01:00,0,none,,background,
c-b92e60f151b36fa8,mortgage_application,2026-03-04T13:23:55.586+01:00,0,none,,background,
c-321548f9bd15fcc6,mortgage_application,2026-03-04T13:26:23.895+01:00,0,none,,background,
c-35fda40af962adf6,mortgage_application,2026-03-04T13:27:34.175+01:00,0,none,,background,
c-042a5bad26497dd6,mortgage_application,2026-03-04T13:28:35.126+01:00,0,none,,background,
c-7134101ece08d5c8,mortgage_application,2026-03-04T13:30:58.833+01:00,0,none,,background,
c-30539e856fbc8322,mortgage_application,2026-03-04T13:32:34.626+01:00,0,none,,background,
c-15c0f15b1b4ee32d,mortgage_application,2026-03-04T13:37:05.147+01:00,0,none,,background,
c-417c9050e3bd5070,mortgage_application,2026-03-04T13:37:10.409+01:00,0,none,,background,
c-12b11a4da05b3f84,loan_conversion_quote,2026-03-04T13:37:10.976+01:00,0,none,,background,
c-6d127450171f8fb8,mortgage_application,2026-03-04T13:38:19.531+01:00,0,none,,background,
c-bd92e3f296b9d911,mortgage_application,2026-03-04T13:39:33.570+01:00,0,none,,background,
c-d6c3306ab0409106,loan_conversion_quote,2026-03-04T13:43:27.571+01:00,0,none,,background,
c-3db17ea9f352afdc,mortgage_application,2026-03-04T13:43:56.492+01:00,0,none,,background,
c-7a601d4c0721a15b,mortgage_application,2026-03-04T13:43:58.591+01:00,0,none,,background,
c-51743e67563f06be,disbursement,2026-03-04T13:44:07.556+01:00,0,none,,background,
c-c0f0b0a2d7ff0dad,mortgage_application,2026-03-04T13:44:26.147+01:00,0,none,,background,
c-ba05cb71f973c71e,mortgage_application,2026-03-04T13:44:30.454+01:00,0,none,,background,
c-6ca4361fe7768e7c,loan_conversion_quote,2026-03-04T13:45:37.141+01:00,0,none,,background,
c-234f301bb35b8bc8,mortgage_application,2026-03-04T13:46:47.581+01:00,0,none,,background,
c-6dcd30198a2e3d93,loan_conversion_quote,2026-03-04T13:48:51.604+01:00,0,none,,background,
c-10ebf20460324fc9,mortgage_application,2026-03-04T13:50:02.572+01:00,0,none,,background,
c-4bea320d048529de,loan_conversion_quote,2026-03-04T13:50:28.260+01:00,0,none,,background,
c-860d6fd3099dc374,mortgage_application,2026-03-04T13:51:17.475+01:00,0,none,,background,
c-9354cb10bf556f04,disbursement,2026-03-04T13:53:34.871+01:00,0,none,,background,
c-68e313bb59fc5dc7,mortgage_application,2026-03-04T13:56:55.544+01:00,0,none,,background,
c-277f1dac7a540cc1,mortgage_application,2026-03-04T13:58:46.765+01:00,0,none,,background,
c-4636f480d7597a95,mortgage_application,2026-03-04T14:00:36.992+01:00,0,none,,background,
c-07a528c3ee42a934,disbursement,2026-03-04T14:00:47.912+01:00,0,none,,background,
c-a2c4117702145e6d,loan_conversion_quote,2026-03-04T14:00:59.439+01:00,0,none,,background,
c-f3e7abbd77b31ea3,loan_conversion_quote,2026-03-04T14:05:25.416+01:00,0,none,,background,
c-332b803dfa0cfb3d,mortgage_application,2026-03-04T14:08:05.387+01:00,0,none,,background,
c-bdf08428f6357ae5,mortgage_application,2026-03-04T14:10:13.088+01:00,0,none,,background,
c-3452de9c83a4a748,loan_conversion_quote,2026-03-04T14:10:57.892+01:00,0,none,,background,
c-52236273135d3947,mortgage_application,2026-03-04T14:11:43.034+01:00,0,none,,background,
c-328adfdee3f63bea,mortgage_application,2026-03-04T14:24:51.998+01:00,0,none,,background,
c-e2482e19083c6b04,loan_conversion_quote,2026-03-04T14:25:26.215+01:00,0,none,,background,
c-c6f427dae378e6c1,mortgage_application,2026-03-04T14:26:26.028+01:00,0,none,,background,
c-022bfea1056c00cc,mortgage_application,2026-03-04T14:27:20.419+01:00,0,none,,background,
c-311fcf794a177d89,loan_conversion_quote,2026-03-04T14:27:59.325+01:00,0,none,,background,
c-49030d2b88270ed6,mortgage_application,2026-03-04T14:39:06.391+01:00,0,none,,background,
c-260f311b843912e3,mortgage_application,2026-03-04T14:39:58.037+01:00,0,none,,background,
c-e23ad5582f67e633,mortgage_application,2026-03-04T14:40:18.501+01:00,0,none,,background,
c-afc24c5702a5e382,mortgage_application,2026-03-04T14:40:43.043+01:00,0,none,,background,
c-1c77c7ff08997692,mortgage_application,2026-03-04T14:45:08.853+01:00,0,none,,background,
c-6c77eeb94517614e,mortgage_application,2026-03-04T14:46:16.376+01:00,0,none,,background,
c-201d428926f14455,loan_conversion_quote,2026-03-04T14:47:49.739+01:00,0,none,,background,
c-e748567248ecf846,loan_conversion_quote,2026-03-04T14:48:09.298+01:00,0,none,,background,
c-d439c5ab1a6567ec,mortgage_application,2026-03-04T14:48:55.565+01:00,0,none,,background,
c-5fa7b6db41b37225,loan_conversion_quote,2026-03-04T14:49:55.751+01:00,0,none,,background,
c-95b9928e09d0fa60,mortgage_application,2026-03-04T14:51:04.438+01:00,0,none,,background,
c-146f8b4f41f7f745,mortgage_application,2026-03-04T14:53:51.064+01:00,0,none,,background,
c-cd5d7f205c5e593b,loan_conversion_quote,2026-03-04T14:56:02.816+01:00,0,none,,background,
c-9fccf37edcb597a9,disbursement,2026-03-04T14:57:56.327+01:00,0,none,,background,
c-547058f48d23c3ee,loan_conversion_quote,2026-03-04T15:01:24.026+01:00,0,none,,background,
c-6f16c920018e3252,mortgage_application,2026-03-04T15:02:23.044+01:00,0,none,,background,
c-cb5720a102ce2729,loan_conversion_quote,2026-03-04T15:03:43.809+01:00,0,none,,background,
c-202f2f2ac803d774,loan_conversion_quote,2026-03-04T15:06:48.781+01:00,0,none,,background,
c-9829e6306c6fb4fd,mortgage_application,2026-03-04T15:13:48.332+01:00,0,none,,background,
c-60298a5f6f4e16a1,mortgage_application,2026-03-04T15:15:14.529+01:00,0,none,,background,
c-cf3c975db6580d08,mortgage_application,2026-03-04T15:15:54.115+01:00,0,none,,background,
c-47cb4334675cacf7,mortgage_application,2026-03-04T15:17:53.108+01:00,0,none,,background,
c-b66ac6f75a68a7e5,loan_conversion_quote,2026-03-04T15:20:32.782+01:00,0,none,,background,
c-a0f1f8f1cb150c67,mortgage_application,2026-03-04T15:26:40.566+01:00,0,none,,background,
c-26ec4078ffef0a06,mortgage_application,2026-03-04T15:27:00.211+01:00,0,none,,background,
c-8ebc9b83b73ec3a5,mortgage_application,2026-03-04T15:33:05.858+01:00,0,none,,background,
c-9bb403fa9dbd54d3,loan_conversion_quote,2026-03-04T15:33:59.965+01:00,0,none,,background,
c-18151709adb26bd0,disbursement,2026-03-04T15:36:17.229+01:00,0,none,,background,
c-e2fd626b26caff78,loan_conversion_quote,2026-03-04T15:41:29.554+01:00,0,none,,background,
c-10925d769a584976,loan_conversion_quote,2026-03-04T15:41:47.199+01:00,0,none,,background,
c-57634ccc542f3f74,mortgage_application,2026-03-04T15:45:23.951+01:00,0,none,,background,
c-1f1ce7129ff72620,mortgage_application,2026-03-04T15:50:01.427+01:00,0,none,,background,
c-5b6c94c836829eaf,loan_conversion_quote,2026-03-04T15:50:03.238+01:00,0,none,,background,
c-d1b9d493027973bb,loan_conversion_quote,2026-03-04T15:51:20.185+01:00,0,none,,background,
c-7f3f1056e241d4e0,loan_conversion_quote,2026-03-04T15:54:25.745+01:00,0,none,,background,
c-927df0ad6a165a4a,mortgage_application,2026-03-04T15:54:50.227+01:00,0,none,,background,
c-abc7a820485ad91d,mortgage_application,2026-03-04T15:56:00.489+01:00,0,none,,background,
c-0c25f964aeee9017,mortgage_application,2026-03-04T15:58:58.279+01:00,0,none,,background,
c-abcec6c8957b53e4,mortgage_application,2026-03-04T16:03:48.654+01:00,0,none,,background,
c-691237819d6f903e,mortgage_application,2026-03-04T16:07:30.669+01:00,0,none,,background,
c-e9abfec7f87cdb32,mortgage_application,2026-03-04T16:08:50.658+01:00,0,none,,background,
c-befab573a780e050,mortgage_application,2026-03-04T16:09:21.182+01:00,0,none,,background,
c-bbab9e868ab1cd79,loan_conversion_quote,2026-03-04T16:13:54.060+01:00,0,none,,background,
c-9c7b11d0a8468b55,mortgage_application,2026-03-04T16:19:29.065+01:00,0,none,,background,
c-00c5904e93cd54ee,loan_conversion_quote,2026-03-04T16:19:43.201+01:00,0,none,,background,
c-750db54f76a77594,loan_conversion_quote,2026-03-04T16:20:15.174+01:00,0,none,,background,
c-1f4e76c6e665e44a,loan_conversion_quote,2026-03-04T16:23:10.532+01:00,0,none,,background,
c-a246723aceac67cc,loan_conversion_quote,2026-03-04T16:29:24.123+01:00,0,none,,background,
c-4a99bad8423fc983,loan_conversion_quote,2026-03-04T16:32:01.676+01:00,0,none,,background,
c-cd79d0c62f3cbe76,loan_conversion_quote,2026-03-04T16:33:57.327+01:00,0,none,,background,
c-152d5434b1bbab75,mortgage_application,2026-03-04T16:37:53.220+01:00,0,none,,background,
c-83bf602b943687d1,loan_conversion_quote,2026-03-04T16:51:44.230+01:00,0,none,,background,
c-9970678fa4323dd9,loan_conversion_quote,2026-03-04T17:06:17.902+01:00,0,none,,background,
c-13dfc95a23682ee4,loan_conversion_quote,2026-03-04T17:08:48.484+01:00,0,none,,background,
c-32ea95b96972e86a,loan_conversion_quote,2026-03-04T17:09:03.151+01:00,0,none,,background,
c-f94ec409987bc9e5,loan_conversion_quote,2026-03-04T17:09:24.166+01:00,0,none,,background,
c-6ec59aa0d0b71d7f,loan_conversion_quote,2026-03-04T17:11:02.541+01:00,0,none,,background,
c-33a0fc3d2f60be94,loan_conversion_quote,2026-03-04T17:34:28.179+01:00,0,none,,background,
c-b239af2770a5d560,loan_conversion_quote,2026-03-04T17:44:35.414+01:00,0,none,,background,
c-e96d507757a5081d,loan_conversion_quote,2026-03-04T17:56:17.900+01:00,0,none,,background,
c-6d23085454953520,loan_conversion_quote,2026-03-04T18:04:22.285+01:00,0,none,,background,
c-131c8b46a94e8909,loan_conversion_quote,2026-03-04T18:08:44.380+01:00,0,none,,background,
c-dc8713270422f494,loan_conversion_quote,2026-03-04T18:22:05.463+01:00,0,none,,background,
c-9bed51274d54dda5,loan_conversion_quote,2026-03-04T18:23:00.495+01:00,0,none,,background,
c-0830cbb1efd4c8ba,loan_conversion_quote,2026-03-04T18:25:54.189+01:00,0,none,,background,
c-68b07bc191576d25,loan_conversion_quote,2026-03-04T18:31:58.638+01:00,0,none,,background,
c-d71fce04bccd9bad,loan_conversion_quote,2026-03-04T19:08:50.668+01:00,0,none,,background,
c-5cb95757394c0ff8,loan_conversion_quote,2026-03-04T19:16:48.404+01:00,0,none,,background,
c-7acdea7a39a7658b,loan_conversion_quote,2026-03-04T19:25:29.969+01:00,0,none,,background,
c-ef3b4bdbcfada379,loan_conversion_quote,2026-03-04T19:42:37.771+01:00,0,none,,background,
c-6a294f3f5aca5647,loan_conversion_quote,2026-03-04T19:56:07.207+01:00,0,none,,background,
c-bf20f414603cd889,loan_conversion_quote,2026-03-04T19:56:13.269+01:00,0,none,,background,
c-7e737759aed0f2c2,instalment_collection,2026-03-05T02:03:19.667+01:00,0,none,,background,
c-d80eec06e50a769d,instalment_collection,2026-03-05T02:04:53.455+01:00,0,none,,background,
c-6538442c245536e0,instalment_collection,2026-03-05T02:07:43.717+01:00,0,none,,background,
c-480ddf39b0000364,instalment_collection,2026-03-05T02:08:48.508+01:00,0,none,,background,
c-82959d99066a202b,instalment_collection,2026-03-05T02:10:06.713+01:00,0,none,,background,
c-44fd015ea86256a4,instalment_collection,2026-03-05T02:13:24.037+01:00,0,none,,background,
c-0336f5f8f4211e9f,instalment_collection,2026-03-05T02:13:51.901+01:00,0,none,,background,
c-21bdc6138fc77f89,instalment_collection,2026-03-05T02:15:35.307+01:00,0,none,,background,
c-bec3c326063b2bbe,instalment_collection,2026-03-05T02:16:13.202+01:00,0,none,,background,
c-51118380ff443f40,instalment_collection,2026-03-05T02:16:36.965+01:00,0,none,,background,
c-8705c584e7cefae0,instalment_collection,2026-03-05T02:17:24.521+01:00,0,none,,background,
c-f8de0929ebbb2b99,instalment_collection,2026-03-05T02:17:42.128+01:00,0,none,,background,
c-504275a85661d621,instalment_collection,2026-03-05T02:17:49.097+01:00,0,none,,background,
c-197e91c8388cce40,instalment_collection,2026-03-05T02:18:04.729+01:00,0,none,,background,
c-40d3f255813c7fbb,instalment_collection,2026-03-05T02:18:24.280+01:00,0,none,,background,
c-aa03ca152327041e,instalment_collection,2026-03-05T02:20:18.598+01:00,0,none,,background,
c-d43ddbfad7b9f2b2,instalment_collection,2026-03-05T02:20:38.818+01:00,0,none,,background,
c-2e6e6766a2eaa6f4,instalment_collection,2026-03-05T02:20:59.922+01:00,0,none,,background,
c-b0e7665c42b58c02,instalment_collection,2026-03-05T02:21:16.012+01:00,0,none,,background,
c-840c88e008ce3d01,instalment_collection,2026-03-05T02:21:53.573+01:00,0,none,,background,
c-5ea4e0a6b7caea5d,instalment_collection,2026-03-05T02:22:06.750+01:00,0,none,,background,
c-e69ac72939322106,instalment_collection,2026-03-05T02:23:03.731+01:00,0,none,,background,
c-e4916e46c43dbb24,instalment_collection,2026-03-05T02:24:30.958+01:00,0,none,,background,
c-e0e7b39043696c08,instalment_collection,2026-03-05T02:24:58.311+01:00,0,none,,background,
c-30fdcaefc1d2dd00,instalment_collection,2026-03-05T02:25:04.703+01:00,0,none,,background,
c-7083a04748a2c31b,instalment_collection,2026-03-05T02:25:36.420+01:00,0,none,,background,
c-65f4ef3443109038,instalment_collection,2026-03-05T02:27:51.450+01:00,0,none,,background,
c-e2c69fa14b78feb2,instalment_collection,2026-03-05T02:28:29.430+01:00,0,none,,background,
c-ebfad1d7faab4e48,instalment_collection,2026-03-05T02:28:33.684+01:00,0,none,,background,
c-b83463d19b7bd008,instalment_collection,2026-03-05T02:28:48.224+01:00,0,none,,background,
c-125fb9bae6279534,instalment_collection,2026-03-05T02:30:33.731+01:00,0,none,,background,
c-479066849812f197,instalment_collection,2026-03-05T02:30:40.756+01:00,0,none,,background,
c-df19d7b30d93dc4e,instalment_collection,2026-03-05T02:32:07.705+01:00,0,none,,background,
c-8825df63258c47b9,instalment_collection,2026-03-05T02:32:08.698+01:00,0,none,,background,
c-9d760feae69a8ee2,instalment_collection,2026-03-05T02:32:14.130+01:00,0,none,,background,
c-1eac32cf8c27d35f,instalment_collection,2026-03-05T02:32:40.375+01:00,0,none,,background,
c-5e0102380a76564a,instalment_collection,2026-03-05T02:33:04.332+01:00,0,none,,background,
c-ac4a9a8418de57a3,instalment_collection,2026-03-05T02:33:20.281+01:00,0,none,,background,
c-dd59ec8a7835839c,instalment_collection,2026-03-05T02:33:24.450+01:00,0,none,,background,
c-55e2f1b03d49b411,instalment_collection,2026-03-05T02:33:44.935+01:00,0,none,,background,
c-4eb3289a201c8f3c,instalment_collection,2026-03-05T02:33:45.625+01:00,0,none,,background,
c-0df8cd889e167102,instalment_collection,2026-03-05T02:33:53.791+01:00,0,none,,background,
c-e34346c761401be1,instalment_collection,2026-03-05T02:34:21.623+01:00,0,none,,background,
c-d9e405ee69631dee,instalment_collection,2026-03-05T02:34:23.229+01:00,0,none,,background,
c-bd322f989cf3d1ce,instalment_collection,2026-03-05T02:34:40.446+01:00,0,none,,background,
c-625fab74fefda26b,instalment_collection,2026-03-05T02:34:41.032+01:00,0,none,,background,
c-09c0cc078202d4b3,instalment_collection,2026-03-05T02:34:57.581+01:00,0,none,,background,
c-b6971c5957f10024,instalment_collection,2026-03-05T02:35:40.520+01:00,0,none,,background,
c-49aa6e8f6d538c35,instalment_collection,2026-03-05T02:35:56.082+01:00,0,none,,background,
c-05fd8e348d077a9e,instalment_collection,2026-03-05T02:36:17.192+01:00,0,none,,background,
c-d5cadf966ea9f85d,instalment_collection,2026-03-05T02:36:18.932+01:00,0,none,,background,
c-64efd7dac4c8f1f2,instalment_collection,2026-03-05T02:36:49.349+01:00,0,none,,background,
c-060755f498c355b0,instalment_collection,2026-03-05T02:36:50.028+01:00,0,none,,background,
c-2145667d34d00bfb,instalment_collection,2026-03-05T02:37:08.504+01:00,0,none,,background,
c-ece4568a8014bb3f,instalment_collection,2026-03-05T02:37:39.884+01:00,0,none,,background,
c-d05b48bf7db91a33,instalment_collection,2026-03-05T02:37:42.110+01:00,0,none,,background,
c-436e1a67e8a00926,instalment_collection,2026-03-05T02:38:01.449+01:00,0,none,,background,
c-26ec218f8fe60137,instalment_collection,2026-03-05T02:38:04.359+01:00,0,none,,background,
c-9450796218b3a44d,instalment_collection,2026-03-05T02:38:22.583+01:00,0,none,,background,
c-e1347bb3cee1ed11,instalment_collection,2026-03-05T02:38:31.008+01:00,0,none,,background,
c-08c24a3e2bb36ce8,instalment_collection,2026-03-05T02:39:36.103+01:00,0,none,,background,
c-b93b9e53254f0e4f,instalment_collection,2026-03-05T02:39:45.732+01:00,0,none,,background,
c-f23ce8052540d666,instalment_collection,2026-03-05T02:40:29.773+01:00,0,none,,background,
c-de4f68f69142d178,instalment_collection,2026-03-05T02:41:08.286+01:00,0,none,,background,
c-d4de6ff6b6387289,instalment_collection,2026-03-05T02:41:47.934+01:00,0,none,,background,
c-65852e6778804842,instalment_collection,2026-03-05T02:42:20.932+01:00,0,none,,background,
c-4d910a9d6decd8d4,instalment_collection,2026-03-05T02:42:25.288+01:00,0,none,,background,
c-f09129b72866bb0f,instalment_collection,2026-03-05T02:42:52.384+01:00,0,none,,background,
c-907696fd02badc2b,instalment_collection,2026-03-05T02:42:54.688+01:00,0,none,,background,
c-c09f1939e0cf9fbd,instalment_collection,2026-03-05T02:43:10.791+01:00,0,none,,background,
c-b61fe44587056702,instalment_collection,2026-03-05T02:44:39.882+01:00,0,none,,background,
c-df779d002f416737,instalment_collection,2026-03-05T02:44:55.585+01:00,0,none,,background,
c-49ee452b77bc291e,instalment_collection,2026-03-05T02:45:05.972+01:00,0,none,,background,
c-e4df3ad61728ecee,instalment_collection,2026-03-05T02:45:25.814+01:00,0,none,,background,
c-e9b45336deae0e58,instalment_collection,2026-03-05T02:45:35.999+01:00,0,none,,background,
c-d1508c8a64798aa3,instalment_collection,2026-03-05T02:46:21.689+01:00,0,none,,background,
c-c4b1a73ed724bd47,instalment_collection,2026-03-05T02:46:25.676+01:00,0,none,,background,
c-1e24d4a8a9fafb01,instalment_collection,2026-03-05T02:46:40.601+01:00,0,none,,background,
c-18fe875bdd53cada,instalment_collection,2026-03-05T02:46:47.273+01:00,0,none,,background,
c-4624acb20b05ff6c,instalment_collection,2026-03-05T02:47:49.017+01:00,0,none,,background,
c-173bfc1ae6506cf5,instalment_collection,2026-03-05T02:48:23.978+01:00,0,none,,background,
c-e65c149346bac2fa,instalment_collection,2026-03-05T02:48:34.784+01:00,0,none,,background,
c-fdd6b0d545f39bab,instalment_collection,2026-03-05T02:49:21.346+01:00,0,none,,background,
c-991edf459b93fe62,instalment_collection,2026-03-05T02:49:27.749+01:00,0,none,,background,
c-7f90463a513503be,instalment_collection,2026-03-05T02:49:51.120+01:00,0,none,,background,
c-6d41e6e4d9d5a55c,instalment_collection,2026-03-05T02:50:07.431+01:00,0,none,,background,
c-f3c95a07a6fbaf77,instalment_collection,2026-03-05T02:50:20.101+01:00,0,none,,background,
c-e2123f7d033d7a6b,instalment_collection,2026-03-05T02:50:27.212+01:00,0,none,,background,
c-ef65c07b4bbbfc78,instalment_collection,2026-03-05T02:50:39.687+01:00,0,none,,background,
c-7092bdec18e096e0,instalment_collection,2026-03-05T02:50:41.439+01:00,0,none,,background,
c-278b52edd6a5b2d4,instalment_collection,2026-03-05T02:50:48.916+01:00,0,none,,background,
c-9739cd523d08eaad,instalment_collection,2026-03-05T02:50:50.686+01:00,0,none,,background,
c-94ec4ee15f028c91,instalment_collection,2026-03-05T02:51:01.276+01:00,0,none,,background,
c-43f0a94a301c13af,instalment_collection,2026-03-05T02:51:21.487+01:00,0,none,,background,
c-3b063d9b605b0103,instalment_collection,2026-03-05T02:51:36.163+01:00,0,none,,background,
c-85b54e90e17518fd,instalment_collection,2026-03-05T02:51:45.005+01:00,0,none,,background,
c-c0499fdcdc0b846c,instalment_collection,2026-03-05T02:51:51.455+01:00,0,none,,background,
c-d4302efd92dff9d4,instalment_collection,2026-03-05T02:52:05.883+01:00,0,none,,background,
c-b151b7bfb6a69b37,instalment_collection,2026-03-05T02:52:18.657+01:00,0,none,,background,
c-36331ebd60743fac,instalment_collection,2026-03-05T02:52:37.544+01:00,0,none,,background,
c-0e90fde056488411,instalment_collection,2026-03-05T02:52:56.673+01:00,0,none,,background,
c-9e10c89506e0f6d9,instalment_collection,2026-03-05T02:53:21.881+01:00,0,none,,background,
c-215f0afd23f280c0,instalment_collection,2026-03-05T02:53:22.831+01:00,0,none,,background,
c-4cbe7bfec9671bd2,instalment_collection,2026-03-05T02:53:39.710+01:00,0,none,,background,
c-79fb0f6b43378d71,instalment_collection,2026-03-05T02:53:57.474+01:00,0,none,,background,
c-92d664a56c57fdb4,instalment_collection,2026-03-05T02:54:42.746+01:00,0,none,,background,
c-15d62a39bb882ed1,instalment_collection,2026-03-05T02:54:46.392+01:00,0,none,,background,
c-7d1e63681e8c3d25,instalment_collection,2026-03-05T02:55:01.764+01:00,0,none,,background,
c-be83de12d31ab459,instalment_collection,2026-03-05T02:55:12.806+01:00,0,none,,background,
c-857ae8a1e3741a81,instalment_collection,2026-03-05T02:55:37.288+01:00,0,none,,background,
c-12de03d2ef06dbe5,instalment_collection,2026-03-05T02:55:41.160+01:00,0,none,,background,
c-0f015102aeff6ba7,instalment_collection,2026-03-05T02:56:11.723+01:00,0,none,,background,
c-0d51269beb88f525,instalment_collection,2026-03-05T02:56:40.299+01:00,0,none,,background,
c-f43b3df1c5d94a57,instalment_collection,2026-03-05T02:56:54.272+01:00,0,none,,background,
c-75b0f9576283d2b1,instalment_collection,2026-03-05T02:56:58.934+01:00,0,none,,background,
c-8dc0f3a435c6b0a5,instalment_collection,2026-03-05T02:57:18.358+01:00,0,none,,background,
c-b05e80c27b5cf559,instalment_collection,2026-03-05T02:57:25.056+01:00,0,none,,background,
c-64e33984396bad79,instalment_collection,2026-03-05T02:57:46.458+01:00,0,none,,background,
c-3410ab906c5d8bf6,instalment_collection,2026-03-05T02:57:53.672+01:00,0,none,,background,
c-04ed46575f282ab5,instalment_collection,2026-03-05T02:58:58.001+01:00,0,none,,background,
c-4b4600acaf4a24a9,instalment_collection,2026-03-05T02:59:12.274+01:00,0,none,,background,
c-f76dd473931454c1,instalment_collection,2026-03-05T02:59:26.747+01:00,0,none,,background,
c-55f95bcb136b9cee,instalment_collection,2026-03-05T02:59:31.093+01:00,0,none,,background,
c-6e800b561f5db809,instalment_collection,2026-03-05T02:59:42.705+01:00,0,none,,background,
c-57cc35e92ac855b2,instalment_collection,2026-03-05T02:59:55.859+01:00,0,none,,background,
c-ff5bc07b7291964a,instalment_collection,2026-03-05T03:00:01.296+01:00,0,none,,background,
c-aa36d8e167c7dc5d,instalment_collection,2026-03-05T03:00:18.354+01:00,0,none,,background,
c-b89a3096baf3c3a9,instalment_collection,2026-03-05T03:00:36.895+01:00,0,none,,background,
c-8930168a2912c919,instalment_collection,2026-03-05T03:01:08.692+01:00,0,none,,background,
c-94ad27c1b3c804ad,instalment_collection,2026-03-05T03:01:18.057+01:00,0,none,,background,
c-5a822d9af639d677,instalment_collection,2026-03-05T03:01:44.163+01:00,0,none,,background,
c-2919d54ee8c26b32,instalment_collection,2026-03-05T03:01:56.520+01:00,0,none,,background,
c-e9e5ff799da6d4a1,instalment_collection,2026-03-05T03:02:10.539+01:00,0,none,,background,
c-cbaadcacb4943a05,instalment_collection,2026-03-05T03:02:19.502+01:00,0,none,,background,
c-ecbb372cb0827efa,instalment_collection,2026-03-05T03:02:21.781+01:00,0,none,,background,
c-574acfeff4b46701,instalment_collection,2026-03-05T03:02:25.604+01:00,0,none,,background,
c-ab43d7aa05450e7c,instalment_collection,2026-03-05T03:02:41.408+01:00,0,none,,background,
c-40b80cbda5b6b1b2,instalment_collection,2026-03-05T03:02:48.879+01:00,0,none,,background,
c-0f42251b04fd272c,instalment_collection,2026-03-05T03:03:00.875+01:00,0,none,,background,
c-730f244c2def4a27,instalment_collection,2026-03-05T03:03:26.685+01:00,0,none,,background,
c-f062ef2ee47d64ad,instalment_collection,2026-03-05T03:03:31.789+01:00,0,none,,background,
c-4c8596618a24e216,instalment_collection,2026-03-05T03:03:35.938+01:00,0,none,,background,
c-facb2b63b175a8be,instalment_collection,2026-03-05T03:03:44.912+01:00,0,none,,background,
c-3309b32c649f2f6e,instalment_collection,2026-03-05T03:03:48.633+01:00,0,none,,background,
c-e07693ef3013d02e,instalment_collection,2026-03-05T03:04:01.003+01:00,0,none,,background,
c-d4ebcea4c9636a27,instalment_collection,2026-03-05T03:05:07.210+01:00,0,none,,background,
c-efd6d8c3a7d3348a,instalment_collection,2026-03-05T03:05:17.701+01:00,0,none,,background,
c-4a709450a61efc72,instalment_collection,2026-03-05T03:05:27.367+01:00,0,none,,background,
c-b24c274acee258e7,instalment_collection,2026-03-05T03:05:33.328+01:00,0,none,,background,
c-864cad5d2442444f,instalment_collection,2026-03-05T03:05:52.768+01:00,0,none,,background,
c-17099164412030c9,instalment_collection,2026-03-05T03:06:05.533+01:00,0,none,,background,
c-edb034ee5c8c1b65,instalment_collection,2026-03-05T03:06:38.945+01:00,0,none,,background,
c-41891dd0ddb78feb,instalment_collection,2026-03-05T03:06:46.346+01:00,0,none,,background,
c-9a89338cea57a095,instalment_collection,2026-03-05T03:07:42.897+01:00,0,none,,background,
c-2b604f6182115b68,instalment_collection,2026-03-05T03:08:02.157+01:00,0,none,,background,
c-0452d86c27a7469f,instalment_collection,2026-03-05T03:08:07.259+01:00,0,none,,background,
c-403ed1d3ae2107c0,instalment_collection,2026-03-05T03:08:30.892+01:00,0,none,,background,
c-cf9ba3e801484fa3,instalment_collection,2026-03-05T03:09:33.400+01:00,0,none,,background,
c-04ea1261050e769e,instalment_collection,2026-03-05T03:10:05.747+01:00,0,none,,background,
c-a4ee770fa2ec17ea,instalment_collection,2026-03-05T03:10:43.596+01:00,0,none,,background,
c-5e36c1be9fb5ee4a,instalment_collection,2026-03-05T03:10:59.329+01:00,0,none,,background,
c-7369ef65c32f1c9d,instalment_collection,2026-03-05T03:13:00.165+01:00,0,none,,background,
c-116ff4f4ce713d1f,instalment_collection,2026-03-05T03:13:03.566+01:00,0,none,,background,
c-d9b0f1c6cdb2d3c3,instalment_collection,2026-03-05T03:14:42.864+01:00,0,none,,background,
c-c387ec225a42517e,instalment_collection,2026-03-05T03:14:50.396+01:00,0,none,,background,
c-32e15efcb32ed7ff,instalment_collection,2026-03-05T03:15:36.792+01:00,0,none,,background,
c-e2b117cfcb952b9e,instalment_collection,2026-03-05T03:16:39.748+01:00,0,none,,background,
c-986be42a57b8d3f4,instalment_collection,2026-03-05T03:17:34.673+01:00,0,none,,background,
c-b746cf6a2db0dbe5,instalment_collection,2026-03-05T03:17:45.308+01:00,0,none,,background,
c-a2e18b3106d89973,instalment_collection,2026-03-05T03:19:03.415+01:00,0,none,,background,
c-b988d50be54e8d84,instalment_collection,2026-03-05T03:21:20.501+01:00,0,none,,background,
c-e82288feef9cc5a7,instalment_collection,2026-03-05T03:22:17.407+01:00,0,none,,background,
c-2c8ee02ad00951eb,instalment_collection,2026-03-05T03:23:03.137+01:00,0,none,,background,
c-55762c6791283ec3,instalment_collection,2026-03-05T03:23:08.490+01:00,0,none,,background,
c-de19fc56b8da21ca,instalment_collection,2026-03-05T03:26:24.760+01:00,0,none,,background,
c-af7b03df28671b9a,loan_conversion_quote,2026-03-05T07:29:15.586+01:00,0,none,,background,
c-54ff43592360db20,loan_conversion_quote,2026-03-05T07:58:06.036+01:00,0,none,,background,
c-2c2450631216cceb,loan_conversion_quote,2026-03-05T08:03:45.809+01:00,0,none,,background,
c-afe5041911b1f138,loan_conversion_quote,2026-03-05T08:17:08.990+01:00,0,none,,background,
c-e4416accc1ae6bc1,mortgage_application,2026-03-05T08:23:34.773+01:00,0,none,,background,
c-3f08218a12cfb7dd,mortgage_application,2026-03-05T08:29:11.875+01:00,0,none,,background,
c-fcfa909875085f95,loan_conversion_quote,2026-03-05T08:29:39.329+01:00,0,none,,background,
c-51393db7a7a0211c,mortgage_application,2026-03-05T08:35:03.085+01:00,0,none,,background,
c-152d6f06db877610,mortgage_application,2026-03-05T08:52:36.332+01:00,0,none,,background,
c-c59780be277aaf62,loan_conversion_quote,2026-03-05T08:53:24.296+01:00,0,none,,background,
c-070ff17e253305b8,loan_conversion_quote,2026-03-05T09:02:35.729+01:00,0,none,,background,
c-44d0e7f7e9649060,loan_conversion_quote,2026-03-05T09:04:08.867+01:00,0,none,,background,
c-355bc271eb8aede7,mortgage_application,2026-03-05T09:10:32.125+01:00,0,none,,background,
c-61fd99eac87bead9,loan_conversion_quote,2026-03-05T09:21:11.547+01:00,0,none,,background,
c-5ab11f97b40279d5,loan_conversion_quote,2026-03-05T09:21:36.672+01:00,0,none,,background,
c-f2e6604cd58e2455,mortgage_application,2026-03-05T09:22:17.873+01:00,0,none,,background,
c-4f18164c6adbbbc7,disbursement,2026-03-05T09:25:01.179+01:00,0,none,,background,
c-bb13ba8ba41cdece,loan_conversion_quote,2026-03-05T09:31:41.043+01:00,0,none,,background,
c-fcafbbdb0c3cb465,mortgage_application,2026-03-05T09:33:16.037+01:00,0,none,,background,
c-a8e98a4feda3bb23,loan_conversion_quote,2026-03-05T09:33:22.140+01:00,0,none,,background,
c-6d613030e9d09b87,loan_conversion_quote,2026-03-05T09:33:54.949+01:00,0,none,,background,
c-c002aee7aa27bd56,mortgage_application,2026-03-05T09:42:29.969+01:00,0,none,,background,
c-d75efe97ca684433,disbursement,2026-03-05T09:43:14.472+01:00,0,none,,background,
c-eeb6f49acfc8cef4,mortgage_application,2026-03-05T09:45:22.042+01:00,0,none,,background,
c-d36f85fd654d2ffe,loan_conversion_quote,2026-03-05T09:47:28.618+01:00,0,none,,background,
c-24b50fb7f76352bf,mortgage_application,2026-03-05T09:47:37.232+01:00,0,none,,background,
c-0d7ff72b7e37b339,mortgage_application,2026-03-05T09:51:45.293+01:00,0,none,,background,
c-440a34dfc8d5d8ee,mortgage_application,2026-03-05T09:53:36.130+01:00,0,none,,background,
c-d25bdbc59839c744,mortgage_application,2026-03-05T09:55:17.962+01:00,0,none,,background,
c-3804276dc560de51,loan_conversion_quote,2026-03-05T09:57:29.261+01:00,0,none,,background,
c-c76c5435132e8732,mortgage_application,2026-03-05T09:57:57.999+01:00,0,none,,background,
c-e0f26a3619af3570,disbursement,2026-03-05T10:00:20.438+01:00,0,none,,background,
c-369af62b35b95636,mortgage_application,2026-03-05T10:03:11.111+01:00,0,none,,background,
c-e947e13a7218e4f4,disbursement,2026-03-05T10:07:21.877+01:00,0,none,,background,
c-4b6b4e6757e9523f,loan_conversion_quote,2026-03-05T10:10:47.294+01:00,0,none,,background,
c-52d5276669d029f6,mortgage_application,2026-03-05T10:11:56.218+01:00,0,none,,background,
c-0756e786acf980de,loan_conversion_quote,2026-03-05T10:12:11.776+01:00,0,none,,background,
c-3470745a327d131a,mortgage_application,2026-03-05T10:15:42.196+01:00,0,none,,background,
c-d035c8f9538e680e,mortgage_application,2026-03-05T10:15:48.801+01:00,0,none,,background,
c-65785178aebaf9ce,mortgage_application,2026-03-05T10:15:57.360+01:00,0,none,,background,
c-c0669dc171114075,loan_conversion_quote,2026-03-05T10:18:57.194+01:00,0,none,,background,
c-455d3f9724c59010,loan_conversion_quote,2026-03-05T10:20:41.784+01:00,0,none,,background,
c-18e89bbc2d3c0200,mortgage_application,2026-03-05T10:22:19.834+01:00,0,none,,background,
c-de0614e9d0d95233,mortgage_application,2026-03-05T10:22:23.967+01:00,0,none,,background,
c-2aa1c58a9ca88535,loan_conversion_quote,2026-03-05T10:24:06.508+01:00,0,none,,background,
c-fb6164ea0319f133,loan_conversion_quote,2026-03-05T10:24:32.918+01:00,0,none,,background,
c-8cb5a3c65378bcfa,disbursement,2026-03-05T10:24:42.823+01:00,0,none,,background,
c-8b5e1614680f25cb,loan_conversion_quote,2026-03-05T10:25:25.503+01:00,0,none,,background,
c-98b64905dd0b9a86,mortgage_application,2026-03-05T10:26:36.106+01:00,0,none,,background,
c-c063dc4a522fd1f0,mortgage_application,2026-03-05T10:28:24.398+01:00,0,none,,background,
c-d80a46441ab20a8a,mortgage_application,2026-03-05T10:28:41.594+01:00,0,none,,background,
c-85f184052b665700,disbursement,2026-03-05T10:29:03.321+01:00,0,none,,background,
c-679b03e8555c4e4f,mortgage_application,2026-03-05T10:29:05.076+01:00,0,none,,background,
c-1a941161da42a9c0,disbursement,2026-03-05T10:29:32.949+01:00,0,none,,background,
c-6c669ed933f48f87,mortgage_application,2026-03-05T10:31:25.128+01:00,0,none,,background,
c-e7df91e18f870500,disbursement,2026-03-05T10:32:36.725+01:00,0,none,,background,
c-c0c149819978de51,mortgage_application,2026-03-05T10:37:36.066+01:00,0,none,,background,
c-7b24c202d5c2e5fd,mortgage_application,2026-03-05T10:37:50.414+01:00,0,none,,background,
c-2081f980f8304529,loan_conversion_quote,2026-03-05T10:39:47.772+01:00,0,none,,background,
c-0ae4018c8ccdf606,loan_conversion_quote,2026-03-05T10:42:05.272+01:00,0,none,,background,
c-da2cb7d43dcefbdb,mortgage_application,2026-03-05T10:42:21.493+01:00,0,none,,background,
c-7b19bd0d0804da88,mortgage_application,2026-03-05T10:44:46.093+01:00,0,none,,background,
c-c777d3c333fa8f0e,loan_conversion_quote,2026-03-05T10:51:01.510+01:00,0,none,,background,
c-b794fb52a202d369,disbursement,2026-03-05T10:52:52.337+01:00,0,none,,background,
c-6c87829f758cb580,mortgage_application,2026-03-05T10:53:07.350+01:00,0,none,,background,
c-2e9c13c7930e3780,mortgage_application,2026-03-05T10:56:29.848+01:00,0,none,,background,
c-a4c2b2fc084ee283,loan_conversion_quote,2026-03-05T10:57:34.899+01:00,0,none,,background,
c-2a86d782247af106,loan_conversion_quote,2026-03-05T10:57:36.882+01:00,0,none,,background,
c-6552bfe8aa36c18c,disbursement,2026-03-05T10:58:36.536+01:00,0,none,,background,
c-765fccac75332215,mortgage_application,2026-03-05T11:00:41.529+01:00,0,none,,background,
c-760748da50ba724a,loan_conversion_quote,2026-03-05T11:02:23.113+01:00,0,none,,background,
c-403280b576a15bd1,loan_conversion_quote,2026-03-05T11:04:45.231+01:00,0,none,,background,
c-bb6b7753f0d2e30d,loan_conversion_quote,2026-03-05T11:06:42.500+01:00,0,none,,background,
c-03f84ceef3f4ce57,mortgage_application,2026-03-05T11:07:35.972+01:00,0,none,,background,
c-d59aa5189b8202c5,disbursement,2026-03-05T11:08:36.141+01:00,0,none,,background,
c-0b55f3a87b4f6bff,mortgage_application,2026-03-05T11:11:54.910+01:00,0,none,,background,
c-da95c20cbe0e989b,loan_conversion_quote,2026-03-05T11:11:56.016+01:00,0,none,,background,
c-6d52c02641130930,loan_conversion_quote,2026-03-05T11:12:11.996+01:00,0,none,,background,
c-ba5530f5987d82b0,mortgage_application,2026-03-05T11:12:33.225+01:00,0,none,,background,
c-dc626a7c004f68d6,mortgage_application,2026-03-05T11:14:32.564+01:00,0,none,,background,
c-f37eda1ea524a7c0,loan_conversion_quote,2026-03-05T11:15:14.939+01:00,0,none,,background,
c-7d649673fb67a3d4,loan_conversion_quote,2026-03-05T11:16:58.514+01:00,0,none,,background,
c-5694ff1e859050d4,mortgage_application,2026-03-05T11:17:01.227+01:00,0,none,,background,
c-59b0d820a87c270e,mortgage_application,2026-03-05T11:17:09.754+01:00,0,none,,background,
c-4c3b7fe80daf5b8b,mortgage_application,2026-03-05T11:17:33.520+01:00,0,none,,background,
c-cf4046a64632f3d5,mortgage_application,2026-03-05T11:19:45.372+01:00,0,none,,background,
c-eea1e0f382b9c188,disbursement,2026-03-05T11:19:57.431+01:00,0,none,,background,
c-a69c5b76538846a9,mortgage_application,2026-03-05T11:21:47.304+01:00,0,none,,background,
c-f3b805d1cf21ad41,mortgage_application,2026-03-05T11:22:28.959+01:00,0,none,,background,
c-007e2949420ee2c4,disbursement,2026-03-05T11:22:55.692+01:00,0,none,,background,
c-33320b10e77ae055,disbursement,2026-03-05T11:23:17.428+01:00,0,none,,background,
c-5e519a1f5b91fe9e,disbursement,2026-03-05T11:26:41.898+01:00,0,none,,background,
c-bb89cf69d5018189,mortgage_application,2026-03-05T11:28:09.577+01:00,0,none,,background,
c-279129aadda0cd52,loan_conversion_quote,2026-03-05T11:28:27.827+01:00,0,none,,background,
c-24219fa6e830c2be,loan_conversion_quote,2026-03-05T11:28:38.982+01:00,0,none,,background,
c-8be2fd645a38148f,mortgage_application,2026-03-05T11:31:58.149+01:00,0,none,,background,
c-ed8a09041f998640,disbursement,2026-03-05T11:35:27.183+01:00,0,none,,background,
c-dc4e3a959ec55238,loan_conversion_quote,2026-03-05T11:40:37.610+01:00,0,none,,background,
c-f0dc1e24f006d77e,mortgage_application,2026-03-05T11:41:37.983+01:00,0,none,,background,
c-23364414ddc9587b,mortgage_application,2026-03-05T11:42:20.922+01:00,0,none,,background,
c-9705c51ac2fc7e0f,mortgage_application,2026-03-05T11:43:05.973+01:00,0,none,,background,
c-a9e2dbeb29e3a912,mortgage_application,2026-03-05T11:43:49.547+01:00,0,none,,background,
c-511d8320158704d8,disbursement,2026-03-05T11:44:32.317+01:00,0,none,,background,
c-0284fe298028423c,mortgage_application,2026-03-05T11:45:24.776+01:00,0,none,,background,
c-2399aedf339f29e9,mortgage_application,2026-03-05T11:46:23.949+01:00,0,none,,background,
c-5b6a9ec72db6ba19,mortgage_application,2026-03-05T11:47:18.654+01:00,0,none,,background,
c-16a48f2a259d365a,loan_conversion_quote,2026-03-05T11:47:34.000+01:00,0,none,,background,
c-4901e3554c7e480b,mortgage_application,2026-03-05T11:48:30.898+01:00,0,none,,background,
c-4c3f47d54fac47a3,loan_conversion_quote,2026-03-05T11:52:46.031+01:00,0,none,,background,
c-5bd4ce43ce5790c9,loan_conversion_quote,2026-03-05T11:53:51.864+01:00,0,none,,background,
c-190e19f116ebc3cd,mortgage_application,2026-03-05T11:54:23.891+01:00,0,none,,background,
c-d9022b08c492fad2,mortgage_application,2026-03-05T11:55:20.503+01:00,0,none,,background,
c-4f73b378c0bc393c,mortgage_application,2026-03-05T11:56:21.820+01:00,0,none,,background,
c-8e410f9e8eb9ebc9,disbursement,2026-03-05T11:56:46.731+01:00,0,none,,background,
c-2ce3dcb777808244,mortgage_application,2026-03-05T11:56:52.060+01:00,0,none,,background,
c-2df2ca609f00445a,mortgage_application,2026-03-05T11:58:36.196+01:00,0,none,,background,
c-d230bde2b7cd4121,mortgage_application,2026-03-05T11:58:45.178+01:00,0,none,,background,
c-1d0511cc2b175f34,loan_conversion_quote,2026-03-05T12:00:21.554+01:00,0,none,,background,
c-37c4fcff6df8d3df,loan_conversion_quote,2026-03-05T12:00:51.727+01:00,0,none,,background,
c-a5600e1cc7938cd0,mortgage_application,2026-03-05T12:00:56.496+01:00,0,none,,background,
c-ad4ddaff56bdbf06,mortgage_application,2026-03-05T12:01:51.307+01:00,0,none,,background,
c-6b8d5ce888a36972,loan_conversion_quote,2026-03-05T12:02:24.258+01:00,0,none,,background,
c-436ed38e1d8bf548,mortgage_application,2026-03-05T12:05:02.673+01:00,0,none,,background,
c-3beb733da90725df,disbursement,2026-03-05T12:07:37.073+01:00,0,none,,background,
c-59ff6830a236990e,mortgage_application,2026-03-05T12:08:46.967+01:00,0,none,,background,
c-c3e0cda1e160c641,mortgage_application,2026-03-05T12:08:58.707+01:00,0,none,,background,
c-25b225fd638e3e7b,mortgage_application,2026-03-05T12:12:52.838+01:00,0,none,,background,
c-12802b26df34a7c3,loan_conversion_quote,2026-03-05T12:16:00.189+01:00,0,none,,background,
c-454d1098872d5af8,loan_conversion_quote,2026-03-05T12:16:05.443+01:00,0,none,,background,
c-6f4dfddb220a81e2,mortgage_application,2026-03-05T12:17:28.449+01:00,0,none,,background,
c-5bc20452b468edbf,mortgage_application,2026-03-05T12:17:56.054+01:00,0,none,,background,
c-7dbfd9fb857d13d2,mortgage_application,2026-03-05T12:18:11.846+01:00,0,none,,background,
c-db0e5e0a96849ef8,loan_conversion_quote,2026-03-05T12:19:06.266+01:00,0,none,,background,
c-d07e6f104b814321,mortgage_application,2026-03-05T12:19:24.144+01:00,0,none,,background,
c-e41ecb81a69ac930,loan_conversion_quote,2026-03-05T12:21:44.765+01:00,0,none,,background,
c-34e4a4e254fe68af,mortgage_application,2026-03-05T12:23:05.084+01:00,0,none,,background,
c-1936276934e3f43b,mortgage_application,2026-03-05T12:25:58.357+01:00,0,none,,background,
c-f27ff313ef93ea63,mortgage_application,2026-03-05T12:26:39.254+01:00,0,none,,background,
c-740def6c164945f6,mortgage_application,2026-03-05T12:28:08.771+01:00,0,none,,background,
c-f21aea4f3bf302eb,loan_conversion_quote,2026-03-05T12:28:56.710+01:00,0,none,,background,
c-342a239b414959b9,loan_conversion_quote,2026-03-05T12:29:24.286+01:00,0,none,,background,
c-575ef158ea188cee,loan_conversion_quote,2026-03-05T12:29:31.889+01:00,0,none,,background,
c-209cf86850b877c2,mortgage_application,2026-03-05T12:30:03.901+01:00,0,none,,background,
c-c05e2ba610ef8ac8,mortgage_application,2026-03-05T12:32:51.435+01:00,0,none,,background,
c-3f83c797b0302033,mortgage_application,2026-03-05T12:33:31.148+01:00,0,none,,background,
c-aaf3617eafeda7a4,loan_conversion_quote,2026-03-05T12:33:33.170+01:00,0,none,,background,
c-f0d12a4c80bb3fe4,loan_conversion_quote,2026-03-05T12:34:37.380+01:00,0,none,,background,
c-b1f4ac405c771352,disbursement,2026-03-05T12:34:37.752+01:00,0,none,,background,
c-8a4e67efa996d1af,disbursement,2026-03-05T12:36:45.620+01:00,0,none,,background,
c-24d0230ccb655c9a,mortgage_application,2026-03-05T12:37:20.986+01:00,0,none,,background,
c-963543d98efa0c6b,loan_conversion_quote,2026-03-05T12:37:50.250+01:00,0,none,,background,
c-9e1fed00f2282151,disbursement,2026-03-05T12:40:47.628+01:00,0,none,,background,
c-73df9d76c847f07b,mortgage_application,2026-03-05T12:43:46.783+01:00,0,none,,background,
c-99542e8eaaf1c35f,mortgage_application,2026-03-05T12:47:01.132+01:00,0,none,,background,
c-889d1712b94289eb,loan_conversion_quote,2026-03-05T12:48:03.905+01:00,0,none,,background,
c-02cac2fa6c7df1c9,mortgage_application,2026-03-05T12:49:00.970+01:00,0,none,,background,
c-8fa75b8d9bd76a81,mortgage_application,2026-03-05T12:50:24.241+01:00,0,none,,background,
c-40f067c8e2c83b31,mortgage_application,2026-03-05T12:50:48.218+01:00,0,none,,background,
c-9749ab843eb3d9bc,loan_conversion_quote,2026-03-05T12:51:46.334+01:00,0,none,,background,
c-1191a543ad0addea,mortgage_application,2026-03-05T12:52:10.021+01:00,0,none,,background,
c-ef5c0ba737009b09,mortgage_application,2026-03-05T12:52:44.043+01:00,0,none,,background,
c-422694230daccc4f,loan_conversion_quote,2026-03-05T12:54:49.896+01:00,0,none,,background,
c-f0c02aaa28e85cc8,mortgage_application,2026-03-05T12:56:12.705+01:00,0,none,,background,
c-90088d65a88b774d,mortgage_application,2026-03-05T12:56:22.731+01:00,0,none,,background,
c-7a570437b371282b,disbursement,2026-03-05T12:56:39.303+01:00,0,none,,background,
c-fc288e60486a577a,mortgage_application,2026-03-05T12:57:15.904+01:00,0,none,,background,
c-d5d22d0895f3ec2f,disbursement,2026-03-05T12:57:50.042+01:00,0,none,,background,
c-5b3309cda789ca03,mortgage_application,2026-03-05T12:58:17.946+01:00,0,none,,background,
c-2afa0f493e6ef15d,mortgage_application,2026-03-05T12:59:24.206+01:00,0,none,,background,
c-34a4dce170f0eeb5,mortgage_application,2026-03-05T13:00:24.357+01:00,0,none,,background,
c-8449b84c1967bba3,loan_conversion_quote,2026-03-05T13:00:30.298+01:00,0,none,,background,
c-42275fb729777fcf,mortgage_application,2026-03-05T13:01:13.924+01:00,0,none,,background,
c-b4e20920de7d8aae,mortgage_application,2026-03-05T13:04:10.850+01:00,0,none,,background,
c-b6c59789c77cbf68,mortgage_application,2026-03-05T13:04:15.096+01:00,0,none,,background,
c-643b4d9c999544c7,loan_conversion_quote,2026-03-05T13:05:02.531+01:00,0,none,,background,
c-12546a1dc04632d6,mortgage_application,2026-03-05T13:06:30.008+01:00,0,none,,background,
c-e94dda05e24fe34b,mortgage_application,2026-03-05T13:08:23.167+01:00,0,none,,background,
c-7934e850ed7e5e08,mortgage_application,2026-03-05T13:09:41.226+01:00,0,none,,background,
c-863f25865dd25368,mortgage_application,2026-03-05T13:10:11.657+01:00,0,none,,background,
c-c55028d209df39bf,loan_conversion_quote,2026-03-05T13:12:04.611+01:00,0,none,,background,
c-2eca432b82b26888,mortgage_application,2026-03-05T13:12:18.212+01:00,0,none,,background,
c-4b97c2e44de016d1,loan_conversion_quote,2026-03-05T13:15:24.944+01:00,0,none,,background,
c-fee76febad549b85,mortgage_application,2026-03-05T13:15:38.267+01:00,0,none,,background,
c-6cb424b1e6a03340,mortgage_application,2026-03-05T13:15:46.020+01:00,0,none,,background,
c-edbd888ac8202587,mortgage_application,2026-03-05T13:18:49.680+01:00,0,none,,background,
c-4cad16a9721a263b,mortgage_application,2026-03-05T13:19:27.047+01:00,0,none,,background,
c-2e966ecd43216418,mortgage_application,2026-03-05T13:23:22.033+01:00,0,none,,background,
c-484f222275e6aaff,mortgage_application,2026-03-05T13:25:14.344+01:00,0,none,,background,
c-4ec8b55ccb99c671,mortgage_application,2026-03-05T13:25:38.244+01:00,0,none,,background,
c-c7cba0b20a58cdbf,mortgage_application,2026-03-05T13:26:39.972+01:00,0,none,,background,
c-b7b8c6f8a86f620a,mortgage_application,2026-03-05T13:26:53.031+01:00,0,none,,background,
c-49e8272c6695732f,mortgage_application,2026-03-05T13:26:55.131+01:00,0,none,,background,
c-c4eede5928ed530d,mortgage_application,2026-03-05T13:27:55.380+01:00,0,none,,background,
c-3a5e1c4fb1532cb0,mortgage_application,2026-03-05T13:30:51.378+01:00,0,none,,background,
c-3603d8622220ce83,mortgage_application,2026-03-05T13:33:10.554+01:00,0,none,,background,
c-1d4ace0298933fca,mortgage_application,2026-03-05T13:33:41.718+01:00,0,none,,background,
c-6edd28af7e24c638,mortgage_application,2026-03-05T13:35:03.886+01:00,0,none,,precursor,INC-1
c-1419e114a608c930,loan_conversion_quote,2026-03-05T13:36:13.625+01:00,0,none,,background,
c-2f4369676b19a84d,mortgage_application,2026-03-05T13:37:51.898+01:00,0,none,,precursor,INC-1
c-6b3f8dc882c9378b,mortgage_application,2026-03-05T13:37:57.471+01:00,0,none,,precursor,INC-1
c-54e61a85b16632db,disbursement,2026-03-05T13:38:59.230+01:00,0,none,,background,
c-9a36985bc9c897a5,disbursement,2026-03-05T13:39:47.563+01:00,0,none,,background,
c-80cfc4e6ba5e1627,loan_conversion_quote,2026-03-05T13:43:36.027+01:00,0,none,,background,
c-8abf4f4ebff3dde7,disbursement,2026-03-05T13:45:35.153+01:00,0,none,,background,
c-cbee26cd6e2f73ff,mortgage_application,2026-03-05T13:46:06.325+01:00,0,none,,precursor,INC-1
c-2c3a8a0311300c3e,mortgage_application,2026-03-05T13:46:36.741+01:00,0,none,,precursor,INC-1
c-fe445c2b01434b9e,mortgage_application,2026-03-05T13:47:54.621+01:00,0,none,,precursor,INC-1
c-63100d8d35e5a85e,loan_conversion_quote,2026-03-05T13:48:41.132+01:00,0,none,,background,
c-daef5e74700eb285,mortgage_application,2026-03-05T13:48:47.658+01:00,0,none,,precursor,INC-1
c-bf522d8599e84f6c,mortgage_application,2026-03-05T13:49:42.115+01:00,0,none,,precursor,INC-1
c-2ba663e0d510dd2b,mortgage_application,2026-03-05T13:50:01.018+01:00,0,none,,precursor,INC-1
c-47b8ef6d9d61272d,loan_conversion_quote,2026-03-05T13:50:19.936+01:00,0,none,,background,
c-a80118aa076ea4c4,mortgage_application,2026-03-05T13:56:19.138+01:00,0,none,,precursor,INC-1
c-1ff8fe0ef07b3550,mortgage_application,2026-03-05T13:57:09.365+01:00,0,none,,precursor,INC-1
c-696691957a6194bb,loan_conversion_quote,2026-03-05T13:57:30.364+01:00,0,none,,background,
c-84eac07e4d950d08,mortgage_application,2026-03-05T13:59:14.016+01:00,0,none,,precursor,INC-1
c-a32b96595a9c6525,mortgage_application,2026-03-05T14:01:55.604+01:00,0,none,,precursor,INC-1
c-6b81066cd02c60e4,loan_conversion_quote,2026-03-05T14:06:00.116+01:00,0,none,,background,
c-8f6fd8ad7a368cff,loan_conversion_quote,2026-03-05T14:06:52.826+01:00,0,none,,background,
c-11a7b81762951d06,loan_conversion_quote,2026-03-05T14:07:29.981+01:00,0,none,,background,
c-0b3469261670cc37,mortgage_application,2026-03-05T14:08:05.251+01:00,0,none,,precursor,INC-1
c-9c42dc3d3f5bc5af,loan_conversion_quote,2026-03-05T14:09:15.392+01:00,0,none,,background,
c-2dc16503262c0cbf,loan_conversion_quote,2026-03-05T14:09:26.522+01:00,0,none,,background,
c-2235e90ac64f5fee,loan_conversion_quote,2026-03-05T14:09:46.191+01:00,0,none,,background,
c-2166ac0a1626eb1c,loan_conversion_quote,2026-03-05T14:09:46.841+01:00,0,none,,background,
c-b381261bd45fe7a8,mortgage_application,2026-03-05T14:11:03.840+01:00,1,silent_skip,6,incident,INC-1
c-4226edc2c27ab204,loan_conversion_quote,2026-03-05T14:11:57.558+01:00,0,none,,background,
c-519c9341ee72d045,loan_conversion_quote,2026-03-05T14:12:43.439+01:00,0,none,,background,
c-8c4ff1dc753bd185,mortgage_application,2026-03-05T14:18:10.899+01:00,1,silent_skip,5,incident,INC-1
c-63e241032d1482e2,mortgage_application,2026-03-05T14:19:58.600+01:00,1,visible_error,5,incident,INC-1
c-16287a6218a44e48,mortgage_application,2026-03-05T14:21:09.433+01:00,1,silent_skip,5,incident,INC-1
c-700a42c7704ae997,mortgage_application,2026-03-05T14:22:22.548+01:00,1,truncated,5,incident,INC-1
c-a455b5af1a7be93c,mortgage_application,2026-03-05T14:24:07.634+01:00,1,truncated,5,incident,INC-1
c-bd291b4711624dc7,mortgage_application,2026-03-05T14:26:15.534+01:00,1,visible_error,4,incident,INC-1
c-b89bf69a9e20fc81,loan_conversion_quote,2026-03-05T14:29:45.917+01:00,0,none,,background,
c-376bf45d45841e98,mortgage_application,2026-03-05T14:32:12.823+01:00,0,none,,incident,INC-1
c-127d66692362eefe,mortgage_application,2026-03-05T14:33:17.428+01:00,1,silent_skip,5,incident,INC-1
c-cac5118d27147196,mortgage_application,2026-03-05T14:37:10.541+01:00,1,visible_error,4,incident,INC-1
c-e120561d43b75c47,mortgage_application,2026-03-05T14:37:50.843+01:00,0,none,,incident,INC-1
c-6cf7c13355f73534,loan_conversion_quote,2026-03-05T14:39:39.523+01:00,0,none,,background,
c-2264a8fb1bca2362,disbursement,2026-03-05T14:39:47.266+01:00,0,none,,background,
c-1270b9a044ea2517,mortgage_application,2026-03-05T14:44:07.473+01:00,1,visible_error,5,incident,INC-1
c-cd45a8d7de9a433b,mortgage_application,2026-03-05T14:52:49.142+01:00,1,visible_error,5,incident,INC-1
c-d00420f423ee39ea,loan_conversion_quote,2026-03-05T14:57:59.674+01:00,0,none,,background,
c-350d8a4924368ad7,mortgage_application,2026-03-05T15:01:30.543+01:00,0,none,,incident,INC-1
c-55a3128b12139423,mortgage_application,2026-03-05T15:02:10.498+01:00,1,truncated,5,incident,INC-1
c-c69cadda2ed3e450,mortgage_application,2026-03-05T15:05:18.033+01:00,0,none,,incident,INC-1
c-abdeda07b61212f9,loan_conversion_quote,2026-03-05T15:05:49.789+01:00,0,none,,background,
c-2d3cb7d2f1cd2b94,loan_conversion_quote,2026-03-05T15:06:39.715+01:00,0,none,,background,
c-6030cc840a947e6e,loan_conversion_quote,2026-03-05T15:10:28.042+01:00,0,none,,background,
c-08f3d463ef39cd66,loan_conversion_quote,2026-03-05T15:11:08.896+01:00,0,none,,background,
c-c87bdd3ee5b84617,mortgage_application,2026-03-05T15:13:15.637+01:00,0,none,,incident,INC-1
c-2cf791503497ad11,mortgage_application,2026-03-05T15:14:21.676+01:00,1,silent_skip,6,incident,INC-1
c-0141f75205303bed,loan_conversion_quote,2026-03-05T15:24:09.039+01:00,0,none,,background,
c-9df9e41f598120c3,loan_conversion_quote,2026-03-05T15:24:37.256+01:00,0,none,,background,
c-6145497893492f6b,disbursement,2026-03-05T15:24:48.496+01:00,0,none,,background,
c-a844fe6fa2595f16,mortgage_application,2026-03-05T15:26:52.149+01:00,0,none,,background,
c-b26839496991b9fd,mortgage_application,2026-03-05T15:26:52.267+01:00,0,none,,background,
c-a5bf44d19cb5b340,loan_conversion_quote,2026-03-05T15:27:04.691+01:00,0,none,,background,
c-f79b6cf408105f64,mortgage_application,2026-03-05T15:27:37.983+01:00,0,none,,background,
c-0b580bfaf1770b38,mortgage_application,2026-03-05T15:29:28.908+01:00,0,none,,background,
c-3ffb4be193c56bea,loan_conversion_quote,2026-03-05T15:34:55.152+01:00,0,none,,background,
c-a8383de8ee47d614,mortgage_application,2026-03-05T15:38:28.860+01:00,0,none,,background,
c-99fa9181002da087,loan_conversion_quote,2026-03-05T15:42:20.338+01:00,0,none,,background,
c-75f218a6ec80f316,loan_conversion_quote,2026-03-05T15:44:17.706+01:00,0,none,,background,
c-176d8c50ccaea328,loan_conversion_quote,2026-03-05T15:44:27.990+01:00,0,none,,background,
c-01ab28d901c57b43,loan_conversion_quote,2026-03-05T15:44:51.740+01:00,0,none,,background,
c-9669602a32d924fb,loan_conversion_quote,2026-03-05T15:44:57.081+01:00,0,none,,background,
c-df891fceca9ea320,mortgage_application,2026-03-05T15:46:53.812+01:00,0,none,,background,
c-0648bbe9f878847a,loan_conversion_quote,2026-03-05T15:48:18.897+01:00,0,none,,background,
c-212fed06b62ca493,mortgage_application,2026-03-05T15:48:26.683+01:00,0,none,,background,
c-def79d2c4c1ab0eb,mortgage_application,2026-03-05T15:50:07.363+01:00,0,none,,background,
c-754b0a875c0bd0d6,loan_conversion_quote,2026-03-05T15:59:17.929+01:00,0,none,,background,
c-8b6f75cfe77c6b31,mortgage_application,2026-03-05T16:05:58.073+01:00,0,none,,background,
c-6ea9edbf1313a7aa,mortgage_application,2026-03-05T16:06:16.530+01:00,0,none,,background,
c-54c58a190bb7c3db,mortgage_application,2026-03-05T16:06:45.065+01:00,0,none,,background,
c-287fe80f656e21ec,loan_conversion_quote,2026-03-05T16:07:35.598+01:00,0,none,,background,
c-bf8b5f802efccbdd,mortgage_application,2026-03-05T16:08:45.329+01:00,0,none,,background,
c-46f55e415e1aef26,loan_conversion_quote,2026-03-05T16:09:00.917+01:00,0,none,,background,
c-b9462957d70d3390,mortgage_application,2026-03-05T16:12:00.886+01:00,0,none,,background,
c-4342878fc1964b96,mortgage_application,2026-03-05T16:12:15.564+01:00,0,none,,background,
c-dd278b5dfe5a6dd5,loan_conversion_quote,2026-03-05T16:12:40.357+01:00,0,none,,background,
c-f6b307770ed4cc7d,loan_conversion_quote,2026-03-05T16:14:49.516+01:00,0,none,,background,
c-d326b095db6d1ad4,mortgage_application,2026-03-05T16:14:52.343+01:00,0,none,,background,
c-f65bea7ae56c949c,mortgage_application,2026-03-05T16:19:41.451+01:00,0,none,,background,
c-78a17fecc12fa00a,loan_conversion_quote,2026-03-05T16:20:11.827+01:00,0,none,,background,
c-c7a9bfbaff53dfc7,loan_conversion_quote,2026-03-05T16:27:04.523+01:00,0,none,,background,
c-109e80620d8599ae,loan_conversion_quote,2026-03-05T16:27:55.258+01:00,0,none,,background,
c-079f7852e2c8f751,mortgage_application,2026-03-05T16:29:10.914+01:00,0,none,,background,
c-d83dc8a5526fbe8e,loan_conversion_quote,2026-03-05T16:30:56.789+01:00,0,none,,background,
c-67035af82b7ac2ab,loan_conversion_quote,2026-03-05T16:45:37.815+01:00,0,none,,background,
c-fea997e377a40ad4,loan_conversion_quote,2026-03-05T16:53:56.565+01:00,0,none,,background,
c-fe6741a95ed1bdc3,loan_conversion_quote,2026-03-05T16:56:42.515+01:00,0,none,,background,
c-9497bd39320a0fe9,loan_conversion_quote,2026-03-05T17:17:08.603+01:00,0,none,,background,
c-8c678ca778c09f9a,loan_conversion_quote,2026-03-05T17:19:13.876+01:00,0,none,,background,
c-9ddd1b1f8eb3227b,loan_conversion_quote,2026-03-05T17:23:31.489+01:00,0,none,,background,
c-a4b381f0d63d57df,loan_conversion_quote,2026-03-05T17:42:50.660+01:00,0,none,,background,
c-3f688b11ee6d9fa1,loan_conversion_quote,2026-03-05T17:53:02.796+01:00,0,none,,background,
c-3be6831a5fc45a44,loan_conversion_quote,2026-03-05T18:00:22.105+01:00,0,none,,background,
c-329416135acd4449,loan_conversion_quote,2026-03-05T18:45:51.785+01:00,0,none,,background,
c-8b829f0e1fa8c112,loan_conversion_quote,2026-03-05T19:15:11.412+01:00,0,none,,background,
c-14a79c8990059075,loan_conversion_quote,2026-03-05T19:23:09.026+01:00,0,none,,background,
c-1b918ddbcb691a65,loan_conversion_quote,2026-03-05T19:25:12.284+01:00,0,none,,background,
c-969b459bf6f6b95a,loan_conversion_quote,2026-03-05T19:26:24.456+01:00,0,none,,background,
c-22df21f2c48cd5f5,loan_conversion_quote,2026-03-05T19:30:01.677+01:00,0,none,,background,
c-c963f959f6137997,loan_conversion_quote,2026-03-05T19:31:50.563+01:00,0,none,,background,
c-11ac5e612f161f60,loan_conversion_quote,2026-03-05T19:36:19.846+01:00,0,none,,background,
c-a813998f3f3b8aab,loan_conversion_quote,2026-03-05T19:40:12.046+01:00,0,none,,background,
c-db0b6bb4f582c3eb,loan_conversion_quote,2026-03-05T19:48:35.307+01:00,0,none,,background,
c-6baf62eb331c18b0,loan_conversion_quote,2026-03-05T19:50:10.346+01:00,0,none,,background,
c-62e7fc2b53bfb54c,loan_conversion_quote,2026-03-05T19:56:00.324+01:00,0,none,,background,
c-b2d735a4b3bcc3b7,loan_conversion_quote,2026-03-05T20:13:39.849+01:00,0,none,,background,
c-46afafc24fdab369,instalment_collection,2026-03-06T02:00:52.633+01:00,0,none,,background,
c-d25ed60b7ba51a42,instalment_collection,2026-03-06T02:02:34.262+01:00,0,none,,background,
c-971ad8d649000556,instalment_collection,2026-03-06T02:03:54.001+01:00,0,none,,background,
c-1d109f78f5360b9e,instalment_collection,2026-03-06T02:04:31.102+01:00,0,none,,background,
c-cb0a4d1d1955cc5e,instalment_collection,2026-03-06T02:06:28.209+01:00,0,none,,background,
c-b51ffa54faf4104e,instalment_collection,2026-03-06T02:07:59.862+01:00,0,none,,background,
c-e275bf7b867da419,instalment_collection,2026-03-06T02:08:39.781+01:00,0,none,,background,
c-42a370d5945823d1,instalment_collection,2026-03-06T02:08:52.833+01:00,0,none,,background,
c-be708e6aefac3d6b,instalment_collection,2026-03-06T02:10:04.324+01:00,0,none,,background,
c-c9d1f86b28d45c84,instalment_collection,2026-03-06T02:11:56.236+01:00,0,none,,background,
c-e9100cb72865ed41,instalment_collection,2026-03-06T02:13:04.901+01:00,0,none,,background,
c-b8ca93e682777bb8,instalment_collection,2026-03-06T02:13:33.354+01:00,0,none,,background,
c-7534fbed6fae3915,instalment_collection,2026-03-06T02:13:33.587+01:00,0,none,,background,
c-647803e3e8078300,instalment_collection,2026-03-06T02:13:36.223+01:00,0,none,,background,
c-b368bae8f1eb4682,instalment_collection,2026-03-06T02:13:40.151+01:00,0,none,,background,
c-9bdec49a17ac3145,instalment_collection,2026-03-06T02:13:55.545+01:00,0,none,,background,
c-7ceaa1d3c39b3485,instalment_collection,2026-03-06T02:14:01.229+01:00,0,none,,background,
c-68d8f63010bcc7b6,instalment_collection,2026-03-06T02:14:28.975+01:00,0,none,,background,
c-7bba3ead5e29680d,instalment_collection,2026-03-06T02:15:06.181+01:00,0,none,,background,
c-ebcddc4e19ed9a64,instalment_collection,2026-03-06T02:17:34.230+01:00,0,none,,background,
c-43c676cb4619b8cd,instalment_collection,2026-03-06T02:18:39.103+01:00,0,none,,background,
c-63426a3908c91266,instalment_collection,2026-03-06T02:19:12.721+01:00,0,none,,background,
c-1deb9ab4af65e0d8,instalment_collection,2026-03-06T02:19:25.874+01:00,1,visible_error,3,background,
c-981766a14d456b66,instalment_collection,2026-03-06T02:19:45.019+01:00,0,none,,background,
c-b03f02f2e9b8d6b3,instalment_collection,2026-03-06T02:19:47.264+01:00,0,none,,background,
c-0544bf936f29c962,instalment_collection,2026-03-06T02:19:50.079+01:00,0,none,,background,
c-fdce84952e00a954,instalment_collection,2026-03-06T02:19:55.713+01:00,0,none,,background,
c-4ff2ff9fcf01c563,instalment_collection,2026-03-06T02:20:11.184+01:00,0,none,,background,
c-d61ed87ae283549a,instalment_collection,2026-03-06T02:20:27.269+01:00,0,none,,background,
c-6728ef6aca6b5fc4,instalment_collection,2026-03-06T02:20:56.661+01:00,0,none,,background,
c-a39ffdaf3b7ffe66,instalment_collection,2026-03-06T02:21:25.987+01:00,0,none,,background,
c-64e9ea882b567a6f,instalment_collection,2026-03-06T02:21:53.643+01:00,0,none,,background,
c-015fbfa8a203b288,instalment_collection,2026-03-06T02:21:57.675+01:00,0,none,,background,
c-0b437ac6f05c0d31,instalment_collection,2026-03-06T02:22:28.219+01:00,0,none,,background,
c-1dc399aec3d4151d,instalment_collection,2026-03-06T02:23:44.337+01:00,0,none,,background,
c-52f2712eebc010cb,instalment_collection,2026-03-06T02:23:48.543+01:00,0,none,,background,
c-a9047d31d9b3539f,instalment_collection,2026-03-06T02:23:53.215+01:00,0,none,,background,
c-9d3331b0a2eb53c0,instalment_collection,2026-03-06T02:24:30.089+01:00,0,none,,background,
c-bf3da8b6b18a5879,instalment_collection,2026-03-06T02:24:45.840+01:00,0,none,,background,
c-4758be526fe16522,instalment_collection,2026-03-06T02:25:12.108+01:00,0,none,,background,
c-b0e7f2e4a48d441e,instalment_collection,2026-03-06T02:25:26.730+01:00,0,none,,background,
c-7f0aed71a9c0ffbd,instalment_collection,2026-03-06T02:25:47.177+01:00,0,none,,background,
c-2f747898fde71c55,instalment_collection,2026-03-06T02:26:31.283+01:00,0,none,,background,
c-e0091ee27fa16423,instalment_collection,2026-03-06T02:26:36.722+01:00,0,none,,background,
c-34992a274da0f13a,instalment_collection,2026-03-06T02:28:24.650+01:00,0,none,,background,
c-2eb34f37d7282876,instalment_collection,2026-03-06T02:28:46.696+01:00,0,none,,background,
c-bfed9bddbc0d9116,instalment_collection,2026-03-06T02:29:14.569+01:00,0,none,,background,
c-9d7f67cfbe081bd1,instalment_collection,2026-03-06T02:31:16.492+01:00,0,none,,background,
c-103fae2c76bd6802,instalment_collection,2026-03-06T02:31:32.212+01:00,0,none,,background,
c-fffa5e2ef0fcc7d8,instalment_collection,2026-03-06T02:31:33.048+01:00,0,none,,background,
c-b8a92aeb05f79fcf,instalment_collection,2026-03-06T02:31:45.177+01:00,0,none,,background,
c-6b50a896c3e87296,instalment_collection,2026-03-06T02:32:12.802+01:00,0,none,,background,
c-cc13f0a1f8d35b30,instalment_collection,2026-03-06T02:32:33.060+01:00,0,none,,background,
c-f032f6d0255843b5,instalment_collection,2026-03-06T02:33:13.848+01:00,0,none,,background,
c-1335b0e1e7022383,instalment_collection,2026-03-06T02:33:38.184+01:00,0,none,,background,
c-770ef25518d33817,instalment_collection,2026-03-06T02:33:42.385+01:00,0,none,,background,
c-5c0f7971b0266063,instalment_collection,2026-03-06T02:33:49.914+01:00,0,none,,background,
c-120d01eb408c3ee6,instalment_collection,2026-03-06T02:34:06.900+01:00,0,none,,background,
c-e3c0f0ffd028a27d,instalment_collection,2026-03-06T02:34:15.202+01:00,0,none,,background,
c-ed66712948f6f315,instalment_collection,2026-03-06T02:34:16.809+01:00,0,none,,background,
c-790159bfbb108dd9,instalment_collection,2026-03-06T02:34:48.167+01:00,0,none,,background,
c-ed4865257b59c3dd,instalment_collection,2026-03-06T02:34:52.971+01:00,0,none,,background,
c-c79d93a8e3f5c50a,instalment_collection,2026-03-06T02:35:08.438+01:00,0,none,,background,
c-e449de4e12481fb6,instalment_collection,2026-03-06T02:35:33.244+01:00,0,none,,background,
c-4a76c1bbffb4e48f,instalment_collection,2026-03-06T02:35:57.434+01:00,0,none,,background,
c-941c1ea4a2458688,instalment_collection,2026-03-06T02:36:55.540+01:00,0,none,,background,
c-681a0a24e0496b05,instalment_collection,2026-03-06T02:37:02.943+01:00,0,none,,background,
c-71eb2640b64d93f7,instalment_collection,2026-03-06T02:37:26.566+01:00,0,none,,background,
c-ee86d9b3471284e1,instalment_collection,2026-03-06T02:37:56.437+01:00,0,none,,background,
c-1094bcfbdd60679f,instalment_collection,2026-03-06T02:37:57.156+01:00,0,none,,background,
c-0e2936fccf6d500c,instalment_collection,2026-03-06T02:38:31.539+01:00,0,none,,background,
c-cc5c34feb1fec1e6,instalment_collection,2026-03-06T02:39:11.944+01:00,0,none,,background,
c-0c92a4dbb73c6923,instalment_collection,2026-03-06T02:39:16.617+01:00,0,none,,background,
c-da629edf045fa6bc,instalment_collection,2026-03-06T02:39:23.386+01:00,0,none,,background,
c-51b4c88c10e4e8c5,instalment_collection,2026-03-06T02:39:37.828+01:00,0,none,,background,
c-8c55a8516b5c28e4,instalment_collection,2026-03-06T02:39:40.625+01:00,0,none,,background,
c-ee88d5eee99aa983,instalment_collection,2026-03-06T02:39:48.352+01:00,0,none,,background,
c-81599de94ab66829,instalment_collection,2026-03-06T02:40:16.017+01:00,0,none,,background,
c-c9709f31f079d893,instalment_collection,2026-03-06T02:40:23.906+01:00,0,none,,background,
c-8567c01b3a7ccaea,instalment_collection,2026-03-06T02:40:44.979+01:00,0,none,,background,
c-abf9723ca4c1edca,instalment_collection,2026-03-06T02:41:05.814+01:00,0,none,,background,
c-52538d7f3a7a365e,instalment_collection,2026-03-06T02:41:14.432+01:00,0,none,,background,
c-c4c1ba70dcc94419,instalment_collection,2026-03-06T02:41:18.334+01:00,0,none,,background,
c-a075c44fdb7654b2,instalment_collection,2026-03-06T02:41:25.001+01:00,0,none,,background,
c-baea7a2e7a3a871e,instalment_collection,2026-03-06T02:41:27.435+01:00,0,none,,background,
c-c4f1df53e65257b3,instalment_collection,2026-03-06T02:41:34.490+01:00,0,none,,background,
c-754ad8c946c5991c,instalment_collection,2026-03-06T02:41:47.047+01:00,0,none,,background,
c-d73b79c5fafcbed6,instalment_collection,2026-03-06T02:41:54.444+01:00,0,none,,background,
c-0676b000fb08f95a,instalment_collection,2026-03-06T02:42:08.091+01:00,0,none,,background,
c-26ba7f2db4cc68af,instalment_collection,2026-03-06T02:42:41.179+01:00,0,none,,background,
c-a1e10ebd35cad340,instalment_collection,2026-03-06T02:42:41.211+01:00,0,none,,background,
c-0eec7de844b44edf,instalment_collection,2026-03-06T02:42:41.688+01:00,0,none,,background,
c-366f199b0b28ad17,instalment_collection,2026-03-06T02:43:03.745+01:00,0,none,,background,
c-e0bd0dd055d152cc,instalment_collection,2026-03-06T02:43:12.473+01:00,0,none,,background,
c-b24602df2c11926d,instalment_collection,2026-03-06T02:43:25.159+01:00,0,none,,background,
c-eb7eaef5eee5f09e,instalment_collection,2026-03-06T02:43:41.229+01:00,0,none,,background,
c-a4629a488083bb54,instalment_collection,2026-03-06T02:43:43.227+01:00,0,none,,background,
c-906f38b14baf3f46,instalment_collection,2026-03-06T02:43:46.800+01:00,0,none,,background,
c-e52c376c18d9a0ec,instalment_collection,2026-03-06T02:43:55.519+01:00,0,none,,background,
c-0056c4cf091f15c1,instalment_collection,2026-03-06T02:43:57.153+01:00,0,none,,background,
c-764c52acfe66edf7,instalment_collection,2026-03-06T02:44:13.602+01:00,0,none,,background,
c-e36713e92b3f4ba3,instalment_collection,2026-03-06T02:44:20.739+01:00,0,none,,background,
c-3a28e46a12ef718f,instalment_collection,2026-03-06T02:45:07.058+01:00,0,none,,background,
c-2f59443a549e8051,instalment_collection,2026-03-06T02:45:11.798+01:00,0,none,,background,
c-af3151ab3cc631ef,instalment_collection,2026-03-06T02:45:17.241+01:00,0,none,,background,
c-c07c433202a236f6,instalment_collection,2026-03-06T02:45:19.361+01:00,0,none,,background,
c-103e28a914442b55,instalment_collection,2026-03-06T02:45:36.144+01:00,0,none,,background,
c-b40d2facd06f3d66,instalment_collection,2026-03-06T02:45:57.172+01:00,0,none,,background,
c-ad3b2f7d14925644,instalment_collection,2026-03-06T02:46:05.150+01:00,0,none,,background,
c-14c2685430453967,instalment_collection,2026-03-06T02:46:07.809+01:00,0,none,,background,
c-cb057b5700c228fb,instalment_collection,2026-03-06T02:46:29.071+01:00,0,none,,background,
c-cc80127eba74358c,instalment_collection,2026-03-06T02:46:47.778+01:00,0,none,,background,
c-2868851ca28057b4,instalment_collection,2026-03-06T02:46:50.656+01:00,0,none,,background,
c-e094e129c676261b,instalment_collection,2026-03-06T02:46:55.961+01:00,0,none,,background,
c-0b6b669749550728,instalment_collection,2026-03-06T02:46:59.322+01:00,0,none,,background,
c-b241b4ee70d15661,instalment_collection,2026-03-06T02:47:06.884+01:00,0,none,,background,
c-72bb49b849b2072e,instalment_collection,2026-03-06T02:47:07.860+01:00,0,none,,background,
c-11293e8395570965,instalment_collection,2026-03-06T02:47:12.995+01:00,0,none,,background,
c-2df1c06448ea8775,instalment_collection,2026-03-06T02:47:38.344+01:00,0,none,,background,
c-25866429246ef000,instalment_collection,2026-03-06T02:47:42.871+01:00,0,none,,background,
c-e0938d581e08a334,instalment_collection,2026-03-06T02:47:46.697+01:00,0,none,,background,
c-97d14468a0ed36f1,instalment_collection,2026-03-06T02:48:03.378+01:00,0,none,,background,
c-7118b1645f5d6374,instalment_collection,2026-03-06T02:48:05.047+01:00,0,none,,background,
c-bb738cb3cc5dd6f8,instalment_collection,2026-03-06T02:48:36.044+01:00,0,none,,background,
c-077b1217629a19e4,instalment_collection,2026-03-06T02:48:40.331+01:00,0,none,,background,
c-5a9bc3a6fde5f388,instalment_collection,2026-03-06T02:49:02.564+01:00,0,none,,background,
c-928dc9af00607b93,instalment_collection,2026-03-06T02:49:33.241+01:00,0,none,,background,
c-3e1de2682876696a,instalment_collection,2026-03-06T02:49:47.488+01:00,0,none,,background,
c-8508d9a63f745f69,instalment_collection,2026-03-06T02:49:48.163+01:00,0,none,,background,
c-02fff3472df0c8b7,instalment_collection,2026-03-06T02:49:48.297+01:00,0,none,,background,
c-e18c90abe11366d1,instalment_collection,2026-03-06T02:49:58.394+01:00,0,none,,background,
c-faa02d4324e41a4d,instalment_collection,2026-03-06T02:51:02.059+01:00,0,none,,background,
c-190bd426a83cf392,instalment_collection,2026-03-06T02:51:53.743+01:00,0,none,,background,
c-da5e0fd0aa4f6d28,instalment_collection,2026-03-06T02:51:58.006+01:00,0,none,,background,
c-b576f1317d009e71,instalment_collection,2026-03-06T02:52:12.313+01:00,0,none,,background,
c-ec4b6be70d1bf502,instalment_collection,2026-03-06T02:52:32.600+01:00,0,none,,background,
c-cedd4d936172d7b4,instalment_collection,2026-03-06T02:52:43.719+01:00,0,none,,background,
c-d6a60ccb71d9ca64,instalment_collection,2026-03-06T02:52:49.212+01:00,0,none,,background,
c-1227509eef905d7c,instalment_collection,2026-03-06T02:53:16.653+01:00,0,none,,background,
c-27aa795e2cb50b94,instalment_collection,2026-03-06T02:53:45.028+01:00,0,none,,background,
c-3479b825d6031c9e,instalment_collection,2026-03-06T02:54:12.504+01:00,0,none,,background,
c-ac87056398b6986f,instalment_collection,2026-03-06T02:54:12.989+01:00,0,none,,background,
c-1746f6fa325b734c,instalment_collection,2026-03-06T02:55:16.016+01:00,0,none,,background,
c-80783d49370b5142,instalment_collection,2026-03-06T02:55:20.692+01:00,0,none,,background,
c-fd7032b3de67dcf3,instalment_collection,2026-03-06T02:55:25.870+01:00,0,none,,background,
c-30f4e4f10d8d9d8e,instalment_collection,2026-03-06T02:56:10.130+01:00,0,none,,background,
c-b39dfaa3c9896194,instalment_collection,2026-03-06T02:56:15.964+01:00,0,none,,background,
c-632acfc22d7b3a56,instalment_collection,2026-03-06T02:56:21.243+01:00,0,none,,background,
c-ca36d62306b8ecd9,instalment_collection,2026-03-06T02:56:22.314+01:00,0,none,,background,
c-f7df1696f9d59bbc,instalment_collection,2026-03-06T02:56:27.839+01:00,0,none,,background,
c-db48706c5909da88,instalment_collection,2026-03-06T02:56:39.531+01:00,0,none,,background,
c-49188bf363d2b230,instalment_collection,2026-03-06T02:57:12.996+01:00,0,none,,background,
c-3c10c472c42e8016,instalment_collection,2026-03-06T02:57:25.402+01:00,0,none,,background,
c-7711a5d668310208,instalment_collection,2026-03-06T02:58:05.714+01:00,0,none,,background,
c-f158854c1a84675d,instalment_collection,2026-03-06T02:58:13.779+01:00,0,none,,background,
c-c7732b8293126eda,instalment_collection,2026-03-06T02:59:15.585+01:00,0,none,,background,
c-1bbe036bfe6cc87d,instalment_collection,2026-03-06T02:59:16.265+01:00,0,none,,background,
c-efa5f91fa56f8c01,instalment_collection,2026-03-06T02:59:31.129+01:00,0,none,,background,
c-82ad5810cb1724ce,instalment_collection,2026-03-06T02:59:48.703+01:00,0,none,,background,
c-18ead4ccea375944,instalment_collection,2026-03-06T02:59:51.273+01:00,0,none,,background,
c-d0d277326d24a75a,instalment_collection,2026-03-06T02:59:53.889+01:00,0,none,,background,
c-1e1e50b9e668fdb3,instalment_collection,2026-03-06T02:59:59.617+01:00,0,none,,background,
c-0146d8fe399cbafc,instalment_collection,2026-03-06T03:00:51.409+01:00,0,none,,background,
c-6b660090bf17b0db,instalment_collection,2026-03-06T03:01:09.077+01:00,0,none,,background,
c-181f8232e0c667d1,instalment_collection,2026-03-06T03:01:22.380+01:00,0,none,,background,
c-6cb153843c5cb91e,instalment_collection,2026-03-06T03:01:26.792+01:00,0,none,,background,
c-15740e196fb46176,instalment_collection,2026-03-06T03:01:40.174+01:00,0,none,,background,
c-3285be27a89e30b9,instalment_collection,2026-03-06T03:01:43.242+01:00,0,none,,background,
c-5facc37bf1f42594,instalment_collection,2026-03-06T03:02:04.225+01:00,0,none,,background,
c-76847316b4a85438,instalment_collection,2026-03-06T03:02:11.467+01:00,0,none,,background,
c-5cb5adc79d663d24,instalment_collection,2026-03-06T03:02:20.552+01:00,0,none,,background,
c-6b90b163cdd7638e,instalment_collection,2026-03-06T03:04:32.036+01:00,0,none,,background,
c-6b8495ed31362df3,instalment_collection,2026-03-06T03:04:57.227+01:00,0,none,,background,
c-11c181592594c836,instalment_collection,2026-03-06T03:05:45.398+01:00,0,none,,background,
c-2641475e58b7e30f,instalment_collection,2026-03-06T03:07:14.389+01:00,0,none,,background,
c-ab619aa25df6dd5a,instalment_collection,2026-03-06T03:07:27.556+01:00,0,none,,background,
c-8bf20d7014c4d0d8,instalment_collection,2026-03-06T03:07:44.446+01:00,0,none,,background,
c-75d07fa41374b905,instalment_collection,2026-03-06T03:07:53.541+01:00,0,none,,background,
c-0e34617f3027a68c,instalment_collection,2026-03-06T03:08:15.394+01:00,0,none,,background,
c-a20fe5df76a7cbf0,instalment_collection,2026-03-06T03:08:18.628+01:00,0,none,,background,
c-a58e31b402fc10f2,instalment_collection,2026-03-06T03:08:51.246+01:00,0,none,,background,
c-cd50fdae27934681,instalment_collection,2026-03-06T03:08:51.799+01:00,0,none,,background,
c-a8d834f7cbddc1a1,instalment_collection,2026-03-06T03:09:15.552+01:00,0,none,,background,
c-da7ef875f2f9661f,instalment_collection,2026-03-06T03:09:39.487+01:00,0,none,,background,
c-42cf204f8adeb9a4,instalment_collection,2026-03-06T03:10:13.926+01:00,0,none,,background,
c-0a4fc1275f30508f,instalment_collection,2026-03-06T03:10:38.827+01:00,0,none,,background,
c-2740bb1891f9f67d,instalment_collection,2026-03-06T03:10:45.560+01:00,0,none,,background,
c-909164011ab82cb7,instalment_collection,2026-03-06T03:11:24.560+01:00,0,none,,background,
c-4ff07f93ff7a0215,instalment_collection,2026-03-06T03:11:41.738+01:00,0,none,,background,
c-de95304aed6ec87b,instalment_collection,2026-03-06T03:12:07.612+01:00,0,none,,background,
c-b204bcc6cf94da74,instalment_collection,2026-03-06T03:13:27.129+01:00,0,none,,background,
c-889a56f0f2de0a6d,instalment_collection,2026-03-06T03:14:25.303+01:00,0,none,,background,
c-aec3a5a2a9fbd942,instalment_collection,2026-03-06T03:15:12.581+01:00,0,none,,background,
c-f0988dfd51697492,instalment_collection,2026-03-06T03:16:26.815+01:00,0,none,,background,
c-1e1e3c1b930f5ca2,instalment_collection,2026-03-06T03:16:30.210+01:00,0,none,,background,
c-66b653749ad2d495,instalment_collection,2026-03-06T03:16:36.701+01:00,0,none,,background,
c-7518e7d1cbab7412,instalment_collection,2026-03-06T03:17:54.987+01:00,0,none,,background,
c-ee089cdbcd35088d,instalment_collection,2026-03-06T03:18:48.830+01:00,0,none,,background,
c-b5398811cab6a07c,instalment_collection,2026-03-06T03:19:18.780+01:00,0,none,,background,
c-3fd303fd9cece014,instalment_collection,2026-03-06T03:20:09.882+01:00,0,none,,background,
c-cf92b27f4787f7c5,instalment_collection,2026-03-06T03:20:44.876+01:00,0,none,,background,
c-a5af32a5aed1eaa0,instalment_collection,2026-03-06T03:21:38.596+01:00,0,none,,background,
c-71342b2f760d6fd2,instalment_collection,2026-03-06T03:25:07.350+01:00,0,none,,background,
c-53ddff63a2d5f8bf,instalment_collection,2026-03-06T03:26:08.702+01:00,0,none,,background,
c-8e4eed03a875ba79,loan_conversion_quote,2026-03-06T07:17:23.736+01:00,0,none,,background,
c-7f0664b26d5c2726,loan_conversion_quote,2026-03-06T08:03:41.228+01:00,0,none,,background,
c-ff1e9a637ffc5d47,mortgage_application,2026-03-06T08:10:15.970+01:00,0,none,,background,
c-850c5dba19635e7f,loan_conversion_quote,2026-03-06T08:21:47.026+01:00,0,none,,background,
c-dd277960e180f141,loan_conversion_quote,2026-03-06T08:22:42.105+01:00,0,none,,background,
c-3791a467ad47a1c9,loan_conversion_quote,2026-03-06T08:24:32.722+01:00,0,none,,background,
c-40f3c972e0681958,loan_conversion_quote,2026-03-06T08:35:15.949+01:00,0,none,,background,
c-37bb321b13b10339,mortgage_application,2026-03-06T08:36:02.685+01:00,0,none,,background,
c-bfbcc62900fccb10,loan_conversion_quote,2026-03-06T08:36:06.257+01:00,0,none,,background,
c-58636ecfca5d076b,mortgage_application,2026-03-06T08:37:31.353+01:00,0,none,,background,
c-b64a6b3d4f3a6b4f,loan_conversion_quote,2026-03-06T08:38:04.821+01:00,0,none,,background,
c-dae18460fc2afaf3,loan_conversion_quote,2026-03-06T08:41:41.650+01:00,0,none,,background,
c-ea23c4d1563c6d1f,loan_conversion_quote,2026-03-06T08:49:59.361+01:00,0,none,,background,
c-e949920b605cd9de,loan_conversion_quote,2026-03-06T08:50:43.494+01:00,0,none,,background,
c-14e6bbc570a4637b,loan_conversion_quote,2026-03-06T09:04:00.346+01:00,0,none,,background,
c-e7100b91f89098e9,loan_conversion_quote,2026-03-06T09:06:48.877+01:00,0,none,,background,
c-5717d56897c149e6,mortgage_application,2026-03-06T09:11:22.160+01:00,0,none,,background,
c-3fd64fab7f807528,mortgage_application,2026-03-06T09:12:19.391+01:00,0,none,,background,
c-a2f52187a533cfa5,mortgage_application,2026-03-06T09:17:31.050+01:00,0,none,,background,
c-8c040276742187c1,disbursement,2026-03-06T09:18:21.477+01:00,0,none,,background,
c-fac2c16d8c5727df,mortgage_application,2026-03-06T09:19:44.558+01:00,0,none,,background,
c-993d48422b2d965a,loan_conversion_quote,2026-03-06T09:23:02.723+01:00,0,none,,background,
c-aa87c413a01b8061,mortgage_application,2026-03-06T09:27:46.019+01:00,0,none,,background,
c-691d56670f7a11cc,loan_conversion_quote,2026-03-06T09:28:33.797+01:00,0,none,,background,
c-c303390700a1403c,mortgage_application,2026-03-06T09:30:06.233+01:00,0,none,,background,
c-7386049fb70f972b,loan_conversion_quote,2026-03-06T09:33:12.180+01:00,0,none,,background,
c-e32ae465d49e3201,mortgage_application,2026-03-06T09:33:59.902+01:00,0,none,,background,
c-9e3992142c656b8a,loan_conversion_quote,2026-03-06T09:35:44.096+01:00,0,none,,background,
c-f306b0001d7b8cad,mortgage_application,2026-03-06T09:37:26.983+01:00,0,none,,background,
c-0ae7500c677245e4,mortgage_application,2026-03-06T09:40:18.024+01:00,0,none,,background,
c-92ec180f3aeab775,mortgage_application,2026-03-06T09:47:13.957+01:00,0,none,,background,
c-03ad77c25ff20551,mortgage_application,2026-03-06T09:49:31.093+01:00,0,none,,background,
c-052338eefc3cb29d,mortgage_application,2026-03-06T09:51:27.231+01:00,0,none,,background,
c-67958b75fc918318,loan_conversion_quote,2026-03-06T09:52:00.603+01:00,0,none,,background,
c-d6be36b7ec93d31d,mortgage_application,2026-03-06T09:52:28.585+01:00,0,none,,background,
c-427ce0cd4a64db5d,loan_conversion_quote,2026-03-06T10:00:54.834+01:00,0,none,,background,
c-9aac004c142e499b,mortgage_application,2026-03-06T10:01:45.443+01:00,0,none,,background,
c-e6fc43c9dc826658,loan_conversion_quote,2026-03-06T10:02:12.157+01:00,0,none,,background,
c-96f1003eb9a857e6,mortgage_application,2026-03-06T10:03:51.005+01:00,0,none,,background,
c-9aae9c03e7ccf5a0,loan_conversion_quote,2026-03-06T10:04:13.361+01:00,0,none,,background,
c-74f47389820b20ef,mortgage_application,2026-03-06T10:12:15.554+01:00,0,none,,background,
c-558c8165796222aa,mortgage_application,2026-03-06T10:13:26.359+01:00,0,none,,background,
c-dae29ab4f46a3a79,loan_conversion_quote,2026-03-06T10:15:28.285+01:00,0,none,,background,
c-c6d5794b0c440f83,disbursement,2026-03-06T10:16:09.934+01:00,0,none,,background,
c-011c465b8baeed01,disbursement,2026-03-06T10:17:32.923+01:00,0,none,,background,
c-6eaebb258c6f449a,mortgage_application,2026-03-06T10:17:49.931+01:00,0,none,,background,
c-c94c4074c8bbf784,loan_conversion_quote,2026-03-06T10:18:58.166+01:00,0,none,,background,
c-920696d98ed7672f,loan_conversion_quote,2026-03-06T10:20:26.226+01:00,0,none,,background,
c-75e78d7df0e15ac0,mortgage_application,2026-03-06T10:23:08.964+01:00,0,none,,background,
c-1b58603ce90c00a4,loan_conversion_quote,2026-03-06T10:24:50.235+01:00,0,none,,background,
c-23584102d6dea2be,loan_conversion_quote,2026-03-06T10:25:33.485+01:00,0,none,,background,
c-0a36ca40649409d3,mortgage_application,2026-03-06T10:26:32.938+01:00,0,none,,background,
c-f2a21d23be512de1,mortgage_application,2026-03-06T10:27:53.042+01:00,0,none,,background,
c-a5b89c4e0d94c5f3,disbursement,2026-03-06T10:29:46.385+01:00,0,none,,background,
c-52469586405d0ba5,loan_conversion_quote,2026-03-06T10:29:53.343+01:00,0,none,,background,
c-9d2880548582faf5,disbursement,2026-03-06T10:30:11.374+01:00,0,none,,background,
c-88ebd0f1d5836c17,loan_conversion_quote,2026-03-06T10:30:18.445+01:00,0,none,,background,
c-83ae4faf0b3a4ce7,disbursement,2026-03-06T10:32:01.342+01:00,0,none,,background,
c-7d7032b81c7e6864,disbursement,2026-03-06T10:33:13.394+01:00,0,none,,background,
c-564c70405553ff18,mortgage_application,2026-03-06T10:37:43.344+01:00,0,none,,background,
c-2088bd78466df3b4,loan_conversion_quote,2026-03-06T10:42:29.445+01:00,0,none,,background,
c-15ef0384ecfcec47,mortgage_application,2026-03-06T10:43:45.096+01:00,0,none,,background,
c-1a1f55f40db17ea7,mortgage_application,2026-03-06T10:44:21.955+01:00,0,none,,background,
c-ec55262bb39184e2,mortgage_application,2026-03-06T10:45:02.398+01:00,0,none,,background,
c-9815155cbe0f2bc1,disbursement,2026-03-06T10:45:54.803+01:00,0,none,,background,
c-a1f7120e43c421ca,mortgage_application,2026-03-06T10:46:43.150+01:00,0,none,,background,
c-5a5c70a5258e7a08,mortgage_application,2026-03-06T10:47:06.887+01:00,0,none,,background,
c-952488ea5d3861fb,mortgage_application,2026-03-06T10:47:22.779+01:00,0,none,,background,
c-ac02915cbb830029,mortgage_application,2026-03-06T10:48:20.849+01:00,0,none,,background,
c-61e16a7e40ee054f,mortgage_application,2026-03-06T10:49:03.521+01:00,0,none,,background,
c-e6ba7ae3f37335d3,mortgage_application,2026-03-06T10:52:57.372+01:00,0,none,,background,
c-ccd788852f9f9b1d,loan_conversion_quote,2026-03-06T10:58:43.659+01:00,0,none,,background,
c-24e080f8d2551986,mortgage_application,2026-03-06T10:58:54.321+01:00,0,none,,background,
c-3d23991719423cdb,mortgage_application,2026-03-06T11:00:30.145+01:00,0,none,,background,
c-7606a67e13c808ee,loan_conversion_quote,2026-03-06T11:01:00.475+01:00,0,none,,background,
c-3e070218f2c49704,mortgage_application,2026-03-06T11:02:42.770+01:00,0,none,,background,
c-8e6b441d087a06aa,mortgage_application,2026-03-06T11:02:58.279+01:00,0,none,,background,
c-d623f4a4066a0c27,disbursement,2026-03-06T11:03:06.751+01:00,0,none,,background,
c-df3fbd846fd88d51,loan_conversion_quote,2026-03-06T11:03:19.219+01:00,0,none,,background,
c-4f5d7e105d21d366,loan_conversion_quote,2026-03-06T11:07:17.935+01:00,0,none,,background,
c-021c13a4868ef011,disbursement,2026-03-06T11:08:06.492+01:00,0,none,,background,
c-18144ec63f0fa15d,loan_conversion_quote,2026-03-06T11:09:11.075+01:00,0,none,,background,
c-532149b7cc73cc6e,disbursement,2026-03-06T11:14:02.332+01:00,0,none,,background,
c-1eba5638f35a7e18,disbursement,2026-03-06T11:15:28.618+01:00,0,none,,background,
c-70916eec3b8265de,disbursement,2026-03-06T11:15:29.981+01:00,0,none,,background,
c-7a5c3f86d6000525,loan_conversion_quote,2026-03-06T11:17:41.260+01:00,0,none,,background,
c-91ab2165138b9427,mortgage_application,2026-03-06T11:18:49.508+01:00,0,none,,background,
c-6e0c304a40f4c340,mortgage_application,2026-03-06T11:19:35.912+01:00,0,none,,background,
c-f1b80553bfc812c3,mortgage_application,2026-03-06T11:20:40.216+01:00,0,none,,background,
c-5c44d6141417a058,disbursement,2026-03-06T11:20:45.612+01:00,0,none,,background,
c-ee13fb558d1b5ac2,mortgage_application,2026-03-06T11:21:56.691+01:00,0,none,,background,
c-d716b083698ad41d,mortgage_application,2026-03-06T11:22:05.743+01:00,0,none,,background,
c-c66725f3284ee13b,mortgage_application,2026-03-06T11:27:26.406+01:00,0,none,,background,
c-8e8114a8a870eb0d,mortgage_application,2026-03-06T11:30:21.422+01:00,0,none,,background,
c-13acf79c0de450b0,loan_conversion_quote,2026-03-06T11:31:25.799+01:00,0,none,,background,
c-280e1134614a7963,mortgage_application,2026-03-06T11:32:05.923+01:00,0,none,,background,
c-4c92527d6bb01b36,disbursement,2026-03-06T11:32:25.192+01:00,0,none,,background,
c-15f4abe6a90db926,loan_conversion_quote,2026-03-06T11:33:55.376+01:00,0,none,,background,
c-5713aaf5be6a6fa0,loan_conversion_quote,2026-03-06T11:42:08.822+01:00,0,none,,background,
c-d5532ff989da7cea,loan_conversion_quote,2026-03-06T11:43:15.745+01:00,0,none,,background,
c-09aca32902a44878,mortgage_application,2026-03-06T11:44:49.888+01:00,0,none,,background,
c-2d5d76fdb84d1d22,disbursement,2026-03-06T11:45:19.067+01:00,0,none,,background,
c-85b218f3f14105d2,loan_conversion_quote,2026-03-06T11:45:29.972+01:00,0,none,,background,
c-792bb167c5f6346f,mortgage_application,2026-03-06T11:48:14.536+01:00,0,none,,background,
c-525fd3fe32a88d2a,mortgage_application,2026-03-06T11:48:19.528+01:00,0,none,,background,
c-6e16fc4fcb347e02,loan_conversion_quote,2026-03-06T11:49:05.203+01:00,0,none,,background,
c-a275e7383f730dd0,mortgage_application,2026-03-06T11:50:34.630+01:00,0,none,,background,
c-518dab5c6b19ab47,mortgage_application,2026-03-06T11:50:53.670+01:00,0,none,,background,
c-e79c505d99dcbcf7,mortgage_application,2026-03-06T11:51:22.307+01:00,0,none,,background,
c-0a663d8c09146573,loan_conversion_quote,2026-03-06T11:51:55.683+01:00,0,none,,background,
c-81841617d52e3761,mortgage_application,2026-03-06T11:52:03.695+01:00,0,none,,background,
c-4a30edc60b58efb1,loan_conversion_quote,2026-03-06T11:52:20.425+01:00,0,none,,background,
c-91cdec59dd4452e8,mortgage_application,2026-03-06T11:54:10.861+01:00,0,none,,background,
c-78333738a019b59d,disbursement,2026-03-06T11:54:19.109+01:00,0,none,,background,
c-19891eb1c58d1eeb,disbursement,2026-03-06T11:54:56.338+01:00,0,none,,background,
c-67f0f151d655132d,mortgage_application,2026-03-06T11:54:58.954+01:00,0,none,,background,
c-5cbf743c6dcff3f1,mortgage_application,2026-03-06T11:55:44.059+01:00,0,none,,background,
c-cec7c1dcbf14e1c5,mortgage_application,2026-03-06T11:59:24.811+01:00,0,none,,background,
c-0862fd6334b13817,loan_conversion_quote,2026-03-06T12:00:14.508+01:00,0,none,,background,
c-15d78ae0991d272b,loan_conversion_quote,2026-03-06T12:00:15.782+01:00,0,none,,background,
c-29f0838feb383197,loan_conversion_quote,2026-03-06T12:01:39.449+01:00,0,none,,background,
c-b13a445444211071,loan_conversion_quote,2026-03-06T12:01:42.107+01:00,0,none,,background,
c-3da10b5fb70364a3,disbursement,2026-03-06T12:02:09.189+01:00,0,none,,background,
c-24ae33e0bd64fa54,disbursement,2026-03-06T12:02:09.577+01:00,0,none,,background,
c-57125554bd97e2d3,mortgage_application,2026-03-06T12:02:34.531+01:00,0,none,,background,
c-c2ce42dd21bd32b7,mortgage_application,2026-03-06T12:03:32.532+01:00,0,none,,background,
c-de0005b5e59a753e,disbursement,2026-03-06T12:04:34.452+01:00,0,none,,background,
c-2499db11dd57f50d,mortgage_application,2026-03-06T12:05:00.074+01:00,0,none,,background,
c-e1a1de45bc854ae7,mortgage_application,2026-03-06T12:05:04.201+01:00,0,none,,background,
c-cb6b88bdd6ae0d6a,loan_conversion_quote,2026-03-06T12:06:41.379+01:00,0,none,,background,
c-272a40bef307aa29,mortgage_application,2026-03-06T12:07:21.335+01:00,0,none,,background,
c-a390749a728e38e8,loan_conversion_quote,2026-03-06T12:07:48.310+01:00,0,none,,background,
c-ad9a11d2dcf3d6a3,loan_conversion_quote,2026-03-06T12:08:09.695+01:00,0,none,,background,
c-625ba212aa2cec77,disbursement,2026-03-06T12:10:28.215+01:00,0,none,,background,
c-d61f9c29b14d05e1,loan_conversion_quote,2026-03-06T12:11:52.758+01:00,0,none,,background,
c-4b931f1374e7eb35,mortgage_application,2026-03-06T12:12:37.210+01:00,0,none,,background,
c-ede4882d6c64894c,loan_conversion_quote,2026-03-06T12:15:49.852+01:00,0,none,,background,
c-3027a31dede8152e,mortgage_application,2026-03-06T12:17:25.070+01:00,0,none,,background,
c-1c70cb67d6c7fe56,mortgage_application,2026-03-06T12:17:37.065+01:00,0,none,,background,
c-4df5466d8f7e934f,mortgage_application,2026-03-06T12:18:08.845+01:00,0,none,,background,
c-1c3f02c6b891214f,disbursement,2026-03-06T12:18:46.548+01:00,0,none,,background,
c-7b2bc050fb14867a,disbursement,2026-03-06T12:19:00.442+01:00,0,none,,background,
c-a5f60f36d2c37d34,mortgage_application,2026-03-06T12:20:06.296+01:00,0,none,,background,
c-817cb159889d36a9,mortgage_application,2026-03-06T12:29:15.037+01:00,0,none,,background,
c-156723a2391392c9,loan_conversion_quote,2026-03-06T12:32:26.288+01:00,0,none,,background,
c-2d7859291731d342,mortgage_application,2026-03-06T12:33:17.185+01:00,0,none,,background,
c-63fbd321401b5f9d,mortgage_application,2026-03-06T12:33:44.218+01:00,0,none,,background,
c-5a4f4e4e407f41e6,loan_conversion_quote,2026-03-06T12:34:29.417+01:00,0,none,,background,
c-a17a1bd9e98a2ac7,mortgage_application,2026-03-06T12:35:13.941+01:00,0,none,,background,
c-f91fe60e5fb558f0,mortgage_application,2026-03-06T12:35:26.886+01:00,0,none,,background,
c-686692469f8c1df1,mortgage_application,2026-03-06T12:35:48.677+01:00,0,none,,background,
c-19e39ca191ce6321,mortgage_application,2026-03-06T12:35:59.993+01:00,0,none,,background,
c-83f77ae9a7d972a0,loan_conversion_quote,2026-03-06T12:36:11.418+01:00,0,none,,background,
c-231094803067bb16,loan_conversion_quote,2026-03-06T12:36:46.165+01:00,0,none,,background,
c-496efeb477980dc2,mortgage_application,2026-03-06T12:37:41.234+01:00,0,none,,background,
c-8a856d85049aee8b,loan_conversion_quote,2026-03-06T12:37:50.178+01:00,0,none,,background,
c-094ab97fee5c10a9,loan_conversion_quote,2026-03-06T12:38:24.755+01:00,0,none,,background,
c-ad76dce8460ff580,mortgage_application,2026-03-06T12:39:29.700+01:00,0,none,,background,
c-6d1b30b03ec723e7,mortgage_application,2026-03-06T12:44:35.200+01:00,0,none,,background,
c-068b30191555de09,mortgage_application,2026-03-06T12:49:03.101+01:00,0,none,,background,
c-ab6de6f10128c5e4,mortgage_application,2026-03-06T12:51:31.883+01:00,0,none,,background,
c-3e6efc73170f7576,disbursement,2026-03-06T12:55:01.594+01:00,0,none,,background,
c-7213b4c429745845,mortgage_application,2026-03-06T12:55:04.212+01:00,0,none,,background,
c-09a1cc350482a039,mortgage_application,2026-03-06T12:55:05.224+01:00,0,none,,background,
c-9745426d79bf1b30,loan_conversion_quote,2026-03-06T12:56:07.231+01:00,0,none,,background,
c-8e01a558651c4648,loan_conversion_quote,2026-03-06T12:58:02.849+01:00,0,none,,background,
c-cb3a44951a218f99,mortgage_application,2026-03-06T12:58:29.883+01:00,0,none,,background,
c-d49b12503691a767,mortgage_application,2026-03-06T13:00:29.115+01:00,0,none,,background,
c-aa4e35dfd009cdf0,loan_conversion_quote,2026-03-06T13:03:26.531+01:00,0,none,,background,
c-3e2aec3ba19e61db,mortgage_application,2026-03-06T13:04:11.938+01:00,0,none,,background,
c-55758a7e26bca7f7,mortgage_application,2026-03-06T13:04:32.978+01:00,0,none,,background,
c-2d0f50a7875f6696,mortgage_application,2026-03-06T13:06:31.466+01:00,0,none,,background,
c-6e550e2a8abb3bf7,loan_conversion_quote,2026-03-06T13:06:52.867+01:00,0,none,,background,
c-6e16fcad5ffe4f51,loan_conversion_quote,2026-03-06T13:10:20.639+01:00,0,none,,background,
c-98a7882b08e45a4a,loan_conversion_quote,2026-03-06T13:11:38.530+01:00,0,none,,background,
c-afff75bbf2b6b3d1,mortgage_application,2026-03-06T13:14:28.792+01:00,0,none,,background,
c-6676f4ac00c3d1a5,disbursement,2026-03-06T13:14:51.085+01:00,0,none,,background,
c-8fc1881652ec61e6,mortgage_application,2026-03-06T13:15:12.133+01:00,0,none,,background,
c-5fbcafb4aa0f7c93,loan_conversion_quote,2026-03-06T13:15:15.202+01:00,0,none,,background,
c-1508d365672acf94,mortgage_application,2026-03-06T13:18:26.959+01:00,0,none,,background,
c-7f0b8b0c89037c7a,mortgage_application,2026-03-06T13:18:31.003+01:00,0,none,,background,
c-d46abb5a532107e3,mortgage_application,2026-03-06T13:19:52.613+01:00,0,none,,background,
c-e1c9d7221dc03c21,loan_conversion_quote,2026-03-06T13:21:02.739+01:00,0,none,,background,
c-4742a95e05c20887,disbursement,2026-03-06T13:23:04.348+01:00,0,none,,background,
c-e1e196839ea6f1eb,mortgage_application,2026-03-06T13:24:10.975+01:00,0,none,,background,
c-84efa03b8aaabcf6,loan_conversion_quote,2026-03-06T13:24:53.343+01:00,0,none,,background,
c-1b25880c1ed5b706,mortgage_application,2026-03-06T13:25:17.286+01:00,0,none,,background,
c-de2a66adcc6835fe,loan_conversion_quote,2026-03-06T13:26:08.047+01:00,0,none,,background,
c-d52322397c0482ee,mortgage_application,2026-03-06T13:26:44.675+01:00,0,none,,background,
c-d19cbbbaaa6692bd,mortgage_application,2026-03-06T13:27:31.409+01:00,0,none,,background,
c-5c1e12f86b59ddf1,mortgage_application,2026-03-06T13:29:18.728+01:00,0,none,,background,
c-f2028c4f4524d048,mortgage_application,2026-03-06T13:29:32.977+01:00,0,none,,background,
c-c8e9829c07726df4,mortgage_application,2026-03-06T13:31:22.497+01:00,0,none,,background,
c-b4b7855b82549731,mortgage_application,2026-03-06T13:31:57.609+01:00,0,none,,background,
c-82cd1d2205db292f,mortgage_application,2026-03-06T13:32:22.155+01:00,0,none,,background,
c-b1277072601069f7,mortgage_application,2026-03-06T13:33:18.603+01:00,0,none,,background,
c-84a83e0744b4e75e,mortgage_application,2026-03-06T13:33:27.413+01:00,0,none,,background,
c-92411fbcee248984,mortgage_application,2026-03-06T13:33:29.046+01:00,0,none,,background,
c-a0def3c6f626cb5e,mortgage_application,2026-03-06T13:36:41.322+01:00,0,none,,background,
c-c6b49de3636ae8db,mortgage_application,2026-03-06T13:38:21.047+01:00,0,none,,background,
c-5cba2c536ddfe4a2,mortgage_application,2026-03-06T13:38:52.749+01:00,0,none,,background,
c-6da729e0f078ced4,mortgage_application,2026-03-06T13:39:26.202+01:00,0,none,,background,
c-04a14cf23face987,mortgage_application,2026-03-06T13:40:04.994+01:00,0,none,,background,
c-04c15b1019905aa2,mortgage_application,2026-03-06T13:40:05.079+01:00,0,none,,background,
c-31226baaaad40946,mortgage_application,2026-03-06T13:40:23.988+01:00,0,none,,background,
c-2ad450ed6429c978,mortgage_application,2026-03-06T13:41:38.128+01:00,0,none,,background,
c-4165a8f89fdc053b,loan_conversion_quote,2026-03-06T13:46:04.060+01:00,0,none,,background,
c-7bb3140b46fa5604,mortgage_application,2026-03-06T13:46:43.780+01:00,0,none,,background,
c-42c819eace201ffa,loan_conversion_quote,2026-03-06T13:47:23.531+01:00,0,none,,background,
c-1bbdcbac9c237f5f,mortgage_application,2026-03-06T13:47:48.717+01:00,0,none,,background,
c-1805bb9c46de10ff,mortgage_application,2026-03-06T13:48:59.163+01:00,0,none,,background,
c-9173e28be3dcf3fe,mortgage_application,2026-03-06T13:49:36.821+01:00,0,none,,background,
c-7ef7fd05fd656f0a,loan_conversion_quote,2026-03-06T13:51:05.983+01:00,0,none,,background,
c-67d0db0b5acc6719,loan_conversion_quote,2026-03-06T13:51:19.964+01:00,0,none,,background,
c-d899d3da17242eb9,mortgage_application,2026-03-06T13:51:33.550+01:00,0,none,,background,
c-56433cb44006aaae,mortgage_application,2026-03-06T13:54:21.870+01:00,0,none,,background,
c-1d0e5e346ac5779d,mortgage_application,2026-03-06T13:56:04.711+01:00,0,none,,background,
c-6e238acc34d450bf,mortgage_application,2026-03-06T13:56:19.511+01:00,0,none,,background,
c-4f8b44591cbeb0e6,mortgage_application,2026-03-06T13:56:41.037+01:00,0,none,,background,
c-82c31a39ed200498,mortgage_application,2026-03-06T13:58:27.221+01:00,0,none,,background,
c-aba45fe8efb86cca,loan_conversion_quote,2026-03-06T13:58:28.808+01:00,0,none,,background,
c-ab7c0576651e381c,mortgage_application,2026-03-06T13:58:37.161+01:00,0,none,,background,
c-3451c35ca3fd8cdc,mortgage_application,2026-03-06T13:59:22.565+01:00,0,none,,background,
c-f149b39a47593a8b,mortgage_application,2026-03-06T14:00:58.187+01:00,0,none,,background,
c-6b241acf3d594dac,mortgage_application,2026-03-06T14:03:45.670+01:00,0,none,,background,
c-80154d15c0fc9572,mortgage_application,2026-03-06T14:04:35.340+01:00,0,none,,background,
c-9d0bded90959bb78,loan_conversion_quote,2026-03-06T14:07:39.990+01:00,0,none,,background,
c-efdada938e6169f8,loan_conversion_quote,2026-03-06T14:14:37.670+01:00,0,none,,background,
c-fd4571e9cae27582,mortgage_application,2026-03-06T14:15:03.146+01:00,0,none,,background,
c-74ae0e7a50235b49,loan_conversion_quote,2026-03-06T14:15:33.315+01:00,0,none,,background,
c-552c7631136b9506,mortgage_application,2026-03-06T14:17:19.560+01:00,0,none,,background,
c-354277974cb93681,mortgage_application,2026-03-06T14:17:53.407+01:00,0,none,,background,
c-366ff45ccb43a871,loan_conversion_quote,2026-03-06T14:18:36.785+01:00,0,none,,background,
c-9dc50244e8868a4c,mortgage_application,2026-03-06T14:19:40.219+01:00,0,none,,background,
c-d40fb7de2c14ef10,loan_conversion_quote,2026-03-06T14:19:43.690+01:00,0,none,,background,
c-21d90e531a242a5b,mortgage_application,2026-03-06T14:21:42.266+01:00,0,none,,background,
c-c87d4414b826bf87,mortgage_application,2026-03-06T14:22:11.077+01:00,0,none,,background,
c-b8649ef2357d74ff,mortgage_application,2026-03-06T14:22:43.167+01:00,0,none,,background,
c-22285a7fdbcd56e4,loan_conversion_quote,2026-03-06T14:23:09.741+01:00,0,none,,background,
c-b7908ac319158465,mortgage_application,2026-03-06T14:24:51.389+01:00,0,none,,background,
c-0ad14aaea48b1ffa,loan_conversion_quote,2026-03-06T14:25:35.632+01:00,0,none,,background,
c-1f379abb41b5c784,mortgage_application,2026-03-06T14:29:07.307+01:00,0,none,,background,
c-31f330313f99c758,disbursement,2026-03-06T14:31:03.180+01:00,0,none,,background,
c-82b0c9fbf0ec6468,loan_conversion_quote,2026-03-06T14:32:31.818+01:00,0,none,,background,
c-884d406f6884b87a,mortgage_application,2026-03-06T14:34:12.540+01:00,0,none,,background,
c-03f90b4263881ad4,loan_conversion_quote,2026-03-06T14:35:05.359+01:00,0,none,,background,
c-2f94deaa5dd4012b,mortgage_application,2026-03-06T14:35:33.085+01:00,0,none,,background,
c-c9232508a915a571,mortgage_application,2026-03-06T14:39:59.965+01:00,0,none,,background,
c-89e3a9b1de3ed3d8,mortgage_application,2026-03-06T14:40:35.951+01:00,0,none,,background,
c-3a424a913ff709e3,mortgage_application,2026-03-06T14:40:39.465+01:00,0,none,,background,
c-f96851f5307bbc90,mortgage_application,2026-03-06T14:44:49.808+01:00,0,none,,background,
c-c5b2c0cc65c5e80f,loan_conversion_quote,2026-03-06T14:45:19.545+01:00,0,none,,background,
c-c585599198d56d0e,loan_conversion_quote,2026-03-06T14:45:32.093+01:00,0,none,,background,
c-e3f660ce8e988a92,mortgage_application,2026-03-06T14:46:44.295+01:00,0,none,,background,
c-5763d0d8ee4699dd,loan_conversion_quote,2026-03-06T14:52:44.998+01:00,0,none,,background,
c-7806455874d6a633,mortgage_application,2026-03-06T14:53:10.386+01:00,0,none,,background,
c-011c41b9e8b8bd00,mortgage_application,2026-03-06T14:55:23.647+01:00,0,none,,background,
c-7f7c9ccb1a7b55b8,mortgage_application,2026-03-06T14:58:22.591+01:00,0,none,,background,
c-717c940325cd1ae4,mortgage_application,2026-03-06T15:01:19.161+01:00,0,none,,background,
c-bb3c3c3fcb675d16,mortgage_application,2026-03-06T15:02:07.524+01:00,0,none,,background,
c-559e2be7a5f7f126,mortgage_application,2026-03-06T15:02:46.264+01:00,0,none,,background,
c-56bcbb81d55beebb,mortgage_application,2026-03-06T15:04:40.934+01:00,0,none,,background,
c-dc6c7c4095aa7a93,loan_conversion_quote,2026-03-06T15:05:07.587+01:00,0,none,,background,
c-c6f635df4d716411,loan_conversion_quote,2026-03-06T15:05:40.104+01:00,0,none,,background,
c-ed2b5e5cd6999a73,mortgage_application,2026-03-06T15:05:59.789+01:00,0,none,,background,
c-0b032d11a928c065,loan_conversion_quote,2026-03-06T15:07:48.455+01:00,0,none,,background,
c-e5294468899e302e,mortgage_application,2026-03-06T15:11:34.538+01:00,0,none,,background,
c-16cc6b6f35b45eaf,loan_conversion_quote,2026-03-06T15:16:28.601+01:00,0,none,,background,
c-1ecd733492713545,mortgage_application,2026-03-06T15:17:55.244+01:00,0,none,,background,
c-b0157079f3e3bef6,mortgage_application,2026-03-06T15:19:17.976+01:00,0,none,,background,
c-5b175d2bc01323fc,loan_conversion_quote,2026-03-06T15:24:39.699+01:00,0,none,,background,
c-d3bd5c190575eae3,mortgage_application,2026-03-06T15:24:40.061+01:00,0,none,,background,
c-fdeb837766dd1cf2,loan_conversion_quote,2026-03-06T15:29:42.053+01:00,0,none,,background,
c-2c26cdccb0c1feac,mortgage_application,2026-03-06T15:31:31.555+01:00,0,none,,background,
c-6a4ebd7194766860,mortgage_application,2026-03-06T15:37:04.087+01:00,0,none,,background,
c-06dd9740671cba7e,loan_conversion_quote,2026-03-06T15:38:52.592+01:00,0,none,,background,
c-372363c43c1afb52,mortgage_application,2026-03-06T15:42:01.137+01:00,0,none,,background,
c-8e5fed3a00af6dc6,mortgage_application,2026-03-06T15:42:30.386+01:00,0,none,,background,
c-454f3262794e18c2,mortgage_application,2026-03-06T15:44:32.135+01:00,0,none,,background,
c-3852972e97a0ecc7,mortgage_application,2026-03-06T15:45:02.953+01:00,0,none,,background,
c-b48dc84eed55495b,mortgage_application,2026-03-06T15:52:13.183+01:00,0,none,,background,
c-c82cabfe2e9802c8,mortgage_application,2026-03-06T15:53:53.735+01:00,0,none,,background,
c-53564374d7c7ecfe,mortgage_application,2026-03-06T15:56:52.305+01:00,0,none,,background,
c-983240c5156a3a72,mortgage_application,2026-03-06T16:04:01.977+01:00,0,none,,background,
c-33671247308ab5f0,mortgage_application,2026-03-06T16:05:17.253+01:00,0,none,,background,
c-8dccc95d652fef80,mortgage_application,2026-03-06T16:05:56.867+01:00,0,none,,background,
c-8c6ead5f68f5b053,mortgage_application,2026-03-06T16:10:11.026+01:00,0,none,,background,
c-927b36e83394f809,loan_conversion_quote,2026-03-06T16:12:14.659+01:00,0,none,,background,
c-89fe61f21d88e836,loan_conversion_quote,2026-03-06T16:15:02.719+01:00,0,none,,background,
c-f855d861d05d7aec,mortgage_application,2026-03-06T16:16:06.774+01:00,0,none,,background,
c-a02ecd3d0054577f,mortgage_application,2026-03-06T16:18:14.766+01:00,0,none,,background,
c-8bdaf74d59dc250c,loan_conversion_quote,2026-03-06T16:22:07.507+01:00,0,none,,background,
c-2f203f92af367f81,loan_conversion_quote,2026-03-06T16:25:25.955+01:00,0,none,,background,
c-0a8d984682275f5d,loan_conversion_quote,2026-03-06T16:52:40.582+01:00,0,none,,background,
c-9e3346f3bd66225a,loan_conversion_quote,2026-03-06T16:55:25.662+01:00,0,none,,background,
c-57ed14bd10a544a0,loan_conversion_quote,2026-03-06T17:02:40.115+01:00,0,none,,background,
c-02d1d690faa6163b,loan_conversion_quote,2026-03-06T17:07:23.244+01:00,0,none,,background,
c-490ef9283ea8dd7a,loan_conversion_quote,2026-03-06T17:09:03.253+01:00,0,none,,background,
c-c6c3d4afc286c07b,loan_conversion_quote,2026-03-06T17:11:28.703+01:00,0,none,,background,
c-63f6018331874d39,loan_conversion_quote,2026-03-06T17:15:34.114+01:00,0,none,,background,
c-856fd8b48fb7e451,loan_conversion_quote,2026-03-06T17:15:58.508+01:00,0,none,,background,
c-5f115ae2a9a36f59,loan_conversion_quote,2026-03-06T17:25:52.758+01:00,0,none,,background,
c-b1229c360291f810,loan_conversion_quote,2026-03-06T17:26:37.983+01:00,0,none,,background,
c-3adcbbd67cc44e5b,loan_conversion_quote,2026-03-06T17:43:10.034+01:00,0,none,,background,
c-ae8f7082f0d5a253,loan_conversion_quote,2026-03-06T18:01:04.104+01:00,0,none,,background,
c-22b695876c52f938,loan_conversion_quote,2026-03-06T18:01:13.901+01:00,0,none,,background,
c-f840c847db922c83,loan_conversion_quote,2026-03-06T18:01:22.624+01:00,0,none,,background,
c-dafda242aa3e6716,loan_conversion_quote,2026-03-06T18:23:19.606+01:00,0,none,,background,
c-94f9207cece2d3c8,loan_conversion_quote,2026-03-06T18:26:14.657+01:00,0,none,,background,
c-ca66ccbc5f139676,loan_conversion_quote,2026-03-06T18:42:09.804+01:00,0,none,,background,
c-70018ba80b664c90,loan_conversion_quote,2026-03-06T18:57:30.485+01:00,0,none,,background,
c-99002ffa2488fbbe,loan_conversion_quote,2026-03-06T19:10:26.101+01:00,0,none,,background,
c-8027d8e8135e2c98,loan_conversion_quote,2026-03-06T19:12:44.955+01:00,0,none,,background,
c-e39bef2093567e35,loan_conversion_quote,2026-03-06T19:22:42.313+01:00,0,none,,background,
c-7e5a264a0518d4be,loan_conversion_quote,2026-03-06T19:23:17.090+01:00,0,none,,background,
c-0c35a969bd52e2f1,loan_conversion_quote,2026-03-06T19:50:04.743+01:00,0,none,,background,
c-69a1c706f8b47f82,loan_conversion_quote,2026-03-06T19:58:57.814+01:00,0,none,,background,
c-93df8120e4ee3087,loan_conversion_quote,2026-03-06T20:20:06.993+01:00,0,none,,background,
c-bec583b12f75eeb5,loan_conversion_quote,2026-03-06T20:29:50.172+01:00,0,none,,background,
c-9b65515818d31518,loan_conversion_quote,2026-03-06T21:05:23.948+01:00,0,none,,background,
c-02e27521585f4a43,loan_conversion_quote,2026-03-06T21:46:18.653+01:00,0,none,,background,
c-ec43da239fc967bb,instalment_collection,2026-03-07T02:01:48.628+01:00,0,none,,background,
c-bb345b0ab27fac55,instalment_collection,2026-03-07T02:06:52.730+01:00,0,none,,background,
c-3af7cb09dc604953,instalment_collection,2026-03-07T02:07:38.200+01:00,0,none,,background,
c-aacd5424bcf70d07,instalment_collection,2026-03-07T02:08:35.506+01:00,0,none,,background,
c-2801ea28160a6dfa,instalment_collection,2026-03-07T02:09:54.415+01:00,0,none,,background,
c-b41a4b59c4d3fbb7,instalment_collection,2026-03-07T02:13:28.963+01:00,0,none,,background,
c-c6b4a04c97ee14b3,instalment_collection,2026-03-07T02:13:49.300+01:00,0,none,,background,
c-b96d1a4cb6d40bc7,instalment_collection,2026-03-07T02:14:06.663+01:00,0,none,,background,
c-54cabc82c2103b9c,instalment_collection,2026-03-07T02:15:41.727+01:00,0,none,,background,
c-47ab04f3d212fc43,instalment_collection,2026-03-07T02:15:49.355+01:00,0,none,,background,
c-84ae5753c5525734,instalment_collection,2026-03-07T02:16:53.472+01:00,0,none,,background,
c-4a825be5c75a9426,instalment_collection,2026-03-07T02:17:18.641+01:00,0,none,,background,
c-d6b5aeb1c682adae,instalment_collection,2026-03-07T02:17:52.506+01:00,0,none,,background,
c-42539856c5cd2325,instalment_collection,2026-03-07T02:18:12.526+01:00,0,none,,background,
c-dbaa27e85649fea4,instalment_collection,2026-03-07T02:18:27.536+01:00,0,none,,background,
c-c525217423eb6848,instalment_collection,2026-03-07T02:19:46.641+01:00,0,none,,background,
c-ede195a8de07bca0,instalment_collection,2026-03-07T02:21:15.576+01:00,0,none,,background,
c-ffc97776555ff9f2,instalment_collection,2026-03-07T02:22:25.149+01:00,0,none,,background,
c-8a145dcfb5878e31,instalment_collection,2026-03-07T02:23:32.196+01:00,0,none,,background,
c-740838ffa45e8e18,instalment_collection,2026-03-07T02:24:15.876+01:00,0,none,,background,
c-28a78ae4536ec102,instalment_collection,2026-03-07T02:24:23.721+01:00,0,none,,background,
c-74474b628bdcaa58,instalment_collection,2026-03-07T02:24:40.011+01:00,0,none,,background,
c-adaec426ae347977,instalment_collection,2026-03-07T02:24:53.798+01:00,0,none,,background,
c-ab5559ceca8d1d58,instalment_collection,2026-03-07T02:25:30.147+01:00,0,none,,background,
c-c2f323b341f39884,instalment_collection,2026-03-07T02:25:51.304+01:00,0,none,,background,
c-cf88714b06ec98df,instalment_collection,2026-03-07T02:26:12.717+01:00,0,none,,background,
c-4670834a8460510a,instalment_collection,2026-03-07T02:26:59.698+01:00,0,none,,background,
c-ce8ca5a452b7b4c9,instalment_collection,2026-03-07T02:27:23.195+01:00,0,none,,background,
c-f3be1ff5e3a48235,instalment_collection,2026-03-07T02:27:41.750+01:00,0,none,,background,
c-74b87e9a33352d38,instalment_collection,2026-03-07T02:27:52.084+01:00,0,none,,background,
c-40e68df11486189a,instalment_collection,2026-03-07T02:27:57.710+01:00,0,none,,background,
c-e1ffd94c0c137b0a,instalment_collection,2026-03-07T02:28:21.759+01:00,0,none,,background,
c-d161068cb8aa7c7c,instalment_collection,2026-03-07T02:28:23.898+01:00,0,none,,background,
c-1019a07ba355256c,instalment_collection,2026-03-07T02:28:42.578+01:00,0,none,,background,
c-fbc02c5f9c65c986,instalment_collection,2026-03-07T02:28:52.268+01:00,0,none,,background,
c-3a6715ba31399394,instalment_collection,2026-03-07T02:29:13.569+01:00,0,none,,background,
c-000a7ee3babffb12,instalment_collection,2026-03-07T02:29:24.824+01:00,0,none,,background,
c-8624c0af4422e1f9,instalment_collection,2026-03-07T02:29:24.951+01:00,0,none,,background,
c-e09006cb92e5f215,instalment_collection,2026-03-07T02:30:00.952+01:00,0,none,,background,
c-085e6ac0c16f13da,instalment_collection,2026-03-07T02:30:10.255+01:00,0,none,,background,
c-e3a6112606763944,instalment_collection,2026-03-07T02:30:28.715+01:00,0,none,,background,
c-a0b6c28d4a9ed88b,instalment_collection,2026-03-07T02:30:38.442+01:00,0,none,,background,
c-1fd32802a272a397,instalment_collection,2026-03-07T02:30:45.705+01:00,0,none,,background,
c-018d66fa0626d343,instalment_collection,2026-03-07T02:30:56.008+01:00,0,none,,background,
c-9aeb425bc8478207,instalment_collection,2026-03-07T02:31:01.069+01:00,0,none,,background,
c-ebcd28ecc3d191b1,instalment_collection,2026-03-07T02:31:13.075+01:00,0,none,,background,
c-de43cd18db89918e,instalment_collection,2026-03-07T02:32:22.231+01:00,0,none,,background,
c-7ae08c2cfe2efcb5,instalment_collection,2026-03-07T02:32:22.786+01:00,0,none,,background,
c-f4d22092c99d5a9a,instalment_collection,2026-03-07T02:32:51.566+01:00,0,none,,background,
c-3c711a6b783685ec,instalment_collection,2026-03-07T02:33:07.420+01:00,0,none,,background,
c-5f3b185d76165e75,instalment_collection,2026-03-07T02:33:31.904+01:00,0,none,,background,
c-5f325c8d2e0ac65d,instalment_collection,2026-03-07T02:33:53.845+01:00,0,none,,background,
c-406c8ca8acd671d7,instalment_collection,2026-03-07T02:34:01.047+01:00,0,none,,background,
c-bfaf226d8df9f172,instalment_collection,2026-03-07T02:34:06.020+01:00,0,none,,background,
c-ab93f34386e93e52,instalment_collection,2026-03-07T02:34:21.867+01:00,0,none,,background,
c-b80be61c58c6f62e,instalment_collection,2026-03-07T02:34:36.642+01:00,0,none,,background,
c-09140829e88ffd4c,instalment_collection,2026-03-07T02:34:56.331+01:00,0,none,,background,
c-6d15d8914f724f43,instalment_collection,2026-03-07T02:35:20.315+01:00,0,none,,background,
c-a4d2cb3b317d53cf,instalment_collection,2026-03-07T02:35:44.903+01:00,0,none,,background,
c-0e712c75d891761f,instalment_collection,2026-03-07T02:35:54.141+01:00,0,none,,background,
c-4cb91a6f68e78a0c,instalment_collection,2026-03-07T02:36:22.991+01:00,0,none,,background,
c-4303d187888040a1,instalment_collection,2026-03-07T02:36:33.814+01:00,0,none,,background,
c-de26994a0fe2af4e,instalment_collection,2026-03-07T02:36:43.351+01:00,0,none,,background,
c-f0e352479cc9bdf7,instalment_collection,2026-03-07T02:37:04.309+01:00,0,none,,background,
c-66336ee0e8a8767d,instalment_collection,2026-03-07T02:37:16.252+01:00,0,none,,background,
c-e38734c700a761be,instalment_collection,2026-03-07T02:37:35.048+01:00,0,none,,background,
c-da73367f2425ecb6,instalment_collection,2026-03-07T02:37:35.096+01:00,0,none,,background,
c-347e676f521473c7,instalment_collection,2026-03-07T02:37:41.127+01:00,0,none,,background,
c-a93004e268f6246c,instalment_collection,2026-03-07T02:38:01.375+01:00,0,none,,background,
c-162f58daa1a48ffc,instalment_collection,2026-03-07T02:38:15.726+01:00,0,none,,background,
c-d373f5e705440e36,instalment_collection,2026-03-07T02:38:30.611+01:00,0,none,,background,
c-2fdaf7f035885c1e,instalment_collection,2026-03-07T02:38:46.739+01:00,0,none,,background,
c-86ae2ddd152f57f9,instalment_collection,2026-03-07T02:39:00.825+01:00,0,none,,background,
c-9cfb880570f2821f,instalment_collection,2026-03-07T02:39:05.122+01:00,0,none,,background,
c-9bffaccc98845963,instalment_collection,2026-03-07T02:39:07.080+01:00,0,none,,background,
c-a16f789f3175f857,instalment_collection,2026-03-07T02:39:11.892+01:00,0,none,,background,
c-56712f4c31ff4978,instalment_collection,2026-03-07T02:39:20.274+01:00,0,none,,background,
c-6801f896dfc5bc8a,instalment_collection,2026-03-07T02:39:24.034+01:00,1,truncated,3,background,
c-5398fd9342828ba2,instalment_collection,2026-03-07T02:39:41.709+01:00,0,none,,background,
c-78e4692ccbcf8a28,instalment_collection,2026-03-07T02:40:16.276+01:00,0,none,,background,
c-c705452d37c32be6,instalment_collection,2026-03-07T02:40:56.625+01:00,0,none,,background,
c-7b91c89d02bb23b1,instalment_collection,2026-03-07T02:41:01.357+01:00,0,none,,background,
c-615252d2954efe20,instalment_collection,2026-03-07T02:41:07.425+01:00,0,none,,background,
c-4b94401e8943f0b5,instalment_collection,2026-03-07T02:41:41.508+01:00,0,none,,background,
c-eb33e61932720239,instalment_collection,2026-03-07T02:42:08.199+01:00,0,none,,background,
c-5375b0cc51f0dcbf,instalment_collection,2026-03-07T02:42:09.571+01:00,0,none,,background,
c-ed5aa43d0fe093c9,instalment_collection,2026-03-07T02:42:12.786+01:00,0,none,,background,
c-59c662bd3f456a8b,instalment_collection,2026-03-07T02:42:20.017+01:00,0,none,,background,
c-b39f742aedda21ac,instalment_collection,2026-03-07T02:42:22.477+01:00,0,none,,background,
c-cebae8e1a0d11b17,instalment_collection,2026-03-07T02:42:41.542+01:00,0,none,,background,
c-d5acadacea2d7a9b,instalment_collection,2026-03-07T02:42:49.823+01:00,0,none,,background,
c-00a28d3888a3c9e1,instalment_collection,2026-03-07T02:42:51.090+01:00,0,none,,background,
c-e947500481622a03,instalment_collection,2026-03-07T02:43:09.156+01:00,0,none,,background,
c-e061d697f582b9cf,instalment_collection,2026-03-07T02:43:21.183+01:00,0,none,,background,
c-9eea37eb9806355b,instalment_collection,2026-03-07T02:43:24.068+01:00,0,none,,background,
c-e9a830e220c7a1d2,instalment_collection,2026-03-07T02:43:34.642+01:00,0,none,,background,
c-ac2a670fc9a2d768,instalment_collection,2026-03-07T02:43:38.546+01:00,0,none,,background,
c-f75b6b77a85bf250,instalment_collection,2026-03-07T02:43:50.657+01:00,0,none,,background,
c-352fcd0fe4657c2e,instalment_collection,2026-03-07T02:44:00.806+01:00,0,none,,background,
c-4f3f5953af7f6e23,instalment_collection,2026-03-07T02:44:04.281+01:00,0,none,,background,
c-b710129332e4ae36,instalment_collection,2026-03-07T02:44:06.648+01:00,0,none,,background,
c-3eb3072532735b8d,instalment_collection,2026-03-07T02:44:16.994+01:00,0,none,,background,
c-51822bf03a764ace,instalment_collection,2026-03-07T02:44:55.806+01:00,0,none,,background,
c-4e61df316e837c37,instalment_collection,2026-03-07T02:45:11.580+01:00,0,none,,background,
c-9486dadc70df4e2e,instalment_collection,2026-03-07T02:45:14.710+01:00,0,none,,background,
c-c9a308b56eb9678d,instalment_collection,2026-03-07T02:45:20.175+01:00,0,none,,background,
c-f9a5c7f277fc006e,instalment_collection,2026-03-07T02:45:30.881+01:00,0,none,,background,
c-d8314f1b06d3391f,instalment_collection,2026-03-07T02:45:45.443+01:00,0,none,,background,
c-ad6ec39661ae1544,instalment_collection,2026-03-07T02:46:06.754+01:00,0,none,,background,
c-28c9716e50e07e30,instalment_collection,2026-03-07T02:46:15.183+01:00,0,none,,background,
c-66db5fc05f421f48,instalment_collection,2026-03-07T02:46:16.190+01:00,0,none,,background,
c-b99c716501f2da38,instalment_collection,2026-03-07T02:46:20.852+01:00,0,none,,background,
c-2b69c0860f048c29,instalment_collection,2026-03-07T02:47:06.463+01:00,0,none,,background,
c-05d551bb18545b32,instalment_collection,2026-03-07T02:47:32.191+01:00,0,none,,background,
c-cac4de7d1579aada,instalment_collection,2026-03-07T02:47:36.360+01:00,0,none,,background,
c-1170998abcb4c113,instalment_collection,2026-03-07T02:47:44.883+01:00,0,none,,background,
c-3a5cb7f5434278d6,instalment_collection,2026-03-07T02:47:47.073+01:00,0,none,,background,
c-4dc8372b36750827,instalment_collection,2026-03-07T02:47:53.353+01:00,0,none,,background,
c-3730aa0790b3662e,instalment_collection,2026-03-07T02:48:00.727+01:00,0,none,,background,
c-15c163d63b4edae7,instalment_collection,2026-03-07T02:48:20.222+01:00,0,none,,background,
c-6fb791541f77b80b,instalment_collection,2026-03-07T02:48:23.021+01:00,0,none,,background,
c-feacc79e11d5eedf,instalment_collection,2026-03-07T02:48:56.477+01:00,0,none,,background,
c-9f7ab239378423a8,instalment_collection,2026-03-07T02:48:57.256+01:00,0,none,,background,
c-e69159e7e923c3a3,instalment_collection,2026-03-07T02:49:30.479+01:00,0,none,,background,
c-3c07841a5c3bb564,instalment_collection,2026-03-07T02:49:33.543+01:00,0,none,,background,
c-2a5d4338769ea215,instalment_collection,2026-03-07T02:50:02.562+01:00,0,none,,background,
c-c1484e1d07255de9,instalment_collection,2026-03-07T02:50:08.336+01:00,0,none,,background,
c-8ab91b91887e881f,instalment_collection,2026-03-07T02:50:13.292+01:00,0,none,,background,
c-6cbc705e053b8995,instalment_collection,2026-03-07T02:50:44.737+01:00,0,none,,background,
c-9d8db03dc0266b8c,instalment_collection,2026-03-07T02:50:49.368+01:00,0,none,,background,
c-92b4fc29d7603994,instalment_collection,2026-03-07T02:51:42.778+01:00,0,none,,background,
c-4c5935cfe9f238d0,instalment_collection,2026-03-07T02:52:11.284+01:00,0,none,,background,
c-eb93a922f8eb345d,instalment_collection,2026-03-07T02:52:16.882+01:00,0,none,,background,
c-c1a49abaf52e5706,instalment_collection,2026-03-07T02:52:30.827+01:00,0,none,,background,
c-c200e234f615a71e,instalment_collection,2026-03-07T02:53:03.053+01:00,0,none,,background,
c-bdf115c4977927ce,instalment_collection,2026-03-07T02:53:14.751+01:00,0,none,,background,
c-355f9c66b5b5f091,instalment_collection,2026-03-07T02:53:26.486+01:00,0,none,,background,
c-e88d5062dfc11114,instalment_collection,2026-03-07T02:53:29.995+01:00,0,none,,background,
c-626075fb1d356d4e,instalment_collection,2026-03-07T02:53:42.122+01:00,0,none,,background,
c-983030e207aa333a,instalment_collection,2026-03-07T02:54:09.488+01:00,0,none,,background,
c-98a3451c90e262e8,instalment_collection,2026-03-07T02:54:12.520+01:00,0,none,,background,
c-6c34be346a0baa84,instalment_collection,2026-03-07T02:54:44.662+01:00,0,none,,background,
c-0817ce8cbc45b4ce,instalment_collection,2026-03-07T02:54:55.148+01:00,0,none,,background,
c-cc348384a2979a5b,instalment_collection,2026-03-07T02:55:02.727+01:00,0,none,,background,
c-7b59feb45519b865,instalment_collection,2026-03-07T02:55:12.655+01:00,0,none,,background,
c-d5fd0e7c5fa1ed11,instalment_collection,2026-03-07T02:55:16.697+01:00,0,none,,background,
c-35cf09942861e58f,instalment_collection,2026-03-07T02:55:36.825+01:00,0,none,,background,
c-66e827eb9d1b4d2f,instalment_collection,2026-03-07T02:55:40.067+01:00,0,none,,background,
c-29f96e1725e879c2,instalment_collection,2026-03-07T02:55:45.739+01:00,0,none,,background,
c-bf7a88a6148777b2,instalment_collection,2026-03-07T02:56:18.040+01:00,0,none,,background,
c-b744a3fc3f19dc0d,instalment_collection,2026-03-07T02:57:01.579+01:00,0,none,,background,
c-8c15986a672c98fc,instalment_collection,2026-03-07T02:57:03.913+01:00,0,none,,background,
c-0913de6be66d873f,instalment_collection,2026-03-07T02:57:10.699+01:00,0,none,,background,
c-a9900eaf550adf77,instalment_collection,2026-03-07T02:57:11.388+01:00,0,none,,background,
c-1fdb7919dee64032,instalment_collection,2026-03-07T02:58:38.261+01:00,0,none,,background,
c-0bee364fc28c67ce,instalment_collection,2026-03-07T02:59:07.464+01:00,0,none,,background,
c-9bf9a87f32a6a043,instalment_collection,2026-03-07T02:59:29.507+01:00,0,none,,background,
c-168808d8c4609b43,instalment_collection,2026-03-07T02:59:44.645+01:00,0,none,,background,
c-a22136a9dc021aa7,instalment_collection,2026-03-07T02:59:51.203+01:00,0,none,,background,
c-3a75c0838695f19b,instalment_collection,2026-03-07T02:59:52.722+01:00,0,none,,background,
c-bbd5e7017e8159e2,instalment_collection,2026-03-07T03:00:04.752+01:00,0,none,,background,
c-680447034dc489f2,instalment_collection,2026-03-07T03:00:06.444+01:00,0,none,,background,
c-7749e316bcbe142f,instalment_collection,2026-03-07T03:01:02.724+01:00,0,none,,background,
c-e2700687a2c5e3e0,instalment_collection,2026-03-07T03:01:16.967+01:00,0,none,,background,
c-700a7f8f0ce86a52,instalment_collection,2026-03-07T03:01:52.947+01:00,0,none,,background,
c-842e1e4c72a71520,instalment_collection,2026-03-07T03:02:56.400+01:00,0,none,,background,
c-3ebdaba0eee21344,instalment_collection,2026-03-07T03:04:22.059+01:00,0,none,,background,
c-867745302ee1894a,instalment_collection,2026-03-07T03:04:23.224+01:00,0,none,,background,
c-192c3b0bcd4be602,instalment_collection,2026-03-07T03:05:10.369+01:00,0,none,,background,
c-fc48103c84b491f2,instalment_collection,2026-03-07T03:05:18.580+01:00,0,none,,background,
c-00714c3df6fa9acc,instalment_collection,2026-03-07T03:05:40.789+01:00,0,none,,background,
c-352f209992381585,instalment_collection,2026-03-07T03:06:06.321+01:00,0,none,,background,
c-b05fed11116f2540,instalment_collection,2026-03-07T03:06:28.547+01:00,0,none,,background,
c-cdbaeae002d3ee8e,instalment_collection,2026-03-07T03:07:03.412+01:00,0,none,,background,
c-a788843750fc6aa4,instalment_collection,2026-03-07T03:07:39.038+01:00,0,none,,background,
c-82d3023b4390c42d,instalment_collection,2026-03-07T03:08:02.164+01:00,0,none,,background,
c-1624da62523b62e0,instalment_collection,2026-03-07T03:08:11.417+01:00,0,none,,background,
c-5f5de5a45f9d24b7,instalment_collection,2026-03-07T03:08:11.925+01:00,0,none,,background,
c-712af6e487dbfdcc,instalment_collection,2026-03-07T03:08:35.764+01:00,0,none,,background,
c-0cec4e237e858592,instalment_collection,2026-03-07T03:09:36.127+01:00,0,none,,background,
c-b303053999d8b09f,instalment_collection,2026-03-07T03:09:53.847+01:00,0,none,,background,
c-71792d14a8cdcb31,instalment_collection,2026-03-07T03:10:26.733+01:00,0,none,,background,
c-00bd0565175d76bd,instalment_collection,2026-03-07T03:10:44.955+01:00,0,none,,background,
c-f3caf2f3bb863eaa,instalment_collection,2026-03-07T03:11:26.293+01:00,0,none,,background,
c-c0f9cac95c50e2f7,instalment_collection,2026-03-07T03:11:34.799+01:00,0,none,,background,
c-9caeedef866bc1a1,instalment_collection,2026-03-07T03:11:39.111+01:00,0,none,,background,
c-7c2e7f1217dbf2f9,instalment_collection,2026-03-07T03:11:48.661+01:00,0,none,,background,
c-0a261108d27326d9,instalment_collection,2026-03-07T03:11:48.684+01:00,0,none,,background,
c-e8df7e382c3fb2b3,instalment_collection,2026-03-07T03:12:05.946+01:00,0,none,,background,
c-f031815da79151ba,instalment_collection,2026-03-07T03:12:27.397+01:00,0,none,,background,
c-9cf3508c76ee6636,instalment_collection,2026-03-07T03:13:06.719+01:00,0,none,,background,
c-656a3a7de80daa90,instalment_collection,2026-03-07T03:14:15.628+01:00,0,none,,background,
c-a2f7b6431e852f56,instalment_collection,2026-03-07T03:16:13.178+01:00,0,none,,background,
c-ef0cd6a33ad3c691,instalment_collection,2026-03-07T03:16:38.123+01:00,0,none,,background,
c-2aaa1d5bf7a84011,instalment_collection,2026-03-07T03:21:34.538+01:00,0,none,,background,
c-11ec1fd9229eee2a,instalment_collection,2026-03-07T03:23:03.716+01:00,0,none,,background,
c-81b3282bc738ff37,instalment_collection,2026-03-07T03:24:31.212+01:00,0,none,,background,
c-af284ee94d15dfb0,loan_conversion_quote,2026-03-07T08:00:53.853+01:00,0,none,,background,
c-599d6aa9200bf54f,mortgage_application,2026-03-07T08:26:50.085+01:00,0,none,,background,
c-762e1a154765e902,loan_conversion_quote,2026-03-07T08:40:53.572+01:00,0,none,,background,
c-1dfb51016de31ba9,loan_conversion_quote,2026-03-07T08:44:23.858+01:00,0,none,,background,
c-24732d82b4392929,loan_conversion_quote,2026-03-07T08:45:07.218+01:00,0,none,,background,
c-5a89e9fa2caf180f,mortgage_application,2026-03-07T09:15:15.683+01:00,0,none,,background,
c-377ea29169e03699,mortgage_application,2026-03-07T09:24:51.960+01:00,0,none,,background,
c-f1cf08e0e706149f,loan_conversion_quote,2026-03-07T09:26:45.104+01:00,0,none,,background,
c-aa443c9695230864,loan_conversion_quote,2026-03-07T09:29:40.626+01:00,0,none,,background,
c-656e1aab57351986,loan_conversion_quote,2026-03-07T09:31:55.052+01:00,0,none,,background,
c-89f5f3909fa3fe98,loan_conversion_quote,2026-03-07T09:32:35.439+01:00,0,none,,background,
c-d085f1a499224942,mortgage_application,2026-03-07T09:53:09.026+01:00,0,none,,background,
c-856341fe1c27c8fd,mortgage_application,2026-03-07T09:55:28.402+01:00,0,none,,background,
c-39ec43e6384f1fd1,loan_conversion_quote,2026-03-07T10:13:10.887+01:00,0,none,,background,
c-b6489b5bb8f0bc8e,loan_conversion_quote,2026-03-07T10:31:54.480+01:00,0,none,,background,
c-c7505e954d675a74,mortgage_application,2026-03-07T10:32:33.894+01:00,0,none,,background,
c-0b320947b8226547,loan_conversion_quote,2026-03-07T10:37:13.077+01:00,0,none,,background,
c-00b6f19b0ab2f51a,loan_conversion_quote,2026-03-07T10:38:50.153+01:00,0,none,,background,
c-3dbc752596ef81ec,loan_conversion_quote,2026-03-07T10:44:41.666+01:00,0,none,,background,
c-80c0ee5ed5039fc5,mortgage_application,2026-03-07T10:50:20.448+01:00,0,none,,background,
c-6072ce0dd0789545,loan_conversion_quote,2026-03-07T10:50:57.621+01:00,0,none,,background,
c-81c3177130c14d14,mortgage_application,2026-03-07T10:54:35.187+01:00,0,none,,background,
c-663afedf08cb7d19,mortgage_application,2026-03-07T10:54:46.999+01:00,0,none,,background,
c-4f10f19250d8b5e4,loan_conversion_quote,2026-03-07T10:58:43.668+01:00,0,none,,background,
c-6015b6f2b37f6725,loan_conversion_quote,2026-03-07T11:03:13.137+01:00,0,none,,background,
c-a219bb034cdfa66f,loan_conversion_quote,2026-03-07T11:09:28.780+01:00,0,none,,background,
c-69d0b701676eb598,mortgage_application,2026-03-07T11:21:20.327+01:00,0,none,,background,
c-6045be3be5a1d4f9,loan_conversion_quote,2026-03-07T11:23:05.962+01:00,0,none,,background,
c-c1ae7dd8d68fc959,loan_conversion_quote,2026-03-07T11:29:49.224+01:00,0,none,,background,
c-22babd224741e9b8,loan_conversion_quote,2026-03-07T11:32:59.304+01:00,0,none,,background,
c-659b04f05f430e7b,loan_conversion_quote,2026-03-07T11:41:28.309+01:00,0,none,,background,
c-e42f1f48e39fb377,loan_conversion_quote,2026-03-07T11:43:26.053+01:00,0,none,,background,
c-ddb6590d052da4ca,loan_conversion_quote,2026-03-07T11:46:12.921+01:00,0,none,,background,
c-9d8835f8c68049ec,loan_conversion_quote,2026-03-07T11:48:33.421+01:00,0,none,,background,
c-67ef84e40ee99580,loan_conversion_quote,2026-03-07T11:55:48.190+01:00,0,none,,background,
c-5acbe28f533fe879,loan_conversion_quote,2026-03-07T11:59:48.082+01:00,0,none,,background,
c-1afd9412f11242f4,mortgage_application,2026-03-07T12:01:45.783+01:00,0,none,,background,
c-da2dce2fc7f60ea4,mortgage_application,2026-03-07T12:09:16.594+01:00,0,none,,background,
c-5858194a57748473,mortgage_application,2026-03-07T12:13:53.153+01:00,0,none,,background,
c-0c60697d0cb0106d,loan_conversion_quote,2026-03-07T12:15:48.488+01:00,0,none,,background,
c-bd59aa97132f824c,mortgage_application,2026-03-07T12:17:30.915+01:00,0,none,,background,
c-7c92e93d296aca9a,mortgage_application,2026-03-07T12:18:06.783+01:00,0,none,,background,
c-1f87e1bdab3a070b,loan_conversion_quote,2026-03-07T12:20:10.541+01:00,0,none,,background,
c-42b8310c3e8706b6,loan_conversion_quote,2026-03-07T12:20:18.642+01:00,0,none,,background,
c-7b489e0b18c4fac7,loan_conversion_quote,2026-03-07T12:22:14.857+01:00,0,none,,background,
c-a3a9fb554987b93c,mortgage_application,2026-03-07T12:22:23.918+01:00,0,none,,background,
c-1cb8a993e514237e,loan_conversion_quote,2026-03-07T12:22:35.019+01:00,0,none,,background,
c-6afbaa52d12b2a46,mortgage_application,2026-03-07T12:23:45.753+01:00,0,none,,background,
c-e3279367da085932,loan_conversion_quote,2026-03-07T12:24:28.786+01:00,0,none,,background,
c-a1ab3516483a8544,loan_conversion_quote,2026-03-07T12:26:24.157+01:00,0,none,,background,
c-8403eadad35beb76,mortgage_application,2026-03-07T12:39:24.986+01:00,0,none,,background,
c-d8a7beb896f3dcee,loan_conversion_quote,2026-03-07T12:44:56.221+01:00,0,none,,background,
c-2a38a5b141b3a283,mortgage_application,2026-03-07T12:49:09.544+01:00,0,none,,background,
c-19d67088f917f9ff,mortgage_application,2026-03-07T12:54:44.175+01:00,0,none,,background,
c-9a831a724a4c6011,loan_conversion_quote,2026-03-07T12:56:24.280+01:00,0,none,,background,
c-fbc70f3e567184f3,loan_conversion_quote,2026-03-07T13:00:49.343+01:00,0,none,,background,
c-979f33226b1d3421,loan_conversion_quote,2026-03-07T13:06:03.813+01:00,0,none,,background,
c-61da85b637cf2501,mortgage_application,2026-03-07T13:12:05.843+01:00,0,none,,background,
c-112668506eb1bb84,loan_conversion_quote,2026-03-07T13:17:26.390+01:00,0,none,,background,
c-f91eab490fbf2630,loan_conversion_quote,2026-03-07T13:18:00.542+01:00,0,none,,background,
c-73e67815ccfb47a6,loan_conversion_quote,2026-03-07T13:21:47.515+01:00,0,none,,background,
c-02277ab9c81b2841,mortgage_application,2026-03-07T13:22:35.688+01:00,0,none,,background,
c-a0769fc2e35125f0,mortgage_application,2026-03-07T13:23:45.319+01:00,0,none,,background,
c-c11af08ff47538b0,loan_conversion_quote,2026-03-07T13:23:47.411+01:00,0,none,,background,
c-733c3afb59c4f9ca,mortgage_application,2026-03-07T13:26:22.304+01:00,0,none,,background,
c-4d9a4b0cb6f8a12e,mortgage_application,2026-03-07T13:29:10.749+01:00,0,none,,background,
c-af3c0020dfbe52d2,loan_conversion_quote,2026-03-07T13:29:53.369+01:00,0,none,,background,
c-cba424a056639888,loan_conversion_quote,2026-03-07T13:30:48.092+01:00,0,none,,background,
c-9d0da00885aff0a5,loan_conversion_quote,2026-03-07T13:32:32.680+01:00,0,none,,background,
c-7bde47b92538a7a5,loan_conversion_quote,2026-03-07T13:35:31.975+01:00,0,none,,background,
c-99dea0823eed80a8,mortgage_application,2026-03-07T13:36:14.427+01:00,0,none,,background,
c-b5320301de8f1a00,loan_conversion_quote,2026-03-07T13:41:02.338+01:00,0,none,,background,
c-44addfb384d95e07,loan_conversion_quote,2026-03-07T13:45:19.216+01:00,0,none,,background,
c-bc66fc5506722dd4,mortgage_application,2026-03-07T13:54:18.206+01:00,0,none,,background,
c-53618ae65a4c55f3,mortgage_application,2026-03-07T13:58:49.297+01:00,0,none,,background,
c-0e3f50739084f2b0,mortgage_application,2026-03-07T14:08:44.762+01:00,0,none,,background,
c-fe613126f49db45f,mortgage_application,2026-03-07T14:09:10.378+01:00,0,none,,background,
c-416d358551bfb0d4,mortgage_application,2026-03-07T14:10:31.079+01:00,0,none,,background,
c-c248d4058de5778a,mortgage_application,2026-03-07T14:17:12.583+01:00,0,none,,background,
c-c84f17ed4fb858c8,mortgage_application,2026-03-07T14:21:49.048+01:00,0,none,,background,
c-9abaa043d66bd924,loan_conversion_quote,2026-03-07T14:22:30.141+01:00,0,none,,background,
c-bec467671c8d6288,mortgage_application,2026-03-07T14:38:22.677+01:00,0,none,,background,
c-41147ca1a7a97d75,loan_conversion_quote,2026-03-07T14:39:58.474+01:00,0,none,,background,
c-40d1b008b41e0c39,mortgage_application,2026-03-07T14:53:48.038+01:00,0,none,,background,
c-0385bb63cef669fb,loan_conversion_quote,2026-03-07T14:55:04.963+01:00,0,none,,background,
c-a706e5f38bb186aa,loan_conversion_quote,2026-03-07T15:04:08.078+01:00,0,none,,background,
c-e364a489242c3499,loan_conversion_quote,2026-03-07T15:05:41.622+01:00,0,none,,background,
c-c889eb87275d59de,loan_conversion_quote,2026-03-07T15:05:58.549+01:00,0,none,,background,
c-448e0eb2af9d4470,loan_conversion_quote,2026-03-07T15:18:07.881+01:00,0,none,,background,
c-c31d9d069575d71c,loan_conversion_quote,2026-03-07T15:20:35.985+01:00,0,none,,background,
c-975106f6192d4887,loan_conversion_quote,2026-03-07T15:39:56.112+01:00,0,none,,background,
c-1785ed85689bcf37,loan_conversion_quote,2026-03-07T15:45:30.546+01:00,0,none,,background,
c-cdf66deadc047afe,mortgage_application,2026-03-07T15:45:43.020+01:00,0,none,,background,
c-2e35fb06081b78d0,mortgage_application,2026-03-07T15:48:29.413+01:00,0,none,,background,
c-226f47700311eb37,mortgage_application,2026-03-07T15:48:51.165+01:00,0,none,,background,
c-920e910c29c43aa5,loan_conversion_quote,2026-03-07T15:50:13.093+01:00,0,none,,background,
c-04ab1453770db803,mortgage_application,2026-03-07T15:55:23.834+01:00,0,none,,background,
c-ceed9a613c1e741a,mortgage_application,2026-03-07T15:56:41.228+01:00,0,none,,background,
c-24b1966bb5035bc6,loan_conversion_quote,2026-03-07T16:05:33.127+01:00,0,none,,background,
c-0deaed0ed7aed80b,loan_conversion_quote,2026-03-07T16:07:48.501+01:00,0,none,,background,
c-894a6d11119a595d,mortgage_application,2026-03-07T16:11:34.839+01:00,0,none,,background,
c-050b2973a7cadef6,loan_conversion_quote,2026-03-07T16:12:23.987+01:00,0,none,,background,
c-ff987743fee40586,mortgage_application,2026-03-07T16:12:25.825+01:00,0,none,,background,
c-598bfee8c65bacaf,loan_conversion_quote,2026-03-07T16:18:33.635+01:00,0,none,,background,
c-3c5178bfc98e6abd,loan_conversion_quote,2026-03-07T16:27:23.802+01:00,0,none,,background,
c-8a8d261f1c0914a2,loan_conversion_quote,2026-03-07T16:33:24.782+01:00,0,none,,background,
c-4f02937e28d8c0b3,loan_conversion_quote,2026-03-07T16:35:33.661+01:00,0,none,,background,
c-fb96b63f883d9a21,loan_conversion_quote,2026-03-07T16:38:38.122+01:00,0,none,,background,
c-cc9709835af31531,loan_conversion_quote,2026-03-07T17:08:10.871+01:00,0,none,,background,
c-06ab2eb05779a4f1,loan_conversion_quote,2026-03-07T17:53:05.578+01:00,0,none,,background,
c-c88d2d836301dc73,loan_conversion_quote,2026-03-07T17:59:18.546+01:00,0,none,,background,
c-8071c0a04e787b64,loan_conversion_quote,2026-03-07T18:05:51.546+01:00,0,none,,background,
c-48db3626f00673b5,loan_conversion_quote,2026-03-07T18:50:17.019+01:00,0,none,,background,
c-5fd5706d16791820,loan_conversion_quote,2026-03-07T19:28:59.524+01:00,0,none,,background,
c-ffcc70b32a158da9,loan_conversion_quote,2026-03-07T19:40:15.464+01:00,0,none,,background,
c-0123d0a53c3885df,instalment_collection,2026-03-08T02:03:16.316+01:00,0,none,,background,
c-f5f596eaee00b549,instalment_collection,2026-03-08T02:04:36.569+01:00,0,none,,background,
c-4d2e95c774d85d58,instalment_collection,2026-03-08T02:04:49.511+01:00,0,none,,background,
c-cb7d9a653536e16e,instalment_collection,2026-03-08T02:05:35.789+01:00,0,none,,background,
c-62c6053e665650d2,instalment_collection,2026-03-08T02:05:43.021+01:00,0,none,,background,
c-4041fbef56e2cb9d,instalment_collection,2026-03-08T02:08:44.690+01:00,0,none,,background,
c-a75dcdcd42690caa,instalment_collection,2026-03-08T02:09:05.150+01:00,0,none,,background,
c-15694f46070bb832,instalment_collection,2026-03-08T02:10:00.781+01:00,0,none,,background,
c-bfa5db5a6b546dca,instalment_collection,2026-03-08T02:10:37.132+01:00,0,none,,background,
c-640959c43c812537,instalment_collection,2026-03-08T02:10:56.640+01:00,0,none,,background,
c-34a8ce52c5df84dd,instalment_collection,2026-03-08T02:13:58.954+01:00,0,none,,background,
c-f710ba4e235fb564,instalment_collection,2026-03-08T02:14:29.373+01:00,0,none,,background,
c-ff478013dd53908b,instalment_collection,2026-03-08T02:15:28.761+01:00,0,none,,background,
c-5e39278c74932b75,instalment_collection,2026-03-08T02:15:47.551+01:00,0,none,,background,
c-9ffd7d13127c25da,instalment_collection,2026-03-08T02:16:16.124+01:00,0,none,,background,
c-679f27ddf78b1fba,instalment_collection,2026-03-08T02:16:17.458+01:00,0,none,,background,
c-6dfcc612f6474deb,instalment_collection,2026-03-08T02:16:23.389+01:00,0,none,,background,
c-ce2b1c7a251aa0c5,instalment_collection,2026-03-08T02:16:52.311+01:00,0,none,,background,
c-9c1b1c6e2456643b,instalment_collection,2026-03-08T02:17:23.396+01:00,0,none,,background,
c-16a75c2da7519d46,instalment_collection,2026-03-08T02:17:29.213+01:00,0,none,,background,
c-753c6ae465436f22,instalment_collection,2026-03-08T02:18:11.702+01:00,0,none,,background,
c-d8b9749951b850ca,instalment_collection,2026-03-08T02:18:36.127+01:00,0,none,,background,
c-38504adf3c4f8c66,instalment_collection,2026-03-08T02:18:39.982+01:00,0,none,,background,
c-27c240c8fad038d3,instalment_collection,2026-03-08T02:18:42.359+01:00,0,none,,background,
c-0e03db2145e54d76,instalment_collection,2026-03-08T02:19:06.767+01:00,0,none,,background,
c-eba1d3e8b4f1592d,instalment_collection,2026-03-08T02:19:20.480+01:00,0,none,,background,
c-7cb655506391d0d3,instalment_collection,2026-03-08T02:19:43.521+01:00,0,none,,background,
c-85e86bf2d6687220,instalment_collection,2026-03-08T02:19:51.978+01:00,0,none,,background,
c-5b5a14e480e5a8f0,instalment_collection,2026-03-08T02:20:32.700+01:00,0,none,,background,
c-7147832c83fae342,instalment_collection,2026-03-08T02:20:42.225+01:00,0,none,,background,
c-7ca6a347f03ac822,instalment_collection,2026-03-08T02:22:01.589+01:00,0,none,,background,
c-84d7e377cb59a21d,instalment_collection,2026-03-08T02:22:08.480+01:00,0,none,,background,
c-aa04b76a0e87620b,instalment_collection,2026-03-08T02:22:10.009+01:00,0,none,,background,
c-4b5cefe73172910f,instalment_collection,2026-03-08T02:22:33.527+01:00,0,none,,background,
c-777348ed4ba9f5ae,instalment_collection,2026-03-08T02:23:19.271+01:00,0,none,,background,
c-87b85ef6ff20d54c,instalment_collection,2026-03-08T02:23:44.027+01:00,0,none,,background,
c-d507cb0df464436c,instalment_collection,2026-03-08T02:24:54.119+01:00,0,none,,background,
c-4944980137eeafcd,instalment_collection,2026-03-08T02:25:21.127+01:00,0,none,,background,
c-1e381d4799ecda6b,instalment_collection,2026-03-08T02:25:21.270+01:00,0,none,,background,
c-4f2f451f389fb027,instalment_collection,2026-03-08T02:27:16.471+01:00,0,none,,background,
c-e49eca857472a672,instalment_collection,2026-03-08T02:27:42.275+01:00,0,none,,background,
c-8f999c74bc6bf2ba,instalment_collection,2026-03-08T02:28:21.264+01:00,0,none,,background,
c-7fc059a3e61cfcf4,instalment_collection,2026-03-08T02:29:11.044+01:00,0,none,,background,
c-8020a00f7229dd5d,instalment_collection,2026-03-08T02:29:26.635+01:00,0,none,,background,
c-ae13fe6a1acf2605,instalment_collection,2026-03-08T02:29:50.238+01:00,0,none,,background,
c-07b59bc9e8086222,instalment_collection,2026-03-08T02:29:56.952+01:00,0,none,,background,
c-6c609f4c475f1b78,instalment_collection,2026-03-08T02:30:18.063+01:00,0,none,,background,
c-92063fe06dc2a068,instalment_collection,2026-03-08T02:30:32.568+01:00,0,none,,background,
c-7d4ce10a51637836,instalment_collection,2026-03-08T02:30:33.465+01:00,0,none,,background,
c-8225ff0a45a80a05,instalment_collection,2026-03-08T02:30:55.494+01:00,0,none,,background,
c-e1c72c7c7f84bcd4,instalment_collection,2026-03-08T02:31:50.615+01:00,0,none,,background,
c-4bc256994708e873,instalment_collection,2026-03-08T02:32:09.946+01:00,0,none,,background,
c-fd72908921dc21dd,instalment_collection,2026-03-08T02:32:11.180+01:00,0,none,,background,
c-75c96033d24e8a18,instalment_collection,2026-03-08T02:32:21.307+01:00,0,none,,background,
c-f51f6d365e4dc7a9,instalment_collection,2026-03-08T02:32:23.492+01:00,0,none,,background,
c-2a3f8b85b7ef4142,instalment_collection,2026-03-08T02:32:30.301+01:00,0,none,,background,
c-642dc5656e93a4a4,instalment_collection,2026-03-08T02:32:37.974+01:00,0,none,,background,
c-da828ef3d179f2ec,instalment_collection,2026-03-08T02:32:46.311+01:00,0,none,,background,
c-3a6a193f5e5e2138,instalment_collection,2026-03-08T02:33:34.216+01:00,0,none,,background,
c-11f5d7f88d653fda,instalment_collection,2026-03-08T02:33:45.125+01:00,0,none,,background,
c-a9ecf78c09ec73d2,instalment_collection,2026-03-08T02:33:54.899+01:00,0,none,,background,
c-097b09c6a99efda6,instalment_collection,2026-03-08T02:34:09.310+01:00,0,none,,background,
c-2259defae05c1233,instalment_collection,2026-03-08T02:34:14.604+01:00,0,none,,background,
c-e3ccc14ebb59eef8,instalment_collection,2026-03-08T02:34:20.276+01:00,0,none,,background,
c-e50851852cf8658e,instalment_collection,2026-03-08T02:34:28.455+01:00,0,none,,background,
c-3c9d0ebecf56b681,instalment_collection,2026-03-08T02:34:35.075+01:00,0,none,,background,
c-d3ad1660ea545579,instalment_collection,2026-03-08T02:34:45.192+01:00,0,none,,background,
c-117f5c051ff94e07,instalment_collection,2026-03-08T02:35:27.701+01:00,0,none,,background,
c-1cee9f1aaf7a8cfc,instalment_collection,2026-03-08T02:35:31.943+01:00,0,none,,background,
c-9c4036175f3ee108,instalment_collection,2026-03-08T02:35:32.082+01:00,0,none,,background,
c-1b60af7b5bb016c0,instalment_collection,2026-03-08T02:35:46.839+01:00,0,none,,background,
c-339cdeb8f4e9fe20,instalment_collection,2026-03-08T02:36:02.625+01:00,0,none,,background,
c-e7004c095d0f6faf,instalment_collection,2026-03-08T02:36:04.775+01:00,0,none,,background,
c-858ae8608ab13669,instalment_collection,2026-03-08T02:36:23.435+01:00,0,none,,background,
c-48836bb523479f94,instalment_collection,2026-03-08T02:36:35.453+01:00,0,none,,background,
c-f9de77f1078115ad,instalment_collection,2026-03-08T02:36:50.796+01:00,0,none,,background,
c-c393ca782a1c1b1e,instalment_collection,2026-03-08T02:37:39.867+01:00,0,none,,background,
c-2effa3fd9177ab18,instalment_collection,2026-03-08T02:38:13.984+01:00,0,none,,background,
c-671e3fb902792f58,instalment_collection,2026-03-08T02:38:30.921+01:00,0,none,,background,
c-30f14cf3465c19f3,instalment_collection,2026-03-08T02:38:39.189+01:00,0,none,,background,
c-2c81c020bdb42252,instalment_collection,2026-03-08T02:38:58.737+01:00,0,none,,background,
c-eebd346cfc756bb9,instalment_collection,2026-03-08T02:39:12.132+01:00,0,none,,background,
c-6b5a80add570b1fb,instalment_collection,2026-03-08T02:39:32.299+01:00,0,none,,background,
c-132687a1f515ed6d,instalment_collection,2026-03-08T02:39:37.248+01:00,0,none,,background,
c-52812b6d2645b17c,instalment_collection,2026-03-08T02:39:58.936+01:00,0,none,,background,
c-3c68a718eb127cf2,instalment_collection,2026-03-08T02:40:18.757+01:00,0,none,,background,
c-59dcf905b657abe4,instalment_collection,2026-03-08T02:40:26.774+01:00,0,none,,background,
c-c866aa07f0a0cd18,instalment_collection,2026-03-08T02:40:38.032+01:00,0,none,,background,
c-429504b726686586,instalment_collection,2026-03-08T02:41:11.150+01:00,0,none,,background,
c-65d74d6c4e8359c5,instalment_collection,2026-03-08T02:41:24.157+01:00,0,none,,background,
c-ecd0bc010162b08a,instalment_collection,2026-03-08T02:41:41.890+01:00,0,none,,background,
c-ef62907c84cb9091,instalment_collection,2026-03-08T02:41:47.549+01:00,0,none,,background,
c-73b11614bed8cc30,instalment_collection,2026-03-08T02:42:28.169+01:00,0,none,,background,
c-e4e5c46da2796dcf,instalment_collection,2026-03-08T02:42:36.874+01:00,0,none,,background,
c-0e5a6813cea7e6aa,instalment_collection,2026-03-08T02:42:37.185+01:00,0,none,,background,
c-fbfbdcc408cdda2a,instalment_collection,2026-03-08T02:42:56.916+01:00,0,none,,background,
c-89f52f0ec4eb8c38,instalment_collection,2026-03-08T02:42:57.946+01:00,0,none,,background,
c-d2f2599b92a7960a,instalment_collection,2026-03-08T02:43:29.127+01:00,0,none,,background,
c-ce985e04035f9d7a,instalment_collection,2026-03-08T02:43:45.453+01:00,0,none,,background,
c-6337328ffc890ecd,instalment_collection,2026-03-08T02:44:09.848+01:00,0,none,,background,
c-eba51d5b11f59a70,instalment_collection,2026-03-08T02:44:21.484+01:00,0,none,,background,
c-e174913b9029d846,instalment_collection,2026-03-08T02:44:25.789+01:00,0,none,,background,
c-766b07e2d698eda1,instalment_collection,2026-03-08T02:45:42.433+01:00,0,none,,background,
c-544950f47031c4ab,instalment_collection,2026-03-08T02:45:46.940+01:00,0,none,,background,
c-09955ed8d8f253f5,instalment_collection,2026-03-08T02:46:52.959+01:00,0,none,,background,
c-918fdd3c19272fb9,instalment_collection,2026-03-08T02:47:43.477+01:00,0,none,,background,
c-d73f29b42ab0e099,instalment_collection,2026-03-08T02:47:45.339+01:00,0,none,,background,
c-ce4589f3f1617e17,instalment_collection,2026-03-08T02:47:45.810+01:00,0,none,,background,
c-2e2b11e1c6f2dbb1,instalment_collection,2026-03-08T02:48:07.174+01:00,0,none,,background,
c-d6d1066758def343,instalment_collection,2026-03-08T02:48:49.413+01:00,0,none,,background,
c-f31309e4af31e725,instalment_collection,2026-03-08T02:48:53.234+01:00,0,none,,background,
c-1ba0cb74c47515cc,instalment_collection,2026-03-08T02:48:58.888+01:00,0,none,,background,
c-fbe7100048a89059,instalment_collection,2026-03-08T02:49:01.513+01:00,0,none,,background,
c-021d91bf26cde42a,instalment_collection,2026-03-08T02:49:02.381+01:00,0,none,,background,
c-dfae6a749aaccdfe,instalment_collection,2026-03-08T02:49:02.588+01:00,0,none,,background,
c-755dda299358b236,instalment_collection,2026-03-08T02:49:53.326+01:00,0,none,,background,
c-4e723f81dc686d2a,instalment_collection,2026-03-08T02:50:13.019+01:00,0,none,,background,
c-9e8c63215e033706,instalment_collection,2026-03-08T02:50:19.797+01:00,0,none,,background,
c-1b2bbebac8bb08cc,instalment_collection,2026-03-08T02:50:31.028+01:00,0,none,,background,
c-68ca7c1dc15a3705,instalment_collection,2026-03-08T02:51:01.448+01:00,0,none,,background,
c-c195c7584b19ff6c,instalment_collection,2026-03-08T02:51:01.933+01:00,0,none,,background,
c-204d8eec0242b5ea,instalment_collection,2026-03-08T02:51:13.869+01:00,0,none,,background,
c-440f63bdc222a60d,instalment_collection,2026-03-08T02:51:18.648+01:00,0,none,,background,
c-3039bf2df0def6bd,instalment_collection,2026-03-08T02:51:23.760+01:00,0,none,,background,
c-d5b6289239c3cf18,instalment_collection,2026-03-08T02:51:38.187+01:00,0,none,,background,
c-5f2f051ce07bb097,instalment_collection,2026-03-08T02:52:03.705+01:00,0,none,,background,
c-26f3f2c14e20512d,instalment_collection,2026-03-08T02:52:14.256+01:00,0,none,,background,
c-55abd3406109c2cf,instalment_collection,2026-03-08T02:52:23.101+01:00,0,none,,background,
c-1ecdea44b2832fc6,instalment_collection,2026-03-08T02:52:25.067+01:00,0,none,,background,
c-0c060d4e04aa1826,instalment_collection,2026-03-08T02:52:43.732+01:00,0,none,,background,
c-e571ae0783342ceb,instalment_collection,2026-03-08T02:53:13.559+01:00,0,none,,background,
c-927ad359a156fd97,instalment_collection,2026-03-08T02:53:19.391+01:00,0,none,,background,
c-ac9da12becebbb5f,instalment_collection,2026-03-08T02:53:39.505+01:00,0,none,,background,
c-1036da2be39d8463,instalment_collection,2026-03-08T02:53:42.237+01:00,0,none,,background,
c-e0c491372c6fe554,instalment_collection,2026-03-08T02:53:48.901+01:00,0,none,,background,
c-4995a1639285439b,instalment_collection,2026-03-08T02:54:05.317+01:00,0,none,,background,
c-0464dd628087ba9e,instalment_collection,2026-03-08T02:54:16.955+01:00,0,none,,background,
c-91d4c5f3491fa3d4,instalment_collection,2026-03-08T02:55:06.781+01:00,0,none,,background,
c-b65d4939050fa71c,instalment_collection,2026-03-08T02:55:11.629+01:00,0,none,,background,
c-d5fa1e5628a6f788,instalment_collection,2026-03-08T02:55:25.715+01:00,0,none,,background,
c-ddcacc01c696e7c1,instalment_collection,2026-03-08T02:55:28.040+01:00,0,none,,background,
c-d82eaa48e760bf0a,instalment_collection,2026-03-08T02:55:56.006+01:00,0,none,,background,
c-d34023d361e6e3c6,instalment_collection,2026-03-08T02:55:57.954+01:00,0,none,,background,
c-33059307768caf9f,instalment_collection,2026-03-08T02:55:58.053+01:00,0,none,,background,
c-10a7f3cddac90eaf,instalment_collection,2026-03-08T02:56:38.404+01:00,0,none,,background,
c-d5fb129b0de75cca,instalment_collection,2026-03-08T02:57:37.452+01:00,0,none,,background,
c-d9a86c3b08084ddb,instalment_collection,2026-03-08T02:57:49.264+01:00,0,none,,background,
c-64766ae28ce21f3f,instalment_collection,2026-03-08T02:58:11.564+01:00,0,none,,background,
c-1e27099fbf8d03ea,instalment_collection,2026-03-08T02:58:13.121+01:00,0,none,,background,
c-8ab4e4bf033a91c3,instalment_collection,2026-03-08T02:58:34.316+01:00,0,none,,background,
c-dafdefcc5c147b42,instalment_collection,2026-03-08T02:59:08.124+01:00,0,none,,background,
c-151c2942e4030d94,instalment_collection,2026-03-08T02:59:12.261+01:00,0,none,,background,
c-719996f3324a02ed,instalment_collection,2026-03-08T02:59:12.955+01:00,0,none,,background,
c-428a161a14b04ef0,instalment_collection,2026-03-08T02:59:16.856+01:00,0,none,,background,
c-07259a25de325d4c,instalment_collection,2026-03-08T02:59:28.237+01:00,0,none,,background,
c-035af888b41a9cc1,instalment_collection,2026-03-08T02:59:37.805+01:00,0,none,,background,
c-1d87fa77f1969e9b,instalment_collection,2026-03-08T02:59:42.672+01:00,0,none,,background,
c-0b303bead4cb33ce,instalment_collection,2026-03-08T02:59:58.873+01:00,0,none,,background,
c-dd36c0ccda54b38e,instalment_collection,2026-03-08T03:00:19.477+01:00,0,none,,background,
c-23c9921042d2232c,instalment_collection,2026-03-08T03:00:23.426+01:00,0,none,,background,
c-11204657df311f59,instalment_collection,2026-03-08T03:00:30.209+01:00,0,none,,background,
c-434d161ad208bbc3,instalment_collection,2026-03-08T03:00:38.686+01:00,0,none,,background,
c-12c947d5e41d3b3c,instalment_collection,2026-03-08T03:01:07.959+01:00,0,none,,background,
c-abfa1295b10243a0,instalment_collection,2026-03-08T03:01:15.853+01:00,0,none,,background,
c-d38de781a6e6d272,instalment_collection,2026-03-08T03:01:30.549+01:00,0,none,,background,
c-efcfdb0a638a6170,instalment_collection,2026-03-08T03:01:30.869+01:00,0,none,,background,
c-7c6c8c4c72d757ff,instalment_collection,2026-03-08T03:02:07.884+01:00,0,none,,background,
c-7e48749a7205e99b,instalment_collection,2026-03-08T03:02:09.646+01:00,0,none,,background,
c-8dcf73675001e966,instalment_collection,2026-03-08T03:02:31.421+01:00,0,none,,background,
c-06ffb771253c544e,instalment_collection,2026-03-08T03:03:04.417+01:00,0,none,,background,
c-9d41b31fa728f364,instalment_collection,2026-03-08T03:03:29.102+01:00,0,none,,background,
c-bef167211cf44b29,instalment_collection,2026-03-08T03:03:42.183+01:00,0,none,,background,
c-48675cbce6359b54,instalment_collection,2026-03-08T03:04:02.005+01:00,0,none,,background,
c-c05dd95d60cd8221,instalment_collection,2026-03-08T03:05:05.807+01:00,0,none,,background,
c-d566a49db1600829,instalment_collection,2026-03-08T03:06:08.956+01:00,0,none,,background,
c-56a506c1a242a419,instalment_collection,2026-03-08T03:06:58.942+01:00,0,none,,background,
c-ba4e115e06b77551,instalment_collection,2026-03-08T03:07:45.435+01:00,0,none,,background,
c-d04e199632a872c5,instalment_collection,2026-03-08T03:07:58.574+01:00,0,none,,background,
c-1c92062354626ca3,instalment_collection,2026-03-08T03:08:00.246+01:00,0,none,,background,
c-13ef66ba7dfe3c6d,instalment_collection,2026-03-08T03:08:38.238+01:00,0,none,,background,
c-23ff6c3a1ce3b774,instalment_collection,2026-03-08T03:08:50.580+01:00,0,none,,background,
c-4f99ad929614004e,instalment_collection,2026-03-08T03:09:12.333+01:00,0,none,,background,
c-b8ba9012187a910a,instalment_collection,2026-03-08T03:09:17.068+01:00,0,none,,background,
c-4876e8635cb0c9d8,instalment_collection,2026-03-08T03:09:18.268+01:00,0,none,,background,
c-df6836ed5cca70a5,instalment_collection,2026-03-08T03:09:36.575+01:00,0,none,,background,
c-a8a6f1ee68a9d382,instalment_collection,2026-03-08T03:10:09.171+01:00,0,none,,background,
c-a3eee8328d0c6b17,instalment_collection,2026-03-08T03:13:47.021+01:00,0,none,,background,
c-40265b363ffac29e,instalment_collection,2026-03-08T03:16:25.048+01:00,0,none,,background,
c-b14e6e4f05e3c258,instalment_collection,2026-03-08T03:17:28.477+01:00,0,none,,background,
c-14779a0ef035cf08,instalment_collection,2026-03-08T03:17:58.980+01:00,0,none,,background,
c-271ef83dd7bff8e1,instalment_collection,2026-03-08T03:18:50.886+01:00,0,none,,background,
c-7b6b2c797e670669,instalment_collection,2026-03-08T03:20:16.807+01:00,0,none,,background,
c-a1b9a24cd6baa99f,instalment_collection,2026-03-08T03:21:01.010+01:00,0,none,,background,
c-a7f5a73c771a20d5,instalment_collection,2026-03-08T03:24:43.853+01:00,0,none,,background,
c-bc2e439335ae2c92,instalment_collection,2026-03-08T03:25:52.479+01:00,0,none,,background,
c-4626841652eb6d07,instalment_collection,2026-03-08T03:26:21.661+01:00,0,none,,background,
c-6dc9a24537232a75,loan_conversion_quote,2026-03-08T07:33:47.340+01:00,0,none,,background,
c-cfd15f6071cfcbe2,loan_conversion_quote,2026-03-08T08:13:31.904+01:00,0,none,,background,
c-307ba5f137a6f721,mortgage_application,2026-03-08T08:19:45.806+01:00,0,none,,background,
c-70da836657535e34,loan_conversion_quote,2026-03-08T08:39:12.640+01:00,0,none,,background,
c-02f6a2084c321153,loan_conversion_quote,2026-03-08T08:42:44.871+01:00,0,none,,background,
c-bbeadbf65821a5b2,loan_conversion_quote,2026-03-08T08:47:04.521+01:00,0,none,,background,
c-380e99a444ba9bb4,loan_conversion_quote,2026-03-08T08:52:21.003+01:00,0,none,,background,
c-f18a6c34756dd689,loan_conversion_quote,2026-03-08T08:58:23.570+01:00,0,none,,background,
c-12c5c0b7fcc4e59a,loan_conversion_quote,2026-03-08T09:02:20.697+01:00,0,none,,background,
c-da97407863f26bb1,mortgage_application,2026-03-08T09:06:44.975+01:00,0,none,,background,
c-cc1f51a3c7dc71b1,loan_conversion_quote,2026-03-08T09:12:13.501+01:00,0,none,,background,
c-9e77f3eb7cf95c54,mortgage_application,2026-03-08T09:17:00.938+01:00,0,none,,background,
c-e4d0aeaa7ad93019,mortgage_application,2026-03-08T09:24:08.824+01:00,0,none,,background,
c-9bde46fbb10a6983,mortgage_application,2026-03-08T09:29:31.581+01:00,0,none,,background,
c-ea60140f4f5f4159,loan_conversion_quote,2026-03-08T09:35:07.734+01:00,0,none,,background,
c-b6ffbb552f929bf1,loan_conversion_quote,2026-03-08T09:39:27.572+01:00,0,none,,background,
c-9826dce10da12768,loan_conversion_quote,2026-03-08T09:47:57.601+01:00,0,none,,background,
c-55b7e537c025a7e0,loan_conversion_quote,2026-03-08T09:53:02.200+01:00,0,none,,background,
c-0bf23b4ad43e6277,loan_conversion_quote,2026-03-08T09:56:05.671+01:00,0,none,,background,
c-39960d4ad650902a,mortgage_application,2026-03-08T09:59:57.469+01:00,0,none,,background,
c-c9aa67e1327e2402,loan_conversion_quote,2026-03-08T10:04:21.937+01:00,0,none,,background,
c-4fe7a550635d0bf0,loan_conversion_quote,2026-03-08T10:06:17.640+01:00,0,none,,background,
c-b331c60c61c36566,mortgage_application,2026-03-08T10:13:29.795+01:00,0,none,,background,
c-f25a9c0afd5e24ce,mortgage_application,2026-03-08T10:17:54.376+01:00,0,none,,background,
c-285dd4b64bc8679e,loan_conversion_quote,2026-03-08T10:36:44.720+01:00,0,none,,background,
c-a8a22a347feffc23,loan_conversion_quote,2026-03-08T10:39:09.646+01:00,0,none,,background,
c-eeb699421519a4d1,loan_conversion_quote,2026-03-08T10:46:33.695+01:00,0,none,,background,
c-8996028f2eb5a2e0,mortgage_application,2026-03-08T10:48:49.538+01:00,0,none,,background,
c-4b8226385f1c8f56,loan_conversion_quote,2026-03-08T10:51:59.529+01:00,0,none,,background,
c-530383d384948764,loan_conversion_quote,2026-03-08T10:53:31.177+01:00,0,none,,background,
c-6a5d981610548b2a,loan_conversion_quote,2026-03-08T10:54:08.649+01:00,0,none,,background,
c-dba5f496415d461e,loan_conversion_quote,2026-03-08T11:06:08.571+01:00,0,none,,background,
c-2f19727126b463ea,loan_conversion_quote,2026-03-08T11:07:35.475+01:00,0,none,,background,
c-0cf903a90926de7b,mortgage_application,2026-03-08T11:09:05.034+01:00,0,none,,background,
c-e14dc2071928c7e6,mortgage_application,2026-03-08T11:11:37.212+01:00,0,none,,background,
c-d7f7572723129df8,mortgage_application,2026-03-08T11:13:12.131+01:00,0,none,,background,
c-e93a7c0edcee513b,mortgage_application,2026-03-08T11:21:22.486+01:00,0,none,,background,
c-365f65e2f868b2c2,loan_conversion_quote,2026-03-08T11:22:43.607+01:00,0,none,,background,
c-b72267c131054145,loan_conversion_quote,2026-03-08T11:24:46.998+01:00,0,none,,background,
c-9a59348c4dedd0be,loan_conversion_quote,2026-03-08T11:25:48.178+01:00,0,none,,background,
c-c9672e712c608f56,mortgage_application,2026-03-08T11:28:10.808+01:00,0,none,,background,
c-082db30037673bc3,mortgage_application,2026-03-08T11:43:45.758+01:00,0,none,,background,
c-b845e440678a9a4b,loan_conversion_quote,2026-03-08T11:47:42.804+01:00,0,none,,background,
c-426a08ef1a0a78c8,loan_conversion_quote,2026-03-08T11:51:48.404+01:00,0,none,,background,
c-0258c6397634c3ca,mortgage_application,2026-03-08T11:52:19.396+01:00,0,none,,background,
c-cdefe04e0df9970e,loan_conversion_quote,2026-03-08T11:54:39.173+01:00,0,none,,background,
c-941ca70b4336b2d8,loan_conversion_quote,2026-03-08T11:57:18.004+01:00,0,none,,background,
c-9dc02c4c54fbd104,mortgage_application,2026-03-08T12:04:57.646+01:00,0,none,,background,
c-6c0c21db9ec230f6,loan_conversion_quote,2026-03-08T12:09:33.303+01:00,0,none,,background,
c-89fde7afad06d73e,loan_conversion_quote,2026-03-08T12:11:03.786+01:00,0,none,,background,
c-37028ee663663796,loan_conversion_quote,2026-03-08T12:26:26.697+01:00,0,none,,background,
c-b36ad8c20e8cd49d,mortgage_application,2026-03-08T12:28:17.415+01:00,0,none,,background,
c-f482562b8283ba74,mortgage_application,2026-03-08T12:29:37.740+01:00,0,none,,background,
c-4ea565335889035e,loan_conversion_quote,2026-03-08T12:31:57.644+01:00,0,none,,background,
c-563bf4bfab740867,mortgage_application,2026-03-08T12:33:40.682+01:00,0,none,,background,
c-38371c80813f1f48,loan_conversion_quote,2026-03-08T12:34:46.891+01:00,0,none,,background,
c-62d685e78d3cba0a,loan_conversion_quote,2026-03-08T12:36:01.025+01:00,0,none,,background,
c-e37a269eaf45df72,mortgage_application,2026-03-08T12:36:23.644+01:00,0,none,,background,
c-0cfd210df8fc076c,mortgage_application,2026-03-08T12:37:58.176+01:00,0,none,,background,
c-f3b2e38e14ec646d,mortgage_application,2026-03-08T12:38:02.652+01:00,0,none,,background,
c-5df0f9e6c399fc2e,loan_conversion_quote,2026-03-08T12:40:04.828+01:00,0,none,,background,
c-b0292577b03cc7cb,loan_conversion_quote,2026-03-08T12:46:02.975+01:00,0,none,,background,
c-780108d4087d56a8,loan_conversion_quote,2026-03-08T12:47:40.371+01:00,0,none,,background,
c-9a0c06e7b7478908,mortgage_application,2026-03-08T12:50:55.240+01:00,0,none,,background,
c-e65782b41d2fe2d0,mortgage_application,2026-03-08T12:54:31.825+01:00,0,none,,background,
c-bb03da425c7bfbb5,mortgage_application,2026-03-08T13:01:49.945+01:00,0,none,,background,
c-fbc14dc10a910743,mortgage_application,2026-03-08T13:02:32.526+01:00,0,none,,background,
c-73052bf1561b339b,loan_conversion_quote,2026-03-08T13:04:06.032+01:00,0,none,,background,
c-5b6ab9830497bf65,loan_conversion_quote,2026-03-08T13:05:18.248+01:00,0,none,,background,
c-73bad2ca594dbccb,loan_conversion_quote,2026-03-08T13:06:28.752+01:00,0,none,,background,
c-4518f7527d269142,mortgage_application,2026-03-08T13:06:31.473+01:00,0,none,,background,
c-847f2f73114c4e92,mortgage_application,2026-03-08T13:12:04.259+01:00,0,none,,background,
c-a0945624bde873b8,mortgage_application,2026-03-08T13:17:09.352+01:00,0,none,,background,
c-e1d9e902f9631f16,loan_conversion_quote,2026-03-08T13:25:03.519+01:00,0,none,,background,
c-710b7958a0d996f2,mortgage_application,2026-03-08T13:31:45.705+01:00,0,none,,background,
c-a02a498cb6cc093d,loan_conversion_quote,2026-03-08T13:33:20.778+01:00,0,none,,background,
c-9efe9fa95c49a8f7,loan_conversion_quote,2026-03-08T13:33:28.870+01:00,0,none,,background,
c-679a123465bd5a7a,loan_conversion_quote,2026-03-08T13:35:11.084+01:00,0,none,,background,
c-0c903372eca72f95,loan_conversion_quote,2026-03-08T13:37:28.083+01:00,0,none,,background,
c-e3ee571d1914d16b,mortgage_application,2026-03-08T13:45:46.611+01:00,0,none,,background,
c-2115a566138fc341,mortgage_application,2026-03-08T13:52:26.064+01:00,0,none,,background,
c-0a1a664b6b68c967,mortgage_application,2026-03-08T13:56:06.294+01:00,0,none,,background,
c-becef4fcf8f0f2e6,mortgage_application,2026-03-08T13:57:51.822+01:00,0,none,,background,
c-95acdb87485f96b8,mortgage_application,2026-03-08T13:58:39.177+01:00,0,none,,background,
c-3e96385a8cce3978,mortgage_application,2026-03-08T14:06:05.085+01:00,0,none,,background,
c-819258df5e849559,loan_conversion_quote,2026-03-08T14:07:08.420+01:00,0,none,,background,
c-3721d605471f88ba,mortgage_application,2026-03-08T14:19:20.839+01:00,0,none,,background,
c-2c991a465edfd361,mortgage_application,2026-03-08T14:19:21.055+01:00,0,none,,background,
c-49fb3c0d8bdee798,loan_conversion_quote,2026-03-08T14:24:22.190+01:00,0,none,,background,
c-f555ce30cd42b5b4,mortgage_application,2026-03-08T14:37:29.072+01:00,0,none,,background,
c-a202cdd8f7524794,mortgage_application,2026-03-08T14:39:53.899+01:00,0,none,,background,
c-6cf84127f6e2b6ce,loan_conversion_quote,2026-03-08T14:41:05.558+01:00,0,none,,background,
c-c85012585d436726,loan_conversion_quote,2026-03-08T14:55:38.029+01:00,0,none,,background,
c-62ad513a40683634,loan_conversion_quote,2026-03-08T15:03:44.361+01:00,0,none,,background,
c-27d743a3ccc9f115,loan_conversion_quote,2026-03-08T15:04:05.803+01:00,0,none,,background,
c-83c1465964e55e6c,loan_conversion_quote,2026-03-08T15:12:00.231+01:00,0,none,,background,
c-c42e21b573e2f4b5,loan_conversion_quote,2026-03-08T15:13:08.086+01:00,0,none,,background,
c-66f7950f56cd5d5b,loan_conversion_quote,2026-03-08T15:14:38.150+01:00,0,none,,background,
c-c245c622e2f0d203,loan_conversion_quote,2026-03-08T15:24:41.008+01:00,0,none,,background,
c-c302b052fba65554,loan_conversion_quote,2026-03-08T15:35:30.524+01:00,0,none,,background,
c-ff03ced082122f49,loan_conversion_quote,2026-03-08T15:36:29.608+01:00,0,none,,background,
c-ea105d84830caf09,mortgage_application,2026-03-08T15:39:44.875+01:00,0,none,,background,
c-4f3f8e17a5dfeac9,loan_conversion_quote,2026-03-08T15:42:40.347+01:00,0,none,,background,
c-cf447c584e143315,mortgage_application,2026-03-08T15:45:50.423+01:00,0,none,,background,
c-0813f79fe6205b10,loan_conversion_quote,2026-03-08T16:10:49.983+01:00,0,none,,background,
c-5dc2186830b442ca,loan_conversion_quote,2026-03-08T16:11:57.266+01:00,0,none,,background,
c-83ec3c731cc342b3,loan_conversion_quote,2026-03-08T16:27:56.077+01:00,0,none,,background,
c-28da31f6b3127ee5,loan_conversion_quote,2026-03-08T16:53:13.268+01:00,0,none,,background,
c-b32c8c16e9f2b3e6,loan_conversion_quote,2026-03-08T17:27:38.577+01:00,0,none,,background,
c-4d0720179f18d13d,loan_conversion_quote,2026-03-08T18:21:52.463+01:00,0,none,,background,
c-bc101babea7bf366,loan_conversion_quote,2026-03-08T18:38:24.365+01:00,0,none,,background,
c-317c95d33daf74ff,loan_conversion_quote,2026-03-08T19:02:45.045+01:00,0,none,,background,
c-5ce8b3fe36a91892,loan_conversion_quote,2026-03-08T20:03:13.998+01:00,0,none,,background,
c-54c3117041ead440,loan_conversion_quote,2026-03-08T20:16:39.250+01:00,0,none,,background,
c-fc6e9546c2c37e98,instalment_collection,2026-03-09T02:05:32.002+01:00,0,none,,background,
c-59915bc08301bf8c,instalment_collection,2026-03-09T02:06:41.441+01:00,0,none,,background,
c-c477db1a02a3f108,instalment_collection,2026-03-09T02:08:20.339+01:00,0,none,,background,
c-4fb310887a479e57,instalment_collection,2026-03-09T02:08:44.534+01:00,0,none,,background,
c-e08fab4d820ba5e4,instalment_collection,2026-03-09T02:08:44.486+01:00,0,none,,background,
c-a0d994b299c5449e,instalment_collection,2026-03-09T02:11:42.764+01:00,0,none,,background,
c-b50c15f91297a319,instalment_collection,2026-03-09T02:14:09.302+01:00,0,none,,background,
c-f243972dbdc4b661,instalment_collection,2026-03-09T02:15:01.671+01:00,0,none,,background,
c-80290458c0aff207,instalment_collection,2026-03-09T02:17:31.535+01:00,0,none,,background,
c-ae318c42611dedcb,instalment_collection,2026-03-09T02:17:53.336+01:00,0,none,,background,
c-d601f76bb91b73c3,instalment_collection,2026-03-09T02:18:41.558+01:00,0,none,,background,
c-d57358f49eef2114,instalment_collection,2026-03-09T02:19:24.359+01:00,0,none,,background,
c-54cb1782192ccff9,instalment_collection,2026-03-09T02:19:27.714+01:00,0,none,,background,
c-b440b40b3db52feb,instalment_collection,2026-03-09T02:19:55.206+01:00,0,none,,background,
c-9c9294fa9d8d21ca,instalment_collection,2026-03-09T02:20:19.765+01:00,0,none,,background,
c-8c27385308fdfdaa,instalment_collection,2026-03-09T02:20:30.168+01:00,0,none,,background,
c-fa5a63c87ac80c4b,instalment_collection,2026-03-09T02:20:55.045+01:00,0,none,,background,
c-2d66fcea2c38e15c,instalment_collection,2026-03-09T02:21:01.415+01:00,0,none,,background,
c-2678b6a010e681de,instalment_collection,2026-03-09T02:21:32.493+01:00,0,none,,background,
c-a677bb211289f133,instalment_collection,2026-03-09T02:21:38.905+01:00,0,none,,background,
c-d4e43172a457cb37,instalment_collection,2026-03-09T02:22:03.782+01:00,0,none,,background,
c-2ee513763ef86ca2,instalment_collection,2026-03-09T02:22:27.238+01:00,0,none,,background,
c-fe5635928475faac,instalment_collection,2026-03-09T02:22:40.733+01:00,0,none,,background,
c-28e77bbdff9447af,instalment_collection,2026-03-09T02:22:50.745+01:00,0,none,,background,
c-991289e1d2610be0,instalment_collection,2026-03-09T02:23:01.069+01:00,0,none,,background,
c-62c33f4de50bbdd7,instalment_collection,2026-03-09T02:23:21.171+01:00,0,none,,background,
c-bcd3f9a84f87144c,instalment_collection,2026-03-09T02:23:31.415+01:00,0,none,,background,
c-72523c4ebed4fc83,instalment_collection,2026-03-09T02:24:23.989+01:00,0,none,,background,
c-ba1633d37218c26d,instalment_collection,2026-03-09T02:25:00.381+01:00,0,none,,background,
c-560ff672727fcd76,instalment_collection,2026-03-09T02:25:46.936+01:00,0,none,,background,
c-1f213a0c78565190,instalment_collection,2026-03-09T02:25:52.369+01:00,0,none,,background,
c-d20cd3aa7620565f,instalment_collection,2026-03-09T02:25:56.322+01:00,0,none,,background,
c-53105a6d46db3bc7,instalment_collection,2026-03-09T02:26:57.610+01:00,0,none,,background,
c-5b05f2bfdd323a0e,instalment_collection,2026-03-09T02:27:48.018+01:00,0,none,,background,
c-237947d12669367d,instalment_collection,2026-03-09T02:27:54.457+01:00,0,none,,background,
c-aaa3157e4f1d30a5,instalment_collection,2026-03-09T02:28:19.468+01:00,0,none,,background,
c-0dc4633d2f122582,instalment_collection,2026-03-09T02:28:40.268+01:00,0,none,,background,
c-fe3462764b0ef7b4,instalment_collection,2026-03-09T02:28:56.250+01:00,0,none,,background,
c-7eebf965f5b03865,instalment_collection,2026-03-09T02:29:06.618+01:00,0,none,,background,
c-f40f172f05e75caa,instalment_collection,2026-03-09T02:29:22.950+01:00,0,none,,background,
c-454cf20c1642ea95,instalment_collection,2026-03-09T02:30:24.685+01:00,0,none,,background,
c-165c5a007b660a56,instalment_collection,2026-03-09T02:30:34.145+01:00,0,none,,background,
c-571a1dbb970ee753,instalment_collection,2026-03-09T02:30:48.730+01:00,0,none,,background,
c-2146e4f71705e706,instalment_collection,2026-03-09T02:31:29.290+01:00,0,none,,background,
c-351f2175abbcb2f3,instalment_collection,2026-03-09T02:32:31.830+01:00,0,none,,background,
c-1e90a7cf546c7aa5,instalment_collection,2026-03-09T02:32:34.213+01:00,0,none,,background,
c-fd1953a5b8897d93,instalment_collection,2026-03-09T02:32:59.397+01:00,0,none,,background,
c-b41ca6b9708dcc70,instalment_collection,2026-03-09T02:34:55.448+01:00,0,none,,background,
c-92770971db3f22e9,instalment_collection,2026-03-09T02:35:01.405+01:00,0,none,,background,
c-55b0d3f62aa63871,instalment_collection,2026-03-09T02:35:32.859+01:00,0,none,,background,
c-08bde152f0adf62b,instalment_collection,2026-03-09T02:35:37.879+01:00,0,none,,background,
c-0ea029c3bd739836,instalment_collection,2026-03-09T02:36:16.071+01:00,0,none,,background,
c-e4c8a3c73d030e29,instalment_collection,2026-03-09T02:36:25.312+01:00,0,none,,background,
c-4564e318ef825402,instalment_collection,2026-03-09T02:37:07.257+01:00,0,none,,background,
c-35f86d231b5d8f7b,instalment_collection,2026-03-09T02:37:16.928+01:00,0,none,,background,
c-9c7a6500c428348d,instalment_collection,2026-03-09T02:37:38.101+01:00,0,none,,background,
c-c5cb9d4f67d66a7b,instalment_collection,2026-03-09T02:37:52.859+01:00,0,none,,background,
c-d5d675002cf533b7,instalment_collection,2026-03-09T02:37:57.724+01:00,0,none,,background,
c-b77cd93c160cee40,instalment_collection,2026-03-09T02:38:05.682+01:00,0,none,,background,
c-ba3ea2cc518a79e4,instalment_collection,2026-03-09T02:38:07.251+01:00,0,none,,background,
c-416d21aac93e9d1d,instalment_collection,2026-03-09T02:38:23.528+01:00,0,none,,background,
c-a25b1d3bd59ec88b,instalment_collection,2026-03-09T02:38:39.963+01:00,0,none,,background,
c-0d7e18a56182b228,instalment_collection,2026-03-09T02:38:51.127+01:00,0,none,,background,
c-e5d62261f539a68b,instalment_collection,2026-03-09T02:38:54.272+01:00,0,none,,background,
c-180f49e5b145b331,instalment_collection,2026-03-09T02:39:00.466+01:00,0,none,,background,
c-c075efe2401000a6,instalment_collection,2026-03-09T02:39:27.599+01:00,0,none,,background,
c-973b47b77eab8723,instalment_collection,2026-03-09T02:39:29.722+01:00,0,none,,background,
c-72cb4412865cd7e0,instalment_collection,2026-03-09T02:39:36.889+01:00,0,none,,background,
c-a75fa79ed4c29d9b,instalment_collection,2026-03-09T02:40:02.701+01:00,0,none,,background,
c-579b7631b4f4580e,instalment_collection,2026-03-09T02:40:51.802+01:00,0,none,,background,
c-a004350d7aa34689,instalment_collection,2026-03-09T02:41:28.578+01:00,0,none,,background,
c-2c5687aacd4cd13e,instalment_collection,2026-03-09T02:41:52.025+01:00,0,none,,background,
c-763f42f0e6a7cc91,instalment_collection,2026-03-09T02:42:08.266+01:00,0,none,,background,
c-b15a86333e88524d,instalment_collection,2026-03-09T02:42:11.041+01:00,0,none,,background,
c-f603ade80c7dc118,instalment_collection,2026-03-09T02:42:33.766+01:00,0,none,,background,
c-28b42304edf948cd,instalment_collection,2026-03-09T02:43:25.732+01:00,0,none,,background,
c-42ad1c8e918bbf46,instalment_collection,2026-03-09T02:43:34.337+01:00,0,none,,background,
c-1780a700be796eda,instalment_collection,2026-03-09T02:44:21.117+01:00,0,none,,background,
c-a27fd42fb3a5e620,instalment_collection,2026-03-09T02:45:10.532+01:00,0,none,,background,
c-7b9f62ca7527f165,instalment_collection,2026-03-09T02:45:17.358+01:00,0,none,,background,
c-a93b3533d8d3e881,instalment_collection,2026-03-09T02:45:46.860+01:00,0,none,,background,
c-51792104656ba025,instalment_collection,2026-03-09T02:45:48.524+01:00,0,none,,background,
c-34b11291003d2e10,instalment_collection,2026-03-09T02:45:50.492+01:00,0,none,,background,
c-d160ed131f249931,instalment_collection,2026-03-09T02:46:03.436+01:00,0,none,,background,
c-87229dedab2d8332,instalment_collection,2026-03-09T02:46:13.431+01:00,0,none,,background,
c-c2947e0b212dfbdc,instalment_collection,2026-03-09T02:46:20.951+01:00,0,none,,background,
c-e475a6eacd0a7048,instalment_collection,2026-03-09T02:47:10.231+01:00,0,none,,background,
c-74ff62c23bcbd8fe,instalment_collection,2026-03-09T02:47:23.848+01:00,0,none,,background,
c-3ae542c0346c98af,instalment_collection,2026-03-09T02:47:59.388+01:00,0,none,,background,
c-62b135631e099d0b,instalment_collection,2026-03-09T02:48:00.145+01:00,0,none,,background,
c-385c7fb2396dfab8,instalment_collection,2026-03-09T02:48:32.672+01:00,0,none,,background,
c-475c1990e938ba5d,instalment_collection,2026-03-09T02:48:33.236+01:00,0,none,,background,
c-ba27b2647794e388,instalment_collection,2026-03-09T02:49:04.230+01:00,0,none,,background,
c-16c1119ea78a9ed0,instalment_collection,2026-03-09T02:49:38.679+01:00,0,none,,background,
c-7537b178104eee88,instalment_collection,2026-03-09T02:49:59.338+01:00,0,none,,background,
c-fd3bf6dd0e539c52,instalment_collection,2026-03-09T02:50:14.483+01:00,0,none,,background,
c-8004bfbd74c24302,instalment_collection,2026-03-09T02:50:23.888+01:00,0,none,,background,
c-319e92c6776bd798,instalment_collection,2026-03-09T02:50:47.936+01:00,0,none,,background,
c-0f71a7ecd0c89404,instalment_collection,2026-03-09T02:50:49.083+01:00,0,none,,background,
c-4c6730a6ec0c51b3,instalment_collection,2026-03-09T02:51:26.423+01:00,0,none,,background,
c-d5a2c614df0400f6,instalment_collection,2026-03-09T02:52:16.913+01:00,0,none,,background,
c-ffbe05210ab44488,instalment_collection,2026-03-09T02:52:50.243+01:00,0,none,,background,
c-1ec5c9bce83d7dd5,instalment_collection,2026-03-09T02:53:05.439+01:00,0,none,,background,
c-8af80e7ee610224a,instalment_collection,2026-03-09T02:53:35.988+01:00,0,none,,background,
c-8cbdbf7eafa167df,instalment_collection,2026-03-09T02:54:08.090+01:00,0,none,,background,
c-aa4162f7bdbf7359,instalment_collection,2026-03-09T02:54:13.797+01:00,0,none,,background,
c-c85c7bca60d4e8f0,instalment_collection,2026-03-09T02:54:19.963+01:00,0,none,,background,
c-5b87152ae4f0c093,instalment_collection,2026-03-09T02:55:00.641+01:00,0,none,,background,
c-3f4bc3cf40084a86,instalment_collection,2026-03-09T02:55:13.313+01:00,0,none,,background,
c-3f07dd71d887acd6,instalment_collection,2026-03-09T02:55:28.232+01:00,0,none,,background,
c-a5089309ce968f0f,instalment_collection,2026-03-09T02:55:33.663+01:00,0,none,,background,
c-7741944e6ad94c99,instalment_collection,2026-03-09T02:55:53.137+01:00,0,none,,background,
c-248229d88f44d055,instalment_collection,2026-03-09T02:55:57.651+01:00,0,none,,background,
c-351d1b272b986687,instalment_collection,2026-03-09T02:56:27.604+01:00,0,none,,background,
c-c7f3c5b4363874b9,instalment_collection,2026-03-09T02:56:40.750+01:00,0,none,,background,
c-39538314e57ca112,instalment_collection,2026-03-09T02:57:39.041+01:00,0,none,,background,
c-03a518d311ee453b,instalment_collection,2026-03-09T02:57:39.709+01:00,0,none,,background,
c-227bc64a4dc35ec9,instalment_collection,2026-03-09T02:57:55.075+01:00,0,none,,background,
c-e90c40823747e4f4,instalment_collection,2026-03-09T02:57:57.847+01:00,0,none,,background,
c-e9eabd722e0cd035,instalment_collection,2026-03-09T02:58:10.097+01:00,0,none,,background,
c-b5205ed52c1227f5,instalment_collection,2026-03-09T02:58:47.511+01:00,0,none,,background,
c-16574586a10ef8fe,instalment_collection,2026-03-09T02:59:29.145+01:00,0,none,,background,
c-472b67a906a9b890,instalment_collection,2026-03-09T03:00:02.297+01:00,0,none,,background,
c-c36f9692812b30a4,instalment_collection,2026-03-09T03:00:19.136+01:00,0,none,,background,
c-2bb7c171f15ebbe1,instalment_collection,2026-03-09T03:00:20.790+01:00,0,none,,background,
c-7b846670cae87cd0,instalment_collection,2026-03-09T03:00:34.208+01:00,0,none,,background,
c-880da1d2581352c8,instalment_collection,2026-03-09T03:00:40.902+01:00,0,none,,background,
c-48272808e922f4e9,instalment_collection,2026-03-09T03:00:48.809+01:00,0,none,,background,
c-d4183f01c8536f0d,instalment_collection,2026-03-09T03:00:54.143+01:00,0,none,,background,
c-bd6af06ffa9f6184,instalment_collection,2026-03-09T03:01:27.636+01:00,0,none,,background,
c-691def19edef0ded,instalment_collection,2026-03-09T03:02:02.760+01:00,0,none,,background,
c-716593cc6e686297,instalment_collection,2026-03-09T03:02:12.262+01:00,0,none,,background,
c-4bf15f0881e9fda2,instalment_collection,2026-03-09T03:02:31.265+01:00,0,none,,background,
c-aab17fd0b5545458,instalment_collection,2026-03-09T03:02:34.408+01:00,0,none,,background,
c-661f4d166f477bb3,instalment_collection,2026-03-09T03:02:46.169+01:00,0,none,,background,
c-0f9fd2f5c9f5f812,instalment_collection,2026-03-09T03:02:50.579+01:00,0,none,,background,
c-701d919be6b42f57,instalment_collection,2026-03-09T03:03:05.777+01:00,0,none,,background,
c-f806e42bb67eda91,instalment_collection,2026-03-09T03:03:45.985+01:00,0,none,,background,
c-9b7d000b414fc0f8,instalment_collection,2026-03-09T03:03:48.657+01:00,0,none,,background,
c-93af175929cf322d,instalment_collection,2026-03-09T03:04:22.601+01:00,0,none,,background,
c-7033973f00f18f44,instalment_collection,2026-03-09T03:04:35.335+01:00,0,none,,background,
c-c987e3510f5d981f,instalment_collection,2026-03-09T03:05:21.369+01:00,0,none,,background,
c-506516a7c81c607e,instalment_collection,2026-03-09T03:07:14.033+01:00,0,none,,background,
c-7bd4a99f626c2024,instalment_collection,2026-03-09T03:07:19.288+01:00,0,none,,background,
c-3a6de1eca9419665,instalment_collection,2026-03-09T03:08:31.652+01:00,0,none,,background,
c-86152c13be544629,instalment_collection,2026-03-09T03:08:36.748+01:00,0,none,,background,
c-6603f066f1d8f283,instalment_collection,2026-03-09T03:08:59.495+01:00,0,none,,background,
c-19319d8c77000eb0,instalment_collection,2026-03-09T03:08:59.704+01:00,0,none,,background,
c-78913db973460f0a,instalment_collection,2026-03-09T03:09:09.060+01:00,0,none,,background,
c-6bb5ca81eb2a4f2f,instalment_collection,2026-03-09T03:10:04.259+01:00,0,none,,background,
c-79cc138094c0518d,instalment_collection,2026-03-09T03:11:10.147+01:00,0,none,,background,
c-b03bbe5b6c78a772,instalment_collection,2026-03-09T03:11:24.889+01:00,0,none,,background,
c-1da56d7e737abf75,instalment_collection,2026-03-09T03:11:30.514+01:00,0,none,,background,
c-afb59baaad5552aa,instalment_collection,2026-03-09T03:12:03.442+01:00,0,none,,background,
c-7e6054de87530d4c,instalment_collection,2026-03-09T03:12:26.961+01:00,0,none,,background,
c-0c07c7aee08b7ac2,instalment_collection,2026-03-09T03:12:43.028+01:00,0,none,,background,
c-e90e8da3b1e514d2,instalment_collection,2026-03-09T03:14:09.548+01:00,0,none,,background,
c-e721ba345f702f49,instalment_collection,2026-03-09T03:14:20.250+01:00,0,none,,background,
c-c0ad4f1da08bc1fa,instalment_collection,2026-03-09T03:14:31.970+01:00,0,none,,background,
c-b50da851714dd05a,instalment_collection,2026-03-09T03:14:34.928+01:00,0,none,,background,
c-ba69d60e08d2cb7e,instalment_collection,2026-03-09T03:14:39.276+01:00,0,none,,background,
c-2c1d68eeb9b2d37e,instalment_collection,2026-03-09T03:14:54.301+01:00,0,none,,background,
c-9a538b993dfc6c08,instalment_collection,2026-03-09T03:14:57.309+01:00,0,none,,background,
c-c8107168c51fd098,instalment_collection,2026-03-09T03:17:04.709+01:00,0,none,,background,
c-171fa4aeef8a7078,instalment_collection,2026-03-09T03:17:47.279+01:00,0,none,,background,
c-907f251ae0dbba5e,instalment_collection,2026-03-09T03:19:31.937+01:00,0,none,,background,
c-703e62d2a80d9e00,instalment_collection,2026-03-09T03:20:07.402+01:00,0,none,,background,
c-fe9979a9387285b7,instalment_collection,2026-03-09T03:20:56.110+01:00,0,none,,background,
c-fa279d498e63780c,instalment_collection,2026-03-09T03:24:58.226+01:00,0,none,,background,
c-0ae131527cd6e6e4,loan_conversion_quote,2026-03-09T07:16:20.634+01:00,0,none,,background,
c-f10e865bbbb4e80a,loan_conversion_quote,2026-03-09T07:33:42.191+01:00,0,none,,background,
c-f035f818bdfc89c9,loan_conversion_quote,2026-03-09T08:20:19.320+01:00,0,none,,background,
c-d48d02d6d2d3bc60,mortgage_application,2026-03-09T08:27:26.383+01:00,0,none,,background,
c-b857738888cbf2bc,mortgage_application,2026-03-09T08:35:15.849+01:00,0,none,,background,
c-175d8f72055e6c1e,loan_conversion_quote,2026-03-09T08:40:50.528+01:00,0,none,,background,
c-ce3b80a73ccd0842,loan_conversion_quote,2026-03-09T08:45:35.158+01:00,0,none,,background,
c-17a1601e4a5f343e,loan_conversion_quote,2026-03-09T08:46:07.697+01:00,0,none,,background,
c-1219401fcb3fa8c0,mortgage_application,2026-03-09T08:51:37.097+01:00,0,none,,background,
c-4739f301164ab2be,loan_conversion_quote,2026-03-09T08:55:43.132+01:00,0,none,,background,
c-3825cd6980de130c,loan_conversion_quote,2026-03-09T09:08:34.724+01:00,0,none,,background,
c-47c918ad7f5ca7e2,mortgage_application,2026-03-09T09:09:33.626+01:00,0,none,,background,
c-1458e31a935aa14e,mortgage_application,2026-03-09T09:12:09.659+01:00,0,none,,background,
c-3fb780940189e82f,loan_conversion_quote,2026-03-09T09:13:07.008+01:00,0,none,,background,
c-93758deca281c0d9,loan_conversion_quote,2026-03-09T09:15:07.705+01:00,0,none,,background,
c-207329e4f8d415e0,mortgage_application,2026-03-09T09:15:12.981+01:00,0,none,,background,
c-6786b0fe50f1a74b,loan_conversion_quote,2026-03-09T09:29:52.995+01:00,0,none,,background,
c-a7fac1458c7f0474,loan_conversion_quote,2026-03-09T09:30:00.377+01:00,0,none,,background,
c-8fc7fc4df72ecca5,loan_conversion_quote,2026-03-09T09:31:48.595+01:00,0,none,,background,
c-021d01c8e5a15c04,mortgage_application,2026-03-09T09:32:40.266+01:00,0,none,,background,
c-bab9968a419c5dc8,mortgage_application,2026-03-09T09:33:07.857+01:00,0,none,,background,
c-4ef406d5f124fbec,mortgage_application,2026-03-09T09:40:11.317+01:00,0,none,,background,
c-7c4eaacd8330d2a7,disbursement,2026-03-09T09:40:34.944+01:00,0,none,,background,
c-ceba8cd993d00aaf,loan_conversion_quote,2026-03-09T09:41:10.789+01:00,0,none,,background,
c-b9b7a88b25045be9,mortgage_application,2026-03-09T09:43:31.745+01:00,0,none,,background,
c-394e72d7a408e523,mortgage_application,2026-03-09T09:48:47.875+01:00,0,none,,background,
c-18074c3a9f9d44f3,mortgage_application,2026-03-09T09:48:50.765+01:00,0,none,,background,
c-9c6ed6bb3bea49ab,disbursement,2026-03-09T09:50:45.185+01:00,0,none,,background,
c-30fcb4b44ab50bdf,mortgage_application,2026-03-09T09:50:46.359+01:00,0,none,,background,
c-96f65924165b7b96,mortgage_application,2026-03-09T09:51:09.471+01:00,0,none,,background,
c-bd0652ad016434cd,loan_conversion_quote,2026-03-09T09:53:20.513+01:00,0,none,,background,
c-79ade7cfbb89b26b,mortgage_application,2026-03-09T09:56:20.315+01:00,0,none,,background,
c-f21d63248cf4bc20,loan_conversion_quote,2026-03-09T09:56:51.036+01:00,0,none,,background,
c-d57a898d564509bc,disbursement,2026-03-09T09:58:25.810+01:00,0,none,,background,
c-752a42b76b76fbfd,loan_conversion_quote,2026-03-09T09:58:34.634+01:00,0,none,,background,
c-e26ea04ab9d14905,loan_conversion_quote,2026-03-09T10:00:19.702+01:00,1,wrong_order,2,background,
c-93e1ceef0731d211,loan_conversion_quote,2026-03-09T10:00:33.931+01:00,0,none,,background,
c-c6c159028e795164,loan_conversion_quote,2026-03-09T10:01:26.836+01:00,0,none,,background,
c-413159c5ce6aaeed,loan_conversion_quote,2026-03-09T10:03:57.106+01:00,0,none,,background,
c-88f9c8dfcbe8d4f1,loan_conversion_quote,2026-03-09T10:07:55.294+01:00,0,none,,background,
c-6a776eaadd634f02,loan_conversion_quote,2026-03-09T10:11:34.539+01:00,0,none,,background,
c-89be9218986ab0f7,mortgage_application,2026-03-09T10:11:52.473+01:00,0,none,,background,
c-cb2d3139d2bd1f91,loan_conversion_quote,2026-03-09T10:13:19.304+01:00,0,none,,background,
c-a67a68ed989b852d,mortgage_application,2026-03-09T10:14:00.760+01:00,0,none,,background,
c-f90ffebd382a4bd8,mortgage_application,2026-03-09T10:14:15.389+01:00,0,none,,background,
c-1cfa0d0f8556910f,mortgage_application,2026-03-09T10:16:09.854+01:00,0,none,,background,
c-655ac5480d0d3fe4,disbursement,2026-03-09T10:19:30.364+01:00,0,none,,background,
c-a7ae08eee9ea7f69,disbursement,2026-03-09T10:20:35.522+01:00,0,none,,background,
c-93122ba3e441bdf8,mortgage_application,2026-03-09T10:20:57.279+01:00,0,none,,background,
c-7a494879b50dd031,mortgage_application,2026-03-09T10:22:37.116+01:00,0,none,,background,
c-86fdbd54ae41ae60,mortgage_application,2026-03-09T10:23:02.023+01:00,0,none,,background,
c-881a493bd686f5d6,loan_conversion_quote,2026-03-09T10:23:18.906+01:00,0,none,,background,
c-7766bbe2f1ad9f16,loan_conversion_quote,2026-03-09T10:24:01.570+01:00,0,none,,background,
c-8e51a9214e5b0a36,mortgage_application,2026-03-09T10:24:30.871+01:00,0,none,,background,
c-4667786591e411cb,mortgage_application,2026-03-09T10:25:43.738+01:00,0,none,,background,
c-914dc3156beafc0a,loan_conversion_quote,2026-03-09T10:25:58.469+01:00,0,none,,background,
c-f0be5a8f06bbcbe3,disbursement,2026-03-09T10:26:20.749+01:00,0,none,,background,
c-8808535793a50f79,loan_conversion_quote,2026-03-09T10:29:45.164+01:00,0,none,,background,
c-b5a46ed85b38555d,disbursement,2026-03-09T10:30:11.838+01:00,0,none,,background,
c-fcf0c87cb5a27678,mortgage_application,2026-03-09T10:30:58.578+01:00,0,none,,background,
c-93e24b071333b6da,loan_conversion_quote,2026-03-09T10:31:10.073+01:00,0,none,,background,
c-6266ecfb347d0937,mortgage_application,2026-03-09T10:36:31.240+01:00,0,none,,background,
c-05b09e79e8eb16c8,loan_conversion_quote,2026-03-09T10:37:05.823+01:00,0,none,,background,
c-a448dfbfb9359945,mortgage_application,2026-03-09T10:37:23.884+01:00,0,none,,background,
c-c0ae94ac1395410f,loan_conversion_quote,2026-03-09T10:39:44.103+01:00,0,none,,background,
c-daf30b54f417e25e,mortgage_application,2026-03-09T10:40:42.860+01:00,0,none,,background,
c-b9eb85081952ade2,disbursement,2026-03-09T10:41:30.229+01:00,0,none,,background,
c-fd7da2366e2963e3,mortgage_application,2026-03-09T10:43:16.162+01:00,0,none,,background,
c-8eceea239925efac,loan_conversion_quote,2026-03-09T10:43:21.733+01:00,0,none,,background,
c-95378853dc42f138,disbursement,2026-03-09T10:43:22.427+01:00,0,none,,background,
c-7acdab61f7128e18,loan_conversion_quote,2026-03-09T10:44:09.849+01:00,0,none,,background,
c-a29acc1002403a72,mortgage_application,2026-03-09T10:44:57.168+01:00,0,none,,background,
c-99c0bba09ad7b05f,disbursement,2026-03-09T10:47:27.392+01:00,0,none,,background,
c-c69d904a1351ca11,loan_conversion_quote,2026-03-09T10:47:47.180+01:00,0,none,,background,
c-d0fe0551f61b5e13,loan_conversion_quote,2026-03-09T10:48:10.197+01:00,0,none,,background,
c-cd1da26c3317cbae,mortgage_application,2026-03-09T10:49:23.136+01:00,0,none,,background,
c-a7fa536e7b316952,mortgage_application,2026-03-09T10:52:12.399+01:00,0,none,,background,
c-7816e0f92d7b4adb,loan_conversion_quote,2026-03-09T10:53:52.294+01:00,0,none,,background,
c-c0de125eff63fc31,loan_conversion_quote,2026-03-09T10:55:43.995+01:00,0,none,,background,
c-16b6b36e2cc54bd5,mortgage_application,2026-03-09T10:58:16.440+01:00,0,none,,background,
c-04258fbb63dc287a,disbursement,2026-03-09T11:00:18.935+01:00,0,none,,background,
c-de6612d014973f77,mortgage_application,2026-03-09T11:01:16.805+01:00,0,none,,background,
c-259efb29896fb03f,disbursement,2026-03-09T11:04:47.816+01:00,0,none,,background,
c-5f81ca40e0c9d1da,loan_conversion_quote,2026-03-09T11:07:08.697+01:00,0,none,,background,
c-15d1b211bcfe5baa,mortgage_application,2026-03-09T11:08:57.765+01:00,0,none,,background,
c-9e994cc26b94a9c5,mortgage_application,2026-03-09T11:13:04.206+01:00,0,none,,background,
c-e0215a0464dfa282,mortgage_application,2026-03-09T11:13:32.345+01:00,0,none,,background,
c-0a3eb6d214ee8dba,disbursement,2026-03-09T11:14:31.969+01:00,0,none,,background,
c-34f522f45268621f,disbursement,2026-03-09T11:14:36.366+01:00,0,none,,background,
c-395f7db605e20b24,loan_conversion_quote,2026-03-09T11:19:30.168+01:00,0,none,,background,
c-4a14413964b6c8a9,loan_conversion_quote,2026-03-09T11:20:12.831+01:00,0,none,,background,
c-cd493bb538320033,disbursement,2026-03-09T11:21:10.571+01:00,0,none,,background,
c-eb39f3fdbe067465,loan_conversion_quote,2026-03-09T11:22:43.933+01:00,0,none,,background,
c-f4c277706eb5739e,mortgage_application,2026-03-09T11:24:38.482+01:00,0,none,,background,
c-e1790e89652b3f50,loan_conversion_quote,2026-03-09T11:24:57.266+01:00,0,none,,background,
c-27ee53618f1ee107,mortgage_application,2026-03-09T11:26:54.062+01:00,0,none,,background,
c-8940a29625fa9d4e,mortgage_application,2026-03-09T11:33:05.858+01:00,0,none,,background,
c-15b34bbf675a5c4e,loan_conversion_quote,2026-03-09T11:33:17.164+01:00,0,none,,background,
c-1c6b43e6e220e556,disbursement,2026-03-09T11:33:47.654+01:00,0,none,,background,
c-3e32d456449ec9fc,mortgage_application,2026-03-09T11:34:47.894+01:00,0,none,,background,
c-1eef8ca2a5fa8a5c,mortgage_application,2026-03-09T11:35:32.596+01:00,0,none,,background,
c-1c02a8387c03e24b,loan_conversion_quote,2026-03-09T11:35:48.707+01:00,0,none,,background,
c-12489a332b97245b,mortgage_application,2026-03-09T11:40:14.791+01:00,0,none,,background,
c-dfcb832c8aa6f52b,loan_conversion_quote,2026-03-09T11:41:22.630+01:00,0,none,,background,
c-00acb3af5e98b9e9,mortgage_application,2026-03-09T11:41:33.934+01:00,0,none,,background,
c-2880ac52639f3f49,disbursement,2026-03-09T11:44:47.870+01:00,0,none,,background,
c-daaf4891094d15fe,mortgage_application,2026-03-09T11:46:25.595+01:00,0,none,,background,
c-91a4ddfae4ba3f04,mortgage_application,2026-03-09T11:48:19.674+01:00,0,none,,background,
c-4e1f50df76cf5726,disbursement,2026-03-09T11:49:01.264+01:00,0,none,,background,
c-d76714da77706499,loan_conversion_quote,2026-03-09T11:49:19.822+01:00,0,none,,background,
c-5f467e0b53274a52,mortgage_application,2026-03-09T11:51:07.906+01:00,0,none,,background,
c-8fcca637291f3771,mortgage_application,2026-03-09T11:52:12.409+01:00,0,none,,background,
c-700ee95bb7235343,loan_conversion_quote,2026-03-09T11:53:11.760+01:00,0,none,,background,
c-508c7cdf8a1b59c6,loan_conversion_quote,2026-03-09T11:53:47.795+01:00,0,none,,background,
c-7862ac702b5cbbc0,loan_conversion_quote,2026-03-09T11:53:59.666+01:00,0,none,,background,
c-2bd01dbac4a023c4,loan_conversion_quote,2026-03-09T11:54:18.637+01:00,0,none,,background,
c-94179fdc06e3b880,mortgage_application,2026-03-09T11:54:20.189+01:00,0,none,,background,
c-1c0a127de6e3ec35,mortgage_application,2026-03-09T11:54:59.061+01:00,0,none,,background,
c-00f1c94b53dad79e,loan_conversion_quote,2026-03-09T11:56:36.568+01:00,0,none,,background,
c-f654785cf335c549,mortgage_application,2026-03-09T11:58:07.672+01:00,0,none,,background,
c-a30e95b0a62b81f5,mortgage_application,2026-03-09T11:58:21.537+01:00,0,none,,background,
c-9a0666cf528875b6,mortgage_application,2026-03-09T12:01:16.263+01:00,0,none,,background,
c-48c21fbf357e3c5c,mortgage_application,2026-03-09T12:01:42.068+01:00,0,none,,background,
c-814e2250007ec594,mortgage_application,2026-03-09T12:02:44.780+01:00,0,none,,background,
c-3c59ae3b236631d1,loan_conversion_quote,2026-03-09T12:03:49.820+01:00,0,none,,background,
c-fbfa560971aaeaf8,mortgage_application,2026-03-09T12:04:16.845+01:00,0,none,,background,
c-a40b6625ea625228,mortgage_application,2026-03-09T12:04:54.493+01:00,0,none,,background,
c-2e149bd3236854f8,mortgage_application,2026-03-09T12:04:54.883+01:00,0,none,,background,
c-100b1ccfba186eff,mortgage_application,2026-03-09T12:05:53.846+01:00,0,none,,background,
c-bfcd96e9d75ed3fb,loan_conversion_quote,2026-03-09T12:08:06.703+01:00,0,none,,background,
c-ee90ec0e2832db0f,disbursement,2026-03-09T12:08:07.693+01:00,0,none,,background,
c-a5374caebdfa230e,disbursement,2026-03-09T12:09:18.785+01:00,0,none,,background,
c-90805f2479aeda29,mortgage_application,2026-03-09T12:10:04.804+01:00,0,none,,background,
c-e11e0be8d16b72de,mortgage_application,2026-03-09T12:10:07.928+01:00,0,none,,background,
c-bfe38b26ef9a83a8,mortgage_application,2026-03-09T12:11:44.299+01:00,0,none,,background,
c-d741003416e3a8af,loan_conversion_quote,2026-03-09T12:13:34.908+01:00,0,none,,background,
c-90937198850529ce,mortgage_application,2026-03-09T12:17:33.466+01:00,0,none,,background,
c-e9c5525ccea291a0,disbursement,2026-03-09T12:17:34.449+01:00,0,none,,background,
c-c504557e85a6bd50,mortgage_application,2026-03-09T12:17:39.407+01:00,0,none,,background,
c-d4619c88f6b84cbd,mortgage_application,2026-03-09T12:17:51.796+01:00,0,none,,background,
c-17c70962a8248020,mortgage_application,2026-03-09T12:18:00.321+01:00,0,none,,background,
c-49951b13d83ab627,loan_conversion_quote,2026-03-09T12:18:20.361+01:00,0,none,,background,
c-ee19b0e2fc0a6437,loan_conversion_quote,2026-03-09T12:18:52.250+01:00,0,none,,background,
c-5454d0f718e80c8b,mortgage_application,2026-03-09T12:23:25.711+01:00,0,none,,background,
c-f7eb631449f1085e,disbursement,2026-03-09T12:24:51.515+01:00,0,none,,background,
c-a757cece38ba9636,disbursement,2026-03-09T12:24:58.639+01:00,0,none,,background,
c-5879003bd2b418e8,loan_conversion_quote,2026-03-09T12:25:36.688+01:00,0,none,,background,
c-f3ce60219c43d80b,mortgage_application,2026-03-09T12:25:56.112+01:00,0,none,,background,
c-e599936485880e97,loan_conversion_quote,2026-03-09T12:25:56.122+01:00,0,none,,background,
c-c2c4a221c06a020e,mortgage_application,2026-03-09T12:26:00.972+01:00,0,none,,background,
c-7bd5314f0a493c71,loan_conversion_quote,2026-03-09T12:26:05.985+01:00,0,none,,background,
c-1f86603ba923b763,mortgage_application,2026-03-09T12:26:11.895+01:00,0,none,,background,
c-23a1f35b62b1c2dc,disbursement,2026-03-09T12:26:32.510+01:00,0,none,,background,
c-99c685085120d734,mortgage_application,2026-03-09T12:28:29.828+01:00,0,none,,background,
c-3e1cfc0536ff3474,disbursement,2026-03-09T12:28:48.916+01:00,0,none,,background,
c-8908265fa0bcae55,loan_conversion_quote,2026-03-09T12:28:52.083+01:00,0,none,,background,
c-df0812f215430014,mortgage_application,2026-03-09T12:29:03.488+01:00,0,none,,background,
c-39e0b92504d83692,loan_conversion_quote,2026-03-09T12:29:10.796+01:00,0,none,,background,
c-13a72bf764d851b7,mortgage_application,2026-03-09T12:29:50.262+01:00,0,none,,background,
c-1726df975a4b86f0,loan_conversion_quote,2026-03-09T12:32:37.712+01:00,0,none,,background,
c-f0358e9efaefd774,mortgage_application,2026-03-09T12:33:54.566+01:00,0,none,,background,
c-9b162480bef1225f,loan_conversion_quote,2026-03-09T12:33:57.554+01:00,0,none,,background,
c-16dad3cc6a8cf145,loan_conversion_quote,2026-03-09T12:34:23.790+01:00,0,none,,background,
c-42503c6e8300e3e3,mortgage_application,2026-03-09T12:36:46.622+01:00,0,none,,background,
c-57a09831f906a312,mortgage_application,2026-03-09T12:36:54.322+01:00,0,none,,background,
c-3b743ead173dd9eb,loan_conversion_quote,2026-03-09T12:37:01.481+01:00,0,none,,background,
c-18d2b36a8954618d,loan_conversion_quote,2026-03-09T12:41:59.821+01:00,0,none,,background,
c-feb5e3ec31f84f49,disbursement,2026-03-09T12:44:52.707+01:00,0,none,,background,
c-cab48b1c4b9e93ee,loan_conversion_quote,2026-03-09T12:46:49.786+01:00,0,none,,background,
c-2e4c2fe339ec684e,mortgage_application,2026-03-09T12:47:40.201+01:00,0,none,,background,
c-6ca41bbd204a9241,loan_conversion_quote,2026-03-09T12:47:48.627+01:00,0,none,,background,
c-8ef399d2e92f3523,loan_conversion_quote,2026-03-09T12:49:10.993+01:00,0,none,,background,
c-498ca3eb8f8dc55f,mortgage_application,2026-03-09T12:50:26.309+01:00,0,none,,background,
c-27d5c8ff043995d6,loan_conversion_quote,2026-03-09T12:54:44.236+01:00,0,none,,background,
c-e2554e3722f40f96,mortgage_application,2026-03-09T12:57:00.221+01:00,0,none,,background,
c-62ea99ab35a8b19b,mortgage_application,2026-03-09T12:57:05.396+01:00,0,none,,background,
c-ba9a697e27c1c352,mortgage_application,2026-03-09T12:59:27.939+01:00,0,none,,background,
c-0b62ae7042b5b65c,disbursement,2026-03-09T13:01:01.837+01:00,0,none,,background,
c-74af38480b9d8abc,mortgage_application,2026-03-09T13:07:23.229+01:00,0,none,,background,
c-390172b74bd04e7f,mortgage_application,2026-03-09T13:07:43.357+01:00,0,none,,background,
c-5de4ab0f44bd7f6d,mortgage_application,2026-03-09T13:08:09.047+01:00,0,none,,background,
c-fcc838a1dd80e70b,mortgage_application,2026-03-09T13:09:15.192+01:00,0,none,,background,
c-1589efb5f15dae02,mortgage_application,2026-03-09T13:09:39.518+01:00,0,none,,background,
c-7e9d099f527d5648,loan_conversion_quote,2026-03-09T13:09:51.848+01:00,0,none,,background,
c-4004f66cccc6cfb7,mortgage_application,2026-03-09T13:10:32.093+01:00,0,none,,background,
c-9a9d5cec894f55df,mortgage_application,2026-03-09T13:10:36.854+01:00,0,none,,background,
c-ac860e6e4b8fc948,disbursement,2026-03-09T13:11:13.359+01:00,0,none,,background,
c-9d124c736111bdae,mortgage_application,2026-03-09T13:11:56.574+01:00,0,none,,background,
c-edcc2b01268be919,mortgage_application,2026-03-09T13:12:45.305+01:00,0,none,,background,
c-edfacf1eddd15c98,mortgage_application,2026-03-09T13:13:51.169+01:00,0,none,,background,
c-f880c9c169eb6fda,mortgage_application,2026-03-09T13:14:18.819+01:00,0,none,,background,
c-7b20416d2fb67db7,disbursement,2026-03-09T13:15:27.919+01:00,0,none,,background,
c-43c4c7b30472f108,mortgage_application,2026-03-09T13:15:41.095+01:00,0,none,,background,
c-862753f280a0c819,mortgage_application,2026-03-09T13:16:10.443+01:00,0,none,,background,
c-09ae4ce9561f3244,loan_conversion_quote,2026-03-09T13:18:50.505+01:00,0,none,,background,
c-e3e681861464e6b6,loan_conversion_quote,2026-03-09T13:20:00.639+01:00,0,none,,background,
c-ff0cfc83a753e3dc,loan_conversion_quote,2026-03-09T13:20:39.177+01:00,0,none,,background,
c-6a93f453b80685fd,mortgage_application,2026-03-09T13:21:10.525+01:00,0,none,,background,
c-a81b824237c22fc4,loan_conversion_quote,2026-03-09T13:21:45.564+01:00,0,none,,background,
c-64403cef98112647,mortgage_application,2026-03-09T13:23:58.956+01:00,0,none,,background,
c-1da19979246abad3,mortgage_application,2026-03-09T13:25:37.073+01:00,0,none,,background,
c-cd1981a8a8813c2a,mortgage_application,2026-03-09T13:26:43.107+01:00,0,none,,background,
c-b3f7659e49c68e6e,mortgage_application,2026-03-09T13:26:59.155+01:00,0,none,,background,
c-6d5a51400a4901ff,mortgage_application,2026-03-09T13:31:13.572+01:00,0,none,,background,
c-bbce19616de6ae88,loan_conversion_quote,2026-03-09T13:32:15.814+01:00,0,none,,background,
c-55ba8eb628f52173,mortgage_application,2026-03-09T13:34:19.689+01:00,0,none,,background,
c-42c0c37ac84be212,mortgage_application,2026-03-09T13:34:23.528+01:00,0,none,,background,
c-9137a112d851bfbf,loan_conversion_quote,2026-03-09T13:39:01.293+01:00,0,none,,background,
c-fc1ada2728b3a122,mortgage_application,2026-03-09T13:40:20.292+01:00,0,none,,background,
c-c4facbe065ddf2d8,disbursement,2026-03-09T13:41:15.907+01:00,0,none,,background,
c-977e2427b486543b,mortgage_application,2026-03-09T13:43:13.914+01:00,0,none,,background,
c-95ca61a8474e2ba2,mortgage_application,2026-03-09T13:45:20.551+01:00,0,none,,background,
c-9f1c4b7eb5d050eb,mortgage_application,2026-03-09T13:46:05.319+01:00,0,none,,background,
c-986db3f7414174e4,mortgage_application,2026-03-09T13:47:33.284+01:00,0,none,,background,
c-43f1604e291a6c29,loan_conversion_quote,2026-03-09T13:48:49.181+01:00,0,none,,background,
c-c1597a74714ccd27,mortgage_application,2026-03-09T13:52:03.246+01:00,0,none,,background,
c-e3e38bbe93f5a008,mortgage_application,2026-03-09T13:52:55.182+01:00,0,none,,background,
c-f7fd44916c278ccb,mortgage_application,2026-03-09T13:59:47.211+01:00,0,none,,background,
c-a3de9287218d3239,loan_conversion_quote,2026-03-09T13:59:58.243+01:00,0,none,,background,
c-3cf29e8d5762a03e,loan_conversion_quote,2026-03-09T14:03:42.066+01:00,0,none,,background,
c-dbe77ba6aee4ba0e,mortgage_application,2026-03-09T14:04:59.403+01:00,0,none,,background,
c-b8848410d2e88913,mortgage_application,2026-03-09T14:10:10.797+01:00,0,none,,background,
c-bdaf07527a737686,mortgage_application,2026-03-09T14:12:05.904+01:00,0,none,,background,
c-6a3222c973dd3297,loan_conversion_quote,2026-03-09T14:12:28.083+01:00,0,none,,background,
c-a314ed62e97c519d,loan_conversion_quote,2026-03-09T14:14:20.762+01:00,0,none,,background,
c-fa4c2d2c661427c0,mortgage_application,2026-03-09T14:14:37.835+01:00,0,none,,background,
c-f3d574ca53e00850,mortgage_application,2026-03-09T14:14:45.621+01:00,0,none,,background,
c-43a181f87b6f5f75,mortgage_application,2026-03-09T14:15:27.030+01:00,0,none,,background,
c-06089ea211514907,loan_conversion_quote,2026-03-09T14:16:01.692+01:00,0,none,,background,
c-021718e3d8104fdd,mortgage_application,2026-03-09T14:18:20.592+01:00,0,none,,background,
c-98de0ab087bcca76,loan_conversion_quote,2026-03-09T14:18:30.780+01:00,0,none,,background,
c-9f75c032222d9f19,mortgage_application,2026-03-09T14:18:45.405+01:00,0,none,,background,
c-1125a63b8f2e9f6e,loan_conversion_quote,2026-03-09T14:20:52.602+01:00,0,none,,background,
c-8361b9b455638b4a,mortgage_application,2026-03-09T14:22:00.498+01:00,0,none,,background,
c-eb6a0740d8c4deb6,loan_conversion_quote,2026-03-09T14:25:24.324+01:00,0,none,,background,
c-104049392433e322,mortgage_application,2026-03-09T14:29:41.507+01:00,0,none,,background,
c-a067a0231a785a99,loan_conversion_quote,2026-03-09T14:29:56.873+01:00,0,none,,background,
c-c1db5170849ee917,mortgage_application,2026-03-09T14:31:23.364+01:00,0,none,,background,
c-1d5f2a39e00dbf98,loan_conversion_quote,2026-03-09T14:33:55.822+01:00,0,none,,background,
c-8d55cb5554f57ad3,loan_conversion_quote,2026-03-09T14:34:38.226+01:00,0,none,,background,
c-7ec19461143addda,mortgage_application,2026-03-09T14:36:06.973+01:00,0,none,,background,
c-51ab374295d4e795,mortgage_application,2026-03-09T14:36:08.562+01:00,0,none,,background,
c-568c91346d232937,loan_conversion_quote,2026-03-09T14:38:07.115+01:00,0,none,,background,
c-978ac72a90d6933d,loan_conversion_quote,2026-03-09T14:40:45.359+01:00,0,none,,background,
c-7d214663e5491c80,mortgage_application,2026-03-09T14:43:24.619+01:00,0,none,,background,
c-00d1a7aae53c4000,mortgage_application,2026-03-09T14:47:17.030+01:00,0,none,,background,
c-71baad11ee91ed07,loan_conversion_quote,2026-03-09T14:48:59.910+01:00,0,none,,background,
c-4e7c76b1a7b54f5b,mortgage_application,2026-03-09T14:50:54.567+01:00,0,none,,background,
c-b38ce14c4db6d67b,mortgage_application,2026-03-09T14:52:16.712+01:00,0,none,,background,
c-c371f6fd0dd89c05,loan_conversion_quote,2026-03-09T14:53:11.575+01:00,0,none,,background,
c-0901cda034e35dc5,mortgage_application,2026-03-09T14:56:08.181+01:00,0,none,,background,
c-8bc6925e0484b6c0,mortgage_application,2026-03-09T14:57:42.937+01:00,0,none,,background,
c-7d1364415125fb85,loan_conversion_quote,2026-03-09T14:59:18.682+01:00,0,none,,background,
c-f79f0ff8fc2267c8,mortgage_application,2026-03-09T15:01:47.989+01:00,0,none,,background,
c-5af0dd122089fc78,mortgage_application,2026-03-09T15:03:56.107+01:00,0,none,,background,
c-b47ed161f1e6c1f2,mortgage_application,2026-03-09T15:06:09.604+01:00,0,none,,background,
c-f96f99c8a59beb90,mortgage_application,2026-03-09T15:12:32.479+01:00,0,none,,background,
c-a8b9c82a3e5bfecf,loan_conversion_quote,2026-03-09T15:13:22.940+01:00,0,none,,background,
c-771df9816714279e,loan_conversion_quote,2026-03-09T15:15:11.730+01:00,0,none,,background,
c-98fadeff674cc46b,mortgage_application,2026-03-09T15:20:11.937+01:00,0,none,,background,
c-a12b4eb335b98c0c,mortgage_application,2026-03-09T15:20:18.108+01:00,0,none,,background,
c-4f03faa6e793e571,mortgage_application,2026-03-09T15:22:29.530+01:00,0,none,,background,
c-063bbe018f2dc4d3,mortgage_application,2026-03-09T15:23:29.558+01:00,0,none,,background,
c-6219891aa6fb419e,loan_conversion_quote,2026-03-09T15:26:17.621+01:00,0,none,,background,
c-3f6799fc4a12e6b9,mortgage_application,2026-03-09T15:29:54.001+01:00,0,none,,background,
c-4fd211ce25ca523d,mortgage_application,2026-03-09T15:30:38.728+01:00,0,none,,background,
c-0462608b6bae48a4,mortgage_application,2026-03-09T15:37:34.562+01:00,0,none,,background,
c-31428990c5d51296,loan_conversion_quote,2026-03-09T15:45:34.774+01:00,0,none,,background,
c-11b3d82432884a80,loan_conversion_quote,2026-03-09T15:47:21.961+01:00,0,none,,background,
c-739f62239b1988dd,mortgage_application,2026-03-09T15:47:47.933+01:00,0,none,,background,
c-3271cd85dc38bfb0,mortgage_application,2026-03-09T15:51:01.846+01:00,0,none,,background,
c-59db6601f68f91db,loan_conversion_quote,2026-03-09T15:56:04.748+01:00,0,none,,background,
c-88848cc244725173,mortgage_application,2026-03-09T15:56:55.169+01:00,0,none,,background,
c-fa613667067079cf,mortgage_application,2026-03-09T16:11:46.205+01:00,0,none,,background,
c-31e72a2e06197841,loan_conversion_quote,2026-03-09T16:14:56.239+01:00,0,none,,background,
c-769298d232d4dc08,loan_conversion_quote,2026-03-09T16:19:37.455+01:00,0,none,,background,
c-8e8e25aee006e681,mortgage_application,2026-03-09T16:27:12.318+01:00,0,none,,background,
c-5f6e7fe325c8a747,loan_conversion_quote,2026-03-09T16:30:13.583+01:00,0,none,,background,
c-172fc5836059e514,mortgage_application,2026-03-09T16:31:05.980+01:00,0,none,,background,
c-8bb9d67fdfc594d6,loan_conversion_quote,2026-03-09T16:34:13.977+01:00,0,none,,background,
c-78ffdbb514bffa75,loan_conversion_quote,2026-03-09T16:37:18.209+01:00,0,none,,background,
c-79ce99a28f1ecd65,loan_conversion_quote,2026-03-09T16:38:59.001+01:00,0,none,,background,
c-abe92183d6daf1cb,loan_conversion_quote,2026-03-09T16:46:34.415+01:00,0,none,,background,
c-284495418cf742ee,loan_conversion_quote,2026-03-09T17:18:33.315+01:00,0,none,,background,
c-c51a266483c9dc69,loan_conversion_quote,2026-03-09T17:20:47.684+01:00,0,none,,background,
c-a2e653d26f75ad11,loan_conversion_quote,2026-03-09T17:36:41.375+01:00,0,none,,background,
c-e4647ffaaec2e063,loan_conversion_quote,2026-03-09T17:44:45.878+01:00,0,none,,background,
c-084ca4943bcc4974,loan_conversion_quote,2026-03-09T17:54:28.250+01:00,0,none,,background,
c-59da7c5e73b9433e,loan_conversion_quote,2026-03-09T18:12:48.216+01:00,0,none,,background,
c-b103a45877da8926,loan_conversion_quote,2026-03-09T18:21:14.468+01:00,0,none,,background,
c-53e01950df0e62c2,loan_conversion_quote,2026-03-09T18:48:00.546+01:00,0,none,,background,
c-9d9fc57ef1c2473f,loan_conversion_quote,2026-03-09T19:14:29.291+01:00,0,none,,background,
c-2ef2b679a06d2339,loan_conversion_quote,2026-03-09T19:22:14.021+01:00,0,none,,background,
c-bf6efdbc9d1f7fe2,loan_conversion_quote,2026-03-09T19:51:30.639+01:00,0,none,,background,
c-360041d377cbb61b,loan_conversion_quote,2026-03-09T20:55:53.904+01:00,0,none,,background,
c-52f4dcb91eff3129,loan_conversion_quote,2026-03-09T21:00:45.419+01:00,0,none,,background,
c-bca8fb56b714bae9,instalment_collection,2026-03-10T02:04:09.532+01:00,1,wrong_order,4,incident,INC-2
c-96bdf91ce5f3d127,instalment_collection,2026-03-10T02:08:11.674+01:00,1,truncated,3,incident,INC-2
c-c9a0c657c81d6c6a,instalment_collection,2026-03-10T02:10:29.817+01:00,1,retry_storm,3,incident,INC-2
c-6660baf149e53c5a,instalment_collection,2026-03-10T02:12:59.139+01:00,0,none,,incident,INC-2
c-97c63c7ea91b8bd3,instalment_collection,2026-03-10T02:14:44.442+01:00,0,none,,incident,INC-2
c-19af9a61240583bd,instalment_collection,2026-03-10T02:15:11.968+01:00,0,none,,incident,INC-2
c-654bd94ae097bc97,instalment_collection,2026-03-10T02:15:20.389+01:00,0,none,,incident,INC-2
c-a6e3755c1132fe4b,instalment_collection,2026-03-10T02:15:52.977+01:00,0,none,,incident,INC-2
c-b7a88d49f7554dfc,instalment_collection,2026-03-10T02:17:07.139+01:00,0,none,,incident,INC-2
c-674fef760c18d6c7,instalment_collection,2026-03-10T02:17:57.999+01:00,1,truncated,3,incident,INC-2
c-ea943fca875b0869,instalment_collection,2026-03-10T02:18:21.868+01:00,0,none,,incident,INC-2
c-2c1d06d3b018aa47,instalment_collection,2026-03-10T02:20:38.539+01:00,0,none,,incident,INC-2
c-fd277d2c9d2c2e27,instalment_collection,2026-03-10T02:20:42.829+01:00,1,retry_storm,3,incident,INC-2
c-093d64998cd0ab87,instalment_collection,2026-03-10T02:23:33.907+01:00,1,wrong_order,4,incident,INC-2
c-b18d3883037e938d,instalment_collection,2026-03-10T02:24:51.777+01:00,0,none,,incident,INC-2
c-3580234915e03086,instalment_collection,2026-03-10T02:24:56.303+01:00,1,truncated,3,incident,INC-2
c-62b471df48e5d984,instalment_collection,2026-03-10T02:26:15.581+01:00,0,none,,incident,INC-2
c-61a1699f164a9869,instalment_collection,2026-03-10T02:26:17.622+01:00,1,wrong_order,4,incident,INC-2
c-b24f711bf7915da4,instalment_collection,2026-03-10T02:26:33.580+01:00,0,none,,incident,INC-2
c-3399ad084596df9b,instalment_collection,2026-03-10T02:27:11.202+01:00,1,wrong_order,4,incident,INC-2
c-7644e145bbc43f63,instalment_collection,2026-03-10T02:27:49.765+01:00,1,truncated,3,incident,INC-2
c-027d0e6204df6e04,instalment_collection,2026-03-10T02:28:37.998+01:00,0,none,,incident,INC-2
c-bbe5a3be7d250a01,instalment_collection,2026-03-10T02:29:12.109+01:00,1,retry_storm,3,incident,INC-2
c-97dbbcaace1b737d,instalment_collection,2026-03-10T02:30:38.538+01:00,0,none,,incident,INC-2
c-492a8ab664383253,instalment_collection,2026-03-10T02:30:55.827+01:00,1,retry_storm,3,incident,INC-2
c-3d06752f946cd294,instalment_collection,2026-03-10T02:31:02.706+01:00,1,wrong_order,4,incident,INC-2
c-97737cfe566ac3a4,instalment_collection,2026-03-10T02:32:34.772+01:00,1,truncated,3,incident,INC-2
c-1764c1eb5b1c3306,instalment_collection,2026-03-10T02:32:35.751+01:00,0,none,,incident,INC-2
c-b22e1af05748e8a4,instalment_collection,2026-03-10T02:33:01.072+01:00,0,none,,incident,INC-2
c-56364ce8ccdebddb,instalment_collection,2026-03-10T02:33:55.143+01:00,1,wrong_order,4,incident,INC-2
c-9d515a3a31d555cb,instalment_collection,2026-03-10T02:34:07.273+01:00,0,none,,incident,INC-2
c-c8c17c73c3b7e04f,instalment_collection,2026-03-10T02:35:05.351+01:00,0,none,,incident,INC-2
c-a94feed8ae353309,instalment_collection,2026-03-10T02:36:03.409+01:00,1,retry_storm,3,incident,INC-2
c-3d6d5c35f414397a,instalment_collection,2026-03-10T02:36:04.474+01:00,0,none,,incident,INC-2
c-7a8a40da71524733,instalment_collection,2026-03-10T02:36:32.350+01:00,0,none,,incident,INC-2
c-8569f461f83ff687,instalment_collection,2026-03-10T02:36:53.550+01:00,1,retry_storm,3,incident,INC-2
c-d93533446787125e,instalment_collection,2026-03-10T02:37:07.030+01:00,0,none,,incident,INC-2
c-4deef61a0ef969c1,instalment_collection,2026-03-10T02:37:13.134+01:00,1,truncated,3,incident,INC-2
c-db190e7f667d6fb6,instalment_collection,2026-03-10T02:38:06.982+01:00,1,truncated,3,incident,INC-2
c-3abfd754dbd8cd42,instalment_collection,2026-03-10T02:38:20.814+01:00,0,none,,incident,INC-2
c-75dff2590ddbe12c,instalment_collection,2026-03-10T02:38:25.455+01:00,1,truncated,3,incident,INC-2
c-f30f8ab2c50b82b3,instalment_collection,2026-03-10T02:38:58.697+01:00,0,none,,incident,INC-2
c-acc8a59ec27ffd37,instalment_collection,2026-03-10T02:39:09.277+01:00,0,none,,incident,INC-2
c-c1b6200f19ea6a81,instalment_collection,2026-03-10T02:39:13.996+01:00,0,none,,incident,INC-2
c-5586bde12d0351c6,instalment_collection,2026-03-10T02:39:43.423+01:00,1,truncated,3,incident,INC-2
c-746870d448dd387b,instalment_collection,2026-03-10T02:39:54.598+01:00,1,wrong_order,4,incident,INC-2
c-6572ced523f83966,instalment_collection,2026-03-10T02:39:57.704+01:00,1,truncated,3,incident,INC-2
c-c74a96528a70cad6,instalment_collection,2026-03-10T02:40:22.597+01:00,1,truncated,3,incident,INC-2
c-e7b0e5623e0b7f29,instalment_collection,2026-03-10T02:40:52.368+01:00,1,truncated,3,incident,INC-2
c-fc23caf348725a55,instalment_collection,2026-03-10T02:41:09.861+01:00,0,none,,incident,INC-2
c-e00c0cfe49f65507,instalment_collection,2026-03-10T02:42:11.853+01:00,0,none,,incident,INC-2
c-416a15381998359f,instalment_collection,2026-03-10T02:43:54.534+01:00,0,none,,incident,INC-2
c-55fa839e74490cd8,instalment_collection,2026-03-10T02:44:00.919+01:00,1,wrong_order,4,incident,INC-2
c-df8b14e3d2458c72,instalment_collection,2026-03-10T02:44:07.888+01:00,1,truncated,3,incident,INC-2
c-fbdb79e85706accf,instalment_collection,2026-03-10T02:44:36.486+01:00,1,retry_storm,3,incident,INC-2
c-96ed8ad92fca499c,instalment_collection,2026-03-10T02:44:37.614+01:00,0,none,,incident,INC-2
c-c171b39cbb0e8331,instalment_collection,2026-03-10T02:45:15.918+01:00,0,none,,incident,INC-2
c-dc5f884c05b2b266,instalment_collection,2026-03-10T02:45:50.256+01:00,0,none,,incident,INC-2
c-5850f6c134db1364,instalment_collection,2026-03-10T02:46:17.224+01:00,1,wrong_order,4,incident,INC-2
c-4640cd2a482dde23,instalment_collection,2026-03-10T02:46:18.736+01:00,1,wrong_order,4,incident,INC-2
c-1b8c76bbe5dbfe4b,instalment_collection,2026-03-10T02:46:25.291+01:00,1,truncated,3,incident,INC-2
c-9b2dfd58d2d0b639,instalment_collection,2026-03-10T02:46:46.630+01:00,0,none,,incident,INC-2
c-fb5748074f2b7ff4,instalment_collection,2026-03-10T02:47:08.557+01:00,1,retry_storm,3,incident,INC-2
c-e47f8dd6759aaa2e,instalment_collection,2026-03-10T02:48:28.426+01:00,0,none,,incident,INC-2
c-178744b141bb3823,instalment_collection,2026-03-10T02:49:29.065+01:00,0,none,,incident,INC-2
c-b3372e62647d4744,instalment_collection,2026-03-10T02:49:37.089+01:00,0,none,,incident,INC-2
c-81c3e96bc07fe03e,instalment_collection,2026-03-10T02:49:43.314+01:00,1,retry_storm,3,incident,INC-2
c-aacaed33f58dce30,instalment_collection,2026-03-10T02:49:43.774+01:00,0,none,,incident,INC-2
c-0cd835e595520345,instalment_collection,2026-03-10T02:50:00.011+01:00,1,wrong_order,4,incident,INC-2
c-f2289ce9ba9bd79c,instalment_collection,2026-03-10T02:50:10.638+01:00,1,retry_storm,3,incident,INC-2
c-5d921609897c1629,instalment_collection,2026-03-10T02:50:21.042+01:00,0,none,,incident,INC-2
c-325b2ecae4c155a0,instalment_collection,2026-03-10T02:50:54.085+01:00,1,truncated,3,incident,INC-2
c-8cdbb6548c72cb21,instalment_collection,2026-03-10T02:51:06.081+01:00,0,none,,incident,INC-2
c-eddbcbdaa297bb77,instalment_collection,2026-03-10T02:51:26.916+01:00,0,none,,incident,INC-2
c-051b9353c867a1b8,instalment_collection,2026-03-10T02:51:34.405+01:00,1,retry_storm,3,incident,INC-2
c-09062eec9cfdd45d,instalment_collection,2026-03-10T02:51:52.292+01:00,0,none,,incident,INC-2
c-ca8112eb3ac9068c,instalment_collection,2026-03-10T02:53:14.784+01:00,1,retry_storm,3,incident,INC-2
c-40d239d16968e2b1,instalment_collection,2026-03-10T02:53:53.379+01:00,0,none,,incident,INC-2
c-9e1061ce14adfdab,instalment_collection,2026-03-10T02:54:06.132+01:00,0,none,,incident,INC-2
c-70b79344a3fd99ec,instalment_collection,2026-03-10T02:54:10.053+01:00,0,none,,incident,INC-2
c-b0e996c8f8a9cbf9,instalment_collection,2026-03-10T02:54:30.799+01:00,1,retry_storm,3,incident,INC-2
c-80099ad4654aa0b3,instalment_collection,2026-03-10T02:54:57.998+01:00,0,none,,incident,INC-2
c-1b30389f4e382862,instalment_collection,2026-03-10T02:55:18.678+01:00,1,truncated,3,incident,INC-2
c-a0e5090d1f2ecd46,instalment_collection,2026-03-10T02:55:22.408+01:00,0,none,,incident,INC-2
c-f4c79f15ba0d2b3e,instalment_collection,2026-03-10T02:56:00.640+01:00,1,wrong_order,4,incident,INC-2
c-017869e5f0fecc64,instalment_collection,2026-03-10T02:56:06.245+01:00,0,none,,incident,INC-2
c-9d64e957d2bcc1e4,instalment_collection,2026-03-10T02:56:15.442+01:00,1,truncated,3,incident,INC-2
c-9447bb4fbc0aa886,instalment_collection,2026-03-10T02:56:42.680+01:00,0,none,,incident,INC-2
c-19348356189bbcea,instalment_collection,2026-03-10T02:56:45.971+01:00,1,truncated,3,incident,INC-2
c-16b554a994578e7d,instalment_collection,2026-03-10T02:57:14.798+01:00,0,none,,incident,INC-2
c-92df0e239f5628dc,instalment_collection,2026-03-10T02:57:46.304+01:00,0,none,,incident,INC-2
c-879783135e781616,instalment_collection,2026-03-10T02:58:04.841+01:00,1,wrong_order,4,incident,INC-2
c-c83060213795d294,instalment_collection,2026-03-10T02:58:54.857+01:00,1,wrong_order,4,incident,INC-2
c-b72e519fdfcb3db4,instalment_collection,2026-03-10T02:59:16.690+01:00,0,none,,incident,INC-2
c-eaeebe3c067ce56f,instalment_collection,2026-03-10T03:00:14.760+01:00,1,retry_storm,3,incident,INC-2
c-a0c3648edf0a1484,instalment_collection,2026-03-10T03:00:18.507+01:00,0,none,,incident,INC-2
c-a2713e2e3f744dc5,instalment_collection,2026-03-10T03:01:53.304+01:00,1,truncated,3,incident,INC-2
c-56d39dbf1c1cdcd4,instalment_collection,2026-03-10T03:02:58.079+01:00,1,wrong_order,4,incident,INC-2
c-3bb5dda0ee44ef77,instalment_collection,2026-03-10T03:03:02.111+01:00,0,none,,incident,INC-2
c-36cde7daedaf5840,instalment_collection,2026-03-10T03:03:20.507+01:00,1,retry_storm,3,incident,INC-2
c-6e654ca21338c883,instalment_collection,2026-03-10T03:03:29.321+01:00,0,none,,incident,INC-2
c-d93839c8faa1e5ee,instalment_collection,2026-03-10T03:03:48.384+01:00,1,wrong_order,4,incident,INC-2
c-2685cb4a2e995c4c,instalment_collection,2026-03-10T03:03:58.474+01:00,1,wrong_order,4,incident,INC-2
c-55ad822fa8c508ec,instalment_collection,2026-03-10T03:04:22.936+01:00,0,none,,incident,INC-2
c-23ec928c9599d519,instalment_collection,2026-03-10T03:04:28.089+01:00,1,retry_storm,3,incident,INC-2
c-fa4139dca0b296ca,instalment_collection,2026-03-10T03:05:02.686+01:00,1,truncated,3,incident,INC-2
c-c31fb49130b9683b,instalment_collection,2026-03-10T03:05:23.320+01:00,0,none,,incident,INC-2
c-01d2de81dc83e932,instalment_collection,2026-03-10T03:05:26.689+01:00,1,wrong_order,4,incident,INC-2
c-a2ff51c83ff4d9a0,instalment_collection,2026-03-10T03:06:07.500+01:00,0,none,,incident,INC-2
c-15a90fc6df1849c7,instalment_collection,2026-03-10T03:06:09.963+01:00,1,truncated,3,incident,INC-2
c-f38df5d396f1b9dc,instalment_collection,2026-03-10T03:06:42.965+01:00,0,none,,incident,INC-2
c-7d260ada4788d86d,instalment_collection,2026-03-10T03:07:18.627+01:00,0,none,,incident,INC-2
c-87a5eb9660d88143,instalment_collection,2026-03-10T03:07:23.199+01:00,1,wrong_order,4,incident,INC-2
c-b9cd37d0513a7f53,instalment_collection,2026-03-10T03:08:08.817+01:00,0,none,,incident,INC-2
c-4f911a746695d382,instalment_collection,2026-03-10T03:10:22.083+01:00,0,none,,incident,INC-2
c-67f38aed3be9cca8,instalment_collection,2026-03-10T03:10:29.492+01:00,0,none,,incident,INC-2
c-3b84a0e7641de020,instalment_collection,2026-03-10T03:10:54.541+01:00,1,truncated,3,incident,INC-2
c-d27755e0ef49c920,instalment_collection,2026-03-10T03:11:23.058+01:00,1,retry_storm,3,incident,INC-2
c-4ac1f339297cabcd,instalment_collection,2026-03-10T03:11:27.077+01:00,0,none,,incident,INC-2
c-c1b7be480dcae604,instalment_collection,2026-03-10T03:12:36.680+01:00,0,none,,incident,INC-2
c-2e522f71b4951b15,instalment_collection,2026-03-10T03:12:56.665+01:00,1,truncated,3,incident,INC-2
c-17790b410949bfe1,instalment_collection,2026-03-10T03:17:24.945+01:00,1,truncated,3,incident,INC-2
c-c29a580bdd667d87,instalment_collection,2026-03-10T03:17:44.364+01:00,1,retry_storm,3,incident,INC-2
c-cedde6a820bec574,instalment_collection,2026-03-10T03:18:07.416+01:00,1,wrong_order,4,incident,INC-2
c-66aa90908336f28d,instalment_collection,2026-03-10T03:18:41.430+01:00,0,none,,incident,INC-2
c-679d8d5022106c2f,instalment_collection,2026-03-10T03:20:26.747+01:00,1,retry_storm,3,incident,INC-2
c-03cf3fbb5351f7ef,instalment_collection,2026-03-10T03:21:43.701+01:00,1,truncated,3,incident,INC-2
c-6a8f079f34964fae,instalment_collection,2026-03-10T03:21:53.220+01:00,0,none,,incident,INC-2
c-59828840767c8489,instalment_collection,2026-03-10T03:21:56.077+01:00,1,retry_storm,3,incident,INC-2
c-e6abd84db27b19ec,instalment_collection,2026-03-10T03:22:00.928+01:00,0,none,,incident,INC-2
c-05a602f326c36aed,instalment_collection,2026-03-10T03:22:36.534+01:00,1,truncated,3,incident,INC-2
c-8a5d6e86f7359383,instalment_collection,2026-03-10T03:23:03.243+01:00,1,wrong_order,4,incident,INC-2
c-7324fe72096b2bb6,instalment_collection,2026-03-10T03:23:33.869+01:00,1,truncated,3,incident,INC-2
c-5198512677af7f89,instalment_collection,2026-03-10T03:23:50.139+01:00,1,retry_storm,3,incident,INC-2
c-0bcad952817ee68b,instalment_collection,2026-03-10T03:24:10.002+01:00,1,wrong_order,4,incident,INC-2
c-0f51efdab21f4e59,instalment_collection,2026-03-10T03:24:18.844+01:00,1,retry_storm,3,incident,INC-2
c-f4fab6f47c4c7339,instalment_collection,2026-03-10T03:24:25.450+01:00,1,wrong_order,4,incident,INC-2
c-f84aafd371e1969f,instalment_collection,2026-03-10T03:24:34.592+01:00,0,none,,incident,INC-2
c-db762369887e11f8,instalment_collection,2026-03-10T03:24:59.285+01:00,1,wrong_order,4,incident,INC-2
c-aa288810faa40f08,instalment_collection,2026-03-10T03:26:38.227+01:00,0,none,,incident,INC-2
c-99c7bf904b8c0a22,instalment_collection,2026-03-10T03:27:03.187+01:00,1,wrong_order,4,incident,INC-2
c-503a88a50a2a81f6,instalment_collection,2026-03-10T03:27:36.278+01:00,1,retry_storm,3,incident,INC-2
c-a5c1d2c33d78276b,instalment_collection,2026-03-10T03:28:48.402+01:00,1,retry_storm,3,incident,INC-2
c-b5fc3bcfa95f20ab,instalment_collection,2026-03-10T03:28:50.813+01:00,0,none,,incident,INC-2
c-1b735e46b7423185,instalment_collection,2026-03-10T03:29:40.127+01:00,1,truncated,3,incident,INC-2
c-109a2648001cfe2e,instalment_collection,2026-03-10T03:30:08.496+01:00,1,wrong_order,4,incident,INC-2
c-cb42f13d8026c3ff,instalment_collection,2026-03-10T03:30:16.146+01:00,0,none,,incident,INC-2
c-01bdc42c6fc6ef8c,instalment_collection,2026-03-10T03:31:10.891+01:00,0,none,,incident,INC-2
c-41f9b05ee1b0173f,instalment_collection,2026-03-10T03:31:19.358+01:00,0,none,,incident,INC-2
c-a762373ca4c3b394,instalment_collection,2026-03-10T03:31:54.924+01:00,1,retry_storm,3,incident,INC-2
c-6980b206511138b7,instalment_collection,2026-03-10T03:32:14.918+01:00,0,none,,incident,INC-2
c-724dfdf1aa58b092,instalment_collection,2026-03-10T03:32:25.021+01:00,0,none,,incident,INC-2
c-64ce559ea014af8a,instalment_collection,2026-03-10T03:33:59.117+01:00,0,none,,incident,INC-2
c-295cf3b13fbd4604,instalment_collection,2026-03-10T03:34:21.089+01:00,0,none,,incident,INC-2
c-c156f2a53362d0b3,instalment_collection,2026-03-10T03:34:21.595+01:00,1,wrong_order,4,incident,INC-2
c-6e30308f5c5fd103,instalment_collection,2026-03-10T03:35:43.745+01:00,0,none,,incident,INC-2
c-c28ef2be322e7e5e,instalment_collection,2026-03-10T03:36:56.119+01:00,1,retry_storm,3,incident,INC-2
c-71cc81a4ac38623e,instalment_collection,2026-03-10T03:37:33.742+01:00,1,truncated,3,incident,INC-2
c-50d45137efbb19eb,instalment_collection,2026-03-10T03:37:40.810+01:00,0,none,,incident,INC-2
c-c7ae4d357b2dca5b,instalment_collection,2026-03-10T03:37:53.622+01:00,0,none,,incident,INC-2
c-7c581ccfb2ba4c6f,instalment_collection,2026-03-10T03:38:04.663+01:00,0,none,,incident,INC-2
c-207c723f1b4e0f5f,instalment_collection,2026-03-10T03:38:59.745+01:00,0,none,,incident,INC-2
c-e29d34ad598c18fe,instalment_collection,2026-03-10T03:39:02.208+01:00,0,none,,incident,INC-2
c-580e081064fa4150,instalment_collection,2026-03-10T03:39:39.606+01:00,1,wrong_order,4,incident,INC-2
c-5e10c5be42df3676,instalment_collection,2026-03-10T03:40:31.532+01:00,0,none,,incident,INC-2
c-583eceb45314a1de,instalment_collection,2026-03-10T03:41:35.636+01:00,1,wrong_order,4,incident,INC-2
c-14fd0dee1d7d140f,instalment_collection,2026-03-10T03:42:43.012+01:00,0,none,,incident,INC-2
c-32ed17c720f3aa26,instalment_collection,2026-03-10T03:43:04.957+01:00,0,none,,incident,INC-2
c-79ff6eacf9165944,instalment_collection,2026-03-10T03:44:09.771+01:00,0,none,,incident,INC-2
c-dbb08b0c8bce0471,instalment_collection,2026-03-10T03:44:32.275+01:00,0,none,,incident,INC-2
c-b624edf45ac4735b,instalment_collection,2026-03-10T03:44:37.227+01:00,1,retry_storm,3,incident,INC-2
c-a163e5f0bb83bc8a,instalment_collection,2026-03-10T03:46:33.940+01:00,0,none,,incident,INC-2
c-0b888ae6b87e5feb,instalment_collection,2026-03-10T03:52:20.030+01:00,0,none,,incident,INC-2
c-2541b5ba45d1784d,instalment_collection,2026-03-10T03:53:19.436+01:00,1,truncated,3,incident,INC-2
c-83743c2fab116723,instalment_collection,2026-03-10T03:54:19.771+01:00,0,none,,incident,INC-2
c-01fb7e356cd9f3c8,instalment_collection,2026-03-10T04:08:14.769+01:00,1,wrong_order,4,incident,INC-2
c-aa44f341f9528c03,loan_conversion_quote,2026-03-10T07:24:27.301+01:00,0,none,,background,
c-e8ca4dae2961efb6,loan_conversion_quote,2026-03-10T07:39:01.859+01:00,0,none,,background,
c-75c45353e34483d5,loan_conversion_quote,2026-03-10T07:42:53.510+01:00,0,none,,background,
c-25ecbbb3bee8370b,loan_conversion_quote,2026-03-10T07:53:45.622+01:00,0,none,,background,
c-39660b6e1504ca9f,loan_conversion_quote,2026-03-10T07:58:15.611+01:00,0,none,,background,
c-37c3a4e49d417f08,loan_conversion_quote,2026-03-10T08:02:37.455+01:00,0,none,,background,
c-2e18f3f9ef9c6fdf,loan_conversion_quote,2026-03-10T08:12:22.335+01:00,0,none,,background,
c-8ffaf3d242b1254a,loan_conversion_quote,2026-03-10T08:14:23.951+01:00,0,none,,background,
c-61a7efb9e59081a0,loan_conversion_quote,2026-03-10T08:16:28.522+01:00,0,none,,background,
c-e413b9e8ed33024c,loan_conversion_quote,2026-03-10T08:53:01.474+01:00,0,none,,background,
c-22f3a0c8b6525cae,mortgage_application,2026-03-10T08:59:31.954+01:00,0,none,,background,
c-01a1323353d82b59,loan_conversion_quote,2026-03-10T09:00:33.267+01:00,0,none,,background,
c-b64f710f2c2c3da8,mortgage_application,2026-03-10T09:01:31.000+01:00,0,none,,background,
c-87436b1aa38813b9,mortgage_application,2026-03-10T09:07:27.062+01:00,0,none,,background,
c-c7ec57b98e000473,mortgage_application,2026-03-10T09:13:15.368+01:00,0,none,,background,
c-c6b1324e05a76e4a,loan_conversion_quote,2026-03-10T09:20:35.277+01:00,0,none,,background,
c-6a57683b7c93cbbc,disbursement,2026-03-10T09:23:01.359+01:00,0,none,,background,
c-b7300a7c46218c28,loan_conversion_quote,2026-03-10T09:26:10.442+01:00,0,none,,background,
c-8f5e68ca93708acc,loan_conversion_quote,2026-03-10T09:27:45.378+01:00,0,none,,background,
c-b92b65d17e41b7d5,mortgage_application,2026-03-10T09:28:18.845+01:00,0,none,,background,
c-83a54f18d2a5058f,mortgage_application,2026-03-10T09:29:44.734+01:00,0,none,,background,
c-e6028720dc30f0c5,mortgage_application,2026-03-10T09:30:21.469+01:00,0,none,,background,
c-547306bb17703ad5,loan_conversion_quote,2026-03-10T09:32:17.313+01:00,0,none,,background,
c-2828a63c4880005e,mortgage_application,2026-03-10T09:38:07.074+01:00,0,none,,background,
c-ab1c119917135274,loan_conversion_quote,2026-03-10T09:53:20.259+01:00,0,none,,background,
c-ac0d2723e5cd3347,mortgage_application,2026-03-10T09:53:44.936+01:00,0,none,,background,
c-ad873ca9f7972433,loan_conversion_quote,2026-03-10T09:54:56.571+01:00,0,none,,background,
c-4dcdd26431e01800,loan_conversion_quote,2026-03-10T09:59:56.075+01:00,0,none,,background,
c-3278b5a6749d956a,mortgage_application,2026-03-10T10:02:23.060+01:00,0,none,,background,
c-c8d2160d3ccccf31,loan_conversion_quote,2026-03-10T10:03:04.194+01:00,0,none,,background,
c-2e0ef3521d66e5d5,loan_conversion_quote,2026-03-10T10:03:36.546+01:00,0,none,,background,
c-3e8e7078a99bcdd5,loan_conversion_quote,2026-03-10T10:04:48.653+01:00,0,none,,background,
c-8b1a2bde8fc42456,mortgage_application,2026-03-10T10:07:45.509+01:00,0,none,,background,
c-dd238086fabd1076,mortgage_application,2026-03-10T10:09:25.895+01:00,0,none,,background,
c-6fe06cdb40244453,mortgage_application,2026-03-10T10:10:42.156+01:00,0,none,,background,
c-9fdd6c225110e5d4,mortgage_application,2026-03-10T10:11:35.653+01:00,0,none,,background,
c-f8a4909a89ab37b5,loan_conversion_quote,2026-03-10T10:15:23.029+01:00,0,none,,background,
c-1de86e16572532db,mortgage_application,2026-03-10T10:19:44.603+01:00,0,none,,background,
c-650b70e15843a397,loan_conversion_quote,2026-03-10T10:20:11.369+01:00,0,none,,background,
c-0e7a86af24d3d132,loan_conversion_quote,2026-03-10T10:20:59.877+01:00,0,none,,background,
c-b747813881bf8716,mortgage_application,2026-03-10T10:22:05.525+01:00,0,none,,background,
c-c5c3ad7c16ccc0be,mortgage_application,2026-03-10T10:23:09.868+01:00,0,none,,background,
c-f6a17c530b6efae0,mortgage_application,2026-03-10T10:23:48.897+01:00,0,none,,background,
c-86c88a0216bfc774,mortgage_application,2026-03-10T10:24:06.580+01:00,0,none,,background,
c-b20744edc8a53dc3,disbursement,2026-03-10T10:26:23.293+01:00,0,none,,background,
c-0232611aff99fa03,loan_conversion_quote,2026-03-10T10:26:32.679+01:00,0,none,,background,
c-74c116d049a0af20,disbursement,2026-03-10T10:26:35.205+01:00,0,none,,background,
c-2d482a0df5690829,disbursement,2026-03-10T10:27:03.398+01:00,0,none,,background,
c-9644b5cc25d1b0e3,loan_conversion_quote,2026-03-10T10:29:17.174+01:00,0,none,,background,
c-30adb7a74c3743f2,mortgage_application,2026-03-10T10:30:51.949+01:00,0,none,,background,
c-8d1e5c3699e1569d,disbursement,2026-03-10T10:31:53.986+01:00,0,none,,background,
c-a7b01743f77de772,loan_conversion_quote,2026-03-10T10:32:28.918+01:00,0,none,,background,
c-be1f756ebe98176e,loan_conversion_quote,2026-03-10T10:34:01.007+01:00,0,none,,background,
c-586612ba76456e4d,disbursement,2026-03-10T10:34:19.598+01:00,0,none,,background,
c-daa9f00c861179a9,mortgage_application,2026-03-10T10:35:01.379+01:00,0,none,,background,
c-98b40e52a55c2c1d,loan_conversion_quote,2026-03-10T10:36:02.749+01:00,0,none,,background,
c-59af3da4226e93d9,disbursement,2026-03-10T10:36:22.863+01:00,0,none,,background,
c-acb981cab92d1044,disbursement,2026-03-10T10:38:35.697+01:00,0,none,,background,
c-40fce4f637b8ba0c,mortgage_application,2026-03-10T10:39:25.551+01:00,0,none,,background,
c-7060c03f52ef2b7d,loan_conversion_quote,2026-03-10T10:42:14.441+01:00,0,none,,background,
c-ba9390a9a7f0cdc4,disbursement,2026-03-10T10:42:34.654+01:00,0,none,,background,
c-e6c4f082eafa321f,loan_conversion_quote,2026-03-10T10:44:00.926+01:00,0,none,,background,
c-42d988edd8bd3a8a,disbursement,2026-03-10T10:45:36.084+01:00,0,none,,background,
c-d0deb4375d912747,mortgage_application,2026-03-10T10:45:40.781+01:00,0,none,,background,
c-1e8962fe5995da32,disbursement,2026-03-10T10:47:40.095+01:00,0,none,,background,
c-7377a50adda46ccb,mortgage_application,2026-03-10T10:49:52.502+01:00,0,none,,background,
c-86a5174f288c60be,loan_conversion_quote,2026-03-10T10:52:51.982+01:00,0,none,,background,
c-da62c76f3feb0081,loan_conversion_quote,2026-03-10T10:53:00.777+01:00,0,none,,background,
c-2103dfe9644c32e9,disbursement,2026-03-10T10:55:26.145+01:00,0,none,,background,
c-b2a6dad3de0d8970,disbursement,2026-03-10T11:00:00.323+01:00,0,none,,background,
c-7e7b2afb05bd39ab,loan_conversion_quote,2026-03-10T11:01:01.014+01:00,0,none,,background,
c-a02f3e65efd982f2,disbursement,2026-03-10T11:04:08.673+01:00,0,none,,background,
c-a8c9702f12a0a730,mortgage_application,2026-03-10T11:04:42.247+01:00,0,none,,background,
c-b8028ebf7eaf650e,mortgage_application,2026-03-10T11:04:57.674+01:00,0,none,,background,
c-6a491fd26eed99e4,mortgage_application,2026-03-10T11:07:33.629+01:00,0,none,,background,
c-bf63e92c8ee40903,mortgage_application,2026-03-10T11:07:40.697+01:00,0,none,,background,
c-ba2679ca548d74e9,loan_conversion_quote,2026-03-10T11:09:17.732+01:00,0,none,,background,
c-37491dcaacc4ab71,disbursement,2026-03-10T11:10:16.465+01:00,0,none,,background,
c-c5041349c12ddd78,mortgage_application,2026-03-10T11:10:53.757+01:00,0,none,,background,
c-f4fc29727065b6ba,loan_conversion_quote,2026-03-10T11:11:42.134+01:00,0,none,,background,
c-6814e2ad709363bc,mortgage_application,2026-03-10T11:12:26.728+01:00,0,none,,background,
c-ed1f14b453efa9e6,loan_conversion_quote,2026-03-10T11:13:08.304+01:00,0,none,,background,
c-61642b4559402c60,disbursement,2026-03-10T11:15:35.655+01:00,0,none,,background,
c-97f69585e862853b,mortgage_application,2026-03-10T11:17:29.689+01:00,0,none,,background,
c-6ade3c1cfda96c29,mortgage_application,2026-03-10T11:19:16.992+01:00,0,none,,background,
c-6ee39559cd3d9daf,mortgage_application,2026-03-10T11:19:27.153+01:00,0,none,,background,
c-9bed4355681f669b,mortgage_application,2026-03-10T11:19:44.498+01:00,0,none,,background,
c-435a220976a27623,mortgage_application,2026-03-10T11:20:09.137+01:00,0,none,,background,
c-64ba233b09ee0e6d,mortgage_application,2026-03-10T11:22:45.529+01:00,0,none,,background,
c-b327077762869688,mortgage_application,2026-03-10T11:24:44.454+01:00,0,none,,background,
c-a6e80628c9f51a0d,mortgage_application,2026-03-10T11:29:38.191+01:00,0,none,,background,
c-10dd347f2e958f05,mortgage_application,2026-03-10T11:30:34.648+01:00,0,none,,background,
c-3dcd457fd0c534ab,loan_conversion_quote,2026-03-10T11:31:08.522+01:00,0,none,,background,
c-fd0cc7652bcebc7b,mortgage_application,2026-03-10T11:36:33.033+01:00,0,none,,background,
c-de3da1fe55a284cd,mortgage_application,2026-03-10T11:37:07.392+01:00,0,none,,background,
c-47eb6c8f0f5cd483,mortgage_application,2026-03-10T11:41:09.597+01:00,0,none,,background,
c-c67e018467ba6b42,mortgage_application,2026-03-10T11:41:37.750+01:00,0,none,,background,
c-0d2243ffab6bc5a8,mortgage_application,2026-03-10T11:42:28.784+01:00,0,none,,background,
c-2692eca3c8642715,mortgage_application,2026-03-10T11:43:50.639+01:00,0,none,,background,
c-10d26f92cb940369,mortgage_application,2026-03-10T11:45:28.013+01:00,0,none,,background,
c-530f0556e5b74145,mortgage_application,2026-03-10T11:45:31.597+01:00,0,none,,background,
c-d650c35f1844144b,mortgage_application,2026-03-10T11:45:41.673+01:00,0,none,,background,
c-d21b0418f4be0184,mortgage_application,2026-03-10T11:45:54.754+01:00,0,none,,background,
c-804682e9c24c4660,disbursement,2026-03-10T11:47:37.067+01:00,0,none,,background,
c-c0e78f863a3a7781,mortgage_application,2026-03-10T11:49:32.048+01:00,0,none,,background,
c-dcfafcd79bd3004c,loan_conversion_quote,2026-03-10T11:51:14.736+01:00,0,none,,background,
c-d5623185939fdf27,mortgage_application,2026-03-10T11:55:42.178+01:00,0,none,,background,
c-b738ede5c32547d2,mortgage_application,2026-03-10T11:56:39.193+01:00,0,none,,background,
c-b22a6ec47a26049c,mortgage_application,2026-03-10T11:56:52.512+01:00,0,none,,background,
c-083f7c05a9ad7c21,mortgage_application,2026-03-10T11:56:58.358+01:00,0,none,,background,
c-edabb084d44c7463,mortgage_application,2026-03-10T11:57:05.660+01:00,0,none,,background,
c-ffe30d722c1f9fd4,mortgage_application,2026-03-10T11:59:37.193+01:00,0,none,,background,
c-26b3a33535899cc8,mortgage_application,2026-03-10T12:01:32.448+01:00,0,none,,background,
c-08e620185c73a51d,mortgage_application,2026-03-10T12:03:21.174+01:00,0,none,,background,
c-2a82ca872b811d2b,mortgage_application,2026-03-10T12:04:27.972+01:00,0,none,,background,
c-566dfeb1d4c11a0a,mortgage_application,2026-03-10T12:06:38.009+01:00,0,none,,background,
c-5bba2ac12cfb3c75,loan_conversion_quote,2026-03-10T12:07:35.555+01:00,0,none,,background,
c-67677db1f694d8f5,mortgage_application,2026-03-10T12:08:13.577+01:00,0,none,,background,
c-b091cf56979c217f,loan_conversion_quote,2026-03-10T12:09:43.316+01:00,0,none,,background,
c-3def49bec2558e30,mortgage_application,2026-03-10T12:11:06.406+01:00,0,none,,background,
c-7a9ecdd15541e79c,loan_conversion_quote,2026-03-10T12:12:47.181+01:00,0,none,,background,
c-b78f2f6a35c23f31,mortgage_application,2026-03-10T12:14:59.401+01:00,0,none,,background,
c-7d7e809afc9df2a4,mortgage_application,2026-03-10T12:15:13.908+01:00,0,none,,background,
c-3198527d3ebd74d1,mortgage_application,2026-03-10T12:18:35.703+01:00,0,none,,background,
c-43f65fb74a7ffa4e,mortgage_application,2026-03-10T12:18:53.517+01:00,0,none,,background,
c-62a1e773f0cafb34,mortgage_application,2026-03-10T12:21:17.186+01:00,0,none,,background,
c-8fda601ac618a8ad,loan_conversion_quote,2026-03-10T12:21:54.732+01:00,0,none,,background,
c-d3d289ca5f0ab5c4,mortgage_application,2026-03-10T12:23:23.525+01:00,0,none,,background,
c-1a092da5c6ad95fd,mortgage_application,2026-03-10T12:23:28.429+01:00,0,none,,background,
c-fb114f59082c18f8,loan_conversion_quote,2026-03-10T12:24:29.380+01:00,0,none,,background,
c-3e5fe40a2af4a502,mortgage_application,2026-03-10T12:24:29.750+01:00,0,none,,background,
c-fec10d85fef15600,loan_conversion_quote,2026-03-10T12:24:31.963+01:00,0,none,,background,
c-b13862afa3c62f62,mortgage_application,2026-03-10T12:24:44.615+01:00,0,none,,background,
c-8d83d895fbafeea1,mortgage_application,2026-03-10T12:25:06.162+01:00,0,none,,background,
c-a1619fb3d4902707,mortgage_application,2026-03-10T12:26:56.237+01:00,0,none,,background,
c-eb41c5b3fd0b5651,loan_conversion_quote,2026-03-10T12:28:43.815+01:00,0,none,,background,
c-d27bc3d0f9fe0ec4,mortgage_application,2026-03-10T12:28:43.817+01:00,0,none,,background,
c-0bd5b5428f9ea5fa,mortgage_application,2026-03-10T12:28:50.954+01:00,0,none,,background,
c-1a1f7281f17866ef,disbursement,2026-03-10T12:31:42.543+01:00,0,none,,background,
c-d8531370140e5fd8,mortgage_application,2026-03-10T12:33:19.393+01:00,0,none,,background,
c-b904477f6953d27b,loan_conversion_quote,2026-03-10T12:33:58.358+01:00,0,none,,background,
c-be0d527dca5a3edb,loan_conversion_quote,2026-03-10T12:34:45.017+01:00,0,none,,background,
c-0887a3567e218079,disbursement,2026-03-10T12:34:52.214+01:00,0,none,,background,
c-8e484f5c80a89c81,disbursement,2026-03-10T12:36:37.202+01:00,0,none,,background,
c-2a5c47945cede3c0,loan_conversion_quote,2026-03-10T12:36:56.944+01:00,0,none,,background,
c-8f78d4af979ac204,mortgage_application,2026-03-10T12:37:38.776+01:00,0,none,,background,
c-9e11a2df4f8a34fb,mortgage_application,2026-03-10T12:38:24.708+01:00,0,none,,background,
c-d978e133c29e0ced,mortgage_application,2026-03-10T12:42:09.650+01:00,0,none,,background,
c-128a001632a1a943,loan_conversion_quote,2026-03-10T12:42:15.447+01:00,0,none,,background,
c-a75224e44c6caa14,mortgage_application,2026-03-10T12:43:46.360+01:00,0,none,,background,
c-de9c8e85eb178347,loan_conversion_quote,2026-03-10T12:44:22.278+01:00,0,none,,background,
c-a01f8bef02735257,mortgage_application,2026-03-10T12:45:17.001+01:00,0,none,,background,
c-e3e898b96c431a47,loan_conversion_quote,2026-03-10T12:46:10.635+01:00,0,none,,background,
c-c621965534548c44,mortgage_application,2026-03-10T12:47:10.470+01:00,0,none,,background,
c-3ec23b76f201ea5c,mortgage_application,2026-03-10T12:47:39.395+01:00,0,none,,background,
c-cf0bab0d7c01d053,mortgage_application,2026-03-10T12:50:14.051+01:00,0,none,,background,
c-a49c442de24c0f81,mortgage_application,2026-03-10T12:51:44.051+01:00,0,none,,background,
c-b3aa5ba5afcca5e6,mortgage_application,2026-03-10T12:52:59.202+01:00,0,none,,background,
c-d797390717c80e4d,mortgage_application,2026-03-10T12:53:22.658+01:00,0,none,,background,
c-1dcd6b6d93c4d80a,mortgage_application,2026-03-10T12:57:01.042+01:00,0,none,,background,
c-64984c5ed384befe,mortgage_application,2026-03-10T12:58:14.149+01:00,0,none,,background,
c-f281adf54adb265e,mortgage_application,2026-03-10T12:58:21.646+01:00,0,none,,background,
c-dfd88eab80d46bb9,mortgage_application,2026-03-10T12:58:55.560+01:00,0,none,,background,
c-0cea8a96d55034b2,mortgage_application,2026-03-10T12:59:15.345+01:00,0,none,,background,
c-a0f9de48e2a07822,mortgage_application,2026-03-10T12:59:50.289+01:00,0,none,,background,
c-603edb7b348a0318,mortgage_application,2026-03-10T13:00:00.617+01:00,0,none,,background,
c-6428ac1a0929ea67,mortgage_application,2026-03-10T13:02:02.143+01:00,0,none,,background,
c-ff703e31b2385389,loan_conversion_quote,2026-03-10T13:02:27.787+01:00,0,none,,background,
c-c7c51091b2cdbdca,disbursement,2026-03-10T13:03:47.842+01:00,0,none,,background,
c-f0c097adbdf2d313,mortgage_application,2026-03-10T13:06:00.523+01:00,0,none,,background,
c-2fbd46968f29ac2f,mortgage_application,2026-03-10T13:06:24.856+01:00,0,none,,background,
c-eaf4e02035b09a54,mortgage_application,2026-03-10T13:07:20.843+01:00,0,none,,background,
c-2afe69ac4dbeaba9,loan_conversion_quote,2026-03-10T13:07:27.601+01:00,0,none,,background,
c-2008b2907d4d7932,disbursement,2026-03-10T13:07:47.758+01:00,0,none,,background,
c-820463ef3a274a2f,disbursement,2026-03-10T13:09:26.415+01:00,0,none,,background,
c-f8dd31d30db4ceaa,mortgage_application,2026-03-10T13:10:26.960+01:00,0,none,,background,
c-1050025d4d9a3305,mortgage_application,2026-03-10T13:12:24.197+01:00,0,none,,background,
c-dac44f8bd17403fa,loan_conversion_quote,2026-03-10T13:13:35.468+01:00,0,none,,background,
c-7ec9834625c302dd,mortgage_application,2026-03-10T13:15:55.089+01:00,0,none,,background,
c-c29873819e3924b2,mortgage_application,2026-03-10T13:15:59.017+01:00,0,none,,background,
c-ef2d008d604ce0ae,mortgage_application,2026-03-10T13:16:51.754+01:00,0,none,,background,
c-c573b40b78af1003,mortgage_application,2026-03-10T13:17:06.852+01:00,0,none,,background,
c-c29311e1aee974f8,disbursement,2026-03-10T13:17:12.668+01:00,0,none,,background,
c-eb0982aa8263042e,mortgage_application,2026-03-10T13:17:22.788+01:00,0,none,,background,
c-a1f76249f5af4bf9,mortgage_application,2026-03-10T13:18:56.798+01:00,0,none,,background,
c-cec397a3a7f101b9,loan_conversion_quote,2026-03-10T13:23:21.171+01:00,0,none,,background,
c-16b9a2ca267abab6,loan_conversion_quote,2026-03-10T13:24:49.161+01:00,0,none,,background,
c-b3305edce62be457,mortgage_application,2026-03-10T13:25:09.440+01:00,0,none,,background,
c-80962aea7d3ce884,loan_conversion_quote,2026-03-10T13:25:51.460+01:00,0,none,,background,
c-93e704b61bdf50bc,mortgage_application,2026-03-10T13:27:59.501+01:00,0,none,,background,
c-2a69c2a64c773539,mortgage_application,2026-03-10T13:28:26.513+01:00,0,none,,background,
c-da5d00703bfc801d,mortgage_application,2026-03-10T13:28:58.702+01:00,0,none,,background,
c-29afbebd343be63e,mortgage_application,2026-03-10T13:29:36.444+01:00,0,none,,background,
c-3dac3ce074d99e71,mortgage_application,2026-03-10T13:32:04.777+01:00,0,none,,background,
c-32ff9c21fc1311e1,loan_conversion_quote,2026-03-10T13:32:06.256+01:00,0,none,,background,
c-d07d1d1dd9facd29,mortgage_application,2026-03-10T13:32:21.931+01:00,0,none,,background,
c-fe28ea31ce04b1f6,loan_conversion_quote,2026-03-10T13:32:24.502+01:00,0,none,,background,
c-6154a8af8af3f203,mortgage_application,2026-03-10T13:32:33.965+01:00,0,none,,background,
c-48393bedeaef593b,mortgage_application,2026-03-10T13:33:09.216+01:00,0,none,,background,
c-74d85eb64ad68fed,loan_conversion_quote,2026-03-10T13:34:20.679+01:00,0,none,,background,
c-c08c0df5ac0bcff5,mortgage_application,2026-03-10T13:34:28.612+01:00,0,none,,background,
c-9e9cdaa255d6f333,mortgage_application,2026-03-10T13:35:17.219+01:00,0,none,,background,
c-ead0bcfdc892f8f2,mortgage_application,2026-03-10T13:36:41.734+01:00,0,none,,background,
c-041df2df8d29ba18,loan_conversion_quote,2026-03-10T13:38:16.592+01:00,0,none,,background,
c-c769b1210ac32804,loan_conversion_quote,2026-03-10T13:38:42.075+01:00,0,none,,background,
c-534472afe0dde151,mortgage_application,2026-03-10T13:39:59.506+01:00,0,none,,background,
c-518bc308f12108e2,mortgage_application,2026-03-10T13:43:10.006+01:00,0,none,,background,
c-886c18f75349973d,mortgage_application,2026-03-10T13:43:42.990+01:00,0,none,,background,
c-49c3576dd0cae10e,mortgage_application,2026-03-10T13:48:26.972+01:00,0,none,,background,
c-b364151650ff4ffe,mortgage_application,2026-03-10T13:49:40.190+01:00,0,none,,background,
c-f3b63a6041f26917,loan_conversion_quote,2026-03-10T13:50:48.472+01:00,0,none,,background,
c-2988e25ad7f9c2e3,loan_conversion_quote,2026-03-10T13:51:56.740+01:00,0,none,,background,
c-830906df90586d1f,loan_conversion_quote,2026-03-10T13:52:03.965+01:00,0,none,,background,
c-23566202ddcc8b59,loan_conversion_quote,2026-03-10T13:54:59.960+01:00,0,none,,background,
c-13571ba9754e3de2,loan_conversion_quote,2026-03-10T13:57:10.033+01:00,0,none,,background,
c-7b5f823d68e7a073,loan_conversion_quote,2026-03-10T14:02:33.420+01:00,0,none,,background,
c-2abf3ac76c2c1e27,mortgage_application,2026-03-10T14:03:37.757+01:00,0,none,,background,
c-862998bc02c58c67,mortgage_application,2026-03-10T14:05:01.656+01:00,0,none,,background,
c-9cff3c1c29a78c1f,mortgage_application,2026-03-10T14:05:08.997+01:00,0,none,,background,
c-e1605552195f2a63,loan_conversion_quote,2026-03-10T14:05:57.363+01:00,0,none,,background,
c-5135e27b9463dc84,disbursement,2026-03-10T14:07:57.921+01:00,0,none,,background,
c-5398ffd4e3fa42d8,mortgage_application,2026-03-10T14:08:34.547+01:00,0,none,,background,
c-a30499864306efe9,mortgage_application,2026-03-10T14:08:36.364+01:00,0,none,,background,
c-68e254708ad8bf5a,mortgage_application,2026-03-10T14:09:19.671+01:00,0,none,,background,
c-069e8b7b4cd46d0e,mortgage_application,2026-03-10T14:10:52.681+01:00,0,none,,background,
c-2a88277cb3a666f2,loan_conversion_quote,2026-03-10T14:11:42.546+01:00,0,none,,background,
c-73adc9f0862b038c,mortgage_application,2026-03-10T14:13:00.186+01:00,0,none,,background,
c-00b11c4c6d2ea07f,mortgage_application,2026-03-10T14:13:41.431+01:00,0,none,,background,
c-48cf6d12270ac094,mortgage_application,2026-03-10T14:14:06.515+01:00,0,none,,background,
c-4fafc8d206da0cf0,mortgage_application,2026-03-10T14:14:41.965+01:00,0,none,,background,
c-54669693fa03e426,loan_conversion_quote,2026-03-10T14:15:19.585+01:00,0,none,,background,
c-9330aee9e466abb9,mortgage_application,2026-03-10T14:16:35.876+01:00,0,none,,background,
c-681b214f9a2cd438,mortgage_application,2026-03-10T14:17:47.413+01:00,0,none,,background,
c-48ad9dd4986652b1,disbursement,2026-03-10T14:18:14.483+01:00,0,none,,background,
c-2ccda299bd27c5ae,loan_conversion_quote,2026-03-10T14:18:25.036+01:00,0,none,,background,
c-12968af988be306e,loan_conversion_quote,2026-03-10T14:19:15.613+01:00,0,none,,background,
c-00d28addd15a2c25,loan_conversion_quote,2026-03-10T14:20:38.854+01:00,0,none,,background,
c-19d6f6ea53f9b1b0,loan_conversion_quote,2026-03-10T14:21:04.995+01:00,0,none,,background,
c-3bf428b48abe05ff,loan_conversion_quote,2026-03-10T14:23:27.209+01:00,0,none,,background,
c-bace28b186687b62,loan_conversion_quote,2026-03-10T14:28:17.995+01:00,0,none,,background,
c-3080f83dbfd3421a,mortgage_application,2026-03-10T14:29:34.512+01:00,0,none,,background,
c-35220126d7394b37,mortgage_application,2026-03-10T14:30:47.651+01:00,0,none,,background,
c-f76db81ad9aceb85,mortgage_application,2026-03-10T14:31:04.431+01:00,0,none,,background,
c-fe78ad67087d5501,loan_conversion_quote,2026-03-10T14:31:14.651+01:00,0,none,,background,
c-1574ae21767e0710,loan_conversion_quote,2026-03-10T14:31:51.690+01:00,0,none,,background,
c-efe7b2ec8720ffd0,loan_conversion_quote,2026-03-10T14:32:20.044+01:00,0,none,,background,
c-ebdbc513b057d75e,mortgage_application,2026-03-10T14:34:54.737+01:00,0,none,,background,
c-7a3cf07b5cdd0af4,mortgage_application,2026-03-10T14:35:30.948+01:00,0,none,,background,
c-71c7d60f10654185,loan_conversion_quote,2026-03-10T14:36:29.508+01:00,0,none,,background,
c-28860bcf33c5ab50,mortgage_application,2026-03-10T14:40:11.012+01:00,0,none,,background,
c-867ac83f315a8f37,disbursement,2026-03-10T14:40:17.665+01:00,0,none,,background,
c-31226fab7ee29f01,mortgage_application,2026-03-10T14:42:32.039+01:00,0,none,,background,
c-d75b3b14ac98881b,loan_conversion_quote,2026-03-10T14:45:40.976+01:00,0,none,,background,
c-c1d96141cbe6e907,mortgage_application,2026-03-10T14:49:05.443+01:00,0,none,,background,
c-1024f5c6fbee56b0,mortgage_application,2026-03-10T14:49:18.244+01:00,0,none,,background,
c-fff63b2a0246b830,loan_conversion_quote,2026-03-10T14:49:57.091+01:00,0,none,,background,
c-8ec4844bcf63da11,mortgage_application,2026-03-10T14:50:38.223+01:00,0,none,,background,
c-e21ebfc0b661ec21,mortgage_application,2026-03-10T14:56:05.628+01:00,0,none,,background,
c-b5f4a0dcf792cd52,mortgage_application,2026-03-10T14:56:36.841+01:00,0,none,,background,
c-475a1fb3a66cd024,loan_conversion_quote,2026-03-10T14:58:51.255+01:00,0,none,,background,
c-e574b14010575a56,mortgage_application,2026-03-10T14:59:33.110+01:00,0,none,,background,
c-fc63325e8e8281f6,mortgage_application,2026-03-10T14:59:43.391+01:00,0,none,,background,
c-68fab0daa6f0acc3,loan_conversion_quote,2026-03-10T15:00:02.833+01:00,0,none,,background,
c-9c0b4ffc2bdbd28d,mortgage_application,2026-03-10T15:01:21.751+01:00,0,none,,background,
c-00b0ee4053898321,mortgage_application,2026-03-10T15:03:31.719+01:00,0,none,,background,
c-8f7c02dba8e65988,mortgage_application,2026-03-10T15:03:39.652+01:00,0,none,,background,
c-b3c29f46caa6639c,loan_conversion_quote,2026-03-10T15:04:57.380+01:00,0,none,,background,
c-ad2b1bbc15d3b1e4,loan_conversion_quote,2026-03-10T15:07:39.084+01:00,0,none,,background,
c-13cabf2108de428f,mortgage_application,2026-03-10T15:12:15.765+01:00,0,none,,background,
c-f0bacee64ca924ce,mortgage_application,2026-03-10T15:12:26.976+01:00,0,none,,background,
c-6ff2c6c6ffb553fd,mortgage_application,2026-03-10T15:14:06.270+01:00,0,none,,background,
c-3090d06f322efce5,mortgage_application,2026-03-10T15:17:10.143+01:00,0,none,,background,
c-a9043a253c45f581,loan_conversion_quote,2026-03-10T15:24:15.346+01:00,0,none,,background,
c-6c6ae34abbeef0bd,mortgage_application,2026-03-10T15:26:43.215+01:00,0,none,,background,
c-9afb3f691af44d83,mortgage_application,2026-03-10T15:28:28.477+01:00,0,none,,background,
c-80d6cd955f73de28,mortgage_application,2026-03-10T15:30:28.725+01:00,0,none,,background,
c-edb6961d00023f89,mortgage_application,2026-03-10T15:32:08.069+01:00,0,none,,background,
c-aaaa7d539bb4343a,loan_conversion_quote,2026-03-10T15:34:11.816+01:00,0,none,,background,
c-276239b70796b0a2,mortgage_application,2026-03-10T15:34:57.458+01:00,0,none,,background,
c-a1c2833adbdbd722,mortgage_application,2026-03-10T15:37:07.773+01:00,0,none,,background,
c-02fb9474ac8e9994,mortgage_application,2026-03-10T15:37:20.849+01:00,0,none,,background,
c-a51100c604c29eeb,mortgage_application,2026-03-10T15:42:51.185+01:00,0,none,,background,
c-c3afc3a6f9c9ca90,mortgage_application,2026-03-10T15:43:05.424+01:00,0,none,,background,
c-14a331454bbdb4ec,mortgage_application,2026-03-10T15:50:24.687+01:00,0,none,,background,
c-b385dfb81a9c083d,mortgage_application,2026-03-10T16:03:52.426+01:00,0,none,,background,
c-911af49b9c594dd4,mortgage_application,2026-03-10T16:05:21.180+01:00,0,none,,background,
c-3785d310851fc5e9,mortgage_application,2026-03-10T16:07:03.308+01:00,0,none,,background,
c-a39788d32bc7d78f,loan_conversion_quote,2026-03-10T16:29:48.879+01:00,0,none,,background,
c-3dfc592cd9ce84fc,loan_conversion_quote,2026-03-10T16:30:33.173+01:00,0,none,,background,
c-24a71341a6f14d36,loan_conversion_quote,2026-03-10T16:38:12.464+01:00,0,none,,background,
c-ae2364a9331f9fbb,loan_conversion_quote,2026-03-10T16:40:07.808+01:00,0,none,,background,
c-7dbfdff1cc9cfdef,loan_conversion_quote,2026-03-10T16:43:46.004+01:00,0,none,,background,
c-2f6f33b2caa799d1,loan_conversion_quote,2026-03-10T16:48:00.719+01:00,0,none,,background,
c-99b280a61f0d68b5,loan_conversion_quote,2026-03-10T16:57:07.139+01:00,0,none,,background,
c-4ae1f247fa75a7e4,loan_conversion_quote,2026-03-10T17:13:43.121+01:00,0,none,,background,
c-edefca0bda5f1ec5,loan_conversion_quote,2026-03-10T17:16:16.015+01:00,0,none,,background,
c-f7e11df30832ea32,loan_conversion_quote,2026-03-10T17:17:31.279+01:00,0,none,,background,
c-acfd0e0a6c3d136c,loan_conversion_quote,2026-03-10T17:18:54.957+01:00,0,none,,background,
c-8b68fb680fad2cbf,loan_conversion_quote,2026-03-10T17:21:27.389+01:00,0,none,,background,
c-e20997530126d2bf,loan_conversion_quote,2026-03-10T17:22:34.821+01:00,0,none,,background,
c-338db9dcddd03559,loan_conversion_quote,2026-03-10T17:35:12.475+01:00,0,none,,background,
c-80ea7797332f255f,loan_conversion_quote,2026-03-10T17:40:29.825+01:00,0,none,,background,
c-7ccc30c3c9dcd361,loan_conversion_quote,2026-03-10T17:53:29.225+01:00,0,none,,background,
c-e209f51e6a724ead,loan_conversion_quote,2026-03-10T17:55:46.751+01:00,0,none,,background,
c-0f5064ceb72da7e4,loan_conversion_quote,2026-03-10T18:03:27.169+01:00,0,none,,background,
c-3d53978ed4c3dce1,loan_conversion_quote,2026-03-10T18:03:33.487+01:00,0,none,,background,
c-ca4f08b8f2aefb4a,loan_conversion_quote,2026-03-10T18:09:56.982+01:00,0,none,,background,
c-81e137f3904b3355,loan_conversion_quote,2026-03-10T18:12:50.204+01:00,0,none,,background,
c-81339b6b4c6543d1,loan_conversion_quote,2026-03-10T19:12:34.144+01:00,0,none,,background,
c-7009301f14539bff,loan_conversion_quote,2026-03-10T19:17:35.142+01:00,0,none,,background,
c-35986a6e8eb41cd1,loan_conversion_quote,2026-03-10T19:21:29.735+01:00,0,none,,background,
c-666e7a60c356c05e,loan_conversion_quote,2026-03-10T19:30:36.138+01:00,0,none,,background,
c-dad155b32869ceca,loan_conversion_quote,2026-03-10T20:02:28.770+01:00,0,none,,background,
c-48d39828249a0283,loan_conversion_quote,2026-03-10T20:42:12.189+01:00,0,none,,background,
c-24bcd1e4abaf92ed,loan_conversion_quote,2026-03-10T20:55:37.430+01:00,0,none,,background,
c-ed414272a7277c8b,instalment_collection,2026-03-11T02:03:14.004+01:00,0,none,,background,
c-d4457e043a960893,instalment_collection,2026-03-11T02:04:10.349+01:00,0,none,,background,
c-9f7de007e18c2c04,instalment_collection,2026-03-11T02:06:31.701+01:00,0,none,,background,
c-1fd43f3b57f12ba6,instalment_collection,2026-03-11T02:07:27.618+01:00,0,none,,background,
c-b417b7ed198df24b,instalment_collection,2026-03-11T02:09:32.812+01:00,0,none,,background,
c-2c6890cc6d7b470b,instalment_collection,2026-03-11T02:10:31.270+01:00,0,none,,background,
c-132707dbf10f8e5b,instalment_collection,2026-03-11T02:11:27.074+01:00,0,none,,background,
c-2fe1af5d1a59e257,instalment_collection,2026-03-11T02:14:04.757+01:00,0,none,,background,
c-4351cf1f9c890299,instalment_collection,2026-03-11T02:16:43.111+01:00,0,none,,background,
c-72878585639488c6,instalment_collection,2026-03-11T02:17:38.220+01:00,0,none,,background,
c-fad06480d59028b9,instalment_collection,2026-03-11T02:18:31.125+01:00,0,none,,background,
c-a6443cbe97ac1a96,instalment_collection,2026-03-11T02:18:58.649+01:00,0,none,,background,
c-781e7f727a02a5a4,instalment_collection,2026-03-11T02:19:09.529+01:00,0,none,,background,
c-ff98a3f8da6a1e33,instalment_collection,2026-03-11T02:19:26.370+01:00,0,none,,background,
c-1ad088f544a8c8f0,instalment_collection,2026-03-11T02:20:31.786+01:00,0,none,,background,
c-a38d4571d5e1bf17,instalment_collection,2026-03-11T02:20:32.500+01:00,0,none,,background,
c-1d0096942b44fcc3,instalment_collection,2026-03-11T02:21:17.171+01:00,0,none,,background,
c-f92ac2ae55449b84,instalment_collection,2026-03-11T02:21:26.220+01:00,0,none,,background,
c-eb260c1166525381,instalment_collection,2026-03-11T02:22:05.342+01:00,0,none,,background,
c-93f7e0d7a41957e3,instalment_collection,2026-03-11T02:22:39.045+01:00,0,none,,background,
c-70f82d4e08c1d245,instalment_collection,2026-03-11T02:22:42.428+01:00,0,none,,background,
c-9ca1e7850f608dd4,instalment_collection,2026-03-11T02:22:49.975+01:00,0,none,,background,
c-f4eb07dd1933b221,instalment_collection,2026-03-11T02:23:03.100+01:00,0,none,,background,
c-2a50a28b9c9e32b9,instalment_collection,2026-03-11T02:23:07.348+01:00,0,none,,background,
c-d63200572233a4e8,instalment_collection,2026-03-11T02:23:37.341+01:00,0,none,,background,
c-7f0fa877500a4b99,instalment_collection,2026-03-11T02:24:22.203+01:00,0,none,,background,
c-003ac56b2c5c914d,instalment_collection,2026-03-11T02:24:38.609+01:00,0,none,,background,
c-89526a3dcf3b2602,instalment_collection,2026-03-11T02:24:52.968+01:00,0,none,,background,
c-aa54bdd6e6399b41,instalment_collection,2026-03-11T02:24:55.101+01:00,0,none,,background,
c-0c27c7cdaa7342a2,instalment_collection,2026-03-11T02:25:30.003+01:00,0,none,,background,
c-0978aaedaed76f2c,instalment_collection,2026-03-11T02:25:52.496+01:00,0,none,,background,
c-577017066a4e104d,instalment_collection,2026-03-11T02:25:54.252+01:00,0,none,,background,
c-0efa684d4514a87a,instalment_collection,2026-03-11T02:26:29.149+01:00,0,none,,background,
c-66e110d44d7221aa,instalment_collection,2026-03-11T02:27:14.494+01:00,0,none,,background,
c-7dcce6e3d203cfc8,instalment_collection,2026-03-11T02:28:05.001+01:00,0,none,,background,
c-a672f52dd64cbdf9,instalment_collection,2026-03-11T02:28:11.897+01:00,0,none,,background,
c-8d6aadbb1a0174b2,instalment_collection,2026-03-11T02:28:37.186+01:00,0,none,,background,
c-24c544c67ed6329a,instalment_collection,2026-03-11T02:29:35.957+01:00,0,none,,background,
c-2488c0bed00e32ee,instalment_collection,2026-03-11T02:29:39.370+01:00,0,none,,background,
c-44a1f0ad7c49bd41,instalment_collection,2026-03-11T02:29:45.605+01:00,0,none,,background,
c-053ac0b27740e13c,instalment_collection,2026-03-11T02:30:05.685+01:00,0,none,,background,
c-91dfa9a8e255a878,instalment_collection,2026-03-11T02:30:10.493+01:00,0,none,,background,
c-5d3dd8880622a7af,instalment_collection,2026-03-11T02:30:48.360+01:00,0,none,,background,
c-bbf01762fa09dfed,instalment_collection,2026-03-11T02:31:08.963+01:00,0,none,,background,
c-d676fe19c95b020c,instalment_collection,2026-03-11T02:31:11.004+01:00,0,none,,background,
c-0cc7ee82cdb465d0,instalment_collection,2026-03-11T02:31:18.828+01:00,0,none,,background,
c-ad6f3dd65a814fbb,instalment_collection,2026-03-11T02:31:21.479+01:00,0,none,,background,
c-56194da2312d6787,instalment_collection,2026-03-11T02:31:54.922+01:00,0,none,,background,
c-6fb299a664139f0d,instalment_collection,2026-03-11T02:32:09.965+01:00,0,none,,background,
c-5707900b6bdc0c52,instalment_collection,2026-03-11T02:32:30.506+01:00,0,none,,background,
c-53d0f2620984a9ae,instalment_collection,2026-03-11T02:33:33.096+01:00,0,none,,background,
c-7c3d6ff35fd86af1,instalment_collection,2026-03-11T02:33:35.405+01:00,0,none,,background,
c-b26e5fe49ecff3c8,instalment_collection,2026-03-11T02:33:38.274+01:00,0,none,,background,
c-2cf9023831c44e42,instalment_collection,2026-03-11T02:33:51.297+01:00,0,none,,background,
c-1371026ef5df124e,instalment_collection,2026-03-11T02:33:52.704+01:00,0,none,,background,
c-8ca66b651dd18034,instalment_collection,2026-03-11T02:34:28.662+01:00,0,none,,background,
c-26d56de1443bd976,instalment_collection,2026-03-11T02:34:37.239+01:00,0,none,,background,
c-12d342da404f5541,instalment_collection,2026-03-11T02:34:49.621+01:00,0,none,,background,
c-c6a24244315a1e9d,instalment_collection,2026-03-11T02:35:06.491+01:00,0,none,,background,
c-2985525134ee6f5a,instalment_collection,2026-03-11T02:35:31.597+01:00,0,none,,background,
c-ce253d31a0e5674d,instalment_collection,2026-03-11T02:35:35.351+01:00,0,none,,background,
c-6de0a33e160043c7,instalment_collection,2026-03-11T02:36:01.648+01:00,0,none,,background,
c-ac6604877f115674,instalment_collection,2026-03-11T02:36:02.951+01:00,0,none,,background,
c-07764872b9831f76,instalment_collection,2026-03-11T02:36:42.406+01:00,0,none,,background,
c-a63eb3b1f322b6dc,instalment_collection,2026-03-11T02:36:53.724+01:00,0,none,,background,
c-c2dc550e0369c321,instalment_collection,2026-03-11T02:36:56.995+01:00,0,none,,background,
c-80e6c46bc4d3728c,instalment_collection,2026-03-11T02:37:19.672+01:00,0,none,,background,
c-1b2b42c9a56252ea,instalment_collection,2026-03-11T02:37:31.818+01:00,0,none,,background,
c-5ebebceef4cc4c72,instalment_collection,2026-03-11T02:37:45.564+01:00,0,none,,background,
c-d88bfeb35b34c9ff,instalment_collection,2026-03-11T02:39:11.324+01:00,0,none,,background,
c-bd225b21d58b69b3,instalment_collection,2026-03-11T02:39:11.920+01:00,0,none,,background,
c-8da547aff7be6418,instalment_collection,2026-03-11T02:40:31.331+01:00,0,none,,background,
c-71fcd3c80e806067,instalment_collection,2026-03-11T02:41:08.657+01:00,0,none,,background,
c-3482da07a7b6073a,instalment_collection,2026-03-11T02:41:17.622+01:00,0,none,,background,
c-07e46051c78c3d65,instalment_collection,2026-03-11T02:41:25.480+01:00,0,none,,background,
c-719b92492c08b60f,instalment_collection,2026-03-11T02:41:25.925+01:00,0,none,,background,
c-935fe8e1a1112986,instalment_collection,2026-03-11T02:41:26.391+01:00,0,none,,background,
c-d2424a1914982ec4,instalment_collection,2026-03-11T02:42:04.166+01:00,0,none,,background,
c-5d3ad7dfcecc02ab,instalment_collection,2026-03-11T02:42:05.058+01:00,0,none,,background,
c-6aa377d039b04ad2,instalment_collection,2026-03-11T02:42:24.822+01:00,0,none,,background,
c-ab1dad7f8bea7f41,instalment_collection,2026-03-11T02:42:40.416+01:00,0,none,,background,
c-a54e1e01fdd833e5,instalment_collection,2026-03-11T02:42:50.302+01:00,0,none,,background,
c-fdbd67399e4aa735,instalment_collection,2026-03-11T02:43:24.748+01:00,0,none,,background,
c-b8903df00a52e867,instalment_collection,2026-03-11T02:43:32.863+01:00,0,none,,background,
c-d082655dde55ca1b,instalment_collection,2026-03-11T02:43:34.034+01:00,0,none,,background,
c-1794fedd10966a09,instalment_collection,2026-03-11T02:44:15.313+01:00,0,none,,background,
c-534c0d20e3e5499a,instalment_collection,2026-03-11T02:44:35.446+01:00,0,none,,background,
c-426912b8b9579987,instalment_collection,2026-03-11T02:45:21.383+01:00,0,none,,background,
c-76405b165ee49c39,instalment_collection,2026-03-11T02:45:21.456+01:00,0,none,,background,
c-1782f9592ddd124c,instalment_collection,2026-03-11T02:45:27.401+01:00,0,none,,background,
c-6796e6c8bc99b35d,instalment_collection,2026-03-11T02:45:36.565+01:00,0,none,,background,
c-c2f73f6703c8683b,instalment_collection,2026-03-11T02:45:43.724+01:00,0,none,,background,
c-2fb870e8da31dcd7,instalment_collection,2026-03-11T02:46:03.313+01:00,0,none,,background,
c-411581ff70a4ee4f,instalment_collection,2026-03-11T02:46:19.211+01:00,0,none,,background,
c-aa9b99d9dcfbf4c2,instalment_collection,2026-03-11T02:46:21.013+01:00,0,none,,background,
c-a8f29ef657fc739e,instalment_collection,2026-03-11T02:46:46.384+01:00,0,none,,background,
c-2364558e999bdfe0,instalment_collection,2026-03-11T02:46:48.369+01:00,0,none,,background,
c-16aee68eb9cc70b2,instalment_collection,2026-03-11T02:46:48.374+01:00,0,none,,background,
c-35575467065c1ca1,instalment_collection,2026-03-11T02:46:57.191+01:00,0,none,,background,
c-342d67cdb00d587b,instalment_collection,2026-03-11T02:46:59.582+01:00,0,none,,background,
c-5ee375bfff9d1924,instalment_collection,2026-03-11T02:47:42.861+01:00,0,none,,background,
c-efed59c726b1110c,instalment_collection,2026-03-11T02:48:03.023+01:00,0,none,,background,
c-53bd504752a34f4e,instalment_collection,2026-03-11T02:48:06.069+01:00,0,none,,background,
c-e5234a4bae0e39cb,instalment_collection,2026-03-11T02:48:21.298+01:00,0,none,,background,
c-cf18b4b9928a8c97,instalment_collection,2026-03-11T02:48:23.198+01:00,0,none,,background,
c-a8c8021076ada18a,instalment_collection,2026-03-11T02:48:39.567+01:00,0,none,,background,
c-2dcbc928188edf8f,instalment_collection,2026-03-11T02:48:53.958+01:00,0,none,,background,
c-62f38620c9634d08,instalment_collection,2026-03-11T02:48:56.759+01:00,0,none,,background,
c-873cadf3bc337080,instalment_collection,2026-03-11T02:49:04.386+01:00,0,none,,background,
c-ef30040b28d96a26,instalment_collection,2026-03-11T02:49:15.390+01:00,0,none,,background,
c-c50f4b1e8c655c02,instalment_collection,2026-03-11T02:49:23.359+01:00,0,none,,background,
c-f891625d27c1eee1,instalment_collection,2026-03-11T02:49:49.609+01:00,0,none,,background,
c-bb71775be15d5753,instalment_collection,2026-03-11T02:50:10.597+01:00,0,none,,background,
c-b2f139b4b2a07805,instalment_collection,2026-03-11T02:51:08.174+01:00,0,none,,background,
c-4766ca50596e4733,instalment_collection,2026-03-11T02:51:17.457+01:00,0,none,,background,
c-829454ecc87973a9,instalment_collection,2026-03-11T02:51:19.933+01:00,0,none,,background,
c-7b2a2a3940d2359a,instalment_collection,2026-03-11T02:51:25.106+01:00,0,none,,background,
c-7fc3bb0767927215,instalment_collection,2026-03-11T02:51:47.638+01:00,0,none,,background,
c-ffa0a01239d67c9b,instalment_collection,2026-03-11T02:52:16.360+01:00,0,none,,background,
c-1b5049d892b35ea2,instalment_collection,2026-03-11T02:52:42.377+01:00,0,none,,background,
c-ace38efa2360a2be,instalment_collection,2026-03-11T02:53:26.977+01:00,0,none,,background,
c-d71f7f82081821ae,instalment_collection,2026-03-11T02:53:32.070+01:00,0,none,,background,
c-79359b29fa39b200,instalment_collection,2026-03-11T02:53:40.474+01:00,0,none,,background,
c-ae01066b838dfd8e,instalment_collection,2026-03-11T02:53:53.489+01:00,0,none,,background,
c-0346682f0b7aa7a8,instalment_collection,2026-03-11T02:54:00.310+01:00,0,none,,background,
c-777c101190140bae,instalment_collection,2026-03-11T02:54:02.269+01:00,0,none,,background,
c-e84ebe279bca5254,instalment_collection,2026-03-11T02:54:32.899+01:00,0,none,,background,
c-d85dacca29d3b326,instalment_collection,2026-03-11T02:54:35.679+01:00,0,none,,background,
c-68bcad7d26d8849b,instalment_collection,2026-03-11T02:55:16.219+01:00,0,none,,background,
c-85cadcc87c00f275,instalment_collection,2026-03-11T02:55:38.763+01:00,0,none,,background,
c-51d798d5fa74b790,instalment_collection,2026-03-11T02:55:50.654+01:00,0,none,,background,
c-46d7f39b545689c8,instalment_collection,2026-03-11T02:55:51.409+01:00,0,none,,background,
c-80d8db37a604bf79,instalment_collection,2026-03-11T02:55:56.280+01:00,0,none,,background,
c-12af2cfce33a5bba,instalment_collection,2026-03-11T02:56:28.132+01:00,0,none,,background,
c-c26abd56e811c46a,instalment_collection,2026-03-11T02:56:34.093+01:00,0,none,,background,
c-33eebb270a3b9faa,instalment_collection,2026-03-11T02:56:38.975+01:00,0,none,,background,
c-afa4f5766ba68075,instalment_collection,2026-03-11T02:56:46.716+01:00,0,none,,background,
c-39ffa90fae2936a9,instalment_collection,2026-03-11T02:56:57.691+01:00,0,none,,background,
c-1f8cab8a1699e313,instalment_collection,2026-03-11T02:57:54.787+01:00,0,none,,background,
c-07ea745cc08031db,instalment_collection,2026-03-11T02:58:50.756+01:00,0,none,,background,
c-4c0d123803f1487b,instalment_collection,2026-03-11T02:58:51.675+01:00,0,none,,background,
c-36e9115b08343afe,instalment_collection,2026-03-11T02:59:19.391+01:00,0,none,,background,
c-51316e3106b2c722,instalment_collection,2026-03-11T02:59:27.784+01:00,0,none,,background,
c-ca866630de1a16db,instalment_collection,2026-03-11T02:59:38.282+01:00,0,none,,background,
c-f2bae9b950a16c7c,instalment_collection,2026-03-11T02:59:59.305+01:00,0,none,,background,
c-d592549aa444f63f,instalment_collection,2026-03-11T03:00:02.884+01:00,0,none,,background,
c-fa70c7100dea3fe9,instalment_collection,2026-03-11T03:00:45.366+01:00,0,none,,background,
c-91d1d606099dd510,instalment_collection,2026-03-11T03:01:05.062+01:00,0,none,,background,
c-348cad6540d4cd23,instalment_collection,2026-03-11T03:01:05.813+01:00,0,none,,background,
c-d7d11ed188448002,instalment_collection,2026-03-11T03:01:18.652+01:00,0,none,,background,
c-e9819208fd3d4581,instalment_collection,2026-03-11T03:01:37.880+01:00,0,none,,background,
c-7f741f1f077ded30,instalment_collection,2026-03-11T03:01:46.052+01:00,0,none,,background,
c-6a9a568a2b8af1f3,instalment_collection,2026-03-11T03:02:55.855+01:00,0,none,,background,
c-0d594123bf26bfe4,instalment_collection,2026-03-11T03:02:57.730+01:00,0,none,,background,
c-1d4373395e0dc7a3,instalment_collection,2026-03-11T03:04:21.007+01:00,0,none,,background,
c-e4c487a2aa5fbea4,instalment_collection,2026-03-11T03:04:24.407+01:00,0,none,,background,
c-0977049fa24d648c,instalment_collection,2026-03-11T03:04:45.945+01:00,0,none,,background,
c-bbf2b7a6a3517104,instalment_collection,2026-03-11T03:08:24.858+01:00,0,none,,background,
c-cf0068e5435f6194,instalment_collection,2026-03-11T03:09:18.891+01:00,0,none,,background,
c-4a63989ce3ee2bf0,instalment_collection,2026-03-11T03:09:51.151+01:00,0,none,,background,
c-3a26e6d85eccc0d6,instalment_collection,2026-03-11T03:09:57.872+01:00,0,none,,background,
c-46df45026192d47c,instalment_collection,2026-03-11T03:10:11.725+01:00,0,none,,background,
c-39fec4619f82512e,instalment_collection,2026-03-11T03:10:47.798+01:00,0,none,,background,
c-83fa039ecf54e249,instalment_collection,2026-03-11T03:11:21.489+01:00,0,none,,background,
c-a0f589233f257ce1,instalment_collection,2026-03-11T03:11:26.648+01:00,0,none,,background,
c-0f998eeb75ad0b65,instalment_collection,2026-03-11T03:11:28.759+01:00,0,none,,background,
c-655bcb06fe09ae7a,instalment_collection,2026-03-11T03:12:12.221+01:00,0,none,,background,
c-f9ac01a400ea1530,instalment_collection,2026-03-11T03:12:40.827+01:00,0,none,,background,
c-35fafa9d84309a4b,instalment_collection,2026-03-11T03:12:57.432+01:00,0,none,,background,
c-fbe71b503116a404,instalment_collection,2026-03-11T03:13:12.021+01:00,0,none,,background,
c-7f73aa01304b5c82,instalment_collection,2026-03-11T03:14:27.533+01:00,0,none,,background,
c-08a561769ff37cab,instalment_collection,2026-03-11T03:14:47.799+01:00,1,retry_storm,3,background,
c-cd24fbe14e973485,instalment_collection,2026-03-11T03:16:01.456+01:00,0,none,,background,
c-80e813edc42ec1fc,instalment_collection,2026-03-11T03:17:51.266+01:00,0,none,,background,
c-d9fa89818d9546b3,instalment_collection,2026-03-11T03:18:10.903+01:00,0,none,,background,
c-060cf5613f418652,instalment_collection,2026-03-11T03:18:38.973+01:00,0,none,,background,
c-cd291525f95b32dc,instalment_collection,2026-03-11T03:19:38.382+01:00,0,none,,background,
c-11be843d6e6170be,instalment_collection,2026-03-11T03:19:42.997+01:00,0,none,,background,
c-0949675e53ecef73,instalment_collection,2026-03-11T03:21:34.725+01:00,0,none,,background,
c-e2d5b2bfc076a7d6,instalment_collection,2026-03-11T03:22:42.617+01:00,0,none,,background,
c-c2cd69edf505ce17,instalment_collection,2026-03-11T03:23:33.690+01:00,0,none,,background,
c-264ae109635d96a4,instalment_collection,2026-03-11T03:24:10.947+01:00,0,none,,background,
c-7b24b22fd236aa82,instalment_collection,2026-03-11T03:28:04.350+01:00,0,none,,background,
c-a61bd92961f2e235,loan_conversion_quote,2026-03-11T07:12:33.492+01:00,0,none,,background,
c-97065d129808b380,loan_conversion_quote,2026-03-11T07:24:51.065+01:00,0,none,,background,
c-01ab3247e4bd6180,mortgage_application,2026-03-11T08:13:08.883+01:00,0,none,,background,
c-cc9d37eb77b5f476,mortgage_application,2026-03-11T08:20:37.367+01:00,0,none,,background,
c-7600322fd3abb57b,loan_conversion_quote,2026-03-11T08:28:38.656+01:00,0,none,,background,
c-643dc51e9f0c9d96,loan_conversion_quote,2026-03-11T08:29:13.585+01:00,0,none,,background,
c-859a57888c00c268,mortgage_application,2026-03-11T08:30:32.215+01:00,0,none,,background,
c-650cf2e709521932,mortgage_application,2026-03-11T08:36:24.588+01:00,0,none,,background,
c-ef505d45b49b624f,mortgage_application,2026-03-11T08:39:16.633+01:00,0,none,,background,
c-91785eddb96e5ddb,loan_conversion_quote,2026-03-11T08:43:06.269+01:00,0,none,,background,
c-79b18e526aca9af1,mortgage_application,2026-03-11T08:45:58.367+01:00,0,none,,background,
c-1866e26a21c31e21,mortgage_application,2026-03-11T08:50:29.141+01:00,0,none,,background,
c-9111da04567584f6,loan_conversion_quote,2026-03-11T08:51:38.492+01:00,0,none,,background,
c-dea32f6b7b83e72d,mortgage_application,2026-03-11T08:59:48.605+01:00,0,none,,background,
c-2f5ab3186e97a0e3,mortgage_application,2026-03-11T09:09:22.709+01:00,0,none,,background,
c-b361284c95a9e250,mortgage_application,2026-03-11T09:14:35.382+01:00,0,none,,background,
c-9a9f36edc9a6d5a4,loan_conversion_quote,2026-03-11T09:16:38.418+01:00,0,none,,background,
c-7c653fdbe03ac082,mortgage_application,2026-03-11T09:20:19.792+01:00,0,none,,background,
c-f7d65d0f316359ad,mortgage_application,2026-03-11T09:24:21.231+01:00,0,none,,background,
c-2104e26c2fa1d11b,loan_conversion_quote,2026-03-11T09:25:53.855+01:00,0,none,,background,
c-68e09aa3a0555adb,mortgage_application,2026-03-11T09:34:37.139+01:00,0,none,,background,
c-657a01feceb2ed7e,mortgage_application,2026-03-11T09:36:46.480+01:00,0,none,,background,
c-af66af5031c0dbcc,loan_conversion_quote,2026-03-11T09:37:32.042+01:00,0,none,,background,
c-ebdd519d6e7d6c8d,mortgage_application,2026-03-11T09:38:10.815+01:00,0,none,,background,
c-6c1df08c1d1687a5,disbursement,2026-03-11T09:38:30.748+01:00,0,none,,background,
c-8bb7cbd835f185a5,mortgage_application,2026-03-11T09:40:17.392+01:00,0,none,,background,
c-4e2eaa0d16a60a92,loan_conversion_quote,2026-03-11T09:45:52.073+01:00,0,none,,background,
c-97d37e25a8202edc,loan_conversion_quote,2026-03-11T09:45:52.704+01:00,0,none,,background,
c-8dbf38e133bdb5e9,loan_conversion_quote,2026-03-11T09:47:39.795+01:00,0,none,,background,
c-58b4ec618bdfba3d,mortgage_application,2026-03-11T09:50:29.175+01:00,0,none,,background,
c-e351775b719fb0e0,disbursement,2026-03-11T09:54:18.476+01:00,0,none,,background,
c-c9046834fabd73ab,loan_conversion_quote,2026-03-11T09:54:19.484+01:00,0,none,,background,
c-76102096aaf0e14c,loan_conversion_quote,2026-03-11T09:54:32.793+01:00,0,none,,background,
c-72ee3cdd99403b68,loan_conversion_quote,2026-03-11T09:57:28.121+01:00,0,none,,background,
c-27d8984ab1144827,loan_conversion_quote,2026-03-11T09:58:53.465+01:00,0,none,,background,
c-d10b04a02aae1c60,disbursement,2026-03-11T09:59:30.705+01:00,0,none,,background,
c-21a62b7b973a9293,loan_conversion_quote,2026-03-11T10:06:24.527+01:00,0,none,,background,
c-e38d455a39bc36f6,mortgage_application,2026-03-11T10:07:07.164+01:00,0,none,,background,
c-08d5063d445cad69,mortgage_application,2026-03-11T10:07:37.722+01:00,0,none,,background,
c-d881c328ae01e218,mortgage_application,2026-03-11T10:08:25.982+01:00,0,none,,background,
c-22908e40147a3dcc,loan_conversion_quote,2026-03-11T10:11:07.385+01:00,0,none,,background,
c-b51ac28beab518e1,mortgage_application,2026-03-11T10:12:11.232+01:00,0,none,,background,
c-37a7ba3719609992,mortgage_application,2026-03-11T10:12:32.244+01:00,0,none,,background,
c-54b56bcf62c4d400,loan_conversion_quote,2026-03-11T10:13:05.000+01:00,0,none,,background,
c-91f208e35c48bbab,mortgage_application,2026-03-11T10:14:14.498+01:00,0,none,,background,
c-969cb804d500dd83,mortgage_application,2026-03-11T10:14:40.641+01:00,0,none,,background,
c-6fc56f3eb665ca13,loan_conversion_quote,2026-03-11T10:19:18.031+01:00,0,none,,background,
c-921f2d8901a01e45,mortgage_application,2026-03-11T10:19:38.329+01:00,0,none,,background,
c-7f4fc56b86b3d0eb,mortgage_application,2026-03-11T10:20:13.879+01:00,0,none,,background,
c-dea2eb193688b9fd,disbursement,2026-03-11T10:20:26.106+01:00,0,none,,background,
c-3fabd1a82c65bb86,disbursement,2026-03-11T10:21:42.689+01:00,0,none,,background,
c-e2ecd371845971af,mortgage_application,2026-03-11T10:26:28.528+01:00,0,none,,background,
c-2671faec24cf3e9c,loan_conversion_quote,2026-03-11T10:27:05.833+01:00,0,none,,background,
c-fea11505bd412de0,mortgage_application,2026-03-11T10:28:10.146+01:00,0,none,,background,
c-e4c04c3fd8295b15,mortgage_application,2026-03-11T10:29:59.411+01:00,0,none,,background,
c-d837a724ce77a7ca,loan_conversion_quote,2026-03-11T10:30:22.015+01:00,0,none,,background,
c-7f2d1e8d94a2f068,mortgage_application,2026-03-11T10:33:11.225+01:00,0,none,,background,
c-55e25852a56b3ffa,loan_conversion_quote,2026-03-11T10:37:07.017+01:00,0,none,,background,
c-f026281569454cc9,mortgage_application,2026-03-11T10:39:52.310+01:00,0,none,,background,
c-7e58a88cad4c0bc2,disbursement,2026-03-11T10:43:29.339+01:00,0,none,,background,
c-5321037b06f37932,loan_conversion_quote,2026-03-11T10:44:41.357+01:00,0,none,,background,
c-eefd3565603ba144,disbursement,2026-03-11T10:45:04.827+01:00,0,none,,background,
c-b0e57405724bf6c1,disbursement,2026-03-11T10:45:20.289+01:00,0,none,,background,
c-aef014ace62c3808,mortgage_application,2026-03-11T10:45:37.245+01:00,0,none,,background,
c-496857b656b3a8d0,mortgage_application,2026-03-11T10:46:12.151+01:00,0,none,,background,
c-e6aa0b730b8929b7,mortgage_application,2026-03-11T10:48:48.542+01:00,0,none,,background,
c-c9c410adb63dae38,loan_conversion_quote,2026-03-11T10:49:12.529+01:00,0,none,,background,
c-fca90abeaff69f8a,disbursement,2026-03-11T10:49:34.590+01:00,0,none,,background,
c-0498583137ae5c3c,loan_conversion_quote,2026-03-11T10:54:31.968+01:00,0,none,,background,
c-2e59ee2d4e3eca2f,loan_conversion_quote,2026-03-11T10:55:24.504+01:00,0,none,,background,
c-5d5e56e6168eab30,mortgage_application,2026-03-11T10:56:27.091+01:00,0,none,,background,
c-e4f3dbb3f0c39ae7,mortgage_application,2026-03-11T10:57:03.265+01:00,0,none,,background,
c-6152bf1f7928fa1a,mortgage_application,2026-03-11T10:59:32.477+01:00,0,none,,background,
c-f4a5df5b287619e2,loan_conversion_quote,2026-03-11T10:59:35.115+01:00,0,none,,background,
c-0cd24b1b5a6883d7,mortgage_application,2026-03-11T11:00:32.657+01:00,0,none,,background,
c-21ec126c853dc0a7,loan_conversion_quote,2026-03-11T11:01:30.190+01:00,0,none,,background,
c-ae423549be30c99c,mortgage_application,2026-03-11T11:04:13.256+01:00,0,none,,background,
c-2846dddba03d5ad4,disbursement,2026-03-11T11:07:52.000+01:00,0,none,,background,
c-3e5c7ce75859e7ca,loan_conversion_quote,2026-03-11T11:10:18.808+01:00,0,none,,background,
c-2de9b73ecd0f6bf8,mortgage_application,2026-03-11T11:12:46.391+01:00,0,none,,background,
c-2553d82874c7d467,mortgage_application,2026-03-11T11:12:59.001+01:00,0,none,,background,
c-aa33e0e24e081f0e,mortgage_application,2026-03-11T11:13:51.319+01:00,0,none,,background,
c-9a75fdf48b3df467,loan_conversion_quote,2026-03-11T11:14:35.935+01:00,0,none,,background,
c-795d43b05f80e9c5,mortgage_application,2026-03-11T11:15:51.581+01:00,0,none,,background,
c-62276ba3ebf8144d,mortgage_application,2026-03-11T11:17:32.146+01:00,0,none,,background,
c-1ca9580c83a55414,mortgage_application,2026-03-11T11:17:53.882+01:00,0,none,,background,
c-fcc39cd2905e2ad1,loan_conversion_quote,2026-03-11T11:18:10.479+01:00,0,none,,background,
c-229914accddacfa1,disbursement,2026-03-11T11:18:16.043+01:00,0,none,,background,
c-d8ccffcad391ceca,mortgage_application,2026-03-11T11:18:17.610+01:00,0,none,,background,
c-0d7a409d766770b6,mortgage_application,2026-03-11T11:18:22.033+01:00,0,none,,background,
c-f8ce62b4c5decca0,loan_conversion_quote,2026-03-11T11:19:47.557+01:00,0,none,,background,
c-a63e10d9071cd6bc,loan_conversion_quote,2026-03-11T11:22:15.926+01:00,0,none,,background,
c-add059fd017f12b5,disbursement,2026-03-11T11:22:57.609+01:00,0,none,,background,
c-dc162369e1e9c675,mortgage_application,2026-03-11T11:28:03.843+01:00,0,none,,background,
c-58608deccd33b96a,disbursement,2026-03-11T11:31:11.029+01:00,0,none,,background,
c-801e9652a2ce60a8,mortgage_application,2026-03-11T11:31:19.403+01:00,0,none,,background,
c-62ecf8a296e91972,mortgage_application,2026-03-11T11:31:24.082+01:00,0,none,,background,
c-a6ecc132db78c588,mortgage_application,2026-03-11T11:31:46.450+01:00,0,none,,background,
c-129abca1939548f3,mortgage_application,2026-03-11T11:32:13.605+01:00,0,none,,background,
c-0570b956e07964ad,loan_conversion_quote,2026-03-11T11:38:27.226+01:00,0,none,,background,
c-5f121b54c578baa5,mortgage_application,2026-03-11T11:38:30.327+01:00,0,none,,background,
c-30f92c93e1f550d0,mortgage_application,2026-03-11T11:40:52.000+01:00,0,none,,background,
c-6b528be292102f61,loan_conversion_quote,2026-03-11T11:41:07.869+01:00,0,none,,background,
c-212263db9476a0fc,mortgage_application,2026-03-11T11:41:15.272+01:00,0,none,,background,
c-19a4b60706c77473,loan_conversion_quote,2026-03-11T11:41:25.081+01:00,0,none,,background,
c-90c5dfc21a57f0c1,mortgage_application,2026-03-11T11:44:01.168+01:00,0,none,,background,
c-969e59df9959e7a6,mortgage_application,2026-03-11T11:45:28.965+01:00,0,none,,background,
c-3483da270e1f0174,loan_conversion_quote,2026-03-11T11:47:28.375+01:00,0,none,,background,
c-6c2bbad59ddcc485,mortgage_application,2026-03-11T11:48:02.635+01:00,0,none,,background,
c-d26c21126c1e1a02,mortgage_application,2026-03-11T11:49:07.990+01:00,0,none,,background,
c-90e580a9347f4fbc,mortgage_application,2026-03-11T11:49:19.243+01:00,0,none,,background,
c-f5b7c787c751b7ed,mortgage_application,2026-03-11T11:52:20.808+01:00,0,none,,background,
c-6c84f4fcfc0cc735,mortgage_application,2026-03-11T11:52:51.359+01:00,0,none,,background,
c-3c3e17a2fab49028,loan_conversion_quote,2026-03-11T11:53:15.671+01:00,0,none,,background,
c-b93db8f363888aab,disbursement,2026-03-11T11:53:58.608+01:00,0,none,,background,
c-887e6522132ad05e,loan_conversion_quote,2026-03-11T11:58:05.121+01:00,0,none,,background,
c-67ee6aae99b681dc,loan_conversion_quote,2026-03-11T11:59:37.363+01:00,0,none,,background,
c-527ea5ea0090dc44,mortgage_application,2026-03-11T12:00:04.784+01:00,0,none,,background,
c-bd1e58d1ab2defca,loan_conversion_quote,2026-03-11T12:00:06.545+01:00,0,none,,background,
c-f01596c87cae30d2,mortgage_application,2026-03-11T12:01:19.614+01:00,0,none,,background,
c-317da310ada15291,loan_conversion_quote,2026-03-11T12:02:21.354+01:00,0,none,,background,
c-fed8abb009023238,mortgage_application,2026-03-11T12:06:27.247+01:00,0,none,,background,
c-b3d9c5d1cfea3e78,disbursement,2026-03-11T12:07:47.871+01:00,0,none,,background,
c-31afd29aebf18249,loan_conversion_quote,2026-03-11T12:08:44.578+01:00,0,none,,background,
c-f612de7ce61985a9,mortgage_application,2026-03-11T12:09:58.670+01:00,0,none,,background,
c-c2a2790c10b8c136,loan_conversion_quote,2026-03-11T12:10:37.362+01:00,0,none,,background,
c-b167a642747b0c8f,disbursement,2026-03-11T12:13:33.358+01:00,0,none,,background,
c-69577e966acd83a3,loan_conversion_quote,2026-03-11T12:14:14.290+01:00,0,none,,background,
c-b979c6d44fbb5628,disbursement,2026-03-11T12:14:17.592+01:00,0,none,,background,
c-b6151820aa8d7f9f,mortgage_application,2026-03-11T12:14:20.536+01:00,0,none,,background,
c-a5ab0815a7f9fe4e,mortgage_application,2026-03-11T12:14:51.786+01:00,0,none,,background,
c-361379eb7ae069ef,loan_conversion_quote,2026-03-11T12:14:53.169+01:00,0,none,,background,
c-352592ee7de231aa,disbursement,2026-03-11T12:15:48.510+01:00,0,none,,background,
c-09af532c233dd9f2,mortgage_application,2026-03-11T12:15:59.926+01:00,0,none,,background,
c-d77338bbe77a7abb,disbursement,2026-03-11T12:16:24.575+01:00,0,none,,background,
c-5de1d187f6cae6eb,disbursement,2026-03-11T12:18:15.864+01:00,0,none,,background,
c-60bc75cf09bc23f7,loan_conversion_quote,2026-03-11T12:19:38.572+01:00,0,none,,background,
c-854010eb5f0cc5c3,disbursement,2026-03-11T12:20:06.364+01:00,0,none,,background,
c-9d6ae719fd939ceb,mortgage_application,2026-03-11T12:21:10.404+01:00,0,none,,background,
c-6855408ee8df945a,mortgage_application,2026-03-11T12:21:18.049+01:00,0,none,,background,
c-56fc5e001e5659e1,mortgage_application,2026-03-11T12:21:56.699+01:00,0,none,,background,
c-6e63c6cdd1a5bdc8,mortgage_application,2026-03-11T12:23:01.466+01:00,0,none,,background,
c-27fefc09c57b4593,mortgage_application,2026-03-11T12:24:11.353+01:00,0,none,,background,
c-c10748c9a9be4f77,disbursement,2026-03-11T12:25:27.236+01:00,0,none,,background,
c-44f0040c21436cc3,mortgage_application,2026-03-11T12:27:35.942+01:00,0,none,,background,
c-c123622b2488bd80,loan_conversion_quote,2026-03-11T12:27:40.542+01:00,0,none,,background,
c-6ebf3d51ae77a9af,mortgage_application,2026-03-11T12:27:53.049+01:00,0,none,,background,
c-101cf08640aa5228,loan_conversion_quote,2026-03-11T12:30:12.446+01:00,0,none,,background,
c-4b43de56f5aabceb,disbursement,2026-03-11T12:30:13.275+01:00,0,none,,background,
c-568b720b8ce45922,loan_conversion_quote,2026-03-11T12:30:17.383+01:00,0,none,,background,
c-5e942f3c2d96c459,mortgage_application,2026-03-11T12:30:57.639+01:00,0,none,,background,
c-f71505f05b728e3e,mortgage_application,2026-03-11T12:31:27.705+01:00,0,none,,background,
c-380662a12e3db9c0,mortgage_application,2026-03-11T12:31:57.975+01:00,0,none,,background,
c-0fc5701da394b422,loan_conversion_quote,2026-03-11T12:32:13.466+01:00,0,none,,background,
c-7d77b5be0dba6b8c,mortgage_application,2026-03-11T12:33:22.436+01:00,0,none,,background,
c-80633ba954652cdd,loan_conversion_quote,2026-03-11T12:35:32.988+01:00,0,none,,background,
c-6592988e7150bc84,loan_conversion_quote,2026-03-11T12:36:16.757+01:00,0,none,,background,
c-4cd2a95ebeec8fe7,loan_conversion_quote,2026-03-11T12:36:27.244+01:00,0,none,,background,
c-960283e59a56ed36,mortgage_application,2026-03-11T12:37:45.084+01:00,0,none,,background,
c-dec227fc1e2b8c83,mortgage_application,2026-03-11T12:38:36.633+01:00,0,none,,background,
c-a5727b10fd1ed7a6,mortgage_application,2026-03-11T12:42:12.891+01:00,0,none,,background,
c-aa088a081cfef245,mortgage_application,2026-03-11T12:43:43.427+01:00,0,none,,background,
c-69bfcdabe1645224,mortgage_application,2026-03-11T12:43:58.617+01:00,0,none,,background,
c-9d1726a891341e72,mortgage_application,2026-03-11T12:46:03.045+01:00,0,none,,background,
c-839339ce5408c841,mortgage_application,2026-03-11T12:47:24.945+01:00,0,none,,background,
c-c4368017b8a9cf8b,mortgage_application,2026-03-11T12:48:34.769+01:00,0,none,,background,
c-04f64524f6b9c940,mortgage_application,2026-03-11T12:48:42.642+01:00,0,none,,background,
c-d066521b6b362ee1,mortgage_application,2026-03-11T12:49:13.340+01:00,0,none,,background,
c-14c839f324a30771,loan_conversion_quote,2026-03-11T12:49:30.507+01:00,0,none,,background,
c-ce39f06cf31889bb,mortgage_application,2026-03-11T12:49:32.880+01:00,0,none,,background,
c-35479d2dcaa2027a,mortgage_application,2026-03-11T12:50:10.242+01:00,0,none,,background,
c-a72606545a410d10,loan_conversion_quote,2026-03-11T12:51:12.837+01:00,0,none,,background,
c-278d3068c02376a6,mortgage_application,2026-03-11T12:52:07.711+01:00,0,none,,background,
c-b094cd1cc54db8a9,mortgage_application,2026-03-11T12:53:11.363+01:00,0,none,,background,
c-7a1a46f650518ad2,mortgage_application,2026-03-11T12:53:11.996+01:00,0,none,,background,
c-9e03d20f543010cd,mortgage_application,2026-03-11T12:53:31.812+01:00,0,none,,background,
c-d43eb7f14feb7c9f,mortgage_application,2026-03-11T12:54:34.777+01:00,0,none,,background,
c-7b4493223252e237,mortgage_application,2026-03-11T12:54:36.094+01:00,0,none,,background,
c-c0c522d7cbd705da,mortgage_application,2026-03-11T12:54:48.566+01:00,0,none,,background,
c-33783259967689fc,loan_conversion_quote,2026-03-11T12:57:00.239+01:00,0,none,,background,
c-94a2dda9fd09cca9,loan_conversion_quote,2026-03-11T12:58:11.283+01:00,0,none,,background,
c-1ad0ea9aab7432b2,mortgage_application,2026-03-11T13:02:57.705+01:00,0,none,,background,
c-1d57734c16f72de7,mortgage_application,2026-03-11T13:04:08.057+01:00,0,none,,background,
c-8aebc61774275656,mortgage_application,2026-03-11T13:04:30.324+01:00,0,none,,background,
c-3005e698afa96d6f,mortgage_application,2026-03-11T13:04:42.866+01:00,0,none,,background,
c-653a0b7aec50d3b4,mortgage_application,2026-03-11T13:04:51.916+01:00,0,none,,background,
c-279c9889729986aa,mortgage_application,2026-03-11T13:05:09.467+01:00,0,none,,background,
c-e88537dff40d0a0b,loan_conversion_quote,2026-03-11T13:05:20.369+01:00,0,none,,background,
c-b27ce418492ca44d,mortgage_application,2026-03-11T13:06:24.993+01:00,0,none,,background,
c-4e281eef56176dd0,loan_conversion_quote,2026-03-11T13:07:00.610+01:00,0,none,,background,
c-0285ac7fd89e3693,loan_conversion_quote,2026-03-11T13:07:12.057+01:00,0,none,,background,
c-9177e6e03ea5ff14,loan_conversion_quote,2026-03-11T13:09:15.729+01:00,0,none,,background,
c-d6ce938e90f0f5ef,mortgage_application,2026-03-11T13:09:40.102+01:00,0,none,,background,
c-d963c0a57908cd69,loan_conversion_quote,2026-03-11T13:10:46.870+01:00,0,none,,background,
c-ceec643037ad44c6,loan_conversion_quote,2026-03-11T13:11:09.489+01:00,0,none,,background,
c-9eeea997fb1822c0,disbursement,2026-03-11T13:11:30.502+01:00,0,none,,background,
c-d94ac6d372084493,mortgage_application,2026-03-11T13:11:54.495+01:00,0,none,,background,
c-ab842a1875f36c49,mortgage_application,2026-03-11T13:12:25.179+01:00,0,none,,background,
c-78beaad57a0586d3,mortgage_application,2026-03-11T13:12:29.158+01:00,0,none,,background,
c-d968b46d61c12da8,mortgage_application,2026-03-11T13:14:51.851+01:00,0,none,,background,
c-9d347217746650a2,mortgage_application,2026-03-11T13:15:32.930+01:00,0,none,,background,
c-01c1eb604c48fe72,mortgage_application,2026-03-11T13:18:14.554+01:00,0,none,,background,
c-fa815a42c257fd02,loan_conversion_quote,2026-03-11T13:18:33.766+01:00,0,none,,background,
c-55d75b265efe4d29,mortgage_application,2026-03-11T13:19:32.607+01:00,0,none,,background,
c-902542193109f4e9,mortgage_application,2026-03-11T13:19:34.260+01:00,0,none,,background,
c-714a798bd98bd4c7,disbursement,2026-03-11T13:20:12.885+01:00,0,none,,background,
c-74887a9e926efac1,mortgage_application,2026-03-11T13:22:08.074+01:00,0,none,,background,
c-97e557dd14c2526a,loan_conversion_quote,2026-03-11T13:22:23.268+01:00,0,none,,background,
c-9d2b7db08231a7bb,loan_conversion_quote,2026-03-11T13:25:34.913+01:00,0,none,,background,
c-a56e7dcba4cdec85,mortgage_application,2026-03-11T13:26:55.961+01:00,0,none,,background,
c-d9c115d9b82fd2a7,mortgage_application,2026-03-11T13:27:29.719+01:00,0,none,,background,
c-985aacc83ab9d759,mortgage_application,2026-03-11T13:28:04.932+01:00,0,none,,background,
c-aa0df6d5e0ea2757,mortgage_application,2026-03-11T13:29:48.045+01:00,0,none,,background,
c-247fde9947888bfc,loan_conversion_quote,2026-03-11T13:30:41.426+01:00,0,none,,background,
c-48936622c0d7d779,mortgage_application,2026-03-11T13:31:07.957+01:00,0,none,,background,
c-48fb98ccec651471,loan_conversion_quote,2026-03-11T13:31:08.387+01:00,0,none,,background,
c-58f3dc7d78ee257a,loan_conversion_quote,2026-03-11T13:31:16.782+01:00,0,none,,background,
c-4b7d36d2c7c00d7f,mortgage_application,2026-03-11T13:31:39.156+01:00,0,none,,background,
c-764234971db8fe22,disbursement,2026-03-11T13:32:40.376+01:00,0,none,,background,
c-5c75a632df299a13,mortgage_application,2026-03-11T13:35:30.918+01:00,0,none,,background,
c-cc9c4405cf6b64df,mortgage_application,2026-03-11T13:35:50.145+01:00,0,none,,background,
c-7ee48dba421058e4,loan_conversion_quote,2026-03-11T13:36:37.059+01:00,0,none,,background,
c-8e616978fc2b5efc,mortgage_application,2026-03-11T13:37:41.596+01:00,0,none,,background,
c-230ed8757ed548a0,loan_conversion_quote,2026-03-11T13:41:15.652+01:00,0,none,,background,
c-6fa039aac0d7bc1e,loan_conversion_quote,2026-03-11T13:42:01.326+01:00,0,none,,background,
c-5e489d2450aa90e3,loan_conversion_quote,2026-03-11T13:42:23.932+01:00,0,none,,background,
c-d0a816327fca981d,mortgage_application,2026-03-11T13:43:36.160+01:00,0,none,,background,
c-2376b3398e66de4e,loan_conversion_quote,2026-03-11T13:43:43.993+01:00,0,none,,background,
c-8bf500610d41384b,mortgage_application,2026-03-11T13:44:07.719+01:00,0,none,,background,
c-dd956bf7cebbd70a,loan_conversion_quote,2026-03-11T13:44:21.756+01:00,0,none,,background,
c-07f495be69f12ad8,loan_conversion_quote,2026-03-11T13:44:44.908+01:00,0,none,,background,
c-b989d65fb8d82974,loan_conversion_quote,2026-03-11T13:47:26.912+01:00,0,none,,background,
c-cd53f8320bbf95dc,mortgage_application,2026-03-11T13:47:51.648+01:00,0,none,,background,
c-c2f0bff2567e19b7,mortgage_application,2026-03-11T13:52:47.458+01:00,0,none,,background,
c-22b225d8d0f7f136,mortgage_application,2026-03-11T13:53:13.713+01:00,0,none,,background,
c-b8dba2c10b6f5205,mortgage_application,2026-03-11T13:54:49.496+01:00,1,truncated,5,background,
c-c15633339ba8e6b8,mortgage_application,2026-03-11T13:55:23.385+01:00,0,none,,background,
c-70bf1de9e08003b3,mortgage_application,2026-03-11T13:56:11.201+01:00,0,none,,background,
c-fccf41d1fb9b5d92,mortgage_application,2026-03-11T13:58:33.200+01:00,0,none,,background,
c-a29bc1a562e4e7c5,mortgage_application,2026-03-11T13:58:40.678+01:00,0,none,,background,
c-f7cfab7fb680b0f1,mortgage_application,2026-03-11T13:59:05.935+01:00,0,none,,background,
c-dd1c50934d5ac3c0,mortgage_application,2026-03-11T13:59:22.611+01:00,0,none,,background,
c-768bcb30ef27d420,loan_conversion_quote,2026-03-11T13:59:25.752+01:00,0,none,,background,
c-af70f796154997fd,mortgage_application,2026-03-11T14:01:10.252+01:00,0,none,,background,
c-68a80905c260c294,loan_conversion_quote,2026-03-11T14:02:03.169+01:00,0,none,,background,
c-7fc367b5902d52a5,mortgage_application,2026-03-11T14:02:22.586+01:00,0,none,,background,
c-311cc8bf6673caf5,mortgage_application,2026-03-11T14:03:20.643+01:00,0,none,,background,
c-1a0d0666a0634d3d,mortgage_application,2026-03-11T14:03:40.492+01:00,0,none,,background,
c-6c4d3a5042d45f47,mortgage_application,2026-03-11T14:03:54.967+01:00,0,none,,background,
c-023847d8f0e58d46,loan_conversion_quote,2026-03-11T14:04:01.801+01:00,0,none,,background,
c-1fd34f29425bed5f,mortgage_application,2026-03-11T14:05:35.286+01:00,0,none,,background,
c-a9d0536ea925ae58,loan_conversion_quote,2026-03-11T14:05:52.203+01:00,0,none,,background,
c-8d6556426bb0c1dd,loan_conversion_quote,2026-03-11T14:06:53.924+01:00,0,none,,background,
c-5ad50f06013c1883,mortgage_application,2026-03-11T14:06:54.089+01:00,0,none,,background,
c-1eafb87be99debed,mortgage_application,2026-03-11T14:06:55.138+01:00,0,none,,background,
c-bbfdc9755bbe1ce5,disbursement,2026-03-11T14:10:29.993+01:00,0,none,,background,
c-4669f61e6521c5d3,mortgage_application,2026-03-11T14:10:53.524+01:00,0,none,,background,
c-728b63c5c0380cb5,disbursement,2026-03-11T14:12:56.542+01:00,0,none,,background,
c-5ec11db8a8a617bc,loan_conversion_quote,2026-03-11T14:18:18.296+01:00,0,none,,background,
c-0c36b4f7f3363d60,disbursement,2026-03-11T14:18:45.315+01:00,0,none,,background,
c-b77e35e9a526e015,mortgage_application,2026-03-11T14:26:26.814+01:00,0,none,,background,
c-0a8ddcf19e56e182,loan_conversion_quote,2026-03-11T14:26:29.845+01:00,0,none,,background,
c-9d6df385640589ab,mortgage_application,2026-03-11T14:27:22.627+01:00,0,none,,background,
c-6281d149a438d0e7,mortgage_application,2026-03-11T14:27:23.828+01:00,0,none,,background,
c-075992c3665c0fa2,mortgage_application,2026-03-11T14:27:29.766+01:00,0,none,,background,
c-c0e6d56ba20a833a,mortgage_application,2026-03-11T14:28:37.186+01:00,0,none,,background,
c-07ec9a03aed1177e,mortgage_application,2026-03-11T14:29:10.877+01:00,0,none,,background,
c-61b2eb1b6b240fd7,loan_conversion_quote,2026-03-11T14:29:34.528+01:00,0,none,,background,
c-dd3e6a894cf45d48,mortgage_application,2026-03-11T14:31:48.288+01:00,0,none,,background,
c-c4a998e5c9b9278b,loan_conversion_quote,2026-03-11T14:31:53.379+01:00,0,none,,background,
c-4b814a88dc040715,mortgage_application,2026-03-11T14:33:51.336+01:00,0,none,,background,
c-d4214aea9a9e54fb,disbursement,2026-03-11T14:35:23.084+01:00,0,none,,background,
c-1ac8b0c49e7d454a,mortgage_application,2026-03-11T14:37:28.861+01:00,0,none,,background,
c-7c8132c0b1a773c7,mortgage_application,2026-03-11T14:38:14.038+01:00,0,none,,background,
c-f2192f645396ea4b,mortgage_application,2026-03-11T14:38:58.536+01:00,0,none,,background,
c-db0563bf8df5d2c6,loan_conversion_quote,2026-03-11T14:39:55.925+01:00,0,none,,background,
c-dc3b599912203338,loan_conversion_quote,2026-03-11T14:41:12.926+01:00,0,none,,background,
c-4caf8aea8cf004a6,loan_conversion_quote,2026-03-11T14:41:15.849+01:00,0,none,,background,
c-774a879392f93052,loan_conversion_quote,2026-03-11T14:41:21.885+01:00,0,none,,background,
c-6a3a43d2afae421a,loan_conversion_quote,2026-03-11T14:44:38.238+01:00,0,none,,background,
c-797ba4f636abfa4c,mortgage_application,2026-03-11T14:44:52.560+01:00,0,none,,background,
c-631a192ac14955a8,loan_conversion_quote,2026-03-11T14:44:57.608+01:00,0,none,,background,
c-1655701fd21df97f,mortgage_application,2026-03-11T14:45:28.010+01:00,0,none,,background,
c-c73d6576a3e47eed,loan_conversion_quote,2026-03-11T14:47:09.541+01:00,0,none,,background,
c-3b60516964b383a9,mortgage_application,2026-03-11T14:49:50.072+01:00,0,none,,background,
c-9d7c256f906342ac,mortgage_application,2026-03-11T14:53:44.147+01:00,0,none,,background,
c-687dd0ff67dca882,mortgage_application,2026-03-11T14:54:38.142+01:00,0,none,,background,
c-f2966a2daa2d763b,mortgage_application,2026-03-11T14:56:41.889+01:00,0,none,,background,
c-41dca2ec0ed8bc83,loan_conversion_quote,2026-03-11T14:56:47.356+01:00,0,none,,background,
c-d6026c69038f8e0b,mortgage_application,2026-03-11T14:57:03.439+01:00,0,none,,background,
c-a426228f31737b05,disbursement,2026-03-11T14:58:19.761+01:00,0,none,,background,
c-7e5b0d288f2822f5,mortgage_application,2026-03-11T15:00:57.987+01:00,0,none,,background,
c-b0ad6533d75fb163,mortgage_application,2026-03-11T15:03:20.616+01:00,0,none,,background,
c-8b491642fbe623e9,mortgage_application,2026-03-11T15:07:11.785+01:00,0,none,,background,
c-07c395395977dcac,mortgage_application,2026-03-11T15:09:56.053+01:00,0,none,,background,
c-4f3aed05a9f4c6ca,loan_conversion_quote,2026-03-11T15:12:36.378+01:00,0,none,,background,
c-25677070d3db03a4,mortgage_application,2026-03-11T15:23:54.975+01:00,0,none,,background,
c-8299ddfaaed379fb,mortgage_application,2026-03-11T15:24:26.748+01:00,0,none,,background,
c-d2470d1509021a24,loan_conversion_quote,2026-03-11T15:25:37.608+01:00,0,none,,background,
c-070c121b7a847cd8,mortgage_application,2026-03-11T15:27:40.680+01:00,0,none,,background,
c-6176a0e1cd1a6682,loan_conversion_quote,2026-03-11T15:27:48.210+01:00,0,none,,background,
c-8e2d6595829d40f6,loan_conversion_quote,2026-03-11T15:28:55.376+01:00,0,none,,background,
c-0536b4291609921c,mortgage_application,2026-03-11T15:32:36.845+01:00,0,none,,background,
c-64d55326ae707e63,loan_conversion_quote,2026-03-11T15:35:48.186+01:00,0,none,,background,
c-027b42e139d6d3b7,mortgage_application,2026-03-11T15:39:44.586+01:00,0,none,,background,
c-f2af20b1b68ecfcf,loan_conversion_quote,2026-03-11T15:40:58.956+01:00,0,none,,background,
c-f82735ce5b046536,loan_conversion_quote,2026-03-11T15:53:30.316+01:00,0,none,,background,
c-8b14712fe39c17cd,mortgage_application,2026-03-11T15:55:10.473+01:00,0,none,,background,
c-9455d199cb298273,mortgage_application,2026-03-11T15:56:00.023+01:00,0,none,,background,
c-d093d640719da364,loan_conversion_quote,2026-03-11T15:58:19.356+01:00,0,none,,background,
c-a8eb408cb7d18006,mortgage_application,2026-03-11T15:59:11.118+01:00,0,none,,background,
c-2c47b07a0a819b69,mortgage_application,2026-03-11T16:00:07.475+01:00,0,none,,background,
c-9302ba01d09d6a16,loan_conversion_quote,2026-03-11T16:00:35.698+01:00,0,none,,background,
c-e7ff1e9c7c1e499b,mortgage_application,2026-03-11T16:05:34.103+01:00,0,none,,background,
c-a84e1e49e6289875,loan_conversion_quote,2026-03-11T16:13:07.223+01:00,0,none,,background,
c-289e70c76fb44584,loan_conversion_quote,2026-03-11T16:20:57.969+01:00,0,none,,background,
c-65d31afb16be7aa5,loan_conversion_quote,2026-03-11T16:21:41.911+01:00,0,none,,background,
c-6a19f365023da612,mortgage_application,2026-03-11T16:22:46.810+01:00,0,none,,background,
c-8688eb0d65b00a6f,mortgage_application,2026-03-11T16:28:36.664+01:00,0,none,,background,
c-c6912dfaeab8e044,loan_conversion_quote,2026-03-11T16:28:59.349+01:00,0,none,,background,
c-b6880a89fb9bdd03,loan_conversion_quote,2026-03-11T16:37:35.927+01:00,0,none,,background,
c-cffa7739beedc88d,loan_conversion_quote,2026-03-11T16:41:52.997+01:00,0,none,,background,
c-982c47665e6300d3,loan_conversion_quote,2026-03-11T16:43:33.052+01:00,0,none,,background,
c-1499c624bae79e33,loan_conversion_quote,2026-03-11T16:45:05.501+01:00,0,none,,background,
c-77258438234c109e,loan_conversion_quote,2026-03-11T16:55:15.711+01:00,0,none,,background,
c-96cfa1cd9ec54deb,loan_conversion_quote,2026-03-11T16:56:13.514+01:00,0,none,,background,
c-44333f1d9001696b,loan_conversion_quote,2026-03-11T17:07:45.070+01:00,0,none,,background,
c-214ec6e30df1c110,loan_conversion_quote,2026-03-11T17:12:43.156+01:00,0,none,,background,
c-a3c97ff253d0c4fa,loan_conversion_quote,2026-03-11T17:26:05.612+01:00,0,none,,background,
c-6bcd30a377dc990d,loan_conversion_quote,2026-03-11T17:27:33.907+01:00,0,none,,background,
c-eca14bc78022df70,loan_conversion_quote,2026-03-11T17:42:19.439+01:00,0,none,,background,
c-03152083e731d758,loan_conversion_quote,2026-03-11T17:46:22.469+01:00,0,none,,background,
c-fab42e014b5d43df,loan_conversion_quote,2026-03-11T17:48:47.257+01:00,0,none,,background,
c-056fdf979334387e,loan_conversion_quote,2026-03-11T18:07:14.378+01:00,0,none,,background,
c-523b84b788023db1,loan_conversion_quote,2026-03-11T18:24:06.468+01:00,0,none,,background,
c-cf48eaed9c04d2d1,loan_conversion_quote,2026-03-11T18:37:20.641+01:00,0,none,,background,
c-75e5f6201b3c0eb7,loan_conversion_quote,2026-03-11T18:39:00.303+01:00,0,none,,background,
c-79a94d516f10a5d3,loan_conversion_quote,2026-03-11T18:47:48.740+01:00,0,none,,background,
c-b2aff7771a840ad1,loan_conversion_quote,2026-03-11T19:00:01.583+01:00,0,none,,background,
c-ba8d689de42b4915,loan_conversion_quote,2026-03-11T19:10:18.292+01:00,0,none,,background,
c-218fbc17f620b8ee,loan_conversion_quote,2026-03-11T19:19:18.056+01:00,0,none,,background,
c-96e4adb75145c24c,loan_conversion_quote,2026-03-11T19:19:41.738+01:00,0,none,,background,
c-fc8fdacfb456e39c,loan_conversion_quote,2026-03-11T19:37:59.367+01:00,0,none,,background,
c-c56a1ebf43b023a2,loan_conversion_quote,2026-03-11T19:58:36.324+01:00,0,none,,background,
c-2b1fcf3b026303cb,loan_conversion_quote,2026-03-11T20:38:08.206+01:00,0,none,,background,
c-58d8b63078e98237,loan_conversion_quote,2026-03-11T20:51:17.754+01:00,0,none,,background,
c-6b014416a8518396,loan_conversion_quote,2026-03-11T20:51:18.809+01:00,0,none,,background,
c-8e98d8cb9a4d987a,loan_conversion_quote,2026-03-11T21:20:37.105+01:00,0,none,,background,
